time,"[BMS] HV Battery Current (A)","[BMS] HV Battery Current (High) (A)","[BMS] HV Battery Current (Low) (A)","[BMS] HV Battery Intake Air Temperature (℃)","[BMS] HV Battery Temperature Sensor 1 (℃)","[BMS] HV Battery Temperature Sensor 2 (℃)","[BMS] HV Battery Temperature Sensor 3 (℃)","[BMS] HV Battery Temperature Sensor 4 (℃)","[BMS] HV Battery voltage (V)","[BMS] HV State of charge (%)","[BMS] Input possible power (hp)","[BMS] Max Cell Voltage (V)","[BMS] Min Cell Voltage (V)","[BMS] Output possible power (hp)","[VCM] HV Coolant Temperature (℃)","[VCM] Motor RPM (rpm)","[VCM] Motor Torque (N⋅m)","[VCM] Target Motor Torque (N⋅m)","[VCM] Traction motor temperature (℃)","Абсолютне значення навантаження на двигун (%)","Абсолютне положення дросельної заслінки B (%)","Атмосферний тиск (абсолютний) (kPa)","Вартість палива (₴)","Вартість палива (Сьогодні) (₴)","Вартість палива (Тиждень) (₴)","Вартість палива(загальний) (₴)","Використане паливо (L)","Використане паливо (Сьогодні) (L)","Використане паливо (Тиждень) (L)","Використане паливо(загальний) (L)","Витрати палива (L/h)","Відносне положення дросельної заслінки (%)","Задане положення дросельної заслінки (РХХ) (%)","Масова витрата повітря (g/sec)","Миттєва витрата палива (л/100 км) (L/100km)","Миттєва витрата палива (л/год) (L/h)","Моментальна потужність двигуна (від витрати пального) (hp)","Оберти двигуна (rpm)","Оберти двигуна x1000 (rpm)","Положення педалі акселератора D (%)","Прискорення (g)","Пройдений шлях (km)","Пройдений шлях (Сьогодні) (km)","Пройдений шлях (Тиждень) (km)","Пройдений шлях(загальний) (km)","Розрахункове значення навантаження на двигун (%)","Розрахунковий наддув (bar)","Середня витрата палива (л/100 км) (L/100km)","Середня витрата палива (л/100 км) (Сьогодні) (L/100km)","Середня витрата палива (л/100 км) (Тиждень) (L/100km)","Середня витрата палива (л/100 км)(загальний) (L/100km)","Середня швидкість (km/h)","Співвідношення паливо/повітря ()","Температура олії у двигуні (℃)","Температура охолодної рідини (℃)","Температура повітря, що всмоктується (℃)","Тиск у впускному колекторі (абсолютний) (kPa)","Тиск у паливній рампі (kPa)","Швидкість автомобіля (km/h)","Commanded Fuel Rail Pressure (kPa)","Commanded Variable Geometry Turbo A Position (%)","Commanded Variable Geometry Turbo B Position (%)","G01 Cell Voltage  (V)","G010 Engine Thermal ()","G03 Engine air/fuel ()","G04 Pressure and Turbo ()","G05 Throttle  ()","G06 Additional ()","G07 BMS Power Limits ()","G08 BMS Thermal ()","G09 VCM Thermal ()","Power from MAF (hp)","Variable Geometry Turbo A Position (%)",Latitude,Longtitude,
18:18:31.441,,,,,,,,,,,,,,,,,,,,,,,,,,,,,,,,,,,,,,,,,,,,,,,,,,,,,,,62,,,,,,,,,148,,,,,,,,,,50.6275499,30.4429553,
18:18:31.553,,,,,,,,,,,,,,,,,,,,,,,,,,,,,,,,,,0.14,,,,0,0,,-0,,,,,0,-0.01,,,,,,,,,39,98,,0,,,,,153,0.14,,,,,,,0.168,,50.6275499,30.4429553,
18:18:31.694,,,,,,,,,,,,,,,,,,,,0,5.882352941176471,99,,,,,,,,,,5.882352941176471,,,,,,,,0,,,,,,,,,,,,,0,,,,,,,,,,,,0.14,,17.6470588235294,99,,,,,,50.6275499,30.4429553,
18:18:31.790,,,,,,,,,,,,,,,,,,,,,,,,,,,,,,,0,,5.882352941176471,,,0,0,,,,,,,,,,,,,,,,,50,,,,,,,,,,151,0.14,,17.6470588235294,,,,,,,50.6275499,30.4429553,
18:18:31.866,,,,,,,,,,,,,,,,,,,,,,,,,,,,,,,,,,,,,,,,,,,,,,,,,,,,,,,,,,39130,,12000,,,,,,39130,,,,,,,,50.6275499,30.4429553,
18:18:31.966,,,,,,,,,,,,,,,,,,,,,,,,,,,,,,,,,,,,,,,,,,,,,,,,,,,,,,,,,,,,,0,0,,,,39130,,,,,,,0,50.6275499,30.4429553,
18:18:32.129,,,,,,,,,,,,,,,34,,,,,,,,,,,,,,,,,,,,,,,,,,,,,,,,,,,,,,,,,,,,,,,,,,,,,,,,81,,,50.6275499,30.4429553,
18:18:32.205,,,,,,,,,,,,,,,,,,,38,,,,,,,,,,,,,,,,,,,,,,,,,,,,,,,,,,,,,,,,,,,,,,,,,,,,72,,,50.6275499,30.4429553,
18:18:32.282,,,,,,,,,,,,,,,,,,0,,,,,,,,,,,,,,,,,,,,,,,,,,,,,,,,,,,,,,,,,,,,,,,,,,,,,,,,50.6275499,30.4429553,
18:18:32.341,,,,,,,,,,,,,,,,0,0,,,,,,,,,,,,,,,,,,,,,,,,,,,,,,,,,,,,,,,,,,,,,,,,,,,,,,,,,50.6275499,30.4429553,
18:18:32.453,,,,,,,,,,,86.6758781031239,,,,,,,,,,,,,,,,,,,,,,,,,,,,,,,,,,,,,,,,,,,,,,,,,,,,,,,,,,127.5,,,,,50.6275499,30.4429553,
18:18:32.522,,,,,,,,,,,,,,86.6758781031239,,,,,,,,,,,,,,,,,,,,,,,,,,,,,,,,,,,,,,,,,,,,,,,,,,,,,,,127.5,,,,,50.6275499,30.4429553,
18:18:32.597,,,,28,,,,,,,,,,,,,,,,,,,,,,,,,,,,,,,,,,,,,,,,,,,,,,,,,,,,,,,,,,,,,,,,,,144,,,,50.6275499,30.4429553,
18:18:32.677,,,,,29,,,,,,,,,,,,,,,,,,,,,,,,,,,,,,,,,,,,,,,,,,,,,,,,,,,,,,,,,,,,,,,,,144,,,,50.6275499,30.4429553,
18:18:32.753,,,,,,30,,,,,,,,,,,,,,,,,,,,,,,,,,,,,,,,,,,,,,,,,,,,,,,,,,,,,,,,,,,,,,,,145,,,,50.6275499,30.4429553,
18:18:32.828,,,,,,,29,,,,,,,,,,,,,,,,,,,,,,,,,,,,,,,,,,,,,,,,,,,,,,,,,,,,,,,,,,,,,,,145,,,,50.6275499,30.4429553,
18:18:32.917,,,,,,,,30,,,,,,,,,,,,,,,,,,,,,,,,,,,,,,,,,,,,,,,,,,,,,,,,,,,,,,,,,,,,,,146,,,,50.6275499,30.4429553,
18:18:32.981,,,,,,,,,,62,,,,,,,,,,,,,,,,,,,,,,,,,,,,,,,,,,,,,,,,,,,,,,,,,,,,,,,,,,,,,,,,50.6275908,30.4428774,
18:18:33.057,,,,,,,,,357.74,,,,,,,,,,,,,,,,,,,,,,,,,,,,,,,,,,,,,,,,,,,,,,,,,,,,,,,,,,,,,,,,,50.6275908,30.4428774,
18:18:33.133,,,,,,,,,,,,3.726,,,,,,,,,,,,,,,,,,,,,,,,,,,,,,,,,,,,,,,,,,,,,,,,,,,7.458,,,,,,,,,,,50.6275908,30.4428774,
18:18:33.242,,,,,,,,,,,,,3.717,,,,,,,,,,,,,,,,,,,,,,,,,,,,,,,,,,,,,,,,,,,,,,,,,,7.443,,,,,,,,,,,50.6275908,30.4428774,
18:18:33.377,-7.349999999999909,,,,,,,,,,,,,,,,,,,,,,,,,,,,,,,,,,,,,,,,,,,,,,,,,,,,,,,,,,,,,,,,,,,,,,,,,50.6275908,30.4428774,
18:18:33.498,,,-7.2999999999999545,,,,,,,,,,,,,,,,,,,,,,,,,,,,,,,,,,,,,,,,,,,,,,,,,,,,,,,,,,,,,,,,,,,,,,,50.6275908,30.4428774,
18:18:33.602,,-7.0499999999999545,,,,,,,,,,,,,,,,,,,,,,,,,,,,,,,,,,,,,,,,,,,,,,,,,,,,,,,,,,,,,,,,,,,,,,,,50.6275908,30.4428774,
18:18:33.749,,,,,,,,,,,,,,,,,,,,,,,,,,,,,,,,,,0.12,,,,0,0,,-0,0,12.320419,12.320419,6764.2842980000005,0,-0.01,,,,,0,,,,39,98,,0,,,,,151,0.12,,,,,,,0.144,,50.6275908,30.4428774,
18:18:33.837,,,,,,,,,,,,,,,,,,,,0,5.882352941176471,99,,,,,,,,,,5.882352941176471,,,,,,,,0,,,,,,,,,,,,,0,,,,,,,,,,,,0.12,,17.6470588235294,99,,,,,,50.6275809,30.4428978,
18:18:33.925,,,,,,,,,,,,,,,,,,,,,,,0,57.57656,57.57656,627.89670895,0,0.7197070000000001,0.7197070000000001,8.162865,0,,5.882352941176471,,,0,0,,,,,,,,,,,,5.84157892682059,5.84157892682059,0.12067595979686305,,,50,,,,39120,,12000,0,0,,151,0.12,39120,17.6470588235294,,,,,,0,50.6275809,30.4428978,
18:18:34.240,,,,,,30,29,30,,,,,,,,,,,,,,,,,,,,,,,,,,,,,,,,,,,,,,,,,,,,,,,,,,,,,,,,,,,,,,146,,,,50.6275809,30.4428978,
18:18:34.302,,,,,29,,,,,,86.6758781031239,,,86.6758781031239,,,,,,,,,,,,,,,,,,,,,,,,,,,,,,,,,,,,,,,,,,,,,,,,,,,,,,,127.5,146,,,,50.6275809,30.4428978,
18:18:34.374,,,,,,,,,357.09000000000003,61.5,,3.723,,,,,,,,,,,,,,,,,,,,,,,,,,,,,,,,,,,,,,,,,,,,,,,,,,,7.44,,,,,,,,,,,50.6275809,30.4428978,
18:18:34.446,-7.349999999999909,,-7.349999999999909,,,,,,,,,,3.717,,,,,,,,,,,,,,,,,,,,,,,,,,,,,,,,,,,,,,,,,,,,,,,,,,7.44,,,,,,,,,,,50.6275809,30.4428978,
18:18:34.522,,-7.0499999999999545,,,,,,,,,,,,,,,,,,,,,,,,,,,,,,,,,,,,,,,,,,,,,,,,,,,,,,,,,,,,,,,,,,,,,,,,50.6275809,30.4428978,
18:18:34.689,,,,,,,,,,,,,,,,,,,,,,,,,,,,,,,,,,0.13,,,,0,0,,-0,0,12.320419,12.320419,6764.2842980000005,0,-0.01,,,,,0,,,,39,98,,0,,,,,151,0.13,,,,,,,0.156,,50.6275791,30.4428949,
18:18:34.772,,,,,,,,,,,,,,,,,,,,0,5.882352941176471,99,,,,,,,,,,5.882352941176471,,,,,,,,0,,,,,,,,,,,,,0,,,,,,,,,,,,0.13,,17.6470588235294,99,,,,,,50.6275791,30.4428949,
18:18:34.881,,,,,,,,,,,,,,,,,,,,,,,0,57.57656,57.57656,627.89670895,0,0.7197070000000001,0.7197070000000001,8.162865,0,,5.882352941176471,,,0,0,,,,,,,,,,,,5.84157892682059,5.84157892682059,0.12067595979686305,,,50,,,,39110,,12000,0,0,,151,0.13,39110,17.6470588235294,,,,,,0,50.6275791,30.4428949,
18:18:35.181,,,,,,,,,,,,,,,,,,0,,,,,,,,,,,,,,,,,,,,,,,,,,,,,,,,,,,,,,,,,,,,,,,,,,,,,,,,50.6275791,30.4428949,
18:18:35.253,,,,,,,,,,,,,,,,0,0,,,,,,,,,,,,,,,,,,,,,,,,,,,,,,,,,,,,,,,,,,,,,,,,,,,,,,,,,50.6275791,30.4428949,
18:18:35.337,,,,,,,,,,,,,,,33,,,,,,,,,,,,,,,,,,,,,,,,,,,,,,,,,,,,,,,,,,,,,,,,,,,,,,,,71,,,50.6275791,30.4428949,
18:18:35.482,,,,,,,,,,,,,,,,,,,,,,,,,,,,,,,,,,0.14,,,,0,0,,-0,0,12.320419,12.320419,6764.2842980000005,0,-0.01,,,,,0,,,,39,98,,0,,,,,151,0.14,,,,,,,0.168,,50.6275791,30.4428949,
18:18:35.566,,,,,,,,,,,,,,,,,,,,0,5.882352941176471,99,,,,,,,,,,5.882352941176471,,,,,,,,0,,,,,,,,,,,,,0,,,,,,,,,,,,0.14,,17.6470588235294,99,,,,,,50.6275791,30.4428949,
18:18:35.661,,,,,,,,,,,,,,,,,,,,,,,0,57.57656,57.57656,627.89670895,0,0.7197070000000001,0.7197070000000001,8.162865,0,,5.882352941176471,,,0,0,,,,,,,,,,,,5.84157892682059,5.84157892682059,0.12067595979686305,,,50,,,,39110,,12000,0,0,,151,0.14,39110,17.6470588235294,,,,,,0,50.6275791,30.4428949,
18:18:35.949,,,,,,30,29,30,,,,,,,,,,,,,,,,,,,,,,,,,,,,,,,,,,,,,,,,,,,,,,,,,,,,,,,,,,,,,,146,,,,50.6275977,30.4428611,
18:18:36.022,,,,,29,,,,,,86.6758781031239,,,86.6758781031239,,,,,,,,,,,,,,,,,,,,,,,,,,,,,,,,,,,,,,,,,,,,,,,,,,,,,,,127.5,146,,,,50.6275977,30.4428611,
18:18:36.094,,,,,,,,,356.93,61.5,,3.723,,,,,,,,,,,,,,,,,,,,,,,,,,,,,,,,,,,,,,,,,,,,,,,,,,,7.44,,,,,,,,,,,50.6275977,30.4428611,
18:18:36.154,-7.199999999999818,,-7.149999999999864,,,,,,,,,,3.715,,,,,,,,,,,,,,,,,,,,,,,,,,,,,,,,,,,,,,,,,,,,,,,,,,7.438,,,,,,,,,,,50.6275977,30.4428611,
18:18:36.189,,-6.849999999999909,,,,,,,,,,,,,,,,,,,,,,,,,,,,,,,,,,,,,,,,,,,,,,,,,,,,,,,,,,,,,,,,,,,,,,,,50.6275977,30.4428611,
18:18:36.338,,,,,,,,,,,,,,,,,,,,,,,,,,,,,,,,,,0.14,,,,0,0,,0,0,12.320419,12.320419,6764.2842980000005,0,-0.01,,,,,0,,,,39,98,,0,,,,,151,0.14,,,,,,,0.168,,50.6275977,30.4428611,
18:18:36.577,,,,,,,,,,,,,,,,,,,,0,5.882352941176471,99,,,,,,,,,,5.882352941176471,,,,,,,,0,,,,,,,,,,,,,0,,,,,,,,,,,,0.14,,17.6470588235294,99,,,,,,50.6275977,30.4428611,
18:18:36.649,,,,,,,,,,,,,,,,,,,,,,,0,57.57656,57.57656,627.89670895,0,0.7197070000000001,0.7197070000000001,8.162865,0,,5.882352941176471,,,0,0,,,,,,,,,,,,5.84157892682059,5.84157892682059,0.12067595979686305,,,50,,,,39110,,12000,0,0,,151,0.14,39110,17.6470588235294,,,,,,0,50.6275977,30.4428611,
18:18:37.070,,,,,,,,,,,,,,,33,,,,,,,,,,,,,,,,,,,,,,,,,,,,,,,,,,,,,,,,,,,,,,,,,,,,,,,,71,,,50.6276083,30.4428428,
18:18:37.181,,,,,,,,,,,,,,,,,,0,,,,,,,,,,,,,,,,,,,,,,,,,,,,,,,,,,,,,,,,,,,,,,,,,,,,,,,,50.6276083,30.4428428,
18:18:37.257,,,,,,,,,,,,,,,,0,0,,,,,,,,,,,,,,,,,,,,,,,,,,,,,,,,,,,,,,,,,,,,,,,,,,,,,,,,,50.6276083,30.4428428,
18:18:37.418,,,,,,,,,357.25,61.5,,3.721,,,,,,,,,,,,,,,,,,,,,,,,,,,,,,,,,,,,,,,,,,,,,,,,,,,7.436,,,,,,,,,,,50.6276083,30.4428428,
18:18:37.494,-7.199999999999818,,-7.149999999999864,,,,,,,,,,3.715,,,,,,,,,,,,,,,,,,,,,,,,,,,,,,,,,,,,,,,,,,,,,,,,,,7.436,,,,,,,,,,,50.6276083,30.4428428,
18:18:37.522,,-7.0499999999999545,,,,,,,,,,,,,,,,,,,,,,,,,,,,,,,,,,,,,,,,,,,,,,,,,,,,,,,,,,,,,,,,,,,,,,,,50.6276083,30.4428428,
18:18:37.653,,,,,,,,,,,,,,,,,,,,,,,,,,,,,,,,,,,,,,,,,,,,,,,,,,,,,,,61,,,,,,,,,150,,,,,,,,,,50.6276083,30.4428428,
18:18:37.736,,,,,,,,,,,,,,,,,,,,,,,,,,,,,,,,,,0.14,,,,0,0,,0,0,12.320419,12.320419,6764.2842980000005,0,-0.01,,,,,0,,,,39,98,,0,,,,,150,0.14,,,,,,,0.168,,50.6276083,30.4428428,
18:18:37.809,,,,,,,,,,,,,,,,,,,,0,5.882352941176471,99,,,,,,,,,,5.882352941176471,,,,,,,,0,,,,,,,,,,,,,0,,,,,,,,,,,,0.14,,17.6470588235294,99,,,,,,50.6276083,30.4428428,
18:18:37.918,,,,,,,,,,,,,,,,,,,,,,,0,57.57656,57.57656,627.89670895,0,0.7197070000000001,0.7197070000000001,8.162865,0,,5.882352941176471,,,0,0,,,,,,,,,,,,5.84157892682059,5.84157892682059,0.12067595979686305,,,50,,,,39100,,12000,0,0,,150,0.14,39100,17.6470588235294,,,,,,0,50.6276083,30.4428428,
18:18:38.099,,,,,,,,,,,,,,,33,,,,,,,,,,,,,,,,,,,,,,,,,,,,,,,,,,,,,,,,,,,,,,,,,,,,,,,,71,,,50.6276149,30.4428315,
18:18:38.173,,,,,,,,,,,,,,,,,,0,,,,,,,,,,,,,,,,,,,,,,,,,,,,,,,,,,,,,,,,,,,,,,,,,,,,,,,,50.6276149,30.4428315,
18:18:38.245,,,,,,,,,,,,,,,,0,0,,,,,,,,,,,,,,,,,,,,,,,,,,,,,,,,,,,,,,,,,,,,,,,,,,,,,,,,,50.6276149,30.4428315,
18:18:38.430,,,,,,,,,357.09000000000003,61.5,,3.721,,,,,,,,,,,,,,,,,,,,,,,,,,,,,,,,,,,,,,,,,,,,,,,,,,,7.436,,,,,,,,,,,50.6276149,30.4428315,
18:18:38.502,-7.149999999999864,,-7.2999999999999545,,,,,,,,,,3.715,,,,,,,,,,,,,,,,,,,,,,,,,,,,,,,,,,,,,,,,,,,,,,,,,,7.436,,,,,,,,,,,50.6276149,30.4428315,
18:18:38.549,,-7.0499999999999545,,,,,,,,,,,,,,,,,,,,,,,,,,,,,,,,,,,,,,,,,,,,,,,,,,,,,,,,,,,,,,,,,,,,,,,,50.6276149,30.4428315,
18:18:38.816,,,,,,,,,,,,,,,,,,,,,,,,,,,,,,,,,,0.13,,,,0,0,,0,0,12.320419,12.320419,6764.2842980000005,0,-0.01,,,,,0,,,,39,98,,0,,,,,150,0.13,,,,,,,0.156,,50.6276162,30.4428291,
18:18:39.266,,,,,,,,,,,,,,,,,,,,0,5.882352941176471,99,,,,,,,,,,5.882352941176471,,,,,,,,0,,,,,,,,,,,,,0,,,,,,,,,,,,0.13,,17.6470588235294,99,,,,,,50.6276162,30.4428291,
18:18:39.710,,,,,,,,,,,,,,,,,,,,,,,0,57.57656,57.57656,627.89670895,0,0.7197070000000001,0.7197070000000001,8.162865,0,,5.882352941176471,,,0,0,,,,,,,,,,,,5.84157892682059,5.84157892682059,0.12067595979686305,,,50,,,,39090,,12000,0,0,,150,0.13,39090,17.6470588235294,,,,,,0,50.6276162,30.4428291,
18:18:39.961,,,,,,,,,,,,,,,33,,,,,,,,,,,,,,,,,,,,,,,,,,,,,,,,,,,,,,,,,,,,,,,,,,,,,,,,71,,,50.6276178,30.4428313,
18:18:40.009,,,,,,,,,,,,,,,,,,0,,,,,,,,,,,,,,,,,,,,,,,,,,,,,,,,,,,,,,,,,,,,,,,,,,,,,,,,50.6276178,30.4428313,
18:18:40.058,,,,,,,,,,,,,,,,0,0,,,,,,,,,,,,,,,,,,,,,,,,,,,,,,,,,,,,,,,,,,,,,,,,,,,,,,,,,50.6276178,30.4428313,
18:18:40.216,,,,,,,,,356.93,61.5,,3.72,,,,,,,,,,,,,,,,,,,,,,,,,,,,,,,,,,,,,,,,,,,,,,,,,,,7.435,,,,,,,,,,,50.6276178,30.4428313,
18:18:40.277,-7.099999999999909,,-7.099999999999909,,,,,,,,,,3.714,,,,,,,,,,,,,,,,,,,,,,,,,,,,,,,,,,,,,,,,,,,,,,,,,,7.434,,,,,,,,,,,50.6276178,30.4428313,
18:18:40.325,,-7.0499999999999545,,,,,,,,,,,,,,,,,,,,,,,,,,,,,,,,,,,,,,,,,,,,,,,,,,,,,,,,,,,,,,,,,,,,,,,,50.6276178,30.4428313,
18:18:40.518,,,,,,,,,,,,,,,,,,,,,,,,,,,,,,,,,,0.15,,,,0,0,,0,0,12.320419,12.320419,6764.2842980000005,0,-0.01,,,,,0,,,,39,98,,0,,,,,150,0.15,,,,,,,0.18,,50.6276178,30.4428313,
18:18:40.614,,,,,,,,,,,,,,,,,,,,0,5.882352941176471,99,,,,,,,,,,5.882352941176471,,,,,,,,0,,,,,,,,,,,,,0,,,,,,,,,,,,0.15,,17.6470588235294,99,,,,,,50.6276178,30.4428313,
18:18:40.781,,,,,,,,,,,,,,,,,,,,,,,0,57.57656,57.57656,627.89670895,0,0.7197070000000001,0.7197070000000001,8.162865,0,,5.882352941176471,,,0,0,,,,,,,,,,,,5.84157892682059,5.84157892682059,0.12067595979686305,,,50,,,,39080,,12000,0,0,,150,0.15,39080,17.6470588235294,,,,,,0,50.6276178,30.4428313,
18:18:41.009,,,,,,,,,,,,,,,33,,,,,,,,,,,,,,,,,,,,,,,,,,,,,,,,,,,,,,,,,,,,,,,,,,,,,,,,71,,,50.6276185,30.4428292,
18:18:41.046,,,,,,,,,,,,,,,,,,0,,,,,,,,,,,,,,,,,,,,,,,,,,,,,,,,,,,,,,,,,,,,,,,,,,,,,,,,50.6276185,30.4428292,
18:18:41.097,,,,,,,,,,,,,,,,0,0,,,,,,,,,,,,,,,,,,,,,,,,,,,,,,,,,,,,,,,,,,,,,,,,,,,,,,,,,50.6276185,30.4428292,
18:18:41.205,,,,,,,,,356.93,61.5,,3.72,,,,,,,,,,,,,,,,,,,,,,,,,,,,,,,,,,,,,,,,,,,,,,,,,,,7.434,,,,,,,,,,,50.6276185,30.4428292,
18:18:41.266,-7.099999999999909,,-7.0499999999999545,,,,,,,,,,3.713,,,,,,,,,,,,,,,,,,,,,,,,,,,,,,,,,,,,,,,,,,,,,,,,,,7.433,,,,,,,,,,,50.6276185,30.4428292,
18:18:41.302,,-6.849999999999909,,,,,,,,,,,,,,,,,,,,,,,,,,,,,,,,,,,,,,,,,,,,,,,,,,,,,,,,,,,,,,,,,,,,,,,,50.6276185,30.4428292,
18:18:41.408,,,,,,,,,,,,,,,,,,,,,,,,,,,,,,,,,,0.14,,,,0,0,,0,0,12.320419,12.320419,6764.2842980000005,0,-0.01,,,,,0,,,,39,98,,0,,,,,150,0.14,,,,,,,0.168,,50.6276185,30.4428292,
18:18:41.470,,,,,,,,,,,,,,,,,,,,0,5.882352941176471,99,,,,,,,,,,5.882352941176471,,,,,,,,0,,,,,,,,,,,,,0,,,,,,,,,,,,0.14,,17.6470588235294,99,,,,,,50.6276185,30.4428292,
18:18:41.542,,,,,,,,,,,,,,,,,,,,,,,0,57.57656,57.57656,627.89670895,0,0.7197070000000001,0.7197070000000001,8.162865,0,,5.882352941176471,,,0,0,,,,,,,,,,,,5.84157892682059,5.84157892682059,0.12067595979686305,,,50,,,,39080,,12000,0,0,,150,0.14,39080,17.6470588235294,,,,,,0,50.6276185,30.4428292,
18:18:41.636,,,,,,,,,,,,,,,,,,,38,,,,,,,,,,,,,,,,,,,,,,,,,,,,,,,,,,,,,,,,,,,,,,,,,,,,71,,,50.6276185,30.4428292,
18:18:41.799,,,,,,,,,,,,,,,33,,,,,,,,,,,,,,,,,,,,,,,,,,,,,,,,,,,,,,,,,,,,,,,,,,,,,,,,71,,,50.6276185,30.4428292,
18:18:41.838,,,,,,,,,,,,,,,,,,0,,,,,,,,,,,,,,,,,,,,,,,,,,,,,,,,,,,,,,,,,,,,,,,,,,,,,,,,50.6276185,30.4428292,
18:18:41.887,,,,,,,,,,,,,,,,0,0,,,,,,,,,,,,,,,,,,,,,,,,,,,,,,,,,,,,,,,,,,,,,,,,,,,,,,,,,50.6276185,30.4428292,
18:18:42.078,,,,,,,,,356.77,61.5,,3.72,,,,,,,,,,,,,,,,,,,,,,,,,,,,,,,,,,,,,,,,,,,,,,,,,,,7.433,,,,,,,,,,,50.6276189,30.4428275,
18:18:42.138,-7.0499999999999545,,-7.099999999999909,,,,,,,,,,3.714,,,,,,,,,,,,,,,,,,,,,,,,,,,,,,,,,,,,,,,,,,,,,,,,,,7.434,,,,,,,,,,,50.6276189,30.4428275,
18:18:42.221,,-6.849999999999909,,,,,,,,,,,,,,,,,,,,,,,,,,,,,,,,,,,,,,,,,,,,,,,,,,,,,,,,,,,,,,,,,,,,,,,,50.6276189,30.4428275,
18:18:42.702,,,,,,,,,,,,,,,,,,,,,,,,,,,,,,,,,,0.14,,,,0,0,,0,0,12.320419,12.320419,6764.2842980000005,0,-0.01,,,,,0,,,,39,98,,0,,,,,150,0.14,,,,,,,0.168,,50.6276189,30.4428275,
18:18:42.832,,,,,,,,,,,,,,,,,,,,0,5.882352941176471,99,,,,,,,,,,5.882352941176471,,,,,,,,0,,,,,,,,,,,,,0,,,,,,,,,,,,0.14,,17.6470588235294,99,,,,,,50.6276189,30.4428275,
18:18:42.953,,,,,,,,,,,,,,,,,,,,,,,0,57.57656,57.57656,627.89670895,0,0.7197070000000001,0.7197070000000001,8.162865,0,,5.882352941176471,,,0,0,,,,,,,,,,,,5.84157892682059,5.84157892682059,0.12067595979686305,,,50,,,,39070,,12000,0,0,,150,0.14,39070,17.6470588235294,,,,,,0,50.6276192,30.4428262,
18:18:43.097,,,,,,,,,,,,,,,33,,,,,,,,,,,,,,,,,,,,,,,,,,,,,,,,,,,,,,,,,,,,,,,,,,,,,,,,71,,,50.6276192,30.4428262,
18:18:43.145,,,,,,,,,,,,,,,,,,0,,,,,,,,,,,,,,,,,,,,,,,,,,,,,,,,,,,,,,,,,,,,,,,,,,,,,,,,50.6276192,30.4428262,
18:18:43.206,,,,,,,,,,,,,,,,0,0,,,,,,,,,,,,,,,,,,,,,,,,,,,,,,,,,,,,,,,,,,,,,,,,,,,,,,,,,50.6276192,30.4428262,
18:18:43.361,,,,,,,,,357.09000000000003,61.5,,3.721,,,,,,,,,,,,,,,,,,,,,,,,,,,,,,,,,,,,,,,,,,,,,,,,,,,7.435,,,,,,,,,,,50.6276192,30.4428262,
18:18:43.409,-7.099999999999909,,-7.199999999999818,,,,,,,,,,3.714,,,,,,,,,,,,,,,,,,,,,,,,,,,,,,,,,,,,,,,,,,,,,,,,,,7.435,,,,,,,,,,,50.6276192,30.4428262,
18:18:43.458,,-6.849999999999909,,,,,,,,,,,,,,,,,,,,,,,,,,,,,,,,,,,,,,,,,,,,,,,,,,,,,,,,,,,,,,,,,,,,,,,,50.6276192,30.4428262,
18:18:43.590,,,,,,,,,,,,,,,,,,,,,,,,,,,,,,,,,,,,,,,,,,,,,,,,,,,,,,,61,,,,,,,,,150,,,,,,,,,,50.6276192,30.4428262,
18:18:43.661,,,,,,,,,,,,,,,,,,,,,,,,,,,,,,,,,,0.13,,,,0,0,,0,0,12.320419,12.320419,6764.2842980000005,0,-0.01,,,,,0,,,,39,98,,0,,,,,150,0.13,,,,,,,0.156,,50.6276192,30.4428262,
18:18:43.734,,,,,,,,,,,,,,,,,,,,0,5.882352941176471,99,,,,,,,,,,5.882352941176471,,,,,,,,0,,,,,,,,,,,,,0,,,,,,,,,,,,0.13,,17.6470588235294,99,,,,,,50.6276192,30.4428262,
18:18:43.841,,,,,,,,,,,,,,,,,,,,,,,0,57.57656,57.57656,627.89670895,0,0.7197070000000001,0.7197070000000001,8.162865,0,,5.882352941176471,,,0,0,,,,,,,,,,,,5.84157892682059,5.84157892682059,0.12067595979686305,,,50,,,,39060,,12000,0,0,,150,0.13,39060,17.6470588235294,,,,,,0,50.6276192,30.4428262,
18:18:44.021,,,,,,,,,,,,,,,33,,,,,,,,,,,,,,,,,,,,,,,,,,,,,,,,,,,,,,,,,,,,,,,,,,,,,,,,71,,,50.6276193,30.4428249,
18:18:44.070,,,,,,,,,,,,,,,,,,0,,,,,,,,,,,,,,,,,,,,,,,,,,,,,,,,,,,,,,,,,,,,,,,,,,,,,,,,50.6276193,30.4428249,
18:18:44.105,,,,,,,,,,,,,,,,0,0,,,,,,,,,,,,,,,,,,,,,,,,,,,,,,,,,,,,,,,,,,,,,,,,,,,,,,,,,50.6276193,30.4428249,
18:18:44.369,,,,,,,,,356.93,61.5,,3.72,,,,,,,,,,,,,,,,,,,,,,,,,,,,,,,,,,,,,,,,,,,,,,,,,,,7.434,,,,,,,,,,,50.6276193,30.4428249,
18:18:44.452,-7,,-7.0499999999999545,,,,,,,,,,3.713,,,,,,,,,,,,,,,,,,,,,,,,,,,,,,,,,,,,,,,,,,,,,,,,,,7.433,,,,,,,,,,,50.6276193,30.4428249,
18:18:44.526,,-7.0499999999999545,,,,,,,,,,,,,,,,,,,,,,,,,,,,,,,,,,,,,,,,,,,,,,,,,,,,,,,,,,,,,,,,,,,,,,,,50.6276193,30.4428249,
18:18:44.693,,,,,,,,,,,,,,,,,,,,,,,,,,,,,,,,,,0.14,,,,0,0,,0,0,12.320419,12.320419,6764.2842980000005,0,-0.01,,,,,0,,,,39,98,,0,,,,,150,0.14,,,,,,,0.168,,50.6276193,30.4428249,
18:18:44.777,,,,,,,,,,,,,,,,,,,,0,5.882352941176471,99,,,,,,,,,,5.882352941176471,,,,,,,,0,,,,,,,,,,,,,0,,,,,,,,,,,,0.14,,17.6470588235294,99,,,,,,50.6276193,30.4428249,
18:18:44.862,,,,,,,,,,,,,,,,,,,,,,,0,57.57656,57.57656,627.89670895,0,0.7197070000000001,0.7197070000000001,8.162865,0,,5.882352941176471,,,0,0,,,,,,,,,,,,5.84157892682059,5.84157892682059,0.12067595979686305,,,50,,,,39060,,12000,0,0,,150,0.14,39060,17.6470588235294,,,,,,0,50.6276193,30.4428249,
18:18:45.046,,,,,,,,,,,,,,,33,,,,,,,,,,,,,,,,,,,,,,,,,,,,,,,,,,,,,,,,,,,,,,,,,,,,,,,,71,,,50.6276233,30.442813,
18:18:45.094,,,,,,,,,,,,,,,,,,0,,,,,,,,,,,,,,,,,,,,,,,,,,,,,,,,,,,,,,,,,,,,,,,,,,,,,,,,50.6276233,30.442813,
18:18:45.153,,,,,,,,,,,,,,,,0,0,,,,,,,,,,,,,,,,,,,,,,,,,,,,,,,,,,,,,,,,,,,,,,,,,,,,,,,,,50.6276233,30.442813,
18:18:45.345,,,,28,,,,,,,,,,,,,,,,,,,,,,,,,,,,,,,,,,,,,,,,,,,,,,,,,,,,,,,,,,,,,,,,,,146,,,,50.6276233,30.442813,
18:18:45.539,,,,,29,,,,,,86.6758781031239,,,86.6758781031239,,,,,,,,,,,,,,,,,,,,,,,,,,,,,,,,,,,,,,,,,,,,,,,,,,,,,,,127.5,146,,,,50.6276233,30.442813,
18:18:45.601,,,,,,,,,356.61,61.5,,3.719,,,,,,,,,,,,,,,,,,,,,,,,,,,,,,,,,,,,,,,,,,,,,,,,,,,7.432,,,,,,,,,,,50.6276233,30.442813,
18:18:45.661,-7.0499999999999545,,-7,,,,,,,,,,3.712,,,,,,,,,,,,,,,,,,,,,,,,,,,,,,,,,,,,,,,,,,,,,,,,,,7.431,,,,,,,,,,,50.6276233,30.442813,
18:18:45.708,,-6.849999999999909,,,,,,,,,,,,,,,,,,,,,,,,,,,,,,,,,,,,,,,,,,,,,,,,,,,,,,,,,,,,,,,,,,,,,,,,50.6276233,30.442813,
18:18:45.878,,,,,,,,,,,,,,,,,,,,,,,,,,,,,,,,,,0.14,,,,0,0,,0,0,12.320419,12.320419,6764.2842980000005,0,-0.01,,,,,0,,,,39,98,,0,,,,,150,0.14,,,,,,,0.168,,50.6276233,30.442813,
18:18:45.953,,,,,,,,,,,,,,,,,,,,0,5.882352941176471,99,,,,,,,,,,5.882352941176471,,,,,,,,0,,,,,,,,,,,,,0,,,,,,,,,,,,0.14,,17.6470588235294,99,,,,,,50.6276236,30.4428112,
18:18:46.098,,,,,,,,,,,,,,,,,,,,,,,0,57.57656,57.57656,627.89670895,0,0.7197070000000001,0.7197070000000001,8.162865,0,,5.882352941176471,,,0,0,,,,,,,,,,,,5.84157892682059,5.84157892682059,0.12067595979686305,,,50,,,,39050,,12000,0,0,,150,0.14,39050,17.6470588235294,,,,,,0,50.6276236,30.4428112,
18:18:46.354,,,,,,,,,,,,,,,33,,,,,,,,,,,,,,,,,,,,,,,,,,,,,,,,,,,,,,,,,,,,,,,,,,,,,,,,71,,,50.6276236,30.4428112,
18:18:46.438,,,,,,,,,,,,,,,,,,0,,,,,,,,,,,,,,,,,,,,,,,,,,,,,,,,,,,,,,,,,,,,,,,,,,,,,,,,50.6276236,30.4428112,
18:18:46.485,,,,,,,,,,,,,,,,0,0,,,,,,,,,,,,,,,,,,,,,,,,,,,,,,,,,,,,,,,,,,,,,,,,,,,,,,,,,50.6276236,30.4428112,
18:18:46.666,,,,,,,,,356.77,61,,3.72,,,,,,,,,,,,,,,,,,,,,,,,,,,,,,,,,,,,,,,,,,,,,,,,,,,7.432,,,,,,,,,,,50.6276236,30.4428112,
18:18:46.726,-7,,-7.0499999999999545,,,,,,,,,,3.711,,,,,,,,,,,,,,,,,,,,,,,,,,,,,,,,,,,,,,,,,,,,,,,,,,7.431,,,,,,,,,,,50.6276236,30.4428112,
18:18:46.773,,-7.0499999999999545,,,,,,,,,,,,,,,,,,,,,,,,,,,,,,,,,,,,,,,,,,,,,,,,,,,,,,,,,,,,,,,,,,,,,,,,50.6276236,30.4428112,
18:18:46.929,,,,,,,,,,,,,,,,,,,,,,,,,,,,,,,,,,0.08,,,,0,0,,0,0,12.320419,12.320419,6764.2842980000005,0,-0.01,,,,,0,,,,39,98,,0,,,,,150,0.08,,,,,,,0.096,,50.6276236,30.4428112,
18:18:47.027,,,,,,,,,,,,,,,,,,,,0,5.882352941176471,99,,,,,,,,,,5.882352941176471,,,,,,,,0,,,,,,,,,,,,,0,,,,,,,,,,,,0.08,,17.6470588235294,99,,,,,,50.6276237,30.4428105,
18:18:47.102,,,,,,,,,,,,,,,,,,,,,,,0,57.57656,57.57656,627.89670895,0,0.7197070000000001,0.7197070000000001,8.162865,0,,5.882352941176471,,,0,0,,,,,,,,,,,,5.84157892682059,5.84157892682059,0.12067595979686305,,,50,,,,39050,,12000,0,0,,150,0.08,39050,17.6470588235294,,,,,,0,50.6276237,30.4428105,
18:18:47.294,,,,,,,,,,,,,,,33,,,,,,,,,,,,,,,,,,,,,,,,,,,,,,,,,,,,,,,,,,,,,,,,,,,,,,,,71,,,50.6276237,30.4428105,
18:18:47.330,,,,,,,,,,,,,,,,,,0,,,,,,,,,,,,,,,,,,,,,,,,,,,,,,,,,,,,,,,,,,,,,,,,,,,,,,,,50.6276237,30.4428105,
18:18:47.393,,,,,,,,,,,,,,,,0,0,,,,,,,,,,,,,,,,,,,,,,,,,,,,,,,,,,,,,,,,,,,,,,,,,,,,,,,,,50.6276237,30.4428105,
18:18:47.585,,,,,,30,29,30,,,,,,,,,,,,,,,,,,,,,,,,,,,,,,,,,,,,,,,,,,,,,,,,,,,,,,,,,,,,,,146,,,,50.6276237,30.4428105,
18:18:47.682,,,,,,,,,357.58,61,,3.717,,,,,,,,,,,,,,,,,,,,,,,,,,,,,,,,,,,,,,,,,,,,,,,,,,,7.428,,,,,,,,,,,50.6276237,30.4428105,
18:18:47.753,-7.099999999999909,,-7.0499999999999545,,,,,,,,,,3.712,,,,,,,,,,,,,,,,,,,,,,,,,,,,,,,,,,,,,,,,,,,,,,,,,,7.429,,,,,,,,,,,50.6276237,30.4428105,
18:18:47.825,,-6.849999999999909,,,,,,,,,,,,,,,,,,,,,,,,,,,,,,,,,,,,,,,,,,,,,,,,,,,,,,,,,,,,,,,,,,,,,,,,50.6276237,30.4428105,
18:18:48.221,,,,,,,,,,,,,,,,,,,,,,,,,,,,,,,,,,0.07,,,,0,0,,0,0,12.320419,12.320419,6764.2842980000005,0,-0.01,,,,,0,,,,39,98,,0,,,,,150,0.07,,,,,,,0.084,,50.6276235,30.4428096,
18:18:48.425,,,,,,,,,,,,,,,,,,,,0,5.882352941176471,99,,,,,,,,,,5.882352941176471,,,,,,,,0,,,,,,,,,,,,,0,,,,,,,,,,,,0.07,,17.6470588235294,99,,,,,,50.6276235,30.4428096,
18:18:48.665,,,,,,,,,,,,,,,,,,,,,,,0,57.57656,57.57656,627.89670895,0,0.7197070000000001,0.7197070000000001,8.162865,0,,5.882352941176471,,,0,0,,,,,,,,,,,,5.84157892682059,5.84157892682059,0.12067595979686305,,,50,,,,39040,,12000,0,0,,150,0.07,39040,17.6470588235294,,,,,,0,50.6276235,30.4428096,
18:18:48.846,,,,,,,,,,,,,,,33,,,,,,,,,,,,,,,,,,,,,,,,,,,,,,,,,,,,,,,,,,,,,,,,,,,,,,,,71,,,50.6276235,30.4428096,
18:18:48.882,,,,,,,,,,,,,,,,,,0,,,,,,,,,,,,,,,,,,,,,,,,,,,,,,,,,,,,,,,,,,,,,,,,,,,,,,,,50.6276235,30.4428096,
18:18:48.930,,,,,,,,,,,,,,,,0,0,,,,,,,,,,,,,,,,,,,,,,,,,,,,,,,,,,,,,,,,,,,,,,,,,,,,,,,,,50.6276235,30.4428096,
18:18:49.085,,,,,,,,,356.45,61,,3.718,,,,,,,,,,,,,,,,,,,,,,,,,,,,,,,,,,,,,,,,,,,,,,,,,,,7.43,,,,,,,,,,,50.6276234,30.4428087,
18:18:49.171,-8.199999999999818,,-8,,,,,,,,,,3.709,,,,,,,,,,,,,,,,,,,,,,,,,,,,,,,,,,,,,,,,,,,,,,,,,,7.427,,,,,,,,,,,50.6276234,30.4428087,
18:18:49.222,,-8.149999999999864,,,,,,,,,,,,,,,,,,,,,,,,,,,,,,,,,,,,,,,,,,,,,,,,,,,,,,,,,,,,,,,,,,,,,,,,50.6276234,30.4428087,
18:18:49.378,,,,,,,,,,,,,,,,,,,,,,,,,,,,,,,,,,,,,,,,,,,,,,,,,,,,,,,61,,,,,,,,,150,,,,,,,,,,50.6276234,30.4428087,
18:18:49.449,,,,,,,,,,,,,,,,,,,,,,,,,,,,,,,,,,0.14,,,,0,0,,0,0,12.320419,12.320419,6764.2842980000005,0,-0.01,,,,,0,,,,39,98,,0,,,,,150,0.14,,,,,,,0.168,,50.6276234,30.4428087,
18:18:49.522,,,,,,,,,,,,,,,,,,,,0,5.882352941176471,99,,,,,,,,,,5.882352941176471,,,,,,,,0,,,,,,,,,,,,,0,,,,,,,,,,,,0.14,,17.6470588235294,99,,,,,,50.6276234,30.4428087,
18:18:49.629,,,,,,,,,,,,,,,,,,,,,,,0,57.57656,57.57656,627.89670895,0,0.7197070000000001,0.7197070000000001,8.162865,0,,5.882352941176471,,,0,0,,,,,,,,,,,,5.84157892682059,5.84157892682059,0.12067595979686305,,,50,,,,39040,,12000,0,0,,150,0.14,39040,17.6470588235294,,,,,,0,50.6276234,30.4428087,
18:18:49.833,,,,,,,,,,,,,,,33,,,,,,,,,,,,,,,,,,,,,,,,,,,,,,,,,,,,,,,,,,,,,,,,,,,,,,,,71,,,50.6276234,30.4428087,
18:18:49.918,,,,,,,,,,,,,,,,,,18.046875,,,,,,,,,,,,,,,,,,,,,,,,,,,,,,,,,,,,,,,,,,,,,,,,,,,,,,,,50.6276234,30.4428087,
18:18:50.001,,,,,,,,,,,,,,,,1120,0.0625,,,,,,,,,,,,,,,,,,,,,,,,,,,,,,,,,,,,,,,,,,,,,,,,,,,,,,,,,50.6276232,30.4428077,
18:18:50.265,,,,,,,,,357.42,61,,3.716,,,,,,,,,,,,,,,,,,,,,,,,,,,,,,,,,,,,,,,,,,,,,,,,,,,7.425,,,,,,,,,,,50.6276232,30.4428077,
18:18:50.315,-9.599999999999909,,-9.449999999999818,,,,,,,,,,3.708,,,,,,,,,,,,,,,,,,,,,,,,,,,,,,,,,,,,,,,,,,,,,,,,,,7.424,,,,,,,,,,,50.6276232,30.4428077,
18:18:50.378,,-9.849999999999909,,,,,,,,,,,,,,,,,,,,,,,,,,,,,,,,,,,,,,,,,,,,,,,,,,,,,,,,,,,,,,,,,,,,,,,,50.6276232,30.4428077,
18:18:50.582,,,,,,,,,,,,,,,,,,,,,,,,,,,,,,,,,,0.14,,,,0,0,,0,0,12.320419,12.320419,6764.2842980000005,0,-0.01,,,,,0,,,,39,98,,0,,,,,150,0.14,,,,,,,0.168,,50.6276232,30.4428077,
18:18:50.682,,,,,,,,,,,,,,,,,,,,0,5.882352941176471,99,,,,,,,,,,5.882352941176471,,,,,,,,3.5294117647058822,,,,,,,,,,,,,0,,,,,,,,,,,,0.14,,17.6470588235294,99,,,,,,50.6276232,30.4428077,
18:18:50.765,,,,,,,,,,,,,,,,,,,,,,,0,57.57656,57.57656,627.89670895,0,0.7197070000000001,0.7197070000000001,8.162865,0,,5.882352941176471,,,0,0,,,,,,,,,,,,5.84157892682059,5.84157892682059,0.12067595979686305,,,50,,,,39030,,12000,0,0,,150,0.14,39030,17.6470588235294,,,,,,0,50.6276232,30.4428077,
18:18:50.860,,,,,,,,,,,,,,,,,,,38,,,,,,,,,,,,,,,,,,,,,,,,,,,,,,,,,,,,,,,,,,,,,,,,,,,,71,,,50.6276232,30.4428077,
18:18:51.018,,,,,,,,,,,,,,,33,,,,,,,,,,,,,,,,,,,,,,,,,,,,,,,,,,,,,,,,,,,,,,,,,,,,,,,,71,,,50.6276219,30.4428039,
18:18:51.065,,,,,,,,,,,,,,,,,,38.78125,,,,,,,,,,,,,,,,,,,,,,,,,,,,,,,,,,,,,,,,,,,,,,,,,,,,,,,,50.6276219,30.4428039,
18:18:51.137,,,,,,,,,,,,,,,,2528,0.140625,,,,,,,,,,,,,,,,,,,,,,,,,,,,,,,,,,,,,,,,,,,,,,,,,,,,,,,,,50.6276219,30.4428039,
18:18:51.307,,,,,,,,,357.09000000000003,61,,3.714,,,,,,,,,,,,,,,,,,,,,,,,,,,,,,,,,,,,,,,,,,,,,,,,,,,7.422,,,,,,,,,,,50.6276219,30.4428039,
18:18:51.370,-10.199999999999818,,-10.449999999999818,,,,,,,,,,3.706,,,,,,,,,,,,,,,,,,,,,,,,,,,,,,,,,,,,,,,,,,,,,,,,,,7.42,,,,,,,,,,,50.6276219,30.4428039,
18:18:51.417,,-10.049999999999955,,,,,,,,,,,,,,,,,,,,,,,,,,,,,,,,,,,,,,,,,,,,,,,,,,,,,,,,,,,,,,,,,,,,,,,,50.6276219,30.4428039,
18:18:51.597,,,,,,,,,,,,,,,,,,,,,,,,,,,,,,,,,,0.14,0,,,0,0,,0.018205489994658312,0.0008446401666666666,12.321264,12.321264,6764.285143000001,0,-0.01,,,,,0.1518064917733582,,,,39,98,,3,,,,,150,0.14,,,,,,,0.168,,50.6276219,30.4428039,
18:18:51.693,,,,,,,,,,,,,,,,,,,,0,5.882352941176471,99,,,,,,,,,,5.882352941176471,,,,,,,,0,,,,,,,,,,,,,0,,,,,,,,,,,,0.14,,17.6470588235294,99,,,,,,50.6276219,30.4428039,
18:18:51.790,,,,,,,,,,,,,,,,,,,,,,,0,57.57656,57.57656,627.89670895,0,0.7197070000000001,0.7197070000000001,8.162865,0,,5.882352941176471,,,0,0,,,,,,,,,,,0,5.8411783076801225,5.8411783076801225,0.12067594472192403,,,50,,,,39030,,12000,0,0,,150,0.14,39030,17.6470588235294,,,,,,0,50.6276219,30.4428039,
18:18:52.078,,,,,,,,,,,,,,,33,,,,,,,,,,,,,,,,,,,,,,,,,,,,,,,,,,,,,,,,,,,,,,,,,,,,,,,,71,,,50.627622,30.4428046,
18:18:52.149,,,,,,,,,,,,,,,,,,28.875,,,,,,,,,,,,,,,,,,,,,,,,,,,,,,,,,,,,,,,,,,,,,,,,,,,,,,,,50.627622,30.4428046,
18:18:52.232,,,,,,,,,,,,,,,,1792,0.109375,,,,,,,,,,,,,,,,,,,,,,,,,,,,,,,,,,,,,,,,,,,,,,,,,,,,,,,,,50.627622,30.4428046,
18:18:52.366,,,,,,,,,356.29,61,,3.713,,,,,,,,,,,,,,,,,,,,,,,,,,,,,,,,,,,,,,,,,,,,,,,,,,,7.419,,,,,,,,,,,50.627622,30.4428046,
18:18:52.426,-9.599999999999909,,-9.5,,,,,,,,,,3.706,,,,,,,,,,,,,,,,,,,,,,,,,,,,,,,,,,,,,,,,,,,,,,,,,,7.419,,,,,,,,,,,50.627622,30.4428046,
18:18:52.498,,-9.649999999999864,,,,,,,,,,,,,,,,,,,,,,,,,,,,,,,,,,,,,,,,,,,,,,,,,,,,,,,,,,,,,,,,,,,,,,,,50.627622,30.4428046,
18:18:52.666,,,,,,,,,,,,,,,,,,,,,,,,,,,,,,,,,,0.14,0,,,0,0,,0.019118773241453838,0.0017360104166666665,12.322154999999999,12.322154999999999,6764.286034000001,0,-0.01,,,,,0.2961944418017101,,,,39,98,,3,,,,,150,0.14,,,,,,,0.168,,50.627622,30.4428046,
18:18:52.750,,,,,,,,,,,,,,,,,,,,0,5.882352941176471,99,,,,,,,,,,5.882352941176471,,,,,,,,1.9607843137254901,,,,,,,,,,,,,0,,,,,,,,,,,,0.14,,17.6470588235294,99,,,,,,50.627622,30.4428046,
18:18:52.832,,,,,,,,,,,,,,,,,,,,,,,0,57.57656,57.57656,627.89670895,0,0.7197070000000001,0.7197070000000001,8.162865,0,,5.882352941176471,,,0,0,,,,,,,,,,,0,5.840755939200571,5.840755939200571,0.12067592882634152,,,50,,,,39020,,12000,0,0,,150,0.14,39020,17.6470588235294,,,,,,0,50.627622,30.4428046,
18:18:52.977,,,,,,,,,,,,,,,33,,,,,,,,,,,,,,,,,,,,,,,,,,,,,,,,,,,,,,,,,,,,,,,,,,,,,,,,71,,,50.627621,30.4428088,
18:18:53.026,,,,,,,,,,,,,,,,,,93.265625,,,,,,,,,,,,,,,,,,,,,,,,,,,,,,,,,,,,,,,,,,,,,,,,,,,,,,,,50.627621,30.4428088,
18:18:53.062,,,,,,,,,,,,,,,,5888,0.359375,,,,,,,,,,,,,,,,,,,,,,,,,,,,,,,,,,,,,,,,,,,,,,,,,,,,,,,,,50.627621,30.4428088,
18:18:53.194,,,,,,,,,354.52,61,,3.699,,,,,,,,,,,,,,,,,,,,,,,,,,,,,,,,,,,,,,,,,,,,,,,,,,,7.405,,,,,,,,,,,50.627621,30.4428088,
18:18:53.277,-22.699999999999818,,-23.09999999999991,,,,,,,,,,3.692,,,,,,,,,,,,,,,,,,,,,,,,,,,,,,,,,,,,,,,,,,,,,,,,,,7.391,,,,,,,,,,,50.627621,30.4428088,
18:18:53.314,,-23.299999999999955,,,,,,,,,,,,,,,,,,,,,,,,,,,,,,,,,,,,,,,,,,,,,,,,,,,,,,,,,,,,,,,,,,,,,,,,50.627621,30.4428088,
18:18:53.434,,,,,,,,,,,,,,,,,,,,,,,,,,,,,,,,,,0.17,0,,,0,0,,0.03554299683155754,0.0028026151388888887,12.323222,12.323222,6764.287101000001,0,-0.01,,,,,0.46138360501091125,,,,39,98,,5,,,,,150,0.17,,,,,,,0.20400000000000001,,50.627621,30.4428088,
18:18:53.502,,,,,,,,,,,,,,,,,,,,0,5.882352941176471,99,,,,,,,,,,5.882352941176471,,,,,,,,8.627450980392156,,,,,,,,,,,,,0,,,,,,,,,,,,0.17,,17.6470588235294,99,,,,,,50.627621,30.4428088,
18:18:54.016,,,,,,,,,,,,,,,,,,,,,,,0,57.57656,57.57656,627.89670895,0,0.7197070000000001,0.7197070000000001,8.162865,0,,5.882352941176471,,,0,0,,,,,,,,,,,0,5.840250220275186,5.840250220275186,0.12067590979089637,,,50,,,,39020,,12000,0,0,,150,0.17,39020,17.6470588235294,,,,,,0,50.6276226,30.442813,
18:18:54.378,,,,,,,,,,,,,,,33,,,,,,,,,,,,,,,,,,,,,,,,,,,,,,,,,,,,,,,,,,,,,,,,,,,,,,,,71,,,50.6276226,30.442813,
18:18:54.462,,,,,,,,,,,,,,,,,,96.5625,,,,,,,,,,,,,,,,,,,,,,,,,,,,,,,,,,,,,,,,,,,,,,,,,,,,,,,,50.6276226,30.442813,
18:18:54.521,,,,,,,,,,,,,,,,6080,0.359375,,,,,,,,,,,,,,,,,,,,,,,,,,,,,,,,,,,,,,,,,,,,,,,,,,,,,,,,,50.6276226,30.442813,
18:18:54.676,,,,,29,,,,,,86.6758781031239,,,86.6758781031239,,,,,,,,,,,,,,,,,,,,,,,,,,,,,,,,,,,,,,,,,,,,,,,,,,,,,,,127.5,146,,,,50.6276226,30.442813,
18:18:54.760,,,,,,,,,352.59000000000003,60.5,,3.688,,,,,,,,,,,,,,,,,,,,,,,,,,,,,,,,,,,,,,,,,,,,,,,,,,,7.38,,,,,,,,,,,50.6276226,30.442813,
18:18:54.832,-27.84999999999991,,-27.75,,,,,,,,,,3.677,,,,,,,,,,,,,,,,,,,,,,,,,,,,,,,,,,,,,,,,,,,,,,,,,,7.365,,,,,,,,,,,50.6276226,30.442813,
18:18:54.893,,-26.5,,,,,,,,,,,,,,,,,,,,,,,,,,,,,,,,,,,,,,,,,,,,,,,,,,,,,,,,,,,,,,,,,,,,,,,,50.6276226,30.442813,
18:18:55.072,,,,,,,,,,,,,,,,,,,,,,,,,,,,,,,,,,,,,,,,,,,,,,,,,,,,,,,60,,,,,,,,,149,,,,,,,,,,50.6276325,30.442826,
18:18:55.158,,,,,,,,,,,,,,,,,,,,,,,,,,,,,,,,,,0.1,0,,,0,0,,0.07428888956092382,0.008547924472222222,12.328966999999999,12.328966999999999,6764.292846000001,0,-0.01,,,,,1.3043999939299729,,,,39,98,,12,,,,,149,0.1,,,,,,,0.12,,50.6276325,30.442826,
18:18:55.234,,,,,,,,,,,,,,,,,,,,0,5.882352941176471,99,,,,,,,,,,5.882352941176471,,,,,,,,6.2745098039215685,,,,,,,,,,,,,0,,,,,,,,,,,,0.1,,17.6470588235294,99,,,,,,50.6276325,30.442826,
18:18:55.365,,,,,,,,,,,,,,,,,,,,,,,0,57.57656,57.57656,627.89670895,0,0.7197070000000001,0.7197070000000001,8.162865,0,,5.882352941176471,,,0,0,,,,,,,,,,,0,5.837528805130228,5.837528805130228,0.12067580729931039,,,50,,,,39000,,12000,0,0,,149,0.1,39000,17.6470588235294,,,,,,0,50.6276325,30.442826,
18:18:55.666,,,,,,,,,,,,,,,33,,,,,,,,,,,,,,,,,,,,,,,,,,,,,,,,,,,,,,,,,,,,,,,,,,,,,,,,71,,,50.6276325,30.442826,
18:18:55.702,,,,,,,,,,,,,,,,,,18.90625,,,,,,,,,,,,,,,,,,,,,,,,,,,,,,,,,,,,,,,,,,,,,,,,,,,,,,,,50.6276325,30.442826,
18:18:55.738,,,,,,,,,,,,,,,,1280,0.078125,,,,,,,,,,,,,,,,,,,,,,,,,,,,,,,,,,,,,,,,,,,,,,,,,,,,,,,,,50.6276325,30.442826,
18:18:55.869,,,,,,,,,355.48,60.5,,3.701,,,,,,,,,,,,,,,,,,,,,,,,,,,,,,,,,,,,,,,,,,,,,,,,,,,7.378,,,,,,,,,,,50.6276337,30.4428275,
18:18:55.930,-12.649999999999864,,-12.75,,,,,,,,,,3.693,,,,,,,,,,,,,,,,,,,,,,,,,,,,,,,,,,,,,,,,,,,,,,,,,,7.394,,,,,,,,,,,50.6276337,30.4428275,
18:18:55.977,,-12.199999999999818,,,,,,,,,,,,,,,,,,,,,,,,,,,,,,,,,,,,,,,,,,,,,,,,,,,,,,,,,,,,,,,,,,,,,,,,50.6276337,30.4428275,
18:18:56.169,,,,,,,,,,,,,,,,,,,,,,,,,,,,,,,,,,0.04,0,,,0,0,,0.06813632216608152,0.01248506436111111,12.332904,12.332904,6764.296783000001,0,-0.01,,,,,1.8268051972303359,,,,39,98,,14,,,,,149,0.04,,,,,,,0.048,,50.6276337,30.4428275,
18:18:56.237,,,,,,,,,,,,,,,,,,,,0,5.882352941176471,99,,,,,,,,,,5.882352941176471,,,,,,,,4.705882352941177,,,,,,,,,,,,,0,,,,,,,,,,,,0.04,,17.6470588235294,99,,,,,,50.6276337,30.4428275,
18:18:56.320,,,,,,,,,,,,,,,,,,,,,,,0,57.57656,57.57656,627.89670895,0,0.7197070000000001,0.7197070000000001,8.162865,0,,5.882352941176471,,,0,0,,,,,,,,,,,0,5.8356653064031,5.8356653064031,0.12067573706279232,,,50,,,,39000,,12000,0,0,,149,0.04,39000,17.6470588235294,,,,,,0,50.6276337,30.4428275,
18:18:56.490,,,,,,,,,,,,,,,33,,,,,,,,,,,,,,,,,,,,,,,,,,,,,,,,,,,,,,,,,,,,,,,,,,,,,,,,71,,,50.6276337,30.4428275,
18:18:56.537,,,,,,,,,,,,,,,,,,23.4375,,,,,,,,,,,,,,,,,,,,,,,,,,,,,,,,,,,,,,,,,,,,,,,,,,,,,,,,50.6276337,30.4428275,
18:18:56.596,,,,,,,,,,,,,,,,1408,0.078125,,,,,,,,,,,,,,,,,,,,,,,,,,,,,,,,,,,,,,,,,,,,,,,,,,,,,,,,,50.6276337,30.4428275,
18:18:56.765,,,,28,,,,,,,,,,,,,,,,,,,,,,,,,,,,,,,,,,,,,,,,,,,,,,,,,,,,,,,,,,,,,,,,,,146,,,,50.6276337,30.4428275,
18:18:56.945,,,,,,,,,355.81,60.5,,3.703,,,,,,,,,,,,,,,,,,,,,,,,,,,,,,,,,,,,,,,,,,,,,,,,,,,7.396,,,,,,,,,,,50.6276744,30.4429413,
18:18:57.021,-7,,-6.899999999999864,,,,,,,,,,3.699,,,,,,,,,,,,,,,,,,,,,,,,,,,,,,,,,,,,,,,,,,,,,,,,,,7.402,,,,,,,,,,,50.6276744,30.4429413,
18:18:57.081,,-6.849999999999909,,,,,,,,,,,,,,,,,,,,,,,,,,,,,,,,,,,,,,,,,,,,,,,,,,,,,,,,,,,,,,,,,,,,,,,,50.6276744,30.4429413,
18:18:57.250,,,,,,,,,,,,,,,,,,,,,,,,,,,,,,,,,,0.01,0,,,0,0,,0.07414833771209706,0.016985661861111112,12.337405,12.337405,6764.301284000001,0,-0.01,,,,,2.3808079447875294,,,,39,98,,15,,,,,149,0.01,,,,,,,0.012,,50.6276744,30.4429413,
18:18:57.365,,,,,,,,,,,,,,,,,,,,0,5.882352941176471,99,,,,,,,,,,5.882352941176471,,,,,,,,0,,,,,,,,,,,,,0,,,,,,,,,,,,0.01,,17.6470588235294,99,,,,,,50.6276744,30.4429413,
18:18:57.460,,,,,,,,,,,,,,,,,,,,,,,0,57.57656,57.57656,627.89670895,0,0.7197070000000001,0.7197070000000001,8.162865,0,,5.882352941176471,,,0,0,,,,,,,,,,,0,5.83353630686518,5.83353630686518,0.12067565676455164,,,50,,,,38990,,12000,0,0,,149,0.01,38990,17.6470588235294,,,,,,0,50.6276744,30.4429413,
18:18:57.810,,,,,,,,,,,,,,,33,,,,,,,,,,,,,,,,,,,,,,,,,,,,,,,,,,,,,,,,,,,,,,,,,,,,,,,,71,,,50.6276744,30.4429413,
18:18:57.858,,,,,,,,,,,,,,,,,,-10.90625,,,,,,,,,,,,,,,,,,,,,,,,,,,,,,,,,,,,,,,,,,,,,,,,,,,,,,,,50.6276744,30.4429413,
18:18:57.894,,,,,,,,,,,,,,,,-832,-0.0625,,,,,,,,,,,,,,,,,,,,,,,,,,,,,,,,,,,,,,,,,,,,,,,,,,,,,,,,,50.6276744,30.4429413,
18:18:58.037,,,,,,,,,357.09000000000003,60.5,,3.71,,,,,,,,,,,,,,,,,,,,,,,,,,,,,,,,,,,,,,,,,,,,,,,,,,,7.409,,,,,,,,,,,50.6276893,30.4430121,
18:18:58.098,-7.5499999999999545,,-7.399999999999864,,,,,,,,,,3.701,,,,,,,,,,,,,,,,,,,,,,,,,,,,,,,,,,,,,,,,,,,,,,,,,,7.411,,,,,,,,,,,50.6276893,30.4430121,
18:18:58.146,,-7.0499999999999545,,,,,,,,,,,,,,,,,,,,,,,,,,,,,,,,,,,,,,,,,,,,,,,,,,,,,,,,,,,,,,,,,,,,,,,,50.6276893,30.4430121,
18:18:58.315,,,,,,,,,,,,,,,,,,,,,,,,,,,,,,,,,,0.11,0,,,0,0,,,0.021126196083333333,12.341546,12.341546,6764.305425000001,0,-0.01,,,,,2.843301748762241,,,,39,98,,14,,,,,149,0.11,,,,,,,0.132,,50.6276893,30.4430121,
18:18:58.389,,,,,,,,,,,,,,,,,,,,0,5.882352941176471,99,,,,,,,,,,5.882352941176471,,,,,,,,7.0588235294117645,,,,,,,,,,,,,0,,,,,,,,,,,,0.11,,17.6470588235294,99,,,,,,50.6276893,30.4430121,
18:18:58.485,,,,,,,,,,,,,,,,,,,,,,,0,57.57656,57.57656,627.89670895,0,0.7197070000000001,0.7197070000000001,8.162865,0,,5.882352941176471,,,0,0,,,,,,,,,,,0,5.831578961015095,5.831578961015095,0.12067558288883738,,,50,,,,38980,,12000,0,0,,149,0.11,38980,17.6470588235294,,,,,,0,50.6276893,30.4430121,
18:18:58.679,,,,,,,,,,,,,,,33,,,,,,,,,,,,,,,,,,,,,,,,,,,,,,,,,,,,,,,,,,,,,,,,,,,,,,,,71,,,50.6276893,30.4430121,
18:18:58.726,,,,,,,,,,,,,,,,,,8.4375,,,,,,,,,,,,,,,,,,,,,,,,,,,,,,,,,,,,,,,,,,,,,,,,,,,,,,,,50.6276893,30.4430121,
18:18:58.774,,,,,,,,,,,,,,,,448,0.015625,,,,,,,,,,,,,,,,,,,,,,,,,,,,,,,,,,,,,,,,,,,,,,,,,,,,,,,,,50.6276893,30.4430121,
18:18:58.966,,,,,,30,29,30,,,,,,,,,,,,,,,,,,,,,,,,,,,,,,,,,,,,,,,,,,,,,,,,,,,,,,,,,,,,,,146,,,,50.6277016,30.4430801,
18:18:59.049,,,,,,,,,356.77,60.5,,3.707,,,,,,,,,,,,,,,,,,,,,,,,,,,,,,,,,,,,,,,,,,,,,,,,,,,7.408,,,,,,,,,,,50.6277016,30.4430801,
18:18:59.109,-5.899999999999864,,-5.5499999999999545,,,,,,,,,,3.698,,,,,,,,,,,,,,,,,,,,,,,,,,,,,,,,,,,,,,,,,,,,,,,,,,7.405,,,,,,,,,,,50.6277016,30.4430801,
18:18:59.205,,-2.599999999999909,,,,,,,,,,,,,,,,,,,,,,,,,,,,,,,,,,,,,,,,,,,,,,,,,,,,,,,,,,,,,,,,,,,,,,,,50.6277016,30.4430801,
18:18:59.445,,,,,,,,,,,,,,,,,,,,,,,,,,,,,,,,,,0.04,0,,,0,0,,,0.0258364415,12.346256,12.346256,6764.310135000001,0,-0.01,,,,,3.3362399750651446,,,,39,98,,15,,,,,149,0.04,,,,,,,0.048,,50.6277016,30.4430801,
18:18:59.518,,,,,,,,,,,,,,,,,,,,0,5.882352941176471,99,,,,,,,,,,5.882352941176471,,,,,,,,3.9215686274509802,,,,,,,,,,,,,0,,,,,,,,,,,,0.04,,17.6470588235294,99,,,,,,50.6277016,30.4430801,
18:18:59.613,,,,,,,,,,,,,,,,,,,,,,,0,57.57656,57.57656,627.89670895,0,0.7197070000000001,0.7197070000000001,8.162865,0,,5.882352941176471,,,0,0,,,,,,,,,,,0,5.829354259299338,5.829354259299338,0.12067549886223541,,,50,,,,38970,,12000,0,0,,149,0.04,38970,17.6470588235294,,,,,,0,50.6277016,30.4430801,
18:18:59.710,,,,,,,,,,,,,,,,,,,38,,,,,,,,,,,,,,,,,,,,,,,,,,,,,,,,,,,,,,,,,,,,,,,,,,,,71,,,50.6277016,30.4430801,
18:18:59.866,,,,,,,,,,,,,,,33,,,,,,,,,,,,,,,,,,,,,,,,,,,,,,,,,,,,,,,,,,,,,,,,,,,,,,,,71,,,50.6277016,30.4430801,
18:18:59.912,,,,,,,,,,,,,,,,,,-17.78125,,,,,,,,,,,,,,,,,,,,,,,,,,,,,,,,,,,,,,,,,,,,,,,,,,,,,,,,50.6277016,30.4430801,
18:18:59.961,,,,,,,,,,,,,,,,-1056,-0.078125,,,,,,,,,,,,,,,,,,,,,,,,,,,,,,,,,,,,,,,,,,,,,,,,,,,,,,,,,50.6277148,30.4431426,
18:19:00.129,,,,,,,,,355.16,60.5,,3.715,,,,,,,,,,,,,,,,,,,,,,,,,,,,,,,,,,,,,,,,,,,,,,,,,,,7.413,,,,,,,,,,,50.6277148,30.4431426,
18:19:00.201,-3.0499999999999545,,-3.099999999999909,,,,,,,,,,3.707,,,,,,,,,,,,,,,,,,,,,,,,,,,,,,,,,,,,,,,,,,,,,,,,,,7.422,,,,,,,,,,,50.6277148,30.4431426,
18:19:00.237,,-2.7999999999999545,,,,,,,,,,,,,,,,,,,,,,,,,,,,,,,,,,,,,,,,,,,,,,,,,,,,,,,,,,,,,,,,,,,,,,,,50.6277148,30.4431426,
18:19:00.346,,,,,,,,,,,,,,,,,,,,,,,,,,,,,,,,,,,,,,,,,,,,,,,,,,,,,,,60,,,,,,,,,149,,,,,,,,,,50.6277148,30.4431426,
18:19:00.430,,,,,,,,,,,,,,,,,,,,,,,,,,,,,,,,,,0,0,,,0,0,,,0.02966544927777778,12.350085,12.350085,6764.313964000001,0,-0.01,,,,,3.7000040864549746,,,,39,98,,14,,,,,149,0,,,,,,,0,,50.6277148,30.4431426,
18:19:00.514,,,,,,,,,,,,,,,,,,,,0,5.882352941176471,99,,,,,,,,,,5.882352941176471,,,,,,,,4.705882352941177,,,,,,,,,,,,,0,,,,,,,,,,,,0,,17.6470588235294,99,,,,,,50.6277148,30.4431426,
18:19:00.645,,,,,,,,,,,,,,,,,,,,,,,0,57.57656,57.57656,627.89670895,0,0.7197070000000001,0.7197070000000001,8.162865,0,,5.882352941176471,,,0,0,,,,,,,,,,,0,5.827546935911778,5.827546935911778,0.12067543055279743,,,50,,,,38960,,12000,0,0,,149,0,38960,17.6470588235294,,,,,,0,50.6277148,30.4431426,
18:19:00.814,,,,,,,,,,,,,,,33,,,,,,,,,,,,,,,,,,,,,,,,,,,,,,,,,,,,,,,,,,,,,,,,,,,,,,,,71,,,50.6277148,30.4431426,
18:19:00.896,,,,,,,,,,,,,,,,,,15.578125,,,,,,,,,,,,,,,,,,,,,,,,,,,,,,,,,,,,,,,,,,,,,,,,,,,,,,,,50.6277148,30.4431426,
18:19:00.993,,,,,,,,,,,,,,,,1248,0.0625,,,,,,,,,,,,,,,,,,,,,,,,,,,,,,,,,,,,,,,,,,,,,,,,,,,,,,,,,50.6277287,30.4432066,
18:19:01.257,,,,,,,,,355.81,60.5,,3.705,,,,,,,,,,,,,,,,,,,,,,,,,,,,,,,,,,,,,,,,,,,,,,,,,,,7.412,,,,,,,,,,,50.6277287,30.4432066,
18:19:01.341,-13.849999999999909,,-13.899999999999864,,,,,,,,,,3.695,,,,,,,,,,,,,,,,,,,,,,,,,,,,,,,,,,,,,,,,,,,,,,,,,,7.4,,,,,,,,,,,50.6277287,30.4432066,
18:19:01.402,,-13.699999999999818,,,,,,,,,,,,,,,,,,,,,,,,,,,,,,,,,,,,,,,,,,,,,,,,,,,,,,,,,,,,,,,,,,,,,,,,50.6277287,30.4432066,
18:19:01.557,,,,,,,,,,,,,,,,,,,,,,,,,,,,,,,,,,0.02,0,,,0,0,,,0.03404669444444445,12.354465999999999,12.354465999999999,6764.318345000001,0,-0.01,,,,,4.086930986487397,,,,39,98,,14,,,,,149,0.02,,,,,,,0.024,,50.6277287,30.4432066,
18:19:01.641,,,,,,,,,,,,,,,,,,,,0,5.882352941176471,99,,,,,,,,,,5.882352941176471,,,,,,,,5.490196078431373,,,,,,,,,,,,,0,,,,,,,,,,,,0.02,,17.6470588235294,99,,,,,,50.6277287,30.4432066,
18:19:01.749,,,,,,,,,,,,,,,,,,,,,,,0,57.57656,57.57656,627.89670895,0,0.7197070000000001,0.7197070000000001,8.162865,0,,5.882352941176471,,,0,0,,,,,,,,,,,0,5.8254804376004605,5.8254804376004605,0.12067535239576309,,,50,,,,38960,,12000,0,0,,149,0.02,38960,17.6470588235294,,,,,,0,50.6277287,30.4432066,
18:19:01.943,,,,,,,,,,,,,,,33,,,,,,,,,,,,,,,,,,,,,,,,,,,,,,,,,,,,,,,,,,,,,,,,,,,,,,,,71,,,50.6277287,30.4432066,
18:19:01.994,,,,,,,,,,,,,,,,,,-9.1875,,,,,,,,,,,,,,,,,,,,,,,,,,,,,,,,,,,,,,,,,,,,,,,,,,,,,,,,50.6277371,30.4432646,
18:19:02.030,,,,,,,,,,,,,,,,-608,-0.046875,,,,,,,,,,,,,,,,,,,,,,,,,,,,,,,,,,,,,,,,,,,,,,,,,,,,,,,,,50.6277371,30.4432646,
18:19:02.161,,,,,,,,,355.32,60.5,,3.712,,,,,,,,,,,,,,,,,,,,,,,,,,,,,,,,,,,,,,,,,,,,,,,,,,,7.407,,,,,,,,,,,50.6277371,30.4432646,
18:19:02.220,-4.25,,-4.149999999999864,,,,,,,,,,3.705,,,,,,,,,,,,,,,,,,,,,,,,,,,,,,,,,,,,,,,,,,,,,,,,,,7.417,,,,,,,,,,,50.6277371,30.4432646,
18:19:02.257,,-3.849999999999909,,,,,,,,,,,,,,,,,,,,,,,,,,,,,,,,,,,,,,,,,,,,,,,,,,,,,,,,,,,,,,,,,,,,,,,,50.6277371,30.4432646,
18:19:02.364,,,,,,,,,,,,,,,,,,,,,,,,,,,,,,,,,,0,0,,,0,0,,0,0.03718877472222223,12.357607999999999,12.357607999999999,6764.321487000001,0,-0.01,,,,,4.346991421214668,,,,39,98,,14,,,,,149,0,,,,,,,0,,50.6277371,30.4432646,
18:19:02.425,,,,,,,,,,,,,,,,,,,,0,5.882352941176471,99,,,,,,,,,,5.882352941176471,,,,,,,,4.705882352941177,,,,,,,,,,,,,0,,,,,,,,,,,,0,,17.6470588235294,99,,,,,,50.6277371,30.4432646,
18:19:02.498,,,,,,,,,,,,,,,,,,,,,,,0,57.57656,57.57656,627.89670895,0,0.7197070000000001,0.7197070000000001,8.162865,0,,5.882352941176471,,,0,0,,,,,,,,,,,0,5.823999272351091,5.823999272351091,0.12067529634254948,,,50,,,,38950,,12000,0,0,,149,0,38950,17.6470588235294,,,,,,0,50.6277371,30.4432646,
18:19:02.617,,,,,,,,,,,,,,,33,,,,,,,,,,,,,,,,,,,,,,,,,,,,,,,,,,,,,,,,,,,,,,,,,,,,,,,,71,,,50.6277371,30.4432646,
18:19:02.678,,,,,,,,,,,,,,,,,,21.765625,,,,,,,,,,,,,,,,,,,,,,,,,,,,,,,,,,,,,,,,,,,,,,,,,,,,,,,,50.6277371,30.4432646,
18:19:02.714,,,,,,,,,,,,,,,,1568,0.09375,,,,,,,,,,,,,,,,,,,,,,,,,,,,,,,,,,,,,,,,,,,,,,,,,,,,,,,,,50.6277371,30.4432646,
18:19:02.930,,,,,29,,,,,,86.6758781031239,,,86.6758781031239,,,,,,,,,,,,,,,,,,,,,,,,,,,,,,,,,,,,,,,,,,,,,,,,,,,,,,,127.5,146,,,,50.6277371,30.4432646,
18:19:03.002,,,,,,,,,353.87,60.5,,3.698,,,,,,,,,,,,,,,,,,,,,,,,,,,,,,,,,,,,,,,,,,,,,,,,,,,7.403,,,,,,,,,,,50.6277354,30.4433242,
18:19:03.061,-16.549999999999955,,-16.649999999999864,,,,,,,,,,3.693,,,,,,,,,,,,,,,,,,,,,,,,,,,,,,,,,,,,,,,,,,,,,,,,,,7.391,,,,,,,,,,,50.6277354,30.4433242,
18:19:03.109,,-16.699999999999818,,,,,,,,,,,,,,,,,,,,,,,,,,,,,,,,,,,,,,,,,,,,,,,,,,,,,,,,,,,,,,,,,,,,,,,,50.6277354,30.4433242,
18:19:03.241,,,,,,,,,,,,,,,,,,,,,,,,,,,,,,,,,,0.14,0,,,0,0,,-0.00746196260445146,0.040596942500000004,12.361016,12.361016,6764.324895000001,0,-0.01,,,,,4.614074842463934,,,,39,98,,14,,,,,149,0.14,,,,,,,0.168,,50.6277354,30.4433242,
18:19:03.302,,,,,,,,,,,,,,,,,,,,0,5.882352941176471,99,,,,,,,,,,5.882352941176471,,,,,,,,9.019607843137255,,,,,,,,,,,,,0,,,,,,,,,,,,0.14,,17.6470588235294,99,,,,,,50.6277354,30.4433242,
18:19:03.397,,,,,,,,,,,,,,,,,,,,,,,0,57.57656,57.57656,627.89670895,0,0.7197070000000001,0.7197070000000001,8.162865,0,,5.882352941176471,,,0,0,,,,,,,,,,,0,5.82239356376531,5.82239356376531,0.12067523554396037,,,50,,,,38940,,12000,0,0,,149,0.14,38940,17.6470588235294,,,,,,0,50.6277354,30.4433242,
18:19:03.505,,,,,,,,,,,,,,,33,,,,,,,,,,,,,,,,,,,,,,,,,,,,,,,,,,,,,,,,,,,,,,,,,,,,,,,,71,,,50.6277354,30.4433242,
18:19:03.541,,,,,,,,,,,,,,,,,,25.328125,,,,,,,,,,,,,,,,,,,,,,,,,,,,,,,,,,,,,,,,,,,,,,,,,,,,,,,,50.6277354,30.4433242,
18:19:03.577,,,,,,,,,,,,,,,,1632,0.09375,,,,,,,,,,,,,,,,,,,,,,,,,,,,,,,,,,,,,,,,,,,,,,,,,,,,,,,,,50.6277354,30.4433242,
18:19:03.710,,,,,,,,,356.29,60,,3.704,,,,,,,,,,,,,,,,,,,,,,,,,,,,,,,,,,,,,,,,,,,,,,,,,,,7.397,,,,,,,,,,,50.6277354,30.4433242,
18:19:03.769,-6.599999999999909,,-7.5499999999999545,,,,,,,,,,3.701,,,,,,,,,,,,,,,,,,,,,,,,,,,,,,,,,,,,,,,,,,,,,,,,,,7.405,,,,,,,,,,,50.6277354,30.4433242,
18:19:03.806,,-3.25,,,,,,,,,,,,,,,,,,,,,,,,,,,,,,,,,,,,,,,,,,,,,,,,,,,,,,,,,,,,,,,,,,,,,,,,50.6277354,30.4433242,
18:19:03.949,,,,,,,,,,,,,,,,,,,,,,,,,,,,,,,,,,0.01,0,,,0,0,,0.008049209387112396,0.04354609583333334,12.363965,12.363965,6764.327844000001,0,-0.01,,,,,4.841084713030558,,,,39,98,,15,,,,,149,0.01,,,,,,,0.012,,50.627722,30.4433828,
18:19:04.021,,,,,,,,,,,,,,,,,,,,0,5.882352941176471,99,,,,,,,,,,5.882352941176471,,,,,,,,0.7843137254901961,,,,,,,,,,,,,0,,,,,,,,,,,,0.01,,17.6470588235294,99,,,,,,50.627722,30.4433828,
18:19:04.093,,,,,,,,,,,,,,,,,,,,,,,0,57.57656,57.57656,627.89670895,0,0.7197070000000001,0.7197070000000001,8.162865,0,,5.882352941176471,,,0,0,,,,,,,,,,,0,5.821004831378931,5.821004831378931,0.12067518293396305,,,50,,,,38940,,12000,0,0,,149,0.01,38940,17.6470588235294,,,,,,0,50.627722,30.4433828,
18:19:04.201,,,,,,,,,,,,,,,33,,,,,,,,,,,,,,,,,,,,,,,,,,,,,,,,,,,,,,,,,,,,,,,,,,,,,,,,71,,,50.627722,30.4433828,
18:19:04.237,,,,,,,,,,,,,,,,,,-22.21875,,,,,,,,,,,,,,,,,,,,,,,,,,,,,,,,,,,,,,,,,,,,,,,,,,,,,,,,50.627722,30.4433828,
18:19:04.285,,,,,,,,,,,,,,,,-1472,-0.09375,,,,,,,,,,,,,,,,,,,,,,,,,,,,,,,,,,,,,,,,,,,,,,,,,,,,,,,,,50.627722,30.4433828,
18:19:04.406,,,,,,,,,355.16,60,,3.711,,,,,,,,,,,,,,,,,,,,,,,,,,,,,,,,,,,,,,,,,,,,,,,,,,,7.412,,,,,,,,,,,50.627722,30.4433828,
18:19:04.465,-3.449999999999818,,-3.75,,,,,,,,,,3.704,,,,,,,,,,,,,,,,,,,,,,,,,,,,,,,,,,,,,,,,,,,,,,,,,,7.415,,,,,,,,,,,50.627722,30.4433828,
18:19:04.502,,-3.849999999999909,,,,,,,,,,,,,,,,,,,,,,,,,,,,,,,,,,,,,,,,,,,,,,,,,,,,,,,,,,,,,,,,,,,,,,,,50.627722,30.4433828,
18:19:04.610,,,,,,,,,,,,,,,,,,,,,,,,,,,,,,,,,,,,,,,,,,,,,,,,,,,,,,,60,,,,,,,,,149,,,,,,,,,,50.627722,30.4433828,
18:19:04.681,,,,,,,,,,,,,,,,,,,,,,,,,,,,,,,,,,0.11,0,,,0,0,,,0.04639568811111112,12.366814999999999,12.366814999999999,6764.330694000001,0,-0.01,,,,,5.043747712716291,,,,39,98,,14,,,,,149,0.11,,,,,,,0.132,,50.627722,30.4433828,
18:19:04.753,,,,,,,,,,,,,,,,,,,,0,5.882352941176471,99,,,,,,,,,,5.882352941176471,,,,,,,,7.0588235294117645,,,,,,,,,,,,,0,,,,,,,,,,,,0.11,,17.6470588235294,99,,,,,,50.627722,30.4433828,
18:19:04.826,,,,,,,,,,,,,,,,,,,,,,,0,57.57656,57.57656,627.89670895,0,0.7197070000000001,0.7197070000000001,8.162865,0,,5.882352941176471,,,0,0,,,,,,,,,,,0,5.819663349051475,5.819663349051475,0.12067513209016388,,,50,,,,38930,,12000,0,0,,149,0.11,38930,17.6470588235294,,,,,,0,50.627722,30.4433828,
18:19:05.125,,,,,,,,,,,,,,,33,,,,,,,,,,,,,,,,,,,,,,,,,,,,,,,,,,,,,,,,,,,,,,,,,,,,,,,,71,,,50.6276971,30.4434354,
18:19:05.196,,,,,,,,,,,,,,,,,,35.171875,,,,,,,,,,,,,,,,,,,,,,,,,,,,,,,,,,,,,,,,,,,,,,,,,,,,,,,,50.6276971,30.4434354,
18:19:05.318,,,,,,,,,,,,,,,,2080,0.125,,,,,,,,,,,,,,,,,,,,,,,,,,,,,,,,,,,,,,,,,,,,,,,,,,,,,,,,,50.6276971,30.4434354,
18:19:05.521,,,,,,,,,355.32,60,,3.695,,,,,,,,,,,,,,,,,,,,,,,,,,,,,,,,,,,,,,,,,,,,,,,,,,,7.399,,,,,,,,,,,50.6276971,30.4434354,
18:19:05.618,-17.549999999999955,,-17.699999999999818,,,,,,,,,,3.687,,,,,,,,,,,,,,,,,,,,,,,,,,,,,,,,,,,,,,,,,,,,,,,,,,7.382,,,,,,,,,,,50.6276971,30.4434354,
18:19:05.677,,-17.34999999999991,,,,,,,,,,,,,,,,,,,,,,,,,,,,,,,,,,,,,,,,,,,,,,,,,,,,,,,,,,,,,,,,,,,,,,,,50.6276971,30.4434354,
18:19:05.858,,,,,,,,,,,,,,,,,,,,,,,,,,,,,,,,,,0.11,0,,,0,0,,,0.05097242850000001,12.371392,12.371392,6764.335271000001,0,-0.01,,,,,5.3511194121785,,,,39,98,,14,,,,,149,0.11,,,,,,,0.132,,50.6276971,30.4434354,
18:19:05.930,,,,,,,,,,,,,,,,,,,,0,5.882352941176471,99,,,,,,,,,,5.882352941176471,,,,,,,,9.019607843137255,,,,,,,,,,,,,0,,,,,,,,,,,,0.11,,17.6470588235294,99,,,,,,50.6276971,30.4434354,
18:19:06.026,,,,,,,,,,,,,,,,,,,,,,,0,57.57656,57.57656,627.89670895,0,0.7197070000000001,0.7197070000000001,8.162865,0,,5.882352941176471,,,0,0,,,,,,,,,,,0,5.817510268852527,5.817510268852527,0.12067505043689605,,,50,,,,38920,,12000,0,0,,149,0.11,38920,17.6470588235294,,,,,,0,50.6276937,30.4434582,
18:19:06.145,,,,,,,,,,,,,,,33,,,,,,,,,,,,,,,,,,,,,,,,,,,,,,,,,,,,,,,,,,,,,,,,,,,,,,,,71,,,50.6276937,30.4434582,
18:19:06.180,,,,,,,,,,,,,,,,,,30.203125,,,,,,,,,,,,,,,,,,,,,,,,,,,,,,,,,,,,,,,,,,,,,,,,,,,,,,,,50.6276937,30.4434582,
18:19:06.217,,,,,,,,,,,,,,,,1920,0.109375,,,,,,,,,,,,,,,,,,,,,,,,,,,,,,,,,,,,,,,,,,,,,,,,,,,,,,,,,50.6276937,30.4434582,
18:19:06.301,,,,28,,,,,,,,,,,,,,,,,,,,,,,,,,,,,,,,,,,,,,,,,,,,,,,,,,,,,,,,,,,,,,,,,,146,,,,50.6276937,30.4434582,
18:19:06.445,,,,,,,,,353.87,60,,3.694,,,,,,,,,,,,,,,,,,,,,,,,,,,,,,,,,,,,,,,,,,,,,,,,,,,7.381,,,,,,,,,,,50.6276937,30.4434582,
18:19:06.528,-16.399999999999864,,-16.199999999999818,,,,,,,,,,3.687,,,,,,,,,,,,,,,,,,,,,,,,,,,,,,,,,,,,,,,,,,,,,,,,,,7.381,,,,,,,,,,,50.6276937,30.4434582,
18:19:06.578,,-16.049999999999955,,,,,,,,,,,,,,,,,,,,,,,,,,,,,,,,,,,,,,,,,,,,,,,,,,,,,,,,,,,,,,,,,,,,,,,,50.6276937,30.4434582,
18:19:06.818,,,,,,,,,,,,,,,,,,,,,,,,,,,,,,,,,,0.14,0,,,0,0,,,0.054971572666666677,12.375391,12.375391,6764.339270000001,0,-0.01,,,,,5.613827621633091,,,,39,98,,15,,,,,149,0.14,,,,,,,0.168,,50.6276937,30.4434582,
18:19:06.910,,,,,,,,,,,,,,,,,,,,0,5.882352941176471,99,,,,,,,,,,5.882352941176471,,,,,,,,9.019607843137255,,,,,,,,,,,,,0,,,,,,,,,,,,0.14,,17.6470588235294,99,,,,,,50.6276937,30.4434582,
18:19:07.016,,,,,,,,,,,,,,,,,,,,,,,0,57.57656,57.57656,627.89670895,0,0.7197070000000001,0.7197070000000001,8.162865,0,,5.882352941176471,,,0,0,,,,,,,,,,,0,5.815630390991283,5.815630390991283,0.12067497909518661,,,50,,,,38910,,12000,0,0,,149,0.14,38910,17.6470588235294,,,,,,0,50.627726,30.4435108,
18:19:07.090,,,,,,,,,,,,,,,,,,,39,,,,,,,,,,,,,,,,,,,,,,,,,,,,,,,,,,,,,,,,,,,,,,,,,,,,72,,,50.627726,30.4435108,
18:19:07.188,,,,,,,,,,,,,,,33,,,,,,,,,,,,,,,,,,,,,,,,,,,,,,,,,,,,,,,,,,,,,,,,,,,,,,,,72,,,50.627726,30.4435108,
18:19:07.225,,,,,,,,,,,,,,,,,,29.421875,,,,,,,,,,,,,,,,,,,,,,,,,,,,,,,,,,,,,,,,,,,,,,,,,,,,,,,,50.627726,30.4435108,
18:19:07.270,,,,,,,,,,,,,,,,1952,0.109375,,,,,,,,,,,,,,,,,,,,,,,,,,,,,,,,,,,,,,,,,,,,,,,,,,,,,,,,,50.627726,30.4435108,
18:19:07.389,,,,,,,,,353.71,60,,3.691,,,,,,,,,,,,,,,,,,,,,,,,,,,,,,,,,,,,,,,,,,,,,,,,,,,7.378,,,,,,,,,,,50.627726,30.4435108,
18:19:07.441,-18.5,,-18.649999999999864,,,,,,,,,,3.685,,,,,,,,,,,,,,,,,,,,,,,,,,,,,,,,,,,,,,,,,,,,,,,,,,7.376,,,,,,,,,,,50.627726,30.4435108,
18:19:07.478,,-18.84999999999991,,,,,,,,,,,,,,,,,,,,,,,,,,,,,,,,,,,,,,,,,,,,,,,,,,,,,,,,,,,,,,,,,,,,,,,,50.627726,30.4435108,
18:19:07.610,,,,,,,,,,,,,,,,,,,,,,,,,,,,,,,,,,0.08,0,,,0,0,,,0.05827178725000001,12.378691,12.378691,6764.342570000001,0,-0.01,,,,,5.820085463507543,,,,39,98,,15,,,,,149,0.08,,,,,,,0.096,,50.627726,30.4435108,
18:19:07.684,,,,,,,,,,,,,,,,,,,,0,5.882352941176471,99,,,,,,,,,,5.882352941176471,,,,,,,,10.980392156862745,,,,,,,,,,,,,0,,,,,,,,,,,,0.08,,17.6470588235294,99,,,,,,50.627726,30.4435108,
18:19:07.758,,,,,,,,,,,,,,,,,,,,,,,0,57.57656,57.57656,627.89670895,0,0.7197070000000001,0.7197070000000001,8.162865,0,,5.882352941176471,,,0,0,,,,,,,,,,,0,5.814080018638482,5.814080018638482,0.12067492022362196,,,50,,,,38900,,12000,0,0,,149,0.08,38900,17.6470588235294,,,,,,0,50.627726,30.4435108,
18:19:07.890,,,,,,,,,,,,,,,33,,,,,,,,,,,,,,,,,,,,,,,,,,,,,,,,,,,,,,,,,,,,,,,,,,,,,,,,72,,,50.627726,30.4435108,
18:19:07.925,,,,,,,,,,,,,,,,,,24.546875,,,,,,,,,,,,,,,,,,,,,,,,,,,,,,,,,,,,,,,,,,,,,,,,,,,,,,,,50.627726,30.4435108,
18:19:07.962,,,,,,,,,,,,,,,,2080,0.125,,,,,,,,,,,,,,,,,,,,,,,,,,,,,,,,,,,,,,,,,,,,,,,,,,,,,,,,,50.6277716,30.443498,
18:19:08.105,,,,,,30,29,30,,,,,,,,,,,,,,,,,,,,,,,,,,,,,,,,,,,,,,,,,,,,,,,,,,,,,,,,,,,,,,146,,,,50.6277716,30.443498,
18:19:08.165,,,,,,,,,355.32,60,,3.703,,,,,,,,,,,,,,,,,,,,,,,,,,,,,,,,,,,,,,,,,,,,,,,,,,,7.388,,,,,,,,,,,50.6277716,30.443498,
18:19:08.226,-0.5,,0.10000000000013642,,,,,,,,,,3.696,,,,,,,,,,,,,,,,,,,,,,,,,,,,,,,,,,,,,,,,,,,,,,,,,,7.399,,,,,,,,,,,50.6277716,30.443498,
18:19:08.321,,2.550000000000182,,,,,,,,,,,,,,,,,,,,,,,,,,,,,,,,,,,,,,,,,,,,,,,,,,,,,,,,,,,,,,,,,,,,,,,,50.6277716,30.443498,
18:19:08.536,,,,,,,,,,,,,,,,,,,,,,,,,,,,,,,,,,0,0,,,0,0,,0.007347299186266289,0.062132707666666676,12.382552,12.382552,6764.346431000001,0,-0.01,,,,,6.0501689508029095,,,,39,98,,15,,,,,149,0,,,,,,,0,,50.6277716,30.443498,
18:19:08.598,,,,,,,,,,,,,,,,,,,,0,5.882352941176471,99,,,,,,,,,,5.882352941176471,,,,,,,,4.705882352941177,,,,,,,,,,,,,0,,,,,,,,,,,,0,,17.6470588235294,99,,,,,,50.6277716,30.443498,
18:19:08.695,,,,,,,,,,,,,,,,,,,,,,,0,57.57656,57.57656,627.89670895,0,0.7197070000000001,0.7197070000000001,8.162865,0,,5.882352941176471,,,0,0,,,,,,,,,,,0,5.812267132009621,5.812267132009621,0.12067485134396422,,,50,,,,38900,,12000,0,0,,149,0,38900,17.6470588235294,,,,,,0,50.6277716,30.443498,
18:19:08.818,,,,,,,,,,,,,,,33,,,,,,,,,,,,,,,,,,,,,,,,,,,,,,,,,,,,,,,,,,,,,,,,,,,,,,,,72,,,50.6277716,30.443498,
18:19:08.854,,,,,,,,,,,,,,,,,,15.28125,,,,,,,,,,,,,,,,,,,,,,,,,,,,,,,,,,,,,,,,,,,,,,,,,,,,,,,,50.6277716,30.443498,
18:19:08.900,,,,,,,,,,,,,,,,608,0.03125,,,,,,,,,,,,,,,,,,,,,,,,,,,,,,,,,,,,,,,,,,,,,,,,,,,,,,,,,50.6277716,30.443498,
18:19:09.033,,,,,,,,,355.64,60,,3.696,,,,,,,,,,,,,,,,,,,,,,,,,,,,,,,,,,,,,,,,,,,,,,,,,,,7.392,,,,,,,,,,,50.6278061,30.4434807,
18:19:09.141,-17.549999999999955,,-18.049999999999955,,,,,,,,,,3.687,,,,,,,,,,,,,,,,,,,,,,,,,,,,,,,,,,,,,,,,,,,,,,,,,,7.383,,,,,,,,,,,50.6278061,30.4434807,
18:19:09.177,,-20.299999999999955,,,,,,,,,,,,,,,,,,,,,,,,,,,,,,,,,,,,,,,,,,,,,,,,,,,,,,,,,,,,,,,,,,,,,,,,50.6278061,30.4434807,
18:19:09.266,,,,,,,,,,,,,,,,,,,,,,,,,,,,,,,,,,,,,,,,,,,,,,,,,,,,,,,60,,,,,,,,,149,,,,,,,,,,50.6278061,30.4434807,
18:19:09.329,,,,,,,,,,,,,,,,,,,,,,,,,,,,,,,,,,0.14,0,,,0,0,,0,0.06521261433333334,12.385632,12.385632,6764.349511000001,0,-0.01,,,,,6.216897320130691,,,,39,98,,14,,,,,149,0.14,,,,,,,0.168,,50.6278061,30.4434807,
18:19:09.404,,,,,,,,,,,,,,,,,,,,0,5.882352941176471,99,,,,,,,,,,5.882352941176471,,,,,,,,11.764705882352942,,,,,,,,,,,,,0,,,,,,,,,,,,0.14,,17.6470588235294,99,,,,,,50.6278061,30.4434807,
18:19:09.490,,,,,,,,,,,,,,,,,,,,,,,0,57.57656,57.57656,627.89670895,0,0.7197070000000001,0.7197070000000001,8.162865,0,,5.882352941176471,,,0,0,,,,,,,,,,,0,5.81082176509039,5.81082176509039,0.12067479639728508,,,50,,,,38890,,12000,0,0,,149,0.14,38890,17.6470588235294,,,,,,0,50.6278061,30.4434807,
18:19:09.586,,,,,,,,,,,,,,,33,,,,,,,,,,,,,,,,,,,,,,,,,,,,,,,,,,,,,,,,,,,,,,,,,,,,,,,,72,,,50.6278061,30.4434807,
18:19:09.622,,,,,,,,,,,,,,,,,,49.578125,,,,,,,,,,,,,,,,,,,,,,,,,,,,,,,,,,,,,,,,,,,,,,,,,,,,,,,,50.6278061,30.4434807,
18:19:09.657,,,,,,,,,,,,,,,,3008,0.171875,,,,,,,,,,,,,,,,,,,,,,,,,,,,,,,,,,,,,,,,,,,,,,,,,,,,,,,,,50.6278061,30.4434807,
18:19:09.765,,,,,29,,,,,,86.6758781031239,,,86.6758781031239,,,,,,,,,,,,,,,,,,,,,,,,,,,,,,,,,,,,,,,,,,,,,,,,,,,,,,,127.5,146,,,,50.6278061,30.4434807,
18:19:09.826,,,,,,,,,355.81,60,,3.692,,,,,,,,,,,,,,,,,,,,,,,,,,,,,,,,,,,,,,,,,,,,,,,,,,,7.379,,,,,,,,,,,50.6278061,30.4434807,
18:19:09.873,-6.0499999999999545,,-6,,,,,,,,,,3.692,,,,,,,,,,,,,,,,,,,,,,,,,,,,,,,,,,,,,,,,,,,,,,,,,,7.384,,,,,,,,,,,50.6278061,30.4434807,
18:19:09.909,,-4.699999999999818,,,,,,,,,,,,,,,,,,,,,,,,,,,,,,,,,,,,,,,,,,,,,,,,,,,,,,,,,,,,,,,,,,,,,,,,50.6278061,30.4434807,
18:19:10.042,,,,,,,,,,,,,,,,,,,,,,,,,,,,,,,,,,0,0,,,0,0,,,0.06818650058333334,12.388606,12.388606,6764.352485000001,0,-0.01,,,,,6.379823669615149,,,,39,98,,15,,,,,149,0,,,,,,,0,,50.6278299,30.4434346,
18:19:10.114,,,,,,,,,,,,,,,,,,,,0,5.882352941176471,99,,,,,,,,,,5.882352941176471,,,,,,,,0,,,,,,,,,,,,,0,,,,,,,,,,,,0,,17.6470588235294,99,,,,,,50.6278299,30.4434346,
18:19:10.186,,,,,,,,,,,,,,,,,,,,,,,0,57.57656,57.57656,627.89670895,0,0.7197070000000001,0.7197070000000001,8.162865,0,,5.882352941176471,,,0,0,,,,,,,,,,,0,5.8094268233245945,5.8094268233245945,0.12067474334167551,,,50,,,,38890,,12000,0,0,,149,0,38890,17.6470588235294,,,,,,0,50.6278299,30.4434346,
18:19:10.306,,,,,,,,,,,,,,,33,,,,,,,,,,,,,,,,,,,,,,,,,,,,,,,,,,,,,,,,,,,,,,,,,,,,,,,,72,,,50.6278299,30.4434346,
18:19:10.354,,,,,,,,,,,,,,,,,,2.734375,,,,,,,,,,,,,,,,,,,,,,,,,,,,,,,,,,,,,,,,,,,,,,,,,,,,,,,,50.6278299,30.4434346,
18:19:10.438,,,,,,,,,,,,,,,,288,0.015625,,,,,,,,,,,,,,,,,,,,,,,,,,,,,,,,,,,,,,,,,,,,,,,,,,,,,,,,,50.6278299,30.4434346,
18:19:10.677,,,,,,,,,354.2,59.5,,3.685,,,,,,,,,,,,,,,,,,,,,,,,,,,,,,,,,,,,,,,,,,,,,,,,,,,7.377,,,,,,,,,,,50.6278299,30.4434346,
18:19:10.738,-25.699999999999818,,-26.199999999999818,,,,,,,,,,3.674,,,,,,,,,,,,,,,,,,,,,,,,,,,,,,,,,,,,,,,,,,,,,,,,,,7.359,,,,,,,,,,,50.6278299,30.4434346,
18:19:10.774,,-27.34999999999991,,,,,,,,,,,,,,,,,,,,,,,,,,,,,,,,,,,,,,,,,,,,,,,,,,,,,,,,,,,,,,,,,,,,,,,,50.6278299,30.4434346,
18:19:10.918,,,,,,,,,,,,,,,,,,,,,,,,,,,,,,,,,,0,0,,,0,0,,,0.07183539016666667,12.392254999999999,12.392254999999999,6764.356134000001,0,-0.01,,,,,6.57165608028004,,,,39,98,,15,,,,,149,0,,,,,,,0,,50.6278299,30.4434346,
18:19:10.989,,,,,,,,,,,,,,,,,,,,0,5.882352941176471,99,,,,,,,,,,5.882352941176471,,,,,,,,10.980392156862745,,,,,,,,,,,,,0,,,,,,,,,,,,0,,17.6470588235294,99,,,,,,50.6278407,30.4433808,
18:19:11.062,,,,,,,,,,,,,,,,,,,,,,,0,57.57656,57.57656,627.89670895,0,0.7197070000000001,0.7197070000000001,8.162865,0,,5.882352941176471,,,0,0,,,,,,,,,,,0,5.807716190475423,5.807716190475423,0.12067467824425461,,,50,,,,38880,,12000,0,0,,149,0,38880,17.6470588235294,,,,,,0,50.6278407,30.4433808,
18:19:11.182,,,,,,,,,,,,,,,33,,,,,,,,,,,,,,,,,,,,,,,,,,,,,,,,,,,,,,,,,,,,,,,,,,,,,,,,72,,,50.6278407,30.4433808,
18:19:11.229,,,,,,,,,,,,,,,,,,39.078125,,,,,,,,,,,,,,,,,,,,,,,,,,,,,,,,,,,,,,,,,,,,,,,,,,,,,,,,50.6278407,30.4433808,
18:19:11.265,,,,,,,,,,,,,,,,2560,0.15625,,,,,,,,,,,,,,,,,,,,,,,,,,,,,,,,,,,,,,,,,,,,,,,,,,,,,,,,,50.6278407,30.4433808,
18:19:11.390,,,,,,,,,352.75,59.5,,3.686,,,,,,,,,,,,,,,,,,,,,,,,,,,,,,,,,,,,,,,,,,,,,,,,,,,7.36,,,,,,,,,,,50.6278407,30.4433808,
18:19:11.449,-19.199999999999818,,-19.25,,,,,,,,,,3.68,,,,,,,,,,,,,,,,,,,,,,,,,,,,,,,,,,,,,,,,,,,,,,,,,,7.366,,,,,,,,,,,50.6278407,30.4433808,
18:19:11.485,,-19.049999999999955,,,,,,,,,,,,,,,,,,,,,,,,,,,,,,,,,,,,,,,,,,,,,,,,,,,,,,,,,,,,,,,,,,,,,,,,50.6278407,30.4433808,
18:19:11.653,,,,,,,,,,,,,,,,,,,,,,,,,,,,,,,,,,0,0,,,0,0,,,0.07510086216666667,12.39552,12.39552,6764.359399000001,0,-0.01,,,,,6.744464111691794,,,,39,98,,16,,,,,149,0,,,,,,,0,,50.6278407,30.4433808,
18:19:11.729,,,,,,,,,,,,,,,,,,,,0,5.882352941176471,99,,,,,,,,,,5.882352941176471,,,,,,,,9.411764705882353,,,,,,,,,,,,,0,,,,,,,,,,,,0,,17.6470588235294,99,,,,,,50.6278407,30.4433808,
18:19:11.790,,,,,,,,,,,,,,,,,,,,,,,0,57.57656,57.57656,627.89670895,0,0.7197070000000001,0.7197070000000001,8.162865,0,,5.882352941176471,,,0,0,,,,,,,,,,,0,5.806186428645189,5.806186428645189,0.12067461999737544,,,50,,,,38870,,12000,0,0,,149,0,38870,17.6470588235294,,,,,,0,50.6278407,30.4433808,
18:19:11.910,,,,,,,,,,,,,,,33,,,,,,,,,,,,,,,,,,,,,,,,,,,,,,,,,,,,,,,,,,,,,,,,,,,,,,,,72,,,50.6278407,30.4433808,
18:19:11.946,,,,,,,,,,,,,,,,,,44.234375,,,,,,,,,,,,,,,,,,,,,,,,,,,,,,,,,,,,,,,,,,,,,,,,,,,,,,,,50.6278407,30.4433808,
18:19:11.996,,,,,,,,,,,,,,,,2656,0.15625,,,,,,,,,,,,,,,,,,,,,,,,,,,,,,,,,,,,,,,,,,,,,,,,,,,,,,,,,50.6278474,30.4433169,
18:19:12.106,,,,,,,,,352.1,59.5,,3.684,,,,,,,,,,,,,,,,,,,,,,,,,,,,,,,,,,,,,,,,,,,,,,,,,,,7.364,,,,,,,,,,,50.6278474,30.4433169,
18:19:12.165,-24.549999999999955,,-24.649999999999864,,,,,,,,,,3.673,,,,,,,,,,,,,,,,,,,,,,,,,,,,,,,,,,,,,,,,,,,,,,,,,,7.357,,,,,,,,,,,50.6278474,30.4433169,
18:19:12.226,,-25.899999999999864,,,,,,,,,,,,,,,,,,,,,,,,,,,,,,,,,,,,,,,,,,,,,,,,,,,,,,,,,,,,,,,,,,,,,,,,50.6278474,30.4433169,
18:19:12.477,,,,,,,,,,,,,,,,,,,,,,,,,,,,,,,,,,0,0,,,0,0,,0.017992619275272636,0.07876508261111112,12.399184,12.399184,6764.363063000001,0,-0.01,,,,,6.9309836454706035,,,,39,98,,16,,,,,149,0,,,,,,,0,,50.6278474,30.4433169,
18:19:12.549,,,,,,,,,,,,,,,,,,,,0,5.882352941176471,99,,,,,,,,,,5.882352941176471,,,,,,,,15.294117647058824,,,,,,,,,,,,,0,,,,,,,,,,,,0,,17.6470588235294,99,,,,,,50.6278474,30.4433169,
18:19:12.621,,,,,,,,,,,,,,,,,,,,,,,0,57.57656,57.57656,627.89670895,0,0.7197070000000001,0.7197070000000001,8.162865,0,,5.882352941176471,,,0,0,,,,,,,,,,,0,5.804470681296447,5.804470681296447,0.12067455463249134,,,50,,,,38870,,12000,0,0,,149,0,38870,17.6470588235294,,,,,,0,50.6278474,30.4433169,
18:19:12.754,,,,,,,,,,,,,,,33,,,,,,,,,,,,,,,,,,,,,,,,,,,,,,,,,,,,,,,,,,,,,,,,,,,,,,,,72,,,50.6278474,30.4433169,
18:19:12.790,,,,,,,,,,,,,,,,,,67.15625,,,,,,,,,,,,,,,,,,,,,,,,,,,,,,,,,,,,,,,,,,,,,,,,,,,,,,,,50.6278474,30.4433169,
18:19:12.837,,,,,,,,,,,,,,,,4512,0.265625,,,,,,,,,,,,,,,,,,,,,,,,,,,,,,,,,,,,,,,,,,,,,,,,,,,,,,,,,50.6278474,30.4433169,
18:19:12.958,,,,,,,,,351.78000000000003,59.5,,3.67,,,,,,,,,,,,,,,,,,,,,,,,,,,,,,,,,,,,,,,,,,,,,,,,,,,7.343,,,,,,,,,,,50.627802,30.4432682,
18:19:13.030,-32.69999999999982,,-1600,,,,,,,,,,3.66,,,,,,,,,,,,,,,,,,,,,,,,,,,,,,,,,,,,,,,,,,,,,,,,,,7.33,,,,,,,,,,,50.627802,30.4432682,
18:19:13.066,,-32.299999999999955,,,,,,,,,,,,,,,,,,,,,,,,,,,,,,,,,,,,,,,,,,,,,,,,,,,,,,,,,,,,,,,,,,,,,,,,50.627802,30.4432682,
18:19:13.178,,,,,,,,,,,,,,,,,,,,,,,,,,,,,,,,,,,,,,,,,,,,,,,,,,,,,,,60,,,,,,,,,149,,,,,,,,,,50.627802,30.4432682,
18:19:13.250,,,,,,,,,,,,,,,,,,,,,,,,,,,,,,,,,,0.16,0,,,0,0,,0.01766232886589917,0.08241291805555556,12.402832,12.402832,6764.366711000001,0,-0.01,,,,,7.117583209621816,,,,39,98,,17,,,,,149,0.16,,,,,,,0.192,,50.627802,30.4432682,
18:19:13.317,,,,,,,,,,,,,,,,,,,,0,5.882352941176471,99,,,,,,,,,,5.882352941176471,,,,,,,,14.117647058823529,,,,,,,,,,,,,0,,,,,,,,,,,,0.16,,17.6470588235294,99,,,,,,50.627802,30.4432682,
18:19:13.414,,,,,,,,,,,,,,,,,,,,,,,0,57.57656,57.57656,627.89670895,0,0.7197070000000001,0.7197070000000001,8.162865,0,,5.882352941176471,,,0,0,,,,,,,,,,,0,5.8027634333836025,5.8027634333836025,0.12067448955311376,,,50,,,,38860,,12000,0,0,,149,0.16,38860,17.6470588235294,,,,,,0,50.627802,30.4432682,
18:19:13.486,,,,,,,,,,,,,,,,,,,39,,,,,,,,,,,,,,,,,,,,,,,,,,,,,,,,,,,,,,,,,,,,,,,,,,,,72,,,50.627802,30.4432682,
18:19:13.593,,,,,,,,,,,,,,,33,,,,,,,,,,,,,,,,,,,,,,,,,,,,,,,,,,,,,,,,,,,,,,,,,,,,,,,,72,,,50.627802,30.4432682,
18:19:13.630,,,,,,,,,,,,,,,,,,55.078125,,,,,,,,,,,,,,,,,,,,,,,,,,,,,,,,,,,,,,,,,,,,,,,,,,,,,,,,50.627802,30.4432682,
18:19:13.681,,,,,,,,,,,,,,,,3648,0.21875,,,,,,,,,,,,,,,,,,,,,,,,,,,,,,,,,,,,,,,,,,,,,,,,,,,,,,,,,50.627802,30.4432682,
18:19:13.815,,,,,,,,,350.98,59.5,,3.666,,,,,,,,,,,,,,,,,,,,,,,,,,,,,,,,,,,,,,,,,,,,,,,,,,,7.326,,,,,,,,,,,50.627802,30.4432682,
18:19:13.861,-31.84999999999991,,-1600,,,,,,,,,,3.658,,,,,,,,,,,,,,,,,,,,,,,,,,,,,,,,,,,,,,,,,,,,,,,,,,7.324,,,,,,,,,,,50.627802,30.4432682,
18:19:13.897,,-31.449999999999818,,,,,,,,,,,,,,,,,,,,,,,,,,,,,,,,,,,,,,,,,,,,,,,,,,,,,,,,,,,,,,,,,,,,,,,,50.627802,30.4432682,
18:19:14.005,,,,,,,,,,,,,,,,,,,,,,,,,,,,,,,,,,0,0,,,0,0,,0.03670376574713653,0.08639994086111112,12.406818999999999,12.406818999999999,6764.370698000001,0,-0.01,,,,,7.32909611584078,,,,39,98,,19,,,,,149,0,,,,,,,0,,50.6277737,30.4432079,
18:19:14.084,,,,,,,,,,,,,,,,,,,,0,5.882352941176471,99,,,,,,,,,,5.882352941176471,,,,,,,,15.294117647058824,,,,,,,,,,,,,0,,,,,,,,,,,,0,,17.6470588235294,99,,,,,,50.6277737,30.4432079,
18:19:14.206,,,,,,,,,,,,,,,,,,,,,,,0,57.57656,57.57656,627.89670895,0,0.7197070000000001,0.7197070000000001,8.162865,0,,5.882352941176471,,,0,0,,,,,,,,,,,0,5.800898683216062,5.800898683216062,0.12067441842614403,,,50,,,,38860,,12000,0,0,,149,0,38860,17.6470588235294,,,,,,0,50.6277737,30.4432079,
18:19:14.409,,,,,,,,,,,,,,,33,,,,,,,,,,,,,,,,,,,,,,,,,,,,,,,,,,,,,,,,,,,,,,,,,,,,,,,,72,,,50.6277737,30.4432079,
18:19:14.457,,,,,,,,,,,,,,,,,,57.515625,,,,,,,,,,,,,,,,,,,,,,,,,,,,,,,,,,,,,,,,,,,,,,,,,,,,,,,,50.6277737,30.4432079,
18:19:14.505,,,,,,,,,,,,,,,,3680,0.21875,,,,,,,,,,,,,,,,,,,,,,,,,,,,,,,,,,,,,,,,,,,,,,,,,,,,,,,,,50.6277737,30.4432079,
18:19:14.601,,,,28,,,,,,,,,,,,,,,,,,,,,,,,,,,,,,,,,,,,,,,,,,,,,,,,,,,,,,,,,,,,,,,,,,146,,,,50.6277737,30.4432079,
18:19:14.721,,,,,,,,,350.81,59,,3.667,,,,,,,,,,,,,,,,,,,,,,,,,,,,,,,,,,,,,,,,,,,,,,,,,,,7.325,,,,,,,,,,,50.6277737,30.4432079,
18:19:14.782,-21.59999999999991,,-19.299999999999955,,,,,,,,,,3.667,,,,,,,,,,,,,,,,,,,,,,,,,,,,,,,,,,,,,,,,,,,,,,,,,,7.334,,,,,,,,,,,50.6277737,30.4432079,
18:19:14.830,,-14.149999999999864,,,,,,,,,,,,,,,,,,,,,,,,,,,,,,,,,,,,,,,,,,,,,,,,,,,,,,,,,,,,,,,,,,,,,,,,50.6277737,30.4432079,
18:19:14.962,,,,,,,,,,,,,,,,,,,,,,,,,,,,,,,,,,0.09,0,,,0,0,,0.03423669059751897,0.0917155786388889,12.412135,12.412135,6764.376014000001,0,-0.01,,,,,7.608470932542527,,,,39,98,,20,,,,,149,0.09,,,,,,,0.108,,50.6277449,30.4431382,
18:19:15.029,,,,,,,,,,,,,,,,,,,,0,5.882352941176471,99,,,,,,,,,,5.882352941176471,,,,,,,,7.8431372549019605,,,,,,,,,,,,,0,,,,,,,,,,,,0.09,,17.6470588235294,99,,,,,,50.6277449,30.4431382,
18:19:15.102,,,,,,,,,,,,,,,,,,,,,,,0,57.57656,57.57656,627.89670895,0,0.7197070000000001,0.7197070000000001,8.162865,0,,5.882352941176471,,,0,0,,,,,,,,,,,0,5.798414213187337,5.798414213187337,0.12067432359031481,,,50,,,,38850,,12000,0,0,,149,0.09,38850,17.6470588235294,,,,,,0,50.6277449,30.4431382,
18:19:15.233,,,,,,,,,,,,,,,33,,,,,,,,,,,,,,,,,,,,,,,,,,,,,,,,,,,,,,,,,,,,,,,,,,,,,,,,72,,,50.6277449,30.4431382,
18:19:15.270,,,,,,,,,,,,,,,,,,-6.46875,,,,,,,,,,,,,,,,,,,,,,,,,,,,,,,,,,,,,,,,,,,,,,,,,,,,,,,,50.6277449,30.4431382,
18:19:15.306,,,,,,,,,,,,,,,,-544,-0.046875,,,,,,,,,,,,,,,,,,,,,,,,,,,,,,,,,,,,,,,,,,,,,,,,,,,,,,,,,50.6277449,30.4431382,
18:19:15.413,,,,,,,,,353.55,59,,3.693,,,,,,,,,,,,,,,,,,,,,,,,,,,,,,,,,,,,,,,,,,,,,,,,,,,7.36,,,,,,,,,,,50.6277449,30.4431382,
18:19:15.486,-5.449999999999818,,-5.399999999999864,,,,,,,,,,3.682,,,,,,,,,,,,,,,,,,,,,,,,,,,,,,,,,,,,,,,,,,,,,,,,,,7.375,,,,,,,,,,,50.6277449,30.4431382,
18:19:15.522,,-5.149999999999864,,,,,,,,,,,,,,,,,,,,,,,,,,,,,,,,,,,,,,,,,,,,,,,,,,,,,,,,,,,,,,,,,,,,,,,,50.6277449,30.4431382,
18:19:15.653,,,,,,,,,,,,,,,,,,,,,,,,,,,,,,,,,,0.01,0,,,0,0,,0.03567522105044885,0.09555483197222224,12.415974,12.415974,6764.379853000001,0,-0.01,,,,,7.802709038074702,,,,39,98,,20,,,,,149,0.01,,,,,,,0.012,,50.6277449,30.4431382,
18:19:15.714,,,,,,,,,,,,,,,,,,,,0,5.882352941176471,99,,,,,,,,,,5.882352941176471,,,,,,,,10.588235294117647,,,,,,,,,,,,,0,,,,,,,,,,,,0.01,,17.6470588235294,99,,,,,,50.6277449,30.4431382,
18:19:15.786,,,,,,,,,,,,,,,,,,,,,,,0,57.57656,57.57656,627.89670895,0,0.7197070000000001,0.7197070000000001,8.162865,0,,5.882352941176471,,,0,0,,,,,,,,,,,0,5.796621352460951,5.796621352460951,0.12067425510381076,,,50,,,,38850,,12000,0,0,,149,0.01,38850,17.6470588235294,,,,,,0,50.6277449,30.4431382,
18:19:15.918,,,,,,,,,,,,,,,33,,,,,,,,,,,,,,,,,,,,,,,,,,,,,,,,,,,,,,,,,,,,,,,,,,,,,,,,72,,,50.6277449,30.4431382,
18:19:15.990,,,,,,,,,,,,,,,,,,37.9375,,,,,,,,,,,,,,,,,,,,,,,,,,,,,,,,,,,,,,,,,,,,,,,,,,,,,,,,50.6277208,30.4430655,
18:19:16.038,,,,,,,,,,,,,,,,2496,0.140625,,,,,,,,,,,,,,,,,,,,,,,,,,,,,,,,,,,,,,,,,,,,,,,,,,,,,,,,,50.6277208,30.4430655,
18:19:16.277,,,,,,30,29,30,,,,,,,,,,,,,,,,,,,,,,,,,,,,,,,,,,,,,,,,,,,,,,,,,,,,,,,,,,,,,,146,,,,50.6277208,30.4430655,
18:19:16.326,,,,,29,,,,,,86.6758781031239,,,86.6758781031239,,,,,,,,,,,,,,,,,,,,,,,,,,,,,,,,,,,,,,,,,,,,,,,,,,,,,,,127.5,146,,,,50.6277208,30.4430655,
18:19:16.385,,,,,,,,,350.49,59,,3.668,,,,,,,,,,,,,,,,,,,,,,,,,,,,,,,,,,,,,,,,,,,,,,,,,,,7.35,,,,,,,,,,,50.6277208,30.4430655,
18:19:16.446,-28.649999999999864,,-28.549999999999955,,,,,,,,,,3.662,,,,,,,,,,,,,,,,,,,,,,,,,,,,,,,,,,,,,,,,,,,,,,,,,,7.33,,,,,,,,,,,50.6277208,30.4430655,
18:19:16.481,,-29.299999999999955,,,,,,,,,,,,,,,,,,,,,,,,,,,,,,,,,,,,,,,,,,,,,,,,,,,,,,,,,,,,,,,,,,,,,,,,50.6277208,30.4430655,
18:19:16.625,,,,,,,,,,,,,,,,,,,,,,,,,,,,,,,,,,0.1,0,,,0,0,,0.025176990490254212,0.10095327252777779,12.421372,12.421372,6764.385251000001,0,-0.01,,,,,8.065751679686278,,,,39,98,,20,,,,,149,0.1,,,,,,,0.12,,50.6277208,30.4430655,
18:19:16.686,,,,,,,,,,,,,,,,,,,,0,5.882352941176471,99,,,,,,,,,,5.882352941176471,,,,,,,,16.470588235294116,,,,,,,,,,,,,0,,,,,,,,,,,,0.1,,17.6470588235294,99,,,,,,50.6277208,30.4430655,
18:19:16.761,,,,,,,,,,,,,,,,,,,,,,,0,57.57656,57.57656,627.89670895,0,0.7197070000000001,0.7197070000000001,8.162865,0,,5.882352941176471,,,0,0,,,,,,,,,,,0,5.794102294013899,5.794102294013899,0.12067415880538823,,,50,,,,38850,,12000,0,0,,149,0.1,38850,17.6470588235294,,,,,,0,50.6277208,30.4430655,
18:19:16.906,,,,,,,,,,,,,,,33,,,,,,,,,,,,,,,,,,,,,,,,,,,,,,,,,,,,,,,,,,,,,,,,,,,,,,,,72,,,50.6277208,30.4430655,
18:19:16.952,,,,,,,,,,,,,,,,,,69.40625,,,,,,,,,,,,,,,,,,,,,,,,,,,,,,,,,,,,,,,,,,,,,,,,,,,,,,,,50.6277009,30.4429892,
18:19:16.989,,,,,,,,,,,,,,,,4352,0.265625,,,,,,,,,,,,,,,,,,,,,,,,,,,,,,,,,,,,,,,,,,,,,,,,,,,,,,,,,50.6277009,30.4429892,
18:19:17.110,,,,,,,,,349.53000000000003,59,,3.654,,,,,,,,,,,,,,,,,,,,,,,,,,,,,,,,,,,,,,,,,,,,,,,,,,,7.316,,,,,,,,,,,50.6277009,30.4429892,
18:19:17.170,-40.59999999999991,,-1600,,,,,,,,,,3.64,,,,,,,,,,,,,,,,,,,,,,,,,,,,,,,,,,,,,,,,,,,,,,,,,,7.294,,,,,,,,,,,50.6277009,30.4429892,
18:19:17.206,,-41.049999999999955,,,,,,,,,,,,,,,,,,,,,,,,,,,,,,,,,,,,,,,,,,,,,,,,,,,,,,,,,,,,,,,,,,,,,,,,50.6277009,30.4429892,
18:19:17.314,,,,,,,,,,,,,,,,,,,,,,,,,,,,,,,,,,,,,,,,,,,,,,,,,,,,,,,59,,,,,,,,,148,,,,,,,,,,50.6277009,30.4429892,
18:19:17.386,,,,,,,,,,,,,,,,,,,,,,,,,,,,,,,,,,0.08,0,,,0,0,,0.016756023523425458,0.10539404044444446,12.425813,12.425813,6764.389692000001,0,-0.01,,,,,8.280647627607841,,,,39,98,,21,,,,,148,0.08,,,,,,,0.096,,50.6277009,30.4429892,
18:19:17.453,,,,,,,,,,,,,,,,,,,,0,5.882352941176471,99,,,,,,,,,,5.882352941176471,,,,,,,,16.862745098039216,,,,,,,,,,,,,0,,,,,,,,,,,,0.08,,17.6470588235294,99,,,,,,50.6277009,30.4429892,
18:19:17.512,,,,,,,,,,,,,,,,,,,,,,,0,57.57656,57.57656,627.89670895,0,0.7197070000000001,0.7197070000000001,8.162865,0,,5.882352941176471,,,0,0,,,,,,,,,,,0,5.792031475123601,5.792031475123601,0.12067407957962455,,,50,,,,38830,,12000,0,0,,148,0.08,38830,17.6470588235294,,,,,,0,50.6277009,30.4429892,
18:19:17.633,,,,,,,,,,,,,,,33,,,,,,,,,,,,,,,,,,,,,,,,,,,,,,,,,,,,,,,,,,,,,,,,,,,,,,,,72,,,50.6277009,30.4429892,
18:19:17.670,,,,,,,,,,,,,,,,,,30.234375,,,,,,,,,,,,,,,,,,,,,,,,,,,,,,,,,,,,,,,,,,,,,,,,,,,,,,,,50.6277009,30.4429892,
18:19:17.706,,,,,,,,,,,,,,,,2112,0.125,,,,,,,,,,,,,,,,,,,,,,,,,,,,,,,,,,,,,,,,,,,,,,,,,,,,,,,,,50.6277009,30.4429892,
18:19:17.886,,,,,,,,,353.07,58.5,,3.67,,,,,,,,,,,,,,,,,,,,,,,,,,,,,,,,,,,,,,,,,,,,,,,,,,,7.31,,,,,,,,,,,50.6277009,30.4429892,
18:19:18.006,-18.75,,-18.799999999999955,,,,,,,,,,3.664,,,,,,,,,,,,,,,,,,,,,,,,,,,,,,,,,,,,,,,,,,,,,,,,,,7.334,,,,,,,,,,,50.627682,30.4429059,
18:19:18.052,,-18.84999999999991,,,,,,,,,,,,,,,,,,,,,,,,,,,,,,,,,,,,,,,,,,,,,,,,,,,,,,,,,,,,,,,,,,,,,,,,50.627682,30.4429059,
18:19:18.174,,,,,,,,,,,,,,,,,,,,,,,,,,,,,,,,,,0.12,0,,,0,0,,0.017637484722646174,0.11020928616666668,12.430627999999999,12.430627999999999,6764.394507000001,0,-0.01,,,,,8.512586055949322,,,,39,98,,22,,,,,148,0.12,,,,,,,0.144,,50.627682,30.4429059,
18:19:18.244,,,,,,,,,,,,,,,,,,,,0,5.882352941176471,99,,,,,,,,,,5.882352941176471,,,,,,,,12.549019607843137,,,,,,,,,,,,,0,,,,,,,,,,,,0.12,,17.6470588235294,99,,,,,,50.627682,30.4429059,
18:19:18.310,,,,,,,,,,,,,,,,,,,,,,,0,57.57656,57.57656,627.89670895,0,0.7197070000000001,0.7197070000000001,8.162865,0,,5.882352941176471,,,0,0,,,,,,,,,,,0,5.789787933481721,5.789787933481721,0.12067399368195955,,,50,,,,38830,,12000,0,0,,148,0.12,38830,17.6470588235294,,,,,,0,50.627682,30.4429059,
18:19:18.429,,,,,,,,,,,,,,,33,,,,,,,,,,,,,,,,,,,,,,,,,,,,,,,,,,,,,,,,,,,,,,,,,,,,,,,,72,,,50.627682,30.4429059,
18:19:18.465,,,,,,,,,,,,,,,,,,0.34375,,,,,,,,,,,,,,,,,,,,,,,,,,,,,,,,,,,,,,,,,,,,,,,,,,,,,,,,50.627682,30.4429059,
18:19:18.513,,,,,,,,,,,,,,,,64,0,,,,,,,,,,,,,,,,,,,,,,,,,,,,,,,,,,,,,,,,,,,,,,,,,,,,,,,,,50.627682,30.4429059,
18:19:18.632,,,,,,,,,354.36,58.5,,3.685,,,,,,,,,,,,,,,,,,,,,,,,,,,,,,,,,,,,,,,,,,,,,,,,,,,7.349,,,,,,,,,,,50.627682,30.4429059,
18:19:18.682,-3.75,,-2.599999999999909,,,,,,,,,,3.679,,,,,,,,,,,,,,,,,,,,,,,,,,,,,,,,,,,,,,,,,,,,,,,,,,7.364,,,,,,,,,,,50.627682,30.4429059,
18:19:18.717,,-1.75,,,,,,,,,,,,,,,,,,,,,,,,,,,,,,,,,,,,,,,,,,,,,,,,,,,,,,,,,,,,,,,,,,,,,,,,50.627682,30.4429059,
18:19:18.838,,,,,,,,,,,,,,,,,,,,,,,,,,,,,,,,,,0,0,,,0,0,,,0.11408469266666668,12.434503,12.434503,6764.398382000001,0,-0.01,,,,,8.688081970143788,,,,39,98,,21,,,,,148,0,,,,,,,0,,50.627682,30.4429059,
18:19:18.908,,,,,,,,,,,,,,,,,,,,0,5.882352941176471,99,,,,,,,,,,5.882352941176471,,,,,,,,7.450980392156863,,,,,,,,,,,,,0,,,,,,,,,,,,0,,17.6470588235294,99,,,,,,50.627682,30.4429059,
18:19:18.981,,,,,,,,,,,,,,,,,,,,,,,0,57.57656,57.57656,627.89670895,0,0.7197070000000001,0.7197070000000001,8.162865,0,,5.882352941176471,,,0,0,,,,,,,,,,,0,5.787983645184694,5.787983645184694,0.12067392455360562,,,50,,,,38830,,12000,0,0,,148,0,38830,17.6470588235294,,,,,,0,50.6276628,30.4428258,
18:19:19.102,,,,,,,,,,,,,,,33,,,,,,,,,,,,,,,,,,,,,,,,,,,,,,,,,,,,,,,,,,,,,,,,,,,,,,,,72,,,50.6276628,30.4428258,
18:19:19.162,,,,,,,,,,,,,,,,,,-2.1875,,,,,,,,,,,,,,,,,,,,,,,,,,,,,,,,,,,,,,,,,,,,,,,,,,,,,,,,50.6276628,30.4428258,
18:19:19.197,,,,,,,,,,,,,,,,64,0,,,,,,,,,,,,,,,,,,,,,,,,,,,,,,,,,,,,,,,,,,,,,,,,,,,,,,,,,50.6276628,30.4428258,
18:19:19.317,,,,,,,,,352.91,58.5,,3.687,,,,,,,,,,,,,,,,,,,,,,,,,,,,,,,,,,,,,,,,,,,,,,,,,,,7.366,,,,,,,,,,,50.6276628,30.4428258,
18:19:19.377,-11.25,,-11.75,,,,,,,,,,3.676,,,,,,,,,,,,,,,,,,,,,,,,,,,,,,,,,,,,,,,,,,,,,,,,,,7.363,,,,,,,,,,,50.6276628,30.4428258,
18:19:19.413,,-12.399999999999864,,,,,,,,,,,,,,,,,,,,,,,,,,,,,,,,,,,,,,,,,,,,,,,,,,,,,,,,,,,,,,,,,,,,,,,,50.6276628,30.4428258,
18:19:19.545,,,,,,,,,,,,,,,,,,,,,,,,,,,,,,,,,,0.03,0,,,0,0,,,0.11820897250000001,12.438627,12.438627,6764.402506000001,0,-0.01,,,,,8.869509721102043,,,,39,98,,21,,,,,148,0.03,,,,,,,0.036,,50.6276628,30.4428258,
18:19:19.630,,,,,,,,,,,,,,,,,,,,0,5.882352941176471,99,,,,,,,,,,5.882352941176471,,,,,,,,10.588235294117647,,,,,,,,,,,,,0,,,,,,,,,,,,0.03,,17.6470588235294,99,,,,,,50.6276628,30.4428258,
18:19:19.797,,,,,,,,,,,,,,,,,,,,,,,0,57.57656,57.57656,627.89670895,0,0.7197070000000001,0.7197070000000001,8.162865,0,,5.882352941176471,,,0,0,,,,,,,,,,,0,5.786064651669353,5.786064651669353,0.12067385098328445,,,50,,,,38820,,12000,0,0,,148,0.03,38820,17.6470588235294,,,,,,0,50.6276628,30.4428258,
18:19:19.858,,,,,,,,,,,,,,,,,,,39,,,,,,,,,,,,,,,,,,,,,,,,,,,,,,,,,,,,,,,,,,,,,,,,,,,,72,,,50.6276628,30.4428258,
18:19:19.965,,,,,,,,,,,,,,,33,,,,,,,,,,,,,,,,,,,,,,,,,,,,,,,,,,,,,,,,,,,,,,,,,,,,,,,,72,,,50.6276437,30.4427462,
18:19:20.014,,,,,,,,,,,,,,,,,,16.796875,,,,,,,,,,,,,,,,,,,,,,,,,,,,,,,,,,,,,,,,,,,,,,,,,,,,,,,,50.6276437,30.4427462,
18:19:20.048,,,,,,,,,,,,,,,,1216,0.0625,,,,,,,,,,,,,,,,,,,,,,,,,,,,,,,,,,,,,,,,,,,,,,,,,,,,,,,,,50.6276437,30.4427462,
18:19:20.193,,,,,,,,,352.26,58.5,,3.679,,,,,,,,,,,,,,,,,,,,,,,,,,,,,,,,,,,,,,,,,,,,,,,,,,,7.355,,,,,,,,,,,50.6276437,30.4427462,
18:19:20.253,-5.7999999999999545,,-5.699999999999818,,,,,,,,,,3.673,,,,,,,,,,,,,,,,,,,,,,,,,,,,,,,,,,,,,,,,,,,,,,,,,,7.352,,,,,,,,,,,50.6276437,30.4427462,
18:19:20.300,,-5.349999999999909,,,,,,,,,,,,,,,,,,,,,,,,,,,,,,,,,,,,,,,,,,,,,,,,,,,,,,,,,,,,,,,,,,,,,,,,50.6276437,30.4427462,
18:19:20.410,,,,,,,,,,,,,,,,,,,,,,,,,,,,,,,,,,0,0,,,0,0,,-0.009368583816285277,0.12300953416666667,12.443427999999999,12.443427999999999,6764.407307000001,0,-0.01,,,,,9.066422328734737,,,,39,98,,20,,,,,148,0,,,,,,,0,,50.6276437,30.4427462,
18:19:20.485,,,,,,,,,,,,,,,,,,,,0,5.882352941176471,99,,,,,,,,,,5.882352941176471,,,,,,,,0,,,,,,,,,,,,,0,,,,,,,,,,,,0,,17.6470588235294,99,,,,,,50.6276437,30.4427462,
18:19:20.602,,,,,,,,,,,,,,,,,,,,,,,0,57.57656,57.57656,627.89670895,0,0.7197070000000001,0.7197070000000001,8.162865,0,,5.882352941176471,,,0,0,,,,,,,,,,,0,5.783832236583039,5.783832236583039,0.12067376533569815,,,50,,,,38820,,12000,0,0,,148,0,38820,17.6470588235294,,,,,,0,50.6276437,30.4427462,
18:19:20.745,,,,,,,,,,,,,,,33,,,,,,,,,,,,,,,,,,,,,,,,,,,,,,,,,,,,,,,,,,,,,,,,,,,,,,,,72,,,50.6276437,30.4427462,
18:19:20.781,,,,,,,,,,,,,,,,,,-61.53125,,,,,,,,,,,,,,,,,,,,,,,,,,,,,,,,,,,,,,,,,,,,,,,,,,,,,,,,50.6276437,30.4427462,
18:19:20.816,,,,,,,,,,,,,,,,-3872,-0.25,,,,,,,,,,,,,,,,,,,,,,,,,,,,,,,,,,,,,,,,,,,,,,,,,,,,,,,,,50.6276437,30.4427462,
18:19:20.949,,,,,,,,,356.13,58.5,,3.713,,,,,,,,,,,,,,,,,,,,,,,,,,,,,,,,,,,,,,,,,,,,,,,,,,,7.386,,,,,,,,,,,50.6276234,30.4426712,
18:19:21.010,13.700000000000045,,13.350000000000136,,,,,,,,,,3.706,,,,,,,,,,,,,,,,,,,,,,,,,,,,,,,,,,,,,,,,,,,,,,,,,,7.419,,,,,,,,,,,50.6276234,30.4426712,
18:19:21.071,,13.450000000000045,,,,,,,,,,,,,,,,,,,,,,,,,,,,,,,,,,,,,,,,,,,,,,,,,,,,,,,,,,,,,,,,,,,,,,,,50.6276234,30.4426712,
18:19:21.153,,,,,,,,,,,,,,,,,,,,,,,,,,,,,,,,,,,,,,,,,,,,,,,,,,,,,,,59,,,,,,,,,148,,,,,,,,,,50.6276234,30.4426712,
18:19:21.249,,,,,,,,,,,,,,,,,,,,,,,,,,,,,,,,,,0.05,0,,,0,0,,-0.03685173013422209,0.12720445266666666,12.447623,12.447623,6764.411502000001,0,-0.01,,,,,9.217283357629936,,,,39,98,,18,,,,,148,0.05,,,,,,,0.06,,50.6276234,30.4426712,
18:19:21.325,,,,,,,,,,,,,,,,,,,,0,5.882352941176471,99,,,,,,,,,,5.882352941176471,,,,,,,,0,,,,,,,,,,,,,0,,,,,,,,,,,,0.05,,17.6470588235294,99,,,,,,50.6276234,30.4426712,
18:19:21.410,,,,,,,,,,,,,,,,,,,,,,,0,57.57656,57.57656,627.89670895,0,0.7197070000000001,0.7197070000000001,8.162865,0,,5.882352941176471,,,0,0,,,,,,,,,,,0,5.781883014933856,5.781883014933856,0.12067369049896692,,,50,,,,38810,,12000,0,0,,148,0.05,38810,17.6470588235294,,,,,,0,50.6276234,30.4426712,
18:19:21.650,,,,,,,,,,,,,,,33,,,,,,,,,,,,,,,,,,,,,,,,,,,,,,,,,,,,,,,,,,,,,,,,,,,,,,,,72,,,50.6276234,30.4426712,
18:19:21.709,,,,,,,,,,,,,,,,,,-60.125,,,,,,,,,,,,,,,,,,,,,,,,,,,,,,,,,,,,,,,,,,,,,,,,,,,,,,,,50.6276234,30.4426712,
18:19:21.745,,,,,,,,,,,,,,,,-3776,-0.234375,,,,,,,,,,,,,,,,,,,,,,,,,,,,,,,,,,,,,,,,,,,,,,,,,,,,,,,,,50.6276234,30.4426712,
18:19:21.870,,,,,,,,,356.29,58.5,,3.714,,,,,,,,,,,,,,,,,,,,,,,,,,,,,,,,,,,,,,,,,,,,,,,,,,,7.42,,,,,,,,,,,50.6276234,30.4426712,
18:19:21.933,9.200000000000045,,9.25,,,,,,,,,,3.704,,,,,,,,,,,,,,,,,,,,,,,,,,,,,,,,,,,,,,,,,,,,,,,,,,7.418,,,,,,,,,,,50.6276234,30.4426712,
18:19:21.970,,8.950000000000045,,,,,,,,,,,,,,,,,,,,,,,,,,,,,,,,,,,,,,,,,,,,,,,,,,,,,,,,,,,,,,,,,,,,,,,,50.627605,30.4426101,
18:19:22.089,,,,,,,,,,,,,,,,,,,,,,,,,,,,,,,,,,0.05,0,,,0,0,,-0.04357169957275956,0.13093660422222222,12.451355,12.451355,6764.415234000001,0,-0.01,,,,,9.330019833912141,,,,39,98,,16,,,,,148,0.05,,,,,,,0.06,,50.627605,30.4426101,
18:19:22.165,,,,,,,,,,,,,,,,,,,,0,5.882352941176471,99,,,,,,,,,,5.882352941176471,,,,,,,,0,,,,,,,,,,,,,0,,,,,,,,,,,,0.05,,17.6470588235294,99,,,,,,50.627605,30.4426101,
18:19:22.236,,,,,,,,,,,,,,,,,,,,,,,0,57.57656,57.57656,627.89670895,0,0.7197070000000001,0.7197070000000001,8.162865,0,,5.882352941176471,,,0,0,,,,,,,,,,,0,5.780150031864003,5.780150031864003,0.12067362392200537,,,50,,,,38800,,12000,0,0,,148,0.05,38800,17.6470588235294,,,,,,0,50.627605,30.4426101,
18:19:22.345,,,,,,,,,,,,,,,33,,,,,,,,,,,,,,,,,,,,,,,,,,,,,,,,,,,,,,,,,,,,,,,,,,,,,,,,72,,,50.627605,30.4426101,
18:19:22.381,,,,,,,,,,,,,,,,,,-51.5625,,,,,,,,,,,,,,,,,,,,,,,,,,,,,,,,,,,,,,,,,,,,,,,,,,,,,,,,50.627605,30.4426101,
18:19:22.419,,,,,,,,,,,,,,,,-3296,-0.203125,,,,,,,,,,,,,,,,,,,,,,,,,,,,,,,,,,,,,,,,,,,,,,,,,,,,,,,,,50.627605,30.4426101,
18:19:22.500,,,,28,,,,,,,,,,,,,,,,,,,,,,,,,,,,,,,,,,,,,,,,,,,,,,,,,,,,,,,,,,,,,,,,,,146,,,,50.627605,30.4426101,
18:19:22.610,,,,,29,,,,,,86.6758781031239,,,86.6758781031239,,,,,,,,,,,,,,,,,,,,,,,,,,,,,,,,,,,,,,,,,,,,,,,,,,,,,,,127.5,146,,,,50.627605,30.4426101,
18:19:22.657,,,,,,,,,355.81,58.5,,3.71,,,,,,,,,,,,,,,,,,,,,,,,,,,,,,,,,,,,,,,,,,,,,,,,,,,7.414,,,,,,,,,,,50.627605,30.4426101,
18:19:22.717,4.800000000000182,,4.800000000000182,,,,,,,,,,3.701,,,,,,,,,,,,,,,,,,,,,,,,,,,,,,,,,,,,,,,,,,,,,,,,,,7.411,,,,,,,,,,,50.627605,30.4426101,
18:19:22.754,,4.900000000000091,,,,,,,,,,,,,,,,,,,,,,,,,,,,,,,,,,,,,,,,,,,,,,,,,,,,,,,,,,,,,,,,,,,,,,,,50.627605,30.4426101,
18:19:22.884,,,,,,,,,,,,,,,,,,,,,,,,,,,,,,,,,,0.03,0,,,0,0,,-0.05938114036555562,0.134031207,12.45445,12.45445,6764.418329000001,0,-0.01,,,,,9.402434460862613,,,,39,98,,14,,,,,148,0.03,,,,,,,0.036,,50.627605,30.4426101,
18:19:22.943,,,,,,,,,,,,,,,,,,,,0,5.882352941176471,99,,,,,,,,,,5.882352941176471,,,,,,,,0,,,,,,,,,,,,,0,,,,,,,,,,,,0.03,,17.6470588235294,99,,,,,,50.627605,30.4426101,
18:19:23.029,,,,,,,,,,,,,,,,,,,,,,,0,57.57656,57.57656,627.89670895,0,0.7197070000000001,0.7197070000000001,8.162865,0,,5.882352941176471,,,0,0,,,,,,,,,,,0,5.778713632476746,5.778713632476746,0.12067356870885208,,,50,,,,38810,,12000,0,0,,148,0.03,38810,17.6470588235294,,,,,,0,50.6275876,30.4425572,
18:19:23.330,,,,,,,,,,,,,,,33,,,,,,,,,,,,,,,,,,,,,,,,,,,,,,,,,,,,,,,,,,,,,,,,,,,,,,,,72,,,50.6275876,30.4425572,
18:19:23.378,,,,,,,,,,,,,,,,,,-52.375,,,,,,,,,,,,,,,,,,,,,,,,,,,,,,,,,,,,,,,,,,,,,,,,,,,,,,,,50.6275876,30.4425572,
18:19:23.441,,,,,,,,,,,,,,,,-3392,-0.21875,,,,,,,,,,,,,,,,,,,,,,,,,,,,,,,,,,,,,,,,,,,,,,,,,,,,,,,,,50.6275876,30.4425572,
18:19:23.802,,,,,,,,,355.16,58.5,,3.714,,,,,,,,,,,,,,,,,,,,,,,,,,,,,,,,,,,,,,,,,,,,,,,,,,,7.415,,,,,,,,,,,50.6275876,30.4425572,
18:19:23.860,7,,6.9500000000000455,,,,,,,,,,3.707,,,,,,,,,,,,,,,,,,,,,,,,,,,,,,,,,,,,,,,,,,,,,,,,,,7.421,,,,,,,,,,,50.6275876,30.4425572,
18:19:23.921,,6.800000000000182,,,,,,,,,,,,,,,,,,,,,,,,,,,,,,,,,,,,,,,,,,,,,,,,,,,,,,,,,,,,,,,,,,,,,,,,50.6275876,30.4425572,
18:19:24.053,,,,,,,,,,,,,,,,,,,,,,,,,,,,,,,,,,0.07,0,,,0,0,,-0.06996222257698942,0.1376033601388889,12.458022,12.458022,6764.421901000001,0,-0.01,,,,,9.438017892178587,,,,39,98,,11,,,,,148,0.07,,,,,,,0.084,,50.6275745,30.4425069,
18:19:24.118,,,,,,,,,,,,,,,,,,,,0,5.882352941176471,99,,,,,,,,,,5.882352941176471,,,,,,,,0,,,,,,,,,,,,,0,,,,,,,,,,,,0.07,,17.6470588235294,99,,,,,,50.6275745,30.4425069,
18:19:24.200,,,,,,,,,,,,,,,,,,,,,,,0,57.57656,57.57656,627.89670895,0,0.7197070000000001,0.7197070000000001,8.162865,0,,5.882352941176471,,,0,0,,,,,,,,,,,0,5.777056743036736,5.777056743036736,0.12067350498633542,,,50,,,,38790,,12000,0,0,,148,0.07,38790,17.6470588235294,,,,,,0,50.6275745,30.4425069,
18:19:24.357,,,,,,,,,,,,,,,33,,,,,,,,,,,,,,,,,,,,,,,,,,,,,,,,,,,,,,,,,,,,,,,,,,,,,,,,72,,,50.6275745,30.4425069,
18:19:24.393,,,,,,,,,,,,,,,,,,-43.625,,,,,,,,,,,,,,,,,,,,,,,,,,,,,,,,,,,,,,,,,,,,,,,,,,,,,,,,50.6275745,30.4425069,
18:19:24.464,,,,,,,,,,,,,,,,-2752,-0.171875,,,,,,,,,,,,,,,,,,,,,,,,,,,,,,,,,,,,,,,,,,,,,,,,,,,,,,,,,50.6275745,30.4425069,
18:19:24.574,,,,,,30,29,30,,,,,,,,,,,,,,,,,,,,,,,,,,,,,,,,,,,,,,,,,,,,,,,,,,,,,,,,,,,,,,146,,,,50.6275745,30.4425069,
18:19:24.633,,,,,,,,,356.45,58.5,,3.708,,,,,,,,,,,,,,,,,,,,,,,,,,,,,,,,,,,,,,,,,,,,,,,,,,,7.415,,,,,,,,,,,50.6275745,30.4425069,
18:19:24.681,-1.25,,-1.099999999999909,,,,,,,,,,3.699,,,,,,,,,,,,,,,,,,,,,,,,,,,,,,,,,,,,,,,,,,,,,,,,,,7.407,,,,,,,,,,,50.6275745,30.4425069,
18:19:24.717,,-0.8999999999998636,,,,,,,,,,,,,,,,,,,,,,,,,,,,,,,,,,,,,,,,,,,,,,,,,,,,,,,,,,,,,,,,,,,,,,,,50.6275745,30.4425069,
18:19:24.849,,,,,,,,,,,,,,,,,,,,,,,,,,,,,,,,,,0,0,,,0,0,,-0.07081324429653964,0.13959248988888892,12.460011,12.460011,6764.423890000001,0,-0.01,,,,,9.431477103540404,,,,39,98,,9,,,,,148,0,,,,,,,0,,50.6275745,30.4425069,
18:19:24.933,,,,,,,,,,,,,,,,,,,,0,5.882352941176471,99,,,,,,,,,,5.882352941176471,,,,,,,,0,,,,,,,,,,,,,0,,,,,,,,,,,,0,,17.6470588235294,99,,,,,,50.6275745,30.4425069,
18:19:25.054,,,,,,,,,,,,,,,,,,,,,,,0,57.57656,57.57656,627.89670895,0,0.7197070000000001,0.7197070000000001,8.162865,0,,5.882352941176471,,,0,0,,,,,,,,,,,0,5.776134547553771,5.776134547553771,0.12067346950369781,,,50,,,,38780,,12000,0,0,,148,0,38780,17.6470588235294,,,,,,0,50.6275644,30.442471,
18:19:25.199,,,,,,,,,,,,,,,33,,,,,,,,,,,,,,,,,,,,,,,,,,,,,,,,,,,,,,,,,,,,,,,,,,,,,,,,72,,,50.6275644,30.442471,
18:19:25.257,,,,,,,,,,,,,,,,,,-75.390625,,,,,,,,,,,,,,,,,,,,,,,,,,,,,,,,,,,,,,,,,,,,,,,,,,,,,,,,50.6275644,30.442471,
18:19:25.341,,,,,,,,,,,,,,,,-5152,-0.328125,,,,,,,,,,,,,,,,,,,,,,,,,,,,,,,,,,,,,,,,,,,,,,,,,,,,,,,,,50.6275644,30.442471,
18:19:25.497,,,,,,,,,355.16,58.5,,3.71,,,,,,,,,,,,,,,,,,,,,,,,,,,,,,,,,,,,,,,,,,,,,,,,,,,7.409,,,,,,,,,,,50.6275644,30.442471,
18:19:25.545,0.8500000000001364,,0.8000000000001819,,,,,,,,,,3.701,,,,,,,,,,,,,,,,,,,,,,,,,,,,,,,,,,,,,,,,,,,,,,,,,,7.411,,,,,,,,,,,50.6275644,30.442471,
18:19:25.582,,0.40000000000009095,,,,,,,,,,,,,,,,,,,,,,,,,,,,,,,,,,,,,,,,,,,,,,,,,,,,,,,,,,,,,,,,,,,,,,,,50.6275644,30.442471,
18:19:25.677,,,,,,,,,,,,,,,,,,,,,,,,,,,,,,,,,,,,,,,,,,,,,,,,,,,,,,,59,,,,,,,,,148,,,,,,,,,,50.6275644,30.442471,
18:19:25.762,,,,,,,,,,,,,,,,,,,,,,,,,,,,,,,,,,0,0,,,0,0,,-0.07710407722735373,0.14111500022222226,12.461534,12.461534,6764.425413000001,0,-0.01,,,,,9.373637530437561,,,,39,98,,6,,,,,148,0,,,,,,,0,,50.6275644,30.442471,
18:19:25.857,,,,,,,,,,,,,,,,,,,,0,5.882352941176471,99,,,,,,,,,,5.882352941176471,,,,,,,,0,,,,,,,,,,,,,0,,,,,,,,,,,,0,,17.6470588235294,99,,,,,,50.6275644,30.442471,
18:19:25.928,,,,,,,,,,,,,,,,,,,,,,,0,57.57656,57.57656,627.89670895,0,0.7197070000000001,0.7197070000000001,8.162865,0,,5.882352941176471,,,0,0,,,,,,,,,,,0,5.775428610955923,5.775428610955923,0.12067344233425135,,,50,,,,38790,,12000,0,0,,148,0,38790,17.6470588235294,,,,,,0,50.6275644,30.442471,
18:19:26.073,,,,,,,,,,,,,,,32,,,,,,,,,,,,,,,,,,,,,,,,,,,,,,,,,,,,,,,,,,,,,,,,,,,,,,,,71,,,50.6275587,30.4424469,
18:19:26.110,,,,,,,,,,,,,,,,,,0,,,,,,,,,,,,,,,,,,,,,,,,,,,,,,,,,,,,,,,,,,,,,,,,,,,,,,,,50.6275587,30.4424469,
18:19:26.146,,,,,,,,,,,,,,,,-1024,-0.0625,,,,,,,,,,,,,,,,,,,,,,,,,,,,,,,,,,,,,,,,,,,,,,,,,,,,,,,,,50.6275587,30.4424469,
18:19:26.253,,,,,,,,,354.84000000000003,58.5,,3.703,,,,,,,,,,,,,,,,,,,,,,,,,,,,,,,,,,,,,,,,,,,,,,,,,,,7.404,,,,,,,,,,,50.6275587,30.4424469,
18:19:26.313,-6.099999999999909,,-6.25,,,,,,,,,,3.694,,,,,,,,,,,,,,,,,,,,,,,,,,,,,,,,,,,,,,,,,,,,,,,,,,7.397,,,,,,,,,,,50.6275587,30.4424469,
18:19:26.349,,-6,,,,,,,,,,,,,,,,,,,,,,,,,,,,,,,,,,,,,,,,,,,,,,,,,,,,,,,,,,,,,,,,,,,,,,,,50.6275587,30.4424469,
18:19:26.482,,,,,,,,,,,,,,,,,,,,,,,,,,,,,,,,,,0,0,,,0,0,,-0.09447728965669852,0.1415149673888889,12.461934,12.461934,6764.425813000001,0,-0.01,,,,,9.276970157826911,,,,39,98,,2,,,,,148,0,,,,,,,0,,50.6275587,30.4424469,
18:19:26.561,,,,,,,,,,,,,,,,,,,,0,5.882352941176471,99,,,,,,,,,,5.882352941176471,,,,,,,,0,,,,,,,,,,,,,0,,,,,,,,,,,,0,,17.6470588235294,99,,,,,,50.6275587,30.4424469,
18:19:26.633,,,,,,,,,,,,,,,,,,,,,,,0,57.57656,57.57656,627.89670895,0,0.7197070000000001,0.7197070000000001,8.162865,0,,5.882352941176471,,,0,0,,,,,,,,,,,0,5.775243232711714,5.775243232711714,0.12067343519848282,,,50,,,,38780,,12000,0,0,,148,0,38780,17.6470588235294,,,,,,0,50.6275587,30.4424469,
18:19:26.706,,,,,,,,,,,,,,,,,,,40,,,,,,,,,,,,,,,,,,,,,,,,,,,,,,,,,,,,,,,,,,,,,,,,,,,,72,,,50.6275587,30.4424469,
18:19:26.789,,,,,,,,,,,,,,,32,,,,,,,,,,,,,,,,,,,,,,,,,,,,,,,,,,,,,,,,,,,,,,,,,,,,,,,,72,,,50.6275587,30.4424469,
18:19:26.826,,,,,,,,,,,,,,,,,,26.171875,,,,,,,,,,,,,,,,,,,,,,,,,,,,,,,,,,,,,,,,,,,,,,,,,,,,,,,,50.6275587,30.4424469,
18:19:26.869,,,,,,,,,,,,,,,,1216,0.0625,,,,,,,,,,,,,,,,,,,,,,,,,,,,,,,,,,,,,,,,,,,,,,,,,,,,,,,,,50.6275587,30.4424469,
18:19:27.086,,,,,,,,,354.52,58.5,,3.7,,,,,,,,,,,,,,,,,,,,,,,,,,,,,,,,,,,,,,,,,,,,,,,,,,,7.394,,,,,,,,,,,50.6275561,30.4424383,
18:19:27.160,-7.949999999999818,,-8,,,,,,,,,,3.69,,,,,,,,,,,,,,,,,,,,,,,,,,,,,,,,,,,,,,,,,,,,,,,,,,7.39,,,,,,,,,,,50.6275561,30.4424383,
18:19:27.233,,-7.699999999999818,,,,,,,,,,,,,,,,,,,,,,,,,,,,,,,,,,,,,,,,,,,,,,,,,,,,,,,,,,,,,,,,,,,,,,,,50.6275561,30.4424383,
18:19:27.353,,,,,,,,,,,,,,,,,,,,,,,,,,,,,,,,,,0.14,,,,0,0,,-0.09442344699740882,0.1415149673888889,12.461934,12.461934,6764.425813000001,0,-0.01,,,,,9.132059450295404,,,,39,98,,0,,,,,148,0.14,,,,,,,0.168,,50.6275561,30.4424383,
18:19:27.426,,,,,,,,,,,,,,,,,,,,0,5.882352941176471,99,,,,,,,,,,5.882352941176471,,,,,,,,0,,,,,,,,,,,,,0,,,,,,,,,,,,0.14,,17.6470588235294,99,,,,,,50.6275561,30.4424383,
18:19:27.498,,,,,,,,,,,,,,,,,,,,,,,0,57.57656,57.57656,627.89670895,0,0.7197070000000001,0.7197070000000001,8.162865,0,,5.882352941176471,,,0,0,,,,,,,,,,,0,5.775243232711714,5.775243232711714,0.12067343519848282,,,50,,,,38800,,12000,0,0,,148,0.14,38800,17.6470588235294,,,,,,0,50.6275561,30.4424383,
18:19:27.617,,,,,,,,,,,,,,,32,,,,,,,,,,,,,,,,,,,,,,,,,,,,,,,,,,,,,,,,,,,,,,,,,,,,,,,,72,,,50.6275561,30.4424383,
18:19:27.666,,,,,,,,,,,,,,,,,,44.59375,,,,,,,,,,,,,,,,,,,,,,,,,,,,,,,,,,,,,,,,,,,,,,,,,,,,,,,,50.6275561,30.4424383,
18:19:27.702,,,,,,,,,,,,,,,,2784,0.15625,,,,,,,,,,,,,,,,,,,,,,,,,,,,,,,,,,,,,,,,,,,,,,,,,,,,,,,,,50.6275561,30.4424383,
18:19:27.845,,,,,,,,,355.81,58.5,,3.698,,,,,,,,,,,,,,,,,,,,,,,,,,,,,,,,,,,,,,,,,,,,,,,,,,,7.388,,,,,,,,,,,50.6275561,30.4424383,
18:19:27.916,-7.2999999999999545,,-7.5,,,,,,,,,,3.69,,,,,,,,,,,,,,,,,,,,,,,,,,,,,,,,,,,,,,,,,,,,,,,,,,7.388,,,,,,,,,,,50.6275561,30.4424383,
18:19:27.954,,-7.2999999999999545,,,,,,,,,,,,,,,,,,,,,,,,,,,,,,,,,,,,,,,,,,,,,,,,,,,,,,,,,,,,,,,,,,,,,,,,50.6275556,30.4424369,
18:19:28.101,,,,,,,,,,,,,,,,,,,,,,,,,,,,,,,,,,0.15,,,,0,0,,-0.07839523808724444,0.1415149673888889,12.461934,12.461934,6764.425813000001,0,-0.01,,,,,9.011403338569572,,,,39,98,,0,,,,,148,0.15,,,,,,,0.18,,50.6275556,30.4424369,
18:19:28.160,,,,,,,,,,,,,,,,,,,,0,5.882352941176471,99,,,,,,,,,,5.882352941176471,,,,,,,,0,,,,,,,,,,,,,0,,,,,,,,,,,,0.15,,17.6470588235294,99,,,,,,50.6275556,30.4424369,
18:19:28.234,,,,,,,,,,,,,,,,,,,,,,,0,57.57656,57.57656,627.89670895,0,0.7197070000000001,0.7197070000000001,8.162865,0,,5.882352941176471,,,0,0,,,,,,,,,,,0,5.775243232711714,5.775243232711714,0.12067343519848282,,,50,,,,38790,,12000,0,0,,148,0.15,38790,17.6470588235294,,,,,,0,50.6275556,30.4424369,
18:19:28.402,,,,,,,,,,,,,,,32,,,,,,,,,,,,,,,,,,,,,,,,,,,,,,,,,,,,,,,,,,,,,,,,,,,,,,,,72,,,50.6275556,30.4424369,
18:19:28.437,,,,,,,,,,,,,,,,,,45.765625,,,,,,,,,,,,,,,,,,,,,,,,,,,,,,,,,,,,,,,,,,,,,,,,,,,,,,,,50.6275556,30.4424369,
18:19:28.461,,,,,,,,,,,,,,,,2752,0.15625,,,,,,,,,,,,,,,,,,,,,,,,,,,,,,,,,,,,,,,,,,,,,,,,,,,,,,,,,50.6275556,30.4424369,
18:19:28.594,,,,,,,,,353.55,58.5,,3.696,,,,,,,,,,,,,,,,,,,,,,,,,,,,,,,,,,,,,,,,,,,,,,,,,,,7.386,,,,,,,,,,,50.6275556,30.4424369,
18:19:28.641,-7.399999999999864,,-7.399999999999864,,,,,,,,,,3.69,,,,,,,,,,,,,,,,,,,,,,,,,,,,,,,,,,,,,,,,,,,,,,,,,,7.386,,,,,,,,,,,50.6275556,30.4424369,
18:19:28.688,,-7.0499999999999545,,,,,,,,,,,,,,,,,,,,,,,,,,,,,,,,,,,,,,,,,,,,,,,,,,,,,,,,,,,,,,,,,,,,,,,,50.6275556,30.4424369,
18:19:28.797,,,,,,,,,,,,,,,,,,,,,,,,,,,,,,,,,,0.14,,,,0,0,,-0.05600599726311101,0.1415149673888889,12.461934,12.461934,6764.425813000001,0,-0.01,,,,,8.901764627499853,,,,39,98,,0,,,,,148,0.14,,,,,,,0.168,,50.6275556,30.4424369,
18:19:28.882,,,,,,,,,,,,,,,,,,,,0,5.882352941176471,99,,,,,,,,,,5.882352941176471,,,,,,,,0,,,,,,,,,,,,,0,,,,,,,,,,,,0.14,,17.6470588235294,99,,,,,,50.6275556,30.4424369,
18:19:29.002,,,,,,,,,,,,,,,,,,,,,,,0,57.57656,57.57656,627.89670895,0,0.7197070000000001,0.7197070000000001,8.162865,0,,5.882352941176471,,,0,0,,,,,,,,,,,0,5.775243232711714,5.775243232711714,0.12067343519848282,,,50,,,,38770,,12000,0,0,,148,0.14,38770,17.6470588235294,,,,,,0,50.6275535,30.4424384,
18:19:29.266,,,,,,,,,,,,,,,32,,,,,,,,,,,,,,,,,,,,,,,,,,,,,,,,,,,,,,,,,,,,,,,,,,,,,,,,72,,,50.6275535,30.4424384,
18:19:29.325,,,,,,,,,,,,,,,,,,44.640625,,,,,,,,,,,,,,,,,,,,,,,,,,,,,,,,,,,,,,,,,,,,,,,,,,,,,,,,50.6275535,30.4424384,
18:19:29.385,,,,,,,,,,,,,,,,2848,0.171875,,,,,,,,,,,,,,,,,,,,,,,,,,,,,,,,,,,,,,,,,,,,,,,,,,,,,,,,,50.6275535,30.4424384,
18:19:29.578,,,,,29,,,,,,86.6758781031239,,,86.6758781031239,,,,,,,,,,,,,,,,,,,,,,,,,,,,,,,,,,,,,,,,,,,,,,,,,,,,,,,127.5,146,,,,50.6275535,30.4424384,
18:19:29.637,,,,,,,,,355.48,58.5,,3.695,,,,,,,,,,,,,,,,,,,,,,,,,,,,,,,,,,,,,,,,,,,,,,,,,,,7.385,,,,,,,,,,,50.6275535,30.4424384,
18:19:29.697,-8.149999999999864,,-8.299999999999955,,,,,,,,,,3.689,,,,,,,,,,,,,,,,,,,,,,,,,,,,,,,,,,,,,,,,,,,,,,,,,,7.384,,,,,,,,,,,50.6275535,30.4424384,
18:19:29.757,,-8.149999999999864,,,,,,,,,,,,,,,,,,,,,,,,,,,,,,,,,,,,,,,,,,,,,,,,,,,,,,,,,,,,,,,,,,,,,,,,50.6275535,30.4424384,
18:19:29.926,,,,,,,,,,,,,,,,,,,,,,,,,,,,,,,,,,,,,,,,,,,,,,,,,,,,,,,59,,,,,,,,,148,,,,,,,,,,50.6275535,30.4424384,
18:19:29.997,,,,,,,,,,,,,,,,,,,,,,,,,,,,,,,,,,0.15,,,,0,0,,-0.016118989404371703,0.1415149673888889,12.461934,12.461934,6764.425813000001,0,-0.01,,,,,8.718984796496304,,,,39,98,,0,,,,,148,0.15,,,,,,,0.18,,50.6275514,30.4424373,
18:19:30.069,,,,,,,,,,,,,,,,,,,,0,5.882352941176471,99,,,,,,,,,,5.882352941176471,,,,,,,,0,,,,,,,,,,,,,0,,,,,,,,,,,,0.15,,17.6470588235294,99,,,,,,50.6275514,30.4424373,
18:19:30.142,,,,,,,,,,,,,,,,,,,,,,,0,57.57656,57.57656,627.89670895,0,0.7197070000000001,0.7197070000000001,8.162865,0,,5.882352941176471,,,0,0,,,,,,,,,,,0,5.775243232711714,5.775243232711714,0.12067343519848282,,,50,,,,38780,,12000,0,0,,148,0.15,38780,17.6470588235294,,,,,,0,50.6275514,30.4424373,
18:19:30.274,,,,,,,,,,,,,,,32,,,,,,,,,,,,,,,,,,,,,,,,,,,,,,,,,,,,,,,,,,,,,,,,,,,,,,,,72,,,50.6275514,30.4424373,
18:19:30.310,,,,,,,,,,,,,,,,,,41.46875,,,,,,,,,,,,,,,,,,,,,,,,,,,,,,,,,,,,,,,,,,,,,,,,,,,,,,,,50.6275514,30.4424373,
18:19:30.345,,,,,,,,,,,,,,,,2656,0.15625,,,,,,,,,,,,,,,,,,,,,,,,,,,,,,,,,,,,,,,,,,,,,,,,,,,,,,,,,50.6275514,30.4424373,
18:19:30.442,,,,,,,,,353.87,58.5,,3.694,,,,,,,,,,,,,,,,,,,,,,,,,,,,,,,,,,,,,,,,,,,,,,,,,,,7.383,,,,,,,,,,,50.6275514,30.4424373,
18:19:30.502,-8.5,,-8.699999999999818,,,,,,,,,,3.687,,,,,,,,,,,,,,,,,,,,,,,,,,,,,,,,,,,,,,,,,,,,,,,,,,7.381,,,,,,,,,,,50.6275514,30.4424373,
18:19:30.538,,-8.349999999999909,,,,,,,,,,,,,,,,,,,,,,,,,,,,,,,,,,,,,,,,,,,,,,,,,,,,,,,,,,,,,,,,,,,,,,,,50.6275514,30.4424373,
18:19:30.646,,,,,,,,,,,,,,,,,,,,,,,,,,,,,,,,,,0.14,,,,0,0,,0,0.1415149673888889,12.461934,12.461934,6764.425813000001,0,-0.01,,,,,8.623191716344698,,,,39,98,,0,,,,,148,0.14,,,,,,,0.168,,50.6275514,30.4424373,
18:19:30.718,,,,,,,,,,,,,,,,,,,,0,5.882352941176471,99,,,,,,,,,,5.882352941176471,,,,,,,,0,,,,,,,,,,,,,0,,,,,,,,,,,,0.14,,17.6470588235294,99,,,,,,50.6275514,30.4424373,
18:19:30.789,,,,,,,,,,,,,,,,,,,,,,,0,57.57656,57.57656,627.89670895,0,0.7197070000000001,0.7197070000000001,8.162865,0,,5.882352941176471,,,0,0,,,,,,,,,,,0,5.775243232711714,5.775243232711714,0.12067343519848282,,,50,,,,38780,,12000,0,0,,148,0.14,38780,17.6470588235294,,,,,,0,50.6275514,30.4424373,
18:19:30.970,,,,,,,,,,,,,,,32,,,,,,,,,,,,,,,,,,,,,,,,,,,,,,,,,,,,,,,,,,,,,,,,,,,,,,,,72,,,50.62755,30.4424321,
18:19:31.066,,,,,,,,,,,,,,,,,,40.28125,,,,,,,,,,,,,,,,,,,,,,,,,,,,,,,,,,,,,,,,,,,,,,,,,,,,,,,,50.62755,30.4424321,
18:19:31.137,,,,,,,,,,,,,,,,2720,0.15625,,,,,,,,,,,,,,,,,,,,,,,,,,,,,,,,,,,,,,,,,,,,,,,,,,,,,,,,,50.62755,30.4424321,
18:19:31.258,,,,28,,,,,,,,,,,,,,,,,,,,,,,,,,,,,,,,,,,,,,,,,,,,,,,,,,,,,,,,,,,,,,,,,,146,,,,50.62755,30.4424321,
18:19:31.379,,,,,,,,,353.39,58.5,,3.693,,,,,,,,,,,,,,,,,,,,,,,,,,,,,,,,,,,,,,,,,,,,,,,,,,,7.38,,,,,,,,,,,50.62755,30.4424321,
18:19:31.429,-7.949999999999818,,-7.7999999999999545,,,,,,,,,,3.687,,,,,,,,,,,,,,,,,,,,,,,,,,,,,,,,,,,,,,,,,,,,,,,,,,7.38,,,,,,,,,,,50.62755,30.4424321,
18:19:31.464,,-7.5,,,,,,,,,,,,,,,,,,,,,,,,,,,,,,,,,,,,,,,,,,,,,,,,,,,,,,,,,,,,,,,,,,,,,,,,50.62755,30.4424321,
18:19:31.585,,,,,,,,,,,,,,,,,,,,,,,,,,,,,,,,,,0.09,,,,0,0,,0,0.1415149673888889,12.461934,12.461934,6764.425813000001,0,-0.01,,,,,8.48823712246606,,,,39,98,,0,,,,,148,0.09,,,,,,,0.108,,50.62755,30.4424321,
18:19:31.656,,,,,,,,,,,,,,,,,,,,0,5.882352941176471,99,,,,,,,,,,5.882352941176471,,,,,,,,0,,,,,,,,,,,,,0,,,,,,,,,,,,0.09,,17.6470588235294,99,,,,,,50.62755,30.4424321,
18:19:31.729,,,,,,,,,,,,,,,,,,,,,,,0,57.57656,57.57656,627.89670895,0,0.7197070000000001,0.7197070000000001,8.162865,0,,5.882352941176471,,,0,0,,,,,,,,,,,0,5.775243232711714,5.775243232711714,0.12067343519848282,,,50,,,,38750,,12000,0,0,,148,0.09,38750,17.6470588235294,,,,,,0,50.62755,30.4424321,
18:19:31.849,,,,,,,,,,,,,,,32,,,,,,,,,,,,,,,,,,,,,,,,,,,,,,,,,,,,,,,,,,,,,,,,,,,,,,,,72,,,50.62755,30.4424321,
18:19:31.885,,,,,,,,,,,,,,,,,,16.125,,,,,,,,,,,,,,,,,,,,,,,,,,,,,,,,,,,,,,,,,,,,,,,,,,,,,,,,50.62755,30.4424321,
18:19:31.920,,,,,,,,,,,,,,,,1024,0.0625,,,,,,,,,,,,,,,,,,,,,,,,,,,,,,,,,,,,,,,,,,,,,,,,,,,,,,,,,50.62755,30.4424321,
18:19:32.042,,,,,,,,,355.64,58.5,,3.695,,,,,,,,,,,,,,,,,,,,,,,,,,,,,,,,,,,,,,,,,,,,,,,,,,,7.382,,,,,,,,,,,50.6275484,30.4424276,
18:19:32.125,-6.199999999999818,,-6.2999999999999545,,,,,,,,,,3.689,,,,,,,,,,,,,,,,,,,,,,,,,,,,,,,,,,,,,,,,,,,,,,,,,,7.384,,,,,,,,,,,50.6275484,30.4424276,
18:19:32.173,,-5.7999999999999545,,,,,,,,,,,,,,,,,,,,,,,,,,,,,,,,,,,,,,,,,,,,,,,,,,,,,,,,,,,,,,,,,,,,,,,,50.6275484,30.4424276,
18:19:32.281,,,,,,,,,,,,,,,,,,,,,,,,,,,,,,,,,,0.15,,,,0,0,,0,0.1415149673888889,12.461934,12.461934,6764.425813000001,0,-0.01,,,,,8.390886687317298,,,,39,98,,0,,,,,148,0.15,,,,,,,0.18,,50.6275484,30.4424276,
18:19:32.341,,,,,,,,,,,,,,,,,,,,0,5.882352941176471,99,,,,,,,,,,5.882352941176471,,,,,,,,0,,,,,,,,,,,,,0,,,,,,,,,,,,0.15,,17.6470588235294,99,,,,,,50.6275484,30.4424276,
18:19:32.413,,,,,,,,,,,,,,,,,,,,,,,0,57.57656,57.57656,627.89670895,0,0.7197070000000001,0.7197070000000001,8.162865,0,,5.882352941176471,,,0,0,,,,,,,,,,,0,5.775243232711714,5.775243232711714,0.12067343519848282,,,50,,,,38760,,12000,0,0,,148,0.15,38760,17.6470588235294,,,,,,0,50.6275484,30.4424276,
18:19:32.677,,,,,,,,,,,,,,,32,,,,,,,,,,,,,,,,,,,,,,,,,,,,,,,,,,,,,,,,,,,,,,,,,,,,,,,,72,,,50.6275484,30.4424276,
18:19:32.726,,,,,,,,,,,,,,,,,,39.140625,,,,,,,,,,,,,,,,,,,,,,,,,,,,,,,,,,,,,,,,,,,,,,,,,,,,,,,,50.6275484,30.4424276,
18:19:32.772,,,,,,,,,,,,,,,,2592,0.15625,,,,,,,,,,,,,,,,,,,,,,,,,,,,,,,,,,,,,,,,,,,,,,,,,,,,,,,,,50.6275484,30.4424276,
18:19:32.882,,,,,,30,29,30,,,,,,,,,,,,,,,,,,,,,,,,,,,,,,,,,,,,,,,,,,,,,,,,,,,,,,,,,,,,,,146,,,,50.6275484,30.4424276,
18:19:32.942,,,,,,,,,354.52,58,,3.694,,,,,,,,,,,,,,,,,,,,,,,,,,,,,,,,,,,,,,,,,,,,,,,,,,,7.383,,,,,,,,,,,50.6275484,30.4424276,
18:19:32.989,-7.7999999999999545,,-7.849999999999909,,,,,,,,,,3.685,,,,,,,,,,,,,,,,,,,,,,,,,,,,,,,,,,,,,,,,,,,,,,,,,,7.379,,,,,,,,,,,50.6275479,30.4424274,
18:19:33.025,,-7.699999999999818,,,,,,,,,,,,,,,,,,,,,,,,,,,,,,,,,,,,,,,,,,,,,,,,,,,,,,,,,,,,,,,,,,,,,,,,50.6275479,30.4424274,
18:19:33.134,,,,,,,,,,,,,,,,,,,,,,,,,,,,,,,,,,0.15,,,,0,0,,0,0.1415149673888889,12.461934,12.461934,6764.425813000001,0,-0.01,,,,,8.274744733866788,,,,39,98,,0,,,,,148,0.15,,,,,,,0.18,,50.6275479,30.4424274,
18:19:33.192,,,,,,,,,,,,,,,,,,,,0,5.882352941176471,99,,,,,,,,,,5.882352941176471,,,,,,,,0,,,,,,,,,,,,,0,,,,,,,,,,,,0.15,,17.6470588235294,99,,,,,,50.6275479,30.4424274,
18:19:33.284,,,,,,,,,,,,,,,,,,,,,,,0,57.57656,57.57656,627.89670895,0,0.7197070000000001,0.7197070000000001,8.162865,0,,5.882352941176471,,,0,0,,,,,,,,,,,0,5.775243232711714,5.775243232711714,0.12067343519848282,,,50,,,,38760,,12000,0,0,,148,0.15,38760,17.6470588235294,,,,,,0,50.6275479,30.4424274,
18:19:33.346,,,,,,,,,,,,,,,,,,,40,,,,,,,,,,,,,,,,,,,,,,,,,,,,,,,,,,,,,,,,,,,,,,,,,,,,72,,,50.6275479,30.4424274,
18:19:33.454,,,,,,,,,,,,,,,32,,,,,,,,,,,,,,,,,,,,,,,,,,,,,,,,,,,,,,,,,,,,,,,,,,,,,,,,72,,,50.6275479,30.4424274,
18:19:33.501,,,,,,,,,,,,,,,,,,43.1875,,,,,,,,,,,,,,,,,,,,,,,,,,,,,,,,,,,,,,,,,,,,,,,,,,,,,,,,50.6275479,30.4424274,
18:19:33.526,,,,,,,,,,,,,,,,2656,0.15625,,,,,,,,,,,,,,,,,,,,,,,,,,,,,,,,,,,,,,,,,,,,,,,,,,,,,,,,,50.6275479,30.4424274,
18:19:33.677,,,,,,,,,353.07,58,,3.693,,,,,,,,,,,,,,,,,,,,,,,,,,,,,,,,,,,,,,,,,,,,,,,,,,,7.378,,,,,,,,,,,50.6275479,30.4424274,
18:19:33.750,-8.399999999999864,,-8.549999999999955,,,,,,,,,,3.685,,,,,,,,,,,,,,,,,,,,,,,,,,,,,,,,,,,,,,,,,,,,,,,,,,7.378,,,,,,,,,,,50.6275479,30.4424274,
18:19:33.785,,-8.349999999999909,,,,,,,,,,,,,,,,,,,,,,,,,,,,,,,,,,,,,,,,,,,,,,,,,,,,,,,,,,,,,,,,,,,,,,,,50.6275479,30.4424274,
18:19:33.869,,,,,,,,,,,,,,,,,,,,,,,,,,,,,,,,,,,,,,,,,,,,,,,,,,,,,,,59,,,,,,,,,148,,,,,,,,,,50.6275479,30.4424274,
18:19:33.929,,,,,,,,,,,,,,,,,,,,,,,,,,,,,,,,,,0.14,,,,0,0,,0,0.1415149673888889,12.461934,12.461934,6764.425813000001,0,-0.01,,,,,8.169217931906847,,,,39,98,,0,,,,,148,0.14,,,,,,,0.168,,50.6275479,30.4424274,
18:19:33.993,,,,,,,,,,,,,,,,,,,,0,5.882352941176471,99,,,,,,,,,,5.882352941176471,,,,,,,,0,,,,,,,,,,,,,0,,,,,,,,,,,,0.14,,17.6470588235294,99,,,,,,50.6275483,30.4424272,
18:19:34.065,,,,,,,,,,,,,,,,,,,,,,,0,57.57656,57.57656,627.89670895,0,0.7197070000000001,0.7197070000000001,8.162865,0,,5.882352941176471,,,0,0,,,,,,,,,,,0,5.775243232711714,5.775243232711714,0.12067343519848282,,,50,,,,38730,,12000,0,0,,148,0.14,38730,17.6470588235294,,,,,,0,50.6275483,30.4424272,
18:19:34.185,,,,,,,,,,,,,,,32,,,,,,,,,,,,,,,,,,,,,,,,,,,,,,,,,,,,,,,,,,,,,,,,,,,,,,,,72,,,50.6275483,30.4424272,
18:19:34.209,,,,,,,,,,,,,,,,,,42.359375,,,,,,,,,,,,,,,,,,,,,,,,,,,,,,,,,,,,,,,,,,,,,,,,,,,,,,,,50.6275483,30.4424272,
18:19:34.245,,,,,,,,,,,,,,,,2816,0.171875,,,,,,,,,,,,,,,,,,,,,,,,,,,,,,,,,,,,,,,,,,,,,,,,,,,,,,,,,50.6275483,30.4424272,
18:19:34.365,,,,,,,,,353.07,58,,3.692,,,,,,,,,,,,,,,,,,,,,,,,,,,,,,,,,,,,,,,,,,,,,,,,,,,7.377,,,,,,,,,,,50.6275483,30.4424272,
18:19:34.474,-7.7999999999999545,,-7.949999999999818,,,,,,,,,,3.686,,,,,,,,,,,,,,,,,,,,,,,,,,,,,,,,,,,,,,,,,,,,,,,,,,7.378,,,,,,,,,,,50.6275483,30.4424272,
18:19:34.546,,-7.5,,,,,,,,,,,,,,,,,,,,,,,,,,,,,,,,,,,,,,,,,,,,,,,,,,,,,,,,,,,,,,,,,,,,,,,,50.6275483,30.4424272,
18:19:34.725,,,,,,,,,,,,,,,,,,,,,,,,,,,,,,,,,,0.13,,,,0,0,,0,0.1415149673888889,12.461934,12.461934,6764.425813000001,0,-0.01,,,,,8.066193132093508,,,,39,98,,0,,,,,148,0.13,,,,,,,0.156,,50.6275483,30.4424272,
18:19:34.797,,,,,,,,,,,,,,,,,,,,0,5.882352941176471,99,,,,,,,,,,5.882352941176471,,,,,,,,0,,,,,,,,,,,,,0,,,,,,,,,,,,0.13,,17.6470588235294,99,,,,,,50.6275483,30.4424272,
18:19:34.881,,,,,,,,,,,,,,,,,,,,,,,0,57.57656,57.57656,627.89670895,0,0.7197070000000001,0.7197070000000001,8.162865,0,,5.882352941176471,,,0,0,,,,,,,,,,,0,5.775243232711714,5.775243232711714,0.12067343519848282,,,50,,,,38760,,12000,0,0,,148,0.13,38760,17.6470588235294,,,,,,0,50.6275483,30.4424272,
18:19:35.109,,,,,,,,,,,,,,,32,,,,,,,,,,,,,,,,,,,,,,,,,,,,,,,,,,,,,,,,,,,,,,,,,,,,,,,,72,,,50.6275486,30.4424261,
18:19:35.170,,,,,,,,,,,,,,,,,,3.03125,,,,,,,,,,,,,,,,,,,,,,,,,,,,,,,,,,,,,,,,,,,,,,,,,,,,,,,,50.6275486,30.4424261,
18:19:35.217,,,,,,,,,,,,,,,,128,0,,,,,,,,,,,,,,,,,,,,,,,,,,,,,,,,,,,,,,,,,,,,,,,,,,,,,,,,,50.6275486,30.4424261,
18:19:35.422,,,,,,,,,355.64,58,,3.694,,,,,,,,,,,,,,,,,,,,,,,,,,,,,,,,,,,,,,,,,,,,,,,,,,,7.38,,,,,,,,,,,50.6275486,30.4424261,
18:19:35.530,-6,,-6.199999999999818,,,,,,,,,,3.688,,,,,,,,,,,,,,,,,,,,,,,,,,,,,,,,,,,,,,,,,,,,,,,,,,7.382,,,,,,,,,,,50.6275486,30.4424261,
18:19:35.590,,-5.599999999999909,,,,,,,,,,,,,,,,,,,,,,,,,,,,,,,,,,,,,,,,,,,,,,,,,,,,,,,,,,,,,,,,,,,,,,,,50.6275486,30.4424261,
18:19:35.734,,,,,,,,,,,,,,,,,,,,,,,,,,,,,,,,,,0.13,,,,0,0,,0,0.1415149673888889,12.461934,12.461934,6764.425813000001,0,-0.01,,,,,7.939353448449773,,,,39,98,,0,,,,,148,0.13,,,,,,,0.156,,50.6275486,30.4424261,
18:19:35.809,,,,,,,,,,,,,,,,,,,,0,5.882352941176471,99,,,,,,,,,,5.882352941176471,,,,,,,,0,,,,,,,,,,,,,0,,,,,,,,,,,,0.13,,17.6470588235294,99,,,,,,50.6275486,30.4424261,
18:19:35.894,,,,,,,,,,,,,,,,,,,,,,,0,57.57656,57.57656,627.89670895,0,0.7197070000000001,0.7197070000000001,8.162865,0,,5.882352941176471,,,0,0,,,,,,,,,,,0,5.775243232711714,5.775243232711714,0.12067343519848282,,,50,,,,38740,,12000,0,0,,148,0.13,38740,17.6470588235294,,,,,,0,50.6275486,30.4424261,
18:19:36.050,,,,,,,,,,,,,,,33,,,,,,,,,,,,,,,,,,,,,,,,,,,,,,,,,,,,,,,,,,,,,,,,,,,,,,,,73,,,50.627549,30.4424258,
18:19:36.085,,,,,,,,,,,,,,,,,,0,,,,,,,,,,,,,,,,,,,,,,,,,,,,,,,,,,,,,,,,,,,,,,,,,,,,,,,,50.627549,30.4424258,
18:19:36.133,,,,,,,,,,,,,,,,-32,-0.015625,,,,,,,,,,,,,,,,,,,,,,,,,,,,,,,,,,,,,,,,,,,,,,,,,,,,,,,,,50.627549,30.4424258,
18:19:36.254,,,,,29,,,,,,86.6758781031239,,,86.6758781031239,,,,,,,,,,,,,,,,,,,,,,,,,,,,,,,,,,,,,,,,,,,,,,,,,,,,,,,127.5,146,,,,50.627549,30.4424258,
18:19:36.301,,,,,,,,,354.36,58,,3.696,,,,,,,,,,,,,,,,,,,,,,,,,,,,,,,,,,,,,,,,,,,,,,,,,,,7.384,,,,,,,,,,,50.627549,30.4424258,
18:19:36.349,-6,,-5.7999999999999545,,,,,,,,,,3.687,,,,,,,,,,,,,,,,,,,,,,,,,,,,,,,,,,,,,,,,,,,,,,,,,,7.383,,,,,,,,,,,50.627549,30.4424258,
18:19:36.446,,-5.599999999999909,,,,,,,,,,,,,,,,,,,,,,,,,,,,,,,,,,,,,,,,,,,,,,,,,,,,,,,,,,,,,,,,,,,,,,,,50.627549,30.4424258,
18:19:36.650,,,,,,,,,,,,,,,,,,,,,,,,,,,,,,,,,,0.14,,,,0,0,,0,0.1415149673888889,12.461934,12.461934,6764.425813000001,0,-0.01,,,,,7.8276614137141385,,,,39,98,,0,,,,,148,0.14,,,,,,,0.168,,50.627549,30.4424258,
18:19:36.721,,,,,,,,,,,,,,,,,,,,0,5.882352941176471,99,,,,,,,,,,5.882352941176471,,,,,,,,0,,,,,,,,,,,,,0,,,,,,,,,,,,0.14,,17.6470588235294,99,,,,,,50.627549,30.4424258,
18:19:36.794,,,,,,,,,,,,,,,,,,,,,,,0,57.57656,57.57656,627.89670895,0,0.7197070000000001,0.7197070000000001,8.162865,0,,5.882352941176471,,,0,0,,,,,,,,,,,0,5.775243232711714,5.775243232711714,0.12067343519848282,,,50,,,,38740,,12000,0,0,,148,0.14,38740,17.6470588235294,,,,,,0,50.627549,30.4424258,
18:19:36.926,,,,,,,,,,,,,,,33,,,,,,,,,,,,,,,,,,,,,,,,,,,,,,,,,,,,,,,,,,,,,,,,,,,,,,,,73,,,50.627549,30.4424258,
18:19:36.962,,,,,,,,,,,,,,,,,,0,,,,,,,,,,,,,,,,,,,,,,,,,,,,,,,,,,,,,,,,,,,,,,,,,,,,,,,,50.6275495,30.442424,
18:19:36.997,,,,,,,,,,,,,,,,0,0,,,,,,,,,,,,,,,,,,,,,,,,,,,,,,,,,,,,,,,,,,,,,,,,,,,,,,,,,50.6275495,30.442424,
18:19:37.118,,,,,,,,,354.36,58,,3.696,,,,,,,,,,,,,,,,,,,,,,,,,,,,,,,,,,,,,,,,,,,,,,,,,,,7.383,,,,,,,,,,,50.6275495,30.442424,
18:19:37.166,-4.699999999999818,,-4.75,,,,,,,,,,3.689,,,,,,,,,,,,,,,,,,,,,,,,,,,,,,,,,,,,,,,,,,,,,,,,,,7.385,,,,,,,,,,,50.6275495,30.442424,
18:19:37.201,,-4.5,,,,,,,,,,,,,,,,,,,,,,,,,,,,,,,,,,,,,,,,,,,,,,,,,,,,,,,,,,,,,,,,,,,,,,,,50.6275495,30.442424,
18:19:37.322,,,,,,,,,,,,,,,,,,,,,,,,,,,,,,,,,,0.14,,,,0,0,,0,0.1415149673888889,12.461934,12.461934,6764.425813000001,0,-0.01,,,,,7.74767188530376,,,,39,98,,0,,,,,148,0.14,,,,,,,0.168,,50.6275495,30.442424,
18:19:37.393,,,,,,,,,,,,,,,,,,,,0,5.882352941176471,99,,,,,,,,,,5.882352941176471,,,,,,,,0,,,,,,,,,,,,,0,,,,,,,,,,,,0.14,,17.6470588235294,99,,,,,,50.6275495,30.442424,
18:19:37.452,,,,,,,,,,,,,,,,,,,,,,,0,57.57656,57.57656,627.89670895,0,0.7197070000000001,0.7197070000000001,8.162865,0,,5.882352941176471,,,0,0,,,,,,,,,,,0,5.775243232711714,5.775243232711714,0.12067343519848282,,,50,,,,38740,,12000,0,0,,148,0.14,38740,17.6470588235294,,,,,,0,50.6275495,30.442424,
18:19:37.561,,,,,,,,,,,,,,,33,,,,,,,,,,,,,,,,,,,,,,,,,,,,,,,,,,,,,,,,,,,,,,,,,,,,,,,,73,,,50.6275495,30.442424,
18:19:37.597,,,,,,,,,,,,,,,,,,0,,,,,,,,,,,,,,,,,,,,,,,,,,,,,,,,,,,,,,,,,,,,,,,,,,,,,,,,50.6275495,30.442424,
18:19:37.645,,,,,,,,,,,,,,,,0,0,,,,,,,,,,,,,,,,,,,,,,,,,,,,,,,,,,,,,,,,,,,,,,,,,,,,,,,,,50.6275495,30.442424,
18:19:37.777,,,,,,,,,353.71,58,,3.697,,,,,,,,,,,,,,,,,,,,,,,,,,,,,,,,,,,,,,,,,,,,,,,,,,,7.386,,,,,,,,,,,50.6275495,30.442424,
18:19:37.849,-3.449999999999818,,-3.599999999999909,,,,,,,,,,3.691,,,,,,,,,,,,,,,,,,,,,,,,,,,,,,,,,,,,,,,,,,,,,,,,,,7.388,,,,,,,,,,,50.6275495,30.442424,
18:19:37.885,,-3.25,,,,,,,,,,,,,,,,,,,,,,,,,,,,,,,,,,,,,,,,,,,,,,,,,,,,,,,,,,,,,,,,,,,,,,,,50.6275495,30.442424,
18:19:37.980,,,,,,,,,,,,,,,,,,,,,,,,,,,,,,,,,,,,,,,,,,,,,,,,,,,,,,,59,,,,,,,,,148,,,,,,,,,,50.6275496,30.4424235,
18:19:38.053,,,,,,,,,,,,,,,,,,,,,,,,,,,,,,,,,,0.14,,,,0,0,,0,0.1415149673888889,12.461934,12.461934,6764.425813000001,0,-0.01,,,,,7.662470977004893,,,,39,98,,0,,,,,148,0.14,,,,,,,0.168,,50.6275496,30.4424235,
18:19:38.137,,,,,,,,,,,,,,,,,,,,0,5.882352941176471,99,,,,,,,,,,5.882352941176471,,,,,,,,0,,,,,,,,,,,,,0,,,,,,,,,,,,0.14,,17.6470588235294,99,,,,,,50.6275496,30.4424235,
18:19:38.269,,,,,,,,,,,,,,,,,,,,,,,0,57.57656,57.57656,627.89670895,0,0.7197070000000001,0.7197070000000001,8.162865,0,,5.882352941176471,,,0,0,,,,,,,,,,,0,5.775243232711714,5.775243232711714,0.12067343519848282,,,50,,,,38730,,12000,0,0,,148,0.14,38730,17.6470588235294,,,,,,0,50.6275496,30.4424235,
18:19:38.449,,,,,,,,,,,,,,,33,,,,,,,,,,,,,,,,,,,,,,,,,,,,,,,,,,,,,,,,,,,,,,,,,,,,,,,,73,,,50.6275496,30.4424235,
18:19:38.510,,,,,,,,,,,,,,,,,,0,,,,,,,,,,,,,,,,,,,,,,,,,,,,,,,,,,,,,,,,,,,,,,,,,,,,,,,,50.6275496,30.4424235,
18:19:38.558,,,,,,,,,,,,,,,,0,0,,,,,,,,,,,,,,,,,,,,,,,,,,,,,,,,,,,,,,,,,,,,,,,,,,,,,,,,,50.6275496,30.4424235,
18:19:38.678,,,,,,,,,354.84000000000003,58,,3.701,,,,,,,,,,,,,,,,,,,,,,,,,,,,,,,,,,,,,,,,,,,,,,,,,,,7.392,,,,,,,,,,,50.6275496,30.4424235,
18:19:38.762,-1.7999999999999545,,-1.75,,,,,,,,,,3.693,,,,,,,,,,,,,,,,,,,,,,,,,,,,,,,,,,,,,,,,,,,,,,,,,,7.394,,,,,,,,,,,50.6275496,30.4424235,
18:19:38.809,,-1.5,,,,,,,,,,,,,,,,,,,,,,,,,,,,,,,,,,,,,,,,,,,,,,,,,,,,,,,,,,,,,,,,,,,,,,,,50.6275496,30.4424235,
18:19:38.942,,,,,,,,,,,,,,,,,,,,,,,,,,,,,,,,,,0.14,,,,0,0,,0,0.1415149673888889,12.461934,12.461934,6764.425813000001,0,-0.01,,,,,7.561283795248783,,,,39,98,,0,,,,,148,0.14,,,,,,,0.168,,50.6275497,30.4424239,
18:19:39.006,,,,,,,,,,,,,,,,,,,,0,5.882352941176471,99,,,,,,,,,,5.882352941176471,,,,,,,,0,,,,,,,,,,,,,0,,,,,,,,,,,,0.14,,17.6470588235294,99,,,,,,50.6275497,30.4424239,
18:19:39.077,,,,,,,,,,,,,,,,,,,,,,,0,57.57656,57.57656,627.89670895,0,0.7197070000000001,0.7197070000000001,8.162865,0,,5.882352941176471,,,0,0,,,,,,,,,,,0,5.775243232711714,5.775243232711714,0.12067343519848282,,,50,,,,38720,,12000,0,0,,148,0.14,38720,17.6470588235294,,,,,,0,50.6275497,30.4424239,
18:19:39.209,,,,,,,,,,,,,,,33,,,,,,,,,,,,,,,,,,,,,,,,,,,,,,,,,,,,,,,,,,,,,,,,,,,,,,,,73,,,50.6275497,30.4424239,
18:19:39.245,,,,,,,,,,,,,,,,,,41.359375,,,,,,,,,,,,,,,,,,,,,,,,,,,,,,,,,,,,,,,,,,,,,,,,,,,,,,,,50.6275497,30.4424239,
18:19:39.269,,,,,,,,,,,,,,,,2592,0.15625,,,,,,,,,,,,,,,,,,,,,,,,,,,,,,,,,,,,,,,,,,,,,,,,,,,,,,,,,50.6275497,30.4424239,
18:19:39.381,,,,28,,,,,,,,,,,,,,,,,,,,,,,,,,,,,,,,,,,,,,,,,,,,,,,,,,,,,,,,,,,,,,,,,,146,,,,50.6275497,30.4424239,
18:19:39.478,,,,,,,,,355.48,58,,3.699,,,,,,,,,,,,,,,,,,,,,,,,,,,,,,,,,,,,,,,,,,,,,,,,,,,7.392,,,,,,,,,,,50.6275497,30.4424239,
18:19:39.537,-3.7999999999999545,,-3.849999999999909,,,,,,,,,,3.691,,,,,,,,,,,,,,,,,,,,,,,,,,,,,,,,,,,,,,,,,,,,,,,,,,7.39,,,,,,,,,,,50.6275497,30.4424239,
18:19:39.573,,-3.6499999999998636,,,,,,,,,,,,,,,,,,,,,,,,,,,,,,,,,,,,,,,,,,,,,,,,,,,,,,,,,,,,,,,,,,,,,,,,50.6275497,30.4424239,
18:19:39.682,,,,,,,,,,,,,,,,,,,,,,,,,,,,,,,,,,0.16,,,,0,0,,0,0.1415149673888889,12.461934,12.461934,6764.425813000001,0,-0.01,,,,,7.479282140432942,,,,39,98,,0,,,,,148,0.16,,,,,,,0.192,,50.6275497,30.4424239,
18:19:39.742,,,,,,,,,,,,,,,,,,,,0,5.882352941176471,99,,,,,,,,,,5.882352941176471,,,,,,,,0,,,,,,,,,,,,,0,,,,,,,,,,,,0.16,,17.6470588235294,99,,,,,,50.6275497,30.4424239,
18:19:39.802,,,,,,,,,,,,,,,,,,,,,,,0,57.57656,57.57656,627.89670895,0,0.7197070000000001,0.7197070000000001,8.162865,0,,5.882352941176471,,,0,0,,,,,,,,,,,0,5.775243232711714,5.775243232711714,0.12067343519848282,,,50,,,,38720,,12000,0,0,,148,0.16,38720,17.6470588235294,,,,,,0,50.6275497,30.4424239,
18:19:39.861,,,,,,,,,,,,,,,,,,,40,,,,,,,,,,,,,,,,,,,,,,,,,,,,,,,,,,,,,,,,,,,,,,,,,,,,73,,,50.6275497,30.4424239,
18:19:40.006,,,,,,,,,,,,,,,33,,,,,,,,,,,,,,,,,,,,,,,,,,,,,,,,,,,,,,,,,,,,,,,,,,,,,,,,73,,,50.6275498,30.4424237,
18:19:40.065,,,,,,,,,,,,,,,,,,43.359375,,,,,,,,,,,,,,,,,,,,,,,,,,,,,,,,,,,,,,,,,,,,,,,,,,,,,,,,50.6275498,30.4424237,
18:19:40.102,,,,,,,,,,,,,,,,2848,0.171875,,,,,,,,,,,,,,,,,,,,,,,,,,,,,,,,,,,,,,,,,,,,,,,,,,,,,,,,,50.6275498,30.4424237,
18:19:40.305,,,,,,,,,355.32,58,,3.698,,,,,,,,,,,,,,,,,,,,,,,,,,,,,,,,,,,,,,,,,,,,,,,,,,,7.389,,,,,,,,,,,50.6275498,30.4424237,
18:19:40.354,-3.8999999999998636,,-3.8999999999998636,,,,,,,,,,3.69,,,,,,,,,,,,,,,,,,,,,,,,,,,,,,,,,,,,,,,,,,,,,,,,,,7.388,,,,,,,,,,,50.6275498,30.4424237,
18:19:40.401,,-3.6499999999998636,,,,,,,,,,,,,,,,,,,,,,,,,,,,,,,,,,,,,,,,,,,,,,,,,,,,,,,,,,,,,,,,,,,,,,,,50.6275498,30.4424237,
18:19:40.522,,,,,,,,,,,,,,,,,,,,,,,,,,,,,,,,,,0.16,,,,0,0,,0,0.1415149673888889,12.461934,12.461934,6764.425813000001,0,-0.01,,,,,7.388141012750909,,,,39,98,,0,,,,,148,0.16,,,,,,,0.192,,50.6275498,30.4424237,
18:19:40.593,,,,,,,,,,,,,,,,,,,,0,5.882352941176471,99,,,,,,,,,,5.882352941176471,,,,,,,,0,,,,,,,,,,,,,0,,,,,,,,,,,,0.16,,17.6470588235294,99,,,,,,50.6275498,30.4424237,
18:19:40.702,,,,,,,,,,,,,,,,,,,,,,,0,57.57656,57.57656,627.89670895,0,0.7197070000000001,0.7197070000000001,8.162865,0,,5.882352941176471,,,0,0,,,,,,,,,,,0,5.775243232711714,5.775243232711714,0.12067343519848282,,,50,,,,38720,,12000,0,0,,148,0.16,38720,17.6470588235294,,,,,,0,50.6275498,30.4424237,
18:19:40.946,,,,,,,,,,,,,,,33,,,,,,,,,,,,,,,,,,,,,,,,,,,,,,,,,,,,,,,,,,,,,,,,,,,,,,,,73,,,50.6275496,30.4424239,
18:19:41.006,,,,,,,,,,,,,,,,,,42.984375,,,,,,,,,,,,,,,,,,,,,,,,,,,,,,,,,,,,,,,,,,,,,,,,,,,,,,,,50.6275496,30.4424239,
18:19:41.066,,,,,,,,,,,,,,,,2816,0.171875,,,,,,,,,,,,,,,,,,,,,,,,,,,,,,,,,,,,,,,,,,,,,,,,,,,,,,,,,50.6275496,30.4424239,
18:19:41.234,,,,,,30,29,30,,,,,,,,,,,,,,,,,,,,,,,,,,,,,,,,,,,,,,,,,,,,,,,,,,,,,,,,,,,,,,146,,,,50.6275496,30.4424239,
18:19:41.293,,,,,,,,,355.32,58,,3.698,,,,,,,,,,,,,,,,,,,,,,,,,,,,,,,,,,,,,,,,,,,,,,,,,,,7.388,,,,,,,,,,,50.6275496,30.4424239,
18:19:41.353,-3.1499999999998636,,-3.199999999999818,,,,,,,,,,3.692,,,,,,,,,,,,,,,,,,,,,,,,,,,,,,,,,,,,,,,,,,,,,,,,,,7.39,,,,,,,,,,,50.6275496,30.4424239,
18:19:41.389,,-3,,,,,,,,,,,,,,,,,,,,,,,,,,,,,,,,,,,,,,,,,,,,,,,,,,,,,,,,,,,,,,,,,,,,,,,,50.6275496,30.4424239,
18:19:41.513,,,,,,,,,,,,,,,,,,,,,,,,,,,,,,,,,,0,,,,0,0,,0,0.1415149673888889,12.461934,12.461934,6764.425813000001,0,-0.01,,,,,7.283398953691567,,,,39,98,,0,,,,,148,0,,,,,,,0,,50.6275496,30.4424239,
18:19:41.573,,,,,,,,,,,,,,,,,,,,0,5.882352941176471,99,,,,,,,,,,5.882352941176471,,,,,,,,0,,,,,,,,,,,,,0,,,,,,,,,,,,0,,17.6470588235294,99,,,,,,50.6275496,30.4424239,
18:19:41.646,,,,,,,,,,,,,,,,,,,,,,,0,57.57656,57.57656,627.89670895,0,0.7197070000000001,0.7197070000000001,8.162865,0,,5.882352941176471,,,0,0,,,,,,,,,,,0,5.775243232711714,5.775243232711714,0.12067343519848282,,,50,,,,38700,,12000,0,0,,148,0,38700,17.6470588235294,,,,,,0,50.6275496,30.4424239,
18:19:41.777,,,,,,,,,,,,,,,33,,,,,,,,,,,,,,,,,,,,,,,,,,,,,,,,,,,,,,,,,,,,,,,,,,,,,,,,73,,,50.6275496,30.4424239,
18:19:41.827,,,,,,,,,,,,,,,,,,4.625,,,,,,,,,,,,,,,,,,,,,,,,,,,,,,,,,,,,,,,,,,,,,,,,,,,,,,,,50.6275496,30.4424239,
18:19:41.865,,,,,,,,,,,,,,,,128,0,,,,,,,,,,,,,,,,,,,,,,,,,,,,,,,,,,,,,,,,,,,,,,,,,,,,,,,,,50.6275496,30.4424239,
18:19:41.973,,,,,,,,,354.03000000000003,57.5,,3.701,,,,,,,,,,,,,,,,,,,,,,,,,,,,,,,,,,,,,,,,,,,,,,,,,,,7.393,,,,,,,,,,,50.6275493,30.4424245,
18:19:42.045,-1.5499999999999545,,-1.599999999999909,,,,,,,,,,3.693,,,,,,,,,,,,,,,,,,,,,,,,,,,,,,,,,,,,,,,,,,,,,,,,,,7.394,,,,,,,,,,,50.6275493,30.4424245,
18:19:42.105,,-1.2999999999999545,,,,,,,,,,,,,,,,,,,,,,,,,,,,,,,,,,,,,,,,,,,,,,,,,,,,,,,,,,,,,,,,,,,,,,,,50.6275493,30.4424245,
18:19:42.286,,,,,,,,,,,,,,,,,,,,,,,,,,,,,,,,,,,,,,,,,,,,,,,,,,,,,,,59,,,,,,,,,148,,,,,,,,,,50.6275493,30.4424245,
18:19:42.357,,,,,,,,,,,,,,,,,,,,,,,,,,,,,,,,,,0.15,,,,0,0,,0,0.1415149673888889,12.461934,12.461934,6764.425813000001,0,-0.01,,,,,7.196616828477269,,,,39,98,,0,,,,,148,0.15,,,,,,,0.18,,50.6275493,30.4424245,
18:19:42.417,,,,,,,,,,,,,,,,,,,,0,5.882352941176471,99,,,,,,,,,,5.882352941176471,,,,,,,,0,,,,,,,,,,,,,0,,,,,,,,,,,,0.15,,17.6470588235294,99,,,,,,50.6275493,30.4424245,
18:19:42.490,,,,,,,,,,,,,,,,,,,,,,,0,57.57656,57.57656,627.89670895,0,0.7197070000000001,0.7197070000000001,8.162865,0,,5.882352941176471,,,0,0,,,,,,,,,,,0,5.775243232711714,5.775243232711714,0.12067343519848282,,,50,,,,38700,,12000,0,0,,148,0.15,38700,17.6470588235294,,,,,,0,50.6275493,30.4424245,
18:19:42.598,,,,,,,,,,,,,,,33,,,,,,,,,,,,,,,,,,,,,,,,,,,,,,,,,,,,,,,,,,,,,,,,,,,,,,,,73,,,50.6275493,30.4424245,
18:19:42.645,,,,,,,,,,,,,,,,,,0.015625,,,,,,,,,,,,,,,,,,,,,,,,,,,,,,,,,,,,,,,,,,,,,,,,,,,,,,,,50.6275493,30.4424245,
18:19:42.681,,,,,,,,,,,,,,,,0,0,,,,,,,,,,,,,,,,,,,,,,,,,,,,,,,,,,,,,,,,,,,,,,,,,,,,,,,,,50.6275493,30.4424245,
18:19:42.837,,,,,29,,,,,,86.6758781031239,,,86.6758781031239,,,,,,,,,,,,,,,,,,,,,,,,,,,,,,,,,,,,,,,,,,,,,,,,,,,,,,,127.5,146,,,,50.6275493,30.4424245,
18:19:42.910,,,,,,,,,355.48,57.5,,3.703,,,,,,,,,,,,,,,,,,,,,,,,,,,,,,,,,,,,,,,,,,,,,,,,,,,7.396,,,,,,,,,,,50.6275493,30.4424245,
18:19:42.969,-1.5499999999999545,,-1.5,,,,,,,,,,3.693,,,,,,,,,,,,,,,,,,,,,,,,,,,,,,,,,,,,,,,,,,,,,,,,,,7.396,,,,,,,,,,,50.6275491,30.4424248,
18:19:43.006,,-1.2999999999999545,,,,,,,,,,,,,,,,,,,,,,,,,,,,,,,,,,,,,,,,,,,,,,,,,,,,,,,,,,,,,,,,,,,,,,,,50.6275491,30.4424248,
18:19:43.125,,,,,,,,,,,,,,,,,,,,,,,,,,,,,,,,,,0.14,,,,0,0,,0,0.1415149673888889,12.461934,12.461934,6764.425813000001,0,-0.01,,,,,7.119390241512962,,,,39,98,,0,,,,,148,0.14,,,,,,,0.168,,50.6275491,30.4424248,
18:19:43.186,,,,,,,,,,,,,,,,,,,,0,5.882352941176471,99,,,,,,,,,,5.882352941176471,,,,,,,,0,,,,,,,,,,,,,0,,,,,,,,,,,,0.14,,17.6470588235294,99,,,,,,50.6275491,30.4424248,
18:19:43.257,,,,,,,,,,,,,,,,,,,,,,,0,57.57656,57.57656,627.89670895,0,0.7197070000000001,0.7197070000000001,8.162865,0,,5.882352941176471,,,0,0,,,,,,,,,,,0,5.775243232711714,5.775243232711714,0.12067343519848282,,,50,,,,38700,,12000,0,0,,148,0.14,38700,17.6470588235294,,,,,,0,50.6275491,30.4424248,
18:19:43.389,,,,,,,,,,,,,,,33,,,,,,,,,,,,,,,,,,,,,,,,,,,,,,,,,,,,,,,,,,,,,,,,,,,,,,,,73,,,50.6275491,30.4424248,
18:19:43.438,,,,,,,,,,,,,,,,,,0,,,,,,,,,,,,,,,,,,,,,,,,,,,,,,,,,,,,,,,,,,,,,,,,,,,,,,,,50.6275491,30.4424248,
18:19:43.474,,,,,,,,,,,,,,,,0,0,,,,,,,,,,,,,,,,,,,,,,,,,,,,,,,,,,,,,,,,,,,,,,,,,,,,,,,,,50.6275491,30.4424248,
18:19:43.581,,,,,,,,,354.03000000000003,57.5,,3.7,,,,,,,,,,,,,,,,,,,,,,,,,,,,,,,,,,,,,,,,,,,,,,,,,,,7.393,,,,,,,,,,,50.6275491,30.4424248,
18:19:43.641,-1.5499999999999545,,-1.5,,,,,,,,,,3.695,,,,,,,,,,,,,,,,,,,,,,,,,,,,,,,,,,,,,,,,,,,,,,,,,,7.395,,,,,,,,,,,50.6275491,30.4424248,
18:19:43.677,,-1.5,,,,,,,,,,,,,,,,,,,,,,,,,,,,,,,,,,,,,,,,,,,,,,,,,,,,,,,,,,,,,,,,,,,,,,,,50.6275491,30.4424248,
18:19:43.953,,,,,,,,,,,,,,,,,,,,,,,,,,,,,,,,,,0.15,,,,0,0,,0,0.1415149673888889,12.461934,12.461934,6764.425813000001,0,-0.01,,,,,7.038001028428612,,,,39,98,,0,,,,,148,0.15,,,,,,,0.18,,50.6275488,30.4424248,
18:19:44.013,,,,,,,,,,,,,,,,,,,,0,5.882352941176471,99,,,,,,,,,,5.882352941176471,,,,,,,,0,,,,,,,,,,,,,0,,,,,,,,,,,,0.15,,17.6470588235294,99,,,,,,50.6275488,30.4424248,
18:19:44.097,,,,,,,,,,,,,,,,,,,,,,,0,57.57656,57.57656,627.89670895,0,0.7197070000000001,0.7197070000000001,8.162865,0,,5.882352941176471,,,0,0,,,,,,,,,,,0,5.775243232711714,5.775243232711714,0.12067343519848282,,,50,,,,38690,,12000,0,0,,148,0.15,38690,17.6470588235294,,,,,,0,50.6275488,30.4424248,
18:19:44.230,,,,,,,,,,,,,,,33,,,,,,,,,,,,,,,,,,,,,,,,,,,,,,,,,,,,,,,,,,,,,,,,,,,,,,,,73,,,50.6275488,30.4424248,
18:19:44.253,,,,,,,,,,,,,,,,,,0,,,,,,,,,,,,,,,,,,,,,,,,,,,,,,,,,,,,,,,,,,,,,,,,,,,,,,,,50.6275488,30.4424248,
18:19:44.289,,,,,,,,,,,,,,,,0,0,,,,,,,,,,,,,,,,,,,,,,,,,,,,,,,,,,,,,,,,,,,,,,,,,,,,,,,,,50.6275488,30.4424248,
18:19:44.384,,,,,,,,,354.03000000000003,57.5,,3.701,,,,,,,,,,,,,,,,,,,,,,,,,,,,,,,,,,,,,,,,,,,,,,,,,,,7.396,,,,,,,,,,,50.6275488,30.4424248,
18:19:44.458,-1.5,,-1.5,,,,,,,,,,3.693,,,,,,,,,,,,,,,,,,,,,,,,,,,,,,,,,,,,,,,,,,,,,,,,,,7.394,,,,,,,,,,,50.6275488,30.4424248,
18:19:44.506,,-1.5,,,,,,,,,,,,,,,,,,,,,,,,,,,,,,,,,,,,,,,,,,,,,,,,,,,,,,,,,,,,,,,,,,,,,,,,50.6275488,30.4424248,
18:19:44.638,,,,,,,,,,,,,,,,,,,,,,,,,,,,,,,,,,0.15,,,,0,0,,0,0.1415149673888889,12.461934,12.461934,6764.425813000001,0,-0.01,,,,,6.971989889297181,,,,39,98,,0,,,,,148,0.15,,,,,,,0.18,,50.6275488,30.4424248,
18:19:44.698,,,,,,,,,,,,,,,,,,,,0,5.882352941176471,99,,,,,,,,,,5.882352941176471,,,,,,,,0,,,,,,,,,,,,,0,,,,,,,,,,,,0.15,,17.6470588235294,99,,,,,,50.6275488,30.4424248,
18:19:44.794,,,,,,,,,,,,,,,,,,,,,,,0,57.57656,57.57656,627.89670895,0,0.7197070000000001,0.7197070000000001,8.162865,0,,5.882352941176471,,,0,0,,,,,,,,,,,0,5.775243232711714,5.775243232711714,0.12067343519848282,,,50,,,,38690,,12000,0,0,,148,0.15,38690,17.6470588235294,,,,,,0,50.6275488,30.4424248,
18:19:44.949,,,,,,,,,,,,,,,33,,,,,,,,,,,,,,,,,,,,,,,,,,,,,,,,,,,,,,,,,,,,,,,,,,,,,,,,73,,,50.6275486,30.4424249,
18:19:44.997,,,,,,,,,,,,,,,,,,0,,,,,,,,,,,,,,,,,,,,,,,,,,,,,,,,,,,,,,,,,,,,,,,,,,,,,,,,50.6275486,30.4424249,
18:19:45.046,,,,,,,,,,,,,,,,0,0,,,,,,,,,,,,,,,,,,,,,,,,,,,,,,,,,,,,,,,,,,,,,,,,,,,,,,,,,50.6275486,30.4424249,
18:19:45.165,,,,,,,,,353.87,57.5,,3.703,,,,,,,,,,,,,,,,,,,,,,,,,,,,,,,,,,,,,,,,,,,,,,,,,,,7.396,,,,,,,,,,,50.6275486,30.4424249,
18:19:45.213,-2.699999999999818,,-2.5499999999999545,,,,,,,,,,3.693,,,,,,,,,,,,,,,,,,,,,,,,,,,,,,,,,,,,,,,,,,,,,,,,,,7.396,,,,,,,,,,,50.6275486,30.4424249,
18:19:45.250,,-2.349999999999909,,,,,,,,,,,,,,,,,,,,,,,,,,,,,,,,,,,,,,,,,,,,,,,,,,,,,,,,,,,,,,,,,,,,,,,,50.6275486,30.4424249,
18:19:45.382,,,,,,,,,,,,,,,,,,,,,,,,,,,,,,,,,,0.15,,,,0,0,,0,0.1415149673888889,12.461934,12.461934,6764.425813000001,0,-0.01,,,,,6.901749699770419,,,,39,98,,0,,,,,148,0.15,,,,,,,0.18,,50.6275486,30.4424249,
18:19:45.442,,,,,,,,,,,,,,,,,,,,0,5.882352941176471,99,,,,,,,,,,5.882352941176471,,,,,,,,0,,,,,,,,,,,,,0,,,,,,,,,,,,0.15,,17.6470588235294,99,,,,,,50.6275486,30.4424249,
18:19:45.502,,,,,,,,,,,,,,,,,,,,,,,0,57.57656,57.57656,627.89670895,0,0.7197070000000001,0.7197070000000001,8.162865,0,,5.882352941176471,,,0,0,,,,,,,,,,,0,5.775243232711714,5.775243232711714,0.12067343519848282,,,50,,,,38670,,12000,0,0,,148,0.15,38670,17.6470588235294,,,,,,0,50.6275486,30.4424249,
18:19:45.633,,,,,,,,,,,,,,,33,,,,,,,,,,,,,,,,,,,,,,,,,,,,,,,,,,,,,,,,,,,,,,,,,,,,,,,,73,,,50.6275486,30.4424249,
18:19:45.669,,,,,,,,,,,,,,,,,,0,,,,,,,,,,,,,,,,,,,,,,,,,,,,,,,,,,,,,,,,,,,,,,,,,,,,,,,,50.6275486,30.4424249,
18:19:45.713,,,,,,,,,,,,,,,,0,0,,,,,,,,,,,,,,,,,,,,,,,,,,,,,,,,,,,,,,,,,,,,,,,,,,,,,,,,,50.6275486,30.4424249,
18:19:45.941,,,,,,,,,355,57.5,,3.701,,,,,,,,,,,,,,,,,,,,,,,,,,,,,,,,,,,,,,,,,,,,,,,,,,,7.394,,,,,,,,,,,50.6275486,30.4424249,
18:19:46.014,-2.849999999999909,,-2.75,,,,,,,,,,3.693,,,,,,,,,,,,,,,,,,,,,,,,,,,,,,,,,,,,,,,,,,,,,,,,,,7.394,,,,,,,,,,,50.6275486,30.4424249,
18:19:46.050,,-2.599999999999909,,,,,,,,,,,,,,,,,,,,,,,,,,,,,,,,,,,,,,,,,,,,,,,,,,,,,,,,,,,,,,,,,,,,,,,,50.6275486,30.4424249,
18:19:46.133,,,,,,,,,,,,,,,,,,,,,,,,,,,,,,,,,,,,,,,,,,,,,,,,,,,,,,,59,,,,,,,,,148,,,,,,,,,,50.6275486,30.4424249,
18:19:46.205,,,,,,,,,,,,,,,,,,,,,,,,,,,,,,,,,,0.14,,,,0,0,,0,0.1415149673888889,12.461934,12.461934,6764.425813000001,0,-0.01,,,,,6.8227216624741125,,,,39,98,,0,,,,,148,0.14,,,,,,,0.168,,50.6275486,30.4424249,
18:19:46.356,,,,,,,,,,,,,,,,,,,,0,5.882352941176471,99,,,,,,,,,,5.882352941176471,,,,,,,,0,,,,,,,,,,,,,0,,,,,,,,,,,,0.14,,17.6470588235294,99,,,,,,50.6275486,30.4424249,
18:19:46.465,,,,,,,,,,,,,,,,,,,,,,,0,57.57656,57.57656,627.89670895,0,0.7197070000000001,0.7197070000000001,8.162865,0,,5.882352941176471,,,0,0,,,,,,,,,,,0,5.775243232711714,5.775243232711714,0.12067343519848282,,,50,,,,38680,,12000,0,0,,148,0.14,38680,17.6470588235294,,,,,,0,50.6275486,30.4424249,
18:19:46.585,,,,,,,,,,,,,,,,,,,41,,,,,,,,,,,,,,,,,,,,,,,,,,,,,,,,,,,,,,,,,,,,,,,,,,,,74,,,50.6275486,30.4424249,
18:19:46.777,,,,,,,,,,,,,,,33,,,,,,,,,,,,,,,,,,,,,,,,,,,,,,,,,,,,,,,,,,,,,,,,,,,,,,,,74,,,50.6275486,30.4424249,
18:19:46.837,,,,,,,,,,,,,,,,,,0,,,,,,,,,,,,,,,,,,,,,,,,,,,,,,,,,,,,,,,,,,,,,,,,,,,,,,,,50.6275486,30.4424249,
18:19:46.897,,,,,,,,,,,,,,,,0,0,,,,,,,,,,,,,,,,,,,,,,,,,,,,,,,,,,,,,,,,,,,,,,,,,,,,,,,,,50.6275486,30.4424249,
18:19:47.066,,,,,,,,,354.84000000000003,57.5,,3.698,,,,,,,,,,,,,,,,,,,,,,,,,,,,,,,,,,,,,,,,,,,,,,,,,,,7.391,,,,,,,,,,,50.6275486,30.4424249,
18:19:47.138,-4,,-3.849999999999909,,,,,,,,,,3.691,,,,,,,,,,,,,,,,,,,,,,,,,,,,,,,,,,,,,,,,,,,,,,,,,,7.389,,,,,,,,,,,50.6275486,30.4424249,
18:19:47.173,,-3.849999999999909,,,,,,,,,,,,,,,,,,,,,,,,,,,,,,,,,,,,,,,,,,,,,,,,,,,,,,,,,,,,,,,,,,,,,,,,50.6275486,30.4424249,
18:19:47.282,,,,,,,,,,,,,,,,,,,,,,,,,,,,,,,,,,0.15,,,,0,0,,0,0.1415149673888889,12.461934,12.461934,6764.425813000001,0,-0.01,,,,,6.728487796736582,,,,39,98,,0,,,,,148,0.15,,,,,,,0.18,,50.6275486,30.4424249,
18:19:47.341,,,,,,,,,,,,,,,,,,,,0,5.882352941176471,99,,,,,,,,,,5.882352941176471,,,,,,,,0,,,,,,,,,,,,,0,,,,,,,,,,,,0.15,,17.6470588235294,99,,,,,,50.6275486,30.4424249,
18:19:47.413,,,,,,,,,,,,,,,,,,,,,,,0,57.57656,57.57656,627.89670895,0,0.7197070000000001,0.7197070000000001,8.162865,0,,5.882352941176471,,,0,0,,,,,,,,,,,0,5.775243232711714,5.775243232711714,0.12067343519848282,,,50,,,,38670,,12000,0,0,,148,0.15,38670,17.6470588235294,,,,,,0,50.6275486,30.4424249,
18:19:47.667,,,,,,,,,,,,,,,33,,,,,,,,,,,,,,,,,,,,,,,,,,,,,,,,,,,,,,,,,,,,,,,,,,,,,,,,74,,,50.6275486,30.4424249,
18:19:47.725,,,,,,,,,,,,,,,,,,0,,,,,,,,,,,,,,,,,,,,,,,,,,,,,,,,,,,,,,,,,,,,,,,,,,,,,,,,50.6275486,30.4424249,
18:19:47.774,,,,,,,,,,,,,,,,0,0,,,,,,,,,,,,,,,,,,,,,,,,,,,,,,,,,,,,,,,,,,,,,,,,,,,,,,,,,50.6275486,30.4424249,
18:19:47.870,,,,28,,,,,,,,,,,,,,,,,,,,,,,,,,,,,,,,,,,,,,,,,,,,,,,,,,,,,,,,,,,,,,,,,,146,,,,50.6275486,30.4424249,
18:19:47.970,,,,,,,,,354.68,57.5,,3.697,,,,,,,,,,,,,,,,,,,,,,,,,,,,,,,,,,,,,,,,,,,,,,,,,,,7.388,,,,,,,,,,,50.6275486,30.4424248,
18:19:48.029,-4.399999999999864,,-4.349999999999909,,,,,,,,,,3.69,,,,,,,,,,,,,,,,,,,,,,,,,,,,,,,,,,,,,,,,,,,,,,,,,,7.387,,,,,,,,,,,50.6275486,30.4424248,
18:19:48.054,,-4.099999999999909,,,,,,,,,,,,,,,,,,,,,,,,,,,,,,,,,,,,,,,,,,,,,,,,,,,,,,,,,,,,,,,,,,,,,,,,50.6275486,30.4424248,
18:19:48.174,,,,,,,,,,,,,,,,,,,,,,,,,,,,,,,,,,0.14,,,,0,0,,0,0.1415149673888889,12.461934,12.461934,6764.425813000001,0,-0.01,,,,,6.650190583584911,,,,39,98,,0,,,,,148,0.14,,,,,,,0.168,,50.6275486,30.4424248,
18:19:48.234,,,,,,,,,,,,,,,,,,,,0,5.882352941176471,99,,,,,,,,,,5.882352941176471,,,,,,,,0,,,,,,,,,,,,,0,,,,,,,,,,,,0.14,,17.6470588235294,99,,,,,,50.6275486,30.4424248,
18:19:48.305,,,,,,,,,,,,,,,,,,,,,,,0,57.57656,57.57656,627.89670895,0,0.7197070000000001,0.7197070000000001,8.162865,0,,5.882352941176471,,,0,0,,,,,,,,,,,0,5.775243232711714,5.775243232711714,0.12067343519848282,,,50,,,,38670,,12000,0,0,,148,0.14,38670,17.6470588235294,,,,,,0,50.6275486,30.4424248,
18:19:48.437,,,,,,,,,,,,,,,33,,,,,,,,,,,,,,,,,,,,,,,,,,,,,,,,,,,,,,,,,,,,,,,,,,,,,,,,74,,,50.6275486,30.4424248,
18:19:48.473,,,,,,,,,,,,,,,,,,0,,,,,,,,,,,,,,,,,,,,,,,,,,,,,,,,,,,,,,,,,,,,,,,,,,,,,,,,50.6275486,30.4424248,
18:19:48.517,,,,,,,,,,,,,,,,0,0,,,,,,,,,,,,,,,,,,,,,,,,,,,,,,,,,,,,,,,,,,,,,,,,,,,,,,,,,50.6275486,30.4424248,
18:19:48.650,,,,,,,,,354.68,57.5,,3.696,,,,,,,,,,,,,,,,,,,,,,,,,,,,,,,,,,,,,,,,,,,,,,,,,,,7.386,,,,,,,,,,,50.6275486,30.4424248,
18:19:48.697,-4.349999999999909,,-4.449999999999818,,,,,,,,,,3.69,,,,,,,,,,,,,,,,,,,,,,,,,,,,,,,,,,,,,,,,,,,,,,,,,,7.386,,,,,,,,,,,50.6275486,30.4424248,
18:19:48.758,,-4.099999999999909,,,,,,,,,,,,,,,,,,,,,,,,,,,,,,,,,,,,,,,,,,,,,,,,,,,,,,,,,,,,,,,,,,,,,,,,50.6275486,30.4424248,
18:19:48.882,,,,,,,,,,,,,,,,,,,,,,,,,,,,,,,,,,0.14,,,,0,0,,0,0.1415149673888889,12.461934,12.461934,6764.425813000001,0,-0.01,,,,,6.589257741403117,,,,39,98,,0,,,,,148,0.14,,,,,,,0.168,,50.6275486,30.4424248,
18:19:48.941,,,,,,,,,,,,,,,,,,,,0,5.882352941176471,99,,,,,,,,,,5.882352941176471,,,,,,,,0,,,,,,,,,,,,,0,,,,,,,,,,,,0.14,,17.6470588235294,99,,,,,,50.6275486,30.4424248,
18:19:49.026,,,,,,,,,,,,,,,,,,,,,,,0,57.57656,57.57656,627.89670895,0,0.7197070000000001,0.7197070000000001,8.162865,0,,5.882352941176471,,,0,0,,,,,,,,,,,0,5.775243232711714,5.775243232711714,0.12067343519848282,,,50,,,,38670,,12000,0,0,,148,0.14,38670,17.6470588235294,,,,,,0,50.6275485,30.4424249,
18:19:49.170,,,,,,,,,,,,,,,33,,,,,,,,,,,,,,,,,,,,,,,,,,,,,,,,,,,,,,,,,,,,,,,,,,,,,,,,74,,,50.6275485,30.4424249,
18:19:49.217,,,,,,,,,,,,,,,,,,0,,,,,,,,,,,,,,,,,,,,,,,,,,,,,,,,,,,,,,,,,,,,,,,,,,,,,,,,50.6275485,30.4424249,
18:19:49.266,,,,,,,,,,,,,,,,0,0,,,,,,,,,,,,,,,,,,,,,,,,,,,,,,,,,,,,,,,,,,,,,,,,,,,,,,,,,50.6275485,30.4424249,
18:19:49.384,,,,,,30,29,30,,,,,,,,,,,,,,,,,,,,,,,,,,,,,,,,,,,,,,,,,,,,,,,,,,,,,,,,,,,,,,146,,,,50.6275485,30.4424249,
18:19:49.458,,,,,29,,,,,,86.6758781031239,,,86.6758781031239,,,,,,,,,,,,,,,,,,,,,,,,,,,,,,,,,,,,,,,,,,,,,,,,,,,,,,,127.5,146,,,,50.6275485,30.4424249,
18:19:49.577,,,,,,,,,355.64,57.5,,3.696,,,,,,,,,,,,,,,,,,,,,,,,,,,,,,,,,,,,,,,,,,,,,,,,,,,7.386,,,,,,,,,,,50.6275485,30.4424249,
18:19:49.685,-6.349999999999909,,-6.199999999999818,,,,,,,,,,3.689,,,,,,,,,,,,,,,,,,,,,,,,,,,,,,,,,,,,,,,,,,,,,,,,,,7.385,,,,,,,,,,,50.6275485,30.4424249,
18:19:49.733,,-6,,,,,,,,,,,,,,,,,,,,,,,,,,,,,,,,,,,,,,,,,,,,,,,,,,,,,,,,,,,,,,,,,,,,,,,,50.6275485,30.4424249,
18:19:49.842,,,,,,,,,,,,,,,,,,,,,,,,,,,,,,,,,,0.11,,,,0,0,,0,0.1415149673888889,12.461934,12.461934,6764.425813000001,0,-0.01,,,,,6.508478728450432,,,,39,98,,0,,,,,148,0.11,,,,,,,0.132,,50.6275485,30.4424249,
18:19:49.902,,,,,,,,,,,,,,,,,,,,0,5.882352941176471,99,,,,,,,,,,5.882352941176471,,,,,,,,3.9215686274509802,,,,,,,,,,,,,0,,,,,,,,,,,,0.11,,17.6470588235294,99,,,,,,50.6275485,30.4424249,
18:19:49.986,,,,,,,,,,,,,,,,,,,,,,,0,57.57656,57.57656,627.89670895,0,0.7197070000000001,0.7197070000000001,8.162865,0,,5.882352941176471,,,0,0,,,,,,,,,,,0,5.775243232711714,5.775243232711714,0.12067343519848282,,,50,,,,38660,,12000,0,0,,148,0.11,38660,17.6470588235294,,,,,,0,50.6275484,30.4424249,
18:19:50.141,,,,,,,,,,,,,,,33,,,,,,,,,,,,,,,,,,,,,,,,,,,,,,,,,,,,,,,,,,,,,,,,,,,,,,,,74,,,50.6275484,30.4424249,
18:19:50.177,,,,,,,,,,,,,,,,,,152.15625,,,,,,,,,,,,,,,,,,,,,,,,,,,,,,,,,,,,,,,,,,,,,,,,,,,,,,,,50.6275484,30.4424249,
18:19:50.225,,,,,,,,,,,,,,,,9728,0.59375,,,,,,,,,,,,,,,,,,,,,,,,,,,,,,,,,,,,,,,,,,,,,,,,,,,,,,,,,50.6275484,30.4424249,
18:19:50.346,,,,,,,,,354.03000000000003,57.5,,3.681,,,,,,,,,,,,,,,,,,,,,,,,,,,,,,,,,,,,,,,,,,,,,,,,,,,7.37,,,,,,,,,,,50.6275484,30.4424249,
18:19:50.406,-22.049999999999955,,-22.549999999999955,,,,,,,,,,3.67,,,,,,,,,,,,,,,,,,,,,,,,,,,,,,,,,,,,,,,,,,,,,,,,,,7.351,,,,,,,,,,,50.6275484,30.4424249,
18:19:50.442,,-22.899999999999864,,,,,,,,,,,,,,,,,,,,,,,,,,,,,,,,,,,,,,,,,,,,,,,,,,,,,,,,,,,,,,,,,,,,,,,,50.6275484,30.4424249,
18:19:50.537,,,,,,,,,,,,,,,,,,,,,,,,,,,,,,,,,,,,,,,,,,,,,,,,,,,,,,,59,,,,,,,,,148,,,,,,,,,,50.6275484,30.4424249,
18:19:50.634,,,,,,,,,,,,,,,,,,,,,,,,,,,,,,,,,,0.18,,,,0,0,,0,0.1415149673888889,12.461934,12.461934,6764.425813000001,0,-0.01,,,,,6.443266085797894,,,,39,98,,0,,,,,148,0.18,,,,,,,0.216,,50.6275484,30.4424249,
18:19:50.718,,,,,,,,,,,,,,,,,,,,0,5.882352941176471,99,,,,,,,,,,5.882352941176471,,,,,,,,19.215686274509803,,,,,,,,,,,,,0,,,,,,,,,,,,0.18,,17.6470588235294,99,,,,,,50.6275484,30.4424249,
18:19:50.789,,,,,,,,,,,,,,,,,,,,,,,0,57.57656,57.57656,627.89670895,0,0.7197070000000001,0.7197070000000001,8.162865,0,,5.882352941176471,,,0,0,,,,,,,,,,,0,5.775243232711714,5.775243232711714,0.12067343519848282,,,50,,,,38650,,12000,0,0,,148,0.18,38650,17.6470588235294,,,,,,0,50.6275484,30.4424249,
18:19:50.920,,,,,,,,,,,,,,,33,,,,,,,,,,,,,,,,,,,,,,,,,,,,,,,,,,,,,,,,,,,,,,,,,,,,,,,,74,,,50.6275484,30.4424249,
18:19:50.958,,,,,,,,,,,,,,,,,,184.46875,,,,,,,,,,,,,,,,,,,,,,,,,,,,,,,,,,,,,,,,,,,,,,,,,,,,,,,,50.6275473,30.442416,
18:19:50.994,,,,,,,,,,,,,,,,11680,0.703125,,,,,,,,,,,,,,,,,,,,,,,,,,,,,,,,,,,,,,,,,,,,,,,,,,,,,,,,,50.6275473,30.442416,
18:19:51.100,,,,,,,,,350.17,57,,3.651,,,,,,,,,,,,,,,,,,,,,,,,,,,,,,,,,,,,,,,,,,,,,,,,,,,7.321,,,,,,,,,,,50.6275473,30.442416,
18:19:51.185,-43.19999999999982,,-1600,,,,,,,,,,3.64,,,,,,,,,,,,,,,,,,,,,,,,,,,,,,,,,,,,,,,,,,,,,,,,,,7.291,,,,,,,,,,,50.6275473,30.442416,
18:19:51.222,,-44.69999999999982,,,,,,,,,,,,,,,,,,,,,,,,,,,,,,,,,,,,,,,,,,,,,,,,,,,,,,,,,,,,,,,,,,,,,,,,50.6275473,30.442416,
18:19:51.330,,,,,,,,,,,,,,,,,,,,,,,,,,,,,,,,,,0.13,0,,,0,0,,0.06282809234176978,0.14286774830555557,12.463287,12.463287,6764.427166000001,0,-0.01,,,,,6.44812205759331,,,,39,98,,7,,,,,148,0.13,,,,,,,0.156,,50.6275473,30.442416,
18:19:51.433,,,,,,,,,,,,,,,,,,,,0,5.882352941176471,99,,,,,,,,,,5.882352941176471,,,,,,,,21.176470588235293,,,,,,,,,,,,,0,,,,,,,,,,,,0.13,,17.6470588235294,99,,,,,,50.6275473,30.442416,
18:19:51.566,,,,,,,,,,,,,,,,,,,,,,,0,57.57656,57.57656,627.89670895,0,0.7197070000000001,0.7197070000000001,8.162865,0,,5.882352941176471,,,0,0,,,,,,,,,,,0,5.774616278996064,5.774616278996064,0.12067341106175196,,,50,,,,38650,,12000,0,0,,148,0.13,38650,17.6470588235294,,,,,,0,50.6275473,30.442416,
18:19:51.749,,,,,,,,,,,,,,,33,,,,,,,,,,,,,,,,,,,,,,,,,,,,,,,,,,,,,,,,,,,,,,,,,,,,,,,,74,,,50.6275473,30.442416,
18:19:51.786,,,,,,,,,,,,,,,,,,152.90625,,,,,,,,,,,,,,,,,,,,,,,,,,,,,,,,,,,,,,,,,,,,,,,,,,,,,,,,50.6275473,30.442416,
18:19:51.820,,,,,,,,,,,,,,,,9856,0.59375,,,,,,,,,,,,,,,,,,,,,,,,,,,,,,,,,,,,,,,,,,,,,,,,,,,,,,,,,50.6275473,30.442416,
18:19:51.930,,,,,,,,,349.04,57,,3.637,,,,,,,,,,,,,,,,,,,,,,,,,,,,,,,,,,,,,,,,,,,,,,,,,,,7.277,,,,,,,,,,,50.6275473,30.442416,
18:19:52.001,-50,,-1600,,,,,,,,,,3.628,,,,,,,,,,,,,,,,,,,,,,,,,,,,,,,,,,,,,,,,,,,,,,,,,,7.265,,,,,,,,,,,50.6275503,30.4423821,
18:19:52.060,,-51.09999999999991,,,,,,,,,,,,,,,,,,,,,,,,,,,,,,,,,,,,,,,,,,,,,,,,,,,,,,,,,,,,,,,,,,,,,,,,50.6275503,30.4423821,
18:19:52.253,,,,,,,,,,,,,,,,,,,,,,,,,,,,,,,,,,0.07,0,,,0,0,,0.10083222322528054,0.14594611730555557,12.466365,12.466365,6764.430244000001,0,-0.01,,,,,6.511666702630799,,,,39,98,,12,,,,,148,0.07,,,,,,,0.084,,50.6275503,30.4423821,
18:19:52.374,,,,,,,,,,,,,,,,,,,,0,5.882352941176471,99,,,,,,,,,,5.882352941176471,,,,,,,,21.568627450980394,,,,,,,,,,,,,0,,,,,,,,,,,,0.07,,17.6470588235294,99,,,,,,50.6275503,30.4423821,
18:19:52.482,,,,,,,,,,,,,,,,,,,,,,,0,57.57656,57.57656,627.89670895,0,0.7197070000000001,0.7197070000000001,8.162865,0,,5.882352941176471,,,0,0,,,,,,,,,,,0,5.773190501000092,5.773190501000092,0.12067335615206322,,,50,,,,38640,,12000,0,0,,148,0.07,38640,17.6470588235294,,,,,,0,50.6275503,30.4423821,
18:19:52.722,,,,,,,,,,,,,,,33,,,,,,,,,,,,,,,,,,,,,,,,,,,,,,,,,,,,,,,,,,,,,,,,,,,,,,,,74,,,50.6275503,30.4423821,
18:19:52.781,,,,,,,,,,,,,,,,,,150.609375,,,,,,,,,,,,,,,,,,,,,,,,,,,,,,,,,,,,,,,,,,,,,,,,,,,,,,,,50.6275503,30.4423821,
18:19:52.830,,,,,,,,,,,,,,,,9568,0.578125,,,,,,,,,,,,,,,,,,,,,,,,,,,,,,,,,,,,,,,,,,,,,,,,,,,,,,,,,50.6275503,30.4423821,
18:19:52.962,,,,,,,,,347.11,56.5,,3.609,,,,,,,,,,,,,,,,,,,,,,,,,,,,,,,,,,,,,,,,,,,,,,,,,,,7.237,,,,,,,,,,,50.6275651,30.4423382,
18:19:53.020,-69.04999999999995,,-1600,,,,,,,,,,3.596,,,,,,,,,,,,,,,,,,,,,,,,,,,,,,,,,,,,,,,,,,,,,,,,,,7.205,,,,,,,,,,,50.6275651,30.4423382,
18:19:53.092,,-70.54999999999995,,,,,,,,,,,,,,,,,,,,,,,,,,,,,,,,,,,,,,,,,,,,,,,,,,,,,,,,,,,,,,,,,,,,,,,,50.6275651,30.4423382,
18:19:53.334,,,,,,,,,,,,,,,,,,,,,,,,,,,,,,,,,,0.18,0,,,0,0,,0.14599362090578352,0.15134948580555557,12.471767999999999,12.471767999999999,6764.435647000001,0,-0.01,,,,,6.663501265338201,,,,39,98,,18,,,,,148,0.18,,,,,,,0.216,,50.6275651,30.4423382,
18:19:53.413,,,,,,,,,,,,,,,,,,,,0,5.882352941176471,99,,,,,,,,,,5.882352941176471,,,,,,,,30.19607843137255,,,,,,,,,,,,,0,,,,,,,,,,,,0.18,,17.6470588235294,99,,,,,,50.6275651,30.4423382,
18:19:53.497,,,,,,,,,,,,,,,,,,,,,,,0,57.57656,57.57656,627.89670895,0,0.7197070000000001,0.7197070000000001,8.162865,0,,5.882352941176471,,,0,0,,,,,,,,,,,0,5.77068944836049,5.77068944836049,0.12067325976587857,,,50,,,,38640,,12000,0,0,,148,0.18,38640,17.6470588235294,,,,,,0,50.6275651,30.4423382,
18:19:53.570,,,,,,,,,,,,,,,,,,,41,,,,,,,,,,,,,,,,,,,,,,,,,,,,,,,,,,,,,,,,,,,,,,,,,,,,74,,,50.6275651,30.4423382,
18:19:53.665,,,,,,,,,,,,,,,33,,,,,,,,,,,,,,,,,,,,,,,,,,,,,,,,,,,,,,,,,,,,,,,,,,,,,,,,74,,,50.6275651,30.4423382,
18:19:53.702,,,,,,,,,,,,,,,,,,168.15625,,,,,,,,,,,,,,,,,,,,,,,,,,,,,,,,,,,,,,,,,,,,,,,,,,,,,,,,50.6275651,30.4423382,
18:19:53.737,,,,,,,,,,,,,,,,10816,0.65625,,,,,,,,,,,,,,,,,,,,,,,,,,,,,,,,,,,,,,,,,,,,,,,,,,,,,,,,,50.6275651,30.4423382,
18:19:53.834,,,,,,,,,341.64,56.5,,3.574,,,,,,,,,,,,,,,,,,,,,,,,,,,,,,,,,,,,,,,,,,,,,,,,,,,7.17,,,,,,,,,,,50.6275651,30.4423382,
18:19:53.905,-94.44999999999982,,-1600,,,,,,,,,,3.559,,,,,,,,,,,,,,,,,,,,,,,,,,,,,,,,,,,,,,,,,,,,,,,,,,7.133,,,,,,,,,,,50.6275651,30.4423382,
18:19:53.942,,-95.54999999999995,,,,,,,,,,,,,,,,,,,,,,,,,,,,,,,,,,,,,,,,,,,,,,,,,,,,,,,,,,,,,,,,,,,,,,,,50.6275651,30.4423382,
18:19:54.061,,,,,,,,,,,,,,,,,,,,,,,,,,,,,,,,,,0.12,0,,,0,0,,0.1818180329433796,0.15579574080555558,12.476213999999999,12.476213999999999,6764.440093000001,0,-0.01,,,,,6.7987621349518115,,,,39,98,,22,,,,,148,0.12,,,,,,,0.144,,50.6276209,30.4423112,
18:19:54.134,,,,,,,,,,,,,,,,,,,,0,5.882352941176471,99,,,,,,,,,,5.882352941176471,,,,,,,,33.333333333333336,,,,,,,,,,,,,0,,,,,,,,,,,,0.12,,17.6470588235294,99,,,,,,50.6276209,30.4423112,
18:19:54.193,,,,,,,,,,,,,,,,,,,,,,,0,57.57656,57.57656,627.89670895,0,0.7197070000000001,0.7197070000000001,8.162865,0,,5.882352941176471,,,0,0,,,,,,,,,,,0,5.768633016394237,5.768633016394237,0.12067318045209864,,,50,,,,38630,,12000,0,0,,148,0.12,38630,17.6470588235294,,,,,,0,50.6276209,30.4423112,
18:19:54.305,,,,,,,,,,,,,,,33,,,,,,,,,,,,,,,,,,,,,,,,,,,,,,,,,,,,,,,,,,,,,,,,,,,,,,,,74,,,50.6276209,30.4423112,
18:19:54.342,,,,,,,,,,,,,,,,,,146.390625,,,,,,,,,,,,,,,,,,,,,,,,,,,,,,,,,,,,,,,,,,,,,,,,,,,,,,,,50.6276209,30.4423112,
18:19:54.390,,,,,,,,,,,,,,,,9376,0.5625,,,,,,,,,,,,,,,,,,,,,,,,,,,,,,,,,,,,,,,,,,,,,,,,,,,,,,,,,50.6276209,30.4423112,
18:19:54.509,,,,,,,,,343.25,56,,3.568,,,,,,,,,,,,,,,,,,,,,,,,,,,,,,,,,,,,,,,,,,,,,,,,,,,7.127,,,,,,,,,,,50.6276209,30.4423112,
18:19:54.557,-77.79999999999995,,-1600,,,,,,,,,,3.567,,,,,,,,,,,,,,,,,,,,,,,,,,,,,,,,,,,,,,,,,,,,,,,,,,7.135,,,,,,,,,,,50.6276209,30.4423112,
18:19:54.581,,-74.79999999999995,,,,,,,,,,,,,,,,,,,,,,,,,,,,,,,,,,,,,,,,,,,,,,,,,,,,,,,,,,,,,,,,,,,,,,,,50.6276209,30.4423112,
18:19:54.673,,,,,,,,,,,,,,,,,,,,,,,,,,,,,,,,,,,,,,,,,,,,,,,,,,,,,,,59,,,,,,,,,148,,,,,,,,,,50.6276209,30.4423112,
18:19:54.734,,,,,,,,,,,,,,,,,,,,,,,,,,,,,,,,,,0.11,0,,,0,0,,0.15809872596190302,0.16064828836111114,12.481067,12.481067,6764.4449460000005,0,-0.01,,,,,6.953885461834093,,,,39,98,,26,,,,,148,0.11,,,,,,,0.132,,50.6276209,30.4423112,
18:19:54.798,,,,,,,,,,,,,,,,,,,,0,5.882352941176471,99,,,,,,,,,,5.882352941176471,,,,,,,,24.313725490196077,,,,,,,,,,,,,0,,,,,,,,,,,,0.11,,17.6470588235294,99,,,,,,50.6276209,30.4423112,
18:19:54.965,,,,,,,,,,,,,,,,,,,,,,,0,57.57656,57.57656,627.89670895,0,0.7197070000000001,0.7197070000000001,8.162865,0,,5.882352941176471,,,0,0,,,,,,,,,,,0,5.766390004957109,5.766390004957109,0.12067309387781955,,,50,,,,38620,,12000,0,0,,148,0.11,38620,17.6470588235294,,,,,,0,50.6276735,30.4422577,
18:19:55.194,,,,,,,,,,,,,,,33,,,,,,,,,,,,,,,,,,,,,,,,,,,,,,,,,,,,,,,,,,,,,,,,,,,,,,,,74,,,50.6276735,30.4422577,
18:19:55.229,,,,,,,,,,,,,,,,,,100.5,,,,,,,,,,,,,,,,,,,,,,,,,,,,,,,,,,,,,,,,,,,,,,,,,,,,,,,,50.6276735,30.4422577,
18:19:55.264,,,,,,,,,,,,,,,,6464,0.390625,,,,,,,,,,,,,,,,,,,,,,,,,,,,,,,,,,,,,,,,,,,,,,,,,,,,,,,,,50.6276735,30.4422577,
18:19:55.389,,,,,,,,,342.44,55.5,,3.578,,,,,,,,,,,,,,,,,,,,,,,,,,,,,,,,,,,,,,,,,,,,,,,,,,,7.145,,,,,,,,,,,50.6276735,30.4422577,
18:19:55.450,-69.04999999999995,,-1600,,,,,,,,,,3.567,,,,,,,,,,,,,,,,,,,,,,,,,,,,,,,,,,,,,,,,,,,,,,,,,,7.145,,,,,,,,,,,50.6276735,30.4422577,
18:19:55.484,,-65,,,,,,,,,,,,,,,,,,,,,,,,,,,,,,,,,,,,,,,,,,,,,,,,,,,,,,,,,,,,,,,,,,,,,,,,50.6276735,30.4422577,
18:19:55.593,,,,,,,,,,,,,,,,,,,,,,,,,,,,,,,,,,0.08,0,,,0,0,,0.1526451855345154,0.16781592002777782,12.488235,12.488235,6764.452114000001,0,-0.01,,,,,7.189789378054438,,,,39,98,,30,,,,,148,0.08,,,,,,,0.096,,50.6276735,30.4422577,
18:19:55.686,,,,,,,,,,,,,,,,,,,,0,5.882352941176471,99,,,,,,,,,,5.882352941176471,,,,,,,,20.392156862745097,,,,,,,,,,,,,0,,,,,,,,,,,,0.08,,17.6470588235294,99,,,,,,50.6276735,30.4422577,
18:19:55.757,,,,,,,,,,,,,,,,,,,,,,,0,57.57656,57.57656,627.89670895,0,0.7197070000000001,0.7197070000000001,8.162865,0,,5.882352941176471,,,0,0,,,,,,,,,,,0,5.7630802110946835,5.7630802110946835,0.12067296600571367,,,50,,,,38620,,12000,0,0,,148,0.08,38620,17.6470588235294,,,,,,0,50.6276735,30.4422577,
18:19:55.877,,,,,,,,,,,,,,,33,,,,,,,,,,,,,,,,,,,,,,,,,,,,,,,,,,,,,,,,,,,,,,,,,,,,,,,,74,,,50.6276735,30.4422577,
18:19:55.926,,,,,,,,,,,,,,,,,,44.640625,,,,,,,,,,,,,,,,,,,,,,,,,,,,,,,,,,,,,,,,,,,,,,,,,,,,,,,,50.6276735,30.4422577,
18:19:55.961,,,,,,,,,,,,,,,,2976,0.171875,,,,,,,,,,,,,,,,,,,,,,,,,,,,,,,,,,,,,,,,,,,,,,,,,,,,,,,,,50.6277444,30.4421963,
18:19:56.058,,,,28,,,,,,,,,,,,,,,,,,,,,,,,,,,,,,,,,,,,,,,,,,,,,,,,,,,,,,,,,,,,,,,,,,146,,,,50.6277444,30.4421963,
18:19:56.153,,,,,29,,,,,,86.6758781031239,,,86.6758781031239,,,,,,,,,,,,,,,,,,,,,,,,,,,,,,,,,,,,,,,,,,,,,,,,,,,,,,,127.5,146,,,,50.6277444,30.4421963,
18:19:56.200,,,,,,,,,347.43,55.5,,3.613,,,,,,,,,,,,,,,,,,,,,,,,,,,,,,,,,,,,,,,,,,,,,,,,,,,7.18,,,,,,,,,,,50.6277444,30.4421963,
18:19:56.262,-34.44999999999982,,-1600,,,,,,,,,,3.606,,,,,,,,,,,,,,,,,,,,,,,,,,,,,,,,,,,,,,,,,,,,,,,,,,7.219,,,,,,,,,,,50.6277444,30.4421963,
18:19:56.298,,-34.19999999999982,,,,,,,,,,,,,,,,,,,,,,,,,,,,,,,,,,,,,,,,,,,,,,,,,,,,,,,,,,,,,,,,,,,,,,,,50.6277444,30.4421963,
18:19:56.437,,,,,,,,,,,,,,,,,,,,,,,,,,,,,,,,,,0.15,0,,,0,0,,0.13691844836909403,0.17555095502777782,12.49597,12.49597,6764.459849000001,0,-0.01,,,,,7.4464051574757795,,,,39,98,,33,,,,,148,0.15,,,,,,,0.18,,50.6277444,30.4421963,
18:19:56.505,,,,,,,,,,,,,,,,,,,,0,5.882352941176471,99,,,,,,,,,,5.882352941176471,,,,,,,,16.862745098039216,,,,,,,,,,,,,0,,,,,,,,,,,,0.15,,17.6470588235294,99,,,,,,50.6277444,30.4421963,
18:19:56.578,,,,,,,,,,,,,,,,,,,,,,,0,57.57656,57.57656,627.89670895,0,0.7197070000000001,0.7197070000000001,8.162865,0,,5.882352941176471,,,0,0,,,,,,,,,,,0,5.759512866948305,5.759512866948305,0.12067282801902841,,,50,,,,38610,,12000,0,0,,148,0.15,38610,17.6470588235294,,,,,,0,50.6277444,30.4421963,
18:19:56.697,,,,,,,,,,,,,,,33,,,,,,,,,,,,,,,,,,,,,,,,,,,,,,,,,,,,,,,,,,,,,,,,,,,,,,,,74,,,50.6277444,30.4421963,
18:19:56.734,,,,,,,,,,,,,,,,,,25.859375,,,,,,,,,,,,,,,,,,,,,,,,,,,,,,,,,,,,,,,,,,,,,,,,,,,,,,,,50.6277444,30.4421963,
18:19:56.782,,,,,,,,,,,,,,,,1696,0.09375,,,,,,,,,,,,,,,,,,,,,,,,,,,,,,,,,,,,,,,,,,,,,,,,,,,,,,,,,50.6277444,30.4421963,
18:19:57.045,,,,,,,,,351.46,55.5,,3.646,,,,,,,,,,,,,,,,,,,,,,,,,,,,,,,,,,,,,,,,,,,,,,,,,,,7.252,,,,,,,,,,,50.6278152,30.4421258,
18:19:57.105,21.050000000000182,,21.75,,,,,,,,,,3.663,,,,,,,,,,,,,,,,,,,,,,,,,,,,,,,,,,,,,,,,,,,,,,,,,,7.309,,,,,,,,,,,50.6278152,30.4421258,
18:19:57.142,,22.40000000000009,,,,,,,,,,,,,,,,,,,,,,,,,,,,,,,,,,,,,,,,,,,,,,,,,,,,,,,,,,,,,,,,,,,,,,,,50.6278152,30.4421258,
18:19:57.250,,,,,,,,,,,,,,,,,,,,,,,,,,,,,,,,,,0.01,0,,,0,0,,0.09772730319760034,0.1830004336944445,12.503419,12.503419,6764.4672980000005,0,-0.01,,,,,7.688769467041675,,,,39,98,,33,,,,,148,0.01,,,,,,,0.012,,50.6278152,30.4421258,
18:19:57.310,,,,,,,,,,,,,,,,,,,,0,5.882352941176471,99,,,,,,,,,,5.882352941176471,,,,,,,,0,,,,,,,,,,,,,0,,,,,,,,,,,,0.01,,17.6470588235294,99,,,,,,50.6278152,30.4421258,
18:19:57.381,,,,,,,,,,,,,,,,,,,,,,,0,57.57656,57.57656,627.89670895,0,0.7197070000000001,0.7197070000000001,8.162865,0,,5.882352941176471,,,0,0,,,,,,,,,,,0,5.756081596561709,5.756081596561709,0.12067269513467016,,,50,,,,38610,,12000,0,0,,148,0.01,38610,17.6470588235294,,,,,,0,50.6278152,30.4421258,
18:19:57.526,,,,,,,,,,,,,,,33,,,,,,,,,,,,,,,,,,,,,,,,,,,,,,,,,,,,,,,,,,,,,,,,,,,,,,,,74,,,50.6278152,30.4421258,
18:19:57.561,,,,,,,,,,,,,,,,,,-68.15625,,,,,,,,,,,,,,,,,,,,,,,,,,,,,,,,,,,,,,,,,,,,,,,,,,,,,,,,50.6278152,30.4421258,
18:19:57.598,,,,,,,,,,,,,,,,-4128,-0.265625,,,,,,,,,,,,,,,,,,,,,,,,,,,,,,,,,,,,,,,,,,,,,,,,,,,,,,,,,50.6278152,30.4421258,
18:19:57.717,,,,,,30,29,30,,,,,,,,,,,,,,,,,,,,,,,,,,,,,,,,,,,,,,,,,,,,,,,,,,,,,,,,,,,,,,146,,,,50.6278152,30.4421258,
18:19:57.778,,,,,,,,,354.36,55.5,,3.703,,,,,,,,,,,,,,,,,,,,,,,,,,,,,,,,,,,,,,,,,,,,,,,,,,,7.366,,,,,,,,,,,50.6278152,30.4421258,
18:19:57.838,35,,-1600,,,,,,,,,,3.692,,,,,,,,,,,,,,,,,,,,,,,,,,,,,,,,,,,,,,,,,,,,,,,,,,7.395,,,,,,,,,,,50.6278152,30.4421258,
18:19:57.876,,34.600000000000136,,,,,,,,,,,,,,,,,,,,,,,,,,,,,,,,,,,,,,,,,,,,,,,,,,,,,,,,,,,,,,,,,,,,,,,,50.6278152,30.4421258,
18:19:57.998,,,,,,,,,,,,,,,,,,,,,,,,,,,,,,,,,,0,0,,,0,0,,,0.18965279813888894,12.510071,12.510071,6764.4739500000005,0,-0.01,,,,,7.899273735239408,,,,39,98,,32,,,,,148,0,,,,,,,0,,50.6278849,30.4420527,
18:19:58.081,,,,,,,,,,,,,,,,,,,,0,5.882352941176471,99,,,,,,,,,,5.882352941176471,,,,,,,,0,,,,,,,,,,,,,0,,,,,,,,,,,,0,,17.6470588235294,99,,,,,,50.6278849,30.4420527,
18:19:58.141,,,,,,,,,,,,,,,,,,,,,,,0,57.57656,57.57656,627.89670895,0,0.7197070000000001,0.7197070000000001,8.162865,0,,5.882352941176471,,,0,0,,,,,,,,,,,0,5.753020906116361,5.753020906116361,0.1206725764684185,,,50,,,,38600,,12000,0,0,,148,0,38600,17.6470588235294,,,,,,0,50.6278849,30.4420527,
18:19:58.249,,,,,,,,,,,,,,,33,,,,,,,,,,,,,,,,,,,,,,,,,,,,,,,,,,,,,,,,,,,,,,,,,,,,,,,,74,,,50.6278849,30.4420527,
18:19:58.285,,,,,,,,,,,,,,,,,,-74.0625,,,,,,,,,,,,,,,,,,,,,,,,,,,,,,,,,,,,,,,,,,,,,,,,,,,,,,,,50.6278849,30.4420527,
18:19:58.321,,,,,,,,,,,,,,,,-4736,-0.296875,,,,,,,,,,,,,,,,,,,,,,,,,,,,,,,,,,,,,,,,,,,,,,,,,,,,,,,,,50.6278849,30.4420527,
18:19:58.430,,,,,,,,,355.81,55.5,,3.709,,,,,,,,,,,,,,,,,,,,,,,,,,,,,,,,,,,,,,,,,,,,,,,,,,,7.401,,,,,,,,,,,50.6278849,30.4420527,
18:19:58.489,35,,-1600,,,,,,,,,,3.703,,,,,,,,,,,,,,,,,,,,,,,,,,,,,,,,,,,,,,,,,,,,,,,,,,7.412,,,,,,,,,,,50.6278849,30.4420527,
18:19:58.526,,36.30000000000018,,,,,,,,,,,,,,,,,,,,,,,,,,,,,,,,,,,,,,,,,,,,,,,,,,,,,,,,,,,,,,,,,,,,,,,,50.6278849,30.4420527,
18:19:58.741,,,,,,,,,,,,,,,,,,,,,,,,,,,,,,,,,,,,,,,,,,,,,,,,,,,,,,,59,,,,,,,,,148,,,,,,,,,,50.6278849,30.4420527,
18:19:58.837,,,,,,,,,,,,,,,,,,,,,,,,,,,,,,,,,,0,0,,,0,0,,-0.008733403555204302,0.1964059854444445,12.516824,12.516824,6764.480703000001,0,-0.01,,,,,8.101969218462644,,,,39,98,,29,,,,,148,0,,,,,,,0,,50.6278849,30.4420527,
18:19:58.921,,,,,,,,,,,,,,,,,,,,0,5.882352941176471,99,,,,,,,,,,5.882352941176471,,,,,,,,0,,,,,,,,,,,,,0,,,,,,,,,,,,0,,17.6470588235294,99,,,,,,50.6278849,30.4420527,
18:19:59.005,,,,,,,,,,,,,,,,,,,,,,,0,57.57656,57.57656,627.89670895,0,0.7197070000000001,0.7197070000000001,8.162865,0,,5.882352941176471,,,0,0,,,,,,,,,,,0,5.749917071614973,5.749917071614973,0.12067245600064799,,,50,,,,38590,,12000,0,0,,148,0,38590,17.6470588235294,,,,,,0,50.6279485,30.4419938,
18:19:59.137,,,,,,,,,,,,,,,33,,,,,,,,,,,,,,,,,,,,,,,,,,,,,,,,,,,,,,,,,,,,,,,,,,,,,,,,74,,,50.6279485,30.4419938,
18:19:59.185,,,,,,,,,,,,,,,,,,-124.4375,,,,,,,,,,,,,,,,,,,,,,,,,,,,,,,,,,,,,,,,,,,,,,,,,,,,,,,,50.6279485,30.4419938,
18:19:59.222,,,,,,,,,,,,,,,,-8032,-0.5,,,,,,,,,,,,,,,,,,,,,,,,,,,,,,,,,,,,,,,,,,,,,,,,,,,,,,,,,50.6279485,30.4419938,
18:19:59.354,,,,,,,,,359.03000000000003,56,,3.739,,,,,,,,,,,,,,,,,,,,,,,,,,,,,,,,,,,,,,,,,,,,,,,,,,,7.442,,,,,,,,,,,50.6279485,30.4419938,
18:19:59.414,51.450000000000045,,-1600,,,,,,,,,,3.733,,,,,,,,,,,,,,,,,,,,,,,,,,,,,,,,,,,,,,,,,,,,,,,,,,7.472,,,,,,,,,,,50.6279485,30.4419938,
18:19:59.460,,51.700000000000045,,,,,,,,,,,,,,,,,,,,,,,,,,,,,,,,,,,,,,,,,,,,,,,,,,,,,,,,,,,,,,,,,,,,,,,,50.6279485,30.4419938,
18:19:59.581,,,,,,,,,,,,,,,,,,,,,,,,,,,,,,,,,,0,0,,,0,0,,-0.0630679733036539,0.2017814240555556,12.522199,12.522199,6764.486078000001,0,-0.01,,,,,8.253323068221029,,,,39,98,,26,,,,,148,0,,,,,,,0,,50.6279485,30.4419938,
18:19:59.661,,,,,,,,,,,,,,,,,,,,0,5.882352941176471,99,,,,,,,,,,5.882352941176471,,,,,,,,0,,,,,,,,,,,,,0,,,,,,,,,,,,0,,17.6470588235294,99,,,,,,50.6279485,30.4419938,
18:19:59.733,,,,,,,,,,,,,,,,,,,,,,,0,57.57656,57.57656,627.89670895,0,0.7197070000000001,0.7197070000000001,8.162865,0,,5.882352941176471,,,0,0,,,,,,,,,,,0,5.747448990388989,5.747448990388989,0.12067236011539619,,,50,,,,38580,,12000,0,0,,148,0,38580,17.6470588235294,,,,,,0,50.6279485,30.4419938,
18:19:59.793,,,,,,,,,,,,,,,,,,,43,,,,,,,,,,,,,,,,,,,,,,,,,,,,,,,,,,,,,,,,,,,,,,,,,,,,76,,,50.6279485,30.4419938,
18:19:59.878,,,,,,,,,,,,,,,33,,,,,,,,,,,,,,,,,,,,,,,,,,,,,,,,,,,,,,,,,,,,,,,,,,,,,,,,76,,,50.6279485,30.4419938,
18:19:59.914,,,,,,,,,,,,,,,,,,-139.59375,,,,,,,,,,,,,,,,,,,,,,,,,,,,,,,,,,,,,,,,,,,,,,,,,,,,,,,,50.6279485,30.4419938,
18:19:59.950,,,,,,,,,,,,,,,,-9056,-0.5625,,,,,,,,,,,,,,,,,,,,,,,,,,,,,,,,,,,,,,,,,,,,,,,,,,,,,,,,,50.6280033,30.4419441,
18:20:00.082,,,,,,,,,358.38,56,,3.74,,,,,,,,,,,,,,,,,,,,,,,,,,,,,,,,,,,,,,,,,,,,,,,,,,,7.473,,,,,,,,,,,50.6280033,30.4419441,
18:20:00.141,44,,-1600,,,,,,,,,,3.731,,,,,,,,,,,,,,,,,,,,,,,,,,,,,,,,,,,,,,,,,,,,,,,,,,7.471,,,,,,,,,,,50.6280033,30.4419441,
18:20:00.178,,42.05000000000018,,,,,,,,,,,,,,,,,,,,,,,,,,,,,,,,,,,,,,,,,,,,,,,,,,,,,,,,,,,,,,,,,,,,,,,,50.6280033,30.4419441,
18:20:00.321,,,,,,,,,,,,,,,,,,,,,,,,,,,,,,,,,,0,0,,,0,0,,-0.11067821854272417,0.2060955485555556,12.526513,12.526513,6764.490392000001,0,-0.01,,,,,8.35953761560066,,,,39,98,,21,,,,,148,0,,,,,,,0,,50.6280033,30.4419441,
18:20:00.389,,,,,,,,,,,,,,,,,,,,0,5.882352941176471,99,,,,,,,,,,5.882352941176471,,,,,,,,0,,,,,,,,,,,,,0,,,,,,,,,,,,0,,17.6470588235294,99,,,,,,50.6280033,30.4419441,
18:20:00.474,,,,,,,,,,,,,,,,,,,,,,,0,57.57656,57.57656,627.89670895,0,0.7197070000000001,0.7197070000000001,8.162865,0,,5.882352941176471,,,0,0,,,,,,,,,,,0,5.745469629097899,5.745469629097899,0.12067228315755733,,,50,,,,38580,,12000,0,0,,148,0,38580,17.6470588235294,,,,,,0,50.6280033,30.4419441,
18:20:00.761,,,,,,,,,,,,,,,33,,,,,,,,,,,,,,,,,,,,,,,,,,,,,,,,,,,,,,,,,,,,,,,,,,,,,,,,76,,,50.6280033,30.4419441,
18:20:00.797,,,,,,,,,,,,,,,,,,-134.09375,,,,,,,,,,,,,,,,,,,,,,,,,,,,,,,,,,,,,,,,,,,,,,,,,,,,,,,,50.6280033,30.4419441,
18:20:00.833,,,,,,,,,,,,,,,,-8672,-0.53125,,,,,,,,,,,,,,,,,,,,,,,,,,,,,,,,,,,,,,,,,,,,,,,,,,,,,,,,,50.6280033,30.4419441,
18:20:00.942,,,,,,,,,357.74,56,,3.732,,,,,,,,,,,,,,,,,,,,,,,,,,,,,,,,,,,,,,,,,,,,,,,,,,,7.463,,,,,,,,,,,50.6280432,30.4419032,
18:20:00.993,29.700000000000045,,29.050000000000182,,,,,,,,,,3.723,,,,,,,,,,,,,,,,,,,,,,,,,,,,,,,,,,,,,,,,,,,,,,,,,,7.455,,,,,,,,,,,50.6280432,30.4419032,
18:20:01.041,,29.25,,,,,,,,,,,,,,,,,,,,,,,,,,,,,,,,,,,,,,,,,,,,,,,,,,,,,,,,,,,,,,,,,,,,,,,,50.6280432,30.4419032,
18:20:01.161,,,,,,,,,,,,,,,,,,,,,,,,,,,,,,,,,,0,0,,,0,0,,-0.14329327343566378,0.20983159655555558,12.530249,12.530249,6764.494128000001,0,-0.01,,,,,8.431223196337546,,,,39,98,,16,,,,,148,0,,,,,,,0,,50.6280432,30.4419032,
18:20:01.241,,,,,,,,,,,,,,,,,,,,0,5.882352941176471,99,,,,,,,,,,5.882352941176471,,,,,,,,0,,,,,,,,,,,,,0,,,,,,,,,,,,0,,17.6470588235294,99,,,,,,50.6280432,30.4419032,
18:20:01.301,,,,,,,,,,,,,,,,,,,,,,,0,57.57656,57.57656,627.89670895,0,0.7197070000000001,0.7197070000000001,8.162865,0,,5.882352941176471,,,0,0,,,,,,,,,,,0,5.743756568604503,5.743756568604503,0.12067221651079241,,,50,,,,38580,,12000,0,0,,148,0,38580,17.6470588235294,,,,,,0,50.6280432,30.4419032,
18:20:01.433,,,,,,,,,,,,,,,33,,,,,,,,,,,,,,,,,,,,,,,,,,,,,,,,,,,,,,,,,,,,,,,,,,,,,,,,76,,,50.6280432,30.4419032,
18:20:01.482,,,,,,,,,,,,,,,,,,-146.140625,,,,,,,,,,,,,,,,,,,,,,,,,,,,,,,,,,,,,,,,,,,,,,,,,,,,,,,,50.6280432,30.4419032,
18:20:01.529,,,,,,,,,,,,,,,,-9312,-0.578125,,,,,,,,,,,,,,,,,,,,,,,,,,,,,,,,,,,,,,,,,,,,,,,,,,,,,,,,,50.6280432,30.4419032,
18:20:01.660,,,,,,,,,357.42,56.5,,3.725,,,,,,,,,,,,,,,,,,,,,,,,,,,,,,,,,,,,,,,,,,,,,,,,,,,7.448,,,,,,,,,,,50.6280432,30.4419032,
18:20:01.710,19.950000000000045,,19.850000000000136,,,,,,,,,,3.717,,,,,,,,,,,,,,,,,,,,,,,,,,,,,,,,,,,,,,,,,,,,,,,,,,7.442,,,,,,,,,,,50.6280432,30.4419032,
18:20:01.745,,19.200000000000045,,,,,,,,,,,,,,,,,,,,,,,,,,,,,,,,,,,,,,,,,,,,,,,,,,,,,,,,,,,,,,,,,,,,,,,,50.6280432,30.4419032,
18:20:01.854,,,,,,,,,,,,,,,,,,,,,,,,,,,,,,,,,,0,0,,,0,0,,-0.15960048695843085,0.21214105222222224,12.532558,12.532558,6764.496437000001,0,-0.01,,,,,8.458608779363574,,,,39,98,,12,,,,,148,0,,,,,,,0,,50.6280432,30.4419032,
18:20:01.934,,,,,,,,,,,,,,,,,,,,0,5.882352941176471,99,,,,,,,,,,5.882352941176471,,,,,,,,0,,,,,,,,,,,,,0,,,,,,,,,,,,0,,17.6470588235294,99,,,,,,50.6280432,30.4419032,
18:20:02.006,,,,,,,,,,,,,,,,,,,,,,,0,57.57656,57.57656,627.89670895,0,0.7197070000000001,0.7197070000000001,8.162865,0,,5.882352941176471,,,0,0,,,,,,,,,,,0,5.74269833820039,5.74269833820039,0.12067217532041698,,,50,,,,38570,,12000,0,0,,148,0,38570,17.6470588235294,,,,,,0,50.6280715,30.4418751,
18:20:02.149,,,,,,,,,,,,,,,33,,,,,,,,,,,,,,,,,,,,,,,,,,,,,,,,,,,,,,,,,,,,,,,,,,,,,,,,76,,,50.6280715,30.4418751,
18:20:02.215,,,,,,,,,,,,,,,,,,-83.609375,,,,,,,,,,,,,,,,,,,,,,,,,,,,,,,,,,,,,,,,,,,,,,,,,,,,,,,,50.6280715,30.4418751,
18:20:02.278,,,,,,,,,,,,,,,,-5440,-0.34375,,,,,,,,,,,,,,,,,,,,,,,,,,,,,,,,,,,,,,,,,,,,,,,,,,,,,,,,,50.6280715,30.4418751,
18:20:02.457,,,,,29,,,,,,86.6758781031239,,,86.6758781031239,,,,,,,,,,,,,,,,,,,,,,,,,,,,,,,,,,,,,,,,,,,,,,,,,,,,,,,127.5,146,,,,50.6280715,30.4418751,
18:20:02.505,,,,,,,,,354.68,56.5,,3.708,,,,,,,,,,,,,,,,,,,,,,,,,,,,,,,,,,,,,,,,,,,,,,,,,,,7.425,,,,,,,,,,,50.6280715,30.4418751,
18:20:02.781,3.8500000000001364,,3.650000000000091,,,,,,,,,,3.699,,,,,,,,,,,,,,,,,,,,,,,,,,,,,,,,,,,,,,,,,,,,,,,,,,7.407,,,,,,,,,,,50.6280715,30.4418751,
18:20:02.830,,2.75,,,,,,,,,,,,,,,,,,,,,,,,,,,,,,,,,,,,,,,,,,,,,,,,,,,,,,,,,,,,,,,,,,,,,,,,50.6280715,30.4418751,
18:20:02.950,,,,,,,,,,,,,,,,,,,,,,,,,,,,,,,,,,,,,,,,,,,,,,,,,,,,,,,58,,,,,,,,,147,,,,,,,,,,50.6280917,30.441861,
18:20:03.010,,,,,,,,,,,,,,,,,,,,,,,,,,,,,,,,,,0,0,,,0,0,,-0.16522818078001866,0.21406803005555558,12.534485,12.534485,6764.498364000001,0,-0.01,,,,,8.42752290940979,,,,39,98,,6,,,,,147,0,,,,,,,0,,50.6280917,30.441861,
18:20:03.090,,,,,,,,,,,,,,,,,,,,0,5.882352941176471,99,,,,,,,,,,5.882352941176471,,,,,,,,0,,,,,,,,,,,,,0,,,,,,,,,,,,0,,17.6470588235294,99,,,,,,50.6280917,30.441861,
18:20:03.165,,,,,,,,,,,,,,,,,,,,,,,0,57.57656,57.57656,627.89670895,0,0.7197070000000001,0.7197070000000001,8.162865,0,,5.882352941176471,,,0,0,,,,,,,,,,,0,5.741815479455279,5.741815479455279,0.12067214094458165,,,50,,,,38560,,12000,0,0,,147,0,38560,17.6470588235294,,,,,,0,50.6280917,30.441861,
18:20:03.296,,,,,,,,,,,,,,,33,,,,,,,,,,,,,,,,,,,,,,,,,,,,,,,,,,,,,,,,,,,,,,,,,,,,,,,,76,,,50.6280917,30.441861,
18:20:03.333,,,,,,,,,,,,,,,,,,-7.15625,,,,,,,,,,,,,,,,,,,,,,,,,,,,,,,,,,,,,,,,,,,,,,,,,,,,,,,,50.6280917,30.441861,
18:20:03.382,,,,,,,,,,,,,,,,-928,-0.0625,,,,,,,,,,,,,,,,,,,,,,,,,,,,,,,,,,,,,,,,,,,,,,,,,,,,,,,,,50.6280917,30.441861,
18:20:03.485,,,,,,,,,353.55,56.5,,3.7,,,,,,,,,,,,,,,,,,,,,,,,,,,,,,,,,,,,,,,,,,,,,,,,,,,7.399,,,,,,,,,,,50.6280917,30.441861,
18:20:03.544,-4.149999999999864,,-4.5499999999999545,,,,,,,,,,3.689,,,,,,,,,,,,,,,,,,,,,,,,,,,,,,,,,,,,,,,,,,,,,,,,,,7.389,,,,,,,,,,,50.6280917,30.441861,
18:20:03.581,,-5.149999999999864,,,,,,,,,,,,,,,,,,,,,,,,,,,,,,,,,,,,,,,,,,,,,,,,,,,,,,,,,,,,,,,,,,,,,,,,50.6280917,30.441861,
18:20:03.689,,,,,,,,,,,,,,,,,,,,,,,,,,,,,,,,,,0,0,,,0,0,,-0.14293978799755475,0.21482292672222225,12.53524,12.53524,6764.499119000001,0,-0.01,,,,,8.39487001527109,,,,39,98,,4,,,,,147,0,,,,,,,0,,50.6280917,30.441861,
18:20:03.786,,,,,,,,,,,,,,,,,,,,0,5.882352941176471,99,,,,,,,,,,5.882352941176471,,,,,,,,0,,,,,,,,,,,,,0,,,,,,,,,,,,0,,17.6470588235294,99,,,,,,50.6280917,30.441861,
18:20:03.857,,,,,,,,,,,,,,,,,,,,,,,0,57.57656,57.57656,627.89670895,0,0.7197070000000001,0.7197070000000001,8.162865,0,,5.882352941176471,,,0,0,,,,,,,,,,,0,5.741469648766199,5.741469648766199,0.12067212747610973,,,50,,,,38550,,12000,0,0,,147,0,38550,17.6470588235294,,,,,,0,50.6280917,30.441861,
18:20:03.978,,,,,,,,,,,,,,,33,,,,,,,,,,,,,,,,,,,,,,,,,,,,,,,,,,,,,,,,,,,,,,,,,,,,,,,,76,,,50.628102,30.4418539,
18:20:04.025,,,,,,,,,,,,,,,,,,31.484375,,,,,,,,,,,,,,,,,,,,,,,,,,,,,,,,,,,,,,,,,,,,,,,,,,,,,,,,50.628102,30.4418539,
18:20:04.061,,,,,,,,,,,,,,,,1824,0.109375,,,,,,,,,,,,,,,,,,,,,,,,,,,,,,,,,,,,,,,,,,,,,,,,,,,,,,,,,50.628102,30.4418539,
18:20:04.158,,,,28,,,,,,,,,,,,,,,,,,,,,,,,,,,,,,,,,,,,,,,,,,,,,,,,,,,,,,,,,,,,,,,,,,146,,,,50.628102,30.4418539,
18:20:04.433,,,,,,,,,352.42,56.5,,3.68,,,,,,,,,,,,,,,,,,,,,,,,,,,,,,,,,,,,,,,,,,,,,,,,,,,7.369,,,,,,,,,,,50.628102,30.4418539,
18:20:04.482,-24.399999999999864,,-24.699999999999818,,,,,,,,,,3.665,,,,,,,,,,,,,,,,,,,,,,,,,,,,,,,,,,,,,,,,,,,,,,,,,,7.345,,,,,,,,,,,50.628102,30.4418539,
18:20:04.518,,-26.299999999999955,,,,,,,,,,,,,,,,,,,,,,,,,,,,,,,,,,,,,,,,,,,,,,,,,,,,,,,,,,,,,,,,,,,,,,,,50.628102,30.4418539,
18:20:04.626,,,,,,,,,,,,,,,,,,,,,,,,,,,,,,,,,,0.2,0,,,0,0,,,0.21612316825000003,12.536539999999999,12.536539999999999,6764.500419000001,0,-0.01,,,,,8.360717757793749,,,,39,98,,5,,,,,147,0.2,,,,,,,0.24,,50.628102,30.4418539,
18:20:04.681,,,,,,,,,,,,,,,,,,,,0,5.882352941176471,99,,,,,,,,,,5.882352941176471,,,,,,,,14.117647058823529,,,,,,,,,,,,,0,,,,,,,,,,,,0.2,,17.6470588235294,99,,,,,,50.628102,30.4418539,
18:20:04.754,,,,,,,,,,,,,,,,,,,,,,,0,57.57656,57.57656,627.89670895,0,0.7197070000000001,0.7197070000000001,8.162865,0,,5.882352941176471,,,0,0,,,,,,,,,,,0,5.740874276315476,5.740874276315476,0.12067210428537042,,,50,,,,38550,,12000,0,0,,147,0.2,38550,17.6470588235294,,,,,,0,50.628102,30.4418539,
18:20:04.909,,,,,,,,,,,,,,,33,,,,,,,,,,,,,,,,,,,,,,,,,,,,,,,,,,,,,,,,,,,,,,,,,,,,,,,,76,,,50.628102,30.4418539,
18:20:04.945,,,,,,,,,,,,,,,,,,133.015625,,,,,,,,,,,,,,,,,,,,,,,,,,,,,,,,,,,,,,,,,,,,,,,,,,,,,,,,50.628102,30.4418539,
18:20:04.989,,,,,,,,,,,,,,,,8448,0.515625,,,,,,,,,,,,,,,,,,,,,,,,,,,,,,,,,,,,,,,,,,,,,,,,,,,,,,,,,50.6281163,30.44184,
18:20:05.097,,,,,,,,,351.62,56,,3.659,,,,,,,,,,,,,,,,,,,,,,,,,,,,,,,,,,,,,,,,,,,,,,,,,,,7.324,,,,,,,,,,,50.6281163,30.44184,
18:20:05.158,-35.69999999999982,,-1600,,,,,,,,,,3.649,,,,,,,,,,,,,,,,,,,,,,,,,,,,,,,,,,,,,,,,,,,,,,,,,,7.308,,,,,,,,,,,50.6281163,30.44184,
18:20:05.193,,-36.149999999999864,,,,,,,,,,,,,,,,,,,,,,,,,,,,,,,,,,,,,,,,,,,,,,,,,,,,,,,,,,,,,,,,,,,,,,,,50.6281163,30.44184,
18:20:05.314,,,,,,,,,,,,,,,,,,,,,,,,,,,,,,,,,,0.17,0,,,0,0,,,0.21784468525000003,12.538262,12.538262,6764.502141000001,0,-0.01,,,,,8.365413474520246,,,,39,98,,9,,,,,147,0.17,,,,,,,0.20400000000000001,,50.6281163,30.44184,
18:20:05.398,,,,,,,,,,,,,,,,,,,,0,5.882352941176471,99,,,,,,,,,,5.882352941176471,,,,,,,,15.686274509803921,,,,,,,,,,,,,0,,,,,,,,,,,,0.17,,17.6470588235294,99,,,,,,50.6281163,30.44184,
18:20:05.469,,,,,,,,,,,,,,,,,,,,,,,0,57.57656,57.57656,627.89670895,0,0.7197070000000001,0.7197070000000001,8.162865,0,,5.882352941176471,,,0,0,,,,,,,,,,,0,5.740085826887332,5.740085826887332,0.12067207356657408,,,50,,,,38540,,12000,0,0,,147,0.17,38540,17.6470588235294,,,,,,0,50.6281163,30.44184,
18:20:05.601,,,,,,,,,,,,,,,33,,,,,,,,,,,,,,,,,,,,,,,,,,,,,,,,,,,,,,,,,,,,,,,,,,,,,,,,76,,,50.6281163,30.44184,
18:20:05.649,,,,,,,,,,,,,,,,,,132.9375,,,,,,,,,,,,,,,,,,,,,,,,,,,,,,,,,,,,,,,,,,,,,,,,,,,,,,,,50.6281163,30.44184,
18:20:05.708,,,,,,,,,,,,,,,,8480,0.515625,,,,,,,,,,,,,,,,,,,,,,,,,,,,,,,,,,,,,,,,,,,,,,,,,,,,,,,,,50.6281163,30.44184,
18:20:05.828,,,,,,30,29,30,,,,,,,,,,,,,,,,,,,,,,,,,,,,,,,,,,,,,,,,,,,,,,,,,,,,,,,,,,,,,,146,,,,50.6281163,30.44184,
18:20:05.890,,,,,,,,,347.43,56,,3.637,,,,,,,,,,,,,,,,,,,,,,,,,,,,,,,,,,,,,,,,,,,,,,,,,,,7.286,,,,,,,,,,,50.6281163,30.44184,
18:20:05.950,-49.799999999999955,,-1600,,,,,,,,,,3.626,,,,,,,,,,,,,,,,,,,,,,,,,,,,,,,,,,,,,,,,,,,,,,,,,,7.263,,,,,,,,,,,50.628138,30.4418062,
18:20:05.984,,-50.44999999999982,,,,,,,,,,,,,,,,,,,,,,,,,,,,,,,,,,,,,,,,,,,,,,,,,,,,,,,,,,,,,,,,,,,,,,,,50.628138,30.4418062,
18:20:06.201,,,,,,,,,,,,,,,,,,,,,,,,,,,,,,,,,,0.13,0,,,0,0,,,0.22104860061111115,12.541466,12.541466,6764.5053450000005,0,-0.01,,,,,8.408864322078252,,,,39,98,,13,,,,,147,0.13,,,,,,,0.156,,50.628138,30.4418062,
18:20:06.290,,,,,,,,,,,,,,,,,,,,0,5.882352941176471,99,,,,,,,,,,5.882352941176471,,,,,,,,19.607843137254903,,,,,,,,,,,,,0,,,,,,,,,,,,0.13,,17.6470588235294,99,,,,,,50.628138,30.4418062,
18:20:06.350,,,,,,,,,,,,,,,,,,,,,,,0,57.57656,57.57656,627.89670895,0,0.7197070000000001,0.7197070000000001,8.162865,0,,5.882352941176471,,,0,0,,,,,,,,,,,0,5.738619392661114,5.738619392661114,0.1206720164103884,,,50,,,,38530,,12000,0,0,,147,0.13,38530,17.6470588235294,,,,,,0,50.628138,30.4418062,
18:20:06.409,,,,,,,,,,,,,,,,,,,45,,,,,,,,,,,,,,,,,,,,,,,,,,,,,,,,,,,,,,,,,,,,,,,,,,,,78,,,50.628138,30.4418062,
18:20:06.482,,,,,,,,,,,,,,,33,,,,,,,,,,,,,,,,,,,,,,,,,,,,,,,,,,,,,,,,,,,,,,,,,,,,,,,,78,,,50.628138,30.4418062,
18:20:06.510,,,,,,,,,,,,,,,,,,115.703125,,,,,,,,,,,,,,,,,,,,,,,,,,,,,,,,,,,,,,,,,,,,,,,,,,,,,,,,50.628138,30.4418062,
18:20:06.546,,,,,,,,,,,,,,,,7488,0.453125,,,,,,,,,,,,,,,,,,,,,,,,,,,,,,,,,,,,,,,,,,,,,,,,,,,,,,,,,50.628138,30.4418062,
18:20:06.666,,,,,,,,,346.95,56,,3.63,,,,,,,,,,,,,,,,,,,,,,,,,,,,,,,,,,,,,,,,,,,,,,,,,,,7.256,,,,,,,,,,,50.628138,30.4418062,
18:20:06.725,-51.09999999999991,,-1600,,,,,,,,,,3.618,,,,,,,,,,,,,,,,,,,,,,,,,,,,,,,,,,,,,,,,,,,,,,,,,,7.248,,,,,,,,,,,50.628138,30.4418062,
18:20:06.763,,-53.25,,,,,,,,,,,,,,,,,,,,,,,,,,,,,,,,,,,,,,,,,,,,,,,,,,,,,,,,,,,,,,,,,,,,,,,,50.628138,30.4418062,
18:20:06.874,,,,,,,,,,,,,,,,,,,,,,,,,,,,,,,,,,,,,,,,,,,,,,,,,,,,,,,58,,,,,,,,,147,,,,,,,,,,50.628138,30.4418062,
18:20:06.934,,,,,,,,,,,,,,,,,,,,,,,,,,,,,,,,,,0.12,0,,,0,0,,0.11350093446609223,0.22450670897222225,12.544924,12.544924,6764.508803000001,0,-0.01,,,,,8.474833658179142,,,,39,98,,17,,,,,147,0.12,,,,,,,0.144,,50.628138,30.4418062,
18:20:07.002,,,,,,,,,,,,,,,,,,,,0,5.882352941176471,99,,,,,,,,,,5.882352941176471,,,,,,,,21.568627450980394,,,,,,,,,,,,,0,,,,,,,,,,,,0.12,,17.6470588235294,99,,,,,,50.6281471,30.4417468,
18:20:07.074,,,,,,,,,,,,,,,,,,,,,,,0,57.57656,57.57656,627.89670895,0,0.7197070000000001,0.7197070000000001,8.162865,0,,5.882352941176471,,,0,0,,,,,,,,,,,0,5.7370375460225995,5.7370375460225995,0.12067195472315508,,,50,,,,38530,,12000,0,0,,147,0.12,38530,17.6470588235294,,,,,,0,50.6281471,30.4417468,
18:20:07.194,,,,,,,,,,,,,,,33,,,,,,,,,,,,,,,,,,,,,,,,,,,,,,,,,,,,,,,,,,,,,,,,,,,,,,,,78,,,50.6281471,30.4417468,
18:20:07.229,,,,,,,,,,,,,,,,,,119.75,,,,,,,,,,,,,,,,,,,,,,,,,,,,,,,,,,,,,,,,,,,,,,,,,,,,,,,,50.6281471,30.4417468,
18:20:07.266,,,,,,,,,,,,,,,,7776,0.46875,,,,,,,,,,,,,,,,,,,,,,,,,,,,,,,,,,,,,,,,,,,,,,,,,,,,,,,,,50.6281471,30.4417468,
18:20:07.397,,,,,,,,,346.15000000000003,55.5,,3.612,,,,,,,,,,,,,,,,,,,,,,,,,,,,,,,,,,,,,,,,,,,,,,,,,,,7.23,,,,,,,,,,,50.6281471,30.4417468,
18:20:07.469,-61.149999999999864,,-1600,,,,,,,,,,3.598,,,,,,,,,,,,,,,,,,,,,,,,,,,,,,,,,,,,,,,,,,,,,,,,,,7.21,,,,,,,,,,,50.6281471,30.4417468,
18:20:07.506,,-62.399999999999864,,,,,,,,,,,,,,,,,,,,,,,,,,,,,,,,,,,,,,,,,,,,,,,,,,,,,,,,,,,,,,,,,,,,,,,,50.6281471,30.4417468,
18:20:07.661,,,,,,,,,,,,,,,,,,,,,,,,,,,,,,,,,,0.09,0,,,0,0,,0.14928241189899202,0.22875327180555557,12.549171,12.549171,6764.513050000001,0,-0.01,,,,,8.56971942037886,,,,39,98,,21,,,,,147,0.09,,,,,,,0.108,,50.6281471,30.4417468,
18:20:07.734,,,,,,,,,,,,,,,,,,,,0,5.882352941176471,99,,,,,,,,,,5.882352941176471,,,,,,,,24.313725490196077,,,,,,,,,,,,,0,,,,,,,,,,,,0.09,,17.6470588235294,99,,,,,,50.6281471,30.4417468,
18:20:07.806,,,,,,,,,,,,,,,,,,,,,,,0,57.57656,57.57656,627.89670895,0,0.7197070000000001,0.7197070000000001,8.162865,0,,5.882352941176471,,,0,0,,,,,,,,,,,0,5.735095967693803,5.735095967693803,0.1206718789610436,,,50,,,,38520,,12000,0,0,,147,0.09,38520,17.6470588235294,,,,,,0,50.6281471,30.4417468,
18:20:07.948,,,,,,,,,,,,,,,33,,,,,,,,,,,,,,,,,,,,,,,,,,,,,,,,,,,,,,,,,,,,,,,,,,,,,,,,78,,,50.6281471,30.4417468,
18:20:07.997,,,,,,,,,,,,,,,,,,126.9375,,,,,,,,,,,,,,,,,,,,,,,,,,,,,,,,,,,,,,,,,,,,,,,,,,,,,,,,50.6281342,30.4416627,
18:20:08.034,,,,,,,,,,,,,,,,7872,0.46875,,,,,,,,,,,,,,,,,,,,,,,,,,,,,,,,,,,,,,,,,,,,,,,,,,,,,,,,,50.6281342,30.4416627,
18:20:08.225,,,,,,,,,344.21,55.5,,3.591,,,,,,,,,,,,,,,,,,,,,,,,,,,,,,,,,,,,,,,,,,,,,,,,,,,7.189,,,,,,,,,,,50.6281342,30.4416627,
18:20:08.345,-75.64999999999986,,-1600,,,,,,,,,,3.575,,,,,,,,,,,,,,,,,,,,,,,,,,,,,,,,,,,,,,,,,,,,,,,,,,7.166,,,,,,,,,,,50.6281342,30.4416627,
18:20:08.382,,-75.25,,,,,,,,,,,,,,,,,,,,,,,,,,,,,,,,,,,,,,,,,,,,,,,,,,,,,,,,,,,,,,,,,,,,,,,,50.6281342,30.4416627,
18:20:08.502,,,,,,,,,,,,,,,,,,,,,,,,,,,,,,,,,,0.18,0,,,0,0,,0.14217701477436884,0.2345880315277778,12.555005999999999,12.555005999999999,6764.518885000001,0,-0.01,,,,,8.712131396703171,,,,39,98,,25,,,,,147,0.18,,,,,,,0.216,,50.6281342,30.4416627,
18:20:08.585,,,,,,,,,,,,,,,,,,,,0,5.882352941176471,99,,,,,,,,,,5.882352941176471,,,,,,,,26.274509803921568,,,,,,,,,,,,,0,,,,,,,,,,,,0.18,,17.6470588235294,99,,,,,,50.6281342,30.4416627,
18:20:08.669,,,,,,,,,,,,,,,,,,,,,,,0,57.57656,57.57656,627.89670895,0,0.7197070000000001,0.7197070000000001,8.162865,0,,5.882352941176471,,,0,0,,,,,,,,,,,0,5.732430553995754,5.732430553995754,0.12067177487080072,,,50,,,,38520,,12000,0,0,,147,0.18,38520,17.6470588235294,,,,,,0,50.6281342,30.4416627,
18:20:08.790,,,,,,,,,,,,,,,33,,,,,,,,,,,,,,,,,,,,,,,,,,,,,,,,,,,,,,,,,,,,,,,,,,,,,,,,78,,,50.6281342,30.4416627,
18:20:08.837,,,,,,,,,,,,,,,,,,129.578125,,,,,,,,,,,,,,,,,,,,,,,,,,,,,,,,,,,,,,,,,,,,,,,,,,,,,,,,50.6281342,30.4416627,
18:20:08.872,,,,,,,,,,,,,,,,8032,0.484375,,,,,,,,,,,,,,,,,,,,,,,,,,,,,,,,,,,,,,,,,,,,,,,,,,,,,,,,,50.6281342,30.4416627,
18:20:08.998,,,,,29,,,,,,86.6758781031239,,,86.6758781031239,,,,,,,,,,,,,,,,,,,,,,,,,,,,,,,,,,,,,,,,,,,,,,,,,,,,,,,127.5,146,,,,50.6281159,30.4415664,
18:20:09.069,,,,,,,,,341.8,55,,3.568,,,,,,,,,,,,,,,,,,,,,,,,,,,,,,,,,,,,,,,,,,,,,,,,,,,7.143,,,,,,,,,,,50.6281159,30.4415664,
18:20:09.118,-90.84999999999991,,-1600,,,,,,,,,,3.552,,,,,,,,,,,,,,,,,,,,,,,,,,,,,,,,,,,,,,,,,,,,,,,,,,7.12,,,,,,,,,,,50.6281159,30.4415664,
18:20:09.152,,-89.34999999999991,,,,,,,,,,,,,,,,,,,,,,,,,,,,,,,,,,,,,,,,,,,,,,,,,,,,,,,,,,,,,,,,,,,,,,,,50.6281159,30.4415664,
18:20:09.285,,,,,,,,,,,,,,,,,,,,,,,,,,,,,,,,,,0,0,,,0,0,,0.13778626224866594,0.2406759626388889,12.561093999999999,12.561093999999999,6764.5249730000005,0,-0.01,,,,,8.866629003505603,,,,39,98,,28,,,,,147,0,,,,,,,0,,50.6281159,30.4415664,
18:20:09.365,,,,,,,,,,,,,,,,,,,,0,5.882352941176471,99,,,,,,,,,,5.882352941176471,,,,,,,,27.84313725490196,,,,,,,,,,,,,0,,,,,,,,,,,,0,,17.6470588235294,99,,,,,,50.6281159,30.4415664,
18:20:09.450,,,,,,,,,,,,,,,,,,,,,,,0,57.57656,57.57656,627.89670895,0,0.7197070000000001,0.7197070000000001,8.162865,0,,5.882352941176471,,,0,0,,,,,,,,,,,0,5.72965221022946,5.72965221022946,0.12067166626749623,,,50,,,,38510,,12000,0,0,,147,0,38510,17.6470588235294,,,,,,0,50.6281159,30.4415664,
18:20:09.581,,,,,,,,,,,,,,,33,,,,,,,,,,,,,,,,,,,,,,,,,,,,,,,,,,,,,,,,,,,,,,,,,,,,,,,,78,,,50.6281159,30.4415664,
18:20:09.629,,,,,,,,,,,,,,,,,,114.546875,,,,,,,,,,,,,,,,,,,,,,,,,,,,,,,,,,,,,,,,,,,,,,,,,,,,,,,,50.6281159,30.4415664,
18:20:09.677,,,,,,,,,,,,,,,,7584,0.453125,,,,,,,,,,,,,,,,,,,,,,,,,,,,,,,,,,,,,,,,,,,,,,,,,,,,,,,,,50.6281159,30.4415664,
18:20:09.797,,,,,,,,,341.8,54.5,,3.565,,,,,,,,,,,,,,,,,,,,,,,,,,,,,,,,,,,,,,,,,,,,,,,,,,,7.117,,,,,,,,,,,50.6281159,30.4415664,
18:20:09.858,-78.84999999999991,,-1600,,,,,,,,,,3.554,,,,,,,,,,,,,,,,,,,,,,,,,,,,,,,,,,,,,,,,,,,,,,,,,,7.119,,,,,,,,,,,50.6281159,30.4415664,
18:20:09.928,,-79.69999999999982,,,,,,,,,,,,,,,,,,,,,,,,,,,,,,,,,,,,,,,,,,,,,,,,,,,,,,,,,,,,,,,,,,,,,,,,50.6281159,30.4415664,
18:20:10.182,,,,,,,,,,,,,,,,,,,,,,,,,,,,,,,,,,0,0,,,0,0,,0.11335536446759599,0.2481530701388889,12.568570999999999,12.568570999999999,6764.532450000001,0,-0.01,,,,,9.058910486367855,,,,39,98,,30,,,,,147,0,,,,,,,0,,50.6280937,30.4414596,
18:20:10.288,,,,,,,,,,,,,,,,,,,,0,5.882352941176471,99,,,,,,,,,,5.882352941176471,,,,,,,,23.529411764705884,,,,,,,,,,,,,0,,,,,,,,,,,,0,,17.6470588235294,99,,,,,,50.6280937,30.4414596,
18:20:10.364,,,,,,,,,,,,,,,,,,,,,,,0,57.57656,57.57656,627.89670895,0,0.7197070000000001,0.7197070000000001,8.162865,0,,5.882352941176471,,,0,0,,,,,,,,,,,0,5.7262436596809625,5.7262436596809625,0.12067153288620856,,,50,,,,38500,,12000,0,0,,147,0,38500,17.6470588235294,,,,,,0,50.6280937,30.4414596,
18:20:10.509,,,,,,,,,,,,,,,33,,,,,,,,,,,,,,,,,,,,,,,,,,,,,,,,,,,,,,,,,,,,,,,,,,,,,,,,78,,,50.6280937,30.4414596,
18:20:10.557,,,,,,,,,,,,,,,,,,77.578125,,,,,,,,,,,,,,,,,,,,,,,,,,,,,,,,,,,,,,,,,,,,,,,,,,,,,,,,50.6280937,30.4414596,
18:20:10.593,,,,,,,,,,,,,,,,4736,0.28125,,,,,,,,,,,,,,,,,,,,,,,,,,,,,,,,,,,,,,,,,,,,,,,,,,,,,,,,,50.6280937,30.4414596,
18:20:10.689,,,,,,,,,341.96,54.5,,3.58,,,,,,,,,,,,,,,,,,,,,,,,,,,,,,,,,,,,,,,,,,,,,,,,,,,7.134,,,,,,,,,,,50.6280937,30.4414596,
18:20:10.745,-58.799999999999955,,-1600,,,,,,,,,,3.568,,,,,,,,,,,,,,,,,,,,,,,,,,,,,,,,,,,,,,,,,,,,,,,,,,7.148,,,,,,,,,,,50.6280937,30.4414596,
18:20:10.781,,-57.94999999999982,,,,,,,,,,,,,,,,,,,,,,,,,,,,,,,,,,,,,,,,,,,,,,,,,,,,,,,,,,,,,,,,,,,,,,,,50.6280937,30.4414596,
18:20:10.893,,,,,,,,,,,,,,,,,,,,,,,,,,,,,,,,,,,,,,,,,,,,,,,,,,,,,,,58,,,,,,,,,147,,,,,,,,,,50.6280937,30.4414596,
18:20:10.953,,,,,,,,,,,,,,,,,,,,,,,,,,,,,,,,,,0.09,0,,,0,0,,0.09467601368815119,0.2550006630277778,12.575419,12.575419,6764.539298000001,0,-0.01,,,,,9.236729797363921,,,,39,98,,32,,,,,147,0.09,,,,,,,0.108,,50.6280696,30.4413439,
18:20:11.017,,,,,,,,,,,,,,,,,,,,0,5.882352941176471,99,,,,,,,,,,5.882352941176471,,,,,,,,21.176470588235293,,,,,,,,,,,,,0,,,,,,,,,,,,0.09,,17.6470588235294,99,,,,,,50.6280696,30.4413439,
18:20:11.089,,,,,,,,,,,,,,,,,,,,,,,0,57.57656,57.57656,627.89670895,0,0.7197070000000001,0.7197070000000001,8.162865,0,,5.882352941176471,,,0,0,,,,,,,,,,,0,5.723125408385996,5.723125408385996,0.12067141072583358,,,50,,,,38500,,12000,0,0,,147,0.09,38500,17.6470588235294,,,,,,0,50.6280696,30.4413439,
18:20:11.221,,,,,,,,,,,,,,,33,,,,,,,,,,,,,,,,,,,,,,,,,,,,,,,,,,,,,,,,,,,,,,,,,,,,,,,,78,,,50.6280696,30.4413439,
18:20:11.257,,,,,,,,,,,,,,,,,,72.640625,,,,,,,,,,,,,,,,,,,,,,,,,,,,,,,,,,,,,,,,,,,,,,,,,,,,,,,,50.6280696,30.4413439,
18:20:11.309,,,,,,,,,,,,,,,,4672,0.28125,,,,,,,,,,,,,,,,,,,,,,,,,,,,,,,,,,,,,,,,,,,,,,,,,,,,,,,,,50.6280696,30.4413439,
18:20:11.429,,,,,,,,,342.44,54,,3.58,,,,,,,,,,,,,,,,,,,,,,,,,,,,,,,,,,,,,,,,,,,,,,,,,,,7.148,,,,,,,,,,,50.6280696,30.4413439,
18:20:11.477,-56.84999999999991,,-1600,,,,,,,,,,3.566,,,,,,,,,,,,,,,,,,,,,,,,,,,,,,,,,,,,,,,,,,,,,,,,,,7.146,,,,,,,,,,,50.6280696,30.4413439,
18:20:11.524,,-57.299999999999955,,,,,,,,,,,,,,,,,,,,,,,,,,,,,,,,,,,,,,,,,,,,,,,,,,,,,,,,,,,,,,,,,,,,,,,,50.6280696,30.4413439,
18:20:11.644,,,,,,,,,,,,,,,,,,,,,,,,,,,,,,,,,,0.06,0,,,0,0,,0.07210867058418553,0.26134076786111116,12.581759,12.581759,6764.5456380000005,0,-0.01,,,,,9.400960276577019,,,,39,98,,33,,,,,147,0.06,,,,,,,0.072,,50.6280696,30.4413439,
18:20:11.720,,,,,,,,,,,,,,,,,,,,0,5.882352941176471,99,,,,,,,,,,5.882352941176471,,,,,,,,20.392156862745097,,,,,,,,,,,,,0,,,,,,,,,,,,0.06,,17.6470588235294,99,,,,,,50.6280696,30.4413439,
18:20:11.866,,,,,,,,,,,,,,,,,,,,,,,0,57.57656,57.57656,627.89670895,0,0.7197070000000001,0.7197070000000001,8.162865,0,,5.882352941176471,,,0,0,,,,,,,,,,,0,5.720241502003019,5.720241502003019,0.12067129762780972,,,50,,,,38490,,12000,0,0,,147,0.06,38490,17.6470588235294,,,,,,0,50.6280696,30.4413439,
18:20:12.046,,,,,,,,,,,,,,,33,,,,,,,,,,,,,,,,,,,,,,,,,,,,,,,,,,,,,,,,,,,,,,,,,,,,,,,,78,,,50.6280416,30.4412175,
18:20:12.081,,,,,,,,,,,,,,,,,,55.5625,,,,,,,,,,,,,,,,,,,,,,,,,,,,,,,,,,,,,,,,,,,,,,,,,,,,,,,,50.6280416,30.4412175,
18:20:12.117,,,,,,,,,,,,,,,,3552,0.203125,,,,,,,,,,,,,,,,,,,,,,,,,,,,,,,,,,,,,,,,,,,,,,,,,,,,,,,,,50.6280416,30.4412175,
18:20:12.214,,,,28,,,,,,,,,,,,,,,,,,,,,,,,,,,,,,,,,,,,,,,,,,,,,,,,,,,,,,,,,,,,,,,,,,146,,,,50.6280416,30.4412175,
18:20:12.333,,,,,,,,,344.7,54,,3.59,,,,,,,,,,,,,,,,,,,,,,,,,,,,,,,,,,,,,,,,,,,,,,,,,,,7.156,,,,,,,,,,,50.6280416,30.4412175,
18:20:12.405,-46.59999999999991,,-1600,,,,,,,,,,3.576,,,,,,,,,,,,,,,,,,,,,,,,,,,,,,,,,,,,,,,,,,,,,,,,,,7.166,,,,,,,,,,,50.6280416,30.4412175,
18:20:12.440,,-46.19999999999982,,,,,,,,,,,,,,,,,,,,,,,,,,,,,,,,,,,,,,,,,,,,,,,,,,,,,,,,,,,,,,,,,,,,,,,,50.6280416,30.4412175,
18:20:12.562,,,,,,,,,,,,,,,,,,,,,,,,,,,,,,,,,,0,0,,,0,0,,0.06051193750802026,0.2702744634166667,12.590693,12.590693,6764.554572000001,0,-0.01,,,,,9.633867211704555,,,,39,98,,35,,,,,147,0,,,,,,,0,,50.6280416,30.4412175,
18:20:12.634,,,,,,,,,,,,,,,,,,,,0,5.882352941176471,99,,,,,,,,,,5.882352941176471,,,,,,,,18.823529411764707,,,,,,,,,,,,,0,,,,,,,,,,,,0,,17.6470588235294,99,,,,,,50.6280416,30.4412175,
18:20:12.693,,,,,,,,,,,,,,,,,,,,,,,0,57.57656,57.57656,627.89670895,0,0.7197070000000001,0.7197070000000001,8.162865,0,,5.882352941176471,,,0,0,,,,,,,,,,,0,5.71618258025988,5.71618258025988,0.12067113825628546,,,50,,,,38480,,12000,0,0,,147,0,38480,17.6470588235294,,,,,,0,50.6280416,30.4412175,
18:20:12.753,,,,,,,,,,,,,,,,,,,47,,,,,,,,,,,,,,,,,,,,,,,,,,,,,,,,,,,,,,,,,,,,,,,,,,,,80,,,50.6280416,30.4412175,
18:20:12.849,,,,,,,,,,,,,,,33,,,,,,,,,,,,,,,,,,,,,,,,,,,,,,,,,,,,,,,,,,,,,,,,,,,,,,,,80,,,50.6280416,30.4412175,
18:20:12.897,,,,,,,,,,,,,,,,,,38.84375,,,,,,,,,,,,,,,,,,,,,,,,,,,,,,,,,,,,,,,,,,,,,,,,,,,,,,,,50.6280416,30.4412175,
18:20:12.922,,,,,,,,,,,,,,,,2592,0.15625,,,,,,,,,,,,,,,,,,,,,,,,,,,,,,,,,,,,,,,,,,,,,,,,,,,,,,,,,50.6280416,30.4412175,
18:20:13.042,,,,,,,,,344.7,53.5,,3.599,,,,,,,,,,,,,,,,,,,,,,,,,,,,,,,,,,,,,,,,,,,,,,,,,,,7.175,,,,,,,,,,,50.628012,30.4410841,
18:20:13.101,-17.649999999999864,,-17.199999999999818,,,,,,,,,,3.6,,,,,,,,,,,,,,,,,,,,,,,,,,,,,,,,,,,,,,,,,,,,,,,,,,7.199,,,,,,,,,,,50.628012,30.4410841,
18:20:13.149,,-9.649999999999864,,,,,,,,,,,,,,,,,,,,,,,,,,,,,,,,,,,,,,,,,,,,,,,,,,,,,,,,,,,,,,,,,,,,,,,,50.628012,30.4410841,
18:20:13.269,,,,,,,,,,,,,,,,,,,,,,,,,,,,,,,,,,0,0,,,0,0,,0.04587939507169026,0.2771383231388889,12.597557,12.597557,6764.561436000001,0,-0.01,,,,,9.809953269306785,,,,39,98,,35,,,,,147,0,,,,,,,0,,50.628012,30.4410841,
18:20:13.329,,,,,,,,,,,,,,,,,,,,0,5.882352941176471,99,,,,,,,,,,5.882352941176471,,,,,,,,7.8431372549019605,,,,,,,,,,,,,0,,,,,,,,,,,,0,,17.6470588235294,99,,,,,,50.628012,30.4410841,
18:20:13.401,,,,,,,,,,,,,,,,,,,,,,,0,57.57656,57.57656,627.89670895,0,0.7197070000000001,0.7197070000000001,8.162865,0,,5.882352941176471,,,0,0,,,,,,,,,,,0,5.71306801787045,5.71306801787045,0.1206710158112902,,,50,,,,38480,,12000,0,0,,147,0,38480,17.6470588235294,,,,,,0,50.628012,30.4410841,
18:20:13.533,,,,,,,,,,,,,,,33,,,,,,,,,,,,,,,,,,,,,,,,,,,,,,,,,,,,,,,,,,,,,,,,,,,,,,,,80,,,50.628012,30.4410841,
18:20:13.582,,,,,,,,,,,,,,,,,,-33.609375,,,,,,,,,,,,,,,,,,,,,,,,,,,,,,,,,,,,,,,,,,,,,,,,,,,,,,,,50.628012,30.4410841,
18:20:13.641,,,,,,,,,,,,,,,,-2240,-0.140625,,,,,,,,,,,,,,,,,,,,,,,,,,,,,,,,,,,,,,,,,,,,,,,,,,,,,,,,,50.628012,30.4410841,
18:20:13.846,,,,,,30,29,30,,,,,,,,,,,,,,,,,,,,,,,,,,,,,,,,,,,,,,,,,,,,,,,,,,,,,,,,,,,,,,146,,,,50.628012,30.4410841,
18:20:13.894,,,,,,,,,353.23,53.5,,3.67,,,,,,,,,,,,,,,,,,,,,,,,,,,,,,,,,,,,,,,,,,,,,,,,,,,7.27,,,,,,,,,,,50.628012,30.4410841,
18:20:13.964,30.100000000000136,,-1600,,,,,,,,,,3.66,,,,,,,,,,,,,,,,,,,,,,,,,,,,,,,,,,,,,,,,,,,,,,,,,,7.33,,,,,,,,,,,50.6279822,30.4409474,
18:20:14.001,,31.800000000000182,,,,,,,,,,,,,,,,,,,,,,,,,,,,,,,,,,,,,,,,,,,,,,,,,,,,,,,,,,,,,,,,,,,,,,,,50.6279822,30.4409474,
18:20:14.121,,,,,,,,,,,,,,,,,,,,,,,,,,,,,,,,,,0,0,,,0,0,,,0.28518074358333334,12.605599,12.605599,6764.569478000001,0,-0.01,,,,,10.010813396281554,,,,39,98,,34,,,,,147,0,,,,,,,0,,50.6279822,30.4409474,
18:20:14.189,,,,,,,,,,,,,,,,,,,,0,5.882352941176471,99,,,,,,,,,,5.882352941176471,,,,,,,,0,,,,,,,,,,,,,0,,,,,,,,,,,,0,,17.6470588235294,99,,,,,,50.6279822,30.4409474,
18:20:14.262,,,,,,,,,,,,,,,,,,,,,,,0,57.57656,57.57656,627.89670895,0,0.7197070000000001,0.7197070000000001,8.162865,0,,5.882352941176471,,,0,0,,,,,,,,,,,0,5.709423249145083,5.709423249145083,0.12067087235259526,,,50,,,,38470,,12000,0,0,,147,0,38470,17.6470588235294,,,,,,0,50.6279822,30.4409474,
18:20:14.405,,,,,,,,,,,,,,,33,,,,,,,,,,,,,,,,,,,,,,,,,,,,,,,,,,,,,,,,,,,,,,,,,,,,,,,,80,,,50.6279822,30.4409474,
18:20:14.453,,,,,,,,,,,,,,,,,,-31.875,,,,,,,,,,,,,,,,,,,,,,,,,,,,,,,,,,,,,,,,,,,,,,,,,,,,,,,,50.6279822,30.4409474,
18:20:14.489,,,,,,,,,,,,,,,,-1984,-0.125,,,,,,,,,,,,,,,,,,,,,,,,,,,,,,,,,,,,,,,,,,,,,,,,,,,,,,,,,50.6279822,30.4409474,
18:20:14.610,,,,,,,,,351.46,54,,3.66,,,,,,,,,,,,,,,,,,,,,,,,,,,,,,,,,,,,,,,,,,,,,,,,,,,7.32,,,,,,,,,,,50.6279822,30.4409474,
18:20:14.681,6.300000000000182,,5.550000000000182,,,,,,,,,,3.651,,,,,,,,,,,,,,,,,,,,,,,,,,,,,,,,,,,,,,,,,,,,,,,,,,7.311,,,,,,,,,,,50.6279822,30.4409474,
18:20:14.718,,6.150000000000091,,,,,,,,,,,,,,,,,,,,,,,,,,,,,,,,,,,,,,,,,,,,,,,,,,,,,,,,,,,,,,,,,,,,,,,,50.6279822,30.4409474,
18:20:14.813,,,,,,,,,,,,,,,,,,,,,,,,,,,,,,,,,,,,,,,,,,,,,,,,,,,,,,,58,,,,,,,,,147,,,,,,,,,,50.6279822,30.4409474,
18:20:14.873,,,,,,,,,,,,,,,,,,,,,,,,,,,,,,,,,,0,0,,,0,0,,-0.017546206719398407,0.2916603437777778,12.612079,12.612079,6764.575958000001,0,-0.01,,,,,10.16369540577892,,,,39,98,,31,,,,,147,0,,,,,,,0,,50.6279822,30.4409474,
18:20:14.938,,,,,,,,,,,,,,,,,,,,0,5.882352941176471,99,,,,,,,,,,5.882352941176471,,,,,,,,12.549019607843137,,,,,,,,,,,,,0,,,,,,,,,,,,0,,17.6470588235294,99,,,,,,50.6279822,30.4409474,
18:20:15.008,,,,,,,,,,,,,,,,,,,,,,,0,57.57656,57.57656,627.89670895,0,0.7197070000000001,0.7197070000000001,8.162865,0,,5.882352941176471,,,0,0,,,,,,,,,,,0,5.706489786497532,5.706489786497532,0.12067075675817253,,,50,,,,38460,,12000,0,0,,147,0,38460,17.6470588235294,,,,,,0,50.6279609,30.4408217,
18:20:15.130,,,,,,,,,,,,,,,33,,,,,,,,,,,,,,,,,,,,,,,,,,,,,,,,,,,,,,,,,,,,,,,,,,,,,,,,80,,,50.6279609,30.4408217,
18:20:15.165,,,,,,,,,,,,,,,,,,11.515625,,,,,,,,,,,,,,,,,,,,,,,,,,,,,,,,,,,,,,,,,,,,,,,,,,,,,,,,50.6279609,30.4408217,
18:20:15.201,,,,,,,,,,,,,,,,928,0.046875,,,,,,,,,,,,,,,,,,,,,,,,,,,,,,,,,,,,,,,,,,,,,,,,,,,,,,,,,50.6279609,30.4408217,
18:20:15.296,,,,,29,,,,,,86.6758781031239,,,86.6758781031239,,,,,,,,,,,,,,,,,,,,,,,,,,,,,,,,,,,,,,,,,,,,,,,,,,,,,,,127.5,146,,,,50.6279609,30.4408217,
18:20:15.356,,,,,,,,,350.01,53.5,,3.645,,,,,,,,,,,,,,,,,,,,,,,,,,,,,,,,,,,,,,,,,,,,,,,,,,,7.296,,,,,,,,,,,50.6279609,30.4408217,
18:20:15.501,-11,,-11.25,,,,,,,,,,3.632,,,,,,,,,,,,,,,,,,,,,,,,,,,,,,,,,,,,,,,,,,,,,,,,,,7.277,,,,,,,,,,,50.6279609,30.4408217,
18:20:15.573,,-12.649999999999864,,,,,,,,,,,,,,,,,,,,,,,,,,,,,,,,,,,,,,,,,,,,,,,,,,,,,,,,,,,,,,,,,,,,,,,,50.6279609,30.4408217,
18:20:15.742,,,,,,,,,,,,,,,,,,,,,,,,,,,,,,,,,,0.04,0,,,0,0,,-0.035625087863965024,0.29914381869444445,12.619562,12.619562,6764.583441000001,0,-0.01,,,,,10.337514877343237,,,,39,98,,31,,,,,147,0.04,,,,,,,0.048,,50.6279609,30.4408217,
18:20:15.806,,,,,,,,,,,,,,,,,,,,0,5.882352941176471,99,,,,,,,,,,5.882352941176471,,,,,,,,12.941176470588236,,,,,,,,,,,,,0,,,,,,,,,,,,0.04,,17.6470588235294,99,,,,,,50.6279609,30.4408217,
18:20:15.877,,,,,,,,,,,,,,,,,,,,,,,0,57.57656,57.57656,627.89670895,0,0.7197070000000001,0.7197070000000001,8.162865,0,,5.882352941176471,,,0,0,,,,,,,,,,,0,5.703106019052009,5.703106019052009,0.12067062327186392,,,50,,,,38450,,12000,0,0,,147,0.04,38450,17.6470588235294,,,,,,0,50.6279609,30.4408217,
18:20:16.010,,,,,,,,,,,,,,,33,,,,,,,,,,,,,,,,,,,,,,,,,,,,,,,,,,,,,,,,,,,,,,,,,,,,,,,,80,,,50.6279384,30.4407011,
18:20:16.058,,,,,,,,,,,,,,,,,,12.453125,,,,,,,,,,,,,,,,,,,,,,,,,,,,,,,,,,,,,,,,,,,,,,,,,,,,,,,,50.6279384,30.4407011,
18:20:16.093,,,,,,,,,,,,,,,,800,0.046875,,,,,,,,,,,,,,,,,,,,,,,,,,,,,,,,,,,,,,,,,,,,,,,,,,,,,,,,,50.6279384,30.4407011,
18:20:16.214,,,,,,,,,349.53000000000003,53.5,,3.642,,,,,,,,,,,,,,,,,,,,,,,,,,,,,,,,,,,,,,,,,,,,,,,,,,,7.274,,,,,,,,,,,50.6279384,30.4407011,
18:20:16.286,-9.599999999999909,,-9.399999999999864,,,,,,,,,,3.635,,,,,,,,,,,,,,,,,,,,,,,,,,,,,,,,,,,,,,,,,,,,,,,,,,7.277,,,,,,,,,,,50.6279384,30.4407011,
18:20:16.333,,-9,,,,,,,,,,,,,,,,,,,,,,,,,,,,,,,,,,,,,,,,,,,,,,,,,,,,,,,,,,,,,,,,,,,,,,,,50.6279384,30.4407011,
18:20:16.453,,,,,,,,,,,,,,,,,,,,,,,,,,,,,,,,,,0,0,,,0,0,,-0.03558449858422494,0.30526581925,12.625684,12.625684,6764.589563000001,0,-0.01,,,,,10.477569221638142,,,,39,98,,31,,,,,147,0,,,,,,,0,,50.6279384,30.4407011,
18:20:16.513,,,,,,,,,,,,,,,,,,,,0,5.882352941176471,99,,,,,,,,,,5.882352941176471,,,,,,,,11.764705882352942,,,,,,,,,,,,,0,,,,,,,,,,,,0,,17.6470588235294,99,,,,,,50.6279384,30.4407011,
18:20:16.574,,,,,,,,,,,,,,,,,,,,,,,0,57.57656,57.57656,627.89670895,0,0.7197070000000001,0.7197070000000001,8.162865,0,,5.882352941176471,,,0,0,,,,,,,,,,,0,5.700340670651983,5.700340670651983,0.12067051406412134,,,50,,,,38450,,12000,0,0,,147,0,38450,17.6470588235294,,,,,,0,50.6279384,30.4407011,
18:20:16.717,,,,,,,,,,,,,,,33,,,,,,,,,,,,,,,,,,,,,,,,,,,,,,,,,,,,,,,,,,,,,,,,,,,,,,,,80,,,50.6279384,30.4407011,
18:20:16.742,,,,,,,,,,,,,,,,,,13.640625,,,,,,,,,,,,,,,,,,,,,,,,,,,,,,,,,,,,,,,,,,,,,,,,,,,,,,,,50.6279384,30.4407011,
18:20:16.777,,,,,,,,,,,,,,,,800,0.046875,,,,,,,,,,,,,,,,,,,,,,,,,,,,,,,,,,,,,,,,,,,,,,,,,,,,,,,,,50.6279384,30.4407011,
18:20:16.885,,,,,,,,,348.24,53.5,,3.643,,,,,,,,,,,,,,,,,,,,,,,,,,,,,,,,,,,,,,,,,,,,,,,,,,,7.278,,,,,,,,,,,50.6279384,30.4407011,
18:20:16.957,-13.649999999999864,,-13.649999999999864,,,,,,,,,,3.634,,,,,,,,,,,,,,,,,,,,,,,,,,,,,,,,,,,,,,,,,,,,,,,,,,7.277,,,,,,,,,,,50.627913,30.4405806,
18:20:16.994,,-14.75,,,,,,,,,,,,,,,,,,,,,,,,,,,,,,,,,,,,,,,,,,,,,,,,,,,,,,,,,,,,,,,,,,,,,,,,50.627913,30.4405806,
18:20:17.113,,,,,,,,,,,,,,,,,,,,,,,,,,,,,,,,,,0,0,,,0,0,,-0.028397746289593597,0.31095105994444444,12.631369,12.631369,6764.5952480000005,0,-0.01,,,,,10.60594206798227,,,,39,98,,31,,,,,147,0,,,,,,,0,,50.627913,30.4405806,
18:20:17.173,,,,,,,,,,,,,,,,,,,,0,5.882352941176471,99,,,,,,,,,,5.882352941176471,,,,,,,,12.941176470588236,,,,,,,,,,,,,0,,,,,,,,,,,,0,,17.6470588235294,99,,,,,,50.627913,30.4405806,
18:20:17.245,,,,,,,,,,,,,,,,,,,,,,,0,57.57656,57.57656,627.89670895,0,0.7197070000000001,0.7197070000000001,8.162865,0,,5.882352941176471,,,0,0,,,,,,,,,,,0,5.697775118437282,5.697775118437282,0.12067041265201207,,,50,,,,38440,,12000,0,0,,147,0,38440,17.6470588235294,,,,,,0,50.627913,30.4405806,
18:20:17.437,,,,,,,,,,,,,,,33,,,,,,,,,,,,,,,,,,,,,,,,,,,,,,,,,,,,,,,,,,,,,,,,,,,,,,,,80,,,50.627913,30.4405806,
18:20:17.510,,,,,,,,,,,,,,,,,,23.078125,,,,,,,,,,,,,,,,,,,,,,,,,,,,,,,,,,,,,,,,,,,,,,,,,,,,,,,,50.627913,30.4405806,
18:20:17.581,,,,,,,,,,,,,,,,1696,0.09375,,,,,,,,,,,,,,,,,,,,,,,,,,,,,,,,,,,,,,,,,,,,,,,,,,,,,,,,,50.627913,30.4405806,
18:20:17.676,,,,,,,,,347.43,53.5,,3.632,,,,,,,,,,,,,,,,,,,,,,,,,,,,,,,,,,,,,,,,,,,,,,,,,,,7.266,,,,,,,,,,,50.627913,30.4405806,
18:20:17.749,-20.34999999999991,,-20.75,,,,,,,,,,3.623,,,,,,,,,,,,,,,,,,,,,,,,,,,,,,,,,,,,,,,,,,,,,,,,,,7.255,,,,,,,,,,,50.627913,30.4405806,
18:20:17.809,,-20.09999999999991,,,,,,,,,,,,,,,,,,,,,,,,,,,,,,,,,,,,,,,,,,,,,,,,,,,,,,,,,,,,,,,,,,,,,,,,50.627913,30.4405806,
18:20:17.953,,,,,,,,,,,,,,,,,,,,,,,,,,,,,,,,,,0,0,,,0,0,,0,0.3181805191388889,12.638598,12.638598,6764.602477000001,0,-0.01,,,,,10.766882120137987,,,,39,98,,31,,,,,147,0,,,,,,,0,,50.6278896,30.4404636,
18:20:18.017,,,,,,,,,,,,,,,,,,,,0,5.882352941176471,99,,,,,,,,,,5.882352941176471,,,,,,,,15.294117647058824,,,,,,,,,,,,,0,,,,,,,,,,,,0,,17.6470588235294,99,,,,,,50.6278896,30.4404636,
18:20:18.101,,,,,,,,,,,,,,,,,,,,,,,0,57.57656,57.57656,627.89670895,0,0.7197070000000001,0.7197070000000001,8.162865,0,,5.882352941176471,,,0,0,,,,,,,,,,,0,5.6945161164236735,5.6945161164236735,0.12067028369744068,,,50,,,,38430,,12000,0,0,,147,0,38430,17.6470588235294,,,,,,0,50.6278896,30.4404636,
18:20:18.245,,,,,,,,,,,,,,,33,,,,,,,,,,,,,,,,,,,,,,,,,,,,,,,,,,,,,,,,,,,,,,,,,,,,,,,,80,,,50.6278896,30.4404636,
18:20:18.281,,,,,,,,,,,,,,,,,,32.890625,,,,,,,,,,,,,,,,,,,,,,,,,,,,,,,,,,,,,,,,,,,,,,,,,,,,,,,,50.6278896,30.4404636,
18:20:18.317,,,,,,,,,,,,,,,,1888,0.109375,,,,,,,,,,,,,,,,,,,,,,,,,,,,,,,,,,,,,,,,,,,,,,,,,,,,,,,,,50.6278896,30.4404636,
18:20:18.449,,,,,,,,,348.72,53.5,,3.624,,,,,,,,,,,,,,,,,,,,,,,,,,,,,,,,,,,,,,,,,,,,,,,,,,,7.247,,,,,,,,,,,50.6278896,30.4404636,
18:20:18.510,-28,,-28.899999999999864,,,,,,,,,,3.616,,,,,,,,,,,,,,,,,,,,,,,,,,,,,,,,,,,,,,,,,,,,,,,,,,7.24,,,,,,,,,,,50.6278896,30.4404636,
18:20:18.557,,-31,,,,,,,,,,,,,,,,,,,,,,,,,,,,,,,,,,,,,,,,,,,,,,,,,,,,,,,,,,,,,,,,,,,,,,,,50.6278896,30.4404636,
18:20:18.666,,,,,,,,,,,,,,,,,,,,,,,,,,,,,,,,,,,,,,,,,,,,,,,,,,,,,,,58,,,,,,,,,147,,,,,,,,,,50.6278896,30.4404636,
18:20:18.737,,,,,,,,,,,,,,,,,,,,,,,,,,,,,,,,,,0.07,0,,,0,0,,0,0.3249347268055556,12.645351999999999,12.645351999999999,6764.609231000001,0,-0.01,,,,,10.91496392662628,,,,39,98,,31,,,,,147,0.07,,,,,,,0.084,,50.6278896,30.4404636,
18:20:18.797,,,,,,,,,,,,,,,,,,,,0,5.882352941176471,99,,,,,,,,,,5.882352941176471,,,,,,,,18.03921568627451,,,,,,,,,,,,,0,,,,,,,,,,,,0.07,,17.6470588235294,99,,,,,,50.6278896,30.4404636,
18:20:18.869,,,,,,,,,,,,,,,,,,,,,,,0,57.57656,57.57656,627.89670895,0,0.7197070000000001,0.7197070000000001,8.162865,0,,5.882352941176471,,,0,0,,,,,,,,,,,0,5.691474622454164,5.691474622454164,0.12067016321640943,,,50,,,,38430,,12000,0,0,,147,0.07,38430,17.6470588235294,,,,,,0,50.6278896,30.4404636,
18:20:18.943,,,,,,,,,,,,,,,,,,,48,,,,,,,,,,,,,,,,,,,,,,,,,,,,,,,,,,,,,,,,,,,,,,,,,,,,81,,,50.6278664,30.440342,
18:20:19.026,,,,,,,,,,,,,,,33,,,,,,,,,,,,,,,,,,,,,,,,,,,,,,,,,,,,,,,,,,,,,,,,,,,,,,,,81,,,50.6278664,30.440342,
18:20:19.062,,,,,,,,,,,,,,,,,,52.296875,,,,,,,,,,,,,,,,,,,,,,,,,,,,,,,,,,,,,,,,,,,,,,,,,,,,,,,,50.6278664,30.440342,
18:20:19.098,,,,,,,,,,,,,,,,3424,0.203125,,,,,,,,,,,,,,,,,,,,,,,,,,,,,,,,,,,,,,,,,,,,,,,,,,,,,,,,,50.6278664,30.440342,
18:20:19.206,,,,,,,,,345.82,53.5,,3.606,,,,,,,,,,,,,,,,,,,,,,,,,,,,,,,,,,,,,,,,,,,,,,,,,,,7.222,,,,,,,,,,,50.6278664,30.440342,
18:20:19.278,-40.399999999999864,,-1600,,,,,,,,,,3.599,,,,,,,,,,,,,,,,,,,,,,,,,,,,,,,,,,,,,,,,,,,,,,,,,,7.205,,,,,,,,,,,50.6278664,30.440342,
18:20:19.336,,-40.19999999999982,,,,,,,,,,,,,,,,,,,,,,,,,,,,,,,,,,,,,,,,,,,,,,,,,,,,,,,,,,,,,,,,,,,,,,,,50.6278664,30.440342,
18:20:19.604,,,,,,,,,,,,,,,,,,,,,,,,,,,,,,,,,,0,0,,,0,0,,0.01798051315378075,0.3328900276388889,12.653307,12.653307,6764.617186000001,0,-0.01,,,,,11.092368281057853,,,,39,98,,33,,,,,147,0,,,,,,,0,,50.6278664,30.440342,
18:20:19.673,,,,,,,,,,,,,,,,,,,,0,5.882352941176471,99,,,,,,,,,,5.882352941176471,,,,,,,,15.294117647058824,,,,,,,,,,,,,0,,,,,,,,,,,,0,,17.6470588235294,99,,,,,,50.6278664,30.440342,
18:20:19.732,,,,,,,,,,,,,,,,,,,,,,,0,57.57656,57.57656,627.89670895,0,0.7197070000000001,0.7197070000000001,8.162865,0,,5.882352941176471,,,0,0,,,,,,,,,,,0,5.687896452682292,5.687896452682292,0.12067002131168342,,,50,,,,38420,,12000,0,0,,147,0,38420,17.6470588235294,,,,,,0,50.6278664,30.440342,
18:20:19.866,,,,,,,,,,,,,,,33,,,,,,,,,,,,,,,,,,,,,,,,,,,,,,,,,,,,,,,,,,,,,,,,,,,,,,,,81,,,50.6278664,30.440342,
18:20:19.902,,,,,,,,,,,,,,,,,,2.109375,,,,,,,,,,,,,,,,,,,,,,,,,,,,,,,,,,,,,,,,,,,,,,,,,,,,,,,,50.6278664,30.440342,
18:20:19.949,,,,,,,,,,,,,,,,352,0.015625,,,,,,,,,,,,,,,,,,,,,,,,,,,,,,,,,,,,,,,,,,,,,,,,,,,,,,,,,50.6278476,30.4402134,
18:20:20.045,,,,28,,,,,,,,,,,,,,,,,,,,,,,,,,,,,,,,,,,,,,,,,,,,,,,,,,,,,,,,,,,,,,,,,,146,,,,50.6278476,30.4402134,
18:20:20.142,,,,,,,,,352.75,53,,3.657,,,,,,,,,,,,,,,,,,,,,,,,,,,,,,,,,,,,,,,,,,,,,,,,,,,7.256,,,,,,,,,,,50.6278476,30.4402134,
18:20:20.201,22.350000000000136,,22.200000000000045,,,,,,,,,,3.666,,,,,,,,,,,,,,,,,,,,,,,,,,,,,,,,,,,,,,,,,,,,,,,,,,7.323,,,,,,,,,,,50.6278476,30.4402134,
18:20:20.237,,24.350000000000136,,,,,,,,,,,,,,,,,,,,,,,,,,,,,,,,,,,,,,,,,,,,,,,,,,,,,,,,,,,,,,,,,,,,,,,,50.6278476,30.4402134,
18:20:20.358,,,,,,,,,,,,,,,,,,,,,,,,,,,,,,,,,,0,0,,,0,0,,,0.3395826365277778,12.66,12.66,6764.623879000001,0,-0.01,,,,,11.237064676933146,,,,39,98,,32,,,,,147,0,,,,,,,0,,50.6278476,30.4402134,
18:20:20.432,,,,,,,,,,,,,,,,,,,,0,5.882352941176471,99,,,,,,,,,,5.882352941176471,,,,,,,,0,,,,,,,,,,,,,0,,,,,,,,,,,,0,,17.6470588235294,99,,,,,,50.6278476,30.4402134,
18:20:20.505,,,,,,,,,,,,,,,,,,,,,,,0,57.57656,57.57656,627.89670895,0,0.7197070000000001,0.7197070000000001,8.162865,0,,5.882352941176471,,,0,0,,,,,,,,,,,0,5.684889415481833,5.684889415481833,0.12066990191931704,,,50,,,,38410,,12000,0,0,,147,0,38410,17.6470588235294,,,,,,0,50.6278476,30.4402134,
18:20:20.650,,,,,,,,,,,,,,,32,,,,,,,,,,,,,,,,,,,,,,,,,,,,,,,,,,,,,,,,,,,,,,,,,,,,,,,,80,,,50.6278476,30.4402134,
18:20:20.685,,,,,,,,,,,,,,,,,,-69.59375,,,,,,,,,,,,,,,,,,,,,,,,,,,,,,,,,,,,,,,,,,,,,,,,,,,,,,,,50.6278476,30.4402134,
18:20:20.761,,,,,,,,,,,,,,,,-4544,-0.28125,,,,,,,,,,,,,,,,,,,,,,,,,,,,,,,,,,,,,,,,,,,,,,,,,,,,,,,,,50.6278476,30.4402134,
18:20:20.930,,,,,,,,,354.2,53.5,,3.692,,,,,,,,,,,,,,,,,,,,,,,,,,,,,,,,,,,,,,,,,,,,,,,,,,,7.358,,,,,,,,,,,50.6278476,30.4402134,
18:20:21.001,33.5,,-1600,,,,,,,,,,3.689,,,,,,,,,,,,,,,,,,,,,,,,,,,,,,,,,,,,,,,,,,,,,,,,,,7.381,,,,,,,,,,,50.627826,30.4400899,
18:20:21.073,,32.05000000000018,,,,,,,,,,,,,,,,,,,,,,,,,,,,,,,,,,,,,,,,,,,,,,,,,,,,,,,,,,,,,,,,,,,,,,,,50.627826,30.4400899,
18:20:21.217,,,,,,,,,,,,,,,,,,,,,,,,,,,,,,,,,,0,0,,,0,0,,,0.34673619236111114,12.667154,12.667154,6764.631033000001,0,-0.01,,,,,11.38395579034942,,,,39,98,,30,,,,,147,0,,,,,,,0,,50.627826,30.4400899,
18:20:21.281,,,,,,,,,,,,,,,,,,,,0,5.882352941176471,99,,,,,,,,,,5.882352941176471,,,,,,,,0,,,,,,,,,,,,,0,,,,,,,,,,,,0,,17.6470588235294,99,,,,,,50.627826,30.4400899,
18:20:21.377,,,,,,,,,,,,,,,,,,,,,,,0,57.57656,57.57656,627.89670895,0,0.7197070000000001,0.7197070000000001,8.162865,0,,5.882352941176471,,,0,0,,,,,,,,,,,0,5.681678773306143,5.681678773306143,0.12066977430371256,,,50,,,,38410,,12000,0,0,,147,0,38410,17.6470588235294,,,,,,0,50.627826,30.4400899,
18:20:21.498,,,,,,,,,,,,,,,32,,,,,,,,,,,,,,,,,,,,,,,,,,,,,,,,,,,,,,,,,,,,,,,,,,,,,,,,80,,,50.627826,30.4400899,
18:20:21.544,,,,,,,,,,,,,,,,,,-73.21875,,,,,,,,,,,,,,,,,,,,,,,,,,,,,,,,,,,,,,,,,,,,,,,,,,,,,,,,50.627826,30.4400899,
18:20:21.593,,,,,,,,,,,,,,,,-4896,-0.3125,,,,,,,,,,,,,,,,,,,,,,,,,,,,,,,,,,,,,,,,,,,,,,,,,,,,,,,,,50.627826,30.4400899,
18:20:21.714,,,,,,30,29,30,,,,,,,,,,,,,,,,,,,,,,,,,,,,,,,,,,,,,,,,,,,,,,,,,,,,,,,,,,,,,,146,,,,50.627826,30.4400899,
18:20:21.786,,,,,29,,,,,,86.6758781031239,,,86.6758781031239,,,,,,,,,,,,,,,,,,,,,,,,,,,,,,,,,,,,,,,,,,,,,,,,,,,,,,,127.5,146,,,,50.627826,30.4400899,
18:20:21.846,,,,,,,,,355.97,53.5,,3.698,,,,,,,,,,,,,,,,,,,,,,,,,,,,,,,,,,,,,,,,,,,,,,,,,,,7.387,,,,,,,,,,,50.627826,30.4400899,
18:20:21.892,29.25,,28.800000000000182,,,,,,,,,,3.688,,,,,,,,,,,,,,,,,,,,,,,,,,,,,,,,,,,,,,,,,,,,,,,,,,7.386,,,,,,,,,,,50.627826,30.4400899,
18:20:21.929,,28.600000000000136,,,,,,,,,,,,,,,,,,,,,,,,,,,,,,,,,,,,,,,,,,,,,,,,,,,,,,,,,,,,,,,,,,,,,,,,50.627826,30.4400899,
18:20:22.085,,,,,,,,,,,,,,,,,,,,,,,,,,,,,,,,,,0,0,,,0,0,,-0.03384459610372508,0.35324786036111117,12.673665999999999,12.673665999999999,6764.6375450000005,0,-0.01,,,,,11.506634241413781,,,,39,98,,27,,,,,147,0,,,,,,,0,,50.6278072,30.4399843,
18:20:22.152,,,,,,,,,,,,,,,,,,,,0,5.882352941176471,99,,,,,,,,,,5.882352941176471,,,,,,,,0,,,,,,,,,,,,,0,,,,,,,,,,,,0,,17.6470588235294,99,,,,,,50.6278072,30.4399843,
18:20:22.225,,,,,,,,,,,,,,,,,,,,,,,0,57.57656,57.57656,627.89670895,0,0.7197070000000001,0.7197070000000001,8.162865,0,,5.882352941176471,,,0,0,,,,,,,,,,,0,5.67875940552639,5.67875940552639,0.12066965814056782,,,50,,,,38400,,12000,0,0,,147,0,38400,17.6470588235294,,,,,,0,50.6278072,30.4399843,
18:20:22.357,,,,,,,,,,,,,,,32,,,,,,,,,,,,,,,,,,,,,,,,,,,,,,,,,,,,,,,,,,,,,,,,,,,,,,,,80,,,50.6278072,30.4399843,
18:20:22.393,,,,,,,,,,,,,,,,,,-73.140625,,,,,,,,,,,,,,,,,,,,,,,,,,,,,,,,,,,,,,,,,,,,,,,,,,,,,,,,50.6278072,30.4399843,
18:20:22.428,,,,,,,,,,,,,,,,-4640,-0.296875,,,,,,,,,,,,,,,,,,,,,,,,,,,,,,,,,,,,,,,,,,,,,,,,,,,,,,,,,50.6278072,30.4399843,
18:20:22.537,,,,,,,,,355,53.5,,3.699,,,,,,,,,,,,,,,,,,,,,,,,,,,,,,,,,,,,,,,,,,,,,,,,,,,7.387,,,,,,,,,,,50.6278072,30.4399843,
18:20:22.621,16.90000000000009,,15.850000000000136,,,,,,,,,,3.686,,,,,,,,,,,,,,,,,,,,,,,,,,,,,,,,,,,,,,,,,,,,,,,,,,7.385,,,,,,,,,,,50.6278072,30.4399843,
18:20:22.657,,7.650000000000091,,,,,,,,,,,,,,,,,,,,,,,,,,,,,,,,,,,,,,,,,,,,,,,,,,,,,,,,,,,,,,,,,,,,,,,,50.6278072,30.4399843,
18:20:22.765,,,,,,,,,,,,,,,,,,,,,,,,,,,,,,,,,,,,,,,,,,,,,,,,,,,,,,,58,,,,,,,,,147,,,,,,,,,,50.6278072,30.4399843,
18:20:22.836,,,,,,,,,,,,,,,,,,,,,,,,,,,,,,,,,,0.08,0,,,0,0,,-0.07886413117872727,0.3582591436944445,12.678677,12.678677,6764.642556000001,0,-0.01,,,,,11.591034168911552,,,,39,98,,24,,,,,147,0.08,,,,,,,0.096,,50.6278072,30.4399843,
18:20:22.961,,,,,,,,,,,,,,,,,,,,0,5.882352941176471,99,,,,,,,,,,5.882352941176471,,,,,,,,9.019607843137255,,,,,,,,,,,,,0,,,,,,,,,,,,0.08,,17.6470588235294,99,,,,,,50.6277909,30.4398883,
18:20:23.082,,,,,,,,,,,,,,,,,,,,,,,0,57.57656,57.57656,627.89670895,0,0.7197070000000001,0.7197070000000001,8.162865,0,,5.882352941176471,,,0,0,,,,,,,,,,,0,5.67651498654,5.67651498654,0.12066956875289479,,,50,,,,38390,,12000,0,0,,147,0.08,38390,17.6470588235294,,,,,,0,50.6277909,30.4398883,
18:20:23.369,,,,,,,,,,,,,,,32,,,,,,,,,,,,,,,,,,,,,,,,,,,,,,,,,,,,,,,,,,,,,,,,,,,,,,,,80,,,50.6277909,30.4398883,
18:20:23.418,,,,,,,,,,,,,,,,,,49.515625,,,,,,,,,,,,,,,,,,,,,,,,,,,,,,,,,,,,,,,,,,,,,,,,,,,,,,,,50.6277909,30.4398883,
18:20:23.489,,,,,,,,,,,,,,,,3072,0.1875,,,,,,,,,,,,,,,,,,,,,,,,,,,,,,,,,,,,,,,,,,,,,,,,,,,,,,,,,50.6277909,30.4398883,
18:20:23.597,,,,,,,,,349.69,53.5,,3.636,,,,,,,,,,,,,,,,,,,,,,,,,,,,,,,,,,,,,,,,,,,,,,,,,,,7.322,,,,,,,,,,,50.6277909,30.4398883,
18:20:23.645,-30.799999999999955,,-1600,,,,,,,,,,3.627,,,,,,,,,,,,,,,,,,,,,,,,,,,,,,,,,,,,,,,,,,,,,,,,,,7.263,,,,,,,,,,,50.6277909,30.4398883,
18:20:23.693,,-31,,,,,,,,,,,,,,,,,,,,,,,,,,,,,,,,,,,,,,,,,,,,,,,,,,,,,,,,,,,,,,,,,,,,,,,,50.6277909,30.4398883,
18:20:23.813,,,,,,,,,,,,,,,,,,,,,,,,,,,,,,,,,,0,0,,,0,0,,-0.0655938535669113,0.3647703316944445,12.685188,12.685188,6764.649067000001,0,-0.01,,,,,11.699006896093302,,,,39,98,,24,,,,,147,0,,,,,,,0,,50.6277909,30.4398883,
18:20:23.873,,,,,,,,,,,,,,,,,,,,0,5.882352941176471,99,,,,,,,,,,5.882352941176471,,,,,,,,16.470588235294116,,,,,,,,,,,,,0,,,,,,,,,,,,0,,17.6470588235294,99,,,,,,50.6277909,30.4398883,
18:20:23.933,,,,,,,,,,,,,,,,,,,,,,,0,57.57656,57.57656,627.89670895,0,0.7197070000000001,0.7197070000000001,8.162865,0,,5.882352941176471,,,0,0,,,,,,,,,,,0,5.673601368777507,5.673601368777507,0.12066945260798403,,,50,,,,38380,,12000,0,0,,147,0,38380,17.6470588235294,,,,,,0,50.6277909,30.4398883,
18:20:24.065,,,,,,,,,,,,,,,32,,,,,,,,,,,,,,,,,,,,,,,,,,,,,,,,,,,,,,,,,,,,,,,,,,,,,,,,80,,,50.627775,30.4397927,
18:20:24.102,,,,,,,,,,,,,,,,,,64,,,,,,,,,,,,,,,,,,,,,,,,,,,,,,,,,,,,,,,,,,,,,,,,,,,,,,,,50.627775,30.4397927,
18:20:24.138,,,,,,,,,,,,,,,,4064,0.234375,,,,,,,,,,,,,,,,,,,,,,,,,,,,,,,,,,,,,,,,,,,,,,,,,,,,,,,,,50.627775,30.4397927,
18:20:24.270,,,,,,,,,348.40000000000003,53.5,,3.624,,,,,,,,,,,,,,,,,,,,,,,,,,,,,,,,,,,,,,,,,,,,,,,,,,,7.251,,,,,,,,,,,50.627775,30.4397927,
18:20:24.329,-41.049999999999955,,-1600,,,,,,,,,,3.613,,,,,,,,,,,,,,,,,,,,,,,,,,,,,,,,,,,,,,,,,,,,,,,,,,7.237,,,,,,,,,,,50.627775,30.4397927,
18:20:24.366,,-40.84999999999991,,,,,,,,,,,,,,,,,,,,,,,,,,,,,,,,,,,,,,,,,,,,,,,,,,,,,,,,,,,,,,,,,,,,,,,,50.627775,30.4397927,
18:20:24.473,,,,,,,,,,,,,,,,,,,,,,,,,,,,,,,,,,0,0,,,0,0,,,0.36943953238888894,12.689857,12.689857,6764.653736000001,0,-0.01,,,,,11.778206387979052,,,,39,98,,25,,,,,147,0,,,,,,,0,,50.627775,30.4397927,
18:20:24.553,,,,,,,,,,,,,,,,,,,,0,5.882352941176471,99,,,,,,,,,,5.882352941176471,,,,,,,,20.392156862745097,,,,,,,,,,,,,0,,,,,,,,,,,,0,,17.6470588235294,99,,,,,,50.627775,30.4397927,
18:20:24.662,,,,,,,,,,,,,,,,,,,,,,,0,57.57656,57.57656,627.89670895,0,0.7197070000000001,0.7197070000000001,8.162865,0,,5.882352941176471,,,0,0,,,,,,,,,,,0,5.6715138712753035,5.6715138712753035,0.12066936932128582,,,50,,,,38380,,12000,0,0,,147,0,38380,17.6470588235294,,,,,,0,50.627775,30.4397927,
18:20:24.949,,,,,,,,,,,,,,,32,,,,,,,,,,,,,,,,,,,,,,,,,,,,,,,,,,,,,,,,,,,,,,,,,,,,,,,,80,,,50.6277578,30.4396899,
18:20:24.986,,,,,,,,,,,,,,,,,,90.828125,,,,,,,,,,,,,,,,,,,,,,,,,,,,,,,,,,,,,,,,,,,,,,,,,,,,,,,,50.6277578,30.4396899,
18:20:25.021,,,,,,,,,,,,,,,,5632,0.34375,,,,,,,,,,,,,,,,,,,,,,,,,,,,,,,,,,,,,,,,,,,,,,,,,,,,,,,,,50.6277578,30.4396899,
18:20:25.142,,,,,,,,,343.41,53,,3.596,,,,,,,,,,,,,,,,,,,,,,,,,,,,,,,,,,,,,,,,,,,,,,,,,,,7.209,,,,,,,,,,,50.6277578,30.4396899,
18:20:25.200,-58.799999999999955,,-1600,,,,,,,,,,3.58,,,,,,,,,,,,,,,,,,,,,,,,,,,,,,,,,,,,,,,,,,,,,,,,,,7.176,,,,,,,,,,,50.6277578,30.4396899,
18:20:25.237,,-59.19999999999982,,,,,,,,,,,,,,,,,,,,,,,,,,,,,,,,,,,,,,,,,,,,,,,,,,,,,,,,,,,,,,,,,,,,,,,,50.6277578,30.4396899,
18:20:25.373,,,,,,,,,,,,,,,,,,,,,,,,,,,,,,,,,,0.11,0,,,0,0,,,0.37634819638888894,12.696766,12.696766,6764.660645000001,0,-0.01,,,,,11.904816318855906,,,,39,98,,28,,,,,147,0.11,,,,,,,0.132,,50.6277578,30.4396899,
18:20:25.454,,,,,,,,,,,,,,,,,,,,0,5.882352941176471,99,,,,,,,,,,5.882352941176471,,,,,,,,21.568627450980394,,,,,,,,,,,,,0,,,,,,,,,,,,0.11,,17.6470588235294,99,,,,,,50.6277578,30.4396899,
18:20:25.526,,,,,,,,,,,,,,,,,,,,,,,0,57.57656,57.57656,627.89670895,0,0.7197070000000001,0.7197070000000001,8.162865,0,,5.882352941176471,,,0,0,,,,,,,,,,,0,5.668427692532099,5.668427692532099,0.12066924607716223,,,50,,,,38370,,12000,0,0,,147,0.11,38370,17.6470588235294,,,,,,0,50.6277578,30.4396899,
18:20:25.597,,,,,,,,,,,,,,,,,,,48,,,,,,,,,,,,,,,,,,,,,,,,,,,,,,,,,,,,,,,,,,,,,,,,,,,,80,,,50.6277578,30.4396899,
18:20:25.669,,,,,,,,,,,,,,,32,,,,,,,,,,,,,,,,,,,,,,,,,,,,,,,,,,,,,,,,,,,,,,,,,,,,,,,,80,,,50.6277578,30.4396899,
18:20:25.717,,,,,,,,,,,,,,,,,,50.078125,,,,,,,,,,,,,,,,,,,,,,,,,,,,,,,,,,,,,,,,,,,,,,,,,,,,,,,,50.6277578,30.4396899,
18:20:25.753,,,,,,,,,,,,,,,,3296,0.1875,,,,,,,,,,,,,,,,,,,,,,,,,,,,,,,,,,,,,,,,,,,,,,,,,,,,,,,,,50.6277578,30.4396899,
18:20:25.873,,,,,,,,,347.27,53,,3.615,,,,,,,,,,,,,,,,,,,,,,,,,,,,,,,,,,,,,,,,,,,,,,,,,,,7.195,,,,,,,,,,,50.6277578,30.4396899,
18:20:25.933,-31,,-1600,,,,,,,,,,3.607,,,,,,,,,,,,,,,,,,,,,,,,,,,,,,,,,,,,,,,,,,,,,,,,,,7.222,,,,,,,,,,,50.6277578,30.4396899,
18:20:25.982,,-30.34999999999991,,,,,,,,,,,,,,,,,,,,,,,,,,,,,,,,,,,,,,,,,,,,,,,,,,,,,,,,,,,,,,,,,,,,,,,,50.627739,30.439579,
18:20:26.113,,,,,,,,,,,,,,,,,,,,,,,,,,,,,,,,,,0.09,0,,,0,0,,0.05187349531880451,0.38250763638888896,12.702925,12.702925,6764.666804000001,0,-0.01,,,,,12.021579085877333,,,,39,98,,30,,,,,147,0.09,,,,,,,0.108,,50.627739,30.439579,
18:20:26.174,,,,,,,,,,,,,,,,,,,,0,5.882352941176471,99,,,,,,,,,,5.882352941176471,,,,,,,,15.686274509803921,,,,,,,,,,,,,0,,,,,,,,,,,,0.09,,17.6470588235294,99,,,,,,50.627739,30.439579,
18:20:26.245,,,,,,,,,,,,,,,,,,,,,,,0,57.57656,57.57656,627.89670895,0,0.7197070000000001,0.7197070000000001,8.162865,0,,5.882352941176471,,,0,0,,,,,,,,,,,0,5.6656793612494765,5.6656793612494765,0.12066913621190084,,,50,,,,38360,,12000,0,0,,147,0.09,38360,17.6470588235294,,,,,,0,50.627739,30.439579,
18:20:26.378,,,,,,,,,,,,,,,32,,,,,,,,,,,,,,,,,,,,,,,,,,,,,,,,,,,,,,,,,,,,,,,,,,,,,,,,80,,,50.627739,30.439579,
18:20:26.414,,,,,,,,,,,,,,,,,,27.8125,,,,,,,,,,,,,,,,,,,,,,,,,,,,,,,,,,,,,,,,,,,,,,,,,,,,,,,,50.627739,30.439579,
18:20:26.462,,,,,,,,,,,,,,,,1888,0.109375,,,,,,,,,,,,,,,,,,,,,,,,,,,,,,,,,,,,,,,,,,,,,,,,,,,,,,,,,50.627739,30.439579,
18:20:26.677,,,,,,,,,348.40000000000003,53,,3.632,,,,,,,,,,,,,,,,,,,,,,,,,,,,,,,,,,,,,,,,,,,,,,,,,,,7.239,,,,,,,,,,,50.627739,30.439579,
18:20:26.751,-13.799999999999955,,-13.75,,,,,,,,,,3.623,,,,,,,,,,,,,,,,,,,,,,,,,,,,,,,,,,,,,,,,,,,,,,,,,,7.255,,,,,,,,,,,50.627739,30.439579,
18:20:26.801,,-13.25,,,,,,,,,,,,,,,,,,,,,,,,,,,,,,,,,,,,,,,,,,,,,,,,,,,,,,,,,,,,,,,,,,,,,,,,50.627739,30.439579,
18:20:26.909,,,,,,,,,,,,,,,,,,,,,,,,,,,,,,,,,,,,,,,,,,,,,,,,,,,,,,,58,,,,,,,,,147,,,,,,,,,,50.627739,30.439579,
18:20:26.969,,,,,,,,,,,,,,,,,,,,,,,,,,,,,,,,,,0,0,,,0,0,,0.06281986534330769,0.3898807978055556,12.710298,12.710298,6764.674177000001,0,-0.01,,,,,12.162390945982022,,,,39,98,,31,,,,,147,0,,,,,,,0,,50.6277193,30.4394597,
18:20:27.041,,,,,,,,,,,,,,,,,,,,0,5.882352941176471,99,,,,,,,,,,5.882352941176471,,,,,,,,12.549019607843137,,,,,,,,,,,,,0,,,,,,,,,,,,0,,17.6470588235294,99,,,,,,50.6277193,30.4394597,
18:20:27.113,,,,,,,,,,,,,,,,,,,,,,,0,57.57656,57.57656,627.89670895,0,0.7197070000000001,0.7197070000000001,8.162865,0,,5.882352941176471,,,0,0,,,,,,,,,,,0,5.662392809358208,5.662392809358208,0.12066900469136962,,,50,,,,38360,,12000,0,0,,147,0,38360,17.6470588235294,,,,,,0,50.6277193,30.4394597,
18:20:27.258,,,,,,,,,,,,,,,32,,,,,,,,,,,,,,,,,,,,,,,,,,,,,,,,,,,,,,,,,,,,,,,,,,,,,,,,80,,,50.6277193,30.4394597,
18:20:27.317,,,,,,,,,,,,,,,,,,26,,,,,,,,,,,,,,,,,,,,,,,,,,,,,,,,,,,,,,,,,,,,,,,,,,,,,,,,50.6277193,30.4394597,
18:20:27.353,,,,,,,,,,,,,,,,1600,0.09375,,,,,,,,,,,,,,,,,,,,,,,,,,,,,,,,,,,,,,,,,,,,,,,,,,,,,,,,,50.6277193,30.4394597,
18:20:27.453,,,,,,,,,347.76,52.5,,3.626,,,,,,,,,,,,,,,,,,,,,,,,,,,,,,,,,,,,,,,,,,,,,,,,,,,7.249,,,,,,,,,,,50.6277193,30.4394597,
18:20:27.514,-22,,-22.5,,,,,,,,,,3.616,,,,,,,,,,,,,,,,,,,,,,,,,,,,,,,,,,,,,,,,,,,,,,,,,,7.242,,,,,,,,,,,50.6277193,30.4394597,
18:20:27.549,,-21.799999999999955,,,,,,,,,,,,,,,,,,,,,,,,,,,,,,,,,,,,,,,,,,,,,,,,,,,,,,,,,,,,,,,,,,,,,,,,50.6277193,30.4394597,
18:20:27.657,,,,,,,,,,,,,,,,,,,,,,,,,,,,,,,,,,0.08,0,,,0,0,,0.0533708560012157,0.39581037102777783,12.716228,12.716228,6764.680107000001,0,-0.01,,,,,12.274126385986788,,,,39,98,,31,,,,,147,0.08,,,,,,,0.096,,50.6277193,30.4394597,
18:20:27.730,,,,,,,,,,,,,,,,,,,,0,5.882352941176471,99,,,,,,,,,,5.882352941176471,,,,,,,,14.509803921568627,,,,,,,,,,,,,0,,,,,,,,,,,,0.08,,17.6470588235294,99,,,,,,50.6277193,30.4394597,
18:20:27.802,,,,,,,,,,,,,,,,,,,,,,,0,57.57656,57.57656,627.89670895,0,0.7197070000000001,0.7197070000000001,8.162865,0,,5.882352941176471,,,0,0,,,,,,,,,,,0,5.65975224728591,5.65975224728591,0.12066889891146776,,,50,,,,38350,,12000,0,0,,147,0.08,38350,17.6470588235294,,,,,,0,50.6277193,30.4394597,
18:20:27.921,,,,,,,,,,,,,,,32,,,,,,,,,,,,,,,,,,,,,,,,,,,,,,,,,,,,,,,,,,,,,,,,,,,,,,,,80,,,50.6277193,30.4394597,
18:20:27.962,,,,,,,,,,,,,,,,,,25.359375,,,,,,,,,,,,,,,,,,,,,,,,,,,,,,,,,,,,,,,,,,,,,,,,,,,,,,,,50.6277057,30.4393334,
18:20:27.997,,,,,,,,,,,,,,,,1632,0.09375,,,,,,,,,,,,,,,,,,,,,,,,,,,,,,,,,,,,,,,,,,,,,,,,,,,,,,,,,50.6277057,30.4393334,
18:20:28.105,,,,28,,,,,,,,,,,,,,,,,,,,,,,,,,,,,,,,,,,,,,,,,,,,,,,,,,,,,,,,,,,,,,,,,,146,,,,50.6277057,30.4393334,
18:20:28.249,,,,,29,,,,,,86.6758781031239,,,86.6758781031239,,,,,,,,,,,,,,,,,,,,,,,,,,,,,,,,,,,,,,,,,,,,,,,,,,,,,,,127.5,146,,,,50.6277057,30.4393334,
18:20:28.332,,,,,,,,,347.76,52.5,,3.626,,,,,,,,,,,,,,,,,,,,,,,,,,,,,,,,,,,,,,,,,,,,,,,,,,,7.242,,,,,,,,,,,50.6277057,30.4393334,
18:20:28.429,-20.799999999999955,,-21.09999999999991,,,,,,,,,,3.616,,,,,,,,,,,,,,,,,,,,,,,,,,,,,,,,,,,,,,,,,,,,,,,,,,7.242,,,,,,,,,,,50.6277057,30.4393334,
18:20:28.548,,-20.949999999999818,,,,,,,,,,,,,,,,,,,,,,,,,,,,,,,,,,,,,,,,,,,,,,,,,,,,,,,,,,,,,,,,,,,,,,,,50.6277057,30.4393334,
18:20:28.694,,,,,,,,,,,,,,,,,,,,,,,,,,,,,,,,,,0,0,,,0,0,,0.03411917346968742,0.40502301191666673,12.725441,12.725441,6764.689320000001,0,-0.01,,,,,12.448673954737709,,,,39,98,,32,,,,,147,0,,,,,,,0,,50.6277057,30.4393334,
18:20:28.773,,,,,,,,,,,,,,,,,,,,0,5.882352941176471,99,,,,,,,,,,5.882352941176471,,,,,,,,13.72549019607843,,,,,,,,,,,,,0,,,,,,,,,,,,0,,17.6470588235294,99,,,,,,50.6277057,30.4393334,
18:20:28.846,,,,,,,,,,,,,,,,,,,,,,,0,57.57656,57.57656,627.89670895,0,0.7197070000000001,0.7197070000000001,8.162865,0,,5.882352941176471,,,0,0,,,,,,,,,,,0,5.65565468418737,5.65565468418737,0.12066873456946872,,,50,,,,38340,,12000,0,0,,147,0,38340,17.6470588235294,,,,,,0,50.6277057,30.4393334,
18:20:28.977,,,,,,,,,,,,,,,32,,,,,,,,,,,,,,,,,,,,,,,,,,,,,,,,,,,,,,,,,,,,,,,,,,,,,,,,80,,,50.6276894,30.4392088,
18:20:29.014,,,,,,,,,,,,,,,,,,-12.3125,,,,,,,,,,,,,,,,,,,,,,,,,,,,,,,,,,,,,,,,,,,,,,,,,,,,,,,,50.6276894,30.4392088,
18:20:29.049,,,,,,,,,,,,,,,,-96,-0.015625,,,,,,,,,,,,,,,,,,,,,,,,,,,,,,,,,,,,,,,,,,,,,,,,,,,,,,,,,50.6276894,30.4392088,
18:20:29.182,,,,,,,,,352.26,52.5,,3.663,,,,,,,,,,,,,,,,,,,,,,,,,,,,,,,,,,,,,,,,,,,,,,,,,,,7.279,,,,,,,,,,,50.6276894,30.4392088,
18:20:29.252,20.350000000000136,,21.450000000000045,,,,,,,,,,3.656,,,,,,,,,,,,,,,,,,,,,,,,,,,,,,,,,,,,,,,,,,,,,,,,,,7.319,,,,,,,,,,,50.6276894,30.4392088,
18:20:29.289,,23.25,,,,,,,,,,,,,,,,,,,,,,,,,,,,,,,,,,,,,,,,,,,,,,,,,,,,,,,,,,,,,,,,,,,,,,,,50.6276894,30.4392088,
18:20:29.421,,,,,,,,,,,,,,,,,,,,,,,,,,,,,,,,,,0,0,,,0,0,,0.0171255782272627,0.41148508213888896,12.731902999999999,12.731902999999999,6764.695782000001,0,-0.01,,,,,12.569275833932853,,,,39,98,,32,,,,,147,0,,,,,,,0,,50.6276894,30.4392088,
18:20:29.481,,,,,,,,,,,,,,,,,,,,0,5.882352941176471,99,,,,,,,,,,5.882352941176471,,,,,,,,0,,,,,,,,,,,,,0,,,,,,,,,,,,0,,17.6470588235294,99,,,,,,50.6276894,30.4392088,
18:20:29.553,,,,,,,,,,,,,,,,,,,,,,,0,57.57656,57.57656,627.89670895,0,0.7197070000000001,0.7197070000000001,8.162865,0,,5.882352941176471,,,0,0,,,,,,,,,,,0,5.652784191019992,5.652784191019992,0.12066861930022561,,,50,,,,38330,,12000,0,0,,147,0,38330,17.6470588235294,,,,,,0,50.6276894,30.4392088,
18:20:29.661,,,,,,,,,,,,,,,32,,,,,,,,,,,,,,,,,,,,,,,,,,,,,,,,,,,,,,,,,,,,,,,,,,,,,,,,80,,,50.6276894,30.4392088,
18:20:29.709,,,,,,,,,,,,,,,,,,-68.796875,,,,,,,,,,,,,,,,,,,,,,,,,,,,,,,,,,,,,,,,,,,,,,,,,,,,,,,,50.6276894,30.4392088,
18:20:29.745,,,,,,,,,,,,,,,,-4448,-0.28125,,,,,,,,,,,,,,,,,,,,,,,,,,,,,,,,,,,,,,,,,,,,,,,,,,,,,,,,,50.6276894,30.4392088,
18:20:29.854,,,,,,30,29,30,,,,,,,,,,,,,,,,,,,,,,,,,,,,,,,,,,,,,,,,,,,,,,,,,,,,,,,,,,,,,,146,,,,50.6276894,30.4392088,
18:20:29.914,,,,,,,,,354.36,52.5,,3.69,,,,,,,,,,,,,,,,,,,,,,,,,,,,,,,,,,,,,,,,,,,,,,,,,,,7.346,,,,,,,,,,,50.6276894,30.4392088,
18:20:29.986,31.800000000000182,,-1600,,,,,,,,,,3.683,,,,,,,,,,,,,,,,,,,,,,,,,,,,,,,,,,,,,,,,,,,,,,,,,,7.373,,,,,,,,,,,50.6276723,30.4390818,
18:20:30.021,,33.75,,,,,,,,,,,,,,,,,,,,,,,,,,,,,,,,,,,,,,,,,,,,,,,,,,,,,,,,,,,,,,,,,,,,,,,,50.6276723,30.4390818,
18:20:30.137,,,,,,,,,,,,,,,,,,,,,,,,,,,,,,,,,,0.04,0,,,0,0,,,0.4172606883055556,12.737679,12.737679,6764.701558000001,0,-0.01,,,,,12.668628242581736,,,,39,98,,29,,,,,147,0.04,,,,,,,0.048,,50.6276723,30.4390818,
18:20:30.202,,,,,,,,,,,,,,,,,,,,0,5.882352941176471,99,,,,,,,,,,5.882352941176471,,,,,,,,0,,,,,,,,,,,,,0,,,,,,,,,,,,0.04,,17.6470588235294,99,,,,,,50.6276723,30.4390818,
18:20:30.273,,,,,,,,,,,,,,,,,,,,,,,0,57.57656,57.57656,627.89670895,0,0.7197070000000001,0.7197070000000001,8.162865,0,,5.882352941176471,,,0,0,,,,,,,,,,,0,5.650220891890902,5.650220891890902,0.12066851626804613,,,50,,,,38330,,12000,0,0,,147,0.04,38330,17.6470588235294,,,,,,0,50.6276723,30.4390818,
18:20:30.393,,,,,,,,,,,,,,,32,,,,,,,,,,,,,,,,,,,,,,,,,,,,,,,,,,,,,,,,,,,,,,,,,,,,,,,,80,,,50.6276723,30.4390818,
18:20:30.466,,,,,,,,,,,,,,,,,,-73.078125,,,,,,,,,,,,,,,,,,,,,,,,,,,,,,,,,,,,,,,,,,,,,,,,,,,,,,,,50.6276723,30.4390818,
18:20:30.562,,,,,,,,,,,,,,,,-4704,-0.296875,,,,,,,,,,,,,,,,,,,,,,,,,,,,,,,,,,,,,,,,,,,,,,,,,,,,,,,,,50.6276723,30.4390818,
18:20:30.765,,,,,,,,,355.48,53,,3.696,,,,,,,,,,,,,,,,,,,,,,,,,,,,,,,,,,,,,,,,,,,,,,,,,,,7.379,,,,,,,,,,,50.6276723,30.4390818,
18:20:30.837,28.800000000000182,,28.40000000000009,,,,,,,,,,3.688,,,,,,,,,,,,,,,,,,,,,,,,,,,,,,,,,,,,,,,,,,,,,,,,,,7.384,,,,,,,,,,,50.6276723,30.4390818,
18:20:30.885,,25.200000000000045,,,,,,,,,,,,,,,,,,,,,,,,,,,,,,,,,,,,,,,,,,,,,,,,,,,,,,,,,,,,,,,,,,,,,,,,50.6276723,30.4390818,
18:20:30.994,,,,,,,,,,,,,,,,,,,,,,,,,,,,,,,,,,,,,,,,,,,,,,,,,,,,,,,58,,,,,,,,,147,,,,,,,,,,50.627661,30.4389728,
18:20:31.066,,,,,,,,,,,,,,,,,,,,,,,,,,,,,,,,,,0,0,,,0,0,,-0.04155073649397806,0.42396526352777786,12.744384,12.744384,6764.708263000001,0,-0.01,,,,,12.77219202969082,,,,39,98,,26,,,,,147,0,,,,,,,0,,50.627661,30.4389728,
18:20:31.145,,,,,,,,,,,,,,,,,,,,0,5.882352941176471,99,,,,,,,,,,5.882352941176471,,,,,,,,12.941176470588236,,,,,,,,,,,,,0,,,,,,,,,,,,0,,17.6470588235294,99,,,,,,50.627661,30.4389728,
18:20:31.204,,,,,,,,,,,,,,,,,,,,,,,0,57.57656,57.57656,627.89670895,0,0.7197070000000001,0.7197070000000001,8.162865,0,,5.882352941176471,,,0,0,,,,,,,,,,,0,5.6472482310639736,5.6472482310639736,0.12066839666460276,,,50,,,,38320,,12000,0,0,,147,0,38320,17.6470588235294,,,,,,0,50.627661,30.4389728,
18:20:31.337,,,,,,,,,,,,,,,32,,,,,,,,,,,,,,,,,,,,,,,,,,,,,,,,,,,,,,,,,,,,,,,,,,,,,,,,80,,,50.627661,30.4389728,
18:20:31.373,,,,,,,,,,,,,,,,,,26.03125,,,,,,,,,,,,,,,,,,,,,,,,,,,,,,,,,,,,,,,,,,,,,,,,,,,,,,,,50.627661,30.4389728,
18:20:31.425,,,,,,,,,,,,,,,,1760,0.09375,,,,,,,,,,,,,,,,,,,,,,,,,,,,,,,,,,,,,,,,,,,,,,,,,,,,,,,,,50.627661,30.4389728,
18:20:31.522,,,,,,,,,348.24,53,,3.643,,,,,,,,,,,,,,,,,,,,,,,,,,,,,,,,,,,,,,,,,,,,,,,,,,,7.331,,,,,,,,,,,50.627661,30.4389728,
18:20:31.582,-22.25,,-23.84999999999991,,,,,,,,,,3.631,,,,,,,,,,,,,,,,,,,,,,,,,,,,,,,,,,,,,,,,,,,,,,,,,,7.274,,,,,,,,,,,50.627661,30.4389728,
18:20:31.629,,-27.799999999999955,,,,,,,,,,,,,,,,,,,,,,,,,,,,,,,,,,,,,,,,,,,,,,,,,,,,,,,,,,,,,,,,,,,,,,,,50.627661,30.4389728,
18:20:31.749,,,,,,,,,,,,,,,,,,,,,,,,,,,,,,,,,,0.1,0,,,0,0,,-0.055632180913757566,0.4288989086944445,12.749317999999999,12.749317999999999,6764.713197000001,0,-0.01,,,,,12.847378905041415,,,,39,98,,26,,,,,147,0.1,,,,,,,0.12,,50.627661,30.4389728,
18:20:31.810,,,,,,,,,,,,,,,,,,,,0,5.882352941176471,99,,,,,,,,,,5.882352941176471,,,,,,,,17.254901960784313,,,,,,,,,,,,,0,,,,,,,,,,,,0.1,,17.6470588235294,99,,,,,,50.627661,30.4389728,
18:20:31.894,,,,,,,,,,,,,,,,,,,,,,,0,57.57656,57.57656,627.89670895,0,0.7197070000000001,0.7197070000000001,8.162865,0,,5.882352941176471,,,0,0,,,,,,,,,,,0,5.645062739826555,5.645062739826555,0.12066830865231727,,,50,,,,38310,,12000,0,0,,147,0.1,38310,17.6470588235294,,,,,,0,50.627661,30.4389728,
18:20:31.966,,,,,,,,,,,,,,,,,,,49,,,,,,,,,,,,,,,,,,,,,,,,,,,,,,,,,,,,,,,,,,,,,,,,,,,,81,,,50.6276486,30.4388682,
18:20:32.061,,,,,,,,,,,,,,,32,,,,,,,,,,,,,,,,,,,,,,,,,,,,,,,,,,,,,,,,,,,,,,,,,,,,,,,,81,,,50.6276486,30.4388682,
18:20:32.097,,,,,,,,,,,,,,,,,,65.921875,,,,,,,,,,,,,,,,,,,,,,,,,,,,,,,,,,,,,,,,,,,,,,,,,,,,,,,,50.6276486,30.4388682,
18:20:32.157,,,,,,,,,,,,,,,,4224,0.25,,,,,,,,,,,,,,,,,,,,,,,,,,,,,,,,,,,,,,,,,,,,,,,,,,,,,,,,,50.6276486,30.4388682,
18:20:32.389,,,,,,,,,346.95,52.5,,3.61,,,,,,,,,,,,,,,,,,,,,,,,,,,,,,,,,,,,,,,,,,,,,,,,,,,7.241,,,,,,,,,,,50.6276486,30.4388682,
18:20:32.474,-42.549999999999955,,-1600,,,,,,,,,,3.599,,,,,,,,,,,,,,,,,,,,,,,,,,,,,,,,,,,,,,,,,,,,,,,,,,7.209,,,,,,,,,,,50.6276486,30.4388682,
18:20:32.510,,-43.59999999999991,,,,,,,,,,,,,,,,,,,,,,,,,,,,,,,,,,,,,,,,,,,,,,,,,,,,,,,,,,,,,,,,,,,,,,,,50.6276486,30.4388682,
18:20:32.630,,,,,,,,,,,,,,,,,,,,,,,,,,,,,,,,,,0.04,0,,,0,0,,,0.4355031949444445,12.755922,12.755922,6764.719801000001,0,-0.01,,,,,12.950319850688055,,,,39,98,,27,,,,,147,0.04,,,,,,,0.048,,50.6276486,30.4388682,
18:20:32.702,,,,,,,,,,,,,,,,,,,,0,5.882352941176471,99,,,,,,,,,,5.882352941176471,,,,,,,,18.03921568627451,,,,,,,,,,,,,0,,,,,,,,,,,,0.04,,17.6470588235294,99,,,,,,50.6276486,30.4388682,
18:20:32.760,,,,,,,,,,,,,,,,,,,,,,,0,57.57656,57.57656,627.89670895,0,0.7197070000000001,0.7197070000000001,8.162865,0,,5.882352941176471,,,0,0,,,,,,,,,,,0,5.642140176147205,5.642140176147205,0.1206681908509103,,,50,,,,38310,,12000,0,0,,147,0.04,38310,17.6470588235294,,,,,,0,50.6276486,30.4388682,
18:20:32.881,,,,,,,,,,,,,,,32,,,,,,,,,,,,,,,,,,,,,,,,,,,,,,,,,,,,,,,,,,,,,,,,,,,,,,,,81,,,50.6276486,30.4388682,
18:20:32.917,,,,,,,,,,,,,,,,,,61.078125,,,,,,,,,,,,,,,,,,,,,,,,,,,,,,,,,,,,,,,,,,,,,,,,,,,,,,,,50.6276486,30.4388682,
18:20:32.953,,,,,,,,,,,,,,,,3872,0.234375,,,,,,,,,,,,,,,,,,,,,,,,,,,,,,,,,,,,,,,,,,,,,,,,,,,,,,,,,50.6276433,30.4387582,
18:20:33.074,,,,,,,,,346.31,52.5,,3.607,,,,,,,,,,,,,,,,,,,,,,,,,,,,,,,,,,,,,,,,,,,,,,,,,,,7.206,,,,,,,,,,,50.6276433,30.4387582,
18:20:33.121,-42.549999999999955,,-1600,,,,,,,,,,3.593,,,,,,,,,,,,,,,,,,,,,,,,,,,,,,,,,,,,,,,,,,,,,,,,,,7.2,,,,,,,,,,,50.6276433,30.4387582,
18:20:33.170,,-42.94999999999982,,,,,,,,,,,,,,,,,,,,,,,,,,,,,,,,,,,,,,,,,,,,,,,,,,,,,,,,,,,,,,,,,,,,,,,,50.6276433,30.4387582,
18:20:33.289,,,,,,,,,,,,,,,,,,,,,,,,,,,,,,,,,,0.08,0,,,0,0,,,0.44062546438888894,12.761044,12.761044,6764.724923000001,0,-0.01,,,,,13.03174614634482,,,,39,98,,28,,,,,147,0.08,,,,,,,0.096,,50.6276433,30.4387582,
18:20:33.369,,,,,,,,,,,,,,,,,,,,0,5.882352941176471,99,,,,,,,,,,5.882352941176471,,,,,,,,18.03921568627451,,,,,,,,,,,,,0,,,,,,,,,,,,0.08,,17.6470588235294,99,,,,,,50.6276433,30.4387582,
18:20:33.453,,,,,,,,,,,,,,,,,,,,,,,0,57.57656,57.57656,627.89670895,0,0.7197070000000001,0.7197070000000001,8.162865,0,,5.882352941176471,,,0,0,,,,,,,,,,,0,5.639875546232738,5.639875546232738,0.12066809948541052,,,50,,,,38300,,12000,0,0,,147,0.08,38300,17.6470588235294,,,,,,0,50.6276433,30.4387582,
18:20:33.573,,,,,,,,,,,,,,,32,,,,,,,,,,,,,,,,,,,,,,,,,,,,,,,,,,,,,,,,,,,,,,,,,,,,,,,,81,,,50.6276433,30.4387582,
18:20:33.610,,,,,,,,,,,,,,,,,,57.34375,,,,,,,,,,,,,,,,,,,,,,,,,,,,,,,,,,,,,,,,,,,,,,,,,,,,,,,,50.6276433,30.4387582,
18:20:33.646,,,,,,,,,,,,,,,,3360,0.203125,,,,,,,,,,,,,,,,,,,,,,,,,,,,,,,,,,,,,,,,,,,,,,,,,,,,,,,,,50.6276433,30.4387582,
18:20:33.777,,,,,,,,,346.63,52.5,,3.606,,,,,,,,,,,,,,,,,,,,,,,,,,,,,,,,,,,,,,,,,,,,,,,,,,,7.199,,,,,,,,,,,50.6276433,30.4387582,
18:20:33.838,-36.549999999999955,,-1600,,,,,,,,,,3.595,,,,,,,,,,,,,,,,,,,,,,,,,,,,,,,,,,,,,,,,,,,,,,,,,,7.201,,,,,,,,,,,50.6276433,30.4387582,
18:20:33.885,,-33.34999999999991,,,,,,,,,,,,,,,,,,,,,,,,,,,,,,,,,,,,,,,,,,,,,,,,,,,,,,,,,,,,,,,,,,,,,,,,50.6276433,30.4387582,
18:20:34.030,,,,,,,,,,,,,,,,,,,,,,,,,,,,,,,,,,0.14,0,,,0,0,,0.0382256925882647,0.4468032227222223,12.767222,12.767222,6764.731101000001,0,-0.01,,,,,13.134463269331095,,,,39,98,,30,,,,,147,0.14,,,,,,,0.168,,50.6276354,30.4386394,
18:20:34.134,,,,,,,,,,,,,,,,,,,,0,5.882352941176471,99,,,,,,,,,,5.882352941176471,,,,,,,,15.294117647058824,,,,,,,,,,,,,0,,,,,,,,,,,,0.14,,17.6470588235294,99,,,,,,50.6276354,30.4386394,
18:20:34.281,,,,,,,,,,,,,,,,,,,,,,,0,57.57656,57.57656,627.89670895,0,0.7197070000000001,0.7197070000000001,8.162865,0,,5.882352941176471,,,0,0,,,,,,,,,,,0,5.637146436397832,5.637146436397832,0.12066798928331858,,,50,,,,38300,,12000,0,0,,147,0.14,38300,17.6470588235294,,,,,,0,50.6276354,30.4386394,
18:20:34.402,,,,,,,,,,,,,,,32,,,,,,,,,,,,,,,,,,,,,,,,,,,,,,,,,,,,,,,,,,,,,,,,,,,,,,,,81,,,50.6276354,30.4386394,
18:20:34.437,,,,,,,,,,,,,,,,,,25.65625,,,,,,,,,,,,,,,,,,,,,,,,,,,,,,,,,,,,,,,,,,,,,,,,,,,,,,,,50.6276354,30.4386394,
18:20:34.461,,,,,,,,,,,,,,,,1984,0.109375,,,,,,,,,,,,,,,,,,,,,,,,,,,,,,,,,,,,,,,,,,,,,,,,,,,,,,,,,50.6276354,30.4386394,
18:20:34.558,,,,,29,,,,,,86.6758781031239,,,86.6758781031239,,,,,,,,,,,,,,,,,,,,,,,,,,,,,,,,,,,,,,,,,,,,,,,,,,,,,,,127.5,146,,,,50.6276354,30.4386394,
18:20:34.628,,,,,,,,,346.79,52,,3.623,,,,,,,,,,,,,,,,,,,,,,,,,,,,,,,,,,,,,,,,,,,,,,,,,,,7.218,,,,,,,,,,,50.6276354,30.4386394,
18:20:34.676,-18.75,,-18.09999999999991,,,,,,,,,,3.615,,,,,,,,,,,,,,,,,,,,,,,,,,,,,,,,,,,,,,,,,,,,,,,,,,7.238,,,,,,,,,,,50.6276354,30.4386394,
18:20:34.725,,-16.049999999999955,,,,,,,,,,,,,,,,,,,,,,,,,,,,,,,,,,,,,,,,,,,,,,,,,,,,,,,,,,,,,,,,,,,,,,,,50.6276354,30.4386394,
18:20:34.832,,,,,,,,,,,,,,,,,,,,,,,,,,,,,,,,,,,,,,,,,,,,,,,,,,,,,,,58,,,,,,,,,147,,,,,,,,,,50.6276354,30.4386394,
18:20:34.894,,,,,,,,,,,,,,,,,,,,,,,,,,,,,,,,,,0,0,,,0,0,,0.045033957306449046,0.4542442164444445,12.774663,12.774663,6764.738542000001,0,-0.01,,,,,13.259641173956911,,,,39,98,,31,,,,,147,0,,,,,,,0,,50.6276354,30.4386394,
18:20:34.986,,,,,,,,,,,,,,,,,,,,0,5.882352941176471,99,,,,,,,,,,5.882352941176471,,,,,,,,1.5686274509803921,,,,,,,,,,,,,0,,,,,,,,,,,,0,,17.6470588235294,99,,,,,,50.6276311,30.4385159,
18:20:35.068,,,,,,,,,,,,,,,,,,,,,,,0,57.57656,57.57656,627.89670895,0,0.7197070000000001,0.7197070000000001,8.162865,0,,5.882352941176471,,,0,0,,,,,,,,,,,0,5.63386290503319,5.63386290503319,0.12066785655231906,,,50,,,,38290,,12000,0,0,,147,0,38290,17.6470588235294,,,,,,0,50.6276311,30.4385159,
18:20:35.213,,,,,,,,,,,,,,,32,,,,,,,,,,,,,,,,,,,,,,,,,,,,,,,,,,,,,,,,,,,,,,,,,,,,,,,,81,,,50.6276311,30.4385159,
18:20:35.249,,,,,,,,,,,,,,,,,,-58.234375,,,,,,,,,,,,,,,,,,,,,,,,,,,,,,,,,,,,,,,,,,,,,,,,,,,,,,,,50.6276311,30.4385159,
18:20:35.285,,,,,,,,,,,,,,,,-3776,-0.234375,,,,,,,,,,,,,,,,,,,,,,,,,,,,,,,,,,,,,,,,,,,,,,,,,,,,,,,,,50.6276311,30.4385159,
18:20:35.393,,,,,,,,,353.71,52,,3.681,,,,,,,,,,,,,,,,,,,,,,,,,,,,,,,,,,,,,,,,,,,,,,,,,,,7.296,,,,,,,,,,,50.6276311,30.4385159,
18:20:35.466,27.800000000000182,,28.800000000000182,,,,,,,,,,3.67,,,,,,,,,,,,,,,,,,,,,,,,,,,,,,,,,,,,,,,,,,,,,,,,,,7.351,,,,,,,,,,,50.6276311,30.4385159,
18:20:35.501,,29.450000000000045,,,,,,,,,,,,,,,,,,,,,,,,,,,,,,,,,,,,,,,,,,,,,,,,,,,,,,,,,,,,,,,,,,,,,,,,50.6276311,30.4385159,
18:20:35.649,,,,,,,,,,,,,,,,,,,,,,,,,,,,,,,,,,0,0,,,0,0,,,0.4605357306111112,12.780954999999999,12.780954999999999,6764.744834000001,0,-0.01,,,,,13.36149808705521,,,,39,98,,30,,,,,147,0,,,,,,,0,,50.6276311,30.4385159,
18:20:35.736,,,,,,,,,,,,,,,,,,,,0,5.882352941176471,99,,,,,,,,,,5.882352941176471,,,,,,,,0,,,,,,,,,,,,,0,,,,,,,,,,,,0,,17.6470588235294,99,,,,,,50.6276311,30.4385159,
18:20:35.858,,,,,,,,,,,,,,,,,,,,,,,0,57.57656,57.57656,627.89670895,0,0.7197070000000001,0.7197070000000001,8.162865,0,,5.882352941176471,,,0,0,,,,,,,,,,,0,5.63108938260091,5.63108938260091,0.12066774431716872,,,50,,,,38280,,12000,0,0,,147,0,38280,17.6470588235294,,,,,,0,50.6276311,30.4385159,
18:20:36.110,,,,,,,,,,,,,,,32,,,,,,,,,,,,,,,,,,,,,,,,,,,,,,,,,,,,,,,,,,,,,,,,,,,,,,,,81,,,50.6276232,30.4383935,
18:20:36.145,,,,,,,,,,,,,,,,,,-74.828125,,,,,,,,,,,,,,,,,,,,,,,,,,,,,,,,,,,,,,,,,,,,,,,,,,,,,,,,50.6276232,30.4383935,
18:20:36.182,,,,,,,,,,,,,,,,-4640,-0.296875,,,,,,,,,,,,,,,,,,,,,,,,,,,,,,,,,,,,,,,,,,,,,,,,,,,,,,,,,50.6276232,30.4383935,
18:20:36.289,,,,28,,,,,,,,,,,,,,,,,,,,,,,,,,,,,,,,,,,,,,,,,,,,,,,,,,,,,,,,,,,,,,,,,,146,,,,50.6276232,30.4383935,
18:20:36.433,,,,,,,,,353.87,52.5,,3.694,,,,,,,,,,,,,,,,,,,,,,,,,,,,,,,,,,,,,,,,,,,,,,,,,,,7.364,,,,,,,,,,,50.6276232,30.4383935,
18:20:36.481,32.25,,-1600,,,,,,,,,,3.684,,,,,,,,,,,,,,,,,,,,,,,,,,,,,,,,,,,,,,,,,,,,,,,,,,7.378,,,,,,,,,,,50.6276232,30.4383935,
18:20:36.529,,33.5,,,,,,,,,,,,,,,,,,,,,,,,,,,,,,,,,,,,,,,,,,,,,,,,,,,,,,,,,,,,,,,,,,,,,,,,50.6276232,30.4383935,
18:20:36.673,,,,,,,,,,,,,,,,,,,,,,,,,,,,,,,,,,0.03,0,,,0,0,,,0.467932339888889,12.788352,12.788352,6764.752231000001,0,-0.01,,,,,13.464959143119057,,,,39,98,,26,,,,,147,0.03,,,,,,,0.036,,50.6276232,30.4383935,
18:20:36.736,,,,,,,,,,,,,,,,,,,,0,5.882352941176471,99,,,,,,,,,,5.882352941176471,,,,,,,,0,,,,,,,,,,,,,0,,,,,,,,,,,,0.03,,17.6470588235294,99,,,,,,50.6276232,30.4383935,
18:20:36.809,,,,,,,,,,,,,,,,,,,,,,,0,57.57656,57.57656,627.89670895,0,0.7197070000000001,0.7197070000000001,8.162865,0,,5.882352941176471,,,0,0,,,,,,,,,,,0,5.627832264861024,5.627832264861024,0.12066761237156683,,,50,,,,38270,,12000,0,0,,147,0.03,38270,17.6470588235294,,,,,,0,50.6276232,30.4383935,
18:20:36.947,,,,,,,,,,,,,,,32,,,,,,,,,,,,,,,,,,,,,,,,,,,,,,,,,,,,,,,,,,,,,,,,,,,,,,,,81,,,50.6276194,30.4382868,
18:20:36.981,,,,,,,,,,,,,,,,,,-89.375,,,,,,,,,,,,,,,,,,,,,,,,,,,,,,,,,,,,,,,,,,,,,,,,,,,,,,,,50.6276194,30.4382868,
18:20:37.017,,,,,,,,,,,,,,,,-5664,-0.359375,,,,,,,,,,,,,,,,,,,,,,,,,,,,,,,,,,,,,,,,,,,,,,,,,,,,,,,,,50.6276194,30.4382868,
18:20:37.149,,,,,,,,,355,52.5,,3.7,,,,,,,,,,,,,,,,,,,,,,,,,,,,,,,,,,,,,,,,,,,,,,,,,,,7.384,,,,,,,,,,,50.6276194,30.4382868,
18:20:37.220,30.950000000000045,,-1600,,,,,,,,,,3.69,,,,,,,,,,,,,,,,,,,,,,,,,,,,,,,,,,,,,,,,,,,,,,,,,,7.39,,,,,,,,,,,50.6276194,30.4382868,
18:20:37.269,,29.700000000000045,,,,,,,,,,,,,,,,,,,,,,,,,,,,,,,,,,,,,,,,,,,,,,,,,,,,,,,,,,,,,,,,,,,,,,,,50.6276194,30.4382868,
18:20:37.390,,,,,,,,,,,,,,,,,,,,,,,,,,,,,,,,,,0.05,0,,,0,0,,-0.05901016242067193,0.4725134505000001,12.792933,12.792933,6764.7568120000005,0,-0.01,,,,,13.519297367833559,,,,39,98,,23,,,,,147,0.05,,,,,,,0.06,,50.6276194,30.4382868,
18:20:37.463,,,,,,,,,,,,,,,,,,,,0,5.882352941176471,99,,,,,,,,,,5.882352941176471,,,,,,,,0,,,,,,,,,,,,,0,,,,,,,,,,,,0.05,,17.6470588235294,99,,,,,,50.6276194,30.4382868,
18:20:37.525,,,,,,,,,,,,,,,,,,,,,,,0,57.57656,57.57656,627.89670895,0,0.7197070000000001,0.7197070000000001,8.162865,0,,5.882352941176471,,,0,0,,,,,,,,,,,0,5.625817003809838,5.625817003809838,0.12066753065712423,,,50,,,,38270,,12000,0,0,,147,0.05,38270,17.6470588235294,,,,,,0,50.6276194,30.4382868,
18:20:37.681,,,,,,,,,,,,,,,32,,,,,,,,,,,,,,,,,,,,,,,,,,,,,,,,,,,,,,,,,,,,,,,,,,,,,,,,81,,,50.6276194,30.4382868,
18:20:37.800,,,,,,,,,,,,,,,,,,-95.8125,,,,,,,,,,,,,,,,,,,,,,,,,,,,,,,,,,,,,,,,,,,,,,,,,,,,,,,,50.6276194,30.4382868,
18:20:37.873,,,,,,,,,,,,,,,,-6080,-0.375,,,,,,,,,,,,,,,,,,,,,,,,,,,,,,,,,,,,,,,,,,,,,,,,,,,,,,,,,50.6276194,30.4382868,
18:20:38.017,,,,,,30,29,30,,,,,,,,,,,,,,,,,,,,,,,,,,,,,,,,,,,,,,,,,,,,,,,,,,,,,,,,,,,,,,146,,,,50.627614,30.4381978,
18:20:38.066,,,,,,,,,354.52,52.5,,3.698,,,,,,,,,,,,,,,,,,,,,,,,,,,,,,,,,,,,,,,,,,,,,,,,,,,7.388,,,,,,,,,,,50.627614,30.4381978,
18:20:38.126,25.300000000000182,,24.850000000000136,,,,,,,,,,3.689,,,,,,,,,,,,,,,,,,,,,,,,,,,,,,,,,,,,,,,,,,,,,,,,,,7.387,,,,,,,,,,,50.627614,30.4381978,
18:20:38.161,,25,,,,,,,,,,,,,,,,,,,,,,,,,,,,,,,,,,,,,,,,,,,,,,,,,,,,,,,,,,,,,,,,,,,,,,,,50.627614,30.4381978,
18:20:38.293,,,,,,,,,,,,,,,,,,,,,,,,,,,,,,,,,,0,0,,,0,0,,-0.09998775818831301,0.4772828289166668,12.797702,12.797702,6764.761581000001,0,-0.01,,,,,13.558379332731167,,,,39,98,,19,,,,,147,0,,,,,,,0,,50.627614,30.4381978,
18:20:38.362,,,,,,,,,,,,,,,,,,,,0,5.882352941176471,99,,,,,,,,,,5.882352941176471,,,,,,,,0,,,,,,,,,,,,,0,,,,,,,,,,,,0,,17.6470588235294,99,,,,,,50.627614,30.4381978,
18:20:38.433,,,,,,,,,,,,,,,,,,,,,,,0,57.57656,57.57656,627.89670895,0,0.7197070000000001,0.7197070000000001,8.162865,0,,5.882352941176471,,,0,0,,,,,,,,,,,0,5.623720571083778,5.623720571083778,0.12066744558931411,,,50,,,,38260,,12000,0,0,,147,0,38260,17.6470588235294,,,,,,0,50.627614,30.4381978,
18:20:38.505,,,,,,,,,,,,,,,,,,,49,,,,,,,,,,,,,,,,,,,,,,,,,,,,,,,,,,,,,,,,,,,,,,,,,,,,81,,,50.627614,30.4381978,
18:20:38.601,,,,,,,,,,,,,,,32,,,,,,,,,,,,,,,,,,,,,,,,,,,,,,,,,,,,,,,,,,,,,,,,,,,,,,,,81,,,50.627614,30.4381978,
18:20:38.638,,,,,,,,,,,,,,,,,,-62.828125,,,,,,,,,,,,,,,,,,,,,,,,,,,,,,,,,,,,,,,,,,,,,,,,,,,,,,,,50.627614,30.4381978,
18:20:38.703,,,,,,,,,,,,,,,,-4000,-0.25,,,,,,,,,,,,,,,,,,,,,,,,,,,,,,,,,,,,,,,,,,,,,,,,,,,,,,,,,50.627614,30.4381978,
18:20:38.869,,,,,,,,,352.75,52.5,,3.689,,,,,,,,,,,,,,,,,,,,,,,,,,,,,,,,,,,,,,,,,,,,,,,,,,,7.378,,,,,,,,,,,50.627614,30.4381978,
18:20:38.941,11.450000000000045,,11.100000000000136,,,,,,,,,,3.677,,,,,,,,,,,,,,,,,,,,,,,,,,,,,,,,,,,,,,,,,,,,,,,,,,7.366,,,,,,,,,,,50.6276007,30.4381281,
18:20:38.977,,10.850000000000136,,,,,,,,,,,,,,,,,,,,,,,,,,,,,,,,,,,,,,,,,,,,,,,,,,,,,,,,,,,,,,,,,,,,,,,,50.6276007,30.4381281,
18:20:39.085,,,,,,,,,,,,,,,,,,,,,,,,,,,,,,,,,,,,,,,,,,,,,,,,,,,,,,,58,,,,,,,,,147,,,,,,,,,,50.6276007,30.4381281,
18:20:39.158,,,,,,,,,,,,,,,,,,,,,,,,,,,,,,,,,,0.03,0,,,0,0,,-0.11300801289646492,0.481123387138889,12.801542999999999,12.801542999999999,6764.765422000001,0,-0.01,,,,,13.574915437978305,,,,39,98,,16,,,,,147,0.03,,,,,,,0.036,,50.6276007,30.4381281,
18:20:39.226,,,,,,,,,,,,,,,,,,,,0,5.882352941176471,99,,,,,,,,,,5.882352941176471,,,,,,,,0.7843137254901961,,,,,,,,,,,,,0,,,,,,,,,,,,0.03,,17.6470588235294,99,,,,,,50.6276007,30.4381281,
18:20:39.286,,,,,,,,,,,,,,,,,,,,,,,0,57.57656,57.57656,627.89670895,0,0.7197070000000001,0.7197070000000001,8.162865,0,,5.882352941176471,,,0,0,,,,,,,,,,,0,5.622033218964309,5.622033218964309,0.12066737707494152,,,50,,,,38250,,12000,0,0,,147,0.03,38250,17.6470588235294,,,,,,0,50.6276007,30.4381281,
18:20:39.405,,,,,,,,,,,,,,,32,,,,,,,,,,,,,,,,,,,,,,,,,,,,,,,,,,,,,,,,,,,,,,,,,,,,,,,,81,,,50.6276007,30.4381281,
18:20:39.442,,,,,,,,,,,,,,,,,,-42.0625,,,,,,,,,,,,,,,,,,,,,,,,,,,,,,,,,,,,,,,,,,,,,,,,,,,,,,,,50.6276007,30.4381281,
18:20:39.478,,,,,,,,,,,,,,,,-2656,-0.171875,,,,,,,,,,,,,,,,,,,,,,,,,,,,,,,,,,,,,,,,,,,,,,,,,,,,,,,,,50.6276007,30.4381281,
18:20:39.717,,,,,,,,,353.55,52.5,,3.674,,,,,,,,,,,,,,,,,,,,,,,,,,,,,,,,,,,,,,,,,,,,,,,,,,,7.351,,,,,,,,,,,50.6276007,30.4381281,
18:20:39.789,-0.34999999999990905,,-0.849999999999909,,,,,,,,,,3.665,,,,,,,,,,,,,,,,,,,,,,,,,,,,,,,,,,,,,,,,,,,,,,,,,,7.339,,,,,,,,,,,50.6276007,30.4381281,
18:20:39.826,,-1.099999999999909,,,,,,,,,,,,,,,,,,,,,,,,,,,,,,,,,,,,,,,,,,,,,,,,,,,,,,,,,,,,,,,,,,,,,,,,50.6276007,30.4381281,
18:20:39.957,,,,,,,,,,,,,,,,,,,,,,,,,,,,,,,,,,0,0,,,0,0,,-0.1034849720763916,0.4842318930833335,12.804651999999999,12.804651999999999,6764.768531000001,0,-0.01,,,,,13.577561910572618,,,,39,98,,14,,,,,147,0,,,,,,,0,,50.6275815,30.438087,
18:20:40.025,,,,,,,,,,,,,,,,,,,,0,5.882352941176471,99,,,,,,,,,,5.882352941176471,,,,,,,,5.490196078431373,,,,,,,,,,,,,0,,,,,,,,,,,,0,,17.6470588235294,99,,,,,,50.6275815,30.438087,
18:20:40.085,,,,,,,,,,,,,,,,,,,,,,,0,57.57656,57.57656,627.89670895,0,0.7197070000000001,0.7197070000000001,8.162865,0,,5.882352941176471,,,0,0,,,,,,,,,,,0,5.6206681759098185,5.6206681759098185,0.1206673216177779,,,50,,,,38240,,12000,0,0,,147,0,38240,17.6470588235294,,,,,,0,50.6275815,30.438087,
18:20:40.205,,,,,,,,,,,,,,,32,,,,,,,,,,,,,,,,,,,,,,,,,,,,,,,,,,,,,,,,,,,,,,,,,,,,,,,,81,,,50.6275815,30.438087,
18:20:40.242,,,,,,,,,,,,,,,,,,2.75,,,,,,,,,,,,,,,,,,,,,,,,,,,,,,,,,,,,,,,,,,,,,,,,,,,,,,,,50.6275815,30.438087,
18:20:40.278,,,,,,,,,,,,,,,,160,0,,,,,,,,,,,,,,,,,,,,,,,,,,,,,,,,,,,,,,,,,,,,,,,,,,,,,,,,,50.6275815,30.438087,
18:20:40.385,,,,,,,,,352.42,52.5,,3.667,,,,,,,,,,,,,,,,,,,,,,,,,,,,,,,,,,,,,,,,,,,,,,,,,,,7.332,,,,,,,,,,,50.6275815,30.438087,
18:20:40.445,-8.049999999999955,,-8.449999999999818,,,,,,,,,,3.661,,,,,,,,,,,,,,,,,,,,,,,,,,,,,,,,,,,,,,,,,,,,,,,,,,7.328,,,,,,,,,,,50.6275815,30.438087,
18:20:40.482,,-9.199999999999818,,,,,,,,,,,,,,,,,,,,,,,,,,,,,,,,,,,,,,,,,,,,,,,,,,,,,,,,,,,,,,,,,,,,,,,,50.6275815,30.438087,
18:20:40.598,,,,,,,,,,,,,,,,,,,,,,,,,,,,,,,,,,0,0,,,0,0,,-0.08830535340627227,0.48654497586111123,12.806965,12.806965,6764.770844000001,0,-0.01,,,,,13.574694740551823,,,,39,98,,13,,,,,147,0,,,,,,,0,,50.6275815,30.438087,
18:20:40.677,,,,,,,,,,,,,,,,,,,,0,5.882352941176471,99,,,,,,,,,,5.882352941176471,,,,,,,,8.235294117647058,,,,,,,,,,,,,0,,,,,,,,,,,,0,,17.6470588235294,99,,,,,,50.6275815,30.438087,
18:20:40.749,,,,,,,,,,,,,,,,,,,,,,,0,57.57656,57.57656,627.89670895,0,0.7197070000000001,0.7197070000000001,8.162865,0,,5.882352941176471,,,0,0,,,,,,,,,,,0,5.61965305597384,5.61965305597384,0.12066728035939364,,,50,,,,38240,,12000,0,0,,147,0,38240,17.6470588235294,,,,,,0,50.6275815,30.438087,
18:20:40.858,,,,,,,,,,,,,,,32,,,,,,,,,,,,,,,,,,,,,,,,,,,,,,,,,,,,,,,,,,,,,,,,,,,,,,,,81,,,50.6275815,30.438087,
18:20:40.906,,,,,,,,,,,,,,,,,,25.265625,,,,,,,,,,,,,,,,,,,,,,,,,,,,,,,,,,,,,,,,,,,,,,,,,,,,,,,,50.6275815,30.438087,
18:20:40.952,,,,,,,,,,,,,,,,1600,0.09375,,,,,,,,,,,,,,,,,,,,,,,,,,,,,,,,,,,,,,,,,,,,,,,,,,,,,,,,,50.6275616,30.4380459,
18:20:41.074,,,,,29,,,,,,86.6758781031239,,,86.6758781031239,,,,,,,,,,,,,,,,,,,,,,,,,,,,,,,,,,,,,,,,,,,,,,,,,,,,,,,127.5,146,,,,50.6275616,30.4380459,
18:20:41.133,,,,,,,,,349.85,52,,3.655,,,,,,,,,,,,,,,,,,,,,,,,,,,,,,,,,,,,,,,,,,,,,,,,,,,7.316,,,,,,,,,,,50.6275616,30.4380459,
18:20:41.181,-12.199999999999818,,-12.5,,,,,,,,,,3.648,,,,,,,,,,,,,,,,,,,,,,,,,,,,,,,,,,,,,,,,,,,,,,,,,,7.303,,,,,,,,,,,50.6275616,30.4380459,
18:20:41.230,,-11.799999999999955,,,,,,,,,,,,,,,,,,,,,,,,,,,,,,,,,,,,,,,,,,,,,,,,,,,,,,,,,,,,,,,,,,,,,,,,50.6275616,30.4380459,
18:20:41.350,,,,,,,,,,,,,,,,,,,,,,,,,,,,,,,,,,0.02,0,,,0,0,,,0.48947259480555566,12.809892999999999,12.809892999999999,6764.773772000001,0,-0.01,,,,,13.57716173332281,,,,39,98,,14,,,,,147,0.02,,,,,,,0.024,,50.6275616,30.4380459,
18:20:41.437,,,,,,,,,,,,,,,,,,,,0,5.882352941176471,99,,,,,,,,,,5.882352941176471,,,,,,,,7.8431372549019605,,,,,,,,,,,,,0,,,,,,,,,,,,0.02,,17.6470588235294,99,,,,,,50.6275616,30.4380459,
18:20:41.546,,,,,,,,,,,,,,,,,,,,,,,0,57.57656,57.57656,627.89670895,0,0.7197070000000001,0.7197070000000001,8.162865,0,,5.882352941176471,,,0,0,,,,,,,,,,,0,5.618368553117501,5.618368553117501,0.12066722813092173,,,50,,,,38230,,12000,0,0,,147,0.02,38230,17.6470588235294,,,,,,0,50.6275616,30.4380459,
18:20:41.762,,,,,,,,,,,,,,,32,,,,,,,,,,,,,,,,,,,,,,,,,,,,,,,,,,,,,,,,,,,,,,,,,,,,,,,,81,,,50.6275616,30.4380459,
18:20:41.797,,,,,,,,,,,,,,,,,,19.46875,,,,,,,,,,,,,,,,,,,,,,,,,,,,,,,,,,,,,,,,,,,,,,,,,,,,,,,,50.6275616,30.4380459,
18:20:41.845,,,,,,,,,,,,,,,,1120,0.0625,,,,,,,,,,,,,,,,,,,,,,,,,,,,,,,,,,,,,,,,,,,,,,,,,,,,,,,,,50.6275616,30.4380459,
18:20:41.941,,,,,,,,,349.85,52,,3.656,,,,,,,,,,,,,,,,,,,,,,,,,,,,,,,,,,,,,,,,,,,,,,,,,,,7.304,,,,,,,,,,,50.6275616,30.4380459,
18:20:42.012,-11,,-11,,,,,,,,,,3.648,,,,,,,,,,,,,,,,,,,,,,,,,,,,,,,,,,,,,,,,,,,,,,,,,,7.304,,,,,,,,,,,50.6275371,30.4380124,
18:20:42.050,,-10.049999999999955,,,,,,,,,,,,,,,,,,,,,,,,,,,,,,,,,,,,,,,,,,,,,,,,,,,,,,,,,,,,,,,,,,,,,,,,50.6275371,30.4380124,
18:20:42.157,,,,,,,,,,,,,,,,,,,,,,,,,,,,,,,,,,0.15,0,,,0,0,,,0.4926088569166668,12.813029,12.813029,6764.776908000001,0,-0.01,,,,,13.579772985971221,,,,39,98,,14,,,,,147,0.15,,,,,,,0.18,,50.6275371,30.4380124,
18:20:42.218,,,,,,,,,,,,,,,,,,,,0,5.882352941176471,99,,,,,,,,,,5.882352941176471,,,,,,,,7.8431372549019605,,,,,,,,,,,,,0,,,,,,,,,,,,0.15,,17.6470588235294,99,,,,,,50.6275371,30.4380124,
18:20:42.289,,,,,,,,,,,,,,,,,,,,,,,0,57.57656,57.57656,627.89670895,0,0.7197070000000001,0.7197070000000001,8.162865,0,,5.882352941176471,,,0,0,,,,,,,,,,,0,5.61699345252399,5.61699345252399,0.12066717219228067,,,50,,,,38220,,12000,0,0,,147,0.15,38220,17.6470588235294,,,,,,0,50.6275371,30.4380124,
18:20:42.398,,,,,,,,,,,,,,,32,,,,,,,,,,,,,,,,,,,,,,,,,,,,,,,,,,,,,,,,,,,,,,,,,,,,,,,,81,,,50.6275371,30.4380124,
18:20:42.446,,,,,,,,,,,,,,,,,,21.1875,,,,,,,,,,,,,,,,,,,,,,,,,,,,,,,,,,,,,,,,,,,,,,,,,,,,,,,,50.6275371,30.4380124,
18:20:42.505,,,,,,,,,,,,,,,,1408,0.078125,,,,,,,,,,,,,,,,,,,,,,,,,,,,,,,,,,,,,,,,,,,,,,,,,,,,,,,,,50.6275371,30.4380124,
18:20:42.625,,,,,,,,,349.37,52,,3.653,,,,,,,,,,,,,,,,,,,,,,,,,,,,,,,,,,,,,,,,,,,,,,,,,,,7.301,,,,,,,,,,,50.6275371,30.4380124,
18:20:42.674,-12,,-12.299999999999955,,,,,,,,,,3.645,,,,,,,,,,,,,,,,,,,,,,,,,,,,,,,,,,,,,,,,,,,,,,,,,,7.298,,,,,,,,,,,50.6275371,30.4380124,
18:20:42.722,,-12.399999999999864,,,,,,,,,,,,,,,,,,,,,,,,,,,,,,,,,,,,,,,,,,,,,,,,,,,,,,,,,,,,,,,,,,,,,,,,50.6275371,30.4380124,
18:20:42.806,,,,,,,,,,,,,,,,,,,,,,,,,,,,,,,,,,,,,,,,,,,,,,,,,,,,,,,58,,,,,,,,,147,,,,,,,,,,50.6275371,30.4380124,
18:20:42.866,,,,,,,,,,,,,,,,,,,,,,,,,,,,,,,,,,0,0,,,0,0,,,0.49536645208333346,12.815787,12.815787,6764.779666000001,0,-0.01,,,,,13.582042458516481,,,,39,98,,14,,,,,147,0,,,,,,,0,,50.6275371,30.4380124,
18:20:42.937,,,,,,,,,,,,,,,,,,,,0,5.882352941176471,99,,,,,,,,,,5.882352941176471,,,,,,,,9.411764705882353,,,,,,,,,,,,,0,,,,,,,,,,,,0,,17.6470588235294,99,,,,,,50.6275371,30.4380124,
18:20:43.008,,,,,,,,,,,,,,,,,,,,,,,0,57.57656,57.57656,627.89670895,0,0.7197070000000001,0.7197070000000001,8.162865,0,,5.882352941176471,,,0,0,,,,,,,,,,,0,5.6157846568454985,5.6157846568454985,0.1206671229962865,,,50,,,,38220,,12000,0,0,,147,0,38220,17.6470588235294,,,,,,0,50.6275072,30.4379908,
18:20:43.152,,,,,,,,,,,,,,,32,,,,,,,,,,,,,,,,,,,,,,,,,,,,,,,,,,,,,,,,,,,,,,,,,,,,,,,,81,,,50.6275072,30.4379908,
18:20:43.189,,,,,,,,,,,,,,,,,,41.984375,,,,,,,,,,,,,,,,,,,,,,,,,,,,,,,,,,,,,,,,,,,,,,,,,,,,,,,,50.6275072,30.4379908,
18:20:43.282,,,,,,,,,,,,,,,,2560,0.15625,,,,,,,,,,,,,,,,,,,,,,,,,,,,,,,,,,,,,,,,,,,,,,,,,,,,,,,,,50.6275072,30.4379908,
18:20:43.546,,,,,,,,,348.40000000000003,52,,3.642,,,,,,,,,,,,,,,,,,,,,,,,,,,,,,,,,,,,,,,,,,,,,,,,,,,7.287,,,,,,,,,,,50.6275072,30.4379908,
18:20:43.605,-21.399999999999864,,-21.649999999999864,,,,,,,,,,3.632,,,,,,,,,,,,,,,,,,,,,,,,,,,,,,,,,,,,,,,,,,,,,,,,,,7.274,,,,,,,,,,,50.6275072,30.4379908,
18:20:43.666,,-23.299999999999955,,,,,,,,,,,,,,,,,,,,,,,,,,,,,,,,,,,,,,,,,,,,,,,,,,,,,,,,,,,,,,,,,,,,,,,,50.6275072,30.4379908,
18:20:43.930,,,,,,,,,,,,,,,,,,,,,,,,,,,,,,,,,,0.03,0,,,0,0,,0.025503528309094792,0.5000954867500002,12.820516,12.820516,6764.784395000001,0,-0.01,,,,,13.601479690040792,,,,39,98,,16,,,,,147,0.03,,,,,,,0.036,,50.6275072,30.4379908,
18:20:44.044,,,,,,,,,,,,,,,,,,,,0,5.882352941176471,99,,,,,,,,,,5.882352941176471,,,,,,,,14.117647058823529,,,,,,,,,,,,,0,,,,,,,,,,,,0.03,,17.6470588235294,99,,,,,,50.6274664,30.4379656,
18:20:44.117,,,,,,,,,,,,,,,,,,,,,,,0,57.57656,57.57656,627.89670895,0,0.7197070000000001,0.7197070000000001,8.162865,0,,5.882352941176471,,,0,0,,,,,,,,,,,0,5.613713207799125,5.613713207799125,0.12066703864255234,,,50,,,,38210,,12000,0,0,,147,0.03,38210,17.6470588235294,,,,,,0,50.6274664,30.4379656,
18:20:44.274,,,,,,,,,,,,,,,32,,,,,,,,,,,,,,,,,,,,,,,,,,,,,,,,,,,,,,,,,,,,,,,,,,,,,,,,81,,,50.6274664,30.4379656,
18:20:44.310,,,,,,,,,,,,,,,,,,54.890625,,,,,,,,,,,,,,,,,,,,,,,,,,,,,,,,,,,,,,,,,,,,,,,,,,,,,,,,50.6274664,30.4379656,
18:20:44.349,,,,,,,,,,,,,,,,3552,0.203125,,,,,,,,,,,,,,,,,,,,,,,,,,,,,,,,,,,,,,,,,,,,,,,,,,,,,,,,,50.6274664,30.4379656,
18:20:44.449,,,,28,,,,,,,,,,,,,,,,,,,,,,,,,,,,,,,,,,,,,,,,,,,,,,,,,,,,,,,,,,,,,,,,,,146,,,,50.6274664,30.4379656,
18:20:44.558,,,,,,,,,349.37,51.5,,3.632,,,,,,,,,,,,,,,,,,,,,,,,,,,,,,,,,,,,,,,,,,,,,,,,,,,7.264,,,,,,,,,,,50.6274664,30.4379656,
18:20:44.605,-23.549999999999955,,-23.149999999999864,,,,,,,,,,3.626,,,,,,,,,,,,,,,,,,,,,,,,,,,,,,,,,,,,,,,,,,,,,,,,,,7.258,,,,,,,,,,,50.6274664,30.4379656,
18:20:44.642,,-23.09999999999991,,,,,,,,,,,,,,,,,,,,,,,,,,,,,,,,,,,,,,,,,,,,,,,,,,,,,,,,,,,,,,,,,,,,,,,,50.6274664,30.4379656,
18:20:44.766,,,,,,,,,,,,,,,,,,,,,,,,,,,,,,,,,,0.02,0,,,0,0,,0.024876200920012234,0.5040449154166668,12.824465,12.824465,6764.7883440000005,0,-0.01,,,,,13.622818635779268,,,,39,98,,17,,,,,147,0.02,,,,,,,0.024,,50.6274664,30.4379656,
18:20:44.846,,,,,,,,,,,,,,,,,,,,0,5.882352941176471,99,,,,,,,,,,5.882352941176471,,,,,,,,12.549019607843137,,,,,,,,,,,,,0,,,,,,,,,,,,0.02,,17.6470588235294,99,,,,,,50.6274664,30.4379656,
18:20:44.917,,,,,,,,,,,,,,,,,,,,,,,0,57.57656,57.57656,627.89670895,0,0.7197070000000001,0.7197070000000001,8.162865,0,,5.882352941176471,,,0,0,,,,,,,,,,,0,5.6119845935093595,5.6119845935093595,0.12066696820219096,,,50,,,,38200,,12000,0,0,,147,0.02,38200,17.6470588235294,,,,,,0,50.6274664,30.4379656,
18:20:44.989,,,,,,,,,,,,,,,,,,,49,,,,,,,,,,,,,,,,,,,,,,,,,,,,,,,,,,,,,,,,,,,,,,,,,,,,81,,,50.6274225,30.4379357,
18:20:45.121,,,,,,,,,,,,,,,32,,,,,,,,,,,,,,,,,,,,,,,,,,,,,,,,,,,,,,,,,,,,,,,,,,,,,,,,81,,,50.6274225,30.4379357,
18:20:45.218,,,,,,,,,,,,,,,,,,33.359375,,,,,,,,,,,,,,,,,,,,,,,,,,,,,,,,,,,,,,,,,,,,,,,,,,,,,,,,50.6274225,30.4379357,
18:20:45.313,,,,,,,,,,,,,,,,2112,0.125,,,,,,,,,,,,,,,,,,,,,,,,,,,,,,,,,,,,,,,,,,,,,,,,,,,,,,,,,50.6274225,30.4379357,
18:20:45.446,,,,,,,,,350.33,51.5,,3.637,,,,,,,,,,,,,,,,,,,,,,,,,,,,,,,,,,,,,,,,,,,,,,,,,,,7.263,,,,,,,,,,,50.6274225,30.4379357,
18:20:45.493,-14.699999999999818,,-14.75,,,,,,,,,,3.631,,,,,,,,,,,,,,,,,,,,,,,,,,,,,,,,,,,,,,,,,,,,,,,,,,7.268,,,,,,,,,,,50.6274225,30.4379357,
18:20:45.529,,-14.349999999999909,,,,,,,,,,,,,,,,,,,,,,,,,,,,,,,,,,,,,,,,,,,,,,,,,,,,,,,,,,,,,,,,,,,,,,,,50.6274225,30.4379357,
18:20:45.648,,,,,,,,,,,,,,,,,,,,,,,,,,,,,,,,,,0.11,0,,,0,0,,0.032448711357576376,0.5084555559166668,12.828876,12.828876,6764.792755000001,0,-0.01,,,,,13.651616134534576,,,,39,98,,18,,,,,147,0.11,,,,,,,0.132,,50.6274225,30.4379357,
18:20:45.729,,,,,,,,,,,,,,,,,,,,0,5.882352941176471,99,,,,,,,,,,5.882352941176471,,,,,,,,10.588235294117647,,,,,,,,,,,,,0,,,,,,,,,,,,0.11,,17.6470588235294,99,,,,,,50.6274225,30.4379357,
18:20:45.826,,,,,,,,,,,,,,,,,,,,,,,0,57.57656,57.57656,627.89670895,0,0.7197070000000001,0.7197070000000001,8.162865,0,,5.882352941176471,,,0,0,,,,,,,,,,,0,5.610055004039326,5.610055004039326,0.12066688952099315,,,50,,,,38190,,12000,0,0,,147,0.11,38190,17.6470588235294,,,,,,0,50.6274225,30.4379357,
18:20:45.956,,,,,,,,,,,,,,,32,,,,,,,,,,,,,,,,,,,,,,,,,,,,,,,,,,,,,,,,,,,,,,,,,,,,,,,,81,,,50.6273771,30.4379145,
18:20:46.005,,,,,,,,,,,,,,,,,,22,,,,,,,,,,,,,,,,,,,,,,,,,,,,,,,,,,,,,,,,,,,,,,,,,,,,,,,,50.6273771,30.4379145,
18:20:46.042,,,,,,,,,,,,,,,,1504,0.078125,,,,,,,,,,,,,,,,,,,,,,,,,,,,,,,,,,,,,,,,,,,,,,,,,,,,,,,,,50.6273771,30.4379145,
18:20:46.161,,,,,,30,29,30,,,,,,,,,,,,,,,,,,,,,,,,,,,,,,,,,,,,,,,,,,,,,,,,,,,,,,,,,,,,,,146,,,,50.6273771,30.4379145,
18:20:46.210,,,,,,,,,348.08,51.5,,3.64,,,,,,,,,,,,,,,,,,,,,,,,,,,,,,,,,,,,,,,,,,,,,,,,,,,7.271,,,,,,,,,,,50.6273771,30.4379145,
18:20:46.257,-13.25,,-13.599999999999909,,,,,,,,,,3.632,,,,,,,,,,,,,,,,,,,,,,,,,,,,,,,,,,,,,,,,,,,,,,,,,,7.272,,,,,,,,,,,50.6273771,30.4379145,
18:20:46.294,,-13.049999999999955,,,,,,,,,,,,,,,,,,,,,,,,,,,,,,,,,,,,,,,,,,,,,,,,,,,,,,,,,,,,,,,,,,,,,,,,50.6273771,30.4379145,
18:20:46.425,,,,,,,,,,,,,,,,,,,,,,,,,,,,,,,,,,0.12,0,,,0,0,,0.03183541913135308,0.5123372599166668,12.832758,12.832758,6764.796637000001,0,-0.01,,,,,13.67664847915489,,,,39,98,,18,,,,,147,0.12,,,,,,,0.144,,50.6273771,30.4379145,
18:20:46.498,,,,,,,,,,,,,,,,,,,,0,5.882352941176471,99,,,,,,,,,,5.882352941176471,,,,,,,,10.588235294117647,,,,,,,,,,,,,0,,,,,,,,,,,,0.12,,17.6470588235294,99,,,,,,50.6273771,30.4379145,
18:20:46.569,,,,,,,,,,,,,,,,,,,,,,,0,57.57656,57.57656,627.89670895,0,0.7197070000000001,0.7197070000000001,8.162865,0,,5.882352941176471,,,0,0,,,,,,,,,,,0,5.608357922747395,5.608357922747395,0.12066682027591599,,,50,,,,38190,,12000,0,0,,147,0.12,38190,17.6470588235294,,,,,,0,50.6273771,30.4379145,
18:20:46.701,,,,,,,,,,,,,,,32,,,,,,,,,,,,,,,,,,,,,,,,,,,,,,,,,,,,,,,,,,,,,,,,,,,,,,,,81,,,50.6273771,30.4379145,
18:20:46.738,,,,,,,,,,,,,,,,,,21.1875,,,,,,,,,,,,,,,,,,,,,,,,,,,,,,,,,,,,,,,,,,,,,,,,,,,,,,,,50.6273771,30.4379145,
18:20:46.773,,,,,,,,,,,,,,,,1376,0.078125,,,,,,,,,,,,,,,,,,,,,,,,,,,,,,,,,,,,,,,,,,,,,,,,,,,,,,,,,50.6273771,30.4379145,
18:20:46.892,,,,,,,,,349.85,51.5,,3.64,,,,,,,,,,,,,,,,,,,,,,,,,,,,,,,,,,,,,,,,,,,,,,,,,,,7.272,,,,,,,,,,,50.6273771,30.4379145,
18:20:46.955,-13.149999999999864,,-13.25,,,,,,,,,,3.632,,,,,,,,,,,,,,,,,,,,,,,,,,,,,,,,,,,,,,,,,,,,,,,,,,7.272,,,,,,,,,,,50.627329,30.4379022,
18:20:46.989,,-13.049999999999955,,,,,,,,,,,,,,,,,,,,,,,,,,,,,,,,,,,,,,,,,,,,,,,,,,,,,,,,,,,,,,,,,,,,,,,,50.627329,30.4379022,
18:20:47.101,,,,,,,,,,,,,,,,,,,,,,,,,,,,,,,,,,,,,,,,,,,,,,,,,,,,,,,58,,,,,,,,,147,,,,,,,,,,50.627329,30.4379022,
18:20:47.186,,,,,,,,,,,,,,,,,,,,,,,,,,,,,,,,,,0.13,0,,,0,0,,0.026100173092764672,0.5163522665555557,12.836772999999999,12.836772999999999,6764.800652000001,0,-0.01,,,,,13.706509082768772,,,,39,98,,19,,,,,147,0.13,,,,,,,0.156,,50.627329,30.4379022,
18:20:47.306,,,,,,,,,,,,,,,,,,,,0,5.882352941176471,99,,,,,,,,,,5.882352941176471,,,,,,,,10.588235294117647,,,,,,,,,,,,,0,,,,,,,,,,,,0.13,,17.6470588235294,99,,,,,,50.627329,30.4379022,
18:20:47.401,,,,,,,,,,,,,,,,,,,,,,,0,57.57656,57.57656,627.89670895,0,0.7197070000000001,0.7197070000000001,8.162865,0,,5.882352941176471,,,0,0,,,,,,,,,,,0,5.606603778067901,5.606603778067901,0.12066674865853828,,,50,,,,38180,,12000,0,0,,147,0.13,38180,17.6470588235294,,,,,,0,50.627329,30.4379022,
18:20:47.522,,,,,,,,,,,,,,,32,,,,,,,,,,,,,,,,,,,,,,,,,,,,,,,,,,,,,,,,,,,,,,,,,,,,,,,,81,,,50.627329,30.4379022,
18:20:47.594,,,,,,,,,,,,,,,,,,12.34375,,,,,,,,,,,,,,,,,,,,,,,,,,,,,,,,,,,,,,,,,,,,,,,,,,,,,,,,50.627329,30.4379022,
18:20:47.666,,,,,,,,,,,,,,,,256,0.015625,,,,,,,,,,,,,,,,,,,,,,,,,,,,,,,,,,,,,,,,,,,,,,,,,,,,,,,,,50.627329,30.4379022,
18:20:47.785,,,,,29,,,,,,86.6758781031239,,,86.6758781031239,,,,,,,,,,,,,,,,,,,,,,,,,,,,,,,,,,,,,,,,,,,,,,,,,,,,,,,127.5,146,,,,50.627329,30.4379022,
18:20:47.846,,,,,,,,,352.42,51.5,,3.649,,,,,,,,,,,,,,,,,,,,,,,,,,,,,,,,,,,,,,,,,,,,,,,,,,,7.281,,,,,,,,,,,50.627329,30.4379022,
18:20:47.904,7.9500000000000455,,8.100000000000136,,,,,,,,,,3.654,,,,,,,,,,,,,,,,,,,,,,,,,,,,,,,,,,,,,,,,,,,,,,,,,,7.303,,,,,,,,,,,50.627329,30.4379022,
18:20:47.942,,9.150000000000091,,,,,,,,,,,,,,,,,,,,,,,,,,,,,,,,,,,,,,,,,,,,,,,,,,,,,,,,,,,,,,,,,,,,,,,,50.627329,30.4379022,
18:20:48.066,,,,,,,,,,,,,,,,,,,,,,,,,,,,,,,,,,0,0,,,0,0,,,0.5207543915555557,12.841175,12.841175,6764.805054000001,0,-0.01,,,,,13.734202140288309,,,,39,98,,18,,,,,147,0,,,,,,,0,,50.6272789,30.4378937,
18:20:48.146,,,,,,,,,,,,,,,,,,,,0,5.882352941176471,99,,,,,,,,,,5.882352941176471,,,,,,,,0,,,,,,,,,,,,,0,,,,,,,,,,,,0,,17.6470588235294,99,,,,,,50.6272789,30.4378937,
18:20:48.217,,,,,,,,,,,,,,,,,,,,,,,0,57.57656,57.57656,627.89670895,0,0.7197070000000001,0.7197070000000001,8.162865,0,,5.882352941176471,,,0,0,,,,,,,,,,,0,5.604681814553575,5.604681814553575,0.12066667013816358,,,50,,,,38170,,12000,0,0,,147,0,38170,17.6470588235294,,,,,,0,50.6272789,30.4378937,
18:20:48.337,,,,,,,,,,,,,,,32,,,,,,,,,,,,,,,,,,,,,,,,,,,,,,,,,,,,,,,,,,,,,,,,,,,,,,,,81,,,50.6272789,30.4378937,
18:20:48.386,,,,,,,,,,,,,,,,,,-27.640625,,,,,,,,,,,,,,,,,,,,,,,,,,,,,,,,,,,,,,,,,,,,,,,,,,,,,,,,50.6272789,30.4378937,
18:20:48.432,,,,,,,,,,,,,,,,-1728,-0.109375,,,,,,,,,,,,,,,,,,,,,,,,,,,,,,,,,,,,,,,,,,,,,,,,,,,,,,,,,50.6272789,30.4378937,
18:20:48.554,,,,,,,,,350.33,51.5,,3.659,,,,,,,,,,,,,,,,,,,,,,,,,,,,,,,,,,,,,,,,,,,,,,,,,,,7.313,,,,,,,,,,,50.6272789,30.4378937,
18:20:48.625,-0.6999999999998181,,-0.6999999999998181,,,,,,,,,,3.649,,,,,,,,,,,,,,,,,,,,,,,,,,,,,,,,,,,,,,,,,,,,,,,,,,7.308,,,,,,,,,,,50.6272789,30.4378937,
18:20:48.673,,-1.2999999999999545,,,,,,,,,,,,,,,,,,,,,,,,,,,,,,,,,,,,,,,,,,,,,,,,,,,,,,,,,,,,,,,,,,,,,,,,50.6272789,30.4378937,
18:20:48.782,,,,,,,,,,,,,,,,,,,,,,,,,,,,,,,,,,0,0,,,0,0,,,0.5241363545555557,12.844557,12.844557,6764.808436000001,0,-0.01,,,,,13.751247534381529,,,,39,98,,17,,,,,147,0,,,,,,,0,,50.6272789,30.4378937,
18:20:48.850,,,,,,,,,,,,,,,,,,,,0,5.882352941176471,99,,,,,,,,,,5.882352941176471,,,,,,,,7.450980392156863,,,,,,,,,,,,,0,,,,,,,,,,,,0,,17.6470588235294,99,,,,,,50.6272789,30.4378937,
18:20:48.921,,,,,,,,,,,,,,,,,,,,,,,0,57.57656,57.57656,627.89670895,0,0.7197070000000001,0.7197070000000001,8.162865,0,,5.882352941176471,,,0,0,,,,,,,,,,,0,5.603206089552175,5.603206089552175,0.12066660981203872,,,50,,,,38160,,12000,0,0,,147,0,38160,17.6470588235294,,,,,,0,50.6272789,30.4378937,
18:20:49.138,,,,,,,,,,,,,,,32,,,,,,,,,,,,,,,,,,,,,,,,,,,,,,,,,,,,,,,,,,,,,,,,,,,,,,,,81,,,50.6272346,30.4378823,
18:20:49.222,,,,,,,,,,,,,,,,,,6.015625,,,,,,,,,,,,,,,,,,,,,,,,,,,,,,,,,,,,,,,,,,,,,,,,,,,,,,,,50.6272346,30.4378823,
18:20:49.257,,,,,,,,,,,,,,,,256,0.015625,,,,,,,,,,,,,,,,,,,,,,,,,,,,,,,,,,,,,,,,,,,,,,,,,,,,,,,,,50.6272346,30.4378823,
18:20:49.389,,,,,,,,,350.17,51.5,,3.647,,,,,,,,,,,,,,,,,,,,,,,,,,,,,,,,,,,,,,,,,,,,,,,,,,,7.296,,,,,,,,,,,50.6272346,30.4378823,
18:20:49.489,-10.949999999999818,,-11,,,,,,,,,,3.641,,,,,,,,,,,,,,,,,,,,,,,,,,,,,,,,,,,,,,,,,,,,,,,,,,7.288,,,,,,,,,,,50.6272346,30.4378823,
18:20:49.537,,-11.799999999999955,,,,,,,,,,,,,,,,,,,,,,,,,,,,,,,,,,,,,,,,,,,,,,,,,,,,,,,,,,,,,,,,,,,,,,,,50.6272346,30.4378823,
18:20:49.646,,,,,,,,,,,,,,,,,,,,,,,,,,,,,,,,,,0.05,0,,,0,0,,-0.017589655820152563,0.5279732523333335,12.848393999999999,12.848393999999999,6764.812273000001,0,-0.01,,,,,13.76530722895616,,,,39,98,,16,,,,,147,0.05,,,,,,,0.06,,50.6272346,30.4378823,
18:20:49.714,,,,,,,,,,,,,,,,,,,,0,5.882352941176471,99,,,,,,,,,,5.882352941176471,,,,,,,,10.196078431372548,,,,,,,,,,,,,0,,,,,,,,,,,,0.05,,17.6470588235294,99,,,,,,50.6272346,30.4378823,
18:20:49.774,,,,,,,,,,,,,,,,,,,,,,,0,57.57656,57.57656,627.89670895,0,0.7197070000000001,0.7197070000000001,8.162865,0,,5.882352941176471,,,0,0,,,,,,,,,,,0,5.601532767441597,5.601532767441597,0.12066654136996477,,,50,,,,38160,,12000,0,0,,147,0.05,38160,17.6470588235294,,,,,,0,50.6272346,30.4378823,
18:20:49.893,,,,,,,,,,,,,,,32,,,,,,,,,,,,,,,,,,,,,,,,,,,,,,,,,,,,,,,,,,,,,,,,,,,,,,,,81,,,50.6272346,30.4378823,
18:20:49.929,,,,,,,,,,,,,,,,,,25.453125,,,,,,,,,,,,,,,,,,,,,,,,,,,,,,,,,,,,,,,,,,,,,,,,,,,,,,,,50.6272346,30.4378823,
18:20:49.953,,,,,,,,,,,,,,,,1600,0.09375,,,,,,,,,,,,,,,,,,,,,,,,,,,,,,,,,,,,,,,,,,,,,,,,,,,,,,,,,50.6271901,30.4378595,
18:20:50.073,,,,,,,,,350.33,51.5,,3.641,,,,,,,,,,,,,,,,,,,,,,,,,,,,,,,,,,,,,,,,,,,,,,,,,,,7.282,,,,,,,,,,,50.6271901,30.4378595,
18:20:50.145,-13.75,,-13.849999999999909,,,,,,,,,,3.633,,,,,,,,,,,,,,,,,,,,,,,,,,,,,,,,,,,,,,,,,,,,,,,,,,7.274,,,,,,,,,,,50.6271901,30.4378595,
18:20:50.206,,-13.699999999999818,,,,,,,,,,,,,,,,,,,,,,,,,,,,,,,,,,,,,,,,,,,,,,,,,,,,,,,,,,,,,,,,,,,,,,,,50.6271901,30.4378595,
18:20:50.409,,,,,,,,,,,,,,,,,,,,,,,,,,,,,,,,,,0,0,,,0,0,,,0.5315808860833334,12.852001999999999,12.852001999999999,6764.815881000001,0,-0.01,,,,,13.783105765301332,,,,39,98,,17,,,,,147,0,,,,,,,0,,50.6271901,30.4378595,
18:20:50.513,,,,,,,,,,,,,,,,,,,,0,5.882352941176471,99,,,,,,,,,,5.882352941176471,,,,,,,,11.764705882352942,,,,,,,,,,,,,0,,,,,,,,,,,,0,,17.6470588235294,99,,,,,,50.6271901,30.4378595,
18:20:50.584,,,,,,,,,,,,,,,,,,,,,,,0,57.57656,57.57656,627.89670895,0,0.7197070000000001,0.7197070000000001,8.162865,0,,5.882352941176471,,,0,0,,,,,,,,,,,0,5.599960224095827,5.599960224095827,0.12066647701272447,,,50,,,,38150,,12000,0,0,,147,0,38150,17.6470588235294,,,,,,0,50.6271901,30.4378595,
18:20:50.993,,,,,,,,,,,,,,,32,,,,,,,,,,,,,,,,,,,,,,,,,,,,,,,,,,,,,,,,,,,,,,,,,,,,,,,,81,,,50.6271464,30.4378376,
18:20:51.028,,,,,,,,,,,,,,,,,,79.796875,,,,,,,,,,,,,,,,,,,,,,,,,,,,,,,,,,,,,,,,,,,,,,,,,,,,,,,,50.6271464,30.4378376,
18:20:51.078,,,,,,,,,,,,,,,,5152,0.3125,,,,,,,,,,,,,,,,,,,,,,,,,,,,,,,,,,,,,,,,,,,,,,,,,,,,,,,,,50.6271464,30.4378376,
18:20:51.209,,,,,,,,,345.5,51,,3.615,,,,,,,,,,,,,,,,,,,,,,,,,,,,,,,,,,,,,,,,,,,,,,,,,,,7.248,,,,,,,,,,,50.6271464,30.4378376,
18:20:51.257,-35.899999999999864,,-1600,,,,,,,,,,3.606,,,,,,,,,,,,,,,,,,,,,,,,,,,,,,,,,,,,,,,,,,,,,,,,,,7.221,,,,,,,,,,,50.6271464,30.4378376,
18:20:51.304,,-36.549999999999955,,,,,,,,,,,,,,,,,,,,,,,,,,,,,,,,,,,,,,,,,,,,,,,,,,,,,,,,,,,,,,,,,,,,,,,,50.6271464,30.4378376,
18:20:51.402,,,,,,,,,,,,,,,,,,,,,,,,,,,,,,,,,,,,,,,,,,,,,,,,,,,,,,,58,,,,,,,,,147,,,,,,,,,,50.6271464,30.4378376,
18:20:51.474,,,,,,,,,,,,,,,,,,,,,,,,,,,,,,,,,,0,0,,,0,0,,,0.5369009330833334,12.857322,12.857322,6764.821201000001,0,-0.01,,,,,13.815175688950873,,,,39,98,,18,,,,,147,0,,,,,,,0,,50.6271464,30.4378376,
18:20:51.545,,,,,,,,,,,,,,,,,,,,0,5.882352941176471,99,,,,,,,,,,5.882352941176471,,,,,,,,16.470588235294116,,,,,,,,,,,,,0,,,,,,,,,,,,0,,17.6470588235294,99,,,,,,50.6271464,30.4378376,
18:20:51.617,,,,,,,,,,,,,,,,,,,,,,,0,57.57656,57.57656,627.89670895,0,0.7197070000000001,0.7197070000000001,8.162865,0,,5.882352941176471,,,0,0,,,,,,,,,,,0,5.597643117283678,5.597643117283678,0.12066638211802753,,,50,,,,38140,,12000,0,0,,147,0,38140,17.6470588235294,,,,,,0,50.6271464,30.4378376,
18:20:51.689,,,,,,,,,,,,,,,,,,,49,,,,,,,,,,,,,,,,,,,,,,,,,,,,,,,,,,,,,,,,,,,,,,,,,,,,81,,,50.6271464,30.4378376,
18:20:51.773,,,,,,,,,,,,,,,32,,,,,,,,,,,,,,,,,,,,,,,,,,,,,,,,,,,,,,,,,,,,,,,,,,,,,,,,81,,,50.6271464,30.4378376,
18:20:51.810,,,,,,,,,,,,,,,,,,60.15625,,,,,,,,,,,,,,,,,,,,,,,,,,,,,,,,,,,,,,,,,,,,,,,,,,,,,,,,50.6271464,30.4378376,
18:20:51.834,,,,,,,,,,,,,,,,3872,0.234375,,,,,,,,,,,,,,,,,,,,,,,,,,,,,,,,,,,,,,,,,,,,,,,,,,,,,,,,,50.6271464,30.4378376,
18:20:51.974,,,,,,,,,346.31,51,,3.626,,,,,,,,,,,,,,,,,,,,,,,,,,,,,,,,,,,,,,,,,,,,,,,,,,,7.232,,,,,,,,,,,50.6271004,30.4378157,
18:20:52.034,-13.899999999999864,,-10.549999999999955,,,,,,,,,,3.616,,,,,,,,,,,,,,,,,,,,,,,,,,,,,,,,,,,,,,,,,,,,,,,,,,7.242,,,,,,,,,,,50.6271004,30.4378157,
18:20:52.069,,-3.449999999999818,,,,,,,,,,,,,,,,,,,,,,,,,,,,,,,,,,,,,,,,,,,,,,,,,,,,,,,,,,,,,,,,,,,,,,,,50.6271004,30.4378157,
18:20:52.189,,,,,,,,,,,,,,,,,,,,,,,,,,,,,,,,,,0.17,0,,,0,0,,,0.5408760264166668,12.861297,12.861297,6764.825176000001,0,-0.01,,,,,13.846645311733308,,,,39,98,,20,,,,,147,0.17,,,,,,,0.20400000000000001,,50.6271004,30.4378157,
18:20:52.261,,,,,,,,,,,,,,,,,,,,0,5.882352941176471,99,,,,,,,,,,5.882352941176471,,,,,,,,0,,,,,,,,,,,,,0,,,,,,,,,,,,0.17,,17.6470588235294,99,,,,,,50.6271004,30.4378157,
18:20:52.333,,,,,,,,,,,,,,,,,,,,,,,0,57.57656,57.57656,627.89670895,0,0.7197070000000001,0.7197070000000001,8.162865,0,,5.882352941176471,,,0,0,,,,,,,,,,,0,5.595913071597678,5.595913071597678,0.12066631121466248,,,50,,,,38130,,12000,0,0,,147,0.17,38130,17.6470588235294,,,,,,0,50.6271004,30.4378157,
18:20:52.465,,,,,,,,,,,,,,,32,,,,,,,,,,,,,,,,,,,,,,,,,,,,,,,,,,,,,,,,,,,,,,,,,,,,,,,,81,,,50.6271004,30.4378157,
18:20:52.501,,,,,,,,,,,,,,,,,,-58.109375,,,,,,,,,,,,,,,,,,,,,,,,,,,,,,,,,,,,,,,,,,,,,,,,,,,,,,,,50.6271004,30.4378157,
18:20:52.537,,,,,,,,,,,,,,,,-3744,-0.234375,,,,,,,,,,,,,,,,,,,,,,,,,,,,,,,,,,,,,,,,,,,,,,,,,,,,,,,,,50.6271004,30.4378157,
18:20:52.621,,,,28,,,,,,,,,,,,,,,,,,,,,,,,,,,,,,,,,,,,,,,,,,,,,,,,,,,,,,,,,,,,,,,,,,146,,,,50.6271004,30.4378157,
18:20:52.752,,,,,,,,,351.62,51,,3.667,,,,,,,,,,,,,,,,,,,,,,,,,,,,,,,,,,,,,,,,,,,,,,,,,,,7.283,,,,,,,,,,,50.6271004,30.4378157,
18:20:52.861,13.450000000000045,,13.300000000000182,,,,,,,,,,3.659,,,,,,,,,,,,,,,,,,,,,,,,,,,,,,,,,,,,,,,,,,,,,,,,,,7.326,,,,,,,,,,,50.6271004,30.4378157,
18:20:52.958,,13,,,,,,,,,,,,,,,,,,,,,,,,,,,,,,,,,,,,,,,,,,,,,,,,,,,,,,,,,,,,,,,,,,,,,,,,50.6270523,30.4377899,
18:20:53.078,,,,,,,,,,,,,,,,,,,,,,,,,,,,,,,,,,0.1,0,,,0,0,,,0.5453227339166667,12.865744,12.865744,6764.8296230000005,0,-0.01,,,,,13.872747321701082,,,,39,98,,18,,,,,147,0.1,,,,,,,0.12,,50.6270523,30.4377899,
18:20:53.154,,,,,,,,,,,,,,,,,,,,0,5.882352941176471,99,,,,,,,,,,5.882352941176471,,,,,,,,1.9607843137254901,,,,,,,,,,,,,0,,,,,,,,,,,,0.1,,17.6470588235294,99,,,,,,50.6270523,30.4377899,
18:20:53.225,,,,,,,,,,,,,,,,,,,,,,,0,57.57656,57.57656,627.89670895,0,0.7197070000000001,0.7197070000000001,8.162865,0,,5.882352941176471,,,0,0,,,,,,,,,,,0,5.593978863562031,5.593978863562031,0.12066623189217902,,,50,,,,38120,,12000,0,0,,147,0.1,38120,17.6470588235294,,,,,,0,50.6270523,30.4377899,
18:20:53.369,,,,,,,,,,,,,,,32,,,,,,,,,,,,,,,,,,,,,,,,,,,,,,,,,,,,,,,,,,,,,,,,,,,,,,,,81,,,50.6270523,30.4377899,
18:20:53.405,,,,,,,,,,,,,,,,,,-49.296875,,,,,,,,,,,,,,,,,,,,,,,,,,,,,,,,,,,,,,,,,,,,,,,,,,,,,,,,50.6270523,30.4377899,
18:20:53.441,,,,,,,,,,,,,,,,-3072,-0.1875,,,,,,,,,,,,,,,,,,,,,,,,,,,,,,,,,,,,,,,,,,,,,,,,,,,,,,,,,50.6270523,30.4377899,
18:20:53.549,,,,,,,,,350.81,51,,3.664,,,,,,,,,,,,,,,,,,,,,,,,,,,,,,,,,,,,,,,,,,,,,,,,,,,7.323,,,,,,,,,,,50.6270523,30.4377899,
18:20:53.623,8.450000000000045,,8.350000000000136,,,,,,,,,,3.655,,,,,,,,,,,,,,,,,,,,,,,,,,,,,,,,,,,,,,,,,,,,,,,,,,7.319,,,,,,,,,,,50.6270523,30.4377899,
18:20:53.662,,10,,,,,,,,,,,,,,,,,,,,,,,,,,,,,,,,,,,,,,,,,,,,,,,,,,,,,,,,,,,,,,,,,,,,,,,,50.6270523,30.4377899,
18:20:53.793,,,,,,,,,,,,,,,,,,,,,,,,,,,,,,,,,,0.01,0,,,0,0,,,0.5485107583611112,12.868932,12.868932,6764.832811000001,0,-0.01,,,,,13.883475692942508,,,,39,98,,16,,,,,147,0.01,,,,,,,0.012,,50.6270523,30.4377899,
18:20:53.889,,,,,,,,,,,,,,,,,,,,0,5.882352941176471,99,,,,,,,,,,5.882352941176471,,,,,,,,4.313725490196078,,,,,,,,,,,,,0,,,,,,,,,,,,0.01,,17.6470588235294,99,,,,,,50.6270523,30.4377899,
18:20:53.973,,,,,,,,,,,,,,,,,,,,,,,0,57.57656,57.57656,627.89670895,0,0.7197070000000001,0.7197070000000001,8.162865,0,,5.882352941176471,,,0,0,,,,,,,,,,,0,5.592593076099867,5.592593076099867,0.12066617502692335,,,50,,,,38110,,12000,0,0,,147,0.01,38110,17.6470588235294,,,,,,0,50.6270106,30.4377707,
18:20:54.143,,,,,,,,,,,,,,,32,,,,,,,,,,,,,,,,,,,,,,,,,,,,,,,,,,,,,,,,,,,,,,,,,,,,,,,,81,,,50.6270106,30.4377707,
18:20:54.178,,,,,,,,,,,,,,,,,,-11.15625,,,,,,,,,,,,,,,,,,,,,,,,,,,,,,,,,,,,,,,,,,,,,,,,,,,,,,,,50.6270106,30.4377707,
18:20:54.217,,,,,,,,,,,,,,,,-864,-0.0625,,,,,,,,,,,,,,,,,,,,,,,,,,,,,,,,,,,,,,,,,,,,,,,,,,,,,,,,,50.6270106,30.4377707,
18:20:54.337,,,,,,30,29,30,,,,,,,,,,,,,,,,,,,,,,,,,,,,,,,,,,,,,,,,,,,,,,,,,,,,,,,,,,,,,,146,,,,50.6270106,30.4377707,
18:20:54.398,,,,,29,,,,,,86.6758781031239,,,86.6758781031239,,,,,,,,,,,,,,,,,,,,,,,,,,,,,,,,,,,,,,,,,,,,,,,,,,,,,,,127.5,146,,,,50.6270106,30.4377707,
18:20:54.505,,,,,,,,,351.14,51,,3.653,,,,,,,,,,,,,,,,,,,,,,,,,,,,,,,,,,,,,,,,,,,,,,,,,,,7.308,,,,,,,,,,,50.6270106,30.4377707,
18:20:54.590,-4.599999999999909,,-5.199999999999818,,,,,,,,,,3.645,,,,,,,,,,,,,,,,,,,,,,,,,,,,,,,,,,,,,,,,,,,,,,,,,,7.298,,,,,,,,,,,50.6270106,30.4377707,
18:20:54.649,,-5.349999999999909,,,,,,,,,,,,,,,,,,,,,,,,,,,,,,,,,,,,,,,,,,,,,,,,,,,,,,,,,,,,,,,,,,,,,,,,50.6270106,30.4377707,
18:20:54.794,,,,,,,,,,,,,,,,,,,,,,,,,,,,,,,,,,0.04,0,,,0,0,,-0.03412359618254046,0.5523931574722223,12.872814,12.872814,6764.836693000001,0,-0.01,,,,,13.884287894825794,,,,39,98,,14,,,,,147,0.04,,,,,,,0.048,,50.6270106,30.4377707,
18:20:54.878,,,,,,,,,,,,,,,,,,,,,,99,,,,,,,,,,,,,,,,,,,,,,,,,,,,,,,,,,,,,,,,,,,,,,99,,,,,,50.6270106,30.4377707,
18:20:54.949,,,,,,,,,,,,,,,,,,,,0,5.882352941176471,99,,,,,,,,,,5.882352941176471,,,,,,,,8.235294117647058,,,,,,,,,,,,,0,,,,,,,,,,,,0.04,,17.6470588235294,99,,,,,,50.626973,30.437758,
18:20:55.033,,,,,,,,,,,,,,,,,,,,,,,0,57.57656,57.57656,627.89670895,0,0.7197070000000001,0.7197070000000001,8.162865,0,,5.882352941176471,,,0,0,,,,,,,,,,,0,5.59090654149124,5.59090654149124,0.12066610578266622,,,50,,,,38100,,12000,0,0,,147,0.04,38100,17.6470588235294,,,,,,0,50.626973,30.437758,
18:20:55.165,,,,,,,,,,,,,,,32,,,,,,,,,,,,,,,,,,,,,,,,,,,,,,,,,,,,,,,,,,,,,,,,,,,,,,,,81,,,50.626973,30.437758,
18:20:55.202,,,,,,,,,,,,,,,,,,29.53125,,,,,,,,,,,,,,,,,,,,,,,,,,,,,,,,,,,,,,,,,,,,,,,,,,,,,,,,50.626973,30.437758,
18:20:55.241,,,,,,,,,,,,,,,,1792,0.109375,,,,,,,,,,,,,,,,,,,,,,,,,,,,,,,,,,,,,,,,,,,,,,,,,,,,,,,,,50.626973,30.437758,
18:20:55.372,,,,,,,,,349.04,51,,3.638,,,,,,,,,,,,,,,,,,,,,,,,,,,,,,,,,,,,,,,,,,,,,,,,,,,7.283,,,,,,,,,,,50.626973,30.437758,
18:20:55.433,-16.5,,-16.899999999999864,,,,,,,,,,3.631,,,,,,,,,,,,,,,,,,,,,,,,,,,,,,,,,,,,,,,,,,,,,,,,,,7.269,,,,,,,,,,,50.626973,30.437758,
18:20:55.481,,-17.34999999999991,,,,,,,,,,,,,,,,,,,,,,,,,,,,,,,,,,,,,,,,,,,,,,,,,,,,,,,,,,,,,,,,,,,,,,,,50.626973,30.437758,
18:20:55.604,,,,,,,,,,,,,,,,,,,,,,,,,,,,,,,,,,,,,,,,,,,,,,,,,,,,,,,58,,,,,,,,,147,,,,,,,,,,50.626973,30.437758,
18:20:55.681,,,,,,,,,,,,,,,,,,,,,,,,,,,,,,,,,,0.17,0,,,0,0,,-0.04867536438579971,0.5558401853611111,12.876261,12.876261,6764.840140000001,0,-0.01,,,,,13.884999585845614,,,,39,98,,14,,,,,147,0.17,,,,,,,0.20400000000000001,,50.626973,30.437758,
18:20:55.741,,,,,,,,,,,,,,,,,,,,0,5.882352941176471,99,,,,,,,,,,5.882352941176471,,,,,,,,10.980392156862745,,,,,,,,,,,,,0,,,,,,,,,,,,0.17,,17.6470588235294,99,,,,,,50.626973,30.437758,
18:20:55.813,,,,,,,,,,,,,,,,,,,,,,,0,57.57656,57.57656,627.89670895,0,0.7197070000000001,0.7197070000000001,8.162865,0,,5.882352941176471,,,0,0,,,,,,,,,,,0,5.589409844985281,5.589409844985281,0.12066604429768533,,,50,,,,38090,,12000,0,0,,147,0.17,38090,17.6470588235294,,,,,,0,50.626973,30.437758,
18:20:55.932,,,,,,,,,,,,,,,32,,,,,,,,,,,,,,,,,,,,,,,,,,,,,,,,,,,,,,,,,,,,,,,,,,,,,,,,81,,,50.626973,30.437758,
18:20:55.970,,,,,,,,,,,,,,,,,,49.75,,,,,,,,,,,,,,,,,,,,,,,,,,,,,,,,,,,,,,,,,,,,,,,,,,,,,,,,50.6269349,30.437748,
18:20:56.018,,,,,,,,,,,,,,,,3136,0.1875,,,,,,,,,,,,,,,,,,,,,,,,,,,,,,,,,,,,,,,,,,,,,,,,,,,,,,,,,50.6269349,30.437748,
18:20:56.137,,,,,,,,,349.2,51,,3.636,,,,,,,,,,,,,,,,,,,,,,,,,,,,,,,,,,,,,,,,,,,,,,,,,,,7.267,,,,,,,,,,,50.6269349,30.437748,
18:20:56.197,-6.599999999999909,,-5.5499999999999545,,,,,,,,,,3.635,,,,,,,,,,,,,,,,,,,,,,,,,,,,,,,,,,,,,,,,,,,,,,,,,,7.271,,,,,,,,,,,50.6269349,30.437748,
18:20:56.233,,-3.449999999999818,,,,,,,,,,,,,,,,,,,,,,,,,,,,,,,,,,,,,,,,,,,,,,,,,,,,,,,,,,,,,,,,,,,,,,,,50.6269349,30.437748,
18:20:56.352,,,,,,,,,,,,,,,,,,,,,,,,,,,,,,,,,,0,0,,,0,0,,,0.5586405136944445,12.879061,12.879061,6764.842940000001,0,-0.01,,,,,13.890175273051259,,,,39,98,,15,,,,,147,0,,,,,,,0,,50.6269349,30.437748,
18:20:56.434,,,,,,,,,,,,,,,,,,,,0,5.882352941176471,99,,,,,,,,,,5.882352941176471,,,,,,,,1.5686274509803921,,,,,,,,,,,,,0,,,,,,,,,,,,0,,17.6470588235294,99,,,,,,50.6269349,30.437748,
18:20:56.557,,,,,,,,,,,,,,,,,,,,,,,0,57.57656,57.57656,627.89670895,0,0.7197070000000001,0.7197070000000001,8.162865,0,,5.882352941176471,,,0,0,,,,,,,,,,,0,5.588194667297562,5.588194667297562,0.1206659943534476,,,50,,,,38090,,12000,0,0,,147,0,38090,17.6470588235294,,,,,,0,50.6269349,30.437748,
18:20:56.775,,,,,,,,,,,,,,,32,,,,,,,,,,,,,,,,,,,,,,,,,,,,,,,,,,,,,,,,,,,,,,,,,,,,,,,,81,,,50.6269349,30.437748,
18:20:56.825,,,,,,,,,,,,,,,,,,1.3125,,,,,,,,,,,,,,,,,,,,,,,,,,,,,,,,,,,,,,,,,,,,,,,,,,,,,,,,50.6269349,30.437748,
18:20:56.861,,,,,,,,,,,,,,,,0,0,,,,,,,,,,,,,,,,,,,,,,,,,,,,,,,,,,,,,,,,,,,,,,,,,,,,,,,,,50.6269349,30.437748,
18:20:56.993,,,,,,,,,349.37,51,,3.649,,,,,,,,,,,,,,,,,,,,,,,,,,,,,,,,,,,,,,,,,,,,,,,,,,,7.284,,,,,,,,,,,50.6268973,30.4377379,
18:20:57.054,-5.75,,-6.199999999999818,,,,,,,,,,3.64,,,,,,,,,,,,,,,,,,,,,,,,,,,,,,,,,,,,,,,,,,,,,,,,,,7.289,,,,,,,,,,,50.6268973,30.4377379,
18:20:57.090,,-6.849999999999909,,,,,,,,,,,,,,,,,,,,,,,,,,,,,,,,,,,,,,,,,,,,,,,,,,,,,,,,,,,,,,,,,,,,,,,,50.6268973,30.4377379,
18:20:57.210,,,,,,,,,,,,,,,,,,,,,,,,,,,,,,,,,,0.06,0,,,0,0,,,0.5619755855277778,12.882396,12.882396,6764.846275000001,0,-0.01,,,,,13.890821950602621,,,,39,98,,14,,,,,147,0.06,,,,,,,0.072,,50.6268973,30.4377379,
18:20:57.266,,,,,,,,,,,,,,,,,,,,0,5.882352941176471,99,,,,,,,,,,5.882352941176471,,,,,,,,6.2745098039215685,,,,,,,,,,,,,0,,,,,,,,,,,,0.06,,17.6470588235294,99,,,,,,50.6268973,30.4377379,
18:20:57.342,,,,,,,,,,,,,,,,,,,,,,,0,57.57656,57.57656,627.89670895,0,0.7197070000000001,0.7197070000000001,8.162865,0,,5.882352941176471,,,0,0,,,,,,,,,,,0,5.586747993152827,5.586747993152827,0.12066593486634697,,,50,,,,38080,,12000,0,0,,147,0.06,38080,17.6470588235294,,,,,,0,50.6268973,30.4377379,
18:20:57.477,,,,,,,,,,,,,,,32,,,,,,,,,,,,,,,,,,,,,,,,,,,,,,,,,,,,,,,,,,,,,,,,,,,,,,,,81,,,50.6268973,30.4377379,
18:20:57.513,,,,,,,,,,,,,,,,,,5.75,,,,,,,,,,,,,,,,,,,,,,,,,,,,,,,,,,,,,,,,,,,,,,,,,,,,,,,,50.6268973,30.4377379,
18:20:57.550,,,,,,,,,,,,,,,,416,0.015625,,,,,,,,,,,,,,,,,,,,,,,,,,,,,,,,,,,,,,,,,,,,,,,,,,,,,,,,,50.6268973,30.4377379,
18:20:57.673,,,,,,,,,350.65000000000003,51,,3.647,,,,,,,,,,,,,,,,,,,,,,,,,,,,,,,,,,,,,,,,,,,,,,,,,,,7.287,,,,,,,,,,,50.6268973,30.4377379,
18:20:57.734,-6.2999999999999545,,-6.399999999999864,,,,,,,,,,3.638,,,,,,,,,,,,,,,,,,,,,,,,,,,,,,,,,,,,,,,,,,,,,,,,,,7.285,,,,,,,,,,,50.6268973,30.4377379,
18:20:57.770,,-6.199999999999818,,,,,,,,,,,,,,,,,,,,,,,,,,,,,,,,,,,,,,,,,,,,,,,,,,,,,,,,,,,,,,,,,,,,,,,,50.6268973,30.4377379,
18:20:57.877,,,,,,,,,,,,,,,,,,,,,,,,,,,,,,,,,,0.11,0,,,0,0,,,0.5645691944166668,12.88499,12.88499,6764.848869000001,0,-0.01,,,,,13.891319616758935,,,,39,98,,14,,,,,147,0.11,,,,,,,0.132,,50.6268973,30.4377379,
18:20:57.937,,,,,,,,,,,,,,,,,,,,0,5.882352941176471,99,,,,,,,,,,5.882352941176471,,,,,,,,6.2745098039215685,,,,,,,,,,,,,0,,,,,,,,,,,,0.11,,17.6470588235294,99,,,,,,50.6268973,30.4377379,
18:20:58.009,,,,,,,,,,,,,,,,,,,,,,,0,57.57656,57.57656,627.89670895,0,0.7197070000000001,0.7197070000000001,8.162865,0,,5.882352941176471,,,0,0,,,,,,,,,,,0,5.585623271729354,5.585623271729354,0.12066588859666066,,,50,,,,38070,,12000,0,0,,147,0.11,38070,17.6470588235294,,,,,,0,50.6268605,30.4377308,
18:20:58.068,,,,,,,,,,,,,,,,,,,48,,,,,,,,,,,,,,,,,,,,,,,,,,,,,,,,,,,,,,,,,,,,,,,,,,,,80,,,50.6268605,30.4377308,
18:20:58.153,,,,,,,,,,,,,,,32,,,,,,,,,,,,,,,,,,,,,,,,,,,,,,,,,,,,,,,,,,,,,,,,,,,,,,,,80,,,50.6268605,30.4377308,
18:20:58.201,,,,,,,,,,,,,,,,,,16.25,,,,,,,,,,,,,,,,,,,,,,,,,,,,,,,,,,,,,,,,,,,,,,,,,,,,,,,,50.6268605,30.4377308,
18:20:58.238,,,,,,,,,,,,,,,,1088,0.0625,,,,,,,,,,,,,,,,,,,,,,,,,,,,,,,,,,,,,,,,,,,,,,,,,,,,,,,,,50.6268605,30.4377308,
18:20:58.414,,,,,,,,,347.92,50.5,,3.638,,,,,,,,,,,,,,,,,,,,,,,,,,,,,,,,,,,,,,,,,,,,,,,,,,,7.276,,,,,,,,,,,50.6268605,30.4377308,
18:20:58.502,-19.25,,-19.899999999999864,,,,,,,,,,3.624,,,,,,,,,,,,,,,,,,,,,,,,,,,,,,,,,,,,,,,,,,,,,,,,,,7.262,,,,,,,,,,,50.6268605,30.4377308,
18:20:58.585,,-20.949999999999818,,,,,,,,,,,,,,,,,,,,,,,,,,,,,,,,,,,,,,,,,,,,,,,,,,,,,,,,,,,,,,,,,,,,,,,,50.6268605,30.4377308,
18:20:58.733,,,,,,,,,,,,,,,,,,,,,,,,,,,,,,,,,,0.15,0,,,0,0,,0,0.5678994160277778,12.88832,12.88832,6764.852199000001,0,-0.01,,,,,13.891952011300365,,,,39,98,,14,,,,,147,0.15,,,,,,,0.18,,50.6268605,30.4377308,
18:20:58.806,,,,,,,,,,,,,,,,,,,,0,5.882352941176471,99,,,,,,,,,,5.882352941176471,,,,,,,,12.941176470588236,,,,,,,,,,,,,0,,,,,,,,,,,,0.15,,17.6470588235294,99,,,,,,50.6268605,30.4377308,
18:20:58.890,,,,,,,,,,,,,,,,,,,,,,,0,57.57656,57.57656,627.89670895,0,0.7197070000000001,0.7197070000000001,8.162865,0,,5.882352941176471,,,0,0,,,,,,,,,,,0,5.584180094845566,5.584180094845566,0.12066582919885016,,,50,,,,38070,,12000,0,0,,147,0.15,38070,17.6470588235294,,,,,,0,50.6268605,30.4377308,
18:20:59.022,,,,,,,,,,,,,,,32,,,,,,,,,,,,,,,,,,,,,,,,,,,,,,,,,,,,,,,,,,,,,,,,,,,,,,,,80,,,50.6268259,30.4377254,
18:20:59.056,,,,,,,,,,,,,,,,,,80.515625,,,,,,,,,,,,,,,,,,,,,,,,,,,,,,,,,,,,,,,,,,,,,,,,,,,,,,,,50.6268259,30.4377254,
18:20:59.105,,,,,,,,,,,,,,,,5280,0.3125,,,,,,,,,,,,,,,,,,,,,,,,,,,,,,,,,,,,,,,,,,,,,,,,,,,,,,,,,50.6268259,30.4377254,
18:20:59.224,,,,,,,,,347.76,50.5,,3.618,,,,,,,,,,,,,,,,,,,,,,,,,,,,,,,,,,,,,,,,,,,,,,,,,,,7.242,,,,,,,,,,,50.6268259,30.4377254,
18:20:59.286,-32.69999999999982,,-1600,,,,,,,,,,3.606,,,,,,,,,,,,,,,,,,,,,,,,,,,,,,,,,,,,,,,,,,,,,,,,,,7.224,,,,,,,,,,,50.6268259,30.4377254,
18:20:59.322,,-32.049999999999955,,,,,,,,,,,,,,,,,,,,,,,,,,,,,,,,,,,,,,,,,,,,,,,,,,,,,,,,,,,,,,,,,,,,,,,,50.6268259,30.4377254,
18:20:59.429,,,,,,,,,,,,,,,,,,,,,,,,,,,,,,,,,,,,,,,,,,,,,,,,,,,,,,,58,,,,,,,,,147,,,,,,,,,,50.6268259,30.4377254,
18:20:59.501,,,,,,,,,,,,,,,,,,,,,,,,,,,,,,,,,,0.17,0,,,0,0,,,0.5710971593611112,12.891518,12.891518,6764.855397000001,0,-0.01,,,,,13.897700369955752,,,,39,98,,15,,,,,147,0.17,,,,,,,0.20400000000000001,,50.6268259,30.4377254,
18:20:59.576,,,,,,,,,,,,,,,,,,,,0,5.882352941176471,99,,,,,,,,,,5.882352941176471,,,,,,,,15.294117647058824,,,,,,,,,,,,,0,,,,,,,,,,,,0.17,,17.6470588235294,99,,,,,,50.6268259,30.4377254,
18:20:59.674,,,,,,,,,,,,,,,,,,,,,,,0,57.57656,57.57656,627.89670895,0,0.7197070000000001,0.7197070000000001,8.162865,0,,5.882352941176471,,,0,0,,,,,,,,,,,0,5.582794826800072,5.582794826800072,0.12066577215560251,,,50,,,,38060,,12000,0,0,,147,0.17,38060,17.6470588235294,,,,,,0,50.6268259,30.4377254,
18:20:59.805,,,,,,,,,,,,,,,32,,,,,,,,,,,,,,,,,,,,,,,,,,,,,,,,,,,,,,,,,,,,,,,,,,,,,,,,80,,,50.6268259,30.4377254,
18:20:59.842,,,,,,,,,,,,,,,,,,68.9375,,,,,,,,,,,,,,,,,,,,,,,,,,,,,,,,,,,,,,,,,,,,,,,,,,,,,,,,50.6268259,30.4377254,
18:20:59.877,,,,,,,,,,,,,,,,4448,0.265625,,,,,,,,,,,,,,,,,,,,,,,,,,,,,,,,,,,,,,,,,,,,,,,,,,,,,,,,,50.6268259,30.4377254,
18:20:59.998,,,,,,,,,345.98,50.5,,3.613,,,,,,,,,,,,,,,,,,,,,,,,,,,,,,,,,,,,,,,,,,,,,,,,,,,7.219,,,,,,,,,,,50.6267844,30.4377184,
18:21:00.069,-31,,-1600,,,,,,,,,,3.606,,,,,,,,,,,,,,,,,,,,,,,,,,,,,,,,,,,,,,,,,,,,,,,,,,7.219,,,,,,,,,,,50.6267844,30.4377184,
18:21:00.105,,-31.649999999999864,,,,,,,,,,,,,,,,,,,,,,,,,,,,,,,,,,,,,,,,,,,,,,,,,,,,,,,,,,,,,,,,,,,,,,,,50.6267844,30.4377184,
18:21:00.214,,,,,,,,,,,,,,,,,,,,,,,,,,,,,,,,,,0.13,0,,,0,0,,0.02828804413680111,0.5744624935277778,12.894883,12.894883,6764.858762000001,0,-0.01,,,,,13.912573720507709,,,,39,98,,17,,,,,147,0.13,,,,,,,0.156,,50.6267844,30.4377184,
18:21:00.281,,,,,,,,,,,,,,,,,,,,0,5.882352941176471,99,,,,,,,,,,5.882352941176471,,,,,,,,16.470588235294116,,,,,,,,,,,,,0,,,,,,,,,,,,0.13,,17.6470588235294,99,,,,,,50.6267844,30.4377184,
18:21:00.378,,,,,,,,,,,,,,,,,,,,,,,0,57.57656,57.57656,627.89670895,0,0.7197070000000001,0.7197070000000001,8.162865,0,,5.882352941176471,,,0,0,,,,,,,,,,,0,5.581337961732573,5.581337961732573,0.12066571213360684,,,50,,,,38050,,12000,0,0,,147,0.13,38050,17.6470588235294,,,,,,0,50.6267844,30.4377184,
18:21:00.682,,,,,,,,,,,,,,,32,,,,,,,,,,,,,,,,,,,,,,,,,,,,,,,,,,,,,,,,,,,,,,,,,,,,,,,,80,,,50.6267844,30.4377184,
18:21:00.717,,,,,,,,,,,,,,,,,,75.421875,,,,,,,,,,,,,,,,,,,,,,,,,,,,,,,,,,,,,,,,,,,,,,,,,,,,,,,,50.6267844,30.4377184,
18:21:00.753,,,,,,,,,,,,,,,,4832,0.28125,,,,,,,,,,,,,,,,,,,,,,,,,,,,,,,,,,,,,,,,,,,,,,,,,,,,,,,,,50.6267844,30.4377184,
18:21:00.849,,,,28,,,,,,,,,,,,,,,,,,,,,,,,,,,,,,,,,,,,,,,,,,,,,,,,,,,,,,,,,,,,,,,,,,146,,,,50.6267844,30.4377184,
18:21:00.946,,,,,30,,,,,,86.6758781031239,,,86.6758781031239,,,,,,,,,,,,,,,,,,,,,,,,,,,,,,,,,,,,,,,,,,,,,,,,,,,,,,,127.5,147,,,,50.6267377,30.4377095,
18:21:01.006,,,,,,,,,345.66,50.5,,3.613,,,,,,,,,,,,,,,,,,,,,,,,,,,,,,,,,,,,,,,,,,,,,,,,,,,7.219,,,,,,,,,,,50.6267377,30.4377095,
18:21:01.053,-28.299999999999955,,-28.049999999999955,,,,,,,,,,3.603,,,,,,,,,,,,,,,,,,,,,,,,,,,,,,,,,,,,,,,,,,,,,,,,,,7.216,,,,,,,,,,,50.6267377,30.4377095,
18:21:01.113,,-27.59999999999991,,,,,,,,,,,,,,,,,,,,,,,,,,,,,,,,,,,,,,,,,,,,,,,,,,,,,,,,,,,,,,,,,,,,,,,,50.6267377,30.4377095,
18:21:01.235,,,,,,,,,,,,,,,,,,,,,,,,,,,,,,,,,,0.13,0,,,0,0,,0.042185483307932106,0.5798572004722222,12.900278,12.900278,6764.864157000001,0,-0.01,,,,,13.947317897680291,,,,39,98,,19,,,,,147,0.13,,,,,,,0.156,,50.6267377,30.4377095,
18:21:01.337,,,,,,,,,,,,,,,,,,,,0,5.882352941176471,99,,,,,,,,,,5.882352941176471,,,,,,,,14.509803921568627,,,,,,,,,,,,,0,,,,,,,,,,,,0.13,,17.6470588235294,99,,,,,,50.6267377,30.4377095,
18:21:01.408,,,,,,,,,,,,,,,,,,,,,,,0,57.57656,57.57656,627.89670895,0,0.7197070000000001,0.7197070000000001,8.162865,0,,5.882352941176471,,,0,0,,,,,,,,,,,0,5.57900380131343,5.57900380131343,0.12066561590232978,,,50,,,,38040,,12000,0,0,,147,0.13,38040,17.6470588235294,,,,,,0,50.6267377,30.4377095,
18:21:01.554,,,,,,,,,,,,,,,32,,,,,,,,,,,,,,,,,,,,,,,,,,,,,,,,,,,,,,,,,,,,,,,,,,,,,,,,80,,,50.6267377,30.4377095,
18:21:01.602,,,,,,,,,,,,,,,,,,54.640625,,,,,,,,,,,,,,,,,,,,,,,,,,,,,,,,,,,,,,,,,,,,,,,,,,,,,,,,50.6267377,30.4377095,
18:21:01.637,,,,,,,,,,,,,,,,3488,0.203125,,,,,,,,,,,,,,,,,,,,,,,,,,,,,,,,,,,,,,,,,,,,,,,,,,,,,,,,,50.6267377,30.4377095,
18:21:01.778,,,,,,,,,345.18,50,,3.609,,,,,,,,,,,,,,,,,,,,,,,,,,,,,,,,,,,,,,,,,,,,,,,,,,,7.212,,,,,,,,,,,50.6267377,30.4377095,
18:21:01.837,-29.09999999999991,,-29.049999999999955,,,,,,,,,,3.599,,,,,,,,,,,,,,,,,,,,,,,,,,,,,,,,,,,,,,,,,,,,,,,,,,7.208,,,,,,,,,,,50.6267377,30.4377095,
18:21:01.874,,-28.84999999999991,,,,,,,,,,,,,,,,,,,,,,,,,,,,,,,,,,,,,,,,,,,,,,,,,,,,,,,,,,,,,,,,,,,,,,,,50.6267377,30.4377095,
18:21:01.981,,,,,,,,,,,,,,,,,,,,,,,,,,,,,,,,,,0.13,0,,,0,0,,0.0523249269226782,0.5839995365833334,12.90442,12.90442,6764.868299000001,0,-0.01,,,,,13.977321586924072,,,,39,98,,20,,,,,147,0.13,,,,,,,0.156,,50.626687,30.4376997,
18:21:02.057,,,,,,,,,,,,,,,,,,,,0,5.882352941176471,99,,,,,,,,,,5.882352941176471,,,,,,,,15.294117647058824,,,,,,,,,,,,,0,,,,,,,,,,,,0.13,,17.6470588235294,99,,,,,,50.626687,30.4376997,
18:21:02.129,,,,,,,,,,,,,,,,,,,,,,,0,57.57656,57.57656,627.89670895,0,0.7197070000000001,0.7197070000000001,8.162865,0,,5.882352941176471,,,0,0,,,,,,,,,,,0,5.577213078929546,5.577213078929546,0.12066554202107165,,,50,,,,38040,,12000,0,0,,147,0.13,38040,17.6470588235294,,,,,,0,50.626687,30.4376997,
18:21:02.397,,,,,,,,,,,,,,,32,,,,,,,,,,,,,,,,,,,,,,,,,,,,,,,,,,,,,,,,,,,,,,,,,,,,,,,,80,,,50.626687,30.4376997,
18:21:02.434,,,,,,,,,,,,,,,,,,55.84375,,,,,,,,,,,,,,,,,,,,,,,,,,,,,,,,,,,,,,,,,,,,,,,,,,,,,,,,50.626687,30.4376997,
18:21:02.473,,,,,,,,,,,,,,,,3424,0.203125,,,,,,,,,,,,,,,,,,,,,,,,,,,,,,,,,,,,,,,,,,,,,,,,,,,,,,,,,50.626687,30.4376997,
18:21:02.582,,,,,,30,29,30,,,,,,,,,,,,,,,,,,,,,,,,,,,,,,,,,,,,,,,,,,,,,,,,,,,,,,,,,,,,,,147,,,,50.626687,30.4376997,
18:21:02.642,,,,,,,,,346.63,50,,3.604,,,,,,,,,,,,,,,,,,,,,,,,,,,,,,,,,,,,,,,,,,,,,,,,,,,7.203,,,,,,,,,,,50.626687,30.4376997,
18:21:02.702,-31.199999999999818,,-1600,,,,,,,,,,3.596,,,,,,,,,,,,,,,,,,,,,,,,,,,,,,,,,,,,,,,,,,,,,,,,,,7.2,,,,,,,,,,,50.626687,30.4376997,
18:21:02.738,,-31.449999999999818,,,,,,,,,,,,,,,,,,,,,,,,,,,,,,,,,,,,,,,,,,,,,,,,,,,,,,,,,,,,,,,,,,,,,,,,50.626687,30.4376997,
18:21:02.870,,,,,,,,,,,,,,,,,,,,,,,,,,,,,,,,,,0.11,0,,,0,0,,0.05885180696839611,0.5894305781944444,12.909851,12.909851,6764.873730000001,0,-0.01,,,,,14.024444577209078,,,,39,98,,22,,,,,147,0.11,,,,,,,0.132,,50.626687,30.4376997,
18:21:02.951,,,,,,,,,,,,,,,,,,,,0,5.882352941176471,99,,,,,,,,,,5.882352941176471,,,,,,,,15.686274509803921,,,,,,,,,,,,,0,,,,,,,,,,,,0.11,,17.6470588235294,99,,,,,,50.6266346,30.4376878,
18:21:03.025,,,,,,,,,,,,,,,,,,,,,,,0,57.57656,57.57656,627.89670895,0,0.7197070000000001,0.7197070000000001,8.162865,0,,5.882352941176471,,,0,0,,,,,,,,,,,0,5.574866820693749,5.574866820693749,0.12066544514793182,,,50,,,,38030,,12000,0,0,,147,0.11,38030,17.6470588235294,,,,,,0,50.6266346,30.4376878,
18:21:03.145,,,,,,,,,,,,,,,32,,,,,,,,,,,,,,,,,,,,,,,,,,,,,,,,,,,,,,,,,,,,,,,,,,,,,,,,80,,,50.6266346,30.4376878,
18:21:03.181,,,,,,,,,,,,,,,,,,54.96875,,,,,,,,,,,,,,,,,,,,,,,,,,,,,,,,,,,,,,,,,,,,,,,,,,,,,,,,50.6266346,30.4376878,
18:21:03.217,,,,,,,,,,,,,,,,3456,0.203125,,,,,,,,,,,,,,,,,,,,,,,,,,,,,,,,,,,,,,,,,,,,,,,,,,,,,,,,,50.6266346,30.4376878,
18:21:03.325,,,,,,,,,346.15000000000003,50,,3.603,,,,,,,,,,,,,,,,,,,,,,,,,,,,,,,,,,,,,,,,,,,,,,,,,,,7.199,,,,,,,,,,,50.6266346,30.4376878,
18:21:03.372,-31.649999999999864,,-1600,,,,,,,,,,3.592,,,,,,,,,,,,,,,,,,,,,,,,,,,,,,,,,,,,,,,,,,,,,,,,,,7.195,,,,,,,,,,,50.6266346,30.4376878,
18:21:03.398,,-31.649999999999864,,,,,,,,,,,,,,,,,,,,,,,,,,,,,,,,,,,,,,,,,,,,,,,,,,,,,,,,,,,,,,,,,,,,,,,,50.6266346,30.4376878,
18:21:03.494,,,,,,,,,,,,,,,,,,,,,,,,,,,,,,,,,,,,,,,,,,,,,,,,,,,,,,,57,,,,,,,,,146,,,,,,,,,,50.6266346,30.4376878,
18:21:03.566,,,,,,,,,,,,,,,,,,,,,,,,,,,,,,,,,,0.14,0,,,0,0,,0.05069862826906628,0.5938765676388889,12.914297,12.914297,6764.878176000001,0,-0.01,,,,,14.065537028855301,,,,39,98,,23,,,,,146,0.14,,,,,,,0.168,,50.6266346,30.4376878,
18:21:03.638,,,,,,,,,,,,,,,,,,,,0,5.882352941176471,99,,,,,,,,,,5.882352941176471,,,,,,,,15.686274509803921,,,,,,,,,,,,,0,,,,,,,,,,,,0.14,,17.6470588235294,99,,,,,,50.6266346,30.4376878,
18:21:03.709,,,,,,,,,,,,,,,,,,,,,,,0,57.57656,57.57656,627.89670895,0,0.7197070000000001,0.7197070000000001,8.162865,0,,5.882352941176471,,,0,0,,,,,,,,,,,0,5.572947563463966,5.572947563463966,0.12066536584442403,,,50,,,,38010,,12000,0,0,,146,0.14,38010,17.6470588235294,,,,,,0,50.6266346,30.4376878,
18:21:03.841,,,,,,,,,,,,,,,32,,,,,,,,,,,,,,,,,,,,,,,,,,,,,,,,,,,,,,,,,,,,,,,,,,,,,,,,80,,,50.6266346,30.4376878,
18:21:03.891,,,,,,,,,,,,,,,,,,52.234375,,,,,,,,,,,,,,,,,,,,,,,,,,,,,,,,,,,,,,,,,,,,,,,,,,,,,,,,50.6266346,30.4376878,
18:21:03.943,,,,,,,,,,,,,,,,3264,0.1875,,,,,,,,,,,,,,,,,,,,,,,,,,,,,,,,,,,,,,,,,,,,,,,,,,,,,,,,,50.6265761,30.4376754,
18:21:04.102,,,,,,,,,345.02,50,,3.6,,,,,,,,,,,,,,,,,,,,,,,,,,,,,,,,,,,,,,,,,,,,,,,,,,,7.192,,,,,,,,,,,50.6265761,30.4376754,
18:21:04.185,-31.449999999999818,,-1600,,,,,,,,,,3.591,,,,,,,,,,,,,,,,,,,,,,,,,,,,,,,,,,,,,,,,,,,,,,,,,,7.191,,,,,,,,,,,50.6265761,30.4376754,
18:21:04.222,,-31,,,,,,,,,,,,,,,,,,,,,,,,,,,,,,,,,,,,,,,,,,,,,,,,,,,,,,,,,,,,,,,,,,,,,,,,50.6265761,30.4376754,
18:21:04.414,,,,,,,,,,,,,,,,,,,,,,,,,,,,,,,,,,0,0,,,0,0,,0.04454951220986069,0.5995286249722221,12.919948999999999,12.919948999999999,6764.883828000001,0,-0.01,,,,,14.120641165887253,,,,39,98,,24,,,,,146,0,,,,,,,0,,50.6265761,30.4376754,
18:21:04.486,,,,,,,,,,,,,,,,,,,,0,5.882352941176471,99,,,,,,,,,,5.882352941176471,,,,,,,,15.294117647058824,,,,,,,,,,,,,0,,,,,,,,,,,,0,,17.6470588235294,99,,,,,,50.6265761,30.4376754,
18:21:04.557,,,,,,,,,,,,,,,,,,,,,,,0,57.57656,57.57656,627.89670895,0,0.7197070000000001,0.7197070000000001,8.162865,0,,5.882352941176471,,,0,0,,,,,,,,,,,0,5.570509604952776,5.570509604952776,0.12066526502958891,,,50,,,,38010,,12000,0,0,,146,0,38010,17.6470588235294,,,,,,0,50.6265761,30.4376754,
18:21:04.629,,,,,,,,,,,,,,,,,,,48,,,,,,,,,,,,,,,,,,,,,,,,,,,,,,,,,,,,,,,,,,,,,,,,,,,,80,,,50.6265761,30.4376754,
18:21:04.737,,,,,,,,,,,,,,,32,,,,,,,,,,,,,,,,,,,,,,,,,,,,,,,,,,,,,,,,,,,,,,,,,,,,,,,,80,,,50.6265761,30.4376754,
18:21:04.778,,,,,,,,,,,,,,,,,,26.40625,,,,,,,,,,,,,,,,,,,,,,,,,,,,,,,,,,,,,,,,,,,,,,,,,,,,,,,,50.6265761,30.4376754,
18:21:04.821,,,,,,,,,,,,,,,,1792,0.109375,,,,,,,,,,,,,,,,,,,,,,,,,,,,,,,,,,,,,,,,,,,,,,,,,,,,,,,,,50.6265761,30.4376754,
18:21:04.941,,,,,,,,,347.59000000000003,49.5,,3.611,,,,,,,,,,,,,,,,,,,,,,,,,,,,,,,,,,,,,,,,,,,,,,,,,,,7.202,,,,,,,,,,,50.6265166,30.4376601,
18:21:04.993,-14.599999999999909,,-14.899999999999864,,,,,,,,,,3.606,,,,,,,,,,,,,,,,,,,,,,,,,,,,,,,,,,,,,,,,,,,,,,,,,,7.217,,,,,,,,,,,50.6265166,30.4376601,
18:21:05.041,,-14.149999999999864,,,,,,,,,,,,,,,,,,,,,,,,,,,,,,,,,,,,,,,,,,,,,,,,,,,,,,,,,,,,,,,,,,,,,,,,50.6265166,30.4376601,
18:21:05.161,,,,,,,,,,,,,,,,,,,,,,,,,,,,,,,,,,0,0,,,0,0,,0.03562884075217734,0.6045125809722222,12.924933,12.924933,6764.888812000001,0,-0.01,,,,,14.168727005860116,,,,39,98,,24,,,,,146,0,,,,,,,0,,50.6265166,30.4376601,
18:21:05.222,,,,,,,,,,,,,,,,,,,,0,5.882352941176471,99,,,,,,,,,,5.882352941176471,,,,,,,,11.764705882352942,,,,,,,,,,,,,0,,,,,,,,,,,,0,,17.6470588235294,99,,,,,,50.6265166,30.4376601,
18:21:05.281,,,,,,,,,,,,,,,,,,,,,,,0,57.57656,57.57656,627.89670895,0,0.7197070000000001,0.7197070000000001,8.162865,0,,5.882352941176471,,,0,0,,,,,,,,,,,0,5.568361553595675,5.568361553595675,0.12066517613002269,,,50,,,,37980,,12000,0,0,,146,0,37980,17.6470588235294,,,,,,0,50.6265166,30.4376601,
18:21:05.401,,,,,,,,,,,,,,,32,,,,,,,,,,,,,,,,,,,,,,,,,,,,,,,,,,,,,,,,,,,,,,,,,,,,,,,,80,,,50.6265166,30.4376601,
18:21:05.439,,,,,,,,,,,,,,,,,,16.046875,,,,,,,,,,,,,,,,,,,,,,,,,,,,,,,,,,,,,,,,,,,,,,,,,,,,,,,,50.6265166,30.4376601,
18:21:05.486,,,,,,,,,,,,,,,,928,0.046875,,,,,,,,,,,,,,,,,,,,,,,,,,,,,,,,,,,,,,,,,,,,,,,,,,,,,,,,,50.6265166,30.4376601,
18:21:05.592,,,,,,,,,346.63,49.5,,3.617,,,,,,,,,,,,,,,,,,,,,,,,,,,,,,,,,,,,,,,,,,,,,,,,,,,7.223,,,,,,,,,,,50.6265166,30.4376601,
18:21:05.654,-13.5,,-13.5,,,,,,,,,,3.609,,,,,,,,,,,,,,,,,,,,,,,,,,,,,,,,,,,,,,,,,,,,,,,,,,7.226,,,,,,,,,,,50.6265166,30.4376601,
18:21:05.690,,-13.25,,,,,,,,,,,,,,,,,,,,,,,,,,,,,,,,,,,,,,,,,,,,,,,,,,,,,,,,,,,,,,,,,,,,,,,,50.6265166,30.4376601,
18:21:05.918,,,,,,,,,,,,,,,,,,,,,,,,,,,,,,,,,,0.12,0,,,0,0,,0.018588390450462552,0.6095546736388888,12.929974999999999,12.929974999999999,6764.893854000001,0,-0.01,,,,,14.216899770732335,,,,39,98,,24,,,,,146,0.12,,,,,,,0.144,,50.6265166,30.4376601,
18:21:05.989,,,,,,,,,,,,,,,,,,,,0,5.882352941176471,99,,,,,,,,,,5.882352941176471,,,,,,,,11.764705882352942,,,,,,,,,,,,,0,,,,,,,,,,,,0.12,,17.6470588235294,99,,,,,,50.6264547,30.4376459,
18:21:06.073,,,,,,,,,,,,,,,,,,,,,,,0,57.57656,57.57656,627.89670895,0,0.7197070000000001,0.7197070000000001,8.162865,0,,5.882352941176471,,,0,0,,,,,,,,,,,0,5.566190189849556,5.566190189849556,0.12066508619604424,,,50,,,,38000,,12000,0,0,,146,0.12,38000,17.6470588235294,,,,,,0,50.6264547,30.4376459,
18:21:06.206,,,,,,,,,,,,,,,32,,,,,,,,,,,,,,,,,,,,,,,,,,,,,,,,,,,,,,,,,,,,,,,,,,,,,,,,80,,,50.6264547,30.4376459,
18:21:06.241,,,,,,,,,,,,,,,,,,13.390625,,,,,,,,,,,,,,,,,,,,,,,,,,,,,,,,,,,,,,,,,,,,,,,,,,,,,,,,50.6264547,30.4376459,
18:21:06.277,,,,,,,,,,,,,,,,864,0.046875,,,,,,,,,,,,,,,,,,,,,,,,,,,,,,,,,,,,,,,,,,,,,,,,,,,,,,,,,50.6264547,30.4376459,
18:21:06.384,,,,,,,,,346.31,49.5,,3.622,,,,,,,,,,,,,,,,,,,,,,,,,,,,,,,,,,,,,,,,,,,,,,,,,,,7.231,,,,,,,,,,,50.6264547,30.4376459,
18:21:06.470,-5.349999999999909,,-3.5499999999999545,,,,,,,,,,3.614,,,,,,,,,,,,,,,,,,,,,,,,,,,,,,,,,,,,,,,,,,,,,,,,,,7.236,,,,,,,,,,,50.6264547,30.4376459,
18:21:06.506,,-2.7999999999999545,,,,,,,,,,,,,,,,,,,,,,,,,,,,,,,,,,,,,,,,,,,,,,,,,,,,,,,,,,,,,,,,,,,,,,,,50.6264547,30.4376459,
18:21:06.649,,,,,,,,,,,,,,,,,,,,,,,,,,,,,,,,,,0,0,,,0,0,,0.009187823688612044,0.6144305123055555,12.934851,12.934851,6764.898730000001,0,-0.01,,,,,14.263037246518525,,,,39,98,,24,,,,,146,0,,,,,,,0,,50.6264547,30.4376459,
18:21:06.722,,,,,,,,,,,,,,,,,,,,0,5.882352941176471,99,,,,,,,,,,5.882352941176471,,,,,,,,3.1372549019607843,,,,,,,,,,,,,0,,,,,,,,,,,,0,,17.6470588235294,99,,,,,,50.6264547,30.4376459,
18:21:06.793,,,,,,,,,,,,,,,,,,,,,,,0,57.57656,57.57656,627.89670895,0,0.7197070000000001,0.7197070000000001,8.162865,0,,5.882352941176471,,,0,0,,,,,,,,,,,0,5.564091924986226,5.564091924986226,0.12066499922312954,,,50,,,,37990,,12000,0,0,,146,0,37990,17.6470588235294,,,,,,0,50.6264547,30.4376459,
18:21:06.949,,,,,,,,,,,,,,,32,,,,,,,,,,,,,,,,,,,,,,,,,,,,,,,,,,,,,,,,,,,,,,,,,,,,,,,,80,,,50.6263926,30.4376325,
18:21:06.985,,,,,,,,,,,,,,,,,,-26.953125,,,,,,,,,,,,,,,,,,,,,,,,,,,,,,,,,,,,,,,,,,,,,,,,,,,,,,,,50.6263926,30.4376325,
18:21:07.038,,,,,,,,,,,,,,,,-1696,-0.109375,,,,,,,,,,,,,,,,,,,,,,,,,,,,,,,,,,,,,,,,,,,,,,,,,,,,,,,,,50.6263926,30.4376325,
18:21:07.158,,,,,30,,,,,,86.6758781031239,,,86.6758781031239,,,,,,,,,,,,,,,,,,,,,,,,,,,,,,,,,,,,,,,,,,,,,,,,,,,,,,,127.5,147,,,,50.6263926,30.4376325,
18:21:07.217,,,,,,,,,348.72,49.5,,3.637,,,,,,,,,,,,,,,,,,,,,,,,,,,,,,,,,,,,,,,,,,,,,,,,,,,7.251,,,,,,,,,,,50.6263926,30.4376325,
18:21:07.278,-2.449999999999818,,-2.449999999999818,,,,,,,,,,3.625,,,,,,,,,,,,,,,,,,,,,,,,,,,,,,,,,,,,,,,,,,,,,,,,,,7.262,,,,,,,,,,,50.6263926,30.4376325,
18:21:07.313,,-3,,,,,,,,,,,,,,,,,,,,,,,,,,,,,,,,,,,,,,,,,,,,,,,,,,,,,,,,,,,,,,,,,,,,,,,,50.6263926,30.4376325,
18:21:07.433,,,,,,,,,,,,,,,,,,,,,,,,,,,,,,,,,,,,,,,,,,,,,,,,,,,,,,,57,,,,,,,,,146,,,,,,,,,,50.6263926,30.4376325,
18:21:07.505,,,,,,,,,,,,,,,,,,,,,,,,,,,,,,,,,,0,0,,,0,0,,-0.009163096467415758,0.6198993960833332,12.94032,12.94032,6764.9041990000005,0,-0.01,,,,,14.310997341009688,,,,39,98,,23,,,,,146,0,,,,,,,0,,50.6263926,30.4376325,
18:21:07.573,,,,,,,,,,,,,,,,,,,,0,5.882352941176471,99,,,,,,,,,,5.882352941176471,,,,,,,,9.803921568627452,,,,,,,,,,,,,0,,,,,,,,,,,,0,,17.6470588235294,99,,,,,,50.6263926,30.4376325,
18:21:07.645,,,,,,,,,,,,,,,,,,,,,,,0,57.57656,57.57656,627.89670895,0,0.7197070000000001,0.7197070000000001,8.162865,0,,5.882352941176471,,,0,0,,,,,,,,,,,0,5.561740358816475,5.561740358816475,0.12066490167305916,,,50,,,,37990,,12000,0,0,,146,0,37990,17.6470588235294,,,,,,0,50.6263926,30.4376325,
18:21:07.896,,,,,,,,,,,,,,,32,,,,,,,,,,,,,,,,,,,,,,,,,,,,,,,,,,,,,,,,,,,,,,,,,,,,,,,,80,,,50.6263926,30.4376325,
18:21:07.969,,,,,,,,,,,,,,,,,,5.6875,,,,,,,,,,,,,,,,,,,,,,,,,,,,,,,,,,,,,,,,,,,,,,,,,,,,,,,,50.626339,30.4376232,
18:21:08.018,,,,,,,,,,,,,,,,416,0.015625,,,,,,,,,,,,,,,,,,,,,,,,,,,,,,,,,,,,,,,,,,,,,,,,,,,,,,,,,50.626339,30.4376232,
18:21:08.161,,,,,,,,,347.92,49.5,,3.629,,,,,,,,,,,,,,,,,,,,,,,,,,,,,,,,,,,,,,,,,,,,,,,,,,,7.254,,,,,,,,,,,50.626339,30.4376232,
18:21:08.222,-10.25,,-10.5,,,,,,,,,,3.62,,,,,,,,,,,,,,,,,,,,,,,,,,,,,,,,,,,,,,,,,,,,,,,,,,7.249,,,,,,,,,,,50.626339,30.4376232,
18:21:08.257,,-10.299999999999955,,,,,,,,,,,,,,,,,,,,,,,,,,,,,,,,,,,,,,,,,,,,,,,,,,,,,,,,,,,,,,,,,,,,,,,,50.626339,30.4376232,
18:21:08.378,,,,,,,,,,,,,,,,,,,,,,,,,,,,,,,,,,0.06,0,,,0,0,,-0.017614028491239584,0.6252340104722222,12.945655,12.945655,6764.909534000001,0,-0.01,,,,,14.353800386490915,,,,39,98,,22,,,,,146,0.06,,,,,,,0.072,,50.626339,30.4376232,
18:21:08.459,,,,,,,,,,,,,,,,,,,,0,5.882352941176471,99,,,,,,,,,,5.882352941176471,,,,,,,,0,,,,,,,,,,,,,0,,,,,,,,,,,,0.06,,17.6470588235294,99,,,,,,50.626339,30.4376232,
18:21:08.535,,,,,,,,,,,,,,,,,,,,,,,0,57.57656,57.57656,627.89670895,0,0.7197070000000001,0.7197070000000001,8.162865,0,,5.882352941176471,,,0,0,,,,,,,,,,,0,5.559448324553682,5.559448324553682,0.12066480651328691,,,50,,,,37980,,12000,0,0,,146,0.06,37980,17.6470588235294,,,,,,0,50.626339,30.4376232,
18:21:08.658,,,,,,,,,,,,,,,32,,,,,,,,,,,,,,,,,,,,,,,,,,,,,,,,,,,,,,,,,,,,,,,,,,,,,,,,80,,,50.626339,30.4376232,
18:21:08.694,,,,,,,,,,,,,,,,,,-54.40625,,,,,,,,,,,,,,,,,,,,,,,,,,,,,,,,,,,,,,,,,,,,,,,,,,,,,,,,50.626339,30.4376232,
18:21:08.730,,,,,,,,,,,,,,,,-3456,-0.21875,,,,,,,,,,,,,,,,,,,,,,,,,,,,,,,,,,,,,,,,,,,,,,,,,,,,,,,,,50.626339,30.4376232,
18:21:08.833,,,,28,,,,,,,,,,,,,,,,,,,,,,,,,,,,,,,,,,,,,,,,,,,,,,,,,,,,,,,,,,,,,,,,,,147,,,,50.626339,30.4376232,
18:21:08.954,,,,,,,,,350.98,49.5,,3.657,,,,,,,,,,,,,,,,,,,,,,,,,,,,,,,,,,,,,,,,,,,,,,,,,,,7.277,,,,,,,,,,,50.6262843,30.4376089,
18:21:09.013,17.15000000000009,,17.15000000000009,,,,,,,,,,3.651,,,,,,,,,,,,,,,,,,,,,,,,,,,,,,,,,,,,,,,,,,,,,,,,,,7.308,,,,,,,,,,,50.6262843,30.4376089,
18:21:09.050,,17.050000000000182,,,,,,,,,,,,,,,,,,,,,,,,,,,,,,,,,,,,,,,,,,,,,,,,,,,,,,,,,,,,,,,,,,,,,,,,50.6262843,30.4376089,
18:21:09.145,,,,,,,,,,,,,,,,,,,,,,,,,,,,,,,,,,0,0,,,0,0,,-0.035106178992682494,0.629496009361111,12.949917,12.949917,6764.913796000001,0,-0.01,,,,,14.381288464887614,,,,39,98,,20,,,,,146,0,,,,,,,0,,50.6262843,30.4376089,
18:21:09.214,,,,,,,,,,,,,,,,,,,,0,5.882352941176471,99,,,,,,,,,,5.882352941176471,,,,,,,,0,,,,,,,,,,,,,0,,,,,,,,,,,,0,,17.6470588235294,99,,,,,,50.6262843,30.4376089,
18:21:09.286,,,,,,,,,,,,,,,,,,,,,,,0,57.57656,57.57656,627.89670895,0,0.7197070000000001,0.7197070000000001,8.162865,0,,5.882352941176471,,,0,0,,,,,,,,,,,0,5.557618631841425,5.557618631841425,0.12066473049259828,,,50,,,,37940,,12000,0,0,,146,0,37940,17.6470588235294,,,,,,0,50.6262843,30.4376089,
18:21:09.442,,,,,,,,,,,,,,,32,,,,,,,,,,,,,,,,,,,,,,,,,,,,,,,,,,,,,,,,,,,,,,,,,,,,,,,,80,,,50.6262843,30.4376089,
18:21:09.478,,,,,,,,,,,,,,,,,,-69.453125,,,,,,,,,,,,,,,,,,,,,,,,,,,,,,,,,,,,,,,,,,,,,,,,,,,,,,,,50.6262843,30.4376089,
18:21:09.514,,,,,,,,,,,,,,,,-4384,-0.28125,,,,,,,,,,,,,,,,,,,,,,,,,,,,,,,,,,,,,,,,,,,,,,,,,,,,,,,,,50.6262843,30.4376089,
18:21:09.716,,,,,,,,,352.1,49.5,,3.664,,,,,,,,,,,,,,,,,,,,,,,,,,,,,,,,,,,,,,,,,,,,,,,,,,,7.315,,,,,,,,,,,50.6262843,30.4376089,
18:21:09.801,13.800000000000182,,13.400000000000091,,,,,,,,,,3.653,,,,,,,,,,,,,,,,,,,,,,,,,,,,,,,,,,,,,,,,,,,,,,,,,,7.317,,,,,,,,,,,50.6262843,30.4376089,
18:21:09.874,,13,,,,,,,,,,,,,,,,,,,,,,,,,,,,,,,,,,,,,,,,,,,,,,,,,,,,,,,,,,,,,,,,,,,,,,,,50.6262843,30.4376089,
18:21:09.992,,,,,,,,,,,,,,,,,,,,,,,,,,,,,,,,,,0,0,,,0,0,,-0.059303099693598614,0.633496022,12.953917,12.953917,6764.917796000001,0,-0.01,,,,,14.395290031492062,,,,39,98,,17,,,,,146,0,,,,,,,0,,50.6262401,30.4375993,
18:21:10.061,,,,,,,,,,,,,,,,,,,,0,5.882352941176471,99,,,,,,,,,,5.882352941176471,,,,,,,,0,,,,,,,,,,,,,0,,,,,,,,,,,,0,,17.6470588235294,99,,,,,,50.6262401,30.4375993,
18:21:10.120,,,,,,,,,,,,,,,,,,,,,,,0,57.57656,57.57656,627.89670895,0,0.7197070000000001,0.7197070000000001,8.162865,0,,5.882352941176471,,,0,0,,,,,,,,,,,0,5.555902511958353,5.555902511958353,0.12066465914525357,,,50,,,,37950,,12000,0,0,,146,0,37950,17.6470588235294,,,,,,0,50.6262401,30.4375993,
18:21:10.242,,,,,,,,,,,,,,,32,,,,,,,,,,,,,,,,,,,,,,,,,,,,,,,,,,,,,,,,,,,,,,,,,,,,,,,,80,,,50.6262401,30.4375993,
18:21:10.278,,,,,,,,,,,,,,,,,,-53.953125,,,,,,,,,,,,,,,,,,,,,,,,,,,,,,,,,,,,,,,,,,,,,,,,,,,,,,,,50.6262401,30.4375993,
18:21:10.314,,,,,,,,,,,,,,,,-3488,-0.21875,,,,,,,,,,,,,,,,,,,,,,,,,,,,,,,,,,,,,,,,,,,,,,,,,,,,,,,,,50.6262401,30.4375993,
18:21:10.450,,,,,,30,29,30,,,,,,,,,,,,,,,,,,,,,,,,,,,,,,,,,,,,,,,,,,,,,,,,,,,,,,,,,,,,,,147,,,,50.6262401,30.4375993,
18:21:10.509,,,,,,,,,350.17,49.5,,3.656,,,,,,,,,,,,,,,,,,,,,,,,,,,,,,,,,,,,,,,,,,,,,,,,,,,7.309,,,,,,,,,,,50.6262401,30.4375993,
18:21:10.570,7.75,,7.900000000000091,,,,,,,,,,3.65,,,,,,,,,,,,,,,,,,,,,,,,,,,,,,,,,,,,,,,,,,,,,,,,,,7.306,,,,,,,,,,,50.6262401,30.4375993,
18:21:10.606,,7.650000000000091,,,,,,,,,,,,,,,,,,,,,,,,,,,,,,,,,,,,,,,,,,,,,,,,,,,,,,,,,,,,,,,,,,,,,,,,50.6262401,30.4375993,
18:21:10.797,,,,,,,,,,,,,,,,,,,,,,,,,,,,,,,,,,0.12,0,,,0,0,,-0.07744242891942518,0.6366247058333333,12.957046,12.957046,6764.920925000001,0,-0.01,,,,,14.393292810248514,,,,39,98,,14,,,,,146,0.12,,,,,,,0.144,,50.6262401,30.4375993,
18:21:10.882,,,,,,,,,,,,,,,,,,,,0,5.882352941176471,99,,,,,,,,,,5.882352941176471,,,,,,,,0,,,,,,,,,,,,,0,,,,,,,,,,,,0.12,,17.6470588235294,99,,,,,,50.6262401,30.4375993,
18:21:10.989,,,,,,,,,,,,,,,,,,,,,,,0,57.57656,57.57656,627.89670895,0,0.7197070000000001,0.7197070000000001,8.162865,0,,5.882352941176471,,,0,0,,,,,,,,,,,0,5.554560815790884,5.554560815790884,0.12066460333385196,,,50,,,,37950,,12000,0,0,,146,0.12,37950,17.6470588235294,,,,,,0,50.6262028,30.4375943,
18:21:11.106,,,,,,,,,,,,,,,,,,,48,,,,,,,,,,,,,,,,,,,,,,,,,,,,,,,,,,,,,,,,,,,,,,,,,,,,80,,,50.6262028,30.4375943,
18:21:11.236,,,,,,,,,,,,,,,32,,,,,,,,,,,,,,,,,,,,,,,,,,,,,,,,,,,,,,,,,,,,,,,,,,,,,,,,80,,,50.6262028,30.4375943,
18:21:11.346,,,,,,,,,,,,,,,,,,-21.375,,,,,,,,,,,,,,,,,,,,,,,,,,,,,,,,,,,,,,,,,,,,,,,,,,,,,,,,50.6262028,30.4375943,
18:21:11.394,,,,,,,,,,,,,,,,-1056,-0.078125,,,,,,,,,,,,,,,,,,,,,,,,,,,,,,,,,,,,,,,,,,,,,,,,,,,,,,,,,50.6262028,30.4375943,
18:21:11.657,,,,,,,,,348.72,49.5,,3.643,,,,,,,,,,,,,,,,,,,,,,,,,,,,,,,,,,,,,,,,,,,,,,,,,,,7.293,,,,,,,,,,,50.6262028,30.4375943,
18:21:11.730,-9.399999999999864,,-9.449999999999818,,,,,,,,,,3.634,,,,,,,,,,,,,,,,,,,,,,,,,,,,,,,,,,,,,,,,,,,,,,,,,,7.277,,,,,,,,,,,50.6262028,30.4375943,
18:21:11.769,,-9.649999999999864,,,,,,,,,,,,,,,,,,,,,,,,,,,,,,,,,,,,,,,,,,,,,,,,,,,,,,,,,,,,,,,,,,,,,,,,50.6262028,30.4375943,
18:21:11.865,,,,,,,,,,,,,,,,,,,,,,,,,,,,,,,,,,,,,,,,,,,,,,,,,,,,,,,57,,,,,,,,,146,,,,,,,,,,50.6262028,30.4375943,
18:21:11.949,,,,,,,,,,,,,,,,,,,,,,,,,,,,,,,,,,0,0,,,0,0,,-0.08724125053132194,0.6401456781111111,12.960567,12.960567,6764.924446000001,0,-0.01,,,,,14.368912661852246,,,,39,98,,11,,,,,146,0,,,,,,,0,,50.6261741,30.4375939,
18:21:12.041,,,,,,,,,,,,,,,,,,,,0,5.882352941176471,99,,,,,,,,,,5.882352941176471,,,,,,,,7.0588235294117645,,,,,,,,,,,,,0,,,,,,,,,,,,0,,17.6470588235294,99,,,,,,50.6261741,30.4375939,
18:21:12.113,,,,,,,,,,,,,,,,,,,,,,,0,57.57656,57.57656,627.89670895,0,0.7197070000000001,0.7197070000000001,8.162865,0,,5.882352941176471,,,0,0,,,,,,,,,,,0,5.553051807069862,5.553051807069862,0.1206645405304797,,,50,,,,37910,,12000,0,0,,146,0,37910,17.6470588235294,,,,,,0,50.6261741,30.4375939,
18:21:12.233,,,,,,,,,,,,,,,32,,,,,,,,,,,,,,,,,,,,,,,,,,,,,,,,,,,,,,,,,,,,,,,,,,,,,,,,80,,,50.6261741,30.4375939,
18:21:12.269,,,,,,,,,,,,,,,,,,24.890625,,,,,,,,,,,,,,,,,,,,,,,,,,,,,,,,,,,,,,,,,,,,,,,,,,,,,,,,50.6261741,30.4375939,
18:21:12.304,,,,,,,,,,,,,,,,1568,0.09375,,,,,,,,,,,,,,,,,,,,,,,,,,,,,,,,,,,,,,,,,,,,,,,,,,,,,,,,,50.6261741,30.4375939,
18:21:12.426,,,,,,,,,349.69,49.5,,3.635,,,,,,,,,,,,,,,,,,,,,,,,,,,,,,,,,,,,,,,,,,,,,,,,,,,7.269,,,,,,,,,,,50.6261741,30.4375939,
18:21:12.484,-11.799999999999955,,-11.849999999999909,,,,,,,,,,3.626,,,,,,,,,,,,,,,,,,,,,,,,,,,,,,,,,,,,,,,,,,,,,,,,,,7.261,,,,,,,,,,,50.6261741,30.4375939,
18:21:12.521,,-12.399999999999864,,,,,,,,,,,,,,,,,,,,,,,,,,,,,,,,,,,,,,,,,,,,,,,,,,,,,,,,,,,,,,,,,,,,,,,,50.6261741,30.4375939,
18:21:12.642,,,,,,,,,,,,,,,,,,,,,,,,,,,,,,,,,,0,0,,,0,0,,-0.0729065981429846,0.6422676340277778,12.962689,12.962689,6764.926568000001,0,-0.01,,,,,14.354388132375757,,,,39,98,,11,,,,,146,0,,,,,,,0,,50.6261741,30.4375939,
18:21:12.706,,,,,,,,,,,,,,,,,,,,0,5.882352941176471,99,,,,,,,,,,5.882352941176471,,,,,,,,8.235294117647058,,,,,,,,,,,,,0,,,,,,,,,,,,0,,17.6470588235294,99,,,,,,50.6261741,30.4375939,
18:21:12.766,,,,,,,,,,,,,,,,,,,,,,,0,57.57656,57.57656,627.89670895,0,0.7197070000000001,0.7197070000000001,8.162865,0,,5.882352941176471,,,0,0,,,,,,,,,,,0,5.552142769143039,5.552142769143039,0.120664502680822,,,50,,,,37930,,12000,0,0,,146,0,37930,17.6470588235294,,,,,,0,50.6261741,30.4375939,
18:21:12.909,,,,,,,,,,,,,,,32,,,,,,,,,,,,,,,,,,,,,,,,,,,,,,,,,,,,,,,,,,,,,,,,,,,,,,,,80,,,50.6261741,30.4375939,
18:21:12.947,,,,,,,,,,,,,,,,,,41.71875,,,,,,,,,,,,,,,,,,,,,,,,,,,,,,,,,,,,,,,,,,,,,,,,,,,,,,,,50.6261465,30.4375939,
18:21:12.985,,,,,,,,,,,,,,,,2784,0.15625,,,,,,,,,,,,,,,,,,,,,,,,,,,,,,,,,,,,,,,,,,,,,,,,,,,,,,,,,50.6261465,30.4375939,
18:21:13.093,,,,,,,,,347.92,49.5,,3.631,,,,,,,,,,,,,,,,,,,,,,,,,,,,,,,,,,,,,,,,,,,,,,,,,,,7.257,,,,,,,,,,,50.6261465,30.4375939,
18:21:13.141,-14.349999999999909,,-14.25,,,,,,,,,,3.621,,,,,,,,,,,,,,,,,,,,,,,,,,,,,,,,,,,,,,,,,,,,,,,,,,7.252,,,,,,,,,,,50.6261465,30.4375939,
18:21:13.202,,-12.849999999999909,,,,,,,,,,,,,,,,,,,,,,,,,,,,,,,,,,,,,,,,,,,,,,,,,,,,,,,,,,,,,,,,,,,,,,,,50.6261465,30.4375939,
18:21:13.476,,,,,,,,,,,,,,,,,,,,,,,,,,,,,,,,,,0,0,,,0,0,,-0.04878110658503413,0.6448130456388889,12.965233999999999,12.965233999999999,6764.929113000001,0,-0.01,,,,,14.337129473675175,,,,39,98,,11,,,,,146,0,,,,,,,0,,50.6261465,30.4375939,
18:21:13.562,,,,,,,,,,,,,,,,,,,,0,5.882352941176471,99,,,,,,,,,,5.882352941176471,,,,,,,,1.9607843137254901,,,,,,,,,,,,,0,,,,,,,,,,,,0,,17.6470588235294,99,,,,,,50.6261465,30.4375939,
18:21:13.645,,,,,,,,,,,,,,,,,,,,,,,0,57.57656,57.57656,627.89670895,0,0.7197070000000001,0.7197070000000001,8.162865,0,,5.882352941176471,,,0,0,,,,,,,,,,,0,5.55105291582088,5.55105291582088,0.12066445728623557,,,50,,,,37920,,12000,0,0,,146,0,37920,17.6470588235294,,,,,,0,50.6261465,30.4375939,
18:21:13.753,,,,,,,,,,,,,,,32,,,,,,,,,,,,,,,,,,,,,,,,,,,,,,,,,,,,,,,,,,,,,,,,,,,,,,,,80,,,50.6261465,30.4375939,
18:21:13.789,,,,,,,,,,,,,,,,,,1.578125,,,,,,,,,,,,,,,,,,,,,,,,,,,,,,,,,,,,,,,,,,,,,,,,,,,,,,,,50.6261465,30.4375939,
18:21:13.825,,,,,,,,,,,,,,,,64,0,,,,,,,,,,,,,,,,,,,,,,,,,,,,,,,,,,,,,,,,,,,,,,,,,,,,,,,,,50.6261465,30.4375939,
18:21:13.934,,,,,30,,,,,,86.6758781031239,,,86.6758781031239,,,,,,,,,,,,,,,,,,,,,,,,,,,,,,,,,,,,,,,,,,,,,,,,,,,,,,,127.5,147,,,,50.6261465,30.4375939,
18:21:14.006,,,,,,,,,347.59000000000003,49.5,,3.636,,,,,,,,,,,,,,,,,,,,,,,,,,,,,,,,,,,,,,,,,,,,,,,,,,,7.257,,,,,,,,,,,50.6261166,30.437597,
18:21:14.077,-14,,-14.149999999999864,,,,,,,,,,3.623,,,,,,,,,,,,,,,,,,,,,,,,,,,,,,,,,,,,,,,,,,,,,,,,,,7.259,,,,,,,,,,,50.6261166,30.437597,
18:21:14.113,,-15.399999999999864,,,,,,,,,,,,,,,,,,,,,,,,,,,,,,,,,,,,,,,,,,,,,,,,,,,,,,,,,,,,,,,,,,,,,,,,50.6261166,30.437597,
18:21:14.258,,,,,,,,,,,,,,,,,,,,,,,,,,,,,,,,,,0,0,,,0,0,,-0.02454920066401073,0.6472024005555556,12.967623,12.967623,6764.931502000001,0,-0.01,,,,,14.32108974626126,,,,39,98,,11,,,,,146,0,,,,,,,0,,50.6261166,30.437597,
18:21:14.322,,,,,,,,,,,,,,,,,,,,0,5.882352941176471,99,,,,,,,,,,5.882352941176471,,,,,,,,9.411764705882353,,,,,,,,,,,,,0,,,,,,,,,,,,0,,17.6470588235294,99,,,,,,50.6261166,30.437597,
18:21:14.441,,,,,,,,,,,,,,,,,,,,,,,0,57.57656,57.57656,627.89670895,0,0.7197070000000001,0.7197070000000001,8.162865,0,,5.882352941176471,,,0,0,,,,,,,,,,,0,5.550030256123271,5.550030256123271,0.12066441467421674,,,50,,,,37890,,12000,0,0,,146,0,37890,17.6470588235294,,,,,,0,50.6261166,30.437597,
18:21:14.585,,,,,,,,,,,,,,,32,,,,,,,,,,,,,,,,,,,,,,,,,,,,,,,,,,,,,,,,,,,,,,,,,,,,,,,,80,,,50.6261166,30.437597,
18:21:14.609,,,,,,,,,,,,,,,,,,64.65625,,,,,,,,,,,,,,,,,,,,,,,,,,,,,,,,,,,,,,,,,,,,,,,,,,,,,,,,50.6261166,30.437597,
18:21:14.642,,,,,,,,,,,,,,,,4128,0.25,,,,,,,,,,,,,,,,,,,,,,,,,,,,,,,,,,,,,,,,,,,,,,,,,,,,,,,,,50.6261166,30.437597,
18:21:14.773,,,,,,,,,346.31,49.5,,3.62,,,,,,,,,,,,,,,,,,,,,,,,,,,,,,,,,,,,,,,,,,,,,,,,,,,7.243,,,,,,,,,,,50.6261166,30.437597,
18:21:14.833,-22.299999999999955,,-22.34999999999991,,,,,,,,,,3.612,,,,,,,,,,,,,,,,,,,,,,,,,,,,,,,,,,,,,,,,,,,,,,,,,,7.232,,,,,,,,,,,50.6261166,30.437597,
18:21:14.870,,-22.25,,,,,,,,,,,,,,,,,,,,,,,,,,,,,,,,,,,,,,,,,,,,,,,,,,,,,,,,,,,,,,,,,,,,,,,,50.6261166,30.437597,
18:21:14.994,,,,,,,,,,,,,,,,,,,,,,,,,,,,,,,,,,0.13,0,,,0,0,,0.009303571605043736,0.6496532505555556,12.970074,12.970074,6764.933953000001,0,-0.01,,,,,14.310647231948698,,,,39,98,,12,,,,,146,0.13,,,,,,,0.156,,50.6260877,30.4375987,
18:21:15.078,,,,,,,,,,,,,,,,,,,,0,3.1372549019607843,99,,,,,,,,,,1.1764705882352942,,,,,,,,10.588235294117647,,,,,,,,,,,,,0,,,,,,,,,,,,0.13,,12.9411764705882,99,,,,,,50.6260877,30.4375987,
18:21:15.162,,,,,,,,,,,,,,,,,,,,,,,0,57.57656,57.57656,627.89670895,0,0.7197070000000001,0.7197070000000001,8.162865,0,,3.1372549019607843,,,0,0,,,,,,,,,,,0,5.5489814476000685,5.5489814476000685,0.12066437095635012,,,50,,,,37900,,22000,0,0,,146,0.13,37900,7.45098039215686,,,,,,0,50.6260877,30.4375987,
18:21:15.298,,,,,,,,,,,,,,,31,,,,,,,,,,,,,,,,,,,,,,,,,,,,,,,,,,,,,,,,,,,,,,,,,,,,,,,,79,,,50.6260877,30.4375987,
18:21:15.382,,,,,,,,,,,,,,,,,,57.796875,,,,,,,,,,,,,,,,,,,,,,,,,,,,,,,,,,,,,,,,,,,,,,,,,,,,,,,,50.6260877,30.4375987,
18:21:15.465,,,,,,,,,,,,,,,,3584,0.21875,,,,,,,,,,,,,,,,,,,,,,,,,,,,,,,,,,,,,,,,,,,,,,,,,,,,,,,,,50.6260877,30.4375987,
18:21:15.634,,,,,,,,,347.43,49,,3.623,,,,,,,,,,,,,,,,,,,,,,,,,,,,,,,,,,,,,,,,,,,,,,,,,,,7.235,,,,,,,,,,,50.6260877,30.4375987,
18:21:15.706,-13.149999999999864,,-11.549999999999955,,,,,,,,,,3.616,,,,,,,,,,,,,,,,,,,,,,,,,,,,,,,,,,,,,,,,,,,,,,,,,,7.239,,,,,,,,,,,50.6260877,30.4375987,
18:21:15.741,,-12.649999999999864,,,,,,,,,,,,,,,,,,,,,,,,,,,,,,,,,,,,,,,,,,,,,,,,,,,,,,,,,,,,,,,,,,,,,,,,50.6260877,30.4375987,
18:21:15.861,,,,,,,,,,,,,,,,,,,,,,,,,,,,,,,,,,,,,,,,,,,,,,,,,,,,,,,57,,,,,,,,,146,,,,,,,,,,50.6260877,30.4375987,
18:21:15.922,,,,,,,,,,,,,,,,,,,,,,,,,,,,,,,,,,11.11,0,,,1522,1.5,,0.017270089144860976,0.6530539216388889,12.973475,12.973475,6764.937354000001,37.254901960784316,-0.37,,,,,14.303138106131017,,,,39,62,,13,,,,,146,11.11,,,,,,,13.331999999999999,,50.6260552,30.4376027,
18:21:16.033,,,,,,,,,,,,,,,,,,,,52.549019607843135,10.196078431372548,99,,,,,,,,,,8.627450980392156,,,,,,,,9.019607843137255,,,,,,,,,,,,,19.136954160000002,,,,,,,,,,,,30.24695416,,14.9019607843137,99,,,,,,50.6260552,30.4376027,
18:21:16.106,,,,,,,,,,,,,,,,,,,,,,,0.013604774647171382,57.59016,57.59016,627.91030895,0.00017005968308964227,0.7198770000000001,0.7198770000000001,8.163035,0.6500000096857548,,9.411764705882353,,,0.6500000096857548,2.5429286741864425,,,,,,,,,,,0.026040680172758852,5.548837146562505,5.548837146562505,0.12066682325111742,,,50,,,,22770,,22000,0,0,,146,30.8969541696858,22770,28.235294117647,,,,,,0,50.6260552,30.4376027,
18:21:16.241,,,,,,,,,,,,,,,31,,,,,,,,,,,,,,,,,,,,,,,,,,,,,,,,,,,,,,,,,,,,,,,,,,,,,,,,79,,,50.6260552,30.4376027,
18:21:16.277,,,,,,,,,,,,,,,,,,32.96875,,,,,,,,,,,,,,,,,,,,,,,,,,,,,,,,,,,,,,,,,,,,,,,,,,,,,,,,50.6260552,30.4376027,
18:21:16.314,,,,,,,,,,,,,,,,2208,0.125,,,,,,,,,,,,,,,,,,,,,,,,,,,,,,,,,,,,,,,,,,,,,,,,,,,,,,,,,50.6260552,30.4376027,
18:21:16.422,,,,,,,,,348.56,49,,3.637,,,,,,,,,,,,,,,,,,,,,,,,,,,,,,,,,,,,,,,,,,,,,,,,,,,7.253,,,,,,,,,,,50.6260552,30.4376027,
18:21:16.481,-3.7999999999999545,,-0.6999999999998181,,,,,,,,,,3.626,,,,,,,,,,,,,,,,,,,,,,,,,,,,,,,,,,,,,,,,,,,,,,,,,,7.263,,,,,,,,,,,50.6260552,30.4376027,
18:21:16.518,,-3.6499999999998636,,,,,,,,,,,,,,,,,,,,,,,,,,,,,,,,,,,,,,,,,,,,,,,,,,,,,,,,,,,,,,,,,,,,,,,,50.6260552,30.4376027,
18:21:16.642,,,,,,,,,,,,,,,,,,,,,,,,,,,,,,,,,,11.42,4.642857212041106,,,1499,1.5,,0.0268415323494766,0.6558757888611111,12.976296999999999,12.976296999999999,6764.940176000001,38.8235294117647,-0.33,,,,,14.301805756064338,,,,39,66,,14,,,,,146,31.2069541696858,,,,,,,13.703999999999999,,50.6260552,30.4376027,
18:21:16.732,,,,,,,,,,,,,,,,,,,,52.15686274509804,9.411764705882353,99,,,,,,,,,,7.8431372549019605,,,,,,,,12.549019607843137,,,,,,,,,,,,,16.274760960000002,,,,,,,,,,,,28.3447609696858,,27.4509803921568,99,,,,,,50.6260552,30.4376027,
18:21:16.805,,,,,,,,,,,,,,,,,,,,,,,0.07807310738560216,57.65464,57.65464,627.97478895,0.000975913842320027,0.7206830000000001,0.7206830000000001,8.163841,4.150000061839819,,9.411764705882353,,,4.150000061839819,16.23562153519036,,,,,,,,,,,0.14879552788716943,5.55384174699454,5.55384174699454,0.12067868728481715,,,50,,,,21970,,22000,0,0,,146,31.8447610218398,21970,26.6666666666666,,,,,,0,50.6260552,30.4376027,
18:21:16.937,,,,,,,,,,,,,,,31,,,,,,,,,,,,,,,,,,,,,,,,,,,,,,,,,,,,,,,,,,,,,,,,,,,,,,,,79,,,50.6260552,30.4376027,
18:21:16.985,,,,,,,,,,,,,,,,,,55.8125,,,,,,,,,,,,,,,,,,,,,,,,,,,,,,,,,,,,,,,,,,,,,,,,,,,,,,,,50.6260177,30.4376071,
18:21:17.022,,,,,,,,,,,,,,,,3584,0.21875,,,,,,,,,,,,,,,,,,,,,,,,,,,,,,,,,,,,,,,,,,,,,,,,,,,,,,,,,50.6260177,30.4376071,
18:21:17.208,,,,28,,,,,,,,,,,,,,,,,,,,,,,,,,,,,,,,,,,,,,,,,,,,,,,,,,,,,,,,,,,,,,,,,,147,,,,50.6260177,30.4376071,
18:21:17.378,,,,,,,,,346.15000000000003,49,,3.621,,,,,,,,,,,,,,,,,,,,,,,,,,,,,,,,,,,,,,,,,,,,,,,,,,,7.247,,,,,,,,,,,50.6260177,30.4376071,
18:21:17.438,-12.75,,-15.149999999999864,,,,,,,,,,3.612,,,,,,,,,,,,,,,,,,,,,,,,,,,,,,,,,,,,,,,,,,,,,,,,,,7.233,,,,,,,,,,,50.6260177,30.4376071,
18:21:17.473,,-11.799999999999955,,,,,,,,,,,,,,,,,,,,,,,,,,,,,,,,,,,,,,,,,,,,,,,,,,,,,,,,,,,,,,,,,,,,,,,,50.6260177,30.4376071,
18:21:17.593,,,,,,,,,,,,,,,,,,,,,,,,,,,,,,,,,,11.63,27.66666707893213,,,1502,1.5,,0.03397128414989009,0.6598156088611111,12.980236999999999,12.980236999999999,6764.944116000001,39.21568627450981,-0.32,,,,,14.305781792877644,,,,39,67,,15,,,,,146,32.0547610218398,,,,,,,13.956000000000001,,50.6260177,30.4376071,
18:21:17.697,,,,,,,,,,,,,,,,,,,,52.15686274509804,9.411764705882353,99,,,,,,,,,,7.8431372549019605,,,,,,,,9.019607843137255,,,,,,,,,,,,,15.278574840000001,,,,,,,,,,,,31.0585749018398,,26.6666666666666,99,,,,,,50.6260177,30.4376071,
18:21:17.769,,,,,,,,,,,,,,,,,,,,,,,0.15841447524944846,57.73496,57.73496,628.05510895,0.0019801809406181058,0.7216870000000001,0.7216870000000001,8.164845,3.7500000558793545,,9.411764705882353,,,3.7500000558793545,14.67074235107563,,,,,,,,,,,0.30011126048321884,5.559890778573612,5.559890778573612,0.12069345821629253,,,50,,,,21990,,22000,0,0,,146,30.6585748958794,21990,26.6666666666666,,,,,,0,50.6260177,30.4376071,
18:21:17.841,,,,,,,,,,,,,,,,,,,48,,,,,,,,,,,,,,,,,,,,,,,,,,,,,,,,,,,,,,,,,,,,,,,,,,,,79,,,50.6260177,30.4376071,
18:21:17.938,,,,,,,,,,,,,,,31,,,,,,,,,,,,,,,,,,,,,,,,,,,,,,,,,,,,,,,,,,,,,,,,,,,,,,,,79,,,50.6260177,30.4376071,
18:21:17.973,,,,,,,,,,,,,,,,,,21.9375,,,,,,,,,,,,,,,,,,,,,,,,,,,,,,,,,,,,,,,,,,,,,,,,,,,,,,,,50.6259769,30.4376139,
18:21:18.009,,,,,,,,,,,,,,,,1408,0.078125,,,,,,,,,,,,,,,,,,,,,,,,,,,,,,,,,,,,,,,,,,,,,,,,,,,,,,,,,50.6259769,30.4376139,
18:21:18.141,,,,,,,,,349.69,49,,3.639,,,,,,,,,,,,,,,,,,,,,,,,,,,,,,,,,,,,,,,,,,,,,,,,,,,7.251,,,,,,,,,,,50.6259769,30.4376139,
18:21:18.213,-10.599999999999909,,-11.199999999999818,,,,,,,,,,3.621,,,,,,,,,,,,,,,,,,,,,,,,,,,,,,,,,,,,,,,,,,,,,,,,,,7.26,,,,,,,,,,,50.6259769,30.4376139,
18:21:18.249,,-6,,,,,,,,,,,,,,,,,,,,,,,,,,,,,,,,,,,,,,,,,,,,,,,,,,,,,,,,,,,,,,,,,,,,,,,,50.6259769,30.4376139,
18:21:18.383,,,,,,,,,,,,,,,,,,,,,,,,,,,,,,,,,,5.99,23.437500349245965,,,1525,1.5,,0.03343184942994499,0.6633317773055556,12.983753,12.983753,6764.947632000001,22.352941176470587,-0.59,,,,,14.313816011802185,,,,39,40,,16,,,,,146,25.0185748958794,,,,,,,7.188,,50.6259769,30.4376139,
18:21:18.473,,,,,,,,,,,,,,,,,,,,29.019607843137255,5.098039215686274,99,,,,,,,,,,3.1372549019607843,,,,,,,,8.235294117647058,,,,,,,,,,,,,14.99592768,,,,,,,,,,,,24.7359277358794,,21.9607843137255,99,,,,,,50.6259769,30.4376139,
18:21:18.566,,,,,,,,,,,,,,,,,,,,,,,0.2248502262394183,57.80136,57.80136,628.1215089499999,0.0028106278279927286,0.7225170000000001,0.7225170000000001,8.165675,3.7500000558793545,,5.098039215686274,,,3.7500000558793545,14.67074235107563,,,,,,,,,,,0.4237137318235318,5.564777764949781,5.564777764949781,0.12070566461407899,,,50,,,,15950,,12000,0,0,,146,24.7359277358794,15950,13.3333333333333,,,,,,0,50.6259769,30.4376139,
18:21:18.698,,,,,,,,,,,,,,,31,,,,,,,,,,,,,,,,,,,,,,,,,,,,,,,,,,,,,,,,,,,,,,,,,,,,,,,,79,,,50.6259769,30.4376139,
18:21:18.745,,,,,,,,,,,,,,,,,,22.375,,,,,,,,,,,,,,,,,,,,,,,,,,,,,,,,,,,,,,,,,,,,,,,,,,,,,,,,50.6259769,30.4376139,
18:21:18.792,,,,,,,,,,,,,,,,1408,0.078125,,,,,,,,,,,,,,,,,,,,,,,,,,,,,,,,,,,,,,,,,,,,,,,,,,,,,,,,,50.6259769,30.4376139,
18:21:18.889,,,,,,30,29,30,,,,,,,,,,,,,,,,,,,,,,,,,,,,,,,,,,,,,,,,,,,,,,,,,,,,,,,,,,,,,,147,,,,50.6259769,30.4376139,
18:21:19.056,,,,,,,,,349.04,49,,3.64,,,,,,,,,,,,,,,,,,,,,,,,,,,,,,,,,,,,,,,,,,,,,,,,,,,7.261,,,,,,,,,,,50.6259351,30.4376221,
18:21:19.141,-9.649999999999864,,-9.25,,,,,,,,,,3.621,,,,,,,,,,,,,,,,,,,,,,,,,,,,,,,,,,,,,,,,,,,,,,,,,,7.261,,,,,,,,,,,50.6259351,30.4376221,
18:21:19.201,,-11.349999999999909,,,,,,,,,,,,,,,,,,,,,,,,,,,,,,,,,,,,,,,,,,,,,,,,,,,,,,,,,,,,,,,,,,,,,,,,50.6259351,30.4376221,
18:21:19.321,,,,,,,,,,,,,,,,,,,,,,,,,,,,,,,,,,5.32,23.437500349245965,,,1493,1.5,,0.0250015964524024,0.6675279284166667,12.987949,12.987949,6764.951828000001,19.215686274509803,-0.64,,,,,14.323304781159958,,,,39,35,,16,,,,,146,24.0659277358794,,,,,,,6.384,,50.6259351,30.4376221,
18:21:19.409,,,,,,,,,,,,,,,,,,,,25.098039215686274,4.313725490196078,99,,,,,,,,,,2.7450980392156863,,,,,,,,12.549019607843137,,,,,,,,,,,,,14.89903284,,,,,,,,,,,,23.9690328958794,,12.9411764705882,99,,,,,,50.6259351,30.4376221,
18:21:19.498,,,,,,,,,,,,,,,,,,,,,,,0.2859535509277066,57.86248,57.86248,628.18262895,0.003574419386596332,0.7232810000000001,0.7232810000000001,8.166439,2.9500000439584255,,4.313725490196078,,,2.9500000439584255,11.540983982846162,,,,,,,,,,,0.5354711367769471,5.568862335384902,5.568862335384902,0.12071688324814482,,,50,,,,11930,,12000,0,0,,146,23.1690328839584,11930,11.3725490196078,,,,,,0,50.6259351,30.4376221,
18:21:19.629,,,,,,,,,,,,,,,31,,,,,,,,,,,,,,,,,,,,,,,,,,,,,,,,,,,,,,,,,,,,,,,,,,,,,,,,79,,,50.6259351,30.4376221,
18:21:19.665,,,,,,,,,,,,,,,,,,44.796875,,,,,,,,,,,,,,,,,,,,,,,,,,,,,,,,,,,,,,,,,,,,,,,,,,,,,,,,50.6259351,30.4376221,
18:21:19.701,,,,,,,,,,,,,,,,2944,0.171875,,,,,,,,,,,,,,,,,,,,,,,,,,,,,,,,,,,,,,,,,,,,,,,,,,,,,,,,,50.6259351,30.4376221,
18:21:19.809,,,,,,,,,347.92,49,,3.627,,,,,,,,,,,,,,,,,,,,,,,,,,,,,,,,,,,,,,,,,,,,,,,,,,,7.248,,,,,,,,,,,50.6259351,30.4376221,
18:21:19.881,-13.949999999999818,,-12.149999999999864,,,,,,,,,,3.615,,,,,,,,,,,,,,,,,,,,,,,,,,,,,,,,,,,,,,,,,,,,,,,,,,7.242,,,,,,,,,,,50.6259351,30.4376221,
18:21:19.917,,-12.849999999999909,,,,,,,,,,,,,,,,,,,,,,,,,,,,,,,,,,,,,,,,,,,,,,,,,,,,,,,,,,,,,,,,,,,,,,,,50.6259351,30.4376221,
18:21:20.016,,,,,,,,,,,,,,,,,,,,,,,,,,,,,,,,,,,,,,,,,,,,,,,,,,,,,,,57,,,,,,,,,146,,,,,,,,,,50.6258928,30.4376294,
18:21:20.078,,,,,,,,,,,,,,,,,,,,,,,,,,,,,,,,,,5.0600000000000005,17.352941435049562,,,1498,1.5,,0.02473241497415981,0.6710873851111112,12.991508,12.991508,6764.955387000001,18.431372549019606,-0.65,,,,,14.335276616026169,,,,39,34,,17,,,,,146,22.9090328839584,,,,,,,6.072,,50.6258928,30.4376294,
18:21:20.174,,,,,,,,,,,,,,,,,,,,25.098039215686274,4.313725490196078,99,,,,,,,,,,2.7450980392156863,,,,,,,,11.372549019607844,,,,,,,,,,,,,14.84187828,,,,,,,,,,,,22.8518783239584,,11.3725490196078,99,,,,,,50.6258928,30.4376294,
18:21:20.233,,,,,,,,,,,,,,,,,,,,,,,0.3161779469336407,57.89272,57.89272,628.2128689499999,0.003952224336670509,0.723659,0.723659,8.166817,1.8500000275671482,,4.313725490196078,,,1.8500000275671482,7.237566226530645,,,,,,,,,,,0.5889284204047649,5.570246348614804,5.570246348614804,0.12072240735975749,,,50,,,,11960,,12000,0,0,,146,21.7518783075672,11960,11.3725490196078,,,,,,0,50.6258928,30.4376294,
18:21:20.330,,,,,,,,,,,,,,,31,,,,,,,,,,,,,,,,,,,,,,,,,,,,,,,,,,,,,,,,,,,,,,,,,,,,,,,,79,,,50.6258928,30.4376294,
18:21:20.365,,,,,,,,,,,,,,,,,,23.515625,,,,,,,,,,,,,,,,,,,,,,,,,,,,,,,,,,,,,,,,,,,,,,,,,,,,,,,,50.6258928,30.4376294,
18:21:20.389,,,,,,,,,,,,,,,,1472,0.078125,,,,,,,,,,,,,,,,,,,,,,,,,,,,,,,,,,,,,,,,,,,,,,,,,,,,,,,,,50.6258928,30.4376294,
18:21:20.486,,,,,30,,,,,,86.6758781031239,,,86.6758781031239,,,,,,,,,,,,,,,,,,,,,,,,,,,,,,,,,,,,,,,,,,,,,,,,,,,,,,,127.5,147,,,,50.6258928,30.4376294,
18:21:20.533,,,,,,,,,349.04,49,,3.636,,,,,,,,,,,,,,,,,,,,,,,,,,,,,,,,,,,,,,,,,,,,,,,,,,,7.251,,,,,,,,,,,50.6258928,30.4376294,
18:21:20.581,-4.449999999999818,,-2.699999999999818,,,,,,,,,,3.627,,,,,,,,,,,,,,,,,,,,,,,,,,,,,,,,,,,,,,,,,,,,,,,,,,7.263,,,,,,,,,,,50.6258928,30.4376294,
18:21:20.617,,-4.099999999999909,,,,,,,,,,,,,,,,,,,,,,,,,,,,,,,,,,,,,,,,,,,,,,,,,,,,,,,,,,,,,,,,,,,,,,,,50.6258928,30.4376294,
18:21:20.738,,,,,,,,,,,,,,,,,,,,,,,,,,,,,,,,,,5.11,10.882353103336166,,,1499,1.5,,0.018014163747638208,0.6741548481111113,12.994575,12.994575,6764.9584540000005,18.823529411764707,-0.65,,,,,14.345508104461627,,,,39,34,,17,,,,,146,21.8018783075672,,,,,,,6.132000000000001,,50.6258928,30.4376294,
18:21:20.838,,,,,,,,,,,,,,,,,,,,25.098039215686274,4.313725490196078,99,,,,,,,,,,2.7450980392156863,,,,,,,,10.196078431372548,,,,,,,,,,,,,14.81508708,,,,,,,,,,,,21.7750871075672,,11.3725490196078,99,,,,,,50.6258928,30.4376294,
18:21:20.957,,,,,,,,,,,,,,,,,,,,,,,0.3427226009958535,57.91928,57.91928,628.2394289499999,0.004284032512448169,0.723991,0.723991,8.167149,1.650000024586916,,4.313725490196078,,,1.650000024586916,6.4551266344732765,,,,,,,,,,,0.6354671370311192,5.571486562661727,5.571486562661727,0.12072726027121289,,,50,,,,11990,,12000,0,0,,146,21.5750871045869,11990,11.3725490196078,,,,,,0,50.6258486,30.4376358,
18:21:21.149,,,,,,,,,,,,,,,31,,,,,,,,,,,,,,,,,,,,,,,,,,,,,,,,,,,,,,,,,,,,,,,,,,,,,,,,79,,,50.6258486,30.4376358,
18:21:21.198,,,,,,,,,,,,,,,,,,23.765625,,,,,,,,,,,,,,,,,,,,,,,,,,,,,,,,,,,,,,,,,,,,,,,,,,,,,,,,50.6258486,30.4376358,
18:21:21.246,,,,,,,,,,,,,,,,1504,0.078125,,,,,,,,,,,,,,,,,,,,,,,,,,,,,,,,,,,,,,,,,,,,,,,,,,,,,,,,,50.6258486,30.4376358,
18:21:21.342,,,,,,,,,348.88,49,,3.638,,,,,,,,,,,,,,,,,,,,,,,,,,,,,,,,,,,,,,,,,,,,,,,,,,,7.265,,,,,,,,,,,50.6258486,30.4376358,
18:21:21.390,-4.199999999999818,,-7.25,,,,,,,,,,3.624,,,,,,,,,,,,,,,,,,,,,,,,,,,,,,,,,,,,,,,,,,,,,,,,,,7.262,,,,,,,,,,,50.6258486,30.4376358,
18:21:21.426,,-4.5,,,,,,,,,,,,,,,,,,,,,,,,,,,,,,,,,,,,,,,,,,,,,,,,,,,,,,,,,,,,,,,,,,,,,,,,50.6258486,30.4376358,
18:21:21.533,,,,,,,,,,,,,,,,,,,,,,,,,,,,,,,,,,5.08,9.705882497570094,,,1501,1.5,,0.008991841937232578,0.6778758789444446,12.998296,12.998296,6764.962175000001,18.823529411764707,-0.65,,,,,14.357814586187507,,,,39,34,,17,,,,,146,21.5450871045869,,,,,,,6.096,,50.6258486,30.4376358,
18:21:21.597,,,,,,,,,,,,,,,,,,,,24.705882352941178,4.313725490196078,99,,,,,,,,,,2.7450980392156863,,,,,,,,9.019607843137255,,,,,,,,,,,,,14.782937640000002,,,,,,,,,,,,21.5129376645869,,11.3725490196078,99,,,,,,50.6258486,30.4376358,
18:21:21.685,,,,,,,,,,,,,,,,,,,,,,,0.3701977860719324,57.94672,57.94672,628.2668689499999,0.0046274723258991545,0.724334,0.724334,8.167492,1.700000025331974,,4.313725490196078,,,1.700000025331974,6.6507365324876195,,,,,,,,,,,0.6826430132172323,5.572530430142536,5.572530430142536,0.12073226410907463,,,50,,,,11950,,12000,0,0,,146,21.562937665332,11950,11.3725490196078,,,,,,0,50.6258486,30.4376358,
18:21:21.817,,,,,,,,,,,,,,,32,,,,,,,,,,,,,,,,,,,,,,,,,,,,,,,,,,,,,,,,,,,,,,,,,,,,,,,,80,,,50.6258486,30.4376358,
18:21:21.866,,,,,,,,,,,,,,,,,,11.859375,,,,,,,,,,,,,,,,,,,,,,,,,,,,,,,,,,,,,,,,,,,,,,,,,,,,,,,,50.6258486,30.4376358,
18:21:21.901,,,,,,,,,,,,,,,,768,0.046875,,,,,,,,,,,,,,,,,,,,,,,,,,,,,,,,,,,,,,,,,,,,,,,,,,,,,,,,,50.6258486,30.4376358,
18:21:22.050,,,,,,,,,350.65000000000003,49,,3.639,,,,,,,,,,,,,,,,,,,,,,,,,,,,,,,,,,,,,,,,,,,,,,,,,,,7.263,,,,,,,,,,,50.6258046,30.4376436,
18:21:22.109,-1.199999999999818,,-1.599999999999909,,,,,,,,,,3.632,,,,,,,,,,,,,,,,,,,,,,,,,,,,,,,,,,,,,,,,,,,,,,,,,,7.271,,,,,,,,,,,50.6258046,30.4376436,
18:21:22.145,,-1.099999999999909,,,,,,,,,,,,,,,,,,,,,,,,,,,,,,,,,,,,,,,,,,,,,,,,,,,,,,,,,,,,,,,,,,,,,,,,50.6258046,30.4376436,
18:21:22.289,,,,,,,,,,,,,,,,,,,,,,,,,,,,,,,,,,5.1000000000000005,10.000000149011612,,,1499,1.5,,0.00954310636346384,0.6814668050000001,13.001887,13.001887,6764.965766000001,18.431372549019606,-0.65,,,,,14.369583064003283,,,,39,34,,17,,,,,146,21.582937665332,,,,,,,6.12,,50.6258046,30.4376436,
18:21:22.398,,,,,,,,,,,,,,,,,,,,24.705882352941178,4.313725490196078,99,,,,,,,,,,2.7450980392156863,,,,,,,,7.8431372549019605,,,,,,,,,,,,,14.75569992,,,,,,,,,,,,21.555699945332,,11.3725490196078,99,,,,,,50.6258046,30.4376436,
18:21:22.470,,,,,,,,,,,,,,,,,,,,,,,0.39984358784702256,57.9764,57.9764,628.29654895,0.004998044848087782,0.724705,0.724705,8.167863,1.700000025331974,,4.313725490196078,,,1.700000025331974,6.6507365324876195,,,,,,,,,,,0.7334245500171915,5.573844781145999,5.573844781145999,0.12073768415874049,,,50,,,,11970,,12000,0,0,,146,21.555699945332,11970,11.3725490196078,,,,,,0,50.6258046,30.4376436,
18:21:22.757,,,,,,,,,,,,,,,32,,,,,,,,,,,,,,,,,,,,,,,,,,,,,,,,,,,,,,,,,,,,,,,,,,,,,,,,80,,,50.6258046,30.4376436,
18:21:22.781,,,,,,,,,,,,,,,,,,15.515625,,,,,,,,,,,,,,,,,,,,,,,,,,,,,,,,,,,,,,,,,,,,,,,,,,,,,,,,50.6258046,30.4376436,
18:21:22.816,,,,,,,,,,,,,,,,896,0.046875,,,,,,,,,,,,,,,,,,,,,,,,,,,,,,,,,,,,,,,,,,,,,,,,,,,,,,,,,50.6258046,30.4376436,
18:21:22.939,,,,,,,,,350.17,48.5,,3.643,,,,,,,,,,,,,,,,,,,,,,,,,,,,,,,,,,,,,,,,,,,,,,,,,,,7.275,,,,,,,,,,,50.6258046,30.4376436,
18:21:22.985,-2.8999999999998636,,-0.6999999999998181,,,,,,,,,,3.631,,,,,,,,,,,,,,,,,,,,,,,,,,,,,,,,,,,,,,,,,,,,,,,,,,7.274,,,,,,,,,,,50.6257625,30.4376551,
18:21:23.021,,-3.849999999999909,,,,,,,,,,,,,,,,,,,,,,,,,,,,,,,,,,,,,,,,,,,,,,,,,,,,,,,,,,,,,,,,,,,,,,,,50.6257625,30.4376551,
18:21:23.173,,,,,,,,,,,,,,,,,,,,,,,,,,,,,,,,,,5.07,10.625000158324838,,,1500,1.5,,-0.009151081734514172,0.6853773045555557,13.005797,13.005797,6764.969676000001,18.431372549019606,-0.65,,,,,14.377942518920866,,,,39,34,,16,,,,,146,21.525699945332,,,,,,,6.0840000000000005,,50.6257625,30.4376551,
18:21:23.273,,,,,,,,,,,,,,,,,,,,24.705882352941178,4.313725490196078,99,,,,,,,,,,2.7450980392156863,,,,,,,,8.627450980392156,,,,,,,,,,,,,14.72935524,,,,,,,,,,,,21.499355265332,,11.3725490196078,99,,,,,,50.6257625,30.4376551,
18:21:23.345,,,,,,,,,,,,,,,,,,,,,,,0.432914564784263,58.00944,58.00944,628.3295889499999,0.005411432059803287,0.725118,0.725118,8.168276,1.700000025331974,,4.313725490196078,,,1.700000025331974,6.6507365324876195,,,,,,,,,,,0.7895551871698495,5.5753445944143225,5.5753445944143225,0.1207437193544044,,,50,,,,11970,,12000,0,0,,146,21.499355265332,11970,11.3725490196078,,,,,,0,50.6257625,30.4376551,
18:21:23.502,,,,,,,,,,,,,,,32,,,,,,,,,,,,,,,,,,,,,,,,,,,,,,,,,,,,,,,,,,,,,,,,,,,,,,,,80,,,50.6257625,30.4376551,
18:21:23.541,,,,,,,,,,,,,,,,,,-5.421875,,,,,,,,,,,,,,,,,,,,,,,,,,,,,,,,,,,,,,,,,,,,,,,,,,,,,,,,50.6257625,30.4376551,
18:21:23.578,,,,,,,,,,,,,,,,-160,-0.015625,,,,,,,,,,,,,,,,,,,,,,,,,,,,,,,,,,,,,,,,,,,,,,,,,,,,,,,,,50.6257625,30.4376551,
18:21:23.709,,,,,,,,,351.46,48.5,,3.651,,,,,,,,,,,,,,,,,,,,,,,,,,,,,,,,,,,,,,,,,,,,,,,,,,,7.282,,,,,,,,,,,50.6257625,30.4376551,
18:21:23.793,3.75,,6.350000000000136,,,,,,,,,,3.641,,,,,,,,,,,,,,,,,,,,,,,,,,,,,,,,,,,,,,,,,,,,,,,,,,7.292,,,,,,,,,,,50.6257625,30.4376551,
18:21:23.830,,7.25,,,,,,,,,,,,,,,,,,,,,,,,,,,,,,,,,,,,,,,,,,,,,,,,,,,,,,,,,,,,,,,,,,,,,,,,50.6257625,30.4376551,
18:21:23.913,,,,,,,,,,,,,,,,,,,,,,,,,,,,,,,,,,,,,,,,,,,,,,,,,,,,,,,57,,,,,,,,,146,,,,,,,,,,50.6257625,30.4376551,
18:21:23.972,,,,,,,,,,,,,,,,,,,,,,,,,,,,,,,,,,5.07,11.333333502213161,,,1500,1.5,,-0.01751636616996196,0.688706105388889,13.009126,13.009126,6764.973005000001,18.431372549019606,-0.65,,,,,14.380825069525818,,,,39,34,,15,,,,,146,21.499355265332,,,,,,,6.0840000000000005,,50.6257238,30.4376687,
18:21:24.045,,,,,,,,,,,,,,,,,,,,24.705882352941178,4.313725490196078,99,,,,,,,,,,2.7450980392156863,,,,,,,,10.588235294117647,,,,,,,,,,,,,14.709261840000002,,,,,,,,,,,,21.479261865332,,11.3725490196078,99,,,,,,50.6257238,30.4376687,
18:21:24.116,,,,,,,,,,,,,,,,,,,,,,,0.4620663578853252,58.038560000000004,58.038560000000004,628.3587089499999,0.005775829473566565,0.7254820000000001,0.7254820000000001,8.16864,1.700000025331974,,4.313725490196078,,,1.700000025331974,6.6507365324876195,,,,,,,,,,,0.8386493786497143,5.5767159146586796,5.5767159146586796,0.12074904059428689,,,50,,,,11960,,12000,0,0,,146,21.479261865332,11960,11.3725490196078,,,,,,0,50.6257238,30.4376687,
18:21:24.189,,,,,,,,,,,,,,,,,,,48,,,,,,,,,,,,,,,,,,,,,,,,,,,,,,,,,,,,,,,,,,,,,,,,,,,,80,,,50.6257238,30.4376687,
18:21:24.285,,,,,,,,,,,,,,,32,,,,,,,,,,,,,,,,,,,,,,,,,,,,,,,,,,,,,,,,,,,,,,,,,,,,,,,,80,,,50.6257238,30.4376687,
18:21:24.309,,,,,,,,,,,,,,,,,,39.828125,,,,,,,,,,,,,,,,,,,,,,,,,,,,,,,,,,,,,,,,,,,,,,,,,,,,,,,,50.6257238,30.4376687,
18:21:24.345,,,,,,,,,,,,,,,,2464,0.140625,,,,,,,,,,,,,,,,,,,,,,,,,,,,,,,,,,,,,,,,,,,,,,,,,,,,,,,,,50.6257238,30.4376687,
18:21:24.465,,,,,,,,,348.56,48.5,,3.632,,,,,,,,,,,,,,,,,,,,,,,,,,,,,,,,,,,,,,,,,,,,,,,,,,,7.273,,,,,,,,,,,50.6257238,30.4376687,
18:21:24.526,-10.549999999999955,,-13,,,,,,,,,,3.623,,,,,,,,,,,,,,,,,,,,,,,,,,,,,,,,,,,,,,,,,,,,,,,,,,7.255,,,,,,,,,,,50.6257238,30.4376687,
18:21:24.586,,-13.049999999999955,,,,,,,,,,,,,,,,,,,,,,,,,,,,,,,,,,,,,,,,,,,,,,,,,,,,,,,,,,,,,,,,,,,,,,,,50.6257238,30.4376687,
18:21:24.814,,,,,,,,,,,,,,,,,,,,,,,,,,,,,,,,,,5.09,11.333333502213161,,,1500,1.5,,-0.017264295064936038,0.6922156437222223,13.012636,13.012636,6764.976515000001,18.431372549019606,-0.65,,,,,14.38383533909454,,,,39,34,,15,,,,,146,21.499261865332,,,,,,,6.108,,50.6257238,30.4376687,
18:21:24.878,,,,,,,,,,,,,,,,,,,,24.705882352941178,4.313725490196078,99,,,,,,,,,,2.7450980392156863,,,,,,,,9.411764705882353,,,,,,,,,,,,,14.691847560000001,,,,,,,,,,,,21.481847585332,,11.3725490196078,99,,,,,,50.6257238,30.4376687,
18:21:24.954,,,,,,,,,,,,,,,,,,,,,,,0.49369930857891514,58.07016,58.07016,628.39030895,0.006171241357236439,0.7258770000000001,0.7258770000000001,8.169035000000001,1.700000025331974,,4.313725490196078,,,1.700000025331974,6.6507365324876195,,,,,,,,,,,0.8915200650554617,5.578247174515602,5.578247174515602,0.1207548168406317,,,50,,,,11940,,12000,0,0,,146,21.481847585332,11940,11.3725490196078,,,,,,0,50.6256855,30.4376863,
18:21:25.086,,,,,,,,,,,,,,,32,,,,,,,,,,,,,,,,,,,,,,,,,,,,,,,,,,,,,,,,,,,,,,,,,,,,,,,,80,,,50.6256855,30.4376863,
18:21:25.121,,,,,,,,,,,,,,,,,,9.765625,,,,,,,,,,,,,,,,,,,,,,,,,,,,,,,,,,,,,,,,,,,,,,,,,,,,,,,,50.6256855,30.4376863,
18:21:25.158,,,,,,,,,,,,,,,,480,0.015625,,,,,,,,,,,,,,,,,,,,,,,,,,,,,,,,,,,,,,,,,,,,,,,,,,,,,,,,,50.6256855,30.4376863,
18:21:25.254,,,,28,,,,,,,,,,,,,,,,,,,,,,,,,,,,,,,,,,,,,,,,,,,,,,,,,,,,,,,,,,,,,,,,,,147,,,,50.6256855,30.4376863,
18:21:25.386,,,,,,,,,348.40000000000003,48.5,,3.646,,,,,,,,,,,,,,,,,,,,,,,,,,,,,,,,,,,,,,,,,,,,,,,,,,,7.269,,,,,,,,,,,50.6256855,30.4376863,
18:21:25.445,2.3500000000001364,,3.3500000000001364,,,,,,,,,,3.638,,,,,,,,,,,,,,,,,,,,,,,,,,,,,,,,,,,,,,,,,,,,,,,,,,7.284,,,,,,,,,,,50.6256855,30.4376863,
18:21:25.492,,7.4500000000000455,,,,,,,,,,,,,,,,,,,,,,,,,,,,,,,,,,,,,,,,,,,,,,,,,,,,,,,,,,,,,,,,,,,,,,,,50.6256855,30.4376863,
18:21:25.601,,,,,,,,,,,,,,,,,,,,,,,,,,,,,,,,,,5.09,10.625000158324838,,,1500,1.5,,,0.6957087117222224,13.016129,13.016129,6764.980008000001,18.431372549019606,-0.65,,,,,14.391133950436293,,,,39,34,,16,,,,,146,21.481847585332,,,,,,,6.108,,50.6256855,30.4376863,
18:21:25.677,,,,,,,,,,,,,,,,,,,,24.705882352941178,4.313725490196078,99,,,,,,,,,,2.7450980392156863,,,,,,,,0,,,,,,,,,,,,,14.67666588,,,,,,,,,,,,21.466665905332,,11.3725490196078,99,,,,,,50.6256855,30.4376863,
18:21:25.761,,,,,,,,,,,,,,,,,,,,,,,0.524225079478229,58.100719999999995,58.100719999999995,628.4208689499999,0.006552813493477863,0.726259,0.726259,8.169417000000001,1.700000025331974,,4.313725490196078,,,1.700000025331974,6.6507365324876195,,,,,,,,,,,0.941890389334987,5.5796850200240025,5.5796850200240025,0.12076040121832093,,,50,,,,11940,,12000,0,0,,146,21.466665905332,11940,11.3725490196078,,,,,,0,50.6256855,30.4376863,
18:21:25.881,,,,,,,,,,,,,,,32,,,,,,,,,,,,,,,,,,,,,,,,,,,,,,,,,,,,,,,,,,,,,,,,,,,,,,,,80,,,50.6256855,30.4376863,
18:21:25.917,,,,,,,,,,,,,,,,,,-50.84375,,,,,,,,,,,,,,,,,,,,,,,,,,,,,,,,,,,,,,,,,,,,,,,,,,,,,,,,50.6256855,30.4376863,
18:21:25.966,,,,,,,,,,,,,,,,-3072,-0.1875,,,,,,,,,,,,,,,,,,,,,,,,,,,,,,,,,,,,,,,,,,,,,,,,,,,,,,,,,50.6256465,30.4377067,
18:21:26.097,,,,,,,,,352.59000000000003,48.5,,3.665,,,,,,,,,,,,,,,,,,,,,,,,,,,,,,,,,,,,,,,,,,,,,,,,,,,7.303,,,,,,,,,,,50.6256465,30.4377067,
18:21:26.157,17.5,,14.700000000000045,,,,,,,,,,3.656,,,,,,,,,,,,,,,,,,,,,,,,,,,,,,,,,,,,,,,,,,,,,,,,,,7.321,,,,,,,,,,,50.6256465,30.4377067,
18:21:26.194,,15.550000000000182,,,,,,,,,,,,,,,,,,,,,,,,,,,,,,,,,,,,,,,,,,,,,,,,,,,,,,,,,,,,,,,,,,,,,,,,50.6256465,30.4377067,
18:21:26.433,,,,,,,,,,,,,,,,,,,,,,,,,,,,,,,,,,5.11,11.333333502213161,,,1498,1.5,,,0.6991815454722223,13.019601999999999,13.019601999999999,6764.983481000001,18.431372549019606,-0.65,,,,,14.394036015339694,,,,39,34,,15,,,,,146,21.486665905332,,,,,,,6.132000000000001,,50.6256465,30.4377067,
18:21:26.530,,,,,,,,,,,,,,,,,,,,24.705882352941178,4.313725490196078,99,,,,,,,,,,2.7450980392156863,,,,,,,,0,,,,,,,,,,,,,14.662377240000001,,,,,,,,,,,,21.472377265332,,11.3725490196078,99,,,,,,50.6256465,30.4377067,
18:21:26.602,,,,,,,,,,,,,,,,,,,,,,,0.5559560257288347,58.13248,58.13248,628.45262895,0.006949450321610435,0.7266560000000001,0.7266560000000001,8.169814,1.700000025331974,,4.313725490196078,,,1.700000025331974,6.6507365324876195,,,,,,,,,,,0.9939407535301614,5.58124587833023,5.58124587833023,0.12076620767730739,,,50,,,,11990,,12000,0,0,,146,21.472377265332,11990,11.3725490196078,,,,,,0,50.6256465,30.4377067,
18:21:26.733,,,,,,,,,,,,,,,32,,,,,,,,,,,,,,,,,,,,,,,,,,,,,,,,,,,,,,,,,,,,,,,,,,,,,,,,80,,,50.6256465,30.4377067,
18:21:26.768,,,,,,,,,,,,,,,,,,-46.75,,,,,,,,,,,,,,,,,,,,,,,,,,,,,,,,,,,,,,,,,,,,,,,,,,,,,,,,50.6256465,30.4377067,
18:21:26.806,,,,,,,,,,,,,,,,-2848,-0.1875,,,,,,,,,,,,,,,,,,,,,,,,,,,,,,,,,,,,,,,,,,,,,,,,,,,,,,,,,50.6256465,30.4377067,
18:21:26.924,,,,,,30,29,30,,,,,,,,,,,,,,,,,,,,,,,,,,,,,,,,,,,,,,,,,,,,,,,,,,,,,,,,,,,,,,147,,,,50.6256465,30.4377067,
18:21:26.973,,,,,30,,,,,,86.6758781031239,,,86.6758781031239,,,,,,,,,,,,,,,,,,,,,,,,,,,,,,,,,,,,,,,,,,,,,,,,,,,,,,,127.5,147,,,,50.6256106,30.437726,
18:21:27.045,,,,,,,,,352.91,48.5,,3.663,,,,,,,,,,,,,,,,,,,,,,,,,,,,,,,,,,,,,,,,,,,,,,,,,,,7.319,,,,,,,,,,,50.6256106,30.437726,
18:21:27.117,13.75,,13.700000000000045,,,,,,,,,,3.655,,,,,,,,,,,,,,,,,,,,,,,,,,,,,,,,,,,,,,,,,,,,,,,,,,7.318,,,,,,,,,,,50.6256106,30.437726,
18:21:27.154,,12.150000000000091,,,,,,,,,,,,,,,,,,,,,,,,,,,,,,,,,,,,,,,,,,,,,,,,,,,,,,,,,,,,,,,,,,,,,,,,50.6256106,30.437726,
18:21:27.273,,,,,,,,,,,,,,,,,,,,,,,,,,,,,,,,,,5.07,13.076923271784416,,,1499,1.5,,,0.7022342307500001,13.022655,13.022655,6764.986534000001,18.431372549019606,-0.66,,,,,14.38732928473678,,,,39,33,,13,,,,,146,21.432377265332,,,,,,,6.0840000000000005,,50.6256106,30.437726,
18:21:27.369,,,,,,,,,,,,,,,,,,,,24.705882352941178,4.313725490196078,99,,,,,,,,,,2.7450980392156863,,,,,,,,0,,,,,,,,,,,,,14.651214240000002,,,,,,,,,,,,21.421214265332,,11.3725490196078,99,,,,,,50.6256106,30.437726,
18:21:27.442,,,,,,,,,,,,,,,,,,,,,,,0.5877056946463861,58.16424,58.16424,628.4843889499999,0.007346321183079827,0.7270530000000001,0.7270530000000001,8.170211,1.700000025331974,,4.313725490196078,,,1.700000025331974,6.6507365324876195,,,,,,,,,,,1.0461354433311816,5.582985957932542,5.582985957932542,0.12077202162838777,,,50,,,,11970,,12000,0,0,,146,21.421214265332,11970,11.3725490196078,,,,,,0,50.6256106,30.437726,
18:21:27.573,,,,,,,,,,,,,,,32,,,,,,,,,,,,,,,,,,,,,,,,,,,,,,,,,,,,,,,,,,,,,,,,,,,,,,,,80,,,50.6256106,30.437726,
18:21:27.622,,,,,,,,,,,,,,,,,,-48.515625,,,,,,,,,,,,,,,,,,,,,,,,,,,,,,,,,,,,,,,,,,,,,,,,,,,,,,,,50.6256106,30.437726,
18:21:27.658,,,,,,,,,,,,,,,,-2976,-0.1875,,,,,,,,,,,,,,,,,,,,,,,,,,,,,,,,,,,,,,,,,,,,,,,,,,,,,,,,,50.6256106,30.437726,
18:21:27.766,,,,,,,,,351.3,48.5,,3.665,,,,,,,,,,,,,,,,,,,,,,,,,,,,,,,,,,,,,,,,,,,,,,,,,,,7.32,,,,,,,,,,,50.6256106,30.437726,
18:21:27.813,14.650000000000091,,14.850000000000136,,,,,,,,,,3.657,,,,,,,,,,,,,,,,,,,,,,,,,,,,,,,,,,,,,,,,,,,,,,,,,,7.322,,,,,,,,,,,50.6256106,30.437726,
18:21:27.849,,14.950000000000045,,,,,,,,,,,,,,,,,,,,,,,,,,,,,,,,,,,,,,,,,,,,,,,,,,,,,,,,,,,,,,,,,,,,,,,,50.6256106,30.437726,
18:21:27.945,,,,,,,,,,,,,,,,,,,,,,,,,,,,,,,,,,,,,,,,,,,,,,,,,,,,,,,57,,,,,,,,,146,,,,,,,,,,50.6255797,30.4377426,
18:21:28.005,,,,,,,,,,,,,,,,,,,,,,,,,,,,,,,,,,5.1000000000000005,14.16666687776645,,,1500,1.5,,-0.026635610852591807,0.7046758757500001,13.025096999999999,13.025096999999999,6764.988976000001,18.431372549019606,-0.65,,,,,14.37741856688344,,,,38,34,,12,,,,,145,21.451214265332,,,,,,,6.12,,50.6255797,30.4377426,
18:21:28.151,,,,,,,,,,,,,,,,,,,,24.705882352941178,4.313725490196078,99,,,,,,,,,,2.7450980392156863,,,,,,,,0,,,,,,,,,,,,,14.642730360000002,,,,,,,,,,,,21.442730385332,,11.3725490196078,99,,,,,,50.6255797,30.4377426,
18:21:28.281,,,,,,,,,,,,,,,,,,,,,,,0.619402939340934,58.19592,58.19592,628.51606895,0.007742536741761676,0.727449,0.727449,8.170607,1.700000025331974,,4.313725490196078,,,1.700000025331974,6.6507365324876195,,,,,,,,,,,1.0987373072082458,5.584979520689942,5.584979520689942,0.12077783170063808,,,50,,,,11980,,12000,0,0,,145,21.442730385332,11980,11.3725490196078,,,,,,0,50.6255797,30.4377426,
18:21:28.426,,,,,,,,,,,,,,,32,,,,,,,,,,,,,,,,,,,,,,,,,,,,,,,,,,,,,,,,,,,,,,,,,,,,,,,,80,,,50.6255797,30.4377426,
18:21:28.462,,,,,,,,,,,,,,,,,,-99.75,,,,,,,,,,,,,,,,,,,,,,,,,,,,,,,,,,,,,,,,,,,,,,,,,,,,,,,,50.6255797,30.4377426,
18:21:28.497,,,,,,,,,,,,,,,,-6304,-0.390625,,,,,,,,,,,,,,,,,,,,,,,,,,,,,,,,,,,,,,,,,,,,,,,,,,,,,,,,,50.6255797,30.4377426,
18:21:28.637,,,,,,,,,353.55,48.5,,3.67,,,,,,,,,,,,,,,,,,,,,,,,,,,,,,,,,,,,,,,,,,,,,,,,,,,7.327,,,,,,,,,,,50.6255797,30.4377426,
18:21:28.697,12.950000000000045,,14.600000000000136,,,,,,,,,,3.659,,,,,,,,,,,,,,,,,,,,,,,,,,,,,,,,,,,,,,,,,,,,,,,,,,7.329,,,,,,,,,,,50.6255797,30.4377426,
18:21:28.738,,13.450000000000045,,,,,,,,,,,,,,,,,,,,,,,,,,,,,,,,,,,,,,,,,,,,,,,,,,,,,,,,,,,,,,,,,,,,,,,,50.6255797,30.4377426,
18:21:28.889,,,,,,,,,,,,,,,,,,,,,,,,,,,,,,,,,,5.11,21.250000316649675,,,1500,1.5,,-0.0689048873112798,0.7066254110833334,13.027047,13.027047,6764.990926000001,18.431372549019606,-0.65,,,,,14.345866806956083,,,,38,34,,8,,,,,145,21.452730385332,,,,,,,6.132000000000001,,50.6255797,30.4377426,
18:21:28.953,,,,,,,,,,,,,,,,,,,,24.705882352941178,4.313725490196078,99,,,,,,,,,,2.7450980392156863,,,,,,,,0,,,,,,,,,,,,,14.63290692,,,,,,,,,,,,21.442906945332,,11.3725490196078,99,,,,,,50.6255567,30.4377544,
18:21:29.014,,,,,,,,,,,,,,,,,,,,,,,0.6470998270869832,58.223600000000005,58.223600000000005,628.5437489499999,0.00808874783858729,0.7277950000000001,0.7277950000000001,8.170953,1.700000025331974,,4.313725490196078,,,1.700000025331974,6.6507365324876195,,,,,,,,,,,1.1447009563647537,5.586799525633094,5.586799525633094,0.120782911453679,,,50,,,,11970,,12000,0,0,,145,21.442906945332,11970,11.3725490196078,,,,,,0,50.6255567,30.4377544,
18:21:29.134,,,,,,,,,,,,,,,32,,,,,,,,,,,,,,,,,,,,,,,,,,,,,,,,,,,,,,,,,,,,,,,,,,,,,,,,80,,,50.6255567,30.4377544,
18:21:29.170,,,,,,,,,,,,,,,,,,-80.4375,,,,,,,,,,,,,,,,,,,,,,,,,,,,,,,,,,,,,,,,,,,,,,,,,,,,,,,,50.6255567,30.4377544,
18:21:29.206,,,,,,,,,,,,,,,,-5056,-0.3125,,,,,,,,,,,,,,,,,,,,,,,,,,,,,,,,,,,,,,,,,,,,,,,,,,,,,,,,,50.6255567,30.4377544,
18:21:29.313,,,,,,,,,352.26,48.5,,3.666,,,,,,,,,,,,,,,,,,,,,,,,,,,,,,,,,,,,,,,,,,,,,,,,,,,7.325,,,,,,,,,,,50.6255567,30.4377544,
18:21:29.362,5.7000000000000455,,6.550000000000182,,,,,,,,,,3.654,,,,,,,,,,,,,,,,,,,,,,,,,,,,,,,,,,,,,,,,,,,,,,,,,,7.32,,,,,,,,,,,50.6255567,30.4377544,
18:21:29.398,,6.400000000000091,,,,,,,,,,,,,,,,,,,,,,,,,,,,,,,,,,,,,,,,,,,,,,,,,,,,,,,,,,,,,,,,,,,,,,,,50.6255567,30.4377544,
18:21:29.529,,,,,,,,,,,,,,,,,,,,,,,,,,,,,,,,,,5.09,34.00000050663948,,,1498,1.5,,-0.09150875971402297,0.7075146640000001,13.027936,13.027936,6764.991815000001,18.431372549019606,-0.65,,,,,14.312242980418919,,,,38,34,,5,,,,,145,21.422906945332,,,,,,,6.108,,50.6255567,30.4377544,
18:21:29.604,,,,,,,,,,,,,,,,,,,,24.705882352941178,4.313725490196078,99,,,,,,,,,,2.7450980392156863,,,,,,,,0,,,,,,,,,,,,,14.62754868,,,,,,,,,,,,21.417548705332,,11.3725490196078,99,,,,,,50.6255567,30.4377544,
18:21:29.702,,,,,,,,,,,,,,,,,,,,,,,0.6730956116965727,58.2496,58.2496,628.56974895,0.00841369514620716,0.7281200000000001,0.7281200000000001,8.171278000000001,1.700000025331974,,4.313725490196078,,,1.700000025331974,6.6507365324876195,,,,,,,,,,,1.1891902139016526,5.588912932946555,5.588912932946555,0.1207876997261378,,,50,,,,11970,,12000,0,0,,145,21.417548705332,11970,11.3725490196078,,,,,,0,50.6255567,30.4377544,
18:21:29.832,,,,,,,,,,,,,,,32,,,,,,,,,,,,,,,,,,,,,,,,,,,,,,,,,,,,,,,,,,,,,,,,,,,,,,,,80,,,50.6255567,30.4377544,
18:21:29.869,,,,,,,,,,,,,,,,,,0,,,,,,,,,,,,,,,,,,,,,,,,,,,,,,,,,,,,,,,,,,,,,,,,,,,,,,,,50.6255567,30.4377544,
18:21:29.906,,,,,,,,,,,,,,,,0,0,,,,,,,,,,,,,,,,,,,,,,,,,,,,,,,,,,,,,,,,,,,,,,,,,,,,,,,,,50.6255567,30.4377544,
18:21:30.025,,,,,,,,,351.46,48.5,,3.659,,,,,,,,,,,,,,,,,,,,,,,,,,,,,,,,,,,,,,,,,,,,,,,,,,,7.313,,,,,,,,,,,50.6255465,30.4377588,
18:21:30.085,2.150000000000091,,5.050000000000182,,,,,,,,,,3.651,,,,,,,,,,,,,,,,,,,,,,,,,,,,,,,,,,,,,,,,,,,,,,,,,,7.31,,,,,,,,,,,50.6255465,30.4377588,
18:21:30.134,,4.050000000000182,,,,,,,,,,,,,,,,,,,,,,,,,,,,,,,,,,,,,,,,,,,,,,,,,,,,,,,,,,,,,,,,,,,,,,,,50.6255465,30.4377588,
18:21:30.325,,,,,,,,,,,,,,,,,,,,,,,,,,,,,,,,,,5.08,85.0000012665987,,,1498,1.5,,-0.10208424286181055,0.7079568963333334,13.028378,13.028378,6764.992257000001,18.431372549019606,-0.65,,,,,14.257416333092898,,,,38,34,,2,,,,,145,21.407548705332,,,,,,,6.096,,50.6255465,30.4377588,
18:21:30.430,,,,,,,,,,,,,,,,,,,,24.705882352941178,4.313725490196078,99,,,,,,,,,,2.7450980392156863,,,,,,,,0,,,,,,,,,,,,,14.6212974,,,,,,,,,,,,21.401297425332,,11.3725490196078,99,,,,,,50.6255465,30.4377588,
18:21:30.502,,,,,,,,,,,,,,,,,,,,,,,0.7033158850357789,58.27984,58.27984,628.5999889499999,0.008791448562947236,0.7284980000000001,0.7284980000000001,8.171656,1.700000025331974,,4.313725490196078,,,1.700000025331974,6.6507365324876195,,,,,,,,,,,1.241805625240761,5.59162468267347,5.59162468267347,0.12079327942385255,,,50,,,,11980,,12000,0,0,,145,21.401297425332,11980,11.3725490196078,,,,,,0,50.6255465,30.4377588,
18:21:30.585,,,,,,,,,,,,,,,,,,,48,,,,,,,,,,,,,,,,,,,,,,,,,,,,,,,,,,,,,,,,,,,,,,,,,,,,80,,,50.6255465,30.4377588,
18:21:30.682,,,,,,,,,,,,,,,32,,,,,,,,,,,,,,,,,,,,,,,,,,,,,,,,,,,,,,,,,,,,,,,,,,,,,,,,80,,,50.6255465,30.4377588,
18:21:30.717,,,,,,,,,,,,,,,,,,34.40625,,,,,,,,,,,,,,,,,,,,,,,,,,,,,,,,,,,,,,,,,,,,,,,,,,,,,,,,50.6255465,30.4377588,
18:21:30.765,,,,,,,,,,,,,,,,2144,0.125,,,,,,,,,,,,,,,,,,,,,,,,,,,,,,,,,,,,,,,,,,,,,,,,,,,,,,,,,50.6255465,30.4377588,
18:21:30.884,,,,,,,,,350.98,48,,3.656,,,,,,,,,,,,,,,,,,,,,,,,,,,,,,,,,,,,,,,,,,,,,,,,,,,7.307,,,,,,,,,,,50.6255465,30.4377588,
18:21:30.934,1.3500000000001364,,1.1000000000001364,,,,,,,,,,3.649,,,,,,,,,,,,,,,,,,,,,,,,,,,,,,,,,,,,,,,,,,,,,,,,,,7.305,,,,,,,,,,,50.6255465,30.4377588,
18:21:30.982,,0.20000000000004547,,,,,,,,,,,,,,,,,,,,,,,,,,,,,,,,,,,,,,,,,,,,,,,,,,,,,,,,,,,,,,,,,,,,,,,,50.6255399,30.4377613,
18:21:31.113,,,,,,,,,,,,,,,,,,,,,,,,,,,,,,,,,,5.11,85.0000012665987,,,1499,1.5,,-0.09113936540048835,0.7083945827777778,13.028815999999999,13.028815999999999,6764.992695000001,18.431372549019606,-0.65,,,,,14.203631946878126,,,,38,34,,2,,,,,145,21.431297425332,,,,,,,6.132000000000001,,50.6255399,30.4377613,
18:21:31.209,,,,,,,,,,,,,,,,,,,,24.705882352941178,4.313725490196078,99,,,,,,,,,,2.7450980392156863,,,,,,,,0,,,,,,,,,,,,,14.61549264,,,,,,,,,,,,21.425492665332,,11.3725490196078,99,,,,,,50.6255399,30.4377613,
18:21:31.281,,,,,,,,,,,,,,,,,,,,,,,0.7327541281411096,58.30928,58.30928,628.6294289499999,0.00915942660176387,0.728866,0.728866,8.172024,1.700000025331974,,4.313725490196078,,,1.700000025331974,6.6507365324876195,,,,,,,,,,,1.2929837162006033,5.594261212991265,5.594261212991265,0.12079871137244441,,,50,,,,11970,,12000,0,0,,145,21.425492665332,11970,11.3725490196078,,,,,,0,50.6255399,30.4377613,
18:21:31.402,,,,,,,,,,,,,,,32,,,,,,,,,,,,,,,,,,,,,,,,,,,,,,,,,,,,,,,,,,,,,,,,,,,,,,,,80,,,50.6255399,30.4377613,
18:21:31.462,,,,,,,,,,,,,,,,,,34.546875,,,,,,,,,,,,,,,,,,,,,,,,,,,,,,,,,,,,,,,,,,,,,,,,,,,,,,,,50.6255399,30.4377613,
18:21:31.522,,,,,,,,,,,,,,,,2144,0.125,,,,,,,,,,,,,,,,,,,,,,,,,,,,,,,,,,,,,,,,,,,,,,,,,,,,,,,,,50.6255399,30.4377613,
18:21:31.702,,,,,,,,,350.98,48,,3.657,,,,,,,,,,,,,,,,,,,,,,,,,,,,,,,,,,,,,,,,,,,,,,,,,,,7.306,,,,,,,,,,,50.6255399,30.4377613,
18:21:31.772,0.8000000000001819,,2.1000000000001364,,,,,,,,,,3.647,,,,,,,,,,,,,,,,,,,,,,,,,,,,,,,,,,,,,,,,,,,,,,,,,,7.304,,,,,,,,,,,50.6255399,30.4377613,
18:21:31.858,,1.25,,,,,,,,,,,,,,,,,,,,,,,,,,,,,,,,,,,,,,,,,,,,,,,,,,,,,,,,,,,,,,,,,,,,,,,,50.6255399,30.4377613,
18:21:32.025,,,,,,,,,,,,,,,,,,,,,,,,,,,,,,,,,,,,,,,,,,,,,,,,,,,,,,,57,,,,,,,,,145,,,,,,,,,,50.6255324,30.4377633,
18:21:32.194,,,,,,,,,,,,,,,,,,,,,,,,,,,,,,,,,,5.1000000000000005,85.0000012665987,,,1499,1.5,,-0.051435416367384496,0.7089949053333333,13.029416,13.029416,6764.993295000001,18.431372549019606,-0.65,,,,,14.130625361813028,,,,38,34,,2,,,,,145,21.415492665332,,,,,,,6.12,,50.6255324,30.4377633,
18:21:32.265,,,,,,,,,,,,,,,,,,,,24.705882352941178,4.313725490196078,99,,,,,,,,,,2.7450980392156863,,,,,,,,0,,,,,,,,,,,,,14.60879484,,,,,,,,,,,,21.408794865332,,11.3725490196078,99,,,,,,50.6255324,30.4377633,
18:21:32.325,,,,,,,,,,,,,,,,,,,,,,,0.7721742349507371,58.34872,58.34872,628.6688689499999,0.009652177936884214,0.7293590000000001,0.7293590000000001,8.172517000000001,1.700000025331974,,4.313725490196078,,,1.700000025331974,6.6507365324876195,,,,,,,,,,,1.3613888991693461,5.597787345188764,5.597787345188764,0.12080598817504076,,,50,,,,11970,,12000,0,0,,145,21.408794865332,11970,11.3725490196078,,,,,,0,50.6255324,30.4377633,
18:21:32.468,,,,,,,,,,,,,,,32,,,,,,,,,,,,,,,,,,,,,,,,,,,,,,,,,,,,,,,,,,,,,,,,,,,,,,,,80,,,50.6255324,30.4377633,
18:21:32.529,,,,,,,,,,,,,,,,,,37.5625,,,,,,,,,,,,,,,,,,,,,,,,,,,,,,,,,,,,,,,,,,,,,,,,,,,,,,,,50.6255324,30.4377633,
18:21:32.578,,,,,,,,,,,,,,,,2400,0.140625,,,,,,,,,,,,,,,,,,,,,,,,,,,,,,,,,,,,,,,,,,,,,,,,,,,,,,,,,50.6255324,30.4377633,
18:21:32.708,,,,,,,,,350.33,48,,3.653,,,,,,,,,,,,,,,,,,,,,,,,,,,,,,,,,,,,,,,,,,,,,,,,,,,7.3,,,,,,,,,,,50.6255324,30.4377633,
18:21:32.758,2.1000000000001364,,0.10000000000013642,,,,,,,,,,3.648,,,,,,,,,,,,,,,,,,,,,,,,,,,,,,,,,,,,,,,,,,,,,,,,,,7.301,,,,,,,,,,,50.6255324,30.4377633,
18:21:32.805,,2.1000000000001364,,,,,,,,,,,,,,,,,,,,,,,,,,,,,,,,,,,,,,,,,,,,,,,,,,,,,,,,,,,,,,,,,,,,,,,,50.6255324,30.4377633,
18:21:32.925,,,,,,,,,,,,,,,,,,,,,,,,,,,,,,,,,,5.08,,,,1500,1.5,,-0.041695148002097435,0.7089949053333333,13.029416,13.029416,6764.993295000001,18.431372549019606,-0.64,,,,,14.073178721794589,,,,38,35,,0,,,,,145,21.388794865332,,,,,,,6.096,,50.6255324,30.4377633,
18:21:33.010,,,,,,,,,,,,,,,,,,,,24.705882352941178,4.313725490196078,99,,,,,,,,,,2.7450980392156863,,,,,,,,0,,,,,,,,,,,,,14.6056692,,,,,,,,,,,,21.385669225332,,11.3725490196078,99,,,,,,50.6255267,30.4377641,
18:21:33.082,,,,,,,,,,,,,,,,,,,,,,,0.8007536002654918,58.37728,58.37728,628.6974289499999,0.010009420003318647,0.729716,0.729716,8.172874,1.700000025331974,,4.313725490196078,,,1.700000025331974,6.6507365324876195,,,,,,,,,,,1.4117760124965535,5.600527299151398,5.600527299151398,0.12081126534213363,,,50,,,,11980,,12000,0,0,,145,21.385669225332,11980,11.3725490196078,,,,,,0,50.6255267,30.4377641,
18:21:33.202,,,,,,,,,,,,,,,32,,,,,,,,,,,,,,,,,,,,,,,,,,,,,,,,,,,,,,,,,,,,,,,,,,,,,,,,80,,,50.6255267,30.4377641,
18:21:33.262,,,,,,,,,,,,,,,,,,38.609375,,,,,,,,,,,,,,,,,,,,,,,,,,,,,,,,,,,,,,,,,,,,,,,,,,,,,,,,50.6255267,30.4377641,
18:21:33.297,,,,,,,,,,,,,,,,2496,0.140625,,,,,,,,,,,,,,,,,,,,,,,,,,,,,,,,,,,,,,,,,,,,,,,,,,,,,,,,,50.6255267,30.4377641,
18:21:33.381,,,,28,,,,,,,,,,,,,,,,,,,,,,,,,,,,,,,,,,,,,,,,,,,,,,,,,,,,,,,,,,,,,,,,,,147,,,,50.6255267,30.4377641,
18:21:33.526,,,,,30,,,,,,86.6758781031239,,,86.6758781031239,,,,,,,,,,,,,,,,,,,,,,,,,,,,,,,,,,,,,,,,,,,,,,,,,,,,,,,127.5,147,,,,50.6255267,30.4377641,
18:21:33.599,,,,,,,,,350.01,47.5,,3.655,,,,,,,,,,,,,,,,,,,,,,,,,,,,,,,,,,,,,,,,,,,,,,,,,,,7.303,,,,,,,,,,,50.6255267,30.4377641,
18:21:33.649,0.15000000000009095,,1.2000000000000455,,,,,,,,,,3.648,,,,,,,,,,,,,,,,,,,,,,,,,,,,,,,,,,,,,,,,,,,,,,,,,,7.303,,,,,,,,,,,50.6255267,30.4377641,
18:21:33.686,,0.6000000000001364,,,,,,,,,,,,,,,,,,,,,,,,,,,,,,,,,,,,,,,,,,,,,,,,,,,,,,,,,,,,,,,,,,,,,,,,50.6255267,30.4377641,
18:21:33.807,,,,,,,,,,,,,,,,,,,,,,,,,,,,,,,,,,5.12,,,,1499,1.5,,-0.016273290858659688,0.7089949053333333,13.029416,13.029416,6764.993295000001,18.431372549019606,-0.65,,,,,14.00478277742428,,,,38,34,,0,,,,,145,21.425669225332,,,,,,,6.144,,50.6255267,30.4377641,
18:21:33.934,,,,,,,,,,,,,,,,,,,,24.705882352941178,4.313725490196078,99,,,,,,,,,,2.7450980392156863,,,,,,,,0,,,,,,,,,,,,,14.601204,,,,,,,,,,,,21.421204025332,,11.3725490196078,99,,,,,,50.6255267,30.4377641,
18:21:34.078,,,,,,,,,,,,,,,,,,,,,,,0.8384020766042756,58.41496,58.41496,628.7351089499999,0.010480025957553445,0.730187,0.730187,8.173345,1.700000025331974,,4.313725490196078,,,1.700000025331974,6.6507365324876195,,,,,,,,,,,1.4781525055707234,5.604142196396217,5.604142196396217,0.12081822765502087,,,50,,,,11960,,12000,0,0,,145,21.421204025332,11960,11.3725490196078,,,,,,0,50.6255231,30.4377638,
18:21:34.186,,,,,,,,,,,,,,,32,,,,,,,,,,,,,,,,,,,,,,,,,,,,,,,,,,,,,,,,,,,,,,,,,,,,,,,,80,,,50.6255231,30.4377638,
18:21:34.234,,,,,,,,,,,,,,,,,,40.5625,,,,,,,,,,,,,,,,,,,,,,,,,,,,,,,,,,,,,,,,,,,,,,,,,,,,,,,,50.6255231,30.4377638,
18:21:34.281,,,,,,,,,,,,,,,,2528,0.140625,,,,,,,,,,,,,,,,,,,,,,,,,,,,,,,,,,,,,,,,,,,,,,,,,,,,,,,,,50.6255231,30.4377638,
18:21:34.434,,,,,,,,,349.85,47.5,,3.653,,,,,,,,,,,,,,,,,,,,,,,,,,,,,,,,,,,,,,,,,,,,,,,,,,,7.301,,,,,,,,,,,50.6255231,30.4377638,
18:21:34.498,-2.6499999999998636,,-5.5,,,,,,,,,,3.645,,,,,,,,,,,,,,,,,,,,,,,,,,,,,,,,,,,,,,,,,,,,,,,,,,7.298,,,,,,,,,,,50.6255231,30.4377638,
18:21:34.546,,-7.699999999999818,,,,,,,,,,,,,,,,,,,,,,,,,,,,,,,,,,,,,,,,,,,,,,,,,,,,,,,,,,,,,,,,,,,,,,,,50.6255231,30.4377638,
18:21:34.654,,,,,,,,,,,,,,,,,,,,,,,,,,,,,,,,,,5.08,,,,1499,1.5,,-0.015997142732934396,0.7089949053333333,13.029416,13.029416,6764.993295000001,18.431372549019606,-0.65,,,,,13.940765891475278,,,,38,34,,0,,,,,145,21.381204025332,,,,,,,6.096,,50.6255231,30.4377638,
18:21:34.714,,,,,,,,,,,,,,,,,,,,24.705882352941178,4.313725490196078,99,,,,,,,,,,2.7450980392156863,,,,,,,,15.294117647058824,,,,,,,,,,,,,14.598524880000001,,,,,,,,,,,,21.378524905332,,11.3725490196078,99,,,,,,50.6255231,30.4377638,
18:21:34.786,,,,,,,,,,,,,,,,,,,,,,,0.8651449432249976,58.44168,58.44168,628.7618289499999,0.01081431179031247,0.730521,0.730521,8.173679,1.700000025331974,,4.313725490196078,,,1.700000025331974,6.6507365324876195,,,,,,,,,,,1.5253017629552825,5.606705626714198,5.606705626714198,0.12082316483655876,,,50,,,,11960,,12000,0,0,,145,21.378524905332,11960,11.3725490196078,,,,,,0,50.6255231,30.4377638,
18:21:34.929,,,,,,,,,,,,,,,32,,,,,,,,,,,,,,,,,,,,,,,,,,,,,,,,,,,,,,,,,,,,,,,,,,,,,,,,80,,,50.6255231,30.4377638,
18:21:34.989,,,,,,,,,,,,,,,,,,156.9375,,,,,,,,,,,,,,,,,,,,,,,,,,,,,,,,,,,,,,,,,,,,,,,,,,,,,,,,50.6255194,30.4377641,
18:21:35.039,,,,,,,,,,,,,,,,10016,0.609375,,,,,,,,,,,,,,,,,,,,,,,,,,,,,,,,,,,,,,,,,,,,,,,,,,,,,,,,,50.6255194,30.4377641,
18:21:35.170,,,,,,30,29,30,,,,,,,,,,,,,,,,,,,,,,,,,,,,,,,,,,,,,,,,,,,,,,,,,,,,,,,,,,,,,,147,,,,50.6255194,30.4377641,
18:21:35.241,,,,,,,,,347.59000000000003,47.5,,3.631,,,,,,,,,,,,,,,,,,,,,,,,,,,,,,,,,,,,,,,,,,,,,,,,,,,7.276,,,,,,,,,,,50.6255194,30.4377641,
18:21:35.301,-21.449999999999818,,-24.09999999999991,,,,,,,,,,3.62,,,,,,,,,,,,,,,,,,,,,,,,,,,,,,,,,,,,,,,,,,,,,,,,,,7.251,,,,,,,,,,,50.6255194,30.4377641,
18:21:35.325,,-25,,,,,,,,,,,,,,,,,,,,,,,,,,,,,,,,,,,,,,,,,,,,,,,,,,,,,,,,,,,,,,,,,,,,,,,,50.6255194,30.4377641,
18:21:35.445,,,,,,,,,,,,,,,,,,,,,,,,,,,,,,,,,,5.09,34.00000050663948,,,1500,1.5,,,0.7100945660277778,13.030515999999999,13.030515999999999,6764.994395000001,18.431372549019606,-0.65,,,,,13.902268358518173,,,,38,34,,5,,,,,145,21.388524905332,,,,,,,6.108,,50.6255194,30.4377641,
18:21:35.533,,,,,,,,,,,,,,,,,,,,24.705882352941178,4.313725490196078,99,,,,,,,,,,2.7450980392156863,,,,,,,,15.294117647058824,,,,,,,,,,,,,14.59584576,,,,,,,,,,,,21.385845785332,,11.3725490196078,99,,,,,,50.6255194,30.4377641,
18:21:35.689,,,,,,,,,,,,,,,,,,,,,,,0.8992780159558422,58.47584,58.47584,628.7959889499999,0.011240975199448028,0.730948,0.730948,8.174106,1.700000025331974,,4.313725490196078,,,1.700000025331974,6.6507365324876195,,,,,,,,,,,1.5830250979569245,5.6095092473697905,5.6095092473697905,0.12082945709521167,,,50,,,,11970,,12000,0,0,,145,21.385845785332,11970,11.3725490196078,,,,,,0,50.6255194,30.4377641,
18:21:35.917,,,,,,,,,,,,,,,32,,,,,,,,,,,,,,,,,,,,,,,,,,,,,,,,,,,,,,,,,,,,,,,,,,,,,,,,80,,,50.6255194,30.4377641,
18:21:35.965,,,,,,,,,,,,,,,,,,149.90625,,,,,,,,,,,,,,,,,,,,,,,,,,,,,,,,,,,,,,,,,,,,,,,,,,,,,,,,50.6255076,30.4377737,
18:21:36.014,,,,,,,,,,,,,,,,9600,0.578125,,,,,,,,,,,,,,,,,,,,,,,,,,,,,,,,,,,,,,,,,,,,,,,,,,,,,,,,,50.6255076,30.4377737,
18:21:36.120,,,,,,,,,345.34000000000003,47.5,,3.613,,,,,,,,,,,,,,,,,,,,,,,,,,,,,,,,,,,,,,,,,,,,,,,,,,,7.233,,,,,,,,,,,50.6255076,30.4377737,
18:21:36.182,-34.649999999999864,,-1600,,,,,,,,,,3.599,,,,,,,,,,,,,,,,,,,,,,,,,,,,,,,,,,,,,,,,,,,,,,,,,,7.212,,,,,,,,,,,50.6255076,30.4377737,
18:21:36.217,,-37.649999999999864,,,,,,,,,,,,,,,,,,,,,,,,,,,,,,,,,,,,,,,,,,,,,,,,,,,,,,,,,,,,,,,,,,,,,,,,50.6255076,30.4377737,
18:21:36.325,,,,,,,,,,,,,,,,,,,,,,,,,,,,,,,,,,,,,,,,,,,,,,,,,,,,,,,57,,,,,,,,,145,,,,,,,,,,50.6255076,30.4377737,
18:21:36.398,,,,,,,,,,,,,,,,,,,,,,,,,,,,,,,,,,5.1000000000000005,17.00000025331974,,,1498,1.5,,0.08158153614538284,0.7127760271388889,13.033197,13.033197,6764.997076000001,18.431372549019606,-0.64,,,,,13.881889299478301,,,,38,35,,10,,,,,145,21.395845785332,,,,,,,6.12,,50.6255076,30.4377737,
18:21:36.505,,,,,,,,,,,,,,,,,,,,24.705882352941178,4.313725490196078,99,,,,,,,,,,2.7450980392156863,,,,,,,,17.254901960784313,,,,,,,,,,,,,14.59316664,,,,,,,,,,,,21.393166665332,,11.3725490196078,99,,,,,,50.6255076,30.4377737,
18:21:36.589,,,,,,,,,,,,,,,,,,,,,,,0.933255312017699,58.50984,58.50984,628.8299889499999,0.011665691400221237,0.731373,0.731373,8.174531,1.700000025331974,,4.313725490196078,,,1.700000025331974,6.6507365324876195,,,,,,,,,,,1.6366559699051302,5.6116162442722235,5.6116162442722235,0.12083569154819837,,,50,,,,11970,,12000,0,0,,145,21.393166665332,11970,11.3725490196078,,,,,,0,50.6255076,30.4377737,
18:21:36.697,,,,,,,,,,,,,,,32,,,,,,,,,,,,,,,,,,,,,,,,,,,,,,,,,,,,,,,,,,,,,,,,,,,,,,,,80,,,50.6255076,30.4377737,
18:21:36.734,,,,,,,,,,,,,,,,,,104.078125,,,,,,,,,,,,,,,,,,,,,,,,,,,,,,,,,,,,,,,,,,,,,,,,,,,,,,,,50.6255076,30.4377737,
18:21:36.782,,,,,,,,,,,,,,,,6784,0.40625,,,,,,,,,,,,,,,,,,,,,,,,,,,,,,,,,,,,,,,,,,,,,,,,,,,,,,,,,50.6255076,30.4377737,
18:21:36.902,,,,,,,,,346.31,47.5,,3.613,,,,,,,,,,,,,,,,,,,,,,,,,,,,,,,,,,,,,,,,,,,,,,,,,,,7.212,,,,,,,,,,,50.6255076,30.4377737,
18:21:36.962,-32.69999999999982,,-30.09999999999991,,,,,,,,,,3.602,,,,,,,,,,,,,,,,,,,,,,,,,,,,,,,,,,,,,,,,,,,,,,,,,,7.215,,,,,,,,,,,50.6254939,30.4378129,
18:21:36.998,,-32.5,,,,,,,,,,,,,,,,,,,,,,,,,,,,,,,,,,,,,,,,,,,,,,,,,,,,,,,,,,,,,,,,,,,,,,,,50.6254939,30.4378129,
18:21:37.105,,,,,,,,,,,,,,,,,,,,,,,,,,,,,,,,,,5.1000000000000005,13.076923271784416,,,1499,1.5,,0.11164887590538808,0.7152852701666667,13.035706,13.035706,6764.9995850000005,18.431372549019606,-0.64,,,,,13.878586521331902,,,,38,35,,13,,,,,145,21.393166665332,,,,,,,6.12,,50.6254939,30.4378129,
18:21:37.186,,,,,,,,,,,,,,,,,,,,24.705882352941178,4.313725490196078,99,,,,,,,,,,2.7450980392156863,,,,,,,,18.823529411764707,,,,,,,,,,,,,14.591380560000001,,,,,,,,,,,,21.391380585332,,11.3725490196078,99,,,,,,50.6254939,30.4378129,
18:21:37.261,,,,,,,,,,,,,,,,,,,,,,,0.9586487828405356,58.5352,58.5352,628.8553489499999,0.011983109785506695,0.7316900000000001,0.7316900000000001,8.174848,1.700000025331974,,4.313725490196078,,,1.700000025331974,6.6507365324876195,,,,,,,,,,,1.6752910042051534,5.612967951256342,5.612967951256342,0.12084033261622144,,,50,,,,11960,,12000,0,0,,145,21.391380585332,11960,11.3725490196078,,,,,,0,50.6254939,30.4378129,
18:21:37.322,,,,,,,,,,,,,,,,,,,48,,,,,,,,,,,,,,,,,,,,,,,,,,,,,,,,,,,,,,,,,,,,,,,,,,,,80,,,50.6254939,30.4378129,
18:21:37.417,,,,,,,,,,,,,,,32,,,,,,,,,,,,,,,,,,,,,,,,,,,,,,,,,,,,,,,,,,,,,,,,,,,,,,,,80,,,50.6254939,30.4378129,
18:21:37.490,,,,,,,,,,,,,,,,,,114.828125,,,,,,,,,,,,,,,,,,,,,,,,,,,,,,,,,,,,,,,,,,,,,,,,,,,,,,,,50.6254939,30.4378129,
18:21:37.549,,,,,,,,,,,,,,,,7232,0.4375,,,,,,,,,,,,,,,,,,,,,,,,,,,,,,,,,,,,,,,,,,,,,,,,,,,,,,,,,50.6254939,30.4378129,
18:21:37.779,,,,,,,,,345.02,47,,3.599,,,,,,,,,,,,,,,,,,,,,,,,,,,,,,,,,,,,,,,,,,,,,,,,,,,7.201,,,,,,,,,,,50.6254939,30.4378129,
18:21:37.826,-36.549999999999955,,-1600,,,,,,,,,,3.589,,,,,,,,,,,,,,,,,,,,,,,,,,,,,,,,,,,,,,,,,,,,,,,,,,7.188,,,,,,,,,,,50.6254939,30.4378129,
18:21:37.860,,-35.299999999999955,,,,,,,,,,,,,,,,,,,,,,,,,,,,,,,,,,,,,,,,,,,,,,,,,,,,,,,,,,,,,,,,,,,,,,,,50.6254939,30.4378129,
18:21:37.981,,,,,,,,,,,,,,,,,,,,,,,,,,,,,,,,,,5.11,11.333333502213161,,,1500,1.5,,0.12769989668681936,0.7189341780833334,13.039355,13.039355,6765.003234000001,18.431372549019606,-0.64,,,,,13.88385467391528,,,,37,35,,15,,,,,144,21.401380585332,,,,,,,6.132000000000001,,50.6254996,30.4378743,
18:21:38.063,,,,,,,,,,,,,,,,,,,,24.705882352941178,4.313725490196078,99,,,,,,,,,,2.7450980392156863,,,,,,,,16.862745098039216,,,,,,,,,,,,,14.58959448,,,,,,,,,,,,21.399594505332,,11.3725490196078,99,,,,,,50.6254996,30.4378743,
18:21:38.149,,,,,,,,,,,,,,,,,,,,,,,0.9922064735628064,58.56872,58.56872,628.88886895,0.01240258091953508,0.732109,0.732109,8.175267,1.700000025331974,,4.313725490196078,,,1.700000025331974,6.6507365324876195,,,,,,,,,,,1.725134413918136,5.61461053863477,5.61461053863477,0.12084646107650329,,,50,,,,12020,,12000,0,0,,144,21.399594505332,12020,11.3725490196078,,,,,,0,50.6254996,30.4378743,
18:21:38.282,,,,,,,,,,,,,,,32,,,,,,,,,,,,,,,,,,,,,,,,,,,,,,,,,,,,,,,,,,,,,,,,,,,,,,,,80,,,50.6254996,30.4378743,
18:21:38.318,,,,,,,,,,,,,,,,,,-5.859375,,,,,,,,,,,,,,,,,,,,,,,,,,,,,,,,,,,,,,,,,,,,,,,,,,,,,,,,50.6254996,30.4378743,
18:21:38.365,,,,,,,,,,,,,,,,-320,-0.03125,,,,,,,,,,,,,,,,,,,,,,,,,,,,,,,,,,,,,,,,,,,,,,,,,,,,,,,,,50.6254996,30.4378743,
18:21:38.486,,,,,,,,,350.17,47,,3.646,,,,,,,,,,,,,,,,,,,,,,,,,,,,,,,,,,,,,,,,,,,,,,,,,,,7.235,,,,,,,,,,,50.6254996,30.4378743,
18:21:38.545,13,,13.800000000000182,,,,,,,,,,3.637,,,,,,,,,,,,,,,,,,,,,,,,,,,,,,,,,,,,,,,,,,,,,,,,,,7.283,,,,,,,,,,,50.6254996,30.4378743,
18:21:38.582,,14.700000000000045,,,,,,,,,,,,,,,,,,,,,,,,,,,,,,,,,,,,,,,,,,,,,,,,,,,,,,,,,,,,,,,,,,,,,,,,50.6254996,30.4378743,
18:21:38.714,,,,,,,,,,,,,,,,,,,,,,,,,,,,,,,,,,5.09,10.625000158324838,,,1500,1.5,,0.09531680896648644,0.7222323745277778,13.042653,13.042653,6765.006532000001,18.431372549019606,-0.65,,,,,13.892245360881985,,,,37,34,,16,,,,,144,21.379594505332,,,,,,,6.108,,50.6254996,30.4378743,
18:21:38.833,,,,,,,,,,,,,,,,,,,,24.705882352941178,4.313725490196078,99,,,,,,,,,,2.7450980392156863,,,,,,,,7.450980392156863,,,,,,,,,,,,,14.59495272,,,,,,,,,,,,21.384952745332,,11.3725490196078,99,,,,,,50.6254996,30.4378743,
18:21:38.917,,,,,,,,,,,,,,,,,,,,,,,1.0211889466613455,58.59768,58.59768,628.91782895,0.012764861833266819,0.7324710000000001,0.7324710000000001,8.175629,1.700000025331974,,4.313725490196078,,,1.700000025331974,6.6507365324876195,,,,,,,,,,,1.7674175630264368,5.615966322189205,5.615966322189205,0.12085175322931972,,,50,,,,11950,,12000,0,0,,144,21.384952745332,11950,11.3725490196078,,,,,,0,50.6254996,30.4378743,
18:21:39.025,,,,,,,,,,,,,,,32,,,,,,,,,,,,,,,,,,,,,,,,,,,,,,,,,,,,,,,,,,,,,,,,,,,,,,,,80,,,50.6255328,30.4379446,
18:21:39.073,,,,,,,,,,,,,,,,,,-33.34375,,,,,,,,,,,,,,,,,,,,,,,,,,,,,,,,,,,,,,,,,,,,,,,,,,,,,,,,50.6255328,30.4379446,
18:21:39.121,,,,,,,,,,,,,,,,-2112,-0.140625,,,,,,,,,,,,,,,,,,,,,,,,,,,,,,,,,,,,,,,,,,,,,,,,,,,,,,,,,50.6255328,30.4379446,
18:21:39.241,,,,,,,,,350.81,47,,3.651,,,,,,,,,,,,,,,,,,,,,,,,,,,,,,,,,,,,,,,,,,,,,,,,,,,7.288,,,,,,,,,,,50.6255328,30.4379446,
18:21:39.290,7.850000000000136,,6.150000000000091,,,,,,,,,,3.641,,,,,,,,,,,,,,,,,,,,,,,,,,,,,,,,,,,,,,,,,,,,,,,,,,7.292,,,,,,,,,,,50.6255328,30.4379446,
18:21:39.338,,5.9500000000000455,,,,,,,,,,,,,,,,,,,,,,,,,,,,,,,,,,,,,,,,,,,,,,,,,,,,,,,,,,,,,,,,,,,,,,,,50.6255328,30.4379446,
18:21:39.542,,,,,,,,,,,,,,,,,,,,,,,,,,,,,,,,,,5.08,11.333333502213161,,,1500,1.5,,,0.7256655078611111,13.046085999999999,13.046085999999999,6765.009965000001,18.431372549019606,-0.64,,,,,13.89710082463663,,,,37,35,,15,,,,,144,21.374952745332,,,,,,,6.096,,50.6255328,30.4379446,
18:21:39.673,,,,,,,,,,,,,,,,,,,,24.705882352941178,4.313725490196078,99,,,,,,,,,,2.7450980392156863,,,,,,,,19.607843137254903,,,,,,,,,,,,,14.6101344,,,,,,,,,,,,21.390134425332,,11.3725490196078,99,,,,,,50.6255328,30.4379446,
18:21:39.769,,,,,,,,,,,,,,,,,,,,,,,1.0534021526969153,58.62992,58.62992,628.95006895,0.01316752690871144,0.732874,0.732874,8.176032000000001,1.700000025331974,,4.313725490196078,,,1.700000025331974,6.6507365324876195,,,,,,,,,,,1.8145449612897466,5.617577563109734,5.617577563109734,0.12085764902491167,,,50,,,,11970,,12000,0,0,,144,21.390134425332,11970,11.3725490196078,,,,,,0,50.6255328,30.4379446,
18:21:39.902,,,,,,,,,,,,,,,32,,,,,,,,,,,,,,,,,,,,,,,,,,,,,,,,,,,,,,,,,,,,,,,,,,,,,,,,80,,,50.6255328,30.4379446,
18:21:39.961,,,,,,,,,,,,,,,,,,76.3125,,,,,,,,,,,,,,,,,,,,,,,,,,,,,,,,,,,,,,,,,,,,,,,,,,,,,,,,50.6255473,30.4379969,
18:21:39.998,,,,,,,,,,,,,,,,4928,0.296875,,,,,,,,,,,,,,,,,,,,,,,,,,,,,,,,,,,,,,,,,,,,,,,,,,,,,,,,,50.6255473,30.4379969,
18:21:40.118,,,,,30,,,,,,86.6758781031239,,,86.6758781031239,,,,,,,,,,,,,,,,,,,,,,,,,,,,,,,,,,,,,,,,,,,,,,,,,,,,,,,127.5,147,,,,50.6255473,30.4379969,
18:21:40.177,,,,,,,,,346.31,47,,3.607,,,,,,,,,,,,,,,,,,,,,,,,,,,,,,,,,,,,,,,,,,,,,,,,,,,7.248,,,,,,,,,,,50.6255473,30.4379969,
18:21:40.236,-34.649999999999864,,-1600,,,,,,,,,,3.598,,,,,,,,,,,,,,,,,,,,,,,,,,,,,,,,,,,,,,,,,,,,,,,,,,7.205,,,,,,,,,,,50.6255473,30.4379969,
18:21:40.274,,-38.69999999999982,,,,,,,,,,,,,,,,,,,,,,,,,,,,,,,,,,,,,,,,,,,,,,,,,,,,,,,,,,,,,,,,,,,,,,,,50.6255473,30.4379969,
18:21:40.381,,,,,,,,,,,,,,,,,,,,,,,,,,,,,,,,,,,,,,,,,,,,,,,,,,,,,,,57,,,,,,,,,144,,,,,,,,,,50.6255473,30.4379969,
18:21:40.454,,,,,,,,,,,,,,,,,,,,,,,,,,,,,,,,,,5.13,10.625000158324838,,,1499,1.5,,,0.7296939567499999,13.050114,13.050114,6765.0139930000005,18.431372549019606,-0.64,,,,,13.907191843593669,,,,37,35,,16,,,,,144,21.440134425332,,,,,,,6.156,,50.6255473,30.4379969,
18:21:40.546,,,,,,,,,,,,,,,,,,,,24.705882352941178,4.313725490196078,99,,,,,,,,,,2.7450980392156863,,,,,,,,20,,,,,,,,,,,,,14.62353,,,,,,,,,,,,21.453530025332,,11.3725490196078,99,,,,,,50.6255473,30.4379969,
18:21:40.653,,,,,,,,,,,,,,,,,,,,,,,1.086790043638878,58.66328,58.66328,628.98342895,0.013584875545485976,0.733291,0.733291,8.176449,1.700000025331974,,4.313725490196078,,,1.700000025331974,6.6507365324876195,,,,,,,,,,,1.8617223590547405,5.619039036747111,5.619039036747111,0.12086374113136295,,,50,,,,11980,,12000,0,0,,144,21.453530025332,11980,11.3725490196078,,,,,,0,50.6255473,30.4379969,
18:21:40.786,,,,,,,,,,,,,,,32,,,,,,,,,,,,,,,,,,,,,,,,,,,,,,,,,,,,,,,,,,,,,,,,,,,,,,,,80,,,50.6255473,30.4379969,
18:21:40.833,,,,,,,,,,,,,,,,,,80.125,,,,,,,,,,,,,,,,,,,,,,,,,,,,,,,,,,,,,,,,,,,,,,,,,,,,,,,,50.6255473,30.4379969,
18:21:40.868,,,,,,,,,,,,,,,,4992,0.296875,,,,,,,,,,,,,,,,,,,,,,,,,,,,,,,,,,,,,,,,,,,,,,,,,,,,,,,,,50.6255473,30.4379969,
18:21:40.978,,,,,,,,,347.27,47,,3.615,,,,,,,,,,,,,,,,,,,,,,,,,,,,,,,,,,,,,,,,,,,,,,,,,,,7.213,,,,,,,,,,,50.6255652,30.4380631,
18:21:41.049,-8.549999999999955,,-8.399999999999864,,,,,,,,,,3.607,,,,,,,,,,,,,,,,,,,,,,,,,,,,,,,,,,,,,,,,,,,,,,,,,,7.222,,,,,,,,,,,50.6255652,30.4380631,
18:21:41.133,,0.40000000000009095,,,,,,,,,,,,,,,,,,,,,,,,,,,,,,,,,,,,,,,,,,,,,,,,,,,,,,,,,,,,,,,,,,,,,,,,50.6255652,30.4380631,
18:21:41.384,,,,,,,,,,,,,,,,,,,,,,,,,,,,,,,,,,5.11,9.444444585177633,,,1500,1.5,,,0.7343485367499999,13.054769,13.054769,6765.018648000001,18.431372549019606,-0.64,,,,,13.927263950197638,,,,37,35,,18,,,,,144,21.433530025332,,,,,,,6.132000000000001,,50.6255652,30.4380631,
18:21:41.475,,,,,,,,,,,,,,,,,,,,24.705882352941178,4.313725490196078,99,,,,,,,,,,2.7450980392156863,,,,,,,,4.705882352941177,,,,,,,,,,,,,14.6302278,,,,,,,,,,,,21.440227825332,,11.3725490196078,99,,,,,,50.6255652,30.4380631,
18:21:41.550,,,,,,,,,,,,,,,,,,,,,,,1.1206907641440382,58.697199999999995,58.697199999999995,629.0173489499999,0.014008634551800478,0.733715,0.733715,8.176873,1.700000025331974,,4.313725490196078,,,1.700000025331974,6.6507365324876195,,,,,,,,,,,1.9076274889575424,5.62028328498191,5.62028328498191,0.12086992550149729,,,50,,,,11990,,12000,0,0,,144,21.440227825332,11990,11.3725490196078,,,,,,0,50.6255652,30.4380631,
18:21:41.682,,,,,,,,,,,,,,,32,,,,,,,,,,,,,,,,,,,,,,,,,,,,,,,,,,,,,,,,,,,,,,,,,,,,,,,,80,,,50.6255652,30.4380631,
18:21:41.718,,,,,,,,,,,,,,,,,,-19.28125,,,,,,,,,,,,,,,,,,,,,,,,,,,,,,,,,,,,,,,,,,,,,,,,,,,,,,,,50.6255652,30.4380631,
18:21:41.754,,,,,,,,,,,,,,,,-1312,-0.09375,,,,,,,,,,,,,,,,,,,,,,,,,,,,,,,,,,,,,,,,,,,,,,,,,,,,,,,,,50.6255652,30.4380631,
18:21:41.866,,,,28,,,,,,,,,,,,,,,,,,,,,,,,,,,,,,,,,,,,,,,,,,,,,,,,,,,,,,,,,,,,,,,,,,147,,,,50.6255652,30.4380631,
18:21:41.986,,,,,,,,,350.33,47,,3.64,,,,,,,,,,,,,,,,,,,,,,,,,,,,,,,,,,,,,,,,,,,,,,,,,,,7.247,,,,,,,,,,,50.6255817,30.4381345,
18:21:42.045,-3.699999999999818,,-6.7999999999999545,,,,,,,,,,3.632,,,,,,,,,,,,,,,,,,,,,,,,,,,,,,,,,,,,,,,,,,,,,,,,,,7.272,,,,,,,,,,,50.6255817,30.4381345,
18:21:42.082,,-10.699999999999818,,,,,,,,,,,,,,,,,,,,,,,,,,,,,,,,,,,,,,,,,,,,,,,,,,,,,,,,,,,,,,,,,,,,,,,,50.6255817,30.4381345,
18:21:42.201,,,,,,,,,,,,,,,,,,,,,,,,,,,,,,,,,,5.1000000000000005,10.000000149011612,,,1499,1.5,,,0.7382047062499999,13.058625,13.058625,6765.0225040000005,18.431372549019606,-0.64,,,,,13.940426247406162,,,,37,35,,17,,,,,144,21.430227825332,,,,,,,6.12,,50.6255817,30.4381345,
18:21:42.282,,,,,,,,,,,,,,,,,,,,24.705882352941178,4.313725490196078,99,,,,,,,,,,2.7450980392156863,,,,,,,,14.509803921568627,,,,,,,,,,,,,14.63603256,,,,,,,,,,,,21.436032585332,,11.3725490196078,99,,,,,,50.6255817,30.4381345,
18:21:42.366,,,,,,,,,,,,,,,,,,,,,,,1.1515145223811256,58.728,58.728,629.0481489499999,0.014393931529764072,0.7341000000000001,0.7341000000000001,8.177258,1.700000025331974,,4.313725490196078,,,1.700000025331974,6.6507365324876195,,,,,,,,,,,1.9498563755958271,5.621571949573559,5.621571949573559,0.12087554764474143,,,50,,,,12000,,12000,0,0,,144,21.436032585332,12000,11.3725490196078,,,,,,0,50.6255817,30.4381345,
18:21:42.498,,,,,,,,,,,,,,,32,,,,,,,,,,,,,,,,,,,,,,,,,,,,,,,,,,,,,,,,,,,,,,,,,,,,,,,,80,,,50.6255817,30.4381345,
18:21:42.533,,,,,,,,,,,,,,,,,,58.921875,,,,,,,,,,,,,,,,,,,,,,,,,,,,,,,,,,,,,,,,,,,,,,,,,,,,,,,,50.6255817,30.4381345,
18:21:42.582,,,,,,,,,,,,,,,,3840,0.234375,,,,,,,,,,,,,,,,,,,,,,,,,,,,,,,,,,,,,,,,,,,,,,,,,,,,,,,,,50.6255817,30.4381345,
18:21:42.725,,,,,,,,,346.31,47,,3.623,,,,,,,,,,,,,,,,,,,,,,,,,,,,,,,,,,,,,,,,,,,,,,,,,,,7.255,,,,,,,,,,,50.6255817,30.4381345,
18:21:42.773,-18.09999999999991,,-18.25,,,,,,,,,,3.61,,,,,,,,,,,,,,,,,,,,,,,,,,,,,,,,,,,,,,,,,,,,,,,,,,7.233,,,,,,,,,,,50.6255817,30.4381345,
18:21:42.809,,-18.59999999999991,,,,,,,,,,,,,,,,,,,,,,,,,,,,,,,,,,,,,,,,,,,,,,,,,,,,,,,,,,,,,,,,,,,,,,,,50.6255817,30.4381345,
18:21:42.930,,,,,,,,,,,,,,,,,,,,,,,,,,,,,,,,,,5.12,9.444444585177633,,,1500,1.5,,,0.7418496487499999,13.06227,13.06227,6765.026149000001,18.431372549019606,-0.64,,,,,13.955890904079999,,,,37,35,,18,,,,,144,21.456032585332,,,,,,,6.144,,50.6255986,30.4381978,
18:21:43.018,,,,,,,,,,,,,,,,,,,,24.705882352941178,4.313725490196078,99,,,,,,,,,,2.7450980392156863,,,,,,,,10.980392156862745,,,,,,,,,,,,,14.642283840000001,,,,,,,,,,,,21.462283865332,,11.3725490196078,99,,,,,,50.6255986,30.4381978,
18:21:43.094,,,,,,,,,,,,,,,,,,,,,,,1.1790014601240464,58.755520000000004,58.755520000000004,629.0756689499999,0.014737518251550579,0.7344440000000001,0.7344440000000001,8.177602,1.700000025331974,,4.313725490196078,,,1.700000025331974,6.6507365324876195,,,,,,,,,,,1.9865909859744446,5.6226368004948615,5.6226368004948615,0.12088056749357584,,,50,,,,12000,,12000,0,0,,144,21.462283865332,12000,11.3725490196078,,,,,,0,50.6255986,30.4381978,
18:21:43.332,,,,,,,,,,,,,,,32,,,,,,,,,,,,,,,,,,,,,,,,,,,,,,,,,,,,,,,,,,,,,,,,,,,,,,,,80,,,50.6255986,30.4381978,
18:21:43.369,,,,,,,,,,,,,,,,,,4.140625,,,,,,,,,,,,,,,,,,,,,,,,,,,,,,,,,,,,,,,,,,,,,,,,,,,,,,,,50.6255986,30.4381978,
18:21:43.406,,,,,,,,,,,,,,,,288,0.015625,,,,,,,,,,,,,,,,,,,,,,,,,,,,,,,,,,,,,,,,,,,,,,,,,,,,,,,,,50.6255986,30.4381978,
18:21:43.525,,,,,,30,29,30,,,,,,,,,,,,,,,,,,,,,,,,,,,,,,,,,,,,,,,,,,,,,,,,,,,,,,,,,,,,,,147,,,,50.6255986,30.4381978,
18:21:43.585,,,,,,,,,349.69,47,,3.638,,,,,,,,,,,,,,,,,,,,,,,,,,,,,,,,,,,,,,,,,,,,,,,,,,,7.248,,,,,,,,,,,50.6255986,30.4381978,
18:21:43.645,3.6000000000001364,,1.5,,,,,,,,,,3.631,,,,,,,,,,,,,,,,,,,,,,,,,,,,,,,,,,,,,,,,,,,,,,,,,,7.269,,,,,,,,,,,50.6255986,30.4381978,
18:21:43.681,,2.550000000000182,,,,,,,,,,,,,,,,,,,,,,,,,,,,,,,,,,,,,,,,,,,,,,,,,,,,,,,,,,,,,,,,,,,,,,,,50.6255986,30.4381978,
18:21:43.818,,,,,,,,,,,,,,,,,,,,,,,,,,,,,,,,,,5.15,9.444444585177633,,,1499,1.5,,,0.7462894487499999,13.06671,13.06671,6765.030589000001,18.431372549019606,-0.64,,,,,13.974569529028063,,,,37,35,,18,,,,,144,21.492283865332,,,,,,,6.180000000000001,,50.6255986,30.4381978,
18:21:43.885,,,,,,,,,,,,,,,,,,,,24.705882352941178,4.313725490196078,99,,,,,,,,,,2.7450980392156863,,,,,,,,7.0588235294117645,,,,,,,,,,,,,14.64987468,,,,,,,,,,,,21.499874705332,,11.3725490196078,99,,,,,,50.6255986,30.4381978,
18:21:43.956,,,,,,,,,,,,,,,,,,,,,,,1.2115754326094363,58.78808,58.78808,629.1082289499999,0.015144692907617954,0.734851,0.734851,8.178009,1.700000025331974,,4.313725490196078,,,1.700000025331974,6.6507365324876195,,,,,,,,,,,2.0293323097337916,5.623841043384295,5.623841043384295,0.12088650439064554,,,50,,,,11970,,12000,0,0,,144,21.499874705332,11970,11.3725490196078,,,,,,0,50.6256172,30.4382685,
18:21:44.029,,,,,,,,,,,,,,,,,,,49,,,,,,,,,,,,,,,,,,,,,,,,,,,,,,,,,,,,,,,,,,,,,,,,,,,,81,,,50.6256172,30.4382685,
18:21:44.125,,,,,,,,,,,,,,,32,,,,,,,,,,,,,,,,,,,,,,,,,,,,,,,,,,,,,,,,,,,,,,,,,,,,,,,,81,,,50.6256172,30.4382685,
18:21:44.161,,,,,,,,,,,,,,,,,,-39.5,,,,,,,,,,,,,,,,,,,,,,,,,,,,,,,,,,,,,,,,,,,,,,,,,,,,,,,,50.6256172,30.4382685,
18:21:44.197,,,,,,,,,,,,,,,,-2464,-0.15625,,,,,,,,,,,,,,,,,,,,,,,,,,,,,,,,,,,,,,,,,,,,,,,,,,,,,,,,,50.6256172,30.4382685,
18:21:44.376,,,,,,,,,350.17,47,,3.654,,,,,,,,,,,,,,,,,,,,,,,,,,,,,,,,,,,,,,,,,,,,,,,,,,,7.285,,,,,,,,,,,50.6256172,30.4382685,
18:21:44.450,18.15000000000009,,20.100000000000136,,,,,,,,,,3.65,,,,,,,,,,,,,,,,,,,,,,,,,,,,,,,,,,,,,,,,,,,,,,,,,,7.304,,,,,,,,,,,50.6256172,30.4382685,
18:21:44.486,,18.350000000000136,,,,,,,,,,,,,,,,,,,,,,,,,,,,,,,,,,,,,,,,,,,,,,,,,,,,,,,,,,,,,,,,,,,,,,,,50.6256172,30.4382685,
18:21:44.593,,,,,,,,,,,,,,,,,,,,,,,,,,,,,,,,,,,,,,,,,,,,,,,,,,,,,,,57,,,,,,,,,144,,,,,,,,,,50.6256172,30.4382685,
18:21:44.654,,,,,,,,,,,,,,,,,,,,,,,,,,,,,,,,,,5.09,10.000000149011612,,,1499,1.5,,,0.7502340135277777,13.070654999999999,13.070654999999999,6765.034534000001,18.431372549019606,-0.64,,,,,13.987657900116512,,,,37,35,,17,,,,,144,21.439874705332,,,,,,,6.108,,50.6256172,30.4382685,
18:21:44.738,,,,,,,,,,,,,,,,,,,,24.705882352941178,4.313725490196078,99,,,,,,,,,,2.7450980392156863,,,,,,,,0,,,,,,,,,,,,,14.65210728,,,,,,,,,,,,21.442107305332,,11.3725490196078,99,,,,,,50.6256172,30.4382685,
18:21:44.810,,,,,,,,,,,,,,,,,,,,,,,1.2438356115345948,58.82032,58.82032,629.1404689499999,0.015547945144182436,0.7352540000000001,0.7352540000000001,8.178412,1.700000025331974,,4.313725490196078,,,1.700000025331974,6.6507365324876195,,,,,,,,,,,2.0724127224080817,5.625226891842835,5.625226891842835,0.12089239099810334,,,50,,,,11980,,12000,0,0,,144,21.442107305332,11980,11.3725490196078,,,,,,0,50.6256172,30.4382685,
18:21:44.929,,,,,,,,,,,,,,,32,,,,,,,,,,,,,,,,,,,,,,,,,,,,,,,,,,,,,,,,,,,,,,,,,,,,,,,,81,,,50.6256172,30.4382685,
18:21:44.977,,,,,,,,,,,,,,,,,,-55.703125,,,,,,,,,,,,,,,,,,,,,,,,,,,,,,,,,,,,,,,,,,,,,,,,,,,,,,,,50.6256343,30.4383331,
18:21:45.049,,,,,,,,,,,,,,,,-3456,-0.21875,,,,,,,,,,,,,,,,,,,,,,,,,,,,,,,,,,,,,,,,,,,,,,,,,,,,,,,,,50.6256343,30.4383331,
18:21:45.300,,,,,,,,,350.49,47,,3.664,,,,,,,,,,,,,,,,,,,,,,,,,,,,,,,,,,,,,,,,,,,,,,,,,,,7.314,,,,,,,,,,,50.6256343,30.4383331,
18:21:45.361,15.550000000000182,,13.950000000000045,,,,,,,,,,3.654,,,,,,,,,,,,,,,,,,,,,,,,,,,,,,,,,,,,,,,,,,,,,,,,,,7.318,,,,,,,,,,,50.6256343,30.4383331,
18:21:45.409,,10.25,,,,,,,,,,,,,,,,,,,,,,,,,,,,,,,,,,,,,,,,,,,,,,,,,,,,,,,,,,,,,,,,,,,,,,,,50.6256343,30.4383331,
18:21:45.518,,,,,,,,,,,,,,,,,,,,,,,,,,,,,,,,,,10.19,11.333333502213161,,,1602,1.6,,-0.01708064663284783,0.753906254361111,13.074327,13.074327,6765.038206000001,39.21568627450981,-0.36,,,,,13.99225768628385,,,,37,63,,15,,,,,144,26.542107305332,,,,,,,12.228,,50.6256343,30.4383331,
18:21:45.610,,,,,,,,,,,,,,,,,,,,57.64705882352941,12.941176470588236,99,,,,,,,,,,10.980392156862745,,,,,,,,0,,,,,,,,,,,,,14.684703240000001,,,,,,,,,,,,26.574703265332,,19.6078431372549,99,,,,,,50.6256343,30.4383331,
18:21:45.701,,,,,,,,,,,,,,,,,,,,,,,1.2844460392508485,58.86096,58.86096,629.18110895,0.016055575490635608,0.735762,0.735762,8.17892,2.0500000305473804,,13.72549019607843,,,2.0500000305473804,8.020005818588011,,,,,,,,,,,2.1296514517234924,5.627532491729784,5.627532491729784,0.12089983457515448,,,50,,,,24950,,26940,0,0,,144,26.9247032705474,24950,37.6470588235294,,,,,,0,50.6256343,30.4383331,
18:21:45.834,,,,,,,,,,,,,,,32,,,,,,,,,,,,,,,,,,,,,,,,,,,,,,,,,,,,,,,,,,,,,,,,,,,,,,,,81,,,50.6256343,30.4383331,
18:21:45.881,,,,,,,,,,,,,,,,,,-44.96875,,,,,,,,,,,,,,,,,,,,,,,,,,,,,,,,,,,,,,,,,,,,,,,,,,,,,,,,50.6256343,30.4383331,
18:21:45.918,,,,,,,,,,,,,,,,-2880,-0.1875,,,,,,,,,,,,,,,,,,,,,,,,,,,,,,,,,,,,,,,,,,,,,,,,,,,,,,,,,50.6256343,30.4383331,
18:21:46.036,,,,,,,,,353.87,47,,3.696,,,,,,,,,,,,,,,,,,,,,,,,,,,,,,,,,,,,,,,,,,,,,,,,,,,7.35,,,,,,,,,,,50.6256487,30.4383862,
18:21:46.084,40.55000000000018,,-1600,,,,,,,,,,3.684,,,,,,,,,,,,,,,,,,,,,,,,,,,,,,,,,,,,,,,,,,,,,,,,,,7.38,,,,,,,,,,,50.6256487,30.4383862,
18:21:46.134,,40.350000000000136,,,,,,,,,,,,,,,,,,,,,,,,,,,,,,,,,,,,,,,,,,,,,,,,,,,,,,,,,,,,,,,,,,,,,,,,50.6256487,30.4383862,
18:21:46.325,,,,,,,,,,,,,,,,,,,,,,,,,,,,,,,,,,14.47,15.769231004210619,,,1590,1.6,,-0.0417203983868654,0.7568192889444444,13.07724,13.07724,6765.041119000001,49.80392156862745,-0.18,,,,,13.988148131347804,,,,37,81,,13,,,,,144,31.2047032705474,,,,,,,17.364,,50.6256487,30.4383862,
18:21:46.437,,,,,,,,,,,,,,,,,,,,67.45098039215686,14.901960784313726,99,,,,,,,,,,12.941176470588236,,,,,,,,0,,,,,,,,,,,,,14.673986760000002,,,,,,,,,,,,31.1939867905474,,39.6078431372549,99,,,,,,50.6256487,30.4383862,
18:21:46.577,,,,,,,,,,,,,,,,,,,,,,,1.3243743408458266,58.90088,58.90088,629.2210289499999,0.016554679260572833,0.736261,0.736261,8.179419,2.0500000305473804,,14.901960784313726,,,2.0500000305473804,8.020005818588011,,,,,,,,,,,2.1874018675795215,5.63009472946891,5.63009472946891,0.12090715867236397,,,50,,,,26920,,27510,0,0,,144,31.1939867905474,26920,42.7450980392157,,,,,,0,50.6256487,30.4383862,
18:21:46.806,,,,,,,,,,,,,,,32,,,,,,,,,,,,,,,,,,,,,,,,,,,,,,,,,,,,,,,,,,,,,,,,,,,,,,,,81,,,50.6256487,30.4383862,
18:21:46.962,,,,,,,,,,,,,,,,,,-37.734375,,,,,,,,,,,,,,,,,,,,,,,,,,,,,,,,,,,,,,,,,,,,,,,,,,,,,,,,50.6256622,30.438432,
18:21:47.045,,,,,,,,,,,,,,,,-2496,-0.15625,,,,,,,,,,,,,,,,,,,,,,,,,,,,,,,,,,,,,,,,,,,,,,,,,,,,,,,,,50.6256622,30.438432,
18:21:47.153,,,,,30,,,,,,86.6758781031239,,,86.6758781031239,,,,,,,,,,,,,,,,,,,,,,,,,,,,,,,,,,,,,,,,,,,,,,,,,,,,,,,127.5,147,,,,50.6256622,30.438432,
18:21:47.214,,,,,,,,,353.87,47.5,,3.696,,,,,,,,,,,,,,,,,,,,,,,,,,,,,,,,,,,,,,,,,,,,,,,,,,,7.38,,,,,,,,,,,50.6256622,30.438432,
18:21:47.286,38.65000000000009,,-1600,,,,,,,,,,3.684,,,,,,,,,,,,,,,,,,,,,,,,,,,,,,,,,,,,,,,,,,,,,,,,,,7.38,,,,,,,,,,,50.6256622,30.438432,
18:21:47.333,,33.950000000000045,,,,,,,,,,,,,,,,,,,,,,,,,,,,,,,,,,,,,,,,,,,,,,,,,,,,,,,,,,,,,,,,,,,,,,,,50.6256622,30.438432,
18:21:47.442,,,,,,,,,,,,,,,,,,,,,,,,,,,,,,,,,,16.1,18.636363914067097,,,1590,1.6,,-0.054716918722041194,0.7602176579722222,13.080638,13.080638,6765.044517000001,55.294117647058826,-0.11,,,,,13.971182298603415,,,,37,88,,11,,,,,144,32.8239867905474,,,,,,,19.32,,50.6256622,30.438432,
18:21:47.525,,,,,,,,,,,,,,,,,,,,74.11764705882354,18.03921568627451,99,,,,,,,,,,16.470588235294116,,,,,,,,0,,,,,,,,,,,,,14.660591160000003,,,,,,,,,,,,32.8105911905474,,46.2745098039215,99,,,,,,50.6256622,30.438432,
18:21:47.621,,,,,,,,,,,,,,,,,,,,,,,1.4426242686078878,59.01912,59.01912,629.3392689499999,0.018032803357598597,0.737739,0.737739,8.180897,5.100000075995922,,18.823529411764707,,,5.100000075995922,19.952209597462854,,,,,,,,,,,2.3720579453124864,5.6399313244506875,5.6399313244506875,0.12092894554414355,,,50,,,,29430,,29950,0,0,,144,35.8605912359959,29430,53.3333333333333,,,,,,0,50.6256622,30.438432,
18:21:47.753,,,,,,,,,,,,,,,32,,,,,,,,,,,,,,,,,,,,,,,,,,,,,,,,,,,,,,,,,,,,,,,,,,,,,,,,81,,,50.6256622,30.438432,
18:21:47.789,,,,,,,,,,,,,,,,,,-25.46875,,,,,,,,,,,,,,,,,,,,,,,,,,,,,,,,,,,,,,,,,,,,,,,,,,,,,,,,50.6256622,30.438432,
18:21:47.826,,,,,,,,,,,,,,,,-1568,-0.109375,,,,,,,,,,,,,,,,,,,,,,,,,,,,,,,,,,,,,,,,,,,,,,,,,,,,,,,,,50.6256622,30.438432,
18:21:47.934,,,,,,,,,354.2,47.5,,3.696,,,,,,,,,,,,,,,,,,,,,,,,,,,,,,,,,,,,,,,,,,,,,,,,,,,7.38,,,,,,,,,,,50.6256622,30.438432,
18:21:47.993,32.90000000000009,,-1600,,,,,,,,,,3.686,,,,,,,,,,,,,,,,,,,,,,,,,,,,,,,,,,,,,,,,,,,,,,,,,,7.382,,,,,,,,,,,50.6256718,30.4384725,
18:21:48.028,,39.5,,,,,,,,,,,,,,,,,,,,,,,,,,,,,,,,,,,,,,,,,,,,,,,,,,,,,,,,,,,,,,,,,,,,,,,,50.6256718,30.4384725,
18:21:48.161,,,,,,,,,,,,,,,,,,,,,,,,,,,,,,,,,,16.86,56.666667511065796,,,1594,1.6,,-0.06461334726974428,0.7620286429722222,13.082449,13.082449,6765.046328000001,57.64705882352941,-0.09,,,,,13.952866570890897,,,,37,90,,9,,,,,144,36.6205912359959,,,,,,,20.232,,50.6256718,30.4384725,
18:21:48.269,,,,,,,,,,,,,,,,,,,,77.25490196078431,21.176470588235293,99,,,,,,,,,,19.607843137254903,,,,,,,,0,,,,,,,,,,,,,14.651660760000002,,,,,,,,,,,,36.6116608359959,,56.4705882352941,99,,,,,,50.6256718,30.4384725,
18:21:48.354,,,,,,,,,,,,,,,,,,,,,,,1.5255870465107964,59.10208,59.10208,629.42222895,0.019069838081384953,0.7387760000000001,0.7387760000000001,8.181934,5.100000075995922,,21.568627450980394,,,5.100000075995922,19.952209597462854,,,,,,,,,,,2.502509355423284,5.647077240660369,5.647077240660369,0.12094424196528575,,,50,,,,30600,,30960,0,0,,144,36.6116608359959,30600,62.3529411764706,,,,,,0,50.6256718,30.4384725,
18:21:48.485,,,,,,,,,,,,,,,32,,,,,,,,,,,,,,,,,,,,,,,,,,,,,,,,,,,,,,,,,,,,,,,,,,,,,,,,81,,,50.6256718,30.4384725,
18:21:48.522,,,,,,,,,,,,,,,,,,-31.90625,,,,,,,,,,,,,,,,,,,,,,,,,,,,,,,,,,,,,,,,,,,,,,,,,,,,,,,,50.6256718,30.4384725,
18:21:48.557,,,,,,,,,,,,,,,,-1984,-0.125,,,,,,,,,,,,,,,,,,,,,,,,,,,,,,,,,,,,,,,,,,,,,,,,,,,,,,,,,50.6256718,30.4384725,
18:21:48.677,,,,,,,,,356.29,47.5,,3.706,,,,,,,,,,,,,,,,,,,,,,,,,,,,,,,,,,,,,,,,,,,,,,,,,,,7.392,,,,,,,,,,,50.6256718,30.4384725,
18:21:48.774,32.450000000000045,,-1600,,,,,,,,,,3.695,,,,,,,,,,,,,,,,,,,,,,,,,,,,,,,,,,,,,,,,,,,,,,,,,,7.401,,,,,,,,,,,50.6256718,30.4384725,
18:21:48.833,,35.450000000000045,,,,,,,,,,,,,,,,,,,,,,,,,,,,,,,,,,,,,,,,,,,,,,,,,,,,,,,,,,,,,,,,,,,,,,,,50.6256718,30.4384725,
18:21:48.989,,,,,,,,,,,,,,,,,,,,,,,,,,,,,,,,,,,,,,,,,,,,,,,,,,,,,,,58,,,,,,,,,145,,,,,,,,,,50.6256806,30.4385083,
18:21:49.074,,,,,,,,,,,,,,,,,,,,,,,,,,,,,,,,,,17.31,63.750000949949026,,,1591,1.6,,-0.05575607152902667,0.7640728978611111,13.084493,13.084493,6765.048372000001,58.8235294117647,-0.07,,,,,13.925143834153415,,,,37,92,,8,,,,,145,37.0616608359959,,,,,,,20.772,,50.6256806,30.4385083,
18:21:49.193,,,,,,,,,,,,,,,,,,,,78.43137254901961,23.529411764705884,99,,,,,,,,,,21.96078431372549,,,,,,,,0,,,,,,,,,,,,,14.64406992,,,,,,,,,,,,37.0540699959959,,64.7058823529412,99,,,,,,50.6256806,30.4385083,
18:21:49.274,,,,,,,,,,,,,,,,,,,,,,,1.6370454462827668,59.21352,59.21352,629.5336689499999,0.020463068078534586,0.7401690000000001,0.7401690000000001,8.183327,5.4500000812113285,,22.745098039215687,,,5.4500000812113285,21.321478883563252,,,,,,,,,,,2.6781565130522726,5.656841270043861,5.656841270043861,0.120964796554451,,,50,,,,31340,,31250,0,0,,145,37.4040700012113,31340,68.2352941176471,,,,,,0,50.6256806,30.4385083,
18:21:49.393,,,,,,,,,,,,,,,32,,,,,,,,,,,,,,,,,,,,,,,,,,,,,,,,,,,,,,,,,,,,,,,,,,,,,,,,81,,,50.6256806,30.4385083,
18:21:49.430,,,,,,,,,,,,,,,,,,-38.65625,,,,,,,,,,,,,,,,,,,,,,,,,,,,,,,,,,,,,,,,,,,,,,,,,,,,,,,,50.6256806,30.4385083,
18:21:49.466,,,,,,,,,,,,,,,,-2496,-0.15625,,,,,,,,,,,,,,,,,,,,,,,,,,,,,,,,,,,,,,,,,,,,,,,,,,,,,,,,,50.6256806,30.4385083,
18:21:49.574,,,,,,,,,356.61,48,,3.714,,,,,,,,,,,,,,,,,,,,,,,,,,,,,,,,,,,,,,,,,,,,,,,,,,,7.409,,,,,,,,,,,50.6256806,30.4385083,
18:21:49.621,37.80000000000018,,-1600,,,,,,,,,,3.703,,,,,,,,,,,,,,,,,,,,,,,,,,,,,,,,,,,,,,,,,,,,,,,,,,7.417,,,,,,,,,,,50.6256806,30.4385083,
18:21:49.670,,35,,,,,,,,,,,,,,,,,,,,,,,,,,,,,,,,,,,,,,,,,,,,,,,,,,,,,,,,,,,,,,,,,,,,,,,,50.6256806,30.4385083,
18:21:49.789,,,,,,,,,,,,,,,,,,,,,,,,,,,,,,,,,,16.93,77.85714401730469,,,1591,1.6,,-0.04905902055994577,0.765439497361111,13.08586,13.08586,6765.049739000001,58.431372549019606,-0.09,,,,,13.900591407348973,,,,37,90,,7,,,,,145,37.0240700012113,,,,,,,20.316,,50.6256806,30.4385083,
18:21:49.881,,,,,,,,,,,,,,,,,,,,78.03921568627452,21.96078431372549,99,,,,,,,,,,20,,,,,,,,0,,,,,,,,,,,,,14.63871168,,,,,,,,,,,,37.0187117612113,,66.2745098039216,99,,,,,,50.6256806,30.4385083,
18:21:49.954,,,,,,,,,,,,,,,,,,,,,,,1.720910991865794,59.29736,59.29736,629.6175089499999,0.021511387398322427,0.741217,0.741217,8.184375000000001,5.550000082701445,,21.568627450980394,,,5.550000082701445,21.712698679591934,,,,,,,,,,,2.8103315118286885,5.664258978775564,5.664258978775564,0.12098026349780841,,,50,,,,31040,,31010,0,0,,145,37.1187117627014,31040,63.5294117647059,,,,,,0,50.6256851,30.4385368,
18:21:50.074,,,,,,,,,,,,,,,32,,,,,,,,,,,,,,,,,,,,,,,,,,,,,,,,,,,,,,,,,,,,,,,,,,,,,,,,81,,,50.6256851,30.4385368,
18:21:50.109,,,,,,,,,,,,,,,,,,13.953125,,,,,,,,,,,,,,,,,,,,,,,,,,,,,,,,,,,,,,,,,,,,,,,,,,,,,,,,50.6256851,30.4385368,
18:21:50.145,,,,,,,,,,,,,,,,864,0.046875,,,,,,,,,,,,,,,,,,,,,,,,,,,,,,,,,,,,,,,,,,,,,,,,,,,,,,,,,50.6256851,30.4385368,
18:21:50.261,,,,28,,,,,,,,,,,,,,,,,,,,,,,,,,,,,,,,,,,,,,,,,,,,,,,,,,,,,,,,,,,,,,,,,,147,,,,50.6256851,30.4385368,
18:21:50.370,,,,,,,,,357.90000000000003,48,,3.714,,,,,,,,,,,,,,,,,,,,,,,,,,,,,,,,,,,,,,,,,,,,,,,,,,,7.417,,,,,,,,,,,50.6256851,30.4385368,
18:21:50.418,36.5,,-1600,,,,,,,,,,3.701,,,,,,,,,,,,,,,,,,,,,,,,,,,,,,,,,,,,,,,,,,,,,,,,,,7.415,,,,,,,,,,,50.6256851,30.4385368,
18:21:50.453,,35.65000000000009,,,,,,,,,,,,,,,,,,,,,,,,,,,,,,,,,,,,,,,,,,,,,,,,,,,,,,,,,,,,,,,,,,,,,,,,50.6256851,30.4385368,
18:21:50.610,,,,,,,,,,,,,,,,,,,,,,,,,,,,,,,,,,16.8,92.50000137835741,,,1595,1.6,,-0.04470376005041021,0.7667886631944444,13.087209,13.087209,6765.051088000001,58.431372549019606,-0.09,,,,,13.868460258855968,,,,37,90,,6,,,,,145,36.9887117627014,,,,,,,20.16,,50.6256851,30.4385368,
18:21:50.734,,,,,,,,,,,,,,,,,,,,77.6470588235294,21.176470588235293,99,,,,,,,,,,19.607843137254903,,,,,,,,0.7843137254901961,,,,,,,,,,,,,14.642730360000002,,,,,,,,,,,,36.9927304427014,,63.1372549019608,99,,,,,,50.6256851,30.4385368,
18:21:50.837,,,,,,,,,,,,,,,,,,,,,,,1.828901146808306,59.40536,59.40536,629.72550895,0.022861264335103826,0.742567,0.742567,8.185725,5.500000081956387,,20.784313725490197,,,5.500000081956387,21.517088781577588,,,,,,,,,,,2.9814296210201796,5.673990535338741,5.673990535338741,0.12100019487687273,,,50,,,,30890,,30760,0,0,,145,36.9427304419564,30890,61.5686274509804,,,,,,0,50.6256851,30.4385368,
18:21:50.910,,,,,,,,,,,,,,,,,,,49,,,,,,,,,,,,,,,,,,,,,,,,,,,,,,,,,,,,,,,,,,,,,,,,,,,,81,,,50.6256851,30.4385368,
18:21:51.017,,,,,,,,,,,,,,,32,,,,,,,,,,,,,,,,,,,,,,,,,,,,,,,,,,,,,,,,,,,,,,,,,,,,,,,,81,,,50.6256873,30.4385636,
18:21:51.053,,,,,,,,,,,,,,,,,,37.953125,,,,,,,,,,,,,,,,,,,,,,,,,,,,,,,,,,,,,,,,,,,,,,,,,,,,,,,,50.6256873,30.4385636,
18:21:51.089,,,,,,,,,,,,,,,,2304,0.140625,,,,,,,,,,,,,,,,,,,,,,,,,,,,,,,,,,,,,,,,,,,,,,,,,,,,,,,,,50.6256873,30.4385636,
18:21:51.185,,,,,,,,,355.64,48,,3.706,,,,,,,,,,,,,,,,,,,,,,,,,,,,,,,,,,,,,,,,,,,,,,,,,,,7.407,,,,,,,,,,,50.6256873,30.4385636,
18:21:51.246,25.200000000000045,,-1600,,,,,,,,,,3.694,,,,,,,,,,,,,,,,,,,,,,,,,,,,,,,,,,,,,,,,,,,,,,,,,,7.4,,,,,,,,,,,50.6256873,30.4385636,
18:21:51.294,,32.90000000000009,,,,,,,,,,,,,,,,,,,,,,,,,,,,,,,,,,,,,,,,,,,,,,,,,,,,,,,,,,,,,,,,,,,,,,,,50.6256873,30.4385636,
18:21:51.426,,,,,,,,,,,,,,,,,,,,,,,,,,,,,,,,,,16.86,78.5714297422341,,,1591,1.6,,,0.7684099748055555,13.08883,13.08883,6765.0527090000005,58.03921568627451,-0.08,,,,,13.839807601814892,,,,37,91,,7,,,,,145,37.0027304419564,,,,,,,20.232,,50.6256873,30.4385636,
18:21:51.521,,,,,,,,,,,,,,,,,,,,77.25490196078431,20.784313725490197,99,,,,,,,,,,18.823529411764707,,,,,,,,0.39215686274509803,,,,,,,,,,,,,14.65344684,,,,,,,,,,,,37.0134469219564,,60.7843137254902,99,,,,,,50.6256873,30.4385636,
18:21:51.637,,,,,,,,,,,,,,,,,,,,,,,1.9266881171543342,59.503119999999996,59.503119999999996,629.8232689499999,0.02408360146442918,0.743789,0.743789,8.186947,5.500000081956387,,20.392156862745097,,,5.500000081956387,21.517088781577588,,,,,,,,,,,3.1342124977650743,5.682624038970634,5.682624038970634,0.12101822930527,,,50,,,,30710,,30690,0,0,,145,37.0134469219564,30710,60,,,,,,0,50.6256873,30.4385636,
18:21:51.757,,,,,,,,,,,,,,,32,,,,,,,,,,,,,,,,,,,,,,,,,,,,,,,,,,,,,,,,,,,,,,,,,,,,,,,,81,,,50.6256873,30.4385636,
18:21:51.793,,,,,,,,,,,,,,,,,,57.265625,,,,,,,,,,,,,,,,,,,,,,,,,,,,,,,,,,,,,,,,,,,,,,,,,,,,,,,,50.6256873,30.4385636,
18:21:51.829,,,,,,,,,,,,,,,,3456,0.203125,,,,,,,,,,,,,,,,,,,,,,,,,,,,,,,,,,,,,,,,,,,,,,,,,,,,,,,,,50.6256873,30.4385636,
18:21:51.954,,,,,,30,29,30,,,,,,,,,,,,,,,,,,,,,,,,,,,,,,,,,,,,,,,,,,,,,,,,,,,,,,,,,,,,,,147,,,,50.6256857,30.4385922,
18:21:52.013,,,,,,,,,353.55,48,,3.696,,,,,,,,,,,,,,,,,,,,,,,,,,,,,,,,,,,,,,,,,,,,,,,,,,,7.39,,,,,,,,,,,50.6256857,30.4385922,
18:21:52.074,14,,20.300000000000182,,,,,,,,,,3.679,,,,,,,,,,,,,,,,,,,,,,,,,,,,,,,,,,,,,,,,,,,,,,,,,,7.375,,,,,,,,,,,50.6256857,30.4385922,
18:21:52.122,,19.40000000000009,,,,,,,,,,,,,,,,,,,,,,,,,,,,,,,,,,,,,,,,,,,,,,,,,,,,,,,,,,,,,,,,,,,,,,,,50.6256857,30.4385922,
18:21:52.325,,,,,,,,,,,,,,,,,,,,,,,,,,,,,,,,,,16.78,68.75000102445483,,,1590,1.6,,,0.7703838292499999,13.090803999999999,13.090803999999999,6765.054683000001,57.64705882352941,-0.08,,,,,13.81397101985074,,,,37,91,,8,,,,,145,36.9334469219564,,,,,,,20.136,,50.6256857,30.4385922,
18:21:52.470,,,,,,,,,,,,,,,,,,,,76.86274509803921,20.392156862745097,99,,,,,,,,,,18.431372549019606,,,,,,,,12.549019607843137,,,,,,,,,,,,,14.6659494,,,,,,,,,,,,36.9459494819564,,59.6078431372549,99,,,,,,50.6256857,30.4385922,
18:21:52.569,,,,,,,,,,,,,,,,,,,,,,,2.040552858851051,59.61696,59.61696,629.9371089499999,0.025506910735638138,0.745212,0.745212,8.18837,5.500000081956387,,20.392156862745097,,,5.500000081956387,21.517088781577588,,,,,,,,,,,3.310935376261747,5.692637365894409,5.692637365894409,0.12103922856051214,,,50,,,,30620,,30660,0,0,,145,36.9459494819564,30620,59.2156862745098,,,,,,0,50.6256857,30.4385922,
18:21:52.701,,,,,,,,,,,,,,,32,,,,,,,,,,,,,,,,,,,,,,,,,,,,,,,,,,,,,,,,,,,,,,,,,,,,,,,,81,,,50.6256857,30.4385922,
18:21:52.749,,,,,,,,,,,,,,,,,,94.6875,,,,,,,,,,,,,,,,,,,,,,,,,,,,,,,,,,,,,,,,,,,,,,,,,,,,,,,,50.6256857,30.4385922,
18:21:52.785,,,,,,,,,,,,,,,,6144,0.375,,,,,,,,,,,,,,,,,,,,,,,,,,,,,,,,,,,,,,,,,,,,,,,,,,,,,,,,,50.6256857,30.4385922,
18:21:52.912,,,,,,,,,352.59000000000003,48.5,,3.69,,,,,,,,,,,,,,,,,,,,,,,,,,,,,,,,,,,,,,,,,,,,,,,,,,,7.369,,,,,,,,,,,50.6256857,30.4385922,
18:21:52.961,12.800000000000182,,12,,,,,,,,,,3.675,,,,,,,,,,,,,,,,,,,,,,,,,,,,,,,,,,,,,,,,,,,,,,,,,,7.365,,,,,,,,,,,50.6256753,30.4386246,
18:21:52.996,,5.9500000000000455,,,,,,,,,,,,,,,,,,,,,,,,,,,,,,,,,,,,,,,,,,,,,,,,,,,,,,,,,,,,,,,,,,,,,,,,50.6256753,30.4386246,
18:21:53.106,,,,,,,,,,,,,,,,,,,,,,,,,,,,,,,,,,,,,,,,,,,,,,,,,,,,,,,59,,,,,,,,,146,,,,,,,,,,50.6256753,30.4386246,
18:21:53.178,,,,,,,,,,,,,,,,,,,,,,,,,,,,,,,,,,16.71,50.00000074505807,,,1590,1.6,,,0.7730031556666666,13.093423,13.093423,6765.057302000001,58.03921568627451,-0.08,,,,,13.802006988720967,,,,37,91,,11,,,,,146,36.8759494819564,,,,,,,20.052,,50.6256753,30.4386246,
18:21:53.268,,,,,,,,,,,,,,,,,,,,77.25490196078431,20.784313725490197,99,,,,,,,,,,18.823529411764707,,,,,,,,15.686274509803921,,,,,,,,,,,,,14.67309372,,,,,,,,,,,,36.8830938019564,,59.6078431372549,99,,,,,,50.6256753,30.4386246,
18:21:53.365,,,,,,,,,,,,,,,,,,,,,,,2.1369820113990685,59.71336,59.71336,630.0335089499999,0.026712275142488355,0.7464170000000001,0.7464170000000001,8.189575,5.4500000812113285,,29.41176470588235,,,5.4500000812113285,21.321478883563252,,,,,,,,,,,3.4556489125132615,5.700701795092087,5.700701795092087,0.12105699381997635,,,50,,,,30830,,32370,0,0,,146,36.8330938012113,30830,69.0196078431372,,,,,,0,50.6256753,30.4386246,
18:21:53.508,,,,,,,,,,,,,,,32,,,,,,,,,,,,,,,,,,,,,,,,,,,,,,,,,,,,,,,,,,,,,,,,,,,,,,,,81,,,50.6256753,30.4386246,
18:21:53.545,,,,,,,,,,,,,,,,,,113.03125,,,,,,,,,,,,,,,,,,,,,,,,,,,,,,,,,,,,,,,,,,,,,,,,,,,,,,,,50.6256753,30.4386246,
18:21:53.584,,,,,,,,,,,,,,,,7040,0.421875,,,,,,,,,,,,,,,,,,,,,,,,,,,,,,,,,,,,,,,,,,,,,,,,,,,,,,,,,50.6256753,30.4386246,
18:21:53.706,,,,,30,,,,,,86.6758781031239,,,86.6758781031239,,,,,,,,,,,,,,,,,,,,,,,,,,,,,,,,,,,,,,,,,,,,,,,,,,,,,,,127.5,147,,,,50.6256753,30.4386246,
18:21:53.753,,,,,,,,,354.52,48.5,,3.682,,,,,,,,,,,,,,,,,,,,,,,,,,,,,,,,,,,,,,,,,,,,,,,,,,,7.357,,,,,,,,,,,50.6256753,30.4386246,
18:21:53.837,2.6000000000001364,,4.550000000000182,,,,,,,,,,3.665,,,,,,,,,,,,,,,,,,,,,,,,,,,,,,,,,,,,,,,,,,,,,,,,,,7.347,,,,,,,,,,,50.6256753,30.4386246,
18:21:53.873,,4.050000000000182,,,,,,,,,,,,,,,,,,,,,,,,,,,,,,,,,,,,,,,,,,,,,,,,,,,,,,,,,,,,,,,,,,,,,,,,50.6256753,30.4386246,
18:21:54.036,,,,,,,,,,,,,,,,,,,,,,,,,,,,,,,,,,19.72,41.92307754777945,,,1806,1.8,,0.0578649351666173,0.7761238554999998,13.096544,13.096544,6765.060423000001,52.549019607843135,-0.04,,,,,13.798584119617475,,,,37,95,,13,,,,,146,39.8430938012113,,,,,,,23.663999999999998,,50.625651,30.438653,
18:21:54.154,,,,,,,,,,,,,,,,,,,,80,90.19607843137256,99,,,,,,,,,,87.84313725490196,,,,,,,,21.568627450980394,,,,,,,,,,,,,14.670414599999999,,,,,,,,,,,,39.8404146812113,,138.039215686274,99,,,,,,50.625651,30.438653,
18:21:54.234,,,,,,,,,,,,,,,,,,,,,,,2.2440862089950455,59.82048,59.82048,630.14062895,0.028051077612438066,0.7477560000000001,0.7477560000000001,8.190914,5.550000082701445,,88.62745098039215,,,5.550000082701445,21.712698679591934,,,,,,,,,,,3.6142527270169795,5.709567348454677,5.709567348454677,0.12107673084710892,,,50,,,,34190,,34400,18.823529411764707,18.823529411764707,,146,39.9404146827014,34190,266.666666666667,,,,,,8.235294117647058,50.625651,30.438653,
18:21:54.462,,,,,,,,,,,,,,,32,,,,,,,,,,,,,,,,,,,,,,,,,,,,,,,,,,,,,,,,,,,,,,,,,,,,,,,,81,,,50.625651,30.438653,
18:21:54.509,,,,,,,,,,,,,,,,,,147.6875,,,,,,,,,,,,,,,,,,,,,,,,,,,,,,,,,,,,,,,,,,,,,,,,,,,,,,,,50.625651,30.438653,
18:21:54.557,,,,,,,,,,,,,,,,9440,0.5625,,,,,,,,,,,,,,,,,,,,,,,,,,,,,,,,,,,,,,,,,,,,,,,,,,,,,,,,,50.625651,30.438653,
18:21:54.664,,,,,,,,,351.3,48.5,,3.67,,,,,,,,,,,,,,,,,,,,,,,,,,,,,,,,,,,,,,,,,,,,,,,,,,,7.335,,,,,,,,,,,50.625651,30.438653,
18:21:54.714,-1.349999999999909,,-1.599999999999909,,,,,,,,,,3.657,,,,,,,,,,,,,,,,,,,,,,,,,,,,,,,,,,,,,,,,,,,,,,,,,,7.327,,,,,,,,,,,50.625651,30.438653,
18:21:54.761,,-1.099999999999909,,,,,,,,,,,,,,,,,,,,,,,,,,,,,,,,,,,,,,,,,,,,,,,,,,,,,,,,,,,,,,,,,,,,,,,,50.625651,30.438653,
18:21:54.893,,,,,,,,,,,,,,,,,,,,,,,,,,,,,,,,,,23.71,32.6470593100085,,,1998,2,,0.08169570169045262,0.780172790361111,13.100593,13.100593,6765.064472000001,49.411764705882355,0,,,,,13.812083142943912,,,,37,99,,17,,,,,146,43.9304146827014,,,,,,,28.452,,50.625651,30.438653,
18:21:55.006,,,,,,,,,,,,,,,,,,,,84.70588235294117,90.19607843137256,99,,,,,,,,,,87.45098039215686,,,,,,,,25.88235294117647,,,,,,,,,,,,,14.673540240000001,,,,,,,,,,,,43.9335403227014,,266.274509803921,99,,,,,,50.6256024,30.438662,
18:21:55.074,,,,,,,,,,,,,,,,,,,,,,,2.370042155871935,59.9464,59.9464,630.2665489499999,0.02962552694839919,0.74933,0.74933,8.192488,6.750000100582838,,88.62745098039215,,,6.750000100582838,26.40733623193613,,,,,,,,,,,3.7973032787629917,5.719817415898655,5.719817415898655,0.12109992497348664,,,50,,,,34910,,35000,82.3529411764706,82.3529411764706,,146,45.1335403405828,34937.0588235294,266.274509803921,,,,,,84.31372549019608,50.6256024,30.438662,
18:21:55.206,,,,,,,,,,,,,,,32,,,,,,,,,,,,,,,,,,,,,,,,,,,,,,,,,,,,,,,,,,,,,,,,,,,,,,,,81,,,50.6256024,30.438662,
18:21:55.242,,,,,,,,,,,,,,,,,,135.46875,,,,,,,,,,,,,,,,,,,,,,,,,,,,,,,,,,,,,,,,,,,,,,,,,,,,,,,,50.6256024,30.438662,
18:21:55.277,,,,,,,,,,,,,,,,8800,0.53125,,,,,,,,,,,,,,,,,,,,,,,,,,,,,,,,,,,,,,,,,,,,,,,,,,,,,,,,,50.6256024,30.438662,
18:21:55.397,,,,,,,,,351.78000000000003,48.5,,3.669,,,,,,,,,,,,,,,,,,,,,,,,,,,,,,,,,,,,,,,,,,,,,,,,,,,7.326,,,,,,,,,,,50.6256024,30.438662,
18:21:55.470,5.650000000000091,,3.25,,,,,,,,,,3.653,,,,,,,,,,,,,,,,,,,,,,,,,,,,,,,,,,,,,,,,,,,,,,,,,,7.322,,,,,,,,,,,50.6256024,30.438662,
18:21:55.518,,8.100000000000136,,,,,,,,,,,,,,,,,,,,,,,,,,,,,,,,,,,,,,,,,,,,,,,,,,,,,,,,,,,,,,,,,,,,,,,,50.6256024,30.438662,
18:21:55.638,,,,,,,,,,,,,,,,,,,,,,,,,,,,,,,,,,21.400000000000002,32.14285762182304,,,1945,1.9,,0.1111429001925835,0.7844447596944443,13.104865,13.104865,6765.068744000001,49.411764705882355,0.09,,,,,13.837877159930969,,,,37,108,,21,,,,,146,42.8235403405828,,,,,,,25.680000000000003,,50.6256024,30.438662,
18:21:55.741,,,,,,,,,,,,,,,,,,,,78.82352941176471,90.19607843137256,99,,,,,,,,,,87.84313725490196,,,,,,,,21.176470588235293,,,,,,,,,,,,,14.669968079999999,,,,,,,,,,,,42.8199681805828,,266.666666666667,99,,,,,,50.6256024,30.438662,
18:21:55.833,,,,,,,,,,,,,,,,,,,,,,,2.5017781951682885,60.07816,60.07816,630.3983089499999,0.0312722274396036,0.750977,0.750977,8.194135000000001,7.800000116229057,,88.62745098039215,,,7.800000116229057,30.51514409023731,,,,,,,,,,,3.986542972354703,5.730520688309266,5.730520688309266,0.12112419415201732,,,50,,,,33670,,32630,94.90196078431373,94.90196078431373,,146,43.8699681962291,33836.6666666667,266.666666666667,,,,,,90.58823529411765,50.6256024,30.438662,
18:21:55.965,,,,,,,,,,,,,,,32,,,,,,,,,,,,,,,,,,,,,,,,,,,,,,,,,,,,,,,,,,,,,,,,,,,,,,,,81,,,50.6255497,30.4386899,
18:21:56.001,,,,,,,,,,,,,,,,,,84.390625,,,,,,,,,,,,,,,,,,,,,,,,,,,,,,,,,,,,,,,,,,,,,,,,,,,,,,,,50.6255497,30.4386899,
18:21:56.037,,,,,,,,,,,,,,,,5632,0.34375,,,,,,,,,,,,,,,,,,,,,,,,,,,,,,,,,,,,,,,,,,,,,,,,,,,,,,,,,50.6255497,30.4386899,
18:21:56.289,,,,,,,,,352.75,48.5,,3.67,,,,,,,,,,,,,,,,,,,,,,,,,,,,,,,,,,,,,,,,,,,,,,,,,,,7.323,,,,,,,,,,,50.6255497,30.4386899,
18:21:56.361,3.9500000000000455,,4.900000000000091,,,,,,,,,,3.659,,,,,,,,,,,,,,,,,,,,,,,,,,,,,,,,,,,,,,,,,,,,,,,,,,7.329,,,,,,,,,,,50.6255497,30.4386899,
18:21:56.410,,2.9500000000000455,,,,,,,,,,,,,,,,,,,,,,,,,,,,,,,,,,,,,,,,,,,,,,,,,,,,,,,,,,,,,,,,,,,,,,,,50.6255497,30.4386899,
18:21:56.529,,,,,,,,,,,,,,,,,,,,,,,,,,,,,,,,,,19.79,31.20000046491623,,,1791,1.8,,0.11833516750582353,0.7906865985833331,13.111107,13.111107,6765.0749860000005,51.372549019607845,0.16,,,,,13.886823235132791,,,,37,115,,25,,,,,146,42.2599681962291,,,,,,,23.747999999999998,,50.6255497,30.4386899,
18:21:56.640,,,,,,,,,,,,,,,,,,,,78.43137254901961,90.19607843137256,99,,,,,,,,,,87.84313725490196,,,,,,,,19.607843137254903,,,,,,,,,,,,,14.678005440000002,,,,,,,,,,,,42.2680055562291,,266.666666666667,99,,,,,,50.6255497,30.4386899,
18:21:56.714,,,,,,,,,,,,,,,,,,,,,,,2.6250050490045114,60.20136,60.20136,630.5215089499999,0.03281256311255639,0.7525170000000001,0.7525170000000001,8.195675,6.3000000938773155,,88.62745098039215,,,6.3000000938773155,24.646847149807055,,,,,,,,,,,4.149882288551039,5.739538240363687,5.739538240363687,0.12114684636845205,,,50,,,,33440,,31490,89.41176470588235,89.41176470588235,,146,40.7680055338773,33625.4901960784,266.666666666667,,,,,,95.68627450980392,50.6255497,30.4386899,
18:21:56.858,,,,,,,,,,,,,,,32,,,,,,,,,,,,,,,,,,,,,,,,,,,,,,,,,,,,,,,,,,,,,,,,,,,,,,,,81,,,50.6255497,30.4386899,
18:21:56.893,,,,,,,,,,,,,,,,,,49,,,,,,,,,,,,,,,,,,,,,,,,,,,,,,,,,,,,,,,,,,,,,,,,,,,,,,,,50.6255497,30.4386899,
18:21:56.929,,,,,,,,,,,,,,,,3200,0.1875,,,,,,,,,,,,,,,,,,,,,,,,,,,,,,,,,,,,,,,,,,,,,,,,,,,,,,,,,50.6255497,30.4386899,
18:21:57.061,,,,,,,,,355.32,48.5,,3.689,,,,,,,,,,,,,,,,,,,,,,,,,,,,,,,,,,,,,,,,,,,,,,,,,,,7.348,,,,,,,,,,,50.6254872,30.4387172,
18:21:57.122,15.600000000000136,,19.65000000000009,,,,,,,,,,3.676,,,,,,,,,,,,,,,,,,,,,,,,,,,,,,,,,,,,,,,,,,,,,,,,,,7.365,,,,,,,,,,,50.6254872,30.4387172,
18:21:57.157,,20.90000000000009,,,,,,,,,,,,,,,,,,,,,,,,,,,,,,,,,,,,,,,,,,,,,,,,,,,,,,,,,,,,,,,,,,,,,,,,50.6254872,30.4387172,
18:21:57.254,,,,,,,,,,,,,,,,,,,,,,,,,,,,,,,,,,,,,,,,,,,,,,,,,,,,,,,60,,,,,,,,,147,,,,,,,,,,50.6254872,30.4387172,
18:21:57.313,,,,,,,,,,,,,,,,,,,,,,,,,,,,,,,,,,13.59,23.333333681027096,,,1581,1.6,,0.12102906459585851,0.7965548123333331,13.116975,13.116975,6765.080854000001,49.80392156862745,0.01,,,,,13.936688024474687,,,,37,100,,27,,,,,147,34.5680055338773,,,,,,,16.308,,50.6254872,30.4387172,
18:21:57.425,,,,,,,,,,,,,,,,,,,,65.88235294117646,43.92156862745098,99,,,,,,,,,,42.35294117647059,,,,,,,,13.72549019607843,,,,,,,,,,,,,14.68113108,,,,,,,,,,,,34.5711311738773,,221.176470588235,99,,,,,,50.6254872,30.4387172,
18:21:57.549,,,,,,,,,,,,,,,,,,,,,,,2.741981602747598,60.31832,60.31832,630.63846895,0.034274770034344974,0.7539790000000001,0.7539790000000001,8.197137,6.3000000938773155,,37.64705882352941,,,6.3000000938773155,24.646847149807055,,,,,,,,,,,4.302876525715102,5.748116467401974,5.748116467401974,0.12116835226223889,,,50,,,,26120,,25910,0,0,,147,34.5711311738773,26305.0980392157,123.921568627451,,,,,,0,50.6254872,30.4387172,
18:21:57.609,,,,,,,,,,,,,,,,,,,49,,,,,,,,,,,,,,,,,,,,,,,,,,,,,,,,,,,,,,,,,,,,,,,,,,,,81,,,50.6254872,30.4387172,
18:21:57.706,,,,,,,,,,,,,,,32,,,,,,,,,,,,,,,,,,,,,,,,,,,,,,,,,,,,,,,,,,,,,,,,,,,,,,,,81,,,50.6254872,30.4387172,
18:21:57.729,,,,,,,,,,,,,,,,,,26.3125,,,,,,,,,,,,,,,,,,,,,,,,,,,,,,,,,,,,,,,,,,,,,,,,,,,,,,,,50.6254872,30.4387172,
18:21:57.778,,,,,,,,,,,,,,,,1792,0.109375,,,,,,,,,,,,,,,,,,,,,,,,,,,,,,,,,,,,,,,,,,,,,,,,,,,,,,,,,50.6254872,30.4387172,
18:21:57.992,,,,,,,,,354.36,48.5,,3.689,,,,,,,,,,,,,,,,,,,,,,,,,,,,,,,,,,,,,,,,,,,,,,,,,,,7.365,,,,,,,,,,,50.6254217,30.4387465,
18:21:58.078,19.450000000000045,,17.200000000000045,,,,,,,,,,3.682,,,,,,,,,,,,,,,,,,,,,,,,,,,,,,,,,,,,,,,,,,,,,,,,,,7.371,,,,,,,,,,,50.6254217,30.4387465,
18:21:58.113,,18.350000000000136,,,,,,,,,,,,,,,,,,,,,,,,,,,,,,,,,,,,,,,,,,,,,,,,,,,,,,,,,,,,,,,,,,,,,,,,50.6254217,30.4387465,
18:21:58.233,,,,,,,,,,,,,,,,,,,,,,,,,,,,,,,,,,13.09,22.500000335276127,,,1587,1.6,,0.09331135941999188,0.8037369406666665,13.124157,13.124157,6765.088036000001,47.450980392156865,-0.06,,,,,13.99952018048237,,,,37,93,,28,,,,,147,34.0711311738773,,,,,,,15.707999999999998,,50.6254217,30.4387465,
18:21:58.325,,,,,,,,,,,,,,,,,,,,63.13725490196079,32.94117647058823,99,,,,,,,,,,31.372549019607842,,,,,,,,13.72549019607843,,,,,,,,,,,,,14.680684560000001,,,,,,,,,,,,34.0706846538773,,112.941176470588,99,,,,,,50.6254217,30.4387465,
18:21:58.393,,,,,,,,,,,,,,,,,,,,,,,2.8422700767975684,60.418639999999996,60.418639999999996,630.73878895,0.035528375959969605,0.755233,0.755233,8.198391,5.350000079721212,,34.11764705882353,,,5.350000079721212,20.930259087534566,,,,,,,,,,,4.420398536180294,5.7545257954472815,5.7545257954472815,0.12118675997079072,,,50,,,,25890,,25860,0,0,,147,33.1206846397212,25890,98.4313725490196,,,,,,0,50.6254217,30.4387465,
18:21:58.524,,,,,,,,,,,,,,,32,,,,,,,,,,,,,,,,,,,,,,,,,,,,,,,,,,,,,,,,,,,,,,,,,,,,,,,,81,,,50.6254217,30.4387465,
18:21:58.573,,,,,,,,,,,,,,,,,,26.296875,,,,,,,,,,,,,,,,,,,,,,,,,,,,,,,,,,,,,,,,,,,,,,,,,,,,,,,,50.6254217,30.4387465,
18:21:58.610,,,,,,,,,,,,,,,,1600,0.09375,,,,,,,,,,,,,,,,,,,,,,,,,,,,,,,,,,,,,,,,,,,,,,,,,,,,,,,,,50.6254217,30.4387465,
18:21:58.718,,,,28,,,,,,,,,,,,,,,,,,,,,,,,,,,,,,,,,,,,,,,,,,,,,,,,,,,,,,,,,,,,,,,,,,147,,,,50.6254217,30.4387465,
18:21:58.836,,,,,,,,,355.16,48.5,,3.696,,,,,,,,,,,,,,,,,,,,,,,,,,,,,,,,,,,,,,,,,,,,,,,,,,,7.378,,,,,,,,,,,50.6254217,30.4387465,
18:21:58.898,19.950000000000045,,13.400000000000091,,,,,,,,,,3.687,,,,,,,,,,,,,,,,,,,,,,,,,,,,,,,,,,,,,,,,,,,,,,,,,,7.383,,,,,,,,,,,50.6254217,30.4387465,
18:21:58.933,,13.450000000000045,,,,,,,,,,,,,,,,,,,,,,,,,,,,,,,,,,,,,,,,,,,,,,,,,,,,,,,,,,,,,,,,,,,,,,,,50.6254217,30.4387465,
18:21:59.053,,,,,,,,,,,,,,,,,,,,,,,,,,,,,,,,,,12.84,18.448276136969696,,,1589,1.6,,0.06634944646204055,0.8103762417499998,13.130796,13.130796,6765.094675000001,46.666666666666664,-0.07,,,,,14.059100158922258,,,,37,92,,29,,,,,147,32.8706846397212,,,,,,,15.408,,50.6253524,30.4387777,
18:21:59.161,,,,,,,,,,,,,,,,,,,,62.35294117647059,31.764705882352942,99,,,,,,,,,,30.19607843137255,,,,,,,,13.72549019607843,,,,,,,,,,,,,14.682024120000001,,,,,,,,,,,,32.8720241997212,,97.2549019607844,99,,,,,,50.6253524,30.4387777,
18:21:59.245,,,,,,,,,,,,,,,,,,,,,,,2.9236934446775376,60.50008,60.50008,630.8202289499999,0.03654616805846922,0.756251,0.756251,8.199409000000001,4.300000064074993,,31.764705882352942,,,4.300000064074993,16.822451229233387,,,,,,,,,,,4.509777826105577,5.759369043582735,5.759369043582735,0.12120168887362984,,,50,,,,25830,,25840,0,0,,147,31.822024184075,25830,93.7254901960784,,,,,,0,50.6253524,30.4387777,
18:21:59.389,,,,,,,,,,,,,,,32,,,,,,,,,,,,,,,,,,,,,,,,,,,,,,,,,,,,,,,,,,,,,,,,,,,,,,,,81,,,50.6253524,30.4387777,
18:21:59.438,,,,,,,,,,,,,,,,,,24.8125,,,,,,,,,,,,,,,,,,,,,,,,,,,,,,,,,,,,,,,,,,,,,,,,,,,,,,,,50.6253524,30.4387777,
18:21:59.474,,,,,,,,,,,,,,,,1568,0.09375,,,,,,,,,,,,,,,,,,,,,,,,,,,,,,,,,,,,,,,,,,,,,,,,,,,,,,,,,50.6253524,30.4387777,
18:21:59.606,,,,,,,,,354.68,48.5,,3.693,,,,,,,,,,,,,,,,,,,,,,,,,,,,,,,,,,,,,,,,,,,,,,,,,,,7.38,,,,,,,,,,,50.6253524,30.4387777,
18:21:59.665,13.950000000000045,,20.700000000000045,,,,,,,,,,3.683,,,,,,,,,,,,,,,,,,,,,,,,,,,,,,,,,,,,,,,,,,,,,,,,,,7.376,,,,,,,,,,,50.6253524,30.4387777,
18:21:59.725,,17.300000000000182,,,,,,,,,,,,,,,,,,,,,,,,,,,,,,,,,,,,,,,,,,,,,,,,,,,,,,,,,,,,,,,,,,,,,,,,50.6253524,30.4387777,
18:21:59.976,,,,,,,,,,,,,,,,,,,,,,,,,,,,,,,,,,13.18,14.333333546916645,,,1657,1.7,,0.0410857345352534,0.8179292750833331,13.138349,13.138349,6765.102228000001,44.31372549019608,-0.07,,,,,14.12842533605773,,,,36,92,,30,,,,,146,32.162024184075,,,,,,,15.815999999999999,,50.6252794,30.4388103,
18:22:00.070,,,,,,,,,,,,,,,,,,,,60.78431372549019,90.19607843137256,99,,,,,,,,,,88.23529411764706,,,,,,,,13.72549019607843,,,,,,,,,,,,,14.678898479999999,,,,,,,,,,,,32.158898544075,,151.764705882353,99,,,,,,50.6252794,30.4388103,
18:22:00.173,,,,,,,,,,,,,,,,,,,,,,,3.0103628819690127,60.58672,60.58672,630.90686895,0.03762953602461266,0.7573340000000001,0.7573340000000001,8.200492,4.200000062584877,,88.62745098039215,,,4.200000062584877,16.431231433204704,,,,,,,,,,,4.6005855482772455,5.764301130986854,5.764301130986854,0.12121756218345205,,,50,,,,28010,,30350,86.66666666666667,86.66666666666667,,146,32.0588985425849,28010,267.058823529412,,,,,,77.6470588235294,50.6252794,30.4388103,
18:22:00.281,,,,,,,,,,,,,,,32,,,,,,,,,,,,,,,,,,,,,,,,,,,,,,,,,,,,,,,,,,,,,,,,,,,,,,,,81,,,50.6252794,30.4388103,
18:22:00.318,,,,,,,,,,,,,,,,,,22.453125,,,,,,,,,,,,,,,,,,,,,,,,,,,,,,,,,,,,,,,,,,,,,,,,,,,,,,,,50.6252794,30.4388103,
18:22:00.354,,,,,,,,,,,,,,,,1312,0.078125,,,,,,,,,,,,,,,,,,,,,,,,,,,,,,,,,,,,,,,,,,,,,,,,,,,,,,,,,50.6252794,30.4388103,
18:22:00.462,,,,,,30,29,30,,,,,,,,,,,,,,,,,,,,,,,,,,,,,,,,,,,,,,,,,,,,,,,,,,,,,,,,,,,,,,147,,,,50.6252794,30.4388103,
18:22:00.521,,,,,30,,,,,,86.6758781031239,,,86.6758781031239,,,,,,,,,,,,,,,,,,,,,,,,,,,,,,,,,,,,,,,,,,,,,,,,,,,,,,,127.5,147,,,,50.6252794,30.4388103,
18:22:00.605,,,,,,,,,356.13,48.5,,3.71,,,,,,,,,,,,,,,,,,,,,,,,,,,,,,,,,,,,,,,,,,,,,,,,,,,7.393,,,,,,,,,,,50.6252794,30.4388103,
18:22:00.654,34.80000000000018,,-1600,,,,,,,,,,3.701,,,,,,,,,,,,,,,,,,,,,,,,,,,,,,,,,,,,,,,,,,,,,,,,,,7.411,,,,,,,,,,,50.6252794,30.4388103,
18:22:00.701,,30.550000000000182,,,,,,,,,,,,,,,,,,,,,,,,,,,,,,,,,,,,,,,,,,,,,,,,,,,,,,,,,,,,,,,,,,,,,,,,50.6252794,30.4388103,
18:22:00.821,,,,,,,,,,,,,,,,,,,,,,,,,,,,,,,,,,18,13.548387298660893,,,2007,2,,0.03229544458818106,0.8253142776388886,13.145734,13.145734,6765.1096130000005,38.431372549019606,-0.02,,,,,14.197566890557727,,,,36,97,,31,,,,,146,36.8788985425849,,,,,,,21.599999999999998,,50.6252794,30.4388103,
18:22:00.913,,,,,,,,,,,,,,,,,,,,65.49019607843137,90.19607843137256,99,,,,,,,,,,87.45098039215686,,,,,,,,12.941176470588236,,,,,,,,,,,,,14.676219360000001,,,,,,,,,,,,36.8762194225849,,266.274509803921,99,,,,,,50.6252794,30.4388103,
18:22:00.985,,,,,,,,,,,,,,,,,,,,,,,3.096061127134905,60.672399999999996,60.672399999999996,630.9925489499999,0.03870076408918631,0.758405,0.758405,8.201563,4.750000070780516,,88.62745098039215,,,4.750000070780516,18.582940311362467,,,,,,,,,,,4.689215385913825,5.769209996185836,5.769209996185836,0.1212332610877387,,,50,,,,32390,,32510,85.88235294117646,85.88235294117646,,146,37.4262194307805,32554.3137254902,266.274509803921,,,,,,86.66666666666667,50.6252025,30.4388412,
18:22:01.118,,,,,,,,,,,,,,,32,,,,,,,,,,,,,,,,,,,,,,,,,,,,,,,,,,,,,,,,,,,,,,,,,,,,,,,,81,,,50.6252025,30.4388412,
18:22:01.153,,,,,,,,,,,,,,,,,,16.625,,,,,,,,,,,,,,,,,,,,,,,,,,,,,,,,,,,,,,,,,,,,,,,,,,,,,,,,50.6252025,30.4388412,
18:22:01.200,,,,,,,,,,,,,,,,1024,0.0625,,,,,,,,,,,,,,,,,,,,,,,,,,,,,,,,,,,,,,,,,,,,,,,,,,,,,,,,,50.6252025,30.4388412,
18:22:01.309,,,,,,,,,357.74,49,,3.718,,,,,,,,,,,,,,,,,,,,,,,,,,,,,,,,,,,,,,,,,,,,,,,,,,,7.419,,,,,,,,,,,50.6252025,30.4388412,
18:22:01.369,39.5,,-1600,,,,,,,,,,3.708,,,,,,,,,,,,,,,,,,,,,,,,,,,,,,,,,,,,,,,,,,,,,,,,,,7.426,,,,,,,,,,,50.6252025,30.4388412,
18:22:01.406,,35.450000000000045,,,,,,,,,,,,,,,,,,,,,,,,,,,,,,,,,,,,,,,,,,,,,,,,,,,,,,,,,,,,,,,,,,,,,,,,50.6252025,30.4388412,
18:22:01.514,,,,,,,,,,,,,,,,,,,,,,,,,,,,,,,,,,,,,,,,,,,,,,,,,,,,,,,62,,,,,,,,,148,,,,,,,,,,50.6252025,30.4388412,
18:22:01.597,,,,,,,,,,,,,,,,,,,,,,,,,,,,,,,,,,18.48,15.322580873485533,,,2000,2,,0.02525646941169754,0.8319823406111109,13.152401999999999,13.152401999999999,6765.1162810000005,40,0.03,,,,,14.259511098085929,,,,36,102,,31,,,,,148,37.9062194307805,,,,,,,22.176,,50.6252025,30.4388412,
18:22:01.680,,,,,,,,,,,,,,,,,,,,68.23529411764706,90.19607843137256,99,,,,,,,,,,87.45098039215686,,,,,,,,12.941176470588236,,,,,,,,,,,,,14.6882754,,,,,,,,,,,,37.9182754707805,,266.274509803921,99,,,,,,50.6252025,30.4388412,
18:22:01.782,,,,,,,,,,,,,,,,,,,,,,,3.1988540131110828,60.7752,60.7752,631.0953489499999,0.03998567516388853,0.75969,0.75969,8.202848,5.800000086426735,,88.62745098039215,,,5.800000086426735,22.690748169663635,,,,,,,,,,,4.806072582564445,5.776055202692254,5.776055202692254,0.12125213609465818,,,51,,,,32460,,32460,84.31372549019608,84.31372549019608,,149,38.9682754864267,32632.5490196079,266.274509803921,,,,,,84.70588235294117,50.6252025,30.4388412,
18:22:01.953,,,,,,,,,,,,,,,32,,,,,,,,,,,,,,,,,,,,,,,,,,,,,,,,,,,,,,,,,,,,,,,,,,,,,,,,81,,,50.6251246,30.438866,
18:22:02.002,,,,,,,,,,,,,,,,,,16.09375,,,,,,,,,,,,,,,,,,,,,,,,,,,,,,,,,,,,,,,,,,,,,,,,,,,,,,,,50.6251246,30.438866,
18:22:02.038,,,,,,,,,,,,,,,,864,0.046875,,,,,,,,,,,,,,,,,,,,,,,,,,,,,,,,,,,,,,,,,,,,,,,,,,,,,,,,,50.6251246,30.438866,
18:22:02.144,,,,,,,,,358.22,49,,3.723,,,,,,,,,,,,,,,,,,,,,,,,,,,,,,,,,,,,,,,,,,,,,,,,,,,7.431,,,,,,,,,,,50.6251246,30.438866,
18:22:02.205,38.65000000000009,,-1600,,,,,,,,,,3.717,,,,,,,,,,,,,,,,,,,,,,,,,,,,,,,,,,,,,,,,,,,,,,,,,,7.44,,,,,,,,,,,50.6251246,30.438866,
18:22:02.241,,39.700000000000045,,,,,,,,,,,,,,,,,,,,,,,,,,,,,,,,,,,,,,,,,,,,,,,,,,,,,,,,,,,,,,,,,,,,,,,,50.6251246,30.438866,
18:22:02.373,,,,,,,,,,,,,,,,,,,,,,,,,,,,,,,,,,18.53,18.709677698150756,,,2002,2,,0.01706261927522339,0.8386432417222219,13.159063,13.159063,6765.122942000001,40.78431372549019,0.03,,,,,14.320934453185092,,,,36,102,,31,,,,,149,39.0182754864267,,,,,,,22.236,,50.6251246,30.438866,
18:22:02.461,,,,,,,,,,,,,,,,,,,,69.01960784313725,90.19607843137256,99,,,,,,,,,,87.45098039215686,,,,,,,,12.941176470588236,,,,,,,,,,,,,14.6882754,,,,,,,,,,,,39.0182754864267,,266.274509803921,99,,,,,,50.6251246,30.438866,
18:22:02.566,,,,,,,,,,,,,,,,,,,,,,,3.2998420550603664,60.87616,60.87616,631.1963089499999,0.04124802568825458,0.7609520000000001,0.7609520000000001,8.20411,5.800000086426735,,88.62745098039215,,,5.800000086426735,22.690748169663635,,,,,,,,,,,4.9184234291983815,5.782721763700045,5.782721763700045,0.12127067121081152,,,51,,,,32470,,32460,84.31372549019608,84.31372549019608,,149,39.0182754864267,32639.0196078431,266.274509803921,,,,,,84.31372549019608,50.6251246,30.438866,
18:22:02.702,,,,,,,,,,,,,,,32,,,,,,,,,,,,,,,,,,,,,,,,,,,,,,,,,,,,,,,,,,,,,,,,,,,,,,,,81,,,50.6251246,30.438866,
18:22:02.737,,,,,,,,,,,,,,,,,,13.359375,,,,,,,,,,,,,,,,,,,,,,,,,,,,,,,,,,,,,,,,,,,,,,,,,,,,,,,,50.6251246,30.438866,
18:22:02.786,,,,,,,,,,,,,,,,864,0.046875,,,,,,,,,,,,,,,,,,,,,,,,,,,,,,,,,,,,,,,,,,,,,,,,,,,,,,,,,50.6251246,30.438866,
18:22:02.905,,,,,,,,,358.7,49,,3.729,,,,,,,,,,,,,,,,,,,,,,,,,,,,,,,,,,,,,,,,,,,,,,,,,,,7.446,,,,,,,,,,,50.6251246,30.438866,
18:22:02.965,44.200000000000045,,-1600,,,,,,,,,,3.721,,,,,,,,,,,,,,,,,,,,,,,,,,,,,,,,,,,,,,,,,,,,,,,,,,7.45,,,,,,,,,,,50.6250497,30.438904,
18:22:03.001,,45.05000000000018,,,,,,,,,,,,,,,,,,,,,,,,,,,,,,,,,,,,,,,,,,,,,,,,,,,,,,,,,,,,,,,,,,,,,,,,50.6250497,30.438904,
18:22:03.157,,,,,,,,,,,,,,,,,,,,,,,,,,,,,,,,,,18.580000000000002,18.709677698150756,,,1996,2,,0.008904142515473789,0.8453756167777775,13.165795,13.165795,6765.129674000001,40.78431372549019,0.04,,,,,14.382560572183966,,,,36,103,,31,,,,,149,39.0682754864267,,,,,,,22.296000000000003,,50.6250497,30.438904,
18:22:03.245,,,,,,,,,,,,,,,,,,,,69.01960784313725,90.19607843137256,99,,,,,,,,,,87.45098039215686,,,,,,,,10.980392156862745,,,,,,,,,,,,,14.6860428,,,,,,,,,,,,39.0660428864267,,266.274509803921,99,,,,,,50.6250497,30.438904,
18:22:03.318,,,,,,,,,,,,,,,,,,,,,,,3.39928816165334,60.9756,60.9756,631.29574895,0.04249110202066675,0.7621950000000001,0.7621950000000001,8.205353,5.950000088661909,,88.62745098039215,,,5.950000088661909,23.277577863706664,,,,,,,,,,,5.026298508895404,5.789206044906519,5.789206044906519,0.12128892416556507,,,51,,,,32480,,32460,84.70588235294117,84.70588235294117,,149,39.2160428886619,32648.6274509804,266.274509803921,,,,,,84.31372549019608,50.6250497,30.438904,
18:22:03.429,,,,,,,,,,,,,,,32,,,,,,,,,,,,,,,,,,,,,,,,,,,,,,,,,,,,,,,,,,,,,,,,,,,,,,,,81,,,50.6250497,30.438904,
18:22:03.490,,,,,,,,,,,,,,,,,,-5.3125,,,,,,,,,,,,,,,,,,,,,,,,,,,,,,,,,,,,,,,,,,,,,,,,,,,,,,,,50.6250497,30.438904,
18:22:03.573,,,,,,,,,,,,,,,,-480,-0.03125,,,,,,,,,,,,,,,,,,,,,,,,,,,,,,,,,,,,,,,,,,,,,,,,,,,,,,,,,50.6250497,30.438904,
18:22:03.766,,,,,,,,,359.67,49.5,,3.747,,,,,,,,,,,,,,,,,,,,,,,,,,,,,,,,,,,,,,,,,,,,,,,,,,,7.468,,,,,,,,,,,50.6250497,30.438904,
18:22:03.813,54.05000000000018,,-1600,,,,,,,,,,3.736,,,,,,,,,,,,,,,,,,,,,,,,,,,,,,,,,,,,,,,,,,,,,,,,,,7.483,,,,,,,,,,,50.6250497,30.438904,
18:22:03.849,,51.450000000000045,,,,,,,,,,,,,,,,,,,,,,,,,,,,,,,,,,,,,,,,,,,,,,,,,,,,,,,,,,,,,,,,,,,,,,,,50.6250497,30.438904,
18:22:03.981,,,,,,,,,,,,,,,,,,,,,,,,,,,,,,,,,,18.740000000000002,19.19354867310293,,,1999,2,,0,0.8523887924166664,13.172808,13.172808,6765.136687000001,40.78431372549019,0.04,,,,,14.44627462952871,,,,36,103,,31,,,,,149,39.3760428886619,,,,,,,22.488000000000003,,50.6249758,30.4389392,
18:22:04.054,,,,,,,,,,,,,,,,,,,,69.41176470588235,90.19607843137256,99,,,,,,,,,,87.45098039215686,,,,,,,,11.764705882352942,,,,,,,,,,,,,14.69140104,,,,,,,,,,,,39.3814011286619,,266.274509803921,99,,,,,,50.6249758,30.4389392,
18:22:04.149,,,,,,,,,,,,,,,,,,,,,,,3.510038509970315,61.08632,61.08632,631.40646895,0.04387548137462894,0.763579,0.763579,8.206737,6.000000089406967,,88.62745098039215,,,6.000000089406967,23.473187761721007,,,,,,,,,,,5.147355498449778,5.796630452671899,5.796630452671899,0.12130925626041233,,,51,,,,32470,,32460,85.09803921568627,85.09803921568627,,149,39.431401129407,32639.0196078431,266.274509803921,,,,,,84.70588235294117,50.6249758,30.4389392,
18:22:04.246,,,,,,,,,,,,,,,,,,,50,,,,,,,,,,,,,,,,,,,,,,,,,,,,,,,,,,,,,,,,,,,,,,,,,,,,82,,,50.6249758,30.4389392,
18:22:04.330,,,,,,,,,,,,,,,32,,,,,,,,,,,,,,,,,,,,,,,,,,,,,,,,,,,,,,,,,,,,,,,,,,,,,,,,82,,,50.6249758,30.4389392,
18:22:04.366,,,,,,,,,,,,,,,,,,13.234375,,,,,,,,,,,,,,,,,,,,,,,,,,,,,,,,,,,,,,,,,,,,,,,,,,,,,,,,50.6249758,30.4389392,
18:22:04.401,,,,,,,,,,,,,,,,800,0.046875,,,,,,,,,,,,,,,,,,,,,,,,,,,,,,,,,,,,,,,,,,,,,,,,,,,,,,,,,50.6249758,30.4389392,
18:22:04.530,,,,,,,,,358.06,49.5,,3.736,,,,,,,,,,,,,,,,,,,,,,,,,,,,,,,,,,,,,,,,,,,,,,,,,,,7.472,,,,,,,,,,,50.6249758,30.4389392,
18:22:04.590,42.05000000000018,,-1600,,,,,,,,,,3.727,,,,,,,,,,,,,,,,,,,,,,,,,,,,,,,,,,,,,,,,,,,,,,,,,,7.463,,,,,,,,,,,50.6249758,30.4389392,
18:22:04.637,,38.450000000000045,,,,,,,,,,,,,,,,,,,,,,,,,,,,,,,,,,,,,,,,,,,,,,,,,,,,,,,,,,,,,,,,,,,,,,,,50.6249758,30.4389392,
18:22:04.769,,,,,,,,,,,,,,,,,,,,,,,,,,,,,,,,,,18.69,20.000000298023224,,,2001,2,,-0.008929259155165866,0.8589932649166664,13.179412,13.179412,6765.143291000001,40.78431372549019,0.05,,,,,14.504091165811161,,,,36,104,,30,,,,,149,39.381401129407,,,,,,,22.428,,50.6249758,30.4389392,
18:22:04.873,,,,,,,,,,,,,,,,,,,,69.41176470588235,90.19607843137256,99,,,,,,,,,,87.45098039215686,,,,,,,,12.549019607843137,,,,,,,,,,,,,14.68782888,,,,,,,,,,,,39.377828969407,,266.274509803921,99,,,,,,50.6249758,30.4389392,
18:22:04.958,,,,,,,,,,,,,,,,,,,,,,,3.617838724909997,61.19416,61.19416,631.51430895,0.04522298406137496,0.764927,0.764927,8.208085,6.000000089406967,,88.62745098039215,,,6.000000089406967,23.473187761721007,,,,,,,,,,,5.264649434214387,5.803953924499819,5.803953924499819,0.12132906350881903,,,51,,,,32470,,32460,84.70588235294117,84.70588235294117,,149,39.377828969407,32639.8039215686,266.274509803921,,,,,,84.70588235294117,50.6249026,30.4389763,
18:22:05.089,,,,,,,,,,,,,,,32,,,,,,,,,,,,,,,,,,,,,,,,,,,,,,,,,,,,,,,,,,,,,,,,,,,,,,,,82,,,50.6249026,30.4389763,
18:22:05.125,,,,,,,,,,,,,,,,,,-18.65625,,,,,,,,,,,,,,,,,,,,,,,,,,,,,,,,,,,,,,,,,,,,,,,,,,,,,,,,50.6249026,30.4389763,
18:22:05.174,,,,,,,,,,,,,,,,-1248,-0.078125,,,,,,,,,,,,,,,,,,,,,,,,,,,,,,,,,,,,,,,,,,,,,,,,,,,,,,,,,50.6249026,30.4389763,
18:22:05.342,,,,,,,,,360.15000000000003,50,,3.764,,,,,,,,,,,,,,,,,,,,,,,,,,,,,,,,,,,,,,,,,,,,,,,,,,,7.491,,,,,,,,,,,50.6249026,30.4389763,
18:22:05.437,59.15000000000009,,-1600,,,,,,,,,,3.751,,,,,,,,,,,,,,,,,,,,,,,,,,,,,,,,,,,,,,,,,,,,,,,,,,7.515,,,,,,,,,,,50.6249026,30.4389763,
18:22:05.508,,59.600000000000136,,,,,,,,,,,,,,,,,,,,,,,,,,,,,,,,,,,,,,,,,,,,,,,,,,,,,,,,,,,,,,,,,,,,,,,,50.6249026,30.4389763,
18:22:05.617,,,,,,,,,,,,,,,,,,,,,,,,,,,,,,,,,,,,,,,,,,,,,,,,,,,,,,,63,,,,,,,,,150,,,,,,,,,,50.6249026,30.4389763,
18:22:05.713,,,,,,,,,,,,,,,,,,,,,,,,,,,,,,,,,,18.67,20.000000298023224,,,2000,2,,-0.008482425356067691,0.8670123540833331,13.187431,13.187431,6765.151310000001,41.1764705882353,0.04,,,,,14.573716271095154,,,,36,103,,30,,,,,150,39.357828969407,,,,,,,22.404,,50.6249026,30.4389763,
18:22:05.821,,,,,,,,,,,,,,,,,,,,69.41176470588235,90.19607843137256,99,,,,,,,,,,87.45098039215686,,,,,,,,7.450980392156863,,,,,,,,,,,,,14.690508,,,,,,,,,,,,39.360508089407,,266.274509803921,99,,,,,,50.6249026,30.4389763,
18:22:05.893,,,,,,,,,,,,,,,,,,,,,,,3.743565511116805,61.319919999999996,61.319919999999996,631.6400689499999,0.04679456888896007,0.766499,0.766499,8.209657,6.050000090152025,,88.62745098039215,,,6.050000090152025,23.668797659735354,,,,,,,,,,,5.397220543464412,5.812345103454949,5.812345103454949,0.12135215642353457,,,51,,,,32470,,32470,85.49019607843137,85.49019607843137,,150,39.410508090152,32639.4117647058,266.274509803921,,,,,,85.09803921568627,50.6249026,30.4389763,
18:22:06.048,,,,,,,,,,,,,,,32,,,,,,,,,,,,,,,,,,,,,,,,,,,,,,,,,,,,,,,,,,,,,,,,,,,,,,,,82,,,50.6248295,30.4390159,
18:22:06.097,,,,,,,,,,,,,,,,,,-47.453125,,,,,,,,,,,,,,,,,,,,,,,,,,,,,,,,,,,,,,,,,,,,,,,,,,,,,,,,50.6248295,30.4390159,
18:22:06.145,,,,,,,,,,,,,,,,-3232,-0.203125,,,,,,,,,,,,,,,,,,,,,,,,,,,,,,,,,,,,,,,,,,,,,,,,,,,,,,,,,50.6248295,30.4390159,
18:22:06.265,,,,,,,,,363.05,50,,3.795,,,,,,,,,,,,,,,,,,,,,,,,,,,,,,,,,,,,,,,,,,,,,,,,,,,7.546,,,,,,,,,,,50.6248295,30.4390159,
18:22:06.313,77.75,,-1600,,,,,,,,,,3.779,,,,,,,,,,,,,,,,,,,,,,,,,,,,,,,,,,,,,,,,,,,,,,,,,,7.574,,,,,,,,,,,50.6248295,30.4390159,
18:22:06.362,,78.20000000000005,,,,,,,,,,,,,,,,,,,,,,,,,,,,,,,,,,,,,,,,,,,,,,,,,,,,,,,,,,,,,,,,,,,,,,,,50.6248295,30.4390159,
18:22:06.493,,,,,,,,,,,,,,,,,,,,,,,,,,,,,,,,,,18.62,21.607143179114377,,,1999,2,,-0.025477754213572477,0.8729074826388886,13.193325999999999,13.193325999999999,6765.157205000001,41.1764705882353,0.04,,,,,14.621064293016346,,,,36,103,,28,,,,,150,39.360508090152,,,,,,,22.344,,50.6248295,30.4390159,
18:22:06.574,,,,,,,,,,,,,,,,,,,,69.41176470588235,90.19607843137256,99,,,,,,,,,,87.45098039215686,,,,,,,,6.2745098039215685,,,,,,,,,,,,,14.700331440000001,,,,,,,,,,,,39.370331530152,,266.274509803921,99,,,,,,50.6248295,30.4390159,
18:22:06.645,,,,,,,,,,,,,,,,,,,,,,,3.844672010178965,61.421040000000005,61.421040000000005,631.7411889499999,0.04805840012723706,0.7677630000000001,0.7677630000000001,8.210921,6.050000090152025,,88.62745098039215,,,6.050000090152025,23.668797659735354,,,,,,,,,,,5.505554836344351,5.819328651471207,5.819328651471207,0.12137073465094739,,,51,,,,32490,,32460,85.09803921568627,85.09803921568627,,150,39.370331530152,32660.5882352941,266.274509803921,,,,,,85.49019607843137,50.6248295,30.4390159,
18:22:06.789,,,,,,,,,,,,,,,32,,,,,,,,,,,,,,,,,,,,,,,,,,,,,,,,,,,,,,,,,,,,,,,,,,,,,,,,82,,,50.6248295,30.4390159,
18:22:06.850,,,,,,,,,,,,,,,,,,-32.3125,,,,,,,,,,,,,,,,,,,,,,,,,,,,,,,,,,,,,,,,,,,,,,,,,,,,,,,,50.6248295,30.4390159,
18:22:06.909,,,,,,,,,,,,,,,,-1952,-0.125,,,,,,,,,,,,,,,,,,,,,,,,,,,,,,,,,,,,,,,,,,,,,,,,,,,,,,,,,50.6248295,30.4390159,
18:22:07.173,,,,28,,,,,,,,,,,,,,,,,,,,,,,,,,,,,,,,,,,,,,,,,,,,,,,,,,,,,,,,,,,,,,,,,,147,,,,50.6247626,30.4390502,
18:22:07.437,,,,,30,,,,,,86.6758781031239,,,86.6758781031239,,,,,,,,,,,,,,,,,,,,,,,,,,,,,,,,,,,,,,,,,,,,,,,,,,,,,,,127.5,147,,,,50.6247626,30.4390502,
18:22:07.509,,,,,,,,,362.41,50.5,,3.783,,,,,,,,,,,,,,,,,,,,,,,,,,,,,,,,,,,,,,,,,,,,,,,,,,,7.562,,,,,,,,,,,50.6247626,30.4390502,
18:22:07.570,61.30000000000018,,-1600,,,,,,,,,,3.765,,,,,,,,,,,,,,,,,,,,,,,,,,,,,,,,,,,,,,,,,,,,,,,,,,7.548,,,,,,,,,,,50.6247626,30.4390502,
18:22:07.604,,61.30000000000018,,,,,,,,,,,,,,,,,,,,,,,,,,,,,,,,,,,,,,,,,,,,,,,,,,,,,,,,,,,,,,,,,,,,,,,,50.6247626,30.4390502,
18:22:07.725,,,,,,,,,,,,,,,,,,,,,,,,,,,,,,,,,,18.67,23.26923111596933,,,1997,2,,-0.037825822529294624,0.8818045028055553,13.202223,13.202223,6765.166102000001,41.1764705882353,0.04,,,,,14.685913028258401,,,,36,103,,26,,,,,150,39.420331530152,,,,,,,22.404,,50.6247626,30.4390502,
18:22:07.814,,,,,,,,,,,,,,,,,,,,69.41176470588235,90.19607843137256,99,,,,,,,,,,87.45098039215686,,,,,,,,7.8431372549019605,,,,,,,,,,,,,14.6994384,,,,,,,,,,,,39.419438490152,,266.274509803921,99,,,,,,50.6247626,30.4390502,
18:22:07.885,,,,,,,,,,,,,,,,,,,,,,,4.011460523442086,61.58784,61.58784,631.9079889499999,0.050143256543026066,0.7698480000000001,0.7698480000000001,8.213006,6.050000090152025,,88.62745098039215,,,6.050000090152025,23.668797659735354,,,,,,,,,,,5.686436889751632,5.831199791126086,5.831199791126086,0.12140139467635497,,,51,,,,32490,,32470,85.88235294117646,85.88235294117646,,150,39.419438490152,32660.5882352941,266.274509803921,,,,,,85.88235294117646,50.6247626,30.4390502,
18:22:07.993,,,,,,,,,,,,,,,32,,,,,,,,,,,,,,,,,,,,,,,,,,,,,,,,,,,,,,,,,,,,,,,,,,,,,,,,82,,,50.6246999,30.4390839,
18:22:08.029,,,,,,,,,,,,,,,,,,-4.90625,,,,,,,,,,,,,,,,,,,,,,,,,,,,,,,,,,,,,,,,,,,,,,,,,,,,,,,,50.6246999,30.4390839,
18:22:08.078,,,,,,,,,,,,,,,,-224,-0.015625,,,,,,,,,,,,,,,,,,,,,,,,,,,,,,,,,,,,,,,,,,,,,,,,,,,,,,,,,50.6246999,30.4390839,
18:22:08.186,,,,,,,,,362.25,51,,3.77,,,,,,,,,,,,,,,,,,,,,,,,,,,,,,,,,,,,,,,,,,,,,,,,,,,7.535,,,,,,,,,,,50.6246999,30.4390839,
18:22:08.270,50.40000000000009,,-1600,,,,,,,,,,3.758,,,,,,,,,,,,,,,,,,,,,,,,,,,,,,,,,,,,,,,,,,,,,,,,,,7.528,,,,,,,,,,,50.6246999,30.4390839,
18:22:08.305,,46.55000000000018,,,,,,,,,,,,,,,,,,,,,,,,,,,,,,,,,,,,,,,,,,,,,,,,,,,,,,,,,,,,,,,,,,,,,,,,50.6246999,30.4390839,
18:22:08.452,,,,,,,,,,,,,,,,,,,,,,,,,,,,,,,,,,18.69,24.2000003606081,,,2000,2,,-0.038453270415277595,0.8868561305833331,13.207275,13.207275,6765.171154000001,41.1764705882353,0.04,,,,,14.720506304770113,,,,36,103,,25,,,,,150,39.439438490152,,,,,,,22.428,,50.6246999,30.4390839,
18:22:08.550,,,,,,,,,,,,,,,,,,,,69.80392156862744,90.19607843137256,99,,,,,,,,,,87.45098039215686,,,,,,,,11.372549019607844,,,,,,,,,,,,,14.69899188,,,,,,,,,,,,39.438991970152,,266.274509803921,99,,,,,,50.6246999,30.4390839,
18:22:08.646,,,,,,,,,,,,,,,,,,,,,,,4.113738356299478,61.690079999999995,61.690079999999995,632.0102289499999,0.051421729453743466,0.771126,0.771126,8.214284000000001,6.050000090152025,,88.62745098039215,,,6.050000090152025,23.668797659735354,,,,,,,,,,,5.798204204770014,5.8386457463784165,5.8386457463784165,0.1214201948925297,,,52,,,,32430,,32460,85.88235294117646,85.88235294117646,,151,39.438991970152,32601.7647058824,266.274509803921,,,,,,85.88235294117646,50.6246999,30.4390839,
18:22:08.754,,,,,,,,,,,,,,,32,,,,,,,,,,,,,,,,,,,,,,,,,,,,,,,,,,,,,,,,,,,,,,,,,,,,,,,,82,,,50.6246999,30.4390839,
18:22:08.802,,,,,,,,,,,,,,,,,,13.359375,,,,,,,,,,,,,,,,,,,,,,,,,,,,,,,,,,,,,,,,,,,,,,,,,,,,,,,,50.6246999,30.4390839,
18:22:08.850,,,,,,,,,,,,,,,,928,0.046875,,,,,,,,,,,,,,,,,,,,,,,,,,,,,,,,,,,,,,,,,,,,,,,,,,,,,,,,,50.6246999,30.4390839,
18:22:08.982,,,,,,30,29,30,,,,,,,,,,,,,,,,,,,,,,,,,,,,,,,,,,,,,,,,,,,,,,,,,,,,,,,,,,,,,,147,,,,50.6246377,30.4391135,
18:22:09.041,,,,,,,,,360.8,51,,3.76,,,,,,,,,,,,,,,,,,,,,,,,,,,,,,,,,,,,,,,,,,,,,,,,,,,7.518,,,,,,,,,,,50.6246377,30.4391135,
18:22:09.101,43.80000000000018,,-1600,,,,,,,,,,3.755,,,,,,,,,,,,,,,,,,,,,,,,,,,,,,,,,,,,,,,,,,,,,,,,,,7.515,,,,,,,,,,,50.6246377,30.4391135,
18:22:09.137,,45.5,,,,,,,,,,,,,,,,,,,,,,,,,,,,,,,,,,,,,,,,,,,,,,,,,,,,,,,,,,,,,,,,,,,,,,,,50.6246377,30.4391135,
18:22:09.389,,,,,,,,,,,,,,,,,,,,,,,,,,,,,,,,,,18.64,24.2000003606081,,,1995,2,,-0.03852425017156178,0.8934437159999998,13.213863,13.213863,6765.177742000001,41.1764705882353,0.05,,,,,14.765270645072313,,,,36,104,,25,,,,,151,39.388991970152,,,,,,,22.368,,50.6246377,30.4391135,
18:22:09.481,,,,,,,,,,,,,,,,,,,,69.41176470588235,90.19607843137256,99,,,,,,,,,,87.45098039215686,,,,,,,,6.2745098039215685,,,,,,,,,,,,,14.704796640000001,,,,,,,,,,,,39.394796730152,,266.274509803921,99,,,,,,50.6246377,30.4391135,
18:22:09.566,,,,,,,,,,,,,,,,,,,,,,,4.237354996585953,61.813680000000005,61.813680000000005,632.13382895,0.05296693745732441,0.7726710000000001,0.7726710000000001,8.215829,6.050000090152025,,88.62745098039215,,,6.050000090152025,23.668797659735354,,,,,,,,,,,5.928402260688621,5.847427054450316,5.847427054450316,0.12144291418973331,,,52,,,,31610,,30340,72.94117647058823,72.94117647058823,,151,39.394796730152,31781.7647058824,266.274509803921,,,,,,69.80392156862744,50.6246377,30.4391135,
18:22:09.698,,,,,,,,,,,,,,,32,,,,,,,,,,,,,,,,,,,,,,,,,,,,,,,,,,,,,,,,,,,,,,,,,,,,,,,,82,,,50.6246377,30.4391135,
18:22:09.734,,,,,,,,,,,,,,,,,,-58.015625,,,,,,,,,,,,,,,,,,,,,,,,,,,,,,,,,,,,,,,,,,,,,,,,,,,,,,,,50.6246377,30.4391135,
18:22:09.782,,,,,,,,,,,,,,,,-3648,-0.234375,,,,,,,,,,,,,,,,,,,,,,,,,,,,,,,,,,,,,,,,,,,,,,,,,,,,,,,,,50.6246377,30.4391135,
18:22:09.925,,,,,,,,,361.6,51,,3.794,,,,,,,,,,,,,,,,,,,,,,,,,,,,,,,,,,,,,,,,,,,,,,,,,,,7.549,,,,,,,,,,,50.6246377,30.4391135,
18:22:09.974,69.85000000000014,,-1600,,,,,,,,,,3.781,,,,,,,,,,,,,,,,,,,,,,,,,,,,,,,,,,,,,,,,,,,,,,,,,,7.575,,,,,,,,,,,50.6245783,30.4391421,
18:22:10.009,,69.85000000000014,,,,,,,,,,,,,,,,,,,,,,,,,,,,,,,,,,,,,,,,,,,,,,,,,,,,,,,,,,,,,,,,,,,,,,,,50.6245783,30.4391421,
18:22:10.141,,,,,,,,,,,,,,,,,,,,,,,,,,,,,,,,,,,,,,,,,,,,,,,,,,,,,,,65,,,,,,,,,153,,,,,,,,,,50.6245783,30.4391421,
18:22:10.213,,,,,,,,,,,,,,,,,,,,,,,,,,,,,,,,,,15.05,25.208333708966773,,,1721,1.7,,-0.03045577469589856,0.8989286366666664,13.219348,13.219348,6765.183227000001,45.490196078431374,0,,,,,14.800017884363047,,,,36,99,,24,,,,,153,35.804796730152,,,,,,,18.06,,50.6245783,30.4391421,
18:22:10.302,,,,,,,,,,,,,,,,,,,,65.49019607843137,90.19607843137256,99,,,,,,,,,,87.84313725490196,,,,,,,,0,,,,,,,,,,,,,14.707475760000001,,,,,,,,,,,,35.807475850152,,266.666666666667,99,,,,,,50.6245783,30.4391421,
18:22:10.402,,,,,,,,,,,,,,,,,,,,,,,4.348839064913862,61.925200000000004,61.925200000000004,632.2453489499999,0.054360488311423275,0.774065,0.774065,8.217223,6.000000089406967,,88.62745098039215,,,6.000000089406967,23.473187761721007,,,,,,,,,,,6.047252929108854,5.855545977002799,5.855545977002799,0.12146342123011354,,,52,,,,27800,,27260,38.8235294117647,38.8235294117647,,153,35.757475849407,27942.7450980392,266.666666666667,,,,,,38.431372549019606,50.6245783,30.4391421,
18:22:10.521,,,,,,,,,,,,,,,31,,,,,,,,,,,,,,,,,,,,,,,,,,,,,,,,,,,,,,,,,,,,,,,,,,,,,,,,81,,,50.6245783,30.4391421,
18:22:10.570,,,,,,,,,,,,,,,,,,-70.375,,,,,,,,,,,,,,,,,,,,,,,,,,,,,,,,,,,,,,,,,,,,,,,,,,,,,,,,50.6245783,30.4391421,
18:22:10.618,,,,,,,,,,,,,,,,-4576,-0.28125,,,,,,,,,,,,,,,,,,,,,,,,,,,,,,,,,,,,,,,,,,,,,,,,,,,,,,,,,50.6245783,30.4391421,
18:22:10.712,,,,,,,,,362.89,51.5,,3.803,,,,,,,,,,,,,,,,,,,,,,,,,,,,,,,,,,,,,,,,,,,,,,,,,,,7.584,,,,,,,,,,,50.6245783,30.4391421,
18:22:10.774,63,,-1600,,,,,,,,,,3.779,,,,,,,,,,,,,,,,,,,,,,,,,,,,,,,,,,,,,,,,,,,,,,,,,,7.582,,,,,,,,,,,50.6245783,30.4391421,
18:22:10.834,,60.850000000000136,,,,,,,,,,,,,,,,,,,,,,,,,,,,,,,,,,,,,,,,,,,,,,,,,,,,,,,,,,,,,,,,,,,,,,,,50.6245783,30.4391421,
18:22:10.954,,,,,,,,,,,,,,,,,,,,,,,,,,,,,,,,,,13.530000000000001,28.571428997176035,,,1633,1.6,,-0.0438572212433632,0.9033247760833332,13.223744,13.223744,6765.187623000001,45.88235294117647,-0.04,,,,,14.821313262859723,,,,36,95,,21,,,,,153,34.237475849407,,,,,,,16.236,,50.6245248,30.4391657,
18:22:11.109,,,,,,,,,,,,,,,,,,,,62.745098039215684,75.29411764705883,99,,,,,,,,,,73.72549019607843,,,,,,,,0,,,,,,,,,,,,,14.697652320000001,,,,,,,,,,,,34.227652409407,,252.549019607843,99,,,,,,50.6245248,30.4391657,
18:22:11.249,,,,,,,,,,,,,,,,,,,,,,,4.443046632984331,62.01944,62.01944,632.3395889499999,0.05553808291230414,0.775243,0.775243,8.218401,5.000000074505806,,46.666666666666664,,,5.000000074505806,19.56098980143417,,,,,,,,,,,6.148185501244423,5.862507622652102,5.862507622652102,0.12148075497654234,,,52,,,,26260,,26030,0,0,,153,33.2276523945058,26337.2549019608,195.686274509804,,,,,,0,50.6245248,30.4391657,
18:22:11.345,,,,,,,,,,,,,,,,,,,50,,,,,,,,,,,,,,,,,,,,,,,,,,,,,,,,,,,,,,,,,,,,,,,,,,,,81,,,50.6245248,30.4391657,
18:22:11.454,,,,,,,,,,,,,,,31,,,,,,,,,,,,,,,,,,,,,,,,,,,,,,,,,,,,,,,,,,,,,,,,,,,,,,,,81,,,50.6245248,30.4391657,
18:22:11.501,,,,,,,,,,,,,,,,,,-66.59375,,,,,,,,,,,,,,,,,,,,,,,,,,,,,,,,,,,,,,,,,,,,,,,,,,,,,,,,50.6245248,30.4391657,
18:22:11.537,,,,,,,,,,,,,,,,-4288,-0.265625,,,,,,,,,,,,,,,,,,,,,,,,,,,,,,,,,,,,,,,,,,,,,,,,,,,,,,,,,50.6245248,30.4391657,
18:22:11.633,,,,,,,,,363.05,52,,3.782,,,,,,,,,,,,,,,,,,,,,,,,,,,,,,,,,,,,,,,,,,,,,,,,,,,7.561,,,,,,,,,,,50.6245248,30.4391657,
18:22:11.682,54.05000000000018,,-1600,,,,,,,,,,3.77,,,,,,,,,,,,,,,,,,,,,,,,,,,,,,,,,,,,,,,,,,,,,,,,,,7.552,,,,,,,,,,,50.6245248,30.4391657,
18:22:11.730,,48.05000000000018,,,,,,,,,,,,,,,,,,,,,,,,,,,,,,,,,,,,,,,,,,,,,,,,,,,,,,,,,,,,,,,,,,,,,,,,50.6245248,30.4391657,
18:22:11.874,,,,,,,,,,,,,,,,,,,,,,,,,,,,,,,,,,13.01,27.77777819169892,,,1593,1.6,,-0.05795273100068769,0.9078829080833332,13.228302,13.228302,6765.192181000001,47.05882352941177,-0.07,,,,,14.834465638056237,,,,36,92,,18,,,,,153,32.7076523945058,,,,,,,15.611999999999998,,50.6245248,30.4391657,
18:22:11.984,,,,,,,,,,,,,,,,,,,,62.745098039215684,34.90196078431372,99,,,,,,,,,,32.94117647058823,,,,,,,,1.9607843137254901,,,,,,,,,,,,,14.698098840000002,,,,,,,,,,,,32.7080989145058,,154.901960784314,99,,,,,,50.6244775,30.4391867,
18:22:12.058,,,,,,,,,,,,,,,,,,,,,,,4.522098970162302,62.098479999999995,62.098479999999995,632.41862895,0.05652623712702878,0.776231,0.776231,8.219389,4.400000065565109,,33.72549019607843,,,4.400000065565109,17.21367102526207,,,,,,,,,,,6.226159411499829,5.867956446715534,5.867956446715534,0.12149527729728213,,,52,,,,25820,,25840,0,0,,153,32.1080989055651,25820,101.56862745098,,,,,,0,50.6244775,30.4391867,
18:22:12.225,,,,,,,,,,,,,,,31,,,,,,,,,,,,,,,,,,,,,,,,,,,,,,,,,,,,,,,,,,,,,,,,,,,,,,,,81,,,50.6244775,30.4391867,
18:22:12.262,,,,,,,,,,,,,,,,,,-35.921875,,,,,,,,,,,,,,,,,,,,,,,,,,,,,,,,,,,,,,,,,,,,,,,,,,,,,,,,50.6244775,30.4391867,
18:22:12.302,,,,,,,,,,,,,,,,-2176,-0.140625,,,,,,,,,,,,,,,,,,,,,,,,,,,,,,,,,,,,,,,,,,,,,,,,,,,,,,,,,50.6244775,30.4391867,
18:22:12.422,,,,,,,,,362.41,52,,3.769,,,,,,,,,,,,,,,,,,,,,,,,,,,,,,,,,,,,,,,,,,,,,,,,,,,7.539,,,,,,,,,,,50.6244775,30.4391867,
18:22:12.481,34.600000000000136,,-1600,,,,,,,,,,3.76,,,,,,,,,,,,,,,,,,,,,,,,,,,,,,,,,,,,,,,,,,,,,,,,,,7.529,,,,,,,,,,,50.6244775,30.4391867,
18:22:12.517,,36.950000000000045,,,,,,,,,,,,,,,,,,,,,,,,,,,,,,,,,,,,,,,,,,,,,,,,,,,,,,,,,,,,,,,,,,,,,,,,50.6244775,30.4391867,
18:22:12.637,,,,,,,,,,,,,,,,,,,,,,,,,,,,,,,,,,12.790000000000001,27.500000409781933,,,1589,1.6,,-0.07849516492081747,0.9112529871944443,13.231672,13.231672,6765.195551000001,46.666666666666664,-0.07,,,,,14.838463199557442,,,,36,92,,16,,,,,153,31.8880989055651,,,,,,,15.348,,50.6244775,30.4391867,
18:22:12.758,,,,,,,,,,,,,,,,,,,,62.745098039215684,34.509803921568626,99,,,,,,,,,,32.94117647058823,,,,,,,,4.705882352941177,,,,,,,,,,,,,14.70702924,,,,,,,,,,,,31.8970293055651,,101.56862745098,99,,,,,,50.6244775,30.4391867,
18:22:12.890,,,,,,,,,,,,,,,,,,,,,,,4.599803824653528,62.176159999999996,62.176159999999996,632.49630895,0.057497547808169104,0.7772020000000001,0.7772020000000001,8.22036,4.200000062584877,,33.72549019607843,,,4.200000062584877,16.431231433204704,,,,,,,,,,,6.30972393135214,5.873800378364882,5.873800378364882,0.12150956964998451,,,52,,,,25820,,25850,0,0,,153,31.6970293025849,25820,101.176470588235,,,,,,0,50.6244775,30.4391867,
18:22:13.098,,,,,,,,,,,,,,,31,,,,,,,,,,,,,,,,,,,,,,,,,,,,,,,,,,,,,,,,,,,,,,,,,,,,,,,,81,,,50.6244383,30.4392031,
18:22:13.133,,,,,,,,,,,,,,,,,,-14.875,,,,,,,,,,,,,,,,,,,,,,,,,,,,,,,,,,,,,,,,,,,,,,,,,,,,,,,,50.6244383,30.4392031,
18:22:13.169,,,,,,,,,,,,,,,,-896,-0.0625,,,,,,,,,,,,,,,,,,,,,,,,,,,,,,,,,,,,,,,,,,,,,,,,,,,,,,,,,50.6244383,30.4392031,
18:22:13.290,,,,,,,,,361.28000000000003,52,,3.776,,,,,,,,,,,,,,,,,,,,,,,,,,,,,,,,,,,,,,,,,,,,,,,,,,,7.536,,,,,,,,,,,50.6244383,30.4392031,
18:22:13.360,38.450000000000045,,-1600,,,,,,,,,,3.761,,,,,,,,,,,,,,,,,,,,,,,,,,,,,,,,,,,,,,,,,,,,,,,,,,7.537,,,,,,,,,,,50.6244383,30.4392031,
18:22:13.422,,32.65000000000009,,,,,,,,,,,,,,,,,,,,,,,,,,,,,,,,,,,,,,,,,,,,,,,,,,,,,,,,,,,,,,,,,,,,,,,,50.6244383,30.4392031,
18:22:13.565,,,,,,,,,,,,,,,,,,,,,,,,,,,,,,,,,,12.8,30.000000447034836,,,1590,1.6,,-0.08449684164478088,0.9148228083055554,13.235242,13.235242,6765.199121000001,46.666666666666664,-0.07,,,,,14.834996207237376,,,,36,92,,14,,,,,153,31.7070293025849,,,,,,,15.36,,50.6244383,30.4392031,
18:22:13.661,,,,,,,,,,,,,,,,,,,,61.96078431372549,34.509803921568626,99,,,,,,,,,,32.549019607843135,,,,,,,,4.705882352941177,,,,,,,,,,,,,14.700777960000002,,,,,,,,,,,,31.7007780225849,,100.78431372549,99,,,,,,50.6244383,30.4392031,
18:22:13.766,,,,,,,,,,,,,,,,,,,,,,,4.680609471857626,62.25696,62.25696,632.5771089499999,0.05850761839822033,0.778212,0.778212,8.22137,4.150000061839819,,33.333333333333336,,,4.150000061839819,16.23562153519036,,,,,,,,,,,6.395513739604805,5.8798471535314585,5.8798471535314585,0.12152443487553631,,,52,,,,25830,,25850,0,0,,153,31.6507780218398,25830,100.392156862745,,,,,,0,50.6244383,30.4392031,
18:22:13.924,,,,,,,,,,,,,,,31,,,,,,,,,,,,,,,,,,,,,,,,,,,,,,,,,,,,,,,,,,,,,,,,,,,,,,,,81,,,50.6244383,30.4392031,
18:22:13.961,,,,,,,,,,,,,,,,,,-10.421875,,,,,,,,,,,,,,,,,,,,,,,,,,,,,,,,,,,,,,,,,,,,,,,,,,,,,,,,50.6244019,30.4392168,
18:22:13.998,,,,,,,,,,,,,,,,-704,-0.046875,,,,,,,,,,,,,,,,,,,,,,,,,,,,,,,,,,,,,,,,,,,,,,,,,,,,,,,,,50.6244019,30.4392168,
18:22:14.106,,,,,30,,,,,,86.6758781031239,,,86.6758781031239,,,,,,,,,,,,,,,,,,,,,,,,,,,,,,,,,,,,,,,,,,,,,,,,,,,,,,,127.5,147,,,,50.6244019,30.4392168,
18:22:14.166,,,,,,,,,360.96,52.5,,3.769,,,,,,,,,,,,,,,,,,,,,,,,,,,,,,,,,,,,,,,,,,,,,,,,,,,7.53,,,,,,,,,,,50.6244019,30.4392168,
18:22:14.226,37.350000000000136,,28.90000000000009,,,,,,,,,,3.757,,,,,,,,,,,,,,,,,,,,,,,,,,,,,,,,,,,,,,,,,,,,,,,,,,7.526,,,,,,,,,,,50.6244019,30.4392168,
18:22:14.262,,29.90000000000009,,,,,,,,,,,,,,,,,,,,,,,,,,,,,,,,,,,,,,,,,,,,,,,,,,,,,,,,,,,,,,,,,,,,,,,,50.6244019,30.4392168,
18:22:14.356,,,,,,,,,,,,,,,,,,,,,,,,,,,,,,,,,,,,,,,,,,,,,,,,,,,,,,,66,,,,,,,,,154,,,,,,,,,,50.6244019,30.4392168,
18:22:14.417,,,,,,,,,,,,,,,,,,,,,,,,,,,,,,,,,,12.92,29.642857584570137,,,1589,1.6,,-0.05725057100916622,0.9181368015833332,13.238555999999999,13.238555999999999,6765.202435000001,46.666666666666664,-0.07,,,,,14.831803238618942,,,,36,92,,14,,,,,154,31.7707780218398,,,,,,,15.504,,50.6244019,30.4392168,
18:22:14.526,,,,,,,,,,,,,,,,,,,,62.35294117647059,34.90196078431372,99,,,,,,,,,,32.94117647058823,,,,,,,,8.627450980392156,,,,,,,,,,,,,14.6972058,,,,,,,,,,,,31.7672058618398,,100.78431372549,99,,,,,,50.6244019,30.4392168,
18:22:14.653,,,,,,,,,,,,,,,,,,,,,,,4.76231538318625,62.33864,62.33864,632.6587889499999,0.05952894228982813,0.7792330000000001,0.7792330000000001,8.222391,4.150000061839819,,35.294117647058826,,,4.150000061839819,16.23562153519036,,,,,,,,,,,6.483668031514482,5.886087576318748,5.886087576318748,0.12153946728129206,,,53,,,,25850,,25840,0,0,,155,31.7672058618398,25850,103.137254901961,,,,,,0,50.6244019,30.4392168,
18:22:14.918,,,,,,,,,,,,,,,31,,,,,,,,,,,,,,,,,,,,,,,,,,,,,,,,,,,,,,,,,,,,,,,,,,,,,,,,81,,,50.6244019,30.4392168,
18:22:14.955,,,,,,,,,,,,,,,,,,52.359375,,,,,,,,,,,,,,,,,,,,,,,,,,,,,,,,,,,,,,,,,,,,,,,,,,,,,,,,50.624367,30.4392297,
18:22:14.990,,,,,,,,,,,,,,,,3360,0.203125,,,,,,,,,,,,,,,,,,,,,,,,,,,,,,,,,,,,,,,,,,,,,,,,,,,,,,,,,50.624367,30.4392297,
18:22:15.097,,,,,,,,,359.35,52.5,,3.745,,,,,,,,,,,,,,,,,,,,,,,,,,,,,,,,,,,,,,,,,,,,,,,,,,,7.502,,,,,,,,,,,50.624367,30.4392297,
18:22:15.169,18.75,,11.600000000000136,,,,,,,,,,3.732,,,,,,,,,,,,,,,,,,,,,,,,,,,,,,,,,,,,,,,,,,,,,,,,,,7.477,,,,,,,,,,,50.624367,30.4392297,
18:22:15.204,,16.65000000000009,,,,,,,,,,,,,,,,,,,,,,,,,,,,,,,,,,,,,,,,,,,,,,,,,,,,,,,,,,,,,,,,,,,,,,,,50.624367,30.4392297,
18:22:15.350,,,,,,,,,,,,,,,,,,,,,,,,,,,,,,,,,,12.84,29.642857584570137,,,1589,1.6,,-0.03259658777612065,0.9217605475833333,13.24218,13.24218,6765.206059000001,46.666666666666664,-0.07,,,,,14.82833966255289,,,,36,92,,14,,,,,155,31.6872058618398,,,,,,,15.408,,50.624367,30.4392297,
18:22:15.433,,,,,,,,,,,,,,,,,,,,61.96078431372549,35.294117647058826,99,,,,,,,,,,33.333333333333336,,,,,,,,11.764705882352942,,,,,,,,,,,,,14.68872192,,,,,,,,,,,,31.6787219818398,,103.529411764706,99,,,,,,50.624367,30.4392297,
18:22:15.519,,,,,,,,,,,,,,,,,,,,,,,4.842196207487678,62.41856,62.41856,632.7387089499999,0.06052745259359598,0.780232,0.780232,8.22339,4.150000061839819,,34.11764705882353,,,4.150000061839819,16.23562153519036,,,,,,,,,,,6.566505016111454,5.892020800200572,5.892020800200572,0.12155416890901828,,,53,,,,25840,,25840,0,0,,155,31.6787219818398,25840,102.745098039216,,,,,,0,50.624367,30.4392297,
18:22:15.654,,,,,,,,,,,,,,,31,,,,,,,,,,,,,,,,,,,,,,,,,,,,,,,,,,,,,,,,,,,,,,,,,,,,,,,,81,,,50.624367,30.4392297,
18:22:15.689,,,,,,,,,,,,,,,,,,68.84375,,,,,,,,,,,,,,,,,,,,,,,,,,,,,,,,,,,,,,,,,,,,,,,,,,,,,,,,50.624367,30.4392297,
18:22:15.733,,,,,,,,,,,,,,,,4480,0.265625,,,,,,,,,,,,,,,,,,,,,,,,,,,,,,,,,,,,,,,,,,,,,,,,,,,,,,,,,50.624367,30.4392297,
18:22:15.829,,,,28,,,,,,,,,,,,,,,,,,,,,,,,,,,,,,,,,,,,,,,,,,,,,,,,,,,,,,,,,,,,,,,,,,147,,,,50.624367,30.4392297,
18:22:15.949,,,,,,,,,357.74,52.5,,3.727,,,,,,,,,,,,,,,,,,,,,,,,,,,,,,,,,,,,,,,,,,,,,,,,,,,7.459,,,,,,,,,,,50.6243285,30.4392435,
18:22:16.009,1.75,,1.800000000000182,,,,,,,,,,3.715,,,,,,,,,,,,,,,,,,,,,,,,,,,,,,,,,,,,,,,,,,,,,,,,,,7.442,,,,,,,,,,,50.6243285,30.4392435,
18:22:16.045,,1.25,,,,,,,,,,,,,,,,,,,,,,,,,,,,,,,,,,,,,,,,,,,,,,,,,,,,,,,,,,,,,,,,,,,,,,,,50.6243285,30.4392435,
18:22:16.166,,,,,,,,,,,,,,,,,,,,,,,,,,,,,,,,,,13.01,25.93750038649887,,,1618,1.6,,,0.9254285000277777,13.245847999999999,13.245847999999999,6765.209727000001,45.09803921568628,-0.07,,,,,14.832644741967488,,,,36,92,,16,,,,,155,31.8487219818398,,,,,,,15.611999999999998,,50.6243285,30.4392435,
18:22:16.256,,,,,,,,,,,,,,,,,,,,60.78431372549019,89.41176470588235,99,,,,,,,,,,87.45098039215686,,,,,,,,19.607843137254903,,,,,,,,,,,,,14.682024120000001,,,,,,,,,,,,31.8420241818398,,156.86274509804,99,,,,,,50.6243285,30.4392435,
18:22:16.329,,,,,,,,,,,,,,,,,,,,,,,4.916911406823244,62.49328,62.49328,632.8134289499999,0.06146139258529055,0.781166,0.781166,8.224324000000001,4.150000061839819,,88.62745098039215,,,4.150000061839819,16.23562153519036,,,,,,,,,,,6.64139829100203,5.897440465872779,5.897440465872779,0.12156790893232274,,,53,,,,26220,,27500,64.70588235294117,64.70588235294117,,155,31.8420241818398,26220,265.490196078431,,,,,,21.96078431372549,50.6243285,30.4392435,
18:22:16.605,,,,,,,,,,,,,,,31,,,,,,,,,,,,,,,,,,,,,,,,,,,,,,,,,,,,,,,,,,,,,,,,,,,,,,,,81,,,50.6243285,30.4392435,
18:22:16.642,,,,,,,,,,,,,,,,,,122.9375,,,,,,,,,,,,,,,,,,,,,,,,,,,,,,,,,,,,,,,,,,,,,,,,,,,,,,,,50.6243285,30.4392435,
18:22:16.678,,,,,,,,,,,,,,,,7872,0.46875,,,,,,,,,,,,,,,,,,,,,,,,,,,,,,,,,,,,,,,,,,,,,,,,,,,,,,,,,50.6243285,30.4392435,
18:22:16.817,,,,,,,,,355.32,52.5,,3.705,,,,,,,,,,,,,,,,,,,,,,,,,,,,,,,,,,,,,,,,,,,,,,,,,,,7.42,,,,,,,,,,,50.6243285,30.4392435,
18:22:16.877,-13.649999999999864,,-17.799999999999955,,,,,,,,,,3.696,,,,,,,,,,,,,,,,,,,,,,,,,,,,,,,,,,,,,,,,,,,,,,,,,,7.401,,,,,,,,,,,50.6243285,30.4392435,
18:22:16.913,,-13.5,,,,,,,,,,,,,,,,,,,,,,,,,,,,,,,,,,,,,,,,,,,,,,,,,,,,,,,,,,,,,,,,,,,,,,,,50.6243285,30.4392435,
18:22:17.050,,,,,,,,,,,,,,,,,,,,,,,,,,,,,,,,,,17.78,21.842105588630627,,,1982,2,,0.04064289503397492,0.9301325896944443,13.250551999999999,13.250551999999999,6765.214431000001,38.8235294117647,-0.02,,,,,14.849116436000955,,,,36,97,,19,,,,,155,36.6120241818398,,,,,,,21.336000000000002,,50.6242827,30.4392571,
18:22:17.160,,,,,,,,,,,,,,,,,,,,65.88235294117646,90.19607843137256,99,,,,,,,,,,87.45098039215686,,,,,,,,23.92156862745098,,,,,,,,,,,,,14.676219360000001,,,,,,,,,,,,36.6062194218398,,265.490196078431,99,,,,,,50.6242827,30.4392571,
18:22:17.238,,,,,,,,,,,,,,,,,,,,,,,5.003794886117908,62.58016,62.58016,632.90030895,0.06254743607647385,0.7822520000000001,0.7822520000000001,8.22541,4.300000064074993,,88.62745098039215,,,4.300000064074993,16.822451229233387,,,,,,,,,,,6.724572041607655,5.903542735427173,5.903542735427173,0.12158387710977789,,,53,,,,32370,,32760,92.15686274509804,92.15686274509804,,155,36.756219424075,32456.6666666666,266.274509803921,,,,,,93.72549019607843,50.6242827,30.4392571,
18:22:17.385,,,,,,,,,,,,,,,31,,,,,,,,,,,,,,,,,,,,,,,,,,,,,,,,,,,,,,,,,,,,,,,,,,,,,,,,81,,,50.6242827,30.4392571,
18:22:17.422,,,,,,,,,,,,,,,,,,121.53125,,,,,,,,,,,,,,,,,,,,,,,,,,,,,,,,,,,,,,,,,,,,,,,,,,,,,,,,50.6242827,30.4392571,
18:22:17.458,,,,,,,,,,,,,,,,7744,0.46875,,,,,,,,,,,,,,,,,,,,,,,,,,,,,,,,,,,,,,,,,,,,,,,,,,,,,,,,,50.6242827,30.4392571,
18:22:17.554,,,,,,30,29,30,,,,,,,,,,,,,,,,,,,,,,,,,,,,,,,,,,,,,,,,,,,,,,,,,,,,,,,,,,,,,,147,,,,50.6242827,30.4392571,
18:22:17.614,,,,,,,,,355.32,52.5,,3.698,,,,,,,,,,,,,,,,,,,,,,,,,,,,,,,,,,,,,,,,,,,,,,,,,,,7.394,,,,,,,,,,,50.6242827,30.4392571,
18:22:17.673,-7,,-8.449999999999818,,,,,,,,,,3.691,,,,,,,,,,,,,,,,,,,,,,,,,,,,,,,,,,,,,,,,,,,,,,,,,,7.389,,,,,,,,,,,50.6242827,30.4392571,
18:22:17.710,,-6.449999999999818,,,,,,,,,,,,,,,,,,,,,,,,,,,,,,,,,,,,,,,,,,,,,,,,,,,,,,,,,,,,,,,,,,,,,,,,50.6242827,30.4392571,
18:22:17.828,,,,,,,,,,,,,,,,,,,,,,,,,,,,,,,,,,18.51,19.545454836704515,,,1926,1.9,,0.06643200735981768,0.934865436861111,13.255285,13.255285,6765.219164000001,42.745098039215684,0.06,,,,,14.873591636377746,,,,36,105,,22,,,,,155,37.486219424075,,,,,,,22.212,,50.6242827,30.4392571,
18:22:17.918,,,,,,,,,,,,,,,,,,,,69.80392156862744,90.19607843137256,99,,,,,,,,,,87.84313725490196,,,,,,,,21.176470588235293,,,,,,,,,,,,,14.667288960000002,,,,,,,,,,,,37.477289024075,,266.666666666667,99,,,,,,50.6242827,30.4392571,
18:22:17.986,,,,,,,,,,,,,,,,,,,,,,,5.096050490159291,62.672399999999996,62.672399999999996,632.9925489499999,0.06370063112699113,0.783405,0.783405,8.226563,5.550000082701445,,88.62745098039215,,,5.550000082701445,21.712698679591934,,,,,,,,,,,6.813882363741175,5.910133203473181,5.910133203473181,0.12160083510341099,,,53,,,,31330,,29930,63.529411764705884,63.529411764705884,,155,38.7272890427014,31515.8823529412,266.666666666667,,,,,,71.37254901960785,50.6242273,30.4392732,
18:22:18.049,,,,,,,,,,,,,,,,,,,49,,,,,,,,,,,,,,,,,,,,,,,,,,,,,,,,,,,,,,,,,,,,,,,,,,,,80,,,50.6242273,30.4392732,
18:22:18.146,,,,,,,,,,,,,,,31,,,,,,,,,,,,,,,,,,,,,,,,,,,,,,,,,,,,,,,,,,,,,,,,,,,,,,,,80,,,50.6242273,30.4392732,
18:22:18.180,,,,,,,,,,,,,,,,,,61.84375,,,,,,,,,,,,,,,,,,,,,,,,,,,,,,,,,,,,,,,,,,,,,,,,,,,,,,,,50.6242273,30.4392732,
18:22:18.228,,,,,,,,,,,,,,,,4128,0.25,,,,,,,,,,,,,,,,,,,,,,,,,,,,,,,,,,,,,,,,,,,,,,,,,,,,,,,,,50.6242273,30.4392732,
18:22:18.325,,,,,,,,,357.90000000000003,52.5,,3.725,,,,,,,,,,,,,,,,,,,,,,,,,,,,,,,,,,,,,,,,,,,,,,,,,,,7.416,,,,,,,,,,,50.6242273,30.4392732,
18:22:18.397,20.300000000000182,,14.75,,,,,,,,,,3.714,,,,,,,,,,,,,,,,,,,,,,,,,,,,,,,,,,,,,,,,,,,,,,,,,,7.439,,,,,,,,,,,50.6242273,30.4392732,
18:22:18.434,,22.200000000000045,,,,,,,,,,,,,,,,,,,,,,,,,,,,,,,,,,,,,,,,,,,,,,,,,,,,,,,,,,,,,,,,,,,,,,,,50.6242273,30.4392732,
18:22:18.638,,,,,,,,,,,,,,,,,,,,,,,,,,,,,,,,,,,,,,,,,,,,,,,,,,,,,,,68,,,,,,,,,157,,,,,,,,,,50.6242273,30.4392732,
18:22:18.757,,,,,,,,,,,,,,,,,,,,,,,,,,,,,,,,,,13.16,22.20000033080578,,,1584,1.6,,0.09143797430535554,0.9413391132499999,13.261759,13.261759,6765.225638000001,48.23529411764706,-0.04,,,,,14.915139397547414,,,,36,95,,25,,,,,157,33.3772890427014,,,,,,,15.792,,50.6242273,30.4392732,
18:22:18.861,,,,,,,,,,,,,,,,,,,,64.31372549019608,38.431372549019606,99,,,,,,,,,,36.470588235294116,,,,,,,,13.72549019607843,,,,,,,,,,,,,14.668182,,,,,,,,,,,,33.3781820827014,,215.294117647059,99,,,,,,50.6242273,30.4392732,
18:22:18.957,,,,,,,,,,,,,,,,,,,,,,,5.20926960017972,62.7856,62.7856,633.1057489499999,0.0651158700022465,0.7848200000000001,0.7848200000000001,8.227978,5.250000078231096,,36.07843137254902,,,5.250000078231096,20.539039291505876,,,,,,,,,,,6.917365812776239,5.917917826737766,5.917917826737766,0.12162163452145304,,,53,,,,25950,,25840,0,0,,157,33.0781820782311,26084.9019607843,110.980392156863,,,,,,0,50.6241663,30.4392928,
18:22:19.065,,,,,,,,,,,,,,,31,,,,,,,,,,,,,,,,,,,,,,,,,,,,,,,,,,,,,,,,,,,,,,,,,,,,,,,,80,,,50.6241663,30.4392928,
18:22:19.102,,,,,,,,,,,,,,,,,,37.09375,,,,,,,,,,,,,,,,,,,,,,,,,,,,,,,,,,,,,,,,,,,,,,,,,,,,,,,,50.6241663,30.4392928,
18:22:19.148,,,,,,,,,,,,,,,,2240,0.125,,,,,,,,,,,,,,,,,,,,,,,,,,,,,,,,,,,,,,,,,,,,,,,,,,,,,,,,,50.6241663,30.4392928,
18:22:19.281,,,,,,,,,356.29,52.5,,3.723,,,,,,,,,,,,,,,,,,,,,,,,,,,,,,,,,,,,,,,,,,,,,,,,,,,7.437,,,,,,,,,,,50.6241663,30.4392928,
18:22:19.341,15.700000000000045,,11.200000000000045,,,,,,,,,,3.712,,,,,,,,,,,,,,,,,,,,,,,,,,,,,,,,,,,,,,,,,,,,,,,,,,7.435,,,,,,,,,,,50.6241663,30.4392928,
18:22:19.378,,10.650000000000091,,,,,,,,,,,,,,,,,,,,,,,,,,,,,,,,,,,,,,,,,,,,,,,,,,,,,,,,,,,,,,,,,,,,,,,,50.6241663,30.4392928,
18:22:19.510,,,,,,,,,,,,,,,,,,,,,,,,,,,,,,,,,,12.89,21.000000312924385,,,1590,1.6,,0.0762346826553901,0.9466266576944443,13.267047,13.267047,6765.230926000001,47.450980392156865,-0.07,,,,,14.948822507020397,,,,36,92,,25,,,,,157,32.8081820782311,,,,,,,15.468,,50.6241663,30.4392928,
18:22:19.598,,,,,,,,,,,,,,,,,,,,62.745098039215684,35.68627450980392,99,,,,,,,,,,33.72549019607843,,,,,,,,14.509803921568627,,,,,,,,,,,,,14.666395920000001,,,,,,,,,,,,32.8063959982311,,108.235294117647,99,,,,,,50.6241663,30.4392928,
18:22:19.676,,,,,,,,,,,,,,,,,,,,,,,5.277198843414167,62.85352,62.85352,633.17366895,0.06596498554267709,0.7856690000000001,0.7856690000000001,8.228827,4.250000063329935,,34.509803921568626,,,4.250000063329935,16.626841331219048,,,,,,,,,,,6.968426782247823,5.9219583679774415,5.9219583679774415,0.12163408891742537,,,53,,,,25870,,25840,0,0,,157,31.8063959833299,25870,103.921568627451,,,,,,0,50.6241663,30.4392928,
18:22:19.798,,,,,,,,,,,,,,,31,,,,,,,,,,,,,,,,,,,,,,,,,,,,,,,,,,,,,,,,,,,,,,,,,,,,,,,,80,,,50.6241663,30.4392928,
18:22:19.845,,,,,,,,,,,,,,,,,,37,,,,,,,,,,,,,,,,,,,,,,,,,,,,,,,,,,,,,,,,,,,,,,,,,,,,,,,,50.6241663,30.4392928,
18:22:19.882,,,,,,,,,,,,,,,,2336,0.140625,,,,,,,,,,,,,,,,,,,,,,,,,,,,,,,,,,,,,,,,,,,,,,,,,,,,,,,,,50.6241663,30.4392928,
18:22:20.025,,,,,,,,,357.74,52.5,,3.726,,,,,,,,,,,,,,,,,,,,,,,,,,,,,,,,,,,,,,,,,,,,,,,,,,,7.438,,,,,,,,,,,50.624102,30.4393144,
18:22:20.074,11.5,,14.200000000000045,,,,,,,,,,3.716,,,,,,,,,,,,,,,,,,,,,,,,,,,,,,,,,,,,,,,,,,,,,,,,,,7.442,,,,,,,,,,,50.624102,30.4393144,
18:22:20.121,,11.950000000000045,,,,,,,,,,,,,,,,,,,,,,,,,,,,,,,,,,,,,,,,,,,,,,,,,,,,,,,,,,,,,,,,,,,,,,,,50.624102,30.4393144,
18:22:20.265,,,,,,,,,,,,,,,,,,,,,,,,,,,,,,,,,,12.91,16.34615408973052,,,1594,1.6,,0.06166794003072417,0.951953910361111,13.272374,13.272374,6765.236253000001,46.666666666666664,-0.07,,,,,14.984464650243412,,,,36,92,,26,,,,,157,31.8263959833299,,,,,,,15.491999999999999,,50.624102,30.4393144,
18:22:20.413,,,,,,,,,,,,,,,,,,,,62.745098039215684,35.68627450980392,99,,,,,,,,,,33.72549019607843,,,,,,,,14.509803921568627,,,,,,,,,,,,,14.65657248,,,,,,,,,,,,31.8165725433299,,103.921568627451,99,,,,,,50.624102,30.4393144,
18:22:20.570,,,,,,,,,,,,,,,,,,,,,,,5.361628268005597,62.93792,62.93792,633.2580689499999,0.06702035335006996,0.786724,0.786724,8.229882,4.250000063329935,,36.07843137254902,,,4.250000063329935,16.626841331219048,,,,,,,,,,,7.040293928163674,5.92753037248649,5.92753037248649,0.12164958757132112,,,53,,,,25830,,25840,0,0,,157,31.8165725433299,25830,105.490196078431,,,,,,0,50.624102,30.4393144,
18:22:20.689,,,,,,,,,,,,,,,31,,,,,,,,,,,,,,,,,,,,,,,,,,,,,,,,,,,,,,,,,,,,,,,,,,,,,,,,80,,,50.624102,30.4393144,
18:22:20.726,,,,,,,,,,,,,,,,,,35.609375,,,,,,,,,,,,,,,,,,,,,,,,,,,,,,,,,,,,,,,,,,,,,,,,,,,,,,,,50.624102,30.4393144,
18:22:20.761,,,,,,,,,,,,,,,,2400,0.140625,,,,,,,,,,,,,,,,,,,,,,,,,,,,,,,,,,,,,,,,,,,,,,,,,,,,,,,,,50.624102,30.4393144,
18:22:20.881,,,,,30,,,,,,86.6758781031239,,,86.6758781031239,,,,,,,,,,,,,,,,,,,,,,,,,,,,,,,,,,,,,,,,,,,,,,,,,,,,,,,127.5,147,,,,50.624102,30.4393144,
18:22:20.942,,,,,,,,,357.09000000000003,52.5,,3.73,,,,,,,,,,,,,,,,,,,,,,,,,,,,,,,,,,,,,,,,,,,,,,,,,,,7.446,,,,,,,,,,,50.6240367,30.4393385,
18:22:21.005,9.350000000000136,,14.200000000000045,,,,,,,,,,3.715,,,,,,,,,,,,,,,,,,,,,,,,,,,,,,,,,,,,,,,,,,,,,,,,,,7.445,,,,,,,,,,,50.6240367,30.4393385,
18:22:21.077,,14.300000000000182,,,,,,,,,,,,,,,,,,,,,,,,,,,,,,,,,,,,,,,,,,,,,,,,,,,,,,,,,,,,,,,,,,,,,,,,50.6240367,30.4393385,
18:22:21.209,,,,,,,,,,,,,,,,,,,,,,,,,,,,,,,,,,12.84,16.34615408973052,,,1596,1.6,,0.03351713073605792,0.958857865861111,13.279278,13.279278,6765.243157000001,47.05882352941177,-0.08,,,,,15.030315152307402,,,,36,91,,26,,,,,157,31.7465725433299,,,,,,,15.408,,50.6240367,30.4393385,
18:22:21.330,,,,,,,,,,,,,,,,,,,,61.96078431372549,36.07843137254902,99,,,,,,,,,,34.509803921568626,,,,,,,,14.509803921568627,,,,,,,,,,,,,14.657019,,,,,,,,,,,,31.7470190633299,,106.274509803922,99,,,,,,50.6240367,30.4393385,
18:22:21.409,,,,,,,,,,,,,,,,,,,,,,,5.439923670505623,63.016239999999996,63.016239999999996,633.3363889499999,0.06799904588132029,0.787703,0.787703,8.230861,4.200000062584877,,34.90196078431372,,,4.200000062584877,16.431231433204704,,,,,,,,,,,7.091671070586998,5.931820992075021,5.931820992075021,0.1216639344512477,,,53,,,,25830,,25840,0,0,,157,31.6970190625849,25830,105.490196078431,,,,,,0,50.6240367,30.4393385,
18:22:21.529,,,,,,,,,,,,,,,31,,,,,,,,,,,,,,,,,,,,,,,,,,,,,,,,,,,,,,,,,,,,,,,,,,,,,,,,80,,,50.6240367,30.4393385,
18:22:21.578,,,,,,,,,,,,,,,,,,34.96875,,,,,,,,,,,,,,,,,,,,,,,,,,,,,,,,,,,,,,,,,,,,,,,,,,,,,,,,50.6240367,30.4393385,
18:22:21.625,,,,,,,,,,,,,,,,2304,0.140625,,,,,,,,,,,,,,,,,,,,,,,,,,,,,,,,,,,,,,,,,,,,,,,,,,,,,,,,,50.6240367,30.4393385,
18:22:21.770,,,,,,,,,358.86,52.5,,3.73,,,,,,,,,,,,,,,,,,,,,,,,,,,,,,,,,,,,,,,,,,,,,,,,,,,7.445,,,,,,,,,,,50.6240367,30.4393385,
18:22:21.829,14.100000000000136,,9.25,,,,,,,,,,3.717,,,,,,,,,,,,,,,,,,,,,,,,,,,,,,,,,,,,,,,,,,,,,,,,,,7.447,,,,,,,,,,,50.6240367,30.4393385,
18:22:21.866,,9.400000000000091,,,,,,,,,,,,,,,,,,,,,,,,,,,,,,,,,,,,,,,,,,,,,,,,,,,,,,,,,,,,,,,,,,,,,,,,50.6240367,30.4393385,
18:22:21.997,,,,,,,,,,,,,,,,,,,,,,,,,,,,,,,,,,12.89,15.555555787351397,,,1596,1.6,,0.017488759281319436,0.964709556361111,13.285129999999999,13.285129999999999,6765.249009000001,46.666666666666664,-0.07,,,,,15.070841851376422,,,,36,92,,27,,,,,157,31.7470190625849,,,,,,,15.468,,50.6239704,30.4393658,
18:22:22.089,,,,,,,,,,,,,,,,,,,,62.35294117647059,36.07843137254902,99,,,,,,,,,,34.11764705882353,,,,,,,,13.72549019607843,,,,,,,,,,,,,14.662377240000001,,,,,,,,,,,,31.7523773025849,,105.098039215686,99,,,,,,50.6239704,30.4393658,
18:22:22.177,,,,,,,,,,,,,,,,,,,,,,,5.510781389450374,63.08712,63.08712,633.4072689499999,0.06888476736812968,0.788589,0.788589,8.231747,4.150000061839819,,36.07843137254902,,,4.150000061839819,16.23562153519036,,,,,,,,,,,7.140466984484258,5.935877179974905,5.935877179974905,0.12167692555069408,,,54,,,,25860,,25840,0,0,,158,31.7023773018398,25860,106.274509803922,,,,,,0,50.6239704,30.4393658,
18:22:22.458,,,,,,,,,,,,,,,32,,,,,,,,,,,,,,,,,,,,,,,,,,,,,,,,,,,,,,,,,,,,,,,,,,,,,,,,81,,,50.6239704,30.4393658,
18:22:22.493,,,,,,,,,,,,,,,,,,29.328125,,,,,,,,,,,,,,,,,,,,,,,,,,,,,,,,,,,,,,,,,,,,,,,,,,,,,,,,50.6239704,30.4393658,
18:22:22.533,,,,,,,,,,,,,,,,1920,0.109375,,,,,,,,,,,,,,,,,,,,,,,,,,,,,,,,,,,,,,,,,,,,,,,,,,,,,,,,,50.6239704,30.4393658,
18:22:22.643,,,,,,,,,358.38,52.5,,3.729,,,,,,,,,,,,,,,,,,,,,,,,,,,,,,,,,,,,,,,,,,,,,,,,,,,7.446,,,,,,,,,,,50.6239704,30.4393658,
18:22:22.701,15.75,,11.850000000000136,,,,,,,,,,3.721,,,,,,,,,,,,,,,,,,,,,,,,,,,,,,,,,,,,,,,,,,,,,,,,,,7.45,,,,,,,,,,,50.6239704,30.4393658,
18:22:22.749,,12.150000000000091,,,,,,,,,,,,,,,,,,,,,,,,,,,,,,,,,,,,,,,,,,,,,,,,,,,,,,,,,,,,,,,,,,,,,,,,50.6239704,30.4393658,
18:22:22.846,,,,,,,,,,,,,,,,,,,,,,,,,,,,,,,,,,,,,,,,,,,,,,,,,,,,,,,69,,,,,,,,,159,,,,,,,,,,50.6239704,30.4393658,
18:22:22.916,,,,,,,,,,,,,,,,,,,,,,,,,,,,,,,,,,12.82,15.370370599406737,,,1592,1.6,,0.016631185134380635,0.971589675361111,13.29201,13.29201,6765.255889000001,46.666666666666664,-0.08,,,,,15.118141454358918,,,,36,91,,27,,,,,159,31.6323773018398,,,,,,,15.384,,50.6239704,30.4393658,
18:22:22.997,,,,,,,,,,,,,,,,,,,,62.35294117647059,36.470588235294116,99,,,,,,,,,,34.509803921568626,,,,,,,,13.72549019607843,,,,,,,,,,,,,14.663270279999999,,,,,,,,,,,,31.6332703418398,,106.666666666667,99,,,,,,50.6239028,30.439391,
18:22:23.081,,,,,,,,,,,,,,,,,,,,,,,5.594134500359099,63.17048,63.17048,633.49062895,0.06992668125448874,0.7896310000000001,0.7896310000000001,8.232789,4.150000061839819,,35.68627450980392,,,4.150000061839819,16.23562153519036,,,,,,,,,,,7.197141244682234,5.940644041044207,5.940644041044207,0.12169220403600907,,,54,,,,25820,,25850,0,0,,159,31.6332703418398,25820,106.666666666667,,,,,,0,50.6239028,30.439391,
18:22:23.190,,,,,,,,,,,,,,,32,,,,,,,,,,,,,,,,,,,,,,,,,,,,,,,,,,,,,,,,,,,,,,,,,,,,,,,,81,,,50.6239028,30.439391,
18:22:23.238,,,,,,,,,,,,,,,,,,-2.34375,,,,,,,,,,,,,,,,,,,,,,,,,,,,,,,,,,,,,,,,,,,,,,,,,,,,,,,,50.6239028,30.439391,
18:22:23.273,,,,,,,,,,,,,,,,-224,-0.015625,,,,,,,,,,,,,,,,,,,,,,,,,,,,,,,,,,,,,,,,,,,,,,,,,,,,,,,,,50.6239028,30.439391,
18:22:23.393,,,,,,,,,357.74,53,,3.742,,,,,,,,,,,,,,,,,,,,,,,,,,,,,,,,,,,,,,,,,,,,,,,,,,,7.463,,,,,,,,,,,50.6239028,30.439391,
18:22:23.454,33.5,,-1600,,,,,,,,,,3.731,,,,,,,,,,,,,,,,,,,,,,,,,,,,,,,,,,,,,,,,,,,,,,,,,,7.473,,,,,,,,,,,50.6239028,30.439391,
18:22:23.502,,34.600000000000136,,,,,,,,,,,,,,,,,,,,,,,,,,,,,,,,,,,,,,,,,,,,,,,,,,,,,,,,,,,,,,,,,,,,,,,,50.6239028,30.439391,
18:22:23.634,,,,,,,,,,,,,,,,,,,,,,,,,,,,,,,,,,12.82,15.370370599406737,,,1588,1.6,,0.008407002742523411,0.9769623911111109,13.297383,13.297383,6765.261262000001,46.666666666666664,-0.07,,,,,15.154817909615668,,,,36,92,,27,,,,,159,31.6332703418398,,,,,,,15.384,,50.6239028,30.439391,
18:22:23.749,,,,,,,,,,,,,,,,,,,,61.96078431372549,36.86274509803921,99,,,,,,,,,,34.90196078431372,,,,,,,,9.019607843137255,,,,,,,,,,,,,14.66416332,,,,,,,,,,,,31.6341633818398,,107.058823529412,99,,,,,,50.6239028,30.439391,
18:22:23.830,,,,,,,,,,,,,,,,,,,,,,,5.66320307127719,63.23952,63.23952,633.55966895,0.07079003839096487,0.790494,0.790494,8.233652000000001,4.150000061839819,,37.254901960784316,,,4.150000061839819,16.23562153519036,,,,,,,,,,,7.245932805095447,5.944733636686257,5.944733636686257,0.12170486373154349,,,54,,,,25860,,25840,0,0,,159,31.6341633818398,25860,109.019607843137,,,,,,0,50.6239028,30.439391,
18:22:23.937,,,,,,,,,,,,,,,32,,,,,,,,,,,,,,,,,,,,,,,,,,,,,,,,,,,,,,,,,,,,,,,,,,,,,,,,81,,,50.6239028,30.439391,
18:22:23.973,,,,,,,,,,,,,,,,,,23.71875,,,,,,,,,,,,,,,,,,,,,,,,,,,,,,,,,,,,,,,,,,,,,,,,,,,,,,,,50.6238342,30.4394099,
18:22:24.013,,,,,,,,,,,,,,,,1600,0.09375,,,,,,,,,,,,,,,,,,,,,,,,,,,,,,,,,,,,,,,,,,,,,,,,,,,,,,,,,50.6238342,30.4394099,
18:22:24.097,,,,28,,,,,,,,,,,,,,,,,,,,,,,,,,,,,,,,,,,,,,,,,,,,,,,,,,,,,,,,,,,,,,,,,,147,,,,50.6238342,30.4394099,
18:22:24.362,,,,,,,,,359.03000000000003,53,,3.73,,,,,,,,,,,,,,,,,,,,,,,,,,,,,,,,,,,,,,,,,,,,,,,,,,,7.461,,,,,,,,,,,50.6238342,30.4394099,
18:22:24.446,19.90000000000009,,13.75,,,,,,,,,,3.719,,,,,,,,,,,,,,,,,,,,,,,,,,,,,,,,,,,,,,,,,,,,,,,,,,7.449,,,,,,,,,,,50.6238342,30.4394099,
18:22:24.482,,15.350000000000136,,,,,,,,,,,,,,,,,,,,,,,,,,,,,,,,,,,,,,,,,,,,,,,,,,,,,,,,,,,,,,,,,,,,,,,,50.6238342,30.4394099,
18:22:24.614,,,,,,,,,,,,,,,,,,,,,,,,,,,,,,,,,,12.89,15.370370599406737,,,1590,1.6,,0.008319376982263225,0.9842553536111109,13.304676,13.304676,6765.268555000001,46.666666666666664,-0.07,,,,,15.204242029709176,,,,36,92,,27,,,,,159,31.7041633818398,,,,,,,15.468,,50.6238342,30.4394099,
18:22:24.709,,,,,,,,,,,,,,,,,,,,62.35294117647059,36.470588235294116,99,,,,,,,,,,34.509803921568626,,,,,,,,13.333333333333334,,,,,,,,,,,,,14.91912624,,,,,,,,,,,,31.9591263018398,,108.627450980392,99,,,,,,50.6238342,30.4394099,
18:22:24.778,,,,,,,,,,,,,,,,,,,,,,,5.749556343230621,63.32584,63.32584,633.64598895,0.07186945429038276,0.7915730000000001,0.7915730000000001,8.234731,4.100000061094761,,36.86274509803921,,,4.100000061094761,16.040011637176022,,,,,,,,,,,7.301911442666036,5.949584942917814,5.949584942917814,0.1217206816411444,,,54,,,,25810,,25840,0,0,,159,31.9091263010948,25810,107.843137254902,,,,,,0,50.6238342,30.4394099,
18:22:24.839,,,,,,,,,,,,,,,,,,,50,,,,,,,,,,,,,,,,,,,,,,,,,,,,,,,,,,,,,,,,,,,,,,,,,,,,82,,,50.6238342,30.4394099,
18:22:24.946,,,,,,,,,,,,,,,32,,,,,,,,,,,,,,,,,,,,,,,,,,,,,,,,,,,,,,,,,,,,,,,,,,,,,,,,82,,,50.6237656,30.4394238,
18:22:24.982,,,,,,,,,,,,,,,,,,26.625,,,,,,,,,,,,,,,,,,,,,,,,,,,,,,,,,,,,,,,,,,,,,,,,,,,,,,,,50.6237656,30.4394238,
18:22:25.029,,,,,,,,,,,,,,,,1760,0.09375,,,,,,,,,,,,,,,,,,,,,,,,,,,,,,,,,,,,,,,,,,,,,,,,,,,,,,,,,50.6237656,30.4394238,
18:22:25.173,,,,,,,,,356.45,53,,3.732,,,,,,,,,,,,,,,,,,,,,,,,,,,,,,,,,,,,,,,,,,,,,,,,,,,7.451,,,,,,,,,,,50.6237656,30.4394238,
18:22:25.232,16.850000000000136,,19,,,,,,,,,,3.721,,,,,,,,,,,,,,,,,,,,,,,,,,,,,,,,,,,,,,,,,,,,,,,,,,7.453,,,,,,,,,,,50.6237656,30.4394238,
18:22:25.270,,19.40000000000009,,,,,,,,,,,,,,,,,,,,,,,,,,,,,,,,,,,,,,,,,,,,,,,,,,,,,,,,,,,,,,,,,,,,,,,,50.6237656,30.4394238,
18:22:25.389,,,,,,,,,,,,,,,,,,,,,,,,,,,,,,,,,,12.870000000000001,15.185185411462077,,,1590,1.6,,0,0.9900671756111109,13.310488,13.310488,6765.274367000001,46.666666666666664,-0.07,,,,,15.243334192826834,,,,36,92,,27,,,,,159,31.8891263010948,,,,,,,15.444,,50.6237656,30.4394238,
18:22:25.461,,,,,,,,,,,,,,,,,,,,61.96078431372549,38.431372549019606,99,,,,,,,,,,36.470588235294116,,,,,,,,13.333333333333334,,,,,,,,,,,,,14.897693279999999,,,,,,,,,,,,31.8676933410948,,109.803921568627,99,,,,,,50.6237656,30.4394238,
18:22:25.557,,,,,,,,,,,,,,,,,,,,,,,5.8205260960659295,63.3968,63.3968,633.71694895,0.07275657620082412,0.79246,0.79246,8.235618,4.100000061094761,,38.03921568627451,,,4.100000061094761,16.040011637176022,,,,,,,,,,,7.348650474743365,5.953650985598726,5.953650985598726,0.12173368814385588,,,54,,,,25810,,25840,0,0,,159,31.8676933410948,25810,112.941176470588,,,,,,0,50.6237656,30.4394238,
18:22:25.690,,,,,,,,,,,,,,,32,,,,,,,,,,,,,,,,,,,,,,,,,,,,,,,,,,,,,,,,,,,,,,,,,,,,,,,,82,,,50.6237656,30.4394238,
18:22:25.773,,,,,,,,,,,,,,,,,,30.3125,,,,,,,,,,,,,,,,,,,,,,,,,,,,,,,,,,,,,,,,,,,,,,,,,,,,,,,,50.6237656,30.4394238,
18:22:25.822,,,,,,,,,,,,,,,,1888,0.109375,,,,,,,,,,,,,,,,,,,,,,,,,,,,,,,,,,,,,,,,,,,,,,,,,,,,,,,,,50.6237656,30.4394238,
18:22:26.014,,,,,,30,29,30,,,,,,,,,,,,,,,,,,,,,,,,,,,,,,,,,,,,,,,,,,,,,,,,,,,,,,,,,,,,,,147,,,,50.6236965,30.439434,
18:22:26.097,,,,,,,,,355.97,53,,3.733,,,,,,,,,,,,,,,,,,,,,,,,,,,,,,,,,,,,,,,,,,,,,,,,,,,7.454,,,,,,,,,,,50.6236965,30.439434,
18:22:26.145,6.550000000000182,,9.700000000000045,,,,,,,,,,3.723,,,,,,,,,,,,,,,,,,,,,,,,,,,,,,,,,,,,,,,,,,,,,,,,,,7.456,,,,,,,,,,,50.6236965,30.439434,
18:22:26.194,,7.050000000000182,,,,,,,,,,,,,,,,,,,,,,,,,,,,,,,,,,,,,,,,,,,,,,,,,,,,,,,,,,,,,,,,,,,,,,,,50.6236965,30.439434,
18:22:26.325,,,,,,,,,,,,,,,,,,,,,,,,,,,,,,,,,,12.9,15.185185411462077,,,1608,1.6,,0,0.9971849111111108,13.317606,13.317606,6765.281485000001,45.490196078431374,-0.08,,,,,15.290858788815811,,,,36,91,,27,,,,,159,31.8976933410948,,,,,,,15.48,,50.6236965,30.439434,
18:22:26.429,,,,,,,,,,,,,,,,,,,,61.1764705882353,43.13725490196079,99,,,,,,,,,,41.568627450980394,,,,,,,,15.294117647058824,,,,,,,,,,,,,14.87626032,,,,,,,,,,,,31.8762603810948,,118.039215686274,99,,,,,,50.6236965,30.439434,
18:22:26.509,,,,,,,,,,,,,,,,,,,,,,,5.906241170343184,63.482479999999995,63.482479999999995,633.80262895,0.0738280146292898,0.793531,0.793531,8.236689,4.050000060349703,,40.78431372549019,,,4.050000060349703,15.844401739161682,,,,,,,,,,,7.403643377137256,5.958510861486666,5.958510861486666,0.12174939089027421,,,54,,,,25940,,25950,0,0,,159,31.8262603803497,25940,125.490196078431,,,,,,0,50.6236965,30.439434,
18:22:26.629,,,,,,,,,,,,,,,32,,,,,,,,,,,,,,,,,,,,,,,,,,,,,,,,,,,,,,,,,,,,,,,,,,,,,,,,82,,,50.6236965,30.439434,
18:22:26.666,,,,,,,,,,,,,,,,,,38.09375,,,,,,,,,,,,,,,,,,,,,,,,,,,,,,,,,,,,,,,,,,,,,,,,,,,,,,,,50.6236965,30.439434,
18:22:26.701,,,,,,,,,,,,,,,,2528,0.140625,,,,,,,,,,,,,,,,,,,,,,,,,,,,,,,,,,,,,,,,,,,,,,,,,,,,,,,,,50.6236965,30.439434,
18:22:26.833,,,,,,,,,358.38,53,,3.728,,,,,,,,,,,,,,,,,,,,,,,,,,,,,,,,,,,,,,,,,,,,,,,,,,,7.451,,,,,,,,,,,50.6236965,30.439434,
18:22:26.894,12.900000000000091,,6.550000000000182,,,,,,,,,,3.721,,,,,,,,,,,,,,,,,,,,,,,,,,,,,,,,,,,,,,,,,,,,,,,,,,7.449,,,,,,,,,,,50.6236965,30.439434,
18:22:26.929,,7.050000000000182,,,,,,,,,,,,,,,,,,,,,,,,,,,,,,,,,,,,,,,,,,,,,,,,,,,,,,,,,,,,,,,,,,,,,,,,50.6236965,30.439434,
18:22:27.037,,,,,,,,,,,,,,,,,,,,,,,,,,,,,,,,,,,,,,,,,,,,,,,,,,,,,,,70,,,,,,,,,160,,,,,,,,,,50.6236266,30.4394443,
18:22:27.121,,,,,,,,,,,,,,,,,,,,,,,,,,,,,,,,,,12.98,15.000000223517418,,,1607,1.6,,0,1.0031150373611109,13.323535999999999,13.323535999999999,6765.287415000001,45.88235294117647,-0.08,,,,,15.330161381881585,,,,36,91,,27,,,,,160,31.9062603803497,,,,,,,15.576,,50.6236266,30.4394443,
18:22:27.221,,,,,,,,,,,,,,,,,,,,61.568627450980394,42.745098039215684,99,,,,,,,,,,41.1764705882353,,,,,,,,15.294117647058824,,,,,,,,,,,,,14.850808679999998,,,,,,,,,,,,31.8808087403497,,125.098039215686,99,,,,,,50.6236266,30.4394443,
18:22:27.290,,,,,,,,,,,,,,,,,,,,,,,5.976504657390191,63.55272,63.55272,633.8728689499999,0.07470630821737739,0.794409,0.794409,8.237567,4.050000060349703,,43.13725490196079,,,4.050000060349703,15.844401739161682,,,,,,,,,,,7.447431793456796,5.9624487073101315,5.9624487073101315,0.12176226218764424,,,54,,,,25960,,25970,0,0,,160,31.8808087403497,25960,127.058823529412,,,,,,0,50.6236266,30.4394443,
18:22:27.505,,,,,,,,,,,,,,,32,,,,,,,,,,,,,,,,,,,,,,,,,,,,,,,,,,,,,,,,,,,,,,,,,,,,,,,,82,,,50.6236266,30.4394443,
18:22:27.554,,,,,,,,,,,,,,,,,,37.109375,,,,,,,,,,,,,,,,,,,,,,,,,,,,,,,,,,,,,,,,,,,,,,,,,,,,,,,,50.6236266,30.4394443,
18:22:27.709,,,,,,,,,,,,,,,,2240,0.125,,,,,,,,,,,,,,,,,,,,,,,,,,,,,,,,,,,,,,,,,,,,,,,,,,,,,,,,,50.6236266,30.4394443,
18:22:27.997,,,,,30,,,,,,86.6758781031239,,,86.6758781031239,,,,,,,,,,,,,,,,,,,,,,,,,,,,,,,,,,,,,,,,,,,,,,,,,,,,,,,127.5,147,,,,50.623555,30.4394533,
18:22:28.046,,,,,,,,,355.64,53,,3.72,,,,,,,,,,,,,,,,,,,,,,,,,,,,,,,,,,,,,,,,,,,,,,,,,,,7.441,,,,,,,,,,,50.623555,30.4394533,
18:22:28.119,10.050000000000182,,10.950000000000045,,,,,,,,,,3.712,,,,,,,,,,,,,,,,,,,,,,,,,,,,,,,,,,,,,,,,,,,,,,,,,,7.432,,,,,,,,,,,50.623555,30.4394533,
18:22:28.169,,8.100000000000136,,,,,,,,,,,,,,,,,,,,,,,,,,,,,,,,,,,,,,,,,,,,,,,,,,,,,,,,,,,,,,,,,,,,,,,,50.623555,30.4394533,
18:22:28.276,,,,,,,,,,,,,,,,,,,,,,,,,,,,,,,,,,13.17,14.464285929820369,,,1607,1.6,,0.007733322678535218,1.012108010472222,13.332529,13.332529,6765.296408000001,45.88235294117647,-0.07,,,,,15.392046446633488,,,,36,92,,28,,,,,160,32.0708087403497,,,,,,,15.803999999999998,,50.623555,30.4394533,
18:22:28.366,,,,,,,,,,,,,,,,,,,,61.1764705882353,45.88235294117647,99,,,,,,,,,,43.92156862745098,,,,,,,,15.294117647058824,,,,,,,,,,,,,14.828482679999999,,,,,,,,,,,,32.0484827403497,,129.803921568627,99,,,,,,50.623555,30.4394533,
18:22:28.438,,,,,,,,,,,,,,,,,,,,,,,6.081117580282379,63.65736,63.65736,633.9775089499999,0.07601396975352974,0.795717,0.795717,8.238875,4.100000061094761,,40.3921568627451,,,4.100000061094761,16.040011637176022,,,,,,,,,,,7.510460244066608,5.968237533929235,5.968237533929235,0.12178143429543581,,,54,,,,25960,,25950,0,0,,160,32.0984827410948,25960,130.196078431372,,,,,,0,50.623555,30.4394533,
18:22:28.557,,,,,,,,,,,,,,,32,,,,,,,,,,,,,,,,,,,,,,,,,,,,,,,,,,,,,,,,,,,,,,,,,,,,,,,,82,,,50.623555,30.4394533,
18:22:28.604,,,,,,,,,,,,,,,,,,38.0625,,,,,,,,,,,,,,,,,,,,,,,,,,,,,,,,,,,,,,,,,,,,,,,,,,,,,,,,50.623555,30.4394533,
18:22:28.642,,,,,,,,,,,,,,,,2464,0.140625,,,,,,,,,,,,,,,,,,,,,,,,,,,,,,,,,,,,,,,,,,,,,,,,,,,,,,,,,50.623555,30.4394533,
18:22:28.797,,,,,,,,,355.81,53,,3.718,,,,,,,,,,,,,,,,,,,,,,,,,,,,,,,,,,,,,,,,,,,,,,,,,,,7.43,,,,,,,,,,,50.623555,30.4394533,
18:22:28.846,11.600000000000136,,4.550000000000182,,,,,,,,,,3.706,,,,,,,,,,,,,,,,,,,,,,,,,,,,,,,,,,,,,,,,,,,,,,,,,,7.424,,,,,,,,,,,50.623555,30.4394533,
18:22:28.893,,11.100000000000136,,,,,,,,,,,,,,,,,,,,,,,,,,,,,,,,,,,,,,,,,,,,,,,,,,,,,,,,,,,,,,,,,,,,,,,,50.623555,30.4394533,
18:22:29.014,,,,,,,,,,,,,,,,,,,,,,,,,,,,,,,,,,13.23,14.642857361052718,,,1630,1.6,,0.007813195724846712,1.017811071472222,13.338232,13.338232,6765.302111000001,44.31372549019608,-0.07,,,,,15.430979719675383,,,,36,92,,28,,,,,160,32.1584827410948,,,,,,,15.876,,50.6234833,30.4394607,
18:22:29.105,,,,,,,,,,,,,,,,,,,,60.78431372549019,89.41176470588235,99,,,,,,,,,,87.45098039215686,,,,,,,,15.686274509803921,,,,,,,,,,,,,14.8177662,,,,,,,,,,,,32.1477662610948,,173.725490196078,99,,,,,,50.6234833,30.4394607,
18:22:29.182,,,,,,,,,,,,,,,,,,,,,,,6.148913021959277,63.725120000000004,63.725120000000004,634.0452689499999,0.07686141277449096,0.796564,0.796564,8.239722,4.100000061094761,,88.62745098039215,,,4.100000061094761,16.040011637176022,,,,,,,,,,,7.551638504316335,5.972035874019886,5.972035874019886,0.1217938514024773,,,54,,,,26240,,26390,0,0,,160,32.1477662610948,26240,265.490196078431,,,,,,0,50.6234833,30.4394607,
18:22:29.314,,,,,,,,,,,,,,,32,,,,,,,,,,,,,,,,,,,,,,,,,,,,,,,,,,,,,,,,,,,,,,,,,,,,,,,,82,,,50.6234833,30.4394607,
18:22:29.349,,,,,,,,,,,,,,,,,,41.65625,,,,,,,,,,,,,,,,,,,,,,,,,,,,,,,,,,,,,,,,,,,,,,,,,,,,,,,,50.6234833,30.4394607,
18:22:29.389,,,,,,,,,,,,,,,,2368,0.140625,,,,,,,,,,,,,,,,,,,,,,,,,,,,,,,,,,,,,,,,,,,,,,,,,,,,,,,,,50.6234833,30.4394607,
18:22:29.498,,,,,,,,,356.93,53.5,,3.724,,,,,,,,,,,,,,,,,,,,,,,,,,,,,,,,,,,,,,,,,,,,,,,,,,,7.43,,,,,,,,,,,50.6234833,30.4394607,
18:22:29.570,5.350000000000136,,11.200000000000045,,,,,,,,,,3.714,,,,,,,,,,,,,,,,,,,,,,,,,,,,,,,,,,,,,,,,,,,,,,,,,,7.438,,,,,,,,,,,50.6234833,30.4394607,
18:22:29.604,,3.800000000000182,,,,,,,,,,,,,,,,,,,,,,,,,,,,,,,,,,,,,,,,,,,,,,,,,,,,,,,,,,,,,,,,,,,,,,,,50.6234833,30.4394607,
18:22:29.809,,,,,,,,,,,,,,,,,,,,,,,,,,,,,,,,,,13.290000000000001,14.137931245154347,,,1641,1.6,,0.016262770010366103,1.024186188194444,13.344607,13.344607,6765.308486000001,44.31372549019608,-0.07,,,,,15.476053079293223,,,,36,92,,29,,,,,160,32.2077662610948,,,,,,,15.948,,50.6234833,30.4394607,
18:22:29.886,,,,,,,,,,,,,,,,,,,,60.78431372549019,90.19607843137256,99,,,,,,,,,,88.23529411764706,,,,,,,,15.686274509803921,,,,,,,,,,,,,14.799012360000003,,,,,,,,,,,,32.1890124210948,,266.274509803921,99,,,,,,50.6234833,30.4394607,
18:22:30.030,,,,,,,,,,,,,,,,,,,,,,,6.2271185742357416,63.80336,63.80336,634.12350895,0.07783898217794677,0.797542,0.797542,8.2407,4.150000061839819,,88.62745098039215,,,4.150000061839819,16.23562153519036,,,,,,,,,,,7.600081223041142,5.976511709936456,5.976511709936456,0.12180819273878118,,,55,,,,26430,,26410,0,0,,161,32.2390124218398,26430,267.058823529412,,,,,,0,50.623408,30.4394688,
18:22:30.185,,,,,,,,,,,,,,,32,,,,,,,,,,,,,,,,,,,,,,,,,,,,,,,,,,,,,,,,,,,,,,,,,,,,,,,,82,,,50.623408,30.4394688,
18:22:30.221,,,,,,,,,,,,,,,,,,39.96875,,,,,,,,,,,,,,,,,,,,,,,,,,,,,,,,,,,,,,,,,,,,,,,,,,,,,,,,50.623408,30.4394688,
18:22:30.269,,,,,,,,,,,,,,,,2496,0.140625,,,,,,,,,,,,,,,,,,,,,,,,,,,,,,,,,,,,,,,,,,,,,,,,,,,,,,,,,50.623408,30.4394688,
18:22:30.390,,,,,,,,,355.48,53.5,,3.721,,,,,,,,,,,,,,,,,,,,,,,,,,,,,,,,,,,,,,,,,,,,,,,,,,,7.435,,,,,,,,,,,50.623408,30.4394688,
18:22:30.462,4.75,,0.6000000000001364,,,,,,,,,,3.707,,,,,,,,,,,,,,,,,,,,,,,,,,,,,,,,,,,,,,,,,,,,,,,,,,7.428,,,,,,,,,,,50.623408,30.4394688,
18:22:30.509,,2.9500000000000455,,,,,,,,,,,,,,,,,,,,,,,,,,,,,,,,,,,,,,,,,,,,,,,,,,,,,,,,,,,,,,,,,,,,,,,,50.623408,30.4394688,
18:22:30.666,,,,,,,,,,,,,,,,,,,,,,,,,,,,,,,,,,14.450000000000001,13.833333539466064,,,1816,1.8,,0.023975977815397814,1.0313936098611107,13.351814,13.351814,6765.315693000001,40,-0.07,,,,,15.52858833735884,,,,36,92,,30,,,,,161,33.3990124218398,,,,,,,17.34,,50.623408,30.4394688,
18:22:30.760,,,,,,,,,,,,,,,,,,,,61.568627450980394,90.19607843137256,99,,,,,,,,,,87.84313725490196,,,,,,,,14.117647058823529,,,,,,,,,,,,,14.79186804,,,,,,,,,,,,33.3918681018398,,266.666666666667,99,,,,,,50.623408,30.4394688,
18:22:30.862,,,,,,,,,,,,,,,,,,,,,,,6.305680165406401,63.88192,63.88192,634.2020689499999,0.07882100206758001,0.798524,0.798524,8.241682,4.250000063329935,,88.62745098039215,,,4.250000063329935,16.626841331219048,,,,,,,,,,,7.6421844496587665,5.980640533188974,5.980640533188974,0.12182257819140029,,,55,,,,30320,,32140,92.94117647058823,92.94117647058823,,161,33.4918681033299,30320,266.666666666667,,,,,,94.11764705882354,50.623408,30.4394688,
18:22:30.981,,,,,,,,,,,,,,,32,,,,,,,,,,,,,,,,,,,,,,,,,,,,,,,,,,,,,,,,,,,,,,,,,,,,,,,,82,,,50.6233313,30.4394776,
18:22:31.018,,,,,,,,,,,,,,,,,,22.640625,,,,,,,,,,,,,,,,,,,,,,,,,,,,,,,,,,,,,,,,,,,,,,,,,,,,,,,,50.6233313,30.4394776,
18:22:31.054,,,,,,,,,,,,,,,,1536,0.09375,,,,,,,,,,,,,,,,,,,,,,,,,,,,,,,,,,,,,,,,,,,,,,,,,,,,,,,,,50.6233313,30.4394776,
18:22:31.185,,,,,,,,,357.25,53.5,,3.744,,,,,,,,,,,,,,,,,,,,,,,,,,,,,,,,,,,,,,,,,,,,,,,,,,,7.451,,,,,,,,,,,50.6233313,30.4394776,
18:22:31.234,29.050000000000182,,-1600,,,,,,,,,,3.731,,,,,,,,,,,,,,,,,,,,,,,,,,,,,,,,,,,,,,,,,,,,,,,,,,7.475,,,,,,,,,,,50.6233313,30.4394776,
18:22:31.316,,32.450000000000045,,,,,,,,,,,,,,,,,,,,,,,,,,,,,,,,,,,,,,,,,,,,,,,,,,,,,,,,,,,,,,,,,,,,,,,,50.6233313,30.4394776,
18:22:31.557,,,,,,,,,,,,,,,,,,,,,,,,,,,,,,,,,,,,,,,,,,,,,,,,,,,,,,,71,,,,,,,,,162,,,,,,,,,,50.6233313,30.4394776,
18:22:31.617,,,,,,,,,,,,,,,,,,,,,,,,,,,,,,,,,,18.34,14.16666687776645,,,2005,2,,0.01696052336169294,1.0392893365277773,13.35971,13.35971,6765.3235890000005,40,0.01,,,,,15.58570617558138,,,,36,100,,30,,,,,162,37.3818681033299,,,,,,,22.008,,50.6233313,30.4394776,
18:22:31.693,,,,,,,,,,,,,,,,,,,,68.23529411764706,90.19607843137256,99,,,,,,,,,,87.45098039215686,,,,,,,,13.72549019607843,,,,,,,,,,,,,14.79811932,,,,,,,,,,,,37.3881193833299,,266.274509803921,99,,,,,,50.6233313,30.4394776,
18:22:31.769,,,,,,,,,,,,,,,,,,,,,,,6.413559053125033,63.98976,63.98976,634.3099089499999,0.08016948816406291,0.799872,0.799872,8.243030000000001,5.350000079721212,,88.62745098039215,,,5.350000079721212,20.930259087534566,,,,,,,,,,,7.7138757558993,5.9871958298496,5.9871958298496,0.12184236114592745,,,55,,,,32430,,32460,85.88235294117646,85.88235294117646,,162,38.4881193997212,32617.0588235294,266.274509803921,,,,,,86.66666666666667,50.6233313,30.4394776,
18:22:31.841,,,,,,,,,,,,,,,,,,,49,,,,,,,,,,,,,,,,,,,,,,,,,,,,,,,,,,,,,,,,,,,,,,,,,,,,81,,,50.6233313,30.4394776,
18:22:31.961,,,,,,,,,,,,,,,32,,,,,,,,,,,,,,,,,,,,,,,,,,,,,,,,,,,,,,,,,,,,,,,,,,,,,,,,81,,,50.6232536,30.4394888,
18:22:32.009,,,,,,,,,,,,,,,,,,22.171875,,,,,,,,,,,,,,,,,,,,,,,,,,,,,,,,,,,,,,,,,,,,,,,,,,,,,,,,50.6232536,30.4394888,
18:22:32.045,,,,,,,,,,,,,,,,1152,0.0625,,,,,,,,,,,,,,,,,,,,,,,,,,,,,,,,,,,,,,,,,,,,,,,,,,,,,,,,,50.6232536,30.4394888,
18:22:32.166,,,,,,,,,358.38,53.5,,3.754,,,,,,,,,,,,,,,,,,,,,,,,,,,,,,,,,,,,,,,,,,,,,,,,,,,7.485,,,,,,,,,,,50.6232536,30.4394888,
18:22:32.225,32.90000000000009,,-1600,,,,,,,,,,3.742,,,,,,,,,,,,,,,,,,,,,,,,,,,,,,,,,,,,,,,,,,,,,,,,,,7.496,,,,,,,,,,,50.6232536,30.4394888,
18:22:32.261,,32.05000000000018,,,,,,,,,,,,,,,,,,,,,,,,,,,,,,,,,,,,,,,,,,,,,,,,,,,,,,,,,,,,,,,,,,,,,,,,50.6232536,30.4394888,
18:22:32.394,,,,,,,,,,,,,,,,,,,,,,,,,,,,,,,,,,18.71,17.258064773294233,,,2000,2,,0.025143007686579462,1.0461076478888884,13.366527999999999,13.366527999999999,6765.330407000001,40.78431372549019,0.05,,,,,15.6363817472384,,,,36,104,,31,,,,,162,38.8581193997212,,,,,,,22.452,,50.6232536,30.4394888,
18:22:32.501,,,,,,,,,,,,,,,,,,,,69.80392156862744,90.19607843137256,99,,,,,,,,,,87.45098039215686,,,,,,,,13.72549019607843,,,,,,,,,,,,,14.79276108,,,,,,,,,,,,38.8527611597212,,266.274509803921,99,,,,,,50.6232536,30.4394888,
18:22:32.602,,,,,,,,,,,,,,,,,,,,,,,6.512592131822963,64.08879999999999,64.08879999999999,634.40894895,0.08140740164778704,0.80111,0.80111,8.244268,5.350000079721212,,88.62745098039215,,,5.350000079721212,20.930259087534566,,,,,,,,,,,7.781933514401921,5.993403821845135,5.993403821845135,0.12186053753516252,,,55,,,,32430,,32440,85.09803921568627,85.09803921568627,,162,38.8527611597212,32602.5490196079,266.274509803921,,,,,,85.09803921568627,50.6232536,30.4394888,
18:22:32.721,,,,,,,,,,,,,,,32,,,,,,,,,,,,,,,,,,,,,,,,,,,,,,,,,,,,,,,,,,,,,,,,,,,,,,,,81,,,50.6232536,30.4394888,
18:22:32.758,,,,,,,,,,,,,,,,,,21.1875,,,,,,,,,,,,,,,,,,,,,,,,,,,,,,,,,,,,,,,,,,,,,,,,,,,,,,,,50.6232536,30.4394888,
18:22:32.794,,,,,,,,,,,,,,,,1280,0.078125,,,,,,,,,,,,,,,,,,,,,,,,,,,,,,,,,,,,,,,,,,,,,,,,,,,,,,,,,50.6232536,30.4394888,
18:22:32.901,,,,28,,,,,,,,,,,,,,,,,,,,,,,,,,,,,,,,,,,,,,,,,,,,,,,,,,,,,,,,,,,,,,,,,,147,,,,50.6232536,30.4394888,
18:22:33.010,,,,,,,,,362.41,53.5,,3.757,,,,,,,,,,,,,,,,,,,,,,,,,,,,,,,,,,,,,,,,,,,,,,,,,,,7.499,,,,,,,,,,,50.6231757,30.4395009,
18:22:33.081,33.30000000000018,,-1600,,,,,,,,,,3.751,,,,,,,,,,,,,,,,,,,,,,,,,,,,,,,,,,,,,,,,,,,,,,,,,,7.508,,,,,,,,,,,50.6231757,30.4395009,
18:22:33.152,,34.15000000000009,,,,,,,,,,,,,,,,,,,,,,,,,,,,,,,,,,,,,,,,,,,,,,,,,,,,,,,,,,,,,,,,,,,,,,,,50.6231757,30.4395009,
18:22:33.417,,,,,,,,,,,,,,,,,,,,,,,,,,,,,,,,,,18.64,17.258064773294233,,,1999,2,,0.0157012702807495,1.0547857517222217,13.375205999999999,13.375205999999999,6765.3390850000005,41.1764705882353,0.05,,,,,15.700399896606537,,,,36,104,,31,,,,,162,38.7827611597212,,,,,,,22.368,,50.6231757,30.4395009,
18:22:33.489,,,,,,,,,,,,,,,,,,,,70.19607843137256,90.19607843137256,99,,,,,,,,,,87.45098039215686,,,,,,,,12.549019607843137,,,,,,,,,,,,,14.7753468,,,,,,,,,,,,38.7653468797212,,266.274509803921,99,,,,,,50.6231757,30.4395009,
18:22:33.558,,,,,,,,,,,,,,,,,,,,,,,6.637884402578852,64.21408,64.21408,634.5342289499999,0.08297355503223565,0.8026760000000001,0.8026760000000001,8.245834,5.900000087916851,,88.62745098039215,,,5.900000087916851,23.081967965692325,,,,,,,,,,,7.866389444184185,6.001223457791978,6.001223457791978,0.12188352862138911,,,55,,,,32460,,32420,85.49019607843137,85.49019607843137,,162,39.3153468879169,32630.1960784314,266.274509803921,,,,,,85.09803921568627,50.6231757,30.4395009,
18:22:33.689,,,,,,,,,,,,,,,31,,,,,,,,,,,,,,,,,,,,,,,,,,,,,,,,,,,,,,,,,,,,,,,,,,,,,,,,80,,,50.6231757,30.4395009,
18:22:33.725,,,,,,,,,,,,,,,,,,11.40625,,,,,,,,,,,,,,,,,,,,,,,,,,,,,,,,,,,,,,,,,,,,,,,,,,,,,,,,50.6231757,30.4395009,
18:22:33.750,,,,,,,,,,,,,,,,832,0.046875,,,,,,,,,,,,,,,,,,,,,,,,,,,,,,,,,,,,,,,,,,,,,,,,,,,,,,,,,50.6231757,30.4395009,
18:22:33.868,,,,,,,,,360.47,54,,3.77,,,,,,,,,,,,,,,,,,,,,,,,,,,,,,,,,,,,,,,,,,,,,,,,,,,7.521,,,,,,,,,,,50.6231757,30.4395009,
18:22:33.941,39.5,,-1600,,,,,,,,,,3.759,,,,,,,,,,,,,,,,,,,,,,,,,,,,,,,,,,,,,,,,,,,,,,,,,,7.529,,,,,,,,,,,50.6231757,30.4395009,
18:22:33.990,,39.100000000000136,,,,,,,,,,,,,,,,,,,,,,,,,,,,,,,,,,,,,,,,,,,,,,,,,,,,,,,,,,,,,,,,,,,,,,,,50.623097,30.4395122,
18:22:34.110,,,,,,,,,,,,,,,,,,,,,,,,,,,,,,,,,,18.69,19.032258348118873,,,2001,2,,0.008223263217229673,1.0607195400833327,13.381139999999998,13.381139999999998,6765.345019000001,41.1764705882353,0.05,,,,,15.74386705829867,,,,36,104,,31,,,,,162,39.3653468879169,,,,,,,22.428,,50.623097,30.4395122,
18:22:34.182,,,,,,,,,,,,,,,,,,,,69.80392156862744,90.19607843137256,99,,,,,,,,,,87.45098039215686,,,,,,,,12.549019607843137,,,,,,,,,,,,,14.757486,,,,,,,,,,,,39.3474860879169,,266.274509803921,99,,,,,,50.623097,30.4395122,
18:22:34.246,,,,,,,,,,,,,,,,,,,,,,,6.731866079979288,64.30808,64.30808,634.6282289499999,0.0841483259997411,0.8038510000000001,0.8038510000000001,8.247009,6.150000091642141,,88.62745098039215,,,6.150000091642141,24.060017455764033,,,,,,,,,,,7.933136217433141,6.007343171060165,6.007343171060165,0.12190078963953574,,,55,,,,32420,,32440,85.49019607843137,85.49019607843137,,162,39.5974860916421,32590.5882352941,266.274509803921,,,,,,85.88235294117646,50.623097,30.4395122,
18:22:34.377,,,,,,,,,,,,,,,31,,,,,,,,,,,,,,,,,,,,,,,,,,,,,,,,,,,,,,,,,,,,,,,,,,,,,,,,80,,,50.623097,30.4395122,
18:22:34.413,,,,,,,,,,,,,,,,,,11.65625,,,,,,,,,,,,,,,,,,,,,,,,,,,,,,,,,,,,,,,,,,,,,,,,,,,,,,,,50.623097,30.4395122,
18:22:34.449,,,,,,,,,,,,,,,,608,0.03125,,,,,,,,,,,,,,,,,,,,,,,,,,,,,,,,,,,,,,,,,,,,,,,,,,,,,,,,,50.623097,30.4395122,
18:22:34.570,,,,,,30,29,30,,,,,,,,,,,,,,,,,,,,,,,,,,,,,,,,,,,,,,,,,,,,,,,,,,,,,,,,,,,,,,147,,,,50.623097,30.4395122,
18:22:34.630,,,,,30,,,,,,86.6758781031239,,,86.6758781031239,,,,,,,,,,,,,,,,,,,,,,,,,,,,,,,,,,,,,,,,,,,,,,,,,,,,,,,127.5,147,,,,50.623097,30.4395122,
18:22:34.678,,,,,,,,,361.12,54,,3.775,,,,,,,,,,,,,,,,,,,,,,,,,,,,,,,,,,,,,,,,,,,,,,,,,,,7.534,,,,,,,,,,,50.623097,30.4395122,
18:22:34.749,42.700000000000045,,-1600,,,,,,,,,,3.764,,,,,,,,,,,,,,,,,,,,,,,,,,,,,,,,,,,,,,,,,,,,,,,,,,7.539,,,,,,,,,,,50.623097,30.4395122,
18:22:34.797,,39.100000000000136,,,,,,,,,,,,,,,,,,,,,,,,,,,,,,,,,,,,,,,,,,,,,,,,,,,,,,,,,,,,,,,,,,,,,,,,50.623097,30.4395122,
18:22:34.928,,,,,,,,,,,,,,,,,,,,,,,,,,,,,,,,,,18.580000000000002,20.500000305473804,,,1999,2,,0,1.0675359200833328,13.387955999999999,13.387955999999999,6765.351835000001,41.1764705882353,0.05,,,,,15.791783322948286,,,,36,104,,30,,,,,162,39.4874860916421,,,,,,,22.296000000000003,,50.623097,30.4395122,
18:22:35.004,,,,,,,,,,,,,,,,,,,,69.80392156862744,90.19607843137256,99,,,,,,,,,,87.45098039215686,,,,,,,,12.549019607843137,,,,,,,,,,,,,14.752127760000002,,,,,,,,,,,,39.4821278516421,,266.274509803921,99,,,,,,50.623019,30.4395246,
18:22:35.077,,,,,,,,,,,,,,,,,,,,,,,6.846428620797514,64.42264,64.42264,634.74278895,0.08558035775996893,0.805283,0.805283,8.248441,6.200000092387199,,88.62745098039215,,,6.200000092387199,24.255627353778376,,,,,,,,,,,8.016625590761242,6.014980927633763,6.014980927633763,0.12192183350062234,,,55,,,,32460,,32440,85.49019607843137,85.49019607843137,,162,39.5321278523872,32631.3725490196,266.274509803921,,,,,,85.49019607843137,50.623019,30.4395246,
18:22:35.306,,,,,,,,,,,,,,,31,,,,,,,,,,,,,,,,,,,,,,,,,,,,,,,,,,,,,,,,,,,,,,,,,,,,,,,,80,,,50.623019,30.4395246,
18:22:35.390,,,,,,,,,,,,,,,,,,11.875,,,,,,,,,,,,,,,,,,,,,,,,,,,,,,,,,,,,,,,,,,,,,,,,,,,,,,,,50.623019,30.4395246,
18:22:35.414,,,,,,,,,,,,,,,,864,0.046875,,,,,,,,,,,,,,,,,,,,,,,,,,,,,,,,,,,,,,,,,,,,,,,,,,,,,,,,,50.623019,30.4395246,
18:22:35.534,,,,,,,,,362.89,54,,3.775,,,,,,,,,,,,,,,,,,,,,,,,,,,,,,,,,,,,,,,,,,,,,,,,,,,7.539,,,,,,,,,,,50.623019,30.4395246,
18:22:35.594,42.5,,-1600,,,,,,,,,,3.764,,,,,,,,,,,,,,,,,,,,,,,,,,,,,,,,,,,,,,,,,,,,,,,,,,7.539,,,,,,,,,,,50.623019,30.4395246,
18:22:35.629,,42.700000000000045,,,,,,,,,,,,,,,,,,,,,,,,,,,,,,,,,,,,,,,,,,,,,,,,,,,,,,,,,,,,,,,,,,,,,,,,50.623019,30.4395246,
18:22:35.724,,,,,,,,,,,,,,,,,,,,,,,,,,,,,,,,,,,,,,,,,,,,,,,,,,,,,,,72,,,,,,,,,163,,,,,,,,,,50.623019,30.4395246,
18:22:35.785,,,,,,,,,,,,,,,,,,,,,,,,,,,,,,,,,,18.75,20.666666974624,,,1997,2,,-0.008351718722624565,1.0746781625833328,13.395097999999999,13.395097999999999,6765.358977000001,41.1764705882353,0.05,,,,,15.8416459075374,,,,36,104,,30,,,,,163,39.7021278523872,,,,,,,22.5,,50.623019,30.4395246,
18:22:35.852,,,,,,,,,,,,,,,,,,,,70.19607843137256,90.19607843137256,99,,,,,,,,,,87.45098039215686,,,,,,,,12.549019607843137,,,,,,,,,,,,,14.75346732,,,,,,,,,,,,39.7034674123872,,266.274509803921,99,,,,,,50.623019,30.4395246,
18:22:35.933,,,,,,,,,,,,,,,,,,,,,,,6.965309080902305,64.54152,64.54152,634.86166895,0.0870663635112788,0.8067690000000001,0.8067690000000001,8.249927,6.2500000931322575,,88.62745098039215,,,6.2500000931322575,24.451237251792712,,,,,,,,,,,8.101622098841847,6.022867469875921,6.022867469875921,0.12194366962709656,,,55,,,,32440,,32450,85.88235294117646,85.88235294117646,,163,39.7534674131323,32610.9803921568,266.274509803921,,,,,,85.88235294117646,50.623019,30.4395246,
18:22:36.053,,,,,,,,,,,,,,,31,,,,,,,,,,,,,,,,,,,,,,,,,,,,,,,,,,,,,,,,,,,,,,,,,,,,,,,,80,,,50.6229414,30.4395371,
18:22:36.102,,,,,,,,,,,,,,,,,,1.171875,,,,,,,,,,,,,,,,,,,,,,,,,,,,,,,,,,,,,,,,,,,,,,,,,,,,,,,,50.6229414,30.4395371,
18:22:36.136,,,,,,,,,,,,,,,,160,0,,,,,,,,,,,,,,,,,,,,,,,,,,,,,,,,,,,,,,,,,,,,,,,,,,,,,,,,,50.6229414,30.4395371,
18:22:36.245,,,,,,,,,362.08,54.5,,3.786,,,,,,,,,,,,,,,,,,,,,,,,,,,,,,,,,,,,,,,,,,,,,,,,,,,7.55,,,,,,,,,,,50.6229414,30.4395371,
18:22:36.317,46.55000000000018,,-1600,,,,,,,,,,3.769,,,,,,,,,,,,,,,,,,,,,,,,,,,,,,,,,,,,,,,,,,,,,,,,,,7.555,,,,,,,,,,,50.6229414,30.4395371,
18:22:36.366,,57.450000000000045,,,,,,,,,,,,,,,,,,,,,,,,,,,,,,,,,,,,,,,,,,,,,,,,,,,,,,,,,,,,,,,,,,,,,,,,50.6229414,30.4395371,
18:22:36.497,,,,,,,,,,,,,,,,,,,,,,,,,,,,,,,,,,18.740000000000002,20.833333643774193,,,2002,2,,-0.009196236203672893,1.0807038692499995,13.401124,13.401124,6765.365003000001,41.1764705882353,0.06,,,,,15.883442167413309,,,,36,105,,30,,,,,163,39.7434674131323,,,,,,,22.488000000000003,,50.6229414,30.4395371,
18:22:36.594,,,,,,,,,,,,,,,,,,,,69.80392156862744,90.19607843137256,99,,,,,,,,,,87.45098039215686,,,,,,,,5.098039215686274,,,,,,,,,,,,,14.754360360000002,,,,,,,,,,,,39.7443604531323,,266.274509803921,99,,,,,,50.6229414,30.4395371,
18:22:36.685,,,,,,,,,,,,,,,,,,,,,,,7.069811943570629,64.646,64.646,634.9661489499999,0.08837264929463287,0.8080750000000001,0.8080750000000001,8.251233000000001,6.2500000931322575,,88.62745098039215,,,6.2500000931322575,24.451237251792712,,,,,,,,,,,8.17732329911642,6.029904655758727,6.029904655758727,0.1219628652163056,,,56,,,,32460,,32430,85.88235294117646,85.88235294117646,,164,39.7443604531323,32631.7647058824,266.274509803921,,,,,,86.27450980392157,50.6229414,30.4395371,
18:22:36.834,,,,,,,,,,,,,,,31,,,,,,,,,,,,,,,,,,,,,,,,,,,,,,,,,,,,,,,,,,,,,,,,,,,,,,,,80,,,50.6229414,30.4395371,
18:22:36.870,,,,,,,,,,,,,,,,,,-62.953125,,,,,,,,,,,,,,,,,,,,,,,,,,,,,,,,,,,,,,,,,,,,,,,,,,,,,,,,50.6229414,30.4395371,
18:22:36.905,,,,,,,,,,,,,,,,-4224,-0.265625,,,,,,,,,,,,,,,,,,,,,,,,,,,,,,,,,,,,,,,,,,,,,,,,,,,,,,,,,50.6229414,30.4395371,
18:22:37.173,,,,,,,,,365.47,55,,3.83,,,,,,,,,,,,,,,,,,,,,,,,,,,,,,,,,,,,,,,,,,,,,,,,,,,7.599,,,,,,,,,,,50.6228655,30.4395476,
18:22:37.222,78.40000000000009,,-1600,,,,,,,,,,3.815,,,,,,,,,,,,,,,,,,,,,,,,,,,,,,,,,,,,,,,,,,,,,,,,,,7.645,,,,,,,,,,,50.6228655,30.4395476,
18:22:37.269,,77.95000000000005,,,,,,,,,,,,,,,,,,,,,,,,,,,,,,,,,,,,,,,,,,,,,,,,,,,,,,,,,,,,,,,,,,,,,,,,50.6228655,30.4395476,
18:22:37.389,,,,,,,,,,,,,,,,,,,,,,,,,,,,,,,,,,18.56,22.321428904043778,,,1999,2,,-0.025915432610972105,1.087736672805555,13.408157,13.408157,6765.372036000001,41.568627450980394,0.05,,,,,15.928006496028177,,,,36,104,,28,,,,,164,39.5643604531323,,,,,,,22.272,,50.6228655,30.4395476,
18:22:37.494,,,,,,,,,,,,,,,,,,,,70.19607843137256,90.19607843137256,99,,,,,,,,,,87.45098039215686,,,,,,,,0,,,,,,,,,,,,,14.75793252,,,,,,,,,,,,39.5679326131323,,266.274509803921,99,,,,,,50.6228655,30.4395476,
18:22:37.605,,,,,,,,,,,,,,,,,,,,,,,7.197501084362235,64.77368,64.77368,635.09382895,0.08996876355452794,0.809671,0.809671,8.252829,6.2500000931322575,,88.62745098039215,,,6.2500000931322575,24.451237251792712,,,,,,,,,,,8.271189691754637,6.0386449830502436,6.0386449830502436,0.12198632914915722,,,56,,,,32450,,32450,86.66666666666667,86.66666666666667,,164,39.5679326131323,32622.1568627451,266.274509803921,,,,,,86.27450980392157,50.6228655,30.4395476,
18:22:37.750,,,,,,,,,,,,,,,31,,,,,,,,,,,,,,,,,,,,,,,,,,,,,,,,,,,,,,,,,,,,,,,,,,,,,,,,80,,,50.6228655,30.4395476,
18:22:37.786,,,,,,,,,,,,,,,,,,-72.90625,,,,,,,,,,,,,,,,,,,,,,,,,,,,,,,,,,,,,,,,,,,,,,,,,,,,,,,,50.6228655,30.4395476,
18:22:37.833,,,,,,,,,,,,,,,,-4640,-0.296875,,,,,,,,,,,,,,,,,,,,,,,,,,,,,,,,,,,,,,,,,,,,,,,,,,,,,,,,,50.6228655,30.4395476,
18:22:37.965,,,,,,,,,365.95,55,,3.836,,,,,,,,,,,,,,,,,,,,,,,,,,,,,,,,,,,,,,,,,,,,,,,,,,,7.651,,,,,,,,,,,50.6227969,30.4395557,
18:22:38.013,79.25,,-1600,,,,,,,,,,3.821,,,,,,,,,,,,,,,,,,,,,,,,,,,,,,,,,,,,,,,,,,,,,,,,,,7.657,,,,,,,,,,,50.6227969,30.4395557,
18:22:38.049,,84.60000000000014,,,,,,,,,,,,,,,,,,,,,,,,,,,,,,,,,,,,,,,,,,,,,,,,,,,,,,,,,,,,,,,,,,,,,,,,50.6227969,30.4395557,
18:22:38.158,,,,,,,,,,,,,,,,,,,,,,,,,,,,,,,,,,18.35,25.00000037252903,,,1945,1.9,,-0.04385320974923485,1.0929597089166663,13.41338,13.41338,6765.377259000001,42.745098039215684,0.05,,,,,15.955675708540483,,,,36,104,,25,,,,,164,39.3579326131323,,,,,,,22.02,,50.6227969,30.4395557,
18:22:38.252,,,,,,,,,,,,,,,,,,,,69.80392156862744,90.19607843137256,99,,,,,,,,,,87.84313725490196,,,,,,,,0,,,,,,,,,,,,,14.7664164,,,,,,,,,,,,39.3664164931323,,266.666666666667,99,,,,,,50.6227969,30.4395557,
18:22:38.325,,,,,,,,,,,,,,,,,,,,,,,7.296825581842286,64.87304,64.87304,635.1931889499999,0.09121031977302857,0.810913,0.810913,8.254071,6.200000092387199,,88.62745098039215,,,6.200000092387199,24.255627353778376,,,,,,,,,,,8.345259118786325,6.045553022429843,6.045553022429843,0.12200459315139575,,,56,,,,30440,,28660,44.31372549019608,44.31372549019608,,164,39.3164164923872,30612.9411764706,266.666666666667,,,,,,58.431372549019606,50.6227969,30.4395557,
18:22:38.397,,,,,,,,,,,,,,,,,,,49,,,,,,,,,,,,,,,,,,,,,,,,,,,,,,,,,,,,,,,,,,,,,,,,,,,,80,,,50.6227969,30.4395557,
18:22:38.493,,,,,,,,,,,,,,,31,,,,,,,,,,,,,,,,,,,,,,,,,,,,,,,,,,,,,,,,,,,,,,,,,,,,,,,,80,,,50.6227969,30.4395557,
18:22:38.529,,,,,,,,,,,,,,,,,,-65.359375,,,,,,,,,,,,,,,,,,,,,,,,,,,,,,,,,,,,,,,,,,,,,,,,,,,,,,,,50.6227969,30.4395557,
18:22:38.569,,,,,,,,,,,,,,,,-4352,-0.265625,,,,,,,,,,,,,,,,,,,,,,,,,,,,,,,,,,,,,,,,,,,,,,,,,,,,,,,,,50.6227969,30.4395557,
18:22:38.665,,,,,,,,,363.69,55.5,,3.817,,,,,,,,,,,,,,,,,,,,,,,,,,,,,,,,,,,,,,,,,,,,,,,,,,,7.638,,,,,,,,,,,50.6227969,30.4395557,
18:22:38.713,50,,-1600,,,,,,,,,,3.804,,,,,,,,,,,,,,,,,,,,,,,,,,,,,,,,,,,,,,,,,,,,,,,,,,7.621,,,,,,,,,,,50.6227969,30.4395557,
18:22:38.749,,46.75,,,,,,,,,,,,,,,,,,,,,,,,,,,,,,,,,,,,,,,,,,,,,,,,,,,,,,,,,,,,,,,,,,,,,,,,50.6227969,30.4395557,
18:22:38.857,,,,,,,,,,,,,,,,,,,,,,,,,,,,,,,,,,13.36,26.95652214081391,,,1583,1.6,,-0.06454290677603193,1.0974798049999996,13.4179,13.4179,6765.381779000001,48.627450980392155,-0.02,,,,,15.975828073157068,,,,36,97,,23,,,,,164,34.3264164923872,,,,,,,16.032,,50.6227969,30.4395557,
18:22:38.965,,,,,,,,,,,,,,,,,,,,64.31372549019608,43.529411764705884,99,,,,,,,,,,41.568627450980394,,,,,,,,7.0588235294117645,,,,,,,,,,,,,14.774453760000002,,,,,,,,,,,,34.3344538523872,,220.392156862745,99,,,,,,50.6227371,30.4395636,
18:22:39.082,,,,,,,,,,,,,,,,,,,,,,,7.3951169713069405,64.97136,64.97136,635.29150895,0.09243896214133676,0.812142,0.812142,8.2553,5.850000087171793,,42.35294117647059,,,5.850000087171793,22.886358067677982,,,,,,,,,,,8.422839465491284,6.052675903084686,6.052675903084686,0.12202267765028074,,,56,,,,26000,,25830,0,0,,164,33.9844538471718,26102.7450980392,127.450980392157,,,,,,0,50.6227371,30.4395636,
18:22:39.298,,,,,,,,,,,,,,,31,,,,,,,,,,,,,,,,,,,,,,,,,,,,,,,,,,,,,,,,,,,,,,,,,,,,,,,,80,,,50.6227371,30.4395636,
18:22:39.334,,,,,,,,,,,,,,,,,,-10.328125,,,,,,,,,,,,,,,,,,,,,,,,,,,,,,,,,,,,,,,,,,,,,,,,,,,,,,,,50.6227371,30.4395636,
18:22:39.369,,,,,,,,,,,,,,,,-768,-0.046875,,,,,,,,,,,,,,,,,,,,,,,,,,,,,,,,,,,,,,,,,,,,,,,,,,,,,,,,,50.6227371,30.4395636,
18:22:39.501,,,,,,,,,363.69,55.5,,3.798,,,,,,,,,,,,,,,,,,,,,,,,,,,,,,,,,,,,,,,,,,,,,,,,,,,7.602,,,,,,,,,,,50.6227371,30.4395636,
18:22:39.549,26.90000000000009,,-1600,,,,,,,,,,3.787,,,,,,,,,,,,,,,,,,,,,,,,,,,,,,,,,,,,,,,,,,,,,,,,,,7.585,,,,,,,,,,,50.6227371,30.4395636,
18:22:39.585,,28.200000000000045,,,,,,,,,,,,,,,,,,,,,,,,,,,,,,,,,,,,,,,,,,,,,,,,,,,,,,,,,,,,,,,,,,,,,,,,50.6227371,30.4395636,
18:22:39.684,,,,,,,,,,,,,,,,,,,,,,,,,,,,,,,,,,,,,,,,,,,,,,,,,,,,,,,73,,,,,,,,,165,,,,,,,,,,50.6227371,30.4395636,
18:22:39.745,,,,,,,,,,,,,,,,,,,,,,,,,,,,,,,,,,12.89,27.857143272246635,,,1590,1.6,,-0.0784835918854327,1.102674920333333,13.423095,13.423095,6765.386974000001,47.450980392156865,-0.06,,,,,15.993856012003768,,,,36,93,,21,,,,,165,33.5144538471718,,,,,,,15.468,,50.6227371,30.4395636,
18:22:39.841,,,,,,,,,,,,,,,,,,,,63.13725490196079,37.254901960784316,99,,,,,,,,,,35.68627450980392,,,,,,,,12.549019607843137,,,,,,,,,,,,,14.769988560000002,,,,,,,,,,,,33.5099886471718,,121.56862745098,99,,,,,,50.6227371,30.4395636,
18:22:39.906,,,,,,,,,,,,,,,,,,,,,,,7.472968519689242,65.0492,65.0492,635.3693489499999,0.09341210649611552,0.813115,0.813115,8.256273,4.250000063329935,,38.431372549019606,,,4.250000063329935,16.626841331219048,,,,,,,,,,,8.47140936767452,6.0575821001043355,6.0575821001043355,0.12203696598183682,,,56,,,,25830,,25830,0,0,,165,31.9099886233299,25830,111.372549019608,,,,,,0,50.6227371,30.4395636,
18:22:40.049,,,,,,,,,,,,,,,31,,,,,,,,,,,,,,,,,,,,,,,,,,,,,,,,,,,,,,,,,,,,,,,,,,,,,,,,80,,,50.6226814,30.4395722,
18:22:40.084,,,,,,,,,,,,,,,,,,35.375,,,,,,,,,,,,,,,,,,,,,,,,,,,,,,,,,,,,,,,,,,,,,,,,,,,,,,,,50.6226814,30.4395722,
18:22:40.122,,,,,,,,,,,,,,,,2112,0.125,,,,,,,,,,,,,,,,,,,,,,,,,,,,,,,,,,,,,,,,,,,,,,,,,,,,,,,,,50.6226814,30.4395722,
18:22:40.229,,,,,,,,,361.92,55.5,,3.773,,,,,,,,,,,,,,,,,,,,,,,,,,,,,,,,,,,,,,,,,,,,,,,,,,,7.56,,,,,,,,,,,50.6226814,30.4395722,
18:22:40.302,-0.09999999999990905,,3.6000000000001364,,,,,,,,,,3.754,,,,,,,,,,,,,,,,,,,,,,,,,,,,,,,,,,,,,,,,,,,,,,,,,,7.527,,,,,,,,,,,50.6226814,30.4395722,
18:22:40.338,,-8.799999999999955,,,,,,,,,,,,,,,,,,,,,,,,,,,,,,,,,,,,,,,,,,,,,,,,,,,,,,,,,,,,,,,,,,,,,,,,50.6226814,30.4395722,
18:22:40.462,,,,,,,,,,,,,,,,,,,,,,,,,,,,,,,,,,13.43,20.238095539666357,,,1697,1.7,,-0.06452313419765006,1.106875210833333,13.427294999999999,13.427294999999999,6765.391174000001,42.745098039215684,-0.07,,,,,16.008337424974812,,,,36,92,,21,,,,,165,32.4499886233299,,,,,,,16.116,,50.6226814,30.4395722,
18:22:40.549,,,,,,,,,,,,,,,,,,,,60.78431372549019,90.19607843137256,99,,,,,,,,,,88.23529411764706,,,,,,,,19.215686274509803,,,,,,,,,,,,,14.756146440000002,,,,,,,,,,,,32.4361465033299,,163.921568627451,99,,,,,,50.6226814,30.4395722,
18:22:40.721,,,,,,,,,,,,,,,,,,,,,,,7.54906228215646,65.12528,65.12528,635.44542895,0.09436327852695575,0.8140660000000001,0.8140660000000001,8.257224,4.200000062584877,,88.62745098039215,,,4.200000062584877,16.431231433204704,,,,,,,,,,,8.525195758599786,6.062769902649791,6.062769902649791,0.12205094705732975,,,56,,,,27350,,28160,60.78431372549019,60.78431372549019,,165,32.3861465025849,27350,267.058823529412,,,,,,62.35294117647059,50.6226814,30.4395722,
18:22:40.936,,,,,,,,,,,,,,,31,,,,,,,,,,,,,,,,,,,,,,,,,,,,,,,,,,,,,,,,,,,,,,,,,,,,,,,,80,,,50.6226814,30.4395722,
18:22:40.973,,,,,,,,,,,,,,,,,,105.4375,,,,,,,,,,,,,,,,,,,,,,,,,,,,,,,,,,,,,,,,,,,,,,,,,,,,,,,,50.6226229,30.4395802,
18:22:41.008,,,,,,,,,,,,,,,,6720,0.40625,,,,,,,,,,,,,,,,,,,,,,,,,,,,,,,,,,,,,,,,,,,,,,,,,,,,,,,,,50.6226229,30.4395802,
18:22:41.105,,,,28,,,,,,,,,,,,,,,,,,,,,,,,,,,,,,,,,,,,,,,,,,,,,,,,,,,,,,,,,,,,,,,,,,147,,,,50.6226229,30.4395802,
18:22:41.238,,,,,30,,,,,,86.6758781031239,,,86.6758781031239,,,,,,,,,,,,,,,,,,,,,,,,,,,,,,,,,,,,,,,,,,,,,,,,,,,,,,,127.5,147,,,,50.6226229,30.4395802,
18:22:41.297,,,,,,,,,358.38,55.5,,3.727,,,,,,,,,,,,,,,,,,,,,,,,,,,,,,,,,,,,,,,,,,,,,,,,,,,7.481,,,,,,,,,,,50.6226229,30.4395802,
18:22:41.345,-14.849999999999909,,-12.099999999999909,,,,,,,,,,3.718,,,,,,,,,,,,,,,,,,,,,,,,,,,,,,,,,,,,,,,,,,,,,,,,,,7.445,,,,,,,,,,,50.6226229,30.4395802,
18:22:41.381,,-13.049999999999955,,,,,,,,,,,,,,,,,,,,,,,,,,,,,,,,,,,,,,,,,,,,,,,,,,,,,,,,,,,,,,,,,,,,,,,,50.6226229,30.4395802,
18:22:41.500,,,,,,,,,,,,,,,,,,,,,,,,,,,,,,,,,,16.48,17.50000026077032,,,1896,1.9,,,1.1137784548333332,13.434197999999999,13.434197999999999,6765.398077000001,40,-0.02,,,,,16.041444726776525,,,,36,97,,24,,,,,165,35.4361465025849,,,,,,,19.776,,50.6226229,30.4395802,
18:22:41.613,,,,,,,,,,,,,,,,,,,,65.09803921568627,90.19607843137256,99,,,,,,,,,,87.84313725490196,,,,,,,,21.568627450980394,,,,,,,,,,,,,14.739178679999998,,,,,,,,,,,,35.4191787425849,,266.666666666667,99,,,,,,50.6226229,30.4395802,
18:22:41.693,,,,,,,,,,,,,,,,,,,,,,,7.6591748991305995,65.23536,65.23536,635.5555089499999,0.0957396862391325,0.815442,0.815442,8.2586,5.100000075995922,,88.62745098039215,,,5.100000075995922,19.952209597462854,,,,,,,,,,,8.595936276524498,6.06989713863083,6.06989713863083,0.12207116131238996,,,56,,,,30600,,30000,72.94117647058823,72.94117647058823,,165,36.3191787559959,30723.137254902,266.666666666667,,,,,,73.72549019607843,50.6226229,30.4395802,
18:22:41.801,,,,,,,,,,,,,,,31,,,,,,,,,,,,,,,,,,,,,,,,,,,,,,,,,,,,,,,,,,,,,,,,,,,,,,,,80,,,50.6226229,30.4395802,
18:22:41.837,,,,,,,,,,,,,,,,,,34.453125,,,,,,,,,,,,,,,,,,,,,,,,,,,,,,,,,,,,,,,,,,,,,,,,,,,,,,,,50.6226229,30.4395802,
18:22:41.874,,,,,,,,,,,,,,,,2368,0.140625,,,,,,,,,,,,,,,,,,,,,,,,,,,,,,,,,,,,,,,,,,,,,,,,,,,,,,,,,50.6226229,30.4395802,
18:22:42.018,,,,,,,,,360.64,55.5,,3.769,,,,,,,,,,,,,,,,,,,,,,,,,,,,,,,,,,,,,,,,,,,,,,,,,,,7.487,,,,,,,,,,,50.6225592,30.4395854,
18:22:42.102,21.100000000000136,,22.25,,,,,,,,,,3.756,,,,,,,,,,,,,,,,,,,,,,,,,,,,,,,,,,,,,,,,,,,,,,,,,,7.525,,,,,,,,,,,50.6225592,30.4395854,
18:22:42.196,,26.700000000000045,,,,,,,,,,,,,,,,,,,,,,,,,,,,,,,,,,,,,,,,,,,,,,,,,,,,,,,,,,,,,,,,,,,,,,,,50.6225592,30.4395854,
18:22:42.449,,,,,,,,,,,,,,,,,,,,,,,,,,,,,,,,,,14.38,19.615384907676624,,,1696,1.7,,,1.1206352152777777,13.441054999999999,13.441054999999999,6765.404934000001,45.490196078431374,-0.03,,,,,16.079127267212105,,,,36,96,,26,,,,,165,34.2191787559959,,,,,,,17.256,,50.6225592,30.4395854,
18:22:42.581,,,,,,,,,,,,,,,,,,,,63.92156862745098,90.19607843137256,99,,,,,,,,,,88.23529411764706,,,,,,,,14.117647058823529,,,,,,,,,,,,,14.7329274,,,,,,,,,,,,34.2129274759959,,267.058823529412,99,,,,,,50.6225592,30.4395854,
18:22:42.689,,,,,,,,,,,,,,,,,,,,,,,7.770963339240822,65.34712,65.34712,635.6672689499999,0.09713704174051027,0.8168390000000001,0.8168390000000001,8.259997,5.050000075250864,,88.62745098039215,,,5.050000075250864,19.756599699448515,,,,,,,,,,,8.668034023581207,6.077194089303259,6.077194089303259,0.12209168675904122,,,57,,,,27140,,26720,0,0,,166,34.1629274752509,27286.6666666667,267.058823529412,,,,,,2.3529411764705883,50.6225592,30.4395854,
18:22:43.025,,,,,,,,,,,,,,,31,,,,,,,,,,,,,,,,,,,,,,,,,,,,,,,,,,,,,,,,,,,,,,,,,,,,,,,,80,,,50.6224917,30.4395923,
18:22:43.098,,,,,,,,,,,,,,,,,,46.09375,,,,,,,,,,,,,,,,,,,,,,,,,,,,,,,,,,,,,,,,,,,,,,,,,,,,,,,,50.6224917,30.4395923,
18:22:43.193,,,,,,,,,,,,,,,,3232,0.1875,,,,,,,,,,,,,,,,,,,,,,,,,,,,,,,,,,,,,,,,,,,,,,,,,,,,,,,,,50.6224917,30.4395923,
18:22:43.397,,,,,,30,29,30,,,,,,,,,,,,,,,,,,,,,,,,,,,,,,,,,,,,,,,,,,,,,,,,,,,,,,,,,,,,,,147,,,,50.6224917,30.4395923,
18:22:43.482,,,,,,,,,359.67,56,,3.746,,,,,,,,,,,,,,,,,,,,,,,,,,,,,,,,,,,,,,,,,,,,,,,,,,,7.502,,,,,,,,,,,50.6224917,30.4395923,
18:22:43.569,4.850000000000136,,1.3500000000001364,,,,,,,,,,3.733,,,,,,,,,,,,,,,,,,,,,,,,,,,,,,,,,,,,,,,,,,,,,,,,,,7.479,,,,,,,,,,,50.6224917,30.4395923,
18:22:43.628,,10.25,,,,,,,,,,,,,,,,,,,,,,,,,,,,,,,,,,,,,,,,,,,,,,,,,,,,,,,,,,,,,,,,,,,,,,,,50.6224917,30.4395923,
18:22:43.918,,,,,,,,,,,,,,,,,,,,,,,,,,,,,,,,,,13.59,18.035714554467372,,,1650,1.6,,0.04751473035630199,1.1320276149444444,13.452447,13.452447,6765.4163260000005,44.705882352941174,-0.05,,,,,16.148316011872872,,,,36,94,,28,,,,,166,33.3729274752509,,,,,,,16.308,,50.6224211,30.4396027,
18:22:44.041,,,,,,,,,,,,,,,,,,,,61.568627450980394,90.19607843137256,99,,,,,,,,,,88.23529411764706,,,,,,,,14.509803921568627,,,,,,,,,,,,,14.718638760000001,,,,,,,,,,,,33.3586388352509,,267.058823529412,99,,,,,,50.6224211,30.4396027,
18:22:44.144,,,,,,,,,,,,,,,,,,,,,,,7.918167115323218,65.49432,65.49432,635.81446895,0.09897708894154023,0.818679,0.818679,8.261837,4.550000067800283,,88.62745098039215,,,4.550000067800283,17.8005007193051,,,,,,,,,,,8.743345801365248,6.0857255189334705,6.0857255189334705,0.12211867831768376,,,57,,,,26570,,26440,0,0,,166,32.8586388278003,26572.3529411765,267.058823529412,,,,,,0,50.6224211,30.4396027,
18:22:44.505,,,,,,,,,,,,,,,31,,,,,,,,,,,,,,,,,,,,,,,,,,,,,,,,,,,,,,,,,,,,,,,,,,,,,,,,80,,,50.6224211,30.4396027,
18:22:44.566,,,,,,,,,,,,,,,,,,-47.609375,,,,,,,,,,,,,,,,,,,,,,,,,,,,,,,,,,,,,,,,,,,,,,,,,,,,,,,,50.6224211,30.4396027,
18:22:44.636,,,,,,,,,,,,,,,,-2688,-0.171875,,,,,,,,,,,,,,,,,,,,,,,,,,,,,,,,,,,,,,,,,,,,,,,,,,,,,,,,,50.6224211,30.4396027,
18:22:44.925,,,,,,,,,361.12,56,,3.784,,,,,,,,,,,,,,,,,,,,,,,,,,,,,,,,,,,,,,,,,,,,,,,,,,,7.517,,,,,,,,,,,50.6224211,30.4396027,
18:22:45.034,17.65000000000009,,13.600000000000136,,,,,,,,,,3.756,,,,,,,,,,,,,,,,,,,,,,,,,,,,,,,,,,,,,,,,,,,,,,,,,,7.54,,,,,,,,,,,50.6223501,30.4396123,
18:22:45.104,,13.850000000000136,,,,,,,,,,,,,,,,,,,,,,,,,,,,,,,,,,,,,,,,,,,,,,,,,,,,,,,,,,,,,,,,,,,,,,,,50.6223501,30.4396123,
18:22:45.405,,,,,,,,,,,,,,,,,,,,,,,,,,,,,,,,,,,,,,,,,,,,,,,,,,,,,,,75,,,,,,,,,168,,,,,,,,,,50.6223501,30.4396123,
18:22:45.514,,,,,,,,,,,,,,,,,,,,,,,,,,,,,,,,,,12.91,16.25000024214387,,,1590,1.6,,0.03925020182497839,1.1444907618333333,13.46491,13.46491,6765.4287890000005,46.27450980392157,-0.07,,,,,16.22309354366329,,,,36,92,,28,,,,,168,32.1786388278003,,,,,,,15.491999999999999,,50.6223501,30.4396123,
18:22:45.658,,,,,,,,,,,,,,,,,,,,62.35294117647059,36.470588235294116,99,,,,,,,,,,34.90196078431372,,,,,,,,13.72549019607843,,,,,,,,,,,,,14.714173560000003,,,,,,,,,,,,32.1741736278003,,213.725490196078,99,,,,,,50.6223501,30.4396123,
18:22:45.773,,,,,,,,,,,,,,,,,,,,,,,8.073723716974525,65.64984,65.64984,635.9699889499999,0.10092154646218157,0.8206230000000001,0.8206230000000001,8.263781,4.300000064074993,,38.8235294117647,,,4.300000064074993,16.822451229233387,,,,,,,,,,,8.818030675976596,6.09453015281944,6.09453015281944,0.12214718767620746,,,57,,,,25830,,25820,0,0,,168,31.924173624075,25830,110.196078431373,,,,,,0,50.6223501,30.4396123,
18:22:46.086,,,,,,,,,,,,,,,31,,,,,,,,,,,,,,,,,,,,,,,,,,,,,,,,,,,,,,,,,,,,,,,,,,,,,,,,80,,,50.6222786,30.4396234,
18:22:46.158,,,,,,,,,,,,,,,,,,21.75,,,,,,,,,,,,,,,,,,,,,,,,,,,,,,,,,,,,,,,,,,,,,,,,,,,,,,,,50.6222786,30.4396234,
18:22:46.253,,,,,,,,,,,,,,,,1408,0.078125,,,,,,,,,,,,,,,,,,,,,,,,,,,,,,,,,,,,,,,,,,,,,,,,,,,,,,,,,50.6222786,30.4396234,
18:22:46.493,,,,,,,,,361.6,56,,3.763,,,,,,,,,,,,,,,,,,,,,,,,,,,,,,,,,,,,,,,,,,,,,,,,,,,7.519,,,,,,,,,,,50.6222786,30.4396234,
18:22:46.590,20.700000000000045,,25.25,,,,,,,,,,3.754,,,,,,,,,,,,,,,,,,,,,,,,,,,,,,,,,,,,,,,,,,,,,,,,,,7.517,,,,,,,,,,,50.6222786,30.4396234,
18:22:46.662,,28.600000000000136,,,,,,,,,,,,,,,,,,,,,,,,,,,,,,,,,,,,,,,,,,,,,,,,,,,,,,,,,,,,,,,,,,,,,,,,50.6222786,30.4396234,
18:22:46.973,,,,,,,,,,,,,,,,,,,,,,,,,,,,,,,,,,12.82,15.35714308598212,,,1590,1.6,,0.020703117383455552,1.1557111162777778,13.47613,13.47613,6765.440009000001,46.666666666666664,-0.07,,,,,16.289611855071854,,,,36,92,,28,,,,,168,31.834173624075,,,,,,,15.384,,50.6222068,30.439632,
18:22:47.066,,,,,,,,,,,,,,,,,,,,61.96078431372549,39.21568627450981,99,,,,,,,,,,37.254901960784316,,,,,,,,0,,,,,,,,,,,,,14.736499560000002,,,,,,,,,,,,31.856499624075,,112.549019607843,99,,,,,,50.6222068,30.439632,
18:22:47.188,,,,,,,,,,,,,,,,,,,,,,,8.204279777031074,65.7804,65.7804,636.10054895,0.10255349721288842,0.8222550000000001,0.8222550000000001,8.265413,4.150000061839819,,45.09803921568628,,,4.150000061839819,16.23562153519036,,,,,,,,,,,8.873627307763947,6.101566250845013,6.101566250845013,0.12217110770333638,,,57,,,,25810,,25820,0,0,,168,31.7064996218398,25810,121.56862745098,,,,,,0,50.6222068,30.439632,
18:22:47.310,,,,,,,,,,,,,,,,,,,49,,,,,,,,,,,,,,,,,,,,,,,,,,,,,,,,,,,,,,,,,,,,,,,,,,,,80,,,50.6222068,30.439632,
18:22:47.551,,,,,,,,,,,,,,,31,,,,,,,,,,,,,,,,,,,,,,,,,,,,,,,,,,,,,,,,,,,,,,,,,,,,,,,,80,,,50.6222068,30.439632,
18:22:47.662,,,,,,,,,,,,,,,,,,-71.46875,,,,,,,,,,,,,,,,,,,,,,,,,,,,,,,,,,,,,,,,,,,,,,,,,,,,,,,,50.6222068,30.439632,
18:22:47.734,,,,,,,,,,,,,,,,-4736,-0.296875,,,,,,,,,,,,,,,,,,,,,,,,,,,,,,,,,,,,,,,,,,,,,,,,,,,,,,,,,50.6222068,30.439632,
18:22:48.012,,,,,,,,,367.40000000000003,56.5,,3.823,,,,,,,,,,,,,,,,,,,,,,,,,,,,,,,,,,,,,,,,,,,,,,,,,,,7.577,,,,,,,,,,,50.6221407,30.4396376,
18:22:48.122,61.30000000000018,,-1600,,,,,,,,,,3.813,,,,,,,,,,,,,,,,,,,,,,,,,,,,,,,,,,,,,,,,,,,,,,,,,,7.636,,,,,,,,,,,50.6221407,30.4396376,
18:22:48.301,,65.55000000000018,,,,,,,,,,,,,,,,,,,,,,,,,,,,,,,,,,,,,,,,,,,,,,,,,,,,,,,,,,,,,,,,,,,,,,,,50.6221407,30.4396376,
18:22:48.816,,,,,,,,,,,,,,,,,,,,,,,,,,,,,,,,,,12.91,18.86363664472645,,,1588,1.6,,-0.017795554358278256,1.1669955597777777,13.487414,13.487414,6765.451293000001,45.88235294117647,-0.07,,,,,16.330599788929888,,,,36,92,,22,,,,,168,31.7964996218398,,,,,,,15.491999999999999,,50.6221407,30.4396376,
18:22:48.913,,,,,,,,,,,,,,,,,,,,61.568627450980394,39.21568627450981,99,,,,,,,,,,37.64705882352941,,,,,,,,0,,,,,,,,,,,,,14.888316360000001,,,,,,,,,,,,31.9483164218398,,121.960784313725,99,,,,,,50.6221407,30.4396376,
18:22:49.001,,,,,,,,,,,,,,,,,,,,,,,8.367426703462153,65.94352,65.94352,636.2636689499999,0.10459283379327691,0.8242940000000001,0.8242940000000001,8.267452,4.050000060349703,,37.64705882352941,,,4.050000060349703,15.844401739161682,,,,,,,,,,,8.962573414863186,6.1115792842126755,6.1115792842126755,0.12220104235402703,,,57,,,,25800,,25820,0,0,,168,31.8483164203497,25800,114.509803921569,,,,,,0,50.6220836,30.4396412,
18:22:49.312,,,,,,,,,,,,,,,31,,,,,,,,,,,,,,,,,,,,,,,,,,,,,,,,,,,,,,,,,,,,,,,,,,,,,,,,80,,,50.6220836,30.4396412,
18:22:49.362,,,,,,,,,,,,,,,,,,-67.265625,,,,,,,,,,,,,,,,,,,,,,,,,,,,,,,,,,,,,,,,,,,,,,,,,,,,,,,,50.6220836,30.4396412,
18:22:49.410,,,,,,,,,,,,,,,,-4352,-0.265625,,,,,,,,,,,,,,,,,,,,,,,,,,,,,,,,,,,,,,,,,,,,,,,,,,,,,,,,,50.6220836,30.4396412,
18:22:49.626,,,,,,,,,366.11,57,,3.812,,,,,,,,,,,,,,,,,,,,,,,,,,,,,,,,,,,,,,,,,,,,,,,,,,,7.625,,,,,,,,,,,50.6220836,30.4396412,
18:22:49.721,39.100000000000136,,-1600,,,,,,,,,,3.8,,,,,,,,,,,,,,,,,,,,,,,,,,,,,,,,,,,,,,,,,,,,,,,,,,7.612,,,,,,,,,,,50.6220836,30.4396412,
18:22:49.806,,33.950000000000045,,,,,,,,,,,,,,,,,,,,,,,,,,,,,,,,,,,,,,,,,,,,,,,,,,,,,,,,,,,,,,,,,,,,,,,,50.6220836,30.4396412,
18:22:50.080,,,,,,,,,,,,,,,,,,,,,,,,,,,,,,,,,,12.9,22.500000335276127,,,1588,1.6,,-0.04596618211886337,1.1733292522777776,13.493748,13.493748,6765.457627000001,46.27450980392157,-0.07,,,,,16.338779625947954,,,,36,92,,18,,,,,168,31.8383164203497,,,,,,,15.48,,50.6220344,30.4396424,
18:22:50.170,,,,,,,,,,,,,,,,,,,,62.35294117647059,38.03921568627451,99,,,,,,,,,,36.07843137254902,,,,,,,,15.294117647058824,,,,,,,,,,,,,14.8490226,,,,,,,,,,,,31.7990226603497,,112.941176470588,99,,,,,,50.6220344,30.4396424,
18:22:50.291,,,,,,,,,,,,,,,,,,,,,,,8.48348658319158,66.0596,66.0596,636.3797489499999,0.10604358228989474,0.8257450000000001,0.8257450000000001,8.268903,4.050000060349703,,36.07843137254902,,,4.050000060349703,15.844401739161682,,,,,,,,,,,9.037836743951702,6.11946362122666,6.11946362122666,0.1222223751280321,,,58,,,,25830,,25810,0,0,,169,31.7990226603497,25830,110.196078431373,,,,,,0,50.6220344,30.4396424,
18:22:50.606,,,,,,,,,,,,,,,31,,,,,,,,,,,,,,,,,,,,,,,,,,,,,,,,,,,,,,,,,,,,,,,,,,,,,,,,80,,,50.6220344,30.4396424,
18:22:50.713,,,,,,,,,,,,,,,,,,85.765625,,,,,,,,,,,,,,,,,,,,,,,,,,,,,,,,,,,,,,,,,,,,,,,,,,,,,,,,50.6220344,30.4396424,
18:22:50.762,,,,,,,,,,,,,,,,5376,0.328125,,,,,,,,,,,,,,,,,,,,,,,,,,,,,,,,,,,,,,,,,,,,,,,,,,,,,,,,,50.6220344,30.4396424,
18:22:50.994,,,,,,,,,361.6,57,,3.752,,,,,,,,,,,,,,,,,,,,,,,,,,,,,,,,,,,,,,,,,,,,,,,,,,,7.552,,,,,,,,,,,50.6219859,30.4396401,
18:22:51.113,-1.25,,-4.7999999999999545,,,,,,,,,,3.745,,,,,,,,,,,,,,,,,,,,,,,,,,,,,,,,,,,,,,,,,,,,,,,,,,7.497,,,,,,,,,,,50.6219859,30.4396401,
18:22:51.185,,-3.6499999999998636,,,,,,,,,,,,,,,,,,,,,,,,,,,,,,,,,,,,,,,,,,,,,,,,,,,,,,,,,,,,,,,,,,,,,,,,50.6219859,30.4396401,
18:22:51.426,,,,,,,,,,,,,,,,,,,,,,,,,,,,,,,,,,14.07,20.250000301748514,,,1704,1.7,,,1.180817386722222,13.501235999999999,13.501235999999999,6765.465115000001,43.13725490196079,-0.06,,,,,16.35776900833801,,,,36,93,,20,,,,,169,32.9690226603497,,,,,,,16.884,,50.6219859,30.4396401,
18:22:51.525,,,,,,,,,,,,,,,,,,,,61.568627450980394,90.19607843137256,99,,,,,,,,,,88.23529411764706,,,,,,,,17.647058823529413,,,,,,,,,,,,,14.8155336,,,,,,,,,,,,32.9355336603497,,162.352941176471,99,,,,,,50.6219859,30.4396401,
18:22:51.641,,,,,,,,,,,,,,,,,,,,,,,8.613966439802548,66.19008,66.19008,636.5102289499999,0.10767458049753184,0.8273760000000001,0.8273760000000001,8.270534,4.350000064820051,,88.62745098039215,,,4.350000064820051,17.01806112724773,,,,,,,,,,,9.118647955923215,6.128150044929222,6.128150044929222,0.12224634758167693,,,58,,,,27270,,26890,0,0,,169,33.23553366482,27270,267.058823529412,,,,,,26.274509803921568,50.6219859,30.4396401,
18:22:51.917,,,,,,,,,,,,,,,31,,,,,,,,,,,,,,,,,,,,,,,,,,,,,,,,,,,,,,,,,,,,,,,,,,,,,,,,80,,,50.6219859,30.4396401,
18:22:52.001,,,,,,,,,,,,,,,,,,52.484375,,,,,,,,,,,,,,,,,,,,,,,,,,,,,,,,,,,,,,,,,,,,,,,,,,,,,,,,50.621932,30.439633,
18:22:52.097,,,,,,,,,,,,,,,,3104,0.1875,,,,,,,,,,,,,,,,,,,,,,,,,,,,,,,,,,,,,,,,,,,,,,,,,,,,,,,,,50.621932,30.439633,
18:22:52.301,,,,,30,,,,,,86.6758781031239,,,86.6758781031239,,,,,,,,,,,,,,,,,,,,,,,,,,,,,,,,,,,,,,,,,,,,,,,,,,,,,,,127.5,147,,,,50.621932,30.439633,
18:22:52.362,,,,,,,,,361.12,57,,3.77,,,,,,,,,,,,,,,,,,,,,,,,,,,,,,,,,,,,,,,,,,,,,,,,,,,7.515,,,,,,,,,,,50.621932,30.439633,
18:22:52.410,21.350000000000136,,24.65000000000009,,,,,,,,,,3.759,,,,,,,,,,,,,,,,,,,,,,,,,,,,,,,,,,,,,,,,,,,,,,,,,,7.529,,,,,,,,,,,50.621932,30.439633,
18:22:52.445,,18.800000000000182,,,,,,,,,,,,,,,,,,,,,,,,,,,,,,,,,,,,,,,,,,,,,,,,,,,,,,,,,,,,,,,,,,,,,,,,50.621932,30.439633,
18:22:52.529,,,,,,,,,,,,,,,,,,,,,,,,,,,,,,,,,,,,,,,,,,,,,,,,,,,,,,,77,,,,,,,,,171,,,,,,,,,,50.621932,30.439633,
18:22:52.589,,,,,,,,,,,,,,,,,,,,,,,,,,,,,,,,,,12.86,18.913043760087177,,,1589,1.6,,,1.188207165972222,13.508626,13.508626,6765.472505000001,45.88235294117647,-0.06,,,,,16.38720171731407,,,,36,93,,23,,,,,171,32.02553366482,,,,,,,15.431999999999999,,50.621932,30.439633,
18:22:52.673,,,,,,,,,,,,,,,,,,,,61.1764705882353,41.1764705882353,99,,,,,,,,,,39.21568627450981,,,,,,,,7.450980392156863,,,,,,,,,,,,,14.80303104,,,,,,,,,,,,32.01303110482,,218.039215686274,99,,,,,,50.621932,30.439633,
18:22:52.765,,,,,,,,,,,,,,,,,,,,,,,8.717615024569254,66.29375999999999,66.29375999999999,636.6139089499999,0.10897018780711568,0.8286720000000001,0.8286720000000001,8.27183,4.150000061839819,,38.431372549019606,,,4.150000061839819,16.23562153519036,,,,,,,,,,,9.170975476987083,6.134391462166471,6.134391462166471,0.12226537014061813,,,58,,,,25830,,25820,0,0,,171,31.8130311018398,25856.2745098039,118.823529411765,,,,,,0,50.621932,30.439633,
18:22:52.885,,,,,,,,,,,,,,,31,,,,,,,,,,,,,,,,,,,,,,,,,,,,,,,,,,,,,,,,,,,,,,,,,,,,,,,,80,,,50.621932,30.439633,
18:22:52.921,,,,,,,,,,,,,,,,,,-44.5625,,,,,,,,,,,,,,,,,,,,,,,,,,,,,,,,,,,,,,,,,,,,,,,,,,,,,,,,50.621932,30.439633,
18:22:52.957,,,,,,,,,,,,,,,,-2624,-0.171875,,,,,,,,,,,,,,,,,,,,,,,,,,,,,,,,,,,,,,,,,,,,,,,,,,,,,,,,,50.6218744,30.4396268,
18:22:53.078,,,,,,,,,366.59000000000003,57.5,,3.813,,,,,,,,,,,,,,,,,,,,,,,,,,,,,,,,,,,,,,,,,,,,,,,,,,,7.572,,,,,,,,,,,50.6218744,30.4396268,
18:22:53.138,51.25,,-1600,,,,,,,,,,3.801,,,,,,,,,,,,,,,,,,,,,,,,,,,,,,,,,,,,,,,,,,,,,,,,,,7.614,,,,,,,,,,,50.6218744,30.4396268,
18:22:53.166,,55.55000000000018,,,,,,,,,,,,,,,,,,,,,,,,,,,,,,,,,,,,,,,,,,,,,,,,,,,,,,,,,,,,,,,,,,,,,,,,50.6218744,30.4396268,
18:22:53.273,,,,,,,,,,,,,,,,,,,,,,,,,,,,,,,,,,12.85,18.86363664472645,,,1589,1.6,,,1.1923815736944443,13.512799999999999,13.512799999999999,6765.476679000001,45.88235294117647,-0.07,,,,,16.401851434359205,,,,36,92,,22,,,,,171,31.8030311018398,,,,,,,15.419999999999998,,50.6218744,30.4396268,
18:22:53.348,,,,,,,,,,,,,,,,,,,,61.568627450980394,43.92156862745098,99,,,,,,,,,,41.96078431372549,,,,,,,,0,,,,,,,,,,,,,14.790081960000002,,,,,,,,,,,,31.7900820218398,,121.56862745098,99,,,,,,50.6218744,30.4396268,
18:22:53.437,,,,,,,,,,,,,,,,,,,,,,,8.77963216438227,66.35576,66.35576,636.6759089499999,0.10974540205477838,0.829447,0.829447,8.272605,4.150000061839819,,42.745098039215684,,,4.150000061839819,16.23562153519036,,,,,,,,,,,9.203882756653648,6.13823189864425,6.13823189864425,0.12227674992477791,,,58,,,,25800,,25820,0,0,,171,31.7900820218398,25800,128.627450980392,,,,,,0,50.6218744,30.4396268,
18:22:53.569,,,,,,,,,,,,,,,31,,,,,,,,,,,,,,,,,,,,,,,,,,,,,,,,,,,,,,,,,,,,,,,,,,,,,,,,80,,,50.6218744,30.4396268,
18:22:53.617,,,,,,,,,,,,,,,,,,-68.046875,,,,,,,,,,,,,,,,,,,,,,,,,,,,,,,,,,,,,,,,,,,,,,,,,,,,,,,,50.6218744,30.4396268,
18:22:53.664,,,,,,,,,,,,,,,,-4352,-0.265625,,,,,,,,,,,,,,,,,,,,,,,,,,,,,,,,,,,,,,,,,,,,,,,,,,,,,,,,,50.6218744,30.4396268,
18:22:53.773,,,,28,,,,,,,,,,,,,,,,,,,,,,,,,,,,,,,,,,,,,,,,,,,,,,,,,,,,,,,,,,,,,,,,,,147,,,,50.6218744,30.4396268,
18:22:53.893,,,,,,,,,366.27,57.5,,3.824,,,,,,,,,,,,,,,,,,,,,,,,,,,,,,,,,,,,,,,,,,,,,,,,,,,7.625,,,,,,,,,,,50.6218744,30.4396268,
18:22:53.954,57.450000000000045,,-1600,,,,,,,,,,3.814,,,,,,,,,,,,,,,,,,,,,,,,,,,,,,,,,,,,,,,,,,,,,,,,,,7.638,,,,,,,,,,,50.6218216,30.4396228,
18:22:53.989,,52.350000000000136,,,,,,,,,,,,,,,,,,,,,,,,,,,,,,,,,,,,,,,,,,,,,,,,,,,,,,,,,,,,,,,,,,,,,,,,50.6218216,30.4396228,
18:22:54.097,,,,,,,,,,,,,,,,,,,,,,,,,,,,,,,,,,12.66,20.750000309199095,,,1588,1.6,,,1.1969292081388887,13.517348,13.517348,6765.481227000001,45.88235294117647,-0.07,,,,,16.413070482516567,,,,36,92,,20,,,,,171,31.6000820218398,,,,,,,15.192,,50.6218216,30.4396228,
18:22:54.241,,,,,,,,,,,,,,,,,,,,61.1764705882353,45.490196078431374,99,,,,,,,,,,43.529411764705884,,,,,,,,0,,,,,,,,,,,,,14.76820248,,,,,,,,,,,,31.5782025418398,,130.196078431373,99,,,,,,50.6218216,30.4396228,
18:22:54.386,,,,,,,,,,,,,,,,,,,,,,,8.865054054655156,66.44120000000001,66.44120000000001,636.76134895,0.11081317568318945,0.8305150000000001,0.8305150000000001,8.273673,4.050000060349703,,37.64705882352941,,,4.050000060349703,15.844401739161682,,,,,,,,,,,9.258122780334972,6.144067608527945,6.144067608527945,0.12229245374269958,,,58,,,,25800,,25810,0,0,,171,31.4782025403497,25800,126.666666666667,,,,,,0,50.6218216,30.4396228,
18:22:54.505,,,,,,,,,,,,,,,31,,,,,,,,,,,,,,,,,,,,,,,,,,,,,,,,,,,,,,,,,,,,,,,,,,,,,,,,80,,,50.6218216,30.4396228,
18:22:54.542,,,,,,,,,,,,,,,,,,-108.234375,,,,,,,,,,,,,,,,,,,,,,,,,,,,,,,,,,,,,,,,,,,,,,,,,,,,,,,,50.6218216,30.4396228,
18:22:54.589,,,,,,,,,,,,,,,,-6848,-0.421875,,,,,,,,,,,,,,,,,,,,,,,,,,,,,,,,,,,,,,,,,,,,,,,,,,,,,,,,,50.6218216,30.4396228,
18:22:54.722,,,,,,,,,361.12,57.5,,3.78,,,,,,,,,,,,,,,,,,,,,,,,,,,,,,,,,,,,,,,,,,,,,,,,,,,7.594,,,,,,,,,,,50.6218216,30.4396228,
18:22:54.769,24.5,,24.700000000000045,,,,,,,,,,3.784,,,,,,,,,,,,,,,,,,,,,,,,,,,,,,,,,,,,,,,,,,,,,,,,,,7.564,,,,,,,,,,,50.6218216,30.4396228,
18:22:54.816,,29.050000000000182,,,,,,,,,,,,,,,,,,,,,,,,,,,,,,,,,,,,,,,,,,,,,,,,,,,,,,,,,,,,,,,,,,,,,,,,50.6218216,30.4396228,
18:22:54.925,,,,,,,,,,,,,,,,,,,,,,,,,,,,,,,,,,2.94,25.312500377185643,,,1237,1.2,,-0.03237926745943991,1.2006878472499998,13.521107,13.521107,6765.484986000001,9.019607843137255,-0.71,,,,,16.411744128581226,,,,36,28,,16,,,,,171,21.7582025403497,,,,,,,3.528,,50.6217761,30.4396188,
18:22:55.029,,,,,,,,,,,,,,,,,,,,12.549019607843137,1.5686274509803921,99,,,,,,,,,,0,,,,,,,,0,,,,,,,,,,,,,0,,,,,,,,,,,,6.9900000603497,,83.1372549019608,99,,,,,,50.6217761,30.4396188,
18:22:55.098,,,,,,,,,,,,,,,,,,,,,,,8.914088167608043,66.49024,66.49024,636.81038895,0.11142610209510054,0.8311280000000001,0.8311280000000001,8.274286,3.1000000461935997,,0.7843137254901961,,,3.1000000461935997,12.127813676889188,,,,,,,,,,,9.280189047495213,6.146893150094885,6.146893150094885,0.12230144649086061,,,58,,,,25990,,12000,0,0,,171,6.0400000461936,25990,2.35294117647059,,,,,,0,50.6217761,30.4396188,
18:22:55.241,,,,,,,,,,,,,,,31,,,,,,,,,,,,,,,,,,,,,,,,,,,,,,,,,,,,,,,,,,,,,,,,,,,,,,,,80,,,50.6217761,30.4396188,
18:22:55.278,,,,,,,,,,,,,,,,,,-80.734375,,,,,,,,,,,,,,,,,,,,,,,,,,,,,,,,,,,,,,,,,,,,,,,,,,,,,,,,50.6217761,30.4396188,
18:22:55.325,,,,,,,,,,,,,,,,-5312,-0.328125,,,,,,,,,,,,,,,,,,,,,,,,,,,,,,,,,,,,,,,,,,,,,,,,,,,,,,,,,50.6217761,30.4396188,
18:22:55.446,,,,,,30,30,30,,,,,,,,,,,,,,,,,,,,,,,,,,,,,,,,,,,,,,,,,,,,,,,,,,,,,,,,,,,,,,147,,,,50.6217761,30.4396188,
18:22:55.505,,,,,,,,,361.6,58,,3.781,,,,,,,,,,,,,,,,,,,,,,,,,,,,,,,,,,,,,,,,,,,,,,,,,,,7.565,,,,,,,,,,,50.6217761,30.4396188,
18:22:55.553,10.75,,10.650000000000091,,,,,,,,,,3.769,,,,,,,,,,,,,,,,,,,,,,,,,,,,,,,,,,,,,,,,,,,,,,,,,,7.55,,,,,,,,,,,50.6217761,30.4396188,
18:22:55.602,,9.800000000000182,,,,,,,,,,,,,,,,,,,,,,,,,,,,,,,,,,,,,,,,,,,,,,,,,,,,,,,,,,,,,,,,,,,,,,,,50.6217761,30.4396188,
18:22:55.745,,,,,,,,,,,,,,,,,,,,,,,,,,,,,,,,,,1.16,23.846154201489227,,,427,0.4,,-0.08974251692533754,1.2036335360277775,13.524052999999999,13.524052999999999,6765.487932000001,41.568627450980394,-0.1,,,,,16.401209928364096,,,,36,89,,13,,,,,171,4.2600000461936,,,,,,,1.392,,50.6217761,30.4396188,
18:22:55.837,,,,,,,,,,,,,,,,,,,,53.333333333333336,1.1764705882352942,99,,,,,,,,,,1.1764705882352942,,,,,,,,0,,,,,,,,,,,,,0,,,,,,,,,,,,4.2600000461936,,3.52941176470589,99,,,,,,50.6217761,30.4396188,
18:22:55.938,,,,,,,,,,,,,,,,,,,,,,,8.914088167608043,66.49024,66.49024,636.81038895,0.11142610209510054,0.8311280000000001,0.8311280000000001,8.274286,0,,0.7843137254901961,,,0,0,,,,,,,,,,,9.257477359996809,6.145554147118472,6.145554147118472,0.12230139323526915,,,58,,,,25990,,12000,0,0,,171,1.16,25990,3.13725490196079,,,,,,0,50.6217416,30.439614,
18:22:56.074,,,,,,,,,,,,,,,,,,,49,,,,,,,,,,,,,,,,,,,,,,,,,,,,,,,,,,,,,,,,,,,,,,,,,,,,80,,,50.6217416,30.439614,
18:22:56.253,,,,,,,,,,,,,,,31,,,,,,,,,,,,,,,,,,,,,,,,,,,,,,,,,,,,,,,,,,,,,,,,,,,,,,,,80,,,50.6217416,30.439614,
18:22:56.290,,,,,,,,,,,,,,,,,,-85.71875,,,,,,,,,,,,,,,,,,,,,,,,,,,,,,,,,,,,,,,,,,,,,,,,,,,,,,,,50.6217416,30.439614,
18:22:56.337,,,,,,,,,,,,,,,,-5472,-0.34375,,,,,,,,,,,,,,,,,,,,,,,,,,,,,,,,,,,,,,,,,,,,,,,,,,,,,,,,,50.6217416,30.439614,
18:22:56.469,,,,,,,,,362.73,58,,3.775,,,,,,,,,,,,,,,,,,,,,,,,,,,,,,,,,,,,,,,,,,,,,,,,,,,7.544,,,,,,,,,,,50.6217416,30.439614,
18:22:56.520,11.150000000000091,,11.200000000000045,,,,,,,,,,3.765,,,,,,,,,,,,,,,,,,,,,,,,,,,,,,,,,,,,,,,,,,,,,,,,,,7.54,,,,,,,,,,,50.6217416,30.439614,
18:22:56.557,,11.100000000000136,,,,,,,,,,,,,,,,,,,,,,,,,,,,,,,,,,,,,,,,,,,,,,,,,,,,,,,,,,,,,,,,,,,,,,,,50.6217416,30.439614,
18:22:56.653,,,,,,,,,,,,,,,,,,,,,,,,,,,,,,,,,,,,,,,,,,,,,,,,,,,,,,,78,,,,,,,,,172,,,,,,,,,,50.6217416,30.439614,
18:22:56.725,,,,,,,,,,,,,,,,,,,,,,,,,,,,,,,,,,0,0,,,427,0.4,,-0.09846185113678933,1.2063598496388885,13.526779,13.526779,6765.490658000001,41.96078431372549,-0.01,,,,,16.377517527048724,,,,36,98,,10,,,,,172,0,,,,,,,0,,50.6217416,30.439614,
18:22:56.818,,,,,,,,,,,,,,,,,,,,55.68627450980392,2.7450980392156863,99,,,,,,,,,,2.7450980392156863,,,,,,,,0,,,,,,,,,,,,,0,,,,,,,,,,,,0,,4.70588235294118,99,,,,,,50.6217416,30.439614,
18:22:56.925,,,,,,,,,,,,,,,,,,,,,,,8.914088167608043,66.49024,66.49024,636.81038895,0.11142610209510054,0.8311280000000001,0.8311280000000001,8.274286,0,,2.7450980392156863,,,0,0,,,,,,,,,,,9.236555918903866,6.144315657112459,6.144315657112459,0.12230134395671496,,,58,,,,26030,,12000,0,0,,172,0,26030,8.23529411764706,,,,,,0,50.6217416,30.439614,
18:22:57.070,,,,,,,,,,,,,,,31,,,,,,,,,,,,,,,,,,,,,,,,,,,,,,,,,,,,,,,,,,,,,,,,,,,,,,,,80,,,50.6217166,30.4396079,
18:22:57.104,,,,,,,,,,,,,,,,,,-76.890625,,,,,,,,,,,,,,,,,,,,,,,,,,,,,,,,,,,,,,,,,,,,,,,,,,,,,,,,50.6217166,30.4396079,
18:22:57.138,,,,,,,,,,,,,,,,-4992,-0.3125,,,,,,,,,,,,,,,,,,,,,,,,,,,,,,,,,,,,,,,,,,,,,,,,,,,,,,,,,50.6217166,30.4396079,
18:22:57.277,,,,,,,,,360.96,58,,3.764,,,,,,,,,,,,,,,,,,,,,,,,,,,,,,,,,,,,,,,,,,,,,,,,,,,7.529,,,,,,,,,,,50.6217166,30.4396079,
18:22:57.362,2.1000000000001364,,1.75,,,,,,,,,,3.753,,,,,,,,,,,,,,,,,,,,,,,,,,,,,,,,,,,,,,,,,,,,,,,,,,7.517,,,,,,,,,,,50.6217166,30.4396079,
18:22:57.401,,0.6000000000001364,,,,,,,,,,,,,,,,,,,,,,,,,,,,,,,,,,,,,,,,,,,,,,,,,,,,,,,,,,,,,,,,,,,,,,,,50.6217166,30.4396079,
18:22:57.535,,,,,,,,,,,,,,,,,,,,,,,,,,,,,,,,,,0,0,,,0,0,,-0.11535500853475959,1.2076959756388885,13.528115,13.528115,6765.491994000001,0,-0.01,,,,,16.346238743204612,,,,36,98,,6,,,,,172,0,,,,,,,0,,50.6217166,30.4396079,
18:22:57.618,,,,,,,,,,,,,,,,,,,,0,5.882352941176471,99,,,,,,,,,,5.882352941176471,,,,,,,,0,,,,,,,,,,,,,0,,,,,,,,,,,,0,,11.3725490196078,99,,,,,,50.6217166,30.4396079,
18:22:57.710,,,,,,,,,,,,,,,,,,,,,,,8.914088167608043,66.49024,66.49024,636.81038895,0.11142610209510054,0.8311280000000001,0.8311280000000001,8.274286,0,,5.882352941176471,,,0,0,,,,,,,,,,,9.226337119833037,6.143708861138452,6.143708861138452,0.12230131980553784,,,58,,,,26040,,12000,0,0,,172,0,26040,17.6470588235294,,,,,,0,50.6217166,30.4396079,
18:22:57.965,,,,,,,,,,,,,,,31,,,,,,,,,,,,,,,,,,,,,,,,,,,,,,,,,,,,,,,,,,,,,,,,,,,,,,,,80,,,50.621702,30.4396045,
18:22:58.000,,,,,,,,,,,,,,,,,,0,,,,,,,,,,,,,,,,,,,,,,,,,,,,,,,,,,,,,,,,,,,,,,,,,,,,,,,,50.621702,30.4396045,
18:22:58.039,,,,,,,,,,,,,,,,0,0,,,,,,,,,,,,,,,,,,,,,,,,,,,,,,,,,,,,,,,,,,,,,,,,,,,,,,,,,50.621702,30.4396045,
18:22:58.157,,,,,,,,,360.31,58,,3.753,,,,,,,,,,,,,,,,,,,,,,,,,,,,,,,,,,,,,,,,,,,,,,,,,,,7.506,,,,,,,,,,,50.621702,30.4396045,
18:22:58.264,-3.849999999999909,,-4,,,,,,,,,,3.744,,,,,,,,,,,,,,,,,,,,,,,,,,,,,,,,,,,,,,,,,,,,,,,,,,7.497,,,,,,,,,,,50.621702,30.4396045,
18:22:58.302,,-3.6499999999998636,,,,,,,,,,,,,,,,,,,,,,,,,,,,,,,,,,,,,,,,,,,,,,,,,,,,,,,,,,,,,,,,,,,,,,,,50.621702,30.4396045,
18:22:58.421,,,,,,,,,,,,,,,,,,,,,,,,,,,,,,,,,,0,0,,,0,0,,-0.11341936547513695,1.208184382583333,13.528603,13.528603,6765.492482000001,0,-0.01,,,,,16.298976209852544,,,,36,98,,2,,,,,172,0,,,,,,,0,,50.621702,30.4396045,
18:22:58.541,,,,,,,,,,,,,,,,,,,,0,5.882352941176471,99,,,,,,,,,,5.882352941176471,,,,,,,,0,,,,,,,,,,,,,0,,,,,,,,,,,,0,,17.6470588235294,99,,,,,,50.621702,30.4396045,
18:22:58.614,,,,,,,,,,,,,,,,,,,,,,,8.914088167608043,66.49024,66.49024,636.81038895,0.11142610209510054,0.8311280000000001,0.8311280000000001,8.274286,0,,5.882352941176471,,,0,0,,,,,,,,,,,9.222607385211344,6.143487246983299,6.143487246983299,0.12230131098385276,,,58,,,,26050,,12000,0,0,,172,0,26050,17.6470588235294,,,,,,0,50.621702,30.4396045,
18:22:58.757,,,,,,,,,,,,,,,31,,,,,,,,,,,,,,,,,,,,,,,,,,,,,,,,,,,,,,,,,,,,,,,,,,,,,,,,80,,,50.621702,30.4396045,
18:22:58.794,,,,,,,,,,,,,,,,,,5.25,,,,,,,,,,,,,,,,,,,,,,,,,,,,,,,,,,,,,,,,,,,,,,,,,,,,,,,,50.621702,30.4396045,
18:22:58.829,,,,,,,,,,,,,,,,32,0,,,,,,,,,,,,,,,,,,,,,,,,,,,,,,,,,,,,,,,,,,,,,,,,,,,,,,,,,50.621702,30.4396045,
18:22:58.950,,,,,30,,,,,,86.6758781031239,,,86.6758781031239,,,,,,,,,,,,,,,,,,,,,,,,,,,,,,,,,,,,,,,,,,,,,,,,,,,,,,,127.5,148,,,,50.6216969,30.4396031,
18:22:59.010,,,,,,,,,358.7,58,,3.748,,,,,,,,,,,,,,,,,,,,,,,,,,,,,,,,,,,,,,,,,,,,,,,,,,,7.492,,,,,,,,,,,50.6216969,30.4396031,
18:22:59.058,-5.649999999999864,,-5.649999999999864,,,,,,,,,,3.739,,,,,,,,,,,,,,,,,,,,,,,,,,,,,,,,,,,,,,,,,,,,,,,,,,7.487,,,,,,,,,,,50.6216969,30.4396031,
18:22:59.094,,-5.349999999999909,,,,,,,,,,,,,,,,,,,,,,,,,,,,,,,,,,,,,,,,,,,,,,,,,,,,,,,,,,,,,,,,,,,,,,,,50.6216969,30.4396031,
18:22:59.214,,,,,,,,,,,,,,,,,,,,,,,,,,,,,,,,,,0,,,,0,0,,-0.10615138533433476,1.208184382583333,13.528603,13.528603,6765.492482000001,0,-0.01,,,,,16.2506868869852,,,,36,98,,0,,,,,172,0,,,,,,,0,,50.6216969,30.4396031,
18:22:59.281,,,,,,,,,,,,,,,,,,,,0,5.882352941176471,99,,,,,,,,,,5.882352941176471,,,,,,,,0,,,,,,,,,,,,,0,,,,,,,,,,,,0,,17.6470588235294,99,,,,,,50.6216969,30.4396031,
18:22:59.365,,,,,,,,,,,,,,,,,,,,,,,8.914088167608043,66.49024,66.49024,636.81038895,0.11142610209510054,0.8311280000000001,0.8311280000000001,8.274286,0,,5.882352941176471,,,0,0,,,,,,,,,,,9.222607385211344,6.143487246983299,6.143487246983299,0.12230131098385276,,,59,,,,26050,,12000,0,0,,173,0,26050,17.6470588235294,,,,,,0,50.6216969,30.4396031,
18:22:59.557,,,,,,,,,,,,,,,31,,,,,,,,,,,,,,,,,,,,,,,,,,,,,,,,,,,,,,,,,,,,,,,,,,,,,,,,80,,,50.6216969,30.4396031,
18:22:59.630,,,,,,,,,,,,,,,,,,39.609375,,,,,,,,,,,,,,,,,,,,,,,,,,,,,,,,,,,,,,,,,,,,,,,,,,,,,,,,50.6216969,30.4396031,
18:22:59.727,,,,,,,,,,,,,,,,2496,0.140625,,,,,,,,,,,,,,,,,,,,,,,,,,,,,,,,,,,,,,,,,,,,,,,,,,,,,,,,,50.6216969,30.4396031,
18:22:59.862,,,,,,,,,360.47,58,,3.742,,,,,,,,,,,,,,,,,,,,,,,,,,,,,,,,,,,,,,,,,,,,,,,,,,,7.481,,,,,,,,,,,50.6216969,30.4396031,
18:22:59.921,-6.399999999999864,,-6.599999999999909,,,,,,,,,,3.735,,,,,,,,,,,,,,,,,,,,,,,,,,,,,,,,,,,,,,,,,,,,,,,,,,7.477,,,,,,,,,,,50.6216969,30.4396031,
18:22:59.969,,-6.199999999999818,,,,,,,,,,,,,,,,,,,,,,,,,,,,,,,,,,,,,,,,,,,,,,,,,,,,,,,,,,,,,,,,,,,,,,,,50.6216927,30.4396022,
18:23:00.114,,,,,,,,,,,,,,,,,,,,,,,,,,,,,,,,,,0,,,,0,0,,-0.08357791208403796,1.208184382583333,13.528603,13.528603,6765.492482000001,0,-0.01,,,,,16.19622381585992,,,,36,98,,0,,,,,173,0,,,,,,,0,,50.6216927,30.4396022,
18:23:00.212,,,,,,,,,,,,,,,,,,,,0,5.882352941176471,99,,,,,,,,,,5.882352941176471,,,,,,,,0,,,,,,,,,,,,,0,,,,,,,,,,,,0,,17.6470588235294,99,,,,,,50.6216927,30.4396022,
18:23:00.286,,,,,,,,,,,,,,,,,,,,,,,8.914088167608043,66.49024,66.49024,636.81038895,0.11142610209510054,0.8311280000000001,0.8311280000000001,8.274286,0,,5.882352941176471,,,0,0,,,,,,,,,,,9.222607385211344,6.143487246983299,6.143487246983299,0.12230131098385276,,,59,,,,26060,,12000,0,0,,173,0,26060,17.6470588235294,,,,,,0,50.6216927,30.4396022,
18:23:00.506,,,,,,,,,,,,,,,31,,,,,,,,,,,,,,,,,,,,,,,,,,,,,,,,,,,,,,,,,,,,,,,,,,,,,,,,80,,,50.6216927,30.4396022,
18:23:00.577,,,,,,,,,,,,,,,,,,39.53125,,,,,,,,,,,,,,,,,,,,,,,,,,,,,,,,,,,,,,,,,,,,,,,,,,,,,,,,50.6216927,30.4396022,
18:23:00.626,,,,,,,,,,,,,,,,2656,0.15625,,,,,,,,,,,,,,,,,,,,,,,,,,,,,,,,,,,,,,,,,,,,,,,,,,,,,,,,,50.6216927,30.4396022,
18:23:00.818,,,,,,,,,357.74,58,,3.739,,,,,,,,,,,,,,,,,,,,,,,,,,,,,,,,,,,,,,,,,,,,,,,,,,,7.474,,,,,,,,,,,50.6216927,30.4396022,
18:23:00.865,-5.5,,-5.399999999999864,,,,,,,,,,3.733,,,,,,,,,,,,,,,,,,,,,,,,,,,,,,,,,,,,,,,,,,,,,,,,,,7.472,,,,,,,,,,,50.6216927,30.4396022,
18:23:00.926,,-4.949999999999818,,,,,,,,,,,,,,,,,,,,,,,,,,,,,,,,,,,,,,,,,,,,,,,,,,,,,,,,,,,,,,,,,,,,,,,,50.6216927,30.4396022,
18:23:01.035,,,,,,,,,,,,,,,,,,,,,,,,,,,,,,,,,,,,,,,,,,,,,,,,,,,,,,,78,,,,,,,,,173,,,,,,,,,,50.6216908,30.4396019,
18:23:01.093,,,,,,,,,,,,,,,,,,,,,,,,,,,,,,,,,,0,,,,0,0,,-0.04775760926174009,1.208184382583333,13.528603,13.528603,6765.492482000001,0,-0.01,,,,,16.137407647266876,,,,36,98,,0,,,,,173,0,,,,,,,0,,50.6216908,30.4396019,
18:23:01.153,,,,,,,,,,,,,,,,,,,,0,5.882352941176471,99,,,,,,,,,,5.882352941176471,,,,,,,,0,,,,,,,,,,,,,0,,,,,,,,,,,,0,,17.6470588235294,99,,,,,,50.6216908,30.4396019,
18:23:01.225,,,,,,,,,,,,,,,,,,,,,,,8.914088167608043,66.49024,66.49024,636.81038895,0.11142610209510054,0.8311280000000001,0.8311280000000001,8.274286,0,,5.882352941176471,,,0,0,,,,,,,,,,,9.222607385211344,6.143487246983299,6.143487246983299,0.12230131098385276,,,59,,,,26070,,12000,0,0,,173,0,26070,17.6470588235294,,,,,,0,50.6216908,30.4396019,
18:23:01.345,,,,,,,,,,,,,,,31,,,,,,,,,,,,,,,,,,,,,,,,,,,,,,,,,,,,,,,,,,,,,,,,,,,,,,,,80,,,50.6216908,30.4396019,
18:23:01.386,,,,,,,,,,,,,,,,,,6.78125,,,,,,,,,,,,,,,,,,,,,,,,,,,,,,,,,,,,,,,,,,,,,,,,,,,,,,,,50.6216908,30.4396019,
18:23:01.420,,,,,,,,,,,,,,,,320,0.015625,,,,,,,,,,,,,,,,,,,,,,,,,,,,,,,,,,,,,,,,,,,,,,,,,,,,,,,,,50.6216908,30.4396019,
18:23:01.530,,,,,,,,,357.74,58,,3.74,,,,,,,,,,,,,,,,,,,,,,,,,,,,,,,,,,,,,,,,,,,,,,,,,,,7.473,,,,,,,,,,,50.6216908,30.4396019,
18:23:01.590,-3.8999999999998636,,-3.949999999999818,,,,,,,,,,3.734,,,,,,,,,,,,,,,,,,,,,,,,,,,,,,,,,,,,,,,,,,,,,,,,,,7.474,,,,,,,,,,,50.6216908,30.4396019,
18:23:01.650,,-3.6499999999998636,,,,,,,,,,,,,,,,,,,,,,,,,,,,,,,,,,,,,,,,,,,,,,,,,,,,,,,,,,,,,,,,,,,,,,,,50.6216908,30.4396019,
18:23:01.889,,,,,,,,,,,,,,,,,,,,,,,,,,,,,,,,,,0.03,,,,0,0,,-0.01633694130920869,1.208184382583333,13.528603,13.528603,6765.492482000001,0,-0.01,,,,,16.08989883405266,,,,36,98,,0,,,,,173,0.03,,,,,,,0.036,,50.6216908,30.4396019,
18:23:01.984,,,,,,,,,,,,,,,,,,,,0,5.882352941176471,99,,,,,,,,,,5.882352941176471,,,,,,,,0,,,,,,,,,,,,,0,,,,,,,,,,,,0.03,,17.6470588235294,99,,,,,,50.6216908,30.4396019,
18:23:02.046,,,,,,,,,,,,,,,,,,,,,,,8.914088167608043,66.49024,66.49024,636.81038895,0.11142610209510054,0.8311280000000001,0.8311280000000001,8.274286,0,,5.882352941176471,,,0,0,,,,,,,,,,,9.222607385211344,6.143487246983299,6.143487246983299,0.12230131098385276,,,59,,,,26080,,12000,0,0,,173,0.03,26080,17.6470588235294,,,,,,0,50.6216908,30.4396019,
18:23:02.182,,,,,,,,,,,,,,,31,,,,,,,,,,,,,,,,,,,,,,,,,,,,,,,,,,,,,,,,,,,,,,,,,,,,,,,,80,,,50.6216908,30.4396019,
18:23:02.217,,,,,,,,,,,,,,,,,,74.015625,,,,,,,,,,,,,,,,,,,,,,,,,,,,,,,,,,,,,,,,,,,,,,,,,,,,,,,,50.6216908,30.4396019,
18:23:02.270,,,,,,,,,,,,,,,,4608,0.28125,,,,,,,,,,,,,,,,,,,,,,,,,,,,,,,,,,,,,,,,,,,,,,,,,,,,,,,,,50.6216908,30.4396019,
18:23:02.353,,,,28,,,,,,,,,,,,,,,,,,,,,,,,,,,,,,,,,,,,,,,,,,,,,,,,,,,,,,,,,,,,,,,,,,148,,,,50.6216908,30.4396019,
18:23:02.497,,,,,,,,,355.16,58,,3.715,,,,,,,,,,,,,,,,,,,,,,,,,,,,,,,,,,,,,,,,,,,,,,,,,,,7.449,,,,,,,,,,,50.6216908,30.4396019,
18:23:02.545,-30.799999999999955,,-1600,,,,,,,,,,3.706,,,,,,,,,,,,,,,,,,,,,,,,,,,,,,,,,,,,,,,,,,,,,,,,,,7.421,,,,,,,,,,,50.6216908,30.4396019,
18:23:02.594,,-32.299999999999955,,,,,,,,,,,,,,,,,,,,,,,,,,,,,,,,,,,,,,,,,,,,,,,,,,,,,,,,,,,,,,,,,,,,,,,,50.6216908,30.4396019,
18:23:02.714,,,,,,,,,,,,,,,,,,,,,,,,,,,,,,,,,,0.2,,,,0,0,,0,1.208184382583333,13.528603,13.528603,6765.492482000001,0,-0.01,,,,,16.0409128776582,,,,36,98,,0,,,,,173,0.2,,,,,,,0.24,,50.6216908,30.4396019,
18:23:02.765,,,,,,,,,,,,,,,,,,,,0,5.882352941176471,99,,,,,,,,,,5.882352941176471,,,,,,,,28.235294117647058,,,,,,,,,,,,,0,,,,,,,,,,,,0.2,,17.6470588235294,99,,,,,,50.6216908,30.4396019,
18:23:02.838,,,,,,,,,,,,,,,,,,,,,,,8.914088167608043,66.49024,66.49024,636.81038895,0.11142610209510054,0.8311280000000001,0.8311280000000001,8.274286,0,,5.882352941176471,,,0,0,,,,,,,,,,,9.222607385211344,6.143487246983299,6.143487246983299,0.12230131098385276,,,59,,,,26080,,12000,0,0,,173,0.2,26080,17.6470588235294,,,,,,0,50.6216908,30.4396019,
18:23:02.909,,,,,,,,,,,,,,,,,,,50,,,,,,,,,,,,,,,,,,,,,,,,,,,,,,,,,,,,,,,,,,,,,,,,,,,,81,,,50.6216908,30.4396019,
18:23:03.017,,,,,,,,,,,,,,,31,,,,,,,,,,,,,,,,,,,,,,,,,,,,,,,,,,,,,,,,,,,,,,,,,,,,,,,,81,,,50.621682,30.4395987,
18:23:03.054,,,,,,,,,,,,,,,,,,211.03125,,,,,,,,,,,,,,,,,,,,,,,,,,,,,,,,,,,,,,,,,,,,,,,,,,,,,,,,50.621682,30.4395987,
18:23:03.090,,,,,,,,,,,,,,,,13504,0.8125,,,,,,,,,,,,,,,,,,,,,,,,,,,,,,,,,,,,,,,,,,,,,,,,,,,,,,,,,50.621682,30.4395987,
18:23:03.246,,,,,,,,,351.94,57.5,,3.683,,,,,,,,,,,,,,,,,,,,,,,,,,,,,,,,,,,,,,,,,,,,,,,,,,,7.389,,,,,,,,,,,50.621682,30.4395987,
18:23:03.331,-53.649999999999864,,-1600,,,,,,,,,,3.67,,,,,,,,,,,,,,,,,,,,,,,,,,,,,,,,,,,,,,,,,,,,,,,,,,7.353,,,,,,,,,,,50.621682,30.4395987,
18:23:03.392,,-54.299999999999955,,,,,,,,,,,,,,,,,,,,,,,,,,,,,,,,,,,,,,,,,,,,,,,,,,,,,,,,,,,,,,,,,,,,,,,,50.621682,30.4395987,
18:23:03.537,,,,,,,,,,,,,,,,,,,,,,,,,,,,,,,,,,0.13,0,,,0,0,,0.07448123936578843,1.210241732583333,13.53066,13.53066,6765.494539000001,0,-0.01,,,,,16.019608227441367,,,,36,98,,9,,,,,173,0.13,,,,,,,0.156,,50.621682,30.4395987,
18:23:03.609,,,,,,,,,,,,,,,,,,,,0,5.882352941176471,99,,,,,,,,,,5.882352941176471,,,,,,,,27.058823529411764,,,,,,,,,,,,,0,,,,,,,,,,,,0.13,,17.6470588235294,99,,,,,,50.621682,30.4395987,
18:23:03.682,,,,,,,,,,,,,,,,,,,,,,,8.914088167608043,66.49024,66.49024,636.81038895,0.11142610209510054,0.8311280000000001,0.8311280000000001,8.274286,0,,5.882352941176471,,,0,0,,,,,,,,,,,9.20692941708884,6.142553282692789,6.142553282692789,0.12230127379901796,,,59,,,,26090,,12000,0,0,,173,0.13,26090,17.6470588235294,,,,,,0,50.621682,30.4395987,
18:23:03.801,,,,,,,,,,,,,,,31,,,,,,,,,,,,,,,,,,,,,,,,,,,,,,,,,,,,,,,,,,,,,,,,,,,,,,,,81,,,50.621682,30.4395987,
18:23:03.837,,,,,,,,,,,,,,,,,,168.875,,,,,,,,,,,,,,,,,,,,,,,,,,,,,,,,,,,,,,,,,,,,,,,,,,,,,,,,50.621682,30.4395987,
18:23:03.890,,,,,,,,,,,,,,,,10784,0.65625,,,,,,,,,,,,,,,,,,,,,,,,,,,,,,,,,,,,,,,,,,,,,,,,,,,,,,,,,50.621682,30.4395987,
18:23:03.996,,,,,,30,30,30,,,,,,,,,,,,,,,,,,,,,,,,,,,,,,,,,,,,,,,,,,,,,,,,,,,,,,,,,,,,,,148,,,,50.621657,30.4395881,
18:23:04.082,,,,,,,,,350.81,57.5,,3.664,,,,,,,,,,,,,,,,,,,,,,,,,,,,,,,,,,,,,,,,,,,,,,,,,,,7.334,,,,,,,,,,,50.621657,30.4395881,
18:23:04.129,-61.34999999999991,,-1600,,,,,,,,,,3.655,,,,,,,,,,,,,,,,,,,,,,,,,,,,,,,,,,,,,,,,,,,,,,,,,,7.319,,,,,,,,,,,50.621657,30.4395881,
18:23:04.166,,-61.799999999999955,,,,,,,,,,,,,,,,,,,,,,,,,,,,,,,,,,,,,,,,,,,,,,,,,,,,,,,,,,,,,,,,,,,,,,,,50.621657,30.4395881,
18:23:04.293,,,,,,,,,,,,,,,,,,,,,,,,,,,,,,,,,,0.01,0,,,0,0,,0.12394700792428463,1.2131808894722218,13.533598999999999,13.533598999999999,6765.497478000001,0,-0.01,,,,,16.014011470595527,,,,36,98,,14,,,,,173,0.01,,,,,,,0.012,,50.621657,30.4395881,
18:23:04.382,,,,,,,,,,,,,,,,,,,,0,5.882352941176471,99,,,,,,,,,,5.882352941176471,,,,,,,,25.098039215686274,,,,,,,,,,,,,0,,,,,,,,,,,,0.01,,17.6470588235294,99,,,,,,50.621657,30.4395881,
18:23:04.453,,,,,,,,,,,,,,,,,,,,,,,8.914088167608043,66.49024,66.49024,636.81038895,0.11142610209510054,0.8311280000000001,0.8311280000000001,8.274286,0,,5.882352941176471,,,0,0,,,,,,,,,,,9.184623914045908,6.141219346014317,6.141219346014317,0.12230122067011727,,,59,,,,26100,,12000,0,0,,173,0.01,26100,17.6470588235294,,,,,,0,50.621657,30.4395881,
18:23:04.598,,,,,,,,,,,,,,,31,,,,,,,,,,,,,,,,,,,,,,,,,,,,,,,,,,,,,,,,,,,,,,,,,,,,,,,,81,,,50.621657,30.4395881,
18:23:04.633,,,,,,,,,,,,,,,,,,144.984375,,,,,,,,,,,,,,,,,,,,,,,,,,,,,,,,,,,,,,,,,,,,,,,,,,,,,,,,50.621657,30.4395881,
18:23:04.670,,,,,,,,,,,,,,,,9248,0.5625,,,,,,,,,,,,,,,,,,,,,,,,,,,,,,,,,,,,,,,,,,,,,,,,,,,,,,,,,50.621657,30.4395881,
18:23:04.801,,,,,,,,,350.98,57,,3.65,,,,,,,,,,,,,,,,,,,,,,,,,,,,,,,,,,,,,,,,,,,,,,,,,,,7.305,,,,,,,,,,,50.621657,30.4395881,
18:23:04.850,-64.14999999999986,,-1600,,,,,,,,,,3.639,,,,,,,,,,,,,,,,,,,,,,,,,,,,,,,,,,,,,,,,,,,,,,,,,,7.289,,,,,,,,,,,50.621657,30.4395881,
18:23:04.888,,-63.69999999999982,,,,,,,,,,,,,,,,,,,,,,,,,,,,,,,,,,,,,,,,,,,,,,,,,,,,,,,,,,,,,,,,,,,,,,,,50.621657,30.4395881,
18:23:04.985,,,,,,,,,,,,,,,,,,,,,,,,,,,,,,,,,,,,,,,,,,,,,,,,,,,,,,,78,,,,,,,,,173,,,,,,,,,,50.621617,30.4395699,
18:23:05.057,,,,,,,,,,,,,,,,,,,,,,,,,,,,,,,,,,0.11,0,,,0,0,,0.16095520430409319,1.2169985319722219,13.537417,13.537417,6765.501296000001,0,-0.01,,,,,16.019555938916724,,,,36,98,,18,,,,,173,0.11,,,,,,,0.132,,50.621617,30.4395699,
18:23:05.137,,,,,,,,,,,,,,,,,,,,0,5.882352941176471,99,,,,,,,,,,5.882352941176471,,,,,,,,21.96078431372549,,,,,,,,,,,,,0,,,,,,,,,,,,0.11,,17.6470588235294,99,,,,,,50.621617,30.4395699,
18:23:05.214,,,,,,,,,,,,,,,,,,,,,,,8.914088167608043,66.49024,66.49024,636.81038895,0.11142610209510054,0.8311280000000001,0.8311280000000001,8.274286,0,,5.882352941176471,,,0,0,,,,,,,,,,,9.15581236688327,6.139487318740349,6.139487318740349,0.12230115165142373,,,59,,,,26110,,12000,0,0,,173,0.11,26110,17.6470588235294,,,,,,0,50.621617,30.4395699,
18:23:05.514,,,,,,,,,,,,,,,32,,,,,,,,,,,,,,,,,,,,,,,,,,,,,,,,,,,,,,,,,,,,,,,,,,,,,,,,82,,,50.621617,30.4395699,
18:23:05.561,,,,,,,,,,,,,,,,,,92.296875,,,,,,,,,,,,,,,,,,,,,,,,,,,,,,,,,,,,,,,,,,,,,,,,,,,,,,,,50.621617,30.4395699,
18:23:05.597,,,,,,,,,,,,,,,,5824,0.34375,,,,,,,,,,,,,,,,,,,,,,,,,,,,,,,,,,,,,,,,,,,,,,,,,,,,,,,,,50.621617,30.4395699,
18:23:05.717,,,,,30,,,,,,86.6758781031239,,,86.6758781031239,,,,,,,,,,,,,,,,,,,,,,,,,,,,,,,,,,,,,,,,,,,,,,,,,,,,,,,127.5,148,,,,50.621617,30.4395699,
18:23:05.778,,,,,,,,,352.59000000000003,57,,3.667,,,,,,,,,,,,,,,,,,,,,,,,,,,,,,,,,,,,,,,,,,,,,,,,,,,7.306,,,,,,,,,,,50.621617,30.4395699,
18:23:05.836,-40.19999999999982,,-1600,,,,,,,,,,3.656,,,,,,,,,,,,,,,,,,,,,,,,,,,,,,,,,,,,,,,,,,,,,,,,,,7.323,,,,,,,,,,,50.621617,30.4395699,
18:23:05.902,,-37.84999999999991,,,,,,,,,,,,,,,,,,,,,,,,,,,,,,,,,,,,,,,,,,,,,,,,,,,,,,,,,,,,,,,,,,,,,,,,50.621617,30.4395699,
18:23:06.033,,,,,,,,,,,,,,,,,,,,,,,,,,,,,,,,,,0,0,,,0,0,,0.17924233566307496,1.2226937798055553,13.543111999999999,13.543111999999999,6765.506991000001,0,-0.01,,,,,16.03727228679111,,,,36,98,,21,,,,,173,0,,,,,,,0,,50.6215646,30.4395631,
18:23:06.105,,,,,,,,,,,,,,,,,,,,0,5.882352941176471,99,,,,,,,,,,5.882352941176471,,,,,,,,16.07843137254902,,,,,,,,,,,,,0,,,,,,,,,,,,0,,17.6470588235294,99,,,,,,50.6215646,30.4395631,
18:23:06.177,,,,,,,,,,,,,,,,,,,,,,,8.914088167608043,66.49024,66.49024,636.81038895,0.11142610209510054,0.8311280000000001,0.8311280000000001,8.274286,0,,5.882352941176471,,,0,0,,,,,,,,,,,9.113165040622077,6.136905609286847,6.136905609286847,0.12230104870199814,,,59,,,,26120,,12000,0,0,,173,0,26120,17.6470588235294,,,,,,0,50.6215646,30.4395631,
18:23:06.310,,,,,,,,,,,,,,,32,,,,,,,,,,,,,,,,,,,,,,,,,,,,,,,,,,,,,,,,,,,,,,,,,,,,,,,,82,,,50.6215646,30.4395631,
18:23:06.357,,,,,,,,,,,,,,,,,,55.796875,,,,,,,,,,,,,,,,,,,,,,,,,,,,,,,,,,,,,,,,,,,,,,,,,,,,,,,,50.6215646,30.4395631,
18:23:06.393,,,,,,,,,,,,,,,,3488,0.203125,,,,,,,,,,,,,,,,,,,,,,,,,,,,,,,,,,,,,,,,,,,,,,,,,,,,,,,,,50.6215646,30.4395631,
18:23:06.513,,,,,,,,,351.78000000000003,57,,3.676,,,,,,,,,,,,,,,,,,,,,,,,,,,,,,,,,,,,,,,,,,,,,,,,,,,7.332,,,,,,,,,,,50.6215646,30.4395631,
18:23:06.573,-30.799999999999955,,-1600,,,,,,,,,,3.667,,,,,,,,,,,,,,,,,,,,,,,,,,,,,,,,,,,,,,,,,,,,,,,,,,7.343,,,,,,,,,,,50.6215646,30.4395631,
18:23:06.609,,-31.199999999999818,,,,,,,,,,,,,,,,,,,,,,,,,,,,,,,,,,,,,,,,,,,,,,,,,,,,,,,,,,,,,,,,,,,,,,,,50.6215646,30.4395631,
18:23:06.734,,,,,,,,,,,,,,,,,,,,,,,,,,,,,,,,,,0,0,,,0,0,,0.12404961613173435,1.2271722535555554,13.54759,13.54759,6765.511469000001,0,-0.01,,,,,16.055009551596946,,,,36,98,,23,,,,,173,0,,,,,,,0,,50.6215646,30.4395631,
18:23:06.817,,,,,,,,,,,,,,,,,,,,0,5.882352941176471,99,,,,,,,,,,5.882352941176471,,,,,,,,15.294117647058824,,,,,,,,,,,,,0,,,,,,,,,,,,0,,17.6470588235294,99,,,,,,50.6215646,30.4395631,
18:23:06.888,,,,,,,,,,,,,,,,,,,,,,,8.914088167608043,66.49024,66.49024,636.81038895,0.11142610209510054,0.8311280000000001,0.8311280000000001,8.274286,0,,5.882352941176471,,,0,0,,,,,,,,,,,9.07990722347734,6.1348771257470895,6.1348771257470895,0.12230096775259784,,,59,,,,26120,,12000,0,0,,173,0,26120,17.6470588235294,,,,,,0,50.6215646,30.4395631,
18:23:07.190,,,,,,,,,,,,,,,32,,,,,,,,,,,,,,,,,,,,,,,,,,,,,,,,,,,,,,,,,,,,,,,,,,,,,,,,82,,,50.6215091,30.4395775,
18:23:07.225,,,,,,,,,,,,,,,,,,45.390625,,,,,,,,,,,,,,,,,,,,,,,,,,,,,,,,,,,,,,,,,,,,,,,,,,,,,,,,50.6215091,30.4395775,
18:23:07.260,,,,,,,,,,,,,,,,3200,0.1875,,,,,,,,,,,,,,,,,,,,,,,,,,,,,,,,,,,,,,,,,,,,,,,,,,,,,,,,,50.6215091,30.4395775,
18:23:07.369,,,,,,,,,353.71,56.5,,3.679,,,,,,,,,,,,,,,,,,,,,,,,,,,,,,,,,,,,,,,,,,,,,,,,,,,7.346,,,,,,,,,,,50.6215091,30.4395775,
18:23:07.442,-22.75,,-22,,,,,,,,,,3.672,,,,,,,,,,,,,,,,,,,,,,,,,,,,,,,,,,,,,,,,,,,,,,,,,,7.351,,,,,,,,,,,50.6215091,30.4395775,
18:23:07.490,,-16.5,,,,,,,,,,,,,,,,,,,,,,,,,,,,,,,,,,,,,,,,,,,,,,,,,,,,,,,,,,,,,,,,,,,,,,,,50.6215091,30.4395775,
18:23:07.596,,,,,,,,,,,,,,,,,,,,,,,,,,,,,,,,,,0,0,,,0,0,,0.08574366946465987,1.232919350222222,13.553336999999999,13.553336999999999,6765.517216000001,0,-0.01,,,,,16.07982243413708,,,,36,98,,24,,,,,173,0,,,,,,,0,,50.6215091,30.4395775,
18:23:07.673,,,,,,,,,,,,,,,,,,,,0,5.882352941176471,99,,,,,,,,,,5.882352941176471,,,,,,,,5.098039215686274,,,,,,,,,,,,,0,,,,,,,,,,,,0,,17.6470588235294,99,,,,,,50.6215091,30.4395775,
18:23:07.758,,,,,,,,,,,,,,,,,,,,,,,8.914088167608043,66.49024,66.49024,636.81038895,0.11142610209510054,0.8311280000000001,0.8311280000000001,8.274286,0,,5.882352941176471,,,0,0,,,,,,,,,,,9.037582391339468,6.132275763525987,6.132275763525987,0.12230086386347315,,,59,,,,26130,,12000,0,0,,173,0,26130,17.6470588235294,,,,,,0,50.6215091,30.4395775,
18:23:07.877,,,,,,,,,,,,,,,32,,,,,,,,,,,,,,,,,,,,,,,,,,,,,,,,,,,,,,,,,,,,,,,,,,,,,,,,82,,,50.6215091,30.4395775,
18:23:07.914,,,,,,,,,,,,,,,,,,-46.078125,,,,,,,,,,,,,,,,,,,,,,,,,,,,,,,,,,,,,,,,,,,,,,,,,,,,,,,,50.6215091,30.4395775,
18:23:07.961,,,,,,,,,,,,,,,,-2912,-0.1875,,,,,,,,,,,,,,,,,,,,,,,,,,,,,,,,,,,,,,,,,,,,,,,,,,,,,,,,,50.6214561,30.4396204,
18:23:08.093,,,,,,,,,358.38,56.5,,3.726,,,,,,,,,,,,,,,,,,,,,,,,,,,,,,,,,,,,,,,,,,,,,,,,,,,7.398,,,,,,,,,,,50.6214561,30.4396204,
18:23:08.154,12,,11.700000000000045,,,,,,,,,,3.715,,,,,,,,,,,,,,,,,,,,,,,,,,,,,,,,,,,,,,,,,,,,,,,,,,7.441,,,,,,,,,,,50.6214561,30.4396204,
18:23:08.189,,7.900000000000091,,,,,,,,,,,,,,,,,,,,,,,,,,,,,,,,,,,,,,,,,,,,,,,,,,,,,,,,,,,,,,,,,,,,,,,,50.6214561,30.4396204,
18:23:08.314,,,,,,,,,,,,,,,,,,,,,,,,,,,,,,,,,,0,0,,,0,0,,,1.2375058389999998,13.557922999999999,13.557922999999999,6765.521802000001,0,-0.01,,,,,16.097773419423046,,,,36,98,,23,,,,,173,0,,,,,,,0,,50.6214561,30.4396204,
18:23:08.386,,,,,,,,,,,,,,,,,,,,0,5.882352941176471,99,,,,,,,,,,5.882352941176471,,,,,,,,11.372549019607844,,,,,,,,,,,,,0,,,,,,,,,,,,0,,17.6470588235294,99,,,,,,50.6214561,30.4396204,
18:23:08.458,,,,,,,,,,,,,,,,,,,,,,,8.914088167608043,66.49024,66.49024,636.81038895,0.11142610209510054,0.8311280000000001,0.8311280000000001,8.274286,0,,5.882352941176471,,,0,0,,,,,,,,,,,9.004086977491873,6.130201506528693,6.130201506528693,0.12230078096199443,,,59,,,,26140,,12000,0,0,,173,0,26140,17.6470588235294,,,,,,0,50.6214561,30.4396204,
18:23:08.590,,,,,,,,,,,,,,,32,,,,,,,,,,,,,,,,,,,,,,,,,,,,,,,,,,,,,,,,,,,,,,,,,,,,,,,,82,,,50.6214561,30.4396204,
18:23:08.625,,,,,,,,,,,,,,,,,,18.984375,,,,,,,,,,,,,,,,,,,,,,,,,,,,,,,,,,,,,,,,,,,,,,,,,,,,,,,,50.6214561,30.4396204,
18:23:08.666,,,,,,,,,,,,,,,,1184,0.0625,,,,,,,,,,,,,,,,,,,,,,,,,,,,,,,,,,,,,,,,,,,,,,,,,,,,,,,,,50.6214561,30.4396204,
18:23:08.784,,,,,,,,,355.48,56.5,,3.696,,,,,,,,,,,,,,,,,,,,,,,,,,,,,,,,,,,,,,,,,,,,,,,,,,,7.411,,,,,,,,,,,50.6214561,30.4396204,
18:23:08.834,-13.649999999999864,,-13.849999999999909,,,,,,,,,,3.69,,,,,,,,,,,,,,,,,,,,,,,,,,,,,,,,,,,,,,,,,,,,,,,,,,7.386,,,,,,,,,,,50.6214561,30.4396204,
18:23:08.918,,-13.5,,,,,,,,,,,,,,,,,,,,,,,,,,,,,,,,,,,,,,,,,,,,,,,,,,,,,,,,,,,,,,,,,,,,,,,,50.6214561,30.4396204,
18:23:09.098,,,,,,,,,,,,,,,,,,,,,,,,,,,,,,,,,,,,,,,,,,,,,,,,,,,,,,,79,,,,,,,,,174,,,,,,,,,,50.6214134,30.4396801,
18:23:09.145,,,,,,,,,,,,,,,,,,,,,,,,,,,,,,,,,,0,0,,,0,0,,,1.2425821623888886,13.562999,13.562999,6765.526878000001,0,-0.01,,,,,16.115436214431273,,,,36,98,,22,,,,,174,0,,,,,,,0,,50.6214134,30.4396801,
18:23:09.233,,,,,,,,,,,,,,,,,,,,0,5.882352941176471,99,,,,,,,,,,5.882352941176471,,,,,,,,11.372549019607844,,,,,,,,,,,,,0,,,,,,,,,,,,0,,17.6470588235294,99,,,,,,50.6214134,30.4396801,
18:23:09.317,,,,,,,,,,,,,,,,,,,,,,,8.914088167608043,66.49024,66.49024,636.81038895,0.11142610209510054,0.8311280000000001,0.8311280000000001,8.274286,0,,5.882352941176471,,,0,0,,,,,,,,,,,8.967302562985587,6.127907257089675,6.127907257089675,0.12230068920287865,,,59,,,,26150,,12000,0,0,,174,0,26150,17.6470588235294,,,,,,0,50.6214134,30.4396801,
18:23:09.378,,,,,,,,,,,,,,,,,,,51,,,,,,,,,,,,,,,,,,,,,,,,,,,,,,,,,,,,,,,,,,,,,,,,,,,,83,,,50.6214134,30.4396801,
18:23:09.486,,,,,,,,,,,,,,,32,,,,,,,,,,,,,,,,,,,,,,,,,,,,,,,,,,,,,,,,,,,,,,,,,,,,,,,,83,,,50.6214134,30.4396801,
18:23:09.521,,,,,,,,,,,,,,,,,,-10.34375,,,,,,,,,,,,,,,,,,,,,,,,,,,,,,,,,,,,,,,,,,,,,,,,,,,,,,,,50.6214134,30.4396801,
18:23:09.558,,,,,,,,,,,,,,,,-256,-0.015625,,,,,,,,,,,,,,,,,,,,,,,,,,,,,,,,,,,,,,,,,,,,,,,,,,,,,,,,,50.6214134,30.4396801,
18:23:09.713,,,,,,,,,357.09000000000003,56.5,,3.714,,,,,,,,,,,,,,,,,,,,,,,,,,,,,,,,,,,,,,,,,,,,,,,,,,,7.404,,,,,,,,,,,50.6214134,30.4396801,
18:23:09.774,2.050000000000182,,2.25,,,,,,,,,,3.707,,,,,,,,,,,,,,,,,,,,,,,,,,,,,,,,,,,,,,,,,,,,,,,,,,7.421,,,,,,,,,,,50.6214134,30.4396801,
18:23:09.822,,2.550000000000182,,,,,,,,,,,,,,,,,,,,,,,,,,,,,,,,,,,,,,,,,,,,,,,,,,,,,,,,,,,,,,,,,,,,,,,,50.6214134,30.4396801,
18:23:09.953,,,,,,,,,,,,,,,,,,,,,,,,,,,,,,,,,,0,0,,,0,0,,-0.017597541863155246,1.2472978523888887,13.567715,13.567715,6765.531594000001,0,-0.01,,,,,16.129620442689447,,,,36,98,,21,,,,,174,0,,,,,,,0,,50.6213745,30.4397411,
18:23:10.018,,,,,,,,,,,,,,,,,,,,0,5.882352941176471,99,,,,,,,,,,5.882352941176471,,,,,,,,6.666666666666667,,,,,,,,,,,,,0,,,,,,,,,,,,0,,17.6470588235294,99,,,,,,50.6213745,30.4397411,
18:23:10.090,,,,,,,,,,,,,,,,,,,,,,,8.914088167608043,66.49024,66.49024,636.81038895,0.11142610209510054,0.8311280000000001,0.8311280000000001,8.274286,0,,5.882352941176471,,,0,0,,,,,,,,,,,8.933399659246712,6.125777258735167,6.125777258735167,0.12230060395162495,,,59,,,,26150,,12000,0,0,,174,0,26150,17.6470588235294,,,,,,0,50.6213745,30.4397411,
18:23:10.197,,,,,,,,,,,,,,,32,,,,,,,,,,,,,,,,,,,,,,,,,,,,,,,,,,,,,,,,,,,,,,,,,,,,,,,,83,,,50.6213745,30.4397411,
18:23:10.257,,,,,,,,,,,,,,,,,,-49.171875,,,,,,,,,,,,,,,,,,,,,,,,,,,,,,,,,,,,,,,,,,,,,,,,,,,,,,,,50.6213745,30.4397411,
18:23:10.294,,,,,,,,,,,,,,,,-3104,-0.203125,,,,,,,,,,,,,,,,,,,,,,,,,,,,,,,,,,,,,,,,,,,,,,,,,,,,,,,,,50.6213745,30.4397411,
18:23:10.377,,,,28,,,,,,,,,,,,,,,,,,,,,,,,,,,,,,,,,,,,,,,,,,,,,,,,,,,,,,,,,,,,,,,,,,148,,,,50.6213745,30.4397411,
18:23:10.498,,,,,,,,,357.58,56.5,,3.731,,,,,,,,,,,,,,,,,,,,,,,,,,,,,,,,,,,,,,,,,,,,,,,,,,,7.438,,,,,,,,,,,50.6213745,30.4397411,
18:23:10.558,15.100000000000136,,15.25,,,,,,,,,,3.721,,,,,,,,,,,,,,,,,,,,,,,,,,,,,,,,,,,,,,,,,,,,,,,,,,7.452,,,,,,,,,,,50.6213745,30.4397411,
18:23:10.606,,14.700000000000045,,,,,,,,,,,,,,,,,,,,,,,,,,,,,,,,,,,,,,,,,,,,,,,,,,,,,,,,,,,,,,,,,,,,,,,,50.6213745,30.4397411,
18:23:10.737,,,,,,,,,,,,,,,,,,,,,,,,,,,,,,,,,,0,0,,,0,0,,-0.04509405979464501,1.251435172583333,13.571852,13.571852,6765.535731000001,0,-0.01,,,,,16.137680490464206,,,,36,98,,19,,,,,174,0,,,,,,,0,,50.6213745,30.4397411,
18:23:10.810,,,,,,,,,,,,,,,,,,,,0,5.882352941176471,99,,,,,,,,,,5.882352941176471,,,,,,,,0,,,,,,,,,,,,,0,,,,,,,,,,,,0,,17.6470588235294,99,,,,,,50.6213745,30.4397411,
18:23:10.882,,,,,,,,,,,,,,,,,,,,,,,8.914088167608043,66.49024,66.49024,636.81038895,0.11142610209510054,0.8311280000000001,0.8311280000000001,8.274286,0,,5.882352941176471,,,0,0,,,,,,,,,,,8.903865300915593,6.123909986639997,6.123909986639997,0.12230052916706706,,,59,,,,26160,,12000,0,0,,174,0,26160,17.6470588235294,,,,,,0,50.6213745,30.4397411,
18:23:11.182,,,,,,,,,,,,,,,32,,,,,,,,,,,,,,,,,,,,,,,,,,,,,,,,,,,,,,,,,,,,,,,,,,,,,,,,83,,,50.6213384,30.4397918,
18:23:11.229,,,,,,,,,,,,,,,,,,-60.859375,,,,,,,,,,,,,,,,,,,,,,,,,,,,,,,,,,,,,,,,,,,,,,,,,,,,,,,,50.6213384,30.4397918,
18:23:11.267,,,,,,,,,,,,,,,,-3936,-0.25,,,,,,,,,,,,,,,,,,,,,,,,,,,,,,,,,,,,,,,,,,,,,,,,,,,,,,,,,50.6213384,30.4397918,
18:23:11.397,,,,,,,,,358.54,56.5,,3.732,,,,,,,,,,,,,,,,,,,,,,,,,,,,,,,,,,,,,,,,,,,,,,,,,,,7.453,,,,,,,,,,,50.6213384,30.4397918,
18:23:11.493,10.5,,10.300000000000182,,,,,,,,,,3.723,,,,,,,,,,,,,,,,,,,,,,,,,,,,,,,,,,,,,,,,,,,,,,,,,,7.455,,,,,,,,,,,50.6213384,30.4397918,
18:23:11.529,,10,,,,,,,,,,,,,,,,,,,,,,,,,,,,,,,,,,,,,,,,,,,,,,,,,,,,,,,,,,,,,,,,,,,,,,,,50.6213384,30.4397918,
18:23:11.653,,,,,,,,,,,,,,,,,,,,,,,,,,,,,,,,,,0,0,,,0,0,,-0.05938334918366184,1.2555052565833331,13.575921999999998,13.575921999999998,6765.539801000001,0,-0.01,,,,,16.13723033113322,,,,36,98,,16,,,,,174,0,,,,,,,0,,50.6213384,30.4397918,
18:23:11.737,,,,,,,,,,,,,,,,,,,,0,5.882352941176471,99,,,,,,,,,,5.882352941176471,,,,,,,,0,,,,,,,,,,,,,0,,,,,,,,,,,,0,,17.6470588235294,99,,,,,,50.6213384,30.4397918,
18:23:11.810,,,,,,,,,,,,,,,,,,,,,,,8.914088167608043,66.49024,66.49024,636.81038895,0.11142610209510054,0.8311280000000001,0.8311280000000001,8.274286,0,,5.882352941176471,,,0,0,,,,,,,,,,,8.875000842157343,6.122074066129727,6.122074066129727,0.12230045559375756,,,59,,,,26170,,12000,0,0,,174,0,26170,17.6470588235294,,,,,,0,50.6213384,30.4397918,
18:23:11.921,,,,,,,,,,,,,,,32,,,,,,,,,,,,,,,,,,,,,,,,,,,,,,,,,,,,,,,,,,,,,,,,,,,,,,,,83,,,50.6213384,30.4397918,
18:23:11.958,,,,,,,,,,,,,,,,,,0.6875,,,,,,,,,,,,,,,,,,,,,,,,,,,,,,,,,,,,,,,,,,,,,,,,,,,,,,,,50.6213062,30.4398312,
18:23:12.018,,,,,,,,,,,,,,,,-160,-0.015625,,,,,,,,,,,,,,,,,,,,,,,,,,,,,,,,,,,,,,,,,,,,,,,,,,,,,,,,,50.6213062,30.4398312,
18:23:12.209,,,,,,30,30,30,,,,,,,,,,,,,,,,,,,,,,,,,,,,,,,,,,,,,,,,,,,,,,,,,,,,,,,,,,,,,,148,,,,50.6213062,30.4398312,
18:23:12.269,,,,,30,,,,,,86.6758781031239,,,86.6758781031239,,,,,,,,,,,,,,,,,,,,,,,,,,,,,,,,,,,,,,,,,,,,,,,,,,,,,,,127.5,148,,,,50.6213062,30.4398312,
18:23:12.329,,,,,,,,,354.52,57,,3.706,,,,,,,,,,,,,,,,,,,,,,,,,,,,,,,,,,,,,,,,,,,,,,,,,,,7.429,,,,,,,,,,,50.6213062,30.4398312,
18:23:12.389,-16.649999999999864,,-16.899999999999864,,,,,,,,,,3.696,,,,,,,,,,,,,,,,,,,,,,,,,,,,,,,,,,,,,,,,,,,,,,,,,,7.402,,,,,,,,,,,50.6213062,30.4398312,
18:23:12.449,,-17.34999999999991,,,,,,,,,,,,,,,,,,,,,,,,,,,,,,,,,,,,,,,,,,,,,,,,,,,,,,,,,,,,,,,,,,,,,,,,50.6213062,30.4398312,
18:23:12.629,,,,,,,,,,,,,,,,,,,,,,,,,,,,,,,,,,0,0,,,0,0,,-0.06503343956650881,1.259306190861111,13.579723,13.579723,6765.543602000001,0,-0.01,,,,,16.12979823617189,,,,36,98,,14,,,,,174,0,,,,,,,0,,50.6213062,30.4398312,
18:23:12.889,,,,,,,,,,,,,,,,,,,,0,5.882352941176471,99,,,,,,,,,,5.882352941176471,,,,,,,,11.372549019607844,,,,,,,,,,,,,0,,,,,,,,,,,,0,,17.6470588235294,99,,,,,,50.6213062,30.4398312,
18:23:12.985,,,,,,,,,,,,,,,,,,,,,,,8.914088167608043,66.49024,66.49024,636.81038895,0.11142610209510054,0.8311280000000001,0.8311280000000001,8.274286,0,,5.882352941176471,,,0,0,,,,,,,,,,,8.84821363570901,6.120360481579779,6.120360481579779,0.12230038688323568,,,59,,,,26180,,12000,0,0,,174,0,26180,17.6470588235294,,,,,,0,50.6212723,30.4398562,
18:23:13.104,,,,,,,,,,,,,,,32,,,,,,,,,,,,,,,,,,,,,,,,,,,,,,,,,,,,,,,,,,,,,,,,,,,,,,,,83,,,50.6212723,30.4398562,
18:23:13.141,,,,,,,,,,,,,,,,,,97.8125,,,,,,,,,,,,,,,,,,,,,,,,,,,,,,,,,,,,,,,,,,,,,,,,,,,,,,,,50.6212723,30.4398562,
18:23:13.186,,,,,,,,,,,,,,,,6304,0.375,,,,,,,,,,,,,,,,,,,,,,,,,,,,,,,,,,,,,,,,,,,,,,,,,,,,,,,,,50.6212723,30.4398562,
18:23:13.306,,,,,,,,,351.14,56.5,,3.675,,,,,,,,,,,,,,,,,,,,,,,,,,,,,,,,,,,,,,,,,,,,,,,,,,,7.371,,,,,,,,,,,50.6212723,30.4398562,
18:23:13.353,-43.84999999999991,,-1600,,,,,,,,,,3.663,,,,,,,,,,,,,,,,,,,,,,,,,,,,,,,,,,,,,,,,,,,,,,,,,,7.338,,,,,,,,,,,50.6212723,30.4398562,
18:23:13.390,,-44.899999999999864,,,,,,,,,,,,,,,,,,,,,,,,,,,,,,,,,,,,,,,,,,,,,,,,,,,,,,,,,,,,,,,,,,,,,,,,50.6212723,30.4398562,
18:23:13.497,,,,,,,,,,,,,,,,,,,,,,,,,,,,,,,,,,,,,,,,,,,,,,,,,,,,,,,79,,,,,,,,,174,,,,,,,,,,50.6212723,30.4398562,
18:23:13.569,,,,,,,,,,,,,,,,,,,,,,,,,,,,,,,,,,0.04,0,,,0,0,,,1.2632184241944442,13.583635,13.583635,6765.547514000001,0,-0.01,,,,,16.126036541251224,,,,36,98,,15,,,,,174,0.04,,,,,,,0.048,,50.6212723,30.4398562,
18:23:13.637,,,,,,,,,,,,,,,,,,,,0,5.882352941176471,99,,,,,,,,,,5.882352941176471,,,,,,,,19.607843137254903,,,,,,,,,,,,,0,,,,,,,,,,,,0.04,,17.6470588235294,99,,,,,,50.6212723,30.4398562,
18:23:13.710,,,,,,,,,,,,,,,,,,,,,,,8.914088167608043,66.49024,66.49024,636.81038895,0.11142610209510054,0.8311280000000001,0.8311280000000001,8.274286,0,,5.882352941176471,,,0,0,,,,,,,,,,,8.820810396757558,6.118597856906492,6.118597856906492,0.12230031616625195,,,59,,,,26190,,12000,0,0,,174,0.04,26190,17.6470588235294,,,,,,0,50.6212723,30.4398562,
18:23:13.821,,,,,,,,,,,,,,,32,,,,,,,,,,,,,,,,,,,,,,,,,,,,,,,,,,,,,,,,,,,,,,,,,,,,,,,,83,,,50.6212723,30.4398562,
18:23:13.869,,,,,,,,,,,,,,,,,,111.203125,,,,,,,,,,,,,,,,,,,,,,,,,,,,,,,,,,,,,,,,,,,,,,,,,,,,,,,,50.6212723,30.4398562,
18:23:13.905,,,,,,,,,,,,,,,,7008,0.421875,,,,,,,,,,,,,,,,,,,,,,,,,,,,,,,,,,,,,,,,,,,,,,,,,,,,,,,,,50.6212723,30.4398562,
18:23:14.014,,,,,,,,,350.17,56.5,,3.662,,,,,,,,,,,,,,,,,,,,,,,,,,,,,,,,,,,,,,,,,,,,,,,,,,,7.325,,,,,,,,,,,50.6212332,30.4398667,
18:23:14.084,-47.44999999999982,,-1600,,,,,,,,,,3.649,,,,,,,,,,,,,,,,,,,,,,,,,,,,,,,,,,,,,,,,,,,,,,,,,,7.311,,,,,,,,,,,50.6212332,30.4398667,
18:23:14.123,,-48.09999999999991,,,,,,,,,,,,,,,,,,,,,,,,,,,,,,,,,,,,,,,,,,,,,,,,,,,,,,,,,,,,,,,,,,,,,,,,50.6212332,30.4398667,
18:23:14.253,,,,,,,,,,,,,,,,,,,,,,,,,,,,,,,,,,0.05,0,,,0,0,,,1.266447256861111,13.586863999999998,13.586863999999998,6765.550743000001,0,-0.01,,,,,16.128150455423242,,,,36,98,,17,,,,,174,0.05,,,,,,,0.06,,50.6212332,30.4398667,
18:23:14.346,,,,,,,,,,,,,,,,,,,,0,5.882352941176471,99,,,,,,,,,,5.882352941176471,,,,,,,,19.607843137254903,,,,,,,,,,,,,0,,,,,,,,,,,,0.05,,17.6470588235294,99,,,,,,50.6212332,30.4398667,
18:23:14.405,,,,,,,,,,,,,,,,,,,,,,,8.914088167608043,66.49024,66.49024,636.81038895,0.11142610209510054,0.8311280000000001,0.8311280000000001,8.274286,0,,5.882352941176471,,,0,0,,,,,,,,,,,8.798321563842311,6.1171437353019815,6.1171437353019815,0.12230025779587887,,,59,,,,26190,,12000,0,0,,174,0.05,26190,17.6470588235294,,,,,,0,50.6212332,30.4398667,
18:23:14.598,,,,,,,,,,,,,,,32,,,,,,,,,,,,,,,,,,,,,,,,,,,,,,,,,,,,,,,,,,,,,,,,,,,,,,,,83,,,50.6212332,30.4398667,
18:23:14.669,,,,,,,,,,,,,,,,,,101.515625,,,,,,,,,,,,,,,,,,,,,,,,,,,,,,,,,,,,,,,,,,,,,,,,,,,,,,,,50.6212332,30.4398667,
18:23:14.754,,,,,,,,,,,,,,,,6560,0.390625,,,,,,,,,,,,,,,,,,,,,,,,,,,,,,,,,,,,,,,,,,,,,,,,,,,,,,,,,50.6212332,30.4398667,
18:23:14.886,,,,,,,,,351.3,56.5,,3.653,,,,,,,,,,,,,,,,,,,,,,,,,,,,,,,,,,,,,,,,,,,,,,,,,,,7.302,,,,,,,,,,,50.6212332,30.4398667,
18:23:14.933,-48.75,,-1600,,,,,,,,,,3.642,,,,,,,,,,,,,,,,,,,,,,,,,,,,,,,,,,,,,,,,,,,,,,,,,,7.295,,,,,,,,,,,50.6212332,30.4398667,
18:23:14.982,,-48.75,,,,,,,,,,,,,,,,,,,,,,,,,,,,,,,,,,,,,,,,,,,,,,,,,,,,,,,,,,,,,,,,,,,,,,,,50.6211868,30.4398505,
18:23:15.090,,,,,,,,,,,,,,,,,,,,,,,,,,,,,,,,,,0.02,0,,,0,0,,,1.271104804083333,13.591522,13.591522,6765.5554010000005,0,-0.01,,,,,16.139599180560264,,,,36,98,,20,,,,,174,0.02,,,,,,,0.024,,50.6211868,30.4398505,
18:23:15.162,,,,,,,,,,,,,,,,,,,,0,5.882352941176471,98,,,,,,,,,,5.882352941176471,,,,,,,,19.607843137254903,,,,,,,,,,,,,0,,,,,,,,,,,,0.02,,17.6470588235294,98,,,,,,50.6211868,30.4398505,
18:23:15.234,,,,,,,,,,,,,,,,,,,,,,,8.914088167608043,66.49024,66.49024,636.81038895,0.11142610209510054,0.8311280000000001,0.8311280000000001,8.274286,0,,5.882352941176471,,,0,0,,,,,,,,,,,8.766082996236987,6.1150473066960425,6.1150473066960425,0.122300173593686,,,59,,,,26210,,12000,0,0,,174,0.02,26210,17.6470588235294,,,,,,0,50.6211868,30.4398505,
18:23:15.341,,,,,,,,,,,,,,,32,,,,,,,,,,,,,,,,,,,,,,,,,,,,,,,,,,,,,,,,,,,,,,,,,,,,,,,,83,,,50.6211868,30.4398505,
18:23:15.377,,,,,,,,,,,,,,,,,,94.71875,,,,,,,,,,,,,,,,,,,,,,,,,,,,,,,,,,,,,,,,,,,,,,,,,,,,,,,,50.6211868,30.4398505,
18:23:15.413,,,,,,,,,,,,,,,,6048,0.359375,,,,,,,,,,,,,,,,,,,,,,,,,,,,,,,,,,,,,,,,,,,,,,,,,,,,,,,,,50.6211868,30.4398505,
18:23:15.534,,,,,,,,,349.85,56,,3.648,,,,,,,,,,,,,,,,,,,,,,,,,,,,,,,,,,,,,,,,,,,,,,,,,,,7.29,,,,,,,,,,,50.6211868,30.4398505,
18:23:15.593,-49.59999999999991,,-1600,,,,,,,,,,3.638,,,,,,,,,,,,,,,,,,,,,,,,,,,,,,,,,,,,,,,,,,,,,,,,,,7.286,,,,,,,,,,,50.6211868,30.4398505,
18:23:15.630,,-49.399999999999864,,,,,,,,,,,,,,,,,,,,,,,,,,,,,,,,,,,,,,,,,,,,,,,,,,,,,,,,,,,,,,,,,,,,,,,,50.6211868,30.4398505,
18:23:15.762,,,,,,,,,,,,,,,,,,,,,,,,,,,,,,,,,,0,0,,,0,0,,0.07233997449624965,1.2752031229722218,13.59562,13.59562,6765.559499000001,0,0,,,,,16.153428338256663,,,,36,98,,22,,,,,174,0,,,,,,,0,,50.6211868,30.4398505,
18:23:15.828,,,,,,,,,,,,,,,,,,,,0,5.882352941176471,99,,,,,,,,,,5.882352941176471,,,,,,,,19.607843137254903,,,,,,,,,,,,,0,,,,,,,,,,,,0,,17.6470588235294,99,,,,,,50.6211868,30.4398505,
18:23:15.889,,,,,,,,,,,,,,,,,,,,,,,8.914088167608043,66.49024,66.49024,636.81038895,0.11142610209510054,0.8311280000000001,0.8311280000000001,8.274286,0,,5.882352941176471,,,0,0,,,,,,,,,,,8.737910069996571,6.1132041054398405,6.1132041054398405,0.12230009951465211,,,59,,,,26210,,12000,0,0,,174,0,26210,17.6470588235294,,,,,,0,50.6211868,30.4398505,
18:23:15.950,,,,,,,,,,,,,,,,,,,52,,,,,,,,,,,,,,,,,,,,,,,,,,,,,,,,,,,,,,,,,,,,,,,,,,,,84,,,50.6211394,30.4398129,
18:23:16.057,,,,,,,,,,,,,,,32,,,,,,,,,,,,,,,,,,,,,,,,,,,,,,,,,,,,,,,,,,,,,,,,,,,,,,,,84,,,50.6211394,30.4398129,
18:23:16.117,,,,,,,,,,,,,,,,,,19.28125,,,,,,,,,,,,,,,,,,,,,,,,,,,,,,,,,,,,,,,,,,,,,,,,,,,,,,,,50.6211394,30.4398129,
18:23:16.153,,,,,,,,,,,,,,,,896,0.046875,,,,,,,,,,,,,,,,,,,,,,,,,,,,,,,,,,,,,,,,,,,,,,,,,,,,,,,,,50.6211394,30.4398129,
18:23:16.261,,,,,,,,,355.32,56,,3.684,,,,,,,,,,,,,,,,,,,,,,,,,,,,,,,,,,,,,,,,,,,,,,,,,,,7.322,,,,,,,,,,,50.6211394,30.4398129,
18:23:16.337,4.100000000000136,,6.150000000000091,,,,,,,,,,3.682,,,,,,,,,,,,,,,,,,,,,,,,,,,,,,,,,,,,,,,,,,,,,,,,,,7.366,,,,,,,,,,,50.6211394,30.4398129,
18:23:16.420,,12.600000000000136,,,,,,,,,,,,,,,,,,,,,,,,,,,,,,,,,,,,,,,,,,,,,,,,,,,,,,,,,,,,,,,,,,,,,,,,50.6211394,30.4398129,
18:23:16.613,,,,,,,,,,,,,,,,,,,,,,,,,,,,,,,,,,0,0,,,0,0,,0.07444324104685902,1.2806473066666664,13.601064,13.601064,6765.564943000001,0,-0.01,,,,,16.17389576252059,,,,36,98,,23,,,,,174,0,,,,,,,0,,50.6211394,30.4398129,
18:23:16.686,,,,,,,,,,,,,,,,,,,,0,5.882352941176471,99,,,,,,,,,,5.882352941176471,,,,,,,,0,,,,,,,,,,,,,0,,,,,,,,,,,,0,,17.6470588235294,99,,,,,,50.6211394,30.4398129,
18:23:16.773,,,,,,,,,,,,,,,,,,,,,,,8.914088167608043,66.49024,66.49024,636.81038895,0.11142610209510054,0.8311280000000001,0.8311280000000001,8.274286,0,,5.882352941176471,,,0,0,,,,,,,,,,,8.700764177228939,6.110757217229477,6.110757217229477,0.12230000110428321,,,59,,,,26220,,12000,0,0,,174,0,26220,17.6470588235294,,,,,,0,50.6211394,30.4398129,
18:23:16.918,,,,,,,,,,,,,,,32,,,,,,,,,,,,,,,,,,,,,,,,,,,,,,,,,,,,,,,,,,,,,,,,,,,,,,,,84,,,50.6211394,30.4398129,
18:23:16.966,,,,,,,,,,,,,,,,,,-67.21875,,,,,,,,,,,,,,,,,,,,,,,,,,,,,,,,,,,,,,,,,,,,,,,,,,,,,,,,50.6210922,30.439767,
18:23:16.990,,,,,,,,,,,,,,,,-4320,-0.265625,,,,,,,,,,,,,,,,,,,,,,,,,,,,,,,,,,,,,,,,,,,,,,,,,,,,,,,,,50.6210922,30.439767,
18:23:17.110,,,,,,,,,358.06,56,,3.723,,,,,,,,,,,,,,,,,,,,,,,,,,,,,,,,,,,,,,,,,,,,,,,,,,,7.405,,,,,,,,,,,50.6210922,30.439767,
18:23:17.156,18.850000000000136,,19.100000000000136,,,,,,,,,,3.712,,,,,,,,,,,,,,,,,,,,,,,,,,,,,,,,,,,,,,,,,,,,,,,,,,7.435,,,,,,,,,,,50.6210922,30.439767,
18:23:17.218,,19,,,,,,,,,,,,,,,,,,,,,,,,,,,,,,,,,,,,,,,,,,,,,,,,,,,,,,,,,,,,,,,,,,,,,,,,50.6210922,30.439767,
18:23:17.314,,,,,,,,,,,,,,,,,,,,,,,,,,,,,,,,,,,,,,,,,,,,,,,,,,,,,,,79,,,,,,,,,174,,,,,,,,,,50.6210922,30.439767,
18:23:17.385,,,,,,,,,,,,,,,,,,,,,,,,,,,,,,,,,,0,0,,,0,0,,,1.284931957222222,13.605349,13.605349,6765.569228000001,0,-0.01,,,,,16.184219901687417,,,,36,98,,20,,,,,174,0,,,,,,,0,,50.6210922,30.439767,
18:23:17.470,,,,,,,,,,,,,,,,,,,,0,5.882352941176471,98,,,,,,,,,,5.882352941176471,,,,,,,,0,,,,,,,,,,,,,0,,,,,,,,,,,,0,,17.6470588235294,98,,,,,,50.6210922,30.439767,
18:23:17.554,,,,,,,,,,,,,,,,,,,,,,,8.914088167608043,66.49024,66.49024,636.81038895,0.11142610209510054,0.8311280000000001,0.8311280000000001,8.274286,0,,5.882352941176471,,,0,0,,,,,,,,,,,8.671751174745667,6.108832636340311,6.108832636340311,0.12229992364509433,,,59,,,,26230,,12000,0,0,,174,0,26230,17.6470588235294,,,,,,0,50.6210922,30.439767,
18:23:17.662,,,,,,,,,,,,,,,32,,,,,,,,,,,,,,,,,,,,,,,,,,,,,,,,,,,,,,,,,,,,,,,,,,,,,,,,84,,,50.6210922,30.439767,
18:23:17.709,,,,,,,,,,,,,,,,,,-66.515625,,,,,,,,,,,,,,,,,,,,,,,,,,,,,,,,,,,,,,,,,,,,,,,,,,,,,,,,50.6210922,30.439767,
18:23:17.746,,,,,,,,,,,,,,,,-4288,-0.265625,,,,,,,,,,,,,,,,,,,,,,,,,,,,,,,,,,,,,,,,,,,,,,,,,,,,,,,,,50.6210922,30.439767,
18:23:17.865,,,,,,,,,358.22,56,,3.728,,,,,,,,,,,,,,,,,,,,,,,,,,,,,,,,,,,,,,,,,,,,,,,,,,,7.44,,,,,,,,,,,50.6210922,30.439767,
18:23:17.914,15.050000000000182,,15.050000000000182,,,,,,,,,,3.717,,,,,,,,,,,,,,,,,,,,,,,,,,,,,,,,,,,,,,,,,,,,,,,,,,7.445,,,,,,,,,,,50.6210922,30.439767,
18:23:17.962,,15.350000000000136,,,,,,,,,,,,,,,,,,,,,,,,,,,,,,,,,,,,,,,,,,,,,,,,,,,,,,,,,,,,,,,,,,,,,,,,50.6210505,30.4397249,
18:23:18.093,,,,,,,,,,,,,,,,,,,,,,,,,,,,,,,,,,0,0,,,0,0,,,1.288468996222222,13.608886,13.608886,6765.572765000001,0,0,,,,,16.18870290102966,,,,36,98,,18,,,,,174,0,,,,,,,0,,50.6210505,30.4397249,
18:23:18.178,,,,,,,,,,,,,,,,,,,,0,5.882352941176471,99,,,,,,,,,,5.882352941176471,,,,,,,,0,,,,,,,,,,,,,0,,,,,,,,,,,,0,,17.6470588235294,99,,,,,,50.6210505,30.4397249,
18:23:18.296,,,,,,,,,,,,,,,,,,,,,,,8.914088167608043,66.49024,66.49024,636.81038895,0.11142610209510054,0.8311280000000001,0.8311280000000001,8.274286,0,,5.882352941176471,,,0,0,,,,,,,,,,,8.647945928214085,6.1072449280565655,6.1072449280565655,0.12229985970744339,,,59,,,,26240,,12000,0,0,,174,0,26240,17.6470588235294,,,,,,0,50.6210505,30.4397249,
18:23:18.454,,,,,,,,,,,,,,,32,,,,,,,,,,,,,,,,,,,,,,,,,,,,,,,,,,,,,,,,,,,,,,,,,,,,,,,,84,,,50.6210505,30.4397249,
18:23:18.501,,,,,,,,,,,,,,,,,,-58,,,,,,,,,,,,,,,,,,,,,,,,,,,,,,,,,,,,,,,,,,,,,,,,,,,,,,,,50.6210505,30.4397249,
18:23:18.538,,,,,,,,,,,,,,,,-3840,-0.234375,,,,,,,,,,,,,,,,,,,,,,,,,,,,,,,,,,,,,,,,,,,,,,,,,,,,,,,,,50.6210505,30.4397249,
18:23:18.634,,,,28,,,,,,,,,,,,,,,,,,,,,,,,,,,,,,,,,,,,,,,,,,,,,,,,,,,,,,,,,,,,,,,,,,148,,,,50.6210505,30.4397249,
18:23:18.778,,,,,30,,,,,,86.6758781031239,,,86.6758781031239,,,,,,,,,,,,,,,,,,,,,,,,,,,,,,,,,,,,,,,,,,,,,,,,,,,,,,,127.5,148,,,,50.6210505,30.4397249,
18:23:18.849,,,,,,,,,358.22,56,,3.721,,,,,,,,,,,,,,,,,,,,,,,,,,,,,,,,,,,,,,,,,,,,,,,,,,,7.438,,,,,,,,,,,50.6210505,30.4397249,
18:23:18.908,8.550000000000182,,8.350000000000136,,,,,,,,,,3.714,,,,,,,,,,,,,,,,,,,,,,,,,,,,,,,,,,,,,,,,,,,,,,,,,,7.435,,,,,,,,,,,50.6210505,30.4397249,
18:23:18.947,,7.900000000000091,,,,,,,,,,,,,,,,,,,,,,,,,,,,,,,,,,,,,,,,,,,,,,,,,,,,,,,,,,,,,,,,,,,,,,,,50.6210505,30.4397249,
18:23:19.069,,,,,,,,,,,,,,,,,,,,,,,,,,,,,,,,,,0,0,,,0,0,,-0.059954273259926076,1.2925372253888887,13.612954,13.612954,6765.576833000001,0,-0.01,,,,,16.184665999515893,,,,36,98,,15,,,,,174,0,,,,,,,0,,50.6210156,30.4396893,
18:23:19.149,,,,,,,,,,,,,,,,,,,,0,5.882352941176471,99,,,,,,,,,,5.882352941176471,,,,,,,,1.9607843137254901,,,,,,,,,,,,,0,,,,,,,,,,,,0,,17.6470588235294,99,,,,,,50.6210156,30.4396893,
18:23:19.221,,,,,,,,,,,,,,,,,,,,,,,8.914088167608043,66.49024,66.49024,636.81038895,0.11142610209510054,0.8311280000000001,0.8311280000000001,8.274286,0,,5.882352941176471,,,0,0,,,,,,,,,,,8.620726730835585,6.105419881680347,6.105419881680347,0.1222997861710929,,,59,,,,26250,,12000,0,0,,174,0,26250,17.6470588235294,,,,,,0,50.6210156,30.4396893,
18:23:19.342,,,,,,,,,,,,,,,32,,,,,,,,,,,,,,,,,,,,,,,,,,,,,,,,,,,,,,,,,,,,,,,,,,,,,,,,84,,,50.6210156,30.4396893,
18:23:19.377,,,,,,,,,,,,,,,,,,-33.046875,,,,,,,,,,,,,,,,,,,,,,,,,,,,,,,,,,,,,,,,,,,,,,,,,,,,,,,,50.6210156,30.4396893,
18:23:19.429,,,,,,,,,,,,,,,,-2176,-0.140625,,,,,,,,,,,,,,,,,,,,,,,,,,,,,,,,,,,,,,,,,,,,,,,,,,,,,,,,,50.6210156,30.4396893,
18:23:19.549,,,,,,,,,355.81,56,,3.717,,,,,,,,,,,,,,,,,,,,,,,,,,,,,,,,,,,,,,,,,,,,,,,,,,,7.431,,,,,,,,,,,50.6210156,30.4396893,
18:23:19.598,2.4500000000000455,,2.300000000000182,,,,,,,,,,3.709,,,,,,,,,,,,,,,,,,,,,,,,,,,,,,,,,,,,,,,,,,,,,,,,,,7.426,,,,,,,,,,,50.6210156,30.4396893,
18:23:19.657,,1.050000000000182,,,,,,,,,,,,,,,,,,,,,,,,,,,,,,,,,,,,,,,,,,,,,,,,,,,,,,,,,,,,,,,,,,,,,,,,50.6210156,30.4396893,
18:23:19.777,,,,,,,,,,,,,,,,,,,,,,,,,,,,,,,,,,0,0,,,0,0,,-0.08952215637509459,1.2950963519444443,13.615513,13.615513,6765.579392000001,0,-0.01,,,,,16.17683524184426,,,,36,98,,13,,,,,174,0,,,,,,,0,,50.6210156,30.4396893,
18:23:19.857,,,,,,,,,,,,,,,,,,,,0,5.882352941176471,99,,,,,,,,,,5.882352941176471,,,,,,,,8.235294117647058,,,,,,,,,,,,,0,,,,,,,,,,,,0,,17.6470588235294,99,,,,,,50.6210156,30.4396893,
18:23:19.953,,,,,,,,,,,,,,,,,,,,,,,8.914088167608043,66.49024,66.49024,636.81038895,0.11142610209510054,0.8311280000000001,0.8311280000000001,8.274286,0,,5.882352941176471,,,0,0,,,,,,,,,,,8.603692067220061,6.10427238400786,6.10427238400786,0.12229973991265224,,,59,,,,26250,,12000,0,0,,174,0,26250,17.6470588235294,,,,,,0,50.6209864,30.4396594,
18:23:20.122,,,,,,,,,,,,,,,32,,,,,,,,,,,,,,,,,,,,,,,,,,,,,,,,,,,,,,,,,,,,,,,,,,,,,,,,84,,,50.6209864,30.4396594,
18:23:20.204,,,,,,,,,,,,,,,,,,119.84375,,,,,,,,,,,,,,,,,,,,,,,,,,,,,,,,,,,,,,,,,,,,,,,,,,,,,,,,50.6209864,30.4396594,
18:23:20.302,,,,,,,,,,,,,,,,8000,0.484375,,,,,,,,,,,,,,,,,,,,,,,,,,,,,,,,,,,,,,,,,,,,,,,,,,,,,,,,,50.6209864,30.4396594,
18:23:20.458,,,,,,30,30,30,,,,,,,,,,,,,,,,,,,,,,,,,,,,,,,,,,,,,,,,,,,,,,,,,,,,,,,,,,,,,,148,,,,50.6209864,30.4396594,
18:23:20.522,,,,,,,,,349.2,56,,3.657,,,,,,,,,,,,,,,,,,,,,,,,,,,,,,,,,,,,,,,,,,,,,,,,,,,7.366,,,,,,,,,,,50.6209864,30.4396594,
18:23:20.569,-57.299999999999955,,-1600,,,,,,,,,,3.641,,,,,,,,,,,,,,,,,,,,,,,,,,,,,,,,,,,,,,,,,,,,,,,,,,7.298,,,,,,,,,,,50.6209864,30.4396594,
18:23:20.605,,-59.84999999999991,,,,,,,,,,,,,,,,,,,,,,,,,,,,,,,,,,,,,,,,,,,,,,,,,,,,,,,,,,,,,,,,,,,,,,,,50.6209864,30.4396594,
18:23:20.714,,,,,,,,,,,,,,,,,,,,,,,,,,,,,,,,,,0,0,,,0,0,,,1.2987375376666666,13.619154,13.619154,6765.583033000001,0,-0.01,,,,,16.169786311116038,,,,36,98,,14,,,,,174,0,,,,,,,0,,50.6209864,30.4396594,
18:23:20.777,,,,,,,,,,,,,,,,,,,,0,5.882352941176471,99,,,,,,,,,,5.882352941176471,,,,,,,,32.15686274509804,,,,,,,,,,,,,0,,,,,,,,,,,,0,,17.6470588235294,99,,,,,,50.6209864,30.4396594,
18:23:20.849,,,,,,,,,,,,,,,,,,,,,,,8.914088167608043,66.49024,66.49024,636.81038895,0.11142610209510054,0.8311280000000001,0.8311280000000001,8.274286,0,,5.882352941176471,,,0,0,,,,,,,,,,,8.579570456960113,6.102640443011365,6.102640443011365,0.12229967409521258,,,59,,,,26260,,12000,0,0,,174,0,26260,17.6470588235294,,,,,,0,50.6209864,30.4396594,
18:23:21.006,,,,,,,,,,,,,,,32,,,,,,,,,,,,,,,,,,,,,,,,,,,,,,,,,,,,,,,,,,,,,,,,,,,,,,,,84,,,50.6209533,30.4396262,
18:23:21.053,,,,,,,,,,,,,,,,,,208.453125,,,,,,,,,,,,,,,,,,,,,,,,,,,,,,,,,,,,,,,,,,,,,,,,,,,,,,,,50.6209533,30.4396262,
18:23:21.101,,,,,,,,,,,,,,,,13216,0.796875,,,,,,,,,,,,,,,,,,,,,,,,,,,,,,,,,,,,,,,,,,,,,,,,,,,,,,,,,50.6209533,30.4396262,
18:23:21.234,,,,,,,,,344.86,56,,3.599,,,,,,,,,,,,,,,,,,,,,,,,,,,,,,,,,,,,,,,,,,,,,,,,,,,7.24,,,,,,,,,,,50.6209533,30.4396262,
18:23:21.282,-104.94999999999982,,-1600,,,,,,,,,,3.582,,,,,,,,,,,,,,,,,,,,,,,,,,,,,,,,,,,,,,,,,,,,,,,,,,7.181,,,,,,,,,,,50.6209533,30.4396262,
18:23:21.317,,-111.34999999999991,,,,,,,,,,,,,,,,,,,,,,,,,,,,,,,,,,,,,,,,,,,,,,,,,,,,,,,,,,,,,,,,,,,,,,,,50.6209533,30.4396262,
18:23:21.412,,,,,,,,,,,,,,,,,,,,,,,,,,,,,,,,,,,,,,,,,,,,,,,,,,,,,,,79,,,,,,,,,174,,,,,,,,,,50.6209533,30.4396262,
18:23:21.477,,,,,,,,,,,,,,,,,,,,,,,,,,,,,,,,,,1.6400000000000001,0,,,0,0,,,1.3028002548888888,13.623217,13.623217,6765.587096000001,0,-0.15,,,,,16.177300990438027,,,,36,84,,19,,,,,174,1.64,,,,,,,1.968,,50.6209533,30.4396262,
18:23:21.553,,,,,,,,,,,,,,,,,,,,45.490196078431374,3.1372549019607843,99,,,,,,,,,,1.5686274509803921,,,,,,,,41.96078431372549,,,,,,,,,,,,,0,,,,,,,,,,,,1.64,,13.3333333333333,99,,,,,,50.6209533,30.4396262,
18:23:21.629,,,,,,,,,,,,,,,,,,,,,,,8.914088167608043,66.49024,66.49024,636.81038895,0.11142610209510054,0.8311280000000001,0.8311280000000001,8.274286,0,,3.5294117647058822,,,0,0,,,,,,,,,,,8.552815497000624,6.100820386256785,6.100820386256785,0.12229960064946888,,,59,,,,26270,,12000,0,0,,174,1.64,26270,8.23529411764706,,,,,,0,50.6209533,30.4396262,
18:23:21.761,,,,,,,,,,,,,,,32,,,,,,,,,,,,,,,,,,,,,,,,,,,,,,,,,,,,,,,,,,,,,,,,,,,,,,,,84,,,50.6209533,30.4396262,
18:23:21.797,,,,,,,,,,,,,,,,,,194.890625,,,,,,,,,,,,,,,,,,,,,,,,,,,,,,,,,,,,,,,,,,,,,,,,,,,,,,,,50.6209533,30.4396262,
18:23:21.846,,,,,,,,,,,,,,,,12480,0.75,,,,,,,,,,,,,,,,,,,,,,,,,,,,,,,,,,,,,,,,,,,,,,,,,,,,,,,,,50.6209533,30.4396262,
18:23:22.121,,,,,,,,,344.37,55.5,,3.609,,,,,,,,,,,,,,,,,,,,,,,,,,,,,,,,,,,,,,,,,,,,,,,,,,,7.191,,,,,,,,,,,50.6209073,30.4395782,
18:23:22.180,-59.649999999999864,,-1600,,,,,,,,,,3.613,,,,,,,,,,,,,,,,,,,,,,,,,,,,,,,,,,,,,,,,,,,,,,,,,,7.222,,,,,,,,,,,50.6209073,30.4395782,
18:23:22.217,,-55.34999999999991,,,,,,,,,,,,,,,,,,,,,,,,,,,,,,,,,,,,,,,,,,,,,,,,,,,,,,,,,,,,,,,,,,,,,,,,50.6209073,30.4395782,
18:23:22.338,,,,,,,,,,,,,,,,,,,,,,,,,,,,,,,,,,21.62,0,,,1991,2,,,1.3091402104444445,13.629557,13.629557,6765.593436000001,46.27450980392157,-0.05,,,,,16.206953326999233,,,,36,94,,26,,,,,174,21.62,,,,,,,25.944,,50.6209073,30.4395782,
18:23:22.434,,,,,,,,,,,,,,,,,,,,78.43137254901961,90.19607843137256,99,,,,,,,,,,87.45098039215686,,,,,,,,32.549019607843135,,,,,,,,,,,,,18.152377559999998,,,,,,,,,,,,39.77237756,,94.1176470588235,99,,,,,,50.6209073,30.4395782,
18:23:22.513,,,,,,,,,,,,,,,,,,,,,,,8.914088167608043,66.49024,66.49024,636.81038895,0.11142610209510054,0.8311280000000001,0.8311280000000001,8.274286,0,,88.62745098039215,,,0,0,,,,,,,,,,,8.511395586670742,6.097982494955633,6.097982494955633,0.12229948604319295,,,59,,,,34650,,35000,99.6078431372549,99.6078431372549,,174,39.77237756,34650,266.274509803921,,,,,,99.6078431372549,50.6209073,30.4395782,
18:23:22.561,,,,,,,,,,,,,,,,,,,53,,,,,,,,,,,,,,,,,,,,,,,,,,,,,,,,,,,,,,,,,,,,,,,,,,,,85,,,50.6209073,30.4395782,
18:23:22.645,,,,,,,,,,,,,,,32,,,,,,,,,,,,,,,,,,,,,,,,,,,,,,,,,,,,,,,,,,,,,,,,,,,,,,,,85,,,50.6209073,30.4395782,
18:23:22.681,,,,,,,,,,,,,,,,,,127.875,,,,,,,,,,,,,,,,,,,,,,,,,,,,,,,,,,,,,,,,,,,,,,,,,,,,,,,,50.6209073,30.4395782,
18:23:22.721,,,,,,,,,,,,,,,,8000,0.484375,,,,,,,,,,,,,,,,,,,,,,,,,,,,,,,,,,,,,,,,,,,,,,,,,,,,,,,,,50.6209073,30.4395782,
18:23:22.849,,,,,,,,,351.46,55,,3.666,,,,,,,,,,,,,,,,,,,,,,,,,,,,,,,,,,,,,,,,,,,,,,,,,,,7.279,,,,,,,,,,,50.6209073,30.4395782,
18:23:22.897,-9.799999999999955,,-13.149999999999864,,,,,,,,,,3.658,,,,,,,,,,,,,,,,,,,,,,,,,,,,,,,,,,,,,,,,,,,,,,,,,,7.324,,,,,,,,,,,50.6209073,30.4395782,
18:23:22.933,,-12,,,,,,,,,,,,,,,,,,,,,,,,,,,,,,,,,,,,,,,,,,,,,,,,,,,,,,,,,,,,,,,,,,,,,,,,50.6209073,30.4395782,
18:23:23.066,,,,,,,,,,,,,,,,,,,,,,,,,,,,,,,,,,22.18,0,,,2007,2,,0.14642746272570456,1.3151778046111111,13.635594999999999,13.635594999999999,6765.599474000001,47.450980392156865,0.16,,,,,16.24123305725904,,,,36,115,,30,,,,,174,40.33237756,,,,,,,26.616,,50.6208485,30.4395153,
18:23:23.158,,,,,,,,,,,,,,,,,,,,79.6078431372549,90.19607843137256,99,,,,,,,,,,87.45098039215686,,,,,,,,25.098039215686274,,,,,,,,,,,,,15.429498599999999,,,,,,,,,,,,37.6094986,,266.274509803921,99,,,,,,50.6208485,30.4395153,
18:23:23.237,,,,,,,,,,,,,,,,,,,,,,,9.014726182996554,66.59088,66.59088,636.91102895,0.11268407728745694,0.8323860000000001,0.8323860000000001,8.275544,6.2500000931322575,,88.62745098039215,,,6.2500000931322575,24.451237251792712,,,,,,,,,,,8.567972854497558,6.104508090772717,6.104508090772717,0.12231797096181457,,,59,,,,34290,,33770,88.62745098039215,88.62745098039215,,174,43.8594986931323,34489.2156862744,266.274509803921,,,,,,88.62745098039215,50.6208485,30.4395153,
18:23:23.370,,,,,,,,,,,,,,,32,,,,,,,,,,,,,,,,,,,,,,,,,,,,,,,,,,,,,,,,,,,,,,,,,,,,,,,,85,,,50.6208485,30.4395153,
18:23:23.406,,,,,,,,,,,,,,,,,,91.671875,,,,,,,,,,,,,,,,,,,,,,,,,,,,,,,,,,,,,,,,,,,,,,,,,,,,,,,,50.6208485,30.4395153,
18:23:23.446,,,,,,,,,,,,,,,,6048,0.359375,,,,,,,,,,,,,,,,,,,,,,,,,,,,,,,,,,,,,,,,,,,,,,,,,,,,,,,,,50.6208485,30.4395153,
18:23:23.541,,,,,,,,,351.46,55,,3.688,,,,,,,,,,,,,,,,,,,,,,,,,,,,,,,,,,,,,,,,,,,,,,,,,,,7.346,,,,,,,,,,,50.6208485,30.4395153,
18:23:23.588,-7.399999999999864,,-6,,,,,,,,,,3.671,,,,,,,,,,,,,,,,,,,,,,,,,,,,,,,,,,,,,,,,,,,,,,,,,,7.359,,,,,,,,,,,50.6208485,30.4395153,
18:23:23.625,,-6.199999999999818,,,,,,,,,,,,,,,,,,,,,,,,,,,,,,,,,,,,,,,,,,,,,,,,,,,,,,,,,,,,,,,,,,,,,,,,50.6208485,30.4395153,
18:23:23.774,,,,,,,,,,,,,,,,,,,,,,,,,,,,,,,,,,19.67,19.531250291038305,,,1990,2,,0.16662880737632585,1.3214262197222222,13.641843,13.641843,6765.605722000001,43.529411764705884,0.11,,,,,16.279141041772824,,,,37,110,,32,,,,,175,41.3494986931323,,,,,,,23.604000000000003,,50.6208485,30.4395153,
18:23:23.909,,,,,,,,,,,,,,,,,,,,72.54901960784314,90.19607843137256,98,,,,,,,,,,87.45098039215686,,,,,,,,23.137254901960784,,,,,,,,,,,,,15.062459160000001,,,,,,,,,,,,40.9824592531323,,266.274509803921,98,,,,,,50.6208485,30.4395153,
18:23:24.010,,,,,,,,,,,,,,,,,,,,,,,9.146176338955316,66.72232,66.72232,637.0424689499999,0.11432720423694144,0.834029,0.834029,8.277187,7.650000113993883,,88.62745098039215,,,7.650000113993883,29.928314396194285,,,,,,,,,,,8.65180382609437,6.113756037215793,6.113756037215793,0.12234214259759074,,,59,,,,32540,,32460,80.7843137254902,80.7843137254902,,175,42.3824592739939,32717.2549019608,266.274509803921,,,,,,80.3921568627451,50.6207823,30.4394429,
18:23:24.154,,,,,,,,,,,,,,,32,,,,,,,,,,,,,,,,,,,,,,,,,,,,,,,,,,,,,,,,,,,,,,,,,,,,,,,,85,,,50.6207823,30.4394429,
18:23:24.188,,,,,,,,,,,,,,,,,,76.3125,,,,,,,,,,,,,,,,,,,,,,,,,,,,,,,,,,,,,,,,,,,,,,,,,,,,,,,,50.6207823,30.4394429,
18:23:24.226,,,,,,,,,,,,,,,,4960,0.296875,,,,,,,,,,,,,,,,,,,,,,,,,,,,,,,,,,,,,,,,,,,,,,,,,,,,,,,,,50.6207823,30.4394429,
18:23:24.346,,,,,,,,,354.52,55,,3.691,,,,,,,,,,,,,,,,,,,,,,,,,,,,,,,,,,,,,,,,,,,,,,,,,,,7.362,,,,,,,,,,,50.6207823,30.4394429,
18:23:24.418,-2.0499999999999545,,-1.699999999999818,,,,,,,,,,3.677,,,,,,,,,,,,,,,,,,,,,,,,,,,,,,,,,,,,,,,,,,,,,,,,,,7.368,,,,,,,,,,,50.6207823,30.4394429,
18:23:24.454,,0.40000000000009095,,,,,,,,,,,,,,,,,,,,,,,,,,,,,,,,,,,,,,,,,,,,,,,,,,,,,,,,,,,,,,,,,,,,,,,,50.6207823,30.4394429,
18:23:24.561,,,,,,,,,,,,,,,,,,,,,,,,,,,,,,,,,,18.45,21.857143182839668,,,1995,2,,0.14692931553358846,1.3291126747222222,13.649529,13.649529,6765.613408000001,41.568627450980394,0.07,,,,,16.329653556190095,,,,37,105,,35,,,,,175,41.1624592739939,,,,,,,22.139999999999997,,50.6207823,30.4394429,
18:23:24.666,,,,,,,,,,,,,,,,,,,,70.19607843137256,90.19607843137256,99,,,,,,,,,,87.45098039215686,,,,,,,,19.607843137254903,,,,,,,,,,,,,14.957526960000001,,,,,,,,,,,,41.0575270739939,,266.274509803921,99,,,,,,50.6207823,30.4394429,
18:23:24.757,,,,,,,,,,,,,,,,,,,,,,,9.246480191227738,66.82264,66.82264,637.14278895,0.11558100239034672,0.835283,0.835283,8.278441,6.050000090152025,,88.62745098039215,,,6.050000090152025,23.668797659735354,,,,,,,,,,,8.69610263964284,6.119500533681419,6.119500533681419,0.12236053851689421,,,59,,,,32350,,32400,84.31372549019608,84.31372549019608,,175,39.457527050152,32511.1764705882,266.274509803921,,,,,,84.31372549019608,50.6207823,30.4394429,
18:23:24.900,,,,,,,,,,,,,,,32,,,,,,,,,,,,,,,,,,,,,,,,,,,,,,,,,,,,,,,,,,,,,,,,,,,,,,,,85,,,50.6207823,30.4394429,
18:23:24.937,,,,,,,,,,,,,,,,,,45.296875,,,,,,,,,,,,,,,,,,,,,,,,,,,,,,,,,,,,,,,,,,,,,,,,,,,,,,,,50.6207823,30.4394429,
18:23:24.973,,,,,,,,,,,,,,,,3168,0.1875,,,,,,,,,,,,,,,,,,,,,,,,,,,,,,,,,,,,,,,,,,,,,,,,,,,,,,,,,50.6207099,30.4393617,
18:23:25.130,,,,,30,,,,,,86.6758781031239,,,86.6758781031239,,,,,,,,,,,,,,,,,,,,,,,,,,,,,,,,,,,,,,,,,,,,,,,,,,,,,,,127.5,148,,,,50.6207099,30.4393617,
18:23:25.177,,,,,,,,,355.81,55,,3.712,,,,,,,,,,,,,,,,,,,,,,,,,,,,,,,,,,,,,,,,,,,,,,,,,,,7.389,,,,,,,,,,,50.6207099,30.4393617,
18:23:25.237,17.700000000000045,,15,,,,,,,,,,3.702,,,,,,,,,,,,,,,,,,,,,,,,,,,,,,,,,,,,,,,,,,,,,,,,,,7.414,,,,,,,,,,,50.6207099,30.4393617,
18:23:25.277,,17.300000000000182,,,,,,,,,,,,,,,,,,,,,,,,,,,,,,,,,,,,,,,,,,,,,,,,,,,,,,,,,,,,,,,,,,,,,,,,50.6207099,30.4393617,
18:23:25.385,,,,,,,,,,,,,,,,,,,,,,,,,,,,,,,,,,,,,,,,,,,,,,,,,,,,,,,79,,,,,,,,,175,,,,,,,,,,50.6207099,30.4393617,
18:23:25.446,,,,,,,,,,,,,,,,,,,,,,,,,,,,,,,,,,19.04,16.805555805977846,,,1998,2,,0.09113767632285322,1.3378562307222222,13.658273,13.658273,6765.622152000001,41.1764705882353,0.06,,,,,16.388175502958106,,,,37,105,,36,,,,,175,40.047527050152,,,,,,,22.848,,50.6207099,30.4393617,
18:23:25.542,,,,,,,,,,,,,,,,,,,,69.80392156862744,90.19607843137256,99,,,,,,,,,,87.45098039215686,,,,,,,,17.254901960784313,,,,,,,,,,,,,14.85304128,,,,,,,,,,,,39.943041370152,,266.274509803921,99,,,,,,50.6207099,30.4393617,
18:23:25.674,,,,,,,,,,,,,,,,,,,,,,,9.368798633050424,66.94496000000001,66.94496000000001,637.2651089499999,0.1171099829131303,0.8368120000000001,0.8368120000000001,8.27997,6.000000089406967,,88.62745098039215,,,6.000000089406967,23.473187761721007,,,,,,,,,,,8.753555144704164,6.12677752157978,6.12677752157978,0.12238297992376562,,,59,,,,32460,,32430,82.3529411764706,82.3529411764706,,175,39.893041369407,32628.6274509804,266.274509803921,,,,,,82.3529411764706,50.6207099,30.4393617,
18:23:25.937,,,,,,,,,,,,,,,32,,,,,,,,,,,,,,,,,,,,,,,,,,,,,,,,,,,,,,,,,,,,,,,,,,,,,,,,85,,,50.6207099,30.4393617,
18:23:25.973,,,,,,,,,,,,,,,,,,33.625,,,,,,,,,,,,,,,,,,,,,,,,,,,,,,,,,,,,,,,,,,,,,,,,,,,,,,,,50.6206338,30.4392778,
18:23:26.010,,,,,,,,,,,,,,,,2144,0.125,,,,,,,,,,,,,,,,,,,,,,,,,,,,,,,,,,,,,,,,,,,,,,,,,,,,,,,,,50.6206338,30.4392778,
18:23:26.145,,,,,,,,,357.74,55,,3.731,,,,,,,,,,,,,,,,,,,,,,,,,,,,,,,,,,,,,,,,,,,,,,,,,,,7.433,,,,,,,,,,,50.6206338,30.4392778,
18:23:26.205,20.65000000000009,,23.15000000000009,,,,,,,,,,3.713,,,,,,,,,,,,,,,,,,,,,,,,,,,,,,,,,,,,,,,,,,,,,,,,,,7.444,,,,,,,,,,,50.6206338,30.4392778,
18:23:26.241,,21.550000000000182,,,,,,,,,,,,,,,,,,,,,,,,,,,,,,,,,,,,,,,,,,,,,,,,,,,,,,,,,,,,,,,,,,,,,,,,50.6206338,30.4392778,
18:23:26.365,,,,,,,,,,,,,,,,,,,,,,,,,,,,,,,,,,18.740000000000002,16.216216457856667,,,2001,2,,0.060102947876844205,1.3472680522777778,13.667684999999999,13.667684999999999,6765.631564000001,41.1764705882353,0.05,,,,,16.452201804085384,,,,37,104,,37,,,,,175,39.593041369407,,,,,,,22.488000000000003,,50.6206338,30.4392778,
18:23:26.470,,,,,,,,,,,,,,,,,,,,69.80392156862744,90.19607843137256,99,,,,,,,,,,87.45098039215686,,,,,,,,16.862745098039216,,,,,,,,,,,,,14.809282320000001,,,,,,,,,,,,39.549282409407,,266.274509803921,99,,,,,,50.6206338,30.4392778,
18:23:26.541,,,,,,,,,,,,,,,,,,,,,,,9.484472194774094,67.06064,67.06064,637.3807889499999,0.11855590243467617,0.8382580000000001,0.8382580000000001,8.281416,6.000000089406967,,88.62745098039215,,,6.000000089406967,23.473187761721007,,,,,,,,,,,8.79972639700303,6.13313812836629,6.13313812836629,0.12240418239836624,,,59,,,,32460,,32420,82.3529411764706,82.3529411764706,,175,39.549282409407,32624.705882353,266.274509803921,,,,,,81.56862745098039,50.6206338,30.4392778,
18:23:26.696,,,,,,,,,,,,,,,32,,,,,,,,,,,,,,,,,,,,,,,,,,,,,,,,,,,,,,,,,,,,,,,,,,,,,,,,85,,,50.6206338,30.4392778,
18:23:26.734,,,,,,,,,,,,,,,,,,30.703125,,,,,,,,,,,,,,,,,,,,,,,,,,,,,,,,,,,,,,,,,,,,,,,,,,,,,,,,50.6206338,30.4392778,
18:23:26.770,,,,,,,,,,,,,,,,1984,0.109375,,,,,,,,,,,,,,,,,,,,,,,,,,,,,,,,,,,,,,,,,,,,,,,,,,,,,,,,,50.6206338,30.4392778,
18:23:26.854,,,,28,,,,,,,,,,,,,,,,,,,,,,,,,,,,,,,,,,,,,,,,,,,,,,,,,,,,,,,,,,,,,,,,,,148,,,,50.6206338,30.4392778,
18:23:26.950,,,,,,,,,356.13,55.5,,3.735,,,,,,,,,,,,,,,,,,,,,,,,,,,,,,,,,,,,,,,,,,,,,,,,,,,7.448,,,,,,,,,,,50.6205547,30.4391922,
18:23:27.021,22.800000000000182,,24.850000000000136,,,,,,,,,,3.72,,,,,,,,,,,,,,,,,,,,,,,,,,,,,,,,,,,,,,,,,,,,,,,,,,7.455,,,,,,,,,,,50.6205547,30.4391922,
18:23:27.058,,23.90000000000009,,,,,,,,,,,,,,,,,,,,,,,,,,,,,,,,,,,,,,,,,,,,,,,,,,,,,,,,,,,,,,,,,,,,,,,,50.6205547,30.4391922,
18:23:27.177,,,,,,,,,,,,,,,,,,,,,,,,,,,,,,,,,,18.7,15.78947391949202,,,1994,2,,0.0499411829348587,1.355874192,13.676290999999999,13.676290999999999,6765.640170000001,41.568627450980394,0.05,,,,,16.511630783214684,,,,37,104,,38,,,,,175,39.509282409407,,,,,,,22.439999999999998,,50.6205547,30.4391922,
18:23:27.281,,,,,,,,,,,,,,,,,,,,69.80392156862744,90.19607843137256,98,,,,,,,,,,87.45098039215686,,,,,,,,16.470588235294116,,,,,,,,,,,,,14.774900279999999,,,,,,,,,,,,39.474900369407,,266.274509803921,98,,,,,,50.6205547,30.4391922,
18:23:27.365,,,,,,,,,,,,,,,,,,,,,,,9.59525991742496,67.17143999999999,67.17143999999999,637.4915889499999,0.119940748967812,0.839643,0.839643,8.282801000000001,6.050000090152025,,88.62745098039215,,,6.050000090152025,23.668797659735354,,,,,,,,,,,8.846008698704695,6.139405778949864,6.139405778949864,0.12242449778407295,,,59,,,,32440,,32430,81.56862745098039,81.56862745098039,,175,39.524900370152,32603.9215686275,266.274509803921,,,,,,81.96078431372548,50.6205547,30.4391922,
18:23:27.641,,,,,,,,,,,,,,,32,,,,,,,,,,,,,,,,,,,,,,,,,,,,,,,,,,,,,,,,,,,,,,,,,,,,,,,,85,,,50.6205547,30.4391922,
18:23:27.678,,,,,,,,,,,,,,,,,,24.625,,,,,,,,,,,,,,,,,,,,,,,,,,,,,,,,,,,,,,,,,,,,,,,,,,,,,,,,50.6205547,30.4391922,
18:23:27.713,,,,,,,,,,,,,,,,1536,0.09375,,,,,,,,,,,,,,,,,,,,,,,,,,,,,,,,,,,,,,,,,,,,,,,,,,,,,,,,,50.6205547,30.4391922,
18:23:27.822,,,,,,,,,359.99,55.5,,3.738,,,,,,,,,,,,,,,,,,,,,,,,,,,,,,,,,,,,,,,,,,,,,,,,,,,7.458,,,,,,,,,,,50.6205547,30.4391922,
18:23:27.897,28.800000000000182,,-1600,,,,,,,,,,3.73,,,,,,,,,,,,,,,,,,,,,,,,,,,,,,,,,,,,,,,,,,,,,,,,,,7.468,,,,,,,,,,,50.6205547,30.4391922,
18:23:27.948,,28.40000000000009,,,,,,,,,,,,,,,,,,,,,,,,,,,,,,,,,,,,,,,,,,,,,,,,,,,,,,,,,,,,,,,,,,,,,,,,50.6204739,30.4391076,
18:23:28.069,,,,,,,,,,,,,,,,,,,,,,,,,,,,,,,,,,18.87,15.92105286882112,,,2000,2,,0.024220706652356514,1.3652821718333332,13.685699,13.685699,6765.649578000001,41.1764705882353,0.06,,,,,16.576222882127343,,,,37,104,,38,,,,,175,39.694900370152,,,,,,,22.644000000000002,,50.6204739,30.4391076,
18:23:28.157,,,,,,,,,,,,,,,,,,,,69.80392156862744,90.19607843137256,98,,,,,,,,,,87.45098039215686,,,,,,,,15.686274509803921,,,,,,,,,,,,,14.746323,,,,,,,,,,,,39.666323090152,,266.274509803921,98,,,,,,50.6204739,30.4391076,
18:23:28.229,,,,,,,,,,,,,,,,,,,,,,,9.710367239140194,67.28656000000001,67.28656000000001,637.60670895,0.12137959048925241,0.8410820000000001,0.8410820000000001,8.28424,6.000000089406967,,88.62745098039215,,,6.000000089406967,23.473187761721007,,,,,,,,,,,8.890439866087245,6.145699974842353,6.145699974842353,0.12244559675301586,,,60,,,,32510,,32430,83.13725490196079,83.13725490196079,,176,39.616323089407,32673.5294117647,266.274509803921,,,,,,82.3529411764706,50.6204739,30.4391076,
18:23:28.349,,,,,,,,,,,,,,,32,,,,,,,,,,,,,,,,,,,,,,,,,,,,,,,,,,,,,,,,,,,,,,,,,,,,,,,,85,,,50.6204739,30.4391076,
18:23:28.385,,,,,,,,,,,,,,,,,,17.65625,,,,,,,,,,,,,,,,,,,,,,,,,,,,,,,,,,,,,,,,,,,,,,,,,,,,,,,,50.6204739,30.4391076,
18:23:28.429,,,,,,,,,,,,,,,,1216,0.0625,,,,,,,,,,,,,,,,,,,,,,,,,,,,,,,,,,,,,,,,,,,,,,,,,,,,,,,,,50.6204739,30.4391076,
18:23:28.610,,,,,,30,30,30,,,,,,,,,,,,,,,,,,,,,,,,,,,,,,,,,,,,,,,,,,,,,,,,,,,,,,,,,,,,,,148,,,,50.6204739,30.4391076,
18:23:28.669,,,,,,,,,361.12,55.5,,3.755,,,,,,,,,,,,,,,,,,,,,,,,,,,,,,,,,,,,,,,,,,,,,,,,,,,7.485,,,,,,,,,,,50.6204739,30.4391076,
18:23:28.729,36.30000000000018,,-1600,,,,,,,,,,3.744,,,,,,,,,,,,,,,,,,,,,,,,,,,,,,,,,,,,,,,,,,,,,,,,,,7.499,,,,,,,,,,,50.6204739,30.4391076,
18:23:28.766,,34.80000000000018,,,,,,,,,,,,,,,,,,,,,,,,,,,,,,,,,,,,,,,,,,,,,,,,,,,,,,,,,,,,,,,,,,,,,,,,50.6204739,30.4391076,
18:23:28.886,,,,,,,,,,,,,,,,,,,,,,,,,,,,,,,,,,18.84,15.78947391949202,,,2003,2,,0.016471127799293737,1.3738323143333333,13.694249,13.694249,6765.658128000001,41.1764705882353,0.06,,,,,16.634589450127287,,,,37,104,,38,,,,,176,39.586323089407,,,,,,,22.608,,50.6204739,30.4391076,
18:23:28.954,,,,,,,,,,,,,,,,,,,,69.80392156862744,90.19607843137256,99,,,,,,,,,,87.45098039215686,,,,,,,,14.117647058823529,,,,,,,,,,,,,14.7262296,,,,,,,,,,,,39.566229689407,,266.274509803921,99,,,,,,50.6203916,30.4390227,
18:23:29.026,,,,,,,,,,,,,,,,,,,,,,,9.816616974056771,67.3928,67.3928,637.7129489499999,0.12270771217570964,0.8424100000000001,0.8424100000000001,8.285568,6.000000089406967,,88.62745098039215,,,6.000000089406967,23.473187761721007,,,,,,,,,,,8.9317823503995,6.15156041050517,6.15156041050517,0.12246507055551298,,,60,,,,32380,,32440,83.13725490196079,83.13725490196079,,176,39.566229689407,32545.4901960785,266.274509803921,,,,,,82.3529411764706,50.6203916,30.4390227,
18:23:29.110,,,,,,,,,,,,,,,,,,,54,,,,,,,,,,,,,,,,,,,,,,,,,,,,,,,,,,,,,,,,,,,,,,,,,,,,86,,,50.6203916,30.4390227,
18:23:29.205,,,,,,,,,,,,,,,32,,,,,,,,,,,,,,,,,,,,,,,,,,,,,,,,,,,,,,,,,,,,,,,,,,,,,,,,86,,,50.6203916,30.4390227,
18:23:29.277,,,,,,,,,,,,,,,,,,2.3125,,,,,,,,,,,,,,,,,,,,,,,,,,,,,,,,,,,,,,,,,,,,,,,,,,,,,,,,50.6203916,30.4390227,
18:23:29.398,,,,,,,,,,,,,,,,-192,-0.015625,,,,,,,,,,,,,,,,,,,,,,,,,,,,,,,,,,,,,,,,,,,,,,,,,,,,,,,,,50.6203916,30.4390227,
18:23:29.577,,,,,,,,,362.41,56,,3.784,,,,,,,,,,,,,,,,,,,,,,,,,,,,,,,,,,,,,,,,,,,,,,,,,,,7.528,,,,,,,,,,,50.6203916,30.4390227,
18:23:29.649,58.950000000000045,,-1600,,,,,,,,,,3.773,,,,,,,,,,,,,,,,,,,,,,,,,,,,,,,,,,,,,,,,,,,,,,,,,,7.557,,,,,,,,,,,50.6203916,30.4390227,
18:23:29.684,,57.90000000000009,,,,,,,,,,,,,,,,,,,,,,,,,,,,,,,,,,,,,,,,,,,,,,,,,,,,,,,,,,,,,,,,,,,,,,,,50.6203916,30.4390227,
18:23:29.780,,,,,,,,,,,,,,,,,,,,,,,,,,,,,,,,,,,,,,,,,,,,,,,,,,,,,,,79,,,,,,,,,176,,,,,,,,,,50.6203916,30.4390227,
18:23:29.853,,,,,,,,,,,,,,,,,,,,,,,,,,,,,,,,,,18.8,15.78947391949202,,,1999,2,,0.00812034232253063,1.384041314111111,13.704457999999999,13.704457999999999,6765.668337000001,41.1764705882353,0.05,,,,,16.703864803908857,,,,37,104,,38,,,,,176,39.526229689407,,,,,,,22.56,,50.6203916,30.4390227,
18:23:29.926,,,,,,,,,,,,,,,,,,,,69.80392156862744,90.19607843137256,98,,,,,,,,,,87.45098039215686,,,,,,,,10.588235294117647,,,,,,,,,,,,,14.709261840000002,,,,,,,,,,,,39.509261929407,,266.274509803921,98,,,,,,50.6203916,30.4390227,
18:23:29.985,,,,,,,,,,,,,,,,,,,,,,,9.94452600262943,67.52072,67.52072,637.84086895,0.12430657503286788,0.844009,0.844009,8.287167,6.000000089406967,,88.62745098039215,,,6.000000089406967,23.473187761721007,,,,,,,,,,,8.981420840945253,6.158645602766634,6.158645602766634,0.12248851979159615,,,60,,,,32360,,32430,82.3529411764706,82.3529411764706,,176,39.509261929407,32525.4901960785,266.274509803921,,,,,,82.74509803921569,50.6203108,30.4389397,
18:23:30.117,,,,,,,,,,,,,,,32,,,,,,,,,,,,,,,,,,,,,,,,,,,,,,,,,,,,,,,,,,,,,,,,,,,,,,,,86,,,50.6203108,30.4389397,
18:23:30.154,,,,,,,,,,,,,,,,,,-2.703125,,,,,,,,,,,,,,,,,,,,,,,,,,,,,,,,,,,,,,,,,,,,,,,,,,,,,,,,50.6203108,30.4389397,
18:23:30.190,,,,,,,,,,,,,,,,0,0,,,,,,,,,,,,,,,,,,,,,,,,,,,,,,,,,,,,,,,,,,,,,,,,,,,,,,,,,50.6203108,30.4389397,
18:23:30.298,,,,,,,,,360.96,56,,3.784,,,,,,,,,,,,,,,,,,,,,,,,,,,,,,,,,,,,,,,,,,,,,,,,,,,7.557,,,,,,,,,,,50.6203108,30.4389397,
18:23:30.370,50.850000000000136,,-1600,,,,,,,,,,3.774,,,,,,,,,,,,,,,,,,,,,,,,,,,,,,,,,,,,,,,,,,,,,,,,,,7.558,,,,,,,,,,,50.6203108,30.4389397,
18:23:30.417,,50.850000000000136,,,,,,,,,,,,,,,,,,,,,,,,,,,,,,,,,,,,,,,,,,,,,,,,,,,,,,,,,,,,,,,,,,,,,,,,50.6203108,30.4389397,
18:23:30.537,,,,,,,,,,,,,,,,,,,,,,,,,,,,,,,,,,18.66,16.216216457856667,,,1998,2,,-0.008429908046714969,1.3910702924999998,13.711487,13.711487,6765.675366000001,41.1764705882353,0.06,,,,,16.750292501869296,,,,37,104,,37,,,,,176,39.369261929407,,,,,,,22.392,,50.6203108,30.4389397,
18:23:30.617,,,,,,,,,,,,,,,,,,,,69.80392156862744,90.19607843137256,99,,,,,,,,,,87.45098039215686,,,,,,,,11.764705882352942,,,,,,,,,,,,,14.752127760000002,,,,,,,,,,,,39.412127849407,,266.274509803921,99,,,,,,50.6203108,30.4389397,
18:23:30.690,,,,,,,,,,,,,,,,,,,,,,,10.03846368402921,67.61464,67.61464,637.93478895,0.12548079605036513,0.845183,0.845183,8.288341,6.000000089406967,,88.62745098039215,,,6.000000089406967,23.473187761721007,,,,,,,,,,,9.020449701708023,6.1640506241226785,6.1640506241226785,0.1225057448315057,,,60,,,,32370,,32440,83.92156862745098,83.92156862745098,,176,39.412127849407,32535.0980392157,266.274509803921,,,,,,83.52941176470588,50.6203108,30.4389397,
18:23:30.797,,,,,,,,,,,,,,,32,,,,,,,,,,,,,,,,,,,,,,,,,,,,,,,,,,,,,,,,,,,,,,,,,,,,,,,,86,,,50.6203108,30.4389397,
18:23:30.834,,,,,,,,,,,,,,,,,,-1.484375,,,,,,,,,,,,,,,,,,,,,,,,,,,,,,,,,,,,,,,,,,,,,,,,,,,,,,,,50.6203108,30.4389397,
18:23:30.870,,,,,,,,,,,,,,,,-32,-0.015625,,,,,,,,,,,,,,,,,,,,,,,,,,,,,,,,,,,,,,,,,,,,,,,,,,,,,,,,,50.6203108,30.4389397,
18:23:31.001,,,,,,,,,361.6,56.5,,3.776,,,,,,,,,,,,,,,,,,,,,,,,,,,,,,,,,,,,,,,,,,,,,,,,,,,7.55,,,,,,,,,,,50.6202308,30.438859,
18:23:31.061,45.5,,-1600,,,,,,,,,,3.765,,,,,,,,,,,,,,,,,,,,,,,,,,,,,,,,,,,,,,,,,,,,,,,,,,7.541,,,,,,,,,,,50.6202308,30.438859,
18:23:31.098,,42.05000000000018,,,,,,,,,,,,,,,,,,,,,,,,,,,,,,,,,,,,,,,,,,,,,,,,,,,,,,,,,,,,,,,,,,,,,,,,50.6202308,30.438859,
18:23:31.217,,,,,,,,,,,,,,,,,,,,,,,,,,,,,,,,,,18.76,16.216216457856667,,,2002,2,,-0.008997978881340135,1.3980681785555553,13.718485,13.718485,6765.682364000001,41.1764705882353,0.05,,,,,16.796304307924284,,,,37,104,,37,,,,,176,39.512127849407,,,,,,,22.512,,50.6202308,30.438859,
18:23:31.314,,,,,,,,,,,,,,,,,,,,69.80392156862744,90.19607843137256,98,,,,,,,,,,87.45098039215686,,,,,,,,11.764705882352942,,,,,,,,,,,,,14.73516,,,,,,,,,,,,39.495160089407,,266.274509803921,98,,,,,,50.6202308,30.438859,
18:23:31.421,,,,,,,,,,,,,,,,,,,,,,,10.135996338815893,67.71216,67.71216,638.0323089499999,0.12669995423519867,0.8464020000000001,0.8464020000000001,8.28956,6.000000089406967,,88.62745098039215,,,6.000000089406967,23.473187761721007,,,,,,,,,,,9.06250182777935,6.169792072521128,6.169792072521128,0.12252363551839955,,,60,,,,32350,,32430,82.74509803921569,82.74509803921569,,176,39.495160089407,32517.4509803922,266.274509803921,,,,,,83.13725490196079,50.6202308,30.438859,
18:23:31.625,,,,,,,,,,,,,,,32,,,,,,,,,,,,,,,,,,,,,,,,,,,,,,,,,,,,,,,,,,,,,,,,,,,,,,,,86,,,50.6202308,30.438859,
18:23:31.667,,,,,,,,,,,,,,,,,,-2.859375,,,,,,,,,,,,,,,,,,,,,,,,,,,,,,,,,,,,,,,,,,,,,,,,,,,,,,,,50.6202308,30.438859,
18:23:31.714,,,,,,,,,,,,,,,,-256,-0.015625,,,,,,,,,,,,,,,,,,,,,,,,,,,,,,,,,,,,,,,,,,,,,,,,,,,,,,,,,50.6202308,30.438859,
18:23:31.845,,,,,30,,,,,,86.6758781031239,,,86.6758781031239,,,,,,,,,,,,,,,,,,,,,,,,,,,,,,,,,,,,,,,,,,,,,,,,,,,,,,,127.5,148,,,,50.6202308,30.438859,
18:23:31.894,,,,,,,,,362.25,56.5,,3.795,,,,,,,,,,,,,,,,,,,,,,,,,,,,,,,,,,,,,,,,,,,,,,,,,,,7.56,,,,,,,,,,,50.6202308,30.438859,
18:23:31.941,51.90000000000009,,-1600,,,,,,,,,,3.784,,,,,,,,,,,,,,,,,,,,,,,,,,,,,,,,,,,,,,,,,,,,,,,,,,7.579,,,,,,,,,,,50.6202308,30.438859,
18:23:31.989,,51.700000000000045,,,,,,,,,,,,,,,,,,,,,,,,,,,,,,,,,,,,,,,,,,,,,,,,,,,,,,,,,,,,,,,,,,,,,,,,50.6201517,30.4387806,
18:23:32.097,,,,,,,,,,,,,,,,,,,,,,,,,,,,,,,,,,18.84,16.666666915019352,,,2001,2,,-0.01764142333442575,1.4068568845555554,13.727274,13.727274,6765.691153000001,41.1764705882353,0.06,,,,,16.852463483789276,,,,37,104,,36,,,,,176,39.575160089407,,,,,,,22.608,,50.6201517,30.4387806,
18:23:32.174,,,,,,,,,,,,,,,,,,,,69.80392156862744,90.19607843137256,98,,,,,,,,,,87.45098039215686,,,,,,,,10.196078431372548,,,,,,,,,,,,,14.696759279999998,,,,,,,,,,,,39.536759369407,,266.274509803921,98,,,,,,50.6201517,30.4387806,
18:23:32.257,,,,,,,,,,,,,,,,,,,,,,,10.24749426047734,67.82368,67.82368,638.1438289499999,0.12809367825596676,0.847796,0.847796,8.290954000000001,6.000000089406967,,88.62745098039215,,,6.000000089406967,23.473187761721007,,,,,,,,,,,9.104954431554226,6.175996778384405,6.175996778384405,0.12254408030912967,,,60,,,,32380,,32410,84.70588235294117,84.70588235294117,,176,39.536759369407,32545.8823529412,266.274509803921,,,,,,83.52941176470588,50.6201517,30.4387806,
18:23:32.497,,,,,,,,,,,,,,,32,,,,,,,,,,,,,,,,,,,,,,,,,,,,,,,,,,,,,,,,,,,,,,,,,,,,,,,,86,,,50.6201517,30.4387806,
18:23:32.557,,,,,,,,,,,,,,,,,,-58.5625,,,,,,,,,,,,,,,,,,,,,,,,,,,,,,,,,,,,,,,,,,,,,,,,,,,,,,,,50.6201517,30.4387806,
18:23:32.617,,,,,,,,,,,,,,,,-3776,-0.234375,,,,,,,,,,,,,,,,,,,,,,,,,,,,,,,,,,,,,,,,,,,,,,,,,,,,,,,,,50.6201517,30.4387806,
18:23:32.797,,,,,,,,,367.08,57,,3.832,,,,,,,,,,,,,,,,,,,,,,,,,,,,,,,,,,,,,,,,,,,,,,,,,,,7.616,,,,,,,,,,,50.6201517,30.4387806,
18:23:32.857,82.05000000000018,,-1600,,,,,,,,,,3.825,,,,,,,,,,,,,,,,,,,,,,,,,,,,,,,,,,,,,,,,,,,,,,,,,,7.657,,,,,,,,,,,50.6201517,30.4387806,
18:23:32.918,,85.85000000000014,,,,,,,,,,,,,,,,,,,,,,,,,,,,,,,,,,,,,,,,,,,,,,,,,,,,,,,,,,,,,,,,,,,,,,,,50.6201517,30.4387806,
18:23:33.037,,,,,,,,,,,,,,,,,,,,,,,,,,,,,,,,,,18.63,17.142857398305622,,,1997,2,,-0.026693260683635034,1.4160656927499997,13.736483,13.736483,6765.7003620000005,41.568627450980394,0.06,,,,,16.909479899278292,,,,37,104,,35,,,,,176,39.326759369407,,,,,,,22.355999999999998,,50.6200745,30.4387074,
18:23:33.181,,,,,,,,,,,,,,,,,,,,70.19607843137256,90.19607843137256,98,,,,,,,,,,87.45098039215686,,,,,,,,3.1372549019607843,,,,,,,,,,,,,14.700777960000002,,,,,,,,,,,,39.330778049407,,266.274509803921,98,,,,,,50.6200745,30.4387074,
18:23:33.353,,,,,,,,,,,,,,,,,,,,,,,10.393606955987924,67.96976000000001,67.96976000000001,638.2899089499999,0.12992008694984905,0.8496220000000001,0.8496220000000001,8.29278,6.000000089406967,,88.62745098039215,,,6.000000089406967,23.473187761721007,,,,,,,,,,,9.174721738900702,6.185149430170736,6.185149430170736,0.12257090258647786,,,60,,,,32300,,32440,83.92156862745098,83.92156862745098,,176,39.330778049407,32468.2352941176,266.274509803921,,,,,,83.92156862745098,50.6200745,30.4387074,
18:23:33.486,,,,,,,,,,,,,,,32,,,,,,,,,,,,,,,,,,,,,,,,,,,,,,,,,,,,,,,,,,,,,,,,,,,,,,,,86,,,50.6200745,30.4387074,
18:23:33.521,,,,,,,,,,,,,,,,,,-30.921875,,,,,,,,,,,,,,,,,,,,,,,,,,,,,,,,,,,,,,,,,,,,,,,,,,,,,,,,50.6200745,30.4387074,
18:23:33.569,,,,,,,,,,,,,,,,-2048,-0.125,,,,,,,,,,,,,,,,,,,,,,,,,,,,,,,,,,,,,,,,,,,,,,,,,,,,,,,,,50.6200745,30.4387074,
18:23:33.690,,,,,,,,,368.2,57,,3.831,,,,,,,,,,,,,,,,,,,,,,,,,,,,,,,,,,,,,,,,,,,,,,,,,,,7.656,,,,,,,,,,,50.6200745,30.4387074,
18:23:33.750,64.10000000000014,,-1600,,,,,,,,,,3.819,,,,,,,,,,,,,,,,,,,,,,,,,,,,,,,,,,,,,,,,,,,,,,,,,,7.65,,,,,,,,,,,50.6200745,30.4387074,
18:23:33.784,,63.65000000000009,,,,,,,,,,,,,,,,,,,,,,,,,,,,,,,,,,,,,,,,,,,,,,,,,,,,,,,,,,,,,,,,,,,,,,,,50.6200745,30.4387074,
18:23:33.893,,,,,,,,,,,,,,,,,,,,,,,,,,,,,,,,,,,,,,,,,,,,,,,,,,,,,,,79,,,,,,,,,176,,,,,,,,,,50.6200745,30.4387074,
18:23:33.952,,,,,,,,,,,,,,,,,,,,,,,,,,,,,,,,,,18.96,18.750000279396772,,,2006,2,,-0.04146739992527058,1.4241946305277775,13.744612,13.744612,6765.708491000001,41.1764705882353,0.06,,,,,16.955117150647542,,,,37,104,,32,,,,,176,39.660778049407,,,,,,,22.752,,50.6200022,30.4386402,
18:23:34.046,,,,,,,,,,,,,,,,,,,,70.58823529411765,90.19607843137256,99,,,,,,,,,,87.45098039215686,,,,,,,,8.235294117647058,,,,,,,,,,,,,14.67309372,,,,,,,,,,,,39.633093809407,,266.274509803921,99,,,,,,50.6200022,30.4386402,
18:23:34.133,,,,,,,,,,,,,,,,,,,,,,,10.497681437538755,68.07384,68.07384,638.3939889499999,0.13122101796923444,0.8509230000000001,0.8509230000000001,8.294081,6.000000089406967,,88.62745098039215,,,6.000000089406967,23.473187761721007,,,,,,,,,,,9.213699810159136,6.190956863678656,6.190956863678656,0.12258998464141778,,,60,,,,32460,,32430,84.70588235294117,84.70588235294117,,176,39.633093809407,32627.8431372548,266.274509803921,,,,,,83.92156862745098,50.6200022,30.4386402,
18:23:34.254,,,,,,,,,,,,,,,32,,,,,,,,,,,,,,,,,,,,,,,,,,,,,,,,,,,,,,,,,,,,,,,,,,,,,,,,86,,,50.6200022,30.4386402,
18:23:34.288,,,,,,,,,,,,,,,,,,-17.921875,,,,,,,,,,,,,,,,,,,,,,,,,,,,,,,,,,,,,,,,,,,,,,,,,,,,,,,,50.6200022,30.4386402,
18:23:34.325,,,,,,,,,,,,,,,,-1344,-0.09375,,,,,,,,,,,,,,,,,,,,,,,,,,,,,,,,,,,,,,,,,,,,,,,,,,,,,,,,,50.6200022,30.4386402,
18:23:34.453,,,,,,,,,367.72,57.5,,3.825,,,,,,,,,,,,,,,,,,,,,,,,,,,,,,,,,,,,,,,,,,,,,,,,,,,7.644,,,,,,,,,,,50.6200022,30.4386402,
18:23:34.515,44.850000000000136,,-1600,,,,,,,,,,3.813,,,,,,,,,,,,,,,,,,,,,,,,,,,,,,,,,,,,,,,,,,,,,,,,,,7.638,,,,,,,,,,,50.6200022,30.4386402,
18:23:34.561,,52.75,,,,,,,,,,,,,,,,,,,,,,,,,,,,,,,,,,,,,,,,,,,,,,,,,,,,,,,,,,,,,,,,,,,,,,,,50.6200022,30.4386402,
18:23:34.681,,,,,,,,,,,,,,,,,,,,,,,,,,,,,,,,,,18.63,19.35483899808699,,,1990,2,,-0.04906699337142397,1.430514373194444,13.750931999999999,13.750931999999999,6765.714811000001,41.568627450980394,0.05,,,,,16.989121503841307,,,,37,104,,31,,,,,176,39.303093809407,,,,,,,22.355999999999998,,50.6200022,30.4386402,
18:23:34.777,,,,,,,,,,,,,,,,,,,,70.19607843137256,90.19607843137256,98,,,,,,,,,,87.45098039215686,,,,,,,,8.627450980392156,,,,,,,,,,,,,14.6949732,,,,,,,,,,,,39.324973289407,,266.274509803921,98,,,,,,50.6200022,30.4386402,
18:23:34.857,,,,,,,,,,,,,,,,,,,,,,,10.594982634433102,68.17112,68.17112,638.49126895,0.13243728293041376,0.852139,0.852139,8.295297,6.050000090152025,,88.62745098039215,,,6.050000090152025,23.668797659735354,,,,,,,,,,,9.258018333270678,6.196954504611033,6.196954504611033,0.12260784309904899,,,60,,,,32350,,32410,84.31372549019608,84.31372549019608,,176,39.374973290152,32518.6274509803,266.274509803921,,,,,,84.70588235294117,50.6200022,30.4386402,
18:23:35.013,,,,,,,,,,,,,,,32,,,,,,,,,,,,,,,,,,,,,,,,,,,,,,,,,,,,,,,,,,,,,,,,,,,,,,,,86,,,50.6199334,30.4385767,
18:23:35.062,,,,,,,,,,,,,,,,,,-16.375,,,,,,,,,,,,,,,,,,,,,,,,,,,,,,,,,,,,,,,,,,,,,,,,,,,,,,,,50.6199334,30.4385767,
18:23:35.149,,,,,,,,,,,,,,,,-1248,-0.078125,,,,,,,,,,,,,,,,,,,,,,,,,,,,,,,,,,,,,,,,,,,,,,,,,,,,,,,,,50.6199334,30.4385767,
18:23:35.305,,,,28,,,,,,,,,,,,,,,,,,,,,,,,,,,,,,,,,,,,,,,,,,,,,,,,,,,,,,,,,,,,,,,,,,148,,,,50.6199334,30.4385767,
18:23:35.413,,,,,,,,,366.59000000000003,57.5,,3.83,,,,,,,,,,,,,,,,,,,,,,,,,,,,,,,,,,,,,,,,,,,,,,,,,,,7.643,,,,,,,,,,,50.6199334,30.4385767,
18:23:35.474,57.25,,-1600,,,,,,,,,,3.819,,,,,,,,,,,,,,,,,,,,,,,,,,,,,,,,,,,,,,,,,,,,,,,,,,7.649,,,,,,,,,,,50.6199334,30.4385767,
18:23:35.510,,59.80000000000018,,,,,,,,,,,,,,,,,,,,,,,,,,,,,,,,,,,,,,,,,,,,,,,,,,,,,,,,,,,,,,,,,,,,,,,,50.6199334,30.4385767,
18:23:35.642,,,,,,,,,,,,,,,,,,,,,,,,,,,,,,,,,,19.3,20.16666696717342,,,2005,2,,-0.047942811373379635,1.4384890398611108,13.758907,13.758907,6765.722786000001,41.568627450980394,0.07,,,,,17.03006714806759,,,,37,105,,30,,,,,176,40.044973290152,,,,,,,23.16,,50.6199334,30.4385767,
18:23:35.726,,,,,,,,,,,,,,,,,,,,70.58823529411765,90.19607843137256,99,,,,,,,,,,87.45098039215686,,,,,,,,8.627450980392156,,,,,,,,,,,,,14.671307640000002,,,,,,,,,,,,40.021307730152,,266.274509803921,99,,,,,,50.6199334,30.4385767,
18:23:35.805,,,,,,,,,,,,,,,,,,,,,,,10.722429973443326,68.29856000000001,68.29856000000001,638.6187089499999,0.13403037466804157,0.853732,0.853732,8.29689,6.050000090152025,,88.62745098039215,,,6.050000090152025,23.668797659735354,,,,,,,,,,,9.317441492705603,6.204940552327304,6.204940552327304,0.12263124373301804,,,60,,,,32470,,32430,84.31372549019608,84.31372549019608,,176,40.021307730152,32639.0196078431,266.274509803921,,,,,,83.13725490196079,50.6199334,30.4385767,
18:23:35.865,,,,,,,,,,,,,,,,,,,54,,,,,,,,,,,,,,,,,,,,,,,,,,,,,,,,,,,,,,,,,,,,,,,,,,,,86,,,50.6199334,30.4385767,
18:23:35.961,,,,,,,,,,,,,,,32,,,,,,,,,,,,,,,,,,,,,,,,,,,,,,,,,,,,,,,,,,,,,,,,,,,,,,,,86,,,50.6198672,30.4385155,
18:23:35.997,,,,,,,,,,,,,,,,,,-8.96875,,,,,,,,,,,,,,,,,,,,,,,,,,,,,,,,,,,,,,,,,,,,,,,,,,,,,,,,50.6198672,30.4385155,
18:23:36.034,,,,,,,,,,,,,,,,-448,-0.03125,,,,,,,,,,,,,,,,,,,,,,,,,,,,,,,,,,,,,,,,,,,,,,,,,,,,,,,,,50.6198672,30.4385155,
18:23:36.166,,,,,,,,,367.24,58,,3.827,,,,,,,,,,,,,,,,,,,,,,,,,,,,,,,,,,,,,,,,,,,,,,,,,,,7.646,,,,,,,,,,,50.6198672,30.4385155,
18:23:36.226,51.05000000000018,,-1600,,,,,,,,,,3.814,,,,,,,,,,,,,,,,,,,,,,,,,,,,,,,,,,,,,,,,,,,,,,,,,,7.641,,,,,,,,,,,50.6198672,30.4385155,
18:23:36.261,,50,,,,,,,,,,,,,,,,,,,,,,,,,,,,,,,,,,,,,,,,,,,,,,,,,,,,,,,,,,,,,,,,,,,,,,,,50.6198672,30.4385155,
18:23:36.394,,,,,,,,,,,,,,,,,,,,,,,,,,,,,,,,,,18.71,20.862069276386293,,,2000,2,,-0.050620690693818596,1.4445970472499996,13.765015,13.765015,6765.728894000001,41.568627450980394,0.05,,,,,17.05984007302152,,,,37,104,,29,,,,,176,39.431307730152,,,,,,,22.452,,50.6198672,30.4385155,
18:23:36.493,,,,,,,,,,,,,,,,,,,,70.19607843137256,90.19607843137256,98,,,,,,,,,,87.45098039215686,,,,,,,,11.372549019607844,,,,,,,,,,,,,14.694080160000002,,,,,,,,,,,,39.454080250152,,266.274509803921,98,,,,,,50.6198672,30.4385155,
18:23:36.594,,,,,,,,,,,,,,,,,,,,,,,10.828472358356812,68.40464,68.40464,638.72478895,0.13535590447946017,0.8550580000000001,0.8550580000000001,8.298216,6.050000090152025,,88.62745098039215,,,6.050000090152025,23.668797659735354,,,,,,,,,,,9.369803485140011,6.211820328564844,6.211820328564844,0.12265073179859516,,,61,,,,32410,,32420,85.49019607843137,85.49019607843137,,177,39.454080250152,32577.4509803922,266.274509803921,,,,,,84.70588235294117,50.6198672,30.4385155,
18:23:36.737,,,,,,,,,,,,,,,32,,,,,,,,,,,,,,,,,,,,,,,,,,,,,,,,,,,,,,,,,,,,,,,,,,,,,,,,86,,,50.6198672,30.4385155,
18:23:36.776,,,,,,,,,,,,,,,,,,7.734375,,,,,,,,,,,,,,,,,,,,,,,,,,,,,,,,,,,,,,,,,,,,,,,,,,,,,,,,50.6198672,30.4385155,
18:23:36.840,,,,,,,,,,,,,,,,480,0.015625,,,,,,,,,,,,,,,,,,,,,,,,,,,,,,,,,,,,,,,,,,,,,,,,,,,,,,,,,50.6198672,30.4385155,
18:23:37.081,,,,,,30,30,30,,,,,,,,,,,,,,,,,,,,,,,,,,,,,,,,,,,,,,,,,,,,,,,,,,,,,,,,,,,,,,148,,,,50.6198029,30.4384554,
18:23:37.142,,,,,,,,,367.08,58,,3.819,,,,,,,,,,,,,,,,,,,,,,,,,,,,,,,,,,,,,,,,,,,,,,,,,,,7.633,,,,,,,,,,,50.6198029,30.4384554,
18:23:37.201,45.05000000000018,,-1600,,,,,,,,,,3.808,,,,,,,,,,,,,,,,,,,,,,,,,,,,,,,,,,,,,,,,,,,,,,,,,,7.627,,,,,,,,,,,50.6198029,30.4384554,
18:23:37.249,,43.350000000000136,,,,,,,,,,,,,,,,,,,,,,,,,,,,,,,,,,,,,,,,,,,,,,,,,,,,,,,,,,,,,,,,,,,,,,,,50.6198029,30.4384554,
18:23:37.368,,,,,,,,,,,,,,,,,,,,,,,,,,,,,,,,,,18.85,20.862069276386293,,,2003,2,,-0.02487645289099571,1.452495892444444,13.772914,13.772914,6765.736793000001,41.1764705882353,0.07,,,,,17.098123365524607,,,,37,105,,29,,,,,177,39.594080250152,,,,,,,22.62,,50.6198029,30.4384554,
18:23:37.470,,,,,,,,,,,,,,,,,,,,70.19607843137256,90.19607843137256,98,,,,,,,,,,87.45098039215686,,,,,,,,11.764705882352942,,,,,,,,,,,,,14.685596279999999,,,,,,,,,,,,39.585596370152,,266.274509803921,98,,,,,,50.6198029,30.4384554,
18:23:37.542,,,,,,,,,,,,,,,,,,,,,,,10.954831293573042,68.53096,68.53096,638.8511089499999,0.13693539116966302,0.8566370000000001,0.8566370000000001,8.299795,6.000000089406967,,88.62745098039215,,,6.000000089406967,23.473187761721007,,,,,,,,,,,9.427592317607921,6.219722275184467,6.219722275184467,0.12267392678632094,,,61,,,,32440,,32440,85.88235294117646,85.88235294117646,,177,39.535596369407,32610.1960784313,266.274509803921,,,,,,85.09803921568627,50.6198029,30.4384554,
18:23:37.661,,,,,,,,,,,,,,,32,,,,,,,,,,,,,,,,,,,,,,,,,,,,,,,,,,,,,,,,,,,,,,,,,,,,,,,,86,,,50.6198029,30.4384554,
18:23:37.698,,,,,,,,,,,,,,,,,,9.140625,,,,,,,,,,,,,,,,,,,,,,,,,,,,,,,,,,,,,,,,,,,,,,,,,,,,,,,,50.6198029,30.4384554,
18:23:37.737,,,,,,,,,,,,,,,,576,0.03125,,,,,,,,,,,,,,,,,,,,,,,,,,,,,,,,,,,,,,,,,,,,,,,,,,,,,,,,,50.6198029,30.4384554,
18:23:37.882,,,,,,,,,367.24,58.5,,3.822,,,,,,,,,,,,,,,,,,,,,,,,,,,,,,,,,,,,,,,,,,,,,,,,,,,7.63,,,,,,,,,,,50.6198029,30.4384554,
18:23:37.953,44,,-1600,,,,,,,,,,3.811,,,,,,,,,,,,,,,,,,,,,,,,,,,,,,,,,,,,,,,,,,,,,,,,,,7.633,,,,,,,,,,,50.6197395,30.4383948,
18:23:37.989,,44,,,,,,,,,,,,,,,,,,,,,,,,,,,,,,,,,,,,,,,,,,,,,,,,,,,,,,,,,,,,,,,,,,,,,,,,50.6197395,30.4383948,
18:23:38.094,,,,,,,,,,,,,,,,,,,,,,,,,,,,,,,,,,,,,,,,,,,,,,,,,,,,,,,80,,,,,,,,,178,,,,,,,,,,50.6197395,30.4383948,
18:23:38.154,,,,,,,,,,,,,,,,,,,,,,,,,,,,,,,,,,18.8,20.68965548071368,,,2000,2,,-0.016313473548935573,1.4587238897499994,13.779142,13.779142,6765.743021000001,41.568627450980394,0.07,,,,,17.128135913511155,,,,37,105,,29,,,,,178,39.485596369407,,,,,,,22.56,,50.6197395,30.4383948,
18:23:38.244,,,,,,,,,,,,,,,,,,,,70.19607843137256,90.19607843137256,99,,,,,,,,,,87.45098039215686,,,,,,,,11.764705882352942,,,,,,,,,,,,,14.698098840000002,,,,,,,,,,,,39.498098929407,,266.274509803921,99,,,,,,50.6197395,30.4383948,
18:23:38.328,,,,,,,,,,,,,,,,,,,,,,,11.06150736316264,68.6376,68.6376,638.9577489499999,0.138268842039533,0.8579700000000001,0.8579700000000001,8.301128,6.100000090897083,,88.62745098039215,,,6.100000090897083,23.864407557749683,,,,,,,,,,,9.478753519504636,6.226585080551461,6.226585080551461,0.12269351605927627,,,61,,,,32490,,32450,84.70588235294117,84.70588235294117,,178,39.5980989308971,32660.9803921569,266.274509803921,,,,,,85.49019607843137,50.6197395,30.4383948,
18:23:38.485,,,,,,,,,,,,,,,32,,,,,,,,,,,,,,,,,,,,,,,,,,,,,,,,,,,,,,,,,,,,,,,,,,,,,,,,86,,,50.6197395,30.4383948,
18:23:38.521,,,,,,,,,,,,,,,,,,9.40625,,,,,,,,,,,,,,,,,,,,,,,,,,,,,,,,,,,,,,,,,,,,,,,,,,,,,,,,50.6197395,30.4383948,
18:23:38.569,,,,,,,,,,,,,,,,512,0.03125,,,,,,,,,,,,,,,,,,,,,,,,,,,,,,,,,,,,,,,,,,,,,,,,,,,,,,,,,50.6197395,30.4383948,
18:23:38.676,,,,,30,,,,,,86.6758781031239,,,86.6758781031239,,,,,,,,,,,,,,,,,,,,,,,,,,,,,,,,,,,,,,,,,,,,,,,,,,,,,,,127.5,148,,,,50.6197395,30.4383948,
18:23:38.784,,,,,,,,,366.43,58.5,,3.826,,,,,,,,,,,,,,,,,,,,,,,,,,,,,,,,,,,,,,,,,,,,,,,,,,,7.637,,,,,,,,,,,50.6197395,30.4383948,
18:23:38.881,44.40000000000009,,-1600,,,,,,,,,,3.814,,,,,,,,,,,,,,,,,,,,,,,,,,,,,,,,,,,,,,,,,,,,,,,,,,7.64,,,,,,,,,,,50.6197395,30.4383948,
18:23:38.965,,42.90000000000009,,,,,,,,,,,,,,,,,,,,,,,,,,,,,,,,,,,,,,,,,,,,,,,,,,,,,,,,,,,,,,,,,,,,,,,,50.6196771,30.4383324,
18:23:39.086,,,,,,,,,,,,,,,,,,,,,,,,,,,,,,,,,,18.79,21.034483072058908,,,1997,2,,-0.008223603425127323,1.4661732341388882,13.786591,13.786591,6765.750470000001,41.568627450980394,0.06,,,,,17.163835898813435,,,,36,105,,29,,,,,177,39.5880989308971,,,,,,,22.548,,50.6196771,30.4383324,
18:23:39.153,,,,,,,,,,,,,,,,,,,,70.58823529411765,90.19607843137256,98,,,,,,,,,,87.45098039215686,,,,,,,,11.764705882352942,,,,,,,,,,,,,14.7039036,,,,,,,,,,,,39.5939036908971,,266.274509803921,98,,,,,,50.6196771,30.4383324,
18:23:39.258,,,,,,,,,,,,,,,,,,,,,,,11.18855787805584,68.76464,68.76464,639.08478895,0.139856973475698,0.859558,0.859558,8.302716,6.150000091642141,,88.62745098039215,,,6.150000091642141,24.060017455764033,,,,,,,,,,,9.538911925222719,6.234739247722661,6.234739247722661,0.1227168521336259,,,61,,,,32420,,32460,85.49019607843137,85.49019607843137,,177,39.6439036916421,32590.1960784313,266.274509803921,,,,,,85.88235294117646,50.6196771,30.4383324,
18:23:39.401,,,,,,,,,,,,,,,32,,,,,,,,,,,,,,,,,,,,,,,,,,,,,,,,,,,,,,,,,,,,,,,,,,,,,,,,86,,,50.6196771,30.4383324,
18:23:39.437,,,,,,,,,,,,,,,,,,2.796875,,,,,,,,,,,,,,,,,,,,,,,,,,,,,,,,,,,,,,,,,,,,,,,,,,,,,,,,50.6196771,30.4383324,
18:23:39.474,,,,,,,,,,,,,,,,192,0,,,,,,,,,,,,,,,,,,,,,,,,,,,,,,,,,,,,,,,,,,,,,,,,,,,,,,,,,50.6196771,30.4383324,
18:23:39.601,,,,,,,,,367.08,59,,3.831,,,,,,,,,,,,,,,,,,,,,,,,,,,,,,,,,,,,,,,,,,,,,,,,,,,7.645,,,,,,,,,,,50.6196771,30.4383324,
18:23:39.662,49.75,,-1600,,,,,,,,,,3.819,,,,,,,,,,,,,,,,,,,,,,,,,,,,,,,,,,,,,,,,,,,,,,,,,,7.65,,,,,,,,,,,50.6196771,30.4383324,
18:23:39.697,,48.05000000000018,,,,,,,,,,,,,,,,,,,,,,,,,,,,,,,,,,,,,,,,,,,,,,,,,,,,,,,,,,,,,,,,,,,,,,,,50.6196771,30.4383324,
18:23:39.805,,,,,,,,,,,,,,,,,,,,,,,,,,,,,,,,,,19,21.20689686773152,,,1998,2,,0,1.4719637736944438,13.792382,13.792382,6765.756261000001,41.568627450980394,0.07,,,,,17.191438315266765,,,,36,105,,29,,,,,177,39.8539036916421,,,,,,,22.8,,50.6196771,30.4383324,
18:23:39.886,,,,,,,,,,,,,,,,,,,,70.58823529411765,90.19607843137256,99,,,,,,,,,,87.45098039215686,,,,,,,,8.627450980392156,,,,,,,,,,,,,14.70345708,,,,,,,,,,,,39.8534571716421,,266.274509803921,99,,,,,,50.6196771,30.4383324,
18:23:39.957,,,,,,,,,,,,,,,,,,,,,,,11.284013669478243,68.86008,68.86008,639.1802289499999,0.14105017086847804,0.860751,0.860751,8.303909,6.150000091642141,,88.62745098039215,,,6.150000091642141,24.060017455764033,,,,,,,,,,,9.582448521437446,6.240771173536232,6.240771173536232,0.12273438001109215,,,61,,,,32440,,32470,86.27450980392157,86.27450980392157,,177,39.8534571716421,32611.3725490196,266.274509803921,,,,,,85.88235294117646,50.6196158,30.4382682,
18:23:40.077,,,,,,,,,,,,,,,32,,,,,,,,,,,,,,,,,,,,,,,,,,,,,,,,,,,,,,,,,,,,,,,,,,,,,,,,86,,,50.6196158,30.4382682,
18:23:40.127,,,,,,,,,,,,,,,,,,-51.828125,,,,,,,,,,,,,,,,,,,,,,,,,,,,,,,,,,,,,,,,,,,,,,,,,,,,,,,,50.6196158,30.4382682,
18:23:40.186,,,,,,,,,,,,,,,,-3456,-0.21875,,,,,,,,,,,,,,,,,,,,,,,,,,,,,,,,,,,,,,,,,,,,,,,,,,,,,,,,,50.6196158,30.4382682,
18:23:40.293,,,,,,,,,371.42,59,,3.866,,,,,,,,,,,,,,,,,,,,,,,,,,,,,,,,,,,,,,,,,,,,,,,,,,,7.685,,,,,,,,,,,50.6196158,30.4382682,
18:23:40.342,76.25,,-1600,,,,,,,,,,3.852,,,,,,,,,,,,,,,,,,,,,,,,,,,,,,,,,,,,,,,,,,,,,,,,,,7.718,,,,,,,,,,,50.6196158,30.4382682,
18:23:40.402,,78.60000000000014,,,,,,,,,,,,,,,,,,,,,,,,,,,,,,,,,,,,,,,,,,,,,,,,,,,,,,,,,,,,,,,,,,,,,,,,50.6196158,30.4382682,
18:23:40.665,,,,,,,,,,,,,,,,,,,,,,,,,,,,,,,,,,18.95,22.777778117193115,,,2001,2,,-0.017184908256647147,1.4785570386944438,13.798974999999999,13.798974999999999,6765.7628540000005,41.96078431372549,0.07,,,,,17.219332927904084,,,,36,106,,27,,,,,177,39.8034571716421,,,,,,,22.74,,50.6196158,30.4382682,
18:23:40.766,,,,,,,,,,,,,,,,,,,,70.98039215686275,90.19607843137256,99,,,,,,,,,,87.45098039215686,,,,,,,,0.39215686274509803,,,,,,,,,,,,,14.708815320000001,,,,,,,,,,,,39.8088154116421,,266.274509803921,99,,,,,,50.6196158,30.4382682,
18:23:40.838,,,,,,,,,,,,,,,,,,,,,,,11.404425641939188,68.98048,68.98048,639.3006289499999,0.14255532052423986,0.862256,0.862256,8.305414,6.150000091642141,,88.62745098039215,,,6.150000091642141,24.060017455764033,,,,,,,,,,,9.641516478127572,6.248696008218002,6.248696008218002,0.12275650476117028,,,61,,,,32480,,32480,86.27450980392157,86.27450980392157,,177,39.8088154116421,32652.1568627451,266.274509803921,,,,,,85.88235294117646,50.6196158,30.4382682,
18:23:40.946,,,,,,,,,,,,,,,32,,,,,,,,,,,,,,,,,,,,,,,,,,,,,,,,,,,,,,,,,,,,,,,,,,,,,,,,86,,,50.6195582,30.438208,
18:23:40.981,,,,,,,,,,,,,,,,,,-72.125,,,,,,,,,,,,,,,,,,,,,,,,,,,,,,,,,,,,,,,,,,,,,,,,,,,,,,,,50.6195582,30.438208,
18:23:41.017,,,,,,,,,,,,,,,,-4544,-0.28125,,,,,,,,,,,,,,,,,,,,,,,,,,,,,,,,,,,,,,,,,,,,,,,,,,,,,,,,,50.6195582,30.438208,
18:23:41.137,,,,,,,,,371.26,59.5,,3.879,,,,,,,,,,,,,,,,,,,,,,,,,,,,,,,,,,,,,,,,,,,,,,,,,,,7.731,,,,,,,,,,,50.6195582,30.438208,
18:23:41.186,91.20000000000005,,-1600,,,,,,,,,,3.863,,,,,,,,,,,,,,,,,,,,,,,,,,,,,,,,,,,,,,,,,,,,,,,,,,7.742,,,,,,,,,,,50.6195582,30.438208,
18:23:41.221,,94.40000000000009,,,,,,,,,,,,,,,,,,,,,,,,,,,,,,,,,,,,,,,,,,,,,,,,,,,,,,,,,,,,,,,,,,,,,,,,50.6195582,30.438208,
18:23:41.342,,,,,,,,,,,,,,,,,,,,,,,,,,,,,,,,,,17.06,24.600000366568565,,,1763,1.8,,-0.03554023209253012,1.4832380532777771,13.803656,13.803656,6765.767535000001,47.84313725490196,0.06,,,,,17.23626262008249,,,,36,105,,25,,,,,177,37.9188154116421,,,,,,,20.471999999999998,,50.6195582,30.438208,
18:23:41.446,,,,,,,,,,,,,,,,,,,,69.01960784313725,90.19607843137256,99,,,,,,,,,,88.23529411764706,,,,,,,,0,,,,,,,,,,,,,14.705689679999999,,,,,,,,,,,,37.9156897716421,,267.058823529412,99,,,,,,50.6195582,30.438208,
18:23:41.533,,,,,,,,,,,,,,,,,,,,,,,11.4994077740212,69.07544,69.07544,639.3955889499999,0.143742597175265,0.8634430000000001,0.8634430000000001,8.306601,6.150000091642141,,88.62745098039215,,,6.150000091642141,24.060017455764033,,,,,,,,,,,9.691134666995039,6.255176164923264,6.255176164923264,0.12277396403333564,,,61,,,,27730,,26730,21.176470588235293,21.176470588235293,,177,37.9156897716421,27902.1568627451,267.058823529412,,,,,,16.470588235294116,50.6195582,30.438208,
18:23:41.714,,,,,,,,,,,,,,,32,,,,,,,,,,,,,,,,,,,,,,,,,,,,,,,,,,,,,,,,,,,,,,,,,,,,,,,,86,,,50.6195582,30.438208,
18:23:41.749,,,,,,,,,,,,,,,,,,-64.96875,,,,,,,,,,,,,,,,,,,,,,,,,,,,,,,,,,,,,,,,,,,,,,,,,,,,,,,,50.6195582,30.438208,
18:23:41.798,,,,,,,,,,,,,,,,-4320,-0.265625,,,,,,,,,,,,,,,,,,,,,,,,,,,,,,,,,,,,,,,,,,,,,,,,,,,,,,,,,50.6195582,30.438208,
18:23:41.918,,,,,,,,,368.85,59.5,,3.856,,,,,,,,,,,,,,,,,,,,,,,,,,,,,,,,,,,,,,,,,,,,,,,,,,,7.719,,,,,,,,,,,50.6195582,30.438208,
18:23:41.965,55.100000000000136,,-1600,,,,,,,,,,3.837,,,,,,,,,,,,,,,,,,,,,,,,,,,,,,,,,,,,,,,,,,,,,,,,,,7.693,,,,,,,,,,,50.6195067,30.4381565,
18:23:42.002,,51.450000000000045,,,,,,,,,,,,,,,,,,,,,,,,,,,,,,,,,,,,,,,,,,,,,,,,,,,,,,,,,,,,,,,,,,,,,,,,50.6195067,30.4381565,
18:23:42.109,,,,,,,,,,,,,,,,,,,,,,,,,,,,,,,,,,,,,,,,,,,,,,,,,,,,,,,81,,,,,,,,,178,,,,,,,,,,50.6195067,30.4381565,
18:23:42.182,,,,,,,,,,,,,,,,,,,,,,,,,,,,,,,,,,13.05,27.954545871100645,,,1589,1.6,,-0.06404760696506645,1.4883763054444439,13.808793999999999,13.808793999999999,6765.772673000001,47.450980392156865,-0.04,,,,,17.249156857677157,,,,36,95,,22,,,,,178,33.9056897716421,,,,,,,15.66,,50.6195067,30.4381565,
18:23:42.276,,,,,,,,,,,,,,,,,,,,63.13725490196079,90.19607843137256,99,,,,,,,,,,88.23529411764706,,,,,,,,4.705882352941177,,,,,,,,,,,,,14.682024120000001,,,,,,,,,,,,33.8820242116421,,267.058823529412,99,,,,,,50.6195067,30.4381565,
18:23:42.365,,,,,,,,,,,,,,,,,,,,,,,11.606667588063939,69.18272,69.18272,639.5028689499999,0.14508334485079924,0.864784,0.864784,8.307942,5.800000086426735,,88.62745098039215,,,5.800000086426735,22.690748169663635,,,,,,,,,,,9.74775964385404,6.2625599310120785,6.2625599310120785,0.12279369115007803,,,61,,,,25940,,25840,0,0,,178,33.5320242064267,25977.6470588235,267.058823529412,,,,,,0,50.6195067,30.4381565,
18:23:42.438,,,,,,,,,,,,,,,,,,,54,,,,,,,,,,,,,,,,,,,,,,,,,,,,,,,,,,,,,,,,,,,,,,,,,,,,86,,,50.6195067,30.4381565,
18:23:42.617,,,,,,,,,,,,,,,32,,,,,,,,,,,,,,,,,,,,,,,,,,,,,,,,,,,,,,,,,,,,,,,,,,,,,,,,86,,,50.6195067,30.4381565,
18:23:42.677,,,,,,,,,,,,,,,,,,-40.5625,,,,,,,,,,,,,,,,,,,,,,,,,,,,,,,,,,,,,,,,,,,,,,,,,,,,,,,,50.6195067,30.4381565,
18:23:42.714,,,,,,,,,,,,,,,,-2656,-0.171875,,,,,,,,,,,,,,,,,,,,,,,,,,,,,,,,,,,,,,,,,,,,,,,,,,,,,,,,,50.6195067,30.4381565,
18:23:42.848,,,,,,,,,369.17,60,,3.837,,,,,,,,,,,,,,,,,,,,,,,,,,,,,,,,,,,,,,,,,,,,,,,,,,,7.674,,,,,,,,,,,50.6195067,30.4381565,
18:23:42.897,49.100000000000136,,-1600,,,,,,,,,,3.828,,,,,,,,,,,,,,,,,,,,,,,,,,,,,,,,,,,,,,,,,,,,,,,,,,7.665,,,,,,,,,,,50.6195067,30.4381565,
18:23:42.933,,50.40000000000009,,,,,,,,,,,,,,,,,,,,,,,,,,,,,,,,,,,,,,,,,,,,,,,,,,,,,,,,,,,,,,,,,,,,,,,,50.6195067,30.4381565,
18:23:43.066,,,,,,,,,,,,,,,,,,,,,,,,,,,,,,,,,,12.76,29.000000432133675,,,1586,1.6,,-0.078171608935325,1.4933040254444438,13.813721999999999,13.813721999999999,6765.777601000001,46.27450980392157,-0.06,,,,,17.25698932602546,,,,36,93,,20,,,,,178,33.2420242064267,,,,,,,15.312,,50.6194603,30.4381113,
18:23:43.158,,,,,,,,,,,,,,,,,,,,61.96078431372549,49.411764705882355,99,,,,,,,,,,47.450980392156865,,,,,,,,0,,,,,,,,,,,,,14.700777960000002,,,,,,,,,,,,33.2607780464267,,226.274509803921,99,,,,,,50.6194603,30.4381113,
18:23:43.238,,,,,,,,,,,,,,,,,,,,,,,11.692058066669691,69.26808,69.26808,639.5882289499999,0.14615072583337113,0.865851,0.865851,8.309009,4.400000065565109,,48.23529411764706,,,4.400000065565109,17.21367102526207,,,,,,,,,,,9.787071041335544,6.268049986817457,6.268049986817457,0.12280937225562817,,,61,,,,25850,,25810,0,0,,178,31.8607780255651,25850,145.098039215686,,,,,,0,50.6194603,30.4381113,
18:23:43.368,,,,,,,,,,,,,,,32,,,,,,,,,,,,,,,,,,,,,,,,,,,,,,,,,,,,,,,,,,,,,,,,,,,,,,,,86,,,50.6194603,30.4381113,
18:23:43.406,,,,,,,,,,,,,,,,,,-64.609375,,,,,,,,,,,,,,,,,,,,,,,,,,,,,,,,,,,,,,,,,,,,,,,,,,,,,,,,50.6194603,30.4381113,
18:23:43.458,,,,,,,,,,,,,,,,-4032,-0.25,,,,,,,,,,,,,,,,,,,,,,,,,,,,,,,,,,,,,,,,,,,,,,,,,,,,,,,,,50.6194603,30.4381113,
18:23:43.565,,,,28,,,,,,,,,,,,,,,,,,,,,,,,,,,,,,,,,,,,,,,,,,,,,,,,,,,,,,,,,,,,,,,,,,148,,,,50.6194603,30.4381113,
18:23:43.698,,,,,,,,,364.34000000000003,60,,3.795,,,,,,,,,,,,,,,,,,,,,,,,,,,,,,,,,,,,,,,,,,,,,,,,,,,7.623,,,,,,,,,,,50.6194603,30.4381113,
18:23:43.758,16.050000000000182,,16.15000000000009,,,,,,,,,,3.786,,,,,,,,,,,,,,,,,,,,,,,,,,,,,,,,,,,,,,,,,,,,,,,,,,7.581,,,,,,,,,,,50.6194603,30.4381113,
18:23:43.793,,26.050000000000182,,,,,,,,,,,,,,,,,,,,,,,,,,,,,,,,,,,,,,,,,,,,,,,,,,,,,,,,,,,,,,,,,,,,,,,,50.6194603,30.4381113,
18:23:43.901,,,,,,,,,,,,,,,,,,,,,,,,,,,,,,,,,,2.85,24.44444480869505,,,1226,1.2,,-0.07877783527929558,1.497442168944444,13.81786,13.81786,6765.781739000001,9.019607843137255,-0.72,,,,,17.25895808526604,,,,36,27,,18,,,,,178,21.9507780255651,,,,,,,3.42,,50.6194603,30.4381113,
18:23:43.993,,,,,,,,,,,,,,,,,,,,12.549019607843137,1.5686274509803921,98,,,,,,,,,,0,,,,,,,,0,,,,,,,,,,,,,0,,,,,,,,,,,,7.25000006556511,,97.6470588235294,98,,,,,,50.6194196,30.4380727,
18:23:44.078,,,,,,,,,,,,,,,,,,,,,,,11.75083135554548,69.32688,69.32688,639.6470289499999,0.14688539194431852,0.8665860000000001,0.8665860000000001,8.309744,3.1500000469386578,,1.1764705882352942,,,3.1500000469386578,12.323423574903527,,,,,,,,,,,9.80908611969028,6.2714921123820915,6.2714921123820915,0.12282016063421226,,,62,,,,26140,,12000,0,0,,179,6.00000004693866,26140,2.74509803921568,,,,,,0,50.6194196,30.4380727,
18:23:44.318,,,,,,,,,,,,,,,32,,,,,,,,,,,,,,,,,,,,,,,,,,,,,,,,,,,,,,,,,,,,,,,,,,,,,,,,86,,,50.6194196,30.4380727,
18:23:44.389,,,,,,,,,,,,,,,,,,-56.96875,,,,,,,,,,,,,,,,,,,,,,,,,,,,,,,,,,,,,,,,,,,,,,,,,,,,,,,,50.6194196,30.4380727,
18:23:44.461,,,,,,,,,,,,,,,,-3552,-0.21875,,,,,,,,,,,,,,,,,,,,,,,,,,,,,,,,,,,,,,,,,,,,,,,,,,,,,,,,,50.6194196,30.4380727,
18:23:44.592,,,,,,,,,364.5,60,,3.798,,,,,,,,,,,,,,,,,,,,,,,,,,,,,,,,,,,,,,,,,,,,,,,,,,,7.584,,,,,,,,,,,50.6194196,30.4380727,
18:23:44.653,8.75,,8.450000000000045,,,,,,,,,,3.79,,,,,,,,,,,,,,,,,,,,,,,,,,,,,,,,,,,,,,,,,,,,,,,,,,7.588,,,,,,,,,,,50.6194196,30.4380727,
18:23:44.689,,8.5,,,,,,,,,,,,,,,,,,,,,,,,,,,,,,,,,,,,,,,,,,,,,,,,,,,,,,,,,,,,,,,,,,,,,,,,50.6194196,30.4380727,
18:23:44.818,,,,,,,,,,,,,,,,,,,,,,,,,,,,,,,,,,0,21.000000312924385,,,395,0.4,,-0.08149313874787678,1.5012911010277772,13.821709,13.821709,6765.785588000001,41.96078431372549,-0.01,,,,,17.252297089166778,,,,36,97,,15,,,,,179,3.15000004693866,,,,,,,0,,50.6194196,30.4380727,
18:23:44.925,,,,,,,,,,,,,,,,,,,,55.68627450980392,0.7843137254901961,99,,,,,,,,,,0.7843137254901961,,,,,,,,0,,,,,,,,,,,,,0,,,,,,,,,,,,3.15000004693866,,3.52941176470588,99,,,,,,50.6194196,30.4380727,
18:23:44.989,,,,,,,,,,,,,,,,,,,,,,,11.75083135554548,69.32688,69.32688,639.6470289499999,0.14688539194431852,0.8665860000000001,0.8665860000000001,8.309744,0,,0.7843137254901961,,,0,0,,,,,,,,,,,9.783938094601469,6.269745658803843,6.269745658803843,0.12282009076282895,,,62,,,,26160,,12000,0,0,,179,0,26160,2.35294117647059,,,,,,0,50.6193837,30.4380452,
18:23:45.122,,,,,,,,,,,,,,,32,,,,,,,,,,,,,,,,,,,,,,,,,,,,,,,,,,,,,,,,,,,,,,,,,,,,,,,,86,,,50.6193837,30.4380452,
18:23:45.158,,,,,,,,,,,,,,,,,,-46.3125,,,,,,,,,,,,,,,,,,,,,,,,,,,,,,,,,,,,,,,,,,,,,,,,,,,,,,,,50.6193837,30.4380452,
18:23:45.206,,,,,,,,,,,,,,,,-3008,-0.1875,,,,,,,,,,,,,,,,,,,,,,,,,,,,,,,,,,,,,,,,,,,,,,,,,,,,,,,,,50.6193837,30.4380452,
18:23:45.350,,,,,,30,30,30,,,,,,,,,,,,,,,,,,,,,,,,,,,,,,,,,,,,,,,,,,,,,,,,,,,,,,,,,,,,,,148,,,,50.6193837,30.4380452,
18:23:45.409,,,,,30,,,,,,86.6758781031239,,,86.6758781031239,,,,,,,,,,,,,,,,,,,,,,,,,,,,,,,,,,,,,,,,,,,,,,,,,,,,,,,127.5,148,,,,50.6193837,30.4380452,
18:23:45.469,,,,,,,,,362.57,60,,3.789,,,,,,,,,,,,,,,,,,,,,,,,,,,,,,,,,,,,,,,,,,,,,,,,,,,7.579,,,,,,,,,,,50.6193837,30.4380452,
18:23:45.553,3.900000000000091,,4.150000000000091,,,,,,,,,,3.78,,,,,,,,,,,,,,,,,,,,,,,,,,,,,,,,,,,,,,,,,,,,,,,,,,7.569,,,,,,,,,,,50.6193837,30.4380452,
18:23:45.590,,3.6000000000001364,,,,,,,,,,,,,,,,,,,,,,,,,,,,,,,,,,,,,,,,,,,,,,,,,,,,,,,,,,,,,,,,,,,,,,,,50.6193837,30.4380452,
18:23:45.696,,,,,,,,,,,,,,,,,,,,,,,,,,,,,,,,,,0,0,,,395,0.4,,-0.07253732842160175,1.5044453719166662,13.824863,13.824863,6765.788742000001,42.745098039215684,-0.01,,,,,17.240473427348533,,,,36,98,,13,,,,,179,0,,,,,,,0,,50.6193837,30.4380452,
18:23:45.789,,,,,,,,,,,,,,,,,,,,56.470588235294116,2.7450980392156863,98,,,,,,,,,,2.7450980392156863,,,,,,,,1.9607843137254901,,,,,,,,,,,,,0,,,,,,,,,,,,0,,4.31372549019608,98,,,,,,50.6193837,30.4380452,
18:23:45.857,,,,,,,,,,,,,,,,,,,,,,,11.75083135554548,69.32688,69.32688,639.6470289499999,0.14688539194431852,0.8665860000000001,0.8665860000000001,8.309744,0,,2.7450980392156863,,,0,0,,,,,,,,,,,9.763424760128462,6.2683152809543214,6.2683152809543214,0.1228200335079277,,,62,,,,26250,,12000,0,0,,179,0,26250,8.23529411764706,,,,,,0,50.6193837,30.4380452,
18:23:45.965,,,,,,,,,,,,,,,32,,,,,,,,,,,,,,,,,,,,,,,,,,,,,,,,,,,,,,,,,,,,,,,,,,,,,,,,86,,,50.6193512,30.4380365,
18:23:46.002,,,,,,,,,,,,,,,,,,12.09375,,,,,,,,,,,,,,,,,,,,,,,,,,,,,,,,,,,,,,,,,,,,,,,,,,,,,,,,50.6193512,30.4380365,
18:23:46.036,,,,,,,,,,,,,,,,224,0,,,,,,,,,,,,,,,,,,,,,,,,,,,,,,,,,,,,,,,,,,,,,,,,,,,,,,,,,50.6193512,30.4380365,
18:23:46.170,,,,,,,,,360.47,60,,3.77,,,,,,,,,,,,,,,,,,,,,,,,,,,,,,,,,,,,,,,,,,,,,,,,,,,7.55,,,,,,,,,,,50.6193512,30.4380365,
18:23:46.254,-14.349999999999909,,-14.449999999999818,,,,,,,,,,3.762,,,,,,,,,,,,,,,,,,,,,,,,,,,,,,,,,,,,,,,,,,,,,,,,,,7.532,,,,,,,,,,,50.6193512,30.4380365,
18:23:46.337,,-16.049999999999955,,,,,,,,,,,,,,,,,,,,,,,,,,,,,,,,,,,,,,,,,,,,,,,,,,,,,,,,,,,,,,,,,,,,,,,,50.6193512,30.4380365,
18:23:46.505,,,,,,,,,,,,,,,,,,,,,,,,,,,,,,,,,,,,,,,,,,,,,,,,,,,,,,,82,,,,,,,,,180,,,,,,,,,,50.6193512,30.4380365,
18:23:46.566,,,,,,,,,,,,,,,,,,,,,,,,,,,,,,,,,,0,0,,,0,0,,-0.06474879634700988,1.5073347932499994,13.827752,13.827752,6765.791631000001,0,0,,,,,17.22605306381843,,,,36,98,,12,,,,,180,0,,,,,,,0,,50.6193512,30.4380365,
18:23:46.654,,,,,,,,,,,,,,,,,,,,0,5.882352941176471,98,,,,,,,,,,5.882352941176471,,,,,,,,10.588235294117647,,,,,,,,,,,,,0,,,,,,,,,,,,0,,11.3725490196078,98,,,,,,50.6193512,30.4380365,
18:23:46.781,,,,,,,,,,,,,,,,,,,,,,,11.75083135554548,69.32688,69.32688,639.6470289499999,0.14688539194431852,0.8665860000000001,0.8665860000000001,8.309744,0,,5.882352941176471,,,0,0,,,,,,,,,,,9.74470917821883,6.267005656450882,6.267005656450882,0.12281998106364679,,,62,,,,26290,,12000,0,0,,180,0,26290,17.6470588235294,,,,,,0,50.6193512,30.4380365,
18:23:46.914,,,,,,,,,,,,,,,32,,,,,,,,,,,,,,,,,,,,,,,,,,,,,,,,,,,,,,,,,,,,,,,,,,,,,,,,86,,,50.6193512,30.4380365,
18:23:46.950,,,,,,,,,,,,,,,,,,61.609375,,,,,,,,,,,,,,,,,,,,,,,,,,,,,,,,,,,,,,,,,,,,,,,,,,,,,,,,50.6193224,30.4380528,
18:23:46.997,,,,,,,,,,,,,,,,4000,0.234375,,,,,,,,,,,,,,,,,,,,,,,,,,,,,,,,,,,,,,,,,,,,,,,,,,,,,,,,,50.6193224,30.4380528,
18:23:47.118,,,,,,,,,359.03000000000003,60,,3.749,,,,,,,,,,,,,,,,,,,,,,,,,,,,,,,,,,,,,,,,,,,,,,,,,,,7.511,,,,,,,,,,,50.6193224,30.4380528,
18:23:47.166,-24.649999999999864,,-24.59999999999991,,,,,,,,,,3.739,,,,,,,,,,,,,,,,,,,,,,,,,,,,,,,,,,,,,,,,,,,,,,,,,,7.488,,,,,,,,,,,50.6193224,30.4380528,
18:23:47.225,,-24.59999999999991,,,,,,,,,,,,,,,,,,,,,,,,,,,,,,,,,,,,,,,,,,,,,,,,,,,,,,,,,,,,,,,,,,,,,,,,50.6193224,30.4380528,
18:23:47.358,,,,,,,,,,,,,,,,,,,,,,,,,,,,,,,,,,0,0,,,0,0,,,1.5103682210833327,13.830784999999999,13.830784999999999,6765.794664000001,0,0,,,,,17.21808451689669,,,,36,98,,14,,,,,180,0,,,,,,,0,,50.6193224,30.4380528,
18:23:47.418,,,,,,,,,,,,,,,,,,,,0,5.882352941176471,98,,,,,,,,,,5.882352941176471,,,,,,,,13.72549019607843,,,,,,,,,,,,,0,,,,,,,,,,,,0,,17.6470588235294,98,,,,,,50.6193224,30.4380528,
18:23:47.514,,,,,,,,,,,,,,,,,,,,,,,11.75083135554548,69.32688,69.32688,639.6470289499999,0.14688539194431852,0.8665860000000001,0.8665860000000001,8.309744,0,,5.882352941176471,,,0,0,,,,,,,,,,,9.725137876574424,6.26563134341254,6.26563134341254,0.12281992600536894,,,62,,,,26320,,12000,0,0,,180,0,26320,17.6470588235294,,,,,,0,50.6193224,30.4380528,
18:23:47.634,,,,,,,,,,,,,,,32,,,,,,,,,,,,,,,,,,,,,,,,,,,,,,,,,,,,,,,,,,,,,,,,,,,,,,,,86,,,50.6193224,30.4380528,
18:23:47.670,,,,,,,,,,,,,,,,,,97.90625,,,,,,,,,,,,,,,,,,,,,,,,,,,,,,,,,,,,,,,,,,,,,,,,,,,,,,,,50.6193224,30.4380528,
18:23:47.717,,,,,,,,,,,,,,,,6336,0.375,,,,,,,,,,,,,,,,,,,,,,,,,,,,,,,,,,,,,,,,,,,,,,,,,,,,,,,,,50.6193224,30.4380528,
18:23:47.826,,,,,,,,,357.90000000000003,60,,3.732,,,,,,,,,,,,,,,,,,,,,,,,,,,,,,,,,,,,,,,,,,,,,,,,,,,7.471,,,,,,,,,,,50.6193224,30.4380528,
18:23:47.886,-44.049999999999955,,-1600,,,,,,,,,,3.711,,,,,,,,,,,,,,,,,,,,,,,,,,,,,,,,,,,,,,,,,,,,,,,,,,7.443,,,,,,,,,,,50.6193224,30.4380528,
18:23:47.921,,-46.399999999999864,,,,,,,,,,,,,,,,,,,,,,,,,,,,,,,,,,,,,,,,,,,,,,,,,,,,,,,,,,,,,,,,,,,,,,,,50.6193224,30.4380528,
18:23:48.046,,,,,,,,,,,,,,,,,,,,,,,,,,,,,,,,,,0,0,,,0,0,,,1.5132344889999993,13.833651,13.833651,6765.797530000001,0,0,,,,,17.213263256443007,,,,36,98,,15,,,,,180,0,,,,,,,0,,50.619301,30.4380958,
18:23:48.133,,,,,,,,,,,,,,,,,,,,0,5.882352941176471,99,,,,,,,,,,5.882352941176471,,,,,,,,22.352941176470587,,,,,,,,,,,,,0,,,,,,,,,,,,0,,17.6470588235294,99,,,,,,50.619301,30.4380958,
18:23:48.277,,,,,,,,,,,,,,,,,,,,,,,11.75083135554548,69.32688,69.32688,639.6470289499999,0.14688539194431852,0.8665860000000001,0.8665860000000001,8.309744,0,,5.882352941176471,,,0,0,,,,,,,,,,,9.706717168558969,6.26433325519055,6.26433325519055,0.12281987397870003,,,62,,,,26340,,12000,0,0,,180,0,26340,17.6470588235294,,,,,,0,50.619301,30.4380958,
18:23:48.471,,,,,,,,,,,,,,,32,,,,,,,,,,,,,,,,,,,,,,,,,,,,,,,,,,,,,,,,,,,,,,,,,,,,,,,,86,,,50.619301,30.4380958,
18:23:48.519,,,,,,,,,,,,,,,,,,139.8125,,,,,,,,,,,,,,,,,,,,,,,,,,,,,,,,,,,,,,,,,,,,,,,,,,,,,,,,50.619301,30.4380958,
18:23:48.554,,,,,,,,,,,,,,,,8800,0.53125,,,,,,,,,,,,,,,,,,,,,,,,,,,,,,,,,,,,,,,,,,,,,,,,,,,,,,,,,50.619301,30.4380958,
18:23:48.693,,,,,,,,,352.42,59.5,,3.688,,,,,,,,,,,,,,,,,,,,,,,,,,,,,,,,,,,,,,,,,,,,,,,,,,,7.399,,,,,,,,,,,50.619301,30.4380958,
18:23:48.753,-68.39999999999986,,-1600,,,,,,,,,,3.677,,,,,,,,,,,,,,,,,,,,,,,,,,,,,,,,,,,,,,,,,,,,,,,,,,7.365,,,,,,,,,,,50.619301,30.4380958,
18:23:48.801,,-68.84999999999991,,,,,,,,,,,,,,,,,,,,,,,,,,,,,,,,,,,,,,,,,,,,,,,,,,,,,,,,,,,,,,,,,,,,,,,,50.619301,30.4380958,
18:23:48.933,,,,,,,,,,,,,,,,,,,,,,,,,,,,,,,,,,0.08,0,,,0,0,,,1.517917384166666,13.838334,13.838334,6765.802213000001,0,-0.01,,,,,17.218258567004536,,,,36,98,,19,,,,,180,0.08,,,,,,,0.096,,50.619301,30.4380958,
18:23:49.001,,,,,,,,,,,,,,,,,,,,0,5.882352941176471,98,,,,,,,,,,5.882352941176471,,,,,,,,27.058823529411764,,,,,,,,,,,,,0,,,,,,,,,,,,0.08,,17.6470588235294,98,,,,,,50.6192845,30.4381679,
18:23:49.074,,,,,,,,,,,,,,,,,,,,,,,11.75083135554548,69.32688,69.32688,639.6470289499999,0.14688539194431852,0.8665860000000001,0.8665860000000001,8.309744,0,,5.882352941176471,,,0,0,,,,,,,,,,,9.676771178489291,6.262213356029708,6.262213356029708,0.12281978896801664,,,62,,,,26370,,12000,0,0,,180,0.08,26370,17.6470588235294,,,,,,0,50.6192845,30.4381679,
18:23:49.145,,,,,,,,,,,,,,,,,,,54,,,,,,,,,,,,,,,,,,,,,,,,,,,,,,,,,,,,,,,,,,,,,,,,,,,,86,,,50.6192845,30.4381679,
18:23:49.230,,,,,,,,,,,,,,,32,,,,,,,,,,,,,,,,,,,,,,,,,,,,,,,,,,,,,,,,,,,,,,,,,,,,,,,,86,,,50.6192845,30.4381679,
18:23:49.265,,,,,,,,,,,,,,,,,,150.59375,,,,,,,,,,,,,,,,,,,,,,,,,,,,,,,,,,,,,,,,,,,,,,,,,,,,,,,,50.6192845,30.4381679,
18:23:49.302,,,,,,,,,,,,,,,,9664,0.578125,,,,,,,,,,,,,,,,,,,,,,,,,,,,,,,,,,,,,,,,,,,,,,,,,,,,,,,,,50.6192845,30.4381679,
18:23:49.434,,,,,,,,,349.69,59.5,,3.663,,,,,,,,,,,,,,,,,,,,,,,,,,,,,,,,,,,,,,,,,,,,,,,,,,,7.34,,,,,,,,,,,50.6192845,30.4381679,
18:23:49.482,-85.04999999999995,,-1600,,,,,,,,,,3.643,,,,,,,,,,,,,,,,,,,,,,,,,,,,,,,,,,,,,,,,,,,,,,,,,,7.306,,,,,,,,,,,50.6192845,30.4381679,
18:23:49.516,,-86.54999999999995,,,,,,,,,,,,,,,,,,,,,,,,,,,,,,,,,,,,,,,,,,,,,,,,,,,,,,,,,,,,,,,,,,,,,,,,50.6192845,30.4381679,
18:23:49.662,,,,,,,,,,,,,,,,,,,,,,,,,,,,,,,,,,0.13,0,,,0,0,,0.10979009924362511,1.5227764414999994,13.843193,13.843193,6765.8070720000005,0,0,,,,,17.233797702391463,,,,36,98,,24,,,,,180,0.13,,,,,,,0.156,,50.6192845,30.4381679,
18:23:49.746,,,,,,,,,,,,,,,,,,,,0,5.882352941176471,99,,,,,,,,,,5.882352941176471,,,,,,,,30.58823529411765,,,,,,,,,,,,,0,,,,,,,,,,,,0.13,,17.6470588235294,99,,,,,,50.6192845,30.4381679,
18:23:49.830,,,,,,,,,,,,,,,,,,,,,,,11.75083135554548,69.32688,69.32688,639.6470289499999,0.14688539194431852,0.8665860000000001,0.8665860000000001,8.309744,0,,5.882352941176471,,,0,0,,,,,,,,,,,9.645893378783176,6.2600153013831425,6.2600153013831425,0.12281970076252272,,,62,,,,26400,,12000,0,0,,180,0.13,26400,17.6470588235294,,,,,,0,50.6192845,30.4381679,
18:23:49.963,,,,,,,,,,,,,,,32,,,,,,,,,,,,,,,,,,,,,,,,,,,,,,,,,,,,,,,,,,,,,,,,,,,,,,,,86,,,50.6192727,30.4382627,
18:23:50.049,,,,,,,,,,,,,,,,,,132.40625,,,,,,,,,,,,,,,,,,,,,,,,,,,,,,,,,,,,,,,,,,,,,,,,,,,,,,,,50.6192727,30.4382627,
18:23:50.157,,,,,,,,,,,,,,,,8096,0.484375,,,,,,,,,,,,,,,,,,,,,,,,,,,,,,,,,,,,,,,,,,,,,,,,,,,,,,,,,50.6192727,30.4382627,
18:23:50.288,,,,,,,,,348.40000000000003,59,,3.651,,,,,,,,,,,,,,,,,,,,,,,,,,,,,,,,,,,,,,,,,,,,,,,,,,,7.294,,,,,,,,,,,50.6192727,30.4382627,
18:23:50.361,-77.34999999999991,,-1600,,,,,,,,,,3.637,,,,,,,,,,,,,,,,,,,,,,,,,,,,,,,,,,,,,,,,,,,,,,,,,,7.288,,,,,,,,,,,50.6192727,30.4382627,
18:23:50.397,,-74.59999999999991,,,,,,,,,,,,,,,,,,,,,,,,,,,,,,,,,,,,,,,,,,,,,,,,,,,,,,,,,,,,,,,,,,,,,,,,50.6192727,30.4382627,
18:23:50.498,,,,,,,,,,,,,,,,,,,,,,,,,,,,,,,,,,,,,,,,,,,,,,,,,,,,,,,83,,,,,,,,,181,,,,,,,,,,50.6192727,30.4382627,
18:23:50.556,,,,,,,,,,,,,,,,,,,,,,,,,,,,,,,,,,0,0,,,0,0,,0.13282735123181486,1.5299804394444438,13.850397,13.850397,6765.814276000001,0,-0.01,,,,,17.26678429664426,,,,36,98,,29,,,,,181,0,,,,,,,0,,50.6192727,30.4382627,
18:23:50.638,,,,,,,,,,,,,,,,,,,,0,5.882352941176471,98,,,,,,,,,,5.882352941176471,,,,,,,,22.745098039215687,,,,,,,,,,,,,0,,,,,,,,,,,,0,,17.6470588235294,98,,,,,,50.6192727,30.4382627,
18:23:50.722,,,,,,,,,,,,,,,,,,,,,,,11.75083135554548,69.32688,69.32688,639.6470289499999,0.14688539194431852,0.8665860000000001,0.8665860000000001,8.309744,0,,5.882352941176471,,,0,0,,,,,,,,,,,9.600475153633633,6.256759282784458,6.256759282784458,0.12281956998844465,,,62,,,,26430,,12000,0,0,,181,0,26430,17.6470588235294,,,,,,0,50.6192727,30.4382627,
18:23:50.888,,,,,,,,,,,,,,,32,,,,,,,,,,,,,,,,,,,,,,,,,,,,,,,,,,,,,,,,,,,,,,,,,,,,,,,,86,,,50.6192727,30.4382627,
18:23:50.926,,,,,,,,,,,,,,,,,,60.5625,,,,,,,,,,,,,,,,,,,,,,,,,,,,,,,,,,,,,,,,,,,,,,,,,,,,,,,,50.6192727,30.4382627,
18:23:50.970,,,,,,,,,,,,,,,,3744,0.21875,,,,,,,,,,,,,,,,,,,,,,,,,,,,,,,,,,,,,,,,,,,,,,,,,,,,,,,,,50.6192618,30.4383778,
18:23:51.089,,,,,,,,,351.62,59,,3.681,,,,,,,,,,,,,,,,,,,,,,,,,,,,,,,,,,,,,,,,,,,,,,,,,,,7.318,,,,,,,,,,,50.6192618,30.4383778,
18:23:51.150,-42.549999999999955,,-1600,,,,,,,,,,3.668,,,,,,,,,,,,,,,,,,,,,,,,,,,,,,,,,,,,,,,,,,,,,,,,,,7.349,,,,,,,,,,,50.6192618,30.4383778,
18:23:51.185,,-41.899999999999864,,,,,,,,,,,,,,,,,,,,,,,,,,,,,,,,,,,,,,,,,,,,,,,,,,,,,,,,,,,,,,,,,,,,,,,,50.6192618,30.4383778,
18:23:51.305,,,,,,,,,,,,,,,,,,,,,,,,,,,,,,,,,,0,0,,,0,0,,0.13905498658777932,1.5364272149444438,13.856843999999999,13.856843999999999,6765.820723000001,0,0,,,,,17.298940191525613,,,,36,98,,31,,,,,181,0,,,,,,,0,,50.6192618,30.4383778,
18:23:51.374,,,,,,,,,,,,,,,,,,,,0,5.882352941176471,98,,,,,,,,,,5.882352941176471,,,,,,,,18.03921568627451,,,,,,,,,,,,,0,,,,,,,,,,,,0,,17.6470588235294,98,,,,,,50.6192618,30.4383778,
18:23:51.482,,,,,,,,,,,,,,,,,,,,,,,11.75083135554548,69.32688,69.32688,639.6470289499999,0.14688539194431852,0.8665860000000001,0.8665860000000001,8.309744,0,,5.882352941176471,,,0,0,,,,,,,,,,,9.560192016621484,6.25384827887216,6.25384827887216,0.12281945295640964,,,62,,,,26450,,12000,0,0,,181,0,26450,17.6470588235294,,,,,,0,50.6192618,30.4383778,
18:23:51.577,,,,,,,,,,,,,,,32,,,,,,,,,,,,,,,,,,,,,,,,,,,,,,,,,,,,,,,,,,,,,,,,,,,,,,,,86,,,50.6192618,30.4383778,
18:23:51.613,,,,,,,,,,,,,,,,,,55.5,,,,,,,,,,,,,,,,,,,,,,,,,,,,,,,,,,,,,,,,,,,,,,,,,,,,,,,,50.6192618,30.4383778,
18:23:51.662,,,,,,,,,,,,,,,,3456,0.203125,,,,,,,,,,,,,,,,,,,,,,,,,,,,,,,,,,,,,,,,,,,,,,,,,,,,,,,,,50.6192618,30.4383778,
18:23:51.866,,,,27,,,,,,,,,,,,,,,,,,,,,,,,,,,,,,,,,,,,,,,,,,,,,,,,,,,,,,,,,,,,,,,,,,147,,,,50.6192618,30.4383778,
18:23:52.034,,,,,30,,,,,,86.6758781031239,,,86.6758781031239,,,,,,,,,,,,,,,,,,,,,,,,,,,,,,,,,,,,,,,,,,,,,,,,,,,,,,,127.5,147,,,,50.6192519,30.4385067,
18:23:52.093,,,,,,,,,350.33,58.5,,3.67,,,,,,,,,,,,,,,,,,,,,,,,,,,,,,,,,,,,,,,,,,,,,,,,,,,7.338,,,,,,,,,,,50.6192519,30.4385067,
18:23:52.143,-50,,-1600,,,,,,,,,,3.659,,,,,,,,,,,,,,,,,,,,,,,,,,,,,,,,,,,,,,,,,,,,,,,,,,7.329,,,,,,,,,,,50.6192519,30.4385067,
18:23:52.181,,-49.799999999999955,,,,,,,,,,,,,,,,,,,,,,,,,,,,,,,,,,,,,,,,,,,,,,,,,,,,,,,,,,,,,,,,,,,,,,,,50.6192519,30.4385067,
18:23:52.305,,,,,,,,,,,,,,,,,,,,,,,,,,,,,,,,,,0,0,,,0,0,,0.11760151441147157,1.5455995722777771,13.866016,13.866016,6765.829895000001,0,0,,,,,17.347923317635654,,,,36,98,,33,,,,,181,0,,,,,,,0,,50.6192519,30.4385067,
18:23:52.405,,,,,,,,,,,,,,,,,,,,0,5.882352941176471,98,,,,,,,,,,5.882352941176471,,,,,,,,20.392156862745097,,,,,,,,,,,,,0,,,,,,,,,,,,0,,17.6470588235294,98,,,,,,50.6192519,30.4385067,
18:23:52.490,,,,,,,,,,,,,,,,,,,,,,,11.75083135554548,69.32688,69.32688,639.6470289499999,0.14688539194431852,0.8665860000000001,0.8665860000000001,8.309744,0,,5.882352941176471,,,0,0,,,,,,,,,,,9.503457077686102,6.2497115249254005,6.2497115249254005,0.12281928645798447,,,62,,,,26480,,12000,0,0,,181,0,26480,17.6470588235294,,,,,,0,50.6192519,30.4385067,
18:23:52.729,,,,,,,,,,,,,,,32,,,,,,,,,,,,,,,,,,,,,,,,,,,,,,,,,,,,,,,,,,,,,,,,,,,,,,,,86,,,50.6192519,30.4385067,
18:23:52.789,,,,,,,,,,,,,,,,,,60.953125,,,,,,,,,,,,,,,,,,,,,,,,,,,,,,,,,,,,,,,,,,,,,,,,,,,,,,,,50.6192519,30.4385067,
18:23:52.849,,,,,,,,,,,,,,,,4000,0.234375,,,,,,,,,,,,,,,,,,,,,,,,,,,,,,,,,,,,,,,,,,,,,,,,,,,,,,,,,50.6192519,30.4385067,
18:23:53.029,,,,,,,,,351.62,58.5,,3.664,,,,,,,,,,,,,,,,,,,,,,,,,,,,,,,,,,,,,,,,,,,,,,,,,,,7.323,,,,,,,,,,,50.6192444,30.438645,
18:23:53.090,-49.59999999999991,,-1600,,,,,,,,,,3.654,,,,,,,,,,,,,,,,,,,,,,,,,,,,,,,,,,,,,,,,,,,,,,,,,,7.318,,,,,,,,,,,50.6192444,30.438645,
18:23:53.150,,-48.94999999999982,,,,,,,,,,,,,,,,,,,,,,,,,,,,,,,,,,,,,,,,,,,,,,,,,,,,,,,,,,,,,,,,,,,,,,,,50.6192444,30.438645,
18:23:53.329,,,,,,,,,,,,,,,,,,,,,,,,,,,,,,,,,,0,0,,,0,0,,0.09269413927264593,1.555834451277777,13.876251,13.876251,6765.8401300000005,0,0,,,,,17.40725330684049,,,,36,98,,36,,,,,181,0,,,,,,,0,,50.6192444,30.438645,
18:23:53.433,,,,,,,,,,,,,,,,,,,,0,5.882352941176471,98,,,,,,,,,,5.882352941176471,,,,,,,,20.392156862745097,,,,,,,,,,,,,0,,,,,,,,,,,,0,,17.6470588235294,98,,,,,,50.6192444,30.438645,
18:23:53.601,,,,,,,,,,,,,,,,,,,,,,,11.75083135554548,69.32688,69.32688,639.6470289499999,0.14688539194431852,0.8665860000000001,0.8665860000000001,8.309744,0,,5.882352941176471,,,0,0,,,,,,,,,,,9.440939672192266,6.245101792984287,6.245101792984287,0.12281910066355647,,,62,,,,26510,,12000,0,0,,181,0,26510,17.6470588235294,,,,,,0,50.6192444,30.438645,
18:23:53.769,,,,,,,,,,,,,,,32,,,,,,,,,,,,,,,,,,,,,,,,,,,,,,,,,,,,,,,,,,,,,,,,,,,,,,,,86,,,50.6192444,30.438645,
18:23:53.805,,,,,,,,,,,,,,,,,,54.859375,,,,,,,,,,,,,,,,,,,,,,,,,,,,,,,,,,,,,,,,,,,,,,,,,,,,,,,,50.6192444,30.438645,
18:23:53.842,,,,,,,,,,,,,,,,3552,0.203125,,,,,,,,,,,,,,,,,,,,,,,,,,,,,,,,,,,,,,,,,,,,,,,,,,,,,,,,,50.6192444,30.438645,
18:23:53.973,,,,,,31,30,30,,,,,,,,,,,,,,,,,,,,,,,,,,,,,,,,,,,,,,,,,,,,,,,,,,,,,,,,,,,,,,148,,,,50.6192398,30.4387904,
18:23:54.034,,,,,,,,,349.85,58,,3.659,,,,,,,,,,,,,,,,,,,,,,,,,,,,,,,,,,,,,,,,,,,,,,,,,,,7.313,,,,,,,,,,,50.6192398,30.4387904,
18:23:54.093,-47.44999999999982,,-1600,,,,,,,,,,3.648,,,,,,,,,,,,,,,,,,,,,,,,,,,,,,,,,,,,,,,,,,,,,,,,,,7.307,,,,,,,,,,,50.6192398,30.4387904,
18:23:54.130,,-47.049999999999955,,,,,,,,,,,,,,,,,,,,,,,,,,,,,,,,,,,,,,,,,,,,,,,,,,,,,,,,,,,,,,,,,,,,,,,,50.6192398,30.4387904,
18:23:54.241,,,,,,,,,,,,,,,,,,,,,,,,,,,,,,,,,,0,0,,,0,0,,0.06917886213184252,1.5654649897222215,13.885881999999999,13.885881999999999,6765.849761000001,0,0,,,,,17.465479500957546,,,,36,98,,38,,,,,181,0,,,,,,,0,,50.6192398,30.4387904,
18:23:54.332,,,,,,,,,,,,,,,,,,,,0,5.882352941176471,98,,,,,,,,,,5.882352941176471,,,,,,,,20.392156862745097,,,,,,,,,,,,,0,,,,,,,,,,,,0,,17.6470588235294,98,,,,,,50.6192398,30.4387904,
18:23:54.394,,,,,,,,,,,,,,,,,,,,,,,11.75083135554548,69.32688,69.32688,639.6470289499999,0.14688539194431852,0.8665860000000001,0.8665860000000001,8.309744,0,,5.882352941176471,,,0,0,,,,,,,,,,,9.382860230581208,6.240770301807261,6.240770301807261,0.12281892583396369,,,62,,,,26540,,12000,0,0,,181,0,26540,17.6470588235294,,,,,,0,50.6192398,30.4387904,
18:23:54.514,,,,,,,,,,,,,,,32,,,,,,,,,,,,,,,,,,,,,,,,,,,,,,,,,,,,,,,,,,,,,,,,,,,,,,,,86,,,50.6192398,30.4387904,
18:23:54.550,,,,,,,,,,,,,,,,,,50.96875,,,,,,,,,,,,,,,,,,,,,,,,,,,,,,,,,,,,,,,,,,,,,,,,,,,,,,,,50.6192398,30.4387904,
18:23:54.585,,,,,,,,,,,,,,,,2944,0.171875,,,,,,,,,,,,,,,,,,,,,,,,,,,,,,,,,,,,,,,,,,,,,,,,,,,,,,,,,50.6192398,30.4387904,
18:23:54.694,,,,,,,,,349.69,58,,3.661,,,,,,,,,,,,,,,,,,,,,,,,,,,,,,,,,,,,,,,,,,,,,,,,,,,7.309,,,,,,,,,,,50.6192398,30.4387904,
18:23:54.741,-45.94999999999982,,-1600,,,,,,,,,,3.65,,,,,,,,,,,,,,,,,,,,,,,,,,,,,,,,,,,,,,,,,,,,,,,,,,7.311,,,,,,,,,,,50.6192398,30.4387904,
18:23:54.776,,-44.44999999999982,,,,,,,,,,,,,,,,,,,,,,,,,,,,,,,,,,,,,,,,,,,,,,,,,,,,,,,,,,,,,,,,,,,,,,,,50.6192398,30.4387904,
18:23:54.885,,,,,,,,,,,,,,,,,,,,,,,,,,,,,,,,,,,,,,,,,,,,,,,,,,,,,,,83,,,,,,,,,181,,,,,,,,,,50.6192398,30.4387904,
18:23:54.945,,,,,,,,,,,,,,,,,,,,,,,,,,,,,,,,,,0,0,,,0,0,,0.06224793294932447,1.5730882720555548,13.893505,13.893505,6765.857384000001,0,0,,,,,17.512339651761575,,,,36,98,,39,,,,,181,0,,,,,,,0,,50.6192356,30.4389423,
18:23:55.017,,,,,,,,,,,,,,,,,,,,0,5.882352941176471,98,,,,,,,,,,5.882352941176471,,,,,,,,19.607843137254903,,,,,,,,,,,,,0,,,,,,,,,,,,0,,17.6470588235294,98,,,,,,50.6192356,30.4389423,
18:23:55.101,,,,,,,,,,,,,,,,,,,,,,,11.75083135554548,69.32688,69.32688,639.6470289499999,0.14688539194431852,0.8665860000000001,0.8665860000000001,8.309744,0,,5.882352941176471,,,0,0,,,,,,,,,,,9.33739031391947,6.237346155631715,6.237346155631715,0.1228187874555412,,,62,,,,26560,,12000,0,0,,181,0,26560,17.6470588235294,,,,,,0,50.6192356,30.4389423,
18:23:55.225,,,,,,,,,,,,,,,32,,,,,,,,,,,,,,,,,,,,,,,,,,,,,,,,,,,,,,,,,,,,,,,,,,,,,,,,86,,,50.6192356,30.4389423,
18:23:55.262,,,,,,,,,,,,,,,,,,36.953125,,,,,,,,,,,,,,,,,,,,,,,,,,,,,,,,,,,,,,,,,,,,,,,,,,,,,,,,50.6192356,30.4389423,
18:23:55.297,,,,,,,,,,,,,,,,2496,0.140625,,,,,,,,,,,,,,,,,,,,,,,,,,,,,,,,,,,,,,,,,,,,,,,,,,,,,,,,,50.6192356,30.4389423,
18:23:55.405,,,,,,,,,352.42,57.5,,3.67,,,,,,,,,,,,,,,,,,,,,,,,,,,,,,,,,,,,,,,,,,,,,,,,,,,7.32,,,,,,,,,,,50.6192356,30.4389423,
18:23:55.464,-31.449999999999818,,-30.649999999999864,,,,,,,,,,3.662,,,,,,,,,,,,,,,,,,,,,,,,,,,,,,,,,,,,,,,,,,,,,,,,,,7.332,,,,,,,,,,,50.6192356,30.4389423,
18:23:55.501,,-26.949999999999818,,,,,,,,,,,,,,,,,,,,,,,,,,,,,,,,,,,,,,,,,,,,,,,,,,,,,,,,,,,,,,,,,,,,,,,,50.6192356,30.4389423,
18:23:55.634,,,,,,,,,,,,,,,,,,,,,,,,,,,,,,,,,,0,0,,,0,0,,0.0595699615950688,1.5807393253888882,13.901156,13.901156,6765.865035000001,0,0,,,,,17.56012258395584,,,,36,98,,40,,,,,181,0,,,,,,,0,,50.6192356,30.4389423,
18:23:55.725,,,,,,,,,,,,,,,,,,,,0,5.882352941176471,98,,,,,,,,,,5.882352941176471,,,,,,,,16.07843137254902,,,,,,,,,,,,,0,,,,,,,,,,,,0,,17.6470588235294,98,,,,,,50.6192356,30.4389423,
18:23:55.846,,,,,,,,,,,,,,,,,,,,,,,11.75083135554548,69.32688,69.32688,639.6470289499999,0.14688539194431852,0.8665860000000001,0.8665860000000001,8.309744,0,,5.882352941176471,,,0,0,,,,,,,,,,,9.292195720390664,6.233913208369146,6.233913208369146,0.1228186485691552,,,62,,,,26570,,12000,0,0,,181,0,26570,17.6470588235294,,,,,,0,50.6192356,30.4389423,
18:23:55.930,,,,,,,,,,,,,,,,,,,54,,,,,,,,,,,,,,,,,,,,,,,,,,,,,,,,,,,,,,,,,,,,,,,,,,,,86,,,50.6192356,30.4389423,
18:23:56.013,,,,,,,,,,,,,,,32,,,,,,,,,,,,,,,,,,,,,,,,,,,,,,,,,,,,,,,,,,,,,,,,,,,,,,,,86,,,50.6192314,30.4391045,
18:23:56.049,,,,,,,,,,,,,,,,,,11.96875,,,,,,,,,,,,,,,,,,,,,,,,,,,,,,,,,,,,,,,,,,,,,,,,,,,,,,,,50.6192314,30.4391045,
18:23:56.086,,,,,,,,,,,,,,,,704,0.03125,,,,,,,,,,,,,,,,,,,,,,,,,,,,,,,,,,,,,,,,,,,,,,,,,,,,,,,,,50.6192314,30.4391045,
18:23:56.193,,,,,,,,,354.36,57.5,,3.689,,,,,,,,,,,,,,,,,,,,,,,,,,,,,,,,,,,,,,,,,,,,,,,,,,,7.351,,,,,,,,,,,50.6192314,30.4391045,
18:23:56.254,-14.449999999999818,,-14.349999999999909,,,,,,,,,,3.681,,,,,,,,,,,,,,,,,,,,,,,,,,,,,,,,,,,,,,,,,,,,,,,,,,7.37,,,,,,,,,,,50.6192314,30.4391045,
18:23:56.290,,-13.049999999999955,,,,,,,,,,,,,,,,,,,,,,,,,,,,,,,,,,,,,,,,,,,,,,,,,,,,,,,,,,,,,,,,,,,,,,,,50.6192314,30.4391045,
18:23:56.410,,,,,,,,,,,,,,,,,,,,,,,,,,,,,,,,,,0,0,,,0,0,,0.036773895143612775,1.5893690109444438,13.909786,13.909786,6765.873665000001,0,0,,,,,17.613774241618604,,,,36,98,,40,,,,,181,0,,,,,,,0,,50.6192314,30.4391045,
18:23:56.474,,,,,,,,,,,,,,,,,,,,0,5.882352941176471,98,,,,,,,,,,5.882352941176471,,,,,,,,14.509803921568627,,,,,,,,,,,,,0,,,,,,,,,,,,0,,17.6470588235294,98,,,,,,50.6192314,30.4391045,
18:23:56.545,,,,,,,,,,,,,,,,,,,,,,,11.75083135554548,69.32688,69.32688,639.6470289499999,0.14688539194431852,0.8665860000000001,0.8665860000000001,8.309744,0,,5.882352941176471,,,0,0,,,,,,,,,,,9.24174253636891,6.230045523345939,6.230045523345939,0.12281849191164286,,,62,,,,26590,,12000,0,0,,181,0,26590,17.6470588235294,,,,,,0,50.6192314,30.4391045,
18:23:56.665,,,,,,,,,,,,,,,32,,,,,,,,,,,,,,,,,,,,,,,,,,,,,,,,,,,,,,,,,,,,,,,,,,,,,,,,86,,,50.6192314,30.4391045,
18:23:56.701,,,,,,,,,,,,,,,,,,7.3125,,,,,,,,,,,,,,,,,,,,,,,,,,,,,,,,,,,,,,,,,,,,,,,,,,,,,,,,50.6192314,30.4391045,
18:23:56.746,,,,,,,,,,,,,,,,288,0.015625,,,,,,,,,,,,,,,,,,,,,,,,,,,,,,,,,,,,,,,,,,,,,,,,,,,,,,,,,50.6192314,30.4391045,
18:23:56.865,,,,,,,,,354.68,57.5,,3.7,,,,,,,,,,,,,,,,,,,,,,,,,,,,,,,,,,,,,,,,,,,,,,,,,,,7.381,,,,,,,,,,,50.6192314,30.4391045,
18:23:56.925,-2.8999999999998636,,-3.7999999999999545,,,,,,,,,,3.692,,,,,,,,,,,,,,,,,,,,,,,,,,,,,,,,,,,,,,,,,,,,,,,,,,7.392,,,,,,,,,,,50.6192314,30.4391045,
18:23:56.961,,-4.5,,,,,,,,,,,,,,,,,,,,,,,,,,,,,,,,,,,,,,,,,,,,,,,,,,,,,,,,,,,,,,,,,,,,,,,,50.6192264,30.4392652,
18:23:57.082,,,,,,,,,,,,,,,,,,,,,,,,,,,,,,,,,,0,0,,,0,0,,0.029917876192165373,1.5970156031944438,13.917432999999999,13.917432999999999,6765.881312000001,0,0,,,,,17.662010675955663,,,,36,98,,41,,,,,181,0,,,,,,,0,,50.6192264,30.4392652,
18:23:57.149,,,,,,,,,,,,,,,,,,,,0,5.882352941176471,98,,,,,,,,,,5.882352941176471,,,,,,,,11.372549019607844,,,,,,,,,,,,,0,,,,,,,,,,,,0,,17.6470588235294,98,,,,,,50.6192264,30.4392652,
18:23:57.209,,,,,,,,,,,,,,,,,,,,,,,11.75083135554548,69.32688,69.32688,639.6470289499999,0.14688539194431852,0.8665860000000001,0.8665860000000001,8.309744,0,,5.882352941176471,,,0,0,,,,,,,,,,,9.197492601231309,6.226622395092544,6.226622395092544,0.12281835309853568,,,62,,,,26610,,12000,0,0,,181,0,26610,17.6470588235294,,,,,,0,50.6192264,30.4392652,
18:23:57.342,,,,,,,,,,,,,,,32,,,,,,,,,,,,,,,,,,,,,,,,,,,,,,,,,,,,,,,,,,,,,,,,,,,,,,,,86,,,50.6192264,30.4392652,
18:23:57.414,,,,,,,,,,,,,,,,,,-16.59375,,,,,,,,,,,,,,,,,,,,,,,,,,,,,,,,,,,,,,,,,,,,,,,,,,,,,,,,50.6192264,30.4392652,
18:23:57.485,,,,,,,,,,,,,,,,-1152,-0.078125,,,,,,,,,,,,,,,,,,,,,,,,,,,,,,,,,,,,,,,,,,,,,,,,,,,,,,,,,50.6192264,30.4392652,
18:23:57.701,,,,,,,,,355.81,57.5,,3.721,,,,,,,,,,,,,,,,,,,,,,,,,,,,,,,,,,,,,,,,,,,,,,,,,,,7.413,,,,,,,,,,,50.6192264,30.4392652,
18:23:57.761,8.650000000000091,,8.450000000000045,,,,,,,,,,3.711,,,,,,,,,,,,,,,,,,,,,,,,,,,,,,,,,,,,,,,,,,,,,,,,,,7.432,,,,,,,,,,,50.6192264,30.4392652,
18:23:57.797,,7.900000000000091,,,,,,,,,,,,,,,,,,,,,,,,,,,,,,,,,,,,,,,,,,,,,,,,,,,,,,,,,,,,,,,,,,,,,,,,50.6192264,30.4392652,
18:23:57.918,,,,,,,,,,,,,,,,,,,,,,,,,,,,,,,,,,0,0,,,0,0,,,1.6063140931944437,13.926731,13.926731,6765.890610000001,0,0,,,,,17.719291915756717,,,,36,98,,40,,,,,181,0,,,,,,,0,,50.6192264,30.4392652,
18:23:57.989,,,,,,,,,,,,,,,,,,,,0,5.882352941176471,98,,,,,,,,,,5.882352941176471,,,,,,,,10.588235294117647,,,,,,,,,,,,,0,,,,,,,,,,,,0,,17.6470588235294,98,,,,,,50.6192207,30.439427,
18:23:58.049,,,,,,,,,,,,,,,,,,,,,,,11.75083135554548,69.32688,69.32688,639.6470289499999,0.14688539194431852,0.8665860000000001,0.8665860000000001,8.309744,0,,5.882352941176471,,,0,0,,,,,,,,,,,9.144250963534196,6.222465272001018,6.222465272001018,0.12281818431587085,,,62,,,,26630,,12000,0,0,,181,0,26630,17.6470588235294,,,,,,0,50.6192207,30.439427,
18:23:58.170,,,,,,,,,,,,,,,32,,,,,,,,,,,,,,,,,,,,,,,,,,,,,,,,,,,,,,,,,,,,,,,,,,,,,,,,86,,,50.6192207,30.439427,
18:23:58.217,,,,,,,,,,,,,,,,,,-1.296875,,,,,,,,,,,,,,,,,,,,,,,,,,,,,,,,,,,,,,,,,,,,,,,,,,,,,,,,50.6192207,30.439427,
18:23:58.277,,,,,,,,,,,,,,,,-96,-0.015625,,,,,,,,,,,,,,,,,,,,,,,,,,,,,,,,,,,,,,,,,,,,,,,,,,,,,,,,,50.6192207,30.439427,
18:23:58.397,,,,,30,,,,,,86.6758781031239,,,86.6758781031239,,,,,,,,,,,,,,,,,,,,,,,,,,,,,,,,,,,,,,,,,,,,,,,,,,,,,,,127.5,148,,,,50.6192207,30.439427,
18:23:58.444,,,,,,,,,357.25,57.5,,3.71,,,,,,,,,,,,,,,,,,,,,,,,,,,,,,,,,,,,,,,,,,,,,,,,,,,7.421,,,,,,,,,,,50.6192207,30.439427,
18:23:58.506,-2.2999999999999545,,-1.099999999999909,,,,,,,,,,3.703,,,,,,,,,,,,,,,,,,,,,,,,,,,,,,,,,,,,,,,,,,,,,,,,,,7.413,,,,,,,,,,,50.6192207,30.439427,
18:23:58.586,,7.4500000000000455,,,,,,,,,,,,,,,,,,,,,,,,,,,,,,,,,,,,,,,,,,,,,,,,,,,,,,,,,,,,,,,,,,,,,,,,50.6192207,30.439427,
18:23:58.680,,,,,,,,,,,,,,,,,,,,,,,,,,,,,,,,,,,,,,,,,,,,,,,,,,,,,,,84,,,,,,,,,182,,,,,,,,,,50.6192207,30.439427,
18:23:58.753,,,,,,,,,,,,,,,,,,,,,,,,,,,,,,,,,,0,0,,,0,0,,,1.6153549269444438,13.935772,13.935772,6765.899651000001,0,0,,,,,17.773571522940628,,,,36,98,,39,,,,,182,0,,,,,,,0,,50.6192207,30.439427,
18:23:58.833,,,,,,,,,,,,,,,,,,,,0,5.882352941176471,98,,,,,,,,,,5.882352941176471,,,,,,,,10.588235294117647,,,,,,,,,,,,,0,,,,,,,,,,,,0,,17.6470588235294,98,,,,,,50.6192207,30.439427,
18:23:58.905,,,,,,,,,,,,,,,,,,,,,,,11.75083135554548,69.32688,69.32688,639.6470289499999,0.14688539194431852,0.8665860000000001,0.8665860000000001,8.309744,0,,5.882352941176471,,,0,0,,,,,,,,,,,9.093072333159775,6.218428372680036,6.218428372680036,0.12281802019886327,,,62,,,,26660,,12000,0,0,,182,0,26660,17.6470588235294,,,,,,0,50.6192207,30.439427,
18:23:59.025,,,,,,,,,,,,,,,32,,,,,,,,,,,,,,,,,,,,,,,,,,,,,,,,,,,,,,,,,,,,,,,,,,,,,,,,86,,,50.6192148,30.4395808,
18:23:59.049,,,,,,,,,,,,,,,,,,-22.328125,,,,,,,,,,,,,,,,,,,,,,,,,,,,,,,,,,,,,,,,,,,,,,,,,,,,,,,,50.6192148,30.4395808,
18:23:59.097,,,,,,,,,,,,,,,,-1280,-0.078125,,,,,,,,,,,,,,,,,,,,,,,,,,,,,,,,,,,,,,,,,,,,,,,,,,,,,,,,,50.6192148,30.4395808,
18:23:59.230,,,,,,,,,357.09000000000003,57.5,,3.73,,,,,,,,,,,,,,,,,,,,,,,,,,,,,,,,,,,,,,,,,,,,,,,,,,,7.433,,,,,,,,,,,50.6192148,30.4395808,
18:23:59.350,19.100000000000136,,19.450000000000045,,,,,,,,,,3.727,,,,,,,,,,,,,,,,,,,,,,,,,,,,,,,,,,,,,,,,,,,,,,,,,,7.457,,,,,,,,,,,50.6192148,30.4395808,
18:23:59.433,,23.90000000000009,,,,,,,,,,,,,,,,,,,,,,,,,,,,,,,,,,,,,,,,,,,,,,,,,,,,,,,,,,,,,,,,,,,,,,,,50.6192148,30.4395808,
18:23:59.650,,,,,,,,,,,,,,,,,,,,,,,,,,,,,,,,,,0,0,,,0,0,,-0.017484787618916586,1.6248163263333326,13.945233,13.945233,6765.909112000001,0,0,,,,,17.828831358060363,,,,36,98,,38,,,,,182,0,,,,,,,0,,50.6192148,30.4395808,
18:23:59.721,,,,,,,,,,,,,,,,,,,,0,5.882352941176471,98,,,,,,,,,,5.882352941176471,,,,,,,,8.235294117647058,,,,,,,,,,,,,0,,,,,,,,,,,,0,,17.6470588235294,98,,,,,,50.6192148,30.4395808,
18:23:59.805,,,,,,,,,,,,,,,,,,,,,,,11.75083135554548,69.32688,69.32688,639.6470289499999,0.14688539194431852,0.8665860000000001,0.8665860000000001,8.309744,0,,5.882352941176471,,,0,0,,,,,,,,,,,9.040122847349137,6.214209543863484,6.214209543863484,0.12281784845826346,,,62,,,,26680,,12000,0,0,,182,0,26680,17.6470588235294,,,,,,0,50.6192148,30.4395808,
18:23:59.914,,,,,,,,,,,,,,,32,,,,,,,,,,,,,,,,,,,,,,,,,,,,,,,,,,,,,,,,,,,,,,,,,,,,,,,,86,,,50.6192148,30.4395808,
18:23:59.949,,,,,,,,,,,,,,,,,,-13.46875,,,,,,,,,,,,,,,,,,,,,,,,,,,,,,,,,,,,,,,,,,,,,,,,,,,,,,,,50.6192087,30.4397331,
18:23:59.986,,,,,,,,,,,,,,,,-800,-0.0625,,,,,,,,,,,,,,,,,,,,,,,,,,,,,,,,,,,,,,,,,,,,,,,,,,,,,,,,,50.6192087,30.4397331,
18:24:00.069,,,,27,,,,,,,,,,,,,,,,,,,,,,,,,,,,,,,,,,,,,,,,,,,,,,,,,,,,,,,,,,,,,,,,,,148,,,,50.6192087,30.4397331,
18:24:00.177,,,,,,,,,358.38,57.5,,3.731,,,,,,,,,,,,,,,,,,,,,,,,,,,,,,,,,,,,,,,,,,,,,,,,,,,7.458,,,,,,,,,,,50.6192087,30.4397331,
18:24:00.237,3.75,,3.650000000000091,,,,,,,,,,3.719,,,,,,,,,,,,,,,,,,,,,,,,,,,,,,,,,,,,,,,,,,,,,,,,,,7.45,,,,,,,,,,,50.6192087,30.4397331,
18:24:00.286,,4.25,,,,,,,,,,,,,,,,,,,,,,,,,,,,,,,,,,,,,,,,,,,,,,,,,,,,,,,,,,,,,,,,,,,,,,,,50.6192087,30.4397331,
18:24:00.404,,,,,,,,,,,,,,,,,,,,,,,,,,,,,,,,,,0,0,,,0,0,,-0.042626603303645434,1.6323644983333325,13.952781,13.952781,6765.916660000001,0,0,,,,,17.87054160105962,,,,36,98,,36,,,,,182,0,,,,,,,0,,50.6192087,30.4397331,
18:24:00.469,,,,,,,,,,,,,,,,,,,,0,5.882352941176471,98,,,,,,,,,,5.882352941176471,,,,,,,,8.235294117647058,,,,,,,,,,,,,0,,,,,,,,,,,,0,,17.6470588235294,98,,,,,,50.6192087,30.4397331,
18:24:00.553,,,,,,,,,,,,,,,,,,,,,,,11.75083135554548,69.32688,69.32688,639.6470289499999,0.14688539194431852,0.8665860000000001,0.8665860000000001,8.309744,0,,5.882352941176471,,,0,0,,,,,,,,,,,8.99832066271293,6.210847858932209,6.210847858932209,0.12281771144369963,,,62,,,,26700,,12000,0,0,,182,0,26700,17.6470588235294,,,,,,0,50.6192087,30.4397331,
18:24:00.673,,,,,,,,,,,,,,,32,,,,,,,,,,,,,,,,,,,,,,,,,,,,,,,,,,,,,,,,,,,,,,,,,,,,,,,,86,,,50.6192087,30.4397331,
18:24:00.709,,,,,,,,,,,,,,,,,,-52.453125,,,,,,,,,,,,,,,,,,,,,,,,,,,,,,,,,,,,,,,,,,,,,,,,,,,,,,,,50.6192087,30.4397331,
18:24:00.757,,,,,,,,,,,,,,,,-3232,-0.203125,,,,,,,,,,,,,,,,,,,,,,,,,,,,,,,,,,,,,,,,,,,,,,,,,,,,,,,,,50.6192087,30.4397331,
18:24:00.865,,,,,,,,,360.64,58,,3.759,,,,,,,,,,,,,,,,,,,,,,,,,,,,,,,,,,,,,,,,,,,,,,,,,,,7.478,,,,,,,,,,,50.6192087,30.4397331,
18:24:00.926,33.5,,-1600,,,,,,,,,,3.748,,,,,,,,,,,,,,,,,,,,,,,,,,,,,,,,,,,,,,,,,,,,,,,,,,7.507,,,,,,,,,,,50.6192087,30.4397331,
18:24:00.973,,33.950000000000045,,,,,,,,,,,,,,,,,,,,,,,,,,,,,,,,,,,,,,,,,,,,,,,,,,,,,,,,,,,,,,,,,,,,,,,,50.6192006,30.4398784,
18:24:01.200,,,,,,,,,,,,,,,,,,,,,,,,,,,,,,,,,,0,0,,,0,0,,-0.04315352697651743,1.6401032287499993,13.960519999999999,13.960519999999999,6765.924399000001,0,0,,,,,17.911904969471948,,,,36,98,,35,,,,,182,0,,,,,,,0,,50.6192006,30.4398784,
18:24:01.258,,,,,,,,,,,,,,,,,,,,0,5.882352941176471,98,,,,,,,,,,5.882352941176471,,,,,,,,0,,,,,,,,,,,,,0,,,,,,,,,,,,0,,17.6470588235294,98,,,,,,50.6192006,30.4398784,
18:24:01.329,,,,,,,,,,,,,,,,,,,,,,,11.75083135554548,69.32688,69.32688,639.6470289499999,0.14688539194431852,0.8665860000000001,0.8665860000000001,8.309744,0,,5.882352941176471,,,0,0,,,,,,,,,,,8.955862617029714,6.207404881766583,6.207404881766583,0.12281757096233849,,,62,,,,26720,,12000,0,0,,182,0,26720,17.6470588235294,,,,,,0,50.6192006,30.4398784,
18:24:01.450,,,,,,,,,,,,,,,32,,,,,,,,,,,,,,,,,,,,,,,,,,,,,,,,,,,,,,,,,,,,,,,,,,,,,,,,86,,,50.6192006,30.4398784,
18:24:01.485,,,,,,,,,,,,,,,,,,-72.25,,,,,,,,,,,,,,,,,,,,,,,,,,,,,,,,,,,,,,,,,,,,,,,,,,,,,,,,50.6192006,30.4398784,
18:24:01.529,,,,,,,,,,,,,,,,-4544,-0.28125,,,,,,,,,,,,,,,,,,,,,,,,,,,,,,,,,,,,,,,,,,,,,,,,,,,,,,,,,50.6192006,30.4398784,
18:24:01.650,,,,,,31,30,30,,,,,,,,,,,,,,,,,,,,,,,,,,,,,,,,,,,,,,,,,,,,,,,,,,,,,,,,,,,,,,148,,,,50.6192006,30.4398784,
18:24:01.698,,,,,,,,,361.6,58,,3.77,,,,,,,,,,,,,,,,,,,,,,,,,,,,,,,,,,,,,,,,,,,,,,,,,,,7.518,,,,,,,,,,,50.6192006,30.4398784,
18:24:01.745,36.75,,-1600,,,,,,,,,,3.761,,,,,,,,,,,,,,,,,,,,,,,,,,,,,,,,,,,,,,,,,,,,,,,,,,7.531,,,,,,,,,,,50.6192006,30.4398784,
18:24:01.780,,36.950000000000045,,,,,,,,,,,,,,,,,,,,,,,,,,,,,,,,,,,,,,,,,,,,,,,,,,,,,,,,,,,,,,,,,,,,,,,,50.6192006,30.4398784,
18:24:01.906,,,,,,,,,,,,,,,,,,,,,,,,,,,,,,,,,,0,0,,,0,0,,-0.06289324584810818,1.6463718518611103,13.966788999999999,13.966788999999999,6765.930668000001,0,0,,,,,17.941980750051556,,,,36,98,,32,,,,,182,0,,,,,,,0,,50.6192006,30.4398784,
18:24:01.985,,,,,,,,,,,,,,,,,,,,0,5.882352941176471,98,,,,,,,,,,5.882352941176471,,,,,,,,0,,,,,,,,,,,,,0,,,,,,,,,,,,0,,17.6470588235294,98,,,,,,50.6191921,30.4400105,
18:24:02.070,,,,,,,,,,,,,,,,,,,,,,,11.75083135554548,69.32688,69.32688,639.6470289499999,0.14688539194431852,0.8665860000000001,0.8665860000000001,8.309744,0,,5.882352941176471,,,0,0,,,,,,,,,,,8.9217628312993,6.2046186850821625,6.2046186850821625,0.1228174571652291,,,62,,,,26730,,12000,0,0,,182,0,26730,17.6470588235294,,,,,,0,50.6191921,30.4400105,
18:24:02.141,,,,,,,,,,,,,,,,,,,54,,,,,,,,,,,,,,,,,,,,,,,,,,,,,,,,,,,,,,,,,,,,,,,,,,,,86,,,50.6191921,30.4400105,
18:24:02.274,,,,,,,,,,,,,,,32,,,,,,,,,,,,,,,,,,,,,,,,,,,,,,,,,,,,,,,,,,,,,,,,,,,,,,,,86,,,50.6191921,30.4400105,
18:24:02.321,,,,,,,,,,,,,,,,,,-73.53125,,,,,,,,,,,,,,,,,,,,,,,,,,,,,,,,,,,,,,,,,,,,,,,,,,,,,,,,50.6191921,30.4400105,
18:24:02.370,,,,,,,,,,,,,,,,-4640,-0.296875,,,,,,,,,,,,,,,,,,,,,,,,,,,,,,,,,,,,,,,,,,,,,,,,,,,,,,,,,50.6191921,30.4400105,
18:24:02.501,,,,,,,,,360.96,58,,3.774,,,,,,,,,,,,,,,,,,,,,,,,,,,,,,,,,,,,,,,,,,,,,,,,,,,7.535,,,,,,,,,,,50.6191921,30.4400105,
18:24:02.574,33.100000000000136,,-1600,,,,,,,,,,3.762,,,,,,,,,,,,,,,,,,,,,,,,,,,,,,,,,,,,,,,,,,,,,,,,,,7.536,,,,,,,,,,,50.6191921,30.4400105,
18:24:02.609,,32.90000000000009,,,,,,,,,,,,,,,,,,,,,,,,,,,,,,,,,,,,,,,,,,,,,,,,,,,,,,,,,,,,,,,,,,,,,,,,50.6191921,30.4400105,
18:24:02.725,,,,,,,,,,,,,,,,,,,,,,,,,,,,,,,,,,,,,,,,,,,,,,,,,,,,,,,84,,,,,,,,,182,,,,,,,,,,50.6191921,30.4400105,
18:24:02.784,,,,,,,,,,,,,,,,,,,,,,,,,,,,,,,,,,0,0,,,0,0,,-0.08132144286412363,1.6534506994999993,13.973868,13.973868,6765.937747000001,0,0,,,,,17.97131875691092,,,,36,98,,29,,,,,182,0,,,,,,,0,,50.6191921,30.4400105,
18:24:02.849,,,,,,,,,,,,,,,,,,,,0,5.882352941176471,98,,,,,,,,,,5.882352941176471,,,,,,,,0,,,,,,,,,,,,,0,,,,,,,,,,,,0,,17.6470588235294,98,,,,,,50.6191921,30.4400105,
18:24:02.957,,,,,,,,,,,,,,,,,,,,,,,11.75083135554548,69.32688,69.32688,639.6470289499999,0.14688539194431852,0.8665860000000001,0.8665860000000001,8.309744,0,,5.882352941176471,,,0,0,,,,,,,,,,,8.883566470336032,6.201475496977645,6.201475496977645,0.12281732866496621,,,62,,,,26760,,12000,0,0,,182,0,26760,17.6470588235294,,,,,,0,50.6191828,30.4401285,
18:24:03.172,,,,,,,,,,,,,,,32,,,,,,,,,,,,,,,,,,,,,,,,,,,,,,,,,,,,,,,,,,,,,,,,,,,,,,,,86,,,50.6191828,30.4401285,
18:24:03.210,,,,,,,,,,,,,,,,,,-109.5,,,,,,,,,,,,,,,,,,,,,,,,,,,,,,,,,,,,,,,,,,,,,,,,,,,,,,,,50.6191828,30.4401285,
18:24:03.269,,,,,,,,,,,,,,,,-6848,-0.421875,,,,,,,,,,,,,,,,,,,,,,,,,,,,,,,,,,,,,,,,,,,,,,,,,,,,,,,,,50.6191828,30.4401285,
18:24:03.388,,,,,,,,,362.57,58.5,,3.791,,,,,,,,,,,,,,,,,,,,,,,,,,,,,,,,,,,,,,,,,,,,,,,,,,,7.553,,,,,,,,,,,50.6191828,30.4401285,
18:24:03.472,44.40000000000009,,-1600,,,,,,,,,,3.78,,,,,,,,,,,,,,,,,,,,,,,,,,,,,,,,,,,,,,,,,,,,,,,,,,7.571,,,,,,,,,,,50.6191828,30.4401285,
18:24:03.498,,43.55000000000018,,,,,,,,,,,,,,,,,,,,,,,,,,,,,,,,,,,,,,,,,,,,,,,,,,,,,,,,,,,,,,,,,,,,,,,,50.6191828,30.4401285,
18:24:03.625,,,,,,,,,,,,,,,,,,,,,,,,,,,,,,,,,,0,0,,,0,0,,-0.08795360433573171,1.6595216836111104,13.979939,13.979939,6765.943818000001,0,0,,,,,17.991643162904097,,,,36,98,,26,,,,,182,0,,,,,,,0,,50.6191828,30.4401285,
18:24:03.701,,,,,,,,,,,,,,,,,,,,0,5.882352941176471,98,,,,,,,,,,5.882352941176471,,,,,,,,0,,,,,,,,,,,,,0,,,,,,,,,,,,0,,17.6470588235294,98,,,,,,50.6191828,30.4401285,
18:24:03.773,,,,,,,,,,,,,,,,,,,,,,,11.75083135554548,69.32688,69.32688,639.6470289499999,0.14688539194431852,0.8665860000000001,0.8665860000000001,8.309744,0,,5.882352941176471,,,0,0,,,,,,,,,,,8.851067954996326,6.198782412426836,6.198782412426836,0.12281721846245457,,,62,,,,26780,,12000,0,0,,182,0,26780,17.6470588235294,,,,,,0,50.6191828,30.4401285,
18:24:03.893,,,,,,,,,,,,,,,32,,,,,,,,,,,,,,,,,,,,,,,,,,,,,,,,,,,,,,,,,,,,,,,,,,,,,,,,86,,,50.6191828,30.4401285,
18:24:03.941,,,,,,,,,,,,,,,,,,-116.359375,,,,,,,,,,,,,,,,,,,,,,,,,,,,,,,,,,,,,,,,,,,,,,,,,,,,,,,,50.6191828,30.4401285,
18:24:03.990,,,,,,,,,,,,,,,,-7360,-0.453125,,,,,,,,,,,,,,,,,,,,,,,,,,,,,,,,,,,,,,,,,,,,,,,,,,,,,,,,,50.6191709,30.4402282,
18:24:04.109,,,,,,,,,362.89,58.5,,3.789,,,,,,,,,,,,,,,,,,,,,,,,,,,,,,,,,,,,,,,,,,,,,,,,,,,7.569,,,,,,,,,,,50.6191709,30.4402282,
18:24:04.156,36.75,,-1600,,,,,,,,,,3.777,,,,,,,,,,,,,,,,,,,,,,,,,,,,,,,,,,,,,,,,,,,,,,,,,,7.566,,,,,,,,,,,50.6191709,30.4402282,
18:24:04.193,,36.100000000000136,,,,,,,,,,,,,,,,,,,,,,,,,,,,,,,,,,,,,,,,,,,,,,,,,,,,,,,,,,,,,,,,,,,,,,,,50.6191709,30.4402282,
18:24:04.317,,,,,,,,,,,,,,,,,,,,,,,,,,,,,,,,,,0,0,,,0,0,,-0.11813902755295322,1.6637522469444437,13.984169999999999,13.984169999999999,6765.9480490000005,0,0,,,,,17.999982380807374,,,,36,98,,22,,,,,182,0,,,,,,,0,,50.6191709,30.4402282,
18:24:04.389,,,,,,,,,,,,,,,,,,,,0,5.882352941176471,98,,,,,,,,,,5.882352941176471,,,,,,,,0,,,,,,,,,,,,,0,,,,,,,,,,,,0,,17.6470588235294,98,,,,,,50.6191709,30.4402282,
18:24:04.449,,,,,,,,,,,,,,,,,,,,,,,11.75083135554548,69.32688,69.32688,639.6470289499999,0.14688539194431852,0.8665860000000001,0.8665860000000001,8.309744,0,,5.882352941176471,,,0,0,,,,,,,,,,,8.828561597081547,6.196906931194344,6.196906931194344,0.12281714166026107,,,62,,,,26790,,12000,0,0,,182,0,26790,17.6470588235294,,,,,,0,50.6191709,30.4402282,
18:24:04.593,,,,,,,,,,,,,,,32,,,,,,,,,,,,,,,,,,,,,,,,,,,,,,,,,,,,,,,,,,,,,,,,,,,,,,,,86,,,50.6191709,30.4402282,
18:24:04.630,,,,,,,,,,,,,,,,,,-132.484375,,,,,,,,,,,,,,,,,,,,,,,,,,,,,,,,,,,,,,,,,,,,,,,,,,,,,,,,50.6191709,30.4402282,
18:24:04.677,,,,,,,,,,,,,,,,-8608,-0.53125,,,,,,,,,,,,,,,,,,,,,,,,,,,,,,,,,,,,,,,,,,,,,,,,,,,,,,,,,50.6191709,30.4402282,
18:24:04.917,,,,,30,,,,,,86.6758781031239,,,86.6758781031239,,,,,,,,,,,,,,,,,,,,,,,,,,,,,,,,,,,,,,,,,,,,,,,,,,,,,,,127.5,148,,,,50.6191709,30.4402282,
18:24:04.990,,,,,,,,,362.25,59,,3.767,,,,,,,,,,,,,,,,,,,,,,,,,,,,,,,,,,,,,,,,,,,,,,,,,,,7.544,,,,,,,,,,,50.6191581,30.4403043,
18:24:05.038,13.75,,13.400000000000091,,,,,,,,,,3.758,,,,,,,,,,,,,,,,,,,,,,,,,,,,,,,,,,,,,,,,,,,,,,,,,,7.525,,,,,,,,,,,50.6191581,30.4403043,
18:24:05.086,,13.450000000000045,,,,,,,,,,,,,,,,,,,,,,,,,,,,,,,,,,,,,,,,,,,,,,,,,,,,,,,,,,,,,,,,,,,,,,,,50.6191581,30.4403043,
18:24:05.193,,,,,,,,,,,,,,,,,,,,,,,,,,,,,,,,,,0,0,,,0,0,,-0.12925501360246733,1.6678879521666659,13.988306,13.988306,6765.952185000001,0,0,,,,,17.997357347179996,,,,36,98,,17,,,,,182,0,,,,,,,0,,50.6191581,30.4403043,
18:24:05.265,,,,,,,,,,,,,,,,,,,,0,5.882352941176471,98,,,,,,,,,,5.882352941176471,,,,,,,,0,,,,,,,,,,,,,0,,,,,,,,,,,,0,,17.6470588235294,98,,,,,,50.6191581,30.4403043,
18:24:05.338,,,,,,,,,,,,,,,,,,,,,,,11.75083135554548,69.32688,69.32688,639.6470289499999,0.14688539194431852,0.8665860000000001,0.8665860000000001,8.309744,0,,5.882352941176471,,,0,0,,,,,,,,,,,8.80667024145761,6.195074657360227,6.195074657360227,0.12281706658262467,,,62,,,,26820,,12000,0,0,,182,0,26820,17.6470588235294,,,,,,0,50.6191581,30.4403043,
18:24:05.480,,,,,,,,,,,,,,,32,,,,,,,,,,,,,,,,,,,,,,,,,,,,,,,,,,,,,,,,,,,,,,,,,,,,,,,,86,,,50.6191581,30.4403043,
18:24:05.517,,,,,,,,,,,,,,,,,,-27.328125,,,,,,,,,,,,,,,,,,,,,,,,,,,,,,,,,,,,,,,,,,,,,,,,,,,,,,,,50.6191581,30.4403043,
18:24:05.557,,,,,,,,,,,,,,,,-1984,-0.125,,,,,,,,,,,,,,,,,,,,,,,,,,,,,,,,,,,,,,,,,,,,,,,,,,,,,,,,,50.6191581,30.4403043,
18:24:05.678,,,,,,,,,360.47,59,,3.749,,,,,,,,,,,,,,,,,,,,,,,,,,,,,,,,,,,,,,,,,,,,,,,,,,,7.507,,,,,,,,,,,50.6191581,30.4403043,
18:24:05.726,-5.25,,-5.2999999999999545,,,,,,,,,,3.74,,,,,,,,,,,,,,,,,,,,,,,,,,,,,,,,,,,,,,,,,,,,,,,,,,7.489,,,,,,,,,,,50.6191581,30.4403043,
18:24:05.762,,-8.149999999999864,,,,,,,,,,,,,,,,,,,,,,,,,,,,,,,,,,,,,,,,,,,,,,,,,,,,,,,,,,,,,,,,,,,,,,,,50.6191581,30.4403043,
18:24:05.894,,,,,,,,,,,,,,,,,,,,,,,,,,,,,,,,,,0,0,,,0,0,,-0.12753893237989528,1.670807929249999,13.991226,13.991226,6765.955105000001,0,0,,,,,17.991074488649538,,,,36,98,,15,,,,,182,0,,,,,,,0,,50.6191581,30.4403043,
18:24:05.965,,,,,,,,,,,,,,,,,,,,0,5.882352941176471,98,,,,,,,,,,5.882352941176471,,,,,,,,11.764705882352942,,,,,,,,,,,,,0,,,,,,,,,,,,0,,17.6470588235294,98,,,,,,50.6191443,30.440366,
18:24:06.037,,,,,,,,,,,,,,,,,,,,,,,11.75083135554548,69.32688,69.32688,639.6470289499999,0.14688539194431852,0.8665860000000001,0.8665860000000001,8.309744,0,,5.882352941176471,,,0,0,,,,,,,,,,,8.791279318997079,6.193781731493724,6.193781731493724,0.1228170135781591,,,62,,,,26830,,12000,0,0,,182,0,26830,17.6470588235294,,,,,,0,50.6191443,30.440366,
18:24:06.145,,,,,,,,,,,,,,,32,,,,,,,,,,,,,,,,,,,,,,,,,,,,,,,,,,,,,,,,,,,,,,,,,,,,,,,,86,,,50.6191443,30.440366,
18:24:06.193,,,,,,,,,,,,,,,,,,51,,,,,,,,,,,,,,,,,,,,,,,,,,,,,,,,,,,,,,,,,,,,,,,,,,,,,,,,50.6191443,30.440366,
18:24:06.229,,,,,,,,,,,,,,,,3168,0.1875,,,,,,,,,,,,,,,,,,,,,,,,,,,,,,,,,,,,,,,,,,,,,,,,,,,,,,,,,50.6191443,30.440366,
18:24:06.336,,,,,,,,,356.29,59,,3.725,,,,,,,,,,,,,,,,,,,,,,,,,,,,,,,,,,,,,,,,,,,,,,,,,,,7.465,,,,,,,,,,,50.6191443,30.440366,
18:24:06.396,-22.25,,-22.25,,,,,,,,,,3.714,,,,,,,,,,,,,,,,,,,,,,,,,,,,,,,,,,,,,,,,,,,,,,,,,,7.439,,,,,,,,,,,50.6191443,30.440366,
18:24:06.433,,-22.049999999999955,,,,,,,,,,,,,,,,,,,,,,,,,,,,,,,,,,,,,,,,,,,,,,,,,,,,,,,,,,,,,,,,,,,,,,,,50.6191443,30.440366,
18:24:06.518,,,,,,,,,,,,,,,,,,,,,,,,,,,,,,,,,,,,,,,,,,,,,,,,,,,,,,,84,,,,,,,,,182,,,,,,,,,,50.6191443,30.440366,
18:24:06.577,,,,,,,,,,,,,,,,,,,,,,,,,,,,,,,,,,0,0,,,0,0,,,1.6738465919166658,13.994264999999999,13.994264999999999,6765.958144000001,0,0,,,,,17.987011053205947,,,,36,98,,16,,,,,182,0,,,,,,,0,,50.6191443,30.440366,
18:24:06.669,,,,,,,,,,,,,,,,,,,,0,5.882352941176471,98,,,,,,,,,,5.882352941176471,,,,,,,,12.549019607843137,,,,,,,,,,,,,0,,,,,,,,,,,,0,,17.6470588235294,98,,,,,,50.6191443,30.440366,
18:24:06.800,,,,,,,,,,,,,,,,,,,,,,,11.75083135554548,69.32688,69.32688,639.6470289499999,0.14688539194431852,0.8665860000000001,0.8665860000000001,8.309744,0,,5.882352941176471,,,0,0,,,,,,,,,,,8.775319832394256,6.192436687457327,6.192436687457327,0.12281695841362862,,,62,,,,26850,,12000,0,0,,182,0,26850,17.6470588235294,,,,,,0,50.6191443,30.440366,
18:24:07.004,,,,,,,,,,,,,,,32,,,,,,,,,,,,,,,,,,,,,,,,,,,,,,,,,,,,,,,,,,,,,,,,,,,,,,,,86,,,50.6191253,30.4404239,
18:24:07.042,,,,,,,,,,,,,,,,,,71.6875,,,,,,,,,,,,,,,,,,,,,,,,,,,,,,,,,,,,,,,,,,,,,,,,,,,,,,,,50.6191253,30.4404239,
18:24:07.090,,,,,,,,,,,,,,,,4704,0.28125,,,,,,,,,,,,,,,,,,,,,,,,,,,,,,,,,,,,,,,,,,,,,,,,,,,,,,,,,50.6191253,30.4404239,
18:24:07.210,,,,,,,,,354.36,58.5,,3.707,,,,,,,,,,,,,,,,,,,,,,,,,,,,,,,,,,,,,,,,,,,,,,,,,,,7.421,,,,,,,,,,,50.6191253,30.4404239,
18:24:07.258,-31,,-1600,,,,,,,,,,3.695,,,,,,,,,,,,,,,,,,,,,,,,,,,,,,,,,,,,,,,,,,,,,,,,,,7.402,,,,,,,,,,,50.6191253,30.4404239,
18:24:07.316,,-31.84999999999991,,,,,,,,,,,,,,,,,,,,,,,,,,,,,,,,,,,,,,,,,,,,,,,,,,,,,,,,,,,,,,,,,,,,,,,,50.6191253,30.4404239,
18:24:07.425,,,,,,,,,,,,,,,,,,,,,,,,,,,,,,,,,,0,0,,,0,0,,,1.6778489529166658,13.998267,13.998267,6765.962146000001,0,0,,,,,17.984520273323245,,,,36,98,,17,,,,,182,0,,,,,,,0,,50.6191253,30.4404239,
18:24:07.493,,,,,,,,,,,,,,,,,,,,0,5.882352941176471,98,,,,,,,,,,5.882352941176471,,,,,,,,15.686274509803921,,,,,,,,,,,,,0,,,,,,,,,,,,0,,17.6470588235294,98,,,,,,50.6191253,30.4404239,
18:24:07.566,,,,,,,,,,,,,,,,,,,,,,,11.75083135554548,69.32688,69.32688,639.6470289499999,0.14688539194431852,0.8665860000000001,0.8665860000000001,8.309744,0,,5.882352941176471,,,0,0,,,,,,,,,,,8.75438707930069,6.190666316051837,6.190666316051837,0.12281688576860683,,,62,,,,26860,,12000,0,0,,182,0,26860,17.6470588235294,,,,,,0,50.6191253,30.4404239,
18:24:07.709,,,,,,,,,,,,,,,32,,,,,,,,,,,,,,,,,,,,,,,,,,,,,,,,,,,,,,,,,,,,,,,,,,,,,,,,86,,,50.6191253,30.4404239,
18:24:07.746,,,,,,,,,,,,,,,,,,67.421875,,,,,,,,,,,,,,,,,,,,,,,,,,,,,,,,,,,,,,,,,,,,,,,,,,,,,,,,50.6191253,30.4404239,
18:24:07.780,,,,,,,,,,,,,,,,4224,0.25,,,,,,,,,,,,,,,,,,,,,,,,,,,,,,,,,,,,,,,,,,,,,,,,,,,,,,,,,50.6191253,30.4404239,
18:24:07.877,,,,27,,,,,,,,,,,,,,,,,,,,,,,,,,,,,,,,,,,,,,,,,,,,,,,,,,,,,,,,,,,,,,,,,,148,,,,50.6191253,30.4404239,
18:24:07.998,,,,,,,,,355.64,58.5,,3.7,,,,,,,,,,,,,,,,,,,,,,,,,,,,,,,,,,,,,,,,,,,,,,,,,,,7.395,,,,,,,,,,,50.6190978,30.4404824,
18:24:08.057,-32.049999999999955,,-1600,,,,,,,,,,3.692,,,,,,,,,,,,,,,,,,,,,,,,,,,,,,,,,,,,,,,,,,,,,,,,,,7.392,,,,,,,,,,,50.6190978,30.4404824,
18:24:08.093,,-32.5,,,,,,,,,,,,,,,,,,,,,,,,,,,,,,,,,,,,,,,,,,,,,,,,,,,,,,,,,,,,,,,,,,,,,,,,50.6190978,30.4404824,
18:24:08.221,,,,,,,,,,,,,,,,,,,,,,,,,,,,,,,,,,0,0,,,0,0,,,1.6820516616111103,14.002469999999999,14.002469999999999,6765.966349000001,0,0,,,,,17.986922226136812,,,,36,98,,19,,,,,182,0,,,,,,,0,,50.6190978,30.4404824,
18:24:08.293,,,,,,,,,,,,,,,,,,,,0,5.882352941176471,98,,,,,,,,,,5.882352941176471,,,,,,,,16.470588235294116,,,,,,,,,,,,,0,,,,,,,,,,,,0,,17.6470588235294,98,,,,,,50.6190978,30.4404824,
18:24:08.389,,,,,,,,,,,,,,,,,,,,,,,11.75083135554548,69.32688,69.32688,639.6470289499999,0.14688539194431852,0.8665860000000001,0.8665860000000001,8.309744,0,,5.882352941176471,,,0,0,,,,,,,,,,,8.732513709099047,6.1888081174249985,6.1888081174249985,0.1228168094750895,,,62,,,,26890,,12000,0,0,,182,0,26890,17.6470588235294,,,,,,0,50.6190978,30.4404824,
18:24:08.510,,,,,,,,,,,,,,,,,,,54,,,,,,,,,,,,,,,,,,,,,,,,,,,,,,,,,,,,,,,,,,,,,,,,,,,,86,,,50.6190978,30.4404824,
18:24:08.750,,,,,,,,,,,,,,,32,,,,,,,,,,,,,,,,,,,,,,,,,,,,,,,,,,,,,,,,,,,,,,,,,,,,,,,,86,,,50.6190978,30.4404824,
18:24:08.798,,,,,,,,,,,,,,,,,,66.09375,,,,,,,,,,,,,,,,,,,,,,,,,,,,,,,,,,,,,,,,,,,,,,,,,,,,,,,,50.6190978,30.4404824,
18:24:08.846,,,,,,,,,,,,,,,,4064,0.234375,,,,,,,,,,,,,,,,,,,,,,,,,,,,,,,,,,,,,,,,,,,,,,,,,,,,,,,,,50.6190978,30.4404824,
18:24:08.989,,,,,,,,,355,58.5,,3.695,,,,,,,,,,,,,,,,,,,,,,,,,,,,,,,,,,,,,,,,,,,,,,,,,,,7.387,,,,,,,,,,,50.6190601,30.4405372,
18:24:09.037,-34.44999999999982,,-1600,,,,,,,,,,3.682,,,,,,,,,,,,,,,,,,,,,,,,,,,,,,,,,,,,,,,,,,,,,,,,,,7.377,,,,,,,,,,,50.6190601,30.4405372,
18:24:09.085,,-34.44999999999982,,,,,,,,,,,,,,,,,,,,,,,,,,,,,,,,,,,,,,,,,,,,,,,,,,,,,,,,,,,,,,,,,,,,,,,,50.6190601,30.4405372,
18:24:09.205,,,,,,,,,,,,,,,,,,,,,,,,,,,,,,,,,,0,0,,,0,0,,0.05133293059888706,1.6877881201944436,14.008206,14.008206,6765.972085000001,0,0,,,,,17.9956980051845,,,,36,98,,21,,,,,182,0,,,,,,,0,,50.6190601,30.4405372,
18:24:09.278,,,,,,,,,,,,,,,,,,,,0,5.882352941176471,98,,,,,,,,,,5.882352941176471,,,,,,,,16.470588235294116,,,,,,,,,,,,,0,,,,,,,,,,,,0,,17.6470588235294,98,,,,,,50.6190601,30.4405372,
18:24:09.349,,,,,,,,,,,,,,,,,,,,,,,11.75083135554548,69.32688,69.32688,639.6470289499999,0.14688539194431852,0.8665860000000001,0.8665860000000001,8.309744,0,,5.882352941176471,,,0,0,,,,,,,,,,,8.702833619150988,6.18627395970619,6.18627395970619,0.12281670535446791,,,62,,,,26910,,12000,0,0,,182,0,26910,17.6470588235294,,,,,,0,50.6190601,30.4405372,
18:24:09.481,,,,,,,,,,,,,,,32,,,,,,,,,,,,,,,,,,,,,,,,,,,,,,,,,,,,,,,,,,,,,,,,,,,,,,,,86,,,50.6190601,30.4405372,
18:24:09.519,,,,,,,,,,,,,,,,,,60.890625,,,,,,,,,,,,,,,,,,,,,,,,,,,,,,,,,,,,,,,,,,,,,,,,,,,,,,,,50.6190601,30.4405372,
18:24:09.554,,,,,,,,,,,,,,,,3744,0.21875,,,,,,,,,,,,,,,,,,,,,,,,,,,,,,,,,,,,,,,,,,,,,,,,,,,,,,,,,50.6190601,30.4405372,
18:24:09.661,,,,,,31,30,30,,,,,,,,,,,,,,,,,,,,,,,,,,,,,,,,,,,,,,,,,,,,,,,,,,,,,,,,,,,,,,148,,,,50.6190601,30.4405372,
18:24:09.733,,,,,,,,,352.59000000000003,58.5,,3.69,,,,,,,,,,,,,,,,,,,,,,,,,,,,,,,,,,,,,,,,,,,,,,,,,,,7.372,,,,,,,,,,,50.6190601,30.4405372,
18:24:09.806,-27.899999999999864,,-27.399999999999864,,,,,,,,,,3.685,,,,,,,,,,,,,,,,,,,,,,,,,,,,,,,,,,,,,,,,,,,,,,,,,,7.375,,,,,,,,,,,50.6190601,30.4405372,
18:24:09.865,,-22.25,,,,,,,,,,,,,,,,,,,,,,,,,,,,,,,,,,,,,,,,,,,,,,,,,,,,,,,,,,,,,,,,,,,,,,,,50.6190601,30.4405372,
18:24:09.984,,,,,,,,,,,,,,,,,,,,,,,,,,,,,,,,,,0.02,0,,,0,0,,0.05819912037247258,1.6927679415555548,14.013186,14.013186,6765.977065000001,0,0,,,,,18.007224009547258,,,,36,98,,23,,,,,182,0.02,,,,,,,0.024,,50.6190145,30.4405903,
18:24:10.050,,,,,,,,,,,,,,,,,,,,0,5.882352941176471,98,,,,,,,,,,5.882352941176471,,,,,,,,7.0588235294117645,,,,,,,,,,,,,0,,,,,,,,,,,,0.02,,17.6470588235294,98,,,,,,50.6190145,30.4405903,
18:24:10.122,,,,,,,,,,,,,,,,,,,,,,,11.75083135554548,69.32688,69.32688,639.6470289499999,0.14688539194431852,0.8665860000000001,0.8665860000000001,8.309744,0,,5.882352941176471,,,0,0,,,,,,,,,,,8.677231434885247,6.184075484333114,6.184075484333114,0.12281661495700029,,,62,,,,26930,,12000,0,0,,182,0.02,26930,17.6470588235294,,,,,,0,50.6190145,30.4405903,
18:24:10.228,,,,,,,,,,,,,,,32,,,,,,,,,,,,,,,,,,,,,,,,,,,,,,,,,,,,,,,,,,,,,,,,,,,,,,,,86,,,50.6190145,30.4405903,
18:24:10.277,,,,,,,,,,,,,,,,,,-51.75,,,,,,,,,,,,,,,,,,,,,,,,,,,,,,,,,,,,,,,,,,,,,,,,,,,,,,,,50.6190145,30.4405903,
18:24:10.312,,,,,,,,,,,,,,,,-3456,-0.21875,,,,,,,,,,,,,,,,,,,,,,,,,,,,,,,,,,,,,,,,,,,,,,,,,,,,,,,,,50.6190145,30.4405903,
18:24:10.505,,,,,,,,,359.19,58.5,,3.745,,,,,,,,,,,,,,,,,,,,,,,,,,,,,,,,,,,,,,,,,,,,,,,,,,,7.43,,,,,,,,,,,50.6190145,30.4405903,
18:24:10.578,19.350000000000136,,19.450000000000045,,,,,,,,,,3.737,,,,,,,,,,,,,,,,,,,,,,,,,,,,,,,,,,,,,,,,,,,,,,,,,,7.482,,,,,,,,,,,50.6190145,30.4405903,
18:24:10.650,,19.850000000000136,,,,,,,,,,,,,,,,,,,,,,,,,,,,,,,,,,,,,,,,,,,,,,,,,,,,,,,,,,,,,,,,,,,,,,,,50.6190145,30.4405903,
18:24:10.758,,,,,,,,,,,,,,,,,,,,,,,,,,,,,,,,,,,,,,,,,,,,,,,,,,,,,,,84,,,,,,,,,182,,,,,,,,,,50.6190145,30.4405903,
18:24:10.818,,,,,,,,,,,,,,,,,,,,,,,,,,,,,,,,,,0,0,,,0,0,,,1.6978653886111104,14.018283,14.018283,6765.982162000001,0,0,,,,,18.01704115450083,,,,36,98,,22,,,,,182,0,,,,,,,0,,50.6190145,30.4405903,
18:24:10.900,,,,,,,,,,,,,,,,,,,,0,5.882352941176471,98,,,,,,,,,,5.882352941176471,,,,,,,,0,,,,,,,,,,,,,0,,,,,,,,,,,,0,,17.6470588235294,98,,,,,,50.6190145,30.4405903,
18:24:10.998,,,,,,,,,,,,,,,,,,,,,,,11.75083135554548,69.32688,69.32688,639.6470289499999,0.14688539194431852,0.8665860000000001,0.8665860000000001,8.309744,0,,5.882352941176471,,,0,0,,,,,,,,,,,8.651180059950093,6.181826975529029,6.181826975529029,0.12281652243587454,,,62,,,,26950,,12000,0,0,,182,0,26950,17.6470588235294,,,,,,0,50.6189673,30.4406387,
18:24:11.153,,,,,,,,,,,,,,,32,,,,,,,,,,,,,,,,,,,,,,,,,,,,,,,,,,,,,,,,,,,,,,,,,,,,,,,,86,,,50.6189673,30.4406387,
18:24:11.189,,,,,,,,,,,,,,,,,,-147.671875,,,,,,,,,,,,,,,,,,,,,,,,,,,,,,,,,,,,,,,,,,,,,,,,,,,,,,,,50.6189673,30.4406387,
18:24:11.226,,,,,,,,,,,,,,,,-9376,-0.578125,,,,,,,,,,,,,,,,,,,,,,,,,,,,,,,,,,,,,,,,,,,,,,,,,,,,,,,,,50.6189673,30.4406387,
18:24:11.333,,,,,30,,,,,,86.6758781031239,,,86.6758781031239,,,,,,,,,,,,,,,,,,,,,,,,,,,,,,,,,,,,,,,,,,,,,,,,,,,,,,,127.5,148,,,,50.6189673,30.4406387,
18:24:11.381,,,,,,,,,361.76,58.5,,3.768,,,,,,,,,,,,,,,,,,,,,,,,,,,,,,,,,,,,,,,,,,,,,,,,,,,7.505,,,,,,,,,,,50.6189673,30.4406387,
18:24:11.429,36.30000000000018,,-1600,,,,,,,,,,3.759,,,,,,,,,,,,,,,,,,,,,,,,,,,,,,,,,,,,,,,,,,,,,,,,,,7.527,,,,,,,,,,,50.6189673,30.4406387,
18:24:11.465,,36.100000000000136,,,,,,,,,,,,,,,,,,,,,,,,,,,,,,,,,,,,,,,,,,,,,,,,,,,,,,,,,,,,,,,,,,,,,,,,50.6189673,30.4406387,
18:24:11.586,,,,,,,,,,,,,,,,,,,,,,,,,,,,,,,,,,0,0,,,0,0,,,1.7017016931111104,14.022119,14.022119,6765.985998000001,0,0,,,,,18.01700270075134,,,,36,98,,18,,,,,182,0,,,,,,,0,,50.6189673,30.4406387,
18:24:11.658,,,,,,,,,,,,,,,,,,,,0,5.882352941176471,98,,,,,,,,,,5.882352941176471,,,,,,,,0,,,,,,,,,,,,,0,,,,,,,,,,,,0,,17.6470588235294,98,,,,,,50.6189673,30.4406387,
18:24:11.717,,,,,,,,,,,,,,,,,,,,,,,11.75083135554548,69.32688,69.32688,639.6470289499999,0.14688539194431852,0.8665860000000001,0.8665860000000001,8.309744,0,,5.882352941176471,,,0,0,,,,,,,,,,,8.63167689959675,6.180135826831879,6.180135826831879,0.12281645280460717,,,63,,,,26970,,12000,0,0,,183,0,26970,17.6470588235294,,,,,,0,50.6189673,30.4406387,
18:24:11.837,,,,,,,,,,,,,,,32,,,,,,,,,,,,,,,,,,,,,,,,,,,,,,,,,,,,,,,,,,,,,,,,,,,,,,,,86,,,50.6189673,30.4406387,
18:24:11.885,,,,,,,,,,,,,,,,,,-160.71875,,,,,,,,,,,,,,,,,,,,,,,,,,,,,,,,,,,,,,,,,,,,,,,,,,,,,,,,50.6189673,30.4406387,
18:24:11.922,,,,,,,,,,,,,,,,-10240,-0.625,,,,,,,,,,,,,,,,,,,,,,,,,,,,,,,,,,,,,,,,,,,,,,,,,,,,,,,,,50.6189673,30.4406387,
18:24:12.041,,,,,,,,,361.12,58.5,,3.763,,,,,,,,,,,,,,,,,,,,,,,,,,,,,,,,,,,,,,,,,,,,,,,,,,,7.522,,,,,,,,,,,50.6189303,30.4406765,
18:24:12.102,25.050000000000182,,24.600000000000136,,,,,,,,,,3.753,,,,,,,,,,,,,,,,,,,,,,,,,,,,,,,,,,,,,,,,,,,,,,,,,,7.516,,,,,,,,,,,50.6189303,30.4406765,
18:24:12.138,,23.25,,,,,,,,,,,,,,,,,,,,,,,,,,,,,,,,,,,,,,,,,,,,,,,,,,,,,,,,,,,,,,,,,,,,,,,,50.6189303,30.4406765,
18:24:12.318,,,,,,,,,,,,,,,,,,,,,,,,,,,,,,,,,,0,0,,,0,0,,-0.0727781936373356,1.7043463878333327,14.024764,14.024764,6765.988643000001,0,0,,,,,18.006219660896054,,,,36,98,,13,,,,,183,0,,,,,,,0,,50.6189303,30.4406765,
18:24:12.421,,,,,,,,,,,,,,,,,,,,0,5.882352941176471,98,,,,,,,,,,5.882352941176471,,,,,,,,0,,,,,,,,,,,,,0,,,,,,,,,,,,0,,17.6470588235294,98,,,,,,50.6189303,30.4406765,
18:24:12.518,,,,,,,,,,,,,,,,,,,,,,,11.75083135554548,69.32688,69.32688,639.6470289499999,0.14688539194431852,0.8665860000000001,0.8665860000000001,8.309744,0,,5.882352941176471,,,0,0,,,,,,,,,,,8.618282820492144,6.178970284277155,6.178970284277155,0.12281640479247845,,,63,,,,26990,,12000,0,0,,183,0,26990,17.6470588235294,,,,,,0,50.6189303,30.4406765,
18:24:12.650,,,,,,,,,,,,,,,32,,,,,,,,,,,,,,,,,,,,,,,,,,,,,,,,,,,,,,,,,,,,,,,,,,,,,,,,86,,,50.6189303,30.4406765,
18:24:12.689,,,,,,,,,,,,,,,,,,-114.0625,,,,,,,,,,,,,,,,,,,,,,,,,,,,,,,,,,,,,,,,,,,,,,,,,,,,,,,,50.6189303,30.4406765,
18:24:12.726,,,,,,,,,,,,,,,,-7296,-0.453125,,,,,,,,,,,,,,,,,,,,,,,,,,,,,,,,,,,,,,,,,,,,,,,,,,,,,,,,,50.6189303,30.4406765,
18:24:12.834,,,,,,,,,359.35,59,,3.745,,,,,,,,,,,,,,,,,,,,,,,,,,,,,,,,,,,,,,,,,,,,,,,,,,,7.498,,,,,,,,,,,50.6189303,30.4406765,
18:24:12.894,6.800000000000182,,6.300000000000182,,,,,,,,,,3.737,,,,,,,,,,,,,,,,,,,,,,,,,,,,,,,,,,,,,,,,,,,,,,,,,,7.482,,,,,,,,,,,50.6189303,30.4406765,
18:24:12.929,,6.150000000000091,,,,,,,,,,,,,,,,,,,,,,,,,,,,,,,,,,,,,,,,,,,,,,,,,,,,,,,,,,,,,,,,,,,,,,,,50.6189303,30.4406765,
18:24:13.050,,,,,,,,,,,,,,,,,,,,,,,,,,,,,,,,,,0,0,,,0,0,,-0.1386110024630266,1.7059728536111105,14.02639,14.02639,6765.990269000001,0,0,,,,,17.984773092001568,,,,36,98,,8,,,,,183,0,,,,,,,0,,50.6189077,30.4406993,
18:24:13.158,,,,,,,,,,,,,,,,,,,,0,5.882352941176471,98,,,,,,,,,,5.882352941176471,,,,,,,,0,,,,,,,,,,,,,0,,,,,,,,,,,,0,,17.6470588235294,98,,,,,,50.6189077,30.4406993,
18:24:13.229,,,,,,,,,,,,,,,,,,,,,,,11.75083135554548,69.32688,69.32688,639.6470289499999,0.14688539194431852,0.8665860000000001,0.8665860000000001,8.309744,0,,5.882352941176471,,,0,0,,,,,,,,,,,8.61006619380839,6.178253991226539,6.178253991226539,0.12281637527729054,,,63,,,,27010,,12000,0,0,,183,0,27010,17.6470588235294,,,,,,0,50.6189077,30.4406993,
18:24:13.409,,,,,,,,,,,,,,,32,,,,,,,,,,,,,,,,,,,,,,,,,,,,,,,,,,,,,,,,,,,,,,,,,,,,,,,,86,,,50.6189077,30.4406993,
18:24:13.518,,,,,,,,,,,,,,,,,,-17.578125,,,,,,,,,,,,,,,,,,,,,,,,,,,,,,,,,,,,,,,,,,,,,,,,,,,,,,,,50.6189077,30.4406993,
18:24:13.553,,,,,,,,,,,,,,,,-1440,-0.09375,,,,,,,,,,,,,,,,,,,,,,,,,,,,,,,,,,,,,,,,,,,,,,,,,,,,,,,,,50.6189077,30.4406993,
18:24:13.710,,,,,,,,,359.19,59.5,,3.739,,,,,,,,,,,,,,,,,,,,,,,,,,,,,,,,,,,,,,,,,,,,,,,,,,,7.476,,,,,,,,,,,50.6189077,30.4406993,
18:24:13.757,-2.7999999999999545,,-2.699999999999818,,,,,,,,,,3.726,,,,,,,,,,,,,,,,,,,,,,,,,,,,,,,,,,,,,,,,,,,,,,,,,,7.465,,,,,,,,,,,50.6189077,30.4406993,
18:24:13.829,,-2.7999999999999545,,,,,,,,,,,,,,,,,,,,,,,,,,,,,,,,,,,,,,,,,,,,,,,,,,,,,,,,,,,,,,,,,,,,,,,,50.6189077,30.4406993,
18:24:13.949,,,,,,,,,,,,,,,,,,,,,,,,,,,,,,,,,,0,0,,,0,0,,-0.15377886200069246,1.7072221093055548,14.027639,14.027639,6765.991518000001,0,0,,,,,17.95066117539451,,,,36,98,,5,,,,,183,0,,,,,,,0,,50.6188946,30.4407144,
18:24:14.017,,,,,,,,,,,,,,,,,,,,0,5.882352941176471,98,,,,,,,,,,5.882352941176471,,,,,,,,0,,,,,,,,,,,,,0,,,,,,,,,,,,0,,17.6470588235294,98,,,,,,50.6188946,30.4407144,
18:24:14.162,,,,,,,,,,,,,,,,,,,,,,,11.75083135554548,69.32688,69.32688,639.6470289499999,0.14688539194431852,0.8665860000000001,0.8665860000000001,8.309744,0,,5.882352941176471,,,0,0,,,,,,,,,,,8.603765798468189,6.1777038887299565,6.1777038887299565,0.12281635260542459,,,63,,,,27030,,12000,0,0,,183,0,27030,17.6470588235294,,,,,,0,50.6188946,30.4407144,
18:24:14.378,,,,,,,,,,,,,,,32,,,,,,,,,,,,,,,,,,,,,,,,,,,,,,,,,,,,,,,,,,,,,,,,,,,,,,,,86,,,50.6188946,30.4407144,
18:24:14.425,,,,,,,,,,,,,,,,,,15.171875,,,,,,,,,,,,,,,,,,,,,,,,,,,,,,,,,,,,,,,,,,,,,,,,,,,,,,,,50.6188946,30.4407144,
18:24:14.462,,,,,,,,,,,,,,,,416,0.015625,,,,,,,,,,,,,,,,,,,,,,,,,,,,,,,,,,,,,,,,,,,,,,,,,,,,,,,,,50.6188946,30.4407144,
18:24:14.581,,,,,,,,,358.22,59.5,,3.734,,,,,,,,,,,,,,,,,,,,,,,,,,,,,,,,,,,,,,,,,,,,,,,,,,,7.46,,,,,,,,,,,50.6188946,30.4407144,
18:24:14.641,-6.399999999999864,,-6.349999999999909,,,,,,,,,,3.721,,,,,,,,,,,,,,,,,,,,,,,,,,,,,,,,,,,,,,,,,,,,,,,,,,7.455,,,,,,,,,,,50.6188946,30.4407144,
18:24:14.689,,-6.199999999999818,,,,,,,,,,,,,,,,,,,,,,,,,,,,,,,,,,,,,,,,,,,,,,,,,,,,,,,,,,,,,,,,,,,,,,,,50.6188946,30.4407144,
18:24:14.785,,,,,,,,,,,,,,,,,,,,,,,,,,,,,,,,,,,,,,,,,,,,,,,,,,,,,,,84,,,,,,,,,183,,,,,,,,,,50.6188946,30.4407144,
18:24:14.846,,,,,,,,,,,,,,,,,,,,,,,,,,,,,,,,,,0,0,,,0,0,,-0.13032774107740247,1.7079689658888881,14.028386,14.028386,6765.992265000001,0,0,,,,,17.91162821875772,,,,36,98,,3,,,,,183,0,,,,,,,0,,50.6188946,30.4407144,
18:24:14.917,,,,,,,,,,,,,,,,,,,,0,5.882352941176471,98,,,,,,,,,,5.882352941176471,,,,,,,,0,,,,,,,,,,,,,0,,,,,,,,,,,,0,,17.6470588235294,98,,,,,,50.6188946,30.4407144,
18:24:15.001,,,,,,,,,,,,,,,,,,,,,,,11.75083135554548,69.32688,69.32688,639.6470289499999,0.14688539194431852,0.8665860000000001,0.8665860000000001,8.309744,0,,5.882352941176471,,,0,0,,,,,,,,,,,8.600003564343108,6.177374931086157,6.177374931086157,0.12281633904587386,,,63,,,,27040,,12000,0,0,,183,0,27040,17.6470588235294,,,,,,0,50.6188854,30.4407245,
18:24:15.061,,,,,,,,,,,,,,,,,,,55,,,,,,,,,,,,,,,,,,,,,,,,,,,,,,,,,,,,,,,,,,,,,,,,,,,,87,,,50.6188854,30.4407245,
18:24:15.169,,,,,,,,,,,,,,,32,,,,,,,,,,,,,,,,,,,,,,,,,,,,,,,,,,,,,,,,,,,,,,,,,,,,,,,,87,,,50.6188854,30.4407245,
18:24:15.217,,,,,,,,,,,,,,,,,,28.109375,,,,,,,,,,,,,,,,,,,,,,,,,,,,,,,,,,,,,,,,,,,,,,,,,,,,,,,,50.6188854,30.4407245,
18:24:15.253,,,,,,,,,,,,,,,,1760,0.09375,,,,,,,,,,,,,,,,,,,,,,,,,,,,,,,,,,,,,,,,,,,,,,,,,,,,,,,,,50.6188854,30.4407245,
18:24:15.373,,,,,,,,,357.74,60,,3.728,,,,,,,,,,,,,,,,,,,,,,,,,,,,,,,,,,,,,,,,,,,,,,,,,,,7.449,,,,,,,,,,,50.6188854,30.4407245,
18:24:15.421,-7,,-6.949999999999818,,,,,,,,,,3.721,,,,,,,,,,,,,,,,,,,,,,,,,,,,,,,,,,,,,,,,,,,,,,,,,,7.449,,,,,,,,,,,50.6188854,30.4407245,
18:24:15.457,,-6.649999999999864,,,,,,,,,,,,,,,,,,,,,,,,,,,,,,,,,,,,,,,,,,,,,,,,,,,,,,,,,,,,,,,,,,,,,,,,50.6188854,30.4407245,
18:24:15.577,,,,,,,,,,,,,,,,,,,,,,,,,,,,,,,,,,0,0,,,0,0,,,1.7087812119999992,14.029198,14.029198,6765.993077000001,0,0,,,,,17.88206601230352,,,,36,98,,4,,,,,183,0,,,,,,,0,,50.6188854,30.4407245,
18:24:15.654,,,,,,,,,,,,,,,,,,,,0,5.882352941176471,98,,,,,,,,,,5.882352941176471,,,,,,,,0,,,,,,,,,,,,,0,,,,,,,,,,,,0,,17.6470588235294,98,,,,,,50.6188854,30.4407245,
18:24:15.725,,,,,,,,,,,,,,,,,,,,,,,11.75083135554548,69.32688,69.32688,639.6470289499999,0.14688539194431852,0.8665860000000001,0.8665860000000001,8.309744,0,,5.882352941176471,,,0,0,,,,,,,,,,,8.595915668595177,6.177017389019673,6.177017389019673,0.12281632430644593,,,63,,,,27080,,12000,0,0,,183,0,27080,17.6470588235294,,,,,,0,50.6188854,30.4407245,
18:24:15.845,,,,,,,,,,,,,,,32,,,,,,,,,,,,,,,,,,,,,,,,,,,,,,,,,,,,,,,,,,,,,,,,,,,,,,,,87,,,50.6188854,30.4407245,
18:24:15.881,,,,,,,,,,,,,,,,,,30.265625,,,,,,,,,,,,,,,,,,,,,,,,,,,,,,,,,,,,,,,,,,,,,,,,,,,,,,,,50.6188854,30.4407245,
18:24:15.930,,,,,,,,,,,,,,,,2240,0.125,,,,,,,,,,,,,,,,,,,,,,,,,,,,,,,,,,,,,,,,,,,,,,,,,,,,,,,,,50.6188854,30.4407245,
18:24:16.098,,,,27,,,,,,,,,,,,,,,,,,,,,,,,,,,,,,,,,,,,,,,,,,,,,,,,,,,,,,,,,,,,,,,,,,148,,,,50.6188767,30.4407314,
18:24:16.302,,,,,,,,,358.7,60,,3.732,,,,,,,,,,,,,,,,,,,,,,,,,,,,,,,,,,,,,,,,,,,,,,,,,,,7.453,,,,,,,,,,,50.6188767,30.4407314,
18:24:16.362,-6.349999999999909,,-6.349999999999909,,,,,,,,,,3.718,,,,,,,,,,,,,,,,,,,,,,,,,,,,,,,,,,,,,,,,,,,,,,,,,,7.45,,,,,,,,,,,50.6188767,30.4407314,
18:24:16.397,,-6.199999999999818,,,,,,,,,,,,,,,,,,,,,,,,,,,,,,,,,,,,,,,,,,,,,,,,,,,,,,,,,,,,,,,,,,,,,,,,50.6188767,30.4407314,
18:24:16.517,,,,,,,,,,,,,,,,,,,,,,,,,,,,,,,,,,0,0,,,0,0,,,1.7093036530555548,14.02972,14.02972,6765.993599000001,0,0,,,,,17.838768797982645,,,,37,98,,2,,,,,184,0,,,,,,,0,,50.6188767,30.4407314,
18:24:16.593,,,,,,,,,,,,,,,,,,,,0,5.882352941176471,98,,,,,,,,,,5.882352941176471,,,,,,,,0,,,,,,,,,,,,,0,,,,,,,,,,,,0,,17.6470588235294,98,,,,,,50.6188767,30.4407314,
18:24:16.677,,,,,,,,,,,,,,,,,,,,,,,11.75083135554548,69.32688,69.32688,639.6470289499999,0.14688539194431852,0.8665860000000001,0.8665860000000001,8.309744,0,,5.882352941176471,,,0,0,,,,,,,,,,,8.593288365220882,6.176787562403242,6.176787562403242,0.12281631483110127,,,63,,,,27090,,12000,0,0,,184,0,27090,17.6470588235294,,,,,,0,50.6188767,30.4407314,
18:24:16.797,,,,,,,,,,,,,,,32,,,,,,,,,,,,,,,,,,,,,,,,,,,,,,,,,,,,,,,,,,,,,,,,,,,,,,,,87,,,50.6188767,30.4407314,
18:24:16.833,,,,,,,,,,,,,,,,,,31.796875,,,,,,,,,,,,,,,,,,,,,,,,,,,,,,,,,,,,,,,,,,,,,,,,,,,,,,,,50.6188767,30.4407314,
18:24:16.870,,,,,,,,,,,,,,,,2080,0.125,,,,,,,,,,,,,,,,,,,,,,,,,,,,,,,,,,,,,,,,,,,,,,,,,,,,,,,,,50.6188767,30.4407314,
18:24:17.006,,,,,,,,,356.29,60,,3.725,,,,,,,,,,,,,,,,,,,,,,,,,,,,,,,,,,,,,,,,,,,,,,,,,,,7.443,,,,,,,,,,,50.6188692,30.4407387,
18:24:17.053,-6.949999999999818,,-6.7999999999999545,,,,,,,,,,3.718,,,,,,,,,,,,,,,,,,,,,,,,,,,,,,,,,,,,,,,,,,,,,,,,,,7.443,,,,,,,,,,,50.6188692,30.4407387,
18:24:17.089,,-6.849999999999909,,,,,,,,,,,,,,,,,,,,,,,,,,,,,,,,,,,,,,,,,,,,,,,,,,,,,,,,,,,,,,,,,,,,,,,,50.6188692,30.4407387,
18:24:17.197,,,,,,,,,,,,,,,,,,,,,,,,,,,,,,,,,,0,0,,,0,0,,,1.7098703486388882,14.030287,14.030287,6765.994166000001,0,0,,,,,17.809573240458143,,,,37,98,,3,,,,,184,0,,,,,,,0,,50.6188692,30.4407387,
18:24:17.265,,,,,,,,,,,,,,,,,,,,0,5.882352941176471,98,,,,,,,,,,5.882352941176471,,,,,,,,0,,,,,,,,,,,,,0,,,,,,,,,,,,0,,17.6470588235294,98,,,,,,50.6188692,30.4407387,
18:24:17.361,,,,,,,,,,,,,,,,,,,,,,,11.75083135554548,69.32688,69.32688,639.6470289499999,0.14688539194431852,0.8665860000000001,0.8665860000000001,8.309744,0,,5.882352941176471,,,0,0,,,,,,,,,,,8.59044032556293,6.176537942523914,6.176537942523914,0.1228163045389182,,,63,,,,27130,,12000,0,0,,184,0,27130,17.6470588235294,,,,,,0,50.6188692,30.4407387,
18:24:17.481,,,,,,,,,,,,,,,32,,,,,,,,,,,,,,,,,,,,,,,,,,,,,,,,,,,,,,,,,,,,,,,,,,,,,,,,87,,,50.6188692,30.4407387,
18:24:17.529,,,,,,,,,,,,,,,,,,30.25,,,,,,,,,,,,,,,,,,,,,,,,,,,,,,,,,,,,,,,,,,,,,,,,,,,,,,,,50.6188692,30.4407387,
18:24:17.566,,,,,,,,,,,,,,,,1952,0.109375,,,,,,,,,,,,,,,,,,,,,,,,,,,,,,,,,,,,,,,,,,,,,,,,,,,,,,,,,50.6188692,30.4407387,
18:24:17.686,,,,,,31,30,31,,,,,,,,,,,,,,,,,,,,,,,,,,,,,,,,,,,,,,,,,,,,,,,,,,,,,,,,,,,,,,148,,,,50.6188692,30.4407387,
18:24:17.746,,,,,30,,,,,,86.6758781031239,,,86.6758781031239,,,,,,,,,,,,,,,,,,,,,,,,,,,,,,,,,,,,,,,,,,,,,,,,,,,,,,,127.5,149,,,,50.6188692,30.4407387,
18:24:17.818,,,,,,,,,358.38,60,,3.723,,,,,,,,,,,,,,,,,,,,,,,,,,,,,,,,,,,,,,,,,,,,,,,,,,,7.441,,,,,,,,,,,50.6188692,30.4407387,
18:24:17.905,-7,,-7.0499999999999545,,,,,,,,,,3.717,,,,,,,,,,,,,,,,,,,,,,,,,,,,,,,,,,,,,,,,,,,,,,,,,,7.44,,,,,,,,,,,50.6188692,30.4407387,
18:24:17.977,,-6.649999999999864,,,,,,,,,,,,,,,,,,,,,,,,,,,,,,,,,,,,,,,,,,,,,,,,,,,,,,,,,,,,,,,,,,,,,,,,50.6188628,30.4407455,
18:24:18.098,,,,,,,,,,,,,,,,,,,,,,,,,,,,,,,,,,0.17,0,,,0,0,,,1.7106215369722215,14.031037999999999,14.031037999999999,6765.994917000001,0,0,,,,,17.77104942775631,,,,37,98,,3,,,,,184,0.17,,,,,,,0.20400000000000001,,50.6188628,30.4407455,
18:24:18.161,,,,,,,,,,,,,,,,,,,,0,5.882352941176471,98,,,,,,,,,,5.882352941176471,,,,,,,,0,,,,,,,,,,,,,0,,,,,,,,,,,,0.17,,17.6470588235294,98,,,,,,50.6188628,30.4407455,
18:24:18.245,,,,,,,,,,,,,,,,,,,,,,,11.75083135554548,69.32688,69.32688,639.6470289499999,0.14688539194431852,0.8665860000000001,0.8665860000000001,8.309744,0,,5.882352941176471,,,0,0,,,,,,,,,,,8.586667989946145,6.1762073483088,6.1762073483088,0.12281629090677013,,,63,,,,27150,,12000,0,0,,184,0.17,27150,17.6470588235294,,,,,,0,50.6188628,30.4407455,
18:24:18.377,,,,,,,,,,,,,,,32,,,,,,,,,,,,,,,,,,,,,,,,,,,,,,,,,,,,,,,,,,,,,,,,,,,,,,,,87,,,50.6188628,30.4407455,
18:24:18.425,,,,,,,,,,,,,,,,,,28.125,,,,,,,,,,,,,,,,,,,,,,,,,,,,,,,,,,,,,,,,,,,,,,,,,,,,,,,,50.6188628,30.4407455,
18:24:18.449,,,,,,,,,,,,,,,,1728,0.09375,,,,,,,,,,,,,,,,,,,,,,,,,,,,,,,,,,,,,,,,,,,,,,,,,,,,,,,,,50.6188628,30.4407455,
18:24:18.574,,,,,,,,,357.58,60,,3.721,,,,,,,,,,,,,,,,,,,,,,,,,,,,,,,,,,,,,,,,,,,,,,,,,,,7.438,,,,,,,,,,,50.6188628,30.4407455,
18:24:18.621,-7.699999999999818,,-7.75,,,,,,,,,,3.715,,,,,,,,,,,,,,,,,,,,,,,,,,,,,,,,,,,,,,,,,,,,,,,,,,7.436,,,,,,,,,,,50.6188628,30.4407455,
18:24:18.658,,-7.5,,,,,,,,,,,,,,,,,,,,,,,,,,,,,,,,,,,,,,,,,,,,,,,,,,,,,,,,,,,,,,,,,,,,,,,,50.6188628,30.4407455,
18:24:18.765,,,,,,,,,,,,,,,,,,,,,,,,,,,,,,,,,,,,,,,,,,,,,,,,,,,,,,,84,,,,,,,,,184,,,,,,,,,,50.6188628,30.4407455,
18:24:18.838,,,,,,,,,,,,,,,,,,,,,,,,,,,,,,,,,,0,0,,,0,0,,,1.711443126638888,14.03186,14.03186,6765.995739000001,0,0,,,,,17.741727302658212,,,,37,98,,4,,,,,184,0,,,,,,,0,,50.6188628,30.4407455,
18:24:18.943,,,,,,,,,,,,,,,,,,,,0,5.882352941176471,98,,,,,,,,,,5.882352941176471,,,,,,,,2.3529411764705883,,,,,,,,,,,,,0,,,,,,,,,,,,0,,17.6470588235294,98,,,,,,50.6188628,30.4407455,
18:24:19.053,,,,,,,,,,,,,,,,,,,,,,,11.75083135554548,69.32688,69.32688,639.6470289499999,0.14688539194431852,0.8665860000000001,0.8665860000000001,8.309744,0,,5.882352941176471,,,0,0,,,,,,,,,,,8.582545902812878,6.17584554007808,6.17584554007808,0.12281627598583386,,,63,,,,27170,,12000,0,0,,184,0,27170,17.6470588235294,,,,,,0,50.6188538,30.4407584,
18:24:19.293,,,,,,,,,,,,,,,32,,,,,,,,,,,,,,,,,,,,,,,,,,,,,,,,,,,,,,,,,,,,,,,,,,,,,,,,87,,,50.6188538,30.4407584,
18:24:19.365,,,,,,,,,,,,,,,,,,94.84375,,,,,,,,,,,,,,,,,,,,,,,,,,,,,,,,,,,,,,,,,,,,,,,,,,,,,,,,50.6188538,30.4407584,
18:24:19.426,,,,,,,,,,,,,,,,6080,0.359375,,,,,,,,,,,,,,,,,,,,,,,,,,,,,,,,,,,,,,,,,,,,,,,,,,,,,,,,,50.6188538,30.4407584,
18:24:19.605,,,,,,,,,354.68,60,,3.706,,,,,,,,,,,,,,,,,,,,,,,,,,,,,,,,,,,,,,,,,,,,,,,,,,,7.421,,,,,,,,,,,50.6188538,30.4407584,
18:24:19.714,-20.949999999999818,,-20.899999999999864,,,,,,,,,,3.698,,,,,,,,,,,,,,,,,,,,,,,,,,,,,,,,,,,,,,,,,,,,,,,,,,7.404,,,,,,,,,,,50.6188538,30.4407584,
18:24:19.798,,-20.75,,,,,,,,,,,,,,,,,,,,,,,,,,,,,,,,,,,,,,,,,,,,,,,,,,,,,,,,,,,,,,,,,,,,,,,,50.6188538,30.4407584,
18:24:19.930,,,,,,,,,,,,,,,,,,,,,,,,,,,,,,,,,,0,0,,,0,0,,0.03319587143739092,1.7132633133055548,14.03368,14.03368,6765.997559000001,0,0,,,,,17.70491724869458,,,,37,98,,6,,,,,184,0,,,,,,,0,,50.6188538,30.4407584,
18:24:20.025,,,,,,,,,,,,,,,,,,,,0,5.882352941176471,98,,,,,,,,,,5.882352941176471,,,,,,,,5.098039215686274,,,,,,,,,,,,,0,,,,,,,,,,,,0,,17.6470588235294,98,,,,,,50.6188437,30.4407785,
18:24:20.110,,,,,,,,,,,,,,,,,,,,,,,11.75083135554548,69.32688,69.32688,639.6470289499999,0.14688539194431852,0.8665860000000001,0.8665860000000001,8.309744,0,,5.882352941176471,,,0,0,,,,,,,,,,,8.57342772728374,6.17504460697408,6.17504460697408,0.1228162429492239,,,63,,,,27210,,12000,0,0,,184,0,27210,17.6470588235294,,,,,,0,50.6188437,30.4407785,
18:24:20.230,,,,,,,,,,,,,,,32,,,,,,,,,,,,,,,,,,,,,,,,,,,,,,,,,,,,,,,,,,,,,,,,,,,,,,,,87,,,50.6188437,30.4407785,
18:24:20.266,,,,,,,,,,,,,,,,,,51.015625,,,,,,,,,,,,,,,,,,,,,,,,,,,,,,,,,,,,,,,,,,,,,,,,,,,,,,,,50.6188437,30.4407785,
18:24:20.305,,,,,,,,,,,,,,,,3296,0.1875,,,,,,,,,,,,,,,,,,,,,,,,,,,,,,,,,,,,,,,,,,,,,,,,,,,,,,,,,50.6188437,30.4407785,
18:24:20.425,,,,,,,,,357.09000000000003,60,,3.709,,,,,,,,,,,,,,,,,,,,,,,,,,,,,,,,,,,,,,,,,,,,,,,,,,,7.407,,,,,,,,,,,50.6188437,30.4407785,
18:24:20.485,-13.899999999999864,,-13.699999999999818,,,,,,,,,,3.703,,,,,,,,,,,,,,,,,,,,,,,,,,,,,,,,,,,,,,,,,,,,,,,,,,7.412,,,,,,,,,,,50.6188437,30.4407785,
18:24:20.521,,-12.649999999999864,,,,,,,,,,,,,,,,,,,,,,,,,,,,,,,,,,,,,,,,,,,,,,,,,,,,,,,,,,,,,,,,,,,,,,,,50.6188437,30.4407785,
18:24:20.665,,,,,,,,,,,,,,,,,,,,,,,,,,,,,,,,,,0,0,,,0,0,,0.04084431677419499,1.714896447527777,14.035312999999999,14.035312999999999,6765.999192000001,0,0,,,,,17.684486781912987,,,,37,98,,8,,,,,184,0,,,,,,,0,,50.6188437,30.4407785,
18:24:20.749,,,,,,,,,,,,,,,,,,,,0,5.882352941176471,98,,,,,,,,,,5.882352941176471,,,,,,,,4.313725490196078,,,,,,,,,,,,,0,,,,,,,,,,,,0,,17.6470588235294,98,,,,,,50.6188437,30.4407785,
18:24:20.820,,,,,,,,,,,,,,,,,,,,,,,11.75083135554548,69.32688,69.32688,639.6470289499999,0.14688539194431852,0.8665860000000001,0.8665860000000001,8.309744,0,,5.882352941176471,,,0,0,,,,,,,,,,,8.565263060406412,6.174326144347477,6.174326144347477,0.12281621330704999,,,63,,,,27220,,12000,0,0,,184,0,27220,17.6470588235294,,,,,,0,50.6188437,30.4407785,
18:24:20.952,,,,,,,,,,,,,,,32,,,,,,,,,,,,,,,,,,,,,,,,,,,,,,,,,,,,,,,,,,,,,,,,,,,,,,,,87,,,50.6188413,30.44081,
18:24:20.988,,,,,,,,,,,,,,,,,,26.640625,,,,,,,,,,,,,,,,,,,,,,,,,,,,,,,,,,,,,,,,,,,,,,,,,,,,,,,,50.6188413,30.44081,
18:24:21.030,,,,,,,,,,,,,,,,1824,0.109375,,,,,,,,,,,,,,,,,,,,,,,,,,,,,,,,,,,,,,,,,,,,,,,,,,,,,,,,,50.6188413,30.44081,
18:24:21.149,,,,,,,,,355.64,60,,3.715,,,,,,,,,,,,,,,,,,,,,,,,,,,,,,,,,,,,,,,,,,,,,,,,,,,7.418,,,,,,,,,,,50.6188413,30.44081,
18:24:21.209,-9.699999999999818,,-9.949999999999818,,,,,,,,,,3.706,,,,,,,,,,,,,,,,,,,,,,,,,,,,,,,,,,,,,,,,,,,,,,,,,,7.421,,,,,,,,,,,50.6188413,30.44081,
18:24:21.246,,-9.649999999999864,,,,,,,,,,,,,,,,,,,,,,,,,,,,,,,,,,,,,,,,,,,,,,,,,,,,,,,,,,,,,,,,,,,,,,,,50.6188413,30.44081,
18:24:21.365,,,,,,,,,,,,,,,,,,,,,,,,,,,,,,,,,,0,0,,,0,0,,0.052019717091613,1.716647657777777,14.037063999999999,14.037063999999999,6766.000943000001,0,0,,,,,17.6670958066051,,,,37,98,,9,,,,,184,0,,,,,,,0,,50.6188413,30.44081,
18:24:21.448,,,,,,,,,,,,,,,,,,,,0,5.882352941176471,98,,,,,,,,,,5.882352941176471,,,,,,,,4.705882352941177,,,,,,,,,,,,,0,,,,,,,,,,,,0,,17.6470588235294,98,,,,,,50.6188413,30.44081,
18:24:21.510,,,,,,,,,,,,,,,,,,,,,,,11.75083135554548,69.32688,69.32688,639.6470289499999,0.14688539194431852,0.8665860000000001,0.8665860000000001,8.309744,0,,5.882352941176471,,,0,0,,,,,,,,,,,8.556525346294043,6.173555951586458,6.173555951586458,0.12281618152295902,,,63,,,,27240,,12000,0,0,,184,0,27240,17.6470588235294,,,,,,0,50.6188413,30.44081,
18:24:21.569,,,,,,,,,,,,,,,,,,,56,,,,,,,,,,,,,,,,,,,,,,,,,,,,,,,,,,,,,,,,,,,,,,,,,,,,88,,,50.6188413,30.44081,
18:24:21.785,,,,,,,,,,,,,,,32,,,,,,,,,,,,,,,,,,,,,,,,,,,,,,,,,,,,,,,,,,,,,,,,,,,,,,,,88,,,50.6188413,30.44081,
18:24:21.845,,,,,,,,,,,,,,,,,,81.90625,,,,,,,,,,,,,,,,,,,,,,,,,,,,,,,,,,,,,,,,,,,,,,,,,,,,,,,,50.6188413,30.44081,
18:24:21.881,,,,,,,,,,,,,,,,5088,0.296875,,,,,,,,,,,,,,,,,,,,,,,,,,,,,,,,,,,,,,,,,,,,,,,,,,,,,,,,,50.6188413,30.44081,
18:24:21.994,,,,,,,,,353.71,60,,3.696,,,,,,,,,,,,,,,,,,,,,,,,,,,,,,,,,,,,,,,,,,,,,,,,,,,7.402,,,,,,,,,,,50.6188435,30.4408471,
18:24:22.066,-28,,-28.649999999999864,,,,,,,,,,3.69,,,,,,,,,,,,,,,,,,,,,,,,,,,,,,,,,,,,,,,,,,,,,,,,,,7.386,,,,,,,,,,,50.6188435,30.4408471,
18:24:22.102,,-29.09999999999991,,,,,,,,,,,,,,,,,,,,,,,,,,,,,,,,,,,,,,,,,,,,,,,,,,,,,,,,,,,,,,,,,,,,,,,,50.6188435,30.4408471,
18:24:22.209,,,,,,,,,,,,,,,,,,,,,,,,,,,,,,,,,,0,0,,,0,0,,0.05041638979267758,1.718990505277777,14.039407,14.039407,6766.003286000001,0,0,,,,,17.648653594536416,,,,37,98,,10,,,,,184,0,,,,,,,0,,50.6188435,30.4408471,
18:24:22.277,,,,,,,,,,,,,,,,,,,,0,5.882352941176471,98,,,,,,,,,,5.882352941176471,,,,,,,,14.117647058823529,,,,,,,,,,,,,0,,,,,,,,,,,,0,,17.6470588235294,98,,,,,,50.6188435,30.4408471,
18:24:22.398,,,,,,,,,,,,,,,,,,,,,,,11.75083135554548,69.32688,69.32688,639.6470289499999,0.14688539194431852,0.8665860000000001,0.8665860000000001,8.309744,0,,5.882352941176471,,,0,0,,,,,,,,,,,8.54486348198781,6.172525662942887,6.172525662942887,0.12281613899293042,,,63,,,,27260,,12000,0,0,,184,0,27260,17.6470588235294,,,,,,0,50.6188435,30.4408471,
18:24:22.521,,,,,,,,,,,,,,,33,,,,,,,,,,,,,,,,,,,,,,,,,,,,,,,,,,,,,,,,,,,,,,,,,,,,,,,,89,,,50.6188435,30.4408471,
18:24:22.558,,,,,,,,,,,,,,,,,,101.171875,,,,,,,,,,,,,,,,,,,,,,,,,,,,,,,,,,,,,,,,,,,,,,,,,,,,,,,,50.6188435,30.4408471,
18:24:22.605,,,,,,,,,,,,,,,,6528,0.390625,,,,,,,,,,,,,,,,,,,,,,,,,,,,,,,,,,,,,,,,,,,,,,,,,,,,,,,,,50.6188435,30.4408471,
18:24:22.737,,,,,,,,,354.36,60,,3.689,,,,,,,,,,,,,,,,,,,,,,,,,,,,,,,,,,,,,,,,,,,,,,,,,,,7.379,,,,,,,,,,,50.6188435,30.4408471,
18:24:22.809,-33.34999999999991,,-1600,,,,,,,,,,3.678,,,,,,,,,,,,,,,,,,,,,,,,,,,,,,,,,,,,,,,,,,,,,,,,,,7.367,,,,,,,,,,,50.6188435,30.4408471,
18:24:22.846,,-34,,,,,,,,,,,,,,,,,,,,,,,,,,,,,,,,,,,,,,,,,,,,,,,,,,,,,,,,,,,,,,,,,,,,,,,,50.6188435,30.4408471,
18:24:22.954,,,,,,,,,,,,,,,,,,,,,,,,,,,,,,,,,,,,,,,,,,,,,,,,,,,,,,,84,,,,,,,,,184,,,,,,,,,,50.6188554,30.4408872,
18:24:23.014,,,,,,,,,,,,,,,,,,,,,,,,,,,,,,,,,,0,0,,,0,0,,0.055107653143901786,1.721674490277777,14.042091,14.042091,6766.005970000001,0,0,,,,,17.63571206119836,,,,37,98,,12,,,,,184,0,,,,,,,0,,50.6188554,30.4408872,
18:24:23.082,,,,,,,,,,,,,,,,,,,,0,5.882352941176471,98,,,,,,,,,,5.882352941176471,,,,,,,,15.686274509803921,,,,,,,,,,,,,0,,,,,,,,,,,,0,,17.6470588235294,98,,,,,,50.6188554,30.4408872,
18:24:23.154,,,,,,,,,,,,,,,,,,,,,,,11.75083135554548,69.32688,69.32688,639.6470289499999,0.14688539194431852,0.8665860000000001,0.8665860000000001,8.309744,0,,5.882352941176471,,,0,0,,,,,,,,,,,8.531542563578313,6.171345848705867,6.171345848705867,0.12281609027312164,,,63,,,,27280,,12000,0,0,,184,0,27280,17.6470588235294,,,,,,0,50.6188554,30.4408872,
18:24:23.298,,,,,,,,,,,,,,,33,,,,,,,,,,,,,,,,,,,,,,,,,,,,,,,,,,,,,,,,,,,,,,,,,,,,,,,,89,,,50.6188554,30.4408872,
18:24:23.381,,,,,,,,,,,,,,,,,,102.359375,,,,,,,,,,,,,,,,,,,,,,,,,,,,,,,,,,,,,,,,,,,,,,,,,,,,,,,,50.6188554,30.4408872,
18:24:23.454,,,,,,,,,,,,,,,,6432,0.390625,,,,,,,,,,,,,,,,,,,,,,,,,,,,,,,,,,,,,,,,,,,,,,,,,,,,,,,,,50.6188554,30.4408872,
18:24:23.633,,,,,,,,,352.42,59.5,,3.675,,,,,,,,,,,,,,,,,,,,,,,,,,,,,,,,,,,,,,,,,,,,,,,,,,,7.353,,,,,,,,,,,50.6188554,30.4408872,
18:24:23.693,-35.299999999999955,,-1600,,,,,,,,,,3.669,,,,,,,,,,,,,,,,,,,,,,,,,,,,,,,,,,,,,,,,,,,,,,,,,,7.344,,,,,,,,,,,50.6188554,30.4408872,
18:24:23.730,,-28.84999999999991,,,,,,,,,,,,,,,,,,,,,,,,,,,,,,,,,,,,,,,,,,,,,,,,,,,,,,,,,,,,,,,,,,,,,,,,50.6188554,30.4408872,
18:24:23.854,,,,,,,,,,,,,,,,,,,,,,,,,,,,,,,,,,0.05,0,,,0,0,,0.06216799597098409,1.7251743181944437,14.045591,14.045591,6766.009470000001,0,0,,,,,17.62942773634868,,,,37,98,,15,,,,,184,0.05,,,,,,,0.06,,50.6188554,30.4408872,
18:24:23.957,,,,,,,,,,,,,,,,,,,,0,5.882352941176471,98,,,,,,,,,,5.882352941176471,,,,,,,,6.2745098039215685,,,,,,,,,,,,,0,,,,,,,,,,,,0.05,,17.6470588235294,98,,,,,,50.6188724,30.4409405,
18:24:24.017,,,,,,,,,,,,,,,,,,,,,,,11.75083135554548,69.32688,69.32688,639.6470289499999,0.14688539194431852,0.8665860000000001,0.8665860000000001,8.309744,0,,5.882352941176471,,,0,0,,,,,,,,,,,8.514234787476308,6.169808020182277,6.169808020182277,0.12281602674138734,,,63,,,,27310,,12000,0,0,,184,0.05,27310,17.6470588235294,,,,,,0,50.6188724,30.4409405,
18:24:24.125,,,,,,,,,,,,,,,33,,,,,,,,,,,,,,,,,,,,,,,,,,,,,,,,,,,,,,,,,,,,,,,,,,,,,,,,89,,,50.6188724,30.4409405,
18:24:24.173,,,,,,,,,,,,,,,,,,-9.78125,,,,,,,,,,,,,,,,,,,,,,,,,,,,,,,,,,,,,,,,,,,,,,,,,,,,,,,,50.6188724,30.4409405,
18:24:24.221,,,,,,,,,,,,,,,,-640,-0.046875,,,,,,,,,,,,,,,,,,,,,,,,,,,,,,,,,,,,,,,,,,,,,,,,,,,,,,,,,50.6188724,30.4409405,
18:24:24.329,,,,27,,,,,,,,,,,,,,,,,,,,,,,,,,,,,,,,,,,,,,,,,,,,,,,,,,,,,,,,,,,,,,,,,,149,,,,50.6188724,30.4409405,
18:24:24.437,,,,,30,,,,,,86.6758781031239,,,86.6758781031239,,,,,,,,,,,,,,,,,,,,,,,,,,,,,,,,,,,,,,,,,,,,,,,,,,,,,,,127.5,149,,,,50.6188724,30.4409405,
18:24:24.485,,,,,,,,,357.09000000000003,59.5,,3.715,,,,,,,,,,,,,,,,,,,,,,,,,,,,,,,,,,,,,,,,,,,,,,,,,,,7.384,,,,,,,,,,,50.6188724,30.4409405,
18:24:24.546,-0.4499999999998181,,-0.34999999999990905,,,,,,,,,,3.707,,,,,,,,,,,,,,,,,,,,,,,,,,,,,,,,,,,,,,,,,,,,,,,,,,7.422,,,,,,,,,,,50.6188724,30.4409405,
18:24:24.581,,0,,,,,,,,,,,,,,,,,,,,,,,,,,,,,,,,,,,,,,,,,,,,,,,,,,,,,,,,,,,,,,,,,,,,,,,,50.6188724,30.4409405,
18:24:24.701,,,,,,,,,,,,,,,,,,,,,,,,,,,,,,,,,,0,0,,,0,0,,0.050947919662085325,1.7287041806944436,14.049121,14.049121,6766.013000000001,0,0,,,,,17.623119762568233,,,,37,98,,15,,,,,184,0,,,,,,,0,,50.6188724,30.4409405,
18:24:24.762,,,,,,,,,,,,,,,,,,,,0,5.882352941176471,98,,,,,,,,,,5.882352941176471,,,,,,,,5.098039215686274,,,,,,,,,,,,,0,,,,,,,,,,,,0,,17.6470588235294,98,,,,,,50.6188724,30.4409405,
18:24:24.833,,,,,,,,,,,,,,,,,,,,,,,11.75083135554548,69.32688,69.32688,639.6470289499999,0.14688539194431852,0.8665860000000001,0.8665860000000001,8.309744,0,,5.882352941176471,,,0,0,,,,,,,,,,,8.49684946589952,6.168257786376814,6.168257786376814,0.12281596266516188,,,63,,,,27320,,12000,0,0,,184,0,27320,17.6470588235294,,,,,,0,50.6188724,30.4409405,
18:24:24.965,,,,,,,,,,,,,,,33,,,,,,,,,,,,,,,,,,,,,,,,,,,,,,,,,,,,,,,,,,,,,,,,,,,,,,,,89,,,50.6188918,30.4409932,
18:24:24.989,,,,,,,,,,,,,,,,,,-14.40625,,,,,,,,,,,,,,,,,,,,,,,,,,,,,,,,,,,,,,,,,,,,,,,,,,,,,,,,50.6188918,30.4409932,
18:24:25.026,,,,,,,,,,,,,,,,-768,-0.046875,,,,,,,,,,,,,,,,,,,,,,,,,,,,,,,,,,,,,,,,,,,,,,,,,,,,,,,,,50.6188918,30.4409932,
18:24:25.157,,,,,,,,,356.13,59.5,,3.717,,,,,,,,,,,,,,,,,,,,,,,,,,,,,,,,,,,,,,,,,,,,,,,,,,,7.424,,,,,,,,,,,50.6188918,30.4409932,
18:24:25.229,-0.75,,-0.75,,,,,,,,,,3.71,,,,,,,,,,,,,,,,,,,,,,,,,,,,,,,,,,,,,,,,,,,,,,,,,,7.427,,,,,,,,,,,50.6188918,30.4409932,
18:24:25.301,,-0.8999999999998636,,,,,,,,,,,,,,,,,,,,,,,,,,,,,,,,,,,,,,,,,,,,,,,,,,,,,,,,,,,,,,,,,,,,,,,,50.6188918,30.4409932,
18:24:25.482,,,,,,,,,,,,,,,,,,,,,,,,,,,,,,,,,,0.03,0,,,0,0,,0.04326414392044658,1.731959586527777,14.052375999999999,14.052375999999999,6766.016255000001,0,0,,,,,17.61732901932654,,,,37,98,,15,,,,,184,0.03,,,,,,,0.036,,50.6188918,30.4409932,
18:24:25.553,,,,,,,,,,,,,,,,,,,,0,5.882352941176471,98,,,,,,,,,,5.882352941176471,,,,,,,,5.098039215686274,,,,,,,,,,,,,0,,,,,,,,,,,,0.03,,17.6470588235294,98,,,,,,50.6188918,30.4409932,
18:24:25.638,,,,,,,,,,,,,,,,,,,,,,,11.75083135554548,69.32688,69.32688,639.6470289499999,0.14688539194431852,0.8665860000000001,0.8665860000000001,8.309744,0,,5.882352941176471,,,0,0,,,,,,,,,,,8.480878716044035,6.166829011691689,6.166829011691689,0.12281590358076962,,,63,,,,27340,,12000,0,0,,184,0.03,27340,17.6470588235294,,,,,,0,50.6188918,30.4409932,
18:24:25.758,,,,,,,,,,,,,,,33,,,,,,,,,,,,,,,,,,,,,,,,,,,,,,,,,,,,,,,,,,,,,,,,,,,,,,,,89,,,50.6188918,30.4409932,
18:24:25.794,,,,,,,,,,,,,,,,,,-34.4375,,,,,,,,,,,,,,,,,,,,,,,,,,,,,,,,,,,,,,,,,,,,,,,,,,,,,,,,50.6188918,30.4409932,
18:24:25.830,,,,,,,,,,,,,,,,-2208,-0.140625,,,,,,,,,,,,,,,,,,,,,,,,,,,,,,,,,,,,,,,,,,,,,,,,,,,,,,,,,50.6188918,30.4409932,
18:24:25.937,,,,,,31,30,31,,,,,,,,,,,,,,,,,,,,,,,,,,,,,,,,,,,,,,,,,,,,,,,,,,,,,,,,,,,,,,149,,,,50.6188918,30.4409932,
18:24:25.986,,,,,,,,,355.81,59.5,,3.721,,,,,,,,,,,,,,,,,,,,,,,,,,,,,,,,,,,,,,,,,,,,,,,,,,,7.431,,,,,,,,,,,50.6189108,30.4410448,
18:24:26.045,3.75,,3.900000000000091,,,,,,,,,,3.715,,,,,,,,,,,,,,,,,,,,,,,,,,,,,,,,,,,,,,,,,,,,,,,,,,7.436,,,,,,,,,,,50.6189108,30.4410448,
18:24:26.080,,4.050000000000182,,,,,,,,,,,,,,,,,,,,,,,,,,,,,,,,,,,,,,,,,,,,,,,,,,,,,,,,,,,,,,,,,,,,,,,,50.6189108,30.4410448,
18:24:26.213,,,,,,,,,,,,,,,,,,,,,,,,,,,,,,,,,,0,0,,,0,0,,0.017708052625618902,1.7348013948055547,14.055218,14.055218,6766.019097000001,0,0,,,,,17.60987550184046,,,,37,98,,14,,,,,184,0,,,,,,,0,,50.6189108,30.4410448,
18:24:26.282,,,,,,,,,,,,,,,,,,,,0,5.882352941176471,98,,,,,,,,,,5.882352941176471,,,,,,,,1.9607843137254901,,,,,,,,,,,,,0,,,,,,,,,,,,0,,17.6470588235294,98,,,,,,50.6189108,30.4410448,
18:24:26.353,,,,,,,,,,,,,,,,,,,,,,,11.75083135554548,69.32688,69.32688,639.6470289499999,0.14688539194431852,0.8665860000000001,0.8665860000000001,8.309744,0,,5.882352941176471,,,0,0,,,,,,,,,,,8.4669860414069,6.165582063543946,6.165582063543946,0.12281585199315317,,,63,,,,27360,,12000,0,0,,184,0,27360,17.6470588235294,,,,,,0,50.6189108,30.4410448,
18:24:26.509,,,,,,,,,,,,,,,33,,,,,,,,,,,,,,,,,,,,,,,,,,,,,,,,,,,,,,,,,,,,,,,,,,,,,,,,89,,,50.6189108,30.4410448,
18:24:26.546,,,,,,,,,,,,,,,,,,-29.09375,,,,,,,,,,,,,,,,,,,,,,,,,,,,,,,,,,,,,,,,,,,,,,,,,,,,,,,,50.6189108,30.4410448,
18:24:26.581,,,,,,,,,,,,,,,,-1824,-0.125,,,,,,,,,,,,,,,,,,,,,,,,,,,,,,,,,,,,,,,,,,,,,,,,,,,,,,,,,50.6189108,30.4410448,
18:24:26.702,,,,,,,,,358.06,59.5,,3.721,,,,,,,,,,,,,,,,,,,,,,,,,,,,,,,,,,,,,,,,,,,,,,,,,,,7.436,,,,,,,,,,,50.6189108,30.4410448,
18:24:26.761,0.20000000000004547,,-0.09999999999990905,,,,,,,,,,3.714,,,,,,,,,,,,,,,,,,,,,,,,,,,,,,,,,,,,,,,,,,,,,,,,,,7.435,,,,,,,,,,,50.6189108,30.4410448,
18:24:26.798,,-1.099999999999909,,,,,,,,,,,,,,,,,,,,,,,,,,,,,,,,,,,,,,,,,,,,,,,,,,,,,,,,,,,,,,,,,,,,,,,,50.6189108,30.4410448,
18:24:26.896,,,,,,,,,,,,,,,,,,,,,,,,,,,,,,,,,,,,,,,,,,,,,,,,,,,,,,,84,,,,,,,,,184,,,,,,,,,,50.6189108,30.4410448,
18:24:26.994,,,,,,,,,,,,,,,,,,,,,,,,,,,,,,,,,,0,0,,,0,0,,-0.02706141957077307,1.7374053948055548,14.057822,14.057822,6766.021701000001,0,0,,,,,17.59754547881501,,,,37,98,,12,,,,,184,0,,,,,,,0,,50.6189281,30.4410904,
18:24:27.074,,,,,,,,,,,,,,,,,,,,0,5.882352941176471,98,,,,,,,,,,5.882352941176471,,,,,,,,6.2745098039215685,,,,,,,,,,,,,0,,,,,,,,,,,,0,,17.6470588235294,98,,,,,,50.6189281,30.4410904,
18:24:27.169,,,,,,,,,,,,,,,,,,,,,,,11.75083135554548,69.32688,69.32688,639.6470289499999,0.14688539194431852,0.8665860000000001,0.8665860000000001,8.309744,0,,5.882352941176471,,,0,0,,,,,,,,,,,8.454295835817724,6.16443998223907,6.16443998223907,0.12281580472572001,,,63,,,,27380,,12000,0,0,,184,0,27380,17.6470588235294,,,,,,0,50.6189281,30.4410904,
18:24:27.314,,,,,,,,,,,,,,,33,,,,,,,,,,,,,,,,,,,,,,,,,,,,,,,,,,,,,,,,,,,,,,,,,,,,,,,,89,,,50.6189281,30.4410904,
18:24:27.349,,,,,,,,,,,,,,,,,,-3.96875,,,,,,,,,,,,,,,,,,,,,,,,,,,,,,,,,,,,,,,,,,,,,,,,,,,,,,,,50.6189281,30.4410904,
18:24:27.386,,,,,,,,,,,,,,,,96,0,,,,,,,,,,,,,,,,,,,,,,,,,,,,,,,,,,,,,,,,,,,,,,,,,,,,,,,,,50.6189281,30.4410904,
18:24:27.518,,,,,,,,,355.81,59.5,,3.718,,,,,,,,,,,,,,,,,,,,,,,,,,,,,,,,,,,,,,,,,,,,,,,,,,,7.432,,,,,,,,,,,50.6189281,30.4410904,
18:24:27.570,-2.75,,-2.849999999999909,,,,,,,,,,3.711,,,,,,,,,,,,,,,,,,,,,,,,,,,,,,,,,,,,,,,,,,,,,,,,,,7.429,,,,,,,,,,,50.6189281,30.4410904,
18:24:27.604,,-2.599999999999909,,,,,,,,,,,,,,,,,,,,,,,,,,,,,,,,,,,,,,,,,,,,,,,,,,,,,,,,,,,,,,,,,,,,,,,,50.6189281,30.4410904,
18:24:27.737,,,,,,,,,,,,,,,,,,,,,,,,,,,,,,,,,,0,0,,,0,0,,-0.02798637582689213,1.7398828488055549,14.060299,14.060299,6766.024178000001,0,0,,,,,17.58586486383519,,,,37,98,,12,,,,,184,0,,,,,,,0,,50.6189281,30.4410904,
18:24:27.798,,,,,,,,,,,,,,,,,,,,0,5.882352941176471,98,,,,,,,,,,5.882352941176471,,,,,,,,0.7843137254901961,,,,,,,,,,,,,0,,,,,,,,,,,,0,,17.6470588235294,98,,,,,,50.6189281,30.4410904,
18:24:27.906,,,,,,,,,,,,,,,,,,,,,,,11.75083135554548,69.32688,69.32688,639.6470289499999,0.14688539194431852,0.8665860000000001,0.8665860000000001,8.309744,0,,5.882352941176471,,,0,0,,,,,,,,,,,8.442257594823504,6.163353994107807,6.163353994107807,0.12281575976360633,,,63,,,,27400,,12000,0,0,,184,0,27400,17.6470588235294,,,,,,0,50.6189281,30.4410904,
18:24:27.969,,,,,,,,,,,,,,,,,,,56,,,,,,,,,,,,,,,,,,,,,,,,,,,,,,,,,,,,,,,,,,,,,,,,,,,,89,,,50.6189433,30.4411329,
18:24:28.078,,,,,,,,,,,,,,,33,,,,,,,,,,,,,,,,,,,,,,,,,,,,,,,,,,,,,,,,,,,,,,,,,,,,,,,,89,,,50.6189433,30.4411329,
18:24:28.125,,,,,,,,,,,,,,,,,,-30.953125,,,,,,,,,,,,,,,,,,,,,,,,,,,,,,,,,,,,,,,,,,,,,,,,,,,,,,,,50.6189433,30.4411329,
18:24:28.162,,,,,,,,,,,,,,,,-2048,-0.125,,,,,,,,,,,,,,,,,,,,,,,,,,,,,,,,,,,,,,,,,,,,,,,,,,,,,,,,,50.6189433,30.4411329,
18:24:28.282,,,,,,,,,357.09000000000003,60,,3.723,,,,,,,,,,,,,,,,,,,,,,,,,,,,,,,,,,,,,,,,,,,,,,,,,,,7.434,,,,,,,,,,,50.6189433,30.4411329,
18:24:28.329,1.650000000000091,,1.75,,,,,,,,,,3.715,,,,,,,,,,,,,,,,,,,,,,,,,,,,,,,,,,,,,,,,,,,,,,,,,,7.438,,,,,,,,,,,50.6189433,30.4411329,
18:24:28.366,,1.7000000000000455,,,,,,,,,,,,,,,,,,,,,,,,,,,,,,,,,,,,,,,,,,,,,,,,,,,,,,,,,,,,,,,,,,,,,,,,50.6189433,30.4411329,
18:24:28.486,,,,,,,,,,,,,,,,,,,,,,,,,,,,,,,,,,0,0,,,0,0,,-0.0377273352780945,1.7421691367777772,14.062584999999999,14.062584999999999,6766.0264640000005,0,0,,,,,17.572058370645014,,,,37,98,,11,,,,,184,0,,,,,,,0,,50.6189433,30.4411329,
18:24:28.564,,,,,,,,,,,,,,,,,,,,0,5.882352941176471,98,,,,,,,,,,5.882352941176471,,,,,,,,0,,,,,,,,,,,,,0,,,,,,,,,,,,0,,17.6470588235294,98,,,,,,50.6189433,30.4411329,
18:24:28.638,,,,,,,,,,,,,,,,,,,,,,,11.75083135554548,69.32688,69.32688,639.6470289499999,0.14688539194431852,0.8665860000000001,0.8665860000000001,8.309744,0,,5.882352941176471,,,0,0,,,,,,,,,,,8.431178629188087,6.162352085338507,6.162352085338507,0.12281571826852376,,,63,,,,27410,,12000,0,0,,184,0,27410,17.6470588235294,,,,,,0,50.6189433,30.4411329,
18:24:28.761,,,,,,,,,,,,,,,33,,,,,,,,,,,,,,,,,,,,,,,,,,,,,,,,,,,,,,,,,,,,,,,,,,,,,,,,89,,,50.6189433,30.4411329,
18:24:28.797,,,,,,,,,,,,,,,,,,-22.34375,,,,,,,,,,,,,,,,,,,,,,,,,,,,,,,,,,,,,,,,,,,,,,,,,,,,,,,,50.6189433,30.4411329,
18:24:28.845,,,,,,,,,,,,,,,,-1408,-0.09375,,,,,,,,,,,,,,,,,,,,,,,,,,,,,,,,,,,,,,,,,,,,,,,,,,,,,,,,,50.6189433,30.4411329,
18:24:28.953,,,,,,,,,357.25,60,,3.722,,,,,,,,,,,,,,,,,,,,,,,,,,,,,,,,,,,,,,,,,,,,,,,,,,,7.437,,,,,,,,,,,50.6189564,30.4411725,
18:24:29.002,-0.25,,-0.2999999999999545,,,,,,,,,,3.714,,,,,,,,,,,,,,,,,,,,,,,,,,,,,,,,,,,,,,,,,,,,,,,,,,7.436,,,,,,,,,,,50.6189564,30.4411725,
18:24:29.038,,-0.4499999999998181,,,,,,,,,,,,,,,,,,,,,,,,,,,,,,,,,,,,,,,,,,,,,,,,,,,,,,,,,,,,,,,,,,,,,,,,50.6189564,30.4411725,
18:24:29.326,,,,,,,,,,,,,,,,,,,,,,,,,,,,,,,,,,0,0,,,0,0,,-0.036398199818632564,1.7445038117777771,14.064919999999999,14.064919999999999,6766.028799000001,0,0,,,,,17.55426938347374,,,,37,98,,10,,,,,184,0,,,,,,,0,,50.6189564,30.4411725,
18:24:29.393,,,,,,,,,,,,,,,,,,,,0,5.882352941176471,98,,,,,,,,,,5.882352941176471,,,,,,,,0,,,,,,,,,,,,,0,,,,,,,,,,,,0,,17.6470588235294,98,,,,,,50.6189564,30.4411725,
18:24:29.466,,,,,,,,,,,,,,,,,,,,,,,11.75083135554548,69.32688,69.32688,639.6470289499999,0.14688539194431852,0.8665860000000001,0.8665860000000001,8.309744,0,,5.882352941176471,,,0,0,,,,,,,,,,,8.419895156011814,6.161329037065267,6.161329037065267,0.12281567588403047,,,63,,,,27440,,12000,0,0,,184,0,27440,17.6470588235294,,,,,,0,50.6189564,30.4411725,
18:24:29.610,,,,,,,,,,,,,,,33,,,,,,,,,,,,,,,,,,,,,,,,,,,,,,,,,,,,,,,,,,,,,,,,,,,,,,,,89,,,50.6189564,30.4411725,
18:24:29.645,,,,,,,,,,,,,,,,,,-9.125,,,,,,,,,,,,,,,,,,,,,,,,,,,,,,,,,,,,,,,,,,,,,,,,,,,,,,,,50.6189564,30.4411725,
18:24:29.681,,,,,,,,,,,,,,,,-640,-0.046875,,,,,,,,,,,,,,,,,,,,,,,,,,,,,,,,,,,,,,,,,,,,,,,,,,,,,,,,,50.6189564,30.4411725,
18:24:29.826,,,,,,,,,357.74,60,,3.718,,,,,,,,,,,,,,,,,,,,,,,,,,,,,,,,,,,,,,,,,,,,,,,,,,,7.432,,,,,,,,,,,50.6189564,30.4411725,
18:24:29.885,-3.2999999999999545,,-3.2999999999999545,,,,,,,,,,3.711,,,,,,,,,,,,,,,,,,,,,,,,,,,,,,,,,,,,,,,,,,,,,,,,,,7.429,,,,,,,,,,,50.6189564,30.4411725,
18:24:29.921,,-3.449999999999818,,,,,,,,,,,,,,,,,,,,,,,,,,,,,,,,,,,,,,,,,,,,,,,,,,,,,,,,,,,,,,,,,,,,,,,,50.6189564,30.4411725,
18:24:30.042,,,,,,,,,,,,,,,,,,,,,,,,,,,,,,,,,,0,0,,,0,0,,-0.027879268685832036,1.7462935932777772,14.06671,14.06671,6766.030589000001,0,0,,,,,17.537185639023864,,,,37,98,,9,,,,,184,0,,,,,,,0,,50.6189674,30.4412065,
18:24:30.109,,,,,,,,,,,,,,,,,,,,0,5.882352941176471,98,,,,,,,,,,5.882352941176471,,,,,,,,0,,,,,,,,,,,,,0,,,,,,,,,,,,0,,17.6470588235294,98,,,,,,50.6189674,30.4412065,
18:24:30.182,,,,,,,,,,,,,,,,,,,,,,,11.75083135554548,69.32688,69.32688,639.6470289499999,0.14688539194431852,0.8665860000000001,0.8665860000000001,8.309744,0,,5.882352941176471,,,0,0,,,,,,,,,,,8.411265580412282,6.160545003060418,6.160545003060418,0.1228156433922974,,,63,,,,27450,,12000,0,0,,184,0,27450,17.6470588235294,,,,,,0,50.6189674,30.4412065,
18:24:30.301,,,,,,,,,,,,,,,33,,,,,,,,,,,,,,,,,,,,,,,,,,,,,,,,,,,,,,,,,,,,,,,,,,,,,,,,89,,,50.6189674,30.4412065,
18:24:30.350,,,,,,,,,,,,,,,,,,2.359375,,,,,,,,,,,,,,,,,,,,,,,,,,,,,,,,,,,,,,,,,,,,,,,,,,,,,,,,50.6189674,30.4412065,
18:24:30.385,,,,,,,,,,,,,,,,-32,-0.015625,,,,,,,,,,,,,,,,,,,,,,,,,,,,,,,,,,,,,,,,,,,,,,,,,,,,,,,,,50.6189674,30.4412065,
18:24:30.518,,,,,31,,,,,,86.6758781031239,,,86.6758781031239,,,,,,,,,,,,,,,,,,,,,,,,,,,,,,,,,,,,,,,,,,,,,,,,,,,,,,,127.5,150,,,,50.6189674,30.4412065,
18:24:30.578,,,,,,,,,355.48,60,,3.717,,,,,,,,,,,,,,,,,,,,,,,,,,,,,,,,,,,,,,,,,,,,,,,,,,,7.428,,,,,,,,,,,50.6189674,30.4412065,
18:24:30.649,-5.25,,-5.099999999999909,,,,,,,,,,3.709,,,,,,,,,,,,,,,,,,,,,,,,,,,,,,,,,,,,,,,,,,,,,,,,,,7.426,,,,,,,,,,,50.6189674,30.4412065,
18:24:30.685,,-4.949999999999818,,,,,,,,,,,,,,,,,,,,,,,,,,,,,,,,,,,,,,,,,,,,,,,,,,,,,,,,,,,,,,,,,,,,,,,,50.6189674,30.4412065,
18:24:30.769,,,,,,,,,,,,,,,,,,,,,,,,,,,,,,,,,,,,,,,,,,,,,,,,,,,,,,,84,,,,,,,,,184,,,,,,,,,,50.6189674,30.4412065,
18:24:30.841,,,,,,,,,,,,,,,,,,,,,,,,,,,,,,,,,,0,0,,,0,0,,-0.036507628617179724,1.7480685692777773,14.068484999999999,14.068484999999999,6766.032364000001,0,0,,,,,17.51598256768728,,,,37,98,,8,,,,,184,0,,,,,,,0,,50.6189674,30.4412065,
18:24:30.905,,,,,,,,,,,,,,,,,,,,0,5.882352941176471,98,,,,,,,,,,5.882352941176471,,,,,,,,3.1372549019607843,,,,,,,,,,,,,0,,,,,,,,,,,,0,,17.6470588235294,98,,,,,,50.6189674,30.4412065,
18:24:31.025,,,,,,,,,,,,,,,,,,,,,,,11.75083135554548,69.32688,69.32688,639.6470289499999,0.14688539194431852,0.8665860000000001,0.8665860000000001,8.309744,0,,5.882352941176471,,,0,0,,,,,,,,,,,8.402724843053777,6.159767736184814,6.159767736184814,0.12281561117285841,,,63,,,,27470,,12000,0,0,,184,0,27470,17.6470588235294,,,,,,0,50.6189755,30.441237,
18:24:31.254,,,,,,,,,,,,,,,33,,,,,,,,,,,,,,,,,,,,,,,,,,,,,,,,,,,,,,,,,,,,,,,,,,,,,,,,89,,,50.6189755,30.441237,
18:24:31.289,,,,,,,,,,,,,,,,,,92.4375,,,,,,,,,,,,,,,,,,,,,,,,,,,,,,,,,,,,,,,,,,,,,,,,,,,,,,,,50.6189755,30.441237,
18:24:31.338,,,,,,,,,,,,,,,,5888,0.359375,,,,,,,,,,,,,,,,,,,,,,,,,,,,,,,,,,,,,,,,,,,,,,,,,,,,,,,,,50.6189755,30.441237,
18:24:31.457,,,,,,,,,354.2,60,,3.696,,,,,,,,,,,,,,,,,,,,,,,,,,,,,,,,,,,,,,,,,,,,,,,,,,,7.405,,,,,,,,,,,50.6189755,30.441237,
18:24:31.504,-18.5,,-18.09999999999991,,,,,,,,,,3.692,,,,,,,,,,,,,,,,,,,,,,,,,,,,,,,,,,,,,,,,,,,,,,,,,,7.388,,,,,,,,,,,50.6189755,30.441237,
18:24:31.542,,-16.5,,,,,,,,,,,,,,,,,,,,,,,,,,,,,,,,,,,,,,,,,,,,,,,,,,,,,,,,,,,,,,,,,,,,,,,,50.6189755,30.441237,
18:24:31.649,,,,,,,,,,,,,,,,,,,,,,,,,,,,,,,,,,0.05,0,,,0,0,,-0.02685997971585992,1.7498649377222217,14.070281,14.070281,6766.034160000001,0,0,,,,,17.4946197248302,,,,37,98,,8,,,,,184,0.05,,,,,,,0.06,,50.6189755,30.441237,
18:24:31.709,,,,,,,,,,,,,,,,,,,,0,5.882352941176471,98,,,,,,,,,,5.882352941176471,,,,,,,,3.9215686274509802,,,,,,,,,,,,,0,,,,,,,,,,,,0.05,,17.6470588235294,98,,,,,,50.6189755,30.441237,
18:24:31.769,,,,,,,,,,,,,,,,,,,,,,,11.75083135554548,69.32688,69.32688,639.6470289499999,0.14688539194431852,0.8665860000000001,0.8665860000000001,8.309744,0,,5.882352941176471,,,0,0,,,,,,,,,,,8.394098811735578,6.158981473077901,6.158981473077901,0.12281557857224888,,,63,,,,27490,,12000,0,0,,184,0.05,27490,17.6470588235294,,,,,,0,50.6189755,30.441237,
18:24:31.890,,,,,,,,,,,,,,,33,,,,,,,,,,,,,,,,,,,,,,,,,,,,,,,,,,,,,,,,,,,,,,,,,,,,,,,,89,,,50.6189755,30.441237,
18:24:31.926,,,,,,,,,,,,,,,,,,17.640625,,,,,,,,,,,,,,,,,,,,,,,,,,,,,,,,,,,,,,,,,,,,,,,,,,,,,,,,50.6189755,30.441237,
18:24:31.974,,,,,,,,,,,,,,,,1312,0.078125,,,,,,,,,,,,,,,,,,,,,,,,,,,,,,,,,,,,,,,,,,,,,,,,,,,,,,,,,50.6189887,30.4412695,
18:24:32.057,,,,27,,,,,,,,,,,,,,,,,,,,,,,,,,,,,,,,,,,,,,,,,,,,,,,,,,,,,,,,,,,,,,,,,,150,,,,50.6189887,30.4412695,
18:24:32.166,,,,,,,,,355,60,,3.711,,,,,,,,,,,,,,,,,,,,,,,,,,,,,,,,,,,,,,,,,,,,,,,,,,,7.403,,,,,,,,,,,50.6189887,30.4412695,
18:24:32.213,-6.399999999999864,,-6.2999999999999545,,,,,,,,,,3.704,,,,,,,,,,,,,,,,,,,,,,,,,,,,,,,,,,,,,,,,,,,,,,,,,,7.415,,,,,,,,,,,50.6189887,30.4412695,
18:24:32.249,,-6,,,,,,,,,,,,,,,,,,,,,,,,,,,,,,,,,,,,,,,,,,,,,,,,,,,,,,,,,,,,,,,,,,,,,,,,50.6189887,30.4412695,
18:24:32.370,,,,,,,,,,,,,,,,,,,,,,,,,,,,,,,,,,0,0,,,0,0,,,1.7516665124722217,14.072083,14.072083,6766.035962000001,0,0,,,,,17.477653492252443,,,,37,98,,9,,,,,184,0,,,,,,,0,,50.6189887,30.4412695,
18:24:32.449,,,,,,,,,,,,,,,,,,,,0,5.882352941176471,98,,,,,,,,,,5.882352941176471,,,,,,,,3.9215686274509802,,,,,,,,,,,,,0,,,,,,,,,,,,0,,17.6470588235294,98,,,,,,50.6189887,30.4412695,
18:24:32.522,,,,,,,,,,,,,,,,,,,,,,,11.75083135554548,69.32688,69.32688,639.6470289499999,0.14688539194431852,0.8665860000000001,0.8665860000000001,8.309744,0,,5.882352941176471,,,0,0,,,,,,,,,,,8.385465549433334,6.158192784962966,6.158192784962966,0.12281554586274603,,,63,,,,27510,,12000,0,0,,184,0,27510,17.6470588235294,,,,,,0,50.6189887,30.4412695,
18:24:32.630,,,,,,,,,,,,,,,33,,,,,,,,,,,,,,,,,,,,,,,,,,,,,,,,,,,,,,,,,,,,,,,,,,,,,,,,89,,,50.6189887,30.4412695,
18:24:32.678,,,,,,,,,,,,,,,,,,26.46875,,,,,,,,,,,,,,,,,,,,,,,,,,,,,,,,,,,,,,,,,,,,,,,,,,,,,,,,50.6189887,30.4412695,
18:24:32.762,,,,,,,,,,,,,,,,1728,0.09375,,,,,,,,,,,,,,,,,,,,,,,,,,,,,,,,,,,,,,,,,,,,,,,,,,,,,,,,,50.6189887,30.4412695,
18:24:33.002,,,,,,,,,356.77,60,,3.707,,,,,,,,,,,,,,,,,,,,,,,,,,,,,,,,,,,,,,,,,,,,,,,,,,,7.411,,,,,,,,,,,50.6190066,30.4412979,
18:24:33.061,-10.849999999999909,,-10.699999999999818,,,,,,,,,,3.701,,,,,,,,,,,,,,,,,,,,,,,,,,,,,,,,,,,,,,,,,,,,,,,,,,7.408,,,,,,,,,,,50.6190066,30.4412979,
18:24:33.097,,-10.699999999999818,,,,,,,,,,,,,,,,,,,,,,,,,,,,,,,,,,,,,,,,,,,,,,,,,,,,,,,,,,,,,,,,,,,,,,,,50.6190066,30.4412979,
18:24:33.205,,,,,,,,,,,,,,,,,,,,,,,,,,,,,,,,,,0,0,,,0,0,,,1.7539857891388884,14.074402,14.074402,6766.038281000001,0,0,,,,,17.460389320499942,,,,37,98,,10,,,,,184,0,,,,,,,0,,50.6190066,30.4412979,
18:24:33.268,,,,,,,,,,,,,,,,,,,,0,5.882352941176471,98,,,,,,,,,,5.882352941176471,,,,,,,,7.0588235294117645,,,,,,,,,,,,,0,,,,,,,,,,,,0,,17.6470588235294,98,,,,,,50.6190066,30.4412979,
18:24:33.340,,,,,,,,,,,,,,,,,,,,,,,11.75083135554548,69.32688,69.32688,639.6470289499999,0.14688539194431852,0.8665860000000001,0.8665860000000001,8.309744,0,,5.882352941176471,,,0,0,,,,,,,,,,,8.374377537940672,6.15717811669725,6.15717811669725,0.1228155037687999,,,63,,,,27530,,12000,0,0,,184,0,27530,17.6470588235294,,,,,,0,50.6190066,30.4412979,
18:24:33.497,,,,,,,,,,,,,,,33,,,,,,,,,,,,,,,,,,,,,,,,,,,,,,,,,,,,,,,,,,,,,,,,,,,,,,,,89,,,50.6190066,30.4412979,
18:24:33.534,,,,,,,,,,,,,,,,,,40.3125,,,,,,,,,,,,,,,,,,,,,,,,,,,,,,,,,,,,,,,,,,,,,,,,,,,,,,,,50.6190066,30.4412979,
18:24:33.574,,,,,,,,,,,,,,,,2496,0.140625,,,,,,,,,,,,,,,,,,,,,,,,,,,,,,,,,,,,,,,,,,,,,,,,,,,,,,,,,50.6190066,30.4412979,
18:24:33.693,,,,,,31,30,31,,,,,,,,,,,,,,,,,,,,,,,,,,,,,,,,,,,,,,,,,,,,,,,,,,,,,,,,,,,,,,150,,,,50.6190066,30.4412979,
18:24:33.753,,,,,,,,,356.61,60,,3.704,,,,,,,,,,,,,,,,,,,,,,,,,,,,,,,,,,,,,,,,,,,,,,,,,,,7.405,,,,,,,,,,,50.6190066,30.4412979,
18:24:33.802,-13.549999999999955,,-13.399999999999864,,,,,,,,,,3.695,,,,,,,,,,,,,,,,,,,,,,,,,,,,,,,,,,,,,,,,,,,,,,,,,,7.399,,,,,,,,,,,50.6190066,30.4412979,
18:24:33.838,,-13.25,,,,,,,,,,,,,,,,,,,,,,,,,,,,,,,,,,,,,,,,,,,,,,,,,,,,,,,,,,,,,,,,,,,,,,,,50.6190066,30.4412979,
18:24:33.956,,,,,,,,,,,,,,,,,,,,,,,,,,,,,,,,,,0.01,0,,,0,0,,0.018183503238376197,1.7560736630277773,14.07649,14.07649,6766.040369000001,0,0,,,,,17.44491570145992,,,,37,98,,10,,,,,184,0.01,,,,,,,0.012,,50.6190311,30.4413138,
18:24:34.018,,,,,,,,,,,,,,,,,,,,0,5.882352941176471,98,,,,,,,,,,5.882352941176471,,,,,,,,6.666666666666667,,,,,,,,,,,,,0,,,,,,,,,,,,0.01,,17.6470588235294,98,,,,,,50.6190311,30.4413138,
18:24:34.089,,,,,,,,,,,,,,,,,,,,,,,11.75083135554548,69.32688,69.32688,639.6470289499999,0.14688539194431852,0.8665860000000001,0.8665860000000001,8.309744,0,,5.882352941176471,,,0,0,,,,,,,,,,,8.364420868943645,6.156264807491072,6.156264807491072,0.12281546586793649,,,63,,,,27550,,12000,0,0,,184,0.01,27550,17.6470588235294,,,,,,0,50.6190311,30.4413138,
18:24:34.197,,,,,,,,,,,,,,,,,,,55,,,,,,,,,,,,,,,,,,,,,,,,,,,,,,,,,,,,,,,,,,,,,,,,,,,,88,,,50.6190311,30.4413138,
18:24:34.305,,,,,,,,,,,,,,,33,,,,,,,,,,,,,,,,,,,,,,,,,,,,,,,,,,,,,,,,,,,,,,,,,,,,,,,,88,,,50.6190311,30.4413138,
18:24:34.342,,,,,,,,,,,,,,,,,,18.5625,,,,,,,,,,,,,,,,,,,,,,,,,,,,,,,,,,,,,,,,,,,,,,,,,,,,,,,,50.6190311,30.4413138,
18:24:34.378,,,,,,,,,,,,,,,,1248,0.0625,,,,,,,,,,,,,,,,,,,,,,,,,,,,,,,,,,,,,,,,,,,,,,,,,,,,,,,,,50.6190311,30.4413138,
18:24:34.546,,,,,,,,,356.61,60,,3.709,,,,,,,,,,,,,,,,,,,,,,,,,,,,,,,,,,,,,,,,,,,,,,,,,,,7.404,,,,,,,,,,,50.6190311,30.4413138,
18:24:34.629,-7.7999999999999545,,-7.649999999999864,,,,,,,,,,3.702,,,,,,,,,,,,,,,,,,,,,,,,,,,,,,,,,,,,,,,,,,,,,,,,,,7.411,,,,,,,,,,,50.6190311,30.4413138,
18:24:34.689,,-7.2999999999999545,,,,,,,,,,,,,,,,,,,,,,,,,,,,,,,,,,,,,,,,,,,,,,,,,,,,,,,,,,,,,,,,,,,,,,,,50.6190311,30.4413138,
18:24:34.772,,,,,,,,,,,,,,,,,,,,,,,,,,,,,,,,,,,,,,,,,,,,,,,,,,,,,,,84,,,,,,,,,184,,,,,,,,,,50.6190311,30.4413138,
18:24:34.834,,,,,,,,,,,,,,,,,,,,,,,,,,,,,,,,,,0,0,,,0,0,,0.02668253549654758,1.7587549457222218,14.079170999999999,14.079170999999999,6766.043050000001,0,0,,,,,17.42934733828036,,,,37,98,,11,,,,,184,0,,,,,,,0,,50.6190311,30.4413138,
18:24:34.901,,,,,,,,,,,,,,,,,,,,0,5.882352941176471,98,,,,,,,,,,5.882352941176471,,,,,,,,5.098039215686274,,,,,,,,,,,,,0,,,,,,,,,,,,0,,17.6470588235294,98,,,,,,50.6190311,30.4413138,
18:24:34.974,,,,,,,,,,,,,,,,,,,,,,,11.75083135554548,69.32688,69.32688,639.6470289499999,0.14688539194431852,0.8665860000000001,0.8665860000000001,8.309744,0,,5.882352941176471,,,0,0,,,,,,,,,,,8.351669020268252,6.155092512194078,6.155092512194078,0.12281541720311695,,,63,,,,27570,,12000,0,0,,184,0,27570,17.6470588235294,,,,,,0,50.6190581,30.4413185,
18:24:35.085,,,,,,,,,,,,,,,33,,,,,,,,,,,,,,,,,,,,,,,,,,,,,,,,,,,,,,,,,,,,,,,,,,,,,,,,88,,,50.6190581,30.4413185,
18:24:35.121,,,,,,,,,,,,,,,,,,26.78125,,,,,,,,,,,,,,,,,,,,,,,,,,,,,,,,,,,,,,,,,,,,,,,,,,,,,,,,50.6190581,30.4413185,
18:24:35.158,,,,,,,,,,,,,,,,1728,0.09375,,,,,,,,,,,,,,,,,,,,,,,,,,,,,,,,,,,,,,,,,,,,,,,,,,,,,,,,,50.6190581,30.4413185,
18:24:35.277,,,,,,,,,354.2,59.5,,3.704,,,,,,,,,,,,,,,,,,,,,,,,,,,,,,,,,,,,,,,,,,,,,,,,,,,7.406,,,,,,,,,,,50.6190581,30.4413185,
18:24:35.325,-10.75,,-10.649999999999864,,,,,,,,,,3.697,,,,,,,,,,,,,,,,,,,,,,,,,,,,,,,,,,,,,,,,,,,,,,,,,,7.401,,,,,,,,,,,50.6190581,30.4413185,
18:24:35.362,,-10.049999999999955,,,,,,,,,,,,,,,,,,,,,,,,,,,,,,,,,,,,,,,,,,,,,,,,,,,,,,,,,,,,,,,,,,,,,,,,50.6190581,30.4413185,
18:24:35.493,,,,,,,,,,,,,,,,,,,,,,,,,,,,,,,,,,0.01,0,,,0,0,,0.01814178049057093,1.7607675521666661,14.081184,14.081184,6766.0450630000005,0,0,,,,,17.417710845279608,,,,37,98,,11,,,,,184,0.01,,,,,,,0.012,,50.6190581,30.4413185,
18:24:35.554,,,,,,,,,,,,,,,,,,,,0,5.882352941176471,98,,,,,,,,,,5.882352941176471,,,,,,,,3.5294117647058822,,,,,,,,,,,,,0,,,,,,,,,,,,0.01,,17.6470588235294,98,,,,,,50.6190581,30.4413185,
18:24:35.625,,,,,,,,,,,,,,,,,,,,,,,11.75083135554548,69.32688,69.32688,639.6470289499999,0.14688539194431852,0.8665860000000001,0.8665860000000001,8.309744,0,,5.882352941176471,,,0,0,,,,,,,,,,,8.342122829533777,6.154212600304065,6.154212600304065,0.12281538066368625,,,63,,,,27580,,12000,0,0,,184,0.01,27580,17.6470588235294,,,,,,0,50.6190581,30.4413185,
18:24:35.785,,,,,,,,,,,,,,,33,,,,,,,,,,,,,,,,,,,,,,,,,,,,,,,,,,,,,,,,,,,,,,,,,,,,,,,,88,,,50.6190581,30.4413185,
18:24:35.821,,,,,,,,,,,,,,,,,,-10.46875,,,,,,,,,,,,,,,,,,,,,,,,,,,,,,,,,,,,,,,,,,,,,,,,,,,,,,,,50.6190581,30.4413185,
18:24:35.869,,,,,,,,,,,,,,,,-704,-0.046875,,,,,,,,,,,,,,,,,,,,,,,,,,,,,,,,,,,,,,,,,,,,,,,,,,,,,,,,,50.6190581,30.4413185,
18:24:35.977,,,,,,,,,355.16,59.5,,3.716,,,,,,,,,,,,,,,,,,,,,,,,,,,,,,,,,,,,,,,,,,,,,,,,,,,7.413,,,,,,,,,,,50.6190868,30.4413198,
18:24:36.026,-0.9499999999998181,,-1,,,,,,,,,,3.709,,,,,,,,,,,,,,,,,,,,,,,,,,,,,,,,,,,,,,,,,,,,,,,,,,7.425,,,,,,,,,,,50.6190868,30.4413198,
18:24:36.061,,-0.4499999999998181,,,,,,,,,,,,,,,,,,,,,,,,,,,,,,,,,,,,,,,,,,,,,,,,,,,,,,,,,,,,,,,,,,,,,,,,50.6190868,30.4413198,
18:24:36.169,,,,,,,,,,,,,,,,,,,,,,,,,,,,,,,,,,0,0,,,0,0,,0.00955610138870735,1.7628324645277773,14.083248999999999,14.083248999999999,6766.047128000001,0,0,,,,,17.40581562678654,,,,37,98,,11,,,,,184,0,,,,,,,0,,50.6190868,30.4413198,
18:24:36.229,,,,,,,,,,,,,,,,,,,,0,5.882352941176471,98,,,,,,,,,,5.882352941176471,,,,,,,,0,,,,,,,,,,,,,0,,,,,,,,,,,,0,,17.6470588235294,98,,,,,,50.6190868,30.4413198,
18:24:36.325,,,,,,,,,,,,,,,,,,,,,,,11.75083135554548,69.32688,69.32688,639.6470289499999,0.14688539194431852,0.8665860000000001,0.8665860000000001,8.309744,0,,5.882352941176471,,,0,0,,,,,,,,,,,8.33235119615668,6.153310219822146,6.153310219822146,0.1228153431803882,,,63,,,,27600,,12000,0,0,,184,0,27600,17.6470588235294,,,,,,0,50.6190868,30.4413198,
18:24:36.578,,,,,,,,,,,,,,,32,,,,,,,,,,,,,,,,,,,,,,,,,,,,,,,,,,,,,,,,,,,,,,,,,,,,,,,,87,,,50.6190868,30.4413198,
18:24:36.613,,,,,,,,,,,,,,,,,,-18.09375,,,,,,,,,,,,,,,,,,,,,,,,,,,,,,,,,,,,,,,,,,,,,,,,,,,,,,,,50.6190868,30.4413198,
18:24:36.649,,,,,,,,,,,,,,,,-1120,-0.078125,,,,,,,,,,,,,,,,,,,,,,,,,,,,,,,,,,,,,,,,,,,,,,,,,,,,,,,,,50.6190868,30.4413198,
18:24:36.758,,,,,31,,,,,,86.6758781031239,,,86.6758781031239,,,,,,,,,,,,,,,,,,,,,,,,,,,,,,,,,,,,,,,,,,,,,,,,,,,,,,,127.5,150,,,,50.6190868,30.4413198,
18:24:36.818,,,,,,,,,357.42,59.5,,3.716,,,,,,,,,,,,,,,,,,,,,,,,,,,,,,,,,,,,,,,,,,,,,,,,,,,7.425,,,,,,,,,,,50.6190868,30.4413198,
18:24:36.865,-2,,-1.75,,,,,,,,,,3.707,,,,,,,,,,,,,,,,,,,,,,,,,,,,,,,,,,,,,,,,,,,,,,,,,,7.423,,,,,,,,,,,50.6190868,30.4413198,
18:24:36.913,,-1.949999999999818,,,,,,,,,,,,,,,,,,,,,,,,,,,,,,,,,,,,,,,,,,,,,,,,,,,,,,,,,,,,,,,,,,,,,,,,50.6190868,30.4413198,
18:24:37.046,,,,,,,,,,,,,,,,,,,,,,,,,,,,,,,,,,0,0,,,0,0,,0,1.7652689734166662,14.085685999999999,14.085685999999999,6766.049565000001,0,0,,,,,17.388041810634174,,,,37,98,,10,,,,,184,0,,,,,,,0,,50.619114,30.4413155,
18:24:37.126,,,,,,,,,,,,,,,,,,,,0,5.882352941176471,98,,,,,,,,,,5.882352941176471,,,,,,,,0,,,,,,,,,,,,,0,,,,,,,,,,,,0,,17.6470588235294,98,,,,,,50.619114,30.4413155,
18:24:37.197,,,,,,,,,,,,,,,,,,,,,,,11.75083135554548,69.32688,69.32688,639.6470289499999,0.14688539194431852,0.8665860000000001,0.8665860000000001,8.309744,0,,5.882352941176471,,,0,0,,,,,,,,,,,8.32085048546584,6.152245620128123,6.152245620128123,0.12281529894468042,,,63,,,,27620,,12000,0,0,,184,0,27620,17.6470588235294,,,,,,0,50.619114,30.4413155,
18:24:37.328,,,,,,,,,,,,,,,32,,,,,,,,,,,,,,,,,,,,,,,,,,,,,,,,,,,,,,,,,,,,,,,,,,,,,,,,87,,,50.619114,30.4413155,
18:24:37.366,,,,,,,,,,,,,,,,,,-7.78125,,,,,,,,,,,,,,,,,,,,,,,,,,,,,,,,,,,,,,,,,,,,,,,,,,,,,,,,50.619114,30.4413155,
18:24:37.402,,,,,,,,,,,,,,,,-512,-0.03125,,,,,,,,,,,,,,,,,,,,,,,,,,,,,,,,,,,,,,,,,,,,,,,,,,,,,,,,,50.619114,30.4413155,
18:24:37.533,,,,,,,,,357.42,59.5,,3.714,,,,,,,,,,,,,,,,,,,,,,,,,,,,,,,,,,,,,,,,,,,,,,,,,,,7.421,,,,,,,,,,,50.619114,30.4413155,
18:24:37.593,-4.349999999999909,,-4.349999999999909,,,,,,,,,,3.706,,,,,,,,,,,,,,,,,,,,,,,,,,,,,,,,,,,,,,,,,,,,,,,,,,7.42,,,,,,,,,,,50.619114,30.4413155,
18:24:37.630,,-3.849999999999909,,,,,,,,,,,,,,,,,,,,,,,,,,,,,,,,,,,,,,,,,,,,,,,,,,,,,,,,,,,,,,,,,,,,,,,,50.619114,30.4413155,
18:24:37.738,,,,,,,,,,,,,,,,,,,,,,,,,,,,,,,,,,0,0,,,0,0,,-0.01950646324107492,1.7670010501666662,14.087418,14.087418,6766.051297000001,0,0,,,,,17.372170876322425,,,,37,98,,9,,,,,184,0,,,,,,,0,,50.619114,30.4413155,
18:24:37.805,,,,,,,,,,,,,,,,,,,,0,5.882352941176471,98,,,,,,,,,,5.882352941176471,,,,,,,,0,,,,,,,,,,,,,0,,,,,,,,,,,,0,,17.6470588235294,98,,,,,,50.619114,30.4413155,
18:24:37.900,,,,,,,,,,,,,,,,,,,,,,,11.75083135554548,69.32688,69.32688,639.6470289499999,0.14688539194431852,0.8665860000000001,0.8665860000000001,8.309744,0,,5.882352941176471,,,0,0,,,,,,,,,,,8.312694094350654,6.15148922251047,6.15148922251047,0.12281526750594483,,,63,,,,27640,,12000,0,0,,184,0,27640,17.6470588235294,,,,,,0,50.619114,30.4413155,
18:24:38.056,,,,,,,,,,,,,,,32,,,,,,,,,,,,,,,,,,,,,,,,,,,,,,,,,,,,,,,,,,,,,,,,,,,,,,,,87,,,50.6191368,30.4413103,
18:24:38.106,,,,,,,,,,,,,,,,,,-0.203125,,,,,,,,,,,,,,,,,,,,,,,,,,,,,,,,,,,,,,,,,,,,,,,,,,,,,,,,50.6191368,30.4413103,
18:24:38.153,,,,,,,,,,,,,,,,0,0,,,,,,,,,,,,,,,,,,,,,,,,,,,,,,,,,,,,,,,,,,,,,,,,,,,,,,,,,50.6191368,30.4413103,
18:24:38.273,,,,,,,,,355.16,59.5,,3.713,,,,,,,,,,,,,,,,,,,,,,,,,,,,,,,,,,,,,,,,,,,,,,,,,,,7.419,,,,,,,,,,,50.6191368,30.4413103,
18:24:38.333,-3.949999999999818,,-4.199999999999818,,,,,,,,,,3.706,,,,,,,,,,,,,,,,,,,,,,,,,,,,,,,,,,,,,,,,,,,,,,,,,,7.419,,,,,,,,,,,50.6191368,30.4413103,
18:24:38.406,,-3.6499999999998636,,,,,,,,,,,,,,,,,,,,,,,,,,,,,,,,,,,,,,,,,,,,,,,,,,,,,,,,,,,,,,,,,,,,,,,,50.6191368,30.4413103,
18:24:38.632,,,,,,,,,,,,,,,,,,,,,,,,,,,,,,,,,,,,,,,,,,,,,,,,,,,,,,,84,,,,,,,,,184,,,,,,,,,,50.6191368,30.4413103,
18:24:38.693,,,,,,,,,,,,,,,,,,,,,,,,,,,,,,,,,,0,0,,,0,0,,-0.03540424724907968,1.768856512944444,14.089272999999999,14.089272999999999,6766.053152000001,0,0,,,,,17.34521143658512,,,,37,98,,7,,,,,184,0,,,,,,,0,,50.6191368,30.4413103,
18:24:38.764,,,,,,,,,,,,,,,,,,,,0,5.882352941176471,98,,,,,,,,,,5.882352941176471,,,,,,,,0,,,,,,,,,,,,,0,,,,,,,,,,,,0,,17.6470588235294,98,,,,,,50.6191368,30.4413103,
18:24:38.837,,,,,,,,,,,,,,,,,,,,,,,11.75083135554548,69.32688,69.32688,639.6470289499999,0.14688539194431852,0.8665860000000001,0.8665860000000001,8.309744,0,,5.882352941176471,,,0,0,,,,,,,,,,,8.30397439642024,6.150679314681462,6.150679314681462,0.12281523383456859,,,63,,,,27660,,12000,0,0,,184,0,27660,17.6470588235294,,,,,,0,50.6191368,30.4413103,
18:24:38.982,,,,,,,,,,,,,,,32,,,,,,,,,,,,,,,,,,,,,,,,,,,,,,,,,,,,,,,,,,,,,,,,,,,,,,,,87,,,50.6191496,30.4412992,
18:24:39.028,,,,,,,,,,,,,,,,,,2,,,,,,,,,,,,,,,,,,,,,,,,,,,,,,,,,,,,,,,,,,,,,,,,,,,,,,,,50.6191496,30.4412992,
18:24:39.076,,,,,,,,,,,,,,,,256,0.015625,,,,,,,,,,,,,,,,,,,,,,,,,,,,,,,,,,,,,,,,,,,,,,,,,,,,,,,,,50.6191496,30.4412992,
18:24:39.317,,,,,,,,,357.09000000000003,59.5,,3.717,,,,,,,,,,,,,,,,,,,,,,,,,,,,,,,,,,,,,,,,,,,,,,,,,,,7.423,,,,,,,,,,,50.6191496,30.4412992,
18:24:39.425,-4.25,,-4.349999999999909,,,,,,,,,,3.706,,,,,,,,,,,,,,,,,,,,,,,,,,,,,,,,,,,,,,,,,,,,,,,,,,7.423,,,,,,,,,,,50.6191496,30.4412992,
18:24:39.474,,-3.849999999999909,,,,,,,,,,,,,,,,,,,,,,,,,,,,,,,,,,,,,,,,,,,,,,,,,,,,,,,,,,,,,,,,,,,,,,,,50.6191496,30.4412992,
18:24:39.617,,,,,,,,,,,,,,,,,,,,,,,,,,,,,,,,,,0,,,,0,0,,-0.0903651904944431,1.768856512944444,14.089272999999999,14.089272999999999,6766.053152000001,0,0,,,,,17.301661853869646,,,,37,98,,0,,,,,184,0,,,,,,,0,,50.6191496,30.4412992,
18:24:39.734,,,,,,,,,,,,,,,,,,,,0,5.882352941176471,98,,,,,,,,,,5.882352941176471,,,,,,,,0,,,,,,,,,,,,,0,,,,,,,,,,,,0,,17.6470588235294,98,,,,,,50.6191496,30.4412992,
18:24:39.805,,,,,,,,,,,,,,,,,,,,,,,11.75083135554548,69.32688,69.32688,639.6470289499999,0.14688539194431852,0.8665860000000001,0.8665860000000001,8.309744,0,,5.882352941176471,,,0,0,,,,,,,,,,,8.30397439642024,6.150679314681462,6.150679314681462,0.12281523383456859,,,63,,,,27690,,12000,0,0,,184,0,27690,17.6470588235294,,,,,,0,50.6191496,30.4412992,
18:24:40.013,,,,,,,,,,,,,,,32,,,,,,,,,,,,,,,,,,,,,,,,,,,,,,,,,,,,,,,,,,,,,,,,,,,,,,,,87,,,50.6191549,30.4412936,
18:24:40.062,,,,,,,,,,,,,,,,,,0.109375,,,,,,,,,,,,,,,,,,,,,,,,,,,,,,,,,,,,,,,,,,,,,,,,,,,,,,,,50.6191549,30.4412936,
18:24:40.145,,,,,,,,,,,,,,,,-32,-0.015625,,,,,,,,,,,,,,,,,,,,,,,,,,,,,,,,,,,,,,,,,,,,,,,,,,,,,,,,,50.6191549,30.4412936,
18:24:40.329,,,,27,,,,,,,,,,,,,,,,,,,,,,,,,,,,,,,,,,,,,,,,,,,,,,,,,,,,,,,,,,,,,,,,,,150,,,,50.6191549,30.4412936,
18:24:40.451,,,,,,,,,355.48,59.5,,3.712,,,,,,,,,,,,,,,,,,,,,,,,,,,,,,,,,,,,,,,,,,,,,,,,,,,7.418,,,,,,,,,,,50.6191549,30.4412936,
18:24:40.514,-6.199999999999818,,-6.399999999999864,,,,,,,,,,3.704,,,,,,,,,,,,,,,,,,,,,,,,,,,,,,,,,,,,,,,,,,,,,,,,,,7.416,,,,,,,,,,,50.6191549,30.4412936,
18:24:40.562,,-6.449999999999818,,,,,,,,,,,,,,,,,,,,,,,,,,,,,,,,,,,,,,,,,,,,,,,,,,,,,,,,,,,,,,,,,,,,,,,,50.6191549,30.4412936,
18:24:40.718,,,,,,,,,,,,,,,,,,,,,,,,,,,,,,,,,,0,,,,0,0,,-0.07714665876528036,1.768856512944444,14.089272999999999,14.089272999999999,6766.053152000001,0,0,,,,,17.250072475062613,,,,37,98,,0,,,,,184,0,,,,,,,0,,50.6191549,30.4412936,
18:24:40.777,,,,,,,,,,,,,,,,,,,,0,5.882352941176471,98,,,,,,,,,,5.882352941176471,,,,,,,,17.254901960784313,,,,,,,,,,,,,0,,,,,,,,,,,,0,,17.6470588235294,98,,,,,,50.6191549,30.4412936,
18:24:40.850,,,,,,,,,,,,,,,,,,,,,,,11.75083135554548,69.32688,69.32688,639.6470289499999,0.14688539194431852,0.8665860000000001,0.8665860000000001,8.309744,0,,5.882352941176471,,,0,0,,,,,,,,,,,8.30397439642024,6.150679314681462,6.150679314681462,0.12281523383456859,,,63,,,,27710,,12000,0,0,,184,0,27710,17.6470588235294,,,,,,0,50.6191549,30.4412936,
18:24:40.921,,,,,,,,,,,,,,,,,,,55,,,,,,,,,,,,,,,,,,,,,,,,,,,,,,,,,,,,,,,,,,,,,,,,,,,,87,,,50.6191549,30.4412936,
18:24:41.017,,,,,,,,,,,,,,,32,,,,,,,,,,,,,,,,,,,,,,,,,,,,,,,,,,,,,,,,,,,,,,,,,,,,,,,,87,,,50.619153,30.4412944,
18:24:41.053,,,,,,,,,,,,,,,,,,-88.828125,,,,,,,,,,,,,,,,,,,,,,,,,,,,,,,,,,,,,,,,,,,,,,,,,,,,,,,,50.619153,30.4412944,
18:24:41.098,,,,,,,,,,,,,,,,-5568,-0.34375,,,,,,,,,,,,,,,,,,,,,,,,,,,,,,,,,,,,,,,,,,,,,,,,,,,,,,,,,50.619153,30.4412944,
18:24:41.217,,,,,,,,,354.68,59.5,,3.705,,,,,,,,,,,,,,,,,,,,,,,,,,,,,,,,,,,,,,,,,,,,,,,,,,,7.409,,,,,,,,,,,50.619153,30.4412944,
18:24:41.289,-10.199999999999818,,-10.049999999999955,,,,,,,,,,3.698,,,,,,,,,,,,,,,,,,,,,,,,,,,,,,,,,,,,,,,,,,,,,,,,,,7.403,,,,,,,,,,,50.619153,30.4412944,
18:24:41.325,,-9.649999999999864,,,,,,,,,,,,,,,,,,,,,,,,,,,,,,,,,,,,,,,,,,,,,,,,,,,,,,,,,,,,,,,,,,,,,,,,50.619153,30.4412944,
18:24:41.445,,,,,,,,,,,,,,,,,,,,,,,,,,,,,,,,,,0,,,,0,0,,-0.06876994920491875,1.768856512944444,14.089272999999999,14.089272999999999,6766.053152000001,0,0,,,,,17.216137930180217,,,,37,98,,0,,,,,184,0,,,,,,,0,,50.619153,30.4412944,
18:24:41.517,,,,,,,,,,,,,,,,,,,,0,5.882352941176471,98,,,,,,,,,,5.882352941176471,,,,,,,,1.5686274509803921,,,,,,,,,,,,,0,,,,,,,,,,,,0,,17.6470588235294,98,,,,,,50.619153,30.4412944,
18:24:41.589,,,,,,,,,,,,,,,,,,,,,,,11.75083135554548,69.32688,69.32688,639.6470289499999,0.14688539194431852,0.8665860000000001,0.8665860000000001,8.309744,0,,5.882352941176471,,,0,0,,,,,,,,,,,8.30397439642024,6.150679314681462,6.150679314681462,0.12281523383456859,,,63,,,,27730,,12000,0,0,,184,0,27730,17.6470588235294,,,,,,0,50.619153,30.4412944,
18:24:41.722,,,,,,,,,,,,,,,32,,,,,,,,,,,,,,,,,,,,,,,,,,,,,,,,,,,,,,,,,,,,,,,,,,,,,,,,87,,,50.619153,30.4412944,
18:24:41.757,,,,,,,,,,,,,,,,,,-33.65625,,,,,,,,,,,,,,,,,,,,,,,,,,,,,,,,,,,,,,,,,,,,,,,,,,,,,,,,50.619153,30.4412944,
18:24:41.806,,,,,,,,,,,,,,,,-2112,-0.140625,,,,,,,,,,,,,,,,,,,,,,,,,,,,,,,,,,,,,,,,,,,,,,,,,,,,,,,,,50.619153,30.4412944,
18:24:41.960,,,,,,31,30,31,,,,,,,,,,,,,,,,,,,,,,,,,,,,,,,,,,,,,,,,,,,,,,,,,,,,,,,,,,,,,,150,,,,50.6191531,30.4412943,
18:24:42.021,,,,,,,,,356.61,59.5,,3.707,,,,,,,,,,,,,,,,,,,,,,,,,,,,,,,,,,,,,,,,,,,,,,,,,,,7.405,,,,,,,,,,,50.6191531,30.4412943,
18:24:42.094,-7.349999999999909,,-7.449999999999818,,,,,,,,,,3.701,,,,,,,,,,,,,,,,,,,,,,,,,,,,,,,,,,,,,,,,,,,,,,,,,,7.408,,,,,,,,,,,50.6191531,30.4412943,
18:24:42.164,,-6.649999999999864,,,,,,,,,,,,,,,,,,,,,,,,,,,,,,,,,,,,,,,,,,,,,,,,,,,,,,,,,,,,,,,,,,,,,,,,50.6191531,30.4412943,
18:24:42.369,,,,,,,,,,,,,,,,,,,,,,,,,,,,,,,,,,0,0,,,0,0,,,1.7696267712777773,14.090043,14.090043,6766.053922000001,0,0,,,,,17.180701009245517,,,,37,98,,3,,,,,184,0,,,,,,,0,,50.6191531,30.4412943,
18:24:42.453,,,,,,,,,,,,,,,,,,,,0,5.882352941176471,98,,,,,,,,,,5.882352941176471,,,,,,,,0,,,,,,,,,,,,,0,,,,,,,,,,,,0,,17.6470588235294,98,,,,,,50.6191531,30.4412943,
18:24:42.526,,,,,,,,,,,,,,,,,,,,,,,11.75083135554548,69.32688,69.32688,639.6470289499999,0.14688539194431852,0.8665860000000001,0.8665860000000001,8.309744,0,,5.882352941176471,,,0,0,,,,,,,,,,,8.300359958854962,6.150343189158472,6.150343189158472,0.12281521985777635,,,63,,,,27760,,12000,0,0,,184,0,27760,17.6470588235294,,,,,,0,50.6191531,30.4412943,
18:24:42.669,,,,,,,,,,,,,,,32,,,,,,,,,,,,,,,,,,,,,,,,,,,,,,,,,,,,,,,,,,,,,,,,,,,,,,,,87,,,50.6191531,30.4412943,
18:24:42.706,,,,,,,,,,,,,,,,,,-19.921875,,,,,,,,,,,,,,,,,,,,,,,,,,,,,,,,,,,,,,,,,,,,,,,,,,,,,,,,50.6191531,30.4412943,
18:24:42.746,,,,,,,,,,,,,,,,-1472,-0.09375,,,,,,,,,,,,,,,,,,,,,,,,,,,,,,,,,,,,,,,,,,,,,,,,,,,,,,,,,50.6191531,30.4412943,
18:24:42.877,,,,,,,,,355,59.5,,3.71,,,,,,,,,,,,,,,,,,,,,,,,,,,,,,,,,,,,,,,,,,,,,,,,,,,7.411,,,,,,,,,,,50.6191531,30.4412943,
18:24:42.937,-6.25,,-6.2999999999999545,,,,,,,,,,3.702,,,,,,,,,,,,,,,,,,,,,,,,,,,,,,,,,,,,,,,,,,,,,,,,,,7.412,,,,,,,,,,,50.6191531,30.4412943,
18:24:42.986,,-6,,,,,,,,,,,,,,,,,,,,,,,,,,,,,,,,,,,,,,,,,,,,,,,,,,,,,,,,,,,,,,,,,,,,,,,,50.6191531,30.4412943,
18:24:43.082,,,,,,,,,,,,,,,,,,,,,,,,,,,,,,,,,,,,,,,,,,,,,,,,,,,,,,,84,,,,,,,,,184,,,,,,,,,,50.6191531,30.4412943,
18:24:43.154,,,,,,,,,,,,,,,,,,,,,,,,,,,,,,,,,,0,0,,,0,0,,0.02402623577469956,1.770280369444444,14.090696999999999,14.090696999999999,6766.054576000001,0,0,,,,,17.150769485437152,,,,37,98,,3,,,,,184,0,,,,,,,0,,50.6191531,30.4412943,
18:24:43.237,,,,,,,,,,,,,,,,,,,,0,5.882352941176471,98,,,,,,,,,,5.882352941176471,,,,,,,,0,,,,,,,,,,,,,0,,,,,,,,,,,,0,,17.6470588235294,98,,,,,,50.6191531,30.4412943,
18:24:43.310,,,,,,,,,,,,,,,,,,,,,,,11.75083135554548,69.32688,69.32688,639.6470289499999,0.14688539194431852,0.8665860000000001,0.8665860000000001,8.309744,0,,5.882352941176471,,,0,0,,,,,,,,,,,8.297295416003209,6.150057729578601,6.150057729578601,0.12281520798658126,,,63,,,,27780,,12000,0,0,,184,0,27780,17.6470588235294,,,,,,0,50.6191531,30.4412943,
18:24:43.454,,,,,,,,,,,,,,,32,,,,,,,,,,,,,,,,,,,,,,,,,,,,,,,,,,,,,,,,,,,,,,,,,,,,,,,,87,,,50.6191531,30.4412943,
18:24:43.489,,,,,,,,,,,,,,,,,,-26.296875,,,,,,,,,,,,,,,,,,,,,,,,,,,,,,,,,,,,,,,,,,,,,,,,,,,,,,,,50.6191531,30.4412943,
18:24:43.525,,,,,,,,,,,,,,,,-1632,-0.109375,,,,,,,,,,,,,,,,,,,,,,,,,,,,,,,,,,,,,,,,,,,,,,,,,,,,,,,,,50.6191531,30.4412943,
18:24:43.620,,,,,31,,,,,,86.6758781031239,,,86.6758781031239,,,,,,,,,,,,,,,,,,,,,,,,,,,,,,,,,,,,,,,,,,,,,,,,,,,,,,,127.5,150,,,,50.6191531,30.4412943,
18:24:43.670,,,,,,,,,354.84000000000003,59.5,,3.711,,,,,,,,,,,,,,,,,,,,,,,,,,,,,,,,,,,,,,,,,,,,,,,,,,,7.413,,,,,,,,,,,50.6191531,30.4412943,
18:24:43.729,-5.899999999999864,,-5.899999999999864,,,,,,,,,,3.702,,,,,,,,,,,,,,,,,,,,,,,,,,,,,,,,,,,,,,,,,,,,,,,,,,7.413,,,,,,,,,,,50.6191531,30.4412943,
18:24:43.801,,-5.599999999999909,,,,,,,,,,,,,,,,,,,,,,,,,,,,,,,,,,,,,,,,,,,,,,,,,,,,,,,,,,,,,,,,,,,,,,,,50.6191531,30.4412943,
18:24:44.041,,,,,,,,,,,,,,,,,,,,,,,,,,,,,,,,,,0,0,,,0,0,,,1.7707730052777773,14.09119,14.09119,6766.055069000001,0,0,,,,,17.114700236644385,,,,37,98,,2,,,,,184,0,,,,,,,0,,50.6191531,30.4412943,
18:24:44.105,,,,,,,,,,,,,,,,,,,,0,5.882352941176471,98,,,,,,,,,,5.882352941176471,,,,,,,,0,,,,,,,,,,,,,0,,,,,,,,,,,,0,,17.6470588235294,98,,,,,,50.6191531,30.4412943,
18:24:44.176,,,,,,,,,,,,,,,,,,,,,,,11.75083135554548,69.32688,69.32688,639.6470289499999,0.14688539194431852,0.8665860000000001,0.8665860000000001,8.309744,0,,5.882352941176471,,,0,0,,,,,,,,,,,8.294987076634191,6.149842561203136,6.149842561203136,0.12281519903780728,,,63,,,,27800,,12000,0,0,,184,0,27800,17.6470588235294,,,,,,0,50.6191531,30.4412943,
18:24:44.310,,,,,,,,,,,,,,,32,,,,,,,,,,,,,,,,,,,,,,,,,,,,,,,,,,,,,,,,,,,,,,,,,,,,,,,,87,,,50.6191531,30.4412943,
18:24:44.345,,,,,,,,,,,,,,,,,,-26.796875,,,,,,,,,,,,,,,,,,,,,,,,,,,,,,,,,,,,,,,,,,,,,,,,,,,,,,,,50.6191531,30.4412943,
18:24:44.381,,,,,,,,,,,,,,,,-1728,-0.109375,,,,,,,,,,,,,,,,,,,,,,,,,,,,,,,,,,,,,,,,,,,,,,,,,,,,,,,,,50.6191531,30.4412943,
18:24:44.501,,,,,,,,,354.52,59.5,,3.71,,,,,,,,,,,,,,,,,,,,,,,,,,,,,,,,,,,,,,,,,,,,,,,,,,,7.412,,,,,,,,,,,50.6191531,30.4412943,
18:24:44.549,-6,,-6.199999999999818,,,,,,,,,,3.701,,,,,,,,,,,,,,,,,,,,,,,,,,,,,,,,,,,,,,,,,,,,,,,,,,7.411,,,,,,,,,,,50.6191531,30.4412943,
18:24:44.598,,-5.7999999999999545,,,,,,,,,,,,,,,,,,,,,,,,,,,,,,,,,,,,,,,,,,,,,,,,,,,,,,,,,,,,,,,,,,,,,,,,50.6191531,30.4412943,
18:24:44.717,,,,,,,,,,,,,,,,,,,,,,,,,,,,,,,,,,0,0,,,0,0,,0.017313472448818954,1.7711490653333328,14.091566,14.091566,6766.055445000001,0,0,,,,,17.08728167848934,,,,37,98,,2,,,,,184,0,,,,,,,0,,50.6191531,30.4412943,
18:24:44.777,,,,,,,,,,,,,,,,,,,,0,5.882352941176471,98,,,,,,,,,,5.882352941176471,,,,,,,,0,,,,,,,,,,,,,0,,,,,,,,,,,,0,,17.6470588235294,98,,,,,,50.6191531,30.4412943,
18:24:44.849,,,,,,,,,,,,,,,,,,,,,,,11.75083135554548,69.32688,69.32688,639.6470289499999,0.14688539194431852,0.8665860000000001,0.8665860000000001,8.309744,0,,5.882352941176471,,,0,0,,,,,,,,,,,8.293225839614719,6.149678467247714,6.149678467247714,0.12281519221277974,,,63,,,,27820,,12000,0,0,,184,0,27820,17.6470588235294,,,,,,0,50.6191531,30.4412943,
18:24:45.016,,,,,,,,,,,,,,,32,,,,,,,,,,,,,,,,,,,,,,,,,,,,,,,,,,,,,,,,,,,,,,,,,,,,,,,,87,,,50.6191531,30.4412943,
18:24:45.078,,,,,,,,,,,,,,,,,,-26.15625,,,,,,,,,,,,,,,,,,,,,,,,,,,,,,,,,,,,,,,,,,,,,,,,,,,,,,,,50.6191531,30.4412943,
18:24:45.149,,,,,,,,,,,,,,,,-1696,-0.109375,,,,,,,,,,,,,,,,,,,,,,,,,,,,,,,,,,,,,,,,,,,,,,,,,,,,,,,,,50.6191531,30.4412943,
18:24:45.318,,,,,,,,,356.61,59.5,,3.709,,,,,,,,,,,,,,,,,,,,,,,,,,,,,,,,,,,,,,,,,,,,,,,,,,,7.41,,,,,,,,,,,50.6191531,30.4412943,
18:24:45.377,-6,,-5.949999999999818,,,,,,,,,,3.703,,,,,,,,,,,,,,,,,,,,,,,,,,,,,,,,,,,,,,,,,,,,,,,,,,7.412,,,,,,,,,,,50.6191531,30.4412943,
18:24:45.449,,-5.7999999999999545,,,,,,,,,,,,,,,,,,,,,,,,,,,,,,,,,,,,,,,,,,,,,,,,,,,,,,,,,,,,,,,,,,,,,,,,50.6191531,30.4412943,
18:24:45.618,,,,,,,,,,,,,,,,,,,,,,,,,,,,,,,,,,0,0,,,0,0,,-0.008719102580664963,1.7716495121666662,14.092065999999999,14.092065999999999,6766.055945000001,0,0,,,,,17.0509479749043,,,,37,98,,2,,,,,184,0,,,,,,,0,,50.6191531,30.4412943,
18:24:45.801,,,,,,,,,,,,,,,,,,,,0,5.882352941176471,98,,,,,,,,,,5.882352941176471,,,,,,,,0,,,,,,,,,,,,,0,,,,,,,,,,,,0,,17.6470588235294,98,,,,,,50.6191531,30.4412943,
18:24:45.909,,,,,,,,,,,,,,,,,,,,,,,11.75083135554548,69.32688,69.32688,639.6470289499999,0.14688539194431852,0.8665860000000001,0.8665860000000001,8.309744,0,,5.882352941176471,,,0,0,,,,,,,,,,,8.290883210002567,6.149460270765125,6.149460270765125,0.12281518313694641,,,63,,,,27840,,12000,0,0,,184,0,27840,17.6470588235294,,,,,,0,50.6191531,30.4412943,
18:24:46.029,,,,,,,,,,,,,,,32,,,,,,,,,,,,,,,,,,,,,,,,,,,,,,,,,,,,,,,,,,,,,,,,,,,,,,,,87,,,50.6191531,30.4412943,
18:24:46.065,,,,,,,,,,,,,,,,,,-26,,,,,,,,,,,,,,,,,,,,,,,,,,,,,,,,,,,,,,,,,,,,,,,,,,,,,,,,50.6191531,30.4412943,
18:24:46.114,,,,,,,,,,,,,,,,-1632,-0.109375,,,,,,,,,,,,,,,,,,,,,,,,,,,,,,,,,,,,,,,,,,,,,,,,,,,,,,,,,50.6191531,30.4412943,
18:24:46.245,,,,,,,,,354.52,59.5,,3.707,,,,,,,,,,,,,,,,,,,,,,,,,,,,,,,,,,,,,,,,,,,,,,,,,,,7.41,,,,,,,,,,,50.6191531,30.4412943,
18:24:46.318,-5.899999999999864,,-6.099999999999909,,,,,,,,,,3.7,,,,,,,,,,,,,,,,,,,,,,,,,,,,,,,,,,,,,,,,,,,,,,,,,,7.407,,,,,,,,,,,50.6191531,30.4412943,
18:24:46.352,,-5.7999999999999545,,,,,,,,,,,,,,,,,,,,,,,,,,,,,,,,,,,,,,,,,,,,,,,,,,,,,,,,,,,,,,,,,,,,,,,,50.6191531,30.4412943,
18:24:46.486,,,,,,,,,,,,,,,,,,,,,,,,,,,,,,,,,,0,0,,,0,0,,-0.008500782437839189,1.7721315277222218,14.092547999999999,14.092547999999999,6766.056427000001,0,0,,,,,17.016117496752432,,,,37,98,,2,,,,,184,0,,,,,,,0,,50.6191531,30.4412943,
18:24:46.549,,,,,,,,,,,,,,,,,,,,0,5.882352941176471,98,,,,,,,,,,5.882352941176471,,,,,,,,0,,,,,,,,,,,,,0,,,,,,,,,,,,0,,17.6470588235294,98,,,,,,50.6191531,30.4412943,
18:24:46.609,,,,,,,,,,,,,,,,,,,,,,,11.75083135554548,69.32688,69.32688,639.6470289499999,0.14688539194431852,0.8665860000000001,0.8665860000000001,8.309744,0,,5.882352941176471,,,0,0,,,,,,,,,,,8.288628109512564,6.149249944012964,6.149249944012964,0.12281517438784433,,,63,,,,27860,,12000,0,0,,184,0,27860,17.6470588235294,,,,,,0,50.6191531,30.4412943,
18:24:46.758,,,,,,,,,,,,,,,32,,,,,,,,,,,,,,,,,,,,,,,,,,,,,,,,,,,,,,,,,,,,,,,,,,,,,,,,87,,,50.6191531,30.4412943,
18:24:46.792,,,,,,,,,,,,,,,,,,-26.03125,,,,,,,,,,,,,,,,,,,,,,,,,,,,,,,,,,,,,,,,,,,,,,,,,,,,,,,,50.6191531,30.4412943,
18:24:46.829,,,,,,,,,,,,,,,,-1632,-0.109375,,,,,,,,,,,,,,,,,,,,,,,,,,,,,,,,,,,,,,,,,,,,,,,,,,,,,,,,,50.6191531,30.4412943,
18:24:46.934,,,,,,,,,357.09000000000003,59.5,,3.71,,,,,,,,,,,,,,,,,,,,,,,,,,,,,,,,,,,,,,,,,,,,,,,,,,,7.41,,,,,,,,,,,50.6191531,30.4412943,
18:24:47.005,-6.0499999999999545,,-5.899999999999864,,,,,,,,,,3.701,,,,,,,,,,,,,,,,,,,,,,,,,,,,,,,,,,,,,,,,,,,,,,,,,,7.411,,,,,,,,,,,50.6191531,30.4412943,
18:24:47.054,,-5.599999999999909,,,,,,,,,,,,,,,,,,,,,,,,,,,,,,,,,,,,,,,,,,,,,,,,,,,,,,,,,,,,,,,,,,,,,,,,50.6191531,30.4412943,
18:24:47.148,,,,,,,,,,,,,,,,,,,,,,,,,,,,,,,,,,,,,,,,,,,,,,,,,,,,,,,84,,,,,,,,,184,,,,,,,,,,50.6191531,30.4412943,
18:24:47.210,,,,,,,,,,,,,,,,,,,,,,,,,,,,,,,,,,0.01,0,,,0,0,,0,1.772533996944444,14.09295,14.09295,6766.056829000001,0,0,,,,,16.987158300976393,,,,37,98,,2,,,,,184,0.01,,,,,,,0.012,,50.6191531,30.4412943,
18:24:47.274,,,,,,,,,,,,,,,,,,,,0,5.882352941176471,98,,,,,,,,,,5.882352941176471,,,,,,,,0,,,,,,,,,,,,,0,,,,,,,,,,,,0.01,,17.6470588235294,98,,,,,,50.6191531,30.4412943,
18:24:47.346,,,,,,,,,,,,,,,,,,,,,,,11.75083135554548,69.32688,69.32688,639.6470289499999,0.14688539194431852,0.8665860000000001,0.8665860000000001,8.309744,0,,5.882352941176471,,,0,0,,,,,,,,,,,8.286746104589513,6.149074537268635,6.149074537268635,0.12281516709087634,,,63,,,,27880,,12000,0,0,,184,0.01,27880,17.6470588235294,,,,,,0,50.6191531,30.4412943,
18:24:47.418,,,,,,,,,,,,,,,,,,,54,,,,,,,,,,,,,,,,,,,,,,,,,,,,,,,,,,,,,,,,,,,,,,,,,,,,86,,,50.6191531,30.4412943,
18:24:47.525,,,,,,,,,,,,,,,32,,,,,,,,,,,,,,,,,,,,,,,,,,,,,,,,,,,,,,,,,,,,,,,,,,,,,,,,86,,,50.6191531,30.4412943,
18:24:47.561,,,,,,,,,,,,,,,,,,-26.921875,,,,,,,,,,,,,,,,,,,,,,,,,,,,,,,,,,,,,,,,,,,,,,,,,,,,,,,,50.6191531,30.4412943,
18:24:47.609,,,,,,,,,,,,,,,,-1696,-0.109375,,,,,,,,,,,,,,,,,,,,,,,,,,,,,,,,,,,,,,,,,,,,,,,,,,,,,,,,,50.6191531,30.4412943,
18:24:47.837,,,,,,,,,354.52,59.5,,3.708,,,,,,,,,,,,,,,,,,,,,,,,,,,,,,,,,,,,,,,,,,,,,,,,,,,7.409,,,,,,,,,,,50.6191531,30.4412943,
18:24:47.909,-6.0499999999999545,,-6.0499999999999545,,,,,,,,,,3.701,,,,,,,,,,,,,,,,,,,,,,,,,,,,,,,,,,,,,,,,,,,,,,,,,,7.409,,,,,,,,,,,50.6191531,30.4412943,
18:24:47.946,,-5.7999999999999545,,,,,,,,,,,,,,,,,,,,,,,,,,,,,,,,,,,,,,,,,,,,,,,,,,,,,,,,,,,,,,,,,,,,,,,,50.6191531,30.4412943,
18:24:48.053,,,,,,,,,,,,,,,,,,,,,,,,,,,,,,,,,,0.05,0,,,0,0,,0,1.7730023017777774,14.093418,14.093418,6766.057297000001,0,0,,,,,16.953602266654897,,,,37,98,,2,,,,,184,0.05,,,,,,,0.06,,50.6191531,30.4412943,
18:24:48.125,,,,,,,,,,,,,,,,,,,,0,5.882352941176471,98,,,,,,,,,,5.882352941176471,,,,,,,,0,,,,,,,,,,,,,0,,,,,,,,,,,,0.05,,17.6470588235294,98,,,,,,50.6191531,30.4412943,
18:24:48.222,,,,,,,,,,,,,,,,,,,,,,,11.75083135554548,69.32688,69.32688,639.6470289499999,0.14688539194431852,0.8665860000000001,0.8665860000000001,8.309744,0,,5.882352941176471,,,0,0,,,,,,,,,,,8.284557318230073,6.148870345007862,6.148870345007862,0.12281515859589977,,,63,,,,27900,,12000,0,0,,184,0.05,27900,17.6470588235294,,,,,,0,50.6191531,30.4412943,
18:24:48.377,,,,,,,,,,,,,,,32,,,,,,,,,,,,,,,,,,,,,,,,,,,,,,,,,,,,,,,,,,,,,,,,,,,,,,,,86,,,50.6191531,30.4412943,
18:24:48.426,,,,,,,,,,,,,,,,,,-29.953125,,,,,,,,,,,,,,,,,,,,,,,,,,,,,,,,,,,,,,,,,,,,,,,,,,,,,,,,50.6191531,30.4412943,
18:24:48.461,,,,,,,,,,,,,,,,-1888,-0.125,,,,,,,,,,,,,,,,,,,,,,,,,,,,,,,,,,,,,,,,,,,,,,,,,,,,,,,,,50.6191531,30.4412943,
18:24:48.569,,,,27,,,,,,,,,,,,,,,,,,,,,,,,,,,,,,,,,,,,,,,,,,,,,,,,,,,,,,,,,,,,,,,,,,150,,,,50.6191531,30.4412943,
18:24:48.677,,,,,,,,,354.52,59.5,,3.71,,,,,,,,,,,,,,,,,,,,,,,,,,,,,,,,,,,,,,,,,,,,,,,,,,,7.411,,,,,,,,,,,50.6191531,30.4412943,
18:24:48.741,-5.899999999999864,,-5.75,,,,,,,,,,3.701,,,,,,,,,,,,,,,,,,,,,,,,,,,,,,,,,,,,,,,,,,,,,,,,,,7.411,,,,,,,,,,,50.6191531,30.4412943,
18:24:48.777,,-5.599999999999909,,,,,,,,,,,,,,,,,,,,,,,,,,,,,,,,,,,,,,,,,,,,,,,,,,,,,,,,,,,,,,,,,,,,,,,,50.6191531,30.4412943,
18:24:48.897,,,,,,,,,,,,,,,,,,,,,,,,,,,,,,,,,,0,,,,0,0,,-0.017279072941690544,1.7730023017777774,14.093418,14.093418,6766.057297000001,0,0,,,,,16.91568412390961,,,,37,98,,0,,,,,184,0,,,,,,,0,,50.6191531,30.4412943,
18:24:48.970,,,,,,,,,,,,,,,,,,,,0,5.882352941176471,98,,,,,,,,,,5.882352941176471,,,,,,,,0,,,,,,,,,,,,,0,,,,,,,,,,,,0,,17.6470588235294,98,,,,,,50.6191531,30.4412943,
18:24:49.069,,,,,,,,,,,,,,,,,,,,,,,11.75083135554548,69.32688,69.32688,639.6470289499999,0.14688539194431852,0.8665860000000001,0.8665860000000001,8.309744,0,,5.882352941176471,,,0,0,,,,,,,,,,,8.284557318230073,6.148870345007862,6.148870345007862,0.12281515859589977,,,63,,,,27930,,12000,0,0,,184,0,27930,17.6470588235294,,,,,,0,50.6191531,30.4412943,
18:24:49.249,,,,,,,,,,,,,,,32,,,,,,,,,,,,,,,,,,,,,,,,,,,,,,,,,,,,,,,,,,,,,,,,,,,,,,,,86,,,50.6191531,30.4412943,
18:24:49.321,,,,,,,,,,,,,,,,,,-34.109375,,,,,,,,,,,,,,,,,,,,,,,,,,,,,,,,,,,,,,,,,,,,,,,,,,,,,,,,50.6191531,30.4412943,
18:24:49.406,,,,,,,,,,,,,,,,-2240,-0.140625,,,,,,,,,,,,,,,,,,,,,,,,,,,,,,,,,,,,,,,,,,,,,,,,,,,,,,,,,50.6191531,30.4412943,
18:24:49.621,,,,,,,,,356.29,59.5,,3.707,,,,,,,,,,,,,,,,,,,,,,,,,,,,,,,,,,,,,,,,,,,,,,,,,,,7.408,,,,,,,,,,,50.6191531,30.4412943,
18:24:49.682,-6,,-6.0499999999999545,,,,,,,,,,3.7,,,,,,,,,,,,,,,,,,,,,,,,,,,,,,,,,,,,,,,,,,,,,,,,,,7.407,,,,,,,,,,,50.6191531,30.4412943,
18:24:49.716,,-5.7999999999999545,,,,,,,,,,,,,,,,,,,,,,,,,,,,,,,,,,,,,,,,,,,,,,,,,,,,,,,,,,,,,,,,,,,,,,,,50.6191531,30.4412943,
18:24:49.838,,,,,,,,,,,,,,,,,,,,,,,,,,,,,,,,,,0,,,,0,0,,-0.0168986046213253,1.7730023017777774,14.093418,14.093418,6766.057297000001,0,0,,,,,16.87361218226056,,,,37,98,,0,,,,,184,0,,,,,,,0,,50.6191531,30.4412943,
18:24:49.901,,,,,,,,,,,,,,,,,,,,0,5.882352941176471,98,,,,,,,,,,5.882352941176471,,,,,,,,0,,,,,,,,,,,,,0,,,,,,,,,,,,0,,17.6470588235294,98,,,,,,50.6191531,30.4412943,
18:24:49.973,,,,,,,,,,,,,,,,,,,,,,,11.75083135554548,69.32688,69.32688,639.6470289499999,0.14688539194431852,0.8665860000000001,0.8665860000000001,8.309744,0,,5.882352941176471,,,0,0,,,,,,,,,,,8.284557318230073,6.148870345007862,6.148870345007862,0.12281515859589977,,,63,,,,27950,,12000,0,0,,184,0,27950,17.6470588235294,,,,,,0,50.6191531,30.4412943,
18:24:50.106,,,,,,,,,,,,,,,32,,,,,,,,,,,,,,,,,,,,,,,,,,,,,,,,,,,,,,,,,,,,,,,,,,,,,,,,86,,,50.6191531,30.4412943,
18:24:50.153,,,,,,,,,,,,,,,,,,-30.59375,,,,,,,,,,,,,,,,,,,,,,,,,,,,,,,,,,,,,,,,,,,,,,,,,,,,,,,,50.6191531,30.4412943,
18:24:50.202,,,,,,,,,,,,,,,,-1888,-0.125,,,,,,,,,,,,,,,,,,,,,,,,,,,,,,,,,,,,,,,,,,,,,,,,,,,,,,,,,50.6191531,30.4412943,
18:24:50.345,,,,,,31,30,31,,,,,,,,,,,,,,,,,,,,,,,,,,,,,,,,,,,,,,,,,,,,,,,,,,,,,,,,,,,,,,150,,,,50.6191531,30.4412943,
18:24:50.418,,,,,31,,,,,,86.6758781031239,,,86.6758781031239,,,,,,,,,,,,,,,,,,,,,,,,,,,,,,,,,,,,,,,,,,,,,,,,,,,,,,,127.5,150,,,,50.6191531,30.4412943,
18:24:50.478,,,,,,,,,354.84000000000003,59.5,,3.707,,,,,,,,,,,,,,,,,,,,,,,,,,,,,,,,,,,,,,,,,,,,,,,,,,,7.407,,,,,,,,,,,50.6191531,30.4412943,
18:24:50.538,-6.449999999999818,,-6.5,,,,,,,,,,3.7,,,,,,,,,,,,,,,,,,,,,,,,,,,,,,,,,,,,,,,,,,,,,,,,,,7.407,,,,,,,,,,,50.6191531,30.4412943,
18:24:50.572,,-6.199999999999818,,,,,,,,,,,,,,,,,,,,,,,,,,,,,,,,,,,,,,,,,,,,,,,,,,,,,,,,,,,,,,,,,,,,,,,,50.6191531,30.4412943,
18:24:50.716,,,,,,,,,,,,,,,,,,,,,,,,,,,,,,,,,,0.02,,,,0,0,,-0.01615734727813235,1.7730023017777774,14.093418,14.093418,6766.057297000001,0,0,,,,,16.834520527791398,,,,37,98,,0,,,,,184,0.02,,,,,,,0.024,,50.6191531,30.4412943,
18:24:50.777,,,,,,,,,,,,,,,,,,,,0,5.882352941176471,98,,,,,,,,,,5.882352941176471,,,,,,,,0,,,,,,,,,,,,,0,,,,,,,,,,,,0.02,,17.6470588235294,98,,,,,,50.6191531,30.4412943,
18:24:50.850,,,,,,,,,,,,,,,,,,,,,,,11.75083135554548,69.32688,69.32688,639.6470289499999,0.14688539194431852,0.8665860000000001,0.8665860000000001,8.309744,0,,5.882352941176471,,,0,0,,,,,,,,,,,8.284557318230073,6.148870345007862,6.148870345007862,0.12281515859589977,,,63,,,,27970,,12000,0,0,,184,0.02,27970,17.6470588235294,,,,,,0,50.6191531,30.4412943,
18:24:50.982,,,,,,,,,,,,,,,32,,,,,,,,,,,,,,,,,,,,,,,,,,,,,,,,,,,,,,,,,,,,,,,,,,,,,,,,86,,,50.6191531,30.4412943,
18:24:51.030,,,,,,,,,,,,,,,,,,-29.484375,,,,,,,,,,,,,,,,,,,,,,,,,,,,,,,,,,,,,,,,,,,,,,,,,,,,,,,,50.6191531,30.4412943,
18:24:51.065,,,,,,,,,,,,,,,,-1888,-0.125,,,,,,,,,,,,,,,,,,,,,,,,,,,,,,,,,,,,,,,,,,,,,,,,,,,,,,,,,50.6191531,30.4412943,
18:24:51.198,,,,,,,,,355.32,59.5,,3.706,,,,,,,,,,,,,,,,,,,,,,,,,,,,,,,,,,,,,,,,,,,,,,,,,,,7.406,,,,,,,,,,,50.6191531,30.4412943,
18:24:51.269,-6,,-5.899999999999864,,,,,,,,,,3.701,,,,,,,,,,,,,,,,,,,,,,,,,,,,,,,,,,,,,,,,,,,,,,,,,,7.407,,,,,,,,,,,50.6191531,30.4412943,
18:24:51.306,,-5.599999999999909,,,,,,,,,,,,,,,,,,,,,,,,,,,,,,,,,,,,,,,,,,,,,,,,,,,,,,,,,,,,,,,,,,,,,,,,50.6191531,30.4412943,
18:24:51.676,,,,,,,,,,,,,,,,,,,,,,,,,,,,,,,,,,,,,,,,,,,,,,,,,,,,,,,84,,,,,,,,,184,,,,,,,,,,50.6191531,30.4412943,
18:24:51.774,,,,,,,,,,,,,,,,,,,,,,,,,,,,,,,,,,0.05,,,,0,0,,-0.015224430121822265,1.7730023017777774,14.093418,14.093418,6766.057297000001,0,0,,,,,16.787675129001183,,,,37,98,,0,,,,,184,0.05,,,,,,,0.06,,50.6191531,30.4412943,
18:24:51.885,,,,,,,,,,,,,,,,,,,,0,5.882352941176471,98,,,,,,,,,,5.882352941176471,,,,,,,,0,,,,,,,,,,,,,0,,,,,,,,,,,,0.05,,17.6470588235294,98,,,,,,50.6191531,30.4412943,
18:24:51.957,,,,,,,,,,,,,,,,,,,,,,,11.75083135554548,69.32688,69.32688,639.6470289499999,0.14688539194431852,0.8665860000000001,0.8665860000000001,8.309744,0,,5.882352941176471,,,0,0,,,,,,,,,,,8.284557318230073,6.148870345007862,6.148870345007862,0.12281515859589977,,,63,,,,28000,,12000,0,0,,184,0.05,28000,17.6470588235294,,,,,,0,50.6191531,30.4412943,
18:24:52.173,,,,,,,,,,,,,,,32,,,,,,,,,,,,,,,,,,,,,,,,,,,,,,,,,,,,,,,,,,,,,,,,,,,,,,,,86,,,50.6191531,30.4412943,
18:24:52.209,,,,,,,,,,,,,,,,,,-29.90625,,,,,,,,,,,,,,,,,,,,,,,,,,,,,,,,,,,,,,,,,,,,,,,,,,,,,,,,50.6191531,30.4412943,
18:24:52.262,,,,,,,,,,,,,,,,-2080,-0.140625,,,,,,,,,,,,,,,,,,,,,,,,,,,,,,,,,,,,,,,,,,,,,,,,,,,,,,,,,50.6191531,30.4412943,
18:24:52.394,,,,,,,,,356.45,59.5,,3.704,,,,,,,,,,,,,,,,,,,,,,,,,,,,,,,,,,,,,,,,,,,,,,,,,,,7.405,,,,,,,,,,,50.6191531,30.4412943,
18:24:52.466,-7.0499999999999545,,-7.199999999999818,,,,,,,,,,3.7,,,,,,,,,,,,,,,,,,,,,,,,,,,,,,,,,,,,,,,,,,,,,,,,,,7.404,,,,,,,,,,,50.6191531,30.4412943,
18:24:52.501,,-6.649999999999864,,,,,,,,,,,,,,,,,,,,,,,,,,,,,,,,,,,,,,,,,,,,,,,,,,,,,,,,,,,,,,,,,,,,,,,,50.6191531,30.4412943,
18:24:52.622,,,,,,,,,,,,,,,,,,,,,,,,,,,,,,,,,,0,,,,0,0,,0,1.7730023017777774,14.093418,14.093418,6766.057297000001,0,0,,,,,16.750313630701203,,,,37,98,,0,,,,,184,0,,,,,,,0,,50.6191531,30.4412943,
18:24:52.685,,,,,,,,,,,,,,,,,,,,0,5.882352941176471,98,,,,,,,,,,5.882352941176471,,,,,,,,0,,,,,,,,,,,,,0,,,,,,,,,,,,0,,17.6470588235294,98,,,,,,50.6191531,30.4412943,
18:24:52.782,,,,,,,,,,,,,,,,,,,,,,,11.75083135554548,69.32688,69.32688,639.6470289499999,0.14688539194431852,0.8665860000000001,0.8665860000000001,8.309744,0,,5.882352941176471,,,0,0,,,,,,,,,,,8.284557318230073,6.148870345007862,6.148870345007862,0.12281515859589977,,,63,,,,28020,,12000,0,0,,184,0,28020,17.6470588235294,,,,,,0,50.6191531,30.4412943,
18:24:52.890,,,,,,,,,,,,,,,32,,,,,,,,,,,,,,,,,,,,,,,,,,,,,,,,,,,,,,,,,,,,,,,,,,,,,,,,86,,,50.6191531,30.4412943,
18:24:52.924,,,,,,,,,,,,,,,,,,-32.890625,,,,,,,,,,,,,,,,,,,,,,,,,,,,,,,,,,,,,,,,,,,,,,,,,,,,,,,,50.6191531,30.4412943,
18:24:52.961,,,,,,,,,,,,,,,,-1952,-0.125,,,,,,,,,,,,,,,,,,,,,,,,,,,,,,,,,,,,,,,,,,,,,,,,,,,,,,,,,50.6191531,30.4412943,
18:24:53.094,,,,,,,,,355,59.5,,3.707,,,,,,,,,,,,,,,,,,,,,,,,,,,,,,,,,,,,,,,,,,,,,,,,,,,7.407,,,,,,,,,,,50.6191531,30.4412943,
18:24:53.177,-6.75,,-6.75,,,,,,,,,,3.699,,,,,,,,,,,,,,,,,,,,,,,,,,,,,,,,,,,,,,,,,,,,,,,,,,7.406,,,,,,,,,,,50.6191531,30.4412943,
18:24:53.261,,-6.449999999999818,,,,,,,,,,,,,,,,,,,,,,,,,,,,,,,,,,,,,,,,,,,,,,,,,,,,,,,,,,,,,,,,,,,,,,,,50.6191531,30.4412943,
18:24:53.454,,,,,,,,,,,,,,,,,,,,,,,,,,,,,,,,,,0.08,,,,0,0,,0,1.7730023017777774,14.093418,14.093418,6766.057297000001,0,0,,,,,16.713731714516683,,,,37,98,,0,,,,,184,0.08,,,,,,,0.096,,50.6191531,30.4412943,
18:24:53.517,,,,,,,,,,,,,,,,,,,,0,5.882352941176471,98,,,,,,,,,,5.882352941176471,,,,,,,,0,,,,,,,,,,,,,0,,,,,,,,,,,,0.08,,17.6470588235294,98,,,,,,50.6191531,30.4412943,
18:24:53.590,,,,,,,,,,,,,,,,,,,,,,,11.75083135554548,69.32688,69.32688,639.6470289499999,0.14688539194431852,0.8665860000000001,0.8665860000000001,8.309744,0,,5.882352941176471,,,0,0,,,,,,,,,,,8.284557318230073,6.148870345007862,6.148870345007862,0.12281515859589977,,,63,,,,28040,,12000,0,0,,184,0.08,28040,17.6470588235294,,,,,,0,50.6191531,30.4412943,
18:24:53.697,,,,,,,,,,,,,,,32,,,,,,,,,,,,,,,,,,,,,,,,,,,,,,,,,,,,,,,,,,,,,,,,,,,,,,,,86,,,50.6191531,30.4412943,
18:24:53.734,,,,,,,,,,,,,,,,,,-35.453125,,,,,,,,,,,,,,,,,,,,,,,,,,,,,,,,,,,,,,,,,,,,,,,,,,,,,,,,50.6191531,30.4412943,
18:24:53.774,,,,,,,,,,,,,,,,-2304,-0.140625,,,,,,,,,,,,,,,,,,,,,,,,,,,,,,,,,,,,,,,,,,,,,,,,,,,,,,,,,50.6191531,30.4412943,
18:24:53.882,,,,,,,,,355,59.5,,3.707,,,,,,,,,,,,,,,,,,,,,,,,,,,,,,,,,,,,,,,,,,,,,,,,,,,7.406,,,,,,,,,,,50.6191531,30.4412943,
18:24:53.930,-5.899999999999864,,-5.849999999999909,,,,,,,,,,3.699,,,,,,,,,,,,,,,,,,,,,,,,,,,,,,,,,,,,,,,,,,,,,,,,,,7.406,,,,,,,,,,,50.6191531,30.4412943,
18:24:53.978,,-5.349999999999909,,,,,,,,,,,,,,,,,,,,,,,,,,,,,,,,,,,,,,,,,,,,,,,,,,,,,,,,,,,,,,,,,,,,,,,,50.6191531,30.4412943,
18:24:54.097,,,,,,,,,,,,,,,,,,,,,,,,,,,,,,,,,,0,,,,0,0,,0,1.7730023017777774,14.093418,14.093418,6766.057297000001,0,0,,,,,16.685760283792863,,,,37,98,,0,,,,,184,0,,,,,,,0,,50.6191531,30.4412943,
18:24:54.157,,,,,,,,,,,,,,,,,,,,0,5.882352941176471,98,,,,,,,,,,5.882352941176471,,,,,,,,0,,,,,,,,,,,,,0,,,,,,,,,,,,0,,17.6470588235294,98,,,,,,50.6191531,30.4412943,
18:24:54.229,,,,,,,,,,,,,,,,,,,,,,,11.75083135554548,69.32688,69.32688,639.6470289499999,0.14688539194431852,0.8665860000000001,0.8665860000000001,8.309744,0,,5.882352941176471,,,0,0,,,,,,,,,,,8.284557318230073,6.148870345007862,6.148870345007862,0.12281515859589977,,,63,,,,28060,,12000,0,0,,184,0,28060,17.6470588235294,,,,,,0,50.6191531,30.4412943,
18:24:54.302,,,,,,,,,,,,,,,,,,,54,,,,,,,,,,,,,,,,,,,,,,,,,,,,,,,,,,,,,,,,,,,,,,,,,,,,86,,,50.6191531,30.4412943,
18:24:54.408,,,,,,,,,,,,,,,32,,,,,,,,,,,,,,,,,,,,,,,,,,,,,,,,,,,,,,,,,,,,,,,,,,,,,,,,86,,,50.6191531,30.4412943,
18:24:54.457,,,,,,,,,,,,,,,,,,-35.765625,,,,,,,,,,,,,,,,,,,,,,,,,,,,,,,,,,,,,,,,,,,,,,,,,,,,,,,,50.6191531,30.4412943,
18:24:54.494,,,,,,,,,,,,,,,,-2304,-0.140625,,,,,,,,,,,,,,,,,,,,,,,,,,,,,,,,,,,,,,,,,,,,,,,,,,,,,,,,,50.6191531,30.4412943,
18:24:54.617,,,,,,,,,355.48,59,,3.706,,,,,,,,,,,,,,,,,,,,,,,,,,,,,,,,,,,,,,,,,,,,,,,,,,,7.405,,,,,,,,,,,50.6191531,30.4412943,
18:24:54.678,-5.7999999999999545,,-5.849999999999909,,,,,,,,,,3.698,,,,,,,,,,,,,,,,,,,,,,,,,,,,,,,,,,,,,,,,,,,,,,,,,,7.404,,,,,,,,,,,50.6191531,30.4412943,
18:24:54.713,,-5.599999999999909,,,,,,,,,,,,,,,,,,,,,,,,,,,,,,,,,,,,,,,,,,,,,,,,,,,,,,,,,,,,,,,,,,,,,,,,50.6191531,30.4412943,
18:24:54.826,,,,,,,,,,,,,,,,,,,,,,,,,,,,,,,,,,0.02,,,,0,0,,0,1.7730023017777774,14.093418,14.093418,6766.057297000001,0,0,,,,,16.65401101603578,,,,37,98,,0,,,,,184,0.02,,,,,,,0.024,,50.6191531,30.4412943,
18:24:54.885,,,,,,,,,,,,,,,,,,,,0,5.882352941176471,98,,,,,,,,,,5.882352941176471,,,,,,,,0,,,,,,,,,,,,,0,,,,,,,,,,,,0.02,,17.6470588235294,98,,,,,,50.6191531,30.4412943,
18:24:54.982,,,,,,,,,,,,,,,,,,,,,,,11.75083135554548,69.32688,69.32688,639.6470289499999,0.14688539194431852,0.8665860000000001,0.8665860000000001,8.309744,0,,5.882352941176471,,,0,0,,,,,,,,,,,8.284557318230073,6.148870345007862,6.148870345007862,0.12281515859589977,,,63,,,,28080,,12000,0,0,,184,0.02,28080,17.6470588235294,,,,,,0,50.6191531,30.4412943,
18:24:55.148,,,,,,,,,,,,,,,32,,,,,,,,,,,,,,,,,,,,,,,,,,,,,,,,,,,,,,,,,,,,,,,,,,,,,,,,86,,,50.6191531,30.4412943,
18:24:55.209,,,,,,,,,,,,,,,,,,-38.5,,,,,,,,,,,,,,,,,,,,,,,,,,,,,,,,,,,,,,,,,,,,,,,,,,,,,,,,50.6191531,30.4412943,
18:24:55.257,,,,,,,,,,,,,,,,-2624,-0.171875,,,,,,,,,,,,,,,,,,,,,,,,,,,,,,,,,,,,,,,,,,,,,,,,,,,,,,,,,50.6191531,30.4412943,
18:24:55.438,,,,,,,,,354.36,59,,3.705,,,,,,,,,,,,,,,,,,,,,,,,,,,,,,,,,,,,,,,,,,,,,,,,,,,7.403,,,,,,,,,,,50.6191531,30.4412943,
18:24:55.497,-5.699999999999818,,-5.649999999999864,,,,,,,,,,3.699,,,,,,,,,,,,,,,,,,,,,,,,,,,,,,,,,,,,,,,,,,,,,,,,,,7.404,,,,,,,,,,,50.6191531,30.4412943,
18:24:55.533,,-5.349999999999909,,,,,,,,,,,,,,,,,,,,,,,,,,,,,,,,,,,,,,,,,,,,,,,,,,,,,,,,,,,,,,,,,,,,,,,,50.6191531,30.4412943,
18:24:55.628,,,,,,,,,,,,,,,,,,,,,,,,,,,,,,,,,,,,,,,,,,,,,,,,,,,,,,,84,,,,,,,,,184,,,,,,,,,,50.6191531,30.4412943,
18:24:55.690,,,,,,,,,,,,,,,,,,,,,,,,,,,,,,,,,,0,,,,0,0,,0,1.7730023017777774,14.093418,14.093418,6766.057297000001,0,0,,,,,16.61655982047476,,,,37,98,,0,,,,,184,0,,,,,,,0,,50.6191531,30.4412943,
18:24:55.748,,,,,,,,,,,,,,,,,,,,0,5.882352941176471,98,,,,,,,,,,5.882352941176471,,,,,,,,0,,,,,,,,,,,,,0,,,,,,,,,,,,0,,17.6470588235294,98,,,,,,50.6191531,30.4412943,
18:24:55.821,,,,,,,,,,,,,,,,,,,,,,,11.75083135554548,69.32688,69.32688,639.6470289499999,0.14688539194431852,0.8665860000000001,0.8665860000000001,8.309744,0,,5.882352941176471,,,0,0,,,,,,,,,,,8.284557318230073,6.148870345007862,6.148870345007862,0.12281515859589977,,,63,,,,28100,,12000,0,0,,184,0,28100,17.6470588235294,,,,,,0,50.6191531,30.4412943,
18:24:55.977,,,,,,,,,,,,,,,32,,,,,,,,,,,,,,,,,,,,,,,,,,,,,,,,,,,,,,,,,,,,,,,,,,,,,,,,86,,,50.6191531,30.4412943,
18:24:56.014,,,,,,,,,,,,,,,,,,-38.84375,,,,,,,,,,,,,,,,,,,,,,,,,,,,,,,,,,,,,,,,,,,,,,,,,,,,,,,,50.6191531,30.4412943,
18:24:56.054,,,,,,,,,,,,,,,,-2624,-0.171875,,,,,,,,,,,,,,,,,,,,,,,,,,,,,,,,,,,,,,,,,,,,,,,,,,,,,,,,,50.6191531,30.4412943,
18:24:56.172,,,,,,,,,356.29,59,,3.703,,,,,,,,,,,,,,,,,,,,,,,,,,,,,,,,,,,,,,,,,,,,,,,,,,,7.402,,,,,,,,,,,50.6191531,30.4412943,
18:24:56.234,-6.5,,-6.2999999999999545,,,,,,,,,,3.697,,,,,,,,,,,,,,,,,,,,,,,,,,,,,,,,,,,,,,,,,,,,,,,,,,7.4,,,,,,,,,,,50.6191531,30.4412943,
18:24:56.281,,-6,,,,,,,,,,,,,,,,,,,,,,,,,,,,,,,,,,,,,,,,,,,,,,,,,,,,,,,,,,,,,,,,,,,,,,,,50.6191531,30.4412943,
18:24:56.402,,,,,,,,,,,,,,,,,,,,,,,,,,,,,,,,,,0.1,,,,0,0,,0,1.7730023017777774,14.093418,14.093418,6766.057297000001,0,0,,,,,16.58581284755019,,,,37,98,,0,,,,,184,0.1,,,,,,,0.12,,50.6191531,30.4412943,
18:24:56.461,,,,,,,,,,,,,,,,,,,,0,5.882352941176471,98,,,,,,,,,,5.882352941176471,,,,,,,,0,,,,,,,,,,,,,0,,,,,,,,,,,,0.1,,17.6470588235294,98,,,,,,50.6191531,30.4412943,
18:24:56.546,,,,,,,,,,,,,,,,,,,,,,,11.75083135554548,69.32688,69.32688,639.6470289499999,0.14688539194431852,0.8665860000000001,0.8665860000000001,8.309744,0,,5.882352941176471,,,0,0,,,,,,,,,,,8.284557318230073,6.148870345007862,6.148870345007862,0.12281515859589977,,,63,,,,28120,,12000,0,0,,184,0.1,28120,17.6470588235294,,,,,,0,50.6191531,30.4412943,
18:24:56.666,,,,,,,,,,,,,,,32,,,,,,,,,,,,,,,,,,,,,,,,,,,,,,,,,,,,,,,,,,,,,,,,,,,,,,,,86,,,50.6191531,30.4412943,
18:24:56.713,,,,,,,,,,,,,,,,,,-41.859375,,,,,,,,,,,,,,,,,,,,,,,,,,,,,,,,,,,,,,,,,,,,,,,,,,,,,,,,50.6191531,30.4412943,
18:24:56.798,,,,,,,,,,,,,,,,-2656,-0.171875,,,,,,,,,,,,,,,,,,,,,,,,,,,,,,,,,,,,,,,,,,,,,,,,,,,,,,,,,50.6191531,30.4412943,
18:24:57.049,,,,27,,,,,,,,,,,,,,,,,,,,,,,,,,,,,,,,,,,,,,,,,,,,,,,,,,,,,,,,,,,,,,,,,,150,,,,50.6191531,30.4412943,
18:24:57.230,,,,,31,,,,,,86.6758781031239,,,86.6758781031239,,,,,,,,,,,,,,,,,,,,,,,,,,,,,,,,,,,,,,,,,,,,,,,,,,,,,,,127.5,150,,,,50.6191531,30.4412943,
18:24:57.289,,,,,,,,,354.36,59,,3.707,,,,,,,,,,,,,,,,,,,,,,,,,,,,,,,,,,,,,,,,,,,,,,,,,,,7.404,,,,,,,,,,,50.6191531,30.4412943,
18:24:57.350,-6.0499999999999545,,-5.899999999999864,,,,,,,,,,3.698,,,,,,,,,,,,,,,,,,,,,,,,,,,,,,,,,,,,,,,,,,,,,,,,,,7.405,,,,,,,,,,,50.6191531,30.4412943,
18:24:57.410,,-5.599999999999909,,,,,,,,,,,,,,,,,,,,,,,,,,,,,,,,,,,,,,,,,,,,,,,,,,,,,,,,,,,,,,,,,,,,,,,,50.6191531,30.4412943,
18:24:57.602,,,,,,,,,,,,,,,,,,,,,,,,,,,,,,,,,,0,,,,0,0,,0,1.7730023017777774,14.093418,14.093418,6766.057297000001,0,0,,,,,16.534251324578953,,,,37,98,,0,,,,,184,0,,,,,,,0,,50.6191531,30.4412943,
18:24:57.678,,,,,,,,,,,,,,,,,,,,0,5.882352941176471,98,,,,,,,,,,5.882352941176471,,,,,,,,0,,,,,,,,,,,,,0,,,,,,,,,,,,0,,17.6470588235294,98,,,,,,50.6191531,30.4412943,
18:24:57.773,,,,,,,,,,,,,,,,,,,,,,,11.75083135554548,69.32688,69.32688,639.6470289499999,0.14688539194431852,0.8665860000000001,0.8665860000000001,8.309744,0,,5.882352941176471,,,0,0,,,,,,,,,,,8.284557318230073,6.148870345007862,6.148870345007862,0.12281515859589977,,,63,,,,28150,,12000,0,0,,184,0,28150,17.6470588235294,,,,,,0,50.6191531,30.4412943,
18:24:57.905,,,,,,,,,,,,,,,32,,,,,,,,,,,,,,,,,,,,,,,,,,,,,,,,,,,,,,,,,,,,,,,,,,,,,,,,86,,,50.6191531,30.4412943,
18:24:57.953,,,,,,,,,,,,,,,,,,-44.53125,,,,,,,,,,,,,,,,,,,,,,,,,,,,,,,,,,,,,,,,,,,,,,,,,,,,,,,,50.6191531,30.4412943,
18:24:57.989,,,,,,,,,,,,,,,,-2784,-0.171875,,,,,,,,,,,,,,,,,,,,,,,,,,,,,,,,,,,,,,,,,,,,,,,,,,,,,,,,,50.6191531,30.4412943,
18:24:58.132,,,,,,,,,355.64,59,,3.706,,,,,,,,,,,,,,,,,,,,,,,,,,,,,,,,,,,,,,,,,,,,,,,,,,,7.404,,,,,,,,,,,50.6191531,30.4412943,
18:24:58.193,-4.849999999999909,,-4.75,,,,,,,,,,3.698,,,,,,,,,,,,,,,,,,,,,,,,,,,,,,,,,,,,,,,,,,,,,,,,,,7.404,,,,,,,,,,,50.6191531,30.4412943,
18:24:58.228,,-4.2999999999999545,,,,,,,,,,,,,,,,,,,,,,,,,,,,,,,,,,,,,,,,,,,,,,,,,,,,,,,,,,,,,,,,,,,,,,,,50.6191531,30.4412943,
18:24:58.349,,,,,,,,,,,,,,,,,,,,,,,,,,,,,,,,,,0,,,,0,0,,0,1.7730023017777774,14.093418,14.093418,6766.057297000001,0,0,,,,,16.50232803314655,,,,37,98,,0,,,,,184,0,,,,,,,0,,50.6191531,30.4412943,
18:24:58.409,,,,,,,,,,,,,,,,,,,,0,5.882352941176471,98,,,,,,,,,,5.882352941176471,,,,,,,,0,,,,,,,,,,,,,0,,,,,,,,,,,,0,,17.6470588235294,98,,,,,,50.6191531,30.4412943,
18:24:58.480,,,,,,,,,,,,,,,,,,,,,,,11.75083135554548,69.32688,69.32688,639.6470289499999,0.14688539194431852,0.8665860000000001,0.8665860000000001,8.309744,0,,5.882352941176471,,,0,0,,,,,,,,,,,8.284557318230073,6.148870345007862,6.148870345007862,0.12281515859589977,,,63,,,,28170,,12000,0,0,,184,0,28170,17.6470588235294,,,,,,0,50.6191531,30.4412943,
18:24:58.709,,,,,,,,,,,,,,,33,,,,,,,,,,,,,,,,,,,,,,,,,,,,,,,,,,,,,,,,,,,,,,,,,,,,,,,,87,,,50.6191531,30.4412943,
18:24:58.770,,,,,,,,,,,,,,,,,,-0.5,,,,,,,,,,,,,,,,,,,,,,,,,,,,,,,,,,,,,,,,,,,,,,,,,,,,,,,,50.6191531,30.4412943,
18:24:58.817,,,,,,,,,,,,,,,,64,0,,,,,,,,,,,,,,,,,,,,,,,,,,,,,,,,,,,,,,,,,,,,,,,,,,,,,,,,,50.6191531,30.4412943,
18:24:58.962,,,,,,31,30,31,,,,,,,,,,,,,,,,,,,,,,,,,,,,,,,,,,,,,,,,,,,,,,,,,,,,,,,,,,,,,,150,,,,50.6191531,30.4412943,
18:24:59.033,,,,,,,,,354.36,59,,3.707,,,,,,,,,,,,,,,,,,,,,,,,,,,,,,,,,,,,,,,,,,,,,,,,,,,7.405,,,,,,,,,,,50.6191531,30.4412943,
18:24:59.105,-3.949999999999818,,-3.949999999999818,,,,,,,,,,3.701,,,,,,,,,,,,,,,,,,,,,,,,,,,,,,,,,,,,,,,,,,,,,,,,,,7.408,,,,,,,,,,,50.6191531,30.4412943,
18:24:59.142,,-3.6499999999998636,,,,,,,,,,,,,,,,,,,,,,,,,,,,,,,,,,,,,,,,,,,,,,,,,,,,,,,,,,,,,,,,,,,,,,,,50.6191531,30.4412943,
18:24:59.280,,,,,,,,,,,,,,,,,,,,,,,,,,,,,,,,,,0.02,,,,0,0,,0,1.7730023017777774,14.093418,14.093418,6766.057297000001,0,0,,,,,16.462672852711115,,,,37,98,,0,,,,,184,0.02,,,,,,,0.024,,50.6191531,30.4412943,
18:24:59.365,,,,,,,,,,,,,,,,,,,,0,5.882352941176471,98,,,,,,,,,,5.882352941176471,,,,,,,,0,,,,,,,,,,,,,0,,,,,,,,,,,,0.02,,17.6470588235294,98,,,,,,50.6191531,30.4412943,
18:24:59.449,,,,,,,,,,,,,,,,,,,,,,,11.75083135554548,69.32688,69.32688,639.6470289499999,0.14688539194431852,0.8665860000000001,0.8665860000000001,8.309744,0,,5.882352941176471,,,0,0,,,,,,,,,,,8.284557318230073,6.148870345007862,6.148870345007862,0.12281515859589977,,,63,,,,28190,,12000,0,0,,184,0.02,28190,17.6470588235294,,,,,,0,50.6191531,30.4412943,
18:24:59.592,,,,,,,,,,,,,,,33,,,,,,,,,,,,,,,,,,,,,,,,,,,,,,,,,,,,,,,,,,,,,,,,,,,,,,,,87,,,50.6191531,30.4412943,
18:24:59.641,,,,,,,,,,,,,,,,,,0,,,,,,,,,,,,,,,,,,,,,,,,,,,,,,,,,,,,,,,,,,,,,,,,,,,,,,,,50.6191531,30.4412943,
18:24:59.689,,,,,,,,,,,,,,,,0,0,,,,,,,,,,,,,,,,,,,,,,,,,,,,,,,,,,,,,,,,,,,,,,,,,,,,,,,,,50.6191531,30.4412943,
18:24:59.834,,,,,,,,,354.84000000000003,59,,3.706,,,,,,,,,,,,,,,,,,,,,,,,,,,,,,,,,,,,,,,,,,,,,,,,,,,7.407,,,,,,,,,,,50.6191531,30.4412943,
18:24:59.881,-3.849999999999909,,-3.7999999999999545,,,,,,,,,,3.7,,,,,,,,,,,,,,,,,,,,,,,,,,,,,,,,,,,,,,,,,,,,,,,,,,7.406,,,,,,,,,,,50.6191531,30.4412943,
18:24:59.930,,-3.6499999999998636,,,,,,,,,,,,,,,,,,,,,,,,,,,,,,,,,,,,,,,,,,,,,,,,,,,,,,,,,,,,,,,,,,,,,,,,50.6191531,30.4412943,
18:25:00.024,,,,,,,,,,,,,,,,,,,,,,,,,,,,,,,,,,,,,,,,,,,,,,,,,,,,,,,84,,,,,,,,,184,,,,,,,,,,50.6191531,30.4412943,
18:25:00.086,,,,,,,,,,,,,,,,,,,,,,,,,,,,,,,,,,0.07,,,,0,0,,0,1.7730023017777774,14.093418,14.093418,6766.057297000001,0,0,,,,,16.4285491722028,,,,37,98,,0,,,,,184,0.07,,,,,,,0.084,,50.6191531,30.4412943,
18:25:00.145,,,,,,,,,,,,,,,,,,,,0,5.882352941176471,98,,,,,,,,,,5.882352941176471,,,,,,,,0,,,,,,,,,,,,,0,,,,,,,,,,,,0.07,,17.6470588235294,98,,,,,,50.6191531,30.4412943,
18:25:00.217,,,,,,,,,,,,,,,,,,,,,,,11.75083135554548,69.32688,69.32688,639.6470289499999,0.14688539194431852,0.8665860000000001,0.8665860000000001,8.309744,0,,5.882352941176471,,,0,0,,,,,,,,,,,8.284557318230073,6.148870345007862,6.148870345007862,0.12281515859589977,,,63,,,,28220,,12000,0,0,,184,0.07,28220,17.6470588235294,,,,,,0,50.6191531,30.4412943,
18:25:00.350,,,,,,,,,,,,,,,33,,,,,,,,,,,,,,,,,,,,,,,,,,,,,,,,,,,,,,,,,,,,,,,,,,,,,,,,87,,,50.6191531,30.4412943,
18:25:00.386,,,,,,,,,,,,,,,,,,0,,,,,,,,,,,,,,,,,,,,,,,,,,,,,,,,,,,,,,,,,,,,,,,,,,,,,,,,50.6191531,30.4412943,
18:25:00.421,,,,,,,,,,,,,,,,0,0,,,,,,,,,,,,,,,,,,,,,,,,,,,,,,,,,,,,,,,,,,,,,,,,,,,,,,,,,50.6191531,30.4412943,
18:25:00.542,,,,,,,,,354.68,59,,3.707,,,,,,,,,,,,,,,,,,,,,,,,,,,,,,,,,,,,,,,,,,,,,,,,,,,7.407,,,,,,,,,,,50.6191531,30.4412943,
18:25:00.638,-3.8999999999998636,,-3.849999999999909,,,,,,,,,,3.7,,,,,,,,,,,,,,,,,,,,,,,,,,,,,,,,,,,,,,,,,,,,,,,,,,7.407,,,,,,,,,,,50.6191531,30.4412943,
18:25:00.732,,-3.6499999999998636,,,,,,,,,,,,,,,,,,,,,,,,,,,,,,,,,,,,,,,,,,,,,,,,,,,,,,,,,,,,,,,,,,,,,,,,50.6191531,30.4412943,
18:25:00.938,,,,,,,,,,,,,,,,,,,,,,,,,,,,,,,,,,0.07,,,,0,0,,0,1.7730023017777774,14.093418,14.093418,6766.057297000001,0,0,,,,,16.392597632126808,,,,37,98,,0,,,,,184,0.07,,,,,,,0.084,,50.6191531,30.4412943,
18:25:00.997,,,,,,,,,,,,,,,,,,,,0,5.882352941176471,98,,,,,,,,,,5.882352941176471,,,,,,,,0,,,,,,,,,,,,,0,,,,,,,,,,,,0.07,,17.6470588235294,98,,,,,,50.6191531,30.4412943,
18:25:01.119,,,,,,,,,,,,,,,,,,,,,,,11.75083135554548,69.32688,69.32688,639.6470289499999,0.14688539194431852,0.8665860000000001,0.8665860000000001,8.309744,0,,5.882352941176471,,,0,0,,,,,,,,,,,8.284557318230073,6.148870345007862,6.148870345007862,0.12281515859589977,,,63,,,,28230,,12000,0,0,,184,0.07,28230,17.6470588235294,,,,,,0,50.6191531,30.4412943,
18:25:01.182,,,,,,,,,,,,,,,,,,,53,,,,,,,,,,,,,,,,,,,,,,,,,,,,,,,,,,,,,,,,,,,,,,,,,,,,86,,,50.6191531,30.4412943,
18:25:01.289,,,,,,,,,,,,,,,33,,,,,,,,,,,,,,,,,,,,,,,,,,,,,,,,,,,,,,,,,,,,,,,,,,,,,,,,86,,,50.6191531,30.4412943,
18:25:01.337,,,,,,,,,,,,,,,,,,0,,,,,,,,,,,,,,,,,,,,,,,,,,,,,,,,,,,,,,,,,,,,,,,,,,,,,,,,50.6191531,30.4412943,
18:25:01.374,,,,,,,,,,,,,,,,0,0,,,,,,,,,,,,,,,,,,,,,,,,,,,,,,,,,,,,,,,,,,,,,,,,,,,,,,,,,50.6191531,30.4412943,
18:25:01.481,,,,,,,,,355,59,,3.708,,,,,,,,,,,,,,,,,,,,,,,,,,,,,,,,,,,,,,,,,,,,,,,,,,,7.408,,,,,,,,,,,50.6191531,30.4412943,
18:25:01.541,-3.849999999999909,,-3.849999999999909,,,,,,,,,,3.701,,,,,,,,,,,,,,,,,,,,,,,,,,,,,,,,,,,,,,,,,,,,,,,,,,7.409,,,,,,,,,,,50.6191531,30.4412943,
18:25:01.577,,-3.6499999999998636,,,,,,,,,,,,,,,,,,,,,,,,,,,,,,,,,,,,,,,,,,,,,,,,,,,,,,,,,,,,,,,,,,,,,,,,50.6191531,30.4412943,
18:25:01.694,,,,,,,,,,,,,,,,,,,,,,,,,,,,,,,,,,0.1,,,,0,0,,0,1.7730023017777774,14.093418,14.093418,6766.057297000001,0,0,,,,,16.360828072673122,,,,37,98,,0,,,,,184,0.1,,,,,,,0.12,,50.6191531,30.4412943,
18:25:01.776,,,,,,,,,,,,,,,,,,,,0,5.882352941176471,98,,,,,,,,,,5.882352941176471,,,,,,,,0,,,,,,,,,,,,,0,,,,,,,,,,,,0.1,,17.6470588235294,98,,,,,,50.6191531,30.4412943,
18:25:01.873,,,,,,,,,,,,,,,,,,,,,,,11.75083135554548,69.32688,69.32688,639.6470289499999,0.14688539194431852,0.8665860000000001,0.8665860000000001,8.309744,0,,5.882352941176471,,,0,0,,,,,,,,,,,8.284557318230073,6.148870345007862,6.148870345007862,0.12281515859589977,,,63,,,,28260,,12000,0,0,,184,0.1,28260,17.6470588235294,,,,,,0,50.6191531,30.4412943,
18:25:01.981,,,,,,,,,,,,,,,33,,,,,,,,,,,,,,,,,,,,,,,,,,,,,,,,,,,,,,,,,,,,,,,,,,,,,,,,86,,,50.6191531,30.4412943,
18:25:02.018,,,,,,,,,,,,,,,,,,0,,,,,,,,,,,,,,,,,,,,,,,,,,,,,,,,,,,,,,,,,,,,,,,,,,,,,,,,50.6191531,30.4412943,
18:25:02.052,,,,,,,,,,,,,,,,0,0,,,,,,,,,,,,,,,,,,,,,,,,,,,,,,,,,,,,,,,,,,,,,,,,,,,,,,,,,50.6191531,30.4412943,
18:25:02.173,,,,,,,,,355.81,59,,3.706,,,,,,,,,,,,,,,,,,,,,,,,,,,,,,,,,,,,,,,,,,,,,,,,,,,7.407,,,,,,,,,,,50.6191531,30.4412943,
18:25:02.221,-3.849999999999909,,-3.6499999999998636,,,,,,,,,,3.701,,,,,,,,,,,,,,,,,,,,,,,,,,,,,,,,,,,,,,,,,,,,,,,,,,7.407,,,,,,,,,,,50.6191531,30.4412943,
18:25:02.257,,-3.449999999999818,,,,,,,,,,,,,,,,,,,,,,,,,,,,,,,,,,,,,,,,,,,,,,,,,,,,,,,,,,,,,,,,,,,,,,,,50.6191531,30.4412943,
18:25:02.402,,,,,,,,,,,,,,,,,,,,,,,,,,,,,,,,,,0,,,,0,0,,0,1.7730023017777774,14.093418,14.093418,6766.057297000001,0,0,,,,,16.331155033476815,,,,37,98,,0,,,,,184,0,,,,,,,0,,50.6191531,30.4412943,
18:25:02.526,,,,,,,,,,,,,,,,,,,,0,5.882352941176471,98,,,,,,,,,,5.882352941176471,,,,,,,,0,,,,,,,,,,,,,0,,,,,,,,,,,,0,,17.6470588235294,98,,,,,,50.6191531,30.4412943,
18:25:02.645,,,,,,,,,,,,,,,,,,,,,,,11.75083135554548,69.32688,69.32688,639.6470289499999,0.14688539194431852,0.8665860000000001,0.8665860000000001,8.309744,0,,5.882352941176471,,,0,0,,,,,,,,,,,8.284557318230073,6.148870345007862,6.148870345007862,0.12281515859589977,,,63,,,,28280,,12000,0,0,,184,0,28280,17.6470588235294,,,,,,0,50.6191531,30.4412943,
18:25:02.898,,,,,,,,,,,,,,,33,,,,,,,,,,,,,,,,,,,,,,,,,,,,,,,,,,,,,,,,,,,,,,,,,,,,,,,,86,,,50.6191531,30.4412943,
18:25:02.957,,,,,,,,,,,,,,,,,,0,,,,,,,,,,,,,,,,,,,,,,,,,,,,,,,,,,,,,,,,,,,,,,,,,,,,,,,,50.6191531,30.4412943,
18:25:03.018,,,,,,,,,,,,,,,,0,0,,,,,,,,,,,,,,,,,,,,,,,,,,,,,,,,,,,,,,,,,,,,,,,,,,,,,,,,,50.6191531,30.4412943,
18:25:03.222,,,,,,,,,355.64,59,,3.707,,,,,,,,,,,,,,,,,,,,,,,,,,,,,,,,,,,,,,,,,,,,,,,,,,,7.408,,,,,,,,,,,50.6191531,30.4412943,
18:25:03.329,-3.699999999999818,,-3.699999999999818,,,,,,,,,,3.701,,,,,,,,,,,,,,,,,,,,,,,,,,,,,,,,,,,,,,,,,,,,,,,,,,7.408,,,,,,,,,,,50.6191531,30.4412943,
18:25:03.378,,-3.449999999999818,,,,,,,,,,,,,,,,,,,,,,,,,,,,,,,,,,,,,,,,,,,,,,,,,,,,,,,,,,,,,,,,,,,,,,,,50.6191531,30.4412943,
18:25:03.568,,,,,,,,,,,,,,,,,,,,,,,,,,,,,,,,,,0.07,,,,0,0,,0,1.7730023017777774,14.093418,14.093418,6766.057297000001,0,0,,,,,16.28258406842048,,,,37,98,,0,,,,,184,0.07,,,,,,,0.084,,50.6191531,30.4412943,
18:25:03.629,,,,,,,,,,,,,,,,,,,,0,5.882352941176471,98,,,,,,,,,,5.882352941176471,,,,,,,,0,,,,,,,,,,,,,0,,,,,,,,,,,,0.07,,17.6470588235294,98,,,,,,50.6191531,30.4412943,
18:25:03.713,,,,,,,,,,,,,,,,,,,,,,,11.75083135554548,69.32688,69.32688,639.6470289499999,0.14688539194431852,0.8665860000000001,0.8665860000000001,8.309744,0,,5.882352941176471,,,0,0,,,,,,,,,,,8.284557318230073,6.148870345007862,6.148870345007862,0.12281515859589977,,,63,,,,28300,,12000,0,0,,184,0.07,28300,17.6470588235294,,,,,,0,50.6191531,30.4412943,
18:25:03.845,,,,,,,,,,,,,,,33,,,,,,,,,,,,,,,,,,,,,,,,,,,,,,,,,,,,,,,,,,,,,,,,,,,,,,,,86,,,50.6191531,30.4412943,
18:25:03.918,,,,,,,,,,,,,,,,,,0,,,,,,,,,,,,,,,,,,,,,,,,,,,,,,,,,,,,,,,,,,,,,,,,,,,,,,,,50.6191531,30.4412943,
18:25:03.954,,,,,,,,,,,,,,,,0,0,,,,,,,,,,,,,,,,,,,,,,,,,,,,,,,,,,,,,,,,,,,,,,,,,,,,,,,,,50.6191531,30.4412943,
18:25:04.073,,,,,31,,,,,,86.6758781031239,,,86.6758781031239,,,,,,,,,,,,,,,,,,,,,,,,,,,,,,,,,,,,,,,,,,,,,,,,,,,,,,,127.5,150,,,,50.6191531,30.4412943,
18:25:04.134,,,,,,,,,355.64,59,,3.708,,,,,,,,,,,,,,,,,,,,,,,,,,,,,,,,,,,,,,,,,,,,,,,,,,,7.409,,,,,,,,,,,50.6191531,30.4412943,
18:25:04.206,-3.599999999999909,,-3.699999999999818,,,,,,,,,,3.701,,,,,,,,,,,,,,,,,,,,,,,,,,,,,,,,,,,,,,,,,,,,,,,,,,7.409,,,,,,,,,,,50.6191531,30.4412943,
18:25:04.253,,-3.449999999999818,,,,,,,,,,,,,,,,,,,,,,,,,,,,,,,,,,,,,,,,,,,,,,,,,,,,,,,,,,,,,,,,,,,,,,,,50.6191531,30.4412943,
18:25:04.337,,,,,,,,,,,,,,,,,,,,,,,,,,,,,,,,,,,,,,,,,,,,,,,,,,,,,,,84,,,,,,,,,184,,,,,,,,,,50.6191531,30.4412943,
18:25:04.410,,,,,,,,,,,,,,,,,,,,,,,,,,,,,,,,,,0.04,,,,0,0,,0,1.7730023017777774,14.093418,14.093418,6766.057297000001,0,0,,,,,16.247705726088217,,,,37,98,,0,,,,,184,0.04,,,,,,,0.048,,50.6191531,30.4412943,
18:25:04.522,,,,,,,,,,,,,,,,,,,,0,5.882352941176471,98,,,,,,,,,,5.882352941176471,,,,,,,,0,,,,,,,,,,,,,0,,,,,,,,,,,,0.04,,17.6470588235294,98,,,,,,50.6191531,30.4412943,
18:25:04.665,,,,,,,,,,,,,,,,,,,,,,,11.75083135554548,69.32688,69.32688,639.6470289499999,0.14688539194431852,0.8665860000000001,0.8665860000000001,8.309744,0,,5.882352941176471,,,0,0,,,,,,,,,,,8.284557318230073,6.148870345007862,6.148870345007862,0.12281515859589977,,,63,,,,28320,,12000,0,0,,184,0.04,28320,17.6470588235294,,,,,,0,50.6191531,30.4412943,
