time,"[BMS] HV Battery Current (A)","[BMS] HV Battery Current (High) (A)","[BMS] HV Battery Current (Low) (A)","[BMS] HV Battery Intake Air Temperature (℃)","[BMS] HV Battery Temperature Sensor 1 (℃)","[BMS] HV Battery Temperature Sensor 2 (℃)","[BMS] HV Battery Temperature Sensor 3 (℃)","[BMS] HV Battery Temperature Sensor 4 (℃)","[BMS] HV Battery voltage (V)","[BMS] HV State of charge (%)","[BMS] Max Cell Voltage (V)","[BMS] Min Cell Voltage (V)","[VCM] HV Battery Available Charge Display (%)","[VCM] HV Coolant Temperature (℃)","[VCM] Motor RPM (rpm)","[VCM] Motor Torque (N⋅m)","[VCM] Target Motor Torque (N⋅m)","[VCM] Traction motor temperature (℃)","[VCM] Vehicle Speed (km/h)","Абсолютне значення навантаження на двигун (%)","Атмосферний тиск (абсолютний) (kPa)","Висота (GPS) (m)","Оберти двигуна (rpm)","Оберти двигуна x1000 (rpm)","Прискорення (g)","Пройдений шлях (km)","Пройдений шлях (Сьогодні) (km)","Пройдений шлях (Тиждень) (km)","Пройдений шлях(загальний) (km)","Розрахункове значення навантаження на двигун (%)","Розрахунковий наддув (bar)","Середня швидкість (km/h)","Середня швидкість (GPS) (km/h)","Температура олії у двигуні (℃)","Температура охолодної рідини (℃)","Тиск у впускному колекторі (абсолютний) (kPa)","Швидкість (GPS) (km/h)","Швидкість автомобіля (km/h)",Latitude,Longtitude,
08:12:51.983,,,,,,,,,,,,,,,,,,,,,,0,,,,,,,,,,,,,,,0,,49.2732449,31.439462,
08:12:52.812,,,,,,,,,,,,,,,,,,,,,,145,,,,,,,,,,,0,,,,0,,49.2732472,31.4394596,
08:12:53.799,,,,,,,,,,,,,,,,,,,,,,145,,,,,,,,,,,0,,,,0,,49.2732941,31.4393831,
08:12:54.570,,,,,,,,,,,,,,,,,,,,,,,,,,,,,,0,,,,,,,,,49.2732941,31.4393831,
08:12:54.658,,,,,,,,,,,,,,,,,,,,,,,,,,,,,,,,,,,23,,,,49.2732941,31.4393831,
08:12:54.806,,,,,,,,,,,,,,,,,,,,,,145,,,,,,,,,,,0,,,,0,,49.273297,31.4393799,
08:12:55.022,,,,,,,,,,,,,,,,,,,,,,,0,0,,,,,,,,,,,,,,,49.273297,31.4393799,
08:12:55.111,,,,,,,,,,,,,,,,,,,,0,,,,,,,,,,,,,,,,,,,49.273297,31.4393799,
08:12:55.230,,,,,,,,,,,,,,,,,,,,,,,,,,,,,,,,,,22,,,,,49.273297,31.4393799,
08:12:55.291,,,,,,,,,,,,,,,,,,,,,,,,,,,,,,,,,,,,,,0,49.273297,31.4393799,
08:12:55.367,,,,,,,,,,,,,,,,,,,,,,,,,,,,,,,-0.023,,,,,99,,,49.273297,31.4393799,
08:12:55.467,,,,,,,,,,56.5,,,,,,,,,,,,,,,,,,,,,,,,,,,,,49.273297,31.4393799,
08:12:55.531,,,,,,,,,354,,,,,,,,,,,,,,,,,,,,,,,,,,,,,,49.273297,31.4393799,
08:12:55.602,,,,,,,,,,,3.692,,,,,,,,,,,,,,,,,,,,,,,,,,,,49.273297,31.4393799,
08:12:55.674,,,,,,,,,,,,3.684,,,,,,,,,,,,,,,,,,,,,,,,,,,49.273297,31.4393799,
08:12:55.758,-3,,,,,,,,,,,,,,,,,,,,,,,,,,,,,,,,,,,,,,49.273297,31.4393799,
08:12:55.802,,,,,,,,,,,,,,,,,,,,,,145,,,,,,,,,,,0,,,,0,,49.2733105,31.4393515,
08:12:55.867,,,-3,,,,,,,,,,,,,,,,,,,,,,,,,,,,,,,,,,,,49.2733105,31.4393515,
08:12:55.975,,-3,,,,,,,,,,,,,,,,,,,,,,,,,,,,,,,,,,,,,49.2733105,31.4393515,
08:12:56.047,,,,,23,,,,,,,,,,,,,,,,,,,,,,,,,,,,,,,,,,49.2733105,31.4393515,
08:12:56.106,,,,,,23,,,,,,,,,,,,,,,,,,,,,,,,,,,,,,,,,49.2733105,31.4393515,
08:12:56.178,,,,,,,22,,,,,,,,,,,,,,,,,,,,,,,,,,,,,,,,49.2733105,31.4393515,
08:12:56.250,,,,,,,,22,,,,,,,,,,,,,,,,,,,,,,,,,,,,,,,49.2733105,31.4393515,
08:12:56.323,,,,21,,,,,,,,,,,,,,,,,,,,,,,,,,,,,,,,,,,49.2733105,31.4393515,
08:12:56.430,,,,,,,,,,,,,,,,,,24,,,,,,,,,,,,,,,,,,,,,49.2733105,31.4393515,
08:12:56.489,,,,,,,,,,,,,,22,,,,,,,,,,,,,,,,,,,,,,,,,49.2733105,31.4393515,
08:12:56.551,,,,,,,,,,,,,,,,,0,,,,,,,,,,,,,,,,,,,,,,49.2733105,31.4393515,
08:12:56.610,,,,,,,,,,,,,40,,,,,,,,,,,,,,,,,,,,,,,,,,49.2733105,31.4393515,
08:12:56.729,,,,,,,,,,,,,,,0,0,,,,,,,,,,,,,,,,,,,,,,,49.2733105,31.4393515,
08:12:56.797,,,,,,,,,,,,,,,,,,,,,,145,,,,,,,,,,,0,,,,0,,49.2733046,31.4393608,
08:12:56.839,,,,,,,,,,,,,,,,,,,0,,,,,,,,,,,,,,,,,,,,49.2733046,31.4393608,
08:12:56.923,,,,,,,,,,,,,,,,,,,,,,,,,,,,,,0,,,,,,,,,49.2733046,31.4393608,
08:12:56.982,,,,,,,,,,,,,,,,,,,,,,,0,0,,,,,,,,,,,,,,,49.2733046,31.4393608,
08:12:57.055,,,,,,,,,,,,,,,,,,,,0,,,,,,,,,,,,,,,,,,,49.2733046,31.4393608,
08:12:57.115,,,,,,,,,,,,,,,,,,,,,,,,,,,,,,,,,,22,,,,,49.2733046,31.4393608,
08:12:57.186,,,,,,,,,,,,,,,,,,,,,,,,,,0,0,93.03,5923.51,,,0,,,,,,0,49.2733046,31.4393608,
08:12:57.251,,,,,,,,,,,,,,,,,,,,,,,,,,,,,,,-0.013,,,,,100,,,49.2733046,31.4393608,
08:12:57.312,,,,,,,,,,,,,,,,,,,,,,,,,,,,,,,,,,,,,,,,,
08:12:57.322,,,,,,,,,,,,,,,,,,,,,100,,,,,,,,,,,,,,,,,,49.2733046,31.4393608,
08:12:57.419,,,,,,,,,,56.5,,,,,,,,,,,,,,,,,,,,,,,,,,,,,49.2733046,31.4393608,
08:12:57.479,,,,,,,,,354.4,,,,,,,,,,,,,,,,,,,,,,,,,,,,,,49.2733046,31.4393608,
08:12:57.539,,,,,,,,,,,3.692,,,,,,,,,,,,,,,,,,,,,,,,,,,,49.2733046,31.4393608,
08:12:57.610,,,,,,,,,,,,3.685,,,,,,,,,,,,,,,,,,,,,,,,,,,49.2733046,31.4393608,
08:12:57.693,-3,,,,,,,,,,,,,,,,,,,,,,,,,,,,,,,,,,,,,,49.2733046,31.4393608,
08:12:57.779,,,-3,,,,,,,,,,,,,,,,,,,,,,,,,,,,,,,,,,,,49.2733046,31.4393608,
08:12:57.816,,,,,,,,,,,,,,,,,,,,,,145,,,,,,,,,,,0.2,,,,1,,49.273269,31.4395993,
08:12:57.900,,-3,,,,,,,,,,,,,,,,,,,,,,,,,,,,,,,,,,,,,49.273269,31.4395993,
08:12:57.958,,,,,23,,,,,,,,,,,,,,,,,,,,,,,,,,,,,,,,,,49.273269,31.4395993,
08:12:58.018,,,,,,23,,,,,,,,,,,,,,,,,,,,,,,,,,,,,,,,,49.273269,31.4395993,
08:12:58.078,,,,,,,22,,,,,,,,,,,,,,,,,,,,,,,,,,,,,,,,49.273269,31.4395993,
08:12:58.139,,,,,,,,22,,,,,,,,,,,,,,,,,,,,,,,,,,,,,,,49.273269,31.4395993,
08:12:58.199,,,,21,,,,,,,,,,,,,,,,,,,,,,,,,,,,,,,,,,,49.273269,31.4395993,
08:12:58.283,,,,,,,,,,,,,,,,,,24,,,,,,,,,,,,,,,,,,,,,49.273269,31.4395993,
08:12:58.341,,,,,,,,,,,,,,22,,,,,,,,,,,,,,,,,,,,,,,,,49.273269,31.4395993,
08:12:58.419,,,,,,,,,,,,,,,,,0,,,,,,,,,,,,,,,,,,,,,,49.273269,31.4395993,
08:12:58.479,,,,,,,,,,,,,40,,,,,,,,,,,,,,,,,,,,,,,,,,49.273269,31.4395993,
08:12:58.538,,,,,,,,,,,,,,,0,0,,,,,,,,,,,,,,,,,,,,,,,49.273269,31.4395993,
08:12:58.647,,,,,,,,,,,,,,,,,,,0,,,,,,,,,,,,,,,,,,,,49.273269,31.4395993,
08:12:58.814,,,,,,,,,,,,,,,,,,,,,,,,,,,,,,0,,,,,,,,,49.2732729,31.4395626,
08:12:58.899,,,,,,,,,,,,,,,,,,,,,,,,,,,,,,,,,,,23,,,,49.2732729,31.4395626,
08:12:58.947,,,,,,,,,,,,,,,,,,,,,,,0,0,,,,,,,,,,,,,,,49.2732729,31.4395626,
08:12:59.007,,,,,,,,,,,,,,,,,,,,0,,,,,,,,,,,,,,,,,,,49.2732729,31.4395626,
08:12:59.043,,,,,,,,,,,,,,,,,,,,,,,,,,,,,,,,,,22,,,,,49.2732729,31.4395626,
08:12:59.079,,,,,,,,,,,,,,,,,,,,,,,,,,0,0,93.03,5923.51,,,0,,,,,,0,49.2732729,31.4395626,
08:12:59.127,,,,,,,,,,,,,,,,,,,,,,,,,,,,,,,0,,,,,100,,,49.2732729,31.4395626,
08:12:59.187,,,,,,,,,,56.5,,,,,,,,,,,,,,,,,,,,,,,,,,,,,49.2732729,31.4395626,
08:12:59.235,,,,,,,,,354.4,,,,,,,,,,,,,,,,,,,,,,,,,,,,,,49.2732729,31.4395626,
08:12:59.271,,,,,,,,,,,3.694,,,,,,,,,,,,,,,,,,,,,,,,,,,,49.2732729,31.4395626,
08:12:59.319,,,,,,,,,,,,3.684,,,,,,,,,,,,,,,,,,,,,,,,,,,49.2732729,31.4395626,
08:12:59.354,-3,,,,,,,,,,,,,,,,,,,,,,,,,,,,,,,,,,,,,,49.2732729,31.4395626,
08:12:59.390,,,-3,,,,,,,,,,,,,,,,,,,,,,,,,,,,,,,,,,,,49.2732729,31.4395626,
08:12:59.426,,-3,,,,,,,,,,,,,,,,,,,,,,,,,,,,,,,,,,,,,49.2732729,31.4395626,
08:12:59.462,,,,,23,,,,,,,,,,,,,,,,,,,,,,,,,,,,,,,,,,49.2732729,31.4395626,
08:12:59.498,,,,,,23,,,,,,,,,,,,,,,,,,,,,,,,,,,,,,,,,49.2732729,31.4395626,
08:12:59.546,,,,,,,22,,,,,,,,,,,,,,,,,,,,,,,,,,,,,,,,49.2732729,31.4395626,
08:12:59.617,,,,,,,,22,,,,,,,,,,,,,,,,,,,,,,,,,,,,,,,49.2732729,31.4395626,
08:12:59.703,,,,21,,,,,,,,,,,,,,,,,,,,,,,,,,,,,,,,,,,49.2732729,31.4395626,
08:12:59.810,,,,,,,,,,,,,,,,,,24,,,,,,,,,,,,,,,,,,,,,49.2732739,31.4395634,
08:12:59.858,,,,,,,,,,,,,,22,,,,,,,,,,,,,,,,,,,,,,,,,49.2732739,31.4395634,
08:12:59.907,,,,,,,,,,,,,,,,,0,,,,,,,,,,,,,,,,,,,,,,49.2732739,31.4395634,
08:12:59.954,,,,,,,,,,,,,40,,,,,,,,,,,,,,,,,,,,,,,,,,49.2732739,31.4395634,
08:12:59.979,,,,,,,,,,,,,,,0,0,,,,,,,,,,,,,,,,,,,,,,,49.2732739,31.4395634,
08:13:00.026,,,,,,,,,,,,,,,,,,,0,,,,,,,,,,,,,,,,,,,,49.2732739,31.4395634,
08:13:00.086,,,,,,,,,,,,,,,,,,,,,,,,,,,,,,0,,,,,,,,,49.2732739,31.4395634,
08:13:00.135,,,,,,,,,,,,,,,,,,,,,,,0,0,,,,,,,,,,,,,,,49.2732739,31.4395634,
08:13:00.195,,,,,,,,,,,,,,,,,,,,0,,,,,,,,,,,,,,,,,,,49.2732739,31.4395634,
08:13:00.265,,,,,,,,,,,,,,,,,,,,,,,,,,,,,,,,,,22,,,,,49.2732739,31.4395634,
08:13:00.301,,,,,,,,,,,,,,,,,,,,,,,,,,0,0,93.03,5923.51,,,0,,,,,,0,49.2732739,31.4395634,
08:13:00.338,,,,,,,,,,,,,,,,,,,,,,,,,,,,,,,-0.01,,,,,99,,,49.2732739,31.4395634,
08:13:00.411,,,,,,,,,,56.5,,,,,,,,,,,,,,,,,,,,,,,,,,,,,49.2732739,31.4395634,
08:13:00.447,,,,,,,,,354.2,,,,,,,,,,,,,,,,,,,,,,,,,,,,,,49.2732739,31.4395634,
08:13:00.482,,,,,,,,,,,3.693,,,,,,,,,,,,,,,,,,,,,,,,,,,,49.2732739,31.4395634,
08:13:00.553,,,,,,,,,,,,3.685,,,,,,,,,,,,,,,,,,,,,,,,,,,49.2732739,31.4395634,
08:13:00.793,-3,,,,,,,,,,,,,,,,,,,,,,,,,,,,,,,,,,,,,,49.2732739,31.4395634,
08:13:00.842,,,-3,,,,,,,,,,,,,,,,,,,,,,,,,,,,,,,,,,,,49.2732845,31.4395644,
08:13:00.891,,-3,,,,,,,,,,,,,,,,,,,,,,,,,,,,,,,,,,,,,49.2732845,31.4395644,
08:13:00.938,,,,,23,,,,,,,,,,,,,,,,,,,,,,,,,,,,,,,,,,49.2732845,31.4395644,
08:13:00.973,,,,,,23,,,,,,,,,,,,,,,,,,,,,,,,,,,,,,,,,49.2732845,31.4395644,
08:13:01.023,,,,,,,22,,,,,,,,,,,,,,,,,,,,,,,,,,,,,,,,49.2732845,31.4395644,
08:13:01.083,,,,,,,,22,,,,,,,,,,,,,,,,,,,,,,,,,,,,,,,49.2732845,31.4395644,
08:13:01.143,,,,21,,,,,,,,,,,,,,,,,,,,,,,,,,,,,,,,,,,49.2732845,31.4395644,
08:13:01.287,,,,,,,,,,,,,,,,,,24,,,,,,,,,,,,,,,,,,,,,49.2732845,31.4395644,
08:13:01.334,,,,,,,,,,,,,,22,,,,,,,,,,,,,,,,,,,,,,,,,49.2732845,31.4395644,
08:13:01.383,,,,,,,,,,,,,,,,,0,,,,,,,,,,,,,,,,,,,,,,49.2732845,31.4395644,
08:13:01.419,,,,,,,,,,,,,40,,,,,,,,,,,,,,,,,,,,,,,,,,49.2732845,31.4395644,
08:13:01.454,,,,,,,,,,,,,,,0,0,,,,,,,,,,,,,,,,,,,,,,,49.2732845,31.4395644,
08:13:01.490,,,,,,,,,,,,,,,,,,,0,,,,,,,,,,,,,,,,,,,,49.2732845,31.4395644,
08:13:01.646,,,,,,,,,,,,,,,,,,,,,,,,,,,,,,0,,,,,,,,,49.2732845,31.4395644,
08:13:01.718,,,,,,,,,,,,,,,,,,,,,,,,,,,,,,,,,,,23,,,,49.2732845,31.4395644,
08:13:01.779,,,,,,,,,,,,,,,,,,,,,,,0,0,,,,,,,,,,,,,,,49.2732845,31.4395644,
08:13:01.827,,,,,,,,,,,,,,,,,,,,0,,,,,,,,,,,,,,,,,,,49.2732883,31.4395592,
08:13:01.872,,,,,,,,,,,,,,,,,,,,,,,,,,,,,,,,,,22,,,,,49.2732883,31.4395592,
08:13:01.955,,,,,,,,,,,,,,,,,,,,,,,,,0,0,0,93.03,5923.51,,,0,,,,,,0,49.2732883,31.4395592,
08:13:02.002,,,,,,,,,,,,,,,,,,,,,,,,,,,,,,,0,,,,,100,,,49.2732883,31.4395592,
08:13:02.087,,,,,,,,,,56,,,,,,,,,,,,,,,,,,,,,,,,,,,,,49.2732883,31.4395592,
08:13:02.123,,,,,,,,,354.2,,,,,,,,,,,,,,,,,,,,,,,,,,,,,,49.2732883,31.4395592,
08:13:02.158,,,,,,,,,,,3.692,,,,,,,,,,,,,,,,,,,,,,,,,,,,49.2732883,31.4395592,
08:13:02.194,,,,,,,,,,,,3.682,,,,,,,,,,,,,,,,,,,,,,,,,,,49.2732883,31.4395592,
08:13:02.230,-3,,,,,,,,,,,,,,,,,,,,,,,,,,,,,,,,,,,,,,49.2732883,31.4395592,
08:13:02.278,,,-3,,,,,,,,,,,,,,,,,,,,,,,,,,,,,,,,,,,,49.2732883,31.4395592,
08:13:02.362,,-3,,,,,,,,,,,,,,,,,,,,,,,,,,,,,,,,,,,,,49.2732883,31.4395592,
08:13:02.411,,,,,23,,,,,,,,,,,,,,,,,,,,,,,,,,,,,,,,,,49.2732883,31.4395592,
08:13:02.495,,,,,,23,,,,,,,,,,,,,,,,,,,,,,,,,,,,,,,,,49.2732883,31.4395592,
08:13:02.566,,,,,,,22,,,,,,,,,,,,,,,,,,,,,,,,,,,,,,,,49.2732883,31.4395592,
08:13:02.603,,,,,,,,22,,,,,,,,,,,,,,,,,,,,,,,,,,,,,,,49.2732883,31.4395592,
08:13:02.639,,,,21,,,,,,,,,,,,,,,,,,,,,,,,,,,,,,,,,,,49.2732883,31.4395592,
08:13:02.699,,,,,,,,,,,,,,,,,,24,,,,,,,,,,,,,,,,,,,,,49.2732883,31.4395592,
08:13:02.733,,,,,,,,,,,,,,22,,,,,,,,,,,,,,,,,,,,,,,,,49.2732883,31.4395592,
08:13:02.787,,,,,,,,,,,,,,,,,0,,,,,,,,,,,,,,,,,,,,,,49.2732883,31.4395592,
08:13:02.823,,,,,,,,,,,,,40,,,,,,,,,,,,,,,,,,,,,,,,,,49.2732883,31.4395592,
08:13:02.882,,,,,,,,,,,,,,,0,0,,,,,,,,,,,,,,,,,,,,,,,49.2733011,31.4395502,
08:13:02.918,,,,,,,,,,,,,,,,,,,0,,,,,,,,,,,,,,,,,,,,49.2733011,31.4395502,
08:13:02.978,,,,,,,,,,,,,,,,,,,,,,,,,,,,,,0,,,,,,,,,49.2733011,31.4395502,
08:13:03.014,,,,,,,,,,,,,,,,,,,,,,,0,0,,,,,,,,,,,,,,,49.2733011,31.4395502,
08:13:03.074,,,,,,,,,,,,,,,,,,,,0,,,,,,,,,,,,,,,,,,,49.2733011,31.4395502,
08:13:03.136,,,,,,,,,,,,,,,,,,,,,,,,,,,,,,,,,,22,,,,,49.2733011,31.4395502,
08:13:03.186,,,,,,,,,,,,,,,,,,,,,,,,,0,0,0,93.03,5923.51,,,0,,,,,,0,49.2733011,31.4395502,
08:13:03.221,,,,,,,,,,,,,,,,,,,,,,,,,,,,,,,0,,,,,100,,,49.2733011,31.4395502,
08:13:03.295,,,,,,,,,,56,,,,,,,,,,,,,,,,,,,,,,,,,,,,,49.2733011,31.4395502,
08:13:03.366,,,,,,,,,353.9,,,,,,,,,,,,,,,,,,,,,,,,,,,,,,49.2733011,31.4395502,
08:13:03.450,,,,,,,,,,,3.693,,,,,,,,,,,,,,,,,,,,,,,,,,,,49.2733011,31.4395502,
08:13:03.522,,,,,,,,,,,,3.684,,,,,,,,,,,,,,,,,,,,,,,,,,,49.2733011,31.4395502,
08:13:03.570,-3,,,,,,,,,,,,,,,,,,,,,,,,,,,,,,,,,,,,,,49.2733011,31.4395502,
08:13:03.618,,,-3,,,,,,,,,,,,,,,,,,,,,,,,,,,,,,,,,,,,49.2733011,31.4395502,
08:13:03.654,,-3,,,,,,,,,,,,,,,,,,,,,,,,,,,,,,,,,,,,,49.2733011,31.4395502,
08:13:03.691,,,,,23,,,,,,,,,,,,,,,,,,,,,,,,,,,,,,,,,,49.2733011,31.4395502,
08:13:03.726,,,,,,23,,,,,,,,,,,,,,,,,,,,,,,,,,,,,,,,,49.2733011,31.4395502,
08:13:03.763,,,,,,,22,,,,,,,,,,,,,,,,,,,,,,,,,,,,,,,,49.2733011,31.4395502,
08:13:03.800,,,,,,,,22,,,,,,,,,,,,,,,,,,,,,,,,,,,,,,,49.2733011,31.4395502,
08:13:03.851,,,,21,,,,,,,,,,,,,,,,,,,,,,,,,,,,,,,,,,,49.2732942,31.4395295,
08:13:03.934,,,,,,,,,,,,,,,,,,24,,,,,,,,,,,,,,,,,,,,,49.2732942,31.4395295,
08:13:03.970,,,,,,,,,,,,,,22,,,,,,,,,,,,,,,,,,,,,,,,,49.2732942,31.4395295,
08:13:04.005,,,,,,,,,,,,,,,,,0,,,,,,,,,,,,,,,,,,,,,,49.2732942,31.4395295,
08:13:04.078,,,,,,,,,,,,,40,,,,,,,,,,,,,,,,,,,,,,,,,,49.2732942,31.4395295,
08:13:04.115,,,,,,,,,,,,,,,0,0,,,,,,,,,,,,,,,,,,,,,,,49.2732942,31.4395295,
08:13:04.154,,,,,,,,,,,,,,,,,,,0,,,,,,,,,,,,,,,,,,,,49.2732942,31.4395295,
08:13:04.226,,,,,,,,,,,,,,,,,,,,,,,,,,,,,,0,,,,,,,,,49.2732942,31.4395295,
08:13:04.298,,,,,,,,,,,,,,,,,,,,,,,,,,,,,,,,,,,23,,,,49.2732942,31.4395295,
08:13:04.369,,,,,,,,,,,,,,,,,,,,,,,0,0,,,,,,,,,,,,,,,49.2732942,31.4395295,
08:13:04.453,,,,,,,,,,,,,,,,,,,,0,,,,,,,,,,,,,,,,,,,49.2732942,31.4395295,
08:13:04.503,,,,,,,,,,,,,,,,,,,,,,,,,,,,,,,,,,22,,,,,49.2732942,31.4395295,
08:13:04.538,,,,,,,,,,,,,,,,,,,,,,,,,0,0,0,93.03,5923.51,,,0,,,,,,0,49.2732942,31.4395295,
08:13:04.588,,,,,,,,,,,,,,,,,,,,,,,,,,,,,,,0,,,,,100,,,49.2732942,31.4395295,
08:13:04.659,,,,,,,,,,56,,,,,,,,,,,,,,,,,,,,,,,,,,,,,49.2732942,31.4395295,
08:13:04.695,,,,,,,,,354.2,,,,,,,,,,,,,,,,,,,,,,,,,,,,,,49.2732942,31.4395295,
08:13:04.731,,,,,,,,,,,3.692,,,,,,,,,,,,,,,,,,,,,,,,,,,,49.2732942,31.4395295,
08:13:04.766,,,,,,,,,,,,3.684,,,,,,,,,,,,,,,,,,,,,,,,,,,49.2732942,31.4395295,
08:13:04.813,-3,,,,,,,,,,,,,,,,,,,,,,,,,,,,,,,,,,,,,,49.2732803,31.4395233,
08:13:04.850,,,-3,,,,,,,,,,,,,,,,,,,,,,,,,,,,,,,,,,,,49.2732803,31.4395233,
08:13:04.886,,-3,,,,,,,,,,,,,,,,,,,,,,,,,,,,,,,,,,,,,49.2732803,31.4395233,
08:13:04.910,,,,,23,,,,,,,,,,,,,,,,,,,,,,,,,,,,,,,,,,49.2732803,31.4395233,
08:13:04.958,,,,,,23,,,,,,,,,,,,,,,,,,,,,,,,,,,,,,,,,49.2732803,31.4395233,
08:13:04.995,,,,,,,22,,,,,,,,,,,,,,,,,,,,,,,,,,,,,,,,49.2732803,31.4395233,
08:13:05.031,,,,,,,,22,,,,,,,,,,,,,,,,,,,,,,,,,,,,,,,49.2732803,31.4395233,
08:13:05.066,,,,21,,,,,,,,,,,,,,,,,,,,,,,,,,,,,,,,,,,49.2732803,31.4395233,
08:13:05.127,,,,,,,,,,,,,,,,,,24,,,,,,,,,,,,,,,,,,,,,49.2732803,31.4395233,
08:13:05.163,,,,,,,,,,,,,,22,,,,,,,,,,,,,,,,,,,,,,,,,49.2732803,31.4395233,
08:13:05.198,,,,,,,,,,,,,,,,,0,,,,,,,,,,,,,,,,,,,,,,49.2732803,31.4395233,
08:13:05.283,,,,,,,,,,,,,40,,,,,,,,,,,,,,,,,,,,,,,,,,49.2732803,31.4395233,
08:13:05.354,,,,,,,,,,,,,,,0,0,,,,,,,,,,,,,,,,,,,,,,,49.2732803,31.4395233,
08:13:05.402,,,,,,,,,,,,,,,,,,,0,,,,,,,,,,,,,,,,,,,,49.2732803,31.4395233,
08:13:05.511,,,,,,,,,,,,,,,,,,,,,,,,,,,,,,0,,,,,,,,,49.2732803,31.4395233,
08:13:05.546,,,,,,,,,,,,,,,,,,,,,,,0,0,,,,,,,,,,,,,,,49.2732803,31.4395233,
08:13:05.593,,,,,,,,,,,,,,,,,,,,0,,,,,,,,,,,,,,,,,,,49.2732803,31.4395233,
08:13:05.629,,,,,,,,,,,,,,,,,,,,,,,,,,,,,,,,,,22,,,,,49.2732803,31.4395233,
08:13:05.665,,,,,,,,,,,,,,,,,,,,,,,,,0,0,0,93.03,5923.51,,,0,,,,,,0,49.2732803,31.4395233,
08:13:05.715,,,,,,,,,,,,,,,,,,,,,,,,,,,,,,,0,,,,,100,,,49.2732803,31.4395233,
08:13:05.786,,,,,,,,,,56,,,,,,,,,,,,,,,,,,,,,,,,,,,,,49.2732803,31.4395233,
08:13:05.835,,,,,,,,,354,,,,,,,,,,,,,,,,,,,,,,,,,,,,,,49.2732676,31.4395197,
08:13:05.882,,,,,,,,,,,3.692,,,,,,,,,,,,,,,,,,,,,,,,,,,,49.2732676,31.4395197,
08:13:05.917,,,,,,,,,,,,3.684,,,,,,,,,,,,,,,,,,,,,,,,,,,49.2732676,31.4395197,
08:13:05.955,-3,,,,,,,,,,,,,,,,,,,,,,,,,,,,,,,,,,,,,,49.2732676,31.4395197,
08:13:05.990,,,-3,,,,,,,,,,,,,,,,,,,,,,,,,,,,,,,,,,,,49.2732676,31.4395197,
08:13:06.026,,-3,,,,,,,,,,,,,,,,,,,,,,,,,,,,,,,,,,,,,49.2732676,31.4395197,
08:13:06.063,,,,,23,,,,,,,,,,,,,,,,,,,,,,,,,,,,,,,,,,49.2732676,31.4395197,
08:13:06.103,,,,,,23,,,,,,,,,,,,,,,,,,,,,,,,,,,,,,,,,49.2732676,31.4395197,
08:13:06.138,,,,,,,22,,,,,,,,,,,,,,,,,,,,,,,,,,,,,,,,49.2732676,31.4395197,
08:13:06.185,,,,,,,,22,,,,,,,,,,,,,,,,,,,,,,,,,,,,,,,49.2732676,31.4395197,
08:13:06.221,,,,21,,,,,,,,,,,,,,,,,,,,,,,,,,,,,,,,,,,49.2732676,31.4395197,
08:13:06.318,,,,,,,,,,,,,,,,,,24,,,,,,,,,,,,,,,,,,,,,49.2732676,31.4395197,
08:13:06.390,,,,,,,,,,,,,,22,,,,,,,,,,,,,,,,,,,,,,,,,49.2732676,31.4395197,
08:13:06.463,,,,,,,,,,,,,,,,,0,,,,,,,,,,,,,,,,,,,,,,49.2732676,31.4395197,
08:13:06.521,,,,,,,,,,,,,40,,,,,,,,,,,,,,,,,,,,,,,,,,49.2732676,31.4395197,
08:13:06.569,,,,,,,,,,,,,,,0,0,,,,,,,,,,,,,,,,,,,,,,,49.2732676,31.4395197,
08:13:06.629,,,,,,,,,,,,,,,,,,,0,,,,,,,,,,,,,,,,,,,,49.2732676,31.4395197,
08:13:06.787,,,,,,,,,,,,,,,,,,,,,,,,,,,,,,0,,,,,,,,,49.2732676,31.4395197,
08:13:06.870,,,,,,,,,,,,,,,,,,,,,,,,,,,,,,,,,,,23,,,,49.2732661,31.4395017,
08:13:06.965,,,,,,,,,,,,,,,,,,,,,,,0,0,,,,,,,,,,,,,,,49.2732661,31.4395017,
08:13:07.027,,,,,,,,,,,,,,,,,,,,0,,,,,,,,,,,,,,,,,,,49.2732661,31.4395017,
08:13:07.098,,,,,,,,,,,,,,,,,,,,,,,,,,,,,,,,,,22,,,,,49.2732661,31.4395017,
08:13:07.158,,,,,,,,,,,,,,,,,,,,,,,,,0,0,0,93.03,5923.51,,,0,,,,,,0,49.2732661,31.4395017,
08:13:07.232,,,,,,,,,,,,,,,,,,,,,,,,,,,,,,,0,,,,,100,,,49.2732661,31.4395017,
08:13:07.462,,,,,,,,,,56,,,,,,,,,,,,,,,,,,,,,,,,,,,,,49.2732661,31.4395017,
08:13:07.511,,,,,,,,,353.9,,,,,,,,,,,,,,,,,,,,,,,,,,,,,,49.2732661,31.4395017,
08:13:07.547,,,,,,,,,,,3.691,,,,,,,,,,,,,,,,,,,,,,,,,,,,49.2732661,31.4395017,
08:13:07.594,,,,,,,,,,,,3.682,,,,,,,,,,,,,,,,,,,,,,,,,,,49.2732661,31.4395017,
08:13:07.641,-3,,,,,,,,,,,,,,,,,,,,,,,,,,,,,,,,,,,,,,49.2732661,31.4395017,
08:13:07.679,,,-3,,,,,,,,,,,,,,,,,,,,,,,,,,,,,,,,,,,,49.2732661,31.4395017,
08:13:07.715,,-3,,,,,,,,,,,,,,,,,,,,,,,,,,,,,,,,,,,,,49.2732661,31.4395017,
08:13:07.751,,,,,23,,,,,,,,,,,,,,,,,,,,,,,,,,,,,,,,,,49.2732661,31.4395017,
08:13:07.786,,,,,,23,,,,,,,,,,,,,,,,,,,,,,,,,,,,,,,,,49.2732661,31.4395017,
08:13:07.821,,,,,,,22,,,,,,,,,,,,,,,,,,,,,,,,,,,,,,,,49.2732649,31.4394881,
08:13:07.858,,,,,,,,22,,,,,,,,,,,,,,,,,,,,,,,,,,,,,,,49.2732649,31.4394881,
08:13:07.907,,,,21,,,,,,,,,,,,,,,,,,,,,,,,,,,,,,,,,,,49.2732649,31.4394881,
08:13:07.977,,,,,,,,,,,,,,,,,,24,,,,,,,,,,,,,,,,,,,,,49.2732649,31.4394881,
08:13:08.015,,,,,,,,,,,,,,22,,,,,,,,,,,,,,,,,,,,,,,,,49.2732649,31.4394881,
08:13:08.050,,,,,,,,,,,,,,,,,0,,,,,,,,,,,,,,,,,,,,,,49.2732649,31.4394881,
08:13:08.086,,,,,,,,,,,,,40,,,,,,,,,,,,,,,,,,,,,,,,,,49.2732649,31.4394881,
08:13:08.122,,,,,,,,,,,,,,,0,0,,,,,,,,,,,,,,,,,,,,,,,49.2732649,31.4394881,
08:13:08.159,,,,,,,,,,,,,,,,,,,0,,,,,,,,,,,,,,,,,,,,49.2732649,31.4394881,
08:13:08.314,,,,,,,,,,,,,,,,,,,,,,,,,,,,,,0,,,,,,,,,49.2732649,31.4394881,
08:13:08.386,,,,,,,,,,,,,,,,,,,,,,,0,0,,,,,,,,,,,,,,,49.2732649,31.4394881,
08:13:08.470,,,,,,,,,,,,,,,,,,,,0,,,,,,,,,,,,,,,,,,,49.2732649,31.4394881,
08:13:08.507,,,,,,,,,,,,,,,,,,,,,,,,,,,,,,,,,,22,,,,,49.2732649,31.4394881,
08:13:08.555,,,,,,,,,,,,,,,,,,,,,,,,,0,0,0,93.03,5923.51,,,0,,,,,,0,49.2732649,31.4394881,
08:13:08.614,,,,,,,,,,,,,,,,,,,,,,,,,,,,,,,-0.01,,,,,99,,,49.2732649,31.4394881,
08:13:08.675,,,,,,,,,,56,,,,,,,,,,,,,,,,,,,,,,,,,,,,,49.2732649,31.4394881,
08:13:08.735,,,,,,,,,354.7,,,,,,,,,,,,,,,,,,,,,,,,,,,,,,49.2732649,31.4394881,
08:13:08.771,,,,,,,,,,,3.69,,,,,,,,,,,,,,,,,,,,,,,,,,,,49.2732649,31.4394881,
08:13:08.806,,,,,,,,,,,,3.681,,,,,,,,,,,,,,,,,,,,,,,,,,,49.2732649,31.4394881,
08:13:08.842,-3,,,,,,,,,,,,,,,,,,,,,,,,,,,,,,,,,,,,,,49.2732675,31.4394805,
08:13:08.877,,,-3,,,,,,,,,,,,,,,,,,,,,,,,,,,,,,,,,,,,49.2732675,31.4394805,
08:13:08.926,,-3,,,,,,,,,,,,,,,,,,,,,,,,,,,,,,,,,,,,,49.2732675,31.4394805,
08:13:08.962,,,,,23,,,,,,,,,,,,,,,,,,,,,,,,,,,,,,,,,,49.2732675,31.4394805,
08:13:08.999,,,,,,23,,,,,,,,,,,,,,,,,,,,,,,,,,,,,,,,,49.2732675,31.4394805,
08:13:09.046,,,,,,,22,,,,,,,,,,,,,,,,,,,,,,,,,,,,,,,,49.2732675,31.4394805,
08:13:09.094,,,,,,,,22,,,,,,,,,,,,,,,,,,,,,,,,,,,,,,,49.2732675,31.4394805,
08:13:09.131,,,,21,,,,,,,,,,,,,,,,,,,,,,,,,,,,,,,,,,,49.2732675,31.4394805,
08:13:09.298,,,,,,,,,,,,,,,,,,24,,,,,,,,,,,,,,,,,,,,,49.2732675,31.4394805,
08:13:09.334,,,,,,,,,,,,,,22,,,,,,,,,,,,,,,,,,,,,,,,,49.2732675,31.4394805,
08:13:09.370,,,,,,,,,,,,,,,,,0,,,,,,,,,,,,,,,,,,,,,,49.2732675,31.4394805,
08:13:09.406,,,,,,,,,,,,,40,,,,,,,,,,,,,,,,,,,,,,,,,,49.2732675,31.4394805,
08:13:09.441,,,,,,,,,,,,,,,0,0,,,,,,,,,,,,,,,,,,,,,,,49.2732675,31.4394805,
08:13:09.477,,,,,,,,,,,,,,,,,,,0,,,,,,,,,,,,,,,,,,,,49.2732675,31.4394805,
08:13:09.538,,,,,,,,,,,,,,,,,,,,,,,,,,,,,,0,,,,,,,,,49.2732675,31.4394805,
08:13:09.574,,,,,,,,,,,,,,,,,,,,,,,,,,,,,,,,,,,23,,,,49.2732675,31.4394805,
08:13:09.609,,,,,,,,,,,,,,,,,,,,,,,0,0,,,,,,,,,,,,,,,49.2732675,31.4394805,
08:13:09.646,,,,,,,,,,,,,,,,,,,,0,,,,,,,,,,,,,,,,,,,49.2732675,31.4394805,
08:13:09.695,,,,,,,,,,,,,,,,,,,,,,,,,,,,,,,,,,22,,,,,49.2732675,31.4394805,
08:13:09.754,,,,,,,,,,,,,,,,,,,,,,,,,0,0,0,93.03,5923.51,,,0,,,,,,0,49.2732675,31.4394805,
08:13:33.902,,,,,,,,,354,,,,,,,,,,,,,,,,,,,,,,,,,,,,,,49.2732555,31.4393838,
08:13:33.950,,,,,,,,,353.1,,,,,,,,,,,,,,,,,,,,,,,,,,,,,,49.2732555,31.4393838,
08:13:34.138,,,,,,,,,,,3.679,,,,,,,,,,,,,,,,,,,,,,,,,,,,49.2732555,31.4393838,
08:13:34.235,,,,,,,,,,,,3.67,,,,,,,,,,,,,,,,,,,,,,,,,,,49.2732555,31.4393838,
08:13:34.282,-5,,,,,,,,,,,,,,,,,,,,,,,,,,,,,,,,,,,,,,49.2732555,31.4393838,
08:13:34.318,,,-5,,,,,,,,,,,,,,,,,,,,,,,,,,,,,,,,,,,,49.2732555,31.4393838,
08:13:34.353,,-4,,,,,,,,,,,,,,,,,,,,,,,,,,,,,,,,,,,,,49.2732555,31.4393838,
08:13:34.390,,,,,23,,,,,,,,,,,,,,,,,,,,,,,,,,,,,,,,,,49.2732555,31.4393838,
08:13:34.427,,,,,,23,,,,,,,,,,,,,,,,,,,,,,,,,,,,,,,,,49.2732555,31.4393838,
08:13:34.462,,,,,,,22,,,,,,,,,,,,,,,,,,,,,,,,,,,,,,,,49.2732555,31.4393838,
08:13:34.510,,,,,,,,22,,,,,,,,,,,,,,,,,,,,,,,,,,,,,,,49.2732555,31.4393838,
08:13:34.547,,,,21,,,,,,,,,,,,,,,,,,,,,,,,,,,,,,,,,,,49.2732555,31.4393838,
08:13:34.607,,,,,,,,,,,,,,,,,,24,,,,,,,,,,,,,,,,,,,,,49.2732555,31.4393838,
08:13:34.649,,,,,,,,,,,,,,22,,,,,,,,,,,,,,,,,,,,,,,,,49.2732555,31.4393838,
08:13:34.686,,,,,,,,,,,,,,,,,-22,,,,,,,,,,,,,,,,,,,,,,49.2732555,31.4393838,
08:13:34.722,,,,,,,,,,,,,39,,,,,,,,,,,,,,,,,,,,,,,,,,49.2732555,31.4393838,
08:13:34.759,,,,,,,,,,,,,,,-1408,-0.09,,,,,,,,,,,,,,,,,,,,,,,49.2732555,31.4393838,
08:13:34.807,,,,,,,,,,,,,,,,,,,3,,,,,,,,,,,,,,,,,,,,49.2732555,31.4393838,
08:13:34.865,,,,,,,,,,,,,,,,,,,,,,,,,,,,,,0,,,,,,,,,49.2732555,31.4393838,
08:13:34.914,,,,,,,,,,,,,,,,,,,,,,,0,0,,,,,,,,,,,,,,,49.2732555,31.4393838,
08:13:35.009,,,,,,,,,,,,,,,,,,,,0,,,,,,,,,,,,,,,,,,,49.2732555,31.4393838,
08:13:35.094,,,,,,,,,,,,,,,,,,,,,,,,,,,,,,,,,,22,,,,,49.2732555,31.4393838,
08:13:35.167,,,,,,,,,,,,,,,,,,,,,,,,,0.0030591486389337846,,,,,,,,,,,,,3,49.2732555,31.4393838,
08:13:35.225,,,,,,,,,,,,,,,,,,,,,,,,,,,,,,,0,,,,,100,,,49.2732555,31.4393838,
08:13:35.287,,,,,,,,,,55.5,,,,,,,,,,,,,,,,,,,,,,,,,,,,,49.2732555,31.4393838,
08:13:35.322,,,,,,,,,354,,,,,,,,,,,,,,,,,,,,,,,,,,,,,,49.2732555,31.4393838,
08:13:35.370,,,,,,,,,,,3.679,,,,,,,,,,,,,,,,,,,,,,,,,,,,49.2732555,31.4393838,
08:13:35.406,,,,,,,,,,,,3.672,,,,,,,,,,,,,,,,,,,,,,,,,,,49.2732555,31.4393838,
08:13:35.453,-5,,,,,,,,,,,,,,,,,,,,,,,,,,,,,,,,,,,,,,49.2732555,31.4393838,
08:13:35.490,,,-5,,,,,,,,,,,,,,,,,,,,,,,,,,,,,,,,,,,,49.2732555,31.4393838,
08:13:35.514,,-5,,,,,,,,,,,,,,,,,,,,,,,,,,,,,,,,,,,,,49.2732555,31.4393838,
08:13:35.554,,,,,23,,,,,,,,,,,,,,,,,,,,,,,,,,,,,,,,,,49.2732555,31.4393838,
08:13:35.589,,,,,,23,,,,,,,,,,,,,,,,,,,,,,,,,,,,,,,,,49.2732555,31.4393838,
08:13:35.624,,,,,,,22,,,,,,,,,,,,,,,,,,,,,,,,,,,,,,,,49.2732555,31.4393838,
08:13:35.663,,,,,,,,22,,,,,,,,,,,,,,,,,,,,,,,,,,,,,,,49.2732555,31.4393838,
08:13:35.697,,,,21,,,,,,,,,,,,,,,,,,,,,,,,,,,,,,,,,,,49.2732555,31.4393838,
08:13:35.757,,,,,,,,,,,,,,,,,,24,,,,,,,,,,,,,,,,,,,,,49.2732555,31.4393838,
08:13:35.782,,,,,,,,,,,,,,22,,,,,,,,,,,,,,,,,,,,,,,,,49.2732555,31.4393838,
08:13:35.819,,,,,,,,,,,,,,,,,-25,,,,,,,,,,,,,,,,,,,,,,49.2732555,31.4393838,
08:13:35.866,,,,,,,,,,,,,39,,,,,,,,,,,,,,,,,,,,,,,,,,49.2732555,31.4393838,
08:13:35.901,,,,,,,,,,,,,,,-1600,-0.11,,,,,,,,,,,,,,,,,,,,,,,49.2732555,31.4393838,
08:13:35.926,,,,,,,,,,,,,,,,,,,3,,,,,,,,,,,,,,,,,,,,49.2732555,31.4393838,
08:13:36.027,,,,,,,,,,,,,,,,,,,,,,,,,,,,,,0,,,,,,,,,49.2732555,31.4393838,
08:13:36.103,,,,,,,,,,,,,,,,,,,,,,,,,,,,,,,,,,,23,,,,49.2732555,31.4393838,
08:13:36.174,,,,,,,,,,,,,,,,,,,,,,,0,0,,,,,,,,,,,,,,,49.2732555,31.4393838,
08:13:36.258,,,,,,,,,,,,,,,,,,,,0,,,,,,,,,,,,,,,,,,,49.2732555,31.4393838,
08:13:36.306,,,,,,,,,,,,,,,,,,,,,,,,,,,,,,,,,,22,,,,,49.2732555,31.4393838,
08:13:36.355,,,,,,,,,,,,,,,,,,,,,,,,,,0,0,93.03,5923.51,,,0.2,,,,,,2,49.2732555,31.4393838,
08:13:36.395,,,,,,,,,,,,,,,,,,,,,,,,,,,,,,,0,,,,,100,,,49.2732555,31.4393838,
08:13:36.455,,,,,,,,,,55,,,,,,,,,,,,,,,,,,,,,,,,,,,,,49.2732555,31.4393838,
08:13:36.489,,,,,,,,,353.7,,,,,,,,,,,,,,,,,,,,,,,,,,,,,,49.2732555,31.4393838,
08:13:36.527,,,,,,,,,,,3.678,,,,,,,,,,,,,,,,,,,,,,,,,,,,49.2732555,31.4393838,
08:13:36.561,,,,,,,,,,,,3.671,,,,,,,,,,,,,,,,,,,,,,,,,,,49.2732555,31.4393838,
08:13:36.598,-5,,,,,,,,,,,,,,,,,,,,,,,,,,,,,,,,,,,,,,49.2732555,31.4393838,
08:13:36.634,,,-6,,,,,,,,,,,,,,,,,,,,,,,,,,,,,,,,,,,,49.2732555,31.4393838,
08:13:36.670,,-5,,,,,,,,,,,,,,,,,,,,,,,,,,,,,,,,,,,,,49.2732555,31.4393838,
08:13:36.705,,,,,23,,,,,,,,,,,,,,,,,,,,,,,,,,,,,,,,,,49.2732555,31.4393838,
08:13:36.741,,,,,,23,,,,,,,,,,,,,,,,,,,,,,,,,,,,,,,,,49.2732555,31.4393838,
08:13:36.789,,,,,,,22,,,,,,,,,,,,,,,,,,,,,,,,,,,,,,,,49.2732555,31.4393838,
08:13:36.827,,,,,,,,22,,,,,,,,,,,,,,,,,,,,,,,,,,,,,,,49.2732555,31.4393838,
08:13:36.898,,,,21,,,,,,,,,,,,,,,,,,,,,,,,,,,,,,,,,,,49.2732555,31.4393838,
08:13:37.047,,,,,,,,,,,,,,,,,,24,,,,,,,,,,,,,,,,,,,,,49.2732555,31.4393838,
08:13:37.107,,,,,,,,,,,,,,22,,,,,,,,,,,,,,,,,,,,,,,,,49.2732555,31.4393838,
08:13:37.154,,,,,,,,,,,,,,,,,-24,,,,,,,,,,,,,,,,,,,,,,49.2732555,31.4393838,
08:13:37.190,,,,,,,,,,,,,39,,,,,,,,,,,,,,,,,,,,,,,,,,49.2732555,31.4393838,
08:13:37.226,,,,,,,,,,,,,,,-1504,-0.09,,,,,,,,,,,,,,,,,,,,,,,49.2732555,31.4393838,
08:13:37.265,,,,,,,,,,,,,,,,,,,3,,,,,,,,,,,,,,,,,,,,49.2732555,31.4393838,
08:13:37.355,,,,,,,,,,,,,,,,,,,,,,,,,,,,,,0,,,,,,,,,49.2732555,31.4393838,
08:13:37.403,,,,,,,,,,,,,,,,,,,,,,,0,0,,,,,,,,,,,,,,,49.2732555,31.4393838,
08:13:37.441,,,,,,,,,,,,,,,,,,,,0,,,,,,,,,,,,,,,,,,,49.2732555,31.4393838,
08:13:37.490,,,,,,,,,,,,,,,,,,,,,,,,,,,,,,,,,,22,,,,,49.2732555,31.4393838,
08:13:37.526,,,,,,,,,,,,,,,,,,,,,,,,,,0,0,93.03,5923.51,,,0.3,,,,,,2,49.2732555,31.4393838,
08:13:37.574,,,,,,,,,,,,,,,,,,,,,,,,,,,,,,,0,,,,,100,,,49.2732555,31.4393838,
08:13:37.658,,,,,,,,,,55,,,,,,,,,,,,,,,,,,,,,,,,,,,,,49.2732555,31.4393838,
08:13:37.706,,,,,,,,,353.2,,,,,,,,,,,,,,,,,,,,,,,,,,,,,,49.2732555,31.4393838,
08:13:37.742,,,,,,,,,,,3.679,,,,,,,,,,,,,,,,,,,,,,,,,,,,49.2732555,31.4393838,
08:13:37.791,,,,,,,,,,,,3.671,,,,,,,,,,,,,,,,,,,,,,,,,,,49.2732555,31.4393838,
08:13:37.854,-5,,,,,,,,,,,,,,,,,,,,,,,,,,,,,,,,,,,,,,49.2732555,31.4393838,
08:13:37.943,,,-5,,,,,,,,,,,,,,,,,,,,,,,,,,,,,,,,,,,,49.2732555,31.4393838,
08:13:38.026,,-5,,,,,,,,,,,,,,,,,,,,,,,,,,,,,,,,,,,,,49.2732555,31.4393838,
08:13:38.086,,,,,23,,,,,,,,,,,,,,,,,,,,,,,,,,,,,,,,,,49.2732555,31.4393838,
08:13:38.127,,,,,,23,,,,,,,,,,,,,,,,,,,,,,,,,,,,,,,,,49.2732555,31.4393838,
08:13:38.161,,,,,,,22,,,,,,,,,,,,,,,,,,,,,,,,,,,,,,,,49.2732555,31.4393838,
08:13:38.214,,,,,,,,22,,,,,,,,,,,,,,,,,,,,,,,,,,,,,,,49.2732555,31.4393838,
08:13:38.254,,,,21,,,,,,,,,,,,,,,,,,,,,,,,,,,,,,,,,,,49.2732555,31.4393838,
08:13:38.315,,,,,,,,,,,,,,,,,,24,,,,,,,,,,,,,,,,,,,,,49.2732555,31.4393838,
08:13:38.350,,,,,,,,,,,,,,22,,,,,,,,,,,,,,,,,,,,,,,,,49.2732555,31.4393838,
08:13:38.398,,,,,,,,,,,,,,,,,-22,,,,,,,,,,,,,,,,,,,,,,49.2732555,31.4393838,
08:13:38.435,,,,,,,,,,,,,39,,,,,,,,,,,,,,,,,,,,,,,,,,49.2732555,31.4393838,
08:13:38.469,,,,,,,,,,,,,,,-1440,-0.09,,,,,,,,,,,,,,,,,,,,,,,49.2732555,31.4393838,
08:13:38.518,,,,,,,,,,,,,,,,,,,3,,,,,,,,,,,,,,,,,,,,49.2732555,31.4393838,
08:13:38.594,,,,,,,,,,,,,,,,,,,,,,,,,,,,,,0,,,,,,,,,49.2732555,31.4393838,
08:13:38.654,,,,,,,,,,,,,,,,,,,,,,,,,,,,,,,,,,,23,,,,49.2732555,31.4393838,
08:13:38.690,,,,,,,,,,,,,,,,,,,,,,,0,0,,,,,,,,,,,,,,,49.2732555,31.4393838,
08:13:38.739,,,,,,,,,,,,,,,,,,,,0,,,,,,,,,,,,,,,,,,,49.2732555,31.4393838,
08:13:38.775,,,,,,,,,,,,,,,,,,,,,,,,,,,,,,,,,,22,,,,,49.2732555,31.4393838,
08:13:38.847,,,,,,,,,,,,,,,,,,,,,,,,,,0,0,93.03,5923.51,,,0.5,,,,,,3,49.2732555,31.4393838,
08:13:38.931,,,,,,,,,,,,,,,,,,,,,,,,,,,,,,,0,,,,,100,,,49.2732555,31.4393838,
08:13:39.058,,,,,,,,,,55,,,,,,,,,,,,,,,,,,,,,,,,,,,,,49.2732555,31.4393838,
08:13:39.097,,,,,,,,,353.9,,,,,,,,,,,,,,,,,,,,,,,,,,,,,,49.2732555,31.4393838,
08:13:39.146,,,,,,,,,,,3.678,,,,,,,,,,,,,,,,,,,,,,,,,,,,49.2732555,31.4393838,
08:13:39.195,,,,,,,,,,,,3.671,,,,,,,,,,,,,,,,,,,,,,,,,,,49.2732555,31.4393838,
08:13:39.235,-5,,,,,,,,,,,,,,,,,,,,,,,,,,,,,,,,,,,,,,49.2732555,31.4393838,
08:13:39.271,,,-5,,,,,,,,,,,,,,,,,,,,,,,,,,,,,,,,,,,,49.2732555,31.4393838,
08:13:39.317,,-5,,,,,,,,,,,,,,,,,,,,,,,,,,,,,,,,,,,,,49.2732555,31.4393838,
08:13:39.354,,,,,23,,,,,,,,,,,,,,,,,,,,,,,,,,,,,,,,,,49.2732555,31.4393838,
08:13:39.403,,,,,,23,,,,,,,,,,,,,,,,,,,,,,,,,,,,,,,,,49.2732555,31.4393838,
08:13:39.450,,,,,,,22,,,,,,,,,,,,,,,,,,,,,,,,,,,,,,,,49.2732555,31.4393838,
08:13:39.491,,,,,,,,22,,,,,,,,,,,,,,,,,,,,,,,,,,,,,,,49.2732555,31.4393838,
08:13:39.527,,,,21,,,,,,,,,,,,,,,,,,,,,,,,,,,,,,,,,,,49.2732555,31.4393838,
08:13:39.591,,,,,,,,,,,,,,,,,,24,,,,,,,,,,,,,,,,,,,,,49.2732555,31.4393838,
08:13:39.625,,,,,,,,,,,,,,22,,,,,,,,,,,,,,,,,,,,,,,,,49.2732555,31.4393838,
08:13:39.674,,,,,,,,,,,,,,,,,-21,,,,,,,,,,,,,,,,,,,,,,49.2732555,31.4393838,
08:13:39.710,,,,,,,,,,,,,39,,,,,,,,,,,,,,,,,,,,,,,,,,49.2732555,31.4393838,
08:13:39.758,,,,,,,,,,,,,,,-1376,-0.09,,,,,,,,,,,,,,,,,,,,,,,49.2732555,31.4393838,
08:13:39.826,,,,,,,,,,,,,,,,,,,3,,,,,,,,,,,,,,,,,,,,49.2732555,31.4393838,
08:13:39.974,,,,,,,,,,,,,,,,,,,,,,,,,,,,,,0,,,,,,,,,49.2732555,31.4393838,
08:13:40.058,,,,,,,,,,,,,,,,,,,,,,,0,0,,,,,,,,,,,,,,,49.2732555,31.4393838,
08:13:40.095,,,,,,,,,,,,,,,,,,,,0,,,,,,,,,,,,,,,,,,,49.2732555,31.4393838,
08:13:40.143,,,,,,,,,,,,,,,,,,,,,,,,,,,,,,,,,,22,,,,,49.2732555,31.4393838,
08:13:40.179,,,,,,,,,,,,,,,,,,,,,,,,,,0,0,93.03,5923.51,,,0.7,,,,,,3,49.2732555,31.4393838,
08:13:40.226,,,,,,,,,,,,,,,,,,,,,,,,,,,,,,,0,,,,,100,,,49.2732555,31.4393838,
08:13:40.301,,,,,,,,,,55,,,,,,,,,,,,,,,,,,,,,,,,,,,,,49.2732555,31.4393838,
08:13:40.341,,,,,,,,,353.1,,,,,,,,,,,,,,,,,,,,,,,,,,,,,,49.2732555,31.4393838,
08:13:40.379,,,,,,,,,,,3.679,,,,,,,,,,,,,,,,,,,,,,,,,,,,49.2732555,31.4393838,
08:13:40.414,,,,,,,,,,,,3.67,,,,,,,,,,,,,,,,,,,,,,,,,,,49.2732555,31.4393838,
08:13:40.454,-5,,,,,,,,,,,,,,,,,,,,,,,,,,,,,,,,,,,,,,49.2732555,31.4393838,
08:13:40.491,,,-5,,,,,,,,,,,,,,,,,,,,,,,,,,,,,,,,,,,,49.2732555,31.4393838,
08:13:40.525,,-4,,,,,,,,,,,,,,,,,,,,,,,,,,,,,,,,,,,,,49.2732555,31.4393838,
08:13:40.561,,,,,23,,,,,,,,,,,,,,,,,,,,,,,,,,,,,,,,,,49.2732555,31.4393838,
08:13:40.639,,,,,,23,,,,,,,,,,,,,,,,,,,,,,,,,,,,,,,,,49.2732555,31.4393838,
08:13:40.703,,,,,,,22,,,,,,,,,,,,,,,,,,,,,,,,,,,,,,,,49.2732555,31.4393838,
08:13:40.778,,,,,,,,22,,,,,,,,,,,,,,,,,,,,,,,,,,,,,,,49.2732555,31.4393838,
08:13:40.839,,,,21,,,,,,,,,,,,,,,,,,,,,,,,,,,,,,,,,,,49.2732555,31.4393838,
08:13:40.946,,,,,,,,,,,,,,,,,,24,,,,,,,,,,,,,,,,,,,,,49.2732555,31.4393838,
08:13:40.982,,,,,,,,,,,,,,22,,,,,,,,,,,,,,,,,,,,,,,,,49.2732555,31.4393838,
08:13:41.031,,,,,,,,,,,,,,,,,-22,,,,,,,,,,,,,,,,,,,,,,49.2732555,31.4393838,
08:13:41.066,,,,,,,,,,,,,39,,,,,,,,,,,,,,,,,,,,,,,,,,49.2732555,31.4393838,
08:13:41.090,,,,,,,,,,,,,,,-1440,-0.09,,,,,,,,,,,,,,,,,,,,,,,49.2732555,31.4393838,
08:13:41.126,,,,,,,,,,,,,,,,,,,3,,,,,,,,,,,,,,,,,,,,49.2732555,31.4393838,
08:13:41.227,,,,,,,,,,,,,,,,,,,,,,,,,,,,,,0,,,,,,,,,49.2732555,31.4393838,
08:13:41.287,,,,,,,,,,,,,,,,,,,,,,,,,,,,,,,,,,,23,,,,49.2732555,31.4393838,
08:13:41.335,,,,,,,,,,,,,,,,,,,,,,,0,0,,,,,,,,,,,,,,,49.2732555,31.4393838,
08:13:41.398,,,,,,,,,,,,,,,,,,,,0,,,,,,,,,,,,,,,,,,,49.2732555,31.4393838,
08:13:41.434,,,,,,,,,,,,,,,,,,,,,,,,,,,,,,,,,,22,,,,,49.2732555,31.4393838,
08:13:41.471,,,,,,,,,,,,,,,,,,,,,,,,,,0,0,93.03,5923.51,,,0.7,,,,,,2,49.2732555,31.4393838,
08:13:41.506,,,,,,,,,,,,,,,,,,,,,,,,,,,,,,,0,,,,,100,,,49.2732555,31.4393838,
08:13:41.566,,,,,,,,,,55,,,,,,,,,,,,,,,,,,,,,,,,,,,,,49.2732555,31.4393838,
08:13:41.603,,,,,,,,,352.4,,,,,,,,,,,,,,,,,,,,,,,,,,,,,,49.2732555,31.4393838,
08:13:41.643,,,,,,,,,,,3.679,,,,,,,,,,,,,,,,,,,,,,,,,,,,49.2732555,31.4393838,
08:13:41.678,,,,,,,,,,,,3.67,,,,,,,,,,,,,,,,,,,,,,,,,,,49.2732555,31.4393838,
08:13:41.714,-5,,,,,,,,,,,,,,,,,,,,,,,,,,,,,,,,,,,,,,49.2732555,31.4393838,
08:13:41.751,,,-5,,,,,,,,,,,,,,,,,,,,,,,,,,,,,,,,,,,,49.2732555,31.4393838,
08:13:41.827,,-4,,,,,,,,,,,,,,,,,,,,,,,,,,,,,,,,,,,,,49.2732555,31.4393838,
08:13:41.885,,,,,23,,,,,,,,,,,,,,,,,,,,,,,,,,,,,,,,,,49.2732555,31.4393838,
08:13:41.983,,,,,,23,,,,,,,,,,,,,,,,,,,,,,,,,,,,,,,,,49.2732555,31.4393838,
08:13:42.022,,,,,,,22,,,,,,,,,,,,,,,,,,,,,,,,,,,,,,,,49.2732555,31.4393838,
08:13:42.069,,,,,,,,22,,,,,,,,,,,,,,,,,,,,,,,,,,,,,,,49.2732555,31.4393838,
08:13:42.106,,,,21,,,,,,,,,,,,,,,,,,,,,,,,,,,,,,,,,,,49.2732555,31.4393838,
08:13:42.167,,,,,,,,,,,,,,,,,,24,,,,,,,,,,,,,,,,,,,,,49.2732555,31.4393838,
08:13:42.202,,,,,,,,,,,,,,22,,,,,,,,,,,,,,,,,,,,,,,,,49.2732555,31.4393838,
08:13:42.249,,,,,,,,,,,,,,,,,-23,,,,,,,,,,,,,,,,,,,,,,49.2732555,31.4393838,
08:13:42.286,,,,,,,,,,,,,39,,,,,,,,,,,,,,,,,,,,,,,,,,49.2732555,31.4393838,
08:13:42.334,,,,,,,,,,,,,,,-1408,-0.09,,,,,,,,,,,,,,,,,,,,,,,49.2732555,31.4393838,
08:13:42.362,,,,,,,,,,,,,,,,,,,3,,,,,,,,,,,,,,,,,,,,49.2732555,31.4393838,
08:13:42.422,,,,,,,,,,,,,,,,,,,,,,,,,,,,,,0,,,,,,,,,49.2732555,31.4393838,
08:13:42.481,,,,,,,,,,,,,,,,,,,,,,,0,0,,,,,,,,,,,,,,,49.2732555,31.4393838,
08:13:42.518,,,,,,,,,,,,,,,,,,,,0,,,,,,,,,,,,,,,,,,,49.2732555,31.4393838,
08:13:42.578,,,,,,,,,,,,,,,,,,,,,,,,,,,,,,,,,,22,,,,,49.2732555,31.4393838,
08:13:42.630,,,,,,,,,,,,,,,,,,,,,,,,,,0.01,0.01,93.03,5923.51,,,0.9,,,,,,3,49.2732555,31.4393838,
08:13:42.701,,,,,,,,,,,,,,,,,,,,,,,,,,,,,,,0,,,,,100,,,49.2732555,31.4393838,
08:13:42.846,,,,,,,,,,55,,,,,,,,,,,,,,,,,,,,,,,,,,,,,49.2732555,31.4393838,
08:13:42.893,,,,,,,,,353.7,,,,,,,,,,,,,,,,,,,,,,,,,,,,,,49.2732555,31.4393838,
08:13:42.929,,,,,,,,,,,3.677,,,,,,,,,,,,,,,,,,,,,,,,,,,,49.2732555,31.4393838,
08:13:42.964,,,,,,,,,,,,3.67,,,,,,,,,,,,,,,,,,,,,,,,,,,49.2732555,31.4393838,
08:13:43.014,-5,,,,,,,,,,,,,,,,,,,,,,,,,,,,,,,,,,,,,,49.2732555,31.4393838,
08:13:43.051,,,-5,,,,,,,,,,,,,,,,,,,,,,,,,,,,,,,,,,,,49.2732555,31.4393838,
08:13:43.097,,-4,,,,,,,,,,,,,,,,,,,,,,,,,,,,,,,,,,,,,49.2732555,31.4393838,
08:13:43.146,,,,,23,,,,,,,,,,,,,,,,,,,,,,,,,,,,,,,,,,49.2732555,31.4393838,
08:13:43.186,,,,,,23,,,,,,,,,,,,,,,,,,,,,,,,,,,,,,,,,49.2732555,31.4393838,
08:13:43.223,,,,,,,22,,,,,,,,,,,,,,,,,,,,,,,,,,,,,,,,49.2732555,31.4393838,
08:13:43.259,,,,,,,,22,,,,,,,,,,,,,,,,,,,,,,,,,,,,,,,49.2732555,31.4393838,
08:13:43.294,,,,21,,,,,,,,,,,,,,,,,,,,,,,,,,,,,,,,,,,49.2732555,31.4393838,
08:13:43.355,,,,,,,,,,,,,,,,,,24,,,,,,,,,,,,,,,,,,,,,49.2732555,31.4393838,
08:13:43.401,,,,,,,,,,,,,,22,,,,,,,,,,,,,,,,,,,,,,,,,49.2732555,31.4393838,
08:13:43.439,,,,,,,,,,,,,,,,,-27,,,,,,,,,,,,,,,,,,,,,,49.2732555,31.4393838,
08:13:43.473,,,,,,,,,,,,,39,,,,,,,,,,,,,,,,,,,,,,,,,,49.2732555,31.4393838,
08:13:43.509,,,,,,,,,,,,,,,-1792,-0.11,,,,,,,,,,,,,,,,,,,,,,,49.2732555,31.4393838,
08:13:43.570,,,,,,,,,,,,,,,,,,,2,,,,,,,,,,,,,,,,,,,,49.2732555,31.4393838,
08:13:43.739,,,,,,,,,,,,,,,,,,,,,,,,,,,,,,0,,,,,,,,,49.2732555,31.4393838,
08:13:43.802,,,,,,,,,,,,,,,,,,,,,,,,,,,,,,,,,,,23,,,,49.2732555,31.4393838,
08:13:43.838,,,,,,,,,,,,,,,,,,,,,,,0,0,,,,,,,,,,,,,,,49.2732555,31.4393838,
08:13:43.886,,,,,,,,,,,,,,,,,,,,0,,,,,,,,,,,,,,,,,,,49.2732555,31.4393838,
08:13:43.922,,,,,,,,,,,,,,,,,,,,,,,,,,,,,,,,,,22,,,,,49.2732555,31.4393838,
08:13:43.958,,,,,,,,,,,,,,,,,,,,,,,,,,0.01,0.01,93.03,5923.51,,,0.8,,,,,,0,49.2732555,31.4393838,
08:13:43.994,,,,,,,,,,,,,,,,,,,,,,,,,,,,,,,0,,,,,100,,,49.2732555,31.4393838,
08:13:44.054,,,,,,,,,,55,,,,,,,,,,,,,,,,,,,,,,,,,,,,,49.2732555,31.4393838,
08:13:44.091,,,,,,,,,353.7,,,,,,,,,,,,,,,,,,,,,,,,,,,,,,49.2732555,31.4393838,
08:13:44.138,,,,,,,,,,,3.678,,,,,,,,,,,,,,,,,,,,,,,,,,,,49.2732555,31.4393838,
08:13:44.186,,,,,,,,,,,,3.67,,,,,,,,,,,,,,,,,,,,,,,,,,,49.2732555,31.4393838,
08:13:44.223,-4,,,,,,,,,,,,,,,,,,,,,,,,,,,,,,,,,,,,,,49.2732555,31.4393838,
08:13:44.257,,,-5,,,,,,,,,,,,,,,,,,,,,,,,,,,,,,,,,,,,49.2732555,31.4393838,
08:13:44.306,,-4,,,,,,,,,,,,,,,,,,,,,,,,,,,,,,,,,,,,,49.2732555,31.4393838,
08:13:44.343,,,,,23,,,,,,,,,,,,,,,,,,,,,,,,,,,,,,,,,,49.2732555,31.4393838,
08:13:44.378,,,,,,23,,,,,,,,,,,,,,,,,,,,,,,,,,,,,,,,,49.2732555,31.4393838,
08:13:44.430,,,,,,,22,,,,,,,,,,,,,,,,,,,,,,,,,,,,,,,,49.2732555,31.4393838,
08:13:44.459,,,,,,,,22,,,,,,,,,,,,,,,,,,,,,,,,,,,,,,,49.2732555,31.4393838,
08:13:44.494,,,,21,,,,,,,,,,,,,,,,,,,,,,,,,,,,,,,,,,,49.2732555,31.4393838,
08:13:44.649,,,,,,,,,,,,,,,,,,24,,,,,,,,,,,,,,,,,,,,,49.2732555,31.4393838,
08:13:44.735,,,,,,,,,,,,,,22,,,,,,,,,,,,,,,,,,,,,,,,,49.2732555,31.4393838,
08:13:44.783,,,,,,,,,,,,,,,,,-59,,,,,,,,,,,,,,,,,,,,,,49.2732555,31.4393838,
08:13:44.818,,,,,,,,,,,,,39,,,,,,,,,,,,,,,,,,,,,,,,,,49.2732555,31.4393838,
08:13:44.855,,,,,,,,,,,,,,,-3904,-0.25,,,,,,,,,,,,,,,,,,,,,,,49.2732555,31.4393838,
08:13:44.891,,,,,,,,,,,,,,,,,,,1,,,,,,,,,,,,,,,,,,,,49.2732555,31.4393838,
08:13:44.962,,,,,,,,,,,,,,,,,,,,,,,,,,,,,,0,,,,,,,,,49.2732555,31.4393838,
08:13:44.998,,,,,,,,,,,,,,,,,,,,,,,0,0,,,,,,,,,,,,,,,49.2732555,31.4393838,
08:13:45.070,,,,,,,,,,,,,,,,,,,,0,,,,,,,,,,,,,,,,,,,49.2732555,31.4393838,
08:13:45.106,,,,,,,,,,,,,,,,,,,,,,,,,,,,,,,,,,22,,,,,49.2732555,31.4393838,
08:13:45.166,,,,,,,,,,,,,,,,,,,,,,,,,,0.01,0.01,93.03,5923.51,,,0.8,,,,,,0,49.2732555,31.4393838,
08:13:45.214,,,,,,,,,,,,,,,,,,,,,,,,,,,,,,,0,,,,,100,,,49.2732555,31.4393838,
08:13:45.274,,,,,,,,,,55,,,,,,,,,,,,,,,,,,,,,,,,,,,,,49.2732555,31.4393838,
08:13:45.311,,,,,,,,,351.6,,,,,,,,,,,,,,,,,,,,,,,,,,,,,,49.2732555,31.4393838,
08:13:45.359,,,,,,,,,,,3.673,,,,,,,,,,,,,,,,,,,,,,,,,,,,49.2732555,31.4393838,
08:13:45.406,,,,,,,,,,,,3.662,,,,,,,,,,,,,,,,,,,,,,,,,,,49.2732555,31.4393838,
08:13:45.457,-9,,,,,,,,,,,,,,,,,,,,,,,,,,,,,,,,,,,,,,49.2732555,31.4393838,
08:13:45.504,,,-9,,,,,,,,,,,,,,,,,,,,,,,,,,,,,,,,,,,,49.2732555,31.4393838,
08:13:45.543,,-9,,,,,,,,,,,,,,,,,,,,,,,,,,,,,,,,,,,,,49.2732555,31.4393838,
08:13:45.578,,,,,23,,,,,,,,,,,,,,,,,,,,,,,,,,,,,,,,,,49.2732555,31.4393838,
08:13:45.626,,,,,,23,,,,,,,,,,,,,,,,,,,,,,,,,,,,,,,,,49.2732555,31.4393838,
08:13:45.706,,,,,,,22,,,,,,,,,,,,,,,,,,,,,,,,,,,,,,,,49.2732555,31.4393838,
08:13:45.782,,,,,,,,22,,,,,,,,,,,,,,,,,,,,,,,,,,,,,,,49.2732555,31.4393838,
08:13:45.829,,,,21,,,,,,,,,,,,,,,,,,,,,,,,,,,,,,,,,,,49.2732555,31.4393838,
08:13:45.891,,,,,,,,,,,,,,,,,,24,,,,,,,,,,,,,,,,,,,,,49.2732555,31.4393838,
08:13:45.926,,,,,,,,,,,,,,22,,,,,,,,,,,,,,,,,,,,,,,,,49.2732555,31.4393838,
08:13:45.962,,,,,,,,,,,,,,,,,-78,,,,,,,,,,,,,,,,,,,,,,49.2732555,31.4393838,
08:13:46.006,,,,,,,,,,,,,39,,,,,,,,,,,,,,,,,,,,,,,,,,49.2732555,31.4393838,
08:13:46.046,,,,,,,,,,,,,,,-4928,-0.31,,,,,,,,,,,,,,,,,,,,,,,49.2732555,31.4393838,
08:13:46.087,,,,,,,,,,,,,,,,,,,2,,,,,,,,,,,,,,,,,,,,49.2732555,31.4393838,
08:13:46.159,,,,,,,,,,,,,,,,,,,,,,,,,,,,,,0,,,,,,,,,49.2732555,31.4393838,
08:13:46.197,,,,,,,,,,,,,,,,,,,,,,,,,,,,,,,,,,,23,,,,49.2732555,31.4393838,
08:13:46.239,,,,,,,,,,,,,,,,,,,,,,,0,0,,,,,,,,,,,,,,,49.2732555,31.4393838,
08:13:46.314,,,,,,,,,,,,,,,,,,,,0,,,,,,,,,,,,,,,,,,,49.2732555,31.4393838,
08:13:46.351,,,,,,,,,,,,,,,,,,,,,,,,,,,,,,,,,,22,,,,,49.2732555,31.4393838,
08:13:46.399,,,,,,,,,,,,,,,,,,,,,,,,,,0.01,0.01,93.03,5923.51,,,0.8,,,,,,2,49.2732555,31.4393838,
08:13:46.436,,,,,,,,,,,,,,,,,,,,,,,,,,,,,,,0,,,,,100,,,49.2732555,31.4393838,
08:13:46.582,,,,,,,,,,55,,,,,,,,,,,,,,,,,,,,,,,,,,,,,49.2732555,31.4393838,
08:13:46.666,,,,,,,,,352.9,,,,,,,,,,,,,,,,,,,,,,,,,,,,,,49.2732555,31.4393838,
08:13:46.726,,,,,,,,,,,3.668,,,,,,,,,,,,,,,,,,,,,,,,,,,,49.2732555,31.4393838,
08:13:46.763,,,,,,,,,,,,3.659,,,,,,,,,,,,,,,,,,,,,,,,,,,49.2732555,31.4393838,
08:13:46.798,-9,,,,,,,,,,,,,,,,,,,,,,,,,,,,,,,,,,,,,,49.2732555,31.4393838,
08:13:46.845,,,-9,,,,,,,,,,,,,,,,,,,,,,,,,,,,,,,,,,,,49.2732555,31.4393838,
08:13:46.894,,-9,,,,,,,,,,,,,,,,,,,,,,,,,,,,,,,,,,,,,49.2732555,31.4393838,
08:13:46.930,,,,,23,,,,,,,,,,,,,,,,,,,,,,,,,,,,,,,,,,49.2732555,31.4393838,
08:13:46.966,,,,,,23,,,,,,,,,,,,,,,,,,,,,,,,,,,,,,,,,49.2732555,31.4393838,
08:13:47.002,,,,,,,22,,,,,,,,,,,,,,,,,,,,,,,,,,,,,,,,49.2732555,31.4393838,
08:13:47.037,,,,,,,,22,,,,,,,,,,,,,,,,,,,,,,,,,,,,,,,49.2732555,31.4393838,
08:13:47.078,,,,21,,,,,,,,,,,,,,,,,,,,,,,,,,,,,,,,,,,49.2732555,31.4393838,
08:13:47.139,,,,,,,,,,,,,,,,,,24,,,,,,,,,,,,,,,,,,,,,49.2732555,31.4393838,
08:13:47.186,,,,,,,,,,,,,,22,,,,,,,,,,,,,,,,,,,,,,,,,49.2732555,31.4393838,
08:13:47.222,,,,,,,,,,,,,,,,,-25,,,,,,,,,,,,,,,,,,,,,,49.2732555,31.4393838,
08:13:47.258,,,,,,,,,,,,,39,,,,,,,,,,,,,,,,,,,,,,,,,,49.2732555,31.4393838,
08:13:47.281,,,,,,,,,,,,,,,-1472,-0.09,,,,,,,,,,,,,,,,,,,,,,,49.2732555,31.4393838,
08:13:47.330,,,,,,,,,,,,,,,,,,,4,,,,,,,,,,,,,,,,,,,,49.2732555,31.4393838,
08:13:47.403,,,,,,,,,,,,,,,,,,,,,,,,,,,,,,0,,,,,,,,,49.2732555,31.4393838,
08:13:47.439,,,,,,,,,,,,,,,,,,,,,,,0,0,,,,,,,,,,,,,,,49.2732555,31.4393838,
08:13:47.534,,,,,,,,,,,,,,,,,,,,0,,,,,,,,,,,,,,,,,,,49.2732555,31.4393838,
08:13:47.635,,,,,,,,,,,,,,,,,,,,,,,,,,,,,,,,,,22,,,,,49.2732555,31.4393838,
08:13:47.694,,,,,,,,,,,,,,,,,,,,,,,,,,0.01,0.01,93.04,5923.51,,,0.9,,,,,,3,49.2732555,31.4393838,
08:13:47.731,,,,,,,,,,,,,,,,,,,,,,,,,,,,,,,0,,,,,100,,,49.2732555,31.4393838,
08:13:47.814,,,,,,,,,,55,,,,,,,,,,,,,,,,,,,,,,,,,,,,,49.2732555,31.4393838,
08:13:47.854,,,,,,,,,351.6,,,,,,,,,,,,,,,,,,,,,,,,,,,,,,49.2732555,31.4393838,
08:13:47.903,,,,,,,,,,,3.676,,,,,,,,,,,,,,,,,,,,,,,,,,,,49.2732555,31.4393838,
08:13:47.938,,,,,,,,,,,,3.669,,,,,,,,,,,,,,,,,,,,,,,,,,,49.2732555,31.4393838,
08:13:47.974,-5,,,,,,,,,,,,,,,,,,,,,,,,,,,,,,,,,,,,,,49.2732555,31.4393838,
08:13:48.022,,,-5,,,,,,,,,,,,,,,,,,,,,,,,,,,,,,,,,,,,49.2732555,31.4393838,
08:13:48.072,,-5,,,,,,,,,,,,,,,,,,,,,,,,,,,,,,,,,,,,,49.2732555,31.4393838,
08:13:48.107,,,,,23,,,,,,,,,,,,,,,,,,,,,,,,,,,,,,,,,,49.2732555,31.4393838,
08:13:48.155,,,,,,23,,,,,,,,,,,,,,,,,,,,,,,,,,,,,,,,,49.2732555,31.4393838,
08:13:48.191,,,,,,,22,,,,,,,,,,,,,,,,,,,,,,,,,,,,,,,,49.2732555,31.4393838,
08:13:48.239,,,,,,,,22,,,,,,,,,,,,,,,,,,,,,,,,,,,,,,,49.2732555,31.4393838,
08:13:48.275,,,,21,,,,,,,,,,,,,,,,,,,,,,,,,,,,,,,,,,,49.2732555,31.4393838,
08:13:48.350,,,,,,,,,,,,,,,,,,24,,,,,,,,,,,,,,,,,,,,,49.2732555,31.4393838,
08:13:48.386,,,,,,,,,,,,,,22,,,,,,,,,,,,,,,,,,,,,,,,,49.2732555,31.4393838,
08:13:48.421,,,,,,,,,,,,,,,,,-23,,,,,,,,,,,,,,,,,,,,,,49.2732555,31.4393838,
08:13:48.447,,,,,,,,,,,,,39,,,,,,,,,,,,,,,,,,,,,,,,,,49.2732555,31.4393838,
08:13:48.519,,,,,,,,,,,,,,,-1472,-0.09,,,,,,,,,,,,,,,,,,,,,,,49.2732555,31.4393838,
08:13:48.594,,,,,,,,,,,,,,,,,,,3,,,,,,,,,,,,,,,,,,,,49.2732555,31.4393838,
08:13:48.690,,,,,,,,,,,,,,,,,,,,,,,,,,,,,,0,,,,,,,,,49.2732555,31.4393838,
08:13:48.739,,,,,,,,,,,,,,,,,,,,,,,,,,,,,,,,,,,23,,,,49.2732555,31.4393838,
08:13:48.774,,,,,,,,,,,,,,,,,,,,,,,0,0,,,,,,,,,,,,,,,49.2732555,31.4393838,
08:13:48.810,,,,,,,,,,,,,,,,,,,,0,,,,,,,,,,,,,,,,,,,49.2732555,31.4393838,
08:13:48.870,,,,,,,,,,,,,,,,,,,,,,,,,,,,,,,,,,22,,,,,49.2732555,31.4393838,
08:13:48.907,,,,,,,,,,,,,,,,,,,,,,,,,,0.01,0.01,93.04,5923.51,,,1,,,,,,2,49.2732555,31.4393838,
08:13:48.954,,,,,,,,,,,,,,,,,,,,,,,,,,,,,,,0,,,,,100,,,49.2732555,31.4393838,
08:13:49.014,,,,,,,,,,55,,,,,,,,,,,,,,,,,,,,,,,,,,,,,49.2732555,31.4393838,
08:13:49.050,,,,,,,,,351.6,,,,,,,,,,,,,,,,,,,,,,,,,,,,,,49.2732555,31.4393838,
08:13:49.086,,,,,,,,,,,3.677,,,,,,,,,,,,,,,,,,,,,,,,,,,,49.2732555,31.4393838,
08:13:49.123,,,,,,,,,,,,3.668,,,,,,,,,,,,,,,,,,,,,,,,,,,49.2732555,31.4393838,
08:13:49.173,-5,,,,,,,,,,,,,,,,,,,,,,,,,,,,,,,,,,,,,,49.2732555,31.4393838,
08:13:49.211,,,-5,,,,,,,,,,,,,,,,,,,,,,,,,,,,,,,,,,,,49.2732555,31.4393838,
08:13:49.246,,-4,,,,,,,,,,,,,,,,,,,,,,,,,,,,,,,,,,,,,49.2732555,31.4393838,
08:13:49.281,,,,,23,,,,,,,,,,,,,,,,,,,,,,,,,,,,,,,,,,49.2732555,31.4393838,
08:13:49.343,,,,,,23,,,,,,,,,,,,,,,,,,,,,,,,,,,,,,,,,49.2732555,31.4393838,
08:13:49.438,,,,,,,22,,,,,,,,,,,,,,,,,,,,,,,,,,,,,,,,49.2732555,31.4393838,
08:13:49.515,,,,,,,,22,,,,,,,,,,,,,,,,,,,,,,,,,,,,,,,49.2732555,31.4393838,
08:13:49.574,,,,21,,,,,,,,,,,,,,,,,,,,,,,,,,,,,,,,,,,49.2732555,31.4393838,
08:13:49.634,,,,,,,,,,,,,,,,,,25,,,,,,,,,,,,,,,,,,,,,49.2732555,31.4393838,
08:13:49.670,,,,,,,,,,,,,,22,,,,,,,,,,,,,,,,,,,,,,,,,49.2732555,31.4393838,
08:13:49.706,,,,,,,,,,,,,,,,,-30,,,,,,,,,,,,,,,,,,,,,,49.2732555,31.4393838,
08:13:49.740,,,,,,,,,,,,,39,,,,,,,,,,,,,,,,,,,,,,,,,,49.2732555,31.4393838,
08:13:49.778,,,,,,,,,,,,,,,-1888,-0.12,,,,,,,,,,,,,,,,,,,,,,,49.2732555,31.4393838,
08:13:49.814,,,,,,,,,,,,,,,,,,,2,,,,,,,,,,,,,,,,,,,,49.2732555,31.4393838,
08:13:49.886,,,,,,,,,,,,,,,,,,,,,,,,,,,,,,0,,,,,,,,,49.2732555,31.4393838,
08:13:49.934,,,,,,,,,,,,,,,,,,,,,,,0,0,,,,,,,,,,,,,,,49.2732555,31.4393838,
08:13:49.995,,,,,,,,,,,,,,,,,,,,0,,,,,,,,,,,,,,,,,,,49.2732555,31.4393838,
08:13:50.042,,,,,,,,,,,,,,,,,,,,,,,,,,,,,,,,,,22,,,,,49.2732555,31.4393838,
08:13:50.077,,,,,,,,,,,,,,,,,,,,,,,,,,0.01,0.01,93.04,5923.51,,,0.9,,,,,,0,49.2732555,31.4393838,
08:13:50.150,,,,,,,,,,,,,,,,,,,,,,,,,,,,,,,0,,,,,100,,,49.2732555,31.4393838,
08:13:50.211,,,,,,,,,,54.5,,,,,,,,,,,,,,,,,,,,,,,,,,,,,49.2732555,31.4393838,
08:13:50.258,,,,,,,,,353.4,,,,,,,,,,,,,,,,,,,,,,,,,,,,,,49.2732555,31.4393838,
08:13:50.329,,,,,,,,,,,3.674,,,,,,,,,,,,,,,,,,,,,,,,,,,,49.2732555,31.4393838,
08:13:50.366,,,,,,,,,,,,3.667,,,,,,,,,,,,,,,,,,,,,,,,,,,49.2732555,31.4393838,
08:13:50.451,-5,,,,,,,,,,,,,,,,,,,,,,,,,,,,,,,,,,,,,,49.2732555,31.4393838,
08:13:50.522,,,-5,,,,,,,,,,,,,,,,,,,,,,,,,,,,,,,,,,,,49.2732555,31.4393838,
08:13:50.558,,-4,,,,,,,,,,,,,,,,,,,,,,,,,,,,,,,,,,,,,49.2732555,31.4393838,
08:13:50.606,,,,,23,,,,,,,,,,,,,,,,,,,,,,,,,,,,,,,,,,49.2732555,31.4393838,
08:13:50.642,,,,,,23,,,,,,,,,,,,,,,,,,,,,,,,,,,,,,,,,49.2732555,31.4393838,
08:13:50.677,,,,,,,22,,,,,,,,,,,,,,,,,,,,,,,,,,,,,,,,49.2732555,31.4393838,
08:13:50.726,,,,,,,,22,,,,,,,,,,,,,,,,,,,,,,,,,,,,,,,49.2732555,31.4393838,
08:13:50.762,,,,21,,,,,,,,,,,,,,,,,,,,,,,,,,,,,,,,,,,49.2732555,31.4393838,
08:13:50.834,,,,,,,,,,,,,,,,,,25,,,,,,,,,,,,,,,,,,,,,49.2732555,31.4393838,
08:13:50.870,,,,,,,,,,,,,,22,,,,,,,,,,,,,,,,,,,,,,,,,49.2732555,31.4393838,
08:13:50.907,,,,,,,,,,,,,,,,,-32,,,,,,,,,,,,,,,,,,,,,,49.2732555,31.4393838,
08:13:50.943,,,,,,,,,,,,,37,,,,,,,,,,,,,,,,,,,,,,,,,,49.2732555,31.4393838,
08:13:50.991,,,,,,,,,,,,,,,-2048,-0.12,,,,,,,,,,,,,,,,,,,,,,,49.2732555,31.4393838,
08:13:51.026,,,,,,,,,,,,,,,,,,,1,,,,,,,,,,,,,,,,,,,,49.2732555,31.4393838,
08:13:51.122,,,,,,,,,,,,,,,,,,,,,,,,,,,,,,0,,,,,,,,,49.2732555,31.4393838,
08:13:51.159,,,,,,,,,,,,,,,,,,,,,,,,,,,,,,,,,,,23,,,,49.2732555,31.4393838,
08:13:51.207,,,,,,,,,,,,,,,,,,,,,,,0,0,,,,,,,,,,,,,,,49.2732555,31.4393838,
08:13:51.266,,,,,,,,,,,,,,,,,,,,0,,,,,,,,,,,,,,,,,,,49.2732555,31.4393838,
08:13:51.314,,,,,,,,,,,,,,,,,,,,,,,,,,,,,,,,,,22,,,,,49.2732555,31.4393838,
08:13:51.398,,,,,,,,,,,,,,,,,,,,,,,,,-0.011216878342757211,0.01,0.01,93.04,5923.51,,,0.9,,,,,,0,49.2732555,31.4393838,
08:13:51.459,,,,,,,,,,,,,,,,,,,,,,,,,,,,,,,0,,,,,100,,,49.2732555,31.4393838,
08:13:51.567,,,,,,,,,,54.5,,,,,,,,,,,,,,,,,,,,,,,,,,,,,49.2732555,31.4393838,
08:13:51.618,,,,,,,,,351.5,,,,,,,,,,,,,,,,,,,,,,,,,,,,,,49.2732555,31.4393838,
08:13:51.654,,,,,,,,,,,3.675,,,,,,,,,,,,,,,,,,,,,,,,,,,,49.2732555,31.4393838,
08:13:51.706,,,,,,,,,,,,3.667,,,,,,,,,,,,,,,,,,,,,,,,,,,49.2732555,31.4393838,
08:13:51.740,-5,,,,,,,,,,,,,,,,,,,,,,,,,,,,,,,,,,,,,,49.2732555,31.4393838,
08:13:51.779,,,-5,,,,,,,,,,,,,,,,,,,,,,,,,,,,,,,,,,,,49.2732555,31.4393838,
08:13:51.814,,-4,,,,,,,,,,,,,,,,,,,,,,,,,,,,,,,,,,,,,49.2732555,31.4393838,
08:13:51.850,,,,,23,,,,,,,,,,,,,,,,,,,,,,,,,,,,,,,,,,49.2732555,31.4393838,
08:13:51.886,,,,,,23,,,,,,,,,,,,,,,,,,,,,,,,,,,,,,,,,49.2732555,31.4393838,
08:13:51.935,,,,,,,22,,,,,,,,,,,,,,,,,,,,,,,,,,,,,,,,49.2732555,31.4393838,
08:13:51.970,,,,,,,,22,,,,,,,,,,,,,,,,,,,,,,,,,,,,,,,49.2732555,31.4393838,
08:13:52.006,,,,21,,,,,,,,,,,,,,,,,,,,,,,,,,,,,,,,,,,49.2732555,31.4393838,
08:13:52.091,,,,,,,,,,,,,,,,,,25,,,,,,,,,,,,,,,,,,,,,49.2732555,31.4393838,
08:13:52.127,,,,,,,,,,,,,,22,,,,,,,,,,,,,,,,,,,,,,,,,49.2732555,31.4393838,
08:13:52.175,,,,,,,,,,,,,,,,,-37,,,,,,,,,,,,,,,,,,,,,,49.2732555,31.4393838,
08:13:52.247,,,,,,,,,,,,,37,,,,,,,,,,,,,,,,,,,,,,,,,,49.2732555,31.4393838,
08:13:52.331,,,,,,,,,,,,,,,-2400,-0.16,,,,,,,,,,,,,,,,,,,,,,,49.2732555,31.4393838,
08:13:52.418,,,,,,,,,,,,,,,,,,,1,,,,,,,,,,,,,,,,,,,,49.2732555,31.4393838,
08:13:52.478,,,,,,,,,,,,,,,,,,,,,,,,,,,,,,0,,,,,,,,,49.2732555,31.4393838,
08:13:52.525,,,,,,,,,,,,,,,,,,,,,,,0,0,,,,,,,,,,,,,,,49.2732555,31.4393838,
08:13:52.585,,,,,,,,,,,,,,,,,,,,0,,,,,,,,,,,,,,,,,,,49.2732555,31.4393838,
08:13:52.634,,,,,,,,,,,,,,,,,,,,,,,,,,,,,,,,,,22,,,,,49.2732555,31.4393838,
08:13:52.670,,,,,,,,,,,,,,,,,,,,,,,,,-0.017335175620624782,0.01,0.01,93.04,5923.51,,,0.9,,,,,,0,49.2732555,31.4393838,
08:13:52.705,,,,,,,,,,,,,,,,,,,,,,,,,,,,,,,0,,,,,100,,,49.2732555,31.4393838,
08:13:52.778,,,,,,,,,,54.5,,,,,,,,,,,,,,,,,,,,,,,,,,,,,49.2732555,31.4393838,
08:13:52.814,,,,,,,,,351.6,,,,,,,,,,,,,,,,,,,,,,,,,,,,,,49.2732555,31.4393838,
08:13:52.850,,,,,,,,,,,3.676,,,,,,,,,,,,,,,,,,,,,,,,,,,,49.2732555,31.4393838,
08:13:52.899,,,,,,,,,,,,3.668,,,,,,,,,,,,,,,,,,,,,,,,,,,49.2732555,31.4393838,
08:13:52.935,-5,,,,,,,,,,,,,,,,,,,,,,,,,,,,,,,,,,,,,,49.2732555,31.4393838,
08:13:52.971,,,-5,,,,,,,,,,,,,,,,,,,,,,,,,,,,,,,,,,,,49.2732555,31.4393838,
08:13:53.018,,-4,,,,,,,,,,,,,,,,,,,,,,,,,,,,,,,,,,,,,49.2732555,31.4393838,
08:13:53.053,,,,,23,,,,,,,,,,,,,,,,,,,,,,,,,,,,,,,,,,49.2732555,31.4393838,
08:13:53.091,,,,,,23,,,,,,,,,,,,,,,,,,,,,,,,,,,,,,,,,49.2732555,31.4393838,
08:13:53.126,,,,,,,22,,,,,,,,,,,,,,,,,,,,,,,,,,,,,,,,49.2732555,31.4393838,
08:13:53.197,,,,,,,,22,,,,,,,,,,,,,,,,,,,,,,,,,,,,,,,49.2732555,31.4393838,
08:13:53.283,,,,21,,,,,,,,,,,,,,,,,,,,,,,,,,,,,,,,,,,49.2732555,31.4393838,
08:13:53.449,,,,,,,,,,,,,,,,,,25,,,,,,,,,,,,,,,,,,,,,49.2732555,31.4393838,
08:13:53.487,,,,,,,,,,,,,,22,,,,,,,,,,,,,,,,,,,,,,,,,49.2732555,31.4393838,
08:13:53.534,,,,,,,,,,,,,,,,,-34,,,,,,,,,,,,,,,,,,,,,,49.2732555,31.4393838,
08:13:53.570,,,,,,,,,,,,,37,,,,,,,,,,,,,,,,,,,,,,,,,,49.2732555,31.4393838,
08:13:53.607,,,,,,,,,,,,,,,-2368,-0.16,,,,,,,,,,,,,,,,,,,,,,,49.2732555,31.4393838,
08:13:53.642,,,,,,,,,,,,,,,,,,,1,,,,,,,,,,,,,,,,,,,,49.2732555,31.4393838,
08:13:53.713,,,,,,,,,,,,,,,,,,,,,,,,,,,,,,0,,,,,,,,,49.2732555,31.4393838,
08:13:53.751,,,,,,,,,,,,,,,,,,,,,,,,,,,,,,,,,,,23,,,,49.2732555,31.4393838,
08:13:53.786,,,,,,,,,,,,,,,,,,,,,,,0,0,,,,,,,,,,,,,,,49.2732555,31.4393838,
08:13:53.820,,,,,,,,,,,,,,,,,,,,0,,,,,,,,,,,,,,,,,,,49.2732555,31.4393838,
08:13:53.858,,,,,,,,,,,,,,,,,,,,,,,,,,,,,,,,,,22,,,,,49.2732555,31.4393838,
08:13:53.894,,,,,,,,,,,,,,,,,,,,,,,,,-0.011216878342757211,0.01,0.01,93.04,5923.51,,,0.8,,,,,,0,49.2732555,31.4393838,
08:13:53.930,,,,,,,,,,,,,,,,,,,,,,,,,,,,,,,0,,,,,100,,,49.2732555,31.4393838,
08:13:54.025,,,,,,,,,,54.5,,,,,,,,,,,,,,,,,,,,,,,,,,,,,49.2732555,31.4393838,
08:13:54.062,,,,,,,,,351.5,,,,,,,,,,,,,,,,,,,,,,,,,,,,,,49.2732555,31.4393838,
08:13:54.110,,,,,,,,,,,3.675,,,,,,,,,,,,,,,,,,,,,,,,,,,,49.2732555,31.4393838,
08:13:54.182,,,,,,,,,,,,3.668,,,,,,,,,,,,,,,,,,,,,,,,,,,49.2732555,31.4393838,
08:13:54.279,-5,,,,,,,,,,,,,,,,,,,,,,,,,,,,,,,,,,,,,,49.2732555,31.4393838,
08:13:54.374,,,-5,,,,,,,,,,,,,,,,,,,,,,,,,,,,,,,,,,,,49.2732555,31.4393838,
08:13:54.475,,-4,,,,,,,,,,,,,,,,,,,,,,,,,,,,,,,,,,,,,49.2732555,31.4393838,
08:13:54.534,,,,,23,,,,,,,,,,,,,,,,,,,,,,,,,,,,,,,,,,49.2732555,31.4393838,
08:13:54.594,,,,,,23,,,,,,,,,,,,,,,,,,,,,,,,,,,,,,,,,49.2732555,31.4393838,
08:13:54.654,,,,,,,22,,,,,,,,,,,,,,,,,,,,,,,,,,,,,,,,49.2732555,31.4393838,
08:13:54.714,,,,,,,,22,,,,,,,,,,,,,,,,,,,,,,,,,,,,,,,49.2732555,31.4393838,
08:13:54.787,,,,21,,,,,,,,,,,,,,,,,,,,,,,,,,,,,,,,,,,49.2732555,31.4393838,
08:13:54.907,,,,,,,,,,,,,,,,,,25,,,,,,,,,,,,,,,,,,,,,49.2732555,31.4393838,
08:13:54.967,,,,,,,,,,,,,,22,,,,,,,,,,,,,,,,,,,,,,,,,49.2732555,31.4393838,
08:13:55.026,,,,,,,,,,,,,,,,,-41,,,,,,,,,,,,,,,,,,,,,,49.2732555,31.4393838,
08:13:55.086,,,,,,,,,,,,,37,,,,,,,,,,,,,,,,,,,,,,,,,,49.2732555,31.4393838,
08:13:55.122,,,,,,,,,,,,,,,-2656,-0.17,,,,,,,,,,,,,,,,,,,,,,,49.2732555,31.4393838,
08:13:55.182,,,,,,,,,,,,,,,,,,,0,,,,,,,,,,,,,,,,,,,,49.2732555,31.4393838,
08:13:55.347,,,,,,,,,,,,,,,,,,,,,,,,,,,,,,0,,,,,,,,,49.2732555,31.4393838,
08:13:55.429,,,,,,,,,,,,,,,,,,,,,,,0,0,,,,,,,,,,,,,,,49.2732555,31.4393838,
08:13:55.466,,,,,,,,,,,,,,,,,,,,0,,,,,,,,,,,,,,,,,,,49.2732555,31.4393838,
08:13:55.518,,,,,,,,,,,,,,,,,,,,,,,,,,,,,,,,,,22,,,,,49.2732555,31.4393838,
08:13:55.555,,,,,,,,,,,,,,,,,,,,,,,,,0,0.01,0.01,93.04,5923.51,,,0.8,,,,,,0,49.2732555,31.4393838,
08:13:55.591,,,,,,,,,,,,,,,,,,,,,,,,,,,,,,,0,,,,,100,,,49.2732555,31.4393838,
08:13:55.662,,,,,,,,,,54.5,,,,,,,,,,,,,,,,,,,,,,,,,,,,,49.2732555,31.4393838,
08:13:55.699,,,,,,,,,352.3,,,,,,,,,,,,,,,,,,,,,,,,,,,,,,49.2732555,31.4393838,
08:13:55.746,,,,,,,,,,,3.674,,,,,,,,,,,,,,,,,,,,,,,,,,,,49.2732555,31.4393838,
08:13:55.782,,,,,,,,,,,,3.668,,,,,,,,,,,,,,,,,,,,,,,,,,,49.2732555,31.4393838,
08:13:55.819,-5,,,,,,,,,,,,,,,,,,,,,,,,,,,,,,,,,,,,,,49.2732555,31.4393838,
08:13:55.866,,,-5,,,,,,,,,,,,,,,,,,,,,,,,,,,,,,,,,,,,49.2732555,31.4393838,
08:13:55.914,,-5,,,,,,,,,,,,,,,,,,,,,,,,,,,,,,,,,,,,,49.2732555,31.4393838,
08:13:55.950,,,,,23,,,,,,,,,,,,,,,,,,,,,,,,,,,,,,,,,,49.2732555,31.4393838,
08:13:55.991,,,,,,23,,,,,,,,,,,,,,,,,,,,,,,,,,,,,,,,,49.2732555,31.4393838,
08:13:56.061,,,,,,,22,,,,,,,,,,,,,,,,,,,,,,,,,,,,,,,,49.2732555,31.4393838,
08:13:56.146,,,,,,,,22,,,,,,,,,,,,,,,,,,,,,,,,,,,,,,,49.2732555,31.4393838,
08:13:56.226,,,,21,,,,,,,,,,,,,,,,,,,,,,,,,,,,,,,,,,,49.2732555,31.4393838,
08:13:56.290,,,,,,,,,,,,,,,,,,25,,,,,,,,,,,,,,,,,,,,,49.2732555,31.4393838,
08:13:56.327,,,,,,,,,,,,,,22,,,,,,,,,,,,,,,,,,,,,,,,,49.2732555,31.4393838,
08:13:56.374,,,,,,,,,,,,,,,,,-46,,,,,,,,,,,,,,,,,,,,,,49.2732555,31.4393838,
08:13:56.410,,,,,,,,,,,,,37,,,,,,,,,,,,,,,,,,,,,,,,,,49.2732555,31.4393838,
08:13:56.447,,,,,,,,,,,,,,,-2816,-0.17,,,,,,,,,,,,,,,,,,,,,,,49.2732555,31.4393838,
08:13:56.481,,,,,,,,,,,,,,,,,,,1,,,,,,,,,,,,,,,,,,,,49.2732555,31.4393838,
08:13:56.578,,,,,,,,,,,,,,,,,,,,,,,,,,,,,,0,,,,,,,,,49.2732555,31.4393838,
08:13:56.638,,,,,,,,,,,,,,,,,,,,,,,,,,,,,,,,,,,23,,,,49.2732555,31.4393838,
08:13:56.674,,,,,,,,,,,,,,,,,,,,,,,0,0,,,,,,,,,,,,,,,49.2732555,31.4393838,
08:13:56.734,,,,,,,,,,,,,,,,,,,,0,,,,,,,,,,,,,,,,,,,49.2732555,31.4393838,
08:13:56.774,,,,,,,,,,,,,,,,,,,,,,,,,,,,,,,,,,22,,,,,49.2732555,31.4393838,
08:13:56.810,,,,,,,,,,,,,,,,,,,,,,,,,0,0.01,0.01,93.04,5923.51,,,0.8,,,,,,0,49.2732555,31.4393838,
08:13:56.858,,,,,,,,,,,,,,,,,,,,,,,,,,,,,,,0,,,,,100,,,49.2732555,31.4393838,
08:13:56.930,,,,,,,,,,54.5,,,,,,,,,,,,,,,,,,,,,,,,,,,,,49.2732555,31.4393838,
08:13:56.979,,,,,,,,,351.5,,,,,,,,,,,,,,,,,,,,,,,,,,,,,,49.2732555,31.4393838,
08:13:57.013,,,,,,,,,,,3.678,,,,,,,,,,,,,,,,,,,,,,,,,,,,49.2732555,31.4393838,
08:13:57.050,,,,,,,,,,,,3.665,,,,,,,,,,,,,,,,,,,,,,,,,,,49.2732555,31.4393838,
08:13:57.133,-5,,,,,,,,,,,,,,,,,,,,,,,,,,,,,,,,,,,,,,49.2732555,31.4393838,
08:13:57.207,,,-5,,,,,,,,,,,,,,,,,,,,,,,,,,,,,,,,,,,,49.2732555,31.4393838,
08:13:57.303,,-5,,,,,,,,,,,,,,,,,,,,,,,,,,,,,,,,,,,,,49.2732555,31.4393838,
08:13:57.350,,,,,23,,,,,,,,,,,,,,,,,,,,,,,,,,,,,,,,,,49.2732555,31.4393838,
08:13:57.387,,,,,,23,,,,,,,,,,,,,,,,,,,,,,,,,,,,,,,,,49.2732555,31.4393838,
08:13:57.423,,,,,,,22,,,,,,,,,,,,,,,,,,,,,,,,,,,,,,,,49.2732555,31.4393838,
08:13:57.459,,,,,,,,22,,,,,,,,,,,,,,,,,,,,,,,,,,,,,,,49.2732555,31.4393838,
08:13:57.505,,,,21,,,,,,,,,,,,,,,,,,,,,,,,,,,,,,,,,,,49.2732555,31.4393838,
08:13:57.566,,,,,,,,,,,,,,,,,,25,,,,,,,,,,,,,,,,,,,,,49.2732555,31.4393838,
08:13:57.618,,,,,,,,,,,,,,22,,,,,,,,,,,,,,,,,,,,,,,,,49.2732555,31.4393838,
08:13:57.658,,,,,,,,,,,,,,,,,-26,,,,,,,,,,,,,,,,,,,,,,49.2732555,31.4393838,
08:13:57.694,,,,,,,,,,,,,37,,,,,,,,,,,,,,,,,,,,,,,,,,49.2732555,31.4393838,
08:13:57.742,,,,,,,,,,,,,,,-1536,-0.09,,,,,,,,,,,,,,,,,,,,,,,49.2732555,31.4393838,
08:13:57.778,,,,,,,,,,,,,,,,,,,3,,,,,,,,,,,,,,,,,,,,49.2732555,31.4393838,
08:13:57.863,,,,,,,,,,,,,,,,,,,,,,,,,,,,,,0,,,,,,,,,49.2732555,31.4393838,
08:13:57.898,,,,,,,,,,,,,,,,,,,,,,,0,0,,,,,,,,,,,,,,,49.2732555,31.4393838,
08:13:57.959,,,,,,,,,,,,,,,,,,,,0,,,,,,,,,,,,,,,,,,,49.2732555,31.4393838,
08:13:58.007,,,,,,,,,,,,,,,,,,,,,,,,,,,,,,,,,,22,,,,,49.2732555,31.4393838,
08:13:58.077,,,,,,,,,,,,,,,,,,,,,,,,,0.015295743194668924,0.01,0.01,93.04,5923.51,,,0.8,,,,,,3,49.2732555,31.4393838,
08:13:58.150,,,,,,,,,,,,,,,,,,,,,,,,,,,,,,,0,,,,,100,,,49.2732555,31.4393838,
08:13:58.294,,,,,,,,,,54.5,,,,,,,,,,,,,,,,,,,,,,,,,,,,,49.2732555,31.4393838,
08:13:58.354,,,,,,,,,351.8,,,,,,,,,,,,,,,,,,,,,,,,,,,,,,49.2732555,31.4393838,
08:13:58.402,,,,,,,,,,,3.674,,,,,,,,,,,,,,,,,,,,,,,,,,,,49.2732555,31.4393838,
08:13:58.439,,,,,,,,,,,,3.666,,,,,,,,,,,,,,,,,,,,,,,,,,,49.2732555,31.4393838,
08:13:58.486,-5,,,,,,,,,,,,,,,,,,,,,,,,,,,,,,,,,,,,,,49.2732555,31.4393838,
08:13:58.522,,,-5,,,,,,,,,,,,,,,,,,,,,,,,,,,,,,,,,,,,49.2732555,31.4393838,
08:13:58.570,,-5,,,,,,,,,,,,,,,,,,,,,,,,,,,,,,,,,,,,,49.2732555,31.4393838,
08:13:58.606,,,,,23,,,,,,,,,,,,,,,,,,,,,,,,,,,,,,,,,,49.2732555,31.4393838,
08:13:58.641,,,,,,23,,,,,,,,,,,,,,,,,,,,,,,,,,,,,,,,,49.2732555,31.4393838,
08:13:58.678,,,,,,,22,,,,,,,,,,,,,,,,,,,,,,,,,,,,,,,,49.2732555,31.4393838,
08:13:58.715,,,,,,,,22,,,,,,,,,,,,,,,,,,,,,,,,,,,,,,,49.2732555,31.4393838,
08:13:58.763,,,,21,,,,,,,,,,,,,,,,,,,,,,,,,,,,,,,,,,,49.2732555,31.4393838,
08:13:58.822,,,,,,,,,,,,,,,,,,25,,,,,,,,,,,,,,,,,,,,,49.2732555,31.4393838,
08:13:58.858,,,,,,,,,,,,,,22,,,,,,,,,,,,,,,,,,,,,,,,,49.2732555,31.4393838,
08:13:58.895,,,,,,,,,,,,,,,,,-20,,,,,,,,,,,,,,,,,,,,,,49.2732555,31.4393838,
08:13:58.978,,,,,,,,,,,,,37,,,,,,,,,,,,,,,,,,,,,,,,,,49.2732555,31.4393838,
08:13:59.099,,,,,,,,,,,,,,,-1280,-0.08,,,,,,,,,,,,,,,,,,,,,,,49.2732555,31.4393838,
08:13:59.187,,,,,,,,,,,,,,,,,,,3,,,,,,,,,,,,,,,,,,,,49.2732555,31.4393838,
08:13:59.298,,,,,,,,,,,,,,,,,,,,,,,,,,,,,,0,,,,,,,,,49.2732555,31.4393838,
08:13:59.346,,,,,,,,,,,,,,,,,,,,,,,,,,,,,,,,,,,23,,,,49.2732555,31.4393838,
08:13:59.395,,,,,,,,,,,,,,,,,,,,,,,0,0,,,,,,,,,,,,,,,49.2732555,31.4393838,
08:13:59.446,,,,,,,,,,,,,,,,,,,,0,,,,,,,,,,,,,,,,,,,49.2732555,31.4393838,
08:13:59.494,,,,,,,,,,,,,,,,,,,,,,,,,,,,,,,,,,22,,,,,49.2732555,31.4393838,
08:13:59.531,,,,,,,,,,,,,,,,,,,,,,,,,0.015295743194668924,0.01,0.01,93.04,5923.52,,,0.9,,,,,,3,49.2732555,31.4393838,
08:13:59.578,,,,,,,,,,,,,,,,,,,,,,,,,,,,,,,0,,,,,100,,,49.2732555,31.4393838,
08:13:59.648,,,,,,,,,,54.5,,,,,,,,,,,,,,,,,,,,,,,,,,,,,49.2732555,31.4393838,
08:13:59.686,,,,,,,,,353.6,,,,,,,,,,,,,,,,,,,,,,,,,,,,,,49.2732555,31.4393838,
08:13:59.722,,,,,,,,,,,3.672,,,,,,,,,,,,,,,,,,,,,,,,,,,,49.2732555,31.4393838,
08:13:59.758,,,,,,,,,,,,3.666,,,,,,,,,,,,,,,,,,,,,,,,,,,49.2732555,31.4393838,
08:13:59.817,-5,,,,,,,,,,,,,,,,,,,,,,,,,,,,,,,,,,,,,,49.2732555,31.4393838,
08:13:59.865,,,-5,,,,,,,,,,,,,,,,,,,,,,,,,,,,,,,,,,,,49.2732555,31.4393838,
08:13:59.963,,-5,,,,,,,,,,,,,,,,,,,,,,,,,,,,,,,,,,,,,49.2732555,31.4393838,
08:14:00.035,,,,,23,,,,,,,,,,,,,,,,,,,,,,,,,,,,,,,,,,49.2732555,31.4393838,
08:14:00.094,,,,,,23,,,,,,,,,,,,,,,,,,,,,,,,,,,,,,,,,49.2732555,31.4393838,
08:14:00.134,,,,,,,22,,,,,,,,,,,,,,,,,,,,,,,,,,,,,,,,49.2732555,31.4393838,
08:14:00.174,,,,,,,,22,,,,,,,,,,,,,,,,,,,,,,,,,,,,,,,49.2732555,31.4393838,
08:14:00.210,,,,21,,,,,,,,,,,,,,,,,,,,,,,,,,,,,,,,,,,49.2732555,31.4393838,
08:14:00.270,,,,,,,,,,,,,,,,,,25,,,,,,,,,,,,,,,,,,,,,49.2732555,31.4393838,
08:14:00.318,,,,,,,,,,,,,,22,,,,,,,,,,,,,,,,,,,,,,,,,49.2732555,31.4393838,
08:14:00.389,,,,,,,,,,,,,,,,,-11,,,,,,,,,,,,,,,,,,,,,,49.2732555,31.4393838,
08:14:00.431,,,,,,,,,,,,,37,,,,,,,,,,,,,,,,,,,,,,,,,,49.2732555,31.4393838,
08:14:00.466,,,,,,,,,,,,,,,-832,-0.06,,,,,,,,,,,,,,,,,,,,,,,49.2732555,31.4393838,
08:14:00.502,,,,,,,,,,,,,,,,,,,5,,,,,,,,,,,,,,,,,,,,49.2732555,31.4393838,
08:14:00.594,,,,,,,,,,,,,,,,,,,,,,,,,,,,,,0,,,,,,,,,49.2732555,31.4393838,
08:14:00.642,,,,,,,,,,,,,,,,,,,,,,,0,0,,,,,,,,,,,,,,,49.2732555,31.4393838,
08:14:00.679,,,,,,,,,,,,,,,,,,,,0,,,,,,,,,,,,,,,,,,,49.2732555,31.4393838,
08:14:00.714,,,,,,,,,,,,,,,,,,,,,,,,,,,,,,,,,,22,,,,,49.2732555,31.4393838,
08:14:00.761,,,,,,,,,,,,,,,,,,,,,,,,,0.027532337750404066,0.01,0.01,93.04,5923.52,,,1,,,,,,5,49.2732555,31.4393838,
08:14:00.811,,,,,,,,,,,,,,,,,,,,,,,,,,,,,,,0,,,,,100,,,49.2732555,31.4393838,
08:14:00.919,,,,,,,,,,54.5,,,,,,,,,,,,,,,,,,,,,,,,,,,,,49.2732555,31.4393838,
08:14:01.014,,,,,,,,,351.6,,,,,,,,,,,,,,,,,,,,,,,,,,,,,,49.2732555,31.4393838,
08:14:01.075,,,,,,,,,,,3.676,,,,,,,,,,,,,,,,,,,,,,,,,,,,49.2732555,31.4393838,
08:14:01.111,,,,,,,,,,,,3.666,,,,,,,,,,,,,,,,,,,,,,,,,,,49.2732555,31.4393838,
08:14:01.170,-5,,,,,,,,,,,,,,,,,,,,,,,,,,,,,,,,,,,,,,49.2732555,31.4393838,
08:14:01.219,,,-4,,,,,,,,,,,,,,,,,,,,,,,,,,,,,,,,,,,,49.2732555,31.4393838,
08:14:01.254,,-4,,,,,,,,,,,,,,,,,,,,,,,,,,,,,,,,,,,,,49.2732555,31.4393838,
08:14:01.302,,,,,23,,,,,,,,,,,,,,,,,,,,,,,,,,,,,,,,,,49.2732555,31.4393838,
08:14:01.339,,,,,,23,,,,,,,,,,,,,,,,,,,,,,,,,,,,,,,,,49.2732555,31.4393838,
08:14:01.386,,,,,,,22,,,,,,,,,,,,,,,,,,,,,,,,,,,,,,,,49.2732555,31.4393838,
08:14:01.422,,,,,,,,22,,,,,,,,,,,,,,,,,,,,,,,,,,,,,,,49.2732555,31.4393838,
08:14:01.471,,,,21,,,,,,,,,,,,,,,,,,,,,,,,,,,,,,,,,,,49.2732555,31.4393838,
08:14:01.530,,,,,,,,,,,,,,,,,,25,,,,,,,,,,,,,,,,,,,,,49.2732555,31.4393838,
08:14:01.566,,,,,,,,,,,,,,22,,,,,,,,,,,,,,,,,,,,,,,,,49.2732555,31.4393838,
08:14:01.607,,,,,,,,,,,,,,,,,-17,,,,,,,,,,,,,,,,,,,,,,49.2732555,31.4393838,
08:14:01.643,,,,,,,,,,,,,37,,,,,,,,,,,,,,,,,,,,,,,,,,49.2732555,31.4393838,
08:14:01.691,,,,,,,,,,,,,,,-1024,-0.06,,,,,,,,,,,,,,,,,,,,,,,49.2732555,31.4393838,
08:14:01.726,,,,,,,,,,,,,,,,,,,4,,,,,,,,,,,,,,,,,,,,49.2732555,31.4393838,
08:14:01.799,,,,,,,,,,,,,,,,,,,,,,,,,,,,,,0,,,,,,,,,49.2732555,31.4393838,
08:14:01.835,,,,,,,,,,,,,,,,,,,,,,,,,,,,,,,,,,,23,,,,49.2732555,31.4393838,
08:14:01.905,,,,,,,,,,,,,,,,,,,,,,,0,0,,,,,,,,,,,,,,,49.2732555,31.4393838,
08:14:01.977,,,,,,,,,,,,,,,,,,,,0,,,,,,,,,,,,,,,,,,,49.2732555,31.4393838,
08:14:02.015,,,,,,,,,,,,,,,,,,,,,,,,,,,,,,,,,,22,,,,,49.2732555,31.4393838,
08:14:02.099,,,,,,,,,,,,,,,,,,,,,,,,,,0.01,0.01,93.04,5923.52,,,1.1,,,,,,3,49.2732555,31.4393838,
08:14:02.134,,,,,,,,,,,,,,,,,,,,,,,,,,,,,,,0,,,,,100,,,49.2732555,31.4393838,
08:14:02.211,,,,,,,,,,54.5,,,,,,,,,,,,,,,,,,,,,,,,,,,,,49.2732555,31.4393838,
08:14:02.271,,,,,,,,,353.2,,,,,,,,,,,,,,,,,,,,,,,,,,,,,,49.2732555,31.4393838,
08:14:02.317,,,,,,,,,,,3.673,,,,,,,,,,,,,,,,,,,,,,,,,,,,49.2732555,31.4393838,
08:14:02.354,,,,,,,,,,,,3.667,,,,,,,,,,,,,,,,,,,,,,,,,,,49.2732555,31.4393838,
08:14:02.403,-5,,,,,,,,,,,,,,,,,,,,,,,,,,,,,,,,,,,,,,49.2732555,31.4393838,
08:14:02.459,,,-5,,,,,,,,,,,,,,,,,,,,,,,,,,,,,,,,,,,,49.2732555,31.4393838,
08:14:02.498,,-4,,,,,,,,,,,,,,,,,,,,,,,,,,,,,,,,,,,,,49.2732555,31.4393838,
08:14:02.546,,,,,23,,,,,,,,,,,,,,,,,,,,,,,,,,,,,,,,,,49.2732555,31.4393838,
08:14:02.594,,,,,,23,,,,,,,,,,,,,,,,,,,,,,,,,,,,,,,,,49.2732555,31.4393838,
08:14:02.630,,,,,,,22,,,,,,,,,,,,,,,,,,,,,,,,,,,,,,,,49.2732555,31.4393838,
08:14:02.667,,,,,,,,22,,,,,,,,,,,,,,,,,,,,,,,,,,,,,,,49.2732555,31.4393838,
08:14:02.726,,,,21,,,,,,,,,,,,,,,,,,,,,,,,,,,,,,,,,,,49.2732555,31.4393838,
08:14:02.786,,,,,,,,,,,,,,,,,,25,,,,,,,,,,,,,,,,,,,,,49.2732555,31.4393838,
08:14:02.846,,,,,,,,,,,,,,22,,,,,,,,,,,,,,,,,,,,,,,,,49.2732555,31.4393838,
08:14:02.918,,,,,,,,,,,,,,,,,-38,,,,,,,,,,,,,,,,,,,,,,49.2732555,31.4393838,
08:14:03.002,,,,,,,,,,,,,37,,,,,,,,,,,,,,,,,,,,,,,,,,49.2732555,31.4393838,
08:14:03.073,,,,,,,,,,,,,,,-2560,-0.16,,,,,,,,,,,,,,,,,,,,,,,49.2732555,31.4393838,
08:14:03.111,,,,,,,,,,,,,,,,,,,1,,,,,,,,,,,,,,,,,,,,49.2732555,31.4393838,
08:14:03.206,,,,,,,,,,,,,,,,,,,,,,,,,,,,,,0,,,,,,,,,49.2732555,31.4393838,
08:14:03.278,,,,,,,,,,,,,,,,,,,,,,,0,0,,,,,,,,,,,,,,,49.2732555,31.4393838,
08:14:03.314,,,,,,,,,,,,,,,,,,,,0,,,,,,,,,,,,,,,,,,,49.2732555,31.4393838,
08:14:03.378,,,,,,,,,,,,,,,,,,,,,,,,,,,,,,,,,,22,,,,,49.2732555,31.4393838,
08:14:03.425,,,,,,,,,,,,,,,,,,,,,,,,,,0.01,0.01,93.04,5923.52,,,1.1,,,,,,0,49.2732555,31.4393838,
08:14:03.474,,,,,,,,,,,,,,,,,,,,,,,,,,,,,,,0,,,,,100,,,49.2732555,31.4393838,
08:14:03.545,,,,,,,,,,54.5,,,,,,,,,,,,,,,,,,,,,,,,,,,,,49.2732555,31.4393838,
08:14:03.583,,,,,,,,,352.6,,,,,,,,,,,,,,,,,,,,,,,,,,,,,,49.2732555,31.4393838,
08:14:03.630,,,,,,,,,,,3.681,,,,,,,,,,,,,,,,,,,,,,,,,,,,49.2732555,31.4393838,
08:14:03.680,,,,,,,,,,,,3.667,,,,,,,,,,,,,,,,,,,,,,,,,,,49.2732555,31.4393838,
08:14:03.706,-3,,,,,,,,,,,,,,,,,,,,,,,,,,,,,,,,,,,,,,49.2732555,31.4393838,
08:14:03.747,,,-3,,,,,,,,,,,,,,,,,,,,,,,,,,,,,,,,,,,,49.2732555,31.4393838,
08:14:03.819,,-3,,,,,,,,,,,,,,,,,,,,,,,,,,,,,,,,,,,,,49.2732555,31.4393838,
08:14:03.879,,,,,23,,,,,,,,,,,,,,,,,,,,,,,,,,,,,,,,,,49.2732555,31.4393838,
08:14:03.962,,,,,,23,,,,,,,,,,,,,,,,,,,,,,,,,,,,,,,,,49.2732555,31.4393838,
08:14:04.021,,,,,,,22,,,,,,,,,,,,,,,,,,,,,,,,,,,,,,,,49.2732555,31.4393838,
08:14:04.058,,,,,,,,22,,,,,,,,,,,,,,,,,,,,,,,,,,,,,,,49.2732555,31.4393838,
08:14:04.105,,,,21,,,,,,,,,,,,,,,,,,,,,,,,,,,,,,,,,,,49.2732555,31.4393838,
08:14:04.167,,,,,,,,,,,,,,,,,,25,,,,,,,,,,,,,,,,,,,,,49.2732555,31.4393838,
08:14:04.226,,,,,,,,,,,,,,22,,,,,,,,,,,,,,,,,,,,,,,,,49.2732555,31.4393838,
08:14:04.274,,,,,,,,,,,,,,,,,-0,,,,,,,,,,,,,,,,,,,,,,49.2732555,31.4393838,
08:14:04.310,,,,,,,,,,,,,37,,,,,,,,,,,,,,,,,,,,,,,,,,49.2732555,31.4393838,
08:14:04.346,,,,,,,,,,,,,,,0,0,,,,,,,,,,,,,,,,,,,,,,,49.2732555,31.4393838,
08:14:04.382,,,,,,,,,,,,,,,,,,,0,,,,,,,,,,,,,,,,,,,,49.2732555,31.4393838,
08:14:04.479,,,,,,,,,,,,,,,,,,,,,,,,,,,,,,0,,,,,,,,,49.2732555,31.4393838,
08:14:04.526,,,,,,,,,,,,,,,,,,,,,,,,,,,,,,,,,,,23,,,,49.2732555,31.4393838,
08:14:04.575,,,,,,,,,,,,,,,,,,,,,,,0,0,,,,,,,,,,,,,,,49.2732555,31.4393838,
08:14:04.634,,,,,,,,,,,,,,,,,,,,0,,,,,,,,,,,,,,,,,,,49.2732555,31.4393838,
08:14:04.683,,,,,,,,,,,,,,,,,,,,,,,,,,,,,,,,,,22,,,,,49.2732555,31.4393838,
08:14:04.717,,,,,,,,,,,,,,,,,,,,,,,,,-0.016315459407646855,0.01,0.01,93.04,5923.52,,,1,,,,,,0,49.2732555,31.4393838,
08:14:04.795,,,,,,,,,,,,,,,,,,,,,,,,,,,,,,,0,,,,,100,,,49.2732555,31.4393838,
08:14:04.954,,,,,,,,,,54,,,,,,,,,,,,,,,,,,,,,,,,,,,,,49.2732555,31.4393838,
08:14:05.013,,,,,,,,,351.6,,,,,,,,,,,,,,,,,,,,,,,,,,,,,,49.2732555,31.4393838,
08:14:05.051,,,,,,,,,,,3.679,,,,,,,,,,,,,,,,,,,,,,,,,,,,49.2732555,31.4393838,
08:14:05.087,,,,,,,,,,,,3.668,,,,,,,,,,,,,,,,,,,,,,,,,,,49.2732555,31.4393838,
08:14:05.123,-3,,,,,,,,,,,,,,,,,,,,,,,,,,,,,,,,,,,,,,49.2732555,31.4393838,
08:14:05.171,,,-3,,,,,,,,,,,,,,,,,,,,,,,,,,,,,,,,,,,,49.2732555,31.4393838,
08:14:05.205,,-3,,,,,,,,,,,,,,,,,,,,,,,,,,,,,,,,,,,,,49.2732555,31.4393838,
08:14:05.241,,,,,23,,,,,,,,,,,,,,,,,,,,,,,,,,,,,,,,,,49.2732555,31.4393838,
08:14:05.277,,,,,,23,,,,,,,,,,,,,,,,,,,,,,,,,,,,,,,,,49.2732555,31.4393838,
08:14:05.314,,,,,,,22,,,,,,,,,,,,,,,,,,,,,,,,,,,,,,,,49.2732555,31.4393838,
08:14:05.363,,,,,,,,22,,,,,,,,,,,,,,,,,,,,,,,,,,,,,,,49.2732555,31.4393838,
08:14:05.409,,,,21,,,,,,,,,,,,,,,,,,,,,,,,,,,,,,,,,,,49.2732555,31.4393838,
08:14:05.505,,,,,,,,,,,,,,,,,,25,,,,,,,,,,,,,,,,,,,,,49.2732555,31.4393838,
08:14:05.542,,,,,,,,,,,,,,22,,,,,,,,,,,,,,,,,,,,,,,,,49.2732555,31.4393838,
08:14:05.579,,,,,,,,,,,,,,,,,0,,,,,,,,,,,,,,,,,,,,,,49.2732555,31.4393838,
08:14:05.613,,,,,,,,,,,,,37,,,,,,,,,,,,,,,,,,,,,,,,,,49.2732555,31.4393838,
08:14:05.662,,,,,,,,,,,,,,,0,0,,,,,,,,,,,,,,,,,,,,,,,49.2732555,31.4393838,
08:14:05.686,,,,,,,,,,,,,,,,,,,0,,,,,,,,,,,,,,,,,,,,49.2732555,31.4393838,
08:14:05.842,,,,,,,,,,,,,,,,,,,,,,,,,,,,,,0,,,,,,,,,49.2732555,31.4393838,
08:14:05.918,,,,,,,,,,,,,,,,,,,,,,,0,0,,,,,,,,,,,,,,,49.2732555,31.4393838,
08:14:06.002,,,,,,,,,,,,,,,,,,,,0,,,,,,,,,,,,,,,,,,,49.2732555,31.4393838,
08:14:06.066,,,,,,,,,,,,,,,,,,,,,,,,,,,,,,,,,,22,,,,,49.2732555,31.4393838,
08:14:06.114,,,,,,,,,,,,,,,,,,,,,,,,,-0.02651262153742614,0.01,0.01,93.04,5923.52,,,1,,,,,,0,49.2732555,31.4393838,
08:14:06.177,,,,,,,,,,,,,,,,,,,,,,,,,,,,,,,0,,,,,100,,,49.2732555,31.4393838,
08:14:06.254,,,,,,,,,,54,,,,,,,,,,,,,,,,,,,,,,,,,,,,,49.2732555,31.4393838,
08:14:06.291,,,,,,,,,354,,,,,,,,,,,,,,,,,,,,,,,,,,,,,,49.2732555,31.4393838,
08:14:06.330,,,,,,,,,,,3.676,,,,,,,,,,,,,,,,,,,,,,,,,,,,49.2732555,31.4393838,
08:14:06.365,,,,,,,,,,,,3.668,,,,,,,,,,,,,,,,,,,,,,,,,,,49.2732555,31.4393838,
08:14:06.402,-3,,,,,,,,,,,,,,,,,,,,,,,,,,,,,,,,,,,,,,49.2732555,31.4393838,
08:14:06.438,,,-3,,,,,,,,,,,,,,,,,,,,,,,,,,,,,,,,,,,,49.2732555,31.4393838,
08:14:06.474,,-3,,,,,,,,,,,,,,,,,,,,,,,,,,,,,,,,,,,,,49.2732555,31.4393838,
08:14:06.525,,,,,23,,,,,,,,,,,,,,,,,,,,,,,,,,,,,,,,,,49.2732555,31.4393838,
08:14:06.562,,,,,,23,,,,,,,,,,,,,,,,,,,,,,,,,,,,,,,,,49.2732555,31.4393838,
08:14:06.610,,,,,,,22,,,,,,,,,,,,,,,,,,,,,,,,,,,,,,,,49.2732555,31.4393838,
08:14:06.683,,,,,,,,22,,,,,,,,,,,,,,,,,,,,,,,,,,,,,,,49.2732555,31.4393838,
08:14:06.779,,,,21,,,,,,,,,,,,,,,,,,,,,,,,,,,,,,,,,,,49.2732555,31.4393838,
08:14:06.935,,,,,,,,,,,,,,,,,,25,,,,,,,,,,,,,,,,,,,,,49.2732555,31.4393838,
08:14:06.982,,,,,,,,,,,,,,22,,,,,,,,,,,,,,,,,,,,,,,,,49.2732555,31.4393838,
08:14:07.019,,,,,,,,,,,,,,,,,1,,,,,,,,,,,,,,,,,,,,,,49.2732555,31.4393838,
08:14:07.066,,,,,,,,,,,,,37,,,,,,,,,,,,,,,,,,,,,,,,,,49.2732555,31.4393838,
08:14:07.097,,,,,,,,,,,,,,,,,,,,,,145,,,,,,,,,,,0,,,,0,,49.2729816,31.4394947,
08:14:07.101,,,,,,,,,,,,,,,0,0,,,,,,,,,,,,,,,,,,,,,,,49.2729816,31.4394947,
08:14:07.126,,,,,,,,,,,,,,,,,,,0,,,,,,,,,,,,,,,,,,,,49.2729816,31.4394947,
08:14:07.197,,,,,,,,,,,,,,,,,,,,,,,,,,,,,,0,,,,,,,,,49.2729816,31.4394947,
08:14:07.235,,,,,,,,,,,,,,,,,,,,,,,,,,,,,,,,,,,23,,,,49.2729816,31.4394947,
08:14:07.306,,,,,,,,,,,,,,,,,,,,,,,0,0,,,,,,,,,,,,,,,49.2729816,31.4394947,
08:14:07.365,,,,,,,,,,,,,,,,,,,,0,,,,,,,,,,,,,,,,,,,49.2729816,31.4394947,
08:14:07.426,,,,,,,,,,,,,,,,,,,,,,,,,,,,,,,,,,22,,,,,49.2729816,31.4394947,
08:14:07.487,,,,,,,,,,,,,,,,,,,,,,,,,-0.015295743194668924,0.01,0.01,93.04,5923.52,,,1,,,,,,0,49.2729816,31.4394947,
08:14:07.546,,,,,,,,,,,,,,,,,,,,,,,,,,,,,,,0,,,,,100,,,49.2729816,31.4394947,
08:14:07.726,,,,,,,,,,54,,,,,,,,,,,,,,,,,,,,,,,,,,,,,49.2729816,31.4394947,
08:14:07.798,,,,,,,,,,,,,,,,,,,,,,144,,,,,,,,,,,0,,,,0,,49.2729832,31.4394945,
08:14:07.846,,,,,,,,,351.6,,,,,,,,,,,,,,,,,,,,,,,,,,,,,,49.2729832,31.4394945,
08:14:07.906,,,,,,,,,,,3.672,,,,,,,,,,,,,,,,,,,,,,,,,,,,49.2729832,31.4394945,
08:14:07.966,,,,,,,,,,,,3.661,,,,,,,,,,,,,,,,,,,,,,,,,,,49.2729832,31.4394945,
08:14:08.027,-10,,,,,,,,,,,,,,,,,,,,,,,,,,,,,,,,,,,,,,49.2729832,31.4394945,
08:14:08.085,,,-11,,,,,,,,,,,,,,,,,,,,,,,,,,,,,,,,,,,,49.2729832,31.4394945,
08:14:08.123,,-12,,,,,,,,,,,,,,,,,,,,,,,,,,,,,,,,,,,,,49.2729832,31.4394945,
08:14:08.170,,,,,23,,,,,,,,,,,,,,,,,,,,,,,,,,,,,,,,,,49.2729832,31.4394945,
08:14:08.206,,,,,,23,,,,,,,,,,,,,,,,,,,,,,,,,,,,,,,,,49.2729832,31.4394945,
08:14:08.254,,,,,,,22,,,,,,,,,,,,,,,,,,,,,,,,,,,,,,,,49.2729832,31.4394945,
08:14:08.290,,,,,,,,22,,,,,,,,,,,,,,,,,,,,,,,,,,,,,,,49.2729832,31.4394945,
08:14:08.326,,,,21,,,,,,,,,,,,,,,,,,,,,,,,,,,,,,,,,,,49.2729832,31.4394945,
08:14:08.398,,,,,,,,,,,,,,,,,,25,,,,,,,,,,,,,,,,,,,,,49.2729832,31.4394945,
08:14:08.434,,,,,,,,,,,,,,22,,,,,,,,,,,,,,,,,,,,,,,,,49.2729832,31.4394945,
08:14:08.470,,,,,,,,,,,,,,,,,126,,,,,,,,,,,,,,,,,,,,,,49.2729832,31.4394945,
08:14:08.507,,,,,,,,,,,,,37,,,,,,,,,,,,,,,,,,,,,,,,,,49.2729832,31.4394945,
08:14:08.541,,,,,,,,,,,,,,,8000,0.48,,,,,,,,,,,,,,,,,,,,,,,49.2729832,31.4394945,
08:14:08.615,,,,,,,,,,,,,,,,,,,3,,,,,,,,,,,,,,,,,,,,49.2729832,31.4394945,
08:14:08.782,,,,,,,,,,,,,,,,,,,,,,,,,,,,,,0,,,,,,,,,49.2729832,31.4394945,
08:14:08.800,,,,,,,,,,,,,,,,,,,,,,145,,,,,,,,,,,0,,,,2.1,,49.2729826,31.4394885,
08:14:08.867,,,,,,,,,,,,,,,,,,,,,,,0,0,,,,,,,,,,,,,,,49.2729826,31.4394885,
08:14:08.926,,,,,,,,,,,,,,,,,,,,0,,,,,,,,,,,,,,,,,,,49.2729826,31.4394885,
08:14:08.974,,,,,,,,,,,,,,,,,,,,,,,,,,,,,,,,,,22,,,,,49.2729826,31.4394885,
08:14:09.010,,,,,,,,,,,,,,,,,,,,,,,,,0.020394324259558567,0.01,0.01,93.04,5923.52,,,1.1,,,,,,4,49.2729826,31.4394885,
08:14:09.046,,,,,,,,,,,,,,,,,,,,,,,,,,,,,,,-0.01,,,,,99,,,49.2729826,31.4394885,
08:14:09.105,,,,,,,,,,54,,,,,,,,,,,,,,,,,,,,,,,,,,,,,49.2729826,31.4394885,
08:14:09.142,,,,,,,,,350.8,,,,,,,,,,,,,,,,,,,,,,,,,,,,,,49.2729826,31.4394885,
08:14:09.178,,,,,,,,,,,3.653,,,,,,,,,,,,,,,,,,,,,,,,,,,,49.2729826,31.4394885,
08:14:09.226,,,,,,,,,,,,3.639,,,,,,,,,,,,,,,,,,,,,,,,,,,49.2729826,31.4394885,
08:14:09.262,-20,,,,,,,,,,,,,,,,,,,,,,,,,,,,,,,,,,,,,,49.2729826,31.4394885,
08:14:09.299,,,-18,,,,,,,,,,,,,,,,,,,,,,,,,,,,,,,,,,,,49.2729826,31.4394885,
08:14:09.346,,-17,,,,,,,,,,,,,,,,,,,,,,,,,,,,,,,,,,,,,49.2729826,31.4394885,
08:14:09.383,,,,,23,,,,,,,,,,,,,,,,,,,,,,,,,,,,,,,,,,49.2729826,31.4394885,
08:14:09.419,,,,,,23,,,,,,,,,,,,,,,,,,,,,,,,,,,,,,,,,49.2729826,31.4394885,
08:14:09.454,,,,,,,22,,,,,,,,,,,,,,,,,,,,,,,,,,,,,,,,49.2729826,31.4394885,
08:14:09.502,,,,,,,,22,,,,,,,,,,,,,,,,,,,,,,,,,,,,,,,49.2729826,31.4394885,
08:14:09.538,,,,21,,,,,,,,,,,,,,,,,,,,,,,,,,,,,,,,,,,49.2729826,31.4394885,
08:14:09.695,,,,,,,,,,,,,,,,,,25,,,,,,,,,,,,,,,,,,,,,49.2729826,31.4394885,
08:14:09.778,,,,,,,,,,,,,,22,,,,,,,,,,,,,,,,,,,,,,,,,49.2729826,31.4394885,
08:14:09.800,,,,,,,,,,,,,,,,,,,,,,145,,,,,,,,,,,0.1,,,,8.1,,49.2729867,31.4394623,
08:14:09.815,,,,,,,,,,,,,,,,,19,,,,,,,,,,,,,,,,,,,,,,49.2729867,31.4394623,
08:14:09.850,,,,,,,,,,,,,37,,,,,,,,,,,,,,,,,,,,,,,,,,49.2729867,31.4394623,
08:14:09.885,,,,,,,,,,,,,,,1216,0.06,,,,,,,,,,,,,,,,,,,,,,,49.2729867,31.4394623,
08:14:09.933,,,,,,,,,,,,,,,,,,,7,,,,,,,,,,,,,,,,,,,,49.2729867,31.4394623,
08:14:10.006,,,,,,,,,,,,,,,,,,,,,,,,,,,,,,0,,,,,,,,,49.2729867,31.4394623,
08:14:10.054,,,,,,,,,,,,,,,,,,,,,,,,,,,,,,,,,,,23,,,,49.2729867,31.4394623,
08:14:10.101,,,,,,,,,,,,,,,,,,,,,,,0,0,,,,,,,,,,,,,,,49.2729867,31.4394623,
08:14:10.150,,,,,,,,,,,,,,,,,,,,0,,,,,,,,,,,,,,,,,,,49.2729867,31.4394623,
08:14:10.187,,,,,,,,,,,,,,,,,,,,,,,,,,,,,,,,,,22,,,,,49.2729867,31.4394623,
08:14:10.223,,,,,,,,,,,,,,,,,,,,,,,,,0.03569006745422749,0.02,0.02,93.05,5923.52,,,1.2,,,,,,7,49.2729867,31.4394623,
08:14:10.270,,,,,,,,,,,,,,,,,,,,,,,,,,,,,,,-0.01,,,,,99,,,49.2729867,31.4394623,
08:14:10.354,,,,,,,,,,54,,,,,,,,,,,,,,,,,,,,,,,,,,,,,49.2729867,31.4394623,
08:14:10.379,,,,,,,,,351.5,,,,,,,,,,,,,,,,,,,,,,,,,,,,,,49.2729867,31.4394623,
08:14:10.415,,,,,,,,,,,3.669,,,,,,,,,,,,,,,,,,,,,,,,,,,,49.2729867,31.4394623,
08:14:10.463,,,,,,,,,,,,3.659,,,,,,,,,,,,,,,,,,,,,,,,,,,49.2729867,31.4394623,
08:14:10.523,-6,,,,,,,,,,,,,,,,,,,,,,,,,,,,,,,,,,,,,,49.2729867,31.4394623,
08:14:10.594,,,-8,,,,,,,,,,,,,,,,,,,,,,,,,,,,,,,,,,,,49.2729867,31.4394623,
08:14:10.678,,-10,,,,,,,,,,,,,,,,,,,,,,,,,,,,,,,,,,,,,49.2729867,31.4394623,
08:14:10.737,,,,,23,,,,,,,,,,,,,,,,,,,,,,,,,,,,,,,,,,49.2729867,31.4394623,
08:14:10.775,,,,,,23,,,,,,,,,,,,,,,,,,,,,,,,,,,,,,,,,49.2729867,31.4394623,
08:14:10.804,,,,,,,,,,,,,,,,,,,,,,144,,,,,,,,,,,0.2,,,,7.6,,49.2729908,31.4394339,
08:14:10.809,,,,,,,22,,,,,,,,,,,,,,,,,,,,,,,,,,,,,,,,49.2729908,31.4394339,
08:14:10.846,,,,,,,,22,,,,,,,,,,,,,,,,,,,,,,,,,,,,,,,49.2729908,31.4394339,
08:14:10.882,,,,21,,,,,,,,,,,,,,,,,,,,,,,,,,,,,,,,,,,49.2729908,31.4394339,
08:14:10.954,,,,,,,,,,,,,,,,,,25,,,,,,,,,,,,,,,,,,,,,49.2729908,31.4394339,
08:14:10.990,,,,,,,,,,,,,,22,,,,,,,,,,,,,,,,,,,,,,,,,49.2729908,31.4394339,
08:14:11.026,,,,,,,,,,,,,,,,,69,,,,,,,,,,,,,,,,,,,,,,49.2729908,31.4394339,
08:14:11.063,,,,,,,,,,,,,37,,,,,,,,,,,,,,,,,,,,,,,,,,49.2729908,31.4394339,
08:14:11.111,,,,,,,,,,,,,,,4416,0.27,,,,,,,,,,,,,,,,,,,,,,,49.2729908,31.4394339,
08:14:11.146,,,,,,,,,,,,,,,,,,,8,,,,,,,,,,,,,,,,,,,,49.2729908,31.4394339,
08:14:11.217,,,,,,,,,,,,,,,,,,,,,,,,,,,,,,0,,,,,,,,,49.2729908,31.4394339,
08:14:11.254,,,,,,,,,,,,,,,,,,,,,,,0,0,,,,,,,,,,,,,,,49.2729908,31.4394339,
08:14:11.303,,,,,,,,,,,,,,,,,,,,0,,,,,,,,,,,,,,,,,,,49.2729908,31.4394339,
08:14:11.350,,,,,,,,,,,,,,,,,,,,,,,,,,,,,,,,,,22,,,,,49.2729908,31.4394339,
08:14:11.386,,,,,,,,,,,,,,,,,,,,,,,,,0.04282808094507299,0.02,0.02,93.05,5923.53,,,1.4,,,,,,8,49.2729908,31.4394339,
08:14:11.445,,,,,,,,,,,,,,,,,,,,,,,,,,,,,,,-0.01,,,,,99,,,49.2729908,31.4394339,
08:14:11.606,,,,,,,,,,54,,,,,,,,,,,,,,,,,,,,,,,,,,,,,49.2729908,31.4394339,
08:14:11.667,,,,,,,,,349.7,,,,,,,,,,,,,,,,,,,,,,,,,,,,,,49.2729908,31.4394339,
08:14:11.714,,,,,,,,,,,3.646,,,,,,,,,,,,,,,,,,,,,,,,,,,,49.2729908,31.4394339,
08:14:11.762,,,,,,,,,,,,3.638,,,,,,,,,,,,,,,,,,,,,,,,,,,49.2729908,31.4394339,
08:14:11.797,,,,,,,,,,,,,,,,,,,,,,144,,,,,,,,,,,0.3,,,,9.1,,49.2729931,31.4394013,
08:14:11.799,-22,,,,,,,,,,,,,,,,,,,,,,,,,,,,,,,,,,,,,,49.2729931,31.4394013,
08:14:11.835,,,-22,,,,,,,,,,,,,,,,,,,,,,,,,,,,,,,,,,,,49.2729931,31.4394013,
08:14:11.882,,-23,,,,,,,,,,,,,,,,,,,,,,,,,,,,,,,,,,,,,49.2729931,31.4394013,
08:14:11.931,,,,,23,,,,,,,,,,,,,,,,,,,,,,,,,,,,,,,,,,49.2729931,31.4394013,
08:14:11.979,,,,,,23,,,,,,,,,,,,,,,,,,,,,,,,,,,,,,,,,49.2729931,31.4394013,
08:14:12.015,,,,,,,22,,,,,,,,,,,,,,,,,,,,,,,,,,,,,,,,49.2729931,31.4394013,
08:14:12.049,,,,,,,,22,,,,,,,,,,,,,,,,,,,,,,,,,,,,,,,49.2729931,31.4394013,
08:14:12.098,,,,21,,,,,,,,,,,,,,,,,,,,,,,,,,,,,,,,,,,49.2729931,31.4394013,
08:14:12.169,,,,,,,,,,,,,,,,,,25,,,,,,,,,,,,,,,,,,,,,49.2729931,31.4394013,
08:14:12.206,,,,,,,,,,,,,,22,,,,,,,,,,,,,,,,,,,,,,,,,49.2729931,31.4394013,
08:14:12.242,,,,,,,,,,,,,,,,,97,,,,,,,,,,,,,,,,,,,,,,49.2729931,31.4394013,
08:14:12.278,,,,,,,,,,,,,37,,,,,,,,,,,,,,,,,,,,,,,,,,49.2729931,31.4394013,
08:14:12.315,,,,,,,,,,,,,,,6144,0.38,,,,,,,,,,,,,,,,,,,,,,,49.2729931,31.4394013,
08:14:12.351,,,,,,,,,,,,,,,,,,,11,,,,,,,,,,,,,,,,,,,,49.2729931,31.4394013,
08:14:12.410,,,,,,,,,,,,,,,,,,,,,,,,,,,,,,0,,,,,,,,,49.2729931,31.4394013,
08:14:12.482,,,,,,,,,,,,,,,,,,,,,,,,,,,,,,,,,,,23,,,,49.2729931,31.4394013,
08:14:12.567,,,,,,,,,,,,,,,,,,,,,,,0,0,,,,,,,,,,,,,,,49.2729931,31.4394013,
08:14:12.697,,,,,,,,,,,,,,,,,,,,0,,,,,,,,,,,,,,,,,,,49.2729931,31.4394013,
08:14:12.770,,,,,,,,,,,,,,,,,,,,,,,,,,,,,,,,,,22,,,,,49.2729931,31.4394013,
08:14:12.803,,,,,,,,,,,,,,,,,,,,,,144,,,,,,,,,,,0.5,,,,9.1,,49.2729948,31.4393673,
08:14:12.807,,,,,,,,,,,,,,,,,,,,,,,,,0.05812382413974191,0.02,0.02,93.05,5923.53,,,1.6,,,,,,11,49.2729948,31.4393673,
08:14:12.867,,,,,,,,,,,,,,,,,,,,,,,,,,,,,,,-0.01,,,,,99,,,49.2729948,31.4393673,
08:14:12.938,,,,,,,,,,53.5,,,,,,,,,,,,,,,,,,,,,,,,,,,,,49.2729948,31.4393673,
08:14:12.987,,,,,,,,,349.8,,,,,,,,,,,,,,,,,,,,,,,,,,,,,,49.2729948,31.4393673,
08:14:13.034,,,,,,,,,,,3.653,,,,,,,,,,,,,,,,,,,,,,,,,,,,49.2729948,31.4393673,
08:14:13.069,,,,,,,,,,,,3.64,,,,,,,,,,,,,,,,,,,,,,,,,,,49.2729948,31.4393673,
08:14:13.119,-15,,,,,,,,,,,,,,,,,,,,,,,,,,,,,,,,,,,,,,49.2729948,31.4393673,
08:14:13.154,,,-16,,,,,,,,,,,,,,,,,,,,,,,,,,,,,,,,,,,,49.2729948,31.4393673,
08:14:13.214,,-15,,,,,,,,,,,,,,,,,,,,,,,,,,,,,,,,,,,,,49.2729948,31.4393673,
08:14:13.251,,,,,23,,,,,,,,,,,,,,,,,,,,,,,,,,,,,,,,,,49.2729948,31.4393673,
08:14:13.302,,,,,,23,,,,,,,,,,,,,,,,,,,,,,,,,,,,,,,,,49.2729948,31.4393673,
08:14:13.338,,,,,,,22,,,,,,,,,,,,,,,,,,,,,,,,,,,,,,,,49.2729948,31.4393673,
08:14:13.375,,,,,,,,22,,,,,,,,,,,,,,,,,,,,,,,,,,,,,,,49.2729948,31.4393673,
08:14:13.459,,,,21,,,,,,,,,,,,,,,,,,,,,,,,,,,,,,,,,,,49.2729948,31.4393673,
08:14:13.602,,,,,,,,,,,,,,,,,,25,,,,,,,,,,,,,,,,,,,,,49.2729948,31.4393673,
08:14:13.650,,,,,,,,,,,,,,23,,,,,,,,,,,,,,,,,,,,,,,,,49.2729948,31.4393673,
08:14:13.682,,,,,,,,,,,,,,,,,42,,,,,,,,,,,,,,,,,,,,,,49.2729948,31.4393673,
08:14:13.719,,,,,,,,,,,,,34,,,,,,,,,,,,,,,,,,,,,,,,,,49.2729948,31.4393673,
08:14:13.755,,,,,,,,,,,,,,,2720,0.16,,,,,,,,,,,,,,,,,,,,,,,49.2729948,31.4393673,
08:14:13.789,,,,,,,,,,,,,,,,,,,14,,,,,,,,,,,,,,,,,,,,49.2729948,31.4393673,
08:14:13.803,,,,,,,,,,,,,,,,,,,,,,144,,,,,,,,,,,0.6,,,,15.6,,49.2729934,31.4393125,
08:14:13.874,,,,,,,,,,,,,,,,,,,,,,,,,,,,,,0,,,,,,,,,49.2729934,31.4393125,
08:14:13.909,,,,,,,,,,,,,,,,,,,,,,,0,0,,,,,,,,,,,,,,,49.2729934,31.4393125,
08:14:13.958,,,,,,,,,,,,,,,,,,,,0,,,,,,,,,,,,,,,,,,,49.2729934,31.4393125,
08:14:14.018,,,,,,,,,,,,,,,,,,,,,,,,,,,,,,,,,,22,,,,,49.2729934,31.4393125,
08:14:14.066,,,,,,,,,,,,,,,,,,,,,,,,,0.049966094435918484,0.03,0.03,93.06,5923.53,,,1.9,,,,,,13,49.2729934,31.4393125,
08:14:14.115,,,,,,,,,,,,,,,,,,,,,,,,,,,,,,,0,,,,,100,,,49.2729934,31.4393125,
08:14:14.187,,,,,,,,,,53.5,,,,,,,,,,,,,,,,,,,,,,,,,,,,,49.2729934,31.4393125,
08:14:14.222,,,,,,,,,350.3,,,,,,,,,,,,,,,,,,,,,,,,,,,,,,49.2729934,31.4393125,
08:14:14.259,,,,,,,,,,,3.651,,,,,,,,,,,,,,,,,,,,,,,,,,,,49.2729934,31.4393125,
08:14:14.307,,,,,,,,,,,,3.645,,,,,,,,,,,,,,,,,,,,,,,,,,,49.2729934,31.4393125,
08:14:14.402,-10,,,,,,,,,,,,,,,,,,,,,,,,,,,,,,,,,,,,,,49.2729934,31.4393125,
08:14:14.452,,,-12,,,,,,,,,,,,,,,,,,,,,,,,,,,,,,,,,,,,49.2729934,31.4393125,
08:14:14.550,,-12,,,,,,,,,,,,,,,,,,,,,,,,,,,,,,,,,,,,,49.2729934,31.4393125,
08:14:14.622,,,,,23,,,,,,,,,,,,,,,,,,,,,,,,,,,,,,,,,,49.2729934,31.4393125,
08:14:14.670,,,,,,23,,,,,,,,,,,,,,,,,,,,,,,,,,,,,,,,,49.2729934,31.4393125,
08:14:14.707,,,,,,,22,,,,,,,,,,,,,,,,,,,,,,,,,,,,,,,,49.2729934,31.4393125,
08:14:14.743,,,,,,,,22,,,,,,,,,,,,,,,,,,,,,,,,,,,,,,,49.2729934,31.4393125,
08:14:14.777,,,,21,,,,,,,,,,,,,,,,,,,,,,,,,,,,,,,,,,,49.2729934,31.4393125,
08:14:14.801,,,,,,,,,,,,,,,,,,,,,,144,,,,,,,,,,,0.8,,,,14.9,,49.2729884,31.4392527,
08:14:14.850,,,,,,,,,,,,,,,,,,25,,,,,,,,,,,,,,,,,,,,,49.2729884,31.4392527,
08:14:14.885,,,,,,,,,,,,,,23,,,,,,,,,,,,,,,,,,,,,,,,,49.2729884,31.4392527,
08:14:14.936,,,,,,,,,,,,,,,,,31,,,,,,,,,,,,,,,,,,,,,,49.2729884,31.4392527,
08:14:14.986,,,,,,,,,,,,,34,,,,,,,,,,,,,,,,,,,,,,,,,,49.2729884,31.4392527,
08:14:15.023,,,,,,,,,,,,,,,1824,0.11,,,,,,,,,,,,,,,,,,,,,,,49.2729884,31.4392527,
08:14:15.058,,,,,,,,,,,,,,,,,,,15,,,,,,,,,,,,,,,,,,,,49.2729884,31.4392527,
08:14:15.129,,,,,,,,,,,,,,,,,,,,,,,,,,,,,,0,,,,,,,,,49.2729884,31.4392527,
08:14:15.166,,,,,,,,,,,,,,,,,,,,,,,,,,,,,,,,,,,23,,,,49.2729884,31.4392527,
08:14:15.201,,,,,,,,,,,,,,,,,,,,,,,0,0,,,,,,,,,,,,,,,49.2729884,31.4392527,
08:14:15.286,,,,,,,,,,,,,,,,,,,,0,,,,,,,,,,,,,,,,,,,49.2729884,31.4392527,
08:14:15.358,,,,,,,,,,,,,,,,,,,,,,,,,,,,,,,,,,22,,,,,49.2729884,31.4392527,
08:14:15.431,,,,,,,,,,,,,,,,,,,,,,,,,0.03772949988018335,0.03,0.03,93.06,5923.54,,,2.2,,,,,,14,49.2729884,31.4392527,
08:14:15.478,,,,,,,,,,,,,,,,,,,,,,,,,,,,,,,-0.01,,,,,99,,,49.2729884,31.4392527,
08:14:15.538,,,,,,,,,,53.5,,,,,,,,,,,,,,,,,,,,,,,,,,,,,49.2729884,31.4392527,
08:14:15.586,,,,,,,,,350.2,,,,,,,,,,,,,,,,,,,,,,,,,,,,,,49.2729884,31.4392527,
08:14:15.623,,,,,,,,,,,3.656,,,,,,,,,,,,,,,,,,,,,,,,,,,,49.2729884,31.4392527,
08:14:15.659,,,,,,,,,,,,3.645,,,,,,,,,,,,,,,,,,,,,,,,,,,49.2729884,31.4392527,
08:14:15.695,-8,,,,,,,,,,,,,,,,,,,,,,,,,,,,,,,,,,,,,,49.2729884,31.4392527,
08:14:15.754,,,-8,,,,,,,,,,,,,,,,,,,,,,,,,,,,,,,,,,,,49.2729884,31.4392527,
08:14:15.789,,-8,,,,,,,,,,,,,,,,,,,,,,,,,,,,,,,,,,,,,49.2729884,31.4392527,
08:14:15.803,,,,,,,,,,,,,,,,,,,,,,144,,,,,,,,,,,1,,,,15.5,,49.272984,31.4391931,
08:14:15.837,,,,,23,,,,,,,,,,,,,,,,,,,,,,,,,,,,,,,,,,49.272984,31.4391931,
08:14:15.873,,,,,,23,,,,,,,,,,,,,,,,,,,,,,,,,,,,,,,,,49.272984,31.4391931,
08:14:15.923,,,,,,,22,,,,,,,,,,,,,,,,,,,,,,,,,,,,,,,,49.272984,31.4391931,
08:14:15.970,,,,,,,,22,,,,,,,,,,,,,,,,,,,,,,,,,,,,,,,49.272984,31.4391931,
08:14:16.007,,,,21,,,,,,,,,,,,,,,,,,,,,,,,,,,,,,,,,,,49.272984,31.4391931,
08:14:16.079,,,,,,,,,,,,,,,,,,26,,,,,,,,,,,,,,,,,,,,,49.272984,31.4391931,
08:14:16.114,,,,,,,,,,,,,,23,,,,,,,,,,,,,,,,,,,,,,,,,49.272984,31.4391931,
08:14:16.139,,,,,,,,,,,,,,,,,5,,,,,,,,,,,,,,,,,,,,,,49.272984,31.4391931,
08:14:16.175,,,,,,,,,,,,,34,,,,,,,,,,,,,,,,,,,,,,,,,,49.272984,31.4391931,
08:14:16.222,,,,,,,,,,,,,,,160,0,,,,,,,,,,,,,,,,,,,,,,,49.272984,31.4391931,
08:14:16.318,,,,,,,,,,,,,,,,,,,15,,,,,,,,,,,,,,,,,,,,49.272984,31.4391931,
08:14:16.466,,,,,,,,,,,,,,,,,,,,,,,,,,,,,,0,,,,,,,,,49.272984,31.4391931,
08:14:16.515,,,,,,,,,,,,,,,,,,,,,,,0,0,,,,,,,,,,,,,,,49.272984,31.4391931,
08:14:16.575,,,,,,,,,,,,,,,,,,,,0,,,,,,,,,,,,,,,,,,,49.272984,31.4391931,
08:14:16.622,,,,,,,,,,,,,,,,,,,,,,,,,,,,,,,,,,22,,,,,49.272984,31.4391931,
08:14:16.659,,,,,,,,,,,,,,,,,,,,,,,,,0.03263091881529371,0.04,0.04,93.07,5923.54,,,2.5,,,,,,14,49.272984,31.4391931,
08:14:16.719,,,,,,,,,,,,,,,,,,,,,,,,,,,,,,,-0.01,,,,,99,,,49.272984,31.4391931,
08:14:16.791,,,,,,,,,,53.5,,,,,,,,,,,,,,,,,,,,,,,,,,,,,49.272984,31.4391931,
08:14:16.807,,,,,,,,,,,,,,,,,,,,,,144,,,,,,,,,,,1.2,,,,15,,49.2729808,31.4391347,
08:14:16.839,,,,,,,,,351.5,,,,,,,,,,,,,,,,,,,,,,,,,,,,,,49.2729808,31.4391347,
08:14:16.873,,,,,,,,,,,3.664,,,,,,,,,,,,,,,,,,,,,,,,,,,,49.2729808,31.4391347,
08:14:16.934,,,,,,,,,,,,3.655,,,,,,,,,,,,,,,,,,,,,,,,,,,49.2729808,31.4391347,
08:14:16.982,-4,,,,,,,,,,,,,,,,,,,,,,,,,,,,,,,,,,,,,,49.2729808,31.4391347,
08:14:17.030,,,-4,,,,,,,,,,,,,,,,,,,,,,,,,,,,,,,,,,,,49.2729808,31.4391347,
08:14:17.067,,-4,,,,,,,,,,,,,,,,,,,,,,,,,,,,,,,,,,,,,49.2729808,31.4391347,
08:14:17.151,,,,,23,,,,,,,,,,,,,,,,,,,,,,,,,,,,,,,,,,49.2729808,31.4391347,
08:14:17.211,,,,,,23,,,,,,,,,,,,,,,,,,,,,,,,,,,,,,,,,49.2729808,31.4391347,
08:14:17.282,,,,,,,22,,,,,,,,,,,,,,,,,,,,,,,,,,,,,,,,49.2729808,31.4391347,
08:14:17.341,,,,,,,,22,,,,,,,,,,,,,,,,,,,,,,,,,,,,,,,49.2729808,31.4391347,
08:14:17.378,,,,21,,,,,,,,,,,,,,,,,,,,,,,,,,,,,,,,,,,49.2729808,31.4391347,
08:14:17.462,,,,,,,,,,,,,,,,,,26,,,,,,,,,,,,,,,,,,,,,49.2729808,31.4391347,
08:14:17.497,,,,,,,,,,,,,,23,,,,,,,,,,,,,,,,,,,,,,,,,49.2729808,31.4391347,
08:14:17.535,,,,,,,,,,,,,,,,,5,,,,,,,,,,,,,,,,,,,,,,49.2729808,31.4391347,
08:14:17.570,,,,,,,,,,,,,34,,,,,,,,,,,,,,,,,,,,,,,,,,49.2729808,31.4391347,
08:14:17.619,,,,,,,,,,,,,,,256,0.02,,,,,,,,,,,,,,,,,,,,,,,49.2729808,31.4391347,
08:14:17.659,,,,,,,,,,,,,,,,,,,14,,,,,,,,,,,,,,,,,,,,49.2729808,31.4391347,
08:14:17.754,,,,,,,,,,,,,,,,,,,,,,,,,,,,,,0,,,,,,,,,49.2729808,31.4391347,
08:14:17.802,,,,,,,,,,,,,,,,,,,,,,144,,,,,,,,,,,1.3,,,,14.6,,49.2729789,31.4390762,
08:14:17.815,,,,,,,,,,,,,,,,,,,,,,,,,,,,,,,,,,,22,,,,49.2729789,31.4390762,
08:14:17.879,,,,,,,,,,,,,,,,,,,,,,,0,0,,,,,,,,,,,,,,,49.2729789,31.4390762,
08:14:17.915,,,,,,,,,,,,,,,,,,,,0,,,,,,,,,,,,,,,,,,,49.2729789,31.4390762,
08:14:17.974,,,,,,,,,,,,,,,,,,,,,,,,,,,,,,,,,,22,,,,,49.2729789,31.4390762,
08:14:18.035,,,,,,,,,,,,,,,,,,,,,,,,,0.016315459407646855,0.04,0.04,93.07,5923.55,,,2.7,,,,,,14,49.2729789,31.4390762,
08:14:18.203,,,,,,,,,,,,,,,,,,,,,,,,,,,,,,,0,,,,,100,,,49.2729789,31.4390762,
08:14:18.334,,,,,,,,,,53.5,,,,,,,,,,,,,,,,,,,,,,,,,,,,,49.2729789,31.4390762,
08:14:18.370,,,,,,,,,351.5,,,,,,,,,,,,,,,,,,,,,,,,,,,,,,49.2729789,31.4390762,
08:14:18.418,,,,,,,,,,,3.66,,,,,,,,,,,,,,,,,,,,,,,,,,,,49.2729789,31.4390762,
08:14:18.466,,,,,,,,,,,,3.65,,,,,,,,,,,,,,,,,,,,,,,,,,,49.2729789,31.4390762,
08:14:18.502,-8,,,,,,,,,,,,,,,,,,,,,,,,,,,,,,,,,,,,,,49.2729789,31.4390762,
08:14:18.537,,,-8,,,,,,,,,,,,,,,,,,,,,,,,,,,,,,,,,,,,49.2729789,31.4390762,
08:14:18.574,,-8,,,,,,,,,,,,,,,,,,,,,,,,,,,,,,,,,,,,,49.2729789,31.4390762,
08:14:18.609,,,,,23,,,,,,,,,,,,,,,,,,,,,,,,,,,,,,,,,,49.2729789,31.4390762,
08:14:18.659,,,,,,23,,,,,,,,,,,,,,,,,,,,,,,,,,,,,,,,,49.2729789,31.4390762,
08:14:18.695,,,,,,,22,,,,,,,,,,,,,,,,,,,,,,,,,,,,,,,,49.2729789,31.4390762,
08:14:18.731,,,,,,,,22,,,,,,,,,,,,,,,,,,,,,,,,,,,,,,,49.2729789,31.4390762,
08:14:18.766,,,,21,,,,,,,,,,,,,,,,,,,,,,,,,,,,,,,,,,,49.2729789,31.4390762,
08:14:18.804,,,,,,,,,,,,,,,,,,,,,,144,,,,,,,,,,,1.5,,,,14.5,,49.272977,31.4390177,
08:14:18.837,,,,,,,,,,,,,,,,,,26,,,,,,,,,,,,,,,,,,,,,49.272977,31.4390177,
08:14:18.874,,,,,,,,,,,,,,23,,,,,,,,,,,,,,,,,,,,,,,,,49.272977,31.4390177,
08:14:18.922,,,,,,,,,,,,,,,,,14,,,,,,,,,,,,,,,,,,,,,,49.272977,31.4390177,
08:14:18.971,,,,,,,,,,,,,34,,,,,,,,,,,,,,,,,,,,,,,,,,49.272977,31.4390177,
08:14:19.006,,,,,,,,,,,,,,,832,0.05,,,,,,,,,,,,,,,,,,,,,,,49.272977,31.4390177,
08:14:19.091,,,,,,,,,,,,,,,,,,,15,,,,,,,,,,,,,,,,,,,,49.272977,31.4390177,
08:14:19.246,,,,,,,,,,,,,,,,,,,,,,,,,,,,,,0,,,,,,,,,49.272977,31.4390177,
08:14:19.293,,,,,,,,,,,,,,,,,,,,,,,0,0,,,,,,,,,,,,,,,49.272977,31.4390177,
08:14:19.330,,,,,,,,,,,,,,,,,,,,0,,,,,,,,,,,,,,,,,,,49.272977,31.4390177,
08:14:19.379,,,,,,,,,,,,,,,,,,,,,,,,,,,,,,,,,,22,,,,,49.272977,31.4390177,
08:14:19.427,,,,,,,,,,,,,,,,,,,,,,,,,0.005098581064889642,0.05,0.05,93.08,5923.55,,,3,,,,,,14,49.272977,31.4390177,
08:14:19.487,,,,,,,,,,,,,,,,,,,,,,,,,,,,,,,-0.01,,,,,99,,,49.272977,31.4390177,
08:14:19.582,,,,,,,,,,53.5,,,,,,,,,,,,,,,,,,,,,,,,,,,,,49.272977,31.4390177,
08:14:19.618,,,,,,,,,351.5,,,,,,,,,,,,,,,,,,,,,,,,,,,,,,49.272977,31.4390177,
08:14:19.655,,,,,,,,,,,3.665,,,,,,,,,,,,,,,,,,,,,,,,,,,,49.272977,31.4390177,
08:14:19.702,,,,,,,,,,,,3.651,,,,,,,,,,,,,,,,,,,,,,,,,,,49.272977,31.4390177,
08:14:19.750,-7,,,,,,,,,,,,,,,,,,,,,,,,,,,,,,,,,,,,,,49.272977,31.4390177,
08:14:19.787,,,-7,,,,,,,,,,,,,,,,,,,,,,,,,,,,,,,,,,,,49.272977,31.4390177,
08:14:19.799,,,,,,,,,,,,,,,,,,,,,,144,,,,,,,,,,,1.6,,,,14.8,,49.2729739,31.4389592,
08:14:19.846,,-7,,,,,,,,,,,,,,,,,,,,,,,,,,,,,,,,,,,,,49.2729739,31.4389592,
08:14:19.883,,,,,23,,,,,,,,,,,,,,,,,,,,,,,,,,,,,,,,,,49.2729739,31.4389592,
08:14:19.919,,,,,,23,,,,,,,,,,,,,,,,,,,,,,,,,,,,,,,,,49.2729739,31.4389592,
08:14:19.966,,,,,,,22,,,,,,,,,,,,,,,,,,,,,,,,,,,,,,,,49.2729739,31.4389592,
08:14:20.003,,,,,,,,22,,,,,,,,,,,,,,,,,,,,,,,,,,,,,,,49.2729739,31.4389592,
08:14:20.074,,,,21,,,,,,,,,,,,,,,,,,,,,,,,,,,,,,,,,,,49.2729739,31.4389592,
08:14:20.230,,,,,,,,,,,,,,,,,,26,,,,,,,,,,,,,,,,,,,,,49.2729739,31.4389592,
08:14:20.301,,,,,,,,,,,,,,23,,,,,,,,,,,,,,,,,,,,,,,,,49.2729739,31.4389592,
08:14:20.338,,,,,,,,,,,,,,,,,11,,,,,,,,,,,,,,,,,,,,,,49.2729739,31.4389592,
08:14:20.378,,,,,,,,,,,,,34,,,,,,,,,,,,,,,,,,,,,,,,,,49.2729739,31.4389592,
08:14:20.427,,,,,,,,,,,,,,,736,0.03,,,,,,,,,,,,,,,,,,,,,,,49.2729739,31.4389592,
08:14:20.450,,,,,,,,,,,,,,,,,,,15,,,,,,,,,,,,,,,,,,,,49.2729739,31.4389592,
08:14:20.522,,,,,,,,,,,,,,,,,,,,,,,,,,,,,,0,,,,,,,,,49.2729739,31.4389592,
08:14:20.558,,,,,,,,,,,,,,,,,,,,,,,,,,,,,,,,,,,22,,,,49.2729739,31.4389592,
08:14:20.606,,,,,,,,,,,,,,,,,,,,,,,0,0,,,,,,,,,,,,,,,49.2729739,31.4389592,
08:14:20.655,,,,,,,,,,,,,,,,,,,,0,,,,,,,,,,,,,,,,,,,49.2729739,31.4389592,
08:14:20.703,,,,,,,,,,,,,,,,,,,,,,,,,,,,,,,,,,22,,,,,49.2729739,31.4389592,
08:14:20.738,,,,,,,,,,,,,,,,,,,,,,,,,0,0.05,0.05,93.08,5923.56,,,3.3,,,,,,14,49.2729739,31.4389592,
08:14:20.799,,,,,,,,,,,,,,,,,,,,,,,,,,,,,,,0,,,,,100,,,49.2729739,31.4389592,
08:14:20.804,,,,,,,,,,,,,,,,,,,,,,144,,,,,,,,,,,1.8,,,,14.6,,49.2729705,31.4389023,
08:14:20.894,,,,,,,,,,53.5,,,,,,,,,,,,,,,,,,,,,,,,,,,,,49.2729705,31.4389023,
08:14:20.931,,,,,,,,,350.3,,,,,,,,,,,,,,,,,,,,,,,,,,,,,,49.2729705,31.4389023,
08:14:21.026,,,,,,,,,,,3.66,,,,,,,,,,,,,,,,,,,,,,,,,,,,49.2729705,31.4389023,
08:14:21.110,,,,,,,,,,,,3.65,,,,,,,,,,,,,,,,,,,,,,,,,,,49.2729705,31.4389023,
08:14:21.205,-6,,,,,,,,,,,,,,,,,,,,,,,,,,,,,,,,,,,,,,49.2729705,31.4389023,
08:14:21.255,,,-6,,,,,,,,,,,,,,,,,,,,,,,,,,,,,,,,,,,,49.2729705,31.4389023,
08:14:21.290,,-7,,,,,,,,,,,,,,,,,,,,,,,,,,,,,,,,,,,,,49.2729705,31.4389023,
08:14:21.339,,,,,23,,,,,,,,,,,,,,,,,,,,,,,,,,,,,,,,,,49.2729705,31.4389023,
08:14:21.374,,,,,,23,,,,,,,,,,,,,,,,,,,,,,,,,,,,,,,,,49.2729705,31.4389023,
08:14:21.411,,,,,,,22,,,,,,,,,,,,,,,,,,,,,,,,,,,,,,,,49.2729705,31.4389023,
08:14:21.459,,,,,,,,22,,,,,,,,,,,,,,,,,,,,,,,,,,,,,,,49.2729705,31.4389023,
08:14:21.507,,,,21,,,,,,,,,,,,,,,,,,,,,,,,,,,,,,,,,,,49.2729705,31.4389023,
08:14:21.567,,,,,,,,,,,,,,,,,,26,,,,,,,,,,,,,,,,,,,,,49.2729705,31.4389023,
08:14:21.613,,,,,,,,,,,,,,23,,,,,,,,,,,,,,,,,,,,,,,,,49.2729705,31.4389023,
08:14:21.661,,,,,,,,,,,,,,,,,4,,,,,,,,,,,,,,,,,,,,,,49.2729705,31.4389023,
08:14:21.699,,,,,,,,,,,,,34,,,,,,,,,,,,,,,,,,,,,,,,,,49.2729705,31.4389023,
08:14:21.734,,,,,,,,,,,,,,,96,0,,,,,,,,,,,,,,,,,,,,,,,49.2729705,31.4389023,
08:14:21.769,,,,,,,,,,,,,,,,,,,15,,,,,,,,,,,,,,,,,,,,49.2729705,31.4389023,
08:14:21.800,,,,,,,,,,,,,,,,,,,,,,144,,,,,,,,,,,1.9,,,,14.8,,49.2729671,31.4388452,
08:14:21.866,,,,,,,,,,,,,,,,,,,,,,,,,,,,,,0,,,,,,,,,49.2729671,31.4388452,
08:14:21.914,,,,,,,,,,,,,,,,,,,,,,,0,0,,,,,,,,,,,,,,,49.2729671,31.4388452,
08:14:22.013,,,,,,,,,,,,,,,,,,,,0,,,,,,,,,,,,,,,,,,,49.2729671,31.4388452,
08:14:22.086,,,,,,,,,,,,,,,,,,,,,,,,,,,,,,,,,,22,,,,,49.2729671,31.4388452,
08:14:22.193,,,,,,,,,,,,,,,,,,,,,,,,,0,0.06,0.06,93.09,5923.57,,,3.5,,,,,,14,49.2729671,31.4388452,
08:14:22.230,,,,,,,,,,,,,,,,,,,,,,,,,,,,,,,-0.01,,,,,99,,,49.2729671,31.4388452,
08:14:22.290,,,,,,,,,,53.5,,,,,,,,,,,,,,,,,,,,,,,,,,,,,49.2729671,31.4388452,
08:14:22.350,,,,,,,,,350.7,,,,,,,,,,,,,,,,,,,,,,,,,,,,,,49.2729671,31.4388452,
08:14:22.399,,,,,,,,,,,3.666,,,,,,,,,,,,,,,,,,,,,,,,,,,,49.2729671,31.4388452,
08:14:22.435,,,,,,,,,,,,3.658,,,,,,,,,,,,,,,,,,,,,,,,,,,49.2729671,31.4388452,
08:14:22.483,-1,,,,,,,,,,,,,,,,,,,,,,,,,,,,,,,,,,,,,,49.2729671,31.4388452,
08:14:22.542,,,-0,,,,,,,,,,,,,,,,,,,,,,,,,,,,,,,,,,,,49.2729671,31.4388452,
08:14:22.579,,1,,,,,,,,,,,,,,,,,,,,,,,,,,,,,,,,,,,,,49.2729671,31.4388452,
08:14:22.616,,,,,23,,,,,,,,,,,,,,,,,,,,,,,,,,,,,,,,,,49.2729671,31.4388452,
08:14:22.663,,,,,,23,,,,,,,,,,,,,,,,,,,,,,,,,,,,,,,,,49.2729671,31.4388452,
08:14:22.700,,,,,,,22,,,,,,,,,,,,,,,,,,,,,,,,,,,,,,,,49.2729671,31.4388452,
08:14:22.733,,,,,,,,22,,,,,,,,,,,,,,,,,,,,,,,,,,,,,,,49.2729671,31.4388452,
08:14:22.771,,,,21,,,,,,,,,,,,,,,,,,,,,,,,,,,,,,,,,,,49.2729671,31.4388452,
08:14:22.804,,,,,,,,,,,,,,,,,,,,,,144,,,,,,,,,,,2,,,,14.6,,49.2729634,31.4387887,
08:14:22.842,,,,,,,,,,,,,,,,,,26,,,,,,,,,,,,,,,,,,,,,49.2729634,31.4387887,
08:14:22.891,,,,,,,,,,,,,,23,,,,,,,,,,,,,,,,,,,,,,,,,49.2729634,31.4387887,
08:14:22.927,,,,,,,,,,,,,,,,,-26,,,,,,,,,,,,,,,,,,,,,,49.2729634,31.4387887,
08:14:23.010,,,,,,,,,,,,,34,,,,,,,,,,,,,,,,,,,,,,,,,,49.2729634,31.4387887,
08:14:23.083,,,,,,,,,,,,,,,-1888,-0.12,,,,,,,,,,,,,,,,,,,,,,,49.2729634,31.4387887,
08:14:23.166,,,,,,,,,,,,,,,,,,,14,,,,,,,,,,,,,,,,,,,,49.2729634,31.4387887,
08:14:23.251,,,,,,,,,,,,,,,,,,,,,,,,,,,,,,0,,,,,,,,,49.2729634,31.4387887,
08:14:23.286,,,,,,,,,,,,,,,,,,,,,,,,,,,,,,,,,,,22,,,,49.2729634,31.4387887,
08:14:23.335,,,,,,,,,,,,,,,,,,,,,,,0,0,,,,,,,,,,,,,,,49.2729634,31.4387887,
08:14:23.430,,,,,,,,,,,,,,,,,,,,0,,,,,,,,,,,,,,,,,,,49.2729634,31.4387887,
08:14:23.465,,,,,,,,,,,,,,,,,,,,,,,,,,,,,,,,,,22,,,,,49.2729634,31.4387887,
08:14:23.503,,,,,,,,,,,,,,,,,,,,,,,,,-0.005098581064889642,0.06,0.06,93.09,5923.57,,,3.7,,,,,,13,49.2729634,31.4387887,
08:14:23.537,,,,,,,,,,,,,,,,,,,,,,,,,,,,,,,-0.01,,,,,99,,,49.2729634,31.4387887,
08:14:23.599,,,,,,,,,,53.5,,,,,,,,,,,,,,,,,,,,,,,,,,,,,49.2729634,31.4387887,
08:14:23.634,,,,,,,,,353.6,,,,,,,,,,,,,,,,,,,,,,,,,,,,,,49.2729634,31.4387887,
08:14:23.671,,,,,,,,,,,3.678,,,,,,,,,,,,,,,,,,,,,,,,,,,,49.2729634,31.4387887,
08:14:23.730,,,,,,,,,,,,3.667,,,,,,,,,,,,,,,,,,,,,,,,,,,49.2729634,31.4387887,
08:14:23.766,2,,,,,,,,,,,,,,,,,,,,,,,,,,,,,,,,,,,,,,49.2729634,31.4387887,
08:14:23.803,,,1,,,,,,,,,,,,,,,,,,,,,,,,,,,,,,,,,,,,49.2729634,31.4387887,
08:14:23.804,,,,,,,,,,,,,,,,,,,,,,144,,,,,,,,,,,2.2,,,,12.9,,49.2729602,31.4387369,
08:14:23.839,,1,,,,,,,,,,,,,,,,,,,,,,,,,,,,,,,,,,,,,49.2729602,31.4387369,
08:14:23.922,,,,,23,,,,,,,,,,,,,,,,,,,,,,,,,,,,,,,,,,49.2729602,31.4387369,
08:14:23.994,,,,,,23,,,,,,,,,,,,,,,,,,,,,,,,,,,,,,,,,49.2729602,31.4387369,
08:14:24.079,,,,,,,22,,,,,,,,,,,,,,,,,,,,,,,,,,,,,,,,49.2729602,31.4387369,
08:14:24.127,,,,,,,,22,,,,,,,,,,,,,,,,,,,,,,,,,,,,,,,49.2729602,31.4387369,
08:14:24.162,,,,21,,,,,,,,,,,,,,,,,,,,,,,,,,,,,,,,,,,49.2729602,31.4387369,
08:14:24.223,,,,,,,,,,,,,,,,,,26,,,,,,,,,,,,,,,,,,,,,49.2729602,31.4387369,
08:14:24.258,,,,,,,,,,,,,,23,,,,,,,,,,,,,,,,,,,,,,,,,49.2729602,31.4387369,
08:14:24.295,,,,,,,,,,,,,,,,,11,,,,,,,,,,,,,,,,,,,,,,49.2729602,31.4387369,
08:14:24.343,,,,,,,,,,,,,34,,,,,,,,,,,,,,,,,,,,,,,,,,49.2729602,31.4387369,
08:14:24.378,,,,,,,,,,,,,,,928,0.05,,,,,,,,,,,,,,,,,,,,,,,49.2729602,31.4387369,
08:14:24.414,,,,,,,,,,,,,,,,,,,12,,,,,,,,,,,,,,,,,,,,49.2729602,31.4387369,
08:14:24.475,,,,,,,,,,,,,,,,,,,,,,,,,,,,,,0,,,,,,,,,49.2729602,31.4387369,
08:14:24.522,,,,,,,,,,,,,,,,,,,,,,,0,0,,,,,,,,,,,,,,,49.2729602,31.4387369,
08:14:24.581,,,,,,,,,,,,,,,,,,,,0,,,,,,,,,,,,,,,,,,,49.2729602,31.4387369,
08:14:24.617,,,,,,,,,,,,,,,,,,,,,,,,,,,,,,,,,,22,,,,,49.2729602,31.4387369,
08:14:24.666,,,,,,,,,,,,,,,,,,,,,,,,,-0.011216878342757211,0.07,0.07,93.1,5923.57,,,3.9,,,,,,12,49.2729602,31.4387369,
08:14:24.715,,,,,,,,,,,,,,,,,,,,,,,,,,,,,,,0,,,,,100,,,49.2729602,31.4387369,
08:14:24.801,,,,,,,,,,53,,,,,,,,,,,,,,,,,,,,,,,,,,,,,49.2729602,31.4387369,
08:14:24.806,,,,,,,,,,,,,,,,,,,,,,144,,,,,,,,,,,2.3,,,,11.8,,49.2729556,31.4386913,
08:14:24.850,,,,,,,,,351.8,,,,,,,,,,,,,,,,,,,,,,,,,,,,,,49.2729556,31.4386913,
08:14:24.946,,,,,,,,,,,3.662,,,,,,,,,,,,,,,,,,,,,,,,,,,,49.2729556,31.4386913,
08:14:25.030,,,,,,,,,,,,3.653,,,,,,,,,,,,,,,,,,,,,,,,,,,49.2729556,31.4386913,
08:14:25.078,-4,,,,,,,,,,,,,,,,,,,,,,,,,,,,,,,,,,,,,,49.2729556,31.4386913,
08:14:25.114,,,-3,,,,,,,,,,,,,,,,,,,,,,,,,,,,,,,,,,,,49.2729556,31.4386913,
08:14:25.163,,-3,,,,,,,,,,,,,,,,,,,,,,,,,,,,,,,,,,,,,49.2729556,31.4386913,
08:14:25.210,,,,,23,,,,,,,,,,,,,,,,,,,,,,,,,,,,,,,,,,49.2729556,31.4386913,
08:14:25.247,,,,,,23,,,,,,,,,,,,,,,,,,,,,,,,,,,,,,,,,49.2729556,31.4386913,
08:14:25.294,,,,,,,22,,,,,,,,,,,,,,,,,,,,,,,,,,,,,,,,49.2729556,31.4386913,
08:14:25.342,,,,,,,,22,,,,,,,,,,,,,,,,,,,,,,,,,,,,,,,49.2729556,31.4386913,
08:14:25.379,,,,21,,,,,,,,,,,,,,,,,,,,,,,,,,,,,,,,,,,49.2729556,31.4386913,
08:14:25.450,,,,,,,,,,,,,,,,,,26,,,,,,,,,,,,,,,,,,,,,49.2729556,31.4386913,
08:14:25.487,,,,,,,,,,,,,,23,,,,,,,,,,,,,,,,,,,,,,,,,49.2729556,31.4386913,
08:14:25.534,,,,,,,,,,,,,,,,,-8,,,,,,,,,,,,,,,,,,,,,,49.2729556,31.4386913,
08:14:25.571,,,,,,,,,,,,,34,,,,,,,,,,,,,,,,,,,,,,,,,,49.2729556,31.4386913,
08:14:25.606,,,,,,,,,,,,,,,-512,-0.03,,,,,,,,,,,,,,,,,,,,,,,49.2729556,31.4386913,
08:14:25.642,,,,,,,,,,,,,,,,,,,12,,,,,,,,,,,,,,,,,,,,49.2729556,31.4386913,
08:14:25.714,,,,,,,,,,,,,,,,,,,,,,,,,,,,,,0,,,,,,,,,49.2729556,31.4386913,
08:14:25.763,,,,,,,,,,,,,,,,,,,,,,,,,,,,,,,,,,,22,,,,49.2729556,31.4386913,
08:14:25.803,,,,,,,,,,,,,,,,,,,,,,144,,,,,,,,,,,2.4,,,,12,,49.2729493,31.4386474,
08:14:25.810,,,,,,,,,,,,,,,,,,,,,,,0,0,,,,,,,,,,,,,,,49.2729493,31.4386474,
08:14:25.869,,,,,,,,,,,,,,,,,,,,0,,,,,,,,,,,,,,,,,,,49.2729493,31.4386474,
08:14:25.953,,,,,,,,,,,,,,,,,,,,,,,,,,,,,,,,,,22,,,,,49.2729493,31.4386474,
08:14:26.050,,,,,,,,,,,,,,,,,,,,,,,,,-0.010197162129779284,0.07,0.07,93.1,5923.58,,,4,,,,,,12,49.2729493,31.4386474,
08:14:26.110,,,,,,,,,,,,,,,,,,,,,,,,,,,,,,,0,,,,,100,,,49.2729493,31.4386474,
08:14:26.171,,,,,,,,,,53,,,,,,,,,,,,,,,,,,,,,,,,,,,,,49.2729493,31.4386474,
08:14:26.217,,,,,,,,,349.4,,,,,,,,,,,,,,,,,,,,,,,,,,,,,,49.2729493,31.4386474,
08:14:26.278,,,,,,,,,,,3.655,,,,,,,,,,,,,,,,,,,,,,,,,,,,49.2729493,31.4386474,
08:14:26.314,,,,,,,,,,,,3.645,,,,,,,,,,,,,,,,,,,,,,,,,,,49.2729493,31.4386474,
08:14:26.362,-15,,,,,,,,,,,,,,,,,,,,,,,,,,,,,,,,,,,,,,49.2729493,31.4386474,
08:14:26.398,,,-14,,,,,,,,,,,,,,,,,,,,,,,,,,,,,,,,,,,,49.2729493,31.4386474,
08:14:26.435,,-15,,,,,,,,,,,,,,,,,,,,,,,,,,,,,,,,,,,,,49.2729493,31.4386474,
08:14:26.470,,,,,23,,,,,,,,,,,,,,,,,,,,,,,,,,,,,,,,,,49.2729493,31.4386474,
08:14:26.518,,,,,,23,,,,,,,,,,,,,,,,,,,,,,,,,,,,,,,,,49.2729493,31.4386474,
08:14:26.566,,,,,,,22,,,,,,,,,,,,,,,,,,,,,,,,,,,,,,,,49.2729493,31.4386474,
08:14:26.603,,,,,,,,22,,,,,,,,,,,,,,,,,,,,,,,,,,,,,,,49.2729493,31.4386474,
08:14:26.639,,,,21,,,,,,,,,,,,,,,,,,,,,,,,,,,,,,,,,,,49.2729493,31.4386474,
08:14:26.700,,,,,,,,,,,,,,,,,,26,,,,,,,,,,,,,,,,,,,,,49.2729493,31.4386474,
08:14:26.750,,,,,,,,,,,,,,23,,,,,,,,,,,,,,,,,,,,,,,,,49.2729493,31.4386474,
08:14:26.798,,,,,,,,,,,,,,,,,49,,,,,,,,,,,,,,,,,,,,,,49.2729493,31.4386474,
08:14:26.805,,,,,,,,,,,,,,,,,,,,,,144,,,,,,,,,,,2.5,,,,12.9,,49.2729424,31.4386006,
08:14:26.882,,,,,,,,,,,,,34,,,,,,,,,,,,,,,,,,,,,,,,,,49.2729424,31.4386006,
08:14:26.954,,,,,,,,,,,,,,,3104,0.19,,,,,,,,,,,,,,,,,,,,,,,49.2729424,31.4386006,
08:14:27.037,,,,,,,,,,,,,,,,,,,14,,,,,,,,,,,,,,,,,,,,49.2729424,31.4386006,
08:14:27.123,,,,,,,,,,,,,,,,,,,,,,,,,,,,,,0,,,,,,,,,49.2729424,31.4386006,
08:14:27.182,,,,,,,,,,,,,,,,,,,,,,,0,0,,,,,,,,,,,,,,,49.2729424,31.4386006,
08:14:27.218,,,,,,,,,,,,,,,,,,,,0,,,,,,,,,,,,,,,,,,,49.2729424,31.4386006,
08:14:27.267,,,,,,,,,,,,,,,,,,,,,,,,,,,,,,,,,,22,,,,,49.2729424,31.4386006,
08:14:27.303,,,,,,,,,,,,,,,,,,,,,,,,,,0.08,0.08,93.11,5923.58,,,4.2,,,,,,13,49.2729424,31.4386006,
08:14:27.337,,,,,,,,,,,,,,,,,,,,,,,,,,,,,,,-0.01,,,,,99,,,49.2729424,31.4386006,
08:14:27.410,,,,,,,,,,53,,,,,,,,,,,,,,,,,,,,,,,,,,,,,49.2729424,31.4386006,
08:14:27.446,,,,,,,,,351.6,,,,,,,,,,,,,,,,,,,,,,,,,,,,,,49.2729424,31.4386006,
08:14:27.495,,,,,,,,,,,3.657,,,,,,,,,,,,,,,,,,,,,,,,,,,,49.2729424,31.4386006,
08:14:27.542,,,,,,,,,,,,3.646,,,,,,,,,,,,,,,,,,,,,,,,,,,49.2729424,31.4386006,
08:14:27.579,-10,,,,,,,,,,,,,,,,,,,,,,,,,,,,,,,,,,,,,,49.2729424,31.4386006,
08:14:27.627,,,-9,,,,,,,,,,,,,,,,,,,,,,,,,,,,,,,,,,,,49.2729424,31.4386006,
08:14:27.674,,-10,,,,,,,,,,,,,,,,,,,,,,,,,,,,,,,,,,,,,49.2729424,31.4386006,
08:14:27.711,,,,,23,,,,,,,,,,,,,,,,,,,,,,,,,,,,,,,,,,49.2729424,31.4386006,
08:14:27.781,,,,,,23,,,,,,,,,,,,,,,,,,,,,,,,,,,,,,,,,49.2729424,31.4386006,
08:14:27.804,,,,,,,,,,,,,,,,,,,,,,144,,,,,,,,,,,2.6,,,,14.5,,49.2729366,31.4385477,
08:14:27.879,,,,,,,22,,,,,,,,,,,,,,,,,,,,,,,,,,,,,,,,49.2729366,31.4385477,
08:14:27.950,,,,,,,,22,,,,,,,,,,,,,,,,,,,,,,,,,,,,,,,49.2729366,31.4385477,
08:14:27.999,,,,21,,,,,,,,,,,,,,,,,,,,,,,,,,,,,,,,,,,49.2729366,31.4385477,
08:14:28.070,,,,,,,,,,,,,,,,,,26,,,,,,,,,,,,,,,,,,,,,49.2729366,31.4385477,
08:14:28.118,,,,,,,,,,,,,,23,,,,,,,,,,,,,,,,,,,,,,,,,49.2729366,31.4385477,
08:14:28.155,,,,,,,,,,,,,,,,,24,,,,,,,,,,,,,,,,,,,,,,49.2729366,31.4385477,
08:14:28.179,,,,,,,,,,,,,34,,,,,,,,,,,,,,,,,,,,,,,,,,49.2729366,31.4385477,
08:14:28.227,,,,,,,,,,,,,,,1600,0.09,,,,,,,,,,,,,,,,,,,,,,,49.2729366,31.4385477,
08:14:28.263,,,,,,,,,,,,,,,,,,,14,,,,,,,,,,,,,,,,,,,,49.2729366,31.4385477,
08:14:28.346,,,,,,,,,,,,,,,,,,,,,,,,,,,,,,0,,,,,,,,,49.2729366,31.4385477,
08:14:28.419,,,,,,,,,,,,,,,,,,,,,,,,,,,,,,,,,,,22,,,,49.2729366,31.4385477,
08:14:28.480,,,,,,,,,,,,,,,,,,,,,,,0,0,,,,,,,,,,,,,,,49.2729366,31.4385477,
08:14:28.554,,,,,,,,,,,,,,,,,,,,0,,,,,,,,,,,,,,,,,,,49.2729366,31.4385477,
08:14:28.746,,,,,,,,,,,,,,,,,,,,,,,,,,,,,,,,,,22,,,,,49.2729366,31.4385477,
08:14:28.807,,,,,,,,,,,,,,,,,,,,,,144,,,,,,,,,,,2.7,,,,15.4,,49.2729336,31.4384918,
08:14:28.819,,,,,,,,,,,,,,,,,,,,,,,,,,0.08,0.08,93.11,5923.59,,,4.4,,,,,,14,49.2729336,31.4384918,
08:14:28.915,,,,,,,,,,,,,,,,,,,,,,,,,,,,,,,0,,,,,100,,,49.2729336,31.4384918,
08:14:28.998,,,,,,,,,,53,,,,,,,,,,,,,,,,,,,,,,,,,,,,,49.2729336,31.4384918,
08:14:29.046,,,,,,,,,351.3,,,,,,,,,,,,,,,,,,,,,,,,,,,,,,49.2729336,31.4384918,
08:14:29.094,,,,,,,,,,,3.657,,,,,,,,,,,,,,,,,,,,,,,,,,,,49.2729336,31.4384918,
08:14:29.129,,,,,,,,,,,,3.645,,,,,,,,,,,,,,,,,,,,,,,,,,,49.2729336,31.4384918,
08:14:29.166,-10,,,,,,,,,,,,,,,,,,,,,,,,,,,,,,,,,,,,,,49.2729336,31.4384918,
08:14:29.203,,,-10,,,,,,,,,,,,,,,,,,,,,,,,,,,,,,,,,,,,49.2729336,31.4384918,
08:14:29.239,,-10,,,,,,,,,,,,,,,,,,,,,,,,,,,,,,,,,,,,,49.2729336,31.4384918,
08:14:29.286,,,,,23,,,,,,,,,,,,,,,,,,,,,,,,,,,,,,,,,,49.2729336,31.4384918,
08:14:29.323,,,,,,23,,,,,,,,,,,,,,,,,,,,,,,,,,,,,,,,,49.2729336,31.4384918,
08:14:29.359,,,,,,,22,,,,,,,,,,,,,,,,,,,,,,,,,,,,,,,,49.2729336,31.4384918,
08:14:29.419,,,,,,,,22,,,,,,,,,,,,,,,,,,,,,,,,,,,,,,,49.2729336,31.4384918,
08:14:29.454,,,,21,,,,,,,,,,,,,,,,,,,,,,,,,,,,,,,,,,,49.2729336,31.4384918,
08:14:29.514,,,,,,,,,,,,,,,,,,26,,,,,,,,,,,,,,,,,,,,,49.2729336,31.4384918,
08:14:29.549,,,,,,,,,,,,,,23,,,,,,,,,,,,,,,,,,,,,,,,,49.2729336,31.4384918,
08:14:29.610,,,,,,,,,,,,,,,,,21,,,,,,,,,,,,,,,,,,,,,,49.2729336,31.4384918,
08:14:29.707,,,,,,,,,,,,,34,,,,,,,,,,,,,,,,,,,,,,,,,,49.2729336,31.4384918,
08:14:29.779,,,,,,,,,,,,,,,1536,0.09,,,,,,,,,,,,,,,,,,,,,,,49.2729336,31.4384918,
08:14:29.806,,,,,,,,,,,,,,,,,,,,,,144,,,,,,,,,,,2.9,,,,14.4,,49.2729304,31.4384367,
08:14:29.851,,,,,,,,,,,,,,,,,,,15,,,,,,,,,,,,,,,,,,,,49.2729304,31.4384367,
08:14:29.947,,,,,,,,,,,,,,,,,,,,,,,,,,,,,,0,,,,,,,,,49.2729304,31.4384367,
08:14:29.995,,,,,,,,,,,,,,,,,,,,,,,0,0,,,,,,,,,,,,,,,49.2729304,31.4384367,
08:14:30.043,,,,,,,,,,,,,,,,,,,,0,,,,,,,,,,,,,,,,,,,49.2729304,31.4384367,
08:14:30.102,,,,,,,,,,,,,,,,,,,,,,,,,,,,,,,,,,22,,,,,49.2729304,31.4384367,
08:14:30.151,,,,,,,,,,,,,,,,,,,,,,,,,0.010197162129779284,0.09,0.09,93.12,5923.59,,,4.6,,,,,,14,49.2729304,31.4384367,
08:14:30.210,,,,,,,,,,,,,,,,,,,,,,,,,,,,,,,-0.01,,,,,99,,,49.2729304,31.4384367,
08:14:30.281,,,,,,,,,,53,,,,,,,,,,,,,,,,,,,,,,,,,,,,,49.2729304,31.4384367,
08:14:30.330,,,,,,,,,349,,,,,,,,,,,,,,,,,,,,,,,,,,,,,,49.2729304,31.4384367,
08:14:30.379,,,,,,,,,,,3.649,,,,,,,,,,,,,,,,,,,,,,,,,,,,49.2729304,31.4384367,
08:14:30.426,,,,,,,,,,,,3.64,,,,,,,,,,,,,,,,,,,,,,,,,,,49.2729304,31.4384367,
08:14:30.463,-11,,,,,,,,,,,,,,,,,,,,,,,,,,,,,,,,,,,,,,49.2729304,31.4384367,
08:14:30.511,,,-12,,,,,,,,,,,,,,,,,,,,,,,,,,,,,,,,,,,,49.2729304,31.4384367,
08:14:30.546,,-12,,,,,,,,,,,,,,,,,,,,,,,,,,,,,,,,,,,,,49.2729304,31.4384367,
08:14:30.582,,,,,23,,,,,,,,,,,,,,,,,,,,,,,,,,,,,,,,,,49.2729304,31.4384367,
08:14:30.679,,,,,,23,,,,,,,,,,,,,,,,,,,,,,,,,,,,,,,,,49.2729304,31.4384367,
08:14:30.775,,,,,,,22,,,,,,,,,,,,,,,,,,,,,,,,,,,,,,,,49.2729304,31.4384367,
08:14:30.808,,,,,,,,,,,,,,,,,,,,,,144,,,,,,,,,,,3,,,,15.6,,49.2729217,31.4383806,
08:14:30.835,,,,,,,,22,,,,,,,,,,,,,,,,,,,,,,,,,,,,,,,49.2729217,31.4383806,
08:14:30.882,,,,21,,,,,,,,,,,,,,,,,,,,,,,,,,,,,,,,,,,49.2729217,31.4383806,
08:14:30.942,,,,,,,,,,,,,,,,,,26,,,,,,,,,,,,,,,,,,,,,49.2729217,31.4383806,
08:14:30.978,,,,,,,,,,,,,,23,,,,,,,,,,,,,,,,,,,,,,,,,49.2729217,31.4383806,
08:14:31.014,,,,,,,,,,,,,,,,,25,,,,,,,,,,,,,,,,,,,,,,49.2729217,31.4383806,
08:14:31.049,,,,,,,,,,,,,34,,,,,,,,,,,,,,,,,,,,,,,,,,49.2729217,31.4383806,
08:14:31.110,,,,,,,,,,,,,,,1600,0.09,,,,,,,,,,,,,,,,,,,,,,,49.2729217,31.4383806,
08:14:31.145,,,,,,,,,,,,,,,,,,,15,,,,,,,,,,,,,,,,,,,,49.2729217,31.4383806,
08:14:31.229,,,,,,,,,,,,,,,,,,,,,,,,,,,,,,0,,,,,,,,,49.2729217,31.4383806,
08:14:31.278,,,,,,,,,,,,,,,,,,,,,,,,,,,,,,,,,,,22,,,,49.2729217,31.4383806,
08:14:31.327,,,,,,,,,,,,,,,,,,,,,,,0,0,,,,,,,,,,,,,,,49.2729217,31.4383806,
08:14:31.373,,,,,,,,,,,,,,,,,,,,0,,,,,,,,,,,,,,,,,,,49.2729217,31.4383806,
08:14:31.423,,,,,,,,,,,,,,,,,,,,,,,,,,,,,,,,,,22,,,,,49.2729217,31.4383806,
08:14:31.458,,,,,,,,,,,,,,,,,,,,,,,,,0.015295743194668924,0.09,0.09,93.12,5923.6,,,4.8,,,,,,15,49.2729217,31.4383806,
08:14:31.495,,,,,,,,,,,,,,,,,,,,,,,,,,,,,,,0,,,,,100,,,49.2729217,31.4383806,
08:14:31.555,,,,,,,,,,53,,,,,,,,,,,,,,,,,,,,,,,,,,,,,49.2729217,31.4383806,
08:14:31.603,,,,,,,,,349.7,,,,,,,,,,,,,,,,,,,,,,,,,,,,,,49.2729217,31.4383806,
08:14:31.674,,,,,,,,,,,3.653,,,,,,,,,,,,,,,,,,,,,,,,,,,,49.2729217,31.4383806,
08:14:31.758,,,,,,,,,,,,3.642,,,,,,,,,,,,,,,,,,,,,,,,,,,49.2729217,31.4383806,
08:14:31.803,,,,,,,,,,,,,,,,,,,,,,144,,,,,,,,,,,3.1,,,,15.7,,49.2729142,31.4383216,
08:14:31.818,-11,,,,,,,,,,,,,,,,,,,,,,,,,,,,,,,,,,,,,,49.2729142,31.4383216,
08:14:31.867,,,-11,,,,,,,,,,,,,,,,,,,,,,,,,,,,,,,,,,,,49.2729142,31.4383216,
08:14:31.914,,-10,,,,,,,,,,,,,,,,,,,,,,,,,,,,,,,,,,,,,49.2729142,31.4383216,
08:14:31.950,,,,,23,,,,,,,,,,,,,,,,,,,,,,,,,,,,,,,,,,49.2729142,31.4383216,
08:14:31.986,,,,,,23,,,,,,,,,,,,,,,,,,,,,,,,,,,,,,,,,49.2729142,31.4383216,
08:14:32.023,,,,,,,22,,,,,,,,,,,,,,,,,,,,,,,,,,,,,,,,49.2729142,31.4383216,
08:14:32.082,,,,,,,,22,,,,,,,,,,,,,,,,,,,,,,,,,,,,,,,49.2729142,31.4383216,
08:14:32.119,,,,21,,,,,,,,,,,,,,,,,,,,,,,,,,,,,,,,,,,49.2729142,31.4383216,
08:14:32.215,,,,,,,,,,,,,,,,,,26,,,,,,,,,,,,,,,,,,,,,49.2729142,31.4383216,
08:14:32.250,,,,,,,,,,,,,,23,,,,,,,,,,,,,,,,,,,,,,,,,49.2729142,31.4383216,
08:14:32.286,,,,,,,,,,,,,,,,,20,,,,,,,,,,,,,,,,,,,,,,49.2729142,31.4383216,
08:14:32.334,,,,,,,,,,,,,32,,,,,,,,,,,,,,,,,,,,,,,,,,49.2729142,31.4383216,
08:14:32.394,,,,,,,,,,,,,,,1120,0.06,,,,,,,,,,,,,,,,,,,,,,,49.2729142,31.4383216,
08:14:32.430,,,,,,,,,,,,,,,,,,,16,,,,,,,,,,,,,,,,,,,,49.2729142,31.4383216,
08:14:32.597,,,,,,,,,,,,,,,,,,,,,,,,,,,,,,0,,,,,,,,,49.2729142,31.4383216,
08:14:32.683,,,,,,,,,,,,,,,,,,,,,,,0,0,,,,,,,,,,,,,,,49.2729142,31.4383216,
08:14:32.719,,,,,,,,,,,,,,,,,,,,0,,,,,,,,,,,,,,,,,,,49.2729142,31.4383216,
08:14:32.755,,,,,,,,,,,,,,,,,,,,,,,,,,,,,,,,,,22,,,,,49.2729142,31.4383216,
08:14:32.808,,,,,,,,,,,,,,,,,,,,,,144,,,,,,,,,,,3.3,,,,16.5,,49.2729099,31.4382583,
08:14:32.814,,,,,,,,,,,,,,,,,,,,,,,,,0.010197162129779284,0.1,0.1,93.13,5923.61,,,5,,,,,,15,49.2729099,31.4382583,
08:14:32.850,,,,,,,,,,,,,,,,,,,,,,,,,,,,,,,0,,,,,100,,,49.2729099,31.4382583,
08:14:32.910,,,,,,,,,,52.5,,,,,,,,,,,,,,,,,,,,,,,,,,,,,49.2729099,31.4382583,
08:14:32.958,,,,,,,,,351.9,,,,,,,,,,,,,,,,,,,,,,,,,,,,,,49.2729099,31.4382583,
08:14:32.996,,,,,,,,,,,3.662,,,,,,,,,,,,,,,,,,,,,,,,,,,,49.2729099,31.4382583,
08:14:33.031,,,,,,,,,,,,3.649,,,,,,,,,,,,,,,,,,,,,,,,,,,49.2729099,31.4382583,
08:14:33.065,-3,,,,,,,,,,,,,,,,,,,,,,,,,,,,,,,,,,,,,,49.2729099,31.4382583,
08:14:33.103,,,-3,,,,,,,,,,,,,,,,,,,,,,,,,,,,,,,,,,,,49.2729099,31.4382583,
08:14:33.138,,-3,,,,,,,,,,,,,,,,,,,,,,,,,,,,,,,,,,,,,49.2729099,31.4382583,
08:14:33.176,,,,,23,,,,,,,,,,,,,,,,,,,,,,,,,,,,,,,,,,49.2729099,31.4382583,
08:14:33.238,,,,,,23,,,,,,,,,,,,,,,,,,,,,,,,,,,,,,,,,49.2729099,31.4382583,
08:14:33.274,,,,,,,22,,,,,,,,,,,,,,,,,,,,,,,,,,,,,,,,49.2729099,31.4382583,
08:14:33.311,,,,,,,,22,,,,,,,,,,,,,,,,,,,,,,,,,,,,,,,49.2729099,31.4382583,
08:14:33.359,,,,21,,,,,,,,,,,,,,,,,,,,,,,,,,,,,,,,,,,49.2729099,31.4382583,
08:14:33.442,,,,,,,,,,,,,,,,,,26,,,,,,,,,,,,,,,,,,,,,49.2729099,31.4382583,
08:14:33.479,,,,,,,,,,,,,,23,,,,,,,,,,,,,,,,,,,,,,,,,49.2729099,31.4382583,
08:14:33.562,,,,,,,,,,,,,,,,,3,,,,,,,,,,,,,,,,,,,,,,49.2729099,31.4382583,
08:14:33.658,,,,,,,,,,,,,32,,,,,,,,,,,,,,,,,,,,,,,,,,49.2729099,31.4382583,
08:14:33.731,,,,,,,,,,,,,,,160,0,,,,,,,,,,,,,,,,,,,,,,,49.2729099,31.4382583,
08:14:33.778,,,,,,,,,,,,,,,,,,,15,,,,,,,,,,,,,,,,,,,,49.2729099,31.4382583,
08:14:33.804,,,,,,,,,,,,,,,,,,,,,,144,,,,,,,,,,,3.4,,,,16.1,,49.2729074,31.4381941,
08:14:33.863,,,,,,,,,,,,,,,,,,,,,,,,,,,,,,0,,,,,,,,,49.2729074,31.4381941,
08:14:33.897,,,,,,,,,,,,,,,,,,,,,,,,,,,,,,,,,,,22,,,,49.2729074,31.4381941,
08:14:33.958,,,,,,,,,,,,,,,,,,,,,,,0,0,,,,,,,,,,,,,,,49.2729074,31.4381941,
08:14:34.005,,,,,,,,,,,,,,,,,,,,0,,,,,,,,,,,,,,,,,,,49.2729074,31.4381941,
08:14:34.042,,,,,,,,,,,,,,,,,,,,,,,,,,,,,,,,,,22,,,,,49.2729074,31.4381941,
08:14:34.079,,,,,,,,,,,,,,,,,,,,,,,,,0.005098581064889642,0.11,0.11,93.13,5923.61,,,5.2,,,,,,15,49.2729074,31.4381941,
08:14:34.126,,,,,,,,,,,,,,,,,,,,,,,,,,,,,,,0,,,,,100,,,49.2729074,31.4381941,
08:14:34.199,,,,,,,,,,52.5,,,,,,,,,,,,,,,,,,,,,,,,,,,,,49.2729074,31.4381941,
08:14:34.234,,,,,,,,,351.3,,,,,,,,,,,,,,,,,,,,,,,,,,,,,,49.2729074,31.4381941,
08:14:34.270,,,,,,,,,,,3.656,,,,,,,,,,,,,,,,,,,,,,,,,,,,49.2729074,31.4381941,
08:14:34.318,,,,,,,,,,,,3.646,,,,,,,,,,,,,,,,,,,,,,,,,,,49.2729074,31.4381941,
08:14:34.354,-8,,,,,,,,,,,,,,,,,,,,,,,,,,,,,,,,,,,,,,49.2729074,31.4381941,
08:14:34.415,,,-8,,,,,,,,,,,,,,,,,,,,,,,,,,,,,,,,,,,,49.2729074,31.4381941,
08:14:34.462,,-8,,,,,,,,,,,,,,,,,,,,,,,,,,,,,,,,,,,,,49.2729074,31.4381941,
08:14:34.594,,,,,23,,,,,,,,,,,,,,,,,,,,,,,,,,,,,,,,,,49.2729074,31.4381941,
08:14:34.654,,,,,,23,,,,,,,,,,,,,,,,,,,,,,,,,,,,,,,,,49.2729074,31.4381941,
08:14:34.689,,,,,,,22,,,,,,,,,,,,,,,,,,,,,,,,,,,,,,,,49.2729074,31.4381941,
08:14:34.726,,,,,,,,22,,,,,,,,,,,,,,,,,,,,,,,,,,,,,,,49.2729074,31.4381941,
08:14:34.763,,,,21,,,,,,,,,,,,,,,,,,,,,,,,,,,,,,,,,,,49.2729074,31.4381941,
08:14:34.807,,,,,,,,,,,,,,,,,,,,,,144,,,,,,,,,,,3.5,,,,15.2,,49.2729055,31.4381349,
08:14:34.835,,,,,,,,,,,,,,,,,,26,,,,,,,,,,,,,,,,,,,,,49.2729055,31.4381349,
08:14:34.871,,,,,,,,,,,,,,23,,,,,,,,,,,,,,,,,,,,,,,,,49.2729055,31.4381349,
08:14:34.905,,,,,,,,,,,,,,,,,19,,,,,,,,,,,,,,,,,,,,,,49.2729055,31.4381349,
08:14:34.943,,,,,,,,,,,,,32,,,,,,,,,,,,,,,,,,,,,,,,,,49.2729055,31.4381349,
08:14:34.978,,,,,,,,,,,,,,,1184,0.06,,,,,,,,,,,,,,,,,,,,,,,49.2729055,31.4381349,
08:14:35.014,,,,,,,,,,,,,,,,,,,16,,,,,,,,,,,,,,,,,,,,49.2729055,31.4381349,
08:14:35.085,,,,,,,,,,,,,,,,,,,,,,,,,,,,,,0,,,,,,,,,49.2729055,31.4381349,
08:14:35.145,,,,,,,,,,,,,,,,,,,,,,,0,0,,,,,,,,,,,,,,,49.2729055,31.4381349,
08:14:35.195,,,,,,,,,,,,,,,,,,,,0,,,,,,,,,,,,,,,,,,,49.2729055,31.4381349,
08:14:35.254,,,,,,,,,,,,,,,,,,,,,,,,,,,,,,,,,,22,,,,,49.2729055,31.4381349,
08:14:35.314,,,,,,,,,,,,,,,,,,,,,,,,,0.005098581064889642,0.11,0.11,93.14,5923.62,,,5.3,,,,,,15,49.2729055,31.4381349,
08:14:35.374,,,,,,,,,,,,,,,,,,,,,,,,,,,,,,,-0.01,,,,,99,,,49.2729055,31.4381349,
08:14:35.562,,,,,,,,,,52.5,,,,,,,,,,,,,,,,,,,,,,,,,,,,,49.2729055,31.4381349,
08:14:35.646,,,,,,,,,350.8,,,,,,,,,,,,,,,,,,,,,,,,,,,,,,49.2729055,31.4381349,
08:14:35.706,,,,,,,,,,,3.652,,,,,,,,,,,,,,,,,,,,,,,,,,,,49.2729055,31.4381349,
08:14:35.755,,,,,,,,,,,,3.645,,,,,,,,,,,,,,,,,,,,,,,,,,,49.2729055,31.4381349,
08:14:35.795,-8,,,,,,,,,,,,,,,,,,,,,,,,,,,,,,,,,,,,,,49.2729055,31.4381349,
08:14:35.804,,,,,,,,,,,,,,,,,,,,,,144,,,,,,,,,,,3.6,,,,15.6,,49.272906,31.4380751,
08:14:35.842,,,-9,,,,,,,,,,,,,,,,,,,,,,,,,,,,,,,,,,,,49.272906,31.4380751,
08:14:35.891,,-9,,,,,,,,,,,,,,,,,,,,,,,,,,,,,,,,,,,,,49.272906,31.4380751,
08:14:35.927,,,,,23,,,,,,,,,,,,,,,,,,,,,,,,,,,,,,,,,,49.272906,31.4380751,
08:14:35.962,,,,,,23,,,,,,,,,,,,,,,,,,,,,,,,,,,,,,,,,49.272906,31.4380751,
08:14:36.010,,,,,,,22,,,,,,,,,,,,,,,,,,,,,,,,,,,,,,,,49.272906,31.4380751,
08:14:36.046,,,,,,,,22,,,,,,,,,,,,,,,,,,,,,,,,,,,,,,,49.272906,31.4380751,
08:14:36.083,,,,21,,,,,,,,,,,,,,,,,,,,,,,,,,,,,,,,,,,49.272906,31.4380751,
08:14:36.155,,,,,,,,,,,,,,,,,,26,,,,,,,,,,,,,,,,,,,,,49.272906,31.4380751,
08:14:36.191,,,,,,,,,,,,,,23,,,,,,,,,,,,,,,,,,,,,,,,,49.272906,31.4380751,
08:14:36.263,,,,,,,,,,,,,,,,,18,,,,,,,,,,,,,,,,,,,,,,49.272906,31.4380751,
08:14:36.298,,,,,,,,,,,,,32,,,,,,,,,,,,,,,,,,,,,,,,,,49.272906,31.4380751,
08:14:36.334,,,,,,,,,,,,,,,992,0.05,,,,,,,,,,,,,,,,,,,,,,,49.272906,31.4380751,
08:14:36.370,,,,,,,,,,,,,,,,,,,16,,,,,,,,,,,,,,,,,,,,49.272906,31.4380751,
08:14:36.478,,,,,,,,,,,,,,,,,,,,,,,,,,,,,,0,,,,,,,,,49.272906,31.4380751,
08:14:36.562,,,,,,,,,,,,,,,,,,,,,,,,,,,,,,,,,,,22,,,,49.272906,31.4380751,
08:14:36.646,,,,,,,,,,,,,,,,,,,,,,,0,0,,,,,,,,,,,,,,,49.272906,31.4380751,
08:14:36.694,,,,,,,,,,,,,,,,,,,,0,,,,,,,,,,,,,,,,,,,49.272906,31.4380751,
08:14:36.742,,,,,,,,,,,,,,,,,,,,,,,,,,,,,,,,,,22,,,,,49.272906,31.4380751,
08:14:36.778,,,,,,,,,,,,,,,,,,,,,,,,,0,0.12,0.12,93.15,5923.62,,,5.5,,,,,,15,49.272906,31.4380751,
08:14:36.802,,,,,,,,,,,,,,,,,,,,,,144,,,,,,,,,,,3.7,,,,16.2,,49.272905,31.4380139,
08:14:36.826,,,,,,,,,,,,,,,,,,,,,,,,,,,,,,,-0.01,,,,,99,,,49.272905,31.4380139,
08:14:36.898,,,,,,,,,,52.5,,,,,,,,,,,,,,,,,,,,,,,,,,,,,49.272905,31.4380139,
08:14:36.934,,,,,,,,,351.5,,,,,,,,,,,,,,,,,,,,,,,,,,,,,,49.272905,31.4380139,
08:14:36.970,,,,,,,,,,,3.655,,,,,,,,,,,,,,,,,,,,,,,,,,,,49.272905,31.4380139,
08:14:37.006,,,,,,,,,,,,3.646,,,,,,,,,,,,,,,,,,,,,,,,,,,49.272905,31.4380139,
08:14:37.055,-6,,,,,,,,,,,,,,,,,,,,,,,,,,,,,,,,,,,,,,49.272905,31.4380139,
08:14:37.102,,,-6,,,,,,,,,,,,,,,,,,,,,,,,,,,,,,,,,,,,49.272905,31.4380139,
08:14:37.138,,-7,,,,,,,,,,,,,,,,,,,,,,,,,,,,,,,,,,,,,49.272905,31.4380139,
08:14:37.175,,,,,23,,,,,,,,,,,,,,,,,,,,,,,,,,,,,,,,,,49.272905,31.4380139,
08:14:37.211,,,,,,23,,,,,,,,,,,,,,,,,,,,,,,,,,,,,,,,,49.272905,31.4380139,
08:14:37.258,,,,,,,22,,,,,,,,,,,,,,,,,,,,,,,,,,,,,,,,49.272905,31.4380139,
08:14:37.296,,,,,,,,22,,,,,,,,,,,,,,,,,,,,,,,,,,,,,,,49.272905,31.4380139,
08:14:37.379,,,,21,,,,,,,,,,,,,,,,,,,,,,,,,,,,,,,,,,,49.272905,31.4380139,
08:14:37.546,,,,,,,,,,,,,,,,,,26,,,,,,,,,,,,,,,,,,,,,49.272905,31.4380139,
08:14:37.606,,,,,,,,,,,,,,23,,,,,,,,,,,,,,,,,,,,,,,,,49.272905,31.4380139,
08:14:37.643,,,,,,,,,,,,,,,,,12,,,,,,,,,,,,,,,,,,,,,,49.272905,31.4380139,
08:14:37.678,,,,,,,,,,,,,32,,,,,,,,,,,,,,,,,,,,,,,,,,49.272905,31.4380139,
08:14:37.713,,,,,,,,,,,,,,,736,0.03,,,,,,,,,,,,,,,,,,,,,,,49.272905,31.4380139,
08:14:37.750,,,,,,,,,,,,,,,,,,,16,,,,,,,,,,,,,,,,,,,,49.272905,31.4380139,
08:14:37.799,,,,,,,,,,,,,,,,,,,,,,144,,,,,,,,,,,3.8,,,,16.1,,49.2728981,31.4379516,
08:14:37.835,,,,,,,,,,,,,,,,,,,,,,,,,,,,,,0,,,,,,,,,49.2728981,31.4379516,
08:14:37.881,,,,,,,,,,,,,,,,,,,,,,,0,0,,,,,,,,,,,,,,,49.2728981,31.4379516,
08:14:37.930,,,,,,,,,,,,,,,,,,,,0,,,,,,,,,,,,,,,,,,,49.2728981,31.4379516,
08:14:37.966,,,,,,,,,,,,,,,,,,,,,,,,,,,,,,,,,,22,,,,,49.2728981,31.4379516,
08:14:38.014,,,,,,,,,,,,,,,,,,,,,,,,,0,0.12,0.12,93.15,5923.63,,,5.7,,,,,,15,49.2728981,31.4379516,
08:14:38.061,,,,,,,,,,,,,,,,,,,,,,,,,,,,,,,0,,,,,100,,,49.2728981,31.4379516,
08:14:38.147,,,,,,,,,,52.5,,,,,,,,,,,,,,,,,,,,,,,,,,,,,49.2728981,31.4379516,
08:14:38.194,,,,,,,,,349.8,,,,,,,,,,,,,,,,,,,,,,,,,,,,,,49.2728981,31.4379516,
08:14:38.243,,,,,,,,,,,3.656,,,,,,,,,,,,,,,,,,,,,,,,,,,,49.2728981,31.4379516,
08:14:38.290,,,,,,,,,,,,3.644,,,,,,,,,,,,,,,,,,,,,,,,,,,49.2728981,31.4379516,
08:14:38.338,-8,,,,,,,,,,,,,,,,,,,,,,,,,,,,,,,,,,,,,,49.2728981,31.4379516,
08:14:38.410,,,-8,,,,,,,,,,,,,,,,,,,,,,,,,,,,,,,,,,,,49.2728981,31.4379516,
08:14:38.494,,-8,,,,,,,,,,,,,,,,,,,,,,,,,,,,,,,,,,,,,49.2728981,31.4379516,
08:14:38.567,,,,,23,,,,,,,,,,,,,,,,,,,,,,,,,,,,,,,,,,49.2728981,31.4379516,
08:14:38.602,,,,,,23,,,,,,,,,,,,,,,,,,,,,,,,,,,,,,,,,49.2728981,31.4379516,
08:14:38.639,,,,,,,22,,,,,,,,,,,,,,,,,,,,,,,,,,,,,,,,49.2728981,31.4379516,
08:14:38.673,,,,,,,,22,,,,,,,,,,,,,,,,,,,,,,,,,,,,,,,49.2728981,31.4379516,
08:14:38.711,,,,21,,,,,,,,,,,,,,,,,,,,,,,,,,,,,,,,,,,49.2728981,31.4379516,
08:14:38.795,,,,,,,,,,,,,,,,,,26,,,,,,,,,,,,,,,,,,,,,49.2728981,31.4379516,
08:14:38.802,,,,,,,,,,,,,,,,,,,,,,144,,,,,,,,,,,4,,,,16.5,,49.2728936,31.4378907,
08:14:38.831,,,,,,,,,,,,,,23,,,,,,,,,,,,,,,,,,,,,,,,,49.2728936,31.4378907,
08:14:38.866,,,,,,,,,,,,,,,,,19,,,,,,,,,,,,,,,,,,,,,,49.2728936,31.4378907,
08:14:38.901,,,,,,,,,,,,,32,,,,,,,,,,,,,,,,,,,,,,,,,,49.2728936,31.4378907,
08:14:38.938,,,,,,,,,,,,,,,1216,0.06,,,,,,,,,,,,,,,,,,,,,,,49.2728936,31.4378907,
08:14:38.975,,,,,,,,,,,,,,,,,,,16,,,,,,,,,,,,,,,,,,,,49.2728936,31.4378907,
08:14:39.046,,,,,,,,,,,,,,,,,,,,,,,,,,,,,,0,,,,,,,,,49.2728936,31.4378907,
08:14:39.083,,,,,,,,,,,,,,,,,,,,,,,,,,,,,,,,,,,22,,,,49.2728936,31.4378907,
08:14:39.118,,,,,,,,,,,,,,,,,,,,,,,0,0,,,,,,,,,,,,,,,49.2728936,31.4378907,
08:14:39.201,,,,,,,,,,,,,,,,,,,,0,,,,,,,,,,,,,,,,,,,49.2728936,31.4378907,
08:14:39.334,,,,,,,,,,,,,,,,,,,,,,,,,,,,,,,,,,22,,,,,49.2728936,31.4378907,
08:14:39.395,,,,,,,,,,,,,,,,,,,,,,,,,0.005098581064889642,0.13,0.13,93.16,5923.63,,,5.8,,,,,,16,49.2728936,31.4378907,
08:14:39.453,,,,,,,,,,,,,,,,,,,,,,,,,,,,,,,0,,,,,100,,,49.2728936,31.4378907,
08:14:39.525,,,,,,,,,,52.5,,,,,,,,,,,,,,,,,,,,,,,,,,,,,49.2728936,31.4378907,
08:14:39.575,,,,,,,,,350.5,,,,,,,,,,,,,,,,,,,,,,,,,,,,,,49.2728936,31.4378907,
08:14:39.602,,,,,,,,,,,3.651,,,,,,,,,,,,,,,,,,,,,,,,,,,,49.2728936,31.4378907,
08:14:39.639,,,,,,,,,,,,3.638,,,,,,,,,,,,,,,,,,,,,,,,,,,49.2728936,31.4378907,
08:14:39.685,-10,,,,,,,,,,,,,,,,,,,,,,,,,,,,,,,,,,,,,,49.2728936,31.4378907,
08:14:39.722,,,-10,,,,,,,,,,,,,,,,,,,,,,,,,,,,,,,,,,,,49.2728936,31.4378907,
08:14:39.770,,-10,,,,,,,,,,,,,,,,,,,,,,,,,,,,,,,,,,,,,49.2728936,31.4378907,
08:14:39.800,,,,,,,,,,,,,,,,,,,,,,144,,,,,,,,,,,4.1,,,,17.1,,49.272888,31.4378271,
08:14:39.819,,,,,23,,,,,,,,,,,,,,,,,,,,,,,,,,,,,,,,,,49.272888,31.4378271,
08:14:39.856,,,,,,23,,,,,,,,,,,,,,,,,,,,,,,,,,,,,,,,,49.272888,31.4378271,
08:14:39.891,,,,,,,22,,,,,,,,,,,,,,,,,,,,,,,,,,,,,,,,49.272888,31.4378271,
08:14:39.939,,,,,,,,22,,,,,,,,,,,,,,,,,,,,,,,,,,,,,,,49.272888,31.4378271,
08:14:39.987,,,,21,,,,,,,,,,,,,,,,,,,,,,,,,,,,,,,,,,,49.272888,31.4378271,
08:14:40.071,,,,,,,,,,,,,,,,,,26,,,,,,,,,,,,,,,,,,,,,49.272888,31.4378271,
08:14:40.190,,,,,,,,,,,,,,23,,,,,,,,,,,,,,,,,,,,,,,,,49.272888,31.4378271,
08:14:40.358,,,,,,,,,,,,,,,,,18,,,,,,,,,,,,,,,,,,,,,,49.272888,31.4378271,
08:14:40.406,,,,,,,,,,,,,32,,,,,,,,,,,,,,,,,,,,,,,,,,49.272888,31.4378271,
08:14:40.443,,,,,,,,,,,,,,,1120,0.06,,,,,,,,,,,,,,,,,,,,,,,49.272888,31.4378271,
08:14:40.490,,,,,,,,,,,,,,,,,,,17,,,,,,,,,,,,,,,,,,,,49.272888,31.4378271,
08:14:40.574,,,,,,,,,,,,,,,,,,,,,,,,,,,,,,0,,,,,,,,,49.272888,31.4378271,
08:14:40.670,,,,,,,,,,,,,,,,,,,,,,,0,0,,,,,,,,,,,,,,,49.272888,31.4378271,
08:14:40.731,,,,,,,,,,,,,,,,,,,,0,,,,,,,,,,,,,,,,,,,49.272888,31.4378271,
08:14:40.791,,,,,,,,,,,,,,,,,,,,,,,,,,,,,,,,,,22,,,,,49.272888,31.4378271,
08:14:40.805,,,,,,,,,,,,,,,,,,,,,,144,,,,,,,,,,,4.2,,,,17.7,,49.2728833,31.4377618,
08:14:40.825,,,,,,,,,,,,,,,,,,,,,,,,,0.010197162129779284,0.13,0.13,93.16,5923.64,,,6,,,,,,17,49.2728833,31.4377618,
08:14:40.861,,,,,,,,,,,,,,,,,,,,,,,,,,,,,,,0,,,,,100,,,49.2728833,31.4377618,
08:14:40.923,,,,,,,,,,52.5,,,,,,,,,,,,,,,,,,,,,,,,,,,,,49.2728833,31.4377618,
08:14:40.970,,,,,,,,,350.7,,,,,,,,,,,,,,,,,,,,,,,,,,,,,,49.2728833,31.4377618,
08:14:41.006,,,,,,,,,,,3.652,,,,,,,,,,,,,,,,,,,,,,,,,,,,49.2728833,31.4377618,
08:14:41.043,,,,,,,,,,,,3.641,,,,,,,,,,,,,,,,,,,,,,,,,,,49.2728833,31.4377618,
08:14:41.077,-9,,,,,,,,,,,,,,,,,,,,,,,,,,,,,,,,,,,,,,49.2728833,31.4377618,
08:14:41.114,,,-9,,,,,,,,,,,,,,,,,,,,,,,,,,,,,,,,,,,,49.2728833,31.4377618,
08:14:41.151,,-9,,,,,,,,,,,,,,,,,,,,,,,,,,,,,,,,,,,,,49.2728833,31.4377618,
08:14:41.222,,,,,23,,,,,,,,,,,,,,,,,,,,,,,,,,,,,,,,,,49.2728833,31.4377618,
08:14:41.307,,,,,,23,,,,,,,,,,,,,,,,,,,,,,,,,,,,,,,,,49.2728833,31.4377618,
08:14:41.402,,,,,,,22,,,,,,,,,,,,,,,,,,,,,,,,,,,,,,,,49.2728833,31.4377618,
08:14:41.475,,,,,,,,22,,,,,,,,,,,,,,,,,,,,,,,,,,,,,,,49.2728833,31.4377618,
08:14:41.510,,,,21,,,,,,,,,,,,,,,,,,,,,,,,,,,,,,,,,,,49.2728833,31.4377618,
08:14:41.583,,,,,,,,,,,,,,,,,,26,,,,,,,,,,,,,,,,,,,,,49.2728833,31.4377618,
08:14:41.618,,,,,,,,,,,,,,23,,,,,,,,,,,,,,,,,,,,,,,,,49.2728833,31.4377618,
08:14:41.654,,,,,,,,,,,,,,,,,14,,,,,,,,,,,,,,,,,,,,,,49.2728833,31.4377618,
08:14:41.691,,,,,,,,,,,,,32,,,,,,,,,,,,,,,,,,,,,,,,,,49.2728833,31.4377618,
08:14:41.726,,,,,,,,,,,,,,,768,0.05,,,,,,,,,,,,,,,,,,,,,,,49.2728833,31.4377618,
08:14:41.763,,,,,,,,,,,,,,,,,,,18,,,,,,,,,,,,,,,,,,,,49.2728833,31.4377618,
08:14:41.803,,,,,,,,,,,,,,,,,,,,,,144,,,,,,,,,,,4.3,,,,18.3,,49.2728773,31.4376948,
08:14:41.834,,,,,,,,,,,,,,,,,,,,,,,,,,,,,,0,,,,,,,,,49.2728773,31.4376948,
08:14:41.906,,,,,,,,,,,,,,,,,,,,,,,,,,,,,,,,,,,22,,,,49.2728773,31.4376948,
08:14:41.942,,,,,,,,,,,,,,,,,,,,,,,0,0,,,,,,,,,,,,,,,49.2728773,31.4376948,
08:14:41.979,,,,,,,,,,,,,,,,,,,,0,,,,,,,,,,,,,,,,,,,49.2728773,31.4376948,
08:14:42.039,,,,,,,,,,,,,,,,,,,,,,,,,,,,,,,,,,22,,,,,49.2728773,31.4376948,
08:14:42.099,,,,,,,,,,,,,,,,,,,,,,,,,0.010197162129779284,0.14,0.14,93.17,5923.65,,,6.2,,,,,,17,49.2728773,31.4376948,
08:14:42.159,,,,,,,,,,,,,,,,,,,,,,,,,,,,,,,0,,,,,100,,,49.2728773,31.4376948,
08:14:42.338,,,,,,,,,,52.5,,,,,,,,,,,,,,,,,,,,,,,,,,,,,49.2728773,31.4376948,
08:14:42.375,,,,,,,,,349.7,,,,,,,,,,,,,,,,,,,,,,,,,,,,,,49.2728773,31.4376948,
08:14:42.422,,,,,,,,,,,3.653,,,,,,,,,,,,,,,,,,,,,,,,,,,,49.2728773,31.4376948,
08:14:42.471,,,,,,,,,,,,3.64,,,,,,,,,,,,,,,,,,,,,,,,,,,49.2728773,31.4376948,
08:14:42.519,-7,,,,,,,,,,,,,,,,,,,,,,,,,,,,,,,,,,,,,,49.2728773,31.4376948,
08:14:42.565,,,-7,,,,,,,,,,,,,,,,,,,,,,,,,,,,,,,,,,,,49.2728773,31.4376948,
08:14:42.638,,-7,,,,,,,,,,,,,,,,,,,,,,,,,,,,,,,,,,,,,49.2728773,31.4376948,
08:14:42.675,,,,,23,,,,,,,,,,,,,,,,,,,,,,,,,,,,,,,,,,49.2728773,31.4376948,
08:14:42.722,,,,,,23,,,,,,,,,,,,,,,,,,,,,,,,,,,,,,,,,49.2728773,31.4376948,
08:14:42.770,,,,,,,22,,,,,,,,,,,,,,,,,,,,,,,,,,,,,,,,49.2728773,31.4376948,
08:14:42.804,,,,,,,,,,,,,,,,,,,,,,144,,,,,,,,,,,4.5,,,,18.1,,49.272874,31.4376232,
08:14:42.807,,,,,,,,22,,,,,,,,,,,,,,,,,,,,,,,,,,,,,,,49.272874,31.4376232,
08:14:42.855,,,,21,,,,,,,,,,,,,,,,,,,,,,,,,,,,,,,,,,,49.272874,31.4376232,
08:14:42.937,,,,,,,,,,,,,,,,,,26,,,,,,,,,,,,,,,,,,,,,49.272874,31.4376232,
08:14:42.975,,,,,,,,,,,,,,23,,,,,,,,,,,,,,,,,,,,,,,,,49.272874,31.4376232,
08:14:43.010,,,,,,,,,,,,,,,,,11,,,,,,,,,,,,,,,,,,,,,,49.272874,31.4376232,
08:14:43.094,,,,,,,,,,,,,32,,,,,,,,,,,,,,,,,,,,,,,,,,49.272874,31.4376232,
08:14:43.166,,,,,,,,,,,,,,,736,0.03,,,,,,,,,,,,,,,,,,,,,,,49.272874,31.4376232,
08:14:43.238,,,,,,,,,,,,,,,,,,,18,,,,,,,,,,,,,,,,,,,,49.272874,31.4376232,
08:14:43.358,,,,,,,,,,,,,,,,,,,,,,,,,,,,,,0,,,,,,,,,49.272874,31.4376232,
08:14:43.419,,,,,,,,,,,,,,,,,,,,,,,0,0,,,,,,,,,,,,,,,49.272874,31.4376232,
08:14:43.466,,,,,,,,,,,,,,,,,,,,0,,,,,,,,,,,,,,,,,,,49.272874,31.4376232,
08:14:43.515,,,,,,,,,,,,,,,,,,,,,,,,,,,,,,,,,,22,,,,,49.272874,31.4376232,
08:14:43.575,,,,,,,,,,,,,,,,,,,,,,,,,0.010197162129779284,0.15,0.15,93.18,5923.65,,,6.4,,,,,,17,49.272874,31.4376232,
08:14:43.610,,,,,,,,,,,,,,,,,,,,,,,,,,,,,,,0,,,,,100,,,49.272874,31.4376232,
08:14:43.681,,,,,,,,,,52,,,,,,,,,,,,,,,,,,,,,,,,,,,,,49.272874,31.4376232,
08:14:43.720,,,,,,,,,349.2,,,,,,,,,,,,,,,,,,,,,,,,,,,,,,49.272874,31.4376232,
08:14:43.771,,,,,,,,,,,3.652,,,,,,,,,,,,,,,,,,,,,,,,,,,,49.272874,31.4376232,
08:14:43.802,,,,,,,,,,,,,,,,,,,,,,144,,,,,,,,,,,4.6,,,,18.2,,49.272872,31.4375516,
08:14:43.831,,,,,,,,,,,,3.643,,,,,,,,,,,,,,,,,,,,,,,,,,,49.272872,31.4375516,
08:14:43.867,-7,,,,,,,,,,,,,,,,,,,,,,,,,,,,,,,,,,,,,,49.272872,31.4375516,
08:14:43.917,,,-7,,,,,,,,,,,,,,,,,,,,,,,,,,,,,,,,,,,,49.272872,31.4375516,
08:14:43.978,,-7,,,,,,,,,,,,,,,,,,,,,,,,,,,,,,,,,,,,,49.272872,31.4375516,
08:14:44.062,,,,,23,,,,,,,,,,,,,,,,,,,,,,,,,,,,,,,,,,49.272872,31.4375516,
08:14:44.134,,,,,,23,,,,,,,,,,,,,,,,,,,,,,,,,,,,,,,,,49.272872,31.4375516,
08:14:44.206,,,,,,,22,,,,,,,,,,,,,,,,,,,,,,,,,,,,,,,,49.272872,31.4375516,
08:14:44.243,,,,,,,,22,,,,,,,,,,,,,,,,,,,,,,,,,,,,,,,49.272872,31.4375516,
08:14:44.290,,,,21,,,,,,,,,,,,,,,,,,,,,,,,,,,,,,,,,,,49.272872,31.4375516,
08:14:44.350,,,,,,,,,,,,,,,,,,26,,,,,,,,,,,,,,,,,,,,,49.272872,31.4375516,
08:14:44.385,,,,,,,,,,,,,,23,,,,,,,,,,,,,,,,,,,,,,,,,49.272872,31.4375516,
08:14:44.422,,,,,,,,,,,,,,,,,11,,,,,,,,,,,,,,,,,,,,,,49.272872,31.4375516,
08:14:44.469,,,,,,,,,,,,,32,,,,,,,,,,,,,,,,,,,,,,,,,,49.272872,31.4375516,
08:14:44.518,,,,,,,,,,,,,,,640,0.03,,,,,,,,,,,,,,,,,,,,,,,49.272872,31.4375516,
08:14:44.567,,,,,,,,,,,,,,,,,,,18,,,,,,,,,,,,,,,,,,,,49.272872,31.4375516,
08:14:44.662,,,,,,,,,,,,,,,,,,,,,,,,,,,,,,0,,,,,,,,,49.272872,31.4375516,
08:14:44.711,,,,,,,,,,,,,,,,,,,,,,,,,,,,,,,,,,,22,,,,49.272872,31.4375516,
08:14:44.745,,,,,,,,,,,,,,,,,,,,,,,0,0,,,,,,,,,,,,,,,49.272872,31.4375516,
08:14:44.782,,,,,,,,,,,,,,,,,,,,0,,,,,,,,,,,,,,,,,,,49.272872,31.4375516,
08:14:44.809,,,,,,,,,,,,,,,,,,,,,,144,,,,,,,,,,,4.7,,,,18,,49.2728719,31.4374853,
08:14:44.818,,,,,,,,,,,,,,,,,,,,,,,,,,,,,,,,,,22,,,,,49.2728719,31.4374853,
08:14:44.855,,,,,,,,,,,,,,,,,,,,,,,,,0.005098581064889642,0.15,0.15,93.18,5923.66,,,6.6,,,,,,17,49.2728719,31.4374853,
08:14:44.902,,,,,,,,,,,,,,,,,,,,,,,,,,,,,,,0,,,,,100,,,49.2728719,31.4374853,
08:14:45.083,,,,,,,,,,52,,,,,,,,,,,,,,,,,,,,,,,,,,,,,49.2728719,31.4374853,
08:14:45.154,,,,,,,,,351.1,,,,,,,,,,,,,,,,,,,,,,,,,,,,,,49.2728719,31.4374853,
08:14:45.237,,,,,,,,,,,3.654,,,,,,,,,,,,,,,,,,,,,,,,,,,,49.2728719,31.4374853,
08:14:45.273,,,,,,,,,,,,3.644,,,,,,,,,,,,,,,,,,,,,,,,,,,49.2728719,31.4374853,
08:14:45.321,-6,,,,,,,,,,,,,,,,,,,,,,,,,,,,,,,,,,,,,,49.2728719,31.4374853,
08:14:45.358,,,-7,,,,,,,,,,,,,,,,,,,,,,,,,,,,,,,,,,,,49.2728719,31.4374853,
08:14:45.395,,-6,,,,,,,,,,,,,,,,,,,,,,,,,,,,,,,,,,,,,49.2728719,31.4374853,
08:14:45.429,,,,,23,,,,,,,,,,,,,,,,,,,,,,,,,,,,,,,,,,49.2728719,31.4374853,
08:14:45.466,,,,,,23,,,,,,,,,,,,,,,,,,,,,,,,,,,,,,,,,49.2728719,31.4374853,
08:14:45.502,,,,,,,22,,,,,,,,,,,,,,,,,,,,,,,,,,,,,,,,49.2728719,31.4374853,
08:14:45.538,,,,,,,,22,,,,,,,,,,,,,,,,,,,,,,,,,,,,,,,49.2728719,31.4374853,
08:14:45.587,,,,21,,,,,,,,,,,,,,,,,,,,,,,,,,,,,,,,,,,49.2728719,31.4374853,
08:14:45.659,,,,,,,,,,,,,,,,,,26,,,,,,,,,,,,,,,,,,,,,49.2728719,31.4374853,
08:14:45.695,,,,,,,,,,,,,,23,,,,,,,,,,,,,,,,,,,,,,,,,49.2728719,31.4374853,
08:14:45.730,,,,,,,,,,,,,,,,,6,,,,,,,,,,,,,,,,,,,,,,49.2728719,31.4374853,
08:14:45.765,,,,,,,,,,,,,32,,,,,,,,,,,,,,,,,,,,,,,,,,49.2728719,31.4374853,
08:14:45.798,,,,,,,,,,,,,,,,,,,,,,144,,,,,,,,,,,4.8,,,,18.2,,49.2728676,31.4374132,
08:14:45.815,,,,,,,,,,,,,,,544,0.03,,,,,,,,,,,,,,,,,,,,,,,49.2728676,31.4374132,
08:14:45.839,,,,,,,,,,,,,,,,,,,18,,,,,,,,,,,,,,,,,,,,49.2728676,31.4374132,
08:14:45.923,,,,,,,,,,,,,,,,,,,,,,,,,,,,,,0,,,,,,,,,49.2728676,31.4374132,
08:14:45.983,,,,,,,,,,,,,,,,,,,,,,,0,0,,,,,,,,,,,,,,,49.2728676,31.4374132,
08:14:46.042,,,,,,,,,,,,,,,,,,,,0,,,,,,,,,,,,,,,,,,,49.2728676,31.4374132,
08:14:46.131,,,,,,,,,,,,,,,,,,,,,,,,,,,,,,,,,,22,,,,,49.2728676,31.4374132,
08:14:46.203,,,,,,,,,,,,,,,,,,,,,,,,,0,0.16,0.16,93.19,5923.67,,,6.7,,,,,,17,49.2728676,31.4374132,
08:14:46.255,,,,,,,,,,,,,,,,,,,,,,,,,,,,,,,0,,,,,100,,,49.2728676,31.4374132,
08:14:46.314,,,,,,,,,,52,,,,,,,,,,,,,,,,,,,,,,,,,,,,,49.2728676,31.4374132,
08:14:46.362,,,,,,,,,351.3,,,,,,,,,,,,,,,,,,,,,,,,,,,,,,49.2728676,31.4374132,
08:14:46.410,,,,,,,,,,,3.657,,,,,,,,,,,,,,,,,,,,,,,,,,,,49.2728676,31.4374132,
08:14:46.470,,,,,,,,,,,,3.645,,,,,,,,,,,,,,,,,,,,,,,,,,,49.2728676,31.4374132,
08:14:46.505,-5,,,,,,,,,,,,,,,,,,,,,,,,,,,,,,,,,,,,,,49.2728676,31.4374132,
08:14:46.543,,,-5,,,,,,,,,,,,,,,,,,,,,,,,,,,,,,,,,,,,49.2728676,31.4374132,
08:14:46.578,,-5,,,,,,,,,,,,,,,,,,,,,,,,,,,,,,,,,,,,,49.2728676,31.4374132,
08:14:46.614,,,,,23,,,,,,,,,,,,,,,,,,,,,,,,,,,,,,,,,,49.2728676,31.4374132,
08:14:46.675,,,,,,23,,,,,,,,,,,,,,,,,,,,,,,,,,,,,,,,,49.2728676,31.4374132,
08:14:46.711,,,,,,,22,,,,,,,,,,,,,,,,,,,,,,,,,,,,,,,,49.2728676,31.4374132,
08:14:46.762,,,,,,,,22,,,,,,,,,,,,,,,,,,,,,,,,,,,,,,,49.2728676,31.4374132,
08:14:46.799,,,,21,,,,,,,,,,,,,,,,,,,,,,,,,,,,,,,,,,,49.2728676,31.4374132,
08:14:46.805,,,,,,,,,,,,,,,,,,,,,,144,,,,,,,,,,,4.9,,,,17.8,,49.2728624,31.4373429,
08:14:46.882,,,,,,,,,,,,,,,,,,26,,,,,,,,,,,,,,,,,,,,,49.2728624,31.4373429,
08:14:46.919,,,,,,,,,,,,,,23,,,,,,,,,,,,,,,,,,,,,,,,,49.2728624,31.4373429,
08:14:46.990,,,,,,,,,,,,,,,,,7,,,,,,,,,,,,,,,,,,,,,,49.2728624,31.4373429,
08:14:47.062,,,,,,,,,,,,,32,,,,,,,,,,,,,,,,,,,,,,,,,,49.2728624,31.4373429,
08:14:47.147,,,,,,,,,,,,,,,544,0.03,,,,,,,,,,,,,,,,,,,,,,,49.2728624,31.4373429,
08:14:47.217,,,,,,,,,,,,,,,,,,,18,,,,,,,,,,,,,,,,,,,,49.2728624,31.4373429,
08:14:47.279,,,,,,,,,,,,,,,,,,,,,,,,,,,,,,0,,,,,,,,,49.2728624,31.4373429,
08:14:47.314,,,,,,,,,,,,,,,,,,,,,,,,,,,,,,,,,,,22,,,,49.2728624,31.4373429,
08:14:47.351,,,,,,,,,,,,,,,,,,,,,,,0,0,,,,,,,,,,,,,,,49.2728624,31.4373429,
08:14:47.386,,,,,,,,,,,,,,,,,,,,0,,,,,,,,,,,,,,,,,,,49.2728624,31.4373429,
08:14:47.422,,,,,,,,,,,,,,,,,,,,,,,,,,,,,,,,,,22,,,,,49.2728624,31.4373429,
08:14:47.458,,,,,,,,,,,,,,,,,,,,,,,,,0,0.17,0.17,93.19,5923.67,,,6.9,,,,,,17,49.2728624,31.4373429,
08:14:47.517,,,,,,,,,,,,,,,,,,,,,,,,,,,,,,,0,,,,,100,,,49.2728624,31.4373429,
08:14:47.591,,,,,,,,,,52,,,,,,,,,,,,,,,,,,,,,,,,,,,,,49.2728624,31.4373429,
08:14:47.650,,,,,,,,,351,,,,,,,,,,,,,,,,,,,,,,,,,,,,,,49.2728624,31.4373429,
08:14:47.687,,,,,,,,,,,3.654,,,,,,,,,,,,,,,,,,,,,,,,,,,,49.2728624,31.4373429,
08:14:47.758,,,,,,,,,,,,3.645,,,,,,,,,,,,,,,,,,,,,,,,,,,49.2728624,31.4373429,
08:14:47.817,,,,,,,,,,,,,,,,,,,,,,144,,,,,,,,,,,5,,,,17.6,,49.2728603,31.4372774,
08:14:47.819,-7,,,,,,,,,,,,,,,,,,,,,,,,,,,,,,,,,,,,,,49.2728603,31.4372774,
08:14:47.954,,,-7,,,,,,,,,,,,,,,,,,,,,,,,,,,,,,,,,,,,49.2728603,31.4372774,
08:14:48.133,,-7,,,,,,,,,,,,,,,,,,,,,,,,,,,,,,,,,,,,,49.2728603,31.4372774,
08:14:48.195,,,,,23,,,,,,,,,,,,,,,,,,,,,,,,,,,,,,,,,,49.2728603,31.4372774,
08:14:48.254,,,,,,23,,,,,,,,,,,,,,,,,,,,,,,,,,,,,,,,,49.2728603,31.4372774,
08:14:48.314,,,,,,,22,,,,,,,,,,,,,,,,,,,,,,,,,,,,,,,,49.2728603,31.4372774,
08:14:48.398,,,,,,,,22,,,,,,,,,,,,,,,,,,,,,,,,,,,,,,,49.2728603,31.4372774,
08:14:48.495,,,,21,,,,,,,,,,,,,,,,,,,,,,,,,,,,,,,,,,,49.2728603,31.4372774,
08:14:48.614,,,,,,,,,,,,,,,,,,26,,,,,,,,,,,,,,,,,,,,,49.2728603,31.4372774,
08:14:48.675,,,,,,,,,,,,,,23,,,,,,,,,,,,,,,,,,,,,,,,,49.2728603,31.4372774,
08:14:48.747,,,,,,,,,,,,,,,,,13,,,,,,,,,,,,,,,,,,,,,,49.2728603,31.4372774,
08:14:48.806,,,,,,,,,,,,,,,,,,,,,,144,,,,,,,,,,,5.2,,,,17.4,,49.2728564,31.4372113,
08:14:48.818,,,,,,,,,,,,,32,,,,,,,,,,,,,,,,,,,,,,,,,,49.2728564,31.4372113,
08:14:48.890,,,,,,,,,,,,,,,768,0.05,,,,,,,,,,,,,,,,,,,,,,,49.2728564,31.4372113,
08:14:48.963,,,,,,,,,,,,,,,,,,,17,,,,,,,,,,,,,,,,,,,,49.2728564,31.4372113,
08:14:49.060,,,,,,,,,,,,,,,,,,,,,,,,,,,,,,0,,,,,,,,,49.2728564,31.4372113,
08:14:49.111,,,,,,,,,,,,,,,,,,,,,,,0,0,,,,,,,,,,,,,,,49.2728564,31.4372113,
08:14:49.146,,,,,,,,,,,,,,,,,,,,0,,,,,,,,,,,,,,,,,,,49.2728564,31.4372113,
08:14:49.195,,,,,,,,,,,,,,,,,,,,,,,,,,,,,,,,,,22,,,,,49.2728564,31.4372113,
08:14:49.267,,,,,,,,,,,,,,,,,,,,,,,,,0,0.17,0.17,93.2,5923.68,,,7.1,,,,,,17,49.2728564,31.4372113,
08:14:49.326,,,,,,,,,,,,,,,,,,,,,,,,,,,,,,,0,,,,,100,,,49.2728564,31.4372113,
08:14:49.410,,,,,,,,,,52,,,,,,,,,,,,,,,,,,,,,,,,,,,,,49.2728564,31.4372113,
08:14:49.457,,,,,,,,,350.2,,,,,,,,,,,,,,,,,,,,,,,,,,,,,,49.2728564,31.4372113,
08:14:49.506,,,,,,,,,,,3.649,,,,,,,,,,,,,,,,,,,,,,,,,,,,49.2728564,31.4372113,
08:14:49.543,,,,,,,,,,,,3.642,,,,,,,,,,,,,,,,,,,,,,,,,,,49.2728564,31.4372113,
08:14:49.601,-8,,,,,,,,,,,,,,,,,,,,,,,,,,,,,,,,,,,,,,49.2728564,31.4372113,
08:14:49.651,,,-8,,,,,,,,,,,,,,,,,,,,,,,,,,,,,,,,,,,,49.2728564,31.4372113,
08:14:49.747,,-9,,,,,,,,,,,,,,,,,,,,,,,,,,,,,,,,,,,,,49.2728564,31.4372113,
08:14:49.805,,,,,,,,,,,,,,,,,,,,,,144,,,,,,,,,,,5.3,,,,17.6,,49.2728514,31.4371427,
08:14:49.842,,,,,23,,,,,,,,,,,,,,,,,,,,,,,,,,,,,,,,,,49.2728514,31.4371427,
08:14:49.925,,,,,,23,,,,,,,,,,,,,,,,,,,,,,,,,,,,,,,,,49.2728514,31.4371427,
08:14:49.975,,,,,,,22,,,,,,,,,,,,,,,,,,,,,,,,,,,,,,,,49.2728514,31.4371427,
08:14:50.010,,,,,,,,22,,,,,,,,,,,,,,,,,,,,,,,,,,,,,,,49.2728514,31.4371427,
08:14:50.057,,,,21,,,,,,,,,,,,,,,,,,,,,,,,,,,,,,,,,,,49.2728514,31.4371427,
08:14:50.142,,,,,,,,,,,,,,,,,,26,,,,,,,,,,,,,,,,,,,,,49.2728514,31.4371427,
08:14:50.177,,,,,,,,,,,,,,23,,,,,,,,,,,,,,,,,,,,,,,,,49.2728514,31.4371427,
08:14:50.216,,,,,,,,,,,,,,,,,14,,,,,,,,,,,,,,,,,,,,,,49.2728514,31.4371427,
08:14:50.262,,,,,,,,,,,,,32,,,,,,,,,,,,,,,,,,,,,,,,,,49.2728514,31.4371427,
08:14:50.311,,,,,,,,,,,,,,,992,0.05,,,,,,,,,,,,,,,,,,,,,,,49.2728514,31.4371427,
08:14:50.358,,,,,,,,,,,,,,,,,,,17,,,,,,,,,,,,,,,,,,,,49.2728514,31.4371427,
08:14:50.418,,,,,,,,,,,,,,,,,,,,,,,,,,,,,,0,,,,,,,,,49.2728514,31.4371427,
08:14:50.467,,,,,,,,,,,,,,,,,,,,,,,,,,,,,,,,,,,22,,,,49.2728514,31.4371427,
08:14:50.502,,,,,,,,,,,,,,,,,,,,,,,0,0,,,,,,,,,,,,,,,49.2728514,31.4371427,
08:14:50.539,,,,,,,,,,,,,,,,,,,,0,,,,,,,,,,,,,,,,,,,49.2728514,31.4371427,
08:14:50.574,,,,,,,,,,,,,,,,,,,,,,,,,,,,,,,,,,22,,,,,49.2728514,31.4371427,
08:14:50.635,,,,,,,,,,,,,,,,,,,,,,,,,0,0.18,0.18,93.21,5923.69,,,7.2,,,,,,17,49.2728514,31.4371427,
08:14:50.682,,,,,,,,,,,,,,,,,,,,,,,,,,,,,,,0,,,,,100,,,49.2728514,31.4371427,
08:14:50.766,,,,,,,,,,52,,,,,,,,,,,,,,,,,,,,,,,,,,,,,49.2728514,31.4371427,
08:14:50.805,,,,,,,,,,,,,,,,,,,,,,144,,,,,,,,,,,5.4,,,,17.5,,49.2728477,31.4370764,
08:14:50.838,,,,,,,,,350.8,,,,,,,,,,,,,,,,,,,,,,,,,,,,,,49.2728477,31.4370764,
08:14:50.934,,,,,,,,,,,3.65,,,,,,,,,,,,,,,,,,,,,,,,,,,,49.2728477,31.4370764,
08:14:51.007,,,,,,,,,,,,3.642,,,,,,,,,,,,,,,,,,,,,,,,,,,49.2728477,31.4370764,
08:14:51.055,-7,,,,,,,,,,,,,,,,,,,,,,,,,,,,,,,,,,,,,,49.2728477,31.4370764,
08:14:51.103,,,-7,,,,,,,,,,,,,,,,,,,,,,,,,,,,,,,,,,,,49.2728477,31.4370764,
08:14:51.150,,-8,,,,,,,,,,,,,,,,,,,,,,,,,,,,,,,,,,,,,49.2728477,31.4370764,
08:14:51.186,,,,,23,,,,,,,,,,,,,,,,,,,,,,,,,,,,,,,,,,49.2728477,31.4370764,
08:14:51.222,,,,,,23,,,,,,,,,,,,,,,,,,,,,,,,,,,,,,,,,49.2728477,31.4370764,
08:14:51.258,,,,,,,22,,,,,,,,,,,,,,,,,,,,,,,,,,,,,,,,49.2728477,31.4370764,
08:14:51.294,,,,,,,,22,,,,,,,,,,,,,,,,,,,,,,,,,,,,,,,49.2728477,31.4370764,
08:14:51.332,,,,21,,,,,,,,,,,,,,,,,,,,,,,,,,,,,,,,,,,49.2728477,31.4370764,
08:14:51.414,,,,,,,,,,,,,,,,,,26,,,,,,,,,,,,,,,,,,,,,49.2728477,31.4370764,
08:14:51.450,,,,,,,,,,,,,,23,,,,,,,,,,,,,,,,,,,,,,,,,49.2728477,31.4370764,
08:14:51.486,,,,,,,,,,,,,,,,,11,,,,,,,,,,,,,,,,,,,,,,49.2728477,31.4370764,
08:14:51.523,,,,,,,,,,,,,32,,,,,,,,,,,,,,,,,,,,,,,,,,49.2728477,31.4370764,
08:14:51.559,,,,,,,,,,,,,,,608,0.03,,,,,,,,,,,,,,,,,,,,,,,49.2728477,31.4370764,
08:14:51.607,,,,,,,,,,,,,,,,,,,17,,,,,,,,,,,,,,,,,,,,49.2728477,31.4370764,
08:14:51.667,,,,,,,,,,,,,,,,,,,,,,,,,,,,,,0,,,,,,,,,49.2728477,31.4370764,
08:14:51.785,,,,,,,,,,,,,,,,,,,,,,,0,0,,,,,,,,,,,,,,,49.2728477,31.4370764,
08:14:51.807,,,,,,,,,,,,,,,,,,,,,,144,,,,,,,,,,,5.5,,,,17.8,,49.2728414,31.4370088,
08:14:51.858,,,,,,,,,,,,,,,,,,,,0,,,,,,,,,,,,,,,,,,,49.2728414,31.4370088,
08:14:51.943,,,,,,,,,,,,,,,,,,,,,,,,,,,,,,,,,,22,,,,,49.2728414,31.4370088,
08:14:52.014,,,,,,,,,,,,,,,,,,,,,,,,,0,0.19,0.19,93.22,5923.69,,,7.4,,,,,,17,49.2728414,31.4370088,
08:14:52.075,,,,,,,,,,,,,,,,,,,,,,,,,,,,,,,0,,,,,100,,,49.2728414,31.4370088,
08:14:52.158,,,,,,,,,,52,,,,,,,,,,,,,,,,,,,,,,,,,,,,,49.2728414,31.4370088,
08:14:52.194,,,,,,,,,349.2,,,,,,,,,,,,,,,,,,,,,,,,,,,,,,49.2728414,31.4370088,
08:14:52.242,,,,,,,,,,,3.653,,,,,,,,,,,,,,,,,,,,,,,,,,,,49.2728414,31.4370088,
08:14:52.290,,,,,,,,,,,,3.642,,,,,,,,,,,,,,,,,,,,,,,,,,,49.2728414,31.4370088,
08:14:52.339,-7,,,,,,,,,,,,,,,,,,,,,,,,,,,,,,,,,,,,,,49.2728414,31.4370088,
08:14:52.398,,,-7,,,,,,,,,,,,,,,,,,,,,,,,,,,,,,,,,,,,49.2728414,31.4370088,
08:14:52.447,,-5,,,,,,,,,,,,,,,,,,,,,,,,,,,,,,,,,,,,,49.2728414,31.4370088,
08:14:52.483,,,,,23,,,,,,,,,,,,,,,,,,,,,,,,,,,,,,,,,,49.2728414,31.4370088,
08:14:52.519,,,,,,23,,,,,,,,,,,,,,,,,,,,,,,,,,,,,,,,,49.2728414,31.4370088,
08:14:52.566,,,,,,,22,,,,,,,,,,,,,,,,,,,,,,,,,,,,,,,,49.2728414,31.4370088,
08:14:52.603,,,,,,,,22,,,,,,,,,,,,,,,,,,,,,,,,,,,,,,,49.2728414,31.4370088,
08:14:52.650,,,,21,,,,,,,,,,,,,,,,,,,,,,,,,,,,,,,,,,,49.2728414,31.4370088,
08:14:52.798,,,,,,,,,,,,,,,,,,,,,,144,,,,,,,,,,,5.6,,,,17.5,,49.2728367,31.4369399,
08:14:52.806,,,,,,,,,,,,,,,,,,26,,,,,,,,,,,,,,,,,,,,,49.2728367,31.4369399,
08:14:52.866,,,,,,,,,,,,,,23,,,,,,,,,,,,,,,,,,,,,,,,,49.2728367,31.4369399,
08:14:52.963,,,,,,,,,,,,,,,,,9,,,,,,,,,,,,,,,,,,,,,,49.2728367,31.4369399,
08:14:53.010,,,,,,,,,,,,,32,,,,,,,,,,,,,,,,,,,,,,,,,,49.2728367,31.4369399,
08:14:53.047,,,,,,,,,,,,,,,448,0.02,,,,,,,,,,,,,,,,,,,,,,,49.2728367,31.4369399,
08:14:53.095,,,,,,,,,,,,,,,,,,,17,,,,,,,,,,,,,,,,,,,,49.2728367,31.4369399,
08:14:53.178,,,,,,,,,,,,,,,,,,,,,,,,,,,,,,0,,,,,,,,,49.2728367,31.4369399,
08:14:53.215,,,,,,,,,,,,,,,,,,,,,,,,,,,,,,,,,,,22,,,,49.2728367,31.4369399,
08:14:53.273,,,,,,,,,,,,,,,,,,,,,,,0,0,,,,,,,,,,,,,,,49.2728367,31.4369399,
08:14:53.310,,,,,,,,,,,,,,,,,,,,0,,,,,,,,,,,,,,,,,,,49.2728367,31.4369399,
08:14:53.359,,,,,,,,,,,,,,,,,,,,,,,,,,,,,,,,,,22,,,,,49.2728367,31.4369399,
08:14:53.394,,,,,,,,,,,,,,,,,,,,,,,,,0,0.19,0.19,93.22,5923.7,,,7.5,,,,,,17,49.2728367,31.4369399,
08:14:53.431,,,,,,,,,,,,,,,,,,,,,,,,,,,,,,,0,,,,,100,,,49.2728367,31.4369399,
08:14:53.490,,,,,,,,,,52,,,,,,,,,,,,,,,,,,,,,,,,,,,,,49.2728367,31.4369399,
08:14:53.562,,,,,,,,,349.2,,,,,,,,,,,,,,,,,,,,,,,,,,,,,,49.2728367,31.4369399,
08:14:53.634,,,,,,,,,,,3.653,,,,,,,,,,,,,,,,,,,,,,,,,,,,49.2728367,31.4369399,
08:14:53.766,,,,,,,,,,,,3.644,,,,,,,,,,,,,,,,,,,,,,,,,,,49.2728367,31.4369399,
08:14:53.806,,,,,,,,,,,,,,,,,,,,,,144,,,,,,,,,,,5.7,,,,17.6,,49.2728326,31.4368723,
08:14:53.813,-6,,,,,,,,,,,,,,,,,,,,,,,,,,,,,,,,,,,,,,49.2728326,31.4368723,
08:14:53.862,,,-6,,,,,,,,,,,,,,,,,,,,,,,,,,,,,,,,,,,,49.2728326,31.4368723,
08:14:53.898,,-6,,,,,,,,,,,,,,,,,,,,,,,,,,,,,,,,,,,,,49.2728326,31.4368723,
08:14:53.945,,,,,23,,,,,,,,,,,,,,,,,,,,,,,,,,,,,,,,,,49.2728326,31.4368723,
08:14:53.995,,,,,,23,,,,,,,,,,,,,,,,,,,,,,,,,,,,,,,,,49.2728326,31.4368723,
08:14:54.030,,,,,,,22,,,,,,,,,,,,,,,,,,,,,,,,,,,,,,,,49.2728326,31.4368723,
08:14:54.067,,,,,,,,22,,,,,,,,,,,,,,,,,,,,,,,,,,,,,,,49.2728326,31.4368723,
08:14:54.113,,,,21,,,,,,,,,,,,,,,,,,,,,,,,,,,,,,,,,,,49.2728326,31.4368723,
08:14:54.211,,,,,,,,,,,,,,,,,,26,,,,,,,,,,,,,,,,,,,,,49.2728326,31.4368723,
08:14:54.245,,,,,,,,,,,,,,23,,,,,,,,,,,,,,,,,,,,,,,,,49.2728326,31.4368723,
08:14:54.283,,,,,,,,,,,,,,,,,9,,,,,,,,,,,,,,,,,,,,,,49.2728326,31.4368723,
08:14:54.319,,,,,,,,,,,,,32,,,,,,,,,,,,,,,,,,,,,,,,,,49.2728326,31.4368723,
08:14:54.386,,,,,,,,,,,,,,,640,0.03,,,,,,,,,,,,,,,,,,,,,,,49.2728326,31.4368723,
08:14:54.410,,,,,,,,,,,,,,,,,,,17,,,,,,,,,,,,,,,,,,,,49.2728326,31.4368723,
08:14:54.469,,,,,,,,,,,,,,,,,,,,,,,,,,,,,,0,,,,,,,,,49.2728326,31.4368723,
08:14:54.518,,,,,,,,,,,,,,,,,,,,,,,0,0,,,,,,,,,,,,,,,49.2728326,31.4368723,
08:14:54.578,,,,,,,,,,,,,,,,,,,,0,,,,,,,,,,,,,,,,,,,49.2728326,31.4368723,
08:14:54.649,,,,,,,,,,,,,,,,,,,,,,,,,,,,,,,,,,22,,,,,49.2728326,31.4368723,
08:14:54.770,,,,,,,,,,,,,,,,,,,,,,,,,0,0.2,0.2,93.23,5923.71,,,7.7,,,,,,17,49.2728326,31.4368723,
08:14:54.807,,,,,,,,,,,,,,,,,,,,,,144,,,,,,,,,,,5.8,,,,17.5,,49.2728276,31.4368056,
08:14:54.831,,,,,,,,,,,,,,,,,,,,,,,,,,,,,,,0,,,,,100,,,49.2728276,31.4368056,
08:14:54.914,,,,,,,,,,51.5,,,,,,,,,,,,,,,,,,,,,,,,,,,,,49.2728276,31.4368056,
08:14:54.950,,,,,,,,,351,,,,,,,,,,,,,,,,,,,,,,,,,,,,,,49.2728276,31.4368056,
08:14:54.986,,,,,,,,,,,3.649,,,,,,,,,,,,,,,,,,,,,,,,,,,,49.2728276,31.4368056,
08:14:55.023,,,,,,,,,,,,3.641,,,,,,,,,,,,,,,,,,,,,,,,,,,49.2728276,31.4368056,
08:14:55.071,-8,,,,,,,,,,,,,,,,,,,,,,,,,,,,,,,,,,,,,,49.2728276,31.4368056,
08:14:55.118,,,-8,,,,,,,,,,,,,,,,,,,,,,,,,,,,,,,,,,,,49.2728276,31.4368056,
08:14:55.166,,-7,,,,,,,,,,,,,,,,,,,,,,,,,,,,,,,,,,,,,49.2728276,31.4368056,
08:14:55.215,,,,,23,,,,,,,,,,,,,,,,,,,,,,,,,,,,,,,,,,49.2728276,31.4368056,
08:14:55.251,,,,,,23,,,,,,,,,,,,,,,,,,,,,,,,,,,,,,,,,49.2728276,31.4368056,
08:14:55.298,,,,,,,22,,,,,,,,,,,,,,,,,,,,,,,,,,,,,,,,49.2728276,31.4368056,
08:14:55.346,,,,,,,,22,,,,,,,,,,,,,,,,,,,,,,,,,,,,,,,49.2728276,31.4368056,
08:14:55.393,,,,21,,,,,,,,,,,,,,,,,,,,,,,,,,,,,,,,,,,49.2728276,31.4368056,
08:14:55.563,,,,,,,,,,,,,,,,,,26,,,,,,,,,,,,,,,,,,,,,49.2728276,31.4368056,
08:14:55.623,,,,,,,,,,,,,,23,,,,,,,,,,,,,,,,,,,,,,,,,49.2728276,31.4368056,
08:14:55.699,,,,,,,,,,,,,,,,,12,,,,,,,,,,,,,,,,,,,,,,49.2728276,31.4368056,
08:14:55.745,,,,,,,,,,,,,30,,,,,,,,,,,,,,,,,,,,,,,,,,49.2728276,31.4368056,
08:14:55.781,,,,,,,,,,,,,,,896,0.05,,,,,,,,,,,,,,,,,,,,,,,49.2728276,31.4368056,
08:14:55.806,,,,,,,,,,,,,,,,,,,,,,145,,,,,,,,,,,5.9,,,,17.4,,49.2728232,31.4367391,
08:14:55.806,,,,,,,,,,,,,,,,,,,17,,,,,,,,,,,,,,,,,,,,49.2728232,31.4367391,
08:14:55.926,,,,,,,,,,,,,,,,,,,,,,,,,,,,,,0,,,,,,,,,49.2728232,31.4367391,
08:14:55.963,,,,,,,,,,,,,,,,,,,,,,,,,,,,,,,,,,,22,,,,49.2728232,31.4367391,
08:14:55.998,,,,,,,,,,,,,,,,,,,,,,,0,0,,,,,,,,,,,,,,,49.2728232,31.4367391,
08:14:56.058,,,,,,,,,,,,,,,,,,,,0,,,,,,,,,,,,,,,,,,,49.2728232,31.4367391,
08:14:56.117,,,,,,,,,,,,,,,,,,,,,,,,,,,,,,,,,,22,,,,,49.2728232,31.4367391,
08:14:56.167,,,,,,,,,,,,,,,,,,,,,,,,,0,0.21,0.21,93.24,5923.71,,,7.8,,,,,,17,49.2728232,31.4367391,
08:14:56.202,,,,,,,,,,,,,,,,,,,,,,,,,,,,,,,-0.01,,,,,99,,,49.2728232,31.4367391,
08:14:56.263,,,,,,,,,,51.5,,,,,,,,,,,,,,,,,,,,,,,,,,,,,49.2728232,31.4367391,
08:14:56.310,,,,,,,,,349,,,,,,,,,,,,,,,,,,,,,,,,,,,,,,49.2728232,31.4367391,
08:14:56.357,,,,,,,,,,,3.648,,,,,,,,,,,,,,,,,,,,,,,,,,,,49.2728232,31.4367391,
08:14:56.407,,,,,,,,,,,,3.639,,,,,,,,,,,,,,,,,,,,,,,,,,,49.2728232,31.4367391,
08:14:56.490,-8,,,,,,,,,,,,,,,,,,,,,,,,,,,,,,,,,,,,,,49.2728232,31.4367391,
08:14:56.575,,,-8,,,,,,,,,,,,,,,,,,,,,,,,,,,,,,,,,,,,49.2728232,31.4367391,
08:14:56.659,,-8,,,,,,,,,,,,,,,,,,,,,,,,,,,,,,,,,,,,,49.2728232,31.4367391,
08:14:56.718,,,,,23,,,,,,,,,,,,,,,,,,,,,,,,,,,,,,,,,,49.2728232,31.4367391,
08:14:56.754,,,,,,23,,,,,,,,,,,,,,,,,,,,,,,,,,,,,,,,,49.2728232,31.4367391,
08:14:56.790,,,,,,,22,,,,,,,,,,,,,,,,,,,,,,,,,,,,,,,,49.2728232,31.4367391,
08:14:56.803,,,,,,,,,,,,,,,,,,,,,,145,,,,,,,,,,,5.9,,,,17.6,,49.2728199,31.4366722,
08:14:56.838,,,,,,,,22,,,,,,,,,,,,,,,,,,,,,,,,,,,,,,,49.2728199,31.4366722,
08:14:56.875,,,,21,,,,,,,,,,,,,,,,,,,,,,,,,,,,,,,,,,,49.2728199,31.4366722,
08:14:56.947,,,,,,,,,,,,,,,,,,26,,,,,,,,,,,,,,,,,,,,,49.2728199,31.4366722,
08:14:56.983,,,,,,,,,,,,,,23,,,,,,,,,,,,,,,,,,,,,,,,,49.2728199,31.4366722,
08:14:57.019,,,,,,,,,,,,,,,,,7,,,,,,,,,,,,,,,,,,,,,,49.2728199,31.4366722,
08:14:57.054,,,,,,,,,,,,,30,,,,,,,,,,,,,,,,,,,,,,,,,,49.2728199,31.4366722,
08:14:57.089,,,,,,,,,,,,,,,512,0.03,,,,,,,,,,,,,,,,,,,,,,,49.2728199,31.4366722,
08:14:57.127,,,,,,,,,,,,,,,,,,,17,,,,,,,,,,,,,,,,,,,,49.2728199,31.4366722,
08:14:57.199,,,,,,,,,,,,,,,,,,,,,,,,,,,,,,0,,,,,,,,,49.2728199,31.4366722,
08:14:57.235,,,,,,,,,,,,,,,,,,,,,,,0,0,,,,,,,,,,,,,,,49.2728199,31.4366722,
08:14:57.331,,,,,,,,,,,,,,,,,,,,0,,,,,,,,,,,,,,,,,,,49.2728199,31.4366722,
08:14:57.367,,,,,,,,,,,,,,,,,,,,,,,,,,,,,,,,,,22,,,,,49.2728199,31.4366722,
08:14:57.451,,,,,,,,,,,,,,,,,,,,,,,,,0,0.21,0.21,93.24,5923.72,,,7.9,,,,,,17,49.2728199,31.4366722,
08:14:57.534,,,,,,,,,,,,,,,,,,,,,,,,,,,,,,,0,,,,,100,,,49.2728199,31.4366722,
08:14:57.654,,,,,,,,,,51.5,,,,,,,,,,,,,,,,,,,,,,,,,,,,,49.2728199,31.4366722,
08:14:57.690,,,,,,,,,351.6,,,,,,,,,,,,,,,,,,,,,,,,,,,,,,49.2728199,31.4366722,
08:14:57.725,,,,,,,,,,,3.656,,,,,,,,,,,,,,,,,,,,,,,,,,,,49.2728199,31.4366722,
08:14:57.774,,,,,,,,,,,,3.646,,,,,,,,,,,,,,,,,,,,,,,,,,,49.2728199,31.4366722,
08:14:57.805,,,,,,,,,,,,,,,,,,,,,,145,,,,,,,,,,,6,,,,17,,49.2728163,31.4366062,
08:14:57.810,-3,,,,,,,,,,,,,,,,,,,,,,,,,,,,,,,,,,,,,,49.2728163,31.4366062,
08:14:57.869,,,-4,,,,,,,,,,,,,,,,,,,,,,,,,,,,,,,,,,,,49.2728163,31.4366062,
08:14:57.919,,-4,,,,,,,,,,,,,,,,,,,,,,,,,,,,,,,,,,,,,49.2728163,31.4366062,
08:14:57.991,,,,,23,,,,,,,,,,,,,,,,,,,,,,,,,,,,,,,,,,49.2728163,31.4366062,
08:14:58.027,,,,,,23,,,,,,,,,,,,,,,,,,,,,,,,,,,,,,,,,49.2728163,31.4366062,
08:14:58.086,,,,,,,22,,,,,,,,,,,,,,,,,,,,,,,,,,,,,,,,49.2728163,31.4366062,
08:14:58.122,,,,,,,,22,,,,,,,,,,,,,,,,,,,,,,,,,,,,,,,49.2728163,31.4366062,
08:14:58.159,,,,21,,,,,,,,,,,,,,,,,,,,,,,,,,,,,,,,,,,49.2728163,31.4366062,
08:14:58.255,,,,,,,,,,,,,,,,,,26,,,,,,,,,,,,,,,,,,,,,49.2728163,31.4366062,
08:14:58.290,,,,,,,,,,,,,,23,,,,,,,,,,,,,,,,,,,,,,,,,49.2728163,31.4366062,
08:14:58.350,,,,,,,,,,,,,,,,,10,,,,,,,,,,,,,,,,,,,,,,49.2728163,31.4366062,
08:14:58.375,,,,,,,,,,,,,30,,,,,,,,,,,,,,,,,,,,,,,,,,49.2728163,31.4366062,
08:14:58.411,,,,,,,,,,,,,,,512,0.03,,,,,,,,,,,,,,,,,,,,,,,49.2728163,31.4366062,
08:14:58.471,,,,,,,,,,,,,,,,,,,17,,,,,,,,,,,,,,,,,,,,49.2728163,31.4366062,
08:14:58.637,,,,,,,,,,,,,,,,,,,,,,,,,,,,,,0,,,,,,,,,49.2728163,31.4366062,
08:14:58.734,,,,,,,,,,,,,,,,,,,,,,,,,,,,,,,,,,,22,,,,49.2728163,31.4366062,
08:14:58.794,,,,,,,,,,,,,,,,,,,,,,,0,0,,,,,,,,,,,,,,,49.2728163,31.4366062,
08:14:58.811,,,,,,,,,,,,,,,,,,,,,,145,,,,,,,,,,,6.1,,,,16.6,,49.2728135,31.4365426,
08:14:58.842,,,,,,,,,,,,,,,,,,,,0,,,,,,,,,,,,,,,,,,,49.2728135,31.4365426,
08:14:58.902,,,,,,,,,,,,,,,,,,,,,,,,,,,,,,,,,,22,,,,,49.2728135,31.4365426,
08:14:58.939,,,,,,,,,,,,,,,,,,,,,,,,,-0.005098581064889642,0.22,0.22,93.25,5923.73,,,8,,,,,,16,49.2728135,31.4365426,
08:14:58.974,,,,,,,,,,,,,,,,,,,,,,,,,,,,,,,0,,,,,100,,,49.2728135,31.4365426,
08:14:59.034,,,,,,,,,,51.5,,,,,,,,,,,,,,,,,,,,,,,,,,,,,49.2728135,31.4365426,
08:14:59.070,,,,,,,,,350.8,,,,,,,,,,,,,,,,,,,,,,,,,,,,,,49.2728135,31.4365426,
08:14:59.123,,,,,,,,,,,3.649,,,,,,,,,,,,,,,,,,,,,,,,,,,,49.2728135,31.4365426,
08:14:59.158,,,,,,,,,,,,3.641,,,,,,,,,,,,,,,,,,,,,,,,,,,49.2728135,31.4365426,
08:14:59.207,-7,,,,,,,,,,,,,,,,,,,,,,,,,,,,,,,,,,,,,,49.2728135,31.4365426,
08:14:59.266,,,-6,,,,,,,,,,,,,,,,,,,,,,,,,,,,,,,,,,,,49.2728135,31.4365426,
08:14:59.363,,-6,,,,,,,,,,,,,,,,,,,,,,,,,,,,,,,,,,,,,49.2728135,31.4365426,
08:14:59.434,,,,,23,,,,,,,,,,,,,,,,,,,,,,,,,,,,,,,,,,49.2728135,31.4365426,
08:14:59.470,,,,,,23,,,,,,,,,,,,,,,,,,,,,,,,,,,,,,,,,49.2728135,31.4365426,
08:14:59.567,,,,,,,22,,,,,,,,,,,,,,,,,,,,,,,,,,,,,,,,49.2728135,31.4365426,
08:14:59.626,,,,,,,,22,,,,,,,,,,,,,,,,,,,,,,,,,,,,,,,49.2728135,31.4365426,
08:14:59.674,,,,21,,,,,,,,,,,,,,,,,,,,,,,,,,,,,,,,,,,49.2728135,31.4365426,
08:14:59.747,,,,,,,,,,,,,,,,,,26,,,,,,,,,,,,,,,,,,,,,49.2728135,31.4365426,
08:14:59.782,,,,,,,,,,,,,,23,,,,,,,,,,,,,,,,,,,,,,,,,49.2728135,31.4365426,
08:14:59.807,,,,,,,,,,,,,,,,,,,,,,145,,,,,,,,,,,6.2,,,,17.2,,49.2728095,31.436476,
08:14:59.830,,,,,,,,,,,,,,,,,3,,,,,,,,,,,,,,,,,,,,,,49.2728095,31.436476,
08:14:59.867,,,,,,,,,,,,,30,,,,,,,,,,,,,,,,,,,,,,,,,,49.2728095,31.436476,
08:14:59.914,,,,,,,,,,,,,,,64,0,,,,,,,,,,,,,,,,,,,,,,,49.2728095,31.436476,
08:14:59.951,,,,,,,,,,,,,,,,,,,17,,,,,,,,,,,,,,,,,,,,49.2728095,31.436476,
08:15:00.009,,,,,,,,,,,,,,,,,,,,,,,,,,,,,,0,,,,,,,,,49.2728095,31.436476,
08:15:00.082,,,,,,,,,,,,,,,,,,,,,,,0,0,,,,,,,,,,,,,,,49.2728095,31.436476,
08:15:00.117,,,,,,,,,,,,,,,,,,,,0,,,,,,,,,,,,,,,,,,,49.2728095,31.436476,
08:15:00.166,,,,,,,,,,,,,,,,,,,,,,,,,,,,,,,,,,22,,,,,49.2728095,31.436476,
08:15:00.215,,,,,,,,,,,,,,,,,,,,,,,,,-0.005098581064889642,0.23,0.23,93.25,5923.73,,,8.1,,,,,,16,49.2728095,31.436476,
08:15:00.274,,,,,,,,,,,,,,,,,,,,,,,,,,,,,,,0,,,,,100,,,49.2728095,31.436476,
08:15:00.347,,,,,,,,,,51.5,,,,,,,,,,,,,,,,,,,,,,,,,,,,,49.2728095,31.436476,
08:15:00.419,,,,,,,,,349.5,,,,,,,,,,,,,,,,,,,,,,,,,,,,,,49.2728095,31.436476,
08:15:00.490,,,,,,,,,,,3.652,,,,,,,,,,,,,,,,,,,,,,,,,,,,49.2728095,31.436476,
08:15:00.562,,,,,,,,,,,,3.639,,,,,,,,,,,,,,,,,,,,,,,,,,,49.2728095,31.436476,
08:15:00.658,-8,,,,,,,,,,,,,,,,,,,,,,,,,,,,,,,,,,,,,,49.2728095,31.436476,
08:15:00.707,,,-9,,,,,,,,,,,,,,,,,,,,,,,,,,,,,,,,,,,,49.2728095,31.436476,
08:15:00.743,,-9,,,,,,,,,,,,,,,,,,,,,,,,,,,,,,,,,,,,,49.2728095,31.436476,
08:15:00.778,,,,,23,,,,,,,,,,,,,,,,,,,,,,,,,,,,,,,,,,49.2728095,31.436476,
08:15:00.811,,,,,,,,,,,,,,,,,,,,,,145,,,,,,,,,,,6.3,,,,15.9,,49.2728059,31.4364139,
08:15:00.815,,,,,,23,,,,,,,,,,,,,,,,,,,,,,,,,,,,,,,,,49.2728059,31.4364139,
08:15:00.862,,,,,,,22,,,,,,,,,,,,,,,,,,,,,,,,,,,,,,,,49.2728059,31.4364139,
08:15:00.910,,,,,,,,22,,,,,,,,,,,,,,,,,,,,,,,,,,,,,,,49.2728059,31.4364139,
08:15:00.958,,,,21,,,,,,,,,,,,,,,,,,,,,,,,,,,,,,,,,,,49.2728059,31.4364139,
08:15:01.043,,,,,,,,,,,,,,,,,,26,,,,,,,,,,,,,,,,,,,,,49.2728059,31.4364139,
08:15:01.079,,,,,,,,,,,,,,23,,,,,,,,,,,,,,,,,,,,,,,,,49.2728059,31.4364139,
08:15:01.114,,,,,,,,,,,,,,,,,20,,,,,,,,,,,,,,,,,,,,,,49.2728059,31.4364139,
08:15:01.139,,,,,,,,,,,,,30,,,,,,,,,,,,,,,,,,,,,,,,,,49.2728059,31.4364139,
08:15:01.187,,,,,,,,,,,,,,,1408,0.08,,,,,,,,,,,,,,,,,,,,,,,49.2728059,31.4364139,
08:15:01.234,,,,,,,,,,,,,,,,,,,16,,,,,,,,,,,,,,,,,,,,49.2728059,31.4364139,
08:15:01.306,,,,,,,,,,,,,,,,,,,,,,,,,,,,,,0,,,,,,,,,49.2728059,31.4364139,
08:15:01.486,,,,,,,,,,,,,,,,,,,,,,,,,,,,,,,,,,,22,,,,49.2728059,31.4364139,
08:15:01.534,,,,,,,,,,,,,,,,,,,,,,,0,0,,,,,,,,,,,,,,,49.2728059,31.4364139,
08:15:01.582,,,,,,,,,,,,,,,,,,,,0,,,,,,,,,,,,,,,,,,,49.2728059,31.4364139,
08:15:01.618,,,,,,,,,,,,,,,,,,,,,,,,,,,,,,,,,,22,,,,,49.2728059,31.4364139,
08:15:01.667,,,,,,,,,,,,,,,,,,,,,,,,,-0.005098581064889642,0.23,0.23,93.26,5923.74,,,8.3,,,,,,16,49.2728059,31.4364139,
08:15:01.701,,,,,,,,,,,,,,,,,,,,,,,,,,,,,,,0,,,,,100,,,49.2728059,31.4364139,
08:15:01.774,,,,,,,,,,51.5,,,,,,,,,,,,,,,,,,,,,,,,,,,,,49.2728059,31.4364139,
08:15:01.806,,,,,,,,,,,,,,,,,,,,,,145,,,,,,,,,,,6.4,,,,16.6,,49.2728017,31.4363503,
08:15:01.834,,,,,,,,,348.7,,,,,,,,,,,,,,,,,,,,,,,,,,,,,,49.2728017,31.4363503,
08:15:01.882,,,,,,,,,,,3.647,,,,,,,,,,,,,,,,,,,,,,,,,,,,49.2728017,31.4363503,
08:15:01.918,,,,,,,,,,,,3.635,,,,,,,,,,,,,,,,,,,,,,,,,,,49.2728017,31.4363503,
08:15:01.955,-11,,,,,,,,,,,,,,,,,,,,,,,,,,,,,,,,,,,,,,49.2728017,31.4363503,
08:15:02.001,,,-10,,,,,,,,,,,,,,,,,,,,,,,,,,,,,,,,,,,,49.2728017,31.4363503,
08:15:02.050,,-10,,,,,,,,,,,,,,,,,,,,,,,,,,,,,,,,,,,,,49.2728017,31.4363503,
08:15:02.099,,,,,23,,,,,,,,,,,,,,,,,,,,,,,,,,,,,,,,,,49.2728017,31.4363503,
08:15:02.146,,,,,,23,,,,,,,,,,,,,,,,,,,,,,,,,,,,,,,,,49.2728017,31.4363503,
08:15:02.195,,,,,,,22,,,,,,,,,,,,,,,,,,,,,,,,,,,,,,,,49.2728017,31.4363503,
08:15:02.242,,,,,,,,22,,,,,,,,,,,,,,,,,,,,,,,,,,,,,,,49.2728017,31.4363503,
08:15:02.325,,,,21,,,,,,,,,,,,,,,,,,,,,,,,,,,,,,,,,,,49.2728017,31.4363503,
08:15:02.494,,,,,,,,,,,,,,,,,,26,,,,,,,,,,,,,,,,,,,,,49.2728017,31.4363503,
08:15:02.531,,,,,,,,,,,,,,23,,,,,,,,,,,,,,,,,,,,,,,,,49.2728017,31.4363503,
08:15:02.566,,,,,,,,,,,,,,,,,20,,,,,,,,,,,,,,,,,,,,,,49.2728017,31.4363503,
08:15:02.602,,,,,,,,,,,,,30,,,,,,,,,,,,,,,,,,,,,,,,,,49.2728017,31.4363503,
08:15:02.638,,,,,,,,,,,,,,,1280,0.08,,,,,,,,,,,,,,,,,,,,,,,49.2728017,31.4363503,
08:15:02.675,,,,,,,,,,,,,,,,,,,17,,,,,,,,,,,,,,,,,,,,49.2728017,31.4363503,
08:15:02.746,,,,,,,,,,,,,,,,,,,,,,,,,,,,,,0,,,,,,,,,49.2728017,31.4363503,
08:15:02.794,,,,,,,,,,,,,,,,,,,,,,,0,0,,,,,,,,,,,,,,,49.2728017,31.4363503,
08:15:02.812,,,,,,,,,,,,,,,,,,,,,,145,,,,,,,,,,,6.4,,,,16.7,,49.272798,31.4362859,
08:15:02.847,,,,,,,,,,,,,,,,,,,,0,,,,,,,,,,,,,,,,,,,49.272798,31.4362859,
08:15:02.919,,,,,,,,,,,,,,,,,,,,,,,,,,,,,,,,,,22,,,,,49.272798,31.4362859,
08:15:02.966,,,,,,,,,,,,,,,,,,,,,,,,,-0.005098581064889642,0.24,0.24,93.27,5923.74,,,8.4,,,,,,16,49.272798,31.4362859,
08:15:03.027,,,,,,,,,,,,,,,,,,,,,,,,,,,,,,,0,,,,,100,,,49.272798,31.4362859,
08:15:03.123,,,,,,,,,,51.5,,,,,,,,,,,,,,,,,,,,,,,,,,,,,49.272798,31.4362859,
08:15:03.206,,,,,,,,,350.3,,,,,,,,,,,,,,,,,,,,,,,,,,,,,,49.272798,31.4362859,
08:15:03.267,,,,,,,,,,,3.645,,,,,,,,,,,,,,,,,,,,,,,,,,,,49.272798,31.4362859,
08:15:03.313,,,,,,,,,,,,3.636,,,,,,,,,,,,,,,,,,,,,,,,,,,49.272798,31.4362859,
08:15:03.435,-9,,,,,,,,,,,,,,,,,,,,,,,,,,,,,,,,,,,,,,49.272798,31.4362859,
08:15:03.494,,,-9,,,,,,,,,,,,,,,,,,,,,,,,,,,,,,,,,,,,49.272798,31.4362859,
08:15:03.542,,-9,,,,,,,,,,,,,,,,,,,,,,,,,,,,,,,,,,,,,49.272798,31.4362859,
08:15:03.579,,,,,23,,,,,,,,,,,,,,,,,,,,,,,,,,,,,,,,,,49.272798,31.4362859,
08:15:03.627,,,,,,23,,,,,,,,,,,,,,,,,,,,,,,,,,,,,,,,,49.272798,31.4362859,
08:15:03.662,,,,,,,22,,,,,,,,,,,,,,,,,,,,,,,,,,,,,,,,49.272798,31.4362859,
08:15:03.698,,,,,,,,22,,,,,,,,,,,,,,,,,,,,,,,,,,,,,,,49.272798,31.4362859,
08:15:03.771,,,,21,,,,,,,,,,,,,,,,,,,,,,,,,,,,,,,,,,,49.272798,31.4362859,
08:15:03.806,,,,,,,,,,,,,,,,,,,,,,145,,,,,,,,,,,6.5,,,,17.1,,49.2727946,31.4362214,
08:15:03.878,,,,,,,,,,,,,,,,,,26,,,,,,,,,,,,,,,,,,,,,49.2727946,31.4362214,
08:15:03.915,,,,,,,,,,,,,,23,,,,,,,,,,,,,,,,,,,,,,,,,49.2727946,31.4362214,
08:15:03.950,,,,,,,,,,,,,,,,,15,,,,,,,,,,,,,,,,,,,,,,49.2727946,31.4362214,
08:15:04.022,,,,,,,,,,,,,30,,,,,,,,,,,,,,,,,,,,,,,,,,49.2727946,31.4362214,
08:15:04.069,,,,,,,,,,,,,,,1088,0.06,,,,,,,,,,,,,,,,,,,,,,,49.2727946,31.4362214,
08:15:04.094,,,,,,,,,,,,,,,,,,,17,,,,,,,,,,,,,,,,,,,,49.2727946,31.4362214,
08:15:04.203,,,,,,,,,,,,,,,,,,,,,,,,,,,,,,0,,,,,,,,,49.2727946,31.4362214,
08:15:04.275,,,,,,,,,,,,,,,,,,,,,,,,,,,,,,,,,,,22,,,,49.2727946,31.4362214,
08:15:04.358,,,,,,,,,,,,,,,,,,,,,,,0,0,,,,,,,,,,,,,,,49.2727946,31.4362214,
08:15:04.443,,,,,,,,,,,,,,,,,,,,0,,,,,,,,,,,,,,,,,,,49.2727946,31.4362214,
08:15:04.491,,,,,,,,,,,,,,,,,,,,,,,,,,,,,,,,,,22,,,,,49.2727946,31.4362214,
08:15:04.531,,,,,,,,,,,,,,,,,,,,,,,,,0,0.24,0.24,93.27,5923.75,,,8.5,,,,,,16,49.2727946,31.4362214,
08:15:04.567,,,,,,,,,,,,,,,,,,,,,,,,,,,,,,,0,,,,,100,,,49.2727946,31.4362214,
08:15:04.651,,,,,,,,,,51,,,,,,,,,,,,,,,,,,,,,,,,,,,,,49.2727946,31.4362214,
08:15:04.686,,,,,,,,,350.3,,,,,,,,,,,,,,,,,,,,,,,,,,,,,,49.2727946,31.4362214,
08:15:04.723,,,,,,,,,,,3.648,,,,,,,,,,,,,,,,,,,,,,,,,,,,49.2727946,31.4362214,
08:15:04.803,,,,,,,,,,,,,,,,,,,,,,145,,,,,,,,,,,6.6,,,,16.8,,49.2727915,31.436157,
08:15:04.841,,,,,,,,,,,,3.64,,,,,,,,,,,,,,,,,,,,,,,,,,,49.2727915,31.436157,
08:15:04.879,-5,,,,,,,,,,,,,,,,,,,,,,,,,,,,,,,,,,,,,,49.2727915,31.436157,
08:15:04.914,,,-5,,,,,,,,,,,,,,,,,,,,,,,,,,,,,,,,,,,,49.2727915,31.436157,
08:15:04.950,,-5,,,,,,,,,,,,,,,,,,,,,,,,,,,,,,,,,,,,,49.2727915,31.436157,
08:15:05.011,,,,,23,,,,,,,,,,,,,,,,,,,,,,,,,,,,,,,,,,49.2727915,31.436157,
08:15:05.046,,,,,,23,,,,,,,,,,,,,,,,,,,,,,,,,,,,,,,,,49.2727915,31.436157,
08:15:05.095,,,,,,,22,,,,,,,,,,,,,,,,,,,,,,,,,,,,,,,,49.2727915,31.436157,
08:15:05.167,,,,,,,,22,,,,,,,,,,,,,,,,,,,,,,,,,,,,,,,49.2727915,31.436157,
08:15:05.274,,,,21,,,,,,,,,,,,,,,,,,,,,,,,,,,,,,,,,,,49.2727915,31.436157,
08:15:05.434,,,,,,,,,,,,,,,,,,26,,,,,,,,,,,,,,,,,,,,,49.2727915,31.436157,
08:15:05.470,,,,,,,,,,,,,,23,,,,,,,,,,,,,,,,,,,,,,,,,49.2727915,31.436157,
08:15:05.511,,,,,,,,,,,,,,,,,14,,,,,,,,,,,,,,,,,,,,,,49.2727915,31.436157,
08:15:05.547,,,,,,,,,,,,,30,,,,,,,,,,,,,,,,,,,,,,,,,,49.2727915,31.436157,
08:15:05.582,,,,,,,,,,,,,,,800,0.05,,,,,,,,,,,,,,,,,,,,,,,49.2727915,31.436157,
08:15:05.667,,,,,,,,,,,,,,,,,,,16,,,,,,,,,,,,,,,,,,,,49.2727915,31.436157,
08:15:05.762,,,,,,,,,,,,,,,,,,,,,,,,,,,,,,0,,,,,,,,,49.2727915,31.436157,
08:15:05.806,,,,,,,,,,,,,,,,,,,,,,145,,,,,,,,,,,6.7,,,,16.3,,49.2727895,31.4360939,
08:15:05.822,,,,,,,,,,,,,,,,,,,,,,,0,0,,,,,,,,,,,,,,,49.2727895,31.4360939,
08:15:05.870,,,,,,,,,,,,,,,,,,,,0,,,,,,,,,,,,,,,,,,,49.2727895,31.4360939,
08:15:05.907,,,,,,,,,,,,,,,,,,,,,,,,,,,,,,,,,,22,,,,,49.2727895,31.4360939,
08:15:05.943,,,,,,,,,,,,,,,,,,,,,,,,,0,0.25,0.25,93.28,5923.76,,,8.6,,,,,,16,49.2727895,31.4360939,
08:15:05.990,,,,,,,,,,,,,,,,,,,,,,,,,,,,,,,0,,,,,100,,,49.2727895,31.4360939,
08:15:06.122,,,,,,,,,,51,,,,,,,,,,,,,,,,,,,,,,,,,,,,,49.2727895,31.4360939,
08:15:06.194,,,,,,,,,349,,,,,,,,,,,,,,,,,,,,,,,,,,,,,,49.2727895,31.4360939,
08:15:06.291,,,,,,,,,,,3.647,,,,,,,,,,,,,,,,,,,,,,,,,,,,49.2727895,31.4360939,
08:15:06.339,,,,,,,,,,,,3.635,,,,,,,,,,,,,,,,,,,,,,,,,,,49.2727895,31.4360939,
08:15:06.373,-9,,,,,,,,,,,,,,,,,,,,,,,,,,,,,,,,,,,,,,49.2727895,31.4360939,
08:15:06.411,,,-9,,,,,,,,,,,,,,,,,,,,,,,,,,,,,,,,,,,,49.2727895,31.4360939,
08:15:06.469,,-9,,,,,,,,,,,,,,,,,,,,,,,,,,,,,,,,,,,,,49.2727895,31.4360939,
08:15:06.518,,,,,23,,,,,,,,,,,,,,,,,,,,,,,,,,,,,,,,,,49.2727895,31.4360939,
08:15:06.556,,,,,,23,,,,,,,,,,,,,,,,,,,,,,,,,,,,,,,,,49.2727895,31.4360939,
08:15:06.606,,,,,,,22,,,,,,,,,,,,,,,,,,,,,,,,,,,,,,,,49.2727895,31.4360939,
08:15:06.655,,,,,,,,22,,,,,,,,,,,,,,,,,,,,,,,,,,,,,,,49.2727895,31.4360939,
08:15:06.691,,,,21,,,,,,,,,,,,,,,,,,,,,,,,,,,,,,,,,,,49.2727895,31.4360939,
08:15:06.762,,,,,,,,,,,,,,,,,,26,,,,,,,,,,,,,,,,,,,,,49.2727895,31.4360939,
08:15:06.804,,,,,,,,,,,,,,,,,,,,,,145,,,,,,,,,,,6.7,,,,16.3,,49.2727862,31.436031,
08:15:06.809,,,,,,,,,,,,,,23,,,,,,,,,,,,,,,,,,,,,,,,,49.2727862,31.436031,
08:15:06.845,,,,,,,,,,,,,,,,,28,,,,,,,,,,,,,,,,,,,,,,49.2727862,31.436031,
08:15:06.881,,,,,,,,,,,,,30,,,,,,,,,,,,,,,,,,,,,,,,,,49.2727862,31.436031,
08:15:06.954,,,,,,,,,,,,,,,1792,0.11,,,,,,,,,,,,,,,,,,,,,,,49.2727862,31.436031,
08:15:06.991,,,,,,,,,,,,,,,,,,,16,,,,,,,,,,,,,,,,,,,,49.2727862,31.436031,
08:15:07.062,,,,,,,,,,,,,,,,,,,,,,,,,,,,,,0,,,,,,,,,49.2727862,31.436031,
08:15:07.135,,,,,,,,,,,,,,,,,,,,,,,,,,,,,,,,,,,22,,,,49.2727862,31.436031,
08:15:07.267,,,,,,,,,,,,,,,,,,,,,,,0,0,,,,,,,,,,,,,,,49.2727862,31.436031,
08:15:07.338,,,,,,,,,,,,,,,,,,,,0,,,,,,,,,,,,,,,,,,,49.2727862,31.436031,
08:15:07.386,,,,,,,,,,,,,,,,,,,,,,,,,,,,,,,,,,22,,,,,49.2727862,31.436031,
08:15:07.446,,,,,,,,,,,,,,,,,,,,,,,,,0,0.26,0.26,93.29,5923.76,,,8.7,,,,,,16,49.2727862,31.436031,
08:15:07.495,,,,,,,,,,,,,,,,,,,,,,,,,,,,,,,0,,,,,100,,,49.2727862,31.436031,
08:15:07.579,,,,,,,,,,51,,,,,,,,,,,,,,,,,,,,,,,,,,,,,49.2727862,31.436031,
08:15:07.615,,,,,,,,,349.7,,,,,,,,,,,,,,,,,,,,,,,,,,,,,,49.2727862,31.436031,
08:15:07.650,,,,,,,,,,,3.637,,,,,,,,,,,,,,,,,,,,,,,,,,,,49.2727862,31.436031,
08:15:07.698,,,,,,,,,,,,3.626,,,,,,,,,,,,,,,,,,,,,,,,,,,49.2727862,31.436031,
08:15:07.757,-13,,,,,,,,,,,,,,,,,,,,,,,,,,,,,,,,,,,,,,49.2727862,31.436031,
08:15:07.801,,,,,,,,,,,,,,,,,,,,,,145,,,,,,,,,,,6.8,,,,17.1,,49.2727826,31.4359668,
08:15:07.806,,,-13,,,,,,,,,,,,,,,,,,,,,,,,,,,,,,,,,,,,49.2727826,31.4359668,
08:15:07.854,,-13,,,,,,,,,,,,,,,,,,,,,,,,,,,,,,,,,,,,,49.2727826,31.4359668,
08:15:07.890,,,,,23,,,,,,,,,,,,,,,,,,,,,,,,,,,,,,,,,,49.2727826,31.4359668,
08:15:08.034,,,,,,23,,,,,,,,,,,,,,,,,,,,,,,,,,,,,,,,,49.2727826,31.4359668,
08:15:08.118,,,,,,,22,,,,,,,,,,,,,,,,,,,,,,,,,,,,,,,,49.2727826,31.4359668,
08:15:08.179,,,,,,,,22,,,,,,,,,,,,,,,,,,,,,,,,,,,,,,,49.2727826,31.4359668,
08:15:08.227,,,,21,,,,,,,,,,,,,,,,,,,,,,,,,,,,,,,,,,,49.2727826,31.4359668,
08:15:08.297,,,,,,,,,,,,,,,,,,26,,,,,,,,,,,,,,,,,,,,,49.2727826,31.4359668,
08:15:08.346,,,,,,,,,,,,,,23,,,,,,,,,,,,,,,,,,,,,,,,,49.2727826,31.4359668,
08:15:08.395,,,,,,,,,,,,,,,,,25,,,,,,,,,,,,,,,,,,,,,,49.2727826,31.4359668,
08:15:08.435,,,,,,,,,,,,,30,,,,,,,,,,,,,,,,,,,,,,,,,,49.2727826,31.4359668,
08:15:08.470,,,,,,,,,,,,,,,1888,0.11,,,,,,,,,,,,,,,,,,,,,,,49.2727826,31.4359668,
08:15:08.518,,,,,,,,,,,,,,,,,,,17,,,,,,,,,,,,,,,,,,,,49.2727826,31.4359668,
08:15:08.627,,,,,,,,,,,,,,,,,,,,,,,,,,,,,,0,,,,,,,,,49.2727826,31.4359668,
08:15:08.675,,,,,,,,,,,,,,,,,,,,,,,0,0,,,,,,,,,,,,,,,49.2727826,31.4359668,
08:15:08.746,,,,,,,,,,,,,,,,,,,,0,,,,,,,,,,,,,,,,,,,49.2727826,31.4359668,
08:15:08.806,,,,,,,,,,,,,,,,,,,,,,145,,,,,,,,,,,6.9,,,,18,,49.272779,31.4358992,
08:15:08.808,,,,,,,,,,,,,,,,,,,,,,,,,,,,,,,,,,22,,,,,49.272779,31.4358992,
08:15:08.870,,,,,,,,,,,,,,,,,,,,,,,,,0.005098581064889642,0.26,0.26,93.29,5923.77,,,8.8,,,,,,17,49.272779,31.4358992,
08:15:08.918,,,,,,,,,,,,,,,,,,,,,,,,,,,,,,,0,,,,,100,,,49.272779,31.4358992,
08:15:09.050,,,,,,,,,,51,,,,,,,,,,,,,,,,,,,,,,,,,,,,,49.272779,31.4358992,
08:15:09.229,,,,,,,,,349.8,,,,,,,,,,,,,,,,,,,,,,,,,,,,,,49.272779,31.4358992,
08:15:09.277,,,,,,,,,,,3.639,,,,,,,,,,,,,,,,,,,,,,,,,,,,49.272779,31.4358992,
08:15:09.315,,,,,,,,,,,,3.629,,,,,,,,,,,,,,,,,,,,,,,,,,,49.272779,31.4358992,
08:15:09.362,-11,,,,,,,,,,,,,,,,,,,,,,,,,,,,,,,,,,,,,,49.272779,31.4358992,
08:15:09.411,,,-10,,,,,,,,,,,,,,,,,,,,,,,,,,,,,,,,,,,,49.272779,31.4358992,
08:15:09.447,,-9,,,,,,,,,,,,,,,,,,,,,,,,,,,,,,,,,,,,,49.272779,31.4358992,
08:15:09.482,,,,,23,,,,,,,,,,,,,,,,,,,,,,,,,,,,,,,,,,49.272779,31.4358992,
08:15:09.530,,,,,,23,,,,,,,,,,,,,,,,,,,,,,,,,,,,,,,,,49.272779,31.4358992,
08:15:09.567,,,,,,,22,,,,,,,,,,,,,,,,,,,,,,,,,,,,,,,,49.272779,31.4358992,
08:15:09.603,,,,,,,,22,,,,,,,,,,,,,,,,,,,,,,,,,,,,,,,49.272779,31.4358992,
08:15:09.650,,,,21,,,,,,,,,,,,,,,,,,,,,,,,,,,,,,,,,,,49.272779,31.4358992,
08:15:09.735,,,,,,,,,,,,,,,,,,26,,,,,,,,,,,,,,,,,,,,,49.272779,31.4358992,
08:15:09.769,,,,,,,,,,,,,,23,,,,,,,,,,,,,,,,,,,,,,,,,49.272779,31.4358992,
08:15:09.805,,,,,,,,,,,,,,,,,,,,,,145,,,,,,,,,,,7,,,,18.1,,49.2727752,31.4358324,
08:15:09.807,,,,,,,,,,,,,,,,,13,,,,,,,,,,,,,,,,,,,,,,49.2727752,31.4358324,
08:15:09.842,,,,,,,,,,,,,30,,,,,,,,,,,,,,,,,,,,,,,,,,49.2727752,31.4358324,
08:15:09.878,,,,,,,,,,,,,,,928,0.05,,,,,,,,,,,,,,,,,,,,,,,49.2727752,31.4358324,
08:15:09.951,,,,,,,,,,,,,,,,,,,18,,,,,,,,,,,,,,,,,,,,49.2727752,31.4358324,
08:15:10.167,,,,,,,,,,,,,,,,,,,,,,,,,,,,,,0,,,,,,,,,49.2727752,31.4358324,
08:15:10.214,,,,,,,,,,,,,,,,,,,,,,,,,,,,,,,,,,,22,,,,49.2727752,31.4358324,
08:15:10.251,,,,,,,,,,,,,,,,,,,,,,,0,0,,,,,,,,,,,,,,,49.2727752,31.4358324,
08:15:10.297,,,,,,,,,,,,,,,,,,,,0,,,,,,,,,,,,,,,,,,,49.2727752,31.4358324,
08:15:10.346,,,,,,,,,,,,,,,,,,,,,,,,,,,,,,,,,,22,,,,,49.2727752,31.4358324,
08:15:10.383,,,,,,,,,,,,,,,,,,,,,,,,,0.005098581064889642,0.27,0.27,93.3,5923.78,,,8.9,,,,,,17,49.2727752,31.4358324,
08:15:10.418,,,,,,,,,,,,,,,,,,,,,,,,,,,,,,,0,,,,,100,,,49.2727752,31.4358324,
08:15:10.478,,,,,,,,,,51,,,,,,,,,,,,,,,,,,,,,,,,,,,,,49.2727752,31.4358324,
08:15:10.538,,,,,,,,,348.1,,,,,,,,,,,,,,,,,,,,,,,,,,,,,,49.2727752,31.4358324,
08:15:10.587,,,,,,,,,,,3.642,,,,,,,,,,,,,,,,,,,,,,,,,,,,49.2727752,31.4358324,
08:15:10.623,,,,,,,,,,,,3.634,,,,,,,,,,,,,,,,,,,,,,,,,,,49.2727752,31.4358324,
08:15:10.658,-5,,,,,,,,,,,,,,,,,,,,,,,,,,,,,,,,,,,,,,49.2727752,31.4358324,
08:15:10.707,,,-4,,,,,,,,,,,,,,,,,,,,,,,,,,,,,,,,,,,,49.2727752,31.4358324,
08:15:10.741,,-3,,,,,,,,,,,,,,,,,,,,,,,,,,,,,,,,,,,,,49.2727752,31.4358324,
08:15:10.790,,,,,23,,,,,,,,,,,,,,,,,,,,,,,,,,,,,,,,,,49.2727752,31.4358324,
08:15:10.807,,,,,,,,,,,,,,,,,,,,,,144,,,,,,,,,,,7.1,,,,18.1,,49.2727697,31.4357629,
08:15:10.826,,,,,,23,,,,,,,,,,,,,,,,,,,,,,,,,,,,,,,,,49.2727697,31.4357629,
08:15:10.898,,,,,,,22,,,,,,,,,,,,,,,,,,,,,,,,,,,,,,,,49.2727697,31.4357629,
08:15:10.981,,,,,,,,22,,,,,,,,,,,,,,,,,,,,,,,,,,,,,,,49.2727697,31.4357629,
08:15:11.054,,,,21,,,,,,,,,,,,,,,,,,,,,,,,,,,,,,,,,,,49.2727697,31.4357629,
08:15:11.175,,,,,,,,,,,,,,,,,,26,,,,,,,,,,,,,,,,,,,,,49.2727697,31.4357629,
08:15:11.221,,,,,,,,,,,,,,23,,,,,,,,,,,,,,,,,,,,,,,,,49.2727697,31.4357629,
08:15:11.259,,,,,,,,,,,,,,,,,-24,,,,,,,,,,,,,,,,,,,,,,49.2727697,31.4357629,
08:15:11.331,,,,,,,,,,,,,30,,,,,,,,,,,,,,,,,,,,,,,,,,49.2727697,31.4357629,
08:15:11.377,,,,,,,,,,,,,,,-1600,-0.11,,,,,,,,,,,,,,,,,,,,,,,49.2727697,31.4357629,
08:15:11.414,,,,,,,,,,,,,,,,,,,17,,,,,,,,,,,,,,,,,,,,49.2727697,31.4357629,
08:15:11.474,,,,,,,,,,,,,,,,,,,,,,,,,,,,,,0,,,,,,,,,49.2727697,31.4357629,
08:15:11.523,,,,,,,,,,,,,,,,,,,,,,,0,0,,,,,,,,,,,,,,,49.2727697,31.4357629,
08:15:11.570,,,,,,,,,,,,,,,,,,,,0,,,,,,,,,,,,,,,,,,,49.2727697,31.4357629,
08:15:11.606,,,,,,,,,,,,,,,,,,,,,,,,,,,,,,,,,,22,,,,,49.2727697,31.4357629,
08:15:11.642,,,,,,,,,,,,,,,,,,,,,,,,,,0.28,0.28,93.31,5923.78,,,9,,,,,,16,49.2727697,31.4357629,
08:15:11.679,,,,,,,,,,,,,,,,,,,,,,,,,,,,,,,0,,,,,100,,,49.2727697,31.4357629,
08:15:11.738,,,,,,,,,,51,,,,,,,,,,,,,,,,,,,,,,,,,,,,,49.2727697,31.4357629,
08:15:11.775,,,,,,,,,349.8,,,,,,,,,,,,,,,,,,,,,,,,,,,,,,49.2727697,31.4357629,
08:15:11.811,,,,,,,,,,,3.653,,,,,,,,,,,,,,,,,,,,,,,,,,,,49.2727697,31.4357629,
08:15:11.815,,,,,,,,,,,,,,,,,,,,,,145,,,,,,,,,,,7.1,,,,16.7,,49.2727674,31.4357022,
08:15:11.943,,,,,,,,,,,,3.642,,,,,,,,,,,,,,,,,,,,,,,,,,,49.2727674,31.4357022,
08:15:12.014,-3,,,,,,,,,,,,,,,,,,,,,,,,,,,,,,,,,,,,,,49.2727674,31.4357022,
08:15:12.075,,,-3,,,,,,,,,,,,,,,,,,,,,,,,,,,,,,,,,,,,49.2727674,31.4357022,
08:15:12.146,,-3,,,,,,,,,,,,,,,,,,,,,,,,,,,,,,,,,,,,,49.2727674,31.4357022,
08:15:12.183,,,,,23,,,,,,,,,,,,,,,,,,,,,,,,,,,,,,,,,,49.2727674,31.4357022,
08:15:12.230,,,,,,23,,,,,,,,,,,,,,,,,,,,,,,,,,,,,,,,,49.2727674,31.4357022,
08:15:12.266,,,,,,,22,,,,,,,,,,,,,,,,,,,,,,,,,,,,,,,,49.2727674,31.4357022,
08:15:12.302,,,,,,,,22,,,,,,,,,,,,,,,,,,,,,,,,,,,,,,,49.2727674,31.4357022,
08:15:12.350,,,,21,,,,,,,,,,,,,,,,,,,,,,,,,,,,,,,,,,,49.2727674,31.4357022,
08:15:12.399,,,,,,,,,,,,,,,,,,26,,,,,,,,,,,,,,,,,,,,,49.2727674,31.4357022,
08:15:12.446,,,,,,,,,,,,,,23,,,,,,,,,,,,,,,,,,,,,,,,,49.2727674,31.4357022,
08:15:12.471,,,,,,,,,,,,,,,,,4,,,,,,,,,,,,,,,,,,,,,,49.2727674,31.4357022,
08:15:12.519,,,,,,,,,,,,,30,,,,,,,,,,,,,,,,,,,,,,,,,,49.2727674,31.4357022,
08:15:12.558,,,,,,,,,,,,,,,352,0.02,,,,,,,,,,,,,,,,,,,,,,,49.2727674,31.4357022,
08:15:12.606,,,,,,,,,,,,,,,,,,,16,,,,,,,,,,,,,,,,,,,,49.2727674,31.4357022,
08:15:12.689,,,,,,,,,,,,,,,,,,,,,,,,,,,,,,0,,,,,,,,,49.2727674,31.4357022,
08:15:12.726,,,,,,,,,,,,,,,,,,,,,,,,,,,,,,,,,,,22,,,,49.2727674,31.4357022,
08:15:12.774,,,,,,,,,,,,,,,,,,,,,,,0,0,,,,,,,,,,,,,,,49.2727674,31.4357022,
08:15:12.805,,,,,,,,,,,,,,,,,,,,,,145,,,,,,,,,,,7.2,,,,15.1,,49.2727648,31.4356432,
08:15:12.810,,,,,,,,,,,,,,,,,,,,0,,,,,,,,,,,,,,,,,,,49.2727648,31.4356432,
08:15:12.918,,,,,,,,,,,,,,,,,,,,,,,,,,,,,,,,,,22,,,,,49.2727648,31.4356432,
08:15:13.002,,,,,,,,,,,,,,,,,,,,,,,,,-0.005098581064889642,0.28,0.28,93.31,5923.79,,,9.1,,,,,,15,49.2727648,31.4356432,
08:15:13.075,,,,,,,,,,,,,,,,,,,,,,,,,,,,,,,0,,,,,100,,,49.2727648,31.4356432,
08:15:13.146,,,,,,,,,,50.5,,,,,,,,,,,,,,,,,,,,,,,,,,,,,49.2727648,31.4356432,
08:15:13.183,,,,,,,,,350,,,,,,,,,,,,,,,,,,,,,,,,,,,,,,49.2727648,31.4356432,
08:15:13.219,,,,,,,,,,,3.656,,,,,,,,,,,,,,,,,,,,,,,,,,,,49.2727648,31.4356432,
08:15:13.253,,,,,,,,,,,,3.646,,,,,,,,,,,,,,,,,,,,,,,,,,,49.2727648,31.4356432,
08:15:13.302,1,,,,,,,,,,,,,,,,,,,,,,,,,,,,,,,,,,,,,,49.2727648,31.4356432,
08:15:13.350,,,1,,,,,,,,,,,,,,,,,,,,,,,,,,,,,,,,,,,,49.2727648,31.4356432,
08:15:13.385,,2,,,,,,,,,,,,,,,,,,,,,,,,,,,,,,,,,,,,,49.2727648,31.4356432,
08:15:13.446,,,,,23,,,,,,,,,,,,,,,,,,,,,,,,,,,,,,,,,,49.2727648,31.4356432,
08:15:13.494,,,,,,23,,,,,,,,,,,,,,,,,,,,,,,,,,,,,,,,,49.2727648,31.4356432,
08:15:13.530,,,,,,,22,,,,,,,,,,,,,,,,,,,,,,,,,,,,,,,,49.2727648,31.4356432,
08:15:13.567,,,,,,,,22,,,,,,,,,,,,,,,,,,,,,,,,,,,,,,,49.2727648,31.4356432,
08:15:13.602,,,,21,,,,,,,,,,,,,,,,,,,,,,,,,,,,,,,,,,,49.2727648,31.4356432,
08:15:13.735,,,,,,,,,,,,,,,,,,26,,,,,,,,,,,,,,,,,,,,,49.2727648,31.4356432,
08:15:13.809,,,,,,,,,,,,,,,,,,,,,,145,,,,,,,,,,,7.2,,,,14.4,,49.2727623,31.4355842,
08:15:13.867,,,,,,,,,,,,,,23,,,,,,,,,,,,,,,,,,,,,,,,,49.2727623,31.4355842,
08:15:13.939,,,,,,,,,,,,,,,,,-5,,,,,,,,,,,,,,,,,,,,,,49.2727623,31.4355842,
08:15:14.010,,,,,,,,,,,,,29,,,,,,,,,,,,,,,,,,,,,,,,,,49.2727623,31.4355842,
08:15:14.058,,,,,,,,,,,,,,,-224,-0.02,,,,,,,,,,,,,,,,,,,,,,,49.2727623,31.4355842,
08:15:14.095,,,,,,,,,,,,,,,,,,,14,,,,,,,,,,,,,,,,,,,,49.2727623,31.4355842,
08:15:14.154,,,,,,,,,,,,,,,,,,,,,,,,,,,,,,0,,,,,,,,,49.2727623,31.4355842,
08:15:14.215,,,,,,,,,,,,,,,,,,,,,,,0,0,,,,,,,,,,,,,,,49.2727623,31.4355842,
08:15:14.286,,,,,,,,,,,,,,,,,,,,0,,,,,,,,,,,,,,,,,,,49.2727623,31.4355842,
08:15:14.323,,,,,,,,,,,,,,,,,,,,,,,,,,,,,,,,,,22,,,,,49.2727623,31.4355842,
08:15:14.382,,,,,,,,,,,,,,,,,,,,,,,,,-0.020394324259558567,0.29,0.29,93.32,5923.79,,,9.1,,,,,,13,49.2727623,31.4355842,
08:15:14.418,,,,,,,,,,,,,,,,,,,,,,,,,,,,,,,0,,,,,100,,,49.2727623,31.4355842,
08:15:14.503,,,,,,,,,,50.5,,,,,,,,,,,,,,,,,,,,,,,,,,,,,49.2727623,31.4355842,
08:15:14.538,,,,,,,,,351,,,,,,,,,,,,,,,,,,,,,,,,,,,,,,49.2727623,31.4355842,
08:15:14.574,,,,,,,,,,,3.652,,,,,,,,,,,,,,,,,,,,,,,,,,,,49.2727623,31.4355842,
08:15:14.634,,,,,,,,,,,,3.642,,,,,,,,,,,,,,,,,,,,,,,,,,,49.2727623,31.4355842,
08:15:14.790,-3,,,,,,,,,,,,,,,,,,,,,,,,,,,,,,,,,,,,,,49.2727623,31.4355842,
08:15:14.812,,,,,,,,,,,,,,,,,,,,,,145,,,,,,,,,,,7.3,,,,12.9,,49.2727618,31.4355315,
08:15:14.879,,,2,,,,,,,,,,,,,,,,,,,,,,,,,,,,,,,,,,,,49.2727618,31.4355315,
08:15:14.927,,3,,,,,,,,,,,,,,,,,,,,,,,,,,,,,,,,,,,,,49.2727618,31.4355315,
08:15:14.987,,,,,23,,,,,,,,,,,,,,,,,,,,,,,,,,,,,,,,,,49.2727618,31.4355315,
08:15:15.047,,,,,,23,,,,,,,,,,,,,,,,,,,,,,,,,,,,,,,,,49.2727618,31.4355315,
08:15:15.094,,,,,,,22,,,,,,,,,,,,,,,,,,,,,,,,,,,,,,,,49.2727618,31.4355315,
08:15:15.131,,,,,,,,22,,,,,,,,,,,,,,,,,,,,,,,,,,,,,,,49.2727618,31.4355315,
08:15:15.166,,,,21,,,,,,,,,,,,,,,,,,,,,,,,,,,,,,,,,,,49.2727618,31.4355315,
08:15:15.238,,,,,,,,,,,,,,,,,,26,,,,,,,,,,,,,,,,,,,,,49.2727618,31.4355315,
08:15:15.286,,,,,,,,,,,,,,23,,,,,,,,,,,,,,,,,,,,,,,,,49.2727618,31.4355315,
08:15:15.323,,,,,,,,,,,,,,,,,-33,,,,,,,,,,,,,,,,,,,,,,49.2727618,31.4355315,
08:15:15.370,,,,,,,,,,,,,29,,,,,,,,,,,,,,,,,,,,,,,,,,49.2727618,31.4355315,
08:15:15.431,,,,,,,,,,,,,,,-1952,-0.12,,,,,,,,,,,,,,,,,,,,,,,49.2727618,31.4355315,
08:15:15.491,,,,,,,,,,,,,,,,,,,12,,,,,,,,,,,,,,,,,,,,49.2727618,31.4355315,
08:15:15.574,,,,,,,,,,,,,,,,,,,,,,,,,,,,,,0,,,,,,,,,49.2727618,31.4355315,
08:15:15.646,,,,,,,,,,,,,,,,,,,,,,,,,,,,,,,,,,,22,,,,49.2727618,31.4355315,
08:15:15.766,,,,,,,,,,,,,,,,,,,,,,,0,0,,,,,,,,,,,,,,,49.2727618,31.4355315,
08:15:15.813,,,,,,,,,,,,,,,,,,,,,,145,,,,,,,,,,,7.3,,,,11.4,,49.2727647,31.4354865,
08:15:15.922,,,,,,,,,,,,,,,,,,,,0,,,,,,,,,,,,,,,,,,,49.2727647,31.4354865,
08:15:15.982,,,,,,,,,,,,,,,,,,,,,,,,,,,,,,,,,,22,,,,,49.2727647,31.4354865,
08:15:16.065,,,,,,,,,,,,,,,,,,,,,,,,,-0.034670351241249564,0.29,0.29,93.32,5923.8,,,9.1,,,,,,10,49.2727647,31.4354865,
08:15:16.174,,,,,,,,,,,,,,,,,,,,,,,,,,,,,,,0,,,,,100,,,49.2727647,31.4354865,
08:15:16.342,,,,,,,,,,50.5,,,,,,,,,,,,,,,,,,,,,,,,,,,,,49.2727647,31.4354865,
08:15:16.402,,,,,,,,,350.3,,,,,,,,,,,,,,,,,,,,,,,,,,,,,,49.2727647,31.4354865,
08:15:16.462,,,,,,,,,,,3.657,,,,,,,,,,,,,,,,,,,,,,,,,,,,49.2727647,31.4354865,
08:15:16.534,,,,,,,,,,,,3.648,,,,,,,,,,,,,,,,,,,,,,,,,,,49.2727647,31.4354865,
08:15:16.619,-2,,,,,,,,,,,,,,,,,,,,,,,,,,,,,,,,,,,,,,49.2727647,31.4354865,
08:15:16.689,,,-2,,,,,,,,,,,,,,,,,,,,,,,,,,,,,,,,,,,,49.2727647,31.4354865,
08:15:16.774,,-2,,,,,,,,,,,,,,,,,,,,,,,,,,,,,,,,,,,,,49.2727647,31.4354865,
08:15:16.800,,,,,,,,,,,,,,,,,,,,,,145,,,,,,,,,,,7.3,,,,8.6,,49.2727688,31.4354475,
08:15:16.847,,,,,23,,,,,,,,,,,,,,,,,,,,,,,,,,,,,,,,,,49.2727688,31.4354475,
08:15:16.881,,,,,,23,,,,,,,,,,,,,,,,,,,,,,,,,,,,,,,,,49.2727688,31.4354475,
08:15:16.918,,,,,,,22,,,,,,,,,,,,,,,,,,,,,,,,,,,,,,,,49.2727688,31.4354475,
08:15:16.954,,,,,,,,22,,,,,,,,,,,,,,,,,,,,,,,,,,,,,,,49.2727688,31.4354475,
08:15:16.990,,,,21,,,,,,,,,,,,,,,,,,,,,,,,,,,,,,,,,,,49.2727688,31.4354475,
08:15:17.062,,,,,,,,,,,,,,,,,,26,,,,,,,,,,,,,,,,,,,,,49.2727688,31.4354475,
08:15:17.111,,,,,,,,,,,,,,23,,,,,,,,,,,,,,,,,,,,,,,,,49.2727688,31.4354475,
08:15:17.147,,,,,,,,,,,,,,,,,-0,,,,,,,,,,,,,,,,,,,,,,49.2727688,31.4354475,
08:15:17.198,,,,,,,,,,,,,29,,,,,,,,,,,,,,,,,,,,,,,,,,49.2727688,31.4354475,
08:15:17.258,,,,,,,,,,,,,,,-32,-0.02,,,,,,,,,,,,,,,,,,,,,,,49.2727688,31.4354475,
08:15:17.306,,,,,,,,,,,,,,,,,,,8,,,,,,,,,,,,,,,,,,,,49.2727688,31.4354475,
08:15:17.367,,,,,,,,,,,,,,,,,,,,,,,,,,,,,,0,,,,,,,,,49.2727688,31.4354475,
08:15:17.403,,,,,,,,,,,,,,,,,,,,,,,0,0,,,,,,,,,,,,,,,49.2727688,31.4354475,
08:15:17.451,,,,,,,,,,,,,,,,,,,,0,,,,,,,,,,,,,,,,,,,49.2727688,31.4354475,
08:15:17.498,,,,,,,,,,,,,,,,,,,,,,,,,,,,,,,,,,22,,,,,49.2727688,31.4354475,
08:15:17.581,,,,,,,,,,,,,,,,,,,,,,,,,-0.04282808094507299,0.3,0.3,93.32,5923.8,,,9.1,,,,,,7,49.2727688,31.4354475,
08:15:17.665,,,,,,,,,,,,,,,,,,,,,,,,,,,,,,,0,,,,,100,,,49.2727688,31.4354475,
08:15:17.798,,,,,,,,,,,,,,,,,,,,,,145,,,,,,,,,,,7.3,,,,6.1,,49.2727734,31.4354201,
08:15:17.811,,,,,,,,,,50.5,,,,,,,,,,,,,,,,,,,,,,,,,,,,,49.2727734,31.4354201,
08:15:17.845,,,,,,,,,350.2,,,,,,,,,,,,,,,,,,,,,,,,,,,,,,49.2727734,31.4354201,
08:15:17.896,,,,,,,,,,,3.656,,,,,,,,,,,,,,,,,,,,,,,,,,,,49.2727734,31.4354201,
08:15:17.943,,,,,,,,,,,,3.646,,,,,,,,,,,,,,,,,,,,,,,,,,,49.2727734,31.4354201,
08:15:17.991,-3,,,,,,,,,,,,,,,,,,,,,,,,,,,,,,,,,,,,,,49.2727734,31.4354201,
08:15:18.027,,,-5,,,,,,,,,,,,,,,,,,,,,,,,,,,,,,,,,,,,49.2727734,31.4354201,
08:15:18.074,,-5,,,,,,,,,,,,,,,,,,,,,,,,,,,,,,,,,,,,,49.2727734,31.4354201,
08:15:18.109,,,,,23,,,,,,,,,,,,,,,,,,,,,,,,,,,,,,,,,,49.2727734,31.4354201,
08:15:18.159,,,,,,23,,,,,,,,,,,,,,,,,,,,,,,,,,,,,,,,,49.2727734,31.4354201,
08:15:18.195,,,,,,,22,,,,,,,,,,,,,,,,,,,,,,,,,,,,,,,,49.2727734,31.4354201,
08:15:18.229,,,,,,,,22,,,,,,,,,,,,,,,,,,,,,,,,,,,,,,,49.2727734,31.4354201,
08:15:18.279,,,,21,,,,,,,,,,,,,,,,,,,,,,,,,,,,,,,,,,,49.2727734,31.4354201,
08:15:18.351,,,,,,,,,,,,,,,,,,26,,,,,,,,,,,,,,,,,,,,,49.2727734,31.4354201,
08:15:18.398,,,,,,,,,,,,,,23,,,,,,,,,,,,,,,,,,,,,,,,,49.2727734,31.4354201,
08:15:18.434,,,,,,,,,,,,,,,,,23,,,,,,,,,,,,,,,,,,,,,,49.2727734,31.4354201,
08:15:18.495,,,,,,,,,,,,,29,,,,,,,,,,,,,,,,,,,,,,,,,,49.2727734,31.4354201,
08:15:18.529,,,,,,,,,,,,,,,1632,0.09,,,,,,,,,,,,,,,,,,,,,,,49.2727734,31.4354201,
08:15:18.567,,,,,,,,,,,,,,,,,,,5,,,,,,,,,,,,,,,,,,,,49.2727734,31.4354201,
08:15:18.811,,,,,,,,,,,,,,,,,,,,,,,,,,,,,,0,,,,,,,,,49.2727734,31.4354201,
08:15:18.814,,,,,,,,,,,,,,,,,,,,,,145,,,,,,,,,,,7.3,,,,4.4,,49.2727786,31.4354022,
08:15:18.870,,,,,,,,,,,,,,,,,,,,,,,,,,,,,,,,,,,22,,,,49.2727786,31.4354022,
08:15:18.919,,,,,,,,,,,,,,,,,,,,,,,0,0,,,,,,,,,,,,,,,49.2727786,31.4354022,
08:15:18.990,,,,,,,,,,,,,,,,,,,,0,,,,,,,,,,,,,,,,,,,49.2727786,31.4354022,
08:15:19.050,,,,,,,,,,,,,,,,,,,,,,,,,,,,,,,,,,22,,,,,49.2727786,31.4354022,
08:15:19.099,,,,,,,,,,,,,,,,,,,,,,,,,-0.04180836473209506,0.3,0.3,93.33,5923.8,,,9,,,,,,6,49.2727786,31.4354022,
08:15:19.136,,,,,,,,,,,,,,,,,,,,,,,,,,,,,,,0,,,,,100,,,49.2727786,31.4354022,
08:15:19.207,,,,,,,,,,50,,,,,,,,,,,,,,,,,,,,,,,,,,,,,49.2727786,31.4354022,
08:15:19.266,,,,,,,,,349,,,,,,,,,,,,,,,,,,,,,,,,,,,,,,49.2727786,31.4354022,
08:15:19.302,,,,,,,,,,,3.635,,,,,,,,,,,,,,,,,,,,,,,,,,,,49.2727786,31.4354022,
08:15:19.338,,,,,,,,,,,,3.623,,,,,,,,,,,,,,,,,,,,,,,,,,,49.2727786,31.4354022,
08:15:19.385,-15,,,,,,,,,,,,,,,,,,,,,,,,,,,,,,,,,,,,,,49.2727786,31.4354022,
08:15:19.422,,,-14,,,,,,,,,,,,,,,,,,,,,,,,,,,,,,,,,,,,49.2727786,31.4354022,
08:15:19.470,,-13,,,,,,,,,,,,,,,,,,,,,,,,,,,,,,,,,,,,,49.2727786,31.4354022,
08:15:19.507,,,,,23,,,,,,,,,,,,,,,,,,,,,,,,,,,,,,,,,,49.2727786,31.4354022,
08:15:19.651,,,,,,23,,,,,,,,,,,,,,,,,,,,,,,,,,,,,,,,,49.2727786,31.4354022,
08:15:19.734,,,,,,,22,,,,,,,,,,,,,,,,,,,,,,,,,,,,,,,,49.2727786,31.4354022,
08:15:19.813,,,,,,,,,,,,,,,,,,,,,,145,,,,,,,,,,,7.3,,,,7.6,,49.2727877,31.4353806,
08:15:19.817,,,,,,,,22,,,,,,,,,,,,,,,,,,,,,,,,,,,,,,,49.2727877,31.4353806,
08:15:19.866,,,,21,,,,,,,,,,,,,,,,,,,,,,,,,,,,,,,,,,,49.2727877,31.4353806,
08:15:19.939,,,,,,,,,,,,,,,,,,26,,,,,,,,,,,,,,,,,,,,,49.2727877,31.4353806,
08:15:19.975,,,,,,,,,,,,,,23,,,,,,,,,,,,,,,,,,,,,,,,,49.2727877,31.4353806,
08:15:20.010,,,,,,,,,,,,,,,,,47,,,,,,,,,,,,,,,,,,,,,,49.2727877,31.4353806,
08:15:20.034,,,,,,,,,,,,,29,,,,,,,,,,,,,,,,,,,,,,,,,,49.2727877,31.4353806,
08:15:20.070,,,,,,,,,,,,,,,3104,0.19,,,,,,,,,,,,,,,,,,,,,,,49.2727877,31.4353806,
08:15:20.119,,,,,,,,,,,,,,,,,,,9,,,,,,,,,,,,,,,,,,,,49.2727877,31.4353806,
08:15:20.238,,,,,,,,,,,,,,,,,,,,,,,,,,,,,,0,,,,,,,,,49.2727877,31.4353806,
08:15:20.274,,,,,,,,,,,,,,,,,,,,,,,0,0,,,,,,,,,,,,,,,49.2727877,31.4353806,
08:15:20.333,,,,,,,,,,,,,,,,,,,,0,,,,,,,,,,,,,,,,,,,49.2727877,31.4353806,
08:15:20.371,,,,,,,,,,,,,,,,,,,,,,,,,,,,,,,,,,22,,,,,49.2727877,31.4353806,
08:15:20.407,,,,,,,,,,,,,,,,,,,,,,,,,,0.3,0.3,93.33,5923.81,,,9,,,,,,8,49.2727877,31.4353806,
08:15:20.465,,,,,,,,,,,,,,,,,,,,,,,,,,,,,,,0,,,,,100,,,49.2727877,31.4353806,
08:15:20.623,,,,,,,,,,50,,,,,,,,,,,,,,,,,,,,,,,,,,,,,49.2727877,31.4353806,
08:15:20.683,,,,,,,,,347.6,,,,,,,,,,,,,,,,,,,,,,,,,,,,,,49.2727877,31.4353806,
08:15:20.718,,,,,,,,,,,3.62,,,,,,,,,,,,,,,,,,,,,,,,,,,,49.2727877,31.4353806,
08:15:20.753,,,,,,,,,,,,3.607,,,,,,,,,,,,,,,,,,,,,,,,,,,49.2727877,31.4353806,
08:15:20.807,,,,,,,,,,,,,,,,,,,,,,145,,,,,,,,,,,7.3,,,,10.3,,49.2728067,31.4353584,
08:15:20.850,-27,,,,,,,,,,,,,,,,,,,,,,,,,,,,,,,,,,,,,,49.2728067,31.4353584,
08:15:20.887,,,-28,,,,,,,,,,,,,,,,,,,,,,,,,,,,,,,,,,,,49.2728067,31.4353584,
08:15:20.935,,-29,,,,,,,,,,,,,,,,,,,,,,,,,,,,,,,,,,,,,49.2728067,31.4353584,
08:15:20.969,,,,,23,,,,,,,,,,,,,,,,,,,,,,,,,,,,,,,,,,49.2728067,31.4353584,
08:15:21.030,,,,,,23,,,,,,,,,,,,,,,,,,,,,,,,,,,,,,,,,49.2728067,31.4353584,
08:15:21.065,,,,,,,22,,,,,,,,,,,,,,,,,,,,,,,,,,,,,,,,49.2728067,31.4353584,
08:15:21.114,,,,,,,,22,,,,,,,,,,,,,,,,,,,,,,,,,,,,,,,49.2728067,31.4353584,
08:15:21.174,,,,21,,,,,,,,,,,,,,,,,,,,,,,,,,,,,,,,,,,49.2728067,31.4353584,
08:15:21.246,,,,,,,,,,,,,,,,,,26,,,,,,,,,,,,,,,,,,,,,49.2728067,31.4353584,
08:15:21.283,,,,,,,,,,,,,,23,,,,,,,,,,,,,,,,,,,,,,,,,49.2728067,31.4353584,
08:15:21.322,,,,,,,,,,,,,,,,,132,,,,,,,,,,,,,,,,,,,,,,49.2728067,31.4353584,
08:15:21.455,,,,,,,,,,,,,29,,,,,,,,,,,,,,,,,,,,,,,,,,49.2728067,31.4353584,
08:15:21.610,,,,,,,,,,,,,,,8160,0.48,,,,,,,,,,,,,,,,,,,,,,,49.2728067,31.4353584,
08:15:21.658,,,,,,,,,,,,,,,,,,,14,,,,,,,,,,,,,,,,,,,,49.2728067,31.4353584,
08:15:21.743,,,,,,,,,,,,,,,,,,,,,,,,,,,,,,22,,,,,,,,,49.2728067,31.4353584,
08:15:21.804,,,,,,,,,,,,,,,,,,,,,,145,,,,,,,,,,,7.3,,,,13.6,,49.2728368,31.4353458,
08:15:21.814,,,,,,,,,,,,,,,,,,,,,,,,,,,,,,,,,,,22,,,,49.2728368,31.4353458,
08:15:21.862,,,,,,,,,,,,,,,,,,,,,,,1521,1.5,,,,,,,,,,,,,,,49.2728368,31.4353458,
08:15:21.911,,,,,,,,,,,,,,,,,,,,53.7,,,,,,,,,,,,,,,,,,,49.2728368,31.4353458,
08:15:21.947,,,,,,,,,,,,,,,,,,,,,,,,,,,,,,,,,,22,,,,,49.2728368,31.4353458,
08:15:21.995,,,,,,,,,,,,,,,,,,,,,,,,,,0.31,0.31,93.34,5923.81,,,9.1,,,,,,14,49.2728368,31.4353458,
08:15:22.042,,,,,,,,,,,,,,,,,,,,,,,,,,,,,,,-0.31,,,,,69,,,49.2728368,31.4353458,
08:15:22.115,,,,,,,,,,49.5,,,,,,,,,,,,,,,,,,,,,,,,,,,,,49.2728368,31.4353458,
08:15:22.150,,,,,,,,,342.4,,,,,,,,,,,,,,,,,,,,,,,,,,,,,,49.2728368,31.4353458,
08:15:22.198,,,,,,,,,,,3.566,,,,,,,,,,,,,,,,,,,,,,,,,,,,49.2728368,31.4353458,
08:15:22.247,,,,,,,,,,,,3.554,,,,,,,,,,,,,,,,,,,,,,,,,,,49.2728368,31.4353458,
08:15:22.319,-38,,,,,,,,,,,,,,,,,,,,,,,,,,,,,,,,,,,,,,49.2728368,31.4353458,
08:15:22.402,,,-1600,,,,,,,,,,,,,,,,,,,,,,,,,,,,,,,,,,,,49.2728368,31.4353458,
08:15:22.486,,-52,,,,,,,,,,,,,,,,,,,,,,,,,,,,,,,,,,,,,49.2728368,31.4353458,
08:15:22.608,,,,,23,,,,,,,,,,,,,,,,,,,,,,,,,,,,,,,,,,49.2728368,31.4353458,
08:15:22.643,,,,,,23,,,,,,,,,,,,,,,,,,,,,,,,,,,,,,,,,49.2728368,31.4353458,
08:15:22.677,,,,,,,22,,,,,,,,,,,,,,,,,,,,,,,,,,,,,,,,49.2728368,31.4353458,
08:15:22.726,,,,,,,,22,,,,,,,,,,,,,,,,,,,,,,,,,,,,,,,49.2728368,31.4353458,
08:15:22.775,,,,21,,,,,,,,,,,,,,,,,,,,,,,,,,,,,,,,,,,49.2728368,31.4353458,
08:15:22.812,,,,,,,,,,,,,,,,,,,,,,145,,,,,,,,,,,7.4,,,,14.6,,49.2728724,31.4353385,
08:15:22.851,,,,,,,,,,,,,,,,,,26,,,,,,,,,,,,,,,,,,,,,49.2728724,31.4353385,
08:15:22.886,,,,,,,,,,,,,,23,,,,,,,,,,,,,,,,,,,,,,,,,49.2728724,31.4353385,
08:15:22.923,,,,,,,,,,,,,,,,,127,,,,,,,,,,,,,,,,,,,,,,49.2728724,31.4353385,
08:15:22.957,,,,,,,,,,,,,27,,,,,,,,,,,,,,,,,,,,,,,,,,49.2728724,31.4353385,
08:15:22.994,,,,,,,,,,,,,,,7872,0.47,,,,,,,,,,,,,,,,,,,,,,,49.2728724,31.4353385,
08:15:23.030,,,,,,,,,,,,,,,,,,,20,,,,,,,,,,,,,,,,,,,,49.2728724,31.4353385,
08:15:23.090,,,,,,,,,,,,,,,,,,,,,,,,,,,,,,41.6,,,,,,,,,49.2728724,31.4353385,
08:15:23.150,,,,,,,,,,,,,,,,,,,,,,,1501,1.5,,,,,,,,,,,,,,,49.2728724,31.4353385,
08:15:23.198,,,,,,,,,,,,,,,,,,,,56.1,,,,,,,,,,,,,,,,,,,49.2728724,31.4353385,
08:15:23.235,,,,,,,,,,,,,,,,,,,,,,,,,,,,,,,,,,22,,,,,49.2728724,31.4353385,
08:15:23.295,,,,,,,,,,,,,,,,,,,,,,,,,,0.31,0.31,93.34,5923.82,,,9.2,,,,,,20,49.2728724,31.4353385,
08:15:23.403,,,,,,,,,,,,,,,,,,,,,,,,,,,,,,,-0.32,,,,,68,,,49.2728724,31.4353385,
08:15:23.533,,,,,,,,,,49.5,,,,,,,,,,,,,,,,,,,,,,,,,,,,,49.2728724,31.4353385,
08:15:23.594,,,,,,,,,341.5,,,,,,,,,,,,,,,,,,,,,,,,,,,,,,49.2728724,31.4353385,
08:15:23.629,,,,,,,,,,,3.552,,,,,,,,,,,,,,,,,,,,,,,,,,,,49.2728724,31.4353385,
08:15:23.678,,,,,,,,,,,,3.54,,,,,,,,,,,,,,,,,,,,,,,,,,,49.2728724,31.4353385,
08:15:23.727,-61,,,,,,,,,,,,,,,,,,,,,,,,,,,,,,,,,,,,,,49.2728724,31.4353385,
08:15:23.763,,,-1600,,,,,,,,,,,,,,,,,,,,,,,,,,,,,,,,,,,,49.2728724,31.4353385,
08:15:23.802,,,,,,,,,,,,,,,,,,,,,,145,,,,,,,,,,,7.5,,,,26.6,,49.272939,31.4353787,
08:15:23.814,,-62,,,,,,,,,,,,,,,,,,,,,,,,,,,,,,,,,,,,,49.272939,31.4353787,
08:15:23.862,,,,,23,,,,,,,,,,,,,,,,,,,,,,,,,,,,,,,,,,49.272939,31.4353787,
08:15:23.911,,,,,,23,,,,,,,,,,,,,,,,,,,,,,,,,,,,,,,,,49.272939,31.4353787,
08:15:23.958,,,,,,,22,,,,,,,,,,,,,,,,,,,,,,,,,,,,,,,,49.272939,31.4353787,
08:15:23.993,,,,,,,,22,,,,,,,,,,,,,,,,,,,,,,,,,,,,,,,49.272939,31.4353787,
08:15:24.030,,,,21,,,,,,,,,,,,,,,,,,,,,,,,,,,,,,,,,,,49.272939,31.4353787,
08:15:24.103,,,,,,,,,,,,,,,,,,26,,,,,,,,,,,,,,,,,,,,,49.272939,31.4353787,
08:15:24.150,,,,,,,,,,,,,,23,,,,,,,,,,,,,,,,,,,,,,,,,49.272939,31.4353787,
08:15:24.187,,,,,,,,,,,,,,,,,109,,,,,,,,,,,,,,,,,,,,,,49.272939,31.4353787,
08:15:24.222,,,,,,,,,,,,,27,,,,,,,,,,,,,,,,,,,,,,,,,,49.272939,31.4353787,
08:15:24.258,,,,,,,,,,,,,,,7104,0.42,,,,,,,,,,,,,,,,,,,,,,,49.272939,31.4353787,
08:15:24.330,,,,,,,,,,,,,,,,,,,26,,,,,,,,,,,,,,,,,,,,49.272939,31.4353787,
08:15:24.523,,,,,,,,,,,,,,,,,,,,,,,,,,,,,,41.2,,,,,,,,,49.272939,31.4353787,
08:15:24.583,,,,,,,,,,,,,,,,,,,,,,,,,,,,,,,,,,,22,,,,49.272939,31.4353787,
08:15:24.618,,,,,,,,,,,,,,,,,,,,,,,1501,1.5,,,,,,,,,,,,,,,49.272939,31.4353787,
08:15:24.679,,,,,,,,,,,,,,,,,,,,56.5,,,,,,,,,,,,,,,,,,,49.272939,31.4353787,
08:15:24.714,,,,,,,,,,,,,,,,,,,,,,,,,,,,,,,,,,22,,,,,49.272939,31.4353787,
08:15:24.773,,,,,,,,,,,,,,,,,,,,,,,,,0.09993218887183697,0.32,0.32,93.35,5923.83,,,9.4,,,,,,26,49.272939,31.4353787,
08:15:24.810,,,,,,,,,,,,,,,,,,,,,,,,,,,,,,,-0.32,,,,,68,,,49.272939,31.4353787,
08:15:24.813,,,,,,,,,,,,,,,,,,,,,,145,,,,,,,,,,,7.6,,,,26,,49.2730012,31.4353964,
08:15:24.918,,,,,,,,,,49,,,,,,,,,,,,,,,,,,,,,,,,,,,,,49.2730012,31.4353964,
08:15:24.967,,,,,,,,,338.4,,,,,,,,,,,,,,,,,,,,,,,,,,,,,,49.2730012,31.4353964,
08:15:25.003,,,,,,,,,,,3.543,,,,,,,,,,,,,,,,,,,,,,,,,,,,49.2730012,31.4353964,
08:15:25.049,,,,,,,,,,,,3.529,,,,,,,,,,,,,,,,,,,,,,,,,,,49.2730012,31.4353964,
08:15:25.098,-64,,,,,,,,,,,,,,,,,,,,,,,,,,,,,,,,,,,,,,49.2730012,31.4353964,
08:15:25.134,,,-1600,,,,,,,,,,,,,,,,,,,,,,,,,,,,,,,,,,,,49.2730012,31.4353964,
08:15:25.171,,-62,,,,,,,,,,,,,,,,,,,,,,,,,,,,,,,,,,,,,49.2730012,31.4353964,
08:15:25.206,,,,,23,,,,,,,,,,,,,,,,,,,,,,,,,,,,,,,,,,49.2730012,31.4353964,
08:15:25.290,,,,,,23,,,,,,,,,,,,,,,,,,,,,,,,,,,,,,,,,49.2730012,31.4353964,
08:15:25.363,,,,,,,22,,,,,,,,,,,,,,,,,,,,,,,,,,,,,,,,49.2730012,31.4353964,
08:15:25.450,,,,,,,,22,,,,,,,,,,,,,,,,,,,,,,,,,,,,,,,49.2730012,31.4353964,
08:15:25.509,,,,21,,,,,,,,,,,,,,,,,,,,,,,,,,,,,,,,,,,49.2730012,31.4353964,
08:15:25.570,,,,,,,,,,,,,,,,,,26,,,,,,,,,,,,,,,,,,,,,49.2730012,31.4353964,
08:15:25.617,,,,,,,,,,,,,,23,,,,,,,,,,,,,,,,,,,,,,,,,49.2730012,31.4353964,
08:15:25.679,,,,,,,,,,,,,,,,,94,,,,,,,,,,,,,,,,,,,,,,49.2730012,31.4353964,
08:15:25.715,,,,,,,,,,,,,25,,,,,,,,,,,,,,,,,,,,,,,,,,49.2730012,31.4353964,
08:15:25.762,,,,,,,,,,,,,,,5984,0.36,,,,,,,,,,,,,,,,,,,,,,,49.2730012,31.4353964,
08:15:25.803,,,,,,,,,,,,,,,,,,,,,,145,,,,,,,,,,,7.8,,,,31.9,,49.273077,31.4354177,
08:15:25.810,,,,,,,,,,,,,,,,,,,31,,,,,,,,,,,,,,,,,,,,49.273077,31.4354177,
08:15:25.894,,,,,,,,,,,,,,,,,,,,,,,,,,,,,,41.6,,,,,,,,,49.273077,31.4354177,
08:15:25.991,,,,,,,,,,,,,,,,,,,,,,,1498,1.5,,,,,,,,,,,,,,,49.273077,31.4354177,
08:15:26.029,,,,,,,,,,,,,,,,,,,,56.5,,,,,,,,,,,,,,,,,,,49.273077,31.4354177,
08:15:26.079,,,,,,,,,,,,,,,,,,,,,,,,,,,,,,,,,,22,,,,,49.273077,31.4354177,
08:15:26.150,,,,,,,,,,,,,,,,,,,,,,,,,0.11318849964055006,0.34,0.34,93.37,5923.84,,,9.7,,,,,,31,49.273077,31.4354177,
08:15:26.282,,,,,,,,,,,,,,,,,,,,,,,,,,,,,,,-0.32,,,,,68,,,49.273077,31.4354177,
08:15:26.487,,,,,,,,,,48.5,,,,,,,,,,,,,,,,,,,,,,,,,,,,,49.273077,31.4354177,
08:15:26.522,,,,,,,,,339.7,,,,,,,,,,,,,,,,,,,,,,,,,,,,,,49.273077,31.4354177,
08:15:26.559,,,,,,,,,,,3.537,,,,,,,,,,,,,,,,,,,,,,,,,,,,49.273077,31.4354177,
08:15:26.619,,,,,,,,,,,,3.537,,,,,,,,,,,,,,,,,,,,,,,,,,,49.273077,31.4354177,
08:15:26.654,-48,,,,,,,,,,,,,,,,,,,,,,,,,,,,,,,,,,,,,,49.273077,31.4354177,
08:15:26.702,,,-1600,,,,,,,,,,,,,,,,,,,,,,,,,,,,,,,,,,,,49.273077,31.4354177,
08:15:26.762,,-52,,,,,,,,,,,,,,,,,,,,,,,,,,,,,,,,,,,,,49.273077,31.4354177,
08:15:26.798,,,,,23,,,,,,,,,,,,,,,,,,,,,,,,,,,,,,,,,,49.273077,31.4354177,
08:15:26.806,,,,,,,,,,,,,,,,,,,,,,145,,,,,,,,,,,8,,,,35.2,,49.2731618,31.4354424,
08:15:26.834,,,,,,23,,,,,,,,,,,,,,,,,,,,,,,,,,,,,,,,,49.2731618,31.4354424,
08:15:26.907,,,,,,,22,,,,,,,,,,,,,,,,,,,,,,,,,,,,,,,,49.2731618,31.4354424,
08:15:26.982,,,,,,,,22,,,,,,,,,,,,,,,,,,,,,,,,,,,,,,,49.2731618,31.4354424,
08:15:27.030,,,,21,,,,,,,,,,,,,,,,,,,,,,,,,,,,,,,,,,,49.2731618,31.4354424,
08:15:27.114,,,,,,,,,,,,,,,,,,27,,,,,,,,,,,,,,,,,,,,,49.2731618,31.4354424,
08:15:27.151,,,,,,,,,,,,,,23,,,,,,,,,,,,,,,,,,,,,,,,,49.2731618,31.4354424,
08:15:27.199,,,,,,,,,,,,,,,,,72,,,,,,,,,,,,,,,,,,,,,,49.2731618,31.4354424,
08:15:27.306,,,,,,,,,,,,,25,,,,,,,,,,,,,,,,,,,,,,,,,,49.2731618,31.4354424,
08:15:27.379,,,,,,,,,,,,,,,4544,0.27,,,,,,,,,,,,,,,,,,,,,,,49.2731618,31.4354424,
08:15:27.535,,,,,,,,,,,,,,,,,,,36,,,,,,,,,,,,,,,,,,,,49.2731618,31.4354424,
08:15:27.606,,,,,,,,,,,,,,,,,,,,,,,,,,,,,,41.6,,,,,,,,,49.2731618,31.4354424,
08:15:27.655,,,,,,,,,,,,,,,,,,,,,,,,,,,,,,,,,,,22,,,,49.2731618,31.4354424,
08:15:27.702,,,,,,,,,,,,,,,,,,,,,,,1499,1.5,,,,,,,,,,,,,,,49.2731618,31.4354424,
08:15:27.751,,,,,,,,,,,,,,,,,,,,56.1,,,,,,,,,,,,,,,,,,,49.2731618,31.4354424,
08:15:27.805,,,,,,,,,,,,,,,,,,,,,,145,,,,,,,,,,,8.2,,,,37.2,,49.273247,31.4354711,
08:15:27.809,,,,,,,,,,,,,,,,,,,,,,,,,,,,,,,,,,22,,,,,49.273247,31.4354711,
08:15:27.846,,,,,,,,,,,,,,,,,,,,,,,,,0.10605048614970455,0.35,0.35,93.38,5923.86,,,10,,,,,,36,49.273247,31.4354711,
08:15:27.895,,,,,,,,,,,,,,,,,,,,,,,,,,,,,,,-0.31,,,,,69,,,49.273247,31.4354711,
08:15:27.954,,,,,,,,,,48,,,,,,,,,,,,,,,,,,,,,,,,,,,,,49.273247,31.4354711,
08:15:28.001,,,,,,,,,339.1,,,,,,,,,,,,,,,,,,,,,,,,,,,,,,49.273247,31.4354711,
08:15:28.038,,,,,,,,,,,3.541,,,,,,,,,,,,,,,,,,,,,,,,,,,,49.273247,31.4354711,
08:15:28.074,,,,,,,,,,,,3.528,,,,,,,,,,,,,,,,,,,,,,,,,,,49.273247,31.4354711,
08:15:28.134,-47,,,,,,,,,,,,,,,,,,,,,,,,,,,,,,,,,,,,,,49.273247,31.4354711,
08:15:28.218,,,-1600,,,,,,,,,,,,,,,,,,,,,,,,,,,,,,,,,,,,49.273247,31.4354711,
08:15:28.303,,-47,,,,,,,,,,,,,,,,,,,,,,,,,,,,,,,,,,,,,49.273247,31.4354711,
08:15:28.351,,,,,23,,,,,,,,,,,,,,,,,,,,,,,,,,,,,,,,,,49.273247,31.4354711,
08:15:28.399,,,,,,23,,,,,,,,,,,,,,,,,,,,,,,,,,,,,,,,,49.273247,31.4354711,
08:15:28.435,,,,,,,22,,,,,,,,,,,,,,,,,,,,,,,,,,,,,,,,49.273247,31.4354711,
08:15:28.506,,,,,,,,22,,,,,,,,,,,,,,,,,,,,,,,,,,,,,,,49.273247,31.4354711,
08:15:28.542,,,,21,,,,,,,,,,,,,,,,,,,,,,,,,,,,,,,,,,,49.273247,31.4354711,
08:15:28.615,,,,,,,,,,,,,,,,,,27,,,,,,,,,,,,,,,,,,,,,49.273247,31.4354711,
08:15:28.663,,,,,,,,,,,,,,23,,,,,,,,,,,,,,,,,,,,,,,,,49.273247,31.4354711,
08:15:28.723,,,,,,,,,,,,,,,,,50,,,,,,,,,,,,,,,,,,,,,,49.273247,31.4354711,
08:15:28.771,,,,,,,,,,,,,25,,,,,,,,,,,,,,,,,,,,,,,,,,49.273247,31.4354711,
08:15:28.806,,,,,,,,,,,,,,,,,,,,,,145,,,,,,,,,,,8.4,,,,39,,49.2733409,31.4354972,
08:15:28.817,,,,,,,,,,,,,,,3200,0.19,,,,,,,,,,,,,,,,,,,,,,,49.2733409,31.4354972,
08:15:28.877,,,,,,,,,,,,,,,,,,,38,,,,,,,,,,,,,,,,,,,,49.2733409,31.4354972,
08:15:28.974,,,,,,,,,,,,,,,,,,,,,,,,,,,,,,41.2,,,,,,,,,49.2733409,31.4354972,
08:15:29.057,,,,,,,,,,,,,,,,,,,,,,,1494,1.5,,,,,,,,,,,,,,,49.2733409,31.4354972,
08:15:29.142,,,,,,,,,,,,,,,,,,,,56.1,,,,,,,,,,,,,,,,,,,49.2733409,31.4354972,
08:15:29.227,,,,,,,,,,,,,,,,,,,,,,,,,,,,,,,,,,22,,,,,49.2733409,31.4354972,
08:15:29.286,,,,,,,,,,,,,,,,,,,,,,,,,0.08463644567716805,0.37,0.37,93.4,5923.87,,,10.3,,,,,,38,49.2733409,31.4354972,
08:15:29.323,,,,,,,,,,,,,,,,,,,,,,,,,,,,,,,-0.31,,,,,69,,,49.2733409,31.4354972,
08:15:29.395,,,,,,,,,,47.5,,,,,,,,,,,,,,,,,,,,,,,,,,,,,49.2733409,31.4354972,
08:15:29.443,,,,,,,,,340.7,,,,,,,,,,,,,,,,,,,,,,,,,,,,,,49.2733409,31.4354972,
08:15:29.491,,,,,,,,,,,3.552,,,,,,,,,,,,,,,,,,,,,,,,,,,,49.2733409,31.4354972,
08:15:29.526,,,,,,,,,,,,3.535,,,,,,,,,,,,,,,,,,,,,,,,,,,49.2733409,31.4354972,
08:15:29.574,-45,,,,,,,,,,,,,,,,,,,,,,,,,,,,,,,,,,,,,,49.2733409,31.4354972,
08:15:29.611,,,-1600,,,,,,,,,,,,,,,,,,,,,,,,,,,,,,,,,,,,49.2733409,31.4354972,
08:15:29.683,,-40,,,,,,,,,,,,,,,,,,,,,,,,,,,,,,,,,,,,,49.2733409,31.4354972,
08:15:29.718,,,,,23,,,,,,,,,,,,,,,,,,,,,,,,,,,,,,,,,,49.2733409,31.4354972,
08:15:29.777,,,,,,23,,,,,,,,,,,,,,,,,,,,,,,,,,,,,,,,,49.2733409,31.4354972,
08:15:29.806,,,,,,,,,,,,,,,,,,,,,,145,,,,,,,,,,,8.6,,,,40.4,,49.2734372,31.4355265,
08:15:29.849,,,,,,,22,,,,,,,,,,,,,,,,,,,,,,,,,,,,,,,,49.2734372,31.4355265,
08:15:29.886,,,,,,,,22,,,,,,,,,,,,,,,,,,,,,,,,,,,,,,,49.2734372,31.4355265,
08:15:29.921,,,,21,,,,,,,,,,,,,,,,,,,,,,,,,,,,,,,,,,,49.2734372,31.4355265,
08:15:29.994,,,,,,,,,,,,,,,,,,27,,,,,,,,,,,,,,,,,,,,,49.2734372,31.4355265,
08:15:30.043,,,,,,,,,,,,,,23,,,,,,,,,,,,,,,,,,,,,,,,,49.2734372,31.4355265,
08:15:30.151,,,,,,,,,,,,,,,,,63,,,,,,,,,,,,,,,,,,,,,,49.2734372,31.4355265,
08:15:30.233,,,,,,,,,,,,,24,,,,,,,,,,,,,,,,,,,,,,,,,,49.2734372,31.4355265,
08:15:30.341,,,,,,,,,,,,,,,3840,0.23,,,,,,,,,,,,,,,,,,,,,,,49.2734372,31.4355265,
08:15:30.377,,,,,,,,,,,,,,,,,,,41,,,,,,,,,,,,,,,,,,,,49.2734372,31.4355265,
08:15:30.449,,,,,,,,,,,,,,,,,,,,,,,,,,,,,,41.6,,,,,,,,,49.2734372,31.4355265,
08:15:30.498,,,,,,,,,,,,,,,,,,,,,,,,,,,,,,,,,,,22,,,,49.2734372,31.4355265,
08:15:30.535,,,,,,,,,,,,,,,,,,,,,,,1503,1.5,,,,,,,,,,,,,,,49.2734372,31.4355265,
08:15:30.583,,,,,,,,,,,,,,,,,,,,56.1,,,,,,,,,,,,,,,,,,,49.2734372,31.4355265,
08:15:30.619,,,,,,,,,,,,,,,,,,,,,,,,,,,,,,,,,,22,,,,,49.2734372,31.4355265,
08:15:30.654,,,,,,,,,,,,,,,,,,,,,,,,,0.0723998511214329,0.38,0.38,93.41,5923.89,,,10.6,,,,,,41,49.2734372,31.4355265,
08:15:30.690,,,,,,,,,,,,,,,,,,,,,,,,,,,,,,,-0.31,,,,,69,,,49.2734372,31.4355265,
08:15:30.763,,,,,,,,,,47.5,,,,,,,,,,,,,,,,,,,,,,,,,,,,,49.2734372,31.4355265,
08:15:30.806,,,,,,,,,,,,,,,,,,,,,,146,,,,,,,,,,,8.8,,,,42.5,,49.2735401,31.4355497,
08:15:30.809,,,,,,,,,339.2,,,,,,,,,,,,,,,,,,,,,,,,,,,,,,49.2735401,31.4355497,
08:15:30.859,,,,,,,,,,,3.554,,,,,,,,,,,,,,,,,,,,,,,,,,,,49.2735401,31.4355497,
08:15:30.894,,,,,,,,,,,,3.544,,,,,,,,,,,,,,,,,,,,,,,,,,,49.2735401,31.4355497,
08:15:30.944,-27,,,,,,,,,,,,,,,,,,,,,,,,,,,,,,,,,,,,,,49.2735401,31.4355497,
08:15:30.990,,,-22,,,,,,,,,,,,,,,,,,,,,,,,,,,,,,,,,,,,49.2735401,31.4355497,
08:15:31.075,,-9,,,,,,,,,,,,,,,,,,,,,,,,,,,,,,,,,,,,,49.2735401,31.4355497,
08:15:31.170,,,,,23,,,,,,,,,,,,,,,,,,,,,,,,,,,,,,,,,,49.2735401,31.4355497,
08:15:31.370,,,,,,23,,,,,,,,,,,,,,,,,,,,,,,,,,,,,,,,,49.2735401,31.4355497,
08:15:31.466,,,,,,,22,,,,,,,,,,,,,,,,,,,,,,,,,,,,,,,,49.2735401,31.4355497,
08:15:31.527,,,,,,,,22,,,,,,,,,,,,,,,,,,,,,,,,,,,,,,,49.2735401,31.4355497,
08:15:31.586,,,,21,,,,,,,,,,,,,,,,,,,,,,,,,,,,,,,,,,,49.2735401,31.4355497,
08:15:31.719,,,,,,,,,,,,,,,,,,28,,,,,,,,,,,,,,,,,,,,,49.2735401,31.4355497,
08:15:31.778,,,,,,,,,,,,,,23,,,,,,,,,,,,,,,,,,,,,,,,,49.2735401,31.4355497,
08:15:31.806,,,,,,,,,,,,,,,,,,,,,,146,,,,,,,,,,,9,,,,43.6,,49.2736414,31.4355793,
08:15:31.838,,,,,,,,,,,,,,,,,-2,,,,,,,,,,,,,,,,,,,,,,49.2736414,31.4355793,
08:15:31.874,,,,,,,,,,,,,24,,,,,,,,,,,,,,,,,,,,,,,,,,49.2736414,31.4355793,
08:15:31.910,,,,,,,,,,,,,,,-192,-0.02,,,,,,,,,,,,,,,,,,,,,,,49.2736414,31.4355793,
08:15:31.934,,,,,,,,,,,,,,,,,,,42,,,,,,,,,,,,,,,,,,,,49.2736414,31.4355793,
08:15:32.090,,,,,,,,,,,,,,,,,,,,,,,,,,,,,,41.6,,,,,,,,,49.2736414,31.4355793,
08:15:32.127,,,,,,,,,,,,,,,,,,,,,,,1503,1.5,,,,,,,,,,,,,,,49.2736414,31.4355793,
08:15:32.209,,,,,,,,,,,,,,,,,,,,56.1,,,,,,,,,,,,,,,,,,,49.2736414,31.4355793,
08:15:32.258,,,,,,,,,,,,,,,,,,,,,,,,,,,,,,,,,,22,,,,,49.2736414,31.4355793,
08:15:32.295,,,,,,,,,,,,,,,,,,,,,,,,,0.050985810648896415,0.4,0.4,93.43,5923.91,,,11,,,,,,42,49.2736414,31.4355793,
08:15:32.342,,,,,,,,,,,,,,,,,,,,,,,,,,,,,,,-0.3,,,,,70,,,49.2736414,31.4355793,
08:15:32.414,,,,,,,,,,47.5,,,,,,,,,,,,,,,,,,,,,,,,,,,,,49.2736414,31.4355793,
08:15:32.451,,,,,,,,,349.4,,,,,,,,,,,,,,,,,,,,,,,,,,,,,,49.2736414,31.4355793,
08:15:32.487,,,,,,,,,,,3.64,,,,,,,,,,,,,,,,,,,,,,,,,,,,49.2736414,31.4355793,
08:15:32.547,,,,,,,,,,,,3.632,,,,,,,,,,,,,,,,,,,,,,,,,,,49.2736414,31.4355793,
08:15:32.594,23,,,,,,,,,,,,,,,,,,,,,,,,,,,,,,,,,,,,,,49.2736414,31.4355793,
08:15:32.631,,,26,,,,,,,,,,,,,,,,,,,,,,,,,,,,,,,,,,,,49.2736414,31.4355793,
08:15:32.702,,23,,,,,,,,,,,,,,,,,,,,,,,,,,,,,,,,,,,,,49.2736414,31.4355793,
08:15:32.750,,,,,23,,,,,,,,,,,,,,,,,,,,,,,,,,,,,,,,,,49.2736414,31.4355793,
08:15:32.786,,,,,,23,,,,,,,,,,,,,,,,,,,,,,,,,,,,,,,,,49.2736414,31.4355793,
08:15:32.806,,,,,,,,,,,,,,,,,,,,,,146,,,,,,,,,,,9.2,,,,42.3,,49.2737436,31.4356061,
08:15:32.834,,,,,,,22,,,,,,,,,,,,,,,,,,,,,,,,,,,,,,,,49.2737436,31.4356061,
08:15:32.871,,,,,,,,22,,,,,,,,,,,,,,,,,,,,,,,,,,,,,,,49.2737436,31.4356061,
08:15:32.905,,,,21,,,,,,,,,,,,,,,,,,,,,,,,,,,,,,,,,,,49.2737436,31.4356061,
08:15:33.003,,,,,,,,,,,,,,,,,,28,,,,,,,,,,,,,,,,,,,,,49.2737436,31.4356061,
08:15:33.087,,,,,,,,,,,,,,23,,,,,,,,,,,,,,,,,,,,,,,,,49.2737436,31.4356061,
08:15:33.158,,,,,,,,,,,,,,,,,-5,,,,,,,,,,,,,,,,,,,,,,49.2737436,31.4356061,
08:15:33.243,,,,,,,,,,,,,24,,,,,,,,,,,,,,,,,,,,,,,,,,49.2737436,31.4356061,
08:15:33.278,,,,,,,,,,,,,,,-192,-0.02,,,,,,,,,,,,,,,,,,,,,,,49.2737436,31.4356061,
08:15:33.363,,,,,,,,,,,,,,,,,,,41,,,,,,,,,,,,,,,,,,,,49.2737436,31.4356061,
08:15:33.451,,,,,,,,,,,,,,,,,,,,,,,,,,,,,,41.2,,,,,,,,,49.2737436,31.4356061,
08:15:33.498,,,,,,,,,,,,,,,,,,,,,,,,,,,,,,,,,,,22,,,,49.2737436,31.4356061,
08:15:33.547,,,,,,,,,,,,,,,,,,,,,,,1492,1.5,,,,,,,,,,,,,,,49.2737436,31.4356061,
08:15:33.583,,,,,,,,,,,,,,,,,,,,56.1,,,,,,,,,,,,,,,,,,,49.2737436,31.4356061,
08:15:33.642,,,,,,,,,,,,,,,,,,,,,,,,,,,,,,,,,,22,,,,,49.2737436,31.4356061,
08:15:33.678,,,,,,,,,,,,,,,,,,,,,,,,,,0.42,0.42,93.45,5923.92,,,11.3,,,,,,40,49.2737436,31.4356061,
08:15:33.726,,,,,,,,,,,,,,,,,,,,,,,,,,,,,,,-0.32,,,,,68,,,49.2737436,31.4356061,
08:15:33.785,,,,,,,,,,47.5,,,,,,,,,,,,,,,,,,,,,,,,,,,,,49.2737436,31.4356061,
08:15:33.797,,,,,,,,,,,,,,,,,,,,,,146,,,,,,,,,,,9.4,,,,40.4,,49.2738444,31.4356302,
08:15:33.849,,,,,,,,,347.1,,,,,,,,,,,,,,,,,,,,,,,,,,,,,,49.2738444,31.4356302,
08:15:33.934,,,,,,,,,,,3.63,,,,,,,,,,,,,,,,,,,,,,,,,,,,49.2738444,31.4356302,
08:15:34.041,,,,,,,,,,,,3.612,,,,,,,,,,,,,,,,,,,,,,,,,,,49.2738444,31.4356302,
08:15:34.127,3,,,,,,,,,,,,,,,,,,,,,,,,,,,,,,,,,,,,,,49.2738444,31.4356302,
08:15:34.174,,,-2,,,,,,,,,,,,,,,,,,,,,,,,,,,,,,,,,,,,49.2738444,31.4356302,
08:15:34.209,,0,,,,,,,,,,,,,,,,,,,,,,,,,,,,,,,,,,,,,49.2738444,31.4356302,
08:15:34.246,,,,,23,,,,,,,,,,,,,,,,,,,,,,,,,,,,,,,,,,49.2738444,31.4356302,
08:15:34.282,,,,,,23,,,,,,,,,,,,,,,,,,,,,,,,,,,,,,,,,49.2738444,31.4356302,
08:15:34.331,,,,,,,22,,,,,,,,,,,,,,,,,,,,,,,,,,,,,,,,49.2738444,31.4356302,
08:15:34.378,,,,,,,,22,,,,,,,,,,,,,,,,,,,,,,,,,,,,,,,49.2738444,31.4356302,
08:15:34.427,,,,21,,,,,,,,,,,,,,,,,,,,,,,,,,,,,,,,,,,49.2738444,31.4356302,
08:15:34.487,,,,,,,,,,,,,,,,,,28,,,,,,,,,,,,,,,,,,,,,49.2738444,31.4356302,
08:15:34.523,,,,,,,,,,,,,,23,,,,,,,,,,,,,,,,,,,,,,,,,49.2738444,31.4356302,
08:15:34.558,,,,,,,,,,,,,,,,,19,,,,,,,,,,,,,,,,,,,,,,49.2738444,31.4356302,
08:15:34.595,,,,,,,,,,,,,24,,,,,,,,,,,,,,,,,,,,,,,,,,49.2738444,31.4356302,
08:15:34.641,,,,,,,,,,,,,,,1024,0.06,,,,,,,,,,,,,,,,,,,,,,,49.2738444,31.4356302,
08:15:34.689,,,,,,,,,,,,,,,,,,,40,,,,,,,,,,,,,,,,,,,,49.2738444,31.4356302,
08:15:34.750,,,,,,,,,,,,,,,,,,,,,,,,,,,,,,41.2,,,,,,,,,49.2738444,31.4356302,
08:15:34.800,,,,,,,,,,,,,,,,,,,,,,,1507,1.5,,,,,,,,,,,,,,,49.2738444,31.4356302,
08:15:34.807,,,,,,,,,,,,,,,,,,,,,,146,,,,,,,,,,,9.6,,,,40.4,,49.2739423,31.4356505,
08:15:34.838,,,,,,,,,,,,,,,,,,,,55.7,,,,,,,,,,,,,,,,,,,49.2739423,31.4356505,
08:15:34.898,,,,,,,,,,,,,,,,,,,,,,,,,,,,,,,,,,22,,,,,49.2739423,31.4356505,
08:15:34.982,,,,,,,,,,,,,,,,,,,,,,,,,,0.43,0.43,93.46,5923.94,,,11.6,,,,,,40,49.2739423,31.4356505,
08:15:35.055,,,,,,,,,,,,,,,,,,,,,,,,,,,,,,,-0.31,,,,,69,,,49.2739423,31.4356505,
08:15:35.199,,,,,,,,,,47.5,,,,,,,,,,,,,,,,,,,,,,,,,,,,,49.2739423,31.4356505,
08:15:35.235,,,,,,,,,347,,,,,,,,,,,,,,,,,,,,,,,,,,,,,,49.2739423,31.4356505,
08:15:35.269,,,,,,,,,,,3.609,,,,,,,,,,,,,,,,,,,,,,,,,,,,49.2739423,31.4356505,
08:15:35.306,,,,,,,,,,,,3.596,,,,,,,,,,,,,,,,,,,,,,,,,,,49.2739423,31.4356505,
08:15:35.342,-8,,,,,,,,,,,,,,,,,,,,,,,,,,,,,,,,,,,,,,49.2739423,31.4356505,
08:15:35.391,,,-14,,,,,,,,,,,,,,,,,,,,,,,,,,,,,,,,,,,,49.2739423,31.4356505,
08:15:35.426,,-14,,,,,,,,,,,,,,,,,,,,,,,,,,,,,,,,,,,,,49.2739423,31.4356505,
08:15:35.463,,,,,23,,,,,,,,,,,,,,,,,,,,,,,,,,,,,,,,,,49.2739423,31.4356505,
08:15:35.498,,,,,,23,,,,,,,,,,,,,,,,,,,,,,,,,,,,,,,,,49.2739423,31.4356505,
08:15:35.547,,,,,,,22,,,,,,,,,,,,,,,,,,,,,,,,,,,,,,,,49.2739423,31.4356505,
08:15:35.591,,,,,,,,22,,,,,,,,,,,,,,,,,,,,,,,,,,,,,,,49.2739423,31.4356505,
08:15:35.652,,,,21,,,,,,,,,,,,,,,,,,,,,,,,,,,,,,,,,,,49.2739423,31.4356505,
08:15:35.758,,,,,,,,,,,,,,,,,,28,,,,,,,,,,,,,,,,,,,,,49.2739423,31.4356505,
08:15:35.797,,,,,,,,,,,,,,,,,,,,,,146,,,,,,,,,,,9.8,,,,41.1,,49.2740402,31.4356663,
08:15:35.843,,,,,,,,,,,,,,23,,,,,,,,,,,,,,,,,,,,,,,,,49.2740402,31.4356663,
08:15:35.974,,,,,,,,,,,,,,,,,24,,,,,,,,,,,,,,,,,,,,,,49.2740402,31.4356663,
08:15:36.009,,,,,,,,,,,,,24,,,,,,,,,,,,,,,,,,,,,,,,,,49.2740402,31.4356663,
08:15:36.058,,,,,,,,,,,,,,,1440,0.08,,,,,,,,,,,,,,,,,,,,,,,49.2740402,31.4356663,
08:15:36.106,,,,,,,,,,,,,,,,,,,41,,,,,,,,,,,,,,,,,,,,49.2740402,31.4356663,
08:15:36.215,,,,,,,,,,,,,,,,,,,,,,,,,,,,,,41.2,,,,,,,,,49.2740402,31.4356663,
08:15:36.263,,,,,,,,,,,,,,,,,,,,,,,,,,,,,,,,,,,23,,,,49.2740402,31.4356663,
08:15:36.311,,,,,,,,,,,,,,,,,,,,,,,1496,1.5,,,,,,,,,,,,,,,49.2740402,31.4356663,
08:15:36.346,,,,,,,,,,,,,,,,,,,,56.1,,,,,,,,,,,,,,,,,,,49.2740402,31.4356663,
08:15:36.394,,,,,,,,,,,,,,,,,,,,,,,,,,,,,,,,,,22,,,,,49.2740402,31.4356663,
08:15:36.431,,,,,,,,,,,,,,,,,,,,,,,,,-0.005098581064889642,0.45,0.45,93.48,5923.96,,,11.9,,,,,,40,49.2740402,31.4356663,
08:15:36.490,,,,,,,,,,,,,,,,,,,,,,,,,,,,,,,-0.31,,,,,69,,,49.2740402,31.4356663,
08:15:36.621,,,,,,,,,,47.5,,,,,,,,,,,,,,,,,,,,,,,,,,,,,49.2740402,31.4356663,
08:15:36.695,,,,,,,,,345.8,,,,,,,,,,,,,,,,,,,,,,,,,,,,,,49.2740402,31.4356663,
08:15:36.805,,,,,,,,,,,,,,,,,,,,,,146,,,,,,,,,,,10,,,,41.7,,49.2741466,31.4356735,
08:15:36.863,,,,,,,,,,,3.604,,,,,,,,,,,,,,,,,,,,,,,,,,,,49.2741466,31.4356735,
08:15:36.935,,,,,,,,,,,,3.592,,,,,,,,,,,,,,,,,,,,,,,,,,,49.2741466,31.4356735,
08:15:36.971,-14,,,,,,,,,,,,,,,,,,,,,,,,,,,,,,,,,,,,,,49.2741466,31.4356735,
08:15:37.030,,,-15,,,,,,,,,,,,,,,,,,,,,,,,,,,,,,,,,,,,49.2741466,31.4356735,
08:15:37.067,,-12,,,,,,,,,,,,,,,,,,,,,,,,,,,,,,,,,,,,,49.2741466,31.4356735,
08:15:37.115,,,,,23,,,,,,,,,,,,,,,,,,,,,,,,,,,,,,,,,,49.2741466,31.4356735,
08:15:37.151,,,,,,23,,,,,,,,,,,,,,,,,,,,,,,,,,,,,,,,,49.2741466,31.4356735,
08:15:37.210,,,,,,,22,,,,,,,,,,,,,,,,,,,,,,,,,,,,,,,,49.2741466,31.4356735,
08:15:37.270,,,,,,,,22,,,,,,,,,,,,,,,,,,,,,,,,,,,,,,,49.2741466,31.4356735,
08:15:37.307,,,,21,,,,,,,,,,,,,,,,,,,,,,,,,,,,,,,,,,,49.2741466,31.4356735,
08:15:37.379,,,,,,,,,,,,,,,,,,29,,,,,,,,,,,,,,,,,,,,,49.2741466,31.4356735,
08:15:37.439,,,,,,,,,,,,,,23,,,,,,,,,,,,,,,,,,,,,,,,,49.2741466,31.4356735,
08:15:37.487,,,,,,,,,,,,,,,,,24,,,,,,,,,,,,,,,,,,,,,,49.2741466,31.4356735,
08:15:37.521,,,,,,,,,,,,,24,,,,,,,,,,,,,,,,,,,,,,,,,,49.2741466,31.4356735,
08:15:37.571,,,,,,,,,,,,,,,1568,0.09,,,,,,,,,,,,,,,,,,,,,,,49.2741466,31.4356735,
08:15:37.631,,,,,,,,,,,,,,,,,,,41,,,,,,,,,,,,,,,,,,,,49.2741466,31.4356735,
08:15:37.761,,,,,,,,,,,,,,,,,,,,,,,,,,,,,,41.2,,,,,,,,,49.2741466,31.4356735,
08:15:37.804,,,,,,,,,,,,,,,,,,,,,,146,,,,,,,,,,,10.2,,,,42,,49.274253,31.4356622,
08:15:37.846,,,,,,,,,,,,,,,,,,,,,,,1502,1.5,,,,,,,,,,,,,,,49.274253,31.4356622,
08:15:37.919,,,,,,,,,,,,,,,,,,,,55.7,,,,,,,,,,,,,,,,,,,49.274253,31.4356622,
08:15:38.030,,,,,,,,,,,,,,,,,,,,,,,,,,,,,,,,,,22,,,,,49.274253,31.4356622,
08:15:38.066,,,,,,,,,,,,,,,,,,,,,,,,,,0.47,0.47,93.5,5923.97,,,12.3,,,,,,41,49.274253,31.4356622,
08:15:38.114,,,,,,,,,,,,,,,,,,,,,,,,,,,,,,,-0.3,,,,,70,,,49.274253,31.4356622,
08:15:38.210,,,,,,,,,,47,,,,,,,,,,,,,,,,,,,,,,,,,,,,,49.274253,31.4356622,
08:15:38.258,,,,,,,,,344.7,,,,,,,,,,,,,,,,,,,,,,,,,,,,,,49.274253,31.4356622,
08:15:38.294,,,,,,,,,,,3.595,,,,,,,,,,,,,,,,,,,,,,,,,,,,49.274253,31.4356622,
08:15:38.330,,,,,,,,,,,,3.585,,,,,,,,,,,,,,,,,,,,,,,,,,,49.274253,31.4356622,
08:15:38.378,-23,,,,,,,,,,,,,,,,,,,,,,,,,,,,,,,,,,,,,,49.274253,31.4356622,
08:15:38.427,,,-24,,,,,,,,,,,,,,,,,,,,,,,,,,,,,,,,,,,,49.274253,31.4356622,
08:15:38.462,,-26,,,,,,,,,,,,,,,,,,,,,,,,,,,,,,,,,,,,,49.274253,31.4356622,
08:15:38.498,,,,,23,,,,,,,,,,,,,,,,,,,,,,,,,,,,,,,,,,49.274253,31.4356622,
08:15:38.547,,,,,,23,,,,,,,,,,,,,,,,,,,,,,,,,,,,,,,,,49.274253,31.4356622,
08:15:38.583,,,,,,,22,,,,,,,,,,,,,,,,,,,,,,,,,,,,,,,,49.274253,31.4356622,
08:15:38.630,,,,,,,,22,,,,,,,,,,,,,,,,,,,,,,,,,,,,,,,49.274253,31.4356622,
08:15:38.666,,,,21,,,,,,,,,,,,,,,,,,,,,,,,,,,,,,,,,,,49.274253,31.4356622,
08:15:38.804,,,,,,,,,,,,,,,,,,,,,,146,,,,,,,,,,,10.4,,,,42.4,,49.2743578,31.4356487,
08:15:38.810,,,,,,,,,,,,,,,,,,29,,,,,,,,,,,,,,,,,,,,,49.2743578,31.4356487,
08:15:38.859,,,,,,,,,,,,,,23,,,,,,,,,,,,,,,,,,,,,,,,,49.2743578,31.4356487,
08:15:39.003,,,,,,,,,,,,,,,,,52,,,,,,,,,,,,,,,,,,,,,,49.2743578,31.4356487,
08:15:39.063,,,,,,,,,,,,,24,,,,,,,,,,,,,,,,,,,,,,,,,,49.2743578,31.4356487,
08:15:39.110,,,,,,,,,,,,,,,3488,0.2,,,,,,,,,,,,,,,,,,,,,,,49.2743578,31.4356487,
08:15:39.159,,,,,,,,,,,,,,,,,,,43,,,,,,,,,,,,,,,,,,,,49.2743578,31.4356487,
08:15:39.267,,,,,,,,,,,,,,,,,,,,,,,,,,,,,,41.2,,,,,,,,,49.2743578,31.4356487,
08:15:39.303,,,,,,,,,,,,,,,,,,,,,,,,,,,,,,,,,,,24,,,,49.2743578,31.4356487,
08:15:39.350,,,,,,,,,,,,,,,,,,,,,,,1500,1.5,,,,,,,,,,,,,,,49.2743578,31.4356487,
08:15:39.386,,,,,,,,,,,,,,,,,,,,56.1,,,,,,,,,,,,,,,,,,,49.2743578,31.4356487,
08:15:39.434,,,,,,,,,,,,,,,,,,,,,,,,,,,,,,,,,,22,,,,,49.2743578,31.4356487,
08:15:39.481,,,,,,,,,,,,,,,,,,,,,,,,,0.010197162129779284,0.48,0.48,93.51,5923.99,,,12.6,,,,,,42,49.2743578,31.4356487,
08:15:39.518,,,,,,,,,,,,,,,,,,,,,,,,,,,,,,,-0.3,,,,,70,,,49.2743578,31.4356487,
08:15:39.590,,,,,,,,,,47,,,,,,,,,,,,,,,,,,,,,,,,,,,,,49.2743578,31.4356487,
08:15:39.662,,,,,,,,,342.3,,,,,,,,,,,,,,,,,,,,,,,,,,,,,,49.2743578,31.4356487,
08:15:39.803,,,,,,,,,,,,,,,,,,,,,,146,,,,,,,,,,,10.6,,,,43.7,,49.2744652,31.4356172,
08:15:39.830,,,,,,,,,,,3.568,,,,,,,,,,,,,,,,,,,,,,,,,,,,49.2744652,31.4356172,
08:15:39.879,,,,,,,,,,,,3.557,,,,,,,,,,,,,,,,,,,,,,,,,,,49.2744652,31.4356172,
08:15:39.926,-37,,,,,,,,,,,,,,,,,,,,,,,,,,,,,,,,,,,,,,49.2744652,31.4356172,
08:15:39.961,,,-1600,,,,,,,,,,,,,,,,,,,,,,,,,,,,,,,,,,,,49.2744652,31.4356172,
08:15:40.034,,-27,,,,,,,,,,,,,,,,,,,,,,,,,,,,,,,,,,,,,49.2744652,31.4356172,
08:15:40.070,,,,,23,,,,,,,,,,,,,,,,,,,,,,,,,,,,,,,,,,49.2744652,31.4356172,
08:15:40.142,,,,,,23,,,,,,,,,,,,,,,,,,,,,,,,,,,,,,,,,49.2744652,31.4356172,
08:15:40.190,,,,,,,22,,,,,,,,,,,,,,,,,,,,,,,,,,,,,,,,49.2744652,31.4356172,
08:15:40.226,,,,,,,,22,,,,,,,,,,,,,,,,,,,,,,,,,,,,,,,49.2744652,31.4356172,
08:15:40.286,,,,21,,,,,,,,,,,,,,,,,,,,,,,,,,,,,,,,,,,49.2744652,31.4356172,
08:15:40.382,,,,,,,,,,,,,,,,,,29,,,,,,,,,,,,,,,,,,,,,49.2744652,31.4356172,
08:15:40.417,,,,,,,,,,,,,,23,,,,,,,,,,,,,,,,,,,,,,,,,49.2744652,31.4356172,
08:15:40.454,,,,,,,,,,,,,,,,,36,,,,,,,,,,,,,,,,,,,,,,49.2744652,31.4356172,
08:15:40.489,,,,,,,,,,,,,24,,,,,,,,,,,,,,,,,,,,,,,,,,49.2744652,31.4356172,
08:15:40.587,,,,,,,,,,,,,,,2208,0.12,,,,,,,,,,,,,,,,,,,,,,,49.2744652,31.4356172,
08:15:40.658,,,,,,,,,,,,,,,,,,,44,,,,,,,,,,,,,,,,,,,,49.2744652,31.4356172,
08:15:40.806,,,,,,,,,,,,,,,,,,,,,,146,,,,,,,,,,,10.8,,,,44.4,,49.2745735,31.4355878,
08:15:40.826,,,,,,,,,,,,,,,,,,,,,,,,,,,,,,41.6,,,,,,,,,49.2745735,31.4355878,
08:15:40.875,,,,,,,,,,,,,,,,,,,,,,,1507,1.5,,,,,,,,,,,,,,,49.2745735,31.4355878,
08:15:40.935,,,,,,,,,,,,,,,,,,,,56.1,,,,,,,,,,,,,,,,,,,49.2745735,31.4355878,
08:15:40.982,,,,,,,,,,,,,,,,,,,,,,,,,,,,,,,,,,22,,,,,49.2745735,31.4355878,
08:15:41.066,,,,,,,,,,,,,,,,,,,,,,,,,0.014276026981690998,0.5,0.5,93.53,5924.01,,,12.9,,,,,,43,49.2745735,31.4355878,
08:15:41.101,,,,,,,,,,,,,,,,,,,,,,,,,,,,,,,-0.3,,,,,70,,,49.2745735,31.4355878,
08:15:41.174,,,,,,,,,,47,,,,,,,,,,,,,,,,,,,,,,,,,,,,,49.2745735,31.4355878,
08:15:41.210,,,,,,,,,349.4,,,,,,,,,,,,,,,,,,,,,,,,,,,,,,49.2745735,31.4355878,
08:15:41.258,,,,,,,,,,,3.652,,,,,,,,,,,,,,,,,,,,,,,,,,,,49.2745735,31.4355878,
08:15:41.306,,,,,,,,,,,,3.645,,,,,,,,,,,,,,,,,,,,,,,,,,,49.2745735,31.4355878,
08:15:41.355,30,,,,,,,,,,,,,,,,,,,,,,,,,,,,,,,,,,,,,,49.2745735,31.4355878,
08:15:41.391,,,28,,,,,,,,,,,,,,,,,,,,,,,,,,,,,,,,,,,,49.2745735,31.4355878,
08:15:41.438,,25,,,,,,,,,,,,,,,,,,,,,,,,,,,,,,,,,,,,,49.2745735,31.4355878,
08:15:41.474,,,,,23,,,,,,,,,,,,,,,,,,,,,,,,,,,,,,,,,,49.2745735,31.4355878,
08:15:41.619,,,,,,23,,,,,,,,,,,,,,,,,,,,,,,,,,,,,,,,,49.2745735,31.4355878,
08:15:41.726,,,,,,,22,,,,,,,,,,,,,,,,,,,,,,,,,,,,,,,,49.2745735,31.4355878,
08:15:41.787,,,,,,,,22,,,,,,,,,,,,,,,,,,,,,,,,,,,,,,,49.2745735,31.4355878,
08:15:41.799,,,,,,,,,,,,,,,,,,,,,,146,,,,,,,,,,,10.9,,,,41.8,,49.274678,31.4355614,
08:15:41.847,,,,21,,,,,,,,,,,,,,,,,,,,,,,,,,,,,,,,,,,49.274678,31.4355614,
08:15:41.918,,,,,,,,,,,,,,,,,,29,,,,,,,,,,,,,,,,,,,,,49.274678,31.4355614,
08:15:41.954,,,,,,,,,,,,,,23,,,,,,,,,,,,,,,,,,,,,,,,,49.274678,31.4355614,
08:15:42.002,,,,,,,,,,,,,,,,,-18,,,,,,,,,,,,,,,,,,,,,,49.274678,31.4355614,
08:15:42.039,,,,,,,,,,,,,24,,,,,,,,,,,,,,,,,,,,,,,,,,49.274678,31.4355614,
08:15:42.063,,,,,,,,,,,,,,,-992,-0.06,,,,,,,,,,,,,,,,,,,,,,,49.274678,31.4355614,
08:15:42.098,,,,,,,,,,,,,,,,,,,40,,,,,,,,,,,,,,,,,,,,49.274678,31.4355614,
08:15:42.171,,,,,,,,,,,,,,,,,,,,,,,,,,,,,,41.6,,,,,,,,,49.274678,31.4355614,
08:15:42.218,,,,,,,,,,,,,,,,,,,,,,,,,,,,,,,,,,,25,,,,49.274678,31.4355614,
08:15:42.255,,,,,,,,,,,,,,,,,,,,,,,1499,1.5,,,,,,,,,,,,,,,49.274678,31.4355614,
08:15:42.351,,,,,,,,,,,,,,,,,,,,55.7,,,,,,,,,,,,,,,,,,,49.274678,31.4355614,
08:15:42.411,,,,,,,,,,,,,,,,,,,,,,,,,,,,,,,,,,22,,,,,49.274678,31.4355614,
08:15:42.457,,,,,,,,,,,,,,,,,,,,,,,,,,0.52,0.52,93.55,5924.02,,,13.2,,,,,,40,49.274678,31.4355614,
08:15:42.542,,,,,,,,,,,,,,,,,,,,,,,,,,,,,,,-0.3,,,,,70,,,49.274678,31.4355614,
08:15:42.711,,,,,,,,,,47,,,,,,,,,,,,,,,,,,,,,,,,,,,,,49.274678,31.4355614,
08:15:42.746,,,,,,,,,347.3,,,,,,,,,,,,,,,,,,,,,,,,,,,,,,49.274678,31.4355614,
08:15:42.795,,,,,,,,,,,3.618,,,,,,,,,,,,,,,,,,,,,,,,,,,,49.274678,31.4355614,
08:15:42.803,,,,,,,,,,,,,,,,,,,,,,146,,,,,,,,,,,11.1,,,,38.7,,49.2747759,31.4355384,
08:15:42.842,,,,,,,,,,,,3.599,,,,,,,,,,,,,,,,,,,,,,,,,,,49.2747759,31.4355384,
08:15:42.878,-17,,,,,,,,,,,,,,,,,,,,,,,,,,,,,,,,,,,,,,49.2747759,31.4355384,
08:15:42.913,,,-16,,,,,,,,,,,,,,,,,,,,,,,,,,,,,,,,,,,,49.2747759,31.4355384,
08:15:42.950,,-18,,,,,,,,,,,,,,,,,,,,,,,,,,,,,,,,,,,,,49.2747759,31.4355384,
08:15:42.987,,,,,23,,,,,,,,,,,,,,,,,,,,,,,,,,,,,,,,,,49.2747759,31.4355384,
08:15:43.033,,,,,,23,,,,,,,,,,,,,,,,,,,,,,,,,,,,,,,,,49.2747759,31.4355384,
08:15:43.069,,,,,,,22,,,,,,,,,,,,,,,,,,,,,,,,,,,,,,,,49.2747759,31.4355384,
08:15:43.106,,,,,,,,22,,,,,,,,,,,,,,,,,,,,,,,,,,,,,,,49.2747759,31.4355384,
08:15:43.142,,,,21,,,,,,,,,,,,,,,,,,,,,,,,,,,,,,,,,,,49.2747759,31.4355384,
08:15:43.214,,,,,,,,,,,,,,,,,,29,,,,,,,,,,,,,,,,,,,,,49.2747759,31.4355384,
08:15:43.262,,,,,,,,,,,,,,23,,,,,,,,,,,,,,,,,,,,,,,,,49.2747759,31.4355384,
08:15:43.299,,,,,,,,,,,,,,,,,42,,,,,,,,,,,,,,,,,,,,,,49.2747759,31.4355384,
08:15:43.358,,,,,,,,,,,,,24,,,,,,,,,,,,,,,,,,,,,,,,,,49.2747759,31.4355384,
08:15:43.393,,,,,,,,,,,,,,,2656,0.16,,,,,,,,,,,,,,,,,,,,,,,49.2747759,31.4355384,
08:15:43.453,,,,,,,,,,,,,,,,,,,39,,,,,,,,,,,,,,,,,,,,49.2747759,31.4355384,
08:15:43.674,,,,,,,,,,,,,,,,,,,,,,,,,,,,,,41.2,,,,,,,,,49.2747759,31.4355384,
08:15:43.721,,,,,,,,,,,,,,,,,,,,,,,1497,1.5,,,,,,,,,,,,,,,49.2747759,31.4355384,
08:15:43.772,,,,,,,,,,,,,,,,,,,,56.1,,,,,,,,,,,,,,,,,,,49.2747759,31.4355384,
08:15:43.799,,,,,,,,,,,,,,,,,,,,,,146,,,,,,,,,,,11.3,,,,38.1,,49.2748675,31.4355241,
08:15:43.835,,,,,,,,,,,,,,,,,,,,,,,,,,,,,,,,,,22,,,,,49.2748675,31.4355241,
08:15:43.895,,,,,,,,,,,,,,,,,,,,,,,,,,0.53,0.53,93.56,5924.04,,,13.4,,,,,,38,49.2748675,31.4355241,
08:15:43.943,,,,,,,,,,,,,,,,,,,,,,,,,,,,,,,-0.3,,,,,70,,,49.2748675,31.4355241,
08:15:44.038,,,,,,,,,,47,,,,,,,,,,,,,,,,,,,,,,,,,,,,,49.2748675,31.4355241,
08:15:44.134,,,,,,,,,342,,,,,,,,,,,,,,,,,,,,,,,,,,,,,,49.2748675,31.4355241,
08:15:44.183,,,,,,,,,,,3.578,,,,,,,,,,,,,,,,,,,,,,,,,,,,49.2748675,31.4355241,
08:15:44.219,,,,,,,,,,,,3.571,,,,,,,,,,,,,,,,,,,,,,,,,,,49.2748675,31.4355241,
08:15:44.254,-31,,,,,,,,,,,,,,,,,,,,,,,,,,,,,,,,,,,,,,49.2748675,31.4355241,
08:15:44.326,,,-1600,,,,,,,,,,,,,,,,,,,,,,,,,,,,,,,,,,,,49.2748675,31.4355241,
08:15:44.362,,-38,,,,,,,,,,,,,,,,,,,,,,,,,,,,,,,,,,,,,49.2748675,31.4355241,
08:15:44.400,,,,,23,,,,,,,,,,,,,,,,,,,,,,,,,,,,,,,,,,49.2748675,31.4355241,
08:15:44.447,,,,,,23,,,,,,,,,,,,,,,,,,,,,,,,,,,,,,,,,49.2748675,31.4355241,
08:15:44.530,,,,,,,22,,,,,,,,,,,,,,,,,,,,,,,,,,,,,,,,49.2748675,31.4355241,
08:15:44.639,,,,,,,,22,,,,,,,,,,,,,,,,,,,,,,,,,,,,,,,49.2748675,31.4355241,
08:15:44.711,,,,21,,,,,,,,,,,,,,,,,,,,,,,,,,,,,,,,,,,49.2748675,31.4355241,
08:15:44.805,,,,,,,,,,,,,,,,,,,,,,146,,,,,,,,,,,11.4,,,,38.7,,49.2749666,31.4355259,
08:15:44.830,,,,,,,,,,,,,,,,,,29,,,,,,,,,,,,,,,,,,,,,49.2749666,31.4355259,
08:15:44.867,,,,,,,,,,,,,,23,,,,,,,,,,,,,,,,,,,,,,,,,49.2749666,31.4355259,
08:15:44.901,,,,,,,,,,,,,,,,,58,,,,,,,,,,,,,,,,,,,,,,49.2749666,31.4355259,
08:15:44.937,,,,,,,,,,,,,23,,,,,,,,,,,,,,,,,,,,,,,,,,49.2749666,31.4355259,
08:15:44.986,,,,,,,,,,,,,,,3680,0.22,,,,,,,,,,,,,,,,,,,,,,,49.2749666,31.4355259,
08:15:45.023,,,,,,,,,,,,,,,,,,,39,,,,,,,,,,,,,,,,,,,,49.2749666,31.4355259,
08:15:45.095,,,,,,,,,,,,,,,,,,,,,,,,,,,,,,41.2,,,,,,,,,49.2749666,31.4355259,
08:15:45.154,,,,,,,,,,,,,,,,,,,,,,,,,,,,,,,,,,,26,,,,49.2749666,31.4355259,
08:15:45.202,,,,,,,,,,,,,,,,,,,,,,,1496,1.5,,,,,,,,,,,,,,,49.2749666,31.4355259,
08:15:45.262,,,,,,,,,,,,,,,,,,,,56.1,,,,,,,,,,,,,,,,,,,49.2749666,31.4355259,
08:15:45.358,,,,,,,,,,,,,,,,,,,,,,,,,,,,,,,,,,22,,,,,49.2749666,31.4355259,
08:15:45.455,,,,,,,,,,,,,,,,,,,,,,,,,,0.55,0.55,93.58,5924.06,,,13.7,,,,,,39,49.2749666,31.4355259,
08:15:45.526,,,,,,,,,,,,,,,,,,,,,,,,,,,,,,,-0.3,,,,,70,,,49.2749666,31.4355259,
08:15:45.631,,,,,,,,,,46.5,,,,,,,,,,,,,,,,,,,,,,,,,,,,,49.2749666,31.4355259,
08:15:45.671,,,,,,,,,341.8,,,,,,,,,,,,,,,,,,,,,,,,,,,,,,49.2749666,31.4355259,
08:15:45.707,,,,,,,,,,,3.546,,,,,,,,,,,,,,,,,,,,,,,,,,,,49.2749666,31.4355259,
08:15:45.742,,,,,,,,,,,,3.534,,,,,,,,,,,,,,,,,,,,,,,,,,,49.2749666,31.4355259,
08:15:45.779,-46,,,,,,,,,,,,,,,,,,,,,,,,,,,,,,,,,,,,,,49.2749666,31.4355259,
08:15:45.800,,,,,,,,,,,,,,,,,,,,,,147,,,,,,,,,,,11.6,,,,40.5,,49.2750675,31.4355377,
08:15:45.814,,,-1600,,,,,,,,,,,,,,,,,,,,,,,,,,,,,,,,,,,,49.2750675,31.4355377,
08:15:45.850,,-50,,,,,,,,,,,,,,,,,,,,,,,,,,,,,,,,,,,,,49.2750675,31.4355377,
08:15:45.898,,,,,23,,,,,,,,,,,,,,,,,,,,,,,,,,,,,,,,,,49.2750675,31.4355377,
08:15:45.947,,,,,,23,,,,,,,,,,,,,,,,,,,,,,,,,,,,,,,,,49.2750675,31.4355377,
08:15:45.983,,,,,,,22,,,,,,,,,,,,,,,,,,,,,,,,,,,,,,,,49.2750675,31.4355377,
08:15:46.018,,,,,,,,22,,,,,,,,,,,,,,,,,,,,,,,,,,,,,,,49.2750675,31.4355377,
08:15:46.055,,,,21,,,,,,,,,,,,,,,,,,,,,,,,,,,,,,,,,,,49.2750675,31.4355377,
08:15:46.138,,,,,,,,,,,,,,,,,,29,,,,,,,,,,,,,,,,,,,,,49.2750675,31.4355377,
08:15:46.174,,,,,,,,,,,,,,23,,,,,,,,,,,,,,,,,,,,,,,,,49.2750675,31.4355377,
08:15:46.222,,,,,,,,,,,,,,,,,66,,,,,,,,,,,,,,,,,,,,,,49.2750675,31.4355377,
08:15:46.270,,,,,,,,,,,,,23,,,,,,,,,,,,,,,,,,,,,,,,,,49.2750675,31.4355377,
08:15:46.311,,,,,,,,,,,,,,,4256,0.25,,,,,,,,,,,,,,,,,,,,,,,49.2750675,31.4355377,
08:15:46.345,,,,,,,,,,,,,,,,,,,41,,,,,,,,,,,,,,,,,,,,49.2750675,31.4355377,
08:15:46.482,,,,,,,,,,,,,,,,,,,,,,,,,,,,,,41.2,,,,,,,,,49.2750675,31.4355377,
08:15:46.568,,,,,,,,,,,,,,,,,,,,,,,1509,1.5,,,,,,,,,,,,,,,49.2750675,31.4355377,
08:15:46.667,,,,,,,,,,,,,,,,,,,,55.7,,,,,,,,,,,,,,,,,,,49.2750675,31.4355377,
08:15:46.702,,,,,,,,,,,,,,,,,,,,,,,,,,,,,,,,,,22,,,,,49.2750675,31.4355377,
08:15:46.737,,,,,,,,,,,,,,,,,,,,,,,,,,0.57,0.57,93.59,5924.07,,,13.9,,,,,,40,49.2750675,31.4355377,
08:15:46.774,,,,,,,,,,,,,,,,,,,,,,,,,,,,,,,-0.3,,,,,70,,,49.2750675,31.4355377,
08:15:46.808,,,,,,,,,,,,,,,,,,,,,,147,,,,,,,,,,,11.8,,,,41.5,,49.2751705,31.4355583,
08:15:46.908,,,,,,,,,,46,,,,,,,,,,,,,,,,,,,,,,,,,,,,,49.2751705,31.4355583,
08:15:46.954,,,,,,,,,339.7,,,,,,,,,,,,,,,,,,,,,,,,,,,,,,49.2751705,31.4355583,
08:15:47.002,,,,,,,,,,,3.538,,,,,,,,,,,,,,,,,,,,,,,,,,,,49.2751705,31.4355583,
08:15:47.062,,,,,,,,,,,,3.529,,,,,,,,,,,,,,,,,,,,,,,,,,,49.2751705,31.4355583,
08:15:47.110,-49,,,,,,,,,,,,,,,,,,,,,,,,,,,,,,,,,,,,,,49.2751705,31.4355583,
08:15:47.146,,,-1600,,,,,,,,,,,,,,,,,,,,,,,,,,,,,,,,,,,,49.2751705,31.4355583,
08:15:47.194,,-50,,,,,,,,,,,,,,,,,,,,,,,,,,,,,,,,,,,,,49.2751705,31.4355583,
08:15:47.230,,,,,23,,,,,,,,,,,,,,,,,,,,,,,,,,,,,,,,,,49.2751705,31.4355583,
08:15:47.278,,,,,,23,,,,,,,,,,,,,,,,,,,,,,,,,,,,,,,,,49.2751705,31.4355583,
08:15:47.326,,,,,,,22,,,,,,,,,,,,,,,,,,,,,,,,,,,,,,,,49.2751705,31.4355583,
08:15:47.387,,,,,,,,22,,,,,,,,,,,,,,,,,,,,,,,,,,,,,,,49.2751705,31.4355583,
08:15:47.481,,,,21,,,,,,,,,,,,,,,,,,,,,,,,,,,,,,,,,,,49.2751705,31.4355583,
08:15:47.614,,,,,,,,,,,,,,,,,,29,,,,,,,,,,,,,,,,,,,,,49.2751705,31.4355583,
08:15:47.651,,,,,,,,,,,,,,23,,,,,,,,,,,,,,,,,,,,,,,,,49.2751705,31.4355583,
08:15:47.685,,,,,,,,,,,,,,,,,61,,,,,,,,,,,,,,,,,,,,,,49.2751705,31.4355583,
08:15:47.735,,,,,,,,,,,,,23,,,,,,,,,,,,,,,,,,,,,,,,,,49.2751705,31.4355583,
08:15:47.803,,,,,,,,,,,,,,,,,,,,,,147,,,,,,,,,,,11.9,,,,42.4,,49.2752693,31.435584,
08:15:47.818,,,,,,,,,,,,,,,3744,0.22,,,,,,,,,,,,,,,,,,,,,,,49.2752693,31.435584,
08:15:47.854,,,,,,,,,,,,,,,,,,,42,,,,,,,,,,,,,,,,,,,,49.2752693,31.435584,
08:15:47.963,,,,,,,,,,,,,,,,,,,,,,,,,,,,,,41.2,,,,,,,,,49.2752693,31.435584,
08:15:48.011,,,,,,,,,,,,,,,,,,,,,,,,,,,,,,,,,,,28,,,,49.2752693,31.435584,
08:15:48.075,,,,,,,,,,,,,,,,,,,,,,,1512,1.5,,,,,,,,,,,,,,,49.2752693,31.435584,
08:15:48.123,,,,,,,,,,,,,,,,,,,,55.7,,,,,,,,,,,,,,,,,,,49.2752693,31.435584,
08:15:48.183,,,,,,,,,,,,,,,,,,,,,,,,,,,,,,,,,,22,,,,,49.2752693,31.435584,
08:15:48.230,,,,,,,,,,,,,,,,,,,,,,,,,,0.58,0.58,93.61,5924.09,,,14.2,,,,,,42,49.2752693,31.435584,
08:15:48.315,,,,,,,,,,,,,,,,,,,,,,,,,,,,,,,-0.3,,,,,70,,,49.2752693,31.435584,
08:15:48.510,,,,,,,,,,45.5,,,,,,,,,,,,,,,,,,,,,,,,,,,,,49.2752693,31.435584,
08:15:48.558,,,,,,,,,338.3,,,,,,,,,,,,,,,,,,,,,,,,,,,,,,49.2752693,31.435584,
08:15:48.594,,,,,,,,,,,3.53,,,,,,,,,,,,,,,,,,,,,,,,,,,,49.2752693,31.435584,
08:15:48.642,,,,,,,,,,,,3.513,,,,,,,,,,,,,,,,,,,,,,,,,,,49.2752693,31.435584,
08:15:48.691,-57,,,,,,,,,,,,,,,,,,,,,,,,,,,,,,,,,,,,,,49.2752693,31.435584,
08:15:48.725,,,-1600,,,,,,,,,,,,,,,,,,,,,,,,,,,,,,,,,,,,49.2752693,31.435584,
08:15:48.763,,-53,,,,,,,,,,,,,,,,,,,,,,,,,,,,,,,,,,,,,49.2752693,31.435584,
08:15:48.807,,,,,,,,,,,,,,,,,,,,,,147,,,,,,,,,,,12.1,,,,44,,49.2753764,31.4356127,
08:15:48.813,,,,,23,,,,,,,,,,,,,,,,,,,,,,,,,,,,,,,,,,49.2753764,31.4356127,
08:15:48.886,,,,,,23,,,,,,,,,,,,,,,,,,,,,,,,,,,,,,,,,49.2753764,31.4356127,
08:15:48.934,,,,,,,22,,,,,,,,,,,,,,,,,,,,,,,,,,,,,,,,49.2753764,31.4356127,
08:15:48.983,,,,,,,,22,,,,,,,,,,,,,,,,,,,,,,,,,,,,,,,49.2753764,31.4356127,
08:15:49.029,,,,21,,,,,,,,,,,,,,,,,,,,,,,,,,,,,,,,,,,49.2753764,31.4356127,
08:15:49.091,,,,,,,,,,,,,,,,,,29,,,,,,,,,,,,,,,,,,,,,49.2753764,31.4356127,
08:15:49.127,,,,,,,,,,,,,,23,,,,,,,,,,,,,,,,,,,,,,,,,49.2753764,31.4356127,
08:15:49.198,,,,,,,,,,,,,,,,,58,,,,,,,,,,,,,,,,,,,,,,49.2753764,31.4356127,
08:15:49.234,,,,,,,,,,,,,22,,,,,,,,,,,,,,,,,,,,,,,,,,49.2753764,31.4356127,
08:15:49.341,,,,,,,,,,,,,,,4128,0.25,,,,,,,,,,,,,,,,,,,,,,,49.2753764,31.4356127,
08:15:49.487,,,,,,,,,,,,,,,,,,,44,,,,,,,,,,,,,,,,,,,,49.2753764,31.4356127,
08:15:49.583,,,,,,,,,,,,,,,,,,,,,,,,,,,,,,41.2,,,,,,,,,49.2753764,31.4356127,
08:15:49.618,,,,,,,,,,,,,,,,,,,,,,,1494,1.5,,,,,,,,,,,,,,,49.2753764,31.4356127,
08:15:49.666,,,,,,,,,,,,,,,,,,,,56.1,,,,,,,,,,,,,,,,,,,49.2753764,31.4356127,
08:15:49.714,,,,,,,,,,,,,,,,,,,,,,,,,,,,,,,,,,22,,,,,49.2753764,31.4356127,
08:15:49.798,,,,,,,,,,,,,,,,,,,,,,,,,0.024473189111470277,0.6,0.6,93.63,5924.11,,,14.5,,,,,,43,49.2753764,31.4356127,
08:15:49.804,,,,,,,,,,,,,,,,,,,,,,148,,,,,,,,,,,12.3,,,,44.7,,49.2754861,31.4356396,
08:15:49.846,,,,,,,,,,,,,,,,,,,,,,,,,,,,,,,-0.31,,,,,69,,,49.2754861,31.4356396,
08:15:49.930,,,,,,,,,,45.5,,,,,,,,,,,,,,,,,,,,,,,,,,,,,49.2754861,31.4356396,
08:15:49.978,,,,,,,,,340.5,,,,,,,,,,,,,,,,,,,,,,,,,,,,,,49.2754861,31.4356396,
08:15:50.038,,,,,,,,,,,3.537,,,,,,,,,,,,,,,,,,,,,,,,,,,,49.2754861,31.4356396,
08:15:50.086,,,,,,,,,,,,3.52,,,,,,,,,,,,,,,,,,,,,,,,,,,49.2754861,31.4356396,
08:15:50.133,-44,,,,,,,,,,,,,,,,,,,,,,,,,,,,,,,,,,,,,,49.2754861,31.4356396,
08:15:50.175,,,-1600,,,,,,,,,,,,,,,,,,,,,,,,,,,,,,,,,,,,49.2754861,31.4356396,
08:15:50.318,,-35,,,,,,,,,,,,,,,,,,,,,,,,,,,,,,,,,,,,,49.2754861,31.4356396,
08:15:50.403,,,,,23,,,,,,,,,,,,,,,,,,,,,,,,,,,,,,,,,,49.2754861,31.4356396,
08:15:50.510,,,,,,23,,,,,,,,,,,,,,,,,,,,,,,,,,,,,,,,,49.2754861,31.4356396,
08:15:50.545,,,,,,,22,,,,,,,,,,,,,,,,,,,,,,,,,,,,,,,,49.2754861,31.4356396,
08:15:50.618,,,,,,,,22,,,,,,,,,,,,,,,,,,,,,,,,,,,,,,,49.2754861,31.4356396,
08:15:50.655,,,,21,,,,,,,,,,,,,,,,,,,,,,,,,,,,,,,,,,,49.2754861,31.4356396,
08:15:50.714,,,,,,,,,,,,,,,,,,29,,,,,,,,,,,,,,,,,,,,,49.2754861,31.4356396,
08:15:50.762,,,,,,,,,,,,,,23,,,,,,,,,,,,,,,,,,,,,,,,,49.2754861,31.4356396,
08:15:50.801,,,,,,,,,,,,,,,,,,,,,,148,,,,,,,,,,,12.5,,,,45.4,,49.2755972,31.4356686,
08:15:50.822,,,,,,,,,,,,,,,,,48,,,,,,,,,,,,,,,,,,,,,,49.2755972,31.4356686,
08:15:50.858,,,,,,,,,,,,,22,,,,,,,,,,,,,,,,,,,,,,,,,,49.2755972,31.4356686,
08:15:50.895,,,,,,,,,,,,,,,3104,0.19,,,,,,,,,,,,,,,,,,,,,,,49.2755972,31.4356686,
08:15:50.931,,,,,,,,,,,,,,,,,,,45,,,,,,,,,,,,,,,,,,,,49.2755972,31.4356686,
08:15:51.038,,,,,,,,,,,,,,,,,,,,,,,,,,,,,,41.2,,,,,,,,,49.2755972,31.4356686,
08:15:51.075,,,,,,,,,,,,,,,,,,,,,,,,,,,,,,,,,,,29,,,,49.2755972,31.4356686,
08:15:51.170,,,,,,,,,,,,,,,,,,,,,,,1504,1.5,,,,,,,,,,,,,,,49.2755972,31.4356686,
08:15:51.242,,,,,,,,,,,,,,,,,,,,55.7,,,,,,,,,,,,,,,,,,,49.2755972,31.4356686,
08:15:51.326,,,,,,,,,,,,,,,,,,,,,,,,,,,,,,,,,,22,,,,,49.2755972,31.4356686,
08:15:51.374,,,,,,,,,,,,,,,,,,,,,,,,,0.028552053963381997,0.62,0.62,93.65,5924.13,,,14.8,,,,,,45,49.2755972,31.4356686,
08:15:51.422,,,,,,,,,,,,,,,,,,,,,,,,,,,,,,,-0.3,,,,,70,,,49.2755972,31.4356686,
08:15:51.507,,,,,,,,,,45,,,,,,,,,,,,,,,,,,,,,,,,,,,,,49.2755972,31.4356686,
08:15:51.542,,,,,,,,,340.4,,,,,,,,,,,,,,,,,,,,,,,,,,,,,,49.2755972,31.4356686,
08:15:51.591,,,,,,,,,,,3.548,,,,,,,,,,,,,,,,,,,,,,,,,,,,49.2755972,31.4356686,
08:15:51.625,,,,,,,,,,,,3.525,,,,,,,,,,,,,,,,,,,,,,,,,,,49.2755972,31.4356686,
08:15:51.662,-36,,,,,,,,,,,,,,,,,,,,,,,,,,,,,,,,,,,,,,49.2755972,31.4356686,
08:15:51.747,,,-1600,,,,,,,,,,,,,,,,,,,,,,,,,,,,,,,,,,,,49.2755972,31.4356686,
08:15:51.807,,,,,,,,,,,,,,,,,,,,,,149,,,,,,,,,,,12.7,,,,46.2,,49.2757131,31.4356964,
08:15:51.818,,-37,,,,,,,,,,,,,,,,,,,,,,,,,,,,,,,,,,,,,49.2757131,31.4356964,
08:15:51.855,,,,,23,,,,,,,,,,,,,,,,,,,,,,,,,,,,,,,,,,49.2757131,31.4356964,
08:15:51.902,,,,,,23,,,,,,,,,,,,,,,,,,,,,,,,,,,,,,,,,49.2757131,31.4356964,
08:15:51.938,,,,,,,22,,,,,,,,,,,,,,,,,,,,,,,,,,,,,,,,49.2757131,31.4356964,
08:15:52.010,,,,,,,,22,,,,,,,,,,,,,,,,,,,,,,,,,,,,,,,49.2757131,31.4356964,
08:15:52.047,,,,21,,,,,,,,,,,,,,,,,,,,,,,,,,,,,,,,,,,49.2757131,31.4356964,
08:15:52.214,,,,,,,,,,,,,,,,,,29,,,,,,,,,,,,,,,,,,,,,49.2757131,31.4356964,
08:15:52.299,,,,,,,,,,,,,,23,,,,,,,,,,,,,,,,,,,,,,,,,49.2757131,31.4356964,
08:15:52.370,,,,,,,,,,,,,,,,,50,,,,,,,,,,,,,,,,,,,,,,49.2757131,31.4356964,
08:15:52.407,,,,,,,,,,,,,22,,,,,,,,,,,,,,,,,,,,,,,,,,49.2757131,31.4356964,
08:15:52.455,,,,,,,,,,,,,,,3392,0.2,,,,,,,,,,,,,,,,,,,,,,,49.2757131,31.4356964,
08:15:52.491,,,,,,,,,,,,,,,,,,,46,,,,,,,,,,,,,,,,,,,,49.2757131,31.4356964,
08:15:52.610,,,,,,,,,,,,,,,,,,,,,,,,,,,,,,63.5,,,,,,,,,49.2757131,31.4356964,
08:15:52.646,,,,,,,,,,,,,,,,,,,,,,,1506,1.5,,,,,,,,,,,,,,,49.2757131,31.4356964,
08:15:52.682,,,,,,,,,,,,,,,,,,,,79.2,,,,,,,,,,,,,,,,,,,49.2757131,31.4356964,
08:15:52.719,,,,,,,,,,,,,,,,,,,,,,,,,,,,,,,,,,22,,,,,49.2757131,31.4356964,
08:15:52.767,,,,,,,,,,,,,,,,,,,,,,,,,0.028552053963381997,0.64,0.64,93.67,5924.14,,,15.1,,,,,,46,49.2757131,31.4356964,
08:15:52.815,,,,,,,,,,,,,,,,,,,,,,149,,,,,,,,,,,12.9,,,,47.1,,49.2758294,31.4357251,
08:15:52.825,,,,,,,,,,,,,,,,,,,,,,,,,,,,,,,-0.09,,,,,91,,,49.2758294,31.4357251,
08:15:52.911,,,,,,,,,,44.5,,,,,,,,,,,,,,,,,,,,,,,,,,,,,49.2758294,31.4357251,
08:15:52.959,,,,,,,,,342.3,,,,,,,,,,,,,,,,,,,,,,,,,,,,,,49.2758294,31.4357251,
08:15:53.042,,,,,,,,,,,3.566,,,,,,,,,,,,,,,,,,,,,,,,,,,,49.2758294,31.4357251,
08:15:53.079,,,,,,,,,,,,3.551,,,,,,,,,,,,,,,,,,,,,,,,,,,49.2758294,31.4357251,
08:15:53.126,-15,,,,,,,,,,,,,,,,,,,,,,,,,,,,,,,,,,,,,,49.2758294,31.4357251,
08:15:53.283,,,-7,,,,,,,,,,,,,,,,,,,,,,,,,,,,,,,,,,,,49.2758294,31.4357251,
08:15:53.355,,-3,,,,,,,,,,,,,,,,,,,,,,,,,,,,,,,,,,,,,49.2758294,31.4357251,
08:15:53.414,,,,,23,,,,,,,,,,,,,,,,,,,,,,,,,,,,,,,,,,49.2758294,31.4357251,
08:15:53.454,,,,,,23,,,,,,,,,,,,,,,,,,,,,,,,,,,,,,,,,49.2758294,31.4357251,
08:15:53.502,,,,,,,22,,,,,,,,,,,,,,,,,,,,,,,,,,,,,,,,49.2758294,31.4357251,
08:15:53.539,,,,,,,,22,,,,,,,,,,,,,,,,,,,,,,,,,,,,,,,49.2758294,31.4357251,
08:15:53.573,,,,21,,,,,,,,,,,,,,,,,,,,,,,,,,,,,,,,,,,49.2758294,31.4357251,
08:15:53.681,,,,,,,,,,,,,,,,,,30,,,,,,,,,,,,,,,,,,,,,49.2758294,31.4357251,
08:15:53.731,,,,,,,,,,,,,,23,,,,,,,,,,,,,,,,,,,,,,,,,49.2758294,31.4357251,
08:15:53.778,,,,,,,,,,,,,,,,,46,,,,,,,,,,,,,,,,,,,,,,49.2758294,31.4357251,
08:15:53.803,,,,,,,,,,,,,,,,,,,,,,150,,,,,,,,,,,13.1,,,,48.6,,49.2759492,31.4357569,
08:15:53.815,,,,,,,,,,,,,21,,,,,,,,,,,,,,,,,,,,,,,,,,49.2759492,31.4357569,
08:15:53.850,,,,,,,,,,,,,,,2784,0.16,,,,,,,,,,,,,,,,,,,,,,,49.2759492,31.4357569,
08:15:53.910,,,,,,,,,,,,,,,,,,,48,,,,,,,,,,,,,,,,,,,,49.2759492,31.4357569,
08:15:54.114,,,,,,,,,,,,,,,,,,,,,,,,,,,,,,40.4,,,,,,,,,49.2759492,31.4357569,
08:15:54.187,,,,,,,,,,,,,,,,,,,,,,,,,,,,,,,,,,,31,,,,49.2759492,31.4357569,
08:15:54.234,,,,,,,,,,,,,,,,,,,,,,,2015,2,,,,,,,,,,,,,,,49.2759492,31.4357569,
08:15:54.307,,,,,,,,,,,,,,,,,,,,69.8,,,,,,,,,,,,,,,,,,,49.2759492,31.4357569,
08:15:54.366,,,,,,,,,,,,,,,,,,,,,,,,,,,,,,,,,,22,,,,,49.2759492,31.4357569,
08:15:54.415,,,,,,,,,,,,,,,,,,,,,,,,,0.027532337750404066,0.66,0.66,93.69,5924.17,,,15.5,,,,,,48,49.2759492,31.4357569,
08:15:54.473,,,,,,,,,,,,,,,,,,,,,,,,,,,,,,,-0.18,,,,,82,,,49.2759492,31.4357569,
08:15:54.582,,,,,,,,,,44.5,,,,,,,,,,,,,,,,,,,,,,,,,,,,,49.2759492,31.4357569,
08:15:54.654,,,,,,,,,344,,,,,,,,,,,,,,,,,,,,,,,,,,,,,,49.2759492,31.4357569,
08:15:54.701,,,,,,,,,,,3.602,,,,,,,,,,,,,,,,,,,,,,,,,,,,49.2759492,31.4357569,
08:15:54.750,,,,,,,,,,,,3.586,,,,,,,,,,,,,,,,,,,,,,,,,,,49.2759492,31.4357569,
08:15:54.787,1,,,,,,,,,,,,,,,,,,,,,,,,,,,,,,,,,,,,,,49.2759492,31.4357569,
08:15:54.803,,,,,,,,,,,,,,,,,,,,,,150,,,,,,,,,,,13.3,,,,49.4,,49.2760709,31.4357891,
08:15:54.822,,,-3,,,,,,,,,,,,,,,,,,,,,,,,,,,,,,,,,,,,49.2760709,31.4357891,
08:15:54.858,,0,,,,,,,,,,,,,,,,,,,,,,,,,,,,,,,,,,,,,49.2760709,31.4357891,
08:15:54.894,,,,,23,,,,,,,,,,,,,,,,,,,,,,,,,,,,,,,,,,49.2760709,31.4357891,
08:15:54.931,,,,,,23,,,,,,,,,,,,,,,,,,,,,,,,,,,,,,,,,49.2760709,31.4357891,
08:15:54.991,,,,,,,22,,,,,,,,,,,,,,,,,,,,,,,,,,,,,,,,49.2760709,31.4357891,
08:15:55.050,,,,,,,,22,,,,,,,,,,,,,,,,,,,,,,,,,,,,,,,49.2760709,31.4357891,
08:15:55.147,,,,21,,,,,,,,,,,,,,,,,,,,,,,,,,,,,,,,,,,49.2760709,31.4357891,
08:15:55.315,,,,,,,,,,,,,,,,,,30,,,,,,,,,,,,,,,,,,,,,49.2760709,31.4357891,
08:15:55.362,,,,,,,,,,,,,,23,,,,,,,,,,,,,,,,,,,,,,,,,49.2760709,31.4357891,
08:15:55.399,,,,,,,,,,,,,,,,,42,,,,,,,,,,,,,,,,,,,,,,49.2760709,31.4357891,
08:15:55.422,,,,,,,,,,,,,21,,,,,,,,,,,,,,,,,,,,,,,,,,49.2760709,31.4357891,
08:15:55.470,,,,,,,,,,,,,,,2848,0.17,,,,,,,,,,,,,,,,,,,,,,,49.2760709,31.4357891,
08:15:55.506,,,,,,,,,,,,,,,,,,,50,,,,,,,,,,,,,,,,,,,,49.2760709,31.4357891,
08:15:55.638,,,,,,,,,,,,,,,,,,,,,,,,,,,,,,38.8,,,,,,,,,49.2760709,31.4357891,
08:15:55.674,,,,,,,,,,,,,,,,,,,,,,,2031,2,,,,,,,,,,,,,,,49.2760709,31.4357891,
08:15:55.709,,,,,,,,,,,,,,,,,,,,67.5,,,,,,,,,,,,,,,,,,,49.2760709,31.4357891,
08:15:55.771,,,,,,,,,,,,,,,,,,,,,,,,,,,,,,,,,,23,,,,,49.2760709,31.4357891,
08:15:55.802,,,,,,,,,,,,,,,,,,,,,,151,,,,,,,,,,,13.5,,,,50.2,,49.2761946,31.4358204,
08:15:55.806,,,,,,,,,,,,,,,,,,,,,,,,,0.028552053963381997,0.68,0.68,93.71,5924.19,,,15.8,,,,,,49,49.2761946,31.4358204,
08:15:55.853,,,,,,,,,,,,,,,,,,,,,,,,,,,,,,,-0.14,,,,,86,,,49.2761946,31.4358204,
08:15:56.057,,,,,,,,,,44.5,,,,,,,,,,,,,,,,,,,,,,,,,,,,,49.2761946,31.4358204,
08:15:56.167,,,,,,,,,347,,,,,,,,,,,,,,,,,,,,,,,,,,,,,,49.2761946,31.4358204,
08:15:56.207,,,,,,,,,,,3.629,,,,,,,,,,,,,,,,,,,,,,,,,,,,49.2761946,31.4358204,
08:15:56.242,,,,,,,,,,,,3.609,,,,,,,,,,,,,,,,,,,,,,,,,,,49.2761946,31.4358204,
08:15:56.302,11,,,,,,,,,,,,,,,,,,,,,,,,,,,,,,,,,,,,,,49.2761946,31.4358204,
08:15:56.350,,,10,,,,,,,,,,,,,,,,,,,,,,,,,,,,,,,,,,,,49.2761946,31.4358204,
08:15:56.398,,13,,,,,,,,,,,,,,,,,,,,,,,,,,,,,,,,,,,,,49.2761946,31.4358204,
08:15:56.445,,,,,23,,,,,,,,,,,,,,,,,,,,,,,,,,,,,,,,,,49.2761946,31.4358204,
08:15:56.494,,,,,,23,,,,,,,,,,,,,,,,,,,,,,,,,,,,,,,,,49.2761946,31.4358204,
08:15:56.543,,,,,,,22,,,,,,,,,,,,,,,,,,,,,,,,,,,,,,,,49.2761946,31.4358204,
08:15:56.615,,,,,,,,22,,,,,,,,,,,,,,,,,,,,,,,,,,,,,,,49.2761946,31.4358204,
08:15:56.711,,,,21,,,,,,,,,,,,,,,,,,,,,,,,,,,,,,,,,,,49.2761946,31.4358204,
08:15:56.808,,,,,,,,,,,,,,,,,,,,,,151,,,,,,,,,,,13.7,,,,50.6,,49.2763196,31.4358521,
08:15:56.830,,,,,,,,,,,,,,,,,,30,,,,,,,,,,,,,,,,,,,,,49.2763196,31.4358521,
08:15:56.903,,,,,,,,,,,,,,23,,,,,,,,,,,,,,,,,,,,,,,,,49.2763196,31.4358521,
08:15:57.142,,,,,,,,,,,,,,,,,32,,,,,,,,,,,,,,,,,,,,,,49.2763196,31.4358521,
08:15:57.214,,,,,,,,,,,,,22,,,,,,,,,,,,,,,,,,,,,,,,,,49.2763196,31.4358521,
08:15:57.250,,,,,,,,,,,,,,,2208,0.12,,,,,,,,,,,,,,,,,,,,,,,49.2763196,31.4358521,
08:15:57.299,,,,,,,,,,,,,,,,,,,51,,,,,,,,,,,,,,,,,,,,49.2763196,31.4358521,
08:15:57.381,,,,,,,,,,,,,,,,,,,,,,,,,,,,,,45.5,,,,,,,,,49.2763196,31.4358521,
08:15:57.431,,,,,,,,,,,,,,,,,,,,,,,,,,,,,,,,,,,32,,,,49.2763196,31.4358521,
08:15:57.467,,,,,,,,,,,,,,,,,,,,,,,2035,2,,,,,,,,,,,,,,,49.2763196,31.4358521,
08:15:57.538,,,,,,,,,,,,,,,,,,,,80,,,,,,,,,,,,,,,,,,,49.2763196,31.4358521,
08:15:57.574,,,,,,,,,,,,,,,,,,,,,,,,,,,,,,,,,,23,,,,,49.2763196,31.4358521,
08:15:57.610,,,,,,,,,,,,,,,,,,,,,,,,,0.022433756685514422,0.7,0.7,93.73,5924.21,,,16.2,,,,,,50,49.2763196,31.4358521,
08:15:57.682,,,,,,,,,,,,,,,,,,,,,,,,,,,,,,,-0.1,,,,,90,,,49.2763196,31.4358521,
08:15:57.791,,,,,,,,,,45,,,,,,,,,,,,,,,,,,,,,,,,,,,,,49.2763196,31.4358521,
08:15:57.805,,,,,,,,,,,,,,,,,,,,,,151,,,,,,,,,,,13.9,,,,51.5,,49.2764466,31.4358879,
08:15:57.899,,,,,,,,,349.7,,,,,,,,,,,,,,,,,,,,,,,,,,,,,,49.2764466,31.4358879,
08:15:57.971,,,,,,,,,,,3.649,,,,,,,,,,,,,,,,,,,,,,,,,,,,49.2764466,31.4358879,
08:15:58.042,,,,,,,,,,,,3.645,,,,,,,,,,,,,,,,,,,,,,,,,,,49.2764466,31.4358879,
08:15:58.103,36,,,,,,,,,,,,,,,,,,,,,,,,,,,,,,,,,,,,,,49.2764466,31.4358879,
08:15:58.174,,,-1600,,,,,,,,,,,,,,,,,,,,,,,,,,,,,,,,,,,,49.2764466,31.4358879,
08:15:58.210,,35,,,,,,,,,,,,,,,,,,,,,,,,,,,,,,,,,,,,,49.2764466,31.4358879,
08:15:58.260,,,,,23,,,,,,,,,,,,,,,,,,,,,,,,,,,,,,,,,,49.2764466,31.4358879,
08:15:58.318,,,,,,23,,,,,,,,,,,,,,,,,,,,,,,,,,,,,,,,,49.2764466,31.4358879,
08:15:58.355,,,,,,,22,,,,,,,,,,,,,,,,,,,,,,,,,,,,,,,,49.2764466,31.4358879,
08:15:58.391,,,,,,,,22,,,,,,,,,,,,,,,,,,,,,,,,,,,,,,,49.2764466,31.4358879,
08:15:58.427,,,,21,,,,,,,,,,,,,,,,,,,,,,,,,,,,,,,,,,,49.2764466,31.4358879,
08:15:58.534,,,,,,,,,,,,,,,,,,30,,,,,,,,,,,,,,,,,,,,,49.2764466,31.4358879,
08:15:58.571,,,,,,,,,,,,,,23,,,,,,,,,,,,,,,,,,,,,,,,,49.2764466,31.4358879,
08:15:58.618,,,,,,,,,,,,,,,,,16,,,,,,,,,,,,,,,,,,,,,,49.2764466,31.4358879,
08:15:58.666,,,,,,,,,,,,,22,,,,,,,,,,,,,,,,,,,,,,,,,,49.2764466,31.4358879,
08:15:58.715,,,,,,,,,,,,,,,1312,0.08,,,,,,,,,,,,,,,,,,,,,,,49.2764466,31.4358879,
08:15:58.805,,,,,,,,,,,,,,,,,,,,,,152,,,,,,,,,,,14.1,,,,52,,49.2765734,31.4359179,
08:15:58.823,,,,,,,,,,,,,,,,,,,51,,,,,,,,,,,,,,,,,,,,49.2765734,31.4359179,
08:15:58.990,,,,,,,,,,,,,,,,,,,,,,,,,,,,,,46.3,,,,,,,,,49.2765734,31.4359179,
08:15:59.039,,,,,,,,,,,,,,,,,,,,,,,1999,2,,,,,,,,,,,,,,,49.2765734,31.4359179,
08:15:59.098,,,,,,,,,,,,,,,,,,,,80,,,,,,,,,,,,,,,,,,,49.2765734,31.4359179,
08:15:59.147,,,,,,,,,,,,,,,,,,,,,,,,,,,,,,,,,,23,,,,,49.2765734,31.4359179,
08:15:59.206,,,,,,,,,,,,,,,,,,,,,,,,,0.022433756685514422,0.73,0.73,93.76,5924.23,,,16.5,,,,,,51,49.2765734,31.4359179,
08:15:59.302,,,,,,,,,,,,,,,,,,,,,,,,,,,,,,,-0.09,,,,,91,,,49.2765734,31.4359179,
08:15:59.374,,,,,,,,,,45,,,,,,,,,,,,,,,,,,,,,,,,,,,,,49.2765734,31.4359179,
08:15:59.434,,,,,,,,,355,,,,,,,,,,,,,,,,,,,,,,,,,,,,,,49.2765734,31.4359179,
08:15:59.494,,,,,,,,,,,3.681,,,,,,,,,,,,,,,,,,,,,,,,,,,,49.2765734,31.4359179,
08:15:59.542,,,,,,,,,,,,3.672,,,,,,,,,,,,,,,,,,,,,,,,,,,49.2765734,31.4359179,
08:15:59.590,41,,,,,,,,,,,,,,,,,,,,,,,,,,,,,,,,,,,,,,49.2765734,31.4359179,
08:15:59.627,,,-1600,,,,,,,,,,,,,,,,,,,,,,,,,,,,,,,,,,,,49.2765734,31.4359179,
08:15:59.662,,41,,,,,,,,,,,,,,,,,,,,,,,,,,,,,,,,,,,,,49.2765734,31.4359179,
08:15:59.699,,,,,23,,,,,,,,,,,,,,,,,,,,,,,,,,,,,,,,,,49.2765734,31.4359179,
08:15:59.734,,,,,,23,,,,,,,,,,,,,,,,,,,,,,,,,,,,,,,,,49.2765734,31.4359179,
08:15:59.812,,,,,,,,,,,,,,,,,,,,,,152,,,,,,,,,,,14.3,,,,50.9,,49.2766975,31.4359492,
08:15:59.822,,,,,,,22,,,,,,,,,,,,,,,,,,,,,,,,,,,,,,,,49.2766975,31.4359492,
08:15:59.907,,,,,,,,22,,,,,,,,,,,,,,,,,,,,,,,,,,,,,,,49.2766975,31.4359492,
08:15:59.979,,,,21,,,,,,,,,,,,,,,,,,,,,,,,,,,,,,,,,,,49.2766975,31.4359492,
08:16:00.110,,,,,,,,,,,,,,,,,,30,,,,,,,,,,,,,,,,,,,,,49.2766975,31.4359492,
08:16:00.148,,,,,,,,,,,,,,23,,,,,,,,,,,,,,,,,,,,,,,,,49.2766975,31.4359492,
08:16:00.183,,,,,,,,,,,,,,,,,13,,,,,,,,,,,,,,,,,,,,,,49.2766975,31.4359492,
08:16:00.230,,,,,,,,,,,,,22,,,,,,,,,,,,,,,,,,,,,,,,,,49.2766975,31.4359492,
08:16:00.266,,,,,,,,,,,,,,,864,0.05,,,,,,,,,,,,,,,,,,,,,,,49.2766975,31.4359492,
08:16:00.326,,,,,,,,,,,,,,,,,,,51,,,,,,,,,,,,,,,,,,,,49.2766975,31.4359492,
08:16:00.398,,,,,,,,,,,,,,,,,,,,,,,,,,,,,,46.3,,,,,,,,,49.2766975,31.4359492,
08:16:00.435,,,,,,,,,,,,,,,,,,,,,,,,,,,,,,,,,,,34,,,,49.2766975,31.4359492,
08:16:00.506,,,,,,,,,,,,,,,,,,,,,,,1999,2,,,,,,,,,,,,,,,49.2766975,31.4359492,
08:16:00.554,,,,,,,,,,,,,,,,,,,,80,,,,,,,,,,,,,,,,,,,49.2766975,31.4359492,
08:16:00.591,,,,,,,,,,,,,,,,,,,,,,,,,,,,,,,,,,23,,,,,49.2766975,31.4359492,
08:16:00.650,,,,,,,,,,,,,,,,,,,,,,,,,,0.75,0.75,93.78,5924.25,,,16.8,,,,,,50,49.2766975,31.4359492,
08:16:00.709,,,,,,,,,,,,,,,,,,,,,,,,,,,,,,,-0.1,,,,,90,,,49.2766975,31.4359492,
08:16:00.802,,,,,,,,,,,,,,,,,,,,,,152,,,,,,,,,,,14.5,,,,51.4,,49.2768211,31.4359847,
08:16:00.846,,,,,,,,,,45.5,,,,,,,,,,,,,,,,,,,,,,,,,,,,,49.2768211,31.4359847,
08:16:00.930,,,,,,,,,351.8,,,,,,,,,,,,,,,,,,,,,,,,,,,,,,49.2768211,31.4359847,
08:16:01.027,,,,,,,,,,,3.692,,,,,,,,,,,,,,,,,,,,,,,,,,,,49.2768211,31.4359847,
08:16:01.063,,,,,,,,,,,,3.676,,,,,,,,,,,,,,,,,,,,,,,,,,,49.2768211,31.4359847,
08:16:01.123,38,,,,,,,,,,,,,,,,,,,,,,,,,,,,,,,,,,,,,,49.2768211,31.4359847,
08:16:01.158,,,-1600,,,,,,,,,,,,,,,,,,,,,,,,,,,,,,,,,,,,49.2768211,31.4359847,
08:16:01.195,,42,,,,,,,,,,,,,,,,,,,,,,,,,,,,,,,,,,,,,49.2768211,31.4359847,
08:16:01.231,,,,,23,,,,,,,,,,,,,,,,,,,,,,,,,,,,,,,,,,49.2768211,31.4359847,
08:16:01.302,,,,,,23,,,,,,,,,,,,,,,,,,,,,,,,,,,,,,,,,49.2768211,31.4359847,
08:16:01.349,,,,,,,22,,,,,,,,,,,,,,,,,,,,,,,,,,,,,,,,49.2768211,31.4359847,
08:16:01.386,,,,,,,,22,,,,,,,,,,,,,,,,,,,,,,,,,,,,,,,49.2768211,31.4359847,
08:16:01.447,,,,21,,,,,,,,,,,,,,,,,,,,,,,,,,,,,,,,,,,49.2768211,31.4359847,
08:16:01.519,,,,,,,,,,,,,,,,,,30,,,,,,,,,,,,,,,,,,,,,49.2768211,31.4359847,
08:16:01.566,,,,,,,,,,,,,,23,,,,,,,,,,,,,,,,,,,,,,,,,49.2768211,31.4359847,
08:16:01.625,,,,,,,,,,,,,,,,,13,,,,,,,,,,,,,,,,,,,,,,49.2768211,31.4359847,
08:16:01.723,,,,,,,,,,,,,22,,,,,,,,,,,,,,,,,,,,,,,,,,49.2768211,31.4359847,
08:16:01.802,,,,,,,,,,,,,,,,,,,,,,152,,,,,,,,,,,14.6,,,,50.9,,49.2769448,31.4360168,
08:16:01.806,,,,,,,,,,,,,,,768,0.05,,,,,,,,,,,,,,,,,,,,,,,49.2769448,31.4360168,
08:16:01.891,,,,,,,,,,,,,,,,,,,51,,,,,,,,,,,,,,,,,,,,49.2769448,31.4360168,
08:16:01.986,,,,,,,,,,,,,,,,,,,,,,,,,,,,,,46.3,,,,,,,,,49.2769448,31.4360168,
08:16:02.035,,,,,,,,,,,,,,,,,,,,,,,2000,2,,,,,,,,,,,,,,,49.2769448,31.4360168,
08:16:02.106,,,,,,,,,,,,,,,,,,,,79.6,,,,,,,,,,,,,,,,,,,49.2769448,31.4360168,
08:16:02.167,,,,,,,,,,,,,,,,,,,,,,,,,,,,,,,,,,23,,,,,49.2769448,31.4360168,
08:16:02.215,,,,,,,,,,,,,,,,,,,,,,,,,,0.77,0.77,93.8,5924.27,,,17.1,,,,,,50,49.2769448,31.4360168,
08:16:02.275,,,,,,,,,,,,,,,,,,,,,,,,,,,,,,,-0.09,,,,,91,,,49.2769448,31.4360168,
08:16:02.371,,,,,,,,,,46,,,,,,,,,,,,,,,,,,,,,,,,,,,,,49.2769448,31.4360168,
08:16:02.407,,,,,,,,,354.4,,,,,,,,,,,,,,,,,,,,,,,,,,,,,,49.2769448,31.4360168,
08:16:02.454,,,,,,,,,,,3.695,,,,,,,,,,,,,,,,,,,,,,,,,,,,49.2769448,31.4360168,
08:16:02.503,,,,,,,,,,,,3.681,,,,,,,,,,,,,,,,,,,,,,,,,,,49.2769448,31.4360168,
08:16:02.539,39,,,,,,,,,,,,,,,,,,,,,,,,,,,,,,,,,,,,,,49.2769448,31.4360168,
08:16:02.585,,,-1600,,,,,,,,,,,,,,,,,,,,,,,,,,,,,,,,,,,,49.2769448,31.4360168,
08:16:02.635,,40,,,,,,,,,,,,,,,,,,,,,,,,,,,,,,,,,,,,,49.2769448,31.4360168,
08:16:02.671,,,,,23,,,,,,,,,,,,,,,,,,,,,,,,,,,,,,,,,,49.2769448,31.4360168,
08:16:02.743,,,,,,23,,,,,,,,,,,,,,,,,,,,,,,,,,,,,,,,,49.2769448,31.4360168,
08:16:02.800,,,,,,,,,,,,,,,,,,,,,,153,,,,,,,,,,,14.8,,,,51.2,,49.277071,31.4360502,
08:16:02.826,,,,,,,22,,,,,,,,,,,,,,,,,,,,,,,,,,,,,,,,49.277071,31.4360502,
08:16:02.947,,,,,,,,22,,,,,,,,,,,,,,,,,,,,,,,,,,,,,,,49.277071,31.4360502,
08:16:03.006,,,,21,,,,,,,,,,,,,,,,,,,,,,,,,,,,,,,,,,,49.277071,31.4360502,
08:16:03.067,,,,,,,,,,,,,,,,,,30,,,,,,,,,,,,,,,,,,,,,49.277071,31.4360502,
08:16:03.103,,,,,,,,,,,,,,23,,,,,,,,,,,,,,,,,,,,,,,,,49.277071,31.4360502,
08:16:03.138,,,,,,,,,,,,,,,,,13,,,,,,,,,,,,,,,,,,,,,,49.277071,31.4360502,
08:16:03.163,,,,,,,,,,,,,23,,,,,,,,,,,,,,,,,,,,,,,,,,49.277071,31.4360502,
08:16:03.210,,,,,,,,,,,,,,,736,0.03,,,,,,,,,,,,,,,,,,,,,,,49.277071,31.4360502,
08:16:03.269,,,,,,,,,,,,,,,,,,,51,,,,,,,,,,,,,,,,,,,,49.277071,31.4360502,
08:16:03.354,,,,,,,,,,,,,,,,,,,,,,,,,,,,,,46.3,,,,,,,,,49.277071,31.4360502,
08:16:03.426,,,,,,,,,,,,,,,,,,,,,,,,,,,,,,,,,,,35,,,,49.277071,31.4360502,
08:16:03.473,,,,,,,,,,,,,,,,,,,,,,,2000,2,,,,,,,,,,,,,,,49.277071,31.4360502,
08:16:03.523,,,,,,,,,,,,,,,,,,,,79.6,,,,,,,,,,,,,,,,,,,49.277071,31.4360502,
08:16:03.571,,,,,,,,,,,,,,,,,,,,,,,,,,,,,,,,,,24,,,,,49.277071,31.4360502,
08:16:03.634,,,,,,,,,,,,,,,,,,,,,,,,,0,0.79,0.79,93.82,5924.29,,,17.4,,,,,,50,49.277071,31.4360502,
08:16:03.706,,,,,,,,,,,,,,,,,,,,,,,,,,,,,,,-0.1,,,,,90,,,49.277071,31.4360502,
08:16:03.801,,,,,,,,,,,,,,,,,,,,,,153,,,,,,,,,,,15,,,,51.3,,49.2771985,31.4360822,
08:16:03.850,,,,,,,,,,46,,,,,,,,,,,,,,,,,,,,,,,,,,,,,49.2771985,31.4360822,
08:16:03.886,,,,,,,,,354.2,,,,,,,,,,,,,,,,,,,,,,,,,,,,,,49.2771985,31.4360822,
08:16:03.946,,,,,,,,,,,3.7,,,,,,,,,,,,,,,,,,,,,,,,,,,,49.2771985,31.4360822,
08:16:03.983,,,,,,,,,,,,3.687,,,,,,,,,,,,,,,,,,,,,,,,,,,49.2771985,31.4360822,
08:16:04.019,26,,,,,,,,,,,,,,,,,,,,,,,,,,,,,,,,,,,,,,49.2771985,31.4360822,
08:16:04.066,,,27,,,,,,,,,,,,,,,,,,,,,,,,,,,,,,,,,,,,49.2771985,31.4360822,
08:16:04.101,,29,,,,,,,,,,,,,,,,,,,,,,,,,,,,,,,,,,,,,49.2771985,31.4360822,
08:16:04.138,,,,,23,,,,,,,,,,,,,,,,,,,,,,,,,,,,,,,,,,49.2771985,31.4360822,
08:16:04.186,,,,,,23,,,,,,,,,,,,,,,,,,,,,,,,,,,,,,,,,49.2771985,31.4360822,
08:16:04.223,,,,,,,22,,,,,,,,,,,,,,,,,,,,,,,,,,,,,,,,49.2771985,31.4360822,
08:16:04.270,,,,,,,,22,,,,,,,,,,,,,,,,,,,,,,,,,,,,,,,49.2771985,31.4360822,
08:16:04.305,,,,21,,,,,,,,,,,,,,,,,,,,,,,,,,,,,,,,,,,49.2771985,31.4360822,
08:16:04.401,,,,,,,,,,,,,,,,,,30,,,,,,,,,,,,,,,,,,,,,49.2771985,31.4360822,
08:16:04.439,,,,,,,,,,,,,,23,,,,,,,,,,,,,,,,,,,,,,,,,49.2771985,31.4360822,
08:16:04.486,,,,,,,,,,,,,,,,,27,,,,,,,,,,,,,,,,,,,,,,49.2771985,31.4360822,
08:16:04.559,,,,,,,,,,,,,23,,,,,,,,,,,,,,,,,,,,,,,,,,49.2771985,31.4360822,
08:16:04.654,,,,,,,,,,,,,,,1696,0.09,,,,,,,,,,,,,,,,,,,,,,,49.2771985,31.4360822,
08:16:04.726,,,,,,,,,,,,,,,,,,,51,,,,,,,,,,,,,,,,,,,,49.2771985,31.4360822,
08:16:04.816,,,,,,,,,,,,,,,,,,,,,,153,,,,,,,,,,,15.2,,,,51.5,,49.2773238,31.4361168,
08:16:04.846,,,,,,,,,,,,,,,,,,,,,,,,,,,,,,46.3,,,,,,,,,49.2773238,31.4361168,
08:16:04.894,,,,,,,,,,,,,,,,,,,,,,,2001,2,,,,,,,,,,,,,,,49.2773238,31.4361168,
08:16:04.929,,,,,,,,,,,,,,,,,,,,80,,,,,,,,,,,,,,,,,,,49.2773238,31.4361168,
08:16:04.979,,,,,,,,,,,,,,,,,,,,,,,,,,,,,,,,,,24,,,,,49.2773238,31.4361168,
08:16:05.027,,,,,,,,,,,,,,,,,,,,,,,,,,0.81,0.81,93.84,5924.31,,,17.7,,,,,,51,49.2773238,31.4361168,
08:16:05.074,,,,,,,,,,,,,,,,,,,,,,,,,,,,,,,-0.09,,,,,91,,,49.2773238,31.4361168,
08:16:05.159,,,,,,,,,,46.5,,,,,,,,,,,,,,,,,,,,,,,,,,,,,49.2773238,31.4361168,
08:16:05.207,,,,,,,,,354,,,,,,,,,,,,,,,,,,,,,,,,,,,,,,49.2773238,31.4361168,
08:16:05.243,,,,,,,,,,,3.692,,,,,,,,,,,,,,,,,,,,,,,,,,,,49.2773238,31.4361168,
08:16:05.279,,,,,,,,,,,,3.681,,,,,,,,,,,,,,,,,,,,,,,,,,,49.2773238,31.4361168,
08:16:05.338,24,,,,,,,,,,,,,,,,,,,,,,,,,,,,,,,,,,,,,,49.2773238,31.4361168,
08:16:05.374,,,-1600,,,,,,,,,,,,,,,,,,,,,,,,,,,,,,,,,,,,49.2773238,31.4361168,
08:16:05.410,,29,,,,,,,,,,,,,,,,,,,,,,,,,,,,,,,,,,,,,49.2773238,31.4361168,
08:16:05.459,,,,,23,,,,,,,,,,,,,,,,,,,,,,,,,,,,,,,,,,49.2773238,31.4361168,
08:16:05.507,,,,,,23,,,,,,,,,,,,,,,,,,,,,,,,,,,,,,,,,49.2773238,31.4361168,
08:16:05.579,,,,,,,22,,,,,,,,,,,,,,,,,,,,,,,,,,,,,,,,49.2773238,31.4361168,
08:16:05.661,,,,,,,,22,,,,,,,,,,,,,,,,,,,,,,,,,,,,,,,49.2773238,31.4361168,
08:16:05.747,,,,21,,,,,,,,,,,,,,,,,,,,,,,,,,,,,,,,,,,49.2773238,31.4361168,
08:16:05.800,,,,,,,,,,,,,,,,,,,,,,153,,,,,,,,,,,15.4,,,,52.7,,49.2774548,31.4361504,
08:16:05.841,,,,,,,,,,,,,,,,,,30,,,,,,,,,,,,,,,,,,,,,49.2774548,31.4361504,
08:16:05.913,,,,,,,,,,,,,,23,,,,,,,,,,,,,,,,,,,,,,,,,49.2774548,31.4361504,
08:16:05.951,,,,,,,,,,,,,,,,,20,,,,,,,,,,,,,,,,,,,,,,49.2774548,31.4361504,
08:16:05.998,,,,,,,,,,,,,23,,,,,,,,,,,,,,,,,,,,,,,,,,49.2774548,31.4361504,
08:16:06.058,,,,,,,,,,,,,,,1216,0.06,,,,,,,,,,,,,,,,,,,,,,,49.2774548,31.4361504,
08:16:06.095,,,,,,,,,,,,,,,,,,,52,,,,,,,,,,,,,,,,,,,,49.2774548,31.4361504,
08:16:06.166,,,,,,,,,,,,,,,,,,,,,,,,,,,,,,46.3,,,,,,,,,49.2774548,31.4361504,
08:16:06.214,,,,,,,,,,,,,,,,,,,,,,,,,,,,,,,,,,,37,,,,49.2774548,31.4361504,
08:16:06.274,,,,,,,,,,,,,,,,,,,,,,,1999,2,,,,,,,,,,,,,,,49.2774548,31.4361504,
08:16:06.322,,,,,,,,,,,,,,,,,,,,80,,,,,,,,,,,,,,,,,,,49.2774548,31.4361504,
08:16:06.358,,,,,,,,,,,,,,,,,,,,,,,,,,,,,,,,,,24,,,,,49.2774548,31.4361504,
08:16:06.418,,,,,,,,,,,,,,,,,,,,,,,,,0.005098581064889642,0.83,0.83,93.86,5924.33,,,18,,,,,,51,49.2774548,31.4361504,
08:16:06.467,,,,,,,,,,,,,,,,,,,,,,,,,,,,,,,-0.09,,,,,91,,,49.2774548,31.4361504,
08:16:06.538,,,,,,,,,,46.5,,,,,,,,,,,,,,,,,,,,,,,,,,,,,49.2774548,31.4361504,
08:16:06.586,,,,,,,,,353.4,,,,,,,,,,,,,,,,,,,,,,,,,,,,,,49.2774548,31.4361504,
08:16:06.671,,,,,,,,,,,3.688,,,,,,,,,,,,,,,,,,,,,,,,,,,,49.2774548,31.4361504,
08:16:06.743,,,,,,,,,,,,3.683,,,,,,,,,,,,,,,,,,,,,,,,,,,49.2774548,31.4361504,
08:16:06.804,,,,,,,,,,,,,,,,,,,,,,153,,,,,,,,,,,15.6,,,,52.7,,49.2775853,31.4361821,
08:16:06.815,27,,,,,,,,,,,,,,,,,,,,,,,,,,,,,,,,,,,,,,49.2775853,31.4361821,
08:16:06.850,,,25,,,,,,,,,,,,,,,,,,,,,,,,,,,,,,,,,,,,49.2775853,31.4361821,
08:16:06.886,,25,,,,,,,,,,,,,,,,,,,,,,,,,,,,,,,,,,,,,49.2775853,31.4361821,
08:16:06.934,,,,,23,,,,,,,,,,,,,,,,,,,,,,,,,,,,,,,,,,49.2775853,31.4361821,
08:16:07.007,,,,,,23,,,,,,,,,,,,,,,,,,,,,,,,,,,,,,,,,49.2775853,31.4361821,
08:16:07.054,,,,,,,22,,,,,,,,,,,,,,,,,,,,,,,,,,,,,,,,49.2775853,31.4361821,
08:16:07.103,,,,,,,,22,,,,,,,,,,,,,,,,,,,,,,,,,,,,,,,49.2775853,31.4361821,
08:16:07.138,,,,21,,,,,,,,,,,,,,,,,,,,,,,,,,,,,,,,,,,49.2775853,31.4361821,
08:16:07.223,,,,,,,,,,,,,,,,,,30,,,,,,,,,,,,,,,,,,,,,49.2775853,31.4361821,
08:16:07.258,,,,,,,,,,,,,,23,,,,,,,,,,,,,,,,,,,,,,,,,49.2775853,31.4361821,
08:16:07.318,,,,,,,,,,,,,,,,,26,,,,,,,,,,,,,,,,,,,,,,49.2775853,31.4361821,
08:16:07.414,,,,,,,,,,,,,23,,,,,,,,,,,,,,,,,,,,,,,,,,49.2775853,31.4361821,
08:16:07.498,,,,,,,,,,,,,,,1568,0.09,,,,,,,,,,,,,,,,,,,,,,,49.2775853,31.4361821,
08:16:07.570,,,,,,,,,,,,,,,,,,,53,,,,,,,,,,,,,,,,,,,,49.2775853,31.4361821,
08:16:07.728,,,,,,,,,,,,,,,,,,,,,,,,,,,,,,46.3,,,,,,,,,49.2775853,31.4361821,
08:16:07.778,,,,,,,,,,,,,,,,,,,,,,,2001,2,,,,,,,,,,,,,,,49.2775853,31.4361821,
08:16:07.801,,,,,,,,,,,,,,,,,,,,,,153,,,,,,,,,,,15.8,,,,53.5,,49.2777186,31.4362137,
08:16:07.814,,,,,,,,,,,,,,,,,,,,79.6,,,,,,,,,,,,,,,,,,,49.2777186,31.4362137,
08:16:07.874,,,,,,,,,,,,,,,,,,,,,,,,,,,,,,,,,,24,,,,,49.2777186,31.4362137,
08:16:07.923,,,,,,,,,,,,,,,,,,,,,,,,,0.010197162129779284,0.85,0.85,93.88,5924.36,,,18.3,,,,,,52,49.2777186,31.4362137,
08:16:07.958,,,,,,,,,,,,,,,,,,,,,,,,,,,,,,,-0.09,,,,,91,,,49.2777186,31.4362137,
08:16:08.018,,,,,,,,,,46.5,,,,,,,,,,,,,,,,,,,,,,,,,,,,,49.2777186,31.4362137,
08:16:08.055,,,,,,,,,357.2,,,,,,,,,,,,,,,,,,,,,,,,,,,,,,49.2777186,31.4362137,
08:16:08.090,,,,,,,,,,,3.703,,,,,,,,,,,,,,,,,,,,,,,,,,,,49.2777186,31.4362137,
08:16:08.128,,,,,,,,,,,,3.689,,,,,,,,,,,,,,,,,,,,,,,,,,,49.2777186,31.4362137,
08:16:08.174,33,,,,,,,,,,,,,,,,,,,,,,,,,,,,,,,,,,,,,,49.2777186,31.4362137,
08:16:08.211,,,29,,,,,,,,,,,,,,,,,,,,,,,,,,,,,,,,,,,,49.2777186,31.4362137,
08:16:08.246,,29,,,,,,,,,,,,,,,,,,,,,,,,,,,,,,,,,,,,,49.2777186,31.4362137,
08:16:08.295,,,,,23,,,,,,,,,,,,,,,,,,,,,,,,,,,,,,,,,,49.2777186,31.4362137,
08:16:08.342,,,,,,23,,,,,,,,,,,,,,,,,,,,,,,,,,,,,,,,,49.2777186,31.4362137,
08:16:08.426,,,,,,,22,,,,,,,,,,,,,,,,,,,,,,,,,,,,,,,,49.2777186,31.4362137,
08:16:08.499,,,,,,,,22,,,,,,,,,,,,,,,,,,,,,,,,,,,,,,,49.2777186,31.4362137,
08:16:08.607,,,,21,,,,,,,,,,,,,,,,,,,,,,,,,,,,,,,,,,,49.2777186,31.4362137,
08:16:08.702,,,,,,,,,,,,,,,,,,30,,,,,,,,,,,,,,,,,,,,,49.2777186,31.4362137,
08:16:08.750,,,,,,,,,,,,,,23,,,,,,,,,,,,,,,,,,,,,,,,,49.2777186,31.4362137,
08:16:08.787,,,,,,,,,,,,,,,,,15,,,,,,,,,,,,,,,,,,,,,,49.2777186,31.4362137,
08:16:08.802,,,,,,,,,,,,,,,,,,,,,,153,,,,,,,,,,,16,,,,54,,49.2778526,31.4362467,
08:16:08.822,,,,,,,,,,,,,24,,,,,,,,,,,,,,,,,,,,,,,,,,49.2778526,31.4362467,
08:16:08.859,,,,,,,,,,,,,,,960,0.05,,,,,,,,,,,,,,,,,,,,,,,49.2778526,31.4362467,
08:16:08.906,,,,,,,,,,,,,,,,,,,54,,,,,,,,,,,,,,,,,,,,49.2778526,31.4362467,
08:16:08.989,,,,,,,,,,,,,,,,,,,,,,,,,,,,,,46.3,,,,,,,,,49.2778526,31.4362467,
08:16:09.039,,,,,,,,,,,,,,,,,,,,,,,,,,,,,,,,,,,38,,,,49.2778526,31.4362467,
08:16:09.075,,,,,,,,,,,,,,,,,,,,,,,2002,2,,,,,,,,,,,,,,,49.2778526,31.4362467,
08:16:09.133,,,,,,,,,,,,,,,,,,,,79.2,,,,,,,,,,,,,,,,,,,49.2778526,31.4362467,
08:16:09.183,,,,,,,,,,,,,,,,,,,,,,,,,,,,,,,,,,25,,,,,49.2778526,31.4362467,
08:16:09.219,,,,,,,,,,,,,,,,,,,,,,,,,0.015295743194668924,0.87,0.87,93.9,5924.37,,,18.6,,,,,,53,49.2778526,31.4362467,
08:16:09.270,,,,,,,,,,,,,,,,,,,,,,,,,,,,,,,-0.1,,,,,90,,,49.2778526,31.4362467,
08:16:09.430,,,,,,,,,,47,,,,,,,,,,,,,,,,,,,,,,,,,,,,,49.2778526,31.4362467,
08:16:09.502,,,,,,,,,356,,,,,,,,,,,,,,,,,,,,,,,,,,,,,,49.2778526,31.4362467,
08:16:09.575,,,,,,,,,,,3.714,,,,,,,,,,,,,,,,,,,,,,,,,,,,49.2778526,31.4362467,
08:16:09.610,,,,,,,,,,,,3.701,,,,,,,,,,,,,,,,,,,,,,,,,,,49.2778526,31.4362467,
08:16:09.646,44,,,,,,,,,,,,,,,,,,,,,,,,,,,,,,,,,,,,,,49.2778526,31.4362467,
08:16:09.694,,,-1600,,,,,,,,,,,,,,,,,,,,,,,,,,,,,,,,,,,,49.2778526,31.4362467,
08:16:09.743,,46,,,,,,,,,,,,,,,,,,,,,,,,,,,,,,,,,,,,,49.2778526,31.4362467,
08:16:09.799,,,,,,,,,,,,,,,,,,,,,,153,,,,,,,,,,,16.2,,,,54.2,,49.2779873,31.4362812,
08:16:09.803,,,,,23,,,,,,,,,,,,,,,,,,,,,,,,,,,,,,,,,,49.2779873,31.4362812,
08:16:09.839,,,,,,23,,,,,,,,,,,,,,,,,,,,,,,,,,,,,,,,,49.2779873,31.4362812,
08:16:09.875,,,,,,,22,,,,,,,,,,,,,,,,,,,,,,,,,,,,,,,,49.2779873,31.4362812,
08:16:09.921,,,,,,,,22,,,,,,,,,,,,,,,,,,,,,,,,,,,,,,,49.2779873,31.4362812,
08:16:09.959,,,,21,,,,,,,,,,,,,,,,,,,,,,,,,,,,,,,,,,,49.2779873,31.4362812,
08:16:10.043,,,,,,,,,,,,,,,,,,30,,,,,,,,,,,,,,,,,,,,,49.2779873,31.4362812,
08:16:10.078,,,,,,,,,,,,,,24,,,,,,,,,,,,,,,,,,,,,,,,,49.2779873,31.4362812,
08:16:10.113,,,,,,,,,,,,,,,,,2,,,,,,,,,,,,,,,,,,,,,,49.2779873,31.4362812,
08:16:10.150,,,,,,,,,,,,,24,,,,,,,,,,,,,,,,,,,,,,,,,,49.2779873,31.4362812,
08:16:10.210,,,,,,,,,,,,,,,192,0,,,,,,,,,,,,,,,,,,,,,,,49.2779873,31.4362812,
08:16:10.258,,,,,,,,,,,,,,,,,,,54,,,,,,,,,,,,,,,,,,,,49.2779873,31.4362812,
08:16:10.414,,,,,,,,,,,,,,,,,,,,,,,,,,,,,,46.3,,,,,,,,,49.2779873,31.4362812,
08:16:10.497,,,,,,,,,,,,,,,,,,,,,,,1999,2,,,,,,,,,,,,,,,49.2779873,31.4362812,
08:16:10.558,,,,,,,,,,,,,,,,,,,,79.6,,,,,,,,,,,,,,,,,,,49.2779873,31.4362812,
08:16:10.593,,,,,,,,,,,,,,,,,,,,,,,,,,,,,,,,,,25,,,,,49.2779873,31.4362812,
08:16:10.631,,,,,,,,,,,,,,,,,,,,,,,,,0.010197162129779284,0.89,0.89,93.92,5924.4,,,18.9,,,,,,53,49.2779873,31.4362812,
08:16:10.678,,,,,,,,,,,,,,,,,,,,,,,,,,,,,,,-0.1,,,,,90,,,49.2779873,31.4362812,
08:16:10.763,,,,,,,,,,47.5,,,,,,,,,,,,,,,,,,,,,,,,,,,,,49.2779873,31.4362812,
08:16:10.799,,,,,,,,,358.1,,,,,,,,,,,,,,,,,,,,,,,,,,,,,,49.2779873,31.4362812,
08:16:10.806,,,,,,,,,,,,,,,,,,,,,,153,,,,,,,,,,,16.4,,,,54.3,,49.2781203,31.4363193,
08:16:10.834,,,,,,,,,,,3.732,,,,,,,,,,,,,,,,,,,,,,,,,,,,49.2781203,31.4363193,
08:16:10.869,,,,,,,,,,,,3.72,,,,,,,,,,,,,,,,,,,,,,,,,,,49.2781203,31.4363193,
08:16:10.954,48,,,,,,,,,,,,,,,,,,,,,,,,,,,,,,,,,,,,,,49.2781203,31.4363193,
08:16:10.990,,,-1600,,,,,,,,,,,,,,,,,,,,,,,,,,,,,,,,,,,,49.2781203,31.4363193,
08:16:11.039,,43,,,,,,,,,,,,,,,,,,,,,,,,,,,,,,,,,,,,,49.2781203,31.4363193,
08:16:11.099,,,,,23,,,,,,,,,,,,,,,,,,,,,,,,,,,,,,,,,,49.2781203,31.4363193,
08:16:11.151,,,,,,23,,,,,,,,,,,,,,,,,,,,,,,,,,,,,,,,,49.2781203,31.4363193,
08:16:11.199,,,,,,,22,,,,,,,,,,,,,,,,,,,,,,,,,,,,,,,,49.2781203,31.4363193,
08:16:11.234,,,,,,,,22,,,,,,,,,,,,,,,,,,,,,,,,,,,,,,,49.2781203,31.4363193,
08:16:11.270,,,,21,,,,,,,,,,,,,,,,,,,,,,,,,,,,,,,,,,,49.2781203,31.4363193,
08:16:11.414,,,,,,,,,,,,,,,,,,30,,,,,,,,,,,,,,,,,,,,,49.2781203,31.4363193,
08:16:11.511,,,,,,,,,,,,,,24,,,,,,,,,,,,,,,,,,,,,,,,,49.2781203,31.4363193,
08:16:11.593,,,,,,,,,,,,,,,,,8,,,,,,,,,,,,,,,,,,,,,,49.2781203,31.4363193,
08:16:11.666,,,,,,,,,,,,,24,,,,,,,,,,,,,,,,,,,,,,,,,,49.2781203,31.4363193,
08:16:11.715,,,,,,,,,,,,,,,832,0.05,,,,,,,,,,,,,,,,,,,,,,,49.2781203,31.4363193,
08:16:11.763,,,,,,,,,,,,,,,,,,,54,,,,,,,,,,,,,,,,,,,,49.2781203,31.4363193,
08:16:11.803,,,,,,,,,,,,,,,,,,,,,,153,,,,,,,,,,,16.6,,,,53.9,,49.2782502,31.4363577,
08:16:11.870,,,,,,,,,,,,,,,,,,,,,,,,,,,,,,45.9,,,,,,,,,49.2782502,31.4363577,
08:16:11.907,,,,,,,,,,,,,,,,,,,,,,,,,,,,,,,,,,,40,,,,49.2782502,31.4363577,
08:16:11.954,,,,,,,,,,,,,,,,,,,,,,,2002,2,,,,,,,,,,,,,,,49.2782502,31.4363577,
08:16:12.015,,,,,,,,,,,,,,,,,,,,79.2,,,,,,,,,,,,,,,,,,,49.2782502,31.4363577,
08:16:12.066,,,,,,,,,,,,,,,,,,,,,,,,,,,,,,,,,,25,,,,,49.2782502,31.4363577,
08:16:12.103,,,,,,,,,,,,,,,,,,,,,,,,,0.010197162129779284,0.91,0.91,93.94,5924.42,,,19.1,,,,,,53,49.2782502,31.4363577,
08:16:12.138,,,,,,,,,,,,,,,,,,,,,,,,,,,,,,,-0.09,,,,,91,,,49.2782502,31.4363577,
08:16:12.234,,,,,,,,,,47.5,,,,,,,,,,,,,,,,,,,,,,,,,,,,,49.2782502,31.4363577,
08:16:12.365,,,,,,,,,358.1,,,,,,,,,,,,,,,,,,,,,,,,,,,,,,49.2782502,31.4363577,
08:16:12.451,,,,,,,,,,,3.737,,,,,,,,,,,,,,,,,,,,,,,,,,,,49.2782502,31.4363577,
08:16:12.497,,,,,,,,,,,,3.73,,,,,,,,,,,,,,,,,,,,,,,,,,,49.2782502,31.4363577,
08:16:12.571,46,,,,,,,,,,,,,,,,,,,,,,,,,,,,,,,,,,,,,,49.2782502,31.4363577,
08:16:12.619,,,-1600,,,,,,,,,,,,,,,,,,,,,,,,,,,,,,,,,,,,49.2782502,31.4363577,
08:16:12.653,,44,,,,,,,,,,,,,,,,,,,,,,,,,,,,,,,,,,,,,49.2782502,31.4363577,
08:16:12.689,,,,,23,,,,,,,,,,,,,,,,,,,,,,,,,,,,,,,,,,49.2782502,31.4363577,
08:16:12.739,,,,,,23,,,,,,,,,,,,,,,,,,,,,,,,,,,,,,,,,49.2782502,31.4363577,
08:16:12.774,,,,,,,22,,,,,,,,,,,,,,,,,,,,,,,,,,,,,,,,49.2782502,31.4363577,
08:16:12.804,,,,,,,,,,,,,,,,,,,,,,153,,,,,,,,,,,16.8,,,,53.9,,49.2783828,31.4363915,
08:16:12.809,,,,,,,,22,,,,,,,,,,,,,,,,,,,,,,,,,,,,,,,49.2783828,31.4363915,
08:16:12.857,,,,21,,,,,,,,,,,,,,,,,,,,,,,,,,,,,,,,,,,49.2783828,31.4363915,
08:16:12.943,,,,,,,,,,,,,,,,,,30,,,,,,,,,,,,,,,,,,,,,49.2783828,31.4363915,
08:16:12.979,,,,,,,,,,,,,,24,,,,,,,,,,,,,,,,,,,,,,,,,49.2783828,31.4363915,
08:16:13.026,,,,,,,,,,,,,,,,,9,,,,,,,,,,,,,,,,,,,,,,49.2783828,31.4363915,
08:16:13.062,,,,,,,,,,,,,24,,,,,,,,,,,,,,,,,,,,,,,,,,49.2783828,31.4363915,
08:16:13.099,,,,,,,,,,,,,,,736,0.03,,,,,,,,,,,,,,,,,,,,,,,49.2783828,31.4363915,
08:16:13.171,,,,,,,,,,,,,,,,,,,54,,,,,,,,,,,,,,,,,,,,49.2783828,31.4363915,
08:16:13.290,,,,,,,,,,,,,,,,,,,,,,,,,,,,,,45.9,,,,,,,,,49.2783828,31.4363915,
08:16:13.422,,,,,,,,,,,,,,,,,,,,,,,1999,2,,,,,,,,,,,,,,,49.2783828,31.4363915,
08:16:13.457,,,,,,,,,,,,,,,,,,,,79.2,,,,,,,,,,,,,,,,,,,49.2783828,31.4363915,
08:16:13.507,,,,,,,,,,,,,,,,,,,,,,,,,,,,,,,,,,25,,,,,49.2783828,31.4363915,
08:16:13.543,,,,,,,,,,,,,,,,,,,,,,,,,0.005098581064889642,0.93,0.93,93.96,5924.44,,,19.4,,,,,,53,49.2783828,31.4363915,
08:16:13.580,,,,,,,,,,,,,,,,,,,,,,,,,,,,,,,-0.1,,,,,90,,,49.2783828,31.4363915,
08:16:13.650,,,,,,,,,,48,,,,,,,,,,,,,,,,,,,,,,,,,,,,,49.2783828,31.4363915,
08:16:13.711,,,,,,,,,358.4,,,,,,,,,,,,,,,,,,,,,,,,,,,,,,49.2783828,31.4363915,
08:16:13.747,,,,,,,,,,,3.741,,,,,,,,,,,,,,,,,,,,,,,,,,,,49.2783828,31.4363915,
08:16:13.783,,,,,,,,,,,,3.731,,,,,,,,,,,,,,,,,,,,,,,,,,,49.2783828,31.4363915,
08:16:13.804,,,,,,,,,,,,,,,,,,,,,,153,,,,,,,,,,,16.9,,,,54.3,,49.2785164,31.4364288,
08:16:13.831,42,,,,,,,,,,,,,,,,,,,,,,,,,,,,,,,,,,,,,,49.2785164,31.4364288,
08:16:13.867,,,-1600,,,,,,,,,,,,,,,,,,,,,,,,,,,,,,,,,,,,49.2785164,31.4364288,
08:16:13.904,,42,,,,,,,,,,,,,,,,,,,,,,,,,,,,,,,,,,,,,49.2785164,31.4364288,
08:16:13.973,,,,,23,,,,,,,,,,,,,,,,,,,,,,,,,,,,,,,,,,49.2785164,31.4364288,
08:16:14.011,,,,,,23,,,,,,,,,,,,,,,,,,,,,,,,,,,,,,,,,49.2785164,31.4364288,
08:16:14.095,,,,,,,22,,,,,,,,,,,,,,,,,,,,,,,,,,,,,,,,49.2785164,31.4364288,
08:16:14.191,,,,,,,,22,,,,,,,,,,,,,,,,,,,,,,,,,,,,,,,49.2785164,31.4364288,
08:16:14.263,,,,21,,,,,,,,,,,,,,,,,,,,,,,,,,,,,,,,,,,49.2785164,31.4364288,
08:16:14.370,,,,,,,,,,,,,,,,,,30,,,,,,,,,,,,,,,,,,,,,49.2785164,31.4364288,
08:16:14.407,,,,,,,,,,,,,,24,,,,,,,,,,,,,,,,,,,,,,,,,49.2785164,31.4364288,
08:16:14.442,,,,,,,,,,,,,,,,,9,,,,,,,,,,,,,,,,,,,,,,49.2785164,31.4364288,
08:16:14.479,,,,,,,,,,,,,25,,,,,,,,,,,,,,,,,,,,,,,,,,49.2785164,31.4364288,
08:16:14.515,,,,,,,,,,,,,,,576,0.03,,,,,,,,,,,,,,,,,,,,,,,49.2785164,31.4364288,
08:16:14.550,,,,,,,,,,,,,,,,,,,54,,,,,,,,,,,,,,,,,,,,49.2785164,31.4364288,
08:16:14.671,,,,,,,,,,,,,,,,,,,,,,,,,,,,,,45.9,,,,,,,,,49.2785164,31.4364288,
08:16:14.729,,,,,,,,,,,,,,,,,,,,,,,,,,,,,,,,,,,41,,,,49.2785164,31.4364288,
08:16:14.791,,,,,,,,,,,,,,,,,,,,,,,2000,2,,,,,,,,,,,,,,,49.2785164,31.4364288,
08:16:14.807,,,,,,,,,,,,,,,,,,,,,,153,,,,,,,,,,,17.1,,,,54.3,,49.27865,31.4364672,
08:16:14.850,,,,,,,,,,,,,,,,,,,,79.2,,,,,,,,,,,,,,,,,,,49.27865,31.4364672,
08:16:14.886,,,,,,,,,,,,,,,,,,,,,,,,,,,,,,,,,,26,,,,,49.27865,31.4364672,
08:16:14.933,,,,,,,,,,,,,,,,,,,,,,,,,0,0.95,0.95,93.98,5924.46,,,19.7,,,,,,53,49.27865,31.4364672,
08:16:14.994,,,,,,,,,,,,,,,,,,,,,,,,,,,,,,,-0.1,,,,,90,,,49.27865,31.4364672,
08:16:15.077,,,,,,,,,,48.5,,,,,,,,,,,,,,,,,,,,,,,,,,,,,49.27865,31.4364672,
08:16:15.151,,,,,,,,,359,,,,,,,,,,,,,,,,,,,,,,,,,,,,,,49.27865,31.4364672,
08:16:15.222,,,,,,,,,,,3.75,,,,,,,,,,,,,,,,,,,,,,,,,,,,49.27865,31.4364672,
08:16:15.318,,,,,,,,,,,,3.736,,,,,,,,,,,,,,,,,,,,,,,,,,,49.27865,31.4364672,
08:16:15.379,44,,,,,,,,,,,,,,,,,,,,,,,,,,,,,,,,,,,,,,49.27865,31.4364672,
08:16:15.426,,,-1600,,,,,,,,,,,,,,,,,,,,,,,,,,,,,,,,,,,,49.27865,31.4364672,
08:16:15.499,,45,,,,,,,,,,,,,,,,,,,,,,,,,,,,,,,,,,,,,49.27865,31.4364672,
08:16:15.546,,,,,23,,,,,,,,,,,,,,,,,,,,,,,,,,,,,,,,,,49.27865,31.4364672,
08:16:15.583,,,,,,23,,,,,,,,,,,,,,,,,,,,,,,,,,,,,,,,,49.27865,31.4364672,
08:16:15.631,,,,,,,22,,,,,,,,,,,,,,,,,,,,,,,,,,,,,,,,49.27865,31.4364672,
08:16:15.666,,,,,,,,22,,,,,,,,,,,,,,,,,,,,,,,,,,,,,,,49.27865,31.4364672,
08:16:15.702,,,,21,,,,,,,,,,,,,,,,,,,,,,,,,,,,,,,,,,,49.27865,31.4364672,
08:16:15.762,,,,,,,,,,,,,,,,,,30,,,,,,,,,,,,,,,,,,,,,49.27865,31.4364672,
08:16:15.805,,,,,,,,,,,,,,,,,,,,,,153,,,,,,,,,,,17.3,,,,54.3,,49.2787838,31.4365035,
08:16:15.810,,,,,,,,,,,,,,24,,,,,,,,,,,,,,,,,,,,,,,,,49.2787838,31.4365035,
08:16:15.870,,,,,,,,,,,,,,,,,6,,,,,,,,,,,,,,,,,,,,,,49.2787838,31.4365035,
08:16:15.931,,,,,,,,,,,,,25,,,,,,,,,,,,,,,,,,,,,,,,,,49.2787838,31.4365035,
08:16:15.966,,,,,,,,,,,,,,,512,0.03,,,,,,,,,,,,,,,,,,,,,,,49.2787838,31.4365035,
08:16:16.015,,,,,,,,,,,,,,,,,,,54,,,,,,,,,,,,,,,,,,,,49.2787838,31.4365035,
08:16:16.159,,,,,,,,,,,,,,,,,,,,,,,,,,,,,,45.9,,,,,,,,,49.2787838,31.4365035,
08:16:16.315,,,,,,,,,,,,,,,,,,,,,,,1999,2,,,,,,,,,,,,,,,49.2787838,31.4365035,
08:16:16.362,,,,,,,,,,,,,,,,,,,,79.2,,,,,,,,,,,,,,,,,,,49.2787838,31.4365035,
08:16:16.423,,,,,,,,,,,,,,,,,,,,,,,,,,,,,,,,,,26,,,,,49.2787838,31.4365035,
08:16:16.457,,,,,,,,,,,,,,,,,,,,,,,,,0,0.98,0.98,94,5924.48,,,20,,,,,,53,49.2787838,31.4365035,
08:16:16.507,,,,,,,,,,,,,,,,,,,,,,,,,,,,,,,-0.09,,,,,91,,,49.2787838,31.4365035,
08:16:16.601,,,,,,,,,,48.5,,,,,,,,,,,,,,,,,,,,,,,,,,,,,49.2787838,31.4365035,
08:16:16.651,,,,,,,,,358.2,,,,,,,,,,,,,,,,,,,,,,,,,,,,,,49.2787838,31.4365035,
08:16:16.686,,,,,,,,,,,3.754,,,,,,,,,,,,,,,,,,,,,,,,,,,,49.2787838,31.4365035,
08:16:16.721,,,,,,,,,,,,3.742,,,,,,,,,,,,,,,,,,,,,,,,,,,49.2787838,31.4365035,
08:16:16.781,43,,,,,,,,,,,,,,,,,,,,,,,,,,,,,,,,,,,,,,49.2787838,31.4365035,
08:16:16.803,,,,,,,,,,,,,,,,,,,,,,153,,,,,,,,,,,17.5,,,,54,,49.2789181,31.4365354,
08:16:16.818,,,-1600,,,,,,,,,,,,,,,,,,,,,,,,,,,,,,,,,,,,49.2789181,31.4365354,
08:16:16.902,,48,,,,,,,,,,,,,,,,,,,,,,,,,,,,,,,,,,,,,49.2789181,31.4365354,
08:16:16.950,,,,,23,,,,,,,,,,,,,,,,,,,,,,,,,,,,,,,,,,49.2789181,31.4365354,
08:16:17.011,,,,,,23,,,,,,,,,,,,,,,,,,,,,,,,,,,,,,,,,49.2789181,31.4365354,
08:16:17.155,,,,,,,22,,,,,,,,,,,,,,,,,,,,,,,,,,,,,,,,49.2789181,31.4365354,
08:16:17.299,,,,,,,,22,,,,,,,,,,,,,,,,,,,,,,,,,,,,,,,49.2789181,31.4365354,
08:16:17.346,,,,21,,,,,,,,,,,,,,,,,,,,,,,,,,,,,,,,,,,49.2789181,31.4365354,
08:16:17.419,,,,,,,,,,,,,,,,,,30,,,,,,,,,,,,,,,,,,,,,49.2789181,31.4365354,
08:16:17.466,,,,,,,,,,,,,,24,,,,,,,,,,,,,,,,,,,,,,,,,49.2789181,31.4365354,
08:16:17.514,,,,,,,,,,,,,,,,,7,,,,,,,,,,,,,,,,,,,,,,49.2789181,31.4365354,
08:16:17.562,,,,,,,,,,,,,27,,,,,,,,,,,,,,,,,,,,,,,,,,49.2789181,31.4365354,
08:16:17.634,,,,,,,,,,,,,,,256,0.02,,,,,,,,,,,,,,,,,,,,,,,49.2789181,31.4365354,
08:16:17.705,,,,,,,,,,,,,,,,,,,54,,,,,,,,,,,,,,,,,,,,49.2789181,31.4365354,
08:16:17.765,,,,,,,,,,,,,,,,,,,,,,,,,,,,,,45.9,,,,,,,,,49.2789181,31.4365354,
08:16:17.803,,,,,,,,,,,,,,,,,,,,,,153,,,,,,,,,,,17.7,,,,54,,49.2790522,31.4365704,
08:16:17.804,,,,,,,,,,,,,,,,,,,,,,,,,,,,,,,,,,,43,,,,49.2790522,31.4365704,
08:16:17.842,,,,,,,,,,,,,,,,,,,,,,,2000,2,,,,,,,,,,,,,,,49.2790522,31.4365704,
08:16:17.906,,,,,,,,,,,,,,,,,,,,79.2,,,,,,,,,,,,,,,,,,,49.2790522,31.4365704,
08:16:17.966,,,,,,,,,,,,,,,,,,,,,,,,,,,,,,,,,,26,,,,,49.2790522,31.4365704,
08:16:18.050,,,,,,,,,,,,,,,,,,,,,,,,,0,1,1,94.03,5924.5,,,20.3,,,,,,53,49.2790522,31.4365704,
08:16:18.135,,,,,,,,,,,,,,,,,,,,,,,,,,,,,,,-0.09,,,,,91,,,49.2790522,31.4365704,
08:16:18.313,,,,,,,,,,49,,,,,,,,,,,,,,,,,,,,,,,,,,,,,49.2790522,31.4365704,
08:16:18.351,,,,,,,,,360.6,,,,,,,,,,,,,,,,,,,,,,,,,,,,,,49.2790522,31.4365704,
08:16:18.399,,,,,,,,,,,3.759,,,,,,,,,,,,,,,,,,,,,,,,,,,,49.2790522,31.4365704,
08:16:18.446,,,,,,,,,,,,3.742,,,,,,,,,,,,,,,,,,,,,,,,,,,49.2790522,31.4365704,
08:16:18.494,46,,,,,,,,,,,,,,,,,,,,,,,,,,,,,,,,,,,,,,49.2790522,31.4365704,
08:16:18.532,,,-1600,,,,,,,,,,,,,,,,,,,,,,,,,,,,,,,,,,,,49.2790522,31.4365704,
08:16:18.594,,44,,,,,,,,,,,,,,,,,,,,,,,,,,,,,,,,,,,,,49.2790522,31.4365704,
08:16:18.666,,,,,23,,,,,,,,,,,,,,,,,,,,,,,,,,,,,,,,,,49.2790522,31.4365704,
08:16:18.703,,,,,,23,,,,,,,,,,,,,,,,,,,,,,,,,,,,,,,,,49.2790522,31.4365704,
08:16:18.751,,,,,,,22,,,,,,,,,,,,,,,,,,,,,,,,,,,,,,,,49.2790522,31.4365704,
08:16:18.785,,,,,,,,22,,,,,,,,,,,,,,,,,,,,,,,,,,,,,,,49.2790522,31.4365704,
08:16:18.809,,,,,,,,,,,,,,,,,,,,,,153,,,,,,,,,,,17.8,,,,54.1,,49.2791854,31.4366102,
08:16:18.834,,,,21,,,,,,,,,,,,,,,,,,,,,,,,,,,,,,,,,,,49.2791854,31.4366102,
08:16:18.919,,,,,,,,,,,,,,,,,,30,,,,,,,,,,,,,,,,,,,,,49.2791854,31.4366102,
08:16:18.966,,,,,,,,,,,,,,24,,,,,,,,,,,,,,,,,,,,,,,,,49.2791854,31.4366102,
08:16:19.085,,,,,,,,,,,,,,,,,7,,,,,,,,,,,,,,,,,,,,,,49.2791854,31.4366102,
08:16:19.159,,,,,,,,,,,,,27,,,,,,,,,,,,,,,,,,,,,,,,,,49.2791854,31.4366102,
08:16:19.218,,,,,,,,,,,,,,,384,0.02,,,,,,,,,,,,,,,,,,,,,,,49.2791854,31.4366102,
08:16:19.254,,,,,,,,,,,,,,,,,,,54,,,,,,,,,,,,,,,,,,,,49.2791854,31.4366102,
08:16:19.338,,,,,,,,,,,,,,,,,,,,,,,,,,,,,,46.3,,,,,,,,,49.2791854,31.4366102,
08:16:19.374,,,,,,,,,,,,,,,,,,,,,,,1999,2,,,,,,,,,,,,,,,49.2791854,31.4366102,
08:16:19.411,,,,,,,,,,,,,,,,,,,,79.2,,,,,,,,,,,,,,,,,,,49.2791854,31.4366102,
08:16:19.459,,,,,,,,,,,,,,,,,,,,,,,,,,,,,,,,,,26,,,,,49.2791854,31.4366102,
08:16:19.519,,,,,,,,,,,,,,,,,,,,,,,,,0,1.02,1.02,94.05,5924.53,,,20.5,,,,,,53,49.2791854,31.4366102,
08:16:19.566,,,,,,,,,,,,,,,,,,,,,,,,,,,,,,,-0.09,,,,,91,,,49.2791854,31.4366102,
08:16:19.643,,,,,,,,,,49.5,,,,,,,,,,,,,,,,,,,,,,,,,,,,,49.2791854,31.4366102,
08:16:19.679,,,,,,,,,363.7,,,,,,,,,,,,,,,,,,,,,,,,,,,,,,49.2791854,31.4366102,
08:16:19.714,,,,,,,,,,,3.787,,,,,,,,,,,,,,,,,,,,,,,,,,,,49.2791854,31.4366102,
08:16:19.763,,,,,,,,,,,,3.775,,,,,,,,,,,,,,,,,,,,,,,,,,,49.2791854,31.4366102,
08:16:19.806,,,,,,,,,,,,,,,,,,,,,,151,,,,,,,,,,,18,,,,53.6,,49.2793171,31.4366493,
08:16:19.811,62,,,,,,,,,,,,,,,,,,,,,,,,,,,,,,,,,,,,,,49.2793171,31.4366493,
08:16:19.858,,,-1600,,,,,,,,,,,,,,,,,,,,,,,,,,,,,,,,,,,,49.2793171,31.4366493,
08:16:19.918,,63,,,,,,,,,,,,,,,,,,,,,,,,,,,,,,,,,,,,,49.2793171,31.4366493,
08:16:20.003,,,,,23,,,,,,,,,,,,,,,,,,,,,,,,,,,,,,,,,,49.2793171,31.4366493,
08:16:20.075,,,,,,23,,,,,,,,,,,,,,,,,,,,,,,,,,,,,,,,,49.2793171,31.4366493,
08:16:20.151,,,,,,,22,,,,,,,,,,,,,,,,,,,,,,,,,,,,,,,,49.2793171,31.4366493,
08:16:20.199,,,,,,,,22,,,,,,,,,,,,,,,,,,,,,,,,,,,,,,,49.2793171,31.4366493,
08:16:20.235,,,,21,,,,,,,,,,,,,,,,,,,,,,,,,,,,,,,,,,,49.2793171,31.4366493,
08:16:20.318,,,,,,,,,,,,,,,,,,30,,,,,,,,,,,,,,,,,,,,,49.2793171,31.4366493,
08:16:20.355,,,,,,,,,,,,,,24,,,,,,,,,,,,,,,,,,,,,,,,,49.2793171,31.4366493,
08:16:20.402,,,,,,,,,,,,,,,,,-2,,,,,,,,,,,,,,,,,,,,,,49.2793171,31.4366493,
08:16:20.450,,,,,,,,,,,,,27,,,,,,,,,,,,,,,,,,,,,,,,,,49.2793171,31.4366493,
08:16:20.487,,,,,,,,,,,,,,,-32,-0.02,,,,,,,,,,,,,,,,,,,,,,,49.2793171,31.4366493,
08:16:20.533,,,,,,,,,,,,,,,,,,,53,,,,,,,,,,,,,,,,,,,,49.2793171,31.4366493,
08:16:20.607,,,,,,,,,,,,,,,,,,,,,,,,,,,,,,45.9,,,,,,,,,49.2793171,31.4366493,
08:16:20.667,,,,,,,,,,,,,,,,,,,,,,,,,,,,,,,,,,,44,,,,49.2793171,31.4366493,
08:16:20.703,,,,,,,,,,,,,,,,,,,,,,,2000,2,,,,,,,,,,,,,,,49.2793171,31.4366493,
08:16:20.762,,,,,,,,,,,,,,,,,,,,79.2,,,,,,,,,,,,,,,,,,,49.2793171,31.4366493,
08:16:20.805,,,,,,,,,,,,,,,,,,,,,,151,,,,,,,,,,,18.2,,,,53.1,,49.2794471,31.4366875,
08:16:20.821,,,,,,,,,,,,,,,,,,,,,,,,,,,,,,,,,,27,,,,,49.2794471,31.4366875,
08:16:20.858,,,,,,,,,,,,,,,,,,,,,,,,,-0.005098581064889642,1.04,1.04,94.07,5924.55,,,20.8,,,,,,52,49.2794471,31.4366875,
08:16:20.943,,,,,,,,,,,,,,,,,,,,,,,,,,,,,,,-0.09,,,,,91,,,49.2794471,31.4366875,
08:16:21.110,,,,,,,,,,50,,,,,,,,,,,,,,,,,,,,,,,,,,,,,49.2794471,31.4366875,
08:16:21.158,,,,,,,,,361.8,,,,,,,,,,,,,,,,,,,,,,,,,,,,,,49.2794471,31.4366875,
08:16:21.230,,,,,,,,,,,3.776,,,,,,,,,,,,,,,,,,,,,,,,,,,,49.2794471,31.4366875,
08:16:21.267,,,,,,,,,,,,3.761,,,,,,,,,,,,,,,,,,,,,,,,,,,49.2794471,31.4366875,
08:16:21.317,51,,,,,,,,,,,,,,,,,,,,,,,,,,,,,,,,,,,,,,49.2794471,31.4366875,
08:16:21.366,,,-1600,,,,,,,,,,,,,,,,,,,,,,,,,,,,,,,,,,,,49.2794471,31.4366875,
08:16:21.402,,48,,,,,,,,,,,,,,,,,,,,,,,,,,,,,,,,,,,,,49.2794471,31.4366875,
08:16:21.451,,,,,23,,,,,,,,,,,,,,,,,,,,,,,,,,,,,,,,,,49.2794471,31.4366875,
08:16:21.486,,,,,,23,,,,,,,,,,,,,,,,,,,,,,,,,,,,,,,,,49.2794471,31.4366875,
08:16:21.523,,,,,,,22,,,,,,,,,,,,,,,,,,,,,,,,,,,,,,,,49.2794471,31.4366875,
08:16:21.570,,,,,,,,22,,,,,,,,,,,,,,,,,,,,,,,,,,,,,,,49.2794471,31.4366875,
08:16:21.618,,,,21,,,,,,,,,,,,,,,,,,,,,,,,,,,,,,,,,,,49.2794471,31.4366875,
08:16:21.679,,,,,,,,,,,,,,,,,,30,,,,,,,,,,,,,,,,,,,,,49.2794471,31.4366875,
08:16:21.727,,,,,,,,,,,,,,24,,,,,,,,,,,,,,,,,,,,,,,,,49.2794471,31.4366875,
08:16:21.762,,,,,,,,,,,,,,,,,3,,,,,,,,,,,,,,,,,,,,,,49.2794471,31.4366875,
08:16:21.805,,,,,,,,,,,,,,,,,,,,,,151,,,,,,,,,,,18.3,,,,52.7,,49.2795767,31.4367265,
08:16:21.809,,,,,,,,,,,,,29,,,,,,,,,,,,,,,,,,,,,,,,,,49.2795767,31.4367265,
08:16:21.870,,,,,,,,,,,,,,,128,0,,,,,,,,,,,,,,,,,,,,,,,49.2795767,31.4367265,
08:16:21.953,,,,,,,,,,,,,,,,,,,52,,,,,,,,,,,,,,,,,,,,49.2795767,31.4367265,
08:16:22.087,,,,,,,,,,,,,,,,,,,,,,,,,,,,,,45.9,,,,,,,,,49.2795767,31.4367265,
08:16:22.134,,,,,,,,,,,,,,,,,,,,,,,1999,2,,,,,,,,,,,,,,,49.2795767,31.4367265,
08:16:22.171,,,,,,,,,,,,,,,,,,,,79.2,,,,,,,,,,,,,,,,,,,49.2795767,31.4367265,
08:16:22.218,,,,,,,,,,,,,,,,,,,,,,,,,,,,,,,,,,27,,,,,49.2795767,31.4367265,
08:16:22.266,,,,,,,,,,,,,,,,,,,,,,,,,-0.005098581064889642,1.06,1.06,94.09,5924.57,,,21,,,,,,52,49.2795767,31.4367265,
08:16:22.315,,,,,,,,,,,,,,,,,,,,,,,,,,,,,,,-0.1,,,,,90,,,49.2795767,31.4367265,
08:16:22.386,,,,,,,,,,50,,,,,,,,,,,,,,,,,,,,,,,,,,,,,49.2795767,31.4367265,
08:16:22.423,,,,,,,,,361.8,,,,,,,,,,,,,,,,,,,,,,,,,,,,,,49.2795767,31.4367265,
08:16:22.471,,,,,,,,,,,3.778,,,,,,,,,,,,,,,,,,,,,,,,,,,,49.2795767,31.4367265,
08:16:22.506,,,,,,,,,,,,3.759,,,,,,,,,,,,,,,,,,,,,,,,,,,49.2795767,31.4367265,
08:16:22.544,47,,,,,,,,,,,,,,,,,,,,,,,,,,,,,,,,,,,,,,49.2795767,31.4367265,
08:16:22.595,,,-1600,,,,,,,,,,,,,,,,,,,,,,,,,,,,,,,,,,,,49.2795767,31.4367265,
08:16:22.630,,42,,,,,,,,,,,,,,,,,,,,,,,,,,,,,,,,,,,,,49.2795767,31.4367265,
08:16:22.667,,,,,23,,,,,,,,,,,,,,,,,,,,,,,,,,,,,,,,,,49.2795767,31.4367265,
08:16:22.715,,,,,,23,,,,,,,,,,,,,,,,,,,,,,,,,,,,,,,,,49.2795767,31.4367265,
08:16:22.750,,,,,,,22,,,,,,,,,,,,,,,,,,,,,,,,,,,,,,,,49.2795767,31.4367265,
08:16:22.806,,,,,,,,,,,,,,,,,,,,,,151,,,,,,,,,,,18.5,,,,52.5,,49.2797053,31.4367659,
08:16:22.822,,,,,,,,22,,,,,,,,,,,,,,,,,,,,,,,,,,,,,,,49.2797053,31.4367659,
08:16:22.917,,,,21,,,,,,,,,,,,,,,,,,,,,,,,,,,,,,,,,,,49.2797053,31.4367659,
08:16:23.026,,,,,,,,,,,,,,,,,,30,,,,,,,,,,,,,,,,,,,,,49.2797053,31.4367659,
08:16:23.063,,,,,,,,,,,,,,24,,,,,,,,,,,,,,,,,,,,,,,,,49.2797053,31.4367659,
08:16:23.098,,,,,,,,,,,,,,,,,6,,,,,,,,,,,,,,,,,,,,,,49.2797053,31.4367659,
08:16:23.135,,,,,,,,,,,,,29,,,,,,,,,,,,,,,,,,,,,,,,,,49.2797053,31.4367659,
08:16:23.171,,,,,,,,,,,,,,,736,0.03,,,,,,,,,,,,,,,,,,,,,,,49.2797053,31.4367659,
08:16:23.206,,,,,,,,,,,,,,,,,,,52,,,,,,,,,,,,,,,,,,,,49.2797053,31.4367659,
08:16:23.290,,,,,,,,,,,,,,,,,,,,,,,,,,,,,,45.9,,,,,,,,,49.2797053,31.4367659,
08:16:23.338,,,,,,,,,,,,,,,,,,,,,,,,,,,,,,,,,,,45,,,,49.2797053,31.4367659,
08:16:23.387,,,,,,,,,,,,,,,,,,,,,,,2000,2,,,,,,,,,,,,,,,49.2797053,31.4367659,
08:16:23.447,,,,,,,,,,,,,,,,,,,,79.2,,,,,,,,,,,,,,,,,,,49.2797053,31.4367659,
08:16:23.494,,,,,,,,,,,,,,,,,,,,,,,,,,,,,,,,,,27,,,,,49.2797053,31.4367659,
08:16:23.532,,,,,,,,,,,,,,,,,,,,,,,,,-0.005098581064889642,1.08,1.08,94.11,5924.58,,,21.2,,,,,,52,49.2797053,31.4367659,
08:16:23.570,,,,,,,,,,,,,,,,,,,,,,,,,,,,,,,-0.1,,,,,90,,,49.2797053,31.4367659,
08:16:23.631,,,,,,,,,,50.5,,,,,,,,,,,,,,,,,,,,,,,,,,,,,49.2797053,31.4367659,
08:16:23.665,,,,,,,,,361.8,,,,,,,,,,,,,,,,,,,,,,,,,,,,,,49.2797053,31.4367659,
08:16:23.702,,,,,,,,,,,3.775,,,,,,,,,,,,,,,,,,,,,,,,,,,,49.2797053,31.4367659,
08:16:23.799,,,,,,,,,,,,3.76,,,,,,,,,,,,,,,,,,,,,,,,,,,49.2797053,31.4367659,
08:16:23.807,,,,,,,,,,,,,,,,,,,,,,151,,,,,,,,,,,18.7,,,,52.5,,49.2798331,31.436808,
08:16:23.874,48,,,,,,,,,,,,,,,,,,,,,,,,,,,,,,,,,,,,,,49.2798331,31.436808,
08:16:23.922,,,-1600,,,,,,,,,,,,,,,,,,,,,,,,,,,,,,,,,,,,49.2798331,31.436808,
08:16:23.971,,50,,,,,,,,,,,,,,,,,,,,,,,,,,,,,,,,,,,,,49.2798331,31.436808,
08:16:24.018,,,,,23,,,,,,,,,,,,,,,,,,,,,,,,,,,,,,,,,,49.2798331,31.436808,
08:16:24.055,,,,,,23,,,,,,,,,,,,,,,,,,,,,,,,,,,,,,,,,49.2798331,31.436808,
08:16:24.102,,,,,,,22,,,,,,,,,,,,,,,,,,,,,,,,,,,,,,,,49.2798331,31.436808,
08:16:24.142,,,,,,,,22,,,,,,,,,,,,,,,,,,,,,,,,,,,,,,,49.2798331,31.436808,
08:16:24.178,,,,21,,,,,,,,,,,,,,,,,,,,,,,,,,,,,,,,,,,49.2798331,31.436808,
08:16:24.250,,,,,,,,,,,,,,,,,,30,,,,,,,,,,,,,,,,,,,,,49.2798331,31.436808,
08:16:24.286,,,,,,,,,,,,,,24,,,,,,,,,,,,,,,,,,,,,,,,,49.2798331,31.436808,
08:16:24.323,,,,,,,,,,,,,,,,,4,,,,,,,,,,,,,,,,,,,,,,49.2798331,31.436808,
08:16:24.382,,,,,,,,,,,,,29,,,,,,,,,,,,,,,,,,,,,,,,,,49.2798331,31.436808,
08:16:24.431,,,,,,,,,,,,,,,352,0.02,,,,,,,,,,,,,,,,,,,,,,,49.2798331,31.436808,
08:16:24.466,,,,,,,,,,,,,,,,,,,52,,,,,,,,,,,,,,,,,,,,49.2798331,31.436808,
08:16:24.538,,,,,,,,,,,,,,,,,,,,,,,,,,,,,,45.9,,,,,,,,,49.2798331,31.436808,
08:16:24.598,,,,,,,,,,,,,,,,,,,,,,,2001,2,,,,,,,,,,,,,,,49.2798331,31.436808,
08:16:24.634,,,,,,,,,,,,,,,,,,,,79.2,,,,,,,,,,,,,,,,,,,49.2798331,31.436808,
08:16:24.682,,,,,,,,,,,,,,,,,,,,,,,,,,,,,,,,,,27,,,,,49.2798331,31.436808,
08:16:24.731,,,,,,,,,,,,,,,,,,,,,,,,,-0.005098581064889642,1.1,1.1,94.12,5924.6,,,21.4,,,,,,52,49.2798331,31.436808,
08:16:24.793,,,,,,,,,,,,,,,,,,,,,,,,,,,,,,,-0.1,,,,,90,,,49.2798331,31.436808,
08:16:24.810,,,,,,,,,,,,,,,,,,,,,,151,,,,,,,,,,,18.8,,,,52.6,,49.2799611,31.4368512,
08:16:24.963,,,,,,,,,,51,,,,,,,,,,,,,,,,,,,,,,,,,,,,,49.2799611,31.4368512,
08:16:25.035,,,,,,,,,362.1,,,,,,,,,,,,,,,,,,,,,,,,,,,,,,49.2799611,31.4368512,
08:16:25.070,,,,,,,,,,,3.783,,,,,,,,,,,,,,,,,,,,,,,,,,,,49.2799611,31.4368512,
08:16:25.119,,,,,,,,,,,,3.769,,,,,,,,,,,,,,,,,,,,,,,,,,,49.2799611,31.4368512,
08:16:25.154,48,,,,,,,,,,,,,,,,,,,,,,,,,,,,,,,,,,,,,,49.2799611,31.4368512,
08:16:25.190,,,-1600,,,,,,,,,,,,,,,,,,,,,,,,,,,,,,,,,,,,49.2799611,31.4368512,
08:16:25.227,,48,,,,,,,,,,,,,,,,,,,,,,,,,,,,,,,,,,,,,49.2799611,31.4368512,
08:16:25.275,,,,,23,,,,,,,,,,,,,,,,,,,,,,,,,,,,,,,,,,49.2799611,31.4368512,
08:16:25.310,,,,,,23,,,,,,,,,,,,,,,,,,,,,,,,,,,,,,,,,49.2799611,31.4368512,
08:16:25.347,,,,,,,22,,,,,,,,,,,,,,,,,,,,,,,,,,,,,,,,49.2799611,31.4368512,
08:16:25.395,,,,,,,,22,,,,,,,,,,,,,,,,,,,,,,,,,,,,,,,49.2799611,31.4368512,
08:16:25.432,,,,21,,,,,,,,,,,,,,,,,,,,,,,,,,,,,,,,,,,49.2799611,31.4368512,
08:16:25.526,,,,,,,,,,,,,,,,,,30,,,,,,,,,,,,,,,,,,,,,49.2799611,31.4368512,
08:16:25.563,,,,,,,,,,,,,,24,,,,,,,,,,,,,,,,,,,,,,,,,49.2799611,31.4368512,
08:16:25.598,,,,,,,,,,,,,,,,,-2,,,,,,,,,,,,,,,,,,,,,,49.2799611,31.4368512,
08:16:25.634,,,,,,,,,,,,,30,,,,,,,,,,,,,,,,,,,,,,,,,,49.2799611,31.4368512,
08:16:25.682,,,,,,,,,,,,,,,-32,-0.02,,,,,,,,,,,,,,,,,,,,,,,49.2799611,31.4368512,
08:16:25.766,,,,,,,,,,,,,,,,,,,52,,,,,,,,,,,,,,,,,,,,49.2799611,31.4368512,
08:16:25.805,,,,,,,,,,,,,,,,,,,,,,151,,,,,,,,,,,19,,,,51.9,,49.2800911,31.4368934,
08:16:25.922,,,,,,,,,,,,,,,,,,,,,,,,,,,,,,45.9,,,,,,,,,49.2800911,31.4368934,
08:16:25.981,,,,,,,,,,,,,,,,,,,,,,,,,,,,,,,,,,,46,,,,49.2800911,31.4368934,
08:16:26.018,,,,,,,,,,,,,,,,,,,,,,,2000,2,,,,,,,,,,,,,,,49.2800911,31.4368934,
08:16:26.055,,,,,,,,,,,,,,,,,,,,79.2,,,,,,,,,,,,,,,,,,,49.2800911,31.4368934,
08:16:26.114,,,,,,,,,,,,,,,,,,,,,,,,,,,,,,,,,,28,,,,,49.2800911,31.4368934,
08:16:26.188,,,,,,,,,,,,,,,,,,,,,,,,,-0.005098581064889642,1.12,1.12,94.15,5924.62,,,21.7,,,,,,51,49.2800911,31.4368934,
08:16:26.226,,,,,,,,,,,,,,,,,,,,,,,,,,,,,,,-0.1,,,,,90,,,49.2800911,31.4368934,
08:16:26.311,,,,,,,,,,51,,,,,,,,,,,,,,,,,,,,,,,,,,,,,49.2800911,31.4368934,
08:16:26.345,,,,,,,,,364.7,,,,,,,,,,,,,,,,,,,,,,,,,,,,,,49.2800911,31.4368934,
08:16:26.382,,,,,,,,,,,3.796,,,,,,,,,,,,,,,,,,,,,,,,,,,,49.2800911,31.4368934,
08:16:26.431,,,,,,,,,,,,3.782,,,,,,,,,,,,,,,,,,,,,,,,,,,49.2800911,31.4368934,
08:16:26.478,60,,,,,,,,,,,,,,,,,,,,,,,,,,,,,,,,,,,,,,49.2800911,31.4368934,
08:16:26.515,,,-1600,,,,,,,,,,,,,,,,,,,,,,,,,,,,,,,,,,,,49.2800911,31.4368934,
08:16:26.549,,59,,,,,,,,,,,,,,,,,,,,,,,,,,,,,,,,,,,,,49.2800911,31.4368934,
08:16:26.586,,,,,23,,,,,,,,,,,,,,,,,,,,,,,,,,,,,,,,,,49.2800911,31.4368934,
08:16:26.670,,,,,,23,,,,,,,,,,,,,,,,,,,,,,,,,,,,,,,,,49.2800911,31.4368934,
08:16:26.754,,,,,,,22,,,,,,,,,,,,,,,,,,,,,,,,,,,,,,,,49.2800911,31.4368934,
08:16:26.805,,,,,,,,,,,,,,,,,,,,,,151,,,,,,,,,,,19.1,,,,51.5,,49.2802187,31.4369334,
08:16:26.838,,,,,,,,22,,,,,,,,,,,,,,,,,,,,,,,,,,,,,,,49.2802187,31.4369334,
08:16:26.874,,,,21,,,,,,,,,,,,,,,,,,,,,,,,,,,,,,,,,,,49.2802187,31.4369334,
08:16:26.945,,,,,,,,,,,,,,,,,,30,,,,,,,,,,,,,,,,,,,,,49.2802187,31.4369334,
08:16:26.993,,,,,,,,,,,,,,24,,,,,,,,,,,,,,,,,,,,,,,,,49.2802187,31.4369334,
08:16:27.043,,,,,,,,,,,,,,,,,-3,,,,,,,,,,,,,,,,,,,,,,49.2802187,31.4369334,
08:16:27.067,,,,,,,,,,,,,30,,,,,,,,,,,,,,,,,,,,,,,,,,49.2802187,31.4369334,
08:16:27.115,,,,,,,,,,,,,,,-160,-0.02,,,,,,,,,,,,,,,,,,,,,,,49.2802187,31.4369334,
08:16:27.162,,,,,,,,,,,,,,,,,,,51,,,,,,,,,,,,,,,,,,,,49.2802187,31.4369334,
08:16:27.246,,,,,,,,,,,,,,,,,,,,,,,,,,,,,,45.9,,,,,,,,,49.2802187,31.4369334,
08:16:27.305,,,,,,,,,,,,,,,,,,,,,,,2001,2,,,,,,,,,,,,,,,49.2802187,31.4369334,
08:16:27.341,,,,,,,,,,,,,,,,,,,,79.2,,,,,,,,,,,,,,,,,,,49.2802187,31.4369334,
08:16:27.392,,,,,,,,,,,,,,,,,,,,,,,,,,,,,,,,,,28,,,,,49.2802187,31.4369334,
08:16:27.439,,,,,,,,,,,,,,,,,,,,,,,,,-0.011216878342757211,1.13,1.13,94.16,5924.64,,,21.9,,,,,,50,49.2802187,31.4369334,
08:16:27.487,,,,,,,,,,,,,,,,,,,,,,,,,,,,,,,-0.09,,,,,91,,,49.2802187,31.4369334,
08:16:27.558,,,,,,,,,,51.5,,,,,,,,,,,,,,,,,,,,,,,,,,,,,49.2802187,31.4369334,
08:16:27.629,,,,,,,,,364,,,,,,,,,,,,,,,,,,,,,,,,,,,,,,49.2802187,31.4369334,
08:16:27.703,,,,,,,,,,,3.798,,,,,,,,,,,,,,,,,,,,,,,,,,,,49.2802187,31.4369334,
08:16:27.786,,,,,,,,,,,,3.781,,,,,,,,,,,,,,,,,,,,,,,,,,,49.2802187,31.4369334,
08:16:27.801,,,,,,,,,,,,,,,,,,,,,,151,,,,,,,,,,,19.3,,,,50.9,,49.2803396,31.4369766,
08:16:27.846,53,,,,,,,,,,,,,,,,,,,,,,,,,,,,,,,,,,,,,,49.2803396,31.4369766,
08:16:27.895,,,-1600,,,,,,,,,,,,,,,,,,,,,,,,,,,,,,,,,,,,49.2803396,31.4369766,
08:16:27.929,,54,,,,,,,,,,,,,,,,,,,,,,,,,,,,,,,,,,,,,49.2803396,31.4369766,
08:16:27.965,,,,,23,,,,,,,,,,,,,,,,,,,,,,,,,,,,,,,,,,49.2803396,31.4369766,
08:16:28.003,,,,,,23,,,,,,,,,,,,,,,,,,,,,,,,,,,,,,,,,49.2803396,31.4369766,
08:16:28.039,,,,,,,22,,,,,,,,,,,,,,,,,,,,,,,,,,,,,,,,49.2803396,31.4369766,
08:16:28.075,,,,,,,,23,,,,,,,,,,,,,,,,,,,,,,,,,,,,,,,49.2803396,31.4369766,
08:16:28.110,,,,21,,,,,,,,,,,,,,,,,,,,,,,,,,,,,,,,,,,49.2803396,31.4369766,
08:16:28.170,,,,,,,,,,,,,,,,,,30,,,,,,,,,,,,,,,,,,,,,49.2803396,31.4369766,
08:16:28.206,,,,,,,,,,,,,,24,,,,,,,,,,,,,,,,,,,,,,,,,49.2803396,31.4369766,
08:16:28.255,,,,,,,,,,,,,,,,,-1,,,,,,,,,,,,,,,,,,,,,,49.2803396,31.4369766,
08:16:28.303,,,,,,,,,,,,,32,,,,,,,,,,,,,,,,,,,,,,,,,,49.2803396,31.4369766,
08:16:28.337,,,,,,,,,,,,,,,0,0,,,,,,,,,,,,,,,,,,,,,,,49.2803396,31.4369766,
08:16:28.387,,,,,,,,,,,,,,,,,,,50,,,,,,,,,,,,,,,,,,,,49.2803396,31.4369766,
08:16:28.457,,,,,,,,,,,,,,,,,,,,,,,,,,,,,,46.3,,,,,,,,,49.2803396,31.4369766,
08:16:28.510,,,,,,,,,,,,,,,,,,,,,,,,,,,,,,,,,,,47,,,,49.2803396,31.4369766,
08:16:28.546,,,,,,,,,,,,,,,,,,,,,,,2000,2,,,,,,,,,,,,,,,49.2803396,31.4369766,
08:16:28.630,,,,,,,,,,,,,,,,,,,,79.2,,,,,,,,,,,,,,,,,,,49.2803396,31.4369766,
08:16:28.715,,,,,,,,,,,,,,,,,,,,,,,,,,,,,,,,,,28,,,,,49.2803396,31.4369766,
08:16:28.786,,,,,,,,,,,,,,,,,,,,,,,,,-0.011216878342757211,1.15,1.15,94.18,5924.66,,,22.1,,,,,,50,49.2803396,31.4369766,
08:16:28.801,,,,,,,,,,,,,,,,,,,,,,151,,,,,,,,,,,19.4,,,,50.3,,49.2804651,31.4370143,
08:16:28.870,,,,,,,,,,,,,,,,,,,,,,,,,,,,,,,-0.1,,,,,90,,,49.2804651,31.4370143,
08:16:28.943,,,,,,,,,,52,,,,,,,,,,,,,,,,,,,,,,,,,,,,,49.2804651,31.4370143,
08:16:28.978,,,,,,,,,363.2,,,,,,,,,,,,,,,,,,,,,,,,,,,,,,49.2804651,31.4370143,
08:16:29.026,,,,,,,,,,,3.792,,,,,,,,,,,,,,,,,,,,,,,,,,,,49.2804651,31.4370143,
08:16:29.061,,,,,,,,,,,,3.776,,,,,,,,,,,,,,,,,,,,,,,,,,,49.2804651,31.4370143,
08:16:29.122,45,,,,,,,,,,,,,,,,,,,,,,,,,,,,,,,,,,,,,,49.2804651,31.4370143,
08:16:29.170,,,-1600,,,,,,,,,,,,,,,,,,,,,,,,,,,,,,,,,,,,49.2804651,31.4370143,
08:16:29.206,,47,,,,,,,,,,,,,,,,,,,,,,,,,,,,,,,,,,,,,49.2804651,31.4370143,
08:16:29.254,,,,,23,,,,,,,,,,,,,,,,,,,,,,,,,,,,,,,,,,49.2804651,31.4370143,
08:16:29.290,,,,,,23,,,,,,,,,,,,,,,,,,,,,,,,,,,,,,,,,49.2804651,31.4370143,
08:16:29.326,,,,,,,22,,,,,,,,,,,,,,,,,,,,,,,,,,,,,,,,49.2804651,31.4370143,
08:16:29.362,,,,,,,,22,,,,,,,,,,,,,,,,,,,,,,,,,,,,,,,49.2804651,31.4370143,
08:16:29.398,,,,21,,,,,,,,,,,,,,,,,,,,,,,,,,,,,,,,,,,49.2804651,31.4370143,
08:16:29.471,,,,,,,,,,,,,,,,,,30,,,,,,,,,,,,,,,,,,,,,49.2804651,31.4370143,
08:16:29.507,,,,,,,,,,,,,,24,,,,,,,,,,,,,,,,,,,,,,,,,49.2804651,31.4370143,
08:16:29.542,,,,,,,,,,,,,,,,,9,,,,,,,,,,,,,,,,,,,,,,49.2804651,31.4370143,
08:16:29.626,,,,,,,,,,,,,32,,,,,,,,,,,,,,,,,,,,,,,,,,49.2804651,31.4370143,
08:16:29.686,,,,,,,,,,,,,,,864,0.05,,,,,,,,,,,,,,,,,,,,,,,49.2804651,31.4370143,
08:16:29.734,,,,,,,,,,,,,,,,,,,50,,,,,,,,,,,,,,,,,,,,49.2804651,31.4370143,
08:16:29.806,,,,,,,,,,,,,,,,,,,,,,151,,,,,,,,,,,19.6,,,,50,,49.2805859,31.4370495,
08:16:29.855,,,,,,,,,,,,,,,,,,,,,,,,,,,,,,46.3,,,,,,,,,49.2805859,31.4370495,
08:16:29.902,,,,,,,,,,,,,,,,,,,,,,,1999,2,,,,,,,,,,,,,,,49.2805859,31.4370495,
08:16:29.939,,,,,,,,,,,,,,,,,,,,79.2,,,,,,,,,,,,,,,,,,,49.2805859,31.4370495,
08:16:29.975,,,,,,,,,,,,,,,,,,,,,,,,,,,,,,,,,,29,,,,,49.2805859,31.4370495,
08:16:30.010,,,,,,,,,,,,,,,,,,,,,,,,,-0.016315459407646855,1.17,1.17,94.2,5924.68,,,22.2,,,,,,49,49.2805859,31.4370495,
08:16:30.060,,,,,,,,,,,,,,,,,,,,,,,,,,,,,,,-0.1,,,,,90,,,49.2805859,31.4370495,
08:16:30.146,,,,,,,,,,52.5,,,,,,,,,,,,,,,,,,,,,,,,,,,,,49.2805859,31.4370495,
08:16:30.183,,,,,,,,,362.2,,,,,,,,,,,,,,,,,,,,,,,,,,,,,,49.2805859,31.4370495,
08:16:30.231,,,,,,,,,,,3.783,,,,,,,,,,,,,,,,,,,,,,,,,,,,49.2805859,31.4370495,
08:16:30.267,,,,,,,,,,,,3.771,,,,,,,,,,,,,,,,,,,,,,,,,,,49.2805859,31.4370495,
08:16:30.303,42,,,,,,,,,,,,,,,,,,,,,,,,,,,,,,,,,,,,,,49.2805859,31.4370495,
08:16:30.337,,,-1600,,,,,,,,,,,,,,,,,,,,,,,,,,,,,,,,,,,,49.2805859,31.4370495,
08:16:30.375,,43,,,,,,,,,,,,,,,,,,,,,,,,,,,,,,,,,,,,,49.2805859,31.4370495,
08:16:30.459,,,,,23,,,,,,,,,,,,,,,,,,,,,,,,,,,,,,,,,,49.2805859,31.4370495,
08:16:30.529,,,,,,23,,,,,,,,,,,,,,,,,,,,,,,,,,,,,,,,,49.2805859,31.4370495,
08:16:30.615,,,,,,,22,,,,,,,,,,,,,,,,,,,,,,,,,,,,,,,,49.2805859,31.4370495,
08:16:30.662,,,,,,,,23,,,,,,,,,,,,,,,,,,,,,,,,,,,,,,,49.2805859,31.4370495,
08:16:30.709,,,,21,,,,,,,,,,,,,,,,,,,,,,,,,,,,,,,,,,,49.2805859,31.4370495,
08:16:30.770,,,,,,,,,,,,,,,,,,30,,,,,,,,,,,,,,,,,,,,,49.2805859,31.4370495,
08:16:30.802,,,,,,,,,,,,,,,,,,,,,,151,,,,,,,,,,,19.7,,,,50,,49.2807113,31.4370786,
08:16:30.818,,,,,,,,,,,,,,24,,,,,,,,,,,,,,,,,,,,,,,,,49.2807113,31.4370786,
08:16:30.854,,,,,,,,,,,,,,,,,12,,,,,,,,,,,,,,,,,,,,,,49.2807113,31.4370786,
08:16:30.902,,,,,,,,,,,,,32,,,,,,,,,,,,,,,,,,,,,,,,,,49.2807113,31.4370786,
08:16:30.951,,,,,,,,,,,,,,,864,0.05,,,,,,,,,,,,,,,,,,,,,,,49.2807113,31.4370786,
08:16:30.986,,,,,,,,,,,,,,,,,,,50,,,,,,,,,,,,,,,,,,,,49.2807113,31.4370786,
08:16:31.058,,,,,,,,,,,,,,,,,,,,,,,,,,,,,,46.3,,,,,,,,,49.2807113,31.4370786,
08:16:31.094,,,,,,,,,,,,,,,,,,,,,,,,,,,,,,,,,,,49,,,,49.2807113,31.4370786,
08:16:31.142,,,,,,,,,,,,,,,,,,,,,,,2002,2,,,,,,,,,,,,,,,49.2807113,31.4370786,
08:16:31.190,,,,,,,,,,,,,,,,,,,,79.6,,,,,,,,,,,,,,,,,,,49.2807113,31.4370786,
08:16:31.226,,,,,,,,,,,,,,,,,,,,,,,,,,,,,,,,,,29,,,,,49.2807113,31.4370786,
08:16:31.287,,,,,,,,,,,,,,,,,,,,,,,,,-0.011216878342757211,1.19,1.19,94.22,5924.69,,,22.4,,,,,,49,49.2807113,31.4370786,
08:16:31.326,,,,,,,,,,,,,,,,,,,,,,,,,,,,,,,-0.09,,,,,91,,,49.2807113,31.4370786,
08:16:31.387,,,,,,,,,,52.5,,,,,,,,,,,,,,,,,,,,,,,,,,,,,49.2807113,31.4370786,
08:16:31.435,,,,,,,,,363,,,,,,,,,,,,,,,,,,,,,,,,,,,,,,49.2807113,31.4370786,
08:16:31.505,,,,,,,,,,,3.786,,,,,,,,,,,,,,,,,,,,,,,,,,,,49.2807113,31.4370786,
08:16:31.577,,,,,,,,,,,,3.77,,,,,,,,,,,,,,,,,,,,,,,,,,,49.2807113,31.4370786,
08:16:31.662,41,,,,,,,,,,,,,,,,,,,,,,,,,,,,,,,,,,,,,,49.2807113,31.4370786,
08:16:31.722,,,-1600,,,,,,,,,,,,,,,,,,,,,,,,,,,,,,,,,,,,49.2807113,31.4370786,
08:16:31.758,,40,,,,,,,,,,,,,,,,,,,,,,,,,,,,,,,,,,,,,49.2807113,31.4370786,
08:16:31.795,,,,,23,,,,,,,,,,,,,,,,,,,,,,,,,,,,,,,,,,49.2807113,31.4370786,
08:16:31.807,,,,,,,,,,,,,,,,,,,,,,151,,,,,,,,,,,19.8,,,,50.4,,49.2808384,31.4371082,
08:16:31.835,,,,,,24,,,,,,,,,,,,,,,,,,,,,,,,,,,,,,,,,49.2808384,31.4371082,
08:16:31.871,,,,,,,22,,,,,,,,,,,,,,,,,,,,,,,,,,,,,,,,49.2808384,31.4371082,
08:16:31.907,,,,,,,,23,,,,,,,,,,,,,,,,,,,,,,,,,,,,,,,49.2808384,31.4371082,
08:16:31.943,,,,21,,,,,,,,,,,,,,,,,,,,,,,,,,,,,,,,,,,49.2808384,31.4371082,
08:16:32.015,,,,,,,,,,,,,,,,,,30,,,,,,,,,,,,,,,,,,,,,49.2808384,31.4371082,
08:16:32.062,,,,,,,,,,,,,,24,,,,,,,,,,,,,,,,,,,,,,,,,49.2808384,31.4371082,
08:16:32.111,,,,,,,,,,,,,,,,,12,,,,,,,,,,,,,,,,,,,,,,49.2808384,31.4371082,
08:16:32.146,,,,,,,,,,,,,32,,,,,,,,,,,,,,,,,,,,,,,,,,49.2808384,31.4371082,
08:16:32.182,,,,,,,,,,,,,,,736,0.03,,,,,,,,,,,,,,,,,,,,,,,49.2808384,31.4371082,
08:16:32.231,,,,,,,,,,,,,,,,,,,50,,,,,,,,,,,,,,,,,,,,49.2808384,31.4371082,
08:16:32.301,,,,,,,,,,,,,,,,,,,,,,,,,,,,,,46.3,,,,,,,,,49.2808384,31.4371082,
08:16:32.338,,,,,,,,,,,,,,,,,,,,,,,2000,2,,,,,,,,,,,,,,,49.2808384,31.4371082,
08:16:32.410,,,,,,,,,,,,,,,,,,,,79.6,,,,,,,,,,,,,,,,,,,49.2808384,31.4371082,
08:16:32.507,,,,,,,,,,,,,,,,,,,,,,,,,,,,,,,,,,29,,,,,49.2808384,31.4371082,
08:16:32.590,,,,,,,,,,,,,,,,,,,,,,,,,,1.2,1.2,94.23,5924.71,,,22.6,,,,,,50,49.2808384,31.4371082,
08:16:32.650,,,,,,,,,,,,,,,,,,,,,,,,,,,,,,,-0.09,,,,,91,,,49.2808384,31.4371082,
08:16:32.734,,,,,,,,,,53,,,,,,,,,,,,,,,,,,,,,,,,,,,,,49.2808384,31.4371082,
08:16:32.771,,,,,,,,,363,,,,,,,,,,,,,,,,,,,,,,,,,,,,,,49.2808384,31.4371082,
08:16:32.802,,,,,,,,,,,,,,,,,,,,,,151,,,,,,,,,,,20,,,,50.7,,49.2809627,31.4371303,
08:16:32.806,,,,,,,,,,,3.795,,,,,,,,,,,,,,,,,,,,,,,,,,,,49.2809627,31.4371303,
08:16:32.854,,,,,,,,,,,,3.783,,,,,,,,,,,,,,,,,,,,,,,,,,,49.2809627,31.4371303,
08:16:32.914,41,,,,,,,,,,,,,,,,,,,,,,,,,,,,,,,,,,,,,,49.2809627,31.4371303,
08:16:32.950,,,-1600,,,,,,,,,,,,,,,,,,,,,,,,,,,,,,,,,,,,49.2809627,31.4371303,
08:16:33.012,,35,,,,,,,,,,,,,,,,,,,,,,,,,,,,,,,,,,,,,49.2809627,31.4371303,
08:16:33.059,,,,,23,,,,,,,,,,,,,,,,,,,,,,,,,,,,,,,,,,49.2809627,31.4371303,
08:16:33.106,,,,,,24,,,,,,,,,,,,,,,,,,,,,,,,,,,,,,,,,49.2809627,31.4371303,
08:16:33.155,,,,,,,22,,,,,,,,,,,,,,,,,,,,,,,,,,,,,,,,49.2809627,31.4371303,
08:16:33.190,,,,,,,,23,,,,,,,,,,,,,,,,,,,,,,,,,,,,,,,49.2809627,31.4371303,
08:16:33.227,,,,21,,,,,,,,,,,,,,,,,,,,,,,,,,,,,,,,,,,49.2809627,31.4371303,
08:16:33.299,,,,,,,,,,,,,,,,,,30,,,,,,,,,,,,,,,,,,,,,49.2809627,31.4371303,
08:16:33.382,,,,,,,,,,,,,,24,,,,,,,,,,,,,,,,,,,,,,,,,49.2809627,31.4371303,
08:16:33.479,,,,,,,,,,,,,,,,,13,,,,,,,,,,,,,,,,,,,,,,49.2809627,31.4371303,
08:16:33.563,,,,,,,,,,,,,34,,,,,,,,,,,,,,,,,,,,,,,,,,49.2809627,31.4371303,
08:16:33.611,,,,,,,,,,,,,,,928,0.05,,,,,,,,,,,,,,,,,,,,,,,49.2809627,31.4371303,
08:16:33.658,,,,,,,,,,,,,,,,,,,50,,,,,,,,,,,,,,,,,,,,49.2809627,31.4371303,
08:16:33.743,,,,,,,,,,,,,,,,,,,,,,,,,,,,,,46.3,,,,,,,,,49.2809627,31.4371303,
08:16:33.790,,,,,,,,,,,,,,,,,,,,,,,,,,,,,,,,,,,50,,,,49.2809627,31.4371303,
08:16:33.806,,,,,,,,,,,,,,,,,,,,,,151,,,,,,,,,,,20.1,,,,50.6,,49.2810854,31.4371514,
08:16:33.825,,,,,,,,,,,,,,,,,,,,,,,2001,2,,,,,,,,,,,,,,,49.2810854,31.4371514,
08:16:33.875,,,,,,,,,,,,,,,,,,,,80,,,,,,,,,,,,,,,,,,,49.2810854,31.4371514,
08:16:33.922,,,,,,,,,,,,,,,,,,,,,,,,,,,,,,,,,,30,,,,,49.2810854,31.4371514,
08:16:33.983,,,,,,,,,,,,,,,,,,,,,,,,,,1.22,1.22,94.25,5924.73,,,22.8,,,,,,50,49.2810854,31.4371514,
08:16:34.019,,,,,,,,,,,,,,,,,,,,,,,,,,,,,,,-0.09,,,,,91,,,49.2810854,31.4371514,
08:16:34.137,,,,,,,,,,53,,,,,,,,,,,,,,,,,,,,,,,,,,,,,49.2810854,31.4371514,
08:16:34.187,,,,,,,,,362.9,,,,,,,,,,,,,,,,,,,,,,,,,,,,,,49.2810854,31.4371514,
08:16:34.270,,,,,,,,,,,3.787,,,,,,,,,,,,,,,,,,,,,,,,,,,,49.2810854,31.4371514,
08:16:34.343,,,,,,,,,,,,3.778,,,,,,,,,,,,,,,,,,,,,,,,,,,49.2810854,31.4371514,
08:16:34.377,41,,,,,,,,,,,,,,,,,,,,,,,,,,,,,,,,,,,,,,49.2810854,31.4371514,
08:16:34.413,,,-1600,,,,,,,,,,,,,,,,,,,,,,,,,,,,,,,,,,,,49.2810854,31.4371514,
08:16:34.461,,38,,,,,,,,,,,,,,,,,,,,,,,,,,,,,,,,,,,,,49.2810854,31.4371514,
08:16:34.498,,,,,23,,,,,,,,,,,,,,,,,,,,,,,,,,,,,,,,,,49.2810854,31.4371514,
08:16:34.547,,,,,,24,,,,,,,,,,,,,,,,,,,,,,,,,,,,,,,,,49.2810854,31.4371514,
08:16:34.593,,,,,,,22,,,,,,,,,,,,,,,,,,,,,,,,,,,,,,,,49.2810854,31.4371514,
08:16:34.630,,,,,,,,23,,,,,,,,,,,,,,,,,,,,,,,,,,,,,,,49.2810854,31.4371514,
08:16:34.678,,,,21,,,,,,,,,,,,,,,,,,,,,,,,,,,,,,,,,,,49.2810854,31.4371514,
08:16:34.739,,,,,,,,,,,,,,,,,,30,,,,,,,,,,,,,,,,,,,,,49.2810854,31.4371514,
08:16:34.786,,,,,,,,,,,,,,24,,,,,,,,,,,,,,,,,,,,,,,,,49.2810854,31.4371514,
08:16:34.801,,,,,,,,,,,,,,,,,,,,,,151,,,,,,,,,,,20.3,,,,50.7,,49.281212,31.4371628,
08:16:34.834,,,,,,,,,,,,,,,,,14,,,,,,,,,,,,,,,,,,,,,,49.281212,31.4371628,
08:16:34.870,,,,,,,,,,,,,34,,,,,,,,,,,,,,,,,,,,,,,,,,49.281212,31.4371628,
08:16:34.919,,,,,,,,,,,,,,,1024,0.06,,,,,,,,,,,,,,,,,,,,,,,49.281212,31.4371628,
08:16:34.966,,,,,,,,,,,,,,,,,,,50,,,,,,,,,,,,,,,,,,,,49.281212,31.4371628,
08:16:35.026,,,,,,,,,,,,,,,,,,,,,,,,,,,,,,46.3,,,,,,,,,49.281212,31.4371628,
08:16:35.075,,,,,,,,,,,,,,,,,,,,,,,1999,2,,,,,,,,,,,,,,,49.281212,31.4371628,
08:16:35.134,,,,,,,,,,,,,,,,,,,,80,,,,,,,,,,,,,,,,,,,49.281212,31.4371628,
08:16:35.183,,,,,,,,,,,,,,,,,,,,,,,,,,,,,,,,,,30,,,,,49.281212,31.4371628,
08:16:35.218,,,,,,,,,,,,,,,,,,,,,,,,,0.005098581064889642,1.24,1.24,94.27,5924.75,,,23,,,,,,50,49.281212,31.4371628,
08:16:35.266,,,,,,,,,,,,,,,,,,,,,,,,,,,,,,,-0.09,,,,,91,,,49.281212,31.4371628,
08:16:35.326,,,,,,,,,,53.5,,,,,,,,,,,,,,,,,,,,,,,,,,,,,49.281212,31.4371628,
08:16:35.362,,,,,,,,,363.5,,,,,,,,,,,,,,,,,,,,,,,,,,,,,,49.281212,31.4371628,
08:16:35.397,,,,,,,,,,,3.787,,,,,,,,,,,,,,,,,,,,,,,,,,,,49.281212,31.4371628,
08:16:35.435,,,,,,,,,,,,3.771,,,,,,,,,,,,,,,,,,,,,,,,,,,49.281212,31.4371628,
08:16:35.469,40,,,,,,,,,,,,,,,,,,,,,,,,,,,,,,,,,,,,,,49.281212,31.4371628,
08:16:35.506,,,-1600,,,,,,,,,,,,,,,,,,,,,,,,,,,,,,,,,,,,49.281212,31.4371628,
08:16:35.554,,38,,,,,,,,,,,,,,,,,,,,,,,,,,,,,,,,,,,,,49.281212,31.4371628,
08:16:35.590,,,,,23,,,,,,,,,,,,,,,,,,,,,,,,,,,,,,,,,,49.281212,31.4371628,
08:16:35.626,,,,,,24,,,,,,,,,,,,,,,,,,,,,,,,,,,,,,,,,49.281212,31.4371628,
08:16:35.661,,,,,,,22,,,,,,,,,,,,,,,,,,,,,,,,,,,,,,,,49.281212,31.4371628,
08:16:35.698,,,,,,,,23,,,,,,,,,,,,,,,,,,,,,,,,,,,,,,,49.281212,31.4371628,
08:16:35.734,,,,21,,,,,,,,,,,,,,,,,,,,,,,,,,,,,,,,,,,49.281212,31.4371628,
08:16:35.794,,,,,,,,,,,,,,,,,,30,,,,,,,,,,,,,,,,,,,,,49.281212,31.4371628,
08:16:35.803,,,,,,,,,,,,,,,,,,,,,,151,,,,,,,,,,,20.4,,,,51,,49.2813372,31.437165,
08:16:35.843,,,,,,,,,,,,,,24,,,,,,,,,,,,,,,,,,,,,,,,,49.2813372,31.437165,
08:16:35.879,,,,,,,,,,,,,,,,,14,,,,,,,,,,,,,,,,,,,,,,49.2813372,31.437165,
08:16:35.913,,,,,,,,,,,,,34,,,,,,,,,,,,,,,,,,,,,,,,,,49.2813372,31.437165,
08:16:35.939,,,,,,,,,,,,,,,800,0.05,,,,,,,,,,,,,,,,,,,,,,,49.2813372,31.437165,
08:16:35.975,,,,,,,,,,,,,,,,,,,50,,,,,,,,,,,,,,,,,,,,49.2813372,31.437165,
08:16:36.047,,,,,,,,,,,,,,,,,,,,,,,,,,,,,,46.3,,,,,,,,,49.2813372,31.437165,
08:16:36.106,,,,,,,,,,,,,,,,,,,,,,,,,,,,,,,,,,,51,,,,49.2813372,31.437165,
08:16:36.179,,,,,,,,,,,,,,,,,,,,,,,2001,2,,,,,,,,,,,,,,,49.2813372,31.437165,
08:16:36.214,,,,,,,,,,,,,,,,,,,,80,,,,,,,,,,,,,,,,,,,49.2813372,31.437165,
08:16:36.263,,,,,,,,,,,,,,,,,,,,,,,,,,,,,,,,,,30,,,,,49.2813372,31.437165,
08:16:36.299,,,,,,,,,,,,,,,,,,,,,,,,,0.006118297277867569,1.26,1.26,94.29,5924.76,,,23.1,,,,,,50,49.2813372,31.437165,
08:16:36.335,,,,,,,,,,,,,,,,,,,,,,,,,,,,,,,-0.09,,,,,91,,,49.2813372,31.437165,
08:16:36.405,,,,,,,,,,53.5,,,,,,,,,,,,,,,,,,,,,,,,,,,,,49.2813372,31.437165,
08:16:36.454,,,,,,,,,360,,,,,,,,,,,,,,,,,,,,,,,,,,,,,,49.2813372,31.437165,
08:16:36.490,,,,,,,,,,,3.781,,,,,,,,,,,,,,,,,,,,,,,,,,,,49.2813372,31.437165,
08:16:36.549,,,,,,,,,,,,3.767,,,,,,,,,,,,,,,,,,,,,,,,,,,49.2813372,31.437165,
08:16:36.611,38,,,,,,,,,,,,,,,,,,,,,,,,,,,,,,,,,,,,,,49.2813372,31.437165,
08:16:36.646,,,-1600,,,,,,,,,,,,,,,,,,,,,,,,,,,,,,,,,,,,49.2813372,31.437165,
08:16:36.681,,36,,,,,,,,,,,,,,,,,,,,,,,,,,,,,,,,,,,,,49.2813372,31.437165,
08:16:36.717,,,,,24,,,,,,,,,,,,,,,,,,,,,,,,,,,,,,,,,,49.2813372,31.437165,
08:16:36.754,,,,,,24,,,,,,,,,,,,,,,,,,,,,,,,,,,,,,,,,49.2813372,31.437165,
08:16:36.790,,,,,,,22,,,,,,,,,,,,,,,,,,,,,,,,,,,,,,,,49.2813372,31.437165,
08:16:36.804,,,,,,,,,,,,,,,,,,,,,,151,,,,,,,,,,,20.5,,,,51.1,,49.2814658,31.4371583,
08:16:36.838,,,,,,,,23,,,,,,,,,,,,,,,,,,,,,,,,,,,,,,,49.2814658,31.4371583,
08:16:36.875,,,,21,,,,,,,,,,,,,,,,,,,,,,,,,,,,,,,,,,,49.2814658,31.4371583,
08:16:36.935,,,,,,,,,,,,,,,,,,30,,,,,,,,,,,,,,,,,,,,,49.2814658,31.4371583,
08:16:36.970,,,,,,,,,,,,,,24,,,,,,,,,,,,,,,,,,,,,,,,,49.2814658,31.4371583,
08:16:37.007,,,,,,,,,,,,,,,,,23,,,,,,,,,,,,,,,,,,,,,,49.2814658,31.4371583,
08:16:37.055,,,,,,,,,,,,,34,,,,,,,,,,,,,,,,,,,,,,,,,,49.2814658,31.4371583,
08:16:37.114,,,,,,,,,,,,,,,1376,0.08,,,,,,,,,,,,,,,,,,,,,,,49.2814658,31.4371583,
08:16:37.163,,,,,,,,,,,,,,,,,,,51,,,,,,,,,,,,,,,,,,,,49.2814658,31.4371583,
08:16:37.235,,,,,,,,,,,,,,,,,,,,,,,,,,,,,,46.3,,,,,,,,,49.2814658,31.4371583,
08:16:37.269,,,,,,,,,,,,,,,,,,,,,,,1999,2,,,,,,,,,,,,,,,49.2814658,31.4371583,
08:16:37.307,,,,,,,,,,,,,,,,,,,,79.6,,,,,,,,,,,,,,,,,,,49.2814658,31.4371583,
08:16:37.354,,,,,,,,,,,,,,,,,,,,,,,,,,,,,,,,,,30,,,,,49.2814658,31.4371583,
08:16:37.391,,,,,,,,,,,,,,,,,,,,,,,,,0,1.27,1.27,94.3,5924.78,,,23.3,,,,,,50,49.2814658,31.4371583,
08:16:37.451,,,,,,,,,,,,,,,,,,,,,,,,,,,,,,,-0.09,,,,,91,,,49.2814658,31.4371583,
08:16:37.545,,,,,,,,,,54,,,,,,,,,,,,,,,,,,,,,,,,,,,,,49.2814658,31.4371583,
08:16:37.702,,,,,,,,,363.5,,,,,,,,,,,,,,,,,,,,,,,,,,,,,,49.2814658,31.4371583,
08:16:37.774,,,,,,,,,,,3.775,,,,,,,,,,,,,,,,,,,,,,,,,,,,49.2814658,31.4371583,
08:16:37.803,,,,,,,,,,,,,,,,,,,,,,151,,,,,,,,,,,20.7,,,,51.6,,49.2815937,31.4371489,
08:16:37.835,,,,,,,,,,,,3.765,,,,,,,,,,,,,,,,,,,,,,,,,,,49.2815937,31.4371489,
08:16:37.894,27,,,,,,,,,,,,,,,,,,,,,,,,,,,,,,,,,,,,,,49.2815937,31.4371489,
08:16:37.967,,,29,,,,,,,,,,,,,,,,,,,,,,,,,,,,,,,,,,,,49.2815937,31.4371489,
08:16:38.001,,31,,,,,,,,,,,,,,,,,,,,,,,,,,,,,,,,,,,,,49.2815937,31.4371489,
08:16:38.087,,,,,24,,,,,,,,,,,,,,,,,,,,,,,,,,,,,,,,,,49.2815937,31.4371489,
08:16:38.146,,,,,,24,,,,,,,,,,,,,,,,,,,,,,,,,,,,,,,,,49.2815937,31.4371489,
08:16:38.195,,,,,,,22,,,,,,,,,,,,,,,,,,,,,,,,,,,,,,,,49.2815937,31.4371489,
08:16:38.266,,,,,,,,23,,,,,,,,,,,,,,,,,,,,,,,,,,,,,,,49.2815937,31.4371489,
08:16:38.315,,,,21,,,,,,,,,,,,,,,,,,,,,,,,,,,,,,,,,,,49.2815937,31.4371489,
08:16:38.386,,,,,,,,,,,,,,,,,,30,,,,,,,,,,,,,,,,,,,,,49.2815937,31.4371489,
08:16:38.422,,,,,,,,,,,,,,24,,,,,,,,,,,,,,,,,,,,,,,,,49.2815937,31.4371489,
08:16:38.458,,,,,,,,,,,,,,,,,21,,,,,,,,,,,,,,,,,,,,,,49.2815937,31.4371489,
08:16:38.494,,,,,,,,,,,,,37,,,,,,,,,,,,,,,,,,,,,,,,,,49.2815937,31.4371489,
08:16:38.543,,,,,,,,,,,,,,,1216,0.06,,,,,,,,,,,,,,,,,,,,,,,49.2815937,31.4371489,
08:16:38.578,,,,,,,,,,,,,,,,,,,51,,,,,,,,,,,,,,,,,,,,49.2815937,31.4371489,
08:16:38.638,,,,,,,,,,,,,,,,,,,,,,,,,,,,,,46.3,,,,,,,,,49.2815937,31.4371489,
08:16:38.686,,,,,,,,,,,,,,,,,,,,,,,,,,,,,,,,,,,52,,,,49.2815937,31.4371489,
08:16:38.734,,,,,,,,,,,,,,,,,,,,,,,2000,2,,,,,,,,,,,,,,,49.2815937,31.4371489,
08:16:38.771,,,,,,,,,,,,,,,,,,,,80,,,,,,,,,,,,,,,,,,,49.2815937,31.4371489,
08:16:38.805,,,,,,,,,,,,,,,,,,,,,,151,,,,,,,,,,,20.8,,,,51.3,,49.2817197,31.4371312,
08:16:38.819,,,,,,,,,,,,,,,,,,,,,,,,,,,,,,,,,,31,,,,,49.2817197,31.4371312,
08:16:38.854,,,,,,,,,,,,,,,,,,,,,,,,,0.006118297277867569,1.29,1.29,94.32,5924.8,,,23.5,,,,,,51,49.2817197,31.4371312,
08:16:38.889,,,,,,,,,,,,,,,,,,,,,,,,,,,,,,,-0.09,,,,,91,,,49.2817197,31.4371312,
08:16:38.962,,,,,,,,,,54,,,,,,,,,,,,,,,,,,,,,,,,,,,,,49.2817197,31.4371312,
08:16:39.011,,,,,,,,,361.8,,,,,,,,,,,,,,,,,,,,,,,,,,,,,,49.2817197,31.4371312,
08:16:39.058,,,,,,,,,,,3.784,,,,,,,,,,,,,,,,,,,,,,,,,,,,49.2817197,31.4371312,
08:16:39.117,,,,,,,,,,,,3.767,,,,,,,,,,,,,,,,,,,,,,,,,,,49.2817197,31.4371312,
08:16:39.153,34,,,,,,,,,,,,,,,,,,,,,,,,,,,,,,,,,,,,,,49.2817197,31.4371312,
08:16:39.190,,,-1600,,,,,,,,,,,,,,,,,,,,,,,,,,,,,,,,,,,,49.2817197,31.4371312,
08:16:39.237,,33,,,,,,,,,,,,,,,,,,,,,,,,,,,,,,,,,,,,,49.2817197,31.4371312,
08:16:39.275,,,,,24,,,,,,,,,,,,,,,,,,,,,,,,,,,,,,,,,,49.2817197,31.4371312,
08:16:39.309,,,,,,24,,,,,,,,,,,,,,,,,,,,,,,,,,,,,,,,,49.2817197,31.4371312,
08:16:39.359,,,,,,,23,,,,,,,,,,,,,,,,,,,,,,,,,,,,,,,,49.2817197,31.4371312,
08:16:39.406,,,,,,,,23,,,,,,,,,,,,,,,,,,,,,,,,,,,,,,,49.2817197,31.4371312,
08:16:39.443,,,,21,,,,,,,,,,,,,,,,,,,,,,,,,,,,,,,,,,,49.2817197,31.4371312,
08:16:39.514,,,,,,,,,,,,,,,,,,30,,,,,,,,,,,,,,,,,,,,,49.2817197,31.4371312,
08:16:39.551,,,,,,,,,,,,,,24,,,,,,,,,,,,,,,,,,,,,,,,,49.2817197,31.4371312,
08:16:39.586,,,,,,,,,,,,,,,,,16,,,,,,,,,,,,,,,,,,,,,,49.2817197,31.4371312,
08:16:39.635,,,,,,,,,,,,,37,,,,,,,,,,,,,,,,,,,,,,,,,,49.2817197,31.4371312,
08:16:39.669,,,,,,,,,,,,,,,768,0.05,,,,,,,,,,,,,,,,,,,,,,,49.2817197,31.4371312,
08:16:39.717,,,,,,,,,,,,,,,,,,,52,,,,,,,,,,,,,,,,,,,,49.2817197,31.4371312,
08:16:39.790,,,,,,,,,,,,,,,,,,,,,,,,,,,,,,46.7,,,,,,,,,49.2817197,31.4371312,
08:16:39.801,,,,,,,,,,,,,,,,,,,,,,151,,,,,,,,,,,20.9,,,,52.4,,49.2818484,31.4371081,
08:16:39.839,,,,,,,,,,,,,,,,,,,,,,,1998,2,,,,,,,,,,,,,,,49.2818484,31.4371081,
08:16:39.875,,,,,,,,,,,,,,,,,,,,80,,,,,,,,,,,,,,,,,,,49.2818484,31.4371081,
08:16:39.911,,,,,,,,,,,,,,,,,,,,,,,,,,,,,,,,,,31,,,,,49.2818484,31.4371081,
08:16:39.958,,,,,,,,,,,,,,,,,,,,,,,,,0.006118297277867569,1.31,1.31,94.34,5924.81,,,23.6,,,,,,51,49.2818484,31.4371081,
08:16:40.005,,,,,,,,,,,,,,,,,,,,,,,,,,,,,,,-0.09,,,,,91,,,49.2818484,31.4371081,
08:16:40.065,,,,,,,,,,54,,,,,,,,,,,,,,,,,,,,,,,,,,,,,49.2818484,31.4371081,
08:16:40.113,,,,,,,,,361.8,,,,,,,,,,,,,,,,,,,,,,,,,,,,,,49.2818484,31.4371081,
08:16:40.151,,,,,,,,,,,3.785,,,,,,,,,,,,,,,,,,,,,,,,,,,,49.2818484,31.4371081,
08:16:40.187,,,,,,,,,,,,3.774,,,,,,,,,,,,,,,,,,,,,,,,,,,49.2818484,31.4371081,
08:16:40.223,42,,,,,,,,,,,,,,,,,,,,,,,,,,,,,,,,,,,,,,49.2818484,31.4371081,
08:16:40.259,,,-1600,,,,,,,,,,,,,,,,,,,,,,,,,,,,,,,,,,,,49.2818484,31.4371081,
08:16:40.307,,41,,,,,,,,,,,,,,,,,,,,,,,,,,,,,,,,,,,,,49.2818484,31.4371081,
08:16:40.343,,,,,24,,,,,,,,,,,,,,,,,,,,,,,,,,,,,,,,,,49.2818484,31.4371081,
08:16:40.391,,,,,,24,,,,,,,,,,,,,,,,,,,,,,,,,,,,,,,,,49.2818484,31.4371081,
08:16:40.451,,,,,,,23,,,,,,,,,,,,,,,,,,,,,,,,,,,,,,,,49.2818484,31.4371081,
08:16:40.522,,,,,,,,23,,,,,,,,,,,,,,,,,,,,,,,,,,,,,,,49.2818484,31.4371081,
08:16:40.595,,,,21,,,,,,,,,,,,,,,,,,,,,,,,,,,,,,,,,,,49.2818484,31.4371081,
08:16:40.666,,,,,,,,,,,,,,,,,,30,,,,,,,,,,,,,,,,,,,,,49.2818484,31.4371081,
08:16:40.701,,,,,,,,,,,,,,24,,,,,,,,,,,,,,,,,,,,,,,,,49.2818484,31.4371081,
08:16:40.737,,,,,,,,,,,,,,,,,9,,,,,,,,,,,,,,,,,,,,,,49.2818484,31.4371081,
08:16:40.773,,,,,,,,,,,,,37,,,,,,,,,,,,,,,,,,,,,,,,,,49.2818484,31.4371081,
08:16:40.803,,,,,,,,,,,,,,,,,,,,,,151,,,,,,,,,,,21.1,,,,52.5,,49.2819778,31.4370766,
08:16:40.809,,,,,,,,,,,,,,,672,0.03,,,,,,,,,,,,,,,,,,,,,,,49.2819778,31.4370766,
08:16:40.846,,,,,,,,,,,,,,,,,,,52,,,,,,,,,,,,,,,,,,,,49.2819778,31.4370766,
08:16:40.919,,,,,,,,,,,,,,,,,,,,,,,,,,,,,,46.3,,,,,,,,,49.2819778,31.4370766,
08:16:40.953,,,,,,,,,,,,,,,,,,,,,,,,,,,,,,,,,,,53,,,,49.2819778,31.4370766,
08:16:41.002,,,,,,,,,,,,,,,,,,,,,,,1999,2,,,,,,,,,,,,,,,49.2819778,31.4370766,
08:16:41.038,,,,,,,,,,,,,,,,,,,,79.6,,,,,,,,,,,,,,,,,,,49.2819778,31.4370766,
08:16:41.085,,,,,,,,,,,,,,,,,,,,,,,,,,,,,,,,,,31,,,,,49.2819778,31.4370766,
08:16:41.134,,,,,,,,,,,,,,,,,,,,,,,,,0.011216878342757211,1.32,1.32,94.35,5924.83,,,23.8,,,,,,52,49.2819778,31.4370766,
08:16:41.170,,,,,,,,,,,,,,,,,,,,,,,,,,,,,,,-0.09,,,,,91,,,49.2819778,31.4370766,
08:16:41.231,,,,,,,,,,54.5,,,,,,,,,,,,,,,,,,,,,,,,,,,,,49.2819778,31.4370766,
08:16:41.267,,,,,,,,,366.3,,,,,,,,,,,,,,,,,,,,,,,,,,,,,,49.2819778,31.4370766,
08:16:41.302,,,,,,,,,,,3.813,,,,,,,,,,,,,,,,,,,,,,,,,,,,49.2819778,31.4370766,
08:16:41.362,,,,,,,,,,,,3.803,,,,,,,,,,,,,,,,,,,,,,,,,,,49.2819778,31.4370766,
08:16:41.399,65,,,,,,,,,,,,,,,,,,,,,,,,,,,,,,,,,,,,,,49.2819778,31.4370766,
08:16:41.434,,,-1600,,,,,,,,,,,,,,,,,,,,,,,,,,,,,,,,,,,,49.2819778,31.4370766,
08:16:41.482,,68,,,,,,,,,,,,,,,,,,,,,,,,,,,,,,,,,,,,,49.2819778,31.4370766,
08:16:41.519,,,,,24,,,,,,,,,,,,,,,,,,,,,,,,,,,,,,,,,,49.2819778,31.4370766,
08:16:41.554,,,,,,24,,,,,,,,,,,,,,,,,,,,,,,,,,,,,,,,,49.2819778,31.4370766,
08:16:41.602,,,,,,,23,,,,,,,,,,,,,,,,,,,,,,,,,,,,,,,,49.2819778,31.4370766,
08:16:41.638,,,,,,,,23,,,,,,,,,,,,,,,,,,,,,,,,,,,,,,,49.2819778,31.4370766,
08:16:41.698,,,,21,,,,,,,,,,,,,,,,,,,,,,,,,,,,,,,,,,,49.2819778,31.4370766,
08:16:41.770,,,,,,,,,,,,,,,,,,30,,,,,,,,,,,,,,,,,,,,,49.2819778,31.4370766,
08:16:41.804,,,,,,,,,,,,,,,,,,,,,,151,,,,,,,,,,,21.2,,,,52.2,,49.2821055,31.4370398,
08:16:41.817,,,,,,,,,,,,,,24,,,,,,,,,,,,,,,,,,,,,,,,,49.2821055,31.4370398,
08:16:41.854,,,,,,,,,,,,,,,,,-27,,,,,,,,,,,,,,,,,,,,,,49.2821055,31.4370398,
08:16:41.891,,,,,,,,,,,,,37,,,,,,,,,,,,,,,,,,,,,,,,,,49.2821055,31.4370398,
08:16:41.926,,,,,,,,,,,,,,,-1696,-0.11,,,,,,,,,,,,,,,,,,,,,,,49.2821055,31.4370398,
08:16:41.974,,,,,,,,,,,,,,,,,,,51,,,,,,,,,,,,,,,,,,,,49.2821055,31.4370398,
08:16:42.047,,,,,,,,,,,,,,,,,,,,,,,,,,,,,,46.3,,,,,,,,,49.2821055,31.4370398,
08:16:42.107,,,,,,,,,,,,,,,,,,,,,,,1998,2,,,,,,,,,,,,,,,49.2821055,31.4370398,
08:16:42.143,,,,,,,,,,,,,,,,,,,,80,,,,,,,,,,,,,,,,,,,49.2821055,31.4370398,
08:16:42.179,,,,,,,,,,,,,,,,,,,,,,,,,,,,,,,,,,32,,,,,49.2821055,31.4370398,
08:16:42.239,,,,,,,,,,,,,,,,,,,,,,,,,,1.34,1.34,94.37,5924.85,,,23.9,,,,,,51,49.2821055,31.4370398,
08:16:42.286,,,,,,,,,,,,,,,,,,,,,,,,,,,,,,,-0.09,,,,,91,,,49.2821055,31.4370398,
08:16:42.357,,,,,,,,,,55,,,,,,,,,,,,,,,,,,,,,,,,,,,,,49.2821055,31.4370398,
08:16:42.394,,,,,,,,,368,,,,,,,,,,,,,,,,,,,,,,,,,,,,,,49.2821055,31.4370398,
08:16:42.430,,,,,,,,,,,3.852,,,,,,,,,,,,,,,,,,,,,,,,,,,,49.2821055,31.4370398,
08:16:42.467,,,,,,,,,,,,3.836,,,,,,,,,,,,,,,,,,,,,,,,,,,49.2821055,31.4370398,
08:16:42.503,79,,,,,,,,,,,,,,,,,,,,,,,,,,,,,,,,,,,,,,49.2821055,31.4370398,
08:16:42.538,,,-1600,,,,,,,,,,,,,,,,,,,,,,,,,,,,,,,,,,,,49.2821055,31.4370398,
08:16:42.575,,80,,,,,,,,,,,,,,,,,,,,,,,,,,,,,,,,,,,,,49.2821055,31.4370398,
08:16:42.611,,,,,24,,,,,,,,,,,,,,,,,,,,,,,,,,,,,,,,,,49.2821055,31.4370398,
08:16:42.647,,,,,,24,,,,,,,,,,,,,,,,,,,,,,,,,,,,,,,,,49.2821055,31.4370398,
08:16:42.694,,,,,,,23,,,,,,,,,,,,,,,,,,,,,,,,,,,,,,,,49.2821055,31.4370398,
08:16:42.730,,,,,,,,23,,,,,,,,,,,,,,,,,,,,,,,,,,,,,,,49.2821055,31.4370398,
08:16:42.767,,,,21,,,,,,,,,,,,,,,,,,,,,,,,,,,,,,,,,,,49.2821055,31.4370398,
08:16:42.814,,,,,,,,,,,,,,,,,,,,,,151,,,,,,,,,,,21.3,,,,50.1,,49.2822313,31.4370045,
08:16:42.838,,,,,,,,,,,,,,,,,,30,,,,,,,,,,,,,,,,,,,,,49.2822313,31.4370045,
08:16:42.885,,,,,,,,,,,,,,24,,,,,,,,,,,,,,,,,,,,,,,,,49.2822313,31.4370045,
08:16:42.959,,,,,,,,,,,,,,,,,-28,,,,,,,,,,,,,,,,,,,,,,49.2822313,31.4370045,
08:16:42.983,,,,,,,,,,,,,39,,,,,,,,,,,,,,,,,,,,,,,,,,49.2822313,31.4370045,
08:16:43.030,,,,,,,,,,,,,,,-1856,-0.12,,,,,,,,,,,,,,,,,,,,,,,49.2822313,31.4370045,
08:16:43.065,,,,,,,,,,,,,,,,,,,49,,,,,,,,,,,,,,,,,,,,49.2822313,31.4370045,
08:16:43.126,,,,,,,,,,,,,,,,,,,,,,,,,,,,,,46.3,,,,,,,,,49.2822313,31.4370045,
08:16:43.186,,,,,,,,,,,,,,,,,,,,,,,,,,,,,,,,,,,54,,,,49.2822313,31.4370045,
08:16:43.246,,,,,,,,,,,,,,,,,,,,,,,2000,2,,,,,,,,,,,,,,,49.2822313,31.4370045,
08:16:43.294,,,,,,,,,,,,,,,,,,,,80,,,,,,,,,,,,,,,,,,,49.2822313,31.4370045,
08:16:43.342,,,,,,,,,,,,,,,,,,,,,,,,,,,,,,,,,,32,,,,,49.2822313,31.4370045,
08:16:43.378,,,,,,,,,,,,,,,,,,,,,,,,,,1.36,1.36,94.38,5924.86,,,24.1,,,,,,49,49.2822313,31.4370045,
08:16:43.414,,,,,,,,,,,,,,,,,,,,,,,,,,,,,,,-0.09,,,,,91,,,49.2822313,31.4370045,
08:16:43.462,,,,,,,,,,55.5,,,,,,,,,,,,,,,,,,,,,,,,,,,,,49.2822313,31.4370045,
08:16:43.510,,,,,,,,,368.4,,,,,,,,,,,,,,,,,,,,,,,,,,,,,,49.2822313,31.4370045,
08:16:43.545,,,,,,,,,,,3.851,,,,,,,,,,,,,,,,,,,,,,,,,,,,49.2822313,31.4370045,
08:16:43.583,,,,,,,,,,,,3.841,,,,,,,,,,,,,,,,,,,,,,,,,,,49.2822313,31.4370045,
08:16:43.643,78,,,,,,,,,,,,,,,,,,,,,,,,,,,,,,,,,,,,,,49.2822313,31.4370045,
08:16:43.703,,,-1600,,,,,,,,,,,,,,,,,,,,,,,,,,,,,,,,,,,,49.2822313,31.4370045,
08:16:43.775,,79,,,,,,,,,,,,,,,,,,,,,,,,,,,,,,,,,,,,,49.2822313,31.4370045,
08:16:43.805,,,,,,,,,,,,,,,,,,,,,,151,,,,,,,,,,,21.5,,,,48.6,,49.2823524,31.4369651,
08:16:43.858,,,,,24,,,,,,,,,,,,,,,,,,,,,,,,,,,,,,,,,,49.2823524,31.4369651,
08:16:43.894,,,,,,24,,,,,,,,,,,,,,,,,,,,,,,,,,,,,,,,,49.2823524,31.4369651,
08:16:43.942,,,,,,,23,,,,,,,,,,,,,,,,,,,,,,,,,,,,,,,,49.2823524,31.4369651,
08:16:43.979,,,,,,,,23,,,,,,,,,,,,,,,,,,,,,,,,,,,,,,,49.2823524,31.4369651,
08:16:44.015,,,,21,,,,,,,,,,,,,,,,,,,,,,,,,,,,,,,,,,,49.2823524,31.4369651,
08:16:44.087,,,,,,,,,,,,,,,,,,30,,,,,,,,,,,,,,,,,,,,,49.2823524,31.4369651,
08:16:44.133,,,,,,,,,,,,,,24,,,,,,,,,,,,,,,,,,,,,,,,,49.2823524,31.4369651,
08:16:44.170,,,,,,,,,,,,,,,,,-32,,,,,,,,,,,,,,,,,,,,,,49.2823524,31.4369651,
08:16:44.231,,,,,,,,,,,,,39,,,,,,,,,,,,,,,,,,,,,,,,,,49.2823524,31.4369651,
08:16:44.279,,,,,,,,,,,,,,,-2016,-0.12,,,,,,,,,,,,,,,,,,,,,,,49.2823524,31.4369651,
08:16:44.303,,,,,,,,,,,,,,,,,,,47,,,,,,,,,,,,,,,,,,,,49.2823524,31.4369651,
08:16:44.375,,,,,,,,,,,,,,,,,,,,,,,,,,,,,,46.3,,,,,,,,,49.2823524,31.4369651,
08:16:44.410,,,,,,,,,,,,,,,,,,,,,,,1998,2,,,,,,,,,,,,,,,49.2823524,31.4369651,
08:16:44.459,,,,,,,,,,,,,,,,,,,,79.6,,,,,,,,,,,,,,,,,,,49.2823524,31.4369651,
08:16:44.518,,,,,,,,,,,,,,,,,,,,,,,,,,,,,,,,,,32,,,,,49.2823524,31.4369651,
08:16:44.554,,,,,,,,,,,,,,,,,,,,,,,,,-0.024473189111470277,1.37,1.37,94.4,5924.88,,,24.2,,,,,,47,49.2823524,31.4369651,
08:16:44.602,,,,,,,,,,,,,,,,,,,,,,,,,,,,,,,-0.08,,,,,92,,,49.2823524,31.4369651,
08:16:44.664,,,,,,,,,,56,,,,,,,,,,,,,,,,,,,,,,,,,,,,,49.2823524,31.4369651,
08:16:44.699,,,,,,,,,370,,,,,,,,,,,,,,,,,,,,,,,,,,,,,,49.2823524,31.4369651,
08:16:44.759,,,,,,,,,,,3.869,,,,,,,,,,,,,,,,,,,,,,,,,,,,49.2823524,31.4369651,
08:16:44.794,,,,,,,,,,,,3.862,,,,,,,,,,,,,,,,,,,,,,,,,,,49.2823524,31.4369651,
08:16:44.801,,,,,,,,,,,,,,,,,,,,,,151,,,,,,,,,,,21.6,,,,46.8,,49.2824681,31.4369259,
08:16:44.831,83,,,,,,,,,,,,,,,,,,,,,,,,,,,,,,,,,,,,,,49.2824681,31.4369259,
08:16:44.879,,,-1600,,,,,,,,,,,,,,,,,,,,,,,,,,,,,,,,,,,,49.2824681,31.4369259,
08:16:44.915,,83,,,,,,,,,,,,,,,,,,,,,,,,,,,,,,,,,,,,,49.2824681,31.4369259,
08:16:44.963,,,,,24,,,,,,,,,,,,,,,,,,,,,,,,,,,,,,,,,,49.2824681,31.4369259,
08:16:45.010,,,,,,24,,,,,,,,,,,,,,,,,,,,,,,,,,,,,,,,,49.2824681,31.4369259,
08:16:45.046,,,,,,,23,,,,,,,,,,,,,,,,,,,,,,,,,,,,,,,,49.2824681,31.4369259,
08:16:45.093,,,,,,,,23,,,,,,,,,,,,,,,,,,,,,,,,,,,,,,,49.2824681,31.4369259,
08:16:45.143,,,,21,,,,,,,,,,,,,,,,,,,,,,,,,,,,,,,,,,,49.2824681,31.4369259,
08:16:45.203,,,,,,,,,,,,,,,,,,30,,,,,,,,,,,,,,,,,,,,,49.2824681,31.4369259,
08:16:45.239,,,,,,,,,,,,,,24,,,,,,,,,,,,,,,,,,,,,,,,,49.2824681,31.4369259,
08:16:45.286,,,,,,,,,,,,,,,,,-38,,,,,,,,,,,,,,,,,,,,,,49.2824681,31.4369259,
08:16:45.323,,,,,,,,,,,,,40,,,,,,,,,,,,,,,,,,,,,,,,,,49.2824681,31.4369259,
08:16:45.359,,,,,,,,,,,,,,,-2624,-0.17,,,,,,,,,,,,,,,,,,,,,,,49.2824681,31.4369259,
08:16:45.393,,,,,,,,,,,,,,,,,,,45,,,,,,,,,,,,,,,,,,,,49.2824681,31.4369259,
08:16:45.479,,,,,,,,,,,,,,,,,,,,,,,,,,,,,,46.3,,,,,,,,,49.2824681,31.4369259,
08:16:45.551,,,,,,,,,,,,,,,,,,,,,,,,,,,,,,,,,,,55,,,,49.2824681,31.4369259,
08:16:45.598,,,,,,,,,,,,,,,,,,,,,,,1999,2,,,,,,,,,,,,,,,49.2824681,31.4369259,
08:16:45.635,,,,,,,,,,,,,,,,,,,,80,,,,,,,,,,,,,,,,,,,49.2824681,31.4369259,
08:16:45.670,,,,,,,,,,,,,,,,,,,,,,,,,,,,,,,,,,32,,,,,49.2824681,31.4369259,
08:16:45.706,,,,,,,,,,,,,,,,,,,,,,,,,-0.043847797158050913,1.39,1.39,94.41,5924.89,,,24.3,,,,,,45,49.2824681,31.4369259,
08:16:45.755,,,,,,,,,,,,,,,,,,,,,,,,,,,,,,,-0.09,,,,,91,,,49.2824681,31.4369259,
08:16:45.806,,,,,,,,,,,,,,,,,,,,,,151,,,,,,,,,,,21.7,,,,44.7,,49.2825798,31.4368884,
08:16:45.815,,,,,,,,,,56.5,,,,,,,,,,,,,,,,,,,,,,,,,,,,,49.2825798,31.4368884,
08:16:45.862,,,,,,,,,373,,,,,,,,,,,,,,,,,,,,,,,,,,,,,,49.2825798,31.4368884,
08:16:45.898,,,,,,,,,,,3.878,,,,,,,,,,,,,,,,,,,,,,,,,,,,49.2825798,31.4368884,
08:16:45.935,,,,,,,,,,,,3.858,,,,,,,,,,,,,,,,,,,,,,,,,,,49.2825798,31.4368884,
08:16:45.970,78,,,,,,,,,,,,,,,,,,,,,,,,,,,,,,,,,,,,,,49.2825798,31.4368884,
08:16:46.006,,,-1600,,,,,,,,,,,,,,,,,,,,,,,,,,,,,,,,,,,,49.2825798,31.4368884,
08:16:46.043,,75,,,,,,,,,,,,,,,,,,,,,,,,,,,,,,,,,,,,,49.2825798,31.4368884,
08:16:46.079,,,,,24,,,,,,,,,,,,,,,,,,,,,,,,,,,,,,,,,,49.2825798,31.4368884,
08:16:46.115,,,,,,24,,,,,,,,,,,,,,,,,,,,,,,,,,,,,,,,,49.2825798,31.4368884,
08:16:46.161,,,,,,,23,,,,,,,,,,,,,,,,,,,,,,,,,,,,,,,,49.2825798,31.4368884,
08:16:46.198,,,,,,,,23,,,,,,,,,,,,,,,,,,,,,,,,,,,,,,,49.2825798,31.4368884,
08:16:46.234,,,,21,,,,,,,,,,,,,,,,,,,,,,,,,,,,,,,,,,,49.2825798,31.4368884,
08:16:46.307,,,,,,,,,,,,,,,,,,30,,,,,,,,,,,,,,,,,,,,,49.2825798,31.4368884,
08:16:46.343,,,,,,,,,,,,,,24,,,,,,,,,,,,,,,,,,,,,,,,,49.2825798,31.4368884,
08:16:46.378,,,,,,,,,,,,,,,,,-30,,,,,,,,,,,,,,,,,,,,,,49.2825798,31.4368884,
08:16:46.415,,,,,,,,,,,,,40,,,,,,,,,,,,,,,,,,,,,,,,,,49.2825798,31.4368884,
08:16:46.439,,,,,,,,,,,,,,,-1760,-0.11,,,,,,,,,,,,,,,,,,,,,,,49.2825798,31.4368884,
08:16:46.475,,,,,,,,,,,,,,,,,,,43,,,,,,,,,,,,,,,,,,,,49.2825798,31.4368884,
08:16:46.546,,,,,,,,,,,,,,,,,,,,,,,,,,,,,,46.3,,,,,,,,,49.2825798,31.4368884,
08:16:46.595,,,,,,,,,,,,,,,,,,,,,,,2001,2,,,,,,,,,,,,,,,49.2825798,31.4368884,
08:16:46.642,,,,,,,,,,,,,,,,,,,,80,,,,,,,,,,,,,,,,,,,49.2825798,31.4368884,
08:16:46.677,,,,,,,,,,,,,,,,,,,,,,,,,,,,,,,,,,33,,,,,49.2825798,31.4368884,
08:16:46.727,,,,,,,,,,,,,,,,,,,,,,,,,-0.050985810648896415,1.4,1.4,94.43,5924.9,,,24.4,,,,,,43,49.2825798,31.4368884,
08:16:46.799,,,,,,,,,,,,,,,,,,,,,,,,,,,,,,,-0.09,,,,,91,,,49.2825798,31.4368884,
08:16:46.808,,,,,,,,,,,,,,,,,,,,,,151,,,,,,,,,,,21.8,,,,43.1,,49.2826856,31.4368538,
08:16:46.875,,,,,,,,,,57,,,,,,,,,,,,,,,,,,,,,,,,,,,,,49.2826856,31.4368538,
08:16:46.922,,,,,,,,,369.7,,,,,,,,,,,,,,,,,,,,,,,,,,,,,,49.2826856,31.4368538,
08:16:46.958,,,,,,,,,,,3.872,,,,,,,,,,,,,,,,,,,,,,,,,,,,49.2826856,31.4368538,
08:16:46.995,,,,,,,,,,,,3.855,,,,,,,,,,,,,,,,,,,,,,,,,,,49.2826856,31.4368538,
08:16:47.043,67,,,,,,,,,,,,,,,,,,,,,,,,,,,,,,,,,,,,,,49.2826856,31.4368538,
08:16:47.091,,,-1600,,,,,,,,,,,,,,,,,,,,,,,,,,,,,,,,,,,,49.2826856,31.4368538,
08:16:47.127,,64,,,,,,,,,,,,,,,,,,,,,,,,,,,,,,,,,,,,,49.2826856,31.4368538,
08:16:47.185,,,,,24,,,,,,,,,,,,,,,,,,,,,,,,,,,,,,,,,,49.2826856,31.4368538,
08:16:47.272,,,,,,24,,,,,,,,,,,,,,,,,,,,,,,,,,,,,,,,,49.2826856,31.4368538,
08:16:47.335,,,,,,,23,,,,,,,,,,,,,,,,,,,,,,,,,,,,,,,,49.2826856,31.4368538,
08:16:47.369,,,,,,,,23,,,,,,,,,,,,,,,,,,,,,,,,,,,,,,,49.2826856,31.4368538,
08:16:47.417,,,,21,,,,,,,,,,,,,,,,,,,,,,,,,,,,,,,,,,,49.2826856,31.4368538,
08:16:47.490,,,,,,,,,,,,,,,,,,30,,,,,,,,,,,,,,,,,,,,,49.2826856,31.4368538,
08:16:47.527,,,,,,,,,,,,,,24,,,,,,,,,,,,,,,,,,,,,,,,,49.2826856,31.4368538,
08:16:47.563,,,,,,,,,,,,,,,,,-18,,,,,,,,,,,,,,,,,,,,,,49.2826856,31.4368538,
08:16:47.607,,,,,,,,,,,,,42,,,,,,,,,,,,,,,,,,,,,,,,,,49.2826856,31.4368538,
08:16:47.642,,,,,,,,,,,,,,,-928,-0.06,,,,,,,,,,,,,,,,,,,,,,,49.2826856,31.4368538,
08:16:47.679,,,,,,,,,,,,,,,,,,,42,,,,,,,,,,,,,,,,,,,,49.2826856,31.4368538,
08:16:47.775,,,,,,,,,,,,,,,,,,,,,,,,,,,,,,46.3,,,,,,,,,49.2826856,31.4368538,
08:16:47.805,,,,,,,,,,,,,,,,,,,,,,151,,,,,,,,,,,21.8,,,,41.8,,49.282788,31.4368187,
08:16:47.834,,,,,,,,,,,,,,,,,,,,,,,,,,,,,,,,,,,55,,,,49.282788,31.4368187,
08:16:47.881,,,,,,,,,,,,,,,,,,,,,,,2001,2,,,,,,,,,,,,,,,49.282788,31.4368187,
08:16:47.930,,,,,,,,,,,,,,,,,,,,80,,,,,,,,,,,,,,,,,,,49.282788,31.4368187,
08:16:47.978,,,,,,,,,,,,,,,,,,,,,,,,,,,,,,,,,,33,,,,,49.282788,31.4368187,
08:16:48.039,,,,,,,,,,,,,,,,,,,,,,,,,-0.048946378222940554,1.41,1.41,94.44,5924.92,,,24.5,,,,,,41,49.282788,31.4368187,
08:16:48.114,,,,,,,,,,,,,,,,,,,,,,,,,,,,,,,-0.08,,,,,92,,,49.282788,31.4368187,
08:16:48.198,,,,,,,,,,57,,,,,,,,,,,,,,,,,,,,,,,,,,,,,49.282788,31.4368187,
08:16:48.234,,,,,,,,,370,,,,,,,,,,,,,,,,,,,,,,,,,,,,,,49.282788,31.4368187,
08:16:48.271,,,,,,,,,,,3.859,,,,,,,,,,,,,,,,,,,,,,,,,,,,49.282788,31.4368187,
08:16:48.306,,,,,,,,,,,,3.845,,,,,,,,,,,,,,,,,,,,,,,,,,,49.282788,31.4368187,
08:16:48.343,58,,,,,,,,,,,,,,,,,,,,,,,,,,,,,,,,,,,,,,49.282788,31.4368187,
08:16:48.389,,,-1600,,,,,,,,,,,,,,,,,,,,,,,,,,,,,,,,,,,,49.282788,31.4368187,
08:16:48.427,,55,,,,,,,,,,,,,,,,,,,,,,,,,,,,,,,,,,,,,49.282788,31.4368187,
08:16:48.463,,,,,24,,,,,,,,,,,,,,,,,,,,,,,,,,,,,,,,,,49.282788,31.4368187,
08:16:48.498,,,,,,24,,,,,,,,,,,,,,,,,,,,,,,,,,,,,,,,,49.282788,31.4368187,
08:16:48.535,,,,,,,23,,,,,,,,,,,,,,,,,,,,,,,,,,,,,,,,49.282788,31.4368187,
08:16:48.570,,,,,,,,23,,,,,,,,,,,,,,,,,,,,,,,,,,,,,,,49.282788,31.4368187,
08:16:48.619,,,,21,,,,,,,,,,,,,,,,,,,,,,,,,,,,,,,,,,,49.282788,31.4368187,
08:16:48.690,,,,,,,,,,,,,,,,,,30,,,,,,,,,,,,,,,,,,,,,49.282788,31.4368187,
08:16:48.725,,,,,,,,,,,,,,24,,,,,,,,,,,,,,,,,,,,,,,,,49.282788,31.4368187,
08:16:48.762,,,,,,,,,,,,,,,,,-0,,,,,,,,,,,,,,,,,,,,,,49.282788,31.4368187,
08:16:48.799,,,,,,,,,,,,,42,,,,,,,,,,,,,,,,,,,,,,,,,,49.282788,31.4368187,
08:16:48.806,,,,,,,,,,,,,,,,,,,,,,151,,,,,,,,,,,21.9,,,,40.6,,49.2828853,31.436783,
08:16:48.834,,,,,,,,,,,,,,,0,0,,,,,,,,,,,,,,,,,,,,,,,49.2828853,31.436783,
08:16:48.870,,,,,,,,,,,,,,,,,,,41,,,,,,,,,,,,,,,,,,,,49.2828853,31.436783,
08:16:48.943,,,,,,,,,,,,,,,,,,,,,,,,,,,,,,46.3,,,,,,,,,49.2828853,31.436783,
08:16:48.977,,,,,,,,,,,,,,,,,,,,,,,2000,2,,,,,,,,,,,,,,,49.2828853,31.436783,
08:16:49.026,,,,,,,,,,,,,,,,,,,,80,,,,,,,,,,,,,,,,,,,49.2828853,31.436783,
08:16:49.062,,,,,,,,,,,,,,,,,,,,,,,,,,,,,,,,,,33,,,,,49.2828853,31.436783,
08:16:49.111,,,,,,,,,,,,,,,,,,,,,,,,,-0.043847797158050913,1.42,1.42,94.45,5924.93,,,24.6,,,,,,40,49.2828853,31.436783,
08:16:49.157,,,,,,,,,,,,,,,,,,,,,,,,,,,,,,,-0.09,,,,,91,,,49.2828853,31.436783,
08:16:49.230,,,,,,,,,,57.5,,,,,,,,,,,,,,,,,,,,,,,,,,,,,49.2828853,31.436783,
08:16:49.266,,,,,,,,,369.2,,,,,,,,,,,,,,,,,,,,,,,,,,,,,,49.2828853,31.436783,
08:16:49.315,,,,,,,,,,,3.855,,,,,,,,,,,,,,,,,,,,,,,,,,,,49.2828853,31.436783,
08:16:49.375,,,,,,,,,,,,3.842,,,,,,,,,,,,,,,,,,,,,,,,,,,49.2828853,31.436783,
08:16:49.422,54,,,,,,,,,,,,,,,,,,,,,,,,,,,,,,,,,,,,,,49.2828853,31.436783,
08:16:49.457,,,-1600,,,,,,,,,,,,,,,,,,,,,,,,,,,,,,,,,,,,49.2828853,31.436783,
08:16:49.507,,60,,,,,,,,,,,,,,,,,,,,,,,,,,,,,,,,,,,,,49.2828853,31.436783,
08:16:49.542,,,,,24,,,,,,,,,,,,,,,,,,,,,,,,,,,,,,,,,,49.2828853,31.436783,
08:16:49.578,,,,,,24,,,,,,,,,,,,,,,,,,,,,,,,,,,,,,,,,49.2828853,31.436783,
08:16:49.615,,,,,,,23,,,,,,,,,,,,,,,,,,,,,,,,,,,,,,,,49.2828853,31.436783,
08:16:49.650,,,,,,,,23,,,,,,,,,,,,,,,,,,,,,,,,,,,,,,,49.2828853,31.436783,
08:16:49.686,,,,21,,,,,,,,,,,,,,,,,,,,,,,,,,,,,,,,,,,49.2828853,31.436783,
08:16:49.794,,,,,,,,,,,,,,,,,,30,,,,,,,,,,,,,,,,,,,,,49.2828853,31.436783,
08:16:49.803,,,,,,,,,,,,,,,,,,,,,,151,,,,,,,,,,,22,,,,40.8,,49.2829835,31.4367512,
08:16:49.866,,,,,,,,,,,,,,24,,,,,,,,,,,,,,,,,,,,,,,,,49.2829835,31.4367512,
08:16:49.938,,,,,,,,,,,,,,,,,-64,,,,,,,,,,,,,,,,,,,,,,49.2829835,31.4367512,
08:16:49.975,,,,,,,,,,,,,42,,,,,,,,,,,,,,,,,,,,,,,,,,49.2829835,31.4367512,
08:16:50.022,,,,,,,,,,,,,,,-4032,-0.25,,,,,,,,,,,,,,,,,,,,,,,49.2829835,31.4367512,
08:16:50.082,,,,,,,,,,,,,,,,,,,39,,,,,,,,,,,,,,,,,,,,49.2829835,31.4367512,
08:16:50.179,,,,,,,,,,,,,,,,,,,,,,,,,,,,,,46.3,,,,,,,,,49.2829835,31.4367512,
08:16:50.215,,,,,,,,,,,,,,,,,,,,,,,,,,,,,,,,,,,56,,,,49.2829835,31.4367512,
08:16:50.262,,,,,,,,,,,,,,,,,,,,,,,2000,2,,,,,,,,,,,,,,,49.2829835,31.4367512,
08:16:50.299,,,,,,,,,,,,,,,,,,,,80,,,,,,,,,,,,,,,,,,,49.2829835,31.4367512,
08:16:50.346,,,,,,,,,,,,,,,,,,,,,,,,,,,,,,,,,,34,,,,,49.2829835,31.4367512,
08:16:50.394,,,,,,,,,,,,,,,,,,,,,,,,,-0.04180836473209506,1.44,1.44,94.47,5924.94,,,24.7,,,,,,38,49.2829835,31.4367512,
08:16:50.453,,,,,,,,,,,,,,,,,,,,,,,,,,,,,,,-0.08,,,,,92,,,49.2829835,31.4367512,
08:16:50.526,,,,,,,,,,58,,,,,,,,,,,,,,,,,,,,,,,,,,,,,49.2829835,31.4367512,
08:16:50.573,,,,,,,,,373.2,,,,,,,,,,,,,,,,,,,,,,,,,,,,,,49.2829835,31.4367512,
08:16:50.633,,,,,,,,,,,3.893,,,,,,,,,,,,,,,,,,,,,,,,,,,,49.2829835,31.4367512,
08:16:50.670,,,,,,,,,,,,3.878,,,,,,,,,,,,,,,,,,,,,,,,,,,49.2829835,31.4367512,
08:16:50.707,75,,,,,,,,,,,,,,,,,,,,,,,,,,,,,,,,,,,,,,49.2829835,31.4367512,
08:16:50.755,,,-1600,,,,,,,,,,,,,,,,,,,,,,,,,,,,,,,,,,,,49.2829835,31.4367512,
08:16:50.790,,76,,,,,,,,,,,,,,,,,,,,,,,,,,,,,,,,,,,,,49.2829835,31.4367512,
08:16:50.811,,,,,,,,,,,,,,,,,,,,,,151,,,,,,,,,,,22.1,,,,37.9,,49.2830779,31.4367197,
08:16:50.827,,,,,24,,,,,,,,,,,,,,,,,,,,,,,,,,,,,,,,,,49.2830779,31.4367197,
08:16:50.862,,,,,,24,,,,,,,,,,,,,,,,,,,,,,,,,,,,,,,,,49.2830779,31.4367197,
08:16:50.898,,,,,,,23,,,,,,,,,,,,,,,,,,,,,,,,,,,,,,,,49.2830779,31.4367197,
08:16:50.935,,,,,,,,23,,,,,,,,,,,,,,,,,,,,,,,,,,,,,,,49.2830779,31.4367197,
08:16:50.971,,,,21,,,,,,,,,,,,,,,,,,,,,,,,,,,,,,,,,,,49.2830779,31.4367197,
08:16:51.055,,,,,,,,,,,,,,,,,,30,,,,,,,,,,,,,,,,,,,,,49.2830779,31.4367197,
08:16:51.103,,,,,,,,,,,,,,25,,,,,,,,,,,,,,,,,,,,,,,,,49.2830779,31.4367197,
08:16:51.139,,,,,,,,,,,,,,,,,-37,,,,,,,,,,,,,,,,,,,,,,49.2830779,31.4367197,
08:16:51.187,,,,,,,,,,,,,44,,,,,,,,,,,,,,,,,,,,,,,,,,49.2830779,31.4367197,
08:16:51.235,,,,,,,,,,,,,,,-2432,-0.16,,,,,,,,,,,,,,,,,,,,,,,49.2830779,31.4367197,
08:16:51.270,,,,,,,,,,,,,,,,,,,37,,,,,,,,,,,,,,,,,,,,49.2830779,31.4367197,
08:16:51.366,,,,,,,,,,,,,,,,,,,,,,,,,,,,,,46.7,,,,,,,,,49.2830779,31.4367197,
08:16:51.414,,,,,,,,,,,,,,,,,,,,,,,2000,2,,,,,,,,,,,,,,,49.2830779,31.4367197,
08:16:51.475,,,,,,,,,,,,,,,,,,,,80.4,,,,,,,,,,,,,,,,,,,49.2830779,31.4367197,
08:16:51.522,,,,,,,,,,,,,,,,,,,,,,,,,,,,,,,,,,34,,,,,49.2830779,31.4367197,
08:16:51.571,,,,,,,,,,,,,,,,,,,,,,,,,-0.040788648519117135,1.45,1.45,94.48,5924.96,,,24.8,,,,,,36,49.2830779,31.4367197,
08:16:51.631,,,,,,,,,,,,,,,,,,,,,,,,,,,,,,,-0.09,,,,,91,,,49.2830779,31.4367197,
08:16:51.702,,,,,,,,,,58.5,,,,,,,,,,,,,,,,,,,,,,,,,,,,,49.2830779,31.4367197,
08:16:51.738,,,,,,,,,371.4,,,,,,,,,,,,,,,,,,,,,,,,,,,,,,49.2830779,31.4367197,
08:16:51.786,,,,,,,,,,,3.895,,,,,,,,,,,,,,,,,,,,,,,,,,,,49.2830779,31.4367197,
08:16:51.807,,,,,,,,,,,,,,,,,,,,,,151,,,,,,,,,,,22.1,,,,35.6,,49.2831704,31.4366911,
08:16:51.822,,,,,,,,,,,,3.878,,,,,,,,,,,,,,,,,,,,,,,,,,,49.2831704,31.4366911,
08:16:51.858,66,,,,,,,,,,,,,,,,,,,,,,,,,,,,,,,,,,,,,,49.2831704,31.4366911,
08:16:51.919,,,-1600,,,,,,,,,,,,,,,,,,,,,,,,,,,,,,,,,,,,49.2831704,31.4366911,
08:16:51.955,,68,,,,,,,,,,,,,,,,,,,,,,,,,,,,,,,,,,,,,49.2831704,31.4366911,
08:16:52.003,,,,,24,,,,,,,,,,,,,,,,,,,,,,,,,,,,,,,,,,49.2831704,31.4366911,
08:16:52.039,,,,,,24,,,,,,,,,,,,,,,,,,,,,,,,,,,,,,,,,49.2831704,31.4366911,
08:16:52.075,,,,,,,23,,,,,,,,,,,,,,,,,,,,,,,,,,,,,,,,49.2831704,31.4366911,
08:16:52.122,,,,,,,,23,,,,,,,,,,,,,,,,,,,,,,,,,,,,,,,49.2831704,31.4366911,
08:16:52.157,,,,21,,,,,,,,,,,,,,,,,,,,,,,,,,,,,,,,,,,49.2831704,31.4366911,
08:16:52.217,,,,,,,,,,,,,,,,,,30,,,,,,,,,,,,,,,,,,,,,49.2831704,31.4366911,
08:16:52.279,,,,,,,,,,,,,,25,,,,,,,,,,,,,,,,,,,,,,,,,49.2831704,31.4366911,
08:16:52.326,,,,,,,,,,,,,,,,,-26,,,,,,,,,,,,,,,,,,,,,,49.2831704,31.4366911,
08:16:52.373,,,,,,,,,,,,,44,,,,,,,,,,,,,,,,,,,,,,,,,,49.2831704,31.4366911,
08:16:52.421,,,,,,,,,,,,,,,-1856,-0.12,,,,,,,,,,,,,,,,,,,,,,,49.2831704,31.4366911,
08:16:52.458,,,,,,,,,,,,,,,,,,,35,,,,,,,,,,,,,,,,,,,,49.2831704,31.4366911,
08:16:52.543,,,,,,,,,,,,,,,,,,,,,,,,,,,,,,46.7,,,,,,,,,49.2831704,31.4366911,
08:16:52.590,,,,,,,,,,,,,,,,,,,,,,,,,,,,,,,,,,,57,,,,49.2831704,31.4366911,
08:16:52.626,,,,,,,,,,,,,,,,,,,,,,,1999,2,,,,,,,,,,,,,,,49.2831704,31.4366911,
08:16:52.675,,,,,,,,,,,,,,,,,,,,80.4,,,,,,,,,,,,,,,,,,,49.2831704,31.4366911,
08:16:52.734,,,,,,,,,,,,,,,,,,,,,,,,,,,,,,,,,,34,,,,,49.2831704,31.4366911,
08:16:52.794,,,,,,,,,,,,,,,,,,,,,,,,,-0.04180836473209506,1.46,1.46,94.49,5924.97,,,24.8,,,,,,34,49.2831704,31.4366911,
08:16:52.808,,,,,,,,,,,,,,,,,,,,,,151,,,,,,,,,,,22.2,,,,34.3,,49.2832578,31.4366713,
08:16:52.843,,,,,,,,,,,,,,,,,,,,,,,,,,,,,,,-0.08,,,,,92,,,49.2832578,31.4366713,
08:16:52.902,,,,,,,,,,59,,,,,,,,,,,,,,,,,,,,,,,,,,,,,49.2832578,31.4366713,
08:16:52.949,,,,,,,,,371.4,,,,,,,,,,,,,,,,,,,,,,,,,,,,,,49.2832578,31.4366713,
08:16:52.986,,,,,,,,,,,3.897,,,,,,,,,,,,,,,,,,,,,,,,,,,,49.2832578,31.4366713,
08:16:53.023,,,,,,,,,,,,3.879,,,,,,,,,,,,,,,,,,,,,,,,,,,49.2832578,31.4366713,
08:16:53.071,67,,,,,,,,,,,,,,,,,,,,,,,,,,,,,,,,,,,,,,49.2832578,31.4366713,
08:16:53.143,,,-1600,,,,,,,,,,,,,,,,,,,,,,,,,,,,,,,,,,,,49.2832578,31.4366713,
08:16:53.227,,66,,,,,,,,,,,,,,,,,,,,,,,,,,,,,,,,,,,,,49.2832578,31.4366713,
08:16:53.309,,,,,24,,,,,,,,,,,,,,,,,,,,,,,,,,,,,,,,,,49.2832578,31.4366713,
08:16:53.346,,,,,,24,,,,,,,,,,,,,,,,,,,,,,,,,,,,,,,,,49.2832578,31.4366713,
08:16:53.382,,,,,,,23,,,,,,,,,,,,,,,,,,,,,,,,,,,,,,,,49.2832578,31.4366713,
08:16:53.418,,,,,,,,23,,,,,,,,,,,,,,,,,,,,,,,,,,,,,,,49.2832578,31.4366713,
08:16:53.455,,,,21,,,,,,,,,,,,,,,,,,,,,,,,,,,,,,,,,,,49.2832578,31.4366713,
08:16:53.526,,,,,,,,,,,,,,,,,,30,,,,,,,,,,,,,,,,,,,,,49.2832578,31.4366713,
08:16:53.562,,,,,,,,,,,,,,25,,,,,,,,,,,,,,,,,,,,,,,,,49.2832578,31.4366713,
08:16:53.599,,,,,,,,,,,,,,,,,-11,,,,,,,,,,,,,,,,,,,,,,49.2832578,31.4366713,
08:16:53.647,,,,,,,,,,,,,46,,,,,,,,,,,,,,,,,,,,,,,,,,49.2832578,31.4366713,
08:16:53.683,,,,,,,,,,,,,,,-448,-0.03,,,,,,,,,,,,,,,,,,,,,,,49.2832578,31.4366713,
08:16:53.730,,,,,,,,,,,,,,,,,,,33,,,,,,,,,,,,,,,,,,,,49.2832578,31.4366713,
08:16:53.803,,,,,,,,,,,,,,,,,,,,,,,,,,,,,,46.7,,,,,,,,,49.2832578,31.4366713,
08:16:53.807,,,,,,,,,,,,,,,,,,,,,,151,,,,,,,,,,,22.2,,,,33,,49.2833405,31.4366552,
08:16:53.850,,,,,,,,,,,,,,,,,,,,,,,1990,2,,,,,,,,,,,,,,,49.2833405,31.4366552,
08:16:53.885,,,,,,,,,,,,,,,,,,,,80.4,,,,,,,,,,,,,,,,,,,49.2833405,31.4366552,
08:16:53.922,,,,,,,,,,,,,,,,,,,,,,,,,,,,,,,,,,35,,,,,49.2833405,31.4366552,
08:16:53.959,,,,,,,,,,,,,,,,,,,,,,,,,-0.040788648519117135,1.47,1.47,94.5,5924.98,,,24.9,,,,,,33,49.2833405,31.4366552,
08:16:54.006,,,,,,,,,,,,,,,,,,,,,,,,,,,,,,,-0.08,,,,,92,,,49.2833405,31.4366552,
08:16:54.066,,,,,,,,,,59.5,,,,,,,,,,,,,,,,,,,,,,,,,,,,,49.2833405,31.4366552,
08:16:54.114,,,,,,,,,374.3,,,,,,,,,,,,,,,,,,,,,,,,,,,,,,49.2833405,31.4366552,
08:16:54.150,,,,,,,,,,,3.893,,,,,,,,,,,,,,,,,,,,,,,,,,,,49.2833405,31.4366552,
08:16:54.199,,,,,,,,,,,,3.88,,,,,,,,,,,,,,,,,,,,,,,,,,,49.2833405,31.4366552,
08:16:54.246,75,,,,,,,,,,,,,,,,,,,,,,,,,,,,,,,,,,,,,,49.2833405,31.4366552,
08:16:54.295,,,-1600,,,,,,,,,,,,,,,,,,,,,,,,,,,,,,,,,,,,49.2833405,31.4366552,
08:16:54.334,,80,,,,,,,,,,,,,,,,,,,,,,,,,,,,,,,,,,,,,49.2833405,31.4366552,
08:16:54.370,,,,,24,,,,,,,,,,,,,,,,,,,,,,,,,,,,,,,,,,49.2833405,31.4366552,
08:16:54.417,,,,,,24,,,,,,,,,,,,,,,,,,,,,,,,,,,,,,,,,49.2833405,31.4366552,
08:16:54.477,,,,,,,23,,,,,,,,,,,,,,,,,,,,,,,,,,,,,,,,49.2833405,31.4366552,
08:16:54.527,,,,,,,,23,,,,,,,,,,,,,,,,,,,,,,,,,,,,,,,49.2833405,31.4366552,
08:16:54.562,,,,21,,,,,,,,,,,,,,,,,,,,,,,,,,,,,,,,,,,49.2833405,31.4366552,
08:16:54.623,,,,,,,,,,,,,,,,,,30,,,,,,,,,,,,,,,,,,,,,49.2833405,31.4366552,
08:16:54.658,,,,,,,,,,,,,,25,,,,,,,,,,,,,,,,,,,,,,,,,49.2833405,31.4366552,
08:16:54.706,,,,,,,,,,,,,,,,,-55,,,,,,,,,,,,,,,,,,,,,,49.2833405,31.4366552,
08:16:54.743,,,,,,,,,,,,,46,,,,,,,,,,,,,,,,,,,,,,,,,,49.2833405,31.4366552,
08:16:54.779,,,,,,,,,,,,,,,-3456,-0.22,,,,,,,,,,,,,,,,,,,,,,,49.2833405,31.4366552,
08:16:54.811,,,,,,,,,,,,,,,,,,,,,,151,,,,,,,,,,,22.3,,,,31.9,,49.2834224,31.4366457,
08:16:54.826,,,,,,,,,,,,,,,,,,,31,,,,,,,,,,,,,,,,,,,,49.2834224,31.4366457,
08:16:54.898,,,,,,,,,,,,,,,,,,,,,,,,,,,,,,46.7,,,,,,,,,49.2834224,31.4366457,
08:16:54.933,,,,,,,,,,,,,,,,,,,,,,,,,,,,,,,,,,,58,,,,49.2834224,31.4366457,
08:16:54.981,,,,,,,,,,,,,,,,,,,,,,,2001,2,,,,,,,,,,,,,,,49.2834224,31.4366457,
08:16:55.019,,,,,,,,,,,,,,,,,,,,80.4,,,,,,,,,,,,,,,,,,,49.2834224,31.4366457,
08:16:55.080,,,,,,,,,,,,,,,,,,,,,,,,,,,,,,,,,,35,,,,,49.2834224,31.4366457,
08:16:55.120,,,,,,,,,,,,,,,,,,,,,,,,,-0.04792666200996263,1.48,1.48,94.51,5924.99,,,24.9,,,,,,30,49.2834224,31.4366457,
08:16:55.155,,,,,,,,,,,,,,,,,,,,,,,,,,,,,,,-0.08,,,,,92,,,49.2834224,31.4366457,
08:16:55.227,,,,,,,,,,60,,,,,,,,,,,,,,,,,,,,,,,,,,,,,49.2834224,31.4366457,
08:16:55.263,,,,,,,,,375.8,,,,,,,,,,,,,,,,,,,,,,,,,,,,,,49.2834224,31.4366457,
08:16:55.311,,,,,,,,,,,3.925,,,,,,,,,,,,,,,,,,,,,,,,,,,,49.2834224,31.4366457,
08:16:55.346,,,,,,,,,,,,3.906,,,,,,,,,,,,,,,,,,,,,,,,,,,49.2834224,31.4366457,
08:16:55.383,85,,,,,,,,,,,,,,,,,,,,,,,,,,,,,,,,,,,,,,49.2834224,31.4366457,
08:16:55.430,,,-1600,,,,,,,,,,,,,,,,,,,,,,,,,,,,,,,,,,,,49.2834224,31.4366457,
08:16:55.478,,84,,,,,,,,,,,,,,,,,,,,,,,,,,,,,,,,,,,,,49.2834224,31.4366457,
08:16:55.514,,,,,24,,,,,,,,,,,,,,,,,,,,,,,,,,,,,,,,,,49.2834224,31.4366457,
08:16:55.551,,,,,,24,,,,,,,,,,,,,,,,,,,,,,,,,,,,,,,,,49.2834224,31.4366457,
08:16:55.598,,,,,,,23,,,,,,,,,,,,,,,,,,,,,,,,,,,,,,,,49.2834224,31.4366457,
08:16:55.635,,,,,,,,23,,,,,,,,,,,,,,,,,,,,,,,,,,,,,,,49.2834224,31.4366457,
08:16:55.670,,,,21,,,,,,,,,,,,,,,,,,,,,,,,,,,,,,,,,,,49.2834224,31.4366457,
08:16:55.754,,,,,,,,,,,,,,,,,,30,,,,,,,,,,,,,,,,,,,,,49.2834224,31.4366457,
08:16:55.790,,,,,,,,,,,,,,25,,,,,,,,,,,,,,,,,,,,,,,,,49.2834224,31.4366457,
08:16:55.802,,,,,,,,,,,,,,,,,,,,,,151,,,,,,,,,,,22.3,,,,28.8,,49.2834974,31.4366382,
08:16:55.851,,,,,,,,,,,,,,,,,-73,,,,,,,,,,,,,,,,,,,,,,49.2834974,31.4366382,
08:16:55.885,,,,,,,,,,,,,49,,,,,,,,,,,,,,,,,,,,,,,,,,49.2834974,31.4366382,
08:16:55.921,,,,,,,,,,,,,,,-4608,-0.28,,,,,,,,,,,,,,,,,,,,,,,49.2834974,31.4366382,
08:16:55.958,,,,,,,,,,,,,,,,,,,28,,,,,,,,,,,,,,,,,,,,49.2834974,31.4366382,
08:16:56.018,,,,,,,,,,,,,,,,,,,,,,,,,,,,,,46.7,,,,,,,,,49.2834974,31.4366382,
08:16:56.065,,,,,,,,,,,,,,,,,,,,,,,2000,2,,,,,,,,,,,,,,,49.2834974,31.4366382,
08:16:56.114,,,,,,,,,,,,,,,,,,,,80.4,,,,,,,,,,,,,,,,,,,49.2834974,31.4366382,
08:16:56.162,,,,,,,,,,,,,,,,,,,,,,,,,,,,,,,,,,35,,,,,49.2834974,31.4366382,
08:16:56.199,,,,,,,,,,,,,,,,,,,,,,,,,-0.05506467550080813,1.49,1.49,94.52,5925,,,24.9,,,,,,27,49.2834974,31.4366382,
08:16:56.247,,,,,,,,,,,,,,,,,,,,,,,,,,,,,,,-0.08,,,,,92,,,49.2834974,31.4366382,
08:16:56.331,,,,,,,,,,60.5,,,,,,,,,,,,,,,,,,,,,,,,,,,,,49.2834974,31.4366382,
08:16:56.366,,,,,,,,,376.1,,,,,,,,,,,,,,,,,,,,,,,,,,,,,,49.2834974,31.4366382,
08:16:56.403,,,,,,,,,,,3.924,,,,,,,,,,,,,,,,,,,,,,,,,,,,49.2834974,31.4366382,
08:16:56.451,,,,,,,,,,,,3.909,,,,,,,,,,,,,,,,,,,,,,,,,,,49.2834974,31.4366382,
08:16:56.522,77,,,,,,,,,,,,,,,,,,,,,,,,,,,,,,,,,,,,,,49.2834974,31.4366382,
08:16:56.595,,,-1600,,,,,,,,,,,,,,,,,,,,,,,,,,,,,,,,,,,,49.2834974,31.4366382,
08:16:56.630,,74,,,,,,,,,,,,,,,,,,,,,,,,,,,,,,,,,,,,,49.2834974,31.4366382,
08:16:56.665,,,,,24,,,,,,,,,,,,,,,,,,,,,,,,,,,,,,,,,,49.2834974,31.4366382,
08:16:56.714,,,,,,24,,,,,,,,,,,,,,,,,,,,,,,,,,,,,,,,,49.2834974,31.4366382,
08:16:56.762,,,,,,,23,,,,,,,,,,,,,,,,,,,,,,,,,,,,,,,,49.2834974,31.4366382,
08:16:56.798,,,,,,,,23,,,,,,,,,,,,,,,,,,,,,,,,,,,,,,,49.2834974,31.4366382,
08:16:56.801,,,,,,,,,,,,,,,,,,,,,,151,,,,,,,,,,,22.3,,,,24.5,,49.2835648,31.4366351,
08:16:56.834,,,,21,,,,,,,,,,,,,,,,,,,,,,,,,,,,,,,,,,,49.2835648,31.4366351,
08:16:56.894,,,,,,,,,,,,,,,,,,30,,,,,,,,,,,,,,,,,,,,,49.2835648,31.4366351,
08:16:56.931,,,,,,,,,,,,,,25,,,,,,,,,,,,,,,,,,,,,,,,,49.2835648,31.4366351,
08:16:56.978,,,,,,,,,,,,,,,,,-56,,,,,,,,,,,,,,,,,,,,,,49.2835648,31.4366351,
08:16:57.027,,,,,,,,,,,,,49,,,,,,,,,,,,,,,,,,,,,,,,,,49.2835648,31.4366351,
08:16:57.062,,,,,,,,,,,,,,,-3712,-0.23,,,,,,,,,,,,,,,,,,,,,,,49.2835648,31.4366351,
08:16:57.110,,,,,,,,,,,,,,,,,,,24,,,,,,,,,,,,,,,,,,,,49.2835648,31.4366351,
08:16:57.182,,,,,,,,,,,,,,,,,,,,,,,,,,,,,,46.7,,,,,,,,,49.2835648,31.4366351,
08:16:57.241,,,,,,,,,,,,,,,,,,,,,,,,,,,,,,,,,,,59,,,,49.2835648,31.4366351,
08:16:57.290,,,,,,,,,,,,,,,,,,,,,,,2000,2,,,,,,,,,,,,,,,49.2835648,31.4366351,
08:16:57.326,,,,,,,,,,,,,,,,,,,,80.4,,,,,,,,,,,,,,,,,,,49.2835648,31.4366351,
08:16:57.386,,,,,,,,,,,,,,,,,,,,,,,,,,,,,,,,,,35,,,,,49.2835648,31.4366351,
08:16:57.423,,,,,,,,,,,,,,,,,,,,,,,,,-0.06730127005654327,1.5,1.5,94.53,5925,,,24.9,,,,,,23,49.2835648,31.4366351,
08:16:57.463,,,,,,,,,,,,,,,,,,,,,,,,,,,,,,,-0.08,,,,,92,,,49.2835648,31.4366351,
08:16:57.523,,,,,,,,,,61,,,,,,,,,,,,,,,,,,,,,,,,,,,,,49.2835648,31.4366351,
08:16:57.559,,,,,,,,,377.5,,,,,,,,,,,,,,,,,,,,,,,,,,,,,,49.2835648,31.4366351,
08:16:57.593,,,,,,,,,,,3.914,,,,,,,,,,,,,,,,,,,,,,,,,,,,49.2835648,31.4366351,
08:16:57.631,,,,,,,,,,,,3.901,,,,,,,,,,,,,,,,,,,,,,,,,,,49.2835648,31.4366351,
08:16:57.677,69,,,,,,,,,,,,,,,,,,,,,,,,,,,,,,,,,,,,,,49.2835648,31.4366351,
08:16:57.715,,,-1600,,,,,,,,,,,,,,,,,,,,,,,,,,,,,,,,,,,,49.2835648,31.4366351,
08:16:57.751,,66,,,,,,,,,,,,,,,,,,,,,,,,,,,,,,,,,,,,,49.2835648,31.4366351,
08:16:57.799,,,,,24,,,,,,,,,,,,,,,,,,,,,,,,,,,,,,,,,,49.2835648,31.4366351,
08:16:57.804,,,,,,,,,,,,,,,,,,,,,,151,,,,,,,,,,,22.3,,,,22.3,,49.2836238,31.4366275,
08:16:57.848,,,,,,24,,,,,,,,,,,,,,,,,,,,,,,,,,,,,,,,,49.2836238,31.4366275,
08:16:57.881,,,,,,,23,,,,,,,,,,,,,,,,,,,,,,,,,,,,,,,,49.2836238,31.4366275,
08:16:57.918,,,,,,,,23,,,,,,,,,,,,,,,,,,,,,,,,,,,,,,,49.2836238,31.4366275,
08:16:57.966,,,,21,,,,,,,,,,,,,,,,,,,,,,,,,,,,,,,,,,,49.2836238,31.4366275,
08:16:58.038,,,,,,,,,,,,,,,,,,30,,,,,,,,,,,,,,,,,,,,,49.2836238,31.4366275,
08:16:58.074,,,,,,,,,,,,,,25,,,,,,,,,,,,,,,,,,,,,,,,,49.2836238,31.4366275,
08:16:58.110,,,,,,,,,,,,,,,,,-5,,,,,,,,,,,,,,,,,,,,,,49.2836238,31.4366275,
08:16:58.147,,,,,,,,,,,,,51,,,,,,,,,,,,,,,,,,,,,,,,,,49.2836238,31.4366275,
08:16:58.183,,,,,,,,,,,,,,,-160,-0.02,,,,,,,,,,,,,,,,,,,,,,,49.2836238,31.4366275,
08:16:58.231,,,,,,,,,,,,,,,,,,,22,,,,,,,,,,,,,,,,,,,,49.2836238,31.4366275,
08:16:58.326,,,,,,,,,,,,,,,,,,,,,,,,,,,,,,46.7,,,,,,,,,49.2836238,31.4366275,
08:16:58.374,,,,,,,,,,,,,,,,,,,,,,,1999,2,,,,,,,,,,,,,,,49.2836238,31.4366275,
08:16:58.446,,,,,,,,,,,,,,,,,,,,80.4,,,,,,,,,,,,,,,,,,,49.2836238,31.4366275,
08:16:58.506,,,,,,,,,,,,,,,,,,,,,,,,,,,,,,,,,,36,,,,,49.2836238,31.4366275,
08:16:58.555,,,,,,,,,,,,,,,,,,,,,,,,,-0.07443928354738877,1.5,1.5,94.53,5925.01,,,24.9,,,,,,21,49.2836238,31.4366275,
08:16:58.615,,,,,,,,,,,,,,,,,,,,,,,,,,,,,,,-0.08,,,,,92,,,49.2836238,31.4366275,
08:16:58.709,,,,,,,,,,61,,,,,,,,,,,,,,,,,,,,,,,,,,,,,49.2836238,31.4366275,
08:16:58.761,,,,,,,,,373.8,,,,,,,,,,,,,,,,,,,,,,,,,,,,,,49.2836238,31.4366275,
08:16:58.805,,,,,,,,,,,,,,,,,,,,,,151,,,,,,,,,,,22.3,,,,21.6,,49.2836801,31.4366254,
08:16:58.823,,,,,,,,,,,3.894,,,,,,,,,,,,,,,,,,,,,,,,,,,,49.2836801,31.4366254,
08:16:58.931,,,,,,,,,,,,3.88,,,,,,,,,,,,,,,,,,,,,,,,,,,49.2836801,31.4366254,
08:16:59.002,52,,,,,,,,,,,,,,,,,,,,,,,,,,,,,,,,,,,,,,49.2836801,31.4366254,
08:16:59.038,,,-1600,,,,,,,,,,,,,,,,,,,,,,,,,,,,,,,,,,,,49.2836801,31.4366254,
08:16:59.062,,53,,,,,,,,,,,,,,,,,,,,,,,,,,,,,,,,,,,,,49.2836801,31.4366254,
08:16:59.122,,,,,24,,,,,,,,,,,,,,,,,,,,,,,,,,,,,,,,,,49.2836801,31.4366254,
08:16:59.206,,,,,,24,,,,,,,,,,,,,,,,,,,,,,,,,,,,,,,,,49.2836801,31.4366254,
08:16:59.278,,,,,,,23,,,,,,,,,,,,,,,,,,,,,,,,,,,,,,,,49.2836801,31.4366254,
08:16:59.338,,,,,,,,23,,,,,,,,,,,,,,,,,,,,,,,,,,,,,,,49.2836801,31.4366254,
08:16:59.375,,,,21,,,,,,,,,,,,,,,,,,,,,,,,,,,,,,,,,,,49.2836801,31.4366254,
08:16:59.434,,,,,,,,,,,,,,,,,,30,,,,,,,,,,,,,,,,,,,,,49.2836801,31.4366254,
08:16:59.472,,,,,,,,,,,,,,25,,,,,,,,,,,,,,,,,,,,,,,,,49.2836801,31.4366254,
08:16:59.507,,,,,,,,,,,,,,,,,7,,,,,,,,,,,,,,,,,,,,,,49.2836801,31.4366254,
08:16:59.543,,,,,,,,,,,,,51,,,,,,,,,,,,,,,,,,,,,,,,,,49.2836801,31.4366254,
08:16:59.590,,,,,,,,,,,,,,,416,0.02,,,,,,,,,,,,,,,,,,,,,,,49.2836801,31.4366254,
08:16:59.627,,,,,,,,,,,,,,,,,,,21,,,,,,,,,,,,,,,,,,,,49.2836801,31.4366254,
08:16:59.710,,,,,,,,,,,,,,,,,,,,,,,,,,,,,,48.2,,,,,,,,,49.2836801,31.4366254,
08:16:59.746,,,,,,,,,,,,,,,,,,,,,,,,,,,,,,,,,,,60,,,,49.2836801,31.4366254,
08:16:59.795,,,,,,,,,,,,,,,,,,,,,,,2003,2,,,,,,,,,,,,,,,49.2836801,31.4366254,
08:16:59.803,,,,,,,,,,,,,,,,,,,,,,151,,,,,,,,,,,22.3,,,,20.4,,49.2837336,31.4366334,
08:16:59.859,,,,,,,,,,,,,,,,,,,,84.3,,,,,,,,,,,,,,,,,,,49.2837336,31.4366334,
08:16:59.894,,,,,,,,,,,,,,,,,,,,,,,,,,,,,,,,,,36,,,,,49.2837336,31.4366334,
08:16:59.931,,,,,,,,,,,,,,,,,,,,,,,,,-0.05914354035271984,1.51,1.51,94.54,5925.02,,,24.8,,,,,,20,49.2837336,31.4366334,
08:16:59.977,,,,,,,,,,,,,,,,,,,,,,,,,,,,,,,-0.08,,,,,92,,,49.2837336,31.4366334,
08:17:00.039,,,,,,,,,,61.5,,,,,,,,,,,,,,,,,,,,,,,,,,,,,49.2837336,31.4366334,
08:17:00.087,,,,,,,,,373.4,,,,,,,,,,,,,,,,,,,,,,,,,,,,,,49.2837336,31.4366334,
08:17:00.124,,,,,,,,,,,3.895,,,,,,,,,,,,,,,,,,,,,,,,,,,,49.2837336,31.4366334,
08:17:00.163,,,,,,,,,,,,3.877,,,,,,,,,,,,,,,,,,,,,,,,,,,49.2837336,31.4366334,
08:17:00.211,49,,,,,,,,,,,,,,,,,,,,,,,,,,,,,,,,,,,,,,49.2837336,31.4366334,
08:17:00.247,,,-1600,,,,,,,,,,,,,,,,,,,,,,,,,,,,,,,,,,,,49.2837336,31.4366334,
08:17:00.282,,45,,,,,,,,,,,,,,,,,,,,,,,,,,,,,,,,,,,,,49.2837336,31.4366334,
08:17:00.331,,,,,24,,,,,,,,,,,,,,,,,,,,,,,,,,,,,,,,,,49.2837336,31.4366334,
08:17:00.355,,,,,,24,,,,,,,,,,,,,,,,,,,,,,,,,,,,,,,,,49.2837336,31.4366334,
08:17:00.391,,,,,,,23,,,,,,,,,,,,,,,,,,,,,,,,,,,,,,,,49.2837336,31.4366334,
08:17:00.438,,,,,,,,23,,,,,,,,,,,,,,,,,,,,,,,,,,,,,,,49.2837336,31.4366334,
08:17:00.462,,,,21,,,,,,,,,,,,,,,,,,,,,,,,,,,,,,,,,,,49.2837336,31.4366334,
08:17:00.534,,,,,,,,,,,,,,,,,,30,,,,,,,,,,,,,,,,,,,,,49.2837336,31.4366334,
08:17:00.569,,,,,,,,,,,,,,25,,,,,,,,,,,,,,,,,,,,,,,,,49.2837336,31.4366334,
08:17:00.618,,,,,,,,,,,,,,,,,7,,,,,,,,,,,,,,,,,,,,,,49.2837336,31.4366334,
08:17:00.654,,,,,,,,,,,,,51,,,,,,,,,,,,,,,,,,,,,,,,,,49.2837336,31.4366334,
08:17:00.691,,,,,,,,,,,,,,,416,0.02,,,,,,,,,,,,,,,,,,,,,,,49.2837336,31.4366334,
08:17:00.728,,,,,,,,,,,,,,,,,,,21,,,,,,,,,,,,,,,,,,,,49.2837336,31.4366334,
08:17:00.799,,,,,,,,,,,,,,,,,,,,,,,,,,,,,,39.2,,,,,,,,,49.2837336,31.4366334,
08:17:00.808,,,,,,,,,,,,,,,,,,,,,,148,,,,,,,,,,,22.3,,,,20.7,,49.2837878,31.4366458,
08:17:00.847,,,,,,,,,,,,,,,,,,,,,,,1985,2,,,,,,,,,,,,,,,49.2837878,31.4366458,
08:17:00.906,,,,,,,,,,,,,,,,,,,,66.7,,,,,,,,,,,,,,,,,,,49.2837878,31.4366458,
08:17:00.955,,,,,,,,,,,,,,,,,,,,,,,,,,,,,,,,,,36,,,,,49.2837878,31.4366458,
08:17:00.991,,,,,,,,,,,,,,,,,,,,,,,,,,1.52,1.52,94.55,5925.02,,,24.8,,,,,,21,49.2837878,31.4366458,
08:17:01.028,,,,,,,,,,,,,,,,,,,,,,,,,,,,,,,-0.03,,,,,97,,,49.2837878,31.4366458,
08:17:01.097,,,,,,,,,,62,,,,,,,,,,,,,,,,,,,,,,,,,,,,,49.2837878,31.4366458,
08:17:01.135,,,,,,,,,371.1,,,,,,,,,,,,,,,,,,,,,,,,,,,,,,49.2837878,31.4366458,
08:17:01.183,,,,,,,,,,,3.885,,,,,,,,,,,,,,,,,,,,,,,,,,,,49.2837878,31.4366458,
08:17:01.218,,,,,,,,,,,,3.869,,,,,,,,,,,,,,,,,,,,,,,,,,,49.2837878,31.4366458,
08:17:01.254,45,,,,,,,,,,,,,,,,,,,,,,,,,,,,,,,,,,,,,,49.2837878,31.4366458,
08:17:01.290,,,-1600,,,,,,,,,,,,,,,,,,,,,,,,,,,,,,,,,,,,49.2837878,31.4366458,
08:17:01.338,,44,,,,,,,,,,,,,,,,,,,,,,,,,,,,,,,,,,,,,49.2837878,31.4366458,
08:17:01.386,,,,,24,,,,,,,,,,,,,,,,,,,,,,,,,,,,,,,,,,49.2837878,31.4366458,
08:17:01.421,,,,,,24,,,,,,,,,,,,,,,,,,,,,,,,,,,,,,,,,49.2837878,31.4366458,
08:17:01.459,,,,,,,23,,,,,,,,,,,,,,,,,,,,,,,,,,,,,,,,49.2837878,31.4366458,
08:17:01.495,,,,,,,,23,,,,,,,,,,,,,,,,,,,,,,,,,,,,,,,49.2837878,31.4366458,
08:17:01.531,,,,21,,,,,,,,,,,,,,,,,,,,,,,,,,,,,,,,,,,49.2837878,31.4366458,
08:17:01.602,,,,,,,,,,,,,,,,,,30,,,,,,,,,,,,,,,,,,,,,49.2837878,31.4366458,
08:17:01.638,,,,,,,,,,,,,,25,,,,,,,,,,,,,,,,,,,,,,,,,49.2837878,31.4366458,
08:17:01.674,,,,,,,,,,,,,,,,,12,,,,,,,,,,,,,,,,,,,,,,49.2837878,31.4366458,
08:17:01.709,,,,,,,,,,,,,53,,,,,,,,,,,,,,,,,,,,,,,,,,49.2837878,31.4366458,
08:17:01.746,,,,,,,,,,,,,,,896,0.05,,,,,,,,,,,,,,,,,,,,,,,49.2837878,31.4366458,
08:17:01.782,,,,,,,,,,,,,,,,,,,21,,,,,,,,,,,,,,,,,,,,49.2837878,31.4366458,
08:17:01.808,,,,,,,,,,,,,,,,,,,,,,148,,,,,,,,,,,22.3,,,,21.4,,49.2838431,31.4366568,
08:17:01.878,,,,,,,,,,,,,,,,,,,,,,,,,,,,,,40,,,,,,,,,49.2838431,31.4366568,
08:17:01.926,,,,,,,,,,,,,,,,,,,,,,,,,,,,,,,,,,,60,,,,49.2838431,31.4366568,
08:17:01.987,,,,,,,,,,,,,,,,,,,,,,,2001,2,,,,,,,,,,,,,,,49.2838431,31.4366568,
08:17:02.022,,,,,,,,,,,,,,,,,,,,69,,,,,,,,,,,,,,,,,,,49.2838431,31.4366568,
08:17:02.059,,,,,,,,,,,,,,,,,,,,,,,,,,,,,,,,,,37,,,,,49.2838431,31.4366568,
08:17:02.107,,,,,,,,,,,,,,,,,,,,,,,,,,1.52,1.52,94.55,5925.03,,,24.8,,,,,,21,49.2838431,31.4366568,
08:17:02.154,,,,,,,,,,,,,,,,,,,,,,,,,,,,,,,-0.01,,,,,99,,,49.2838431,31.4366568,
08:17:02.226,,,,,,,,,,62,,,,,,,,,,,,,,,,,,,,,,,,,,,,,49.2838431,31.4366568,
08:17:02.263,,,,,,,,,371.4,,,,,,,,,,,,,,,,,,,,,,,,,,,,,,49.2838431,31.4366568,
08:17:02.311,,,,,,,,,,,3.881,,,,,,,,,,,,,,,,,,,,,,,,,,,,49.2838431,31.4366568,
08:17:02.359,,,,,,,,,,,,3.867,,,,,,,,,,,,,,,,,,,,,,,,,,,49.2838431,31.4366568,
08:17:02.395,40,,,,,,,,,,,,,,,,,,,,,,,,,,,,,,,,,,,,,,49.2838431,31.4366568,
08:17:02.430,,,-1600,,,,,,,,,,,,,,,,,,,,,,,,,,,,,,,,,,,,49.2838431,31.4366568,
08:17:02.479,,41,,,,,,,,,,,,,,,,,,,,,,,,,,,,,,,,,,,,,49.2838431,31.4366568,
08:17:02.562,,,,,24,,,,,,,,,,,,,,,,,,,,,,,,,,,,,,,,,,49.2838431,31.4366568,
08:17:02.646,,,,,,24,,,,,,,,,,,,,,,,,,,,,,,,,,,,,,,,,49.2838431,31.4366568,
08:17:02.706,,,,,,,23,,,,,,,,,,,,,,,,,,,,,,,,,,,,,,,,49.2838431,31.4366568,
08:17:02.755,,,,,,,,23,,,,,,,,,,,,,,,,,,,,,,,,,,,,,,,49.2838431,31.4366568,
08:17:02.802,,,,,,,,,,,,,,,,,,,,,,148,,,,,,,,,,,22.3,,,,21.2,,49.2838947,31.4366742,
08:17:02.802,,,,21,,,,,,,,,,,,,,,,,,,,,,,,,,,,,,,,,,,49.2838947,31.4366742,
08:17:02.862,,,,,,,,,,,,,,,,,,31,,,,,,,,,,,,,,,,,,,,,49.2838947,31.4366742,
08:17:02.909,,,,,,,,,,,,,,25,,,,,,,,,,,,,,,,,,,,,,,,,49.2838947,31.4366742,
08:17:02.946,,,,,,,,,,,,,,,,,14,,,,,,,,,,,,,,,,,,,,,,49.2838947,31.4366742,
08:17:02.994,,,,,,,,,,,,,53,,,,,,,,,,,,,,,,,,,,,,,,,,49.2838947,31.4366742,
08:17:03.042,,,,,,,,,,,,,,,832,0.05,,,,,,,,,,,,,,,,,,,,,,,49.2838947,31.4366742,
08:17:03.103,,,,,,,,,,,,,,,,,,,21,,,,,,,,,,,,,,,,,,,,49.2838947,31.4366742,
08:17:03.175,,,,,,,,,,,,,,,,,,,,,,,,,,,,,,40.4,,,,,,,,,49.2838947,31.4366742,
08:17:03.250,,,,,,,,,,,,,,,,,,,,,,,1999,2,,,,,,,,,,,,,,,49.2838947,31.4366742,
08:17:03.300,,,,,,,,,,,,,,,,,,,,69.8,,,,,,,,,,,,,,,,,,,49.2838947,31.4366742,
08:17:03.337,,,,,,,,,,,,,,,,,,,,,,,,,,,,,,,,,,37,,,,,49.2838947,31.4366742,
08:17:03.387,,,,,,,,,,,,,,,,,,,,,,,,,,1.53,1.53,94.56,5925.04,,,24.8,,,,,,21,49.2838947,31.4366742,
08:17:03.423,,,,,,,,,,,,,,,,,,,,,,,,,,,,,,,0,,,,,100,,,49.2838947,31.4366742,
08:17:03.469,,,,,,,,,,62.5,,,,,,,,,,,,,,,,,,,,,,,,,,,,,49.2838947,31.4366742,
08:17:03.518,,,,,,,,,371.3,,,,,,,,,,,,,,,,,,,,,,,,,,,,,,49.2838947,31.4366742,
08:17:03.555,,,,,,,,,,,3.865,,,,,,,,,,,,,,,,,,,,,,,,,,,,49.2838947,31.4366742,
08:17:03.603,,,,,,,,,,,,3.853,,,,,,,,,,,,,,,,,,,,,,,,,,,49.2838947,31.4366742,
08:17:03.639,24,,,,,,,,,,,,,,,,,,,,,,,,,,,,,,,,,,,,,,49.2838947,31.4366742,
08:17:03.674,,,24,,,,,,,,,,,,,,,,,,,,,,,,,,,,,,,,,,,,49.2838947,31.4366742,
08:17:03.735,,23,,,,,,,,,,,,,,,,,,,,,,,,,,,,,,,,,,,,,49.2838947,31.4366742,
08:17:03.772,,,,,24,,,,,,,,,,,,,,,,,,,,,,,,,,,,,,,,,,49.2838947,31.4366742,
08:17:03.800,,,,,,,,,,,,,,,,,,,,,,148,,,,,,,,,,,22.3,,,,22.1,,49.2839509,31.4366816,
08:17:03.810,,,,,,24,,,,,,,,,,,,,,,,,,,,,,,,,,,,,,,,,49.2839509,31.4366816,
08:17:03.846,,,,,,,23,,,,,,,,,,,,,,,,,,,,,,,,,,,,,,,,49.2839509,31.4366816,
08:17:03.894,,,,,,,,23,,,,,,,,,,,,,,,,,,,,,,,,,,,,,,,49.2839509,31.4366816,
08:17:03.930,,,,21,,,,,,,,,,,,,,,,,,,,,,,,,,,,,,,,,,,49.2839509,31.4366816,
08:17:04.015,,,,,,,,,,,,,,,,,,30,,,,,,,,,,,,,,,,,,,,,49.2839509,31.4366816,
08:17:04.063,,,,,,,,,,,,,,25,,,,,,,,,,,,,,,,,,,,,,,,,49.2839509,31.4366816,
08:17:04.098,,,,,,,,,,,,,,,,,58,,,,,,,,,,,,,,,,,,,,,,49.2839509,31.4366816,
08:17:04.135,,,,,,,,,,,,,53,,,,,,,,,,,,,,,,,,,,,,,,,,49.2839509,31.4366816,
08:17:04.170,,,,,,,,,,,,,,,3712,0.22,,,,,,,,,,,,,,,,,,,,,,,49.2839509,31.4366816,
08:17:04.206,,,,,,,,,,,,,,,,,,,23,,,,,,,,,,,,,,,,,,,,49.2839509,31.4366816,
08:17:04.279,,,,,,,,,,,,,,,,,,,,,,,,,,,,,,40.4,,,,,,,,,49.2839509,31.4366816,
08:17:04.315,,,,,,,,,,,,,,,,,,,,,,,,,,,,,,,,,,,61,,,,49.2839509,31.4366816,
08:17:04.362,,,,,,,,,,,,,,,,,,,,,,,2001,2,,,,,,,,,,,,,,,49.2839509,31.4366816,
08:17:04.399,,,,,,,,,,,,,,,,,,,,69.8,,,,,,,,,,,,,,,,,,,49.2839509,31.4366816,
08:17:04.435,,,,,,,,,,,,,,,,,,,,,,,,,,,,,,,,,,37,,,,,49.2839509,31.4366816,
08:17:04.470,,,,,,,,,,,,,,,,,,,,,,,,,0.01835489183360271,1.54,1.54,94.57,5925.05,,,24.8,,,,,,23,49.2839509,31.4366816,
08:17:04.506,,,,,,,,,,,,,,,,,,,,,,,,,,,,,,,0,,,,,100,,,49.2839509,31.4366816,
08:17:04.567,,,,,,,,,,62.5,,,,,,,,,,,,,,,,,,,,,,,,,,,,,49.2839509,31.4366816,
08:17:04.603,,,,,,,,,369.7,,,,,,,,,,,,,,,,,,,,,,,,,,,,,,49.2839509,31.4366816,
08:17:04.650,,,,,,,,,,,3.85,,,,,,,,,,,,,,,,,,,,,,,,,,,,49.2839509,31.4366816,
08:17:04.722,,,,,,,,,,,,3.836,,,,,,,,,,,,,,,,,,,,,,,,,,,49.2839509,31.4366816,
08:17:04.757,17,,,,,,,,,,,,,,,,,,,,,,,,,,,,,,,,,,,,,,49.2839509,31.4366816,
08:17:04.796,,,18,,,,,,,,,,,,,,,,,,,,,,,,,,,,,,,,,,,,49.2839509,31.4366816,
08:17:04.812,,,,,,,,,,,,,,,,,,,,,,148,,,,,,,,,,,22.3,,,,24.2,,49.2840088,31.4366907,
08:17:04.834,,18,,,,,,,,,,,,,,,,,,,,,,,,,,,,,,,,,,,,,49.2840088,31.4366907,
08:17:04.882,,,,,24,,,,,,,,,,,,,,,,,,,,,,,,,,,,,,,,,,49.2840088,31.4366907,
08:17:04.918,,,,,,24,,,,,,,,,,,,,,,,,,,,,,,,,,,,,,,,,49.2840088,31.4366907,
08:17:04.955,,,,,,,23,,,,,,,,,,,,,,,,,,,,,,,,,,,,,,,,49.2840088,31.4366907,
08:17:04.991,,,,,,,,23,,,,,,,,,,,,,,,,,,,,,,,,,,,,,,,49.2840088,31.4366907,
08:17:05.026,,,,21,,,,,,,,,,,,,,,,,,,,,,,,,,,,,,,,,,,49.2840088,31.4366907,
08:17:05.110,,,,,,,,,,,,,,,,,,31,,,,,,,,,,,,,,,,,,,,,49.2840088,31.4366907,
08:17:05.157,,,,,,,,,,,,,,25,,,,,,,,,,,,,,,,,,,,,,,,,49.2840088,31.4366907,
08:17:05.194,,,,,,,,,,,,,,,,,70,,,,,,,,,,,,,,,,,,,,,,49.2840088,31.4366907,
08:17:05.242,,,,,,,,,,,,,53,,,,,,,,,,,,,,,,,,,,,,,,,,49.2840088,31.4366907,
08:17:05.279,,,,,,,,,,,,,,,4768,0.28,,,,,,,,,,,,,,,,,,,,,,,49.2840088,31.4366907,
08:17:05.315,,,,,,,,,,,,,,,,,,,25,,,,,,,,,,,,,,,,,,,,49.2840088,31.4366907,
08:17:05.399,,,,,,,,,,,,,,,,,,,,,,,,,,,,,,40.8,,,,,,,,,49.2840088,31.4366907,
08:17:05.458,,,,,,,,,,,,,,,,,,,,,,,2000,2,,,,,,,,,,,,,,,49.2840088,31.4366907,
08:17:05.505,,,,,,,,,,,,,,,,,,,,70.2,,,,,,,,,,,,,,,,,,,49.2840088,31.4366907,
08:17:05.590,,,,,,,,,,,,,,,,,,,,,,,,,,,,,,,,,,38,,,,,49.2840088,31.4366907,
08:17:05.674,,,,,,,,,,,,,,,,,,,,,,,,,0.024473189111470277,1.55,1.55,94.58,5925.05,,,24.8,,,,,,25,49.2840088,31.4366907,
08:17:05.722,,,,,,,,,,,,,,,,,,,,,,,,,,,,,,,0.01,,,,,101,,,49.2840088,31.4366907,
08:17:05.795,,,,,,,,,,62.5,,,,,,,,,,,,,,,,,,,,,,,,,,,,,49.2840088,31.4366907,
08:17:05.802,,,,,,,,,,,,,,,,,,,,,,148,,,,,,,,,,,22.3,,,,26.5,,49.2840736,31.4366935,
08:17:05.831,,,,,,,,,367.2,,,,,,,,,,,,,,,,,,,,,,,,,,,,,,49.2840736,31.4366935,
08:17:05.866,,,,,,,,,,,3.837,,,,,,,,,,,,,,,,,,,,,,,,,,,,49.2840736,31.4366935,
08:17:05.902,,,,,,,,,,,,3.819,,,,,,,,,,,,,,,,,,,,,,,,,,,49.2840736,31.4366935,
08:17:05.949,11,,,,,,,,,,,,,,,,,,,,,,,,,,,,,,,,,,,,,,49.2840736,31.4366935,
08:17:05.986,,,11,,,,,,,,,,,,,,,,,,,,,,,,,,,,,,,,,,,,49.2840736,31.4366935,
08:17:06.035,,11,,,,,,,,,,,,,,,,,,,,,,,,,,,,,,,,,,,,,49.2840736,31.4366935,
08:17:06.071,,,,,24,,,,,,,,,,,,,,,,,,,,,,,,,,,,,,,,,,49.2840736,31.4366935,
08:17:06.107,,,,,,24,,,,,,,,,,,,,,,,,,,,,,,,,,,,,,,,,49.2840736,31.4366935,
08:17:06.141,,,,,,,23,,,,,,,,,,,,,,,,,,,,,,,,,,,,,,,,49.2840736,31.4366935,
08:17:06.179,,,,,,,,23,,,,,,,,,,,,,,,,,,,,,,,,,,,,,,,49.2840736,31.4366935,
08:17:06.226,,,,21,,,,,,,,,,,,,,,,,,,,,,,,,,,,,,,,,,,49.2840736,31.4366935,
08:17:06.311,,,,,,,,,,,,,,,,,,31,,,,,,,,,,,,,,,,,,,,,49.2840736,31.4366935,
08:17:06.357,,,,,,,,,,,,,,25,,,,,,,,,,,,,,,,,,,,,,,,,49.2840736,31.4366935,
08:17:06.394,,,,,,,,,,,,,,,,,66,,,,,,,,,,,,,,,,,,,,,,49.2840736,31.4366935,
08:17:06.430,,,,,,,,,,,,,53,,,,,,,,,,,,,,,,,,,,,,,,,,49.2840736,31.4366935,
08:17:06.466,,,,,,,,,,,,,,,4064,0.23,,,,,,,,,,,,,,,,,,,,,,,49.2840736,31.4366935,
08:17:06.502,,,,,,,,,,,,,,,,,,,27,,,,,,,,,,,,,,,,,,,,49.2840736,31.4366935,
08:17:06.587,,,,,,,,,,,,,,,,,,,,,,,,,,,,,,40.8,,,,,,,,,49.2840736,31.4366935,
08:17:06.623,,,,,,,,,,,,,,,,,,,,,,,,,,,,,,,,,,,62,,,,49.2840736,31.4366935,
08:17:06.669,,,,,,,,,,,,,,,,,,,,,,,1998,2,,,,,,,,,,,,,,,49.2840736,31.4366935,
08:17:06.731,,,,,,,,,,,,,,,,,,,,70.2,,,,,,,,,,,,,,,,,,,49.2840736,31.4366935,
08:17:06.767,,,,,,,,,,,,,,,,,,,,,,,,,,,,,,,,,,38,,,,,49.2840736,31.4366935,
08:17:06.805,,,,,,,,,,,,,,,,,,,,,,148,,,,,,,,,,,22.3,,,,28.5,,49.2841401,31.4366985,
08:17:06.826,,,,,,,,,,,,,,,,,,,,,,,,,0.03569006745422749,1.56,1.56,94.59,5925.06,,,24.8,,,,,,27,49.2841401,31.4366985,
08:17:06.886,,,,,,,,,,,,,,,,,,,,,,,,,,,,,,,0.01,,,,,101,,,49.2841401,31.4366985,
08:17:06.959,,,,,,,,,,62.5,,,,,,,,,,,,,,,,,,,,,,,,,,,,,49.2841401,31.4366985,
08:17:07.006,,,,,,,,,366.9,,,,,,,,,,,,,,,,,,,,,,,,,,,,,,49.2841401,31.4366985,
08:17:07.042,,,,,,,,,,,3.828,,,,,,,,,,,,,,,,,,,,,,,,,,,,49.2841401,31.4366985,
08:17:07.090,,,,,,,,,,,,3.813,,,,,,,,,,,,,,,,,,,,,,,,,,,49.2841401,31.4366985,
08:17:07.139,8,,,,,,,,,,,,,,,,,,,,,,,,,,,,,,,,,,,,,,49.2841401,31.4366985,
08:17:07.186,,,8,,,,,,,,,,,,,,,,,,,,,,,,,,,,,,,,,,,,49.2841401,31.4366985,
08:17:07.233,,7,,,,,,,,,,,,,,,,,,,,,,,,,,,,,,,,,,,,,49.2841401,31.4366985,
08:17:07.294,,,,,24,,,,,,,,,,,,,,,,,,,,,,,,,,,,,,,,,,49.2841401,31.4366985,
08:17:07.331,,,,,,24,,,,,,,,,,,,,,,,,,,,,,,,,,,,,,,,,49.2841401,31.4366985,
08:17:07.368,,,,,,,23,,,,,,,,,,,,,,,,,,,,,,,,,,,,,,,,49.2841401,31.4366985,
08:17:07.414,,,,,,,,23,,,,,,,,,,,,,,,,,,,,,,,,,,,,,,,49.2841401,31.4366985,
08:17:07.451,,,,21,,,,,,,,,,,,,,,,,,,,,,,,,,,,,,,,,,,49.2841401,31.4366985,
08:17:07.534,,,,,,,,,,,,,,,,,,31,,,,,,,,,,,,,,,,,,,,,49.2841401,31.4366985,
08:17:07.583,,,,,,,,,,,,,,25,,,,,,,,,,,,,,,,,,,,,,,,,49.2841401,31.4366985,
08:17:07.643,,,,,,,,,,,,,,,,,67,,,,,,,,,,,,,,,,,,,,,,49.2841401,31.4366985,
08:17:07.691,,,,,,,,,,,,,53,,,,,,,,,,,,,,,,,,,,,,,,,,49.2841401,31.4366985,
08:17:07.750,,,,,,,,,,,,,,,4256,0.25,,,,,,,,,,,,,,,,,,,,,,,49.2841401,31.4366985,
08:17:07.788,,,,,,,,,,,,,,,,,,,31,,,,,,,,,,,,,,,,,,,,49.2841401,31.4366985,
08:17:07.802,,,,,,,,,,,,,,,,,,,,,,148,,,,,,,,,,,22.3,,,,31,,49.2842171,31.4367088,
08:17:07.858,,,,,,,,,,,,,,,,,,,,,,,,,,,,,,40.8,,,,,,,,,49.2842171,31.4367088,
08:17:07.906,,,,,,,,,,,,,,,,,,,,,,,2001,2,,,,,,,,,,,,,,,49.2842171,31.4367088,
08:17:07.970,,,,,,,,,,,,,,,,,,,,70.6,,,,,,,,,,,,,,,,,,,49.2842171,31.4367088,
08:17:08.006,,,,,,,,,,,,,,,,,,,,,,,,,,,,,,,,,,38,,,,,49.2842171,31.4367088,
08:17:08.067,,,,,,,,,,,,,,,,,,,,,,,,,0.060163256565697765,1.57,1.57,94.6,5925.07,,,24.8,,,,,,31,49.2842171,31.4367088,
08:17:08.106,,,,,,,,,,,,,,,,,,,,,,,,,,,,,,,0.01,,,,,101,,,49.2842171,31.4367088,
08:17:08.178,,,,,,,,,,62.5,,,,,,,,,,,,,,,,,,,,,,,,,,,,,49.2842171,31.4367088,
08:17:08.215,,,,,,,,,365.5,,,,,,,,,,,,,,,,,,,,,,,,,,,,,,49.2842171,31.4367088,
08:17:08.251,,,,,,,,,,,3.819,,,,,,,,,,,,,,,,,,,,,,,,,,,,49.2842171,31.4367088,
08:17:08.298,,,,,,,,,,,,3.805,,,,,,,,,,,,,,,,,,,,,,,,,,,49.2842171,31.4367088,
08:17:08.334,5,,,,,,,,,,,,,,,,,,,,,,,,,,,,,,,,,,,,,,49.2842171,31.4367088,
08:17:08.371,,,5,,,,,,,,,,,,,,,,,,,,,,,,,,,,,,,,,,,,49.2842171,31.4367088,
08:17:08.415,,3,,,,,,,,,,,,,,,,,,,,,,,,,,,,,,,,,,,,,49.2842171,31.4367088,
08:17:08.450,,,,,24,,,,,,,,,,,,,,,,,,,,,,,,,,,,,,,,,,49.2842171,31.4367088,
08:17:08.486,,,,,,24,,,,,,,,,,,,,,,,,,,,,,,,,,,,,,,,,49.2842171,31.4367088,
08:17:08.559,,,,,,,23,,,,,,,,,,,,,,,,,,,,,,,,,,,,,,,,49.2842171,31.4367088,
08:17:08.630,,,,,,,,23,,,,,,,,,,,,,,,,,,,,,,,,,,,,,,,49.2842171,31.4367088,
08:17:08.703,,,,21,,,,,,,,,,,,,,,,,,,,,,,,,,,,,,,,,,,49.2842171,31.4367088,
08:17:08.798,,,,,,,,,,,,,,,,,,31,,,,,,,,,,,,,,,,,,,,,49.2842171,31.4367088,
08:17:08.808,,,,,,,,,,,,,,,,,,,,,,148,,,,,,,,,,,22.4,,,,34.1,,49.2842964,31.4367295,
08:17:08.834,,,,,,,,,,,,,,25,,,,,,,,,,,,,,,,,,,,,,,,,49.2842964,31.4367295,
08:17:08.868,,,,,,,,,,,,,,,,,67,,,,,,,,,,,,,,,,,,,,,,49.2842964,31.4367295,
08:17:08.906,,,,,,,,,,,,,53,,,,,,,,,,,,,,,,,,,,,,,,,,49.2842964,31.4367295,
08:17:08.941,,,,,,,,,,,,,,,4128,0.25,,,,,,,,,,,,,,,,,,,,,,,49.2842964,31.4367295,
08:17:08.978,,,,,,,,,,,,,,,,,,,34,,,,,,,,,,,,,,,,,,,,49.2842964,31.4367295,
08:17:09.038,,,,,,,,,,,,,,,,,,,,,,,,,,,,,,40.8,,,,,,,,,49.2842964,31.4367295,
08:17:09.098,,,,,,,,,,,,,,,,,,,,,,,,,,,,,,,,,,,63,,,,49.2842964,31.4367295,
08:17:09.135,,,,,,,,,,,,,,,,,,,,,,,1999,2,,,,,,,,,,,,,,,49.2842964,31.4367295,
08:17:09.194,,,,,,,,,,,,,,,,,,,,70.6,,,,,,,,,,,,,,,,,,,49.2842964,31.4367295,
08:17:09.230,,,,,,,,,,,,,,,,,,,,,,,,,,,,,,,,,,39,,,,,49.2842964,31.4367295,
08:17:09.278,,,,,,,,,,,,,,,,,,,,,,,,,0.06526183763058742,1.58,1.58,94.61,5925.08,,,24.9,,,,,,34,49.2842964,31.4367295,
08:17:09.326,,,,,,,,,,,,,,,,,,,,,,,,,,,,,,,0.02,,,,,102,,,49.2842964,31.4367295,
08:17:09.411,,,,,,,,,,62.5,,,,,,,,,,,,,,,,,,,,,,,,,,,,,49.2842964,31.4367295,
08:17:09.447,,,,,,,,,365,,,,,,,,,,,,,,,,,,,,,,,,,,,,,,49.2842964,31.4367295,
08:17:09.494,,,,,,,,,,,3.812,,,,,,,,,,,,,,,,,,,,,,,,,,,,49.2842964,31.4367295,
08:17:09.543,,,,,,,,,,,,3.796,,,,,,,,,,,,,,,,,,,,,,,,,,,49.2842964,31.4367295,
08:17:09.579,5,,,,,,,,,,,,,,,,,,,,,,,,,,,,,,,,,,,,,,49.2842964,31.4367295,
08:17:09.614,,,6,,,,,,,,,,,,,,,,,,,,,,,,,,,,,,,,,,,,49.2842964,31.4367295,
08:17:09.675,,4,,,,,,,,,,,,,,,,,,,,,,,,,,,,,,,,,,,,,49.2842964,31.4367295,
08:17:09.711,,,,,24,,,,,,,,,,,,,,,,,,,,,,,,,,,,,,,,,,49.2842964,31.4367295,
08:17:09.746,,,,,,24,,,,,,,,,,,,,,,,,,,,,,,,,,,,,,,,,49.2842964,31.4367295,
08:17:09.796,,,,,,,23,,,,,,,,,,,,,,,,,,,,,,,,,,,,,,,,49.2842964,31.4367295,
08:17:09.809,,,,,,,,,,,,,,,,,,,,,,148,,,,,,,,,,,22.5,,,,36.6,,49.2843808,31.4367588,
08:17:09.850,,,,,,,,23,,,,,,,,,,,,,,,,,,,,,,,,,,,,,,,49.2843808,31.4367588,
08:17:09.885,,,,21,,,,,,,,,,,,,,,,,,,,,,,,,,,,,,,,,,,49.2843808,31.4367588,
08:17:09.946,,,,,,,,,,,,,,,,,,31,,,,,,,,,,,,,,,,,,,,,49.2843808,31.4367588,
08:17:09.995,,,,,,,,,,,,,,25,,,,,,,,,,,,,,,,,,,,,,,,,49.2843808,31.4367588,
08:17:10.031,,,,,,,,,,,,,,,,,57,,,,,,,,,,,,,,,,,,,,,,49.2843808,31.4367588,
08:17:10.066,,,,,,,,,,,,,53,,,,,,,,,,,,,,,,,,,,,,,,,,49.2843808,31.4367588,
08:17:10.103,,,,,,,,,,,,,,,3808,0.22,,,,,,,,,,,,,,,,,,,,,,,49.2843808,31.4367588,
08:17:10.150,,,,,,,,,,,,,,,,,,,37,,,,,,,,,,,,,,,,,,,,49.2843808,31.4367588,
08:17:10.210,,,,,,,,,,,,,,,,,,,,,,,,,,,,,,41.2,,,,,,,,,49.2843808,31.4367588,
08:17:10.246,,,,,,,,,,,,,,,,,,,,,,,1998,2,,,,,,,,,,,,,,,49.2843808,31.4367588,
08:17:10.283,,,,,,,,,,,,,,,,,,,,70.6,,,,,,,,,,,,,,,,,,,49.2843808,31.4367588,
08:17:10.329,,,,,,,,,,,,,,,,,,,,,,,,,,,,,,,,,,39,,,,,49.2843808,31.4367588,
08:17:10.378,,,,,,,,,,,,,,,,,,,,,,,,,0.06628155384356534,1.59,1.59,94.62,5925.1,,,24.9,,,,,,36,49.2843808,31.4367588,
08:17:10.415,,,,,,,,,,,,,,,,,,,,,,,,,,,,,,,0.02,,,,,102,,,49.2843808,31.4367588,
08:17:10.473,,,,,,,,,,62.5,,,,,,,,,,,,,,,,,,,,,,,,,,,,,49.2843808,31.4367588,
08:17:10.510,,,,,,,,,365.8,,,,,,,,,,,,,,,,,,,,,,,,,,,,,,49.2843808,31.4367588,
08:17:10.547,,,,,,,,,,,3.815,,,,,,,,,,,,,,,,,,,,,,,,,,,,49.2843808,31.4367588,
08:17:10.582,,,,,,,,,,,,3.805,,,,,,,,,,,,,,,,,,,,,,,,,,,49.2843808,31.4367588,
08:17:10.631,14,,,,,,,,,,,,,,,,,,,,,,,,,,,,,,,,,,,,,,49.2843808,31.4367588,
08:17:10.667,,,15,,,,,,,,,,,,,,,,,,,,,,,,,,,,,,,,,,,,49.2843808,31.4367588,
08:17:10.702,,15,,,,,,,,,,,,,,,,,,,,,,,,,,,,,,,,,,,,,49.2843808,31.4367588,
08:17:10.738,,,,,24,,,,,,,,,,,,,,,,,,,,,,,,,,,,,,,,,,49.2843808,31.4367588,
08:17:10.778,,,,,,24,,,,,,,,,,,,,,,,,,,,,,,,,,,,,,,,,49.2843808,31.4367588,
08:17:10.806,,,,,,,,,,,,,,,,,,,,,,148,,,,,,,,,,,22.5,,,,37.2,,49.2844712,31.4367887,
08:17:10.814,,,,,,,23,,,,,,,,,,,,,,,,,,,,,,,,,,,,,,,,49.2844712,31.4367887,
08:17:10.849,,,,,,,,23,,,,,,,,,,,,,,,,,,,,,,,,,,,,,,,49.2844712,31.4367887,
08:17:10.887,,,,21,,,,,,,,,,,,,,,,,,,,,,,,,,,,,,,,,,,49.2844712,31.4367887,
08:17:10.947,,,,,,,,,,,,,,,,,,31,,,,,,,,,,,,,,,,,,,,,49.2844712,31.4367887,
08:17:10.982,,,,,,,,,,,,,,25,,,,,,,,,,,,,,,,,,,,,,,,,49.2844712,31.4367887,
08:17:11.018,,,,,,,,,,,,,,,,,40,,,,,,,,,,,,,,,,,,,,,,49.2844712,31.4367887,
08:17:11.054,,,,,,,,,,,,,53,,,,,,,,,,,,,,,,,,,,,,,,,,49.2844712,31.4367887,
08:17:11.127,,,,,,,,,,,,,,,2656,0.16,,,,,,,,,,,,,,,,,,,,,,,49.2844712,31.4367887,
08:17:11.175,,,,,,,,,,,,,,,,,,,38,,,,,,,,,,,,,,,,,,,,49.2844712,31.4367887,
08:17:11.259,,,,,,,,,,,,,,,,,,,,,,,,,,,,,,41.2,,,,,,,,,49.2844712,31.4367887,
08:17:11.293,,,,,,,,,,,,,,,,,,,,,,,,,,,,,,,,,,,63,,,,49.2844712,31.4367887,
08:17:11.330,,,,,,,,,,,,,,,,,,,,,,,2000,2,,,,,,,,,,,,,,,49.2844712,31.4367887,
08:17:11.391,,,,,,,,,,,,,,,,,,,,71,,,,,,,,,,,,,,,,,,,49.2844712,31.4367887,
08:17:11.438,,,,,,,,,,,,,,,,,,,,,,,,,,,,,,,,,,39,,,,,49.2844712,31.4367887,
08:17:11.478,,,,,,,,,,,,,,,,,,,,,,,,,0.06730127005654327,1.6,1.6,94.63,5925.11,,,25,,,,,,38,49.2844712,31.4367887,
08:17:11.538,,,,,,,,,,,,,,,,,,,,,,,,,,,,,,,0.02,,,,,102,,,49.2844712,31.4367887,
08:17:11.623,,,,,,,,,,63,,,,,,,,,,,,,,,,,,,,,,,,,,,,,49.2844712,31.4367887,
08:17:11.657,,,,,,,,,366,,,,,,,,,,,,,,,,,,,,,,,,,,,,,,49.2844712,31.4367887,
08:17:11.706,,,,,,,,,,,3.82,,,,,,,,,,,,,,,,,,,,,,,,,,,,49.2844712,31.4367887,
08:17:11.742,,,,,,,,,,,,3.811,,,,,,,,,,,,,,,,,,,,,,,,,,,49.2844712,31.4367887,
08:17:11.789,15,,,,,,,,,,,,,,,,,,,,,,,,,,,,,,,,,,,,,,49.2844712,31.4367887,
08:17:11.803,,,,,,,,,,,,,,,,,,,,,,148,,,,,,,,,,,22.6,,,,40,,49.2845682,31.4368245,
08:17:11.826,,,15,,,,,,,,,,,,,,,,,,,,,,,,,,,,,,,,,,,,49.2845682,31.4368245,
08:17:11.886,,16,,,,,,,,,,,,,,,,,,,,,,,,,,,,,,,,,,,,,49.2845682,31.4368245,
08:17:11.959,,,,,24,,,,,,,,,,,,,,,,,,,,,,,,,,,,,,,,,,49.2845682,31.4368245,
08:17:12.006,,,,,,24,,,,,,,,,,,,,,,,,,,,,,,,,,,,,,,,,49.2845682,31.4368245,
08:17:12.079,,,,,,,23,,,,,,,,,,,,,,,,,,,,,,,,,,,,,,,,49.2845682,31.4368245,
08:17:12.126,,,,,,,,23,,,,,,,,,,,,,,,,,,,,,,,,,,,,,,,49.2845682,31.4368245,
08:17:12.174,,,,21,,,,,,,,,,,,,,,,,,,,,,,,,,,,,,,,,,,49.2845682,31.4368245,
08:17:12.234,,,,,,,,,,,,,,,,,,31,,,,,,,,,,,,,,,,,,,,,49.2845682,31.4368245,
08:17:12.269,,,,,,,,,,,,,,25,,,,,,,,,,,,,,,,,,,,,,,,,49.2845682,31.4368245,
08:17:12.306,,,,,,,,,,,,,,,,,54,,,,,,,,,,,,,,,,,,,,,,49.2845682,31.4368245,
08:17:12.342,,,,,,,,,,,,,55,,,,,,,,,,,,,,,,,,,,,,,,,,49.2845682,31.4368245,
08:17:12.390,,,,,,,,,,,,,,,3328,0.2,,,,,,,,,,,,,,,,,,,,,,,49.2845682,31.4368245,
08:17:12.425,,,,,,,,,,,,,,,,,,,40,,,,,,,,,,,,,,,,,,,,49.2845682,31.4368245,
08:17:12.510,,,,,,,,,,,,,,,,,,,,,,,,,,,,,,41.2,,,,,,,,,49.2845682,31.4368245,
08:17:12.558,,,,,,,,,,,,,,,,,,,,,,,1999,2,,,,,,,,,,,,,,,49.2845682,31.4368245,
08:17:12.606,,,,,,,,,,,,,,,,,,,,70.6,,,,,,,,,,,,,,,,,,,49.2845682,31.4368245,
08:17:12.655,,,,,,,,,,,,,,,,,,,,,,,,,,,,,,,,,,39,,,,,49.2845682,31.4368245,
08:17:12.691,,,,,,,,,,,,,,,,,,,,,,,,,0.05506467550080813,1.61,1.61,94.64,5925.12,,,25.1,,,,,,40,49.2845682,31.4368245,
08:17:12.726,,,,,,,,,,,,,,,,,,,,,,,,,,,,,,,0.02,,,,,102,,,49.2845682,31.4368245,
08:17:12.787,,,,,,,,,,63,,,,,,,,,,,,,,,,,,,,,,,,,,,,,49.2845682,31.4368245,
08:17:12.812,,,,,,,,,,,,,,,,,,,,,,148,,,,,,,,,,,22.6,,,,40.8,,49.2846663,31.4368616,
08:17:12.835,,,,,,,,,365.6,,,,,,,,,,,,,,,,,,,,,,,,,,,,,,49.2846663,31.4368616,
08:17:12.871,,,,,,,,,,,3.819,,,,,,,,,,,,,,,,,,,,,,,,,,,,49.2846663,31.4368616,
08:17:12.906,,,,,,,,,,,,3.806,,,,,,,,,,,,,,,,,,,,,,,,,,,49.2846663,31.4368616,
08:17:12.942,15,,,,,,,,,,,,,,,,,,,,,,,,,,,,,,,,,,,,,,49.2846663,31.4368616,
08:17:12.978,,,16,,,,,,,,,,,,,,,,,,,,,,,,,,,,,,,,,,,,49.2846663,31.4368616,
08:17:13.015,,15,,,,,,,,,,,,,,,,,,,,,,,,,,,,,,,,,,,,,49.2846663,31.4368616,
08:17:13.051,,,,,24,,,,,,,,,,,,,,,,,,,,,,,,,,,,,,,,,,49.2846663,31.4368616,
08:17:13.085,,,,,,24,,,,,,,,,,,,,,,,,,,,,,,,,,,,,,,,,49.2846663,31.4368616,
08:17:13.122,,,,,,,23,,,,,,,,,,,,,,,,,,,,,,,,,,,,,,,,49.2846663,31.4368616,
08:17:13.159,,,,,,,,23,,,,,,,,,,,,,,,,,,,,,,,,,,,,,,,49.2846663,31.4368616,
08:17:13.207,,,,21,,,,,,,,,,,,,,,,,,,,,,,,,,,,,,,,,,,49.2846663,31.4368616,
08:17:13.279,,,,,,,,,,,,,,,,,,31,,,,,,,,,,,,,,,,,,,,,49.2846663,31.4368616,
08:17:13.314,,,,,,,,,,,,,,25,,,,,,,,,,,,,,,,,,,,,,,,,49.2846663,31.4368616,
08:17:13.340,,,,,,,,,,,,,,,,,28,,,,,,,,,,,,,,,,,,,,,,49.2846663,31.4368616,
08:17:13.386,,,,,,,,,,,,,55,,,,,,,,,,,,,,,,,,,,,,,,,,49.2846663,31.4368616,
08:17:13.423,,,,,,,,,,,,,,,1568,0.09,,,,,,,,,,,,,,,,,,,,,,,49.2846663,31.4368616,
08:17:13.459,,,,,,,,,,,,,,,,,,,42,,,,,,,,,,,,,,,,,,,,49.2846663,31.4368616,
08:17:13.543,,,,,,,,,,,,,,,,,,,,,,,,,,,,,,41.2,,,,,,,,,49.2846663,31.4368616,
08:17:13.578,,,,,,,,,,,,,,,,,,,,,,,,,,,,,,,,,,,64,,,,49.2846663,31.4368616,
08:17:13.638,,,,,,,,,,,,,,,,,,,,,,,2000,2,,,,,,,,,,,,,,,49.2846663,31.4368616,
08:17:13.710,,,,,,,,,,,,,,,,,,,,71,,,,,,,,,,,,,,,,,,,49.2846663,31.4368616,
08:17:13.747,,,,,,,,,,,,,,,,,,,,,,,,,,,,,,,,,,40,,,,,49.2846663,31.4368616,
08:17:13.805,,,,,,,,,,,,,,,,,,,,,,148,,,,,,,,,,,22.7,,,,42.6,,49.2847679,31.4368999,
08:17:13.807,,,,,,,,,,,,,,,,,,,,,,,,,0.043847797158050913,1.63,1.63,94.66,5925.13,,,25.1,,,,,,41,49.2847679,31.4368999,
08:17:13.843,,,,,,,,,,,,,,,,,,,,,,,,,,,,,,,0.02,,,,,102,,,49.2847679,31.4368999,
08:17:13.902,,,,,,,,,,63,,,,,,,,,,,,,,,,,,,,,,,,,,,,,49.2847679,31.4368999,
08:17:13.950,,,,,,,,,367.9,,,,,,,,,,,,,,,,,,,,,,,,,,,,,,49.2847679,31.4368999,
08:17:13.986,,,,,,,,,,,3.836,,,,,,,,,,,,,,,,,,,,,,,,,,,,49.2847679,31.4368999,
08:17:14.035,,,,,,,,,,,,3.823,,,,,,,,,,,,,,,,,,,,,,,,,,,49.2847679,31.4368999,
08:17:14.071,30,,,,,,,,,,,,,,,,,,,,,,,,,,,,,,,,,,,,,,49.2847679,31.4368999,
08:17:14.106,,,28,,,,,,,,,,,,,,,,,,,,,,,,,,,,,,,,,,,,49.2847679,31.4368999,
08:17:14.153,,28,,,,,,,,,,,,,,,,,,,,,,,,,,,,,,,,,,,,,49.2847679,31.4368999,
08:17:14.192,,,,,24,,,,,,,,,,,,,,,,,,,,,,,,,,,,,,,,,,49.2847679,31.4368999,
08:17:14.227,,,,,,24,,,,,,,,,,,,,,,,,,,,,,,,,,,,,,,,,49.2847679,31.4368999,
08:17:14.274,,,,,,,23,,,,,,,,,,,,,,,,,,,,,,,,,,,,,,,,49.2847679,31.4368999,
08:17:14.310,,,,,,,,23,,,,,,,,,,,,,,,,,,,,,,,,,,,,,,,49.2847679,31.4368999,
08:17:14.345,,,,21,,,,,,,,,,,,,,,,,,,,,,,,,,,,,,,,,,,49.2847679,31.4368999,
08:17:14.418,,,,,,,,,,,,,,,,,,31,,,,,,,,,,,,,,,,,,,,,49.2847679,31.4368999,
08:17:14.455,,,,,,,,,,,,,,25,,,,,,,,,,,,,,,,,,,,,,,,,49.2847679,31.4368999,
08:17:14.491,,,,,,,,,,,,,,,,,24,,,,,,,,,,,,,,,,,,,,,,49.2847679,31.4368999,
08:17:14.527,,,,,,,,,,,,,55,,,,,,,,,,,,,,,,,,,,,,,,,,49.2847679,31.4368999,
08:17:14.574,,,,,,,,,,,,,,,1440,0.08,,,,,,,,,,,,,,,,,,,,,,,49.2847679,31.4368999,
08:17:14.611,,,,,,,,,,,,,,,,,,,42,,,,,,,,,,,,,,,,,,,,49.2847679,31.4368999,
08:17:14.669,,,,,,,,,,,,,,,,,,,,,,,,,,,,,,41.2,,,,,,,,,49.2847679,31.4368999,
08:17:14.706,,,,,,,,,,,,,,,,,,,,,,,1999,2,,,,,,,,,,,,,,,49.2847679,31.4368999,
08:17:14.742,,,,,,,,,,,,,,,,,,,,71,,,,,,,,,,,,,,,,,,,49.2847679,31.4368999,
08:17:14.778,,,,,,,,,,,,,,,,,,,,,,,,,,,,,,,,,,40,,,,,49.2847679,31.4368999,
08:17:14.812,,,,,,,,,,,,,,,,,,,,,,148,,,,,,,,,,,22.8,,,,42.8,,49.2848696,31.436944,
08:17:14.850,,,,,,,,,,,,,,,,,,,,,,,,,0.03772949988018335,1.64,1.64,94.67,5925.15,,,25.2,,,,,,42,49.2848696,31.436944,
08:17:14.946,,,,,,,,,,,,,,,,,,,,,,,,,,,,,,,0.03,,,,,103,,,49.2848696,31.436944,
08:17:15.055,,,,,,,,,,63,,,,,,,,,,,,,,,,,,,,,,,,,,,,,49.2848696,31.436944,
08:17:15.091,,,,,,,,,369.3,,,,,,,,,,,,,,,,,,,,,,,,,,,,,,49.2848696,31.436944,
08:17:15.126,,,,,,,,,,,3.839,,,,,,,,,,,,,,,,,,,,,,,,,,,,49.2848696,31.436944,
08:17:15.162,,,,,,,,,,,,3.828,,,,,,,,,,,,,,,,,,,,,,,,,,,49.2848696,31.436944,
08:17:15.198,25,,,,,,,,,,,,,,,,,,,,,,,,,,,,,,,,,,,,,,49.2848696,31.436944,
08:17:15.221,,,26,,,,,,,,,,,,,,,,,,,,,,,,,,,,,,,,,,,,49.2848696,31.436944,
08:17:15.259,,26,,,,,,,,,,,,,,,,,,,,,,,,,,,,,,,,,,,,,49.2848696,31.436944,
08:17:15.294,,,,,24,,,,,,,,,,,,,,,,,,,,,,,,,,,,,,,,,,49.2848696,31.436944,
08:17:15.330,,,,,,24,,,,,,,,,,,,,,,,,,,,,,,,,,,,,,,,,49.2848696,31.436944,
08:17:15.379,,,,,,,23,,,,,,,,,,,,,,,,,,,,,,,,,,,,,,,,49.2848696,31.436944,
08:17:15.439,,,,,,,,23,,,,,,,,,,,,,,,,,,,,,,,,,,,,,,,49.2848696,31.436944,
08:17:15.475,,,,21,,,,,,,,,,,,,,,,,,,,,,,,,,,,,,,,,,,49.2848696,31.436944,
08:17:15.536,,,,,,,,,,,,,,,,,,31,,,,,,,,,,,,,,,,,,,,,49.2848696,31.436944,
08:17:15.586,,,,,,,,,,,,,,25,,,,,,,,,,,,,,,,,,,,,,,,,49.2848696,31.436944,
08:17:15.634,,,,,,,,,,,,,,,,,27,,,,,,,,,,,,,,,,,,,,,,49.2848696,31.436944,
08:17:15.670,,,,,,,,,,,,,55,,,,,,,,,,,,,,,,,,,,,,,,,,49.2848696,31.436944,
08:17:15.705,,,,,,,,,,,,,,,1664,0.09,,,,,,,,,,,,,,,,,,,,,,,49.2848696,31.436944,
08:17:15.753,,,,,,,,,,,,,,,,,,,43,,,,,,,,,,,,,,,,,,,,49.2848696,31.436944,
08:17:15.804,,,,,,,,,,,,,,,,,,,,,,148,,,,,,,,,,,22.9,,,,43.3,,49.2849765,31.436984,
08:17:15.826,,,,,,,,,,,,,,,,,,,,,,,,,,,,,,41.6,,,,,,,,,49.2849765,31.436984,
08:17:15.886,,,,,,,,,,,,,,,,,,,,,,,,,,,,,,,,,,,65,,,,49.2849765,31.436984,
08:17:15.947,,,,,,,,,,,,,,,,,,,,,,,2004,2,,,,,,,,,,,,,,,49.2849765,31.436984,
08:17:15.995,,,,,,,,,,,,,,,,,,,,71.4,,,,,,,,,,,,,,,,,,,49.2849765,31.436984,
08:17:16.043,,,,,,,,,,,,,,,,,,,,,,,,,,,,,,,,,,40,,,,,49.2849765,31.436984,
08:17:16.079,,,,,,,,,,,,,,,,,,,,,,,,,0.024473189111470277,1.65,1.65,94.68,5925.16,,,25.3,,,,,,42,49.2849765,31.436984,
08:17:16.127,,,,,,,,,,,,,,,,,,,,,,,,,,,,,,,0.03,,,,,103,,,49.2849765,31.436984,
08:17:16.235,,,,,,,,,,63.5,,,,,,,,,,,,,,,,,,,,,,,,,,,,,49.2849765,31.436984,
08:17:16.270,,,,,,,,,369.2,,,,,,,,,,,,,,,,,,,,,,,,,,,,,,49.2849765,31.436984,
08:17:16.318,,,,,,,,,,,3.84,,,,,,,,,,,,,,,,,,,,,,,,,,,,49.2849765,31.436984,
08:17:16.354,,,,,,,,,,,,3.833,,,,,,,,,,,,,,,,,,,,,,,,,,,49.2849765,31.436984,
08:17:16.392,25,,,,,,,,,,,,,,,,,,,,,,,,,,,,,,,,,,,,,,49.2849765,31.436984,
08:17:16.426,,,24,,,,,,,,,,,,,,,,,,,,,,,,,,,,,,,,,,,,49.2849765,31.436984,
08:17:16.475,,25,,,,,,,,,,,,,,,,,,,,,,,,,,,,,,,,,,,,,49.2849765,31.436984,
08:17:16.509,,,,,24,,,,,,,,,,,,,,,,,,,,,,,,,,,,,,,,,,49.2849765,31.436984,
08:17:16.558,,,,,,24,,,,,,,,,,,,,,,,,,,,,,,,,,,,,,,,,49.2849765,31.436984,
08:17:16.606,,,,,,,23,,,,,,,,,,,,,,,,,,,,,,,,,,,,,,,,49.2849765,31.436984,
08:17:16.643,,,,,,,,23,,,,,,,,,,,,,,,,,,,,,,,,,,,,,,,49.2849765,31.436984,
08:17:16.690,,,,21,,,,,,,,,,,,,,,,,,,,,,,,,,,,,,,,,,,49.2849765,31.436984,
08:17:16.763,,,,,,,,,,,,,,,,,,31,,,,,,,,,,,,,,,,,,,,,49.2849765,31.436984,
08:17:16.799,,,,,,,,,,,,,,25,,,,,,,,,,,,,,,,,,,,,,,,,49.2849765,31.436984,
08:17:16.808,,,,,,,,,,,,,,,,,,,,,,148,,,,,,,,,,,23,,,,44,,49.2850826,31.4370221,
08:17:16.851,,,,,,,,,,,,,,,,,26,,,,,,,,,,,,,,,,,,,,,,49.2850826,31.4370221,
08:17:16.887,,,,,,,,,,,,,55,,,,,,,,,,,,,,,,,,,,,,,,,,49.2850826,31.4370221,
08:17:16.921,,,,,,,,,,,,,,,1632,0.09,,,,,,,,,,,,,,,,,,,,,,,49.2850826,31.4370221,
08:17:16.958,,,,,,,,,,,,,,,,,,,43,,,,,,,,,,,,,,,,,,,,49.2850826,31.4370221,
08:17:17.018,,,,,,,,,,,,,,,,,,,,,,,,,,,,,,41.2,,,,,,,,,49.2850826,31.4370221,
08:17:17.066,,,,,,,,,,,,,,,,,,,,,,,2001,2,,,,,,,,,,,,,,,49.2850826,31.4370221,
08:17:17.115,,,,,,,,,,,,,,,,,,,,71.4,,,,,,,,,,,,,,,,,,,49.2850826,31.4370221,
08:17:17.151,,,,,,,,,,,,,,,,,,,,,,,,,,,,,,,,,,41,,,,,49.2850826,31.4370221,
08:17:17.186,,,,,,,,,,,,,,,,,,,,,,,,,0.019374608046580637,1.67,1.67,94.7,5925.17,,,25.4,,,,,,43,49.2850826,31.4370221,
08:17:17.245,,,,,,,,,,,,,,,,,,,,,,,,,,,,,,,0.02,,,,,102,,,49.2850826,31.4370221,
08:17:17.329,,,,,,,,,,63.5,,,,,,,,,,,,,,,,,,,,,,,,,,,,,49.2850826,31.4370221,
08:17:17.366,,,,,,,,,368,,,,,,,,,,,,,,,,,,,,,,,,,,,,,,49.2850826,31.4370221,
08:17:17.403,,,,,,,,,,,3.843,,,,,,,,,,,,,,,,,,,,,,,,,,,,49.2850826,31.4370221,
08:17:17.438,,,,,,,,,,,,3.83,,,,,,,,,,,,,,,,,,,,,,,,,,,49.2850826,31.4370221,
08:17:17.474,26,,,,,,,,,,,,,,,,,,,,,,,,,,,,,,,,,,,,,,49.2850826,31.4370221,
08:17:17.546,,,28,,,,,,,,,,,,,,,,,,,,,,,,,,,,,,,,,,,,49.2850826,31.4370221,
08:17:17.595,,26,,,,,,,,,,,,,,,,,,,,,,,,,,,,,,,,,,,,,49.2850826,31.4370221,
08:17:17.631,,,,,24,,,,,,,,,,,,,,,,,,,,,,,,,,,,,,,,,,49.2850826,31.4370221,
08:17:17.666,,,,,,24,,,,,,,,,,,,,,,,,,,,,,,,,,,,,,,,,49.2850826,31.4370221,
08:17:17.715,,,,,,,23,,,,,,,,,,,,,,,,,,,,,,,,,,,,,,,,49.2850826,31.4370221,
08:17:17.750,,,,,,,,23,,,,,,,,,,,,,,,,,,,,,,,,,,,,,,,49.2850826,31.4370221,
08:17:17.786,,,,21,,,,,,,,,,,,,,,,,,,,,,,,,,,,,,,,,,,49.2850826,31.4370221,
08:17:17.802,,,,,,,,,,,,,,,,,,,,,,148,,,,,,,,,,,23,,,,44.4,,49.2851913,31.4370617,
08:17:17.859,,,,,,,,,,,,,,,,,,32,,,,,,,,,,,,,,,,,,,,,49.2851913,31.4370617,
08:17:17.906,,,,,,,,,,,,,,25,,,,,,,,,,,,,,,,,,,,,,,,,49.2851913,31.4370617,
08:17:17.991,,,,,,,,,,,,,,,,,22,,,,,,,,,,,,,,,,,,,,,,49.2851913,31.4370617,
08:17:18.075,,,,,,,,,,,,,55,,,,,,,,,,,,,,,,,,,,,,,,,,49.2851913,31.4370617,
08:17:18.111,,,,,,,,,,,,,,,1088,0.06,,,,,,,,,,,,,,,,,,,,,,,49.2851913,31.4370617,
08:17:18.159,,,,,,,,,,,,,,,,,,,44,,,,,,,,,,,,,,,,,,,,49.2851913,31.4370617,
08:17:18.230,,,,,,,,,,,,,,,,,,,,,,,,,,,,,,41.2,,,,,,,,,49.2851913,31.4370617,
08:17:18.279,,,,,,,,,,,,,,,,,,,,,,,,,,,,,,,,,,,66,,,,49.2851913,31.4370617,
08:17:18.325,,,,,,,,,,,,,,,,,,,,,,,1995,2,,,,,,,,,,,,,,,49.2851913,31.4370617,
08:17:18.362,,,,,,,,,,,,,,,,,,,,71.4,,,,,,,,,,,,,,,,,,,49.2851913,31.4370617,
08:17:18.398,,,,,,,,,,,,,,,,,,,,,,,,,,,,,,,,,,41,,,,,49.2851913,31.4370617,
08:17:18.435,,,,,,,,,,,,,,,,,,,,,,,,,0.012236594555735138,1.68,1.68,94.71,5925.19,,,25.5,,,,,,43,49.2851913,31.4370617,
08:17:18.471,,,,,,,,,,,,,,,,,,,,,,,,,,,,,,,0.02,,,,,102,,,49.2851913,31.4370617,
08:17:18.543,,,,,,,,,,63.5,,,,,,,,,,,,,,,,,,,,,,,,,,,,,49.2851913,31.4370617,
08:17:18.589,,,,,,,,,371.1,,,,,,,,,,,,,,,,,,,,,,,,,,,,,,49.2851913,31.4370617,
08:17:18.639,,,,,,,,,,,3.861,,,,,,,,,,,,,,,,,,,,,,,,,,,,49.2851913,31.4370617,
08:17:18.674,,,,,,,,,,,,3.848,,,,,,,,,,,,,,,,,,,,,,,,,,,49.2851913,31.4370617,
08:17:18.710,36,,,,,,,,,,,,,,,,,,,,,,,,,,,,,,,,,,,,,,49.2851913,31.4370617,
08:17:18.746,,,-1600,,,,,,,,,,,,,,,,,,,,,,,,,,,,,,,,,,,,49.2851913,31.4370617,
08:17:18.783,,35,,,,,,,,,,,,,,,,,,,,,,,,,,,,,,,,,,,,,49.2851913,31.4370617,
08:17:18.799,,,,,,,,,,,,,,,,,,,,,,148,,,,,,,,,,,23.1,,,,44.5,,49.2852984,31.437103,
08:17:18.819,,,,,24,,,,,,,,,,,,,,,,,,,,,,,,,,,,,,,,,,49.2852984,31.437103,
08:17:18.867,,,,,,24,,,,,,,,,,,,,,,,,,,,,,,,,,,,,,,,,49.2852984,31.437103,
08:17:18.914,,,,,,,23,,,,,,,,,,,,,,,,,,,,,,,,,,,,,,,,49.2852984,31.437103,
08:17:18.974,,,,,,,,23,,,,,,,,,,,,,,,,,,,,,,,,,,,,,,,49.2852984,31.437103,
08:17:19.035,,,,21,,,,,,,,,,,,,,,,,,,,,,,,,,,,,,,,,,,49.2852984,31.437103,
08:17:19.166,,,,,,,,,,,,,,,,,,32,,,,,,,,,,,,,,,,,,,,,49.2852984,31.437103,
08:17:19.214,,,,,,,,,,,,,,25,,,,,,,,,,,,,,,,,,,,,,,,,49.2852984,31.437103,
08:17:19.287,,,,,,,,,,,,,,,,,8,,,,,,,,,,,,,,,,,,,,,,49.2852984,31.437103,
08:17:19.370,,,,,,,,,,,,,57,,,,,,,,,,,,,,,,,,,,,,,,,,49.2852984,31.437103,
08:17:19.417,,,,,,,,,,,,,,,416,0.02,,,,,,,,,,,,,,,,,,,,,,,49.2852984,31.437103,
08:17:19.466,,,,,,,,,,,,,,,,,,,44,,,,,,,,,,,,,,,,,,,,49.2852984,31.437103,
08:17:19.586,,,,,,,,,,,,,,,,,,,,,,,,,,,,,,41.2,,,,,,,,,49.2852984,31.437103,
08:17:19.646,,,,,,,,,,,,,,,,,,,,,,,1997,2,,,,,,,,,,,,,,,49.2852984,31.437103,
08:17:19.707,,,,,,,,,,,,,,,,,,,,71,,,,,,,,,,,,,,,,,,,49.2852984,31.437103,
08:17:19.753,,,,,,,,,,,,,,,,,,,,,,,,,,,,,,,,,,41,,,,,49.2852984,31.437103,
08:17:19.790,,,,,,,,,,,,,,,,,,,,,,,,,0.006118297277867569,1.7,1.7,94.73,5925.2,,,25.6,,,,,,43,49.2852984,31.437103,
08:17:19.803,,,,,,,,,,,,,,,,,,,,,,148,,,,,,,,,,,23.2,,,,44.1,,49.2854073,31.4371391,
08:17:19.826,,,,,,,,,,,,,,,,,,,,,,,,,,,,,,,0.02,,,,,102,,,49.2854073,31.4371391,
08:17:19.909,,,,,,,,,,64,,,,,,,,,,,,,,,,,,,,,,,,,,,,,49.2854073,31.4371391,
08:17:19.947,,,,,,,,,371.7,,,,,,,,,,,,,,,,,,,,,,,,,,,,,,49.2854073,31.4371391,
08:17:19.995,,,,,,,,,,,3.859,,,,,,,,,,,,,,,,,,,,,,,,,,,,49.2854073,31.4371391,
08:17:20.030,,,,,,,,,,,,3.852,,,,,,,,,,,,,,,,,,,,,,,,,,,49.2854073,31.4371391,
08:17:20.077,41,,,,,,,,,,,,,,,,,,,,,,,,,,,,,,,,,,,,,,49.2854073,31.4371391,
08:17:20.114,,,-1600,,,,,,,,,,,,,,,,,,,,,,,,,,,,,,,,,,,,49.2854073,31.4371391,
08:17:20.150,,44,,,,,,,,,,,,,,,,,,,,,,,,,,,,,,,,,,,,,49.2854073,31.4371391,
08:17:20.199,,,,,24,,,,,,,,,,,,,,,,,,,,,,,,,,,,,,,,,,49.2854073,31.4371391,
08:17:20.246,,,,,,24,,,,,,,,,,,,,,,,,,,,,,,,,,,,,,,,,49.2854073,31.4371391,
08:17:20.281,,,,,,,23,,,,,,,,,,,,,,,,,,,,,,,,,,,,,,,,49.2854073,31.4371391,
08:17:20.330,,,,,,,,23,,,,,,,,,,,,,,,,,,,,,,,,,,,,,,,49.2854073,31.4371391,
08:17:20.367,,,,21,,,,,,,,,,,,,,,,,,,,,,,,,,,,,,,,,,,49.2854073,31.4371391,
08:17:20.451,,,,,,,,,,,,,,,,,,32,,,,,,,,,,,,,,,,,,,,,49.2854073,31.4371391,
08:17:20.486,,,,,,,,,,,,,,26,,,,,,,,,,,,,,,,,,,,,,,,,49.2854073,31.4371391,
08:17:20.522,,,,,,,,,,,,,,,,,7,,,,,,,,,,,,,,,,,,,,,,49.2854073,31.4371391,
08:17:20.559,,,,,,,,,,,,,57,,,,,,,,,,,,,,,,,,,,,,,,,,49.2854073,31.4371391,
08:17:20.606,,,,,,,,,,,,,,,544,0.03,,,,,,,,,,,,,,,,,,,,,,,49.2854073,31.4371391,
08:17:20.642,,,,,,,,,,,,,,,,,,,44,,,,,,,,,,,,,,,,,,,,49.2854073,31.4371391,
08:17:20.738,,,,,,,,,,,,,,,,,,,,,,,,,,,,,,41.2,,,,,,,,,49.2854073,31.4371391,
08:17:20.773,,,,,,,,,,,,,,,,,,,,,,,,,,,,,,,,,,,66,,,,49.2854073,31.4371391,
08:17:20.806,,,,,,,,,,,,,,,,,,,,,,148,,,,,,,,,,,23.3,,,,44,,49.2855135,31.4371757,
08:17:20.810,,,,,,,,,,,,,,,,,,,,,,,2001,2,,,,,,,,,,,,,,,49.2855135,31.4371757,
08:17:20.859,,,,,,,,,,,,,,,,,,,,71,,,,,,,,,,,,,,,,,,,49.2855135,31.4371757,
08:17:20.894,,,,,,,,,,,,,,,,,,,,,,,,,,,,,,,,,,42,,,,,49.2855135,31.4371757,
08:17:20.930,,,,,,,,,,,,,,,,,,,,,,,,,0.006118297277867569,1.71,1.71,94.74,5925.22,,,25.7,,,,,,43,49.2855135,31.4371757,
08:17:20.977,,,,,,,,,,,,,,,,,,,,,,,,,,,,,,,0.02,,,,,102,,,49.2855135,31.4371757,
08:17:21.049,,,,,,,,,,64,,,,,,,,,,,,,,,,,,,,,,,,,,,,,49.2855135,31.4371757,
08:17:21.087,,,,,,,,,371.9,,,,,,,,,,,,,,,,,,,,,,,,,,,,,,49.2855135,31.4371757,
08:17:21.123,,,,,,,,,,,3.864,,,,,,,,,,,,,,,,,,,,,,,,,,,,49.2855135,31.4371757,
08:17:21.171,,,,,,,,,,,,3.855,,,,,,,,,,,,,,,,,,,,,,,,,,,49.2855135,31.4371757,
08:17:21.219,27,,,,,,,,,,,,,,,,,,,,,,,,,,,,,,,,,,,,,,49.2855135,31.4371757,
08:17:21.254,,,28,,,,,,,,,,,,,,,,,,,,,,,,,,,,,,,,,,,,49.2855135,31.4371757,
08:17:21.290,,25,,,,,,,,,,,,,,,,,,,,,,,,,,,,,,,,,,,,,49.2855135,31.4371757,
08:17:21.362,,,,,24,,,,,,,,,,,,,,,,,,,,,,,,,,,,,,,,,,49.2855135,31.4371757,
08:17:21.434,,,,,,24,,,,,,,,,,,,,,,,,,,,,,,,,,,,,,,,,49.2855135,31.4371757,
08:17:21.518,,,,,,,23,,,,,,,,,,,,,,,,,,,,,,,,,,,,,,,,49.2855135,31.4371757,
08:17:21.591,,,,,,,,23,,,,,,,,,,,,,,,,,,,,,,,,,,,,,,,49.2855135,31.4371757,
08:17:21.626,,,,21,,,,,,,,,,,,,,,,,,,,,,,,,,,,,,,,,,,49.2855135,31.4371757,
08:17:21.698,,,,,,,,,,,,,,,,,,32,,,,,,,,,,,,,,,,,,,,,49.2855135,31.4371757,
08:17:21.734,,,,,,,,,,,,,,26,,,,,,,,,,,,,,,,,,,,,,,,,49.2855135,31.4371757,
08:17:21.759,,,,,,,,,,,,,,,,,15,,,,,,,,,,,,,,,,,,,,,,49.2855135,31.4371757,
08:17:21.800,,,,,,,,,,,,,,,,,,,,,,148,,,,,,,,,,,23.3,,,,43.9,,49.2856205,31.4372146,
08:17:21.807,,,,,,,,,,,,,57,,,,,,,,,,,,,,,,,,,,,,,,,,49.2856205,31.4372146,
08:17:21.842,,,,,,,,,,,,,,,960,0.05,,,,,,,,,,,,,,,,,,,,,,,49.2856205,31.4372146,
08:17:21.891,,,,,,,,,,,,,,,,,,,44,,,,,,,,,,,,,,,,,,,,49.2856205,31.4372146,
08:17:21.949,,,,,,,,,,,,,,,,,,,,,,,,,,,,,,41.2,,,,,,,,,49.2856205,31.4372146,
08:17:21.998,,,,,,,,,,,,,,,,,,,,,,,2019,2,,,,,,,,,,,,,,,49.2856205,31.4372146,
08:17:22.060,,,,,,,,,,,,,,,,,,,,71,,,,,,,,,,,,,,,,,,,49.2856205,31.4372146,
08:17:22.110,,,,,,,,,,,,,,,,,,,,,,,,,,,,,,,,,,42,,,,,49.2856205,31.4372146,
08:17:22.171,,,,,,,,,,,,,,,,,,,,,,,,,0,1.73,1.73,94.76,5925.23,,,25.7,,,,,,43,49.2856205,31.4372146,
08:17:22.218,,,,,,,,,,,,,,,,,,,,,,,,,,,,,,,0.02,,,,,102,,,49.2856205,31.4372146,
08:17:22.290,,,,,,,,,,64.5,,,,,,,,,,,,,,,,,,,,,,,,,,,,,49.2856205,31.4372146,
08:17:22.326,,,,,,,,,372.6,,,,,,,,,,,,,,,,,,,,,,,,,,,,,,49.2856205,31.4372146,
08:17:22.363,,,,,,,,,,,3.886,,,,,,,,,,,,,,,,,,,,,,,,,,,,49.2856205,31.4372146,
08:17:22.399,,,,,,,,,,,,3.866,,,,,,,,,,,,,,,,,,,,,,,,,,,49.2856205,31.4372146,
08:17:22.435,41,,,,,,,,,,,,,,,,,,,,,,,,,,,,,,,,,,,,,,49.2856205,31.4372146,
08:17:22.470,,,-1600,,,,,,,,,,,,,,,,,,,,,,,,,,,,,,,,,,,,49.2856205,31.4372146,
08:17:22.518,,38,,,,,,,,,,,,,,,,,,,,,,,,,,,,,,,,,,,,,49.2856205,31.4372146,
08:17:22.554,,,,,24,,,,,,,,,,,,,,,,,,,,,,,,,,,,,,,,,,49.2856205,31.4372146,
08:17:22.602,,,,,,24,,,,,,,,,,,,,,,,,,,,,,,,,,,,,,,,,49.2856205,31.4372146,
08:17:22.662,,,,,,,23,,,,,,,,,,,,,,,,,,,,,,,,,,,,,,,,49.2856205,31.4372146,
08:17:22.700,,,,,,,,23,,,,,,,,,,,,,,,,,,,,,,,,,,,,,,,49.2856205,31.4372146,
08:17:22.739,,,,21,,,,,,,,,,,,,,,,,,,,,,,,,,,,,,,,,,,49.2856205,31.4372146,
08:17:22.805,,,,,,,,,,,,,,,,,,,,,,148,,,,,,,,,,,23.4,,,,43.7,,49.2857279,31.4372548,
08:17:22.810,,,,,,,,,,,,,,,,,,32,,,,,,,,,,,,,,,,,,,,,49.2857279,31.4372548,
08:17:22.847,,,,,,,,,,,,,,26,,,,,,,,,,,,,,,,,,,,,,,,,49.2857279,31.4372548,
08:17:22.881,,,,,,,,,,,,,,,,,12,,,,,,,,,,,,,,,,,,,,,,49.2857279,31.4372548,
08:17:22.918,,,,,,,,,,,,,57,,,,,,,,,,,,,,,,,,,,,,,,,,49.2857279,31.4372548,
08:17:22.953,,,,,,,,,,,,,,,768,0.05,,,,,,,,,,,,,,,,,,,,,,,49.2857279,31.4372548,
08:17:22.994,,,,,,,,,,,,,,,,,,,44,,,,,,,,,,,,,,,,,,,,49.2857279,31.4372548,
08:17:23.067,,,,,,,,,,,,,,,,,,,,,,,,,,,,,,41.6,,,,,,,,,49.2857279,31.4372548,
08:17:23.131,,,,,,,,,,,,,,,,,,,,,,,,,,,,,,,,,,,67,,,,49.2857279,31.4372548,
08:17:23.178,,,,,,,,,,,,,,,,,,,,,,,1984,2,,,,,,,,,,,,,,,49.2857279,31.4372548,
08:17:23.226,,,,,,,,,,,,,,,,,,,,70.6,,,,,,,,,,,,,,,,,,,49.2857279,31.4372548,
08:17:23.275,,,,,,,,,,,,,,,,,,,,,,,,,,,,,,,,,,42,,,,,49.2857279,31.4372548,
08:17:23.323,,,,,,,,,,,,,,,,,,,,,,,,,0,1.74,1.74,94.77,5925.25,,,25.8,,,,,,43,49.2857279,31.4372548,
08:17:23.357,,,,,,,,,,,,,,,,,,,,,,,,,,,,,,,0.02,,,,,102,,,49.2857279,31.4372548,
08:17:23.441,,,,,,,,,,64.5,,,,,,,,,,,,,,,,,,,,,,,,,,,,,49.2857279,31.4372548,
08:17:23.479,,,,,,,,,372.7,,,,,,,,,,,,,,,,,,,,,,,,,,,,,,49.2857279,31.4372548,
08:17:23.514,,,,,,,,,,,3.88,,,,,,,,,,,,,,,,,,,,,,,,,,,,49.2857279,31.4372548,
08:17:23.550,,,,,,,,,,,,3.868,,,,,,,,,,,,,,,,,,,,,,,,,,,49.2857279,31.4372548,
08:17:23.586,31,,,,,,,,,,,,,,,,,,,,,,,,,,,,,,,,,,,,,,49.2857279,31.4372548,
08:17:23.623,,,-1600,,,,,,,,,,,,,,,,,,,,,,,,,,,,,,,,,,,,49.2857279,31.4372548,
08:17:23.658,,35,,,,,,,,,,,,,,,,,,,,,,,,,,,,,,,,,,,,,49.2857279,31.4372548,
08:17:23.695,,,,,24,,,,,,,,,,,,,,,,,,,,,,,,,,,,,,,,,,49.2857279,31.4372548,
08:17:23.730,,,,,,24,,,,,,,,,,,,,,,,,,,,,,,,,,,,,,,,,49.2857279,31.4372548,
08:17:23.766,,,,,,,23,,,,,,,,,,,,,,,,,,,,,,,,,,,,,,,,49.2857279,31.4372548,
08:17:23.802,,,,,,,,,,,,,,,,,,,,,,148,,,,,,,,,,,23.5,,,,44,,49.2858341,31.437296,
08:17:23.803,,,,,,,,23,,,,,,,,,,,,,,,,,,,,,,,,,,,,,,,49.2858341,31.437296,
08:17:23.839,,,,21,,,,,,,,,,,,,,,,,,,,,,,,,,,,,,,,,,,49.2858341,31.437296,
08:17:23.911,,,,,,,,,,,,,,,,,,32,,,,,,,,,,,,,,,,,,,,,49.2858341,31.437296,
08:17:23.958,,,,,,,,,,,,,,26,,,,,,,,,,,,,,,,,,,,,,,,,49.2858341,31.437296,
08:17:24.006,,,,,,,,,,,,,,,,,3,,,,,,,,,,,,,,,,,,,,,,49.2858341,31.437296,
08:17:24.041,,,,,,,,,,,,,57,,,,,,,,,,,,,,,,,,,,,,,,,,49.2858341,31.437296,
08:17:24.078,,,,,,,,,,,,,,,128,0,,,,,,,,,,,,,,,,,,,,,,,49.2858341,31.437296,
08:17:24.125,,,,,,,,,,,,,,,,,,,43,,,,,,,,,,,,,,,,,,,,49.2858341,31.437296,
08:17:24.210,,,,,,,,,,,,,,,,,,,,,,,,,,,,,,41.2,,,,,,,,,49.2858341,31.437296,
08:17:24.258,,,,,,,,,,,,,,,,,,,,,,,2004,2,,,,,,,,,,,,,,,49.2858341,31.437296,
08:17:24.306,,,,,,,,,,,,,,,,,,,,70.6,,,,,,,,,,,,,,,,,,,49.2858341,31.437296,
08:17:24.355,,,,,,,,,,,,,,,,,,,,,,,,,,,,,,,,,,42,,,,,49.2858341,31.437296,
08:17:24.415,,,,,,,,,,,,,,,,,,,,,,,,,0,1.75,1.75,94.78,5925.26,,,25.9,,,,,,43,49.2858341,31.437296,
08:17:24.463,,,,,,,,,,,,,,,,,,,,,,,,,,,,,,,0.02,,,,,102,,,49.2858341,31.437296,
08:17:24.535,,,,,,,,,,65,,,,,,,,,,,,,,,,,,,,,,,,,,,,,49.2858341,31.437296,
08:17:24.571,,,,,,,,,372.6,,,,,,,,,,,,,,,,,,,,,,,,,,,,,,49.2858341,31.437296,
08:17:24.666,,,,,,,,,,,3.886,,,,,,,,,,,,,,,,,,,,,,,,,,,,49.2858341,31.437296,
08:17:24.750,,,,,,,,,,,,3.871,,,,,,,,,,,,,,,,,,,,,,,,,,,49.2858341,31.437296,
08:17:24.804,,,,,,,,,,,,,,,,,,,,,,148,,,,,,,,,,,23.6,,,,43.9,,49.2859404,31.4373374,
08:17:24.811,32,,,,,,,,,,,,,,,,,,,,,,,,,,,,,,,,,,,,,,49.2859404,31.4373374,
08:17:24.845,,,-1600,,,,,,,,,,,,,,,,,,,,,,,,,,,,,,,,,,,,49.2859404,31.4373374,
08:17:24.895,,37,,,,,,,,,,,,,,,,,,,,,,,,,,,,,,,,,,,,,49.2859404,31.4373374,
08:17:24.930,,,,,24,,,,,,,,,,,,,,,,,,,,,,,,,,,,,,,,,,49.2859404,31.4373374,
08:17:24.967,,,,,,24,,,,,,,,,,,,,,,,,,,,,,,,,,,,,,,,,49.2859404,31.4373374,
08:17:25.026,,,,,,,23,,,,,,,,,,,,,,,,,,,,,,,,,,,,,,,,49.2859404,31.4373374,
08:17:25.062,,,,,,,,23,,,,,,,,,,,,,,,,,,,,,,,,,,,,,,,49.2859404,31.4373374,
08:17:25.098,,,,21,,,,,,,,,,,,,,,,,,,,,,,,,,,,,,,,,,,49.2859404,31.4373374,
08:17:25.195,,,,,,,,,,,,,,,,,,32,,,,,,,,,,,,,,,,,,,,,49.2859404,31.4373374,
08:17:25.231,,,,,,,,,,,,,,26,,,,,,,,,,,,,,,,,,,,,,,,,49.2859404,31.4373374,
08:17:25.279,,,,,,,,,,,,,,,,,9,,,,,,,,,,,,,,,,,,,,,,49.2859404,31.4373374,
08:17:25.314,,,,,,,,,,,,,59,,,,,,,,,,,,,,,,,,,,,,,,,,49.2859404,31.4373374,
08:17:25.350,,,,,,,,,,,,,,,480,0.02,,,,,,,,,,,,,,,,,,,,,,,49.2859404,31.4373374,
08:17:25.398,,,,,,,,,,,,,,,,,,,44,,,,,,,,,,,,,,,,,,,,49.2859404,31.4373374,
08:17:25.470,,,,,,,,,,,,,,,,,,,,,,,,,,,,,,41.2,,,,,,,,,49.2859404,31.4373374,
08:17:25.530,,,,,,,,,,,,,,,,,,,,,,,,,,,,,,,,,,,68,,,,49.2859404,31.4373374,
08:17:25.566,,,,,,,,,,,,,,,,,,,,,,,2004,2,,,,,,,,,,,,,,,49.2859404,31.4373374,
08:17:25.615,,,,,,,,,,,,,,,,,,,,71,,,,,,,,,,,,,,,,,,,49.2859404,31.4373374,
08:17:25.662,,,,,,,,,,,,,,,,,,,,,,,,,,,,,,,,,,43,,,,,49.2859404,31.4373374,
08:17:25.698,,,,,,,,,,,,,,,,,,,,,,,,,0,1.77,1.77,94.8,5925.27,,,26,,,,,,43,49.2859404,31.4373374,
08:17:25.758,,,,,,,,,,,,,,,,,,,,,,,,,,,,,,,0.02,,,,,102,,,49.2859404,31.4373374,
08:17:25.803,,,,,,,,,,,,,,,,,,,,,,148,,,,,,,,,,,23.6,,,,44,,49.2860455,31.4373761,
08:17:25.830,,,,,,,,,,65,,,,,,,,,,,,,,,,,,,,,,,,,,,,,49.2860455,31.4373761,
08:17:25.865,,,,,,,,,372.4,,,,,,,,,,,,,,,,,,,,,,,,,,,,,,49.2860455,31.4373761,
08:17:25.903,,,,,,,,,,,3.881,,,,,,,,,,,,,,,,,,,,,,,,,,,,49.2860455,31.4373761,
08:17:25.938,,,,,,,,,,,,3.87,,,,,,,,,,,,,,,,,,,,,,,,,,,49.2860455,31.4373761,
08:17:25.986,36,,,,,,,,,,,,,,,,,,,,,,,,,,,,,,,,,,,,,,49.2860455,31.4373761,
08:17:26.021,,,-1600,,,,,,,,,,,,,,,,,,,,,,,,,,,,,,,,,,,,49.2860455,31.4373761,
08:17:26.046,,37,,,,,,,,,,,,,,,,,,,,,,,,,,,,,,,,,,,,,49.2860455,31.4373761,
08:17:26.083,,,,,24,,,,,,,,,,,,,,,,,,,,,,,,,,,,,,,,,,49.2860455,31.4373761,
08:17:26.119,,,,,,24,,,,,,,,,,,,,,,,,,,,,,,,,,,,,,,,,49.2860455,31.4373761,
08:17:26.167,,,,,,,23,,,,,,,,,,,,,,,,,,,,,,,,,,,,,,,,49.2860455,31.4373761,
08:17:26.202,,,,,,,,23,,,,,,,,,,,,,,,,,,,,,,,,,,,,,,,49.2860455,31.4373761,
08:17:26.251,,,,21,,,,,,,,,,,,,,,,,,,,,,,,,,,,,,,,,,,49.2860455,31.4373761,
08:17:26.322,,,,,,,,,,,,,,,,,,32,,,,,,,,,,,,,,,,,,,,,49.2860455,31.4373761,
08:17:26.358,,,,,,,,,,,,,,26,,,,,,,,,,,,,,,,,,,,,,,,,49.2860455,31.4373761,
08:17:26.398,,,,,,,,,,,,,,,,,17,,,,,,,,,,,,,,,,,,,,,,49.2860455,31.4373761,
08:17:26.471,,,,,,,,,,,,,59,,,,,,,,,,,,,,,,,,,,,,,,,,49.2860455,31.4373761,
08:17:26.506,,,,,,,,,,,,,,,992,0.05,,,,,,,,,,,,,,,,,,,,,,,49.2860455,31.4373761,
08:17:26.543,,,,,,,,,,,,,,,,,,,44,,,,,,,,,,,,,,,,,,,,49.2860455,31.4373761,
08:17:26.626,,,,,,,,,,,,,,,,,,,,,,,,,,,,,,40.8,,,,,,,,,49.2860455,31.4373761,
08:17:26.674,,,,,,,,,,,,,,,,,,,,,,,2001,2,,,,,,,,,,,,,,,49.2860455,31.4373761,
08:17:26.709,,,,,,,,,,,,,,,,,,,,70.6,,,,,,,,,,,,,,,,,,,49.2860455,31.4373761,
08:17:26.758,,,,,,,,,,,,,,,,,,,,,,,,,,,,,,,,,,43,,,,,49.2860455,31.4373761,
08:17:26.807,,,,,,,,,,,,,,,,,,,,,,,,,0.006118297277867569,1.78,1.78,94.81,5925.29,,,26.1,,,,,,44,49.2860455,31.4373761,
08:17:26.808,,,,,,,,,,,,,,,,,,,,,,148,,,,,,,,,,,23.7,,,,44.7,,49.2861559,31.4374131,
08:17:26.854,,,,,,,,,,,,,,,,,,,,,,,,,,,,,,,0.01,,,,,101,,,49.2861559,31.4374131,
08:17:26.914,,,,,,,,,,65.5,,,,,,,,,,,,,,,,,,,,,,,,,,,,,49.2861559,31.4374131,
08:17:26.963,,,,,,,,,373.7,,,,,,,,,,,,,,,,,,,,,,,,,,,,,,49.2861559,31.4374131,
08:17:26.999,,,,,,,,,,,3.884,,,,,,,,,,,,,,,,,,,,,,,,,,,,49.2861559,31.4374131,
08:17:27.034,,,,,,,,,,,,3.869,,,,,,,,,,,,,,,,,,,,,,,,,,,49.2861559,31.4374131,
08:17:27.071,34,,,,,,,,,,,,,,,,,,,,,,,,,,,,,,,,,,,,,,49.2861559,31.4374131,
08:17:27.106,,,-1600,,,,,,,,,,,,,,,,,,,,,,,,,,,,,,,,,,,,49.2861559,31.4374131,
08:17:27.143,,35,,,,,,,,,,,,,,,,,,,,,,,,,,,,,,,,,,,,,49.2861559,31.4374131,
08:17:27.191,,,,,24,,,,,,,,,,,,,,,,,,,,,,,,,,,,,,,,,,49.2861559,31.4374131,
08:17:27.238,,,,,,24,,,,,,,,,,,,,,,,,,,,,,,,,,,,,,,,,49.2861559,31.4374131,
08:17:27.274,,,,,,,23,,,,,,,,,,,,,,,,,,,,,,,,,,,,,,,,49.2861559,31.4374131,
08:17:27.311,,,,,,,,23,,,,,,,,,,,,,,,,,,,,,,,,,,,,,,,49.2861559,31.4374131,
08:17:27.334,,,,21,,,,,,,,,,,,,,,,,,,,,,,,,,,,,,,,,,,49.2861559,31.4374131,
08:17:27.405,,,,,,,,,,,,,,,,,,32,,,,,,,,,,,,,,,,,,,,,49.2861559,31.4374131,
08:17:27.453,,,,,,,,,,,,,,26,,,,,,,,,,,,,,,,,,,,,,,,,49.2861559,31.4374131,
08:17:27.490,,,,,,,,,,,,,,,,,12,,,,,,,,,,,,,,,,,,,,,,49.2861559,31.4374131,
08:17:27.538,,,,,,,,,,,,,59,,,,,,,,,,,,,,,,,,,,,,,,,,49.2861559,31.4374131,
08:17:27.586,,,,,,,,,,,,,,,832,0.05,,,,,,,,,,,,,,,,,,,,,,,49.2861559,31.4374131,
08:17:27.624,,,,,,,,,,,,,,,,,,,45,,,,,,,,,,,,,,,,,,,,49.2861559,31.4374131,
08:17:27.770,,,,,,,,,,,,,,,,,,,,,,,,,,,,,,40.8,,,,,,,,,49.2861559,31.4374131,
08:17:27.803,,,,,,,,,,,,,,,,,,,,,,148,,,,,,,,,,,23.8,,,,45.5,,49.286266,31.4374476,
08:17:27.841,,,,,,,,,,,,,,,,,,,,,,,,,,,,,,,,,,,68,,,,49.286266,31.4374476,
08:17:27.878,,,,,,,,,,,,,,,,,,,,,,,2001,2,,,,,,,,,,,,,,,49.286266,31.4374476,
08:17:27.915,,,,,,,,,,,,,,,,,,,,70.6,,,,,,,,,,,,,,,,,,,49.286266,31.4374476,
08:17:27.949,,,,,,,,,,,,,,,,,,,,,,,,,,,,,,,,,,43,,,,,49.286266,31.4374476,
08:17:27.999,,,,,,,,,,,,,,,,,,,,,,,,,0.012236594555735138,1.8,1.8,94.83,5925.3,,,26.2,,,,,,45,49.286266,31.4374476,
08:17:28.034,,,,,,,,,,,,,,,,,,,,,,,,,,,,,,,0.02,,,,,102,,,49.286266,31.4374476,
08:17:28.095,,,,,,,,,,65.5,,,,,,,,,,,,,,,,,,,,,,,,,,,,,49.286266,31.4374476,
08:17:28.141,,,,,,,,,375.1,,,,,,,,,,,,,,,,,,,,,,,,,,,,,,49.286266,31.4374476,
08:17:28.178,,,,,,,,,,,3.909,,,,,,,,,,,,,,,,,,,,,,,,,,,,49.286266,31.4374476,
08:17:28.215,,,,,,,,,,,,3.902,,,,,,,,,,,,,,,,,,,,,,,,,,,49.286266,31.4374476,
08:17:28.251,62,,,,,,,,,,,,,,,,,,,,,,,,,,,,,,,,,,,,,,49.286266,31.4374476,
08:17:28.286,,,-1600,,,,,,,,,,,,,,,,,,,,,,,,,,,,,,,,,,,,49.286266,31.4374476,
08:17:28.323,,62,,,,,,,,,,,,,,,,,,,,,,,,,,,,,,,,,,,,,49.286266,31.4374476,
08:17:28.359,,,,,24,,,,,,,,,,,,,,,,,,,,,,,,,,,,,,,,,,49.286266,31.4374476,
08:17:28.394,,,,,,24,,,,,,,,,,,,,,,,,,,,,,,,,,,,,,,,,49.286266,31.4374476,
08:17:28.443,,,,,,,23,,,,,,,,,,,,,,,,,,,,,,,,,,,,,,,,49.286266,31.4374476,
08:17:28.491,,,,,,,,23,,,,,,,,,,,,,,,,,,,,,,,,,,,,,,,49.286266,31.4374476,
08:17:28.526,,,,21,,,,,,,,,,,,,,,,,,,,,,,,,,,,,,,,,,,49.286266,31.4374476,
08:17:28.598,,,,,,,,,,,,,,,,,,32,,,,,,,,,,,,,,,,,,,,,49.286266,31.4374476,
08:17:28.635,,,,,,,,,,,,,,26,,,,,,,,,,,,,,,,,,,,,,,,,49.286266,31.4374476,
08:17:28.671,,,,,,,,,,,,,,,,,-28,,,,,,,,,,,,,,,,,,,,,,49.286266,31.4374476,
08:17:28.717,,,,,,,,,,,,,59,,,,,,,,,,,,,,,,,,,,,,,,,,49.286266,31.4374476,
08:17:28.754,,,,,,,,,,,,,,,-1888,-0.12,,,,,,,,,,,,,,,,,,,,,,,49.286266,31.4374476,
08:17:28.791,,,,,,,,,,,,,,,,,,,45,,,,,,,,,,,,,,,,,,,,49.286266,31.4374476,
08:17:28.806,,,,,,,,,,,,,,,,,,,,,,148,,,,,,,,,,,23.9,,,,45.5,,49.2863766,31.4374843,
08:17:28.862,,,,,,,,,,,,,,,,,,,,,,,,,,,,,,40.8,,,,,,,,,49.2863766,31.4374843,
08:17:28.912,,,,,,,,,,,,,,,,,,,,,,,1999,2,,,,,,,,,,,,,,,49.2863766,31.4374843,
08:17:28.947,,,,,,,,,,,,,,,,,,,,70.6,,,,,,,,,,,,,,,,,,,49.2863766,31.4374843,
08:17:28.993,,,,,,,,,,,,,,,,,,,,,,,,,,,,,,,,,,44,,,,,49.2863766,31.4374843,
08:17:29.079,,,,,,,,,,,,,,,,,,,,,,,,,,1.81,1.81,94.84,5925.32,,,26.2,,,,,,44,49.2863766,31.4374843,
08:17:29.126,,,,,,,,,,,,,,,,,,,,,,,,,,,,,,,0.02,,,,,102,,,49.2863766,31.4374843,
08:17:29.198,,,,,,,,,,66,,,,,,,,,,,,,,,,,,,,,,,,,,,,,49.2863766,31.4374843,
08:17:29.247,,,,,,,,,380.1,,,,,,,,,,,,,,,,,,,,,,,,,,,,,,49.2863766,31.4374843,
08:17:29.282,,,,,,,,,,,3.951,,,,,,,,,,,,,,,,,,,,,,,,,,,,49.2863766,31.4374843,
08:17:29.331,,,,,,,,,,,,3.901,,,,,,,,,,,,,,,,,,,,,,,,,,,49.2863766,31.4374843,
08:17:29.366,24,,,,,,,,,,,,,,,,,,,,,,,,,,,,,,,,,,,,,,49.2863766,31.4374843,
08:17:29.403,,,21,,,,,,,,,,,,,,,,,,,,,,,,,,,,,,,,,,,,49.2863766,31.4374843,
08:17:29.462,,23,,,,,,,,,,,,,,,,,,,,,,,,,,,,,,,,,,,,,49.2863766,31.4374843,
08:17:29.511,,,,,24,,,,,,,,,,,,,,,,,,,,,,,,,,,,,,,,,,49.2863766,31.4374843,
08:17:29.546,,,,,,24,,,,,,,,,,,,,,,,,,,,,,,,,,,,,,,,,49.2863766,31.4374843,
08:17:29.608,,,,,,,23,,,,,,,,,,,,,,,,,,,,,,,,,,,,,,,,49.2863766,31.4374843,
08:17:29.641,,,,,,,,23,,,,,,,,,,,,,,,,,,,,,,,,,,,,,,,49.2863766,31.4374843,
08:17:29.678,,,,21,,,,,,,,,,,,,,,,,,,,,,,,,,,,,,,,,,,49.2863766,31.4374843,
08:17:29.749,,,,,,,,,,,,,,,,,,32,,,,,,,,,,,,,,,,,,,,,49.2863766,31.4374843,
08:17:29.786,,,,,,,,,,,,,,26,,,,,,,,,,,,,,,,,,,,,,,,,49.2863766,31.4374843,
08:17:29.798,,,,,,,,,,,,,,,,,,,,,,148,,,,,,,,,,,24,,,,44.1,,49.2864861,31.437523,
08:17:29.822,,,,,,,,,,,,,,,,,-71,,,,,,,,,,,,,,,,,,,,,,49.2864861,31.437523,
08:17:29.859,,,,,,,,,,,,,61,,,,,,,,,,,,,,,,,,,,,,,,,,49.2864861,31.437523,
08:17:29.894,,,,,,,,,,,,,,,-4224,-0.27,,,,,,,,,,,,,,,,,,,,,,,49.2864861,31.437523,
08:17:29.931,,,,,,,,,,,,,,,,,,,43,,,,,,,,,,,,,,,,,,,,49.2864861,31.437523,
08:17:29.991,,,,,,,,,,,,,,,,,,,,,,,,,,,,,,10.2,,,,,,,,,49.2864861,31.437523,
08:17:30.026,,,,,,,,,,,,,,,,,,,,,,,,,,,,,,,,,,,69,,,,49.2864861,31.437523,
08:17:30.086,,,,,,,,,,,,,,,,,,,,,,,760,0.8,,,,,,,,,,,,,,,49.2864861,31.437523,
08:17:30.134,,,,,,,,,,,,,,,,,,,,15.7,,,,,,,,,,,,,,,,,,,49.2864861,31.437523,
08:17:30.183,,,,,,,,,,,,,,,,,,,,,,,,,,,,,,,,,,44,,,,,49.2864861,31.437523,
08:17:30.223,,,,,,,,,,,,,,,,,,,,,,,,,,1.82,1.82,94.85,5925.33,,,26.3,,,,,,42,49.2864861,31.437523,
08:17:30.259,,,,,,,,,,,,,,,,,,,,,,,,,,,,,,,-0.58,,,,,42,,,49.2864861,31.437523,
08:17:30.346,,,,,,,,,,66.5,,,,,,,,,,,,,,,,,,,,,,,,,,,,,49.2864861,31.437523,
08:17:30.394,,,,,,,,,372.9,,,,,,,,,,,,,,,,,,,,,,,,,,,,,,49.2864861,31.437523,
08:17:30.429,,,,,,,,,,,3.889,,,,,,,,,,,,,,,,,,,,,,,,,,,,49.2864861,31.437523,
08:17:30.478,,,,,,,,,,,,3.878,,,,,,,,,,,,,,,,,,,,,,,,,,,49.2864861,31.437523,
08:17:30.514,10,,,,,,,,,,,,,,,,,,,,,,,,,,,,,,,,,,,,,,49.2864861,31.437523,
08:17:30.550,,,9,,,,,,,,,,,,,,,,,,,,,,,,,,,,,,,,,,,,49.2864861,31.437523,
08:17:30.586,,8,,,,,,,,,,,,,,,,,,,,,,,,,,,,,,,,,,,,,49.2864861,31.437523,
08:17:30.623,,,,,24,,,,,,,,,,,,,,,,,,,,,,,,,,,,,,,,,,49.2864861,31.437523,
08:17:30.695,,,,,,24,,,,,,,,,,,,,,,,,,,,,,,,,,,,,,,,,49.2864861,31.437523,
08:17:30.754,,,,,,,23,,,,,,,,,,,,,,,,,,,,,,,,,,,,,,,,49.2864861,31.437523,
08:17:30.807,,,,,,,,,,,,,,,,,,,,,,148,,,,,,,,,,,24,,,,41.2,,49.286589,31.4375553,
08:17:30.827,,,,,,,,23,,,,,,,,,,,,,,,,,,,,,,,,,,,,,,,49.286589,31.4375553,
08:17:30.887,,,,21,,,,,,,,,,,,,,,,,,,,,,,,,,,,,,,,,,,49.286589,31.4375553,
08:17:30.958,,,,,,,,,,,,,,,,,,32,,,,,,,,,,,,,,,,,,,,,49.286589,31.4375553,
08:17:31.006,,,,,,,,,,,,,,26,,,,,,,,,,,,,,,,,,,,,,,,,49.286589,31.4375553,
08:17:31.066,,,,,,,,,,,,,,,,,-12,,,,,,,,,,,,,,,,,,,,,,49.286589,31.4375553,
08:17:31.101,,,,,,,,,,,,,61,,,,,,,,,,,,,,,,,,,,,,,,,,49.286589,31.4375553,
08:17:31.149,,,,,,,,,,,,,,,-704,-0.05,,,,,,,,,,,,,,,,,,,,,,,49.286589,31.4375553,
08:17:31.186,,,,,,,,,,,,,,,,,,,42,,,,,,,,,,,,,,,,,,,,49.286589,31.4375553,
08:17:31.259,,,,,,,,,,,,,,,,,,,,,,,,,,,,,,51.4,,,,,,,,,49.286589,31.4375553,
08:17:31.298,,,,,,,,,,,,,,,,,,,,,,,357,0.4,,,,,,,,,,,,,,,49.286589,31.4375553,
08:17:31.346,,,,,,,,,,,,,,,,,,,,63.1,,,,,,,,,,,,,,,,,,,49.286589,31.4375553,
08:17:31.394,,,,,,,,,,,,,,,,,,,,,,,,,,,,,,,,,,44,,,,,49.286589,31.4375553,
08:17:31.443,,,,,,,,,,,,,,,,,,,,,,,,,-0.01835489183360271,1.84,1.84,94.87,5925.34,,,26.4,,,,,,41,49.286589,31.4375553,
08:17:31.491,,,,,,,,,,,,,,,,,,,,,,,,,,,,,,,0,,,,,100,,,49.286589,31.4375553,
08:17:31.585,,,,,,,,,,66.5,,,,,,,,,,,,,,,,,,,,,,,,,,,,,49.286589,31.4375553,
08:17:31.622,,,,,,,,,369.5,,,,,,,,,,,,,,,,,,,,,,,,,,,,,,49.286589,31.4375553,
08:17:31.683,,,,,,,,,,,3.847,,,,,,,,,,,,,,,,,,,,,,,,,,,,49.286589,31.4375553,
08:17:31.719,,,,,,,,,,,,3.824,,,,,,,,,,,,,,,,,,,,,,,,,,,49.286589,31.4375553,
08:17:31.743,-24,,,,,,,,,,,,,,,,,,,,,,,,,,,,,,,,,,,,,,49.286589,31.4375553,
08:17:31.779,,,-27,,,,,,,,,,,,,,,,,,,,,,,,,,,,,,,,,,,,49.286589,31.4375553,
08:17:31.796,,,,,,,,,,,,,,,,,,,,,,148,,,,,,,,,,,24.1,,,,42.2,,49.2866941,31.4375707,
08:17:31.813,,-30,,,,,,,,,,,,,,,,,,,,,,,,,,,,,,,,,,,,,49.2866941,31.4375707,
08:17:31.850,,,,,24,,,,,,,,,,,,,,,,,,,,,,,,,,,,,,,,,,49.2866941,31.4375707,
08:17:31.886,,,,,,24,,,,,,,,,,,,,,,,,,,,,,,,,,,,,,,,,49.2866941,31.4375707,
08:17:31.923,,,,,,,23,,,,,,,,,,,,,,,,,,,,,,,,,,,,,,,,49.2866941,31.4375707,
08:17:31.957,,,,,,,,23,,,,,,,,,,,,,,,,,,,,,,,,,,,,,,,49.2866941,31.4375707,
08:17:31.994,,,,21,,,,,,,,,,,,,,,,,,,,,,,,,,,,,,,,,,,49.2866941,31.4375707,
08:17:32.041,,,,,,,,,,,,,,,,,,32,,,,,,,,,,,,,,,,,,,,,49.2866941,31.4375707,
08:17:32.084,,,,,,,,,,,,,,26,,,,,,,,,,,,,,,,,,,,,,,,,49.2866941,31.4375707,
08:17:32.122,,,,,,,,,,,,,,,,,35,,,,,,,,,,,,,,,,,,,,,,49.2866941,31.4375707,
08:17:32.159,,,,,,,,,,,,,61,,,,,,,,,,,,,,,,,,,,,,,,,,49.2866941,31.4375707,
08:17:32.194,,,,,,,,,,,,,,,2016,0.11,,,,,,,,,,,,,,,,,,,,,,,49.2866941,31.4375707,
08:17:32.230,,,,,,,,,,,,,,,,,,,43,,,,,,,,,,,,,,,,,,,,49.2866941,31.4375707,
08:17:32.291,,,,,,,,,,,,,,,,,,,,,,,,,,,,,,0,,,,,,,,,49.2866941,31.4375707,
08:17:32.339,,,,,,,,,,,,,,,,,,,,,,,,,,,,,,,,,,,69,,,,49.2866941,31.4375707,
08:17:32.385,,,,,,,,,,,,,,,,,,,,,,,0,0,,,,,,,,,,,,,,,49.2866941,31.4375707,
08:17:32.446,,,,,,,,,,,,,,,,,,,,0,,,,,,,,,,,,,,,,,,,49.2866941,31.4375707,
08:17:32.495,,,,,,,,,,,,,,,,,,,,,,,,,,,,,,,,,,44,,,,,49.2866941,31.4375707,
08:17:32.530,,,,,,,,,,,,,,,,,,,,,,,,,,1.85,1.85,94.88,5925.36,,,26.5,,,,,,43,49.2866941,31.4375707,
08:17:32.591,,,,,,,,,,,,,,,,,,,,,,,,,,,,,,,0,,,,,100,,,49.2866941,31.4375707,
08:17:32.662,,,,,,,,,,66,,,,,,,,,,,,,,,,,,,,,,,,,,,,,49.2866941,31.4375707,
08:17:32.698,,,,,,,,,364,,,,,,,,,,,,,,,,,,,,,,,,,,,,,,49.2866941,31.4375707,
08:17:32.745,,,,,,,,,,,3.803,,,,,,,,,,,,,,,,,,,,,,,,,,,,49.2866941,31.4375707,
08:17:32.782,,,,,,,,,,,,3.792,,,,,,,,,,,,,,,,,,,,,,,,,,,49.2866941,31.4375707,
08:17:32.798,,,,,,,,,,,,,,,,,,,,,,148,,,,,,,,,,,24.2,,,,44.4,,49.2868033,31.4375717,
08:17:32.842,-31,,,,,,,,,,,,,,,,,,,,,,,,,,,,,,,,,,,,,,49.2868033,31.4375717,
08:17:32.904,,,-1600,,,,,,,,,,,,,,,,,,,,,,,,,,,,,,,,,,,,49.2868033,31.4375717,
08:17:32.942,,-30,,,,,,,,,,,,,,,,,,,,,,,,,,,,,,,,,,,,,49.2868033,31.4375717,
08:17:32.991,,,,,24,,,,,,,,,,,,,,,,,,,,,,,,,,,,,,,,,,49.2868033,31.4375717,
08:17:33.038,,,,,,24,,,,,,,,,,,,,,,,,,,,,,,,,,,,,,,,,49.2868033,31.4375717,
08:17:33.063,,,,,,,24,,,,,,,,,,,,,,,,,,,,,,,,,,,,,,,,49.2868033,31.4375717,
08:17:33.110,,,,,,,,23,,,,,,,,,,,,,,,,,,,,,,,,,,,,,,,49.2868033,31.4375717,
08:17:33.158,,,,21,,,,,,,,,,,,,,,,,,,,,,,,,,,,,,,,,,,49.2868033,31.4375717,
08:17:33.218,,,,,,,,,,,,,,,,,,32,,,,,,,,,,,,,,,,,,,,,49.2868033,31.4375717,
08:17:33.265,,,,,,,,,,,,,,26,,,,,,,,,,,,,,,,,,,,,,,,,49.2868033,31.4375717,
08:17:33.302,,,,,,,,,,,,,,,,,28,,,,,,,,,,,,,,,,,,,,,,49.2868033,31.4375717,
08:17:33.339,,,,,,,,,,,,,61,,,,,,,,,,,,,,,,,,,,,,,,,,49.2868033,31.4375717,
08:17:33.375,,,,,,,,,,,,,,,1760,0.09,,,,,,,,,,,,,,,,,,,,,,,49.2868033,31.4375717,
08:17:33.422,,,,,,,,,,,,,,,,,,,46,,,,,,,,,,,,,,,,,,,,49.2868033,31.4375717,
08:17:33.507,,,,,,,,,,,,,,,,,,,,,,,,,,,,,,0,,,,,,,,,49.2868033,31.4375717,
08:17:33.589,,,,,,,,,,,,,,,,,,,,,,,0,0,,,,,,,,,,,,,,,49.2868033,31.4375717,
08:17:33.675,,,,,,,,,,,,,,,,,,,,0,,,,,,,,,,,,,,,,,,,49.2868033,31.4375717,
08:17:33.722,,,,,,,,,,,,,,,,,,,,,,,,,,,,,,,,,,44,,,,,49.2868033,31.4375717,
08:17:33.757,,,,,,,,,,,,,,,,,,,,,,,,,,1.87,1.87,94.89,5925.37,,,26.5,,,,,,46,49.2868033,31.4375717,
08:17:33.805,,,,,,,,,,,,,,,,,,,,,,147,,,,,,,,,,,24.2,,,,46.7,,49.2869157,31.4375544,
08:17:33.819,,,,,,,,,,,,,,,,,,,,,,,,,,,,,,,0,,,,,100,,,49.2869157,31.4375544,
08:17:33.890,,,,,,,,,,66,,,,,,,,,,,,,,,,,,,,,,,,,,,,,49.2869157,31.4375544,
08:17:33.919,,,,,,,,,364.2,,,,,,,,,,,,,,,,,,,,,,,,,,,,,,49.2869157,31.4375544,
08:17:33.966,,,,,,,,,,,3.807,,,,,,,,,,,,,,,,,,,,,,,,,,,,49.2869157,31.4375544,
08:17:34.003,,,,,,,,,,,,3.795,,,,,,,,,,,,,,,,,,,,,,,,,,,49.2869157,31.4375544,
08:17:34.039,-15,,,,,,,,,,,,,,,,,,,,,,,,,,,,,,,,,,,,,,49.2869157,31.4375544,
08:17:34.074,,,-15,,,,,,,,,,,,,,,,,,,,,,,,,,,,,,,,,,,,49.2869157,31.4375544,
08:17:34.122,,-15,,,,,,,,,,,,,,,,,,,,,,,,,,,,,,,,,,,,,49.2869157,31.4375544,
08:17:34.171,,,,,24,,,,,,,,,,,,,,,,,,,,,,,,,,,,,,,,,,49.2869157,31.4375544,
08:17:34.219,,,,,,24,,,,,,,,,,,,,,,,,,,,,,,,,,,,,,,,,49.2869157,31.4375544,
08:17:34.255,,,,,,,24,,,,,,,,,,,,,,,,,,,,,,,,,,,,,,,,49.2869157,31.4375544,
08:17:34.291,,,,,,,,23,,,,,,,,,,,,,,,,,,,,,,,,,,,,,,,49.2869157,31.4375544,
08:17:34.326,,,,21,,,,,,,,,,,,,,,,,,,,,,,,,,,,,,,,,,,49.2869157,31.4375544,
08:17:34.399,,,,,,,,,,,,,,,,,,32,,,,,,,,,,,,,,,,,,,,,49.2869157,31.4375544,
08:17:34.446,,,,,,,,,,,,,,26,,,,,,,,,,,,,,,,,,,,,,,,,49.2869157,31.4375544,
08:17:34.483,,,,,,,,,,,,,,,,,12,,,,,,,,,,,,,,,,,,,,,,49.2869157,31.4375544,
08:17:34.518,,,,,,,,,,,,,61,,,,,,,,,,,,,,,,,,,,,,,,,,49.2869157,31.4375544,
08:17:34.566,,,,,,,,,,,,,,,768,0.05,,,,,,,,,,,,,,,,,,,,,,,49.2869157,31.4375544,
08:17:34.602,,,,,,,,,,,,,,,,,,,48,,,,,,,,,,,,,,,,,,,,49.2869157,31.4375544,
08:17:34.674,,,,,,,,,,,,,,,,,,,,,,,,,,,,,,0,,,,,,,,,49.2869157,31.4375544,
08:17:34.711,,,,,,,,,,,,,,,,,,,,,,,,,,,,,,,,,,,69,,,,49.2869157,31.4375544,
08:17:34.758,,,,,,,,,,,,,,,,,,,,,,,0,0,,,,,,,,,,,,,,,49.2869157,31.4375544,
08:17:34.800,,,,,,,,,,,,,,,,,,,,,,147,,,,,,,,,,,24.3,,,,48.9,,49.2870309,31.4375189,
08:17:34.806,,,,,,,,,,,,,,,,,,,,0,,,,,,,,,,,,,,,,,,,49.2870309,31.4375189,
08:17:34.843,,,,,,,,,,,,,,,,,,,,,,,,,,,,,,,,,,44,,,,,49.2870309,31.4375189,
08:17:34.883,,,,,,,,,,,,,,,,,,,,,,,,,,1.88,1.88,94.91,5925.39,,,26.6,,,,,,47,49.2870309,31.4375189,
08:17:34.929,,,,,,,,,,,,,,,,,,,,,,,,,,,,,,,0,,,,,100,,,49.2870309,31.4375189,
08:17:34.991,,,,,,,,,,66,,,,,,,,,,,,,,,,,,,,,,,,,,,,,49.2870309,31.4375189,
08:17:35.038,,,,,,,,,365.1,,,,,,,,,,,,,,,,,,,,,,,,,,,,,,49.2870309,31.4375189,
08:17:35.075,,,,,,,,,,,3.812,,,,,,,,,,,,,,,,,,,,,,,,,,,,49.2870309,31.4375189,
08:17:35.121,,,,,,,,,,,,3.796,,,,,,,,,,,,,,,,,,,,,,,,,,,49.2870309,31.4375189,
08:17:35.158,-14,,,,,,,,,,,,,,,,,,,,,,,,,,,,,,,,,,,,,,49.2870309,31.4375189,
08:17:35.195,,,-16,,,,,,,,,,,,,,,,,,,,,,,,,,,,,,,,,,,,49.2870309,31.4375189,
08:17:35.230,,-15,,,,,,,,,,,,,,,,,,,,,,,,,,,,,,,,,,,,,49.2870309,31.4375189,
08:17:35.266,,,,,24,,,,,,,,,,,,,,,,,,,,,,,,,,,,,,,,,,49.2870309,31.4375189,
08:17:35.303,,,,,,24,,,,,,,,,,,,,,,,,,,,,,,,,,,,,,,,,49.2870309,31.4375189,
08:17:35.338,,,,,,,24,,,,,,,,,,,,,,,,,,,,,,,,,,,,,,,,49.2870309,31.4375189,
08:17:35.391,,,,,,,,23,,,,,,,,,,,,,,,,,,,,,,,,,,,,,,,49.2870309,31.4375189,
08:17:35.426,,,,21,,,,,,,,,,,,,,,,,,,,,,,,,,,,,,,,,,,49.2870309,31.4375189,
08:17:35.499,,,,,,,,,,,,,,,,,,32,,,,,,,,,,,,,,,,,,,,,49.2870309,31.4375189,
08:17:35.534,,,,,,,,,,,,,,26,,,,,,,,,,,,,,,,,,,,,,,,,49.2870309,31.4375189,
08:17:35.570,,,,,,,,,,,,,,,,,18,,,,,,,,,,,,,,,,,,,,,,49.2870309,31.4375189,
08:17:35.607,,,,,,,,,,,,,61,,,,,,,,,,,,,,,,,,,,,,,,,,49.2870309,31.4375189,
08:17:35.644,,,,,,,,,,,,,,,1056,0.06,,,,,,,,,,,,,,,,,,,,,,,49.2870309,31.4375189,
08:17:35.679,,,,,,,,,,,,,,,,,,,50,,,,,,,,,,,,,,,,,,,,49.2870309,31.4375189,
08:17:35.739,,,,,,,,,,,,,,,,,,,,,,,,,,,,,,0,,,,,,,,,49.2870309,31.4375189,
08:17:35.799,,,,,,,,,,,,,,,,,,,,,,,0,0,,,,,,,,,,,,,,,49.2870309,31.4375189,
08:17:35.805,,,,,,,,,,,,,,,,,,,,,,147,,,,,,,,,,,24.4,,,,50.1,,49.2871475,31.4374585,
08:17:35.838,,,,,,,,,,,,,,,,,,,,0,,,,,,,,,,,,,,,,,,,49.2871475,31.4374585,
08:17:35.874,,,,,,,,,,,,,,,,,,,,,,,,,,,,,,,,,,44,,,,,49.2871475,31.4374585,
08:17:35.910,,,,,,,,,,,,,,,,,,,,,,,,,0.050985810648896415,1.89,1.89,94.92,5925.4,,,26.7,,,,,,49,49.2871475,31.4374585,
08:17:35.959,,,,,,,,,,,,,,,,,,,,,,,,,,,,,,,0,,,,,100,,,49.2871475,31.4374585,
08:17:36.019,,,,,,,,,,66,,,,,,,,,,,,,,,,,,,,,,,,,,,,,49.2871475,31.4374585,
08:17:36.066,,,,,,,,,364.3,,,,,,,,,,,,,,,,,,,,,,,,,,,,,,49.2871475,31.4374585,
08:17:36.103,,,,,,,,,,,3.79,,,,,,,,,,,,,,,,,,,,,,,,,,,,49.2871475,31.4374585,
08:17:36.150,,,,,,,,,,,,3.78,,,,,,,,,,,,,,,,,,,,,,,,,,,49.2871475,31.4374585,
08:17:36.187,-22,,,,,,,,,,,,,,,,,,,,,,,,,,,,,,,,,,,,,,49.2871475,31.4374585,
08:17:36.222,,,-22,,,,,,,,,,,,,,,,,,,,,,,,,,,,,,,,,,,,49.2871475,31.4374585,
08:17:36.271,,-23,,,,,,,,,,,,,,,,,,,,,,,,,,,,,,,,,,,,,49.2871475,31.4374585,
08:17:36.318,,,,,24,,,,,,,,,,,,,,,,,,,,,,,,,,,,,,,,,,49.2871475,31.4374585,
08:17:36.354,,,,,,24,,,,,,,,,,,,,,,,,,,,,,,,,,,,,,,,,49.2871475,31.4374585,
08:17:36.389,,,,,,,24,,,,,,,,,,,,,,,,,,,,,,,,,,,,,,,,49.2871475,31.4374585,
08:17:36.438,,,,,,,,23,,,,,,,,,,,,,,,,,,,,,,,,,,,,,,,49.2871475,31.4374585,
08:17:36.476,,,,21,,,,,,,,,,,,,,,,,,,,,,,,,,,,,,,,,,,49.2871475,31.4374585,
08:17:36.622,,,,,,,,,,,,,,,,,,32,,,,,,,,,,,,,,,,,,,,,49.2871475,31.4374585,
08:17:36.694,,,,,,,,,,,,,,26,,,,,,,,,,,,,,,,,,,,,,,,,49.2871475,31.4374585,
08:17:36.778,,,,,,,,,,,,,,,,,23,,,,,,,,,,,,,,,,,,,,,,49.2871475,31.4374585,
08:17:36.802,,,,,,,,,,,,,,,,,,,,,,147,,,,,,,,,,,24.5,,,,51.3,,49.2872646,31.4373795,
08:17:36.827,,,,,,,,,,,,,59,,,,,,,,,,,,,,,,,,,,,,,,,,49.2872646,31.4373795,
08:17:36.862,,,,,,,,,,,,,,,1216,0.06,,,,,,,,,,,,,,,,,,,,,,,49.2872646,31.4373795,
08:17:36.900,,,,,,,,,,,,,,,,,,,52,,,,,,,,,,,,,,,,,,,,49.2872646,31.4373795,
08:17:36.970,,,,,,,,,,,,,,,,,,,,,,,,,,,,,,0,,,,,,,,,49.2872646,31.4373795,
08:17:37.031,,,,,,,,,,,,,,,,,,,,,,,,,,,,,,,,,,,69,,,,49.2872646,31.4373795,
08:17:37.066,,,,,,,,,,,,,,,,,,,,,,,0,0,,,,,,,,,,,,,,,49.2872646,31.4373795,
08:17:37.114,,,,,,,,,,,,,,,,,,,,0,,,,,,,,,,,,,,,,,,,49.2872646,31.4373795,
08:17:37.150,,,,,,,,,,,,,,,,,,,,,,,,,,,,,,,,,,45,,,,,49.2872646,31.4373795,
08:17:37.198,,,,,,,,,,,,,,,,,,,,,,,,,0.05506467550080813,1.91,1.91,94.94,5925.42,,,26.9,,,,,,52,49.2872646,31.4373795,
08:17:37.234,,,,,,,,,,,,,,,,,,,,,,,,,,,,,,,0,,,,,100,,,49.2872646,31.4373795,
08:17:37.319,,,,,,,,,,65.5,,,,,,,,,,,,,,,,,,,,,,,,,,,,,49.2872646,31.4373795,
08:17:37.355,,,,,,,,,362.2,,,,,,,,,,,,,,,,,,,,,,,,,,,,,,49.2872646,31.4373795,
08:17:37.389,,,,,,,,,,,3.769,,,,,,,,,,,,,,,,,,,,,,,,,,,,49.2872646,31.4373795,
08:17:37.437,,,,,,,,,,,,3.758,,,,,,,,,,,,,,,,,,,,,,,,,,,49.2872646,31.4373795,
08:17:37.462,-33,,,,,,,,,,,,,,,,,,,,,,,,,,,,,,,,,,,,,,49.2872646,31.4373795,
08:17:37.498,,,-1600,,,,,,,,,,,,,,,,,,,,,,,,,,,,,,,,,,,,49.2872646,31.4373795,
08:17:37.547,,-32,,,,,,,,,,,,,,,,,,,,,,,,,,,,,,,,,,,,,49.2872646,31.4373795,
08:17:37.582,,,,,24,,,,,,,,,,,,,,,,,,,,,,,,,,,,,,,,,,49.2872646,31.4373795,
08:17:37.618,,,,,,24,,,,,,,,,,,,,,,,,,,,,,,,,,,,,,,,,49.2872646,31.4373795,
08:17:37.655,,,,,,,24,,,,,,,,,,,,,,,,,,,,,,,,,,,,,,,,49.2872646,31.4373795,
08:17:37.690,,,,,,,,23,,,,,,,,,,,,,,,,,,,,,,,,,,,,,,,49.2872646,31.4373795,
08:17:37.726,,,,21,,,,,,,,,,,,,,,,,,,,,,,,,,,,,,,,,,,49.2872646,31.4373795,
08:17:37.787,,,,,,,,,,,,,,,,,,32,,,,,,,,,,,,,,,,,,,,,49.2872646,31.4373795,
08:17:37.803,,,,,,,,,,,,,,,,,,,,,,147,,,,,,,,,,,24.6,,,,54.8,,49.2873823,31.4372789,
08:17:37.822,,,,,,,,,,,,,,26,,,,,,,,,,,,,,,,,,,,,,,,,49.2873823,31.4372789,
08:17:37.870,,,,,,,,,,,,,,,,,26,,,,,,,,,,,,,,,,,,,,,,49.2873823,31.4372789,
08:17:37.907,,,,,,,,,,,,,59,,,,,,,,,,,,,,,,,,,,,,,,,,49.2873823,31.4372789,
08:17:37.954,,,,,,,,,,,,,,,1536,0.09,,,,,,,,,,,,,,,,,,,,,,,49.2873823,31.4372789,
08:17:38.038,,,,,,,,,,,,,,,,,,,54,,,,,,,,,,,,,,,,,,,,49.2873823,31.4372789,
08:17:38.109,,,,,,,,,,,,,,,,,,,,,,,,,,,,,,0,,,,,,,,,49.2873823,31.4372789,
08:17:38.158,,,,,,,,,,,,,,,,,,,,,,,0,0,,,,,,,,,,,,,,,49.2873823,31.4372789,
08:17:38.206,,,,,,,,,,,,,,,,,,,,0,,,,,,,,,,,,,,,,,,,49.2873823,31.4372789,
08:17:38.242,,,,,,,,,,,,,,,,,,,,,,,,,,,,,,,,,,45,,,,,49.2873823,31.4372789,
08:17:38.290,,,,,,,,,,,,,,,,,,,,,,,,,0.049966094435918484,1.93,1.93,94.96,5925.44,,,27,,,,,,54,49.2873823,31.4372789,
08:17:38.338,,,,,,,,,,,,,,,,,,,,,,,,,,,,,,,0,,,,,100,,,49.2873823,31.4372789,
08:17:38.411,,,,,,,,,,65.5,,,,,,,,,,,,,,,,,,,,,,,,,,,,,49.2873823,31.4372789,
08:17:38.446,,,,,,,,,361.1,,,,,,,,,,,,,,,,,,,,,,,,,,,,,,49.2873823,31.4372789,
08:17:38.483,,,,,,,,,,,3.767,,,,,,,,,,,,,,,,,,,,,,,,,,,,49.2873823,31.4372789,
08:17:38.517,,,,,,,,,,,,3.751,,,,,,,,,,,,,,,,,,,,,,,,,,,49.2873823,31.4372789,
08:17:38.554,-30,,,,,,,,,,,,,,,,,,,,,,,,,,,,,,,,,,,,,,49.2873823,31.4372789,
08:17:38.589,,,-30,,,,,,,,,,,,,,,,,,,,,,,,,,,,,,,,,,,,49.2873823,31.4372789,
08:17:38.639,,-28,,,,,,,,,,,,,,,,,,,,,,,,,,,,,,,,,,,,,49.2873823,31.4372789,
08:17:38.675,,,,,24,,,,,,,,,,,,,,,,,,,,,,,,,,,,,,,,,,49.2873823,31.4372789,
08:17:38.710,,,,,,24,,,,,,,,,,,,,,,,,,,,,,,,,,,,,,,,,49.2873823,31.4372789,
08:17:38.747,,,,,,,24,,,,,,,,,,,,,,,,,,,,,,,,,,,,,,,,49.2873823,31.4372789,
08:17:38.794,,,,,,,,23,,,,,,,,,,,,,,,,,,,,,,,,,,,,,,,49.2873823,31.4372789,
08:17:38.807,,,,,,,,,,,,,,,,,,,,,,147,,,,,,,,,,,24.7,,,,56.3,,49.2875004,31.437175,
08:17:38.843,,,,21,,,,,,,,,,,,,,,,,,,,,,,,,,,,,,,,,,,49.2875004,31.437175,
08:17:38.903,,,,,,,,,,,,,,,,,,32,,,,,,,,,,,,,,,,,,,,,49.2875004,31.437175,
08:17:38.938,,,,,,,,,,,,,,26,,,,,,,,,,,,,,,,,,,,,,,,,49.2875004,31.437175,
08:17:38.986,,,,,,,,,,,,,,,,,15,,,,,,,,,,,,,,,,,,,,,,49.2875004,31.437175,
08:17:39.023,,,,,,,,,,,,,59,,,,,,,,,,,,,,,,,,,,,,,,,,49.2875004,31.437175,
08:17:39.058,,,,,,,,,,,,,,,960,0.05,,,,,,,,,,,,,,,,,,,,,,,49.2875004,31.437175,
08:17:39.095,,,,,,,,,,,,,,,,,,,56,,,,,,,,,,,,,,,,,,,,49.2875004,31.437175,
08:17:39.166,,,,,,,,,,,,,,,,,,,,,,,,,,,,,,0,,,,,,,,,49.2875004,31.437175,
08:17:39.227,,,,,,,,,,,,,,,,,,,,,,,,,,,,,,,,,,,70,,,,49.2875004,31.437175,
08:17:39.299,,,,,,,,,,,,,,,,,,,,,,,0,0,,,,,,,,,,,,,,,49.2875004,31.437175,
08:17:39.334,,,,,,,,,,,,,,,,,,,,0,,,,,,,,,,,,,,,,,,,49.2875004,31.437175,
08:17:39.382,,,,,,,,,,,,,,,,,,,,,,,,,,,,,,,,,,45,,,,,49.2875004,31.437175,
08:17:39.418,,,,,,,,,,,,,,,,,,,,,,,,,0.05608439171378606,1.95,1.95,94.98,5925.45,,,27.1,,,,,,56,49.2875004,31.437175,
08:17:39.466,,,,,,,,,,,,,,,,,,,,,,,,,,,,,,,0,,,,,100,,,49.2875004,31.437175,
08:17:39.586,,,,,,,,,,65.5,,,,,,,,,,,,,,,,,,,,,,,,,,,,,49.2875004,31.437175,
08:17:39.658,,,,,,,,,362.9,,,,,,,,,,,,,,,,,,,,,,,,,,,,,,49.2875004,31.437175,
08:17:39.718,,,,,,,,,,,3.778,,,,,,,,,,,,,,,,,,,,,,,,,,,,49.2875004,31.437175,
08:17:39.777,,,,,,,,,,,,3.768,,,,,,,,,,,,,,,,,,,,,,,,,,,49.2875004,31.437175,
08:17:39.799,,,,,,,,,,,,,,,,,,,,,,147,,,,,,,,,,,24.8,,,,58,,49.2876222,31.4370604,
08:17:39.826,-15,,,,,,,,,,,,,,,,,,,,,,,,,,,,,,,,,,,,,,49.2876222,31.4370604,
08:17:39.898,,,-14,,,,,,,,,,,,,,,,,,,,,,,,,,,,,,,,,,,,49.2876222,31.4370604,
08:17:39.971,,-14,,,,,,,,,,,,,,,,,,,,,,,,,,,,,,,,,,,,,49.2876222,31.4370604,
08:17:40.007,,,,,24,,,,,,,,,,,,,,,,,,,,,,,,,,,,,,,,,,49.2876222,31.4370604,
08:17:40.041,,,,,,24,,,,,,,,,,,,,,,,,,,,,,,,,,,,,,,,,49.2876222,31.4370604,
08:17:40.200,,,,,,,24,,,,,,,,,,,,,,,,,,,,,,,,,,,,,,,,49.2876222,31.4370604,
08:17:40.366,,,,,,,,23,,,,,,,,,,,,,,,,,,,,,,,,,,,,,,,49.2876222,31.4370604,
08:17:40.402,,,,21,,,,,,,,,,,,,,,,,,,,,,,,,,,,,,,,,,,49.2876222,31.4370604,
08:17:40.463,,,,,,,,,,,,,,,,,,32,,,,,,,,,,,,,,,,,,,,,49.2876222,31.4370604,
08:17:40.511,,,,,,,,,,,,,,26,,,,,,,,,,,,,,,,,,,,,,,,,49.2876222,31.4370604,
08:17:40.546,,,,,,,,,,,,,,,,,3,,,,,,,,,,,,,,,,,,,,,,49.2876222,31.4370604,
08:17:40.583,,,,,,,,,,,,,59,,,,,,,,,,,,,,,,,,,,,,,,,,49.2876222,31.4370604,
08:17:40.630,,,,,,,,,,,,,,,192,0,,,,,,,,,,,,,,,,,,,,,,,49.2876222,31.4370604,
08:17:40.667,,,,,,,,,,,,,,,,,,,57,,,,,,,,,,,,,,,,,,,,49.2876222,31.4370604,
08:17:40.738,,,,,,,,,,,,,,,,,,,,,,,,,,,,,,0,,,,,,,,,49.2876222,31.4370604,
08:17:40.799,,,,,,,,,,,,,,,,,,,,,,,0,0,,,,,,,,,,,,,,,49.2876222,31.4370604,
08:17:40.808,,,,,,,,,,,,,,,,,,,,,,147,,,,,,,,,,,25,,,,57.8,,49.2877441,31.4369459,
08:17:40.846,,,,,,,,,,,,,,,,,,,,0,,,,,,,,,,,,,,,,,,,49.2877441,31.4369459,
08:17:40.906,,,,,,,,,,,,,,,,,,,,,,,,,,,,,,,,,,45,,,,,49.2877441,31.4369459,
08:17:40.943,,,,,,,,,,,,,,,,,,,,,,,,,0.044867513371028844,1.97,1.97,95,5925.48,,,27.3,,,,,,57,49.2877441,31.4369459,
08:17:40.979,,,,,,,,,,,,,,,,,,,,,,,,,,,,,,,-0.01,,,,,99,,,49.2877441,31.4369459,
08:17:41.050,,,,,,,,,,65.5,,,,,,,,,,,,,,,,,,,,,,,,,,,,,49.2877441,31.4369459,
08:17:41.098,,,,,,,,,364.3,,,,,,,,,,,,,,,,,,,,,,,,,,,,,,49.2877441,31.4369459,
08:17:41.135,,,,,,,,,,,3.791,,,,,,,,,,,,,,,,,,,,,,,,,,,,49.2877441,31.4369459,
08:17:41.183,,,,,,,,,,,,3.783,,,,,,,,,,,,,,,,,,,,,,,,,,,49.2877441,31.4369459,
08:17:41.219,-1,,,,,,,,,,,,,,,,,,,,,,,,,,,,,,,,,,,,,,49.2877441,31.4369459,
08:17:41.254,,,-2,,,,,,,,,,,,,,,,,,,,,,,,,,,,,,,,,,,,49.2877441,31.4369459,
08:17:41.291,,-2,,,,,,,,,,,,,,,,,,,,,,,,,,,,,,,,,,,,,49.2877441,31.4369459,
08:17:41.327,,,,,24,,,,,,,,,,,,,,,,,,,,,,,,,,,,,,,,,,49.2877441,31.4369459,
08:17:41.361,,,,,,25,,,,,,,,,,,,,,,,,,,,,,,,,,,,,,,,,49.2877441,31.4369459,
08:17:41.397,,,,,,,24,,,,,,,,,,,,,,,,,,,,,,,,,,,,,,,,49.2877441,31.4369459,
08:17:41.435,,,,,,,,23,,,,,,,,,,,,,,,,,,,,,,,,,,,,,,,49.2877441,31.4369459,
08:17:41.482,,,,21,,,,,,,,,,,,,,,,,,,,,,,,,,,,,,,,,,,49.2877441,31.4369459,
08:17:41.553,,,,,,,,,,,,,,,,,,32,,,,,,,,,,,,,,,,,,,,,49.2877441,31.4369459,
08:17:41.604,,,,,,,,,,,,,,26,,,,,,,,,,,,,,,,,,,,,,,,,49.2877441,31.4369459,
08:17:41.638,,,,,,,,,,,,,,,,,-2,,,,,,,,,,,,,,,,,,,,,,49.2877441,31.4369459,
08:17:41.686,,,,,,,,,,,,,59,,,,,,,,,,,,,,,,,,,,,,,,,,49.2877441,31.4369459,
08:17:41.722,,,,,,,,,,,,,,,-32,-0.02,,,,,,,,,,,,,,,,,,,,,,,49.2877441,31.4369459,
08:17:41.770,,,,,,,,,,,,,,,,,,,57,,,,,,,,,,,,,,,,,,,,49.2877441,31.4369459,
08:17:41.799,,,,,,,,,,,,,,,,,,,,,,145,,,,,,,,,,,25.1,,,,57.9,,49.2878688,31.4368321,
08:17:41.869,,,,,,,,,,,,,,,,,,,,,,,,,,,,,,0,,,,,,,,,49.2878688,31.4368321,
08:17:41.907,,,,,,,,,,,,,,,,,,,,,,,,,,,,,,,,,,,70,,,,49.2878688,31.4368321,
08:17:41.955,,,,,,,,,,,,,,,,,,,,,,,0,0,,,,,,,,,,,,,,,49.2878688,31.4368321,
08:17:41.990,,,,,,,,,,,,,,,,,,,,0,,,,,,,,,,,,,,,,,,,49.2878688,31.4368321,
08:17:42.039,,,,,,,,,,,,,,,,,,,,,,,,,,,,,,,,,,45,,,,,49.2878688,31.4368321,
08:17:42.074,,,,,,,,,,,,,,,,,,,,,,,,,0.028552053963381997,1.99,1.99,95.02,5925.5,,,27.4,,,,,,57,49.2878688,31.4368321,
08:17:42.121,,,,,,,,,,,,,,,,,,,,,,,,,,,,,,,0,,,,,100,,,49.2878688,31.4368321,
08:17:42.182,,,,,,,,,,66,,,,,,,,,,,,,,,,,,,,,,,,,,,,,49.2878688,31.4368321,
08:17:42.217,,,,,,,,,364.3,,,,,,,,,,,,,,,,,,,,,,,,,,,,,,49.2878688,31.4368321,
08:17:42.255,,,,,,,,,,,3.795,,,,,,,,,,,,,,,,,,,,,,,,,,,,49.2878688,31.4368321,
08:17:42.290,,,,,,,,,,,,3.783,,,,,,,,,,,,,,,,,,,,,,,,,,,49.2878688,31.4368321,
08:17:42.327,-4,,,,,,,,,,,,,,,,,,,,,,,,,,,,,,,,,,,,,,49.2878688,31.4368321,
08:17:42.362,,,-4,,,,,,,,,,,,,,,,,,,,,,,,,,,,,,,,,,,,49.2878688,31.4368321,
08:17:42.422,,-4,,,,,,,,,,,,,,,,,,,,,,,,,,,,,,,,,,,,,49.2878688,31.4368321,
08:17:42.457,,,,,24,,,,,,,,,,,,,,,,,,,,,,,,,,,,,,,,,,49.2878688,31.4368321,
08:17:42.494,,,,,,25,,,,,,,,,,,,,,,,,,,,,,,,,,,,,,,,,49.2878688,31.4368321,
08:17:42.544,,,,,,,24,,,,,,,,,,,,,,,,,,,,,,,,,,,,,,,,49.2878688,31.4368321,
08:17:42.590,,,,,,,,23,,,,,,,,,,,,,,,,,,,,,,,,,,,,,,,49.2878688,31.4368321,
08:17:42.627,,,,21,,,,,,,,,,,,,,,,,,,,,,,,,,,,,,,,,,,49.2878688,31.4368321,
08:17:42.699,,,,,,,,,,,,,,,,,,32,,,,,,,,,,,,,,,,,,,,,49.2878688,31.4368321,
08:17:42.733,,,,,,,,,,,,,,26,,,,,,,,,,,,,,,,,,,,,,,,,49.2878688,31.4368321,
08:17:42.783,,,,,,,,,,,,,,,,,1,,,,,,,,,,,,,,,,,,,,,,49.2878688,31.4368321,
08:17:42.802,,,,,,,,,,,,,,,,,,,,,,145,,,,,,,,,,,25.2,,,,56.9,,49.2879888,31.4367202,
08:17:42.854,,,,,,,,,,,,,61,,,,,,,,,,,,,,,,,,,,,,,,,,49.2879888,31.4367202,
08:17:42.939,,,,,,,,,,,,,,,64,0,,,,,,,,,,,,,,,,,,,,,,,49.2879888,31.4367202,
08:17:43.010,,,,,,,,,,,,,,,,,,,56,,,,,,,,,,,,,,,,,,,,49.2879888,31.4367202,
08:17:43.106,,,,,,,,,,,,,,,,,,,,,,,,,,,,,,0,,,,,,,,,49.2879888,31.4367202,
08:17:43.143,,,,,,,,,,,,,,,,,,,,,,,0,0,,,,,,,,,,,,,,,49.2879888,31.4367202,
08:17:43.179,,,,,,,,,,,,,,,,,,,,0,,,,,,,,,,,,,,,,,,,49.2879888,31.4367202,
08:17:43.215,,,,,,,,,,,,,,,,,,,,,,,,,,,,,,,,,,45,,,,,49.2879888,31.4367202,
08:17:43.262,,,,,,,,,,,,,,,,,,,,,,,,,,2.01,2.01,95.04,5925.51,,,27.5,,,,,,56,49.2879888,31.4367202,
08:17:43.299,,,,,,,,,,,,,,,,,,,,,,,,,,,,,,,0,,,,,100,,,49.2879888,31.4367202,
08:17:43.359,,,,,,,,,,66,,,,,,,,,,,,,,,,,,,,,,,,,,,,,49.2879888,31.4367202,
08:17:43.407,,,,,,,,,362.4,,,,,,,,,,,,,,,,,,,,,,,,,,,,,,49.2879888,31.4367202,
08:17:43.443,,,,,,,,,,,3.785,,,,,,,,,,,,,,,,,,,,,,,,,,,,49.2879888,31.4367202,
08:17:43.503,,,,,,,,,,,,3.773,,,,,,,,,,,,,,,,,,,,,,,,,,,49.2879888,31.4367202,
08:17:43.551,-12,,,,,,,,,,,,,,,,,,,,,,,,,,,,,,,,,,,,,,49.2879888,31.4367202,
08:17:43.586,,,-12,,,,,,,,,,,,,,,,,,,,,,,,,,,,,,,,,,,,49.2879888,31.4367202,
08:17:43.635,,-11,,,,,,,,,,,,,,,,,,,,,,,,,,,,,,,,,,,,,49.2879888,31.4367202,
08:17:43.682,,,,,24,,,,,,,,,,,,,,,,,,,,,,,,,,,,,,,,,,49.2879888,31.4367202,
08:17:43.731,,,,,,25,,,,,,,,,,,,,,,,,,,,,,,,,,,,,,,,,49.2879888,31.4367202,
08:17:43.767,,,,,,,24,,,,,,,,,,,,,,,,,,,,,,,,,,,,,,,,49.2879888,31.4367202,
08:17:43.802,,,,,,,,23,,,,,,,,,,,,,,,,,,,,,,,,,,,,,,,49.2879888,31.4367202,
08:17:43.803,,,,,,,,,,,,,,,,,,,,,,145,,,,,,,,,,,25.3,,,,56.2,,49.2881115,31.4366171,
08:17:43.839,,,,21,,,,,,,,,,,,,,,,,,,,,,,,,,,,,,,,,,,49.2881115,31.4366171,
08:17:43.887,,,,,,,,,,,,,,,,,,32,,,,,,,,,,,,,,,,,,,,,49.2881115,31.4366171,
08:17:43.922,,,,,,,,,,,,,,26,,,,,,,,,,,,,,,,,,,,,,,,,49.2881115,31.4366171,
08:17:43.958,,,,,,,,,,,,,,,,,14,,,,,,,,,,,,,,,,,,,,,,49.2881115,31.4366171,
08:17:43.994,,,,,,,,,,,,,61,,,,,,,,,,,,,,,,,,,,,,,,,,49.2881115,31.4366171,
08:17:44.030,,,,,,,,,,,,,,,1152,0.06,,,,,,,,,,,,,,,,,,,,,,,49.2881115,31.4366171,
08:17:44.078,,,,,,,,,,,,,,,,,,,55,,,,,,,,,,,,,,,,,,,,49.2881115,31.4366171,
08:17:44.151,,,,,,,,,,,,,,,,,,,,,,,,,,,,,,0,,,,,,,,,49.2881115,31.4366171,
08:17:44.186,,,,,,,,,,,,,,,,,,,,,,,,,,,,,,,,,,,71,,,,49.2881115,31.4366171,
08:17:44.234,,,,,,,,,,,,,,,,,,,,,,,0,0,,,,,,,,,,,,,,,49.2881115,31.4366171,
08:17:44.283,,,,,,,,,,,,,,,,,,,,0,,,,,,,,,,,,,,,,,,,49.2881115,31.4366171,
08:17:44.317,,,,,,,,,,,,,,,,,,,,,,,,,,,,,,,,,,45,,,,,49.2881115,31.4366171,
08:17:44.355,,,,,,,,,,,,,,,,,,,,,,,,,-0.006118297277867569,2.02,2.02,95.05,5925.53,,,27.6,,,,,,55,49.2881115,31.4366171,
08:17:44.414,,,,,,,,,,,,,,,,,,,,,,,,,,,,,,,-0.01,,,,,99,,,49.2881115,31.4366171,
08:17:44.486,,,,,,,,,,66,,,,,,,,,,,,,,,,,,,,,,,,,,,,,49.2881115,31.4366171,
08:17:44.521,,,,,,,,,360.6,,,,,,,,,,,,,,,,,,,,,,,,,,,,,,49.2881115,31.4366171,
08:17:44.559,,,,,,,,,,,3.77,,,,,,,,,,,,,,,,,,,,,,,,,,,,49.2881115,31.4366171,
08:17:44.606,,,,,,,,,,,,3.758,,,,,,,,,,,,,,,,,,,,,,,,,,,49.2881115,31.4366171,
08:17:44.642,-21,,,,,,,,,,,,,,,,,,,,,,,,,,,,,,,,,,,,,,49.2881115,31.4366171,
08:17:44.679,,,-20,,,,,,,,,,,,,,,,,,,,,,,,,,,,,,,,,,,,49.2881115,31.4366171,
08:17:44.714,,-20,,,,,,,,,,,,,,,,,,,,,,,,,,,,,,,,,,,,,49.2881115,31.4366171,
08:17:44.750,,,,,24,,,,,,,,,,,,,,,,,,,,,,,,,,,,,,,,,,49.2881115,31.4366171,
08:17:44.799,,,,,,25,,,,,,,,,,,,,,,,,,,,,,,,,,,,,,,,,49.2881115,31.4366171,
08:17:44.808,,,,,,,,,,,,,,,,,,,,,,145,,,,,,,,,,,25.4,,,,55.3,,49.2882342,31.4365239,
08:17:44.833,,,,,,,24,,,,,,,,,,,,,,,,,,,,,,,,,,,,,,,,49.2882342,31.4365239,
08:17:44.869,,,,,,,,23,,,,,,,,,,,,,,,,,,,,,,,,,,,,,,,49.2882342,31.4365239,
08:17:44.906,,,,21,,,,,,,,,,,,,,,,,,,,,,,,,,,,,,,,,,,49.2882342,31.4365239,
08:17:44.979,,,,,,,,,,,,,,,,,,32,,,,,,,,,,,,,,,,,,,,,49.2882342,31.4365239,
08:17:45.027,,,,,,,,,,,,,,26,,,,,,,,,,,,,,,,,,,,,,,,,49.2882342,31.4365239,
08:17:45.063,,,,,,,,,,,,,,,,,15,,,,,,,,,,,,,,,,,,,,,,49.2882342,31.4365239,
08:17:45.098,,,,,,,,,,,,,61,,,,,,,,,,,,,,,,,,,,,,,,,,49.2882342,31.4365239,
08:17:45.134,,,,,,,,,,,,,,,896,0.05,,,,,,,,,,,,,,,,,,,,,,,49.2882342,31.4365239,
08:17:45.183,,,,,,,,,,,,,,,,,,,55,,,,,,,,,,,,,,,,,,,,49.2882342,31.4365239,
08:17:45.254,,,,,,,,,,,,,,,,,,,,,,,,,,,,,,0,,,,,,,,,49.2882342,31.4365239,
08:17:45.289,,,,,,,,,,,,,,,,,,,,,,,0,0,,,,,,,,,,,,,,,49.2882342,31.4365239,
08:17:45.327,,,,,,,,,,,,,,,,,,,,0,,,,,,,,,,,,,,,,,,,49.2882342,31.4365239,
08:17:45.363,,,,,,,,,,,,,,,,,,,,,,,,,,,,,,,,,,45,,,,,49.2882342,31.4365239,
08:17:45.399,,,,,,,,,,,,,,,,,,,,,,,,,-0.019374608046580637,2.04,2.04,95.07,5925.55,,,27.7,,,,,,54,49.2882342,31.4365239,
08:17:45.434,,,,,,,,,,,,,,,,,,,,,,,,,,,,,,,0,,,,,100,,,49.2882342,31.4365239,
08:17:45.506,,,,,,,,,,66,,,,,,,,,,,,,,,,,,,,,,,,,,,,,49.2882342,31.4365239,
08:17:45.554,,,,,,,,,361.9,,,,,,,,,,,,,,,,,,,,,,,,,,,,,,49.2882342,31.4365239,
08:17:45.590,,,,,,,,,,,3.767,,,,,,,,,,,,,,,,,,,,,,,,,,,,49.2882342,31.4365239,
08:17:45.637,,,,,,,,,,,,3.756,,,,,,,,,,,,,,,,,,,,,,,,,,,49.2882342,31.4365239,
08:17:45.698,-18,,,,,,,,,,,,,,,,,,,,,,,,,,,,,,,,,,,,,,49.2882342,31.4365239,
08:17:45.734,,,-20,,,,,,,,,,,,,,,,,,,,,,,,,,,,,,,,,,,,49.2882342,31.4365239,
08:17:45.774,,-19,,,,,,,,,,,,,,,,,,,,,,,,,,,,,,,,,,,,,49.2882342,31.4365239,
08:17:45.799,,,,,,,,,,,,,,,,,,,,,,143,,,,,,,,,,,25.5,,,,54.8,,49.2883606,31.4364392,
08:17:45.811,,,,,25,,,,,,,,,,,,,,,,,,,,,,,,,,,,,,,,,,49.2883606,31.4364392,
08:17:45.846,,,,,,25,,,,,,,,,,,,,,,,,,,,,,,,,,,,,,,,,49.2883606,31.4364392,
08:17:45.883,,,,,,,24,,,,,,,,,,,,,,,,,,,,,,,,,,,,,,,,49.2883606,31.4364392,
08:17:45.918,,,,,,,,23,,,,,,,,,,,,,,,,,,,,,,,,,,,,,,,49.2883606,31.4364392,
08:17:45.966,,,,21,,,,,,,,,,,,,,,,,,,,,,,,,,,,,,,,,,,49.2883606,31.4364392,
08:17:46.017,,,,,,,,,,,,,,,,,,32,,,,,,,,,,,,,,,,,,,,,49.2883606,31.4364392,
08:17:46.054,,,,,,,,,,,,,,26,,,,,,,,,,,,,,,,,,,,,,,,,49.2883606,31.4364392,
08:17:46.091,,,,,,,,,,,,,,,,,14,,,,,,,,,,,,,,,,,,,,,,49.2883606,31.4364392,
08:17:46.126,,,,,,,,,,,,,59,,,,,,,,,,,,,,,,,,,,,,,,,,49.2883606,31.4364392,
08:17:46.186,,,,,,,,,,,,,,,832,0.05,,,,,,,,,,,,,,,,,,,,,,,49.2883606,31.4364392,
08:17:46.245,,,,,,,,,,,,,,,,,,,54,,,,,,,,,,,,,,,,,,,,49.2883606,31.4364392,
08:17:46.391,,,,,,,,,,,,,,,,,,,,,,,,,,,,,,0,,,,,,,,,49.2883606,31.4364392,
08:17:46.427,,,,,,,,,,,,,,,,,,,,,,,,,,,,,,,,,,,71,,,,49.2883606,31.4364392,
08:17:46.473,,,,,,,,,,,,,,,,,,,,,,,0,0,,,,,,,,,,,,,,,49.2883606,31.4364392,
08:17:46.510,,,,,,,,,,,,,,,,,,,,0,,,,,,,,,,,,,,,,,,,49.2883606,31.4364392,
08:17:46.558,,,,,,,,,,,,,,,,,,,,,,,,,,,,,,,,,,45,,,,,49.2883606,31.4364392,
08:17:46.595,,,,,,,,,,,,,,,,,,,,,,,,,-0.025492905324448208,2.06,2.06,95.09,5925.56,,,27.9,,,,,,53,49.2883606,31.4364392,
08:17:46.630,,,,,,,,,,,,,,,,,,,,,,,,,,,,,,,-0.01,,,,,99,,,49.2883606,31.4364392,
08:17:46.691,,,,,,,,,,65.5,,,,,,,,,,,,,,,,,,,,,,,,,,,,,49.2883606,31.4364392,
08:17:46.726,,,,,,,,,360.3,,,,,,,,,,,,,,,,,,,,,,,,,,,,,,49.2883606,31.4364392,
08:17:46.774,,,,,,,,,,,3.766,,,,,,,,,,,,,,,,,,,,,,,,,,,,49.2883606,31.4364392,
08:17:46.806,,,,,,,,,,,,,,,,,,,,,,143,,,,,,,,,,,25.6,,,,53,,49.2884837,31.4363676,
08:17:46.809,,,,,,,,,,,,3.754,,,,,,,,,,,,,,,,,,,,,,,,,,,49.2884837,31.4363676,
08:17:46.846,-20,,,,,,,,,,,,,,,,,,,,,,,,,,,,,,,,,,,,,,49.2884837,31.4363676,
08:17:46.883,,,-20,,,,,,,,,,,,,,,,,,,,,,,,,,,,,,,,,,,,49.2884837,31.4363676,
08:17:46.942,,-19,,,,,,,,,,,,,,,,,,,,,,,,,,,,,,,,,,,,,49.2884837,31.4363676,
08:17:46.978,,,,,25,,,,,,,,,,,,,,,,,,,,,,,,,,,,,,,,,,49.2884837,31.4363676,
08:17:47.015,,,,,,25,,,,,,,,,,,,,,,,,,,,,,,,,,,,,,,,,49.2884837,31.4363676,
08:17:47.063,,,,,,,24,,,,,,,,,,,,,,,,,,,,,,,,,,,,,,,,49.2884837,31.4363676,
08:17:47.098,,,,,,,,23,,,,,,,,,,,,,,,,,,,,,,,,,,,,,,,49.2884837,31.4363676,
08:17:47.133,,,,21,,,,,,,,,,,,,,,,,,,,,,,,,,,,,,,,,,,49.2884837,31.4363676,
08:17:47.195,,,,,,,,,,,,,,,,,,32,,,,,,,,,,,,,,,,,,,,,49.2884837,31.4363676,
08:17:47.230,,,,,,,,,,,,,,26,,,,,,,,,,,,,,,,,,,,,,,,,49.2884837,31.4363676,
08:17:47.267,,,,,,,,,,,,,,,,,16,,,,,,,,,,,,,,,,,,,,,,49.2884837,31.4363676,
08:17:47.338,,,,,,,,,,,,,59,,,,,,,,,,,,,,,,,,,,,,,,,,49.2884837,31.4363676,
08:17:47.374,,,,,,,,,,,,,,,1088,0.06,,,,,,,,,,,,,,,,,,,,,,,49.2884837,31.4363676,
08:17:47.410,,,,,,,,,,,,,,,,,,,53,,,,,,,,,,,,,,,,,,,,49.2884837,31.4363676,
08:17:47.495,,,,,,,,,,,,,,,,,,,,,,,,,,,,,,0,,,,,,,,,49.2884837,31.4363676,
08:17:47.530,,,,,,,,,,,,,,,,,,,,,,,0,0,,,,,,,,,,,,,,,49.2884837,31.4363676,
08:17:47.566,,,,,,,,,,,,,,,,,,,,0,,,,,,,,,,,,,,,,,,,49.2884837,31.4363676,
08:17:47.614,,,,,,,,,,,,,,,,,,,,,,,,,,,,,,,,,,45,,,,,49.2884837,31.4363676,
08:17:47.650,,,,,,,,,,,,,,,,,,,,,,,,,-0.025492905324448208,2.07,2.07,95.1,5925.58,,,28,,,,,,52,49.2884837,31.4363676,
08:17:47.698,,,,,,,,,,,,,,,,,,,,,,,,,,,,,,,-0.01,,,,,99,,,49.2884837,31.4363676,
08:17:47.775,,,,,,,,,,65.5,,,,,,,,,,,,,,,,,,,,,,,,,,,,,49.2884837,31.4363676,
08:17:47.805,,,,,,,,,,,,,,,,,,,,,,143,,,,,,,,,,,25.7,,,,53.1,,49.2886111,31.4363206,
08:17:47.822,,,,,,,,,360.2,,,,,,,,,,,,,,,,,,,,,,,,,,,,,,49.2886111,31.4363206,
08:17:47.871,,,,,,,,,,,3.765,,,,,,,,,,,,,,,,,,,,,,,,,,,,49.2886111,31.4363206,
08:17:47.907,,,,,,,,,,,,3.75,,,,,,,,,,,,,,,,,,,,,,,,,,,49.2886111,31.4363206,
08:17:47.954,-20,,,,,,,,,,,,,,,,,,,,,,,,,,,,,,,,,,,,,,49.2886111,31.4363206,
08:17:47.991,,,-21,,,,,,,,,,,,,,,,,,,,,,,,,,,,,,,,,,,,49.2886111,31.4363206,
08:17:48.027,,-21,,,,,,,,,,,,,,,,,,,,,,,,,,,,,,,,,,,,,49.2886111,31.4363206,
08:17:48.062,,,,,25,,,,,,,,,,,,,,,,,,,,,,,,,,,,,,,,,,49.2886111,31.4363206,
08:17:48.098,,,,,,25,,,,,,,,,,,,,,,,,,,,,,,,,,,,,,,,,49.2886111,31.4363206,
08:17:48.134,,,,,,,24,,,,,,,,,,,,,,,,,,,,,,,,,,,,,,,,49.2886111,31.4363206,
08:17:48.182,,,,,,,,23,,,,,,,,,,,,,,,,,,,,,,,,,,,,,,,49.2886111,31.4363206,
08:17:48.231,,,,21,,,,,,,,,,,,,,,,,,,,,,,,,,,,,,,,,,,49.2886111,31.4363206,
08:17:48.303,,,,,,,,,,,,,,,,,,32,,,,,,,,,,,,,,,,,,,,,49.2886111,31.4363206,
08:17:48.339,,,,,,,,,,,,,,26,,,,,,,,,,,,,,,,,,,,,,,,,49.2886111,31.4363206,
08:17:48.374,,,,,,,,,,,,,,,,,17,,,,,,,,,,,,,,,,,,,,,,49.2886111,31.4363206,
08:17:48.409,,,,,,,,,,,,,59,,,,,,,,,,,,,,,,,,,,,,,,,,49.2886111,31.4363206,
08:17:48.446,,,,,,,,,,,,,,,1248,0.06,,,,,,,,,,,,,,,,,,,,,,,49.2886111,31.4363206,
08:17:48.482,,,,,,,,,,,,,,,,,,,51,,,,,,,,,,,,,,,,,,,,49.2886111,31.4363206,
08:17:48.566,,,,,,,,,,,,,,,,,,,,,,,,,,,,,,0,,,,,,,,,49.2886111,31.4363206,
08:17:48.615,,,,,,,,,,,,,,,,,,,,,,,,,,,,,,,,,,,71,,,,49.2886111,31.4363206,
08:17:48.663,,,,,,,,,,,,,,,,,,,,,,,0,0,,,,,,,,,,,,,,,49.2886111,31.4363206,
08:17:48.710,,,,,,,,,,,,,,,,,,,,0,,,,,,,,,,,,,,,,,,,49.2886111,31.4363206,
08:17:48.758,,,,,,,,,,,,,,,,,,,,,,,,,,,,,,,,,,45,,,,,49.2886111,31.4363206,
08:17:48.804,,,,,,,,,,,,,,,,,,,,,,143,,,,,,,,,,,25.8,,,,51.8,,49.2887355,31.4362779,
08:17:48.807,,,,,,,,,,,,,,,,,,,,,,,,,-0.025492905324448208,2.09,2.09,95.12,5925.6,,,28.1,,,,,,51,49.2887355,31.4362779,
08:17:48.855,,,,,,,,,,,,,,,,,,,,,,,,,,,,,,,-0.01,,,,,99,,,49.2887355,31.4362779,
08:17:48.913,,,,,,,,,,65.5,,,,,,,,,,,,,,,,,,,,,,,,,,,,,49.2887355,31.4362779,
08:17:48.961,,,,,,,,,360.8,,,,,,,,,,,,,,,,,,,,,,,,,,,,,,49.2887355,31.4362779,
08:17:48.998,,,,,,,,,,,3.762,,,,,,,,,,,,,,,,,,,,,,,,,,,,49.2887355,31.4362779,
08:17:49.035,,,,,,,,,,,,3.748,,,,,,,,,,,,,,,,,,,,,,,,,,,49.2887355,31.4362779,
08:17:49.082,-21,,,,,,,,,,,,,,,,,,,,,,,,,,,,,,,,,,,,,,49.2887355,31.4362779,
08:17:49.118,,,-20,,,,,,,,,,,,,,,,,,,,,,,,,,,,,,,,,,,,49.2887355,31.4362779,
08:17:49.167,,-21,,,,,,,,,,,,,,,,,,,,,,,,,,,,,,,,,,,,,49.2887355,31.4362779,
08:17:49.250,,,,,25,,,,,,,,,,,,,,,,,,,,,,,,,,,,,,,,,,49.2887355,31.4362779,
08:17:49.286,,,,,,25,,,,,,,,,,,,,,,,,,,,,,,,,,,,,,,,,49.2887355,31.4362779,
08:17:49.359,,,,,,,24,,,,,,,,,,,,,,,,,,,,,,,,,,,,,,,,49.2887355,31.4362779,
08:17:49.417,,,,,,,,23,,,,,,,,,,,,,,,,,,,,,,,,,,,,,,,49.2887355,31.4362779,
08:17:49.501,,,,21,,,,,,,,,,,,,,,,,,,,,,,,,,,,,,,,,,,49.2887355,31.4362779,
08:17:49.599,,,,,,,,,,,,,,,,,,32,,,,,,,,,,,,,,,,,,,,,49.2887355,31.4362779,
08:17:49.645,,,,,,,,,,,,,,26,,,,,,,,,,,,,,,,,,,,,,,,,49.2887355,31.4362779,
08:17:49.695,,,,,,,,,,,,,,,,,-12,,,,,,,,,,,,,,,,,,,,,,49.2887355,31.4362779,
08:17:49.729,,,,,,,,,,,,,59,,,,,,,,,,,,,,,,,,,,,,,,,,49.2887355,31.4362779,
08:17:49.779,,,,,,,,,,,,,,,-1056,-0.08,,,,,,,,,,,,,,,,,,,,,,,49.2887355,31.4362779,
08:17:49.803,,,,,,,,,,,,,,,,,,,,,,143,,,,,,,,,,,25.8,,,,50.2,,49.2888648,31.4362694,
08:17:49.814,,,,,,,,,,,,,,,,,,,49,,,,,,,,,,,,,,,,,,,,49.2888648,31.4362694,
08:17:49.875,,,,,,,,,,,,,,,,,,,,,,,,,,,,,,0,,,,,,,,,49.2888648,31.4362694,
08:17:49.922,,,,,,,,,,,,,,,,,,,,,,,0,0,,,,,,,,,,,,,,,49.2888648,31.4362694,
08:17:49.971,,,,,,,,,,,,,,,,,,,,0,,,,,,,,,,,,,,,,,,,49.2888648,31.4362694,
08:17:50.007,,,,,,,,,,,,,,,,,,,,,,,,,,,,,,,,,,46,,,,,49.2888648,31.4362694,
08:17:50.055,,,,,,,,,,,,,,,,,,,,,,,,,-0.030591486389337848,2.11,2.11,95.14,5925.61,,,28.2,,,,,,49,49.2888648,31.4362694,
08:17:50.090,,,,,,,,,,,,,,,,,,,,,,,,,,,,,,,-0.01,,,,,99,,,49.2888648,31.4362694,
08:17:50.149,,,,,,,,,,65.5,,,,,,,,,,,,,,,,,,,,,,,,,,,,,49.2888648,31.4362694,
08:17:50.198,,,,,,,,,364.5,,,,,,,,,,,,,,,,,,,,,,,,,,,,,,49.2888648,31.4362694,
08:17:50.234,,,,,,,,,,,3.807,,,,,,,,,,,,,,,,,,,,,,,,,,,,49.2888648,31.4362694,
08:17:50.270,,,,,,,,,,,,3.793,,,,,,,,,,,,,,,,,,,,,,,,,,,49.2888648,31.4362694,
08:17:50.318,22,,,,,,,,,,,,,,,,,,,,,,,,,,,,,,,,,,,,,,49.2888648,31.4362694,
08:17:50.355,,,25,,,,,,,,,,,,,,,,,,,,,,,,,,,,,,,,,,,,49.2888648,31.4362694,
08:17:50.390,,27,,,,,,,,,,,,,,,,,,,,,,,,,,,,,,,,,,,,,49.2888648,31.4362694,
08:17:50.438,,,,,25,,,,,,,,,,,,,,,,,,,,,,,,,,,,,,,,,,49.2888648,31.4362694,
08:17:50.475,,,,,,25,,,,,,,,,,,,,,,,,,,,,,,,,,,,,,,,,49.2888648,31.4362694,
08:17:50.523,,,,,,,24,,,,,,,,,,,,,,,,,,,,,,,,,,,,,,,,49.2888648,31.4362694,
08:17:50.558,,,,,,,,23,,,,,,,,,,,,,,,,,,,,,,,,,,,,,,,49.2888648,31.4362694,
08:17:50.595,,,,21,,,,,,,,,,,,,,,,,,,,,,,,,,,,,,,,,,,49.2888648,31.4362694,
08:17:50.654,,,,,,,,,,,,,,,,,,32,,,,,,,,,,,,,,,,,,,,,49.2888648,31.4362694,
08:17:50.691,,,,,,,,,,,,,,26,,,,,,,,,,,,,,,,,,,,,,,,,49.2888648,31.4362694,
08:17:50.738,,,,,,,,,,,,,,,,,-65,,,,,,,,,,,,,,,,,,,,,,49.2888648,31.4362694,
08:17:50.786,,,,,,,,,,,,,59,,,,,,,,,,,,,,,,,,,,,,,,,,49.2888648,31.4362694,
08:17:50.804,,,,,,,,,,,,,,,,,,,,,,143,,,,,,,,,,,25.9,,,,47.4,,49.2889829,31.4362739,
08:17:50.822,,,,,,,,,,,,,,,-4192,-0.27,,,,,,,,,,,,,,,,,,,,,,,49.2889829,31.4362739,
08:17:50.883,,,,,,,,,,,,,,,,,,,46,,,,,,,,,,,,,,,,,,,,49.2889829,31.4362739,
08:17:50.953,,,,,,,,,,,,,,,,,,,,,,,,,,,,,,0,,,,,,,,,49.2889829,31.4362739,
08:17:51.002,,,,,,,,,,,,,,,,,,,,,,,,,,,,,,,,,,,71,,,,49.2889829,31.4362739,
08:17:51.037,,,,,,,,,,,,,,,,,,,,,,,0,0,,,,,,,,,,,,,,,49.2889829,31.4362739,
08:17:51.073,,,,,,,,,,,,,,,,,,,,0,,,,,,,,,,,,,,,,,,,49.2889829,31.4362739,
08:17:51.110,,,,,,,,,,,,,,,,,,,,,,,,,,,,,,,,,,46,,,,,49.2889829,31.4362739,
08:17:51.159,,,,,,,,,,,,,,,,,,,,,,,,,-0.049966094435918484,2.12,2.12,95.15,5925.63,,,28.2,,,,,,45,49.2889829,31.4362739,
08:17:51.194,,,,,,,,,,,,,,,,,,,,,,,,,,,,,,,-0.01,,,,,99,,,49.2889829,31.4362739,
08:17:51.266,,,,,,,,,,65.5,,,,,,,,,,,,,,,,,,,,,,,,,,,,,49.2889829,31.4362739,
08:17:51.314,,,,,,,,,369,,,,,,,,,,,,,,,,,,,,,,,,,,,,,,49.2889829,31.4362739,
08:17:51.351,,,,,,,,,,,3.86,,,,,,,,,,,,,,,,,,,,,,,,,,,,49.2889829,31.4362739,
08:17:51.385,,,,,,,,,,,,3.847,,,,,,,,,,,,,,,,,,,,,,,,,,,49.2889829,31.4362739,
08:17:51.423,51,,,,,,,,,,,,,,,,,,,,,,,,,,,,,,,,,,,,,,49.2889829,31.4362739,
08:17:51.471,,,-1600,,,,,,,,,,,,,,,,,,,,,,,,,,,,,,,,,,,,49.2889829,31.4362739,
08:17:51.519,,51,,,,,,,,,,,,,,,,,,,,,,,,,,,,,,,,,,,,,49.2889829,31.4362739,
08:17:51.555,,,,,25,,,,,,,,,,,,,,,,,,,,,,,,,,,,,,,,,,49.2889829,31.4362739,
08:17:51.590,,,,,,25,,,,,,,,,,,,,,,,,,,,,,,,,,,,,,,,,49.2889829,31.4362739,
08:17:51.638,,,,,,,24,,,,,,,,,,,,,,,,,,,,,,,,,,,,,,,,49.2889829,31.4362739,
08:17:51.663,,,,,,,,23,,,,,,,,,,,,,,,,,,,,,,,,,,,,,,,49.2889829,31.4362739,
08:17:51.722,,,,21,,,,,,,,,,,,,,,,,,,,,,,,,,,,,,,,,,,49.2889829,31.4362739,
08:17:51.782,,,,,,,,,,,,,,,,,,32,,,,,,,,,,,,,,,,,,,,,49.2889829,31.4362739,
08:17:51.806,,,,,,,,,,,,,,,,,,,,,,143,,,,,,,,,,,26,,,,42.3,,49.2890924,31.4362957,
08:17:51.819,,,,,,,,,,,,,,26,,,,,,,,,,,,,,,,,,,,,,,,,49.2890924,31.4362957,
08:17:51.865,,,,,,,,,,,,,,,,,-74,,,,,,,,,,,,,,,,,,,,,,49.2890924,31.4362957,
08:17:51.902,,,,,,,,,,,,,61,,,,,,,,,,,,,,,,,,,,,,,,,,49.2890924,31.4362957,
08:17:51.951,,,,,,,,,,,,,,,-4768,-0.3,,,,,,,,,,,,,,,,,,,,,,,49.2890924,31.4362957,
08:17:51.998,,,,,,,,,,,,,,,,,,,41,,,,,,,,,,,,,,,,,,,,49.2890924,31.4362957,
08:17:52.070,,,,,,,,,,,,,,,,,,,,,,,,,,,,,,0,,,,,,,,,49.2890924,31.4362957,
08:17:52.118,,,,,,,,,,,,,,,,,,,,,,,0,0,,,,,,,,,,,,,,,49.2890924,31.4362957,
08:17:52.167,,,,,,,,,,,,,,,,,,,,0,,,,,,,,,,,,,,,,,,,49.2890924,31.4362957,
08:17:52.226,,,,,,,,,,,,,,,,,,,,,,,,,,,,,,,,,,46,,,,,49.2890924,31.4362957,
08:17:52.299,,,,,,,,,,,,,,,,,,,,,,,,,-0.07341956733441084,2.13,2.13,95.16,5925.64,,,28.3,,,,,,40,49.2890924,31.4362957,
08:17:52.347,,,,,,,,,,,,,,,,,,,,,,,,,,,,,,,0,,,,,100,,,49.2890924,31.4362957,
08:17:52.418,,,,,,,,,,66,,,,,,,,,,,,,,,,,,,,,,,,,,,,,49.2890924,31.4362957,
08:17:52.467,,,,,,,,,369.7,,,,,,,,,,,,,,,,,,,,,,,,,,,,,,49.2890924,31.4362957,
08:17:52.514,,,,,,,,,,,3.849,,,,,,,,,,,,,,,,,,,,,,,,,,,,49.2890924,31.4362957,
08:17:52.563,,,,,,,,,,,,3.834,,,,,,,,,,,,,,,,,,,,,,,,,,,49.2890924,31.4362957,
08:17:52.598,28,,,,,,,,,,,,,,,,,,,,,,,,,,,,,,,,,,,,,,49.2890924,31.4362957,
08:17:52.634,,,27,,,,,,,,,,,,,,,,,,,,,,,,,,,,,,,,,,,,49.2890924,31.4362957,
08:17:52.682,,28,,,,,,,,,,,,,,,,,,,,,,,,,,,,,,,,,,,,,49.2890924,31.4362957,
08:17:52.766,,,,,25,,,,,,,,,,,,,,,,,,,,,,,,,,,,,,,,,,49.2890924,31.4362957,
08:17:52.806,,,,,,,,,,,,,,,,,,,,,,145,,,,,,,,,,,26,,,,39.9,,49.2891884,31.4363079,
08:17:52.850,,,,,,25,,,,,,,,,,,,,,,,,,,,,,,,,,,,,,,,,49.2891884,31.4363079,
08:17:52.887,,,,,,,24,,,,,,,,,,,,,,,,,,,,,,,,,,,,,,,,49.2891884,31.4363079,
08:17:52.922,,,,,,,,24,,,,,,,,,,,,,,,,,,,,,,,,,,,,,,,49.2891884,31.4363079,
08:17:52.958,,,,21,,,,,,,,,,,,,,,,,,,,,,,,,,,,,,,,,,,49.2891884,31.4363079,
08:17:53.018,,,,,,,,,,,,,,,,,,32,,,,,,,,,,,,,,,,,,,,,49.2891884,31.4363079,
08:17:53.054,,,,,,,,,,,,,,26,,,,,,,,,,,,,,,,,,,,,,,,,49.2891884,31.4363079,
08:17:53.092,,,,,,,,,,,,,,,,,-45,,,,,,,,,,,,,,,,,,,,,,49.2891884,31.4363079,
08:17:53.119,,,,,,,,,,,,,61,,,,,,,,,,,,,,,,,,,,,,,,,,49.2891884,31.4363079,
08:17:53.154,,,,,,,,,,,,,,,-2816,-0.17,,,,,,,,,,,,,,,,,,,,,,,49.2891884,31.4363079,
08:17:53.191,,,,,,,,,,,,,,,,,,,36,,,,,,,,,,,,,,,,,,,,49.2891884,31.4363079,
08:17:53.251,,,,,,,,,,,,,,,,,,,,,,,,,,,,,,0,,,,,,,,,49.2891884,31.4363079,
08:17:53.287,,,,,,,,,,,,,,,,,,,,,,,,,,,,,,,,,,,71,,,,49.2891884,31.4363079,
08:17:53.359,,,,,,,,,,,,,,,,,,,,,,,0,0,,,,,,,,,,,,,,,49.2891884,31.4363079,
08:17:53.419,,,,,,,,,,,,,,,,,,,,0,,,,,,,,,,,,,,,,,,,49.2891884,31.4363079,
08:17:53.466,,,,,,,,,,,,,,,,,,,,,,,,,,,,,,,,,,46,,,,,49.2891884,31.4363079,
08:17:53.514,,,,,,,,,,,,,,,,,,,,,,,,,-0.09075474295503562,2.15,2.15,95.17,5925.65,,,28.3,,,,,,36,49.2891884,31.4363079,
08:17:53.551,,,,,,,,,,,,,,,,,,,,,,,,,,,,,,,-0.01,,,,,99,,,49.2891884,31.4363079,
08:17:53.623,,,,,,,,,,66,,,,,,,,,,,,,,,,,,,,,,,,,,,,,49.2891884,31.4363079,
08:17:53.671,,,,,,,,,369.7,,,,,,,,,,,,,,,,,,,,,,,,,,,,,,49.2891884,31.4363079,
08:17:53.706,,,,,,,,,,,3.842,,,,,,,,,,,,,,,,,,,,,,,,,,,,49.2891884,31.4363079,
08:17:53.742,,,,,,,,,,,,3.833,,,,,,,,,,,,,,,,,,,,,,,,,,,49.2891884,31.4363079,
08:17:53.779,22,,,,,,,,,,,,,,,,,,,,,,,,,,,,,,,,,,,,,,49.2891884,31.4363079,
08:17:53.802,,,,,,,,,,,,,,,,,,,,,,145,,,,,,,,,,,26,,,,36.4,,49.2892789,31.4363246,
08:17:53.815,,,22,,,,,,,,,,,,,,,,,,,,,,,,,,,,,,,,,,,,49.2892789,31.4363246,
08:17:53.849,,22,,,,,,,,,,,,,,,,,,,,,,,,,,,,,,,,,,,,,49.2892789,31.4363246,
08:17:53.885,,,,,25,,,,,,,,,,,,,,,,,,,,,,,,,,,,,,,,,,49.2892789,31.4363246,
08:17:53.935,,,,,,25,,,,,,,,,,,,,,,,,,,,,,,,,,,,,,,,,49.2892789,31.4363246,
08:17:53.971,,,,,,,24,,,,,,,,,,,,,,,,,,,,,,,,,,,,,,,,49.2892789,31.4363246,
08:17:54.007,,,,,,,,24,,,,,,,,,,,,,,,,,,,,,,,,,,,,,,,49.2892789,31.4363246,
08:17:54.056,,,,21,,,,,,,,,,,,,,,,,,,,,,,,,,,,,,,,,,,49.2892789,31.4363246,
08:17:54.117,,,,,,,,,,,,,,,,,,32,,,,,,,,,,,,,,,,,,,,,49.2892789,31.4363246,
08:17:54.154,,,,,,,,,,,,,,26,,,,,,,,,,,,,,,,,,,,,,,,,49.2892789,31.4363246,
08:17:54.191,,,,,,,,,,,,,,,,,-54,,,,,,,,,,,,,,,,,,,,,,49.2892789,31.4363246,
08:17:54.226,,,,,,,,,,,,,61,,,,,,,,,,,,,,,,,,,,,,,,,,49.2892789,31.4363246,
08:17:54.262,,,,,,,,,,,,,,,-3648,-0.23,,,,,,,,,,,,,,,,,,,,,,,49.2892789,31.4363246,
08:17:54.298,,,,,,,,,,,,,,,,,,,33,,,,,,,,,,,,,,,,,,,,49.2892789,31.4363246,
08:17:54.359,,,,,,,,,,,,,,,,,,,,,,,,,,,,,,0,,,,,,,,,49.2892789,31.4363246,
08:17:54.396,,,,,,,,,,,,,,,,,,,,,,,0,0,,,,,,,,,,,,,,,49.2892789,31.4363246,
08:17:54.443,,,,,,,,,,,,,,,,,,,,0,,,,,,,,,,,,,,,,,,,49.2892789,31.4363246,
08:17:54.490,,,,,,,,,,,,,,,,,,,,,,,,,,,,,,,,,,46,,,,,49.2892789,31.4363246,
08:17:54.527,,,,,,,,,,,,,,,,,,,,,,,,,-0.1080899185756604,2.15,2.15,95.18,5925.66,,,28.3,,,,,,32,49.2892789,31.4363246,
08:17:54.563,,,,,,,,,,,,,,,,,,,,,,,,,,,,,,,-0.01,,,,,99,,,49.2892789,31.4363246,
08:17:54.624,,,,,,,,,,66.5,,,,,,,,,,,,,,,,,,,,,,,,,,,,,49.2892789,31.4363246,
08:17:54.659,,,,,,,,,371.1,,,,,,,,,,,,,,,,,,,,,,,,,,,,,,49.2892789,31.4363246,
08:17:54.693,,,,,,,,,,,3.861,,,,,,,,,,,,,,,,,,,,,,,,,,,,49.2892789,31.4363246,
08:17:54.730,,,,,,,,,,,,3.85,,,,,,,,,,,,,,,,,,,,,,,,,,,49.2892789,31.4363246,
08:17:54.766,35,,,,,,,,,,,,,,,,,,,,,,,,,,,,,,,,,,,,,,49.2892789,31.4363246,
08:17:54.802,,,,,,,,,,,,,,,,,,,,,,145,,,,,,,,,,,26.1,,,,31.4,,49.2893613,31.4363374,
08:17:54.803,,,-1600,,,,,,,,,,,,,,,,,,,,,,,,,,,,,,,,,,,,49.2893613,31.4363374,
08:17:54.838,,35,,,,,,,,,,,,,,,,,,,,,,,,,,,,,,,,,,,,,49.2893613,31.4363374,
08:17:54.874,,,,,25,,,,,,,,,,,,,,,,,,,,,,,,,,,,,,,,,,49.2893613,31.4363374,
08:17:54.921,,,,,,25,,,,,,,,,,,,,,,,,,,,,,,,,,,,,,,,,49.2893613,31.4363374,
08:17:54.957,,,,,,,24,,,,,,,,,,,,,,,,,,,,,,,,,,,,,,,,49.2893613,31.4363374,
08:17:54.995,,,,,,,,24,,,,,,,,,,,,,,,,,,,,,,,,,,,,,,,49.2893613,31.4363374,
08:17:55.042,,,,21,,,,,,,,,,,,,,,,,,,,,,,,,,,,,,,,,,,49.2893613,31.4363374,
08:17:55.102,,,,,,,,,,,,,,,,,,32,,,,,,,,,,,,,,,,,,,,,49.2893613,31.4363374,
08:17:55.149,,,,,,,,,,,,,,26,,,,,,,,,,,,,,,,,,,,,,,,,49.2893613,31.4363374,
08:17:55.185,,,,,,,,,,,,,,,,,-73,,,,,,,,,,,,,,,,,,,,,,49.2893613,31.4363374,
08:17:55.234,,,,,,,,,,,,,61,,,,,,,,,,,,,,,,,,,,,,,,,,49.2893613,31.4363374,
08:17:55.307,,,,,,,,,,,,,,,-4768,-0.3,,,,,,,,,,,,,,,,,,,,,,,49.2893613,31.4363374,
08:17:55.380,,,,,,,,,,,,,,,,,,,29,,,,,,,,,,,,,,,,,,,,49.2893613,31.4363374,
08:17:55.513,,,,,,,,,,,,,,,,,,,,,,,,,,,,,,0,,,,,,,,,49.2893613,31.4363374,
08:17:55.550,,,,,,,,,,,,,,,,,,,,,,,,,,,,,,,,,,,71,,,,49.2893613,31.4363374,
08:17:55.598,,,,,,,,,,,,,,,,,,,,,,,0,0,,,,,,,,,,,,,,,49.2893613,31.4363374,
08:17:55.647,,,,,,,,,,,,,,,,,,,,0,,,,,,,,,,,,,,,,,,,49.2893613,31.4363374,
08:17:55.705,,,,,,,,,,,,,,,,,,,,,,,,,,,,,,,,,,46,,,,,49.2893613,31.4363374,
08:17:55.755,,,,,,,,,,,,,,,,,,,,,,,,,-0.1111490672145942,2.16,2.16,95.19,5925.67,,,28.3,,,,,,27,49.2893613,31.4363374,
08:17:55.803,,,,,,,,,,,,,,,,,,,,,,,,,,,,,,,-0.01,,,,,99,,,49.2893613,31.4363374,
08:17:55.805,,,,,,,,,,,,,,,,,,,,,,145,,,,,,,,,,,26.1,,,,27,,49.2894324,31.436352,
08:17:55.915,,,,,,,,,,66.5,,,,,,,,,,,,,,,,,,,,,,,,,,,,,49.2894324,31.436352,
08:17:55.986,,,,,,,,,371.6,,,,,,,,,,,,,,,,,,,,,,,,,,,,,,49.2894324,31.436352,
08:17:56.035,,,,,,,,,,,3.864,,,,,,,,,,,,,,,,,,,,,,,,,,,,49.2894324,31.436352,
08:17:56.083,,,,,,,,,,,,3.85,,,,,,,,,,,,,,,,,,,,,,,,,,,49.2894324,31.436352,
08:17:56.117,29,,,,,,,,,,,,,,,,,,,,,,,,,,,,,,,,,,,,,,49.2894324,31.436352,
08:17:56.142,,,27,,,,,,,,,,,,,,,,,,,,,,,,,,,,,,,,,,,,49.2894324,31.436352,
08:17:56.179,,28,,,,,,,,,,,,,,,,,,,,,,,,,,,,,,,,,,,,,49.2894324,31.436352,
08:17:56.225,,,,,25,,,,,,,,,,,,,,,,,,,,,,,,,,,,,,,,,,49.2894324,31.436352,
08:17:56.263,,,,,,25,,,,,,,,,,,,,,,,,,,,,,,,,,,,,,,,,49.2894324,31.436352,
08:17:56.310,,,,,,,24,,,,,,,,,,,,,,,,,,,,,,,,,,,,,,,,49.2894324,31.436352,
08:17:56.358,,,,,,,,24,,,,,,,,,,,,,,,,,,,,,,,,,,,,,,,49.2894324,31.436352,
08:17:56.395,,,,21,,,,,,,,,,,,,,,,,,,,,,,,,,,,,,,,,,,49.2894324,31.436352,
08:17:56.477,,,,,,,,,,,,,,,,,,32,,,,,,,,,,,,,,,,,,,,,49.2894324,31.436352,
08:17:56.514,,,,,,,,,,,,,,26,,,,,,,,,,,,,,,,,,,,,,,,,49.2894324,31.436352,
08:17:56.562,,,,,,,,,,,,,,,,,-73,,,,,,,,,,,,,,,,,,,,,,49.2894324,31.436352,
08:17:56.587,,,,,,,,,,,,,61,,,,,,,,,,,,,,,,,,,,,,,,,,49.2894324,31.436352,
08:17:56.623,,,,,,,,,,,,,,,-4640,-0.3,,,,,,,,,,,,,,,,,,,,,,,49.2894324,31.436352,
08:17:56.670,,,,,,,,,,,,,,,,,,,23,,,,,,,,,,,,,,,,,,,,49.2894324,31.436352,
08:17:56.754,,,,,,,,,,,,,,,,,,,,,,,,,,,,,,0,,,,,,,,,49.2894324,31.436352,
08:17:56.799,,,,,,,,,,,,,,,,,,,,,,145,,,,,,,,,,,26.1,,,,22.8,,49.289495,31.4363643,
08:17:56.802,,,,,,,,,,,,,,,,,,,,,,,0,0,,,,,,,,,,,,,,,49.289495,31.4363643,
08:17:56.851,,,,,,,,,,,,,,,,,,,,0,,,,,,,,,,,,,,,,,,,49.289495,31.4363643,
08:17:56.897,,,,,,,,,,,,,,,,,,,,,,,,,,,,,,,,,,46,,,,,49.289495,31.4363643,
08:17:56.948,,,,,,,,,,,,,,,,,,,,,,,,,-0.11012935100161626,2.17,2.17,95.2,5925.68,,,28.3,,,,,,22,49.289495,31.4363643,
08:17:56.995,,,,,,,,,,,,,,,,,,,,,,,,,,,,,,,-0.01,,,,,99,,,49.289495,31.4363643,
08:17:57.054,,,,,,,,,,66.5,,,,,,,,,,,,,,,,,,,,,,,,,,,,,49.289495,31.4363643,
08:17:57.113,,,,,,,,,369.2,,,,,,,,,,,,,,,,,,,,,,,,,,,,,,49.289495,31.4363643,
08:17:57.162,,,,,,,,,,,3.856,,,,,,,,,,,,,,,,,,,,,,,,,,,,49.289495,31.4363643,
08:17:57.223,,,,,,,,,,,,3.844,,,,,,,,,,,,,,,,,,,,,,,,,,,49.289495,31.4363643,
08:17:57.270,21,,,,,,,,,,,,,,,,,,,,,,,,,,,,,,,,,,,,,,49.289495,31.4363643,
08:17:57.320,,,20,,,,,,,,,,,,,,,,,,,,,,,,,,,,,,,,,,,,49.289495,31.4363643,
08:17:57.354,,21,,,,,,,,,,,,,,,,,,,,,,,,,,,,,,,,,,,,,49.289495,31.4363643,
08:17:57.403,,,,,25,,,,,,,,,,,,,,,,,,,,,,,,,,,,,,,,,,49.289495,31.4363643,
08:17:57.451,,,,,,25,,,,,,,,,,,,,,,,,,,,,,,,,,,,,,,,,49.289495,31.4363643,
08:17:57.487,,,,,,,24,,,,,,,,,,,,,,,,,,,,,,,,,,,,,,,,49.289495,31.4363643,
08:17:57.547,,,,,,,,24,,,,,,,,,,,,,,,,,,,,,,,,,,,,,,,49.289495,31.4363643,
08:17:57.606,,,,21,,,,,,,,,,,,,,,,,,,,,,,,,,,,,,,,,,,49.289495,31.4363643,
08:17:57.666,,,,,,,,,,,,,,,,,,32,,,,,,,,,,,,,,,,,,,,,49.289495,31.4363643,
08:17:57.714,,,,,,,,,,,,,,26,,,,,,,,,,,,,,,,,,,,,,,,,49.289495,31.4363643,
08:17:57.786,,,,,,,,,,,,,,,,,-116,,,,,,,,,,,,,,,,,,,,,,49.289495,31.4363643,
08:17:57.803,,,,,,,,,,,,,,,,,,,,,,145,,,,,,,,,,,26,,,,18.6,,49.2895456,31.4363738,
08:17:57.835,,,,,,,,,,,,,61,,,,,,,,,,,,,,,,,,,,,,,,,,49.2895456,31.4363738,
08:17:57.870,,,,,,,,,,,,,,,-8384,-0.52,,,,,,,,,,,,,,,,,,,,,,,49.2895456,31.4363738,
08:17:57.931,,,,,,,,,,,,,,,,,,,18,,,,,,,,,,,,,,,,,,,,49.2895456,31.4363738,
08:17:58.027,,,,,,,,,,,,,,,,,,,,,,,,,,,,,,0,,,,,,,,,49.2895456,31.4363738,
08:17:58.086,,,,,,,,,,,,,,,,,,,,,,,,,,,,,,,,,,,71,,,,49.2895456,31.4363738,
08:17:58.147,,,,,,,,,,,,,,,,,,,,,,,0,0,,,,,,,,,,,,,,,49.2895456,31.4363738,
08:17:58.207,,,,,,,,,,,,,,,,,,,,0,,,,,,,,,,,,,,,,,,,49.2895456,31.4363738,
08:17:58.254,,,,,,,,,,,,,,,,,,,,,,,,,,,,,,,,,,46,,,,,49.2895456,31.4363738,
08:17:58.302,,,,,,,,,,,,,,,,,,,,,,,,,-0.11828708070543968,2.18,2.18,95.21,5925.68,,,28.2,,,,,,16,49.2895456,31.4363738,
08:17:58.338,,,,,,,,,,,,,,,,,,,,,,,,,,,,,,,-0.01,,,,,99,,,49.2895456,31.4363738,
08:17:58.423,,,,,,,,,,67,,,,,,,,,,,,,,,,,,,,,,,,,,,,,49.2895456,31.4363738,
08:17:58.471,,,,,,,,,371.3,,,,,,,,,,,,,,,,,,,,,,,,,,,,,,49.2895456,31.4363738,
08:17:58.518,,,,,,,,,,,3.868,,,,,,,,,,,,,,,,,,,,,,,,,,,,49.2895456,31.4363738,
08:17:58.577,,,,,,,,,,,,3.853,,,,,,,,,,,,,,,,,,,,,,,,,,,49.2895456,31.4363738,
08:17:58.627,20,,,,,,,,,,,,,,,,,,,,,,,,,,,,,,,,,,,,,,49.2895456,31.4363738,
08:17:58.675,,,19,,,,,,,,,,,,,,,,,,,,,,,,,,,,,,,,,,,,49.2895456,31.4363738,
08:17:58.722,,18,,,,,,,,,,,,,,,,,,,,,,,,,,,,,,,,,,,,,49.2895456,31.4363738,
08:17:58.772,,,,,25,,,,,,,,,,,,,,,,,,,,,,,,,,,,,,,,,,49.2895456,31.4363738,
08:17:58.813,,,,,,,,,,,,,,,,,,,,,,145,,,,,,,,,,,26,,,,11.1,,49.2895795,31.4363829,
08:17:58.829,,,,,,25,,,,,,,,,,,,,,,,,,,,,,,,,,,,,,,,,49.2895795,31.4363829,
08:17:58.879,,,,,,,24,,,,,,,,,,,,,,,,,,,,,,,,,,,,,,,,49.2895795,31.4363829,
08:17:58.913,,,,,,,,24,,,,,,,,,,,,,,,,,,,,,,,,,,,,,,,49.2895795,31.4363829,
08:17:58.949,,,,21,,,,,,,,,,,,,,,,,,,,,,,,,,,,,,,,,,,49.2895795,31.4363829,
08:17:59.023,,,,,,,,,,,,,,,,,,33,,,,,,,,,,,,,,,,,,,,,49.2895795,31.4363829,
08:17:59.082,,,,,,,,,,,,,,26,,,,,,,,,,,,,,,,,,,,,,,,,49.2895795,31.4363829,
08:17:59.119,,,,,,,,,,,,,,,,,-47,,,,,,,,,,,,,,,,,,,,,,49.2895795,31.4363829,
08:17:59.155,,,,,,,,,,,,,63,,,,,,,,,,,,,,,,,,,,,,,,,,49.2895795,31.4363829,
08:17:59.202,,,,,,,,,,,,,,,-2816,-0.17,,,,,,,,,,,,,,,,,,,,,,,49.2895795,31.4363829,
08:17:59.263,,,,,,,,,,,,,,,,,,,7,,,,,,,,,,,,,,,,,,,,49.2895795,31.4363829,
08:17:59.359,,,,,,,,,,,,,,,,,,,,,,,,,,,,,,0,,,,,,,,,49.2895795,31.4363829,
08:17:59.419,,,,,,,,,,,,,,,,,,,,,,,0,0,,,,,,,,,,,,,,,49.2895795,31.4363829,
08:17:59.455,,,,,,,,,,,,,,,,,,,,0,,,,,,,,,,,,,,,,,,,49.2895795,31.4363829,
08:17:59.491,,,,,,,,,,,,,,,,,,,,,,,,,,,,,,,,,,46,,,,,49.2895795,31.4363829,
08:17:59.561,,,,,,,,,,,,,,,,,,,,,,,,,-0.14581941845584373,2.18,2.18,95.21,5925.68,,,28.1,,,,,,6,49.2895795,31.4363829,
08:17:59.609,,,,,,,,,,,,,,,,,,,,,,,,,,,,,,,-0.01,,,,,99,,,49.2895795,31.4363829,
08:17:59.718,,,,,,,,,,67,,,,,,,,,,,,,,,,,,,,,,,,,,,,,49.2895795,31.4363829,
08:17:59.805,,,,,,,,,,,,,,,,,,,,,,145,,,,,,,,,,,25.9,,,,1.9,,49.289593,31.436384,
08:17:59.838,,,,,,,,,366.4,,,,,,,,,,,,,,,,,,,,,,,,,,,,,,49.289593,31.436384,
08:17:59.886,,,,,,,,,,,3.831,,,,,,,,,,,,,,,,,,,,,,,,,,,,49.289593,31.436384,
08:17:59.958,,,,,,,,,,,,3.821,,,,,,,,,,,,,,,,,,,,,,,,,,,49.289593,31.436384,
08:18:00.112,-2,,,,,,,,,,,,,,,,,,,,,,,,,,,,,,,,,,,,,,49.289593,31.436384,
08:18:00.211,,,-3,,,,,,,,,,,,,,,,,,,,,,,,,,,,,,,,,,,,49.289593,31.436384,
08:18:00.259,,-3,,,,,,,,,,,,,,,,,,,,,,,,,,,,,,,,,,,,,49.289593,31.436384,
08:18:00.331,,,,,25,,,,,,,,,,,,,,,,,,,,,,,,,,,,,,,,,,49.289593,31.436384,
08:18:00.426,,,,,,25,,,,,,,,,,,,,,,,,,,,,,,,,,,,,,,,,49.289593,31.436384,
08:18:00.474,,,,,,,24,,,,,,,,,,,,,,,,,,,,,,,,,,,,,,,,49.289593,31.436384,
08:18:00.498,,,,,,,,24,,,,,,,,,,,,,,,,,,,,,,,,,,,,,,,49.289593,31.436384,
08:18:00.535,,,,21,,,,,,,,,,,,,,,,,,,,,,,,,,,,,,,,,,,49.289593,31.436384,
08:18:00.606,,,,,,,,,,,,,,,,,,33,,,,,,,,,,,,,,,,,,,,,49.289593,31.436384,
08:18:00.656,,,,,,,,,,,,,,26,,,,,,,,,,,,,,,,,,,,,,,,,49.289593,31.436384,
08:18:00.702,,,,,,,,,,,,,,,,,0,,,,,,,,,,,,,,,,,,,,,,49.289593,31.436384,
08:18:00.726,,,,,,,,,,,,,63,,,,,,,,,,,,,,,,,,,,,,,,,,49.289593,31.436384,
08:18:00.774,,,,,,,,,,,,,,,-32,-0.02,,,,,,,,,,,,,,,,,,,,,,,49.289593,31.436384,
08:18:00.805,,,,,,,,,,,,,,,,,,,,,,145,,,,,,,,,,,25.8,,,,2.8,,49.2896041,31.4363868,
08:18:00.823,,,,,,,,,,,,,,,,,,,1,,,,,,,,,,,,,,,,,,,,49.2896041,31.4363868,
08:18:00.895,,,,,,,,,,,,,,,,,,,,,,,,,,,,,,0,,,,,,,,,49.2896041,31.4363868,
08:18:00.941,,,,,,,,,,,,,,,,,,,,,,,,,,,,,,,,,,,71,,,,49.2896041,31.4363868,
08:18:00.990,,,,,,,,,,,,,,,,,,,,,,,0,0,,,,,,,,,,,,,,,49.2896041,31.4363868,
08:18:01.027,,,,,,,,,,,,,,,,,,,,0,,,,,,,,,,,,,,,,,,,49.2896041,31.4363868,
08:18:01.075,,,,,,,,,,,,,,,,,,,,,,,,,,,,,,,,,,46,,,,,49.2896041,31.4363868,
08:18:01.146,,,,,,,,,,,,,,,,,,,,,,,,,-0.14174055360393203,2.18,2.18,95.21,5925.68,,,28,,,,,,0,49.2896041,31.4363868,
08:18:01.194,,,,,,,,,,,,,,,,,,,,,,,,,,,,,,,-0.01,,,,,99,,,49.2896041,31.4363868,
08:18:01.266,,,,,,,,,,67,,,,,,,,,,,,,,,,,,,,,,,,,,,,,49.2896041,31.4363868,
08:18:01.326,,,,,,,,,365.8,,,,,,,,,,,,,,,,,,,,,,,,,,,,,,49.2896041,31.4363868,
08:18:01.375,,,,,,,,,,,3.825,,,,,,,,,,,,,,,,,,,,,,,,,,,,49.2896041,31.4363868,
08:18:01.422,,,,,,,,,,,,3.814,,,,,,,,,,,,,,,,,,,,,,,,,,,49.2896041,31.4363868,
08:18:01.482,-3,,,,,,,,,,,,,,,,,,,,,,,,,,,,,,,,,,,,,,49.2896041,31.4363868,
08:18:01.531,,,-3,,,,,,,,,,,,,,,,,,,,,,,,,,,,,,,,,,,,49.2896041,31.4363868,
08:18:01.566,,-2,,,,,,,,,,,,,,,,,,,,,,,,,,,,,,,,,,,,,49.2896041,31.4363868,
08:18:01.615,,,,,25,,,,,,,,,,,,,,,,,,,,,,,,,,,,,,,,,,49.2896041,31.4363868,
08:18:01.674,,,,,,25,,,,,,,,,,,,,,,,,,,,,,,,,,,,,,,,,49.2896041,31.4363868,
08:18:01.723,,,,,,,24,,,,,,,,,,,,,,,,,,,,,,,,,,,,,,,,49.2896041,31.4363868,
08:18:01.757,,,,,,,,24,,,,,,,,,,,,,,,,,,,,,,,,,,,,,,,49.2896041,31.4363868,
08:18:01.807,,,,21,,,,,,,,,,,,,,,,,,,,,,,,,,,,,,,,,,,49.2896041,31.4363868,
08:18:01.811,,,,,,,,,,,,,,,,,,,,,,147,,,,,,,,,,,25.7,,,,0,,49.2896067,31.436389,
08:18:01.902,,,,,,,,,,,,,,,,,,33,,,,,,,,,,,,,,,,,,,,,49.2896067,31.436389,
08:18:01.950,,,,,,,,,,,,,,26,,,,,,,,,,,,,,,,,,,,,,,,,49.2896067,31.436389,
08:18:01.987,,,,,,,,,,,,,,,,,0,,,,,,,,,,,,,,,,,,,,,,49.2896067,31.436389,
08:18:02.046,,,,,,,,,,,,,63,,,,,,,,,,,,,,,,,,,,,,,,,,49.2896067,31.436389,
08:18:02.095,,,,,,,,,,,,,,,0,0,,,,,,,,,,,,,,,,,,,,,,,49.2896067,31.436389,
08:18:02.142,,,,,,,,,,,,,,,,,,,0,,,,,,,,,,,,,,,,,,,,49.2896067,31.436389,
08:18:02.226,,,,,,,,,,,,,,,,,,,,,,,,,,,,,,0,,,,,,,,,49.2896067,31.436389,
08:18:02.263,,,,,,,,,,,,,,,,,,,,,,,0,0,,,,,,,,,,,,,,,49.2896067,31.436389,
08:18:02.311,,,,,,,,,,,,,,,,,,,,0,,,,,,,,,,,,,,,,,,,49.2896067,31.436389,
08:18:02.358,,,,,,,,,,,,,,,,,,,,,,,,,,,,,,,,,,46,,,,,49.2896067,31.436389,
08:18:02.407,,,,,,,,,,,,,,,,,,,,,,,,,-0.11420821585352799,2.18,2.18,95.21,5925.68,,,27.8,,,,,,0,49.2896067,31.436389,
08:18:02.479,,,,,,,,,,,,,,,,,,,,,,,,,,,,,,,-0.01,,,,,99,,,49.2896067,31.436389,
08:18:02.574,,,,,,,,,,67,,,,,,,,,,,,,,,,,,,,,,,,,,,,,49.2896067,31.436389,
08:18:02.623,,,,,,,,,365.3,,,,,,,,,,,,,,,,,,,,,,,,,,,,,,49.2896067,31.436389,
08:18:02.660,,,,,,,,,,,3.82,,,,,,,,,,,,,,,,,,,,,,,,,,,,49.2896067,31.436389,
08:18:02.706,,,,,,,,,,,,3.81,,,,,,,,,,,,,,,,,,,,,,,,,,,49.2896067,31.436389,
08:18:02.744,-3,,,,,,,,,,,,,,,,,,,,,,,,,,,,,,,,,,,,,,49.2896067,31.436389,
08:18:02.778,,,-3,,,,,,,,,,,,,,,,,,,,,,,,,,,,,,,,,,,,49.2896067,31.436389,
08:18:02.804,,,,,,,,,,,,,,,,,,,,,,147,,,,,,,,,,,25.7,,,,0,,49.2896061,31.4363902,
08:18:02.828,,-2,,,,,,,,,,,,,,,,,,,,,,,,,,,,,,,,,,,,,49.2896061,31.4363902,
08:18:02.886,,,,,25,,,,,,,,,,,,,,,,,,,,,,,,,,,,,,,,,,49.2896061,31.4363902,
08:18:02.922,,,,,,25,,,,,,,,,,,,,,,,,,,,,,,,,,,,,,,,,49.2896061,31.4363902,
08:18:02.959,,,,,,,24,,,,,,,,,,,,,,,,,,,,,,,,,,,,,,,,49.2896061,31.4363902,
08:18:02.995,,,,,,,,24,,,,,,,,,,,,,,,,,,,,,,,,,,,,,,,49.2896061,31.4363902,
08:18:03.041,,,,21,,,,,,,,,,,,,,,,,,,,,,,,,,,,,,,,,,,49.2896061,31.4363902,
08:18:03.127,,,,,,,,,,,,,,,,,,33,,,,,,,,,,,,,,,,,,,,,49.2896061,31.4363902,
08:18:03.163,,,,,,,,,,,,,,26,,,,,,,,,,,,,,,,,,,,,,,,,49.2896061,31.4363902,
08:18:03.198,,,,,,,,,,,,,,,,,0,,,,,,,,,,,,,,,,,,,,,,49.2896061,31.4363902,
08:18:03.247,,,,,,,,,,,,,63,,,,,,,,,,,,,,,,,,,,,,,,,,49.2896061,31.4363902,
08:18:03.295,,,,,,,,,,,,,,,0,0,,,,,,,,,,,,,,,,,,,,,,,49.2896061,31.4363902,
08:18:03.342,,,,,,,,,,,,,,,,,,,0,,,,,,,,,,,,,,,,,,,,49.2896061,31.4363902,
08:18:03.427,,,,,,,,,,,,,,,,,,,,,,,,,,,,,,0,,,,,,,,,49.2896061,31.4363902,
08:18:03.474,,,,,,,,,,,,,,,,,,,,,,,,,,,,,,,,,,,71,,,,49.2896061,31.4363902,
08:18:03.535,,,,,,,,,,,,,,,,,,,,,,,0,0,,,,,,,,,,,,,,,49.2896061,31.4363902,
08:18:03.595,,,,,,,,,,,,,,,,,,,,0,,,,,,,,,,,,,,,,,,,49.2896061,31.4363902,
08:18:03.629,,,,,,,,,,,,,,,,,,,,,,,,,,,,,,,,,,46,,,,,49.2896061,31.4363902,
08:18:03.679,,,,,,,,,,,,,,,,,,,,,,,,,-0.08463644567716805,2.18,2.18,95.21,5925.68,,,27.7,,,,,,0,49.2896061,31.4363902,
08:18:03.726,,,,,,,,,,,,,,,,,,,,,,,,,,,,,,,-0.01,,,,,99,,,49.2896061,31.4363902,
08:18:03.802,,,,,,,,,,,,,,,,,,,,,,147,,,,,,,,,,,25.6,,,,0,,49.2896059,31.4363903,
08:18:03.835,,,,,,,,,,67,,,,,,,,,,,,,,,,,,,,,,,,,,,,,49.2896059,31.4363903,
08:18:03.870,,,,,,,,,366.3,,,,,,,,,,,,,,,,,,,,,,,,,,,,,,49.2896059,31.4363903,
08:18:03.918,,,,,,,,,,,3.815,,,,,,,,,,,,,,,,,,,,,,,,,,,,49.2896059,31.4363903,
08:18:03.955,,,,,,,,,,,,3.808,,,,,,,,,,,,,,,,,,,,,,,,,,,49.2896059,31.4363903,
08:18:04.002,-3,,,,,,,,,,,,,,,,,,,,,,,,,,,,,,,,,,,,,,49.2896059,31.4363903,
08:18:04.039,,,-3,,,,,,,,,,,,,,,,,,,,,,,,,,,,,,,,,,,,49.2896059,31.4363903,
08:18:04.087,,-3,,,,,,,,,,,,,,,,,,,,,,,,,,,,,,,,,,,,,49.2896059,31.4363903,
08:18:04.121,,,,,25,,,,,,,,,,,,,,,,,,,,,,,,,,,,,,,,,,49.2896059,31.4363903,
08:18:04.158,,,,,,25,,,,,,,,,,,,,,,,,,,,,,,,,,,,,,,,,49.2896059,31.4363903,
08:18:04.207,,,,,,,24,,,,,,,,,,,,,,,,,,,,,,,,,,,,,,,,49.2896059,31.4363903,
08:18:04.254,,,,,,,,24,,,,,,,,,,,,,,,,,,,,,,,,,,,,,,,49.2896059,31.4363903,
08:18:04.302,,,,21,,,,,,,,,,,,,,,,,,,,,,,,,,,,,,,,,,,49.2896059,31.4363903,
08:18:04.374,,,,,,,,,,,,,,,,,,33,,,,,,,,,,,,,,,,,,,,,49.2896059,31.4363903,
08:18:04.421,,,,,,,,,,,,,,26,,,,,,,,,,,,,,,,,,,,,,,,,49.2896059,31.4363903,
08:18:04.470,,,,,,,,,,,,,,,,,0,,,,,,,,,,,,,,,,,,,,,,49.2896059,31.4363903,
08:18:04.518,,,,,,,,,,,,,63,,,,,,,,,,,,,,,,,,,,,,,,,,49.2896059,31.4363903,
08:18:04.554,,,,,,,,,,,,,,,0,0,,,,,,,,,,,,,,,,,,,,,,,49.2896059,31.4363903,
08:18:04.592,,,,,,,,,,,,,,,,,,,0,,,,,,,,,,,,,,,,,,,,49.2896059,31.4363903,
08:18:04.651,,,,,,,,,,,,,,,,,,,,,,,,,,,,,,0,,,,,,,,,49.2896059,31.4363903,
08:18:04.698,,,,,,,,,,,,,,,,,,,,,,,0,0,,,,,,,,,,,,,,,49.2896059,31.4363903,
08:18:04.757,,,,,,,,,,,,,,,,,,,,0,,,,,,,,,,,,,,,,,,,49.2896059,31.4363903,
08:18:04.803,,,,,,,,,,,,,,,,,,,,,,147,,,,,,,,,,,25.5,,,,0,,49.2896056,31.4363907,
08:18:04.806,,,,,,,,,,,,,,,,,,,,,,,,,,,,,,,,,,46,,,,,49.2896056,31.4363907,
08:18:04.866,,,,,,,,,,,,,,,,,,,,,,,,,-0.03161120260231578,2.18,2.18,95.21,5925.68,,,27.6,,,,,,0,49.2896056,31.4363907,
08:18:04.926,,,,,,,,,,,,,,,,,,,,,,,,,,,,,,,-0.01,,,,,99,,,49.2896056,31.4363907,
08:18:04.987,,,,,,,,,,67,,,,,,,,,,,,,,,,,,,,,,,,,,,,,49.2896056,31.4363907,
08:18:05.035,,,,,,,,,366,,,,,,,,,,,,,,,,,,,,,,,,,,,,,,49.2896056,31.4363907,
08:18:05.071,,,,,,,,,,,3.816,,,,,,,,,,,,,,,,,,,,,,,,,,,,49.2896056,31.4363907,
08:18:05.118,,,,,,,,,,,,3.804,,,,,,,,,,,,,,,,,,,,,,,,,,,49.2896056,31.4363907,
08:18:05.179,-3,,,,,,,,,,,,,,,,,,,,,,,,,,,,,,,,,,,,,,49.2896056,31.4363907,
08:18:05.239,,,-3,,,,,,,,,,,,,,,,,,,,,,,,,,,,,,,,,,,,49.2896056,31.4363907,
08:18:05.299,,-2,,,,,,,,,,,,,,,,,,,,,,,,,,,,,,,,,,,,,49.2896056,31.4363907,
08:18:05.333,,,,,25,,,,,,,,,,,,,,,,,,,,,,,,,,,,,,,,,,49.2896056,31.4363907,
08:18:05.442,,,,,,25,,,,,,,,,,,,,,,,,,,,,,,,,,,,,,,,,49.2896056,31.4363907,
08:18:05.515,,,,,,,24,,,,,,,,,,,,,,,,,,,,,,,,,,,,,,,,49.2896056,31.4363907,
08:18:05.615,,,,,,,,24,,,,,,,,,,,,,,,,,,,,,,,,,,,,,,,49.2896056,31.4363907,
08:18:05.686,,,,21,,,,,,,,,,,,,,,,,,,,,,,,,,,,,,,,,,,49.2896056,31.4363907,
08:18:05.806,,,,,,,,,,,,,,,,,,,,,,147,,,,,,,,,,,25.4,,,,0,,49.2896068,31.4363901,
08:18:05.879,,,,,,,,,,,,,,,,,,33,,,,,,,,,,,,,,,,,,,,,49.2896068,31.4363901,
08:18:06.010,,,,,,,,,,,,,,26,,,,,,,,,,,,,,,,,,,,,,,,,49.2896068,31.4363901,
08:18:06.058,,,,,,,,,,,,,,,,,146,,,,,,,,,,,,,,,,,,,,,,49.2896068,31.4363901,
08:18:06.154,,,,,,,,,,,,,63,,,,,,,,,,,,,,,,,,,,,,,,,,49.2896068,31.4363901,
08:18:06.203,,,,,,,,,,,,,,,10176,0.61,,,,,,,,,,,,,,,,,,,,,,,49.2896068,31.4363901,
08:18:06.238,,,,,,,,,,,,,,,,,,,1,,,,,,,,,,,,,,,,,,,,49.2896068,31.4363901,
08:18:06.310,,,,,,,,,,,,,,,,,,,,,,,,,,,,,,0,,,,,,,,,49.2896068,31.4363901,
08:18:06.346,,,,,,,,,,,,,,,,,,,,,,,,,,,,,,,,,,,71,,,,49.2896068,31.4363901,
08:18:06.382,,,,,,,,,,,,,,,,,,,,,,,0,0,,,,,,,,,,,,,,,49.2896068,31.4363901,
08:18:06.418,,,,,,,,,,,,,,,,,,,,0,,,,,,,,,,,,,,,,,,,49.2896068,31.4363901,
08:18:06.455,,,,,,,,,,,,,,,,,,,,,,,,,,,,,,,,,,46,,,,,49.2896068,31.4363901,
08:18:06.514,,,,,,,,,,,,,,,,,,,,,,,,,0,2.18,2.18,95.21,5925.68,,,27.4,,,,,,0,49.2896068,31.4363901,
08:18:06.550,,,,,,,,,,,,,,,,,,,,,,,,,,,,,,,-0.01,,,,,99,,,49.2896068,31.4363901,
08:18:06.635,,,,,,,,,,67,,,,,,,,,,,,,,,,,,,,,,,,,,,,,49.2896068,31.4363901,
08:18:06.671,,,,,,,,,363.4,,,,,,,,,,,,,,,,,,,,,,,,,,,,,,49.2896068,31.4363901,
08:18:06.718,,,,,,,,,,,3.781,,,,,,,,,,,,,,,,,,,,,,,,,,,,49.2896068,31.4363901,
08:18:06.756,,,,,,,,,,,,3.77,,,,,,,,,,,,,,,,,,,,,,,,,,,49.2896068,31.4363901,
08:18:06.791,-29,,,,,,,,,,,,,,,,,,,,,,,,,,,,,,,,,,,,,,49.2896068,31.4363901,
08:18:06.808,,,,,,,,,,,,,,,,,,,,,,147,,,,,,,,,,,25.3,,,,1.8,,49.2896124,31.4363901,
08:18:06.826,,,-30,,,,,,,,,,,,,,,,,,,,,,,,,,,,,,,,,,,,49.2896124,31.4363901,
08:18:06.874,,-30,,,,,,,,,,,,,,,,,,,,,,,,,,,,,,,,,,,,,49.2896124,31.4363901,
08:18:06.910,,,,,25,,,,,,,,,,,,,,,,,,,,,,,,,,,,,,,,,,49.2896124,31.4363901,
08:18:06.958,,,,,,25,,,,,,,,,,,,,,,,,,,,,,,,,,,,,,,,,49.2896124,31.4363901,
08:18:06.995,,,,,,,24,,,,,,,,,,,,,,,,,,,,,,,,,,,,,,,,49.2896124,31.4363901,
08:18:07.030,,,,,,,,24,,,,,,,,,,,,,,,,,,,,,,,,,,,,,,,49.2896124,31.4363901,
08:18:07.066,,,,21,,,,,,,,,,,,,,,,,,,,,,,,,,,,,,,,,,,49.2896124,31.4363901,
08:18:07.126,,,,,,,,,,,,,,,,,,34,,,,,,,,,,,,,,,,,,,,,49.2896124,31.4363901,
08:18:07.161,,,,,,,,,,,,,,26,,,,,,,,,,,,,,,,,,,,,,,,,49.2896124,31.4363901,
08:18:07.211,,,,,,,,,,,,,,,,,156,,,,,,,,,,,,,,,,,,,,,,49.2896124,31.4363901,
08:18:07.246,,,,,,,,,,,,,63,,,,,,,,,,,,,,,,,,,,,,,,,,49.2896124,31.4363901,
08:18:07.282,,,,,,,,,,,,,,,9952,0.59,,,,,,,,,,,,,,,,,,,,,,,49.2896124,31.4363901,
08:18:07.318,,,,,,,,,,,,,,,,,,,8,,,,,,,,,,,,,,,,,,,,49.2896124,31.4363901,
08:18:07.390,,,,,,,,,,,,,,,,,,,,,,,,,,,,,,0,,,,,,,,,49.2896124,31.4363901,
08:18:07.427,,,,,,,,,,,,,,,,,,,,,,,0,0,,,,,,,,,,,,,,,49.2896124,31.4363901,
08:18:07.474,,,,,,,,,,,,,,,,,,,,0,,,,,,,,,,,,,,,,,,,49.2896124,31.4363901,
08:18:07.511,,,,,,,,,,,,,,,,,,,,,,,,,,,,,,,,,,46,,,,,49.2896124,31.4363901,
08:18:07.559,,,,,,,,,,,,,,,,,,,,,,,,,0.03874921609316127,2.18,2.18,95.21,5925.69,,,27.4,,,,,,7,49.2896124,31.4363901,
08:18:07.607,,,,,,,,,,,,,,,,,,,,,,,,,,,,,,,-0.01,,,,,99,,,49.2896124,31.4363901,
08:18:07.677,,,,,,,,,,67,,,,,,,,,,,,,,,,,,,,,,,,,,,,,49.2896124,31.4363901,
08:18:07.713,,,,,,,,,361.6,,,,,,,,,,,,,,,,,,,,,,,,,,,,,,49.2896124,31.4363901,
08:18:07.751,,,,,,,,,,,3.777,,,,,,,,,,,,,,,,,,,,,,,,,,,,49.2896124,31.4363901,
08:18:07.787,,,,,,,,,,,,3.769,,,,,,,,,,,,,,,,,,,,,,,,,,,49.2896124,31.4363901,
08:18:07.801,,,,,,,,,,,,,,,,,,,,,,147,,,,,,,,,,,25.3,,,,8.9,,49.2896341,31.4363931,
08:18:07.823,-18,,,,,,,,,,,,,,,,,,,,,,,,,,,,,,,,,,,,,,49.2896341,31.4363931,
08:18:07.869,,,-16,,,,,,,,,,,,,,,,,,,,,,,,,,,,,,,,,,,,49.2896341,31.4363931,
08:18:07.907,,-14,,,,,,,,,,,,,,,,,,,,,,,,,,,,,,,,,,,,,49.2896341,31.4363931,
08:18:07.943,,,,,25,,,,,,,,,,,,,,,,,,,,,,,,,,,,,,,,,,49.2896341,31.4363931,
08:18:07.979,,,,,,25,,,,,,,,,,,,,,,,,,,,,,,,,,,,,,,,,49.2896341,31.4363931,
08:18:08.015,,,,,,,24,,,,,,,,,,,,,,,,,,,,,,,,,,,,,,,,49.2896341,31.4363931,
08:18:08.051,,,,,,,,24,,,,,,,,,,,,,,,,,,,,,,,,,,,,,,,49.2896341,31.4363931,
08:18:08.087,,,,21,,,,,,,,,,,,,,,,,,,,,,,,,,,,,,,,,,,49.2896341,31.4363931,
08:18:08.147,,,,,,,,,,,,,,,,,,34,,,,,,,,,,,,,,,,,,,,,49.2896341,31.4363931,
08:18:08.182,,,,,,,,,,,,,,26,,,,,,,,,,,,,,,,,,,,,,,,,49.2896341,31.4363931,
08:18:08.230,,,,,,,,,,,,,,,,,1,,,,,,,,,,,,,,,,,,,,,,49.2896341,31.4363931,
08:18:08.266,,,,,,,,,,,,,63,,,,,,,,,,,,,,,,,,,,,,,,,,49.2896341,31.4363931,
08:18:08.303,,,,,,,,,,,,,,,0,0,,,,,,,,,,,,,,,,,,,,,,,49.2896341,31.4363931,
08:18:08.350,,,,,,,,,,,,,,,,,,,10,,,,,,,,,,,,,,,,,,,,49.2896341,31.4363931,
08:18:08.411,,,,,,,,,,,,,,,,,,,,,,,,,,,,,,0,,,,,,,,,49.2896341,31.4363931,
08:18:08.458,,,,,,,,,,,,,,,,,,,,,,,,,,,,,,,,,,,71,,,,49.2896341,31.4363931,
08:18:08.494,,,,,,,,,,,,,,,,,,,,,,,0,0,,,,,,,,,,,,,,,49.2896341,31.4363931,
08:18:08.531,,,,,,,,,,,,,,,,,,,,0,,,,,,,,,,,,,,,,,,,49.2896341,31.4363931,
08:18:08.579,,,,,,,,,,,,,,,,,,,,,,,,,,,,,,,,,,46,,,,,49.2896341,31.4363931,
08:18:08.626,,,,,,,,,,,,,,,,,,,,,,,,,0.05710410792676399,2.18,2.18,95.21,5925.69,,,27.3,,,,,,10,49.2896341,31.4363931,
08:18:08.673,,,,,,,,,,,,,,,,,,,,,,,,,,,,,,,-0.01,,,,,99,,,49.2896341,31.4363931,
08:18:08.771,,,,,,,,,,67,,,,,,,,,,,,,,,,,,,,,,,,,,,,,49.2896341,31.4363931,
08:18:08.811,,,,,,,,,363.4,,,,,,,,,,,,,,,,,,,,,,,,,,,,,,49.2896341,31.4363931,
08:18:08.811,,,,,,,,,,,,,,,,,,,,,,147,,,,,,,,,,,25.2,,,,11.1,,49.2896582,31.4364006,
08:18:08.846,,,,,,,,,,,3.8,,,,,,,,,,,,,,,,,,,,,,,,,,,,49.2896582,31.4364006,
08:18:08.882,,,,,,,,,,,,3.787,,,,,,,,,,,,,,,,,,,,,,,,,,,49.2896582,31.4364006,
08:18:08.931,-3,,,,,,,,,,,,,,,,,,,,,,,,,,,,,,,,,,,,,,49.2896582,31.4364006,
08:18:08.966,,,-3,,,,,,,,,,,,,,,,,,,,,,,,,,,,,,,,,,,,49.2896582,31.4364006,
08:18:09.002,,-3,,,,,,,,,,,,,,,,,,,,,,,,,,,,,,,,,,,,,49.2896582,31.4364006,
08:18:09.037,,,,,25,,,,,,,,,,,,,,,,,,,,,,,,,,,,,,,,,,49.2896582,31.4364006,
08:18:09.086,,,,,,25,,,,,,,,,,,,,,,,,,,,,,,,,,,,,,,,,49.2896582,31.4364006,
08:18:09.123,,,,,,,24,,,,,,,,,,,,,,,,,,,,,,,,,,,,,,,,49.2896582,31.4364006,
08:18:09.218,,,,,,,,24,,,,,,,,,,,,,,,,,,,,,,,,,,,,,,,49.2896582,31.4364006,
08:18:09.289,,,,21,,,,,,,,,,,,,,,,,,,,,,,,,,,,,,,,,,,49.2896582,31.4364006,
08:18:09.387,,,,,,,,,,,,,,,,,,34,,,,,,,,,,,,,,,,,,,,,49.2896582,31.4364006,
08:18:09.421,,,,,,,,,,,,,,26,,,,,,,,,,,,,,,,,,,,,,,,,49.2896582,31.4364006,
08:18:09.458,,,,,,,,,,,,,,,,,-1,,,,,,,,,,,,,,,,,,,,,,49.2896582,31.4364006,
08:18:09.495,,,,,,,,,,,,,63,,,,,,,,,,,,,,,,,,,,,,,,,,49.2896582,31.4364006,
08:18:09.531,,,,,,,,,,,,,,,0,0,,,,,,,,,,,,,,,,,,,,,,,49.2896582,31.4364006,
08:18:09.567,,,,,,,,,,,,,,,,,,,8,,,,,,,,,,,,,,,,,,,,49.2896582,31.4364006,
08:18:09.650,,,,,,,,,,,,,,,,,,,,,,,,,,,,,,0,,,,,,,,,49.2896582,31.4364006,
08:18:09.686,,,,,,,,,,,,,,,,,,,,,,,0,0,,,,,,,,,,,,,,,49.2896582,31.4364006,
08:18:09.735,,,,,,,,,,,,,,,,,,,,0,,,,,,,,,,,,,,,,,,,49.2896582,31.4364006,
08:18:09.782,,,,,,,,,,,,,,,,,,,,,,,,,,,,,,,,,,46,,,,,49.2896582,31.4364006,
08:18:09.807,,,,,,,,,,,,,,,,,,,,,,147,,,,,,,,,,,25.2,,,,8.6,,49.2896807,31.4364082,
08:18:09.829,,,,,,,,,,,,,,,,,,,,,,,,,,2.19,2.19,95.21,5925.69,,,27.2,,,,,,7,49.2896807,31.4364082,
08:18:09.891,,,,,,,,,,,,,,,,,,,,,,,,,,,,,,,-0.01,,,,,99,,,49.2896807,31.4364082,
08:18:09.961,,,,,,,,,,67.5,,,,,,,,,,,,,,,,,,,,,,,,,,,,,49.2896807,31.4364082,
08:18:10.011,,,,,,,,,363.5,,,,,,,,,,,,,,,,,,,,,,,,,,,,,,49.2896807,31.4364082,
08:18:10.058,,,,,,,,,,,3.804,,,,,,,,,,,,,,,,,,,,,,,,,,,,49.2896807,31.4364082,
08:18:10.093,,,,,,,,,,,,3.791,,,,,,,,,,,,,,,,,,,,,,,,,,,49.2896807,31.4364082,
08:18:10.142,-3,,,,,,,,,,,,,,,,,,,,,,,,,,,,,,,,,,,,,,49.2896807,31.4364082,
08:18:10.189,,,-3,,,,,,,,,,,,,,,,,,,,,,,,,,,,,,,,,,,,49.2896807,31.4364082,
08:18:10.228,,-3,,,,,,,,,,,,,,,,,,,,,,,,,,,,,,,,,,,,,49.2896807,31.4364082,
08:18:10.267,,,,,25,,,,,,,,,,,,,,,,,,,,,,,,,,,,,,,,,,49.2896807,31.4364082,
08:18:10.301,,,,,,25,,,,,,,,,,,,,,,,,,,,,,,,,,,,,,,,,49.2896807,31.4364082,
08:18:10.326,,,,,,,24,,,,,,,,,,,,,,,,,,,,,,,,,,,,,,,,49.2896807,31.4364082,
08:18:10.375,,,,,,,,24,,,,,,,,,,,,,,,,,,,,,,,,,,,,,,,49.2896807,31.4364082,
08:18:10.410,,,,21,,,,,,,,,,,,,,,,,,,,,,,,,,,,,,,,,,,49.2896807,31.4364082,
08:18:10.470,,,,,,,,,,,,,,,,,,34,,,,,,,,,,,,,,,,,,,,,49.2896807,31.4364082,
08:18:10.507,,,,,,,,,,,,,,26,,,,,,,,,,,,,,,,,,,,,,,,,49.2896807,31.4364082,
08:18:10.542,,,,,,,,,,,,,,,,,0,,,,,,,,,,,,,,,,,,,,,,49.2896807,31.4364082,
08:18:10.579,,,,,,,,,,,,,63,,,,,,,,,,,,,,,,,,,,,,,,,,49.2896807,31.4364082,
08:18:10.615,,,,,,,,,,,,,,,0,0,,,,,,,,,,,,,,,,,,,,,,,49.2896807,31.4364082,
08:18:10.662,,,,,,,,,,,,,,,,,,,1,,,,,,,,,,,,,,,,,,,,49.2896807,31.4364082,
08:18:10.746,,,,,,,,,,,,,,,,,,,,,,,,,,,,,,0,,,,,,,,,49.2896807,31.4364082,
08:18:10.793,,,,,,,,,,,,,,,,,,,,,,,,,,,,,,,,,,,71,,,,49.2896807,31.4364082,
08:18:10.812,,,,,,,,,,,,,,,,,,,,,,147,,,,,,,,,,,25.1,,,,3.2,,49.2896896,31.4364115,
08:18:10.841,,,,,,,,,,,,,,,,,,,,,,,0,0,,,,,,,,,,,,,,,49.2896896,31.4364115,
08:18:10.891,,,,,,,,,,,,,,,,,,,,0,,,,,,,,,,,,,,,,,,,49.2896896,31.4364115,
08:18:10.927,,,,,,,,,,,,,,,,,,,,,,,,,,,,,,,,,,46,,,,,49.2896896,31.4364115,
08:18:10.973,,,,,,,,,,,,,,,,,,,,,,,,,,2.19,2.19,95.21,5925.69,,,27.1,,,,,,0,49.2896896,31.4364115,
08:18:11.011,,,,,,,,,,,,,,,,,,,,,,,,,,,,,,,-0.01,,,,,99,,,49.2896896,31.4364115,
08:18:11.083,,,,,,,,,,67.5,,,,,,,,,,,,,,,,,,,,,,,,,,,,,49.2896896,31.4364115,
08:18:11.143,,,,,,,,,363.9,,,,,,,,,,,,,,,,,,,,,,,,,,,,,,49.2896896,31.4364115,
08:18:11.179,,,,,,,,,,,3.799,,,,,,,,,,,,,,,,,,,,,,,,,,,,49.2896896,31.4364115,
08:18:11.227,,,,,,,,,,,,3.789,,,,,,,,,,,,,,,,,,,,,,,,,,,49.2896896,31.4364115,
08:18:11.276,-3,,,,,,,,,,,,,,,,,,,,,,,,,,,,,,,,,,,,,,49.2896896,31.4364115,
08:18:11.309,,,-3,,,,,,,,,,,,,,,,,,,,,,,,,,,,,,,,,,,,49.2896896,31.4364115,
08:18:11.358,,-3,,,,,,,,,,,,,,,,,,,,,,,,,,,,,,,,,,,,,49.2896896,31.4364115,
08:18:11.394,,,,,25,,,,,,,,,,,,,,,,,,,,,,,,,,,,,,,,,,49.2896896,31.4364115,
08:18:11.431,,,,,,25,,,,,,,,,,,,,,,,,,,,,,,,,,,,,,,,,49.2896896,31.4364115,
08:18:11.466,,,,,,,24,,,,,,,,,,,,,,,,,,,,,,,,,,,,,,,,49.2896896,31.4364115,
08:18:11.503,,,,,,,,24,,,,,,,,,,,,,,,,,,,,,,,,,,,,,,,49.2896896,31.4364115,
08:18:11.538,,,,21,,,,,,,,,,,,,,,,,,,,,,,,,,,,,,,,,,,49.2896896,31.4364115,
08:18:11.622,,,,,,,,,,,,,,,,,,34,,,,,,,,,,,,,,,,,,,,,49.2896896,31.4364115,
08:18:11.660,,,,,,,,,,,,,,26,,,,,,,,,,,,,,,,,,,,,,,,,49.2896896,31.4364115,
08:18:11.694,,,,,,,,,,,,,,,,,28,,,,,,,,,,,,,,,,,,,,,,49.2896896,31.4364115,
08:18:11.743,,,,,,,,,,,,,63,,,,,,,,,,,,,,,,,,,,,,,,,,49.2896896,31.4364115,
08:18:11.777,,,,,,,,,,,,,,,1664,0.09,,,,,,,,,,,,,,,,,,,,,,,49.2896896,31.4364115,
08:18:11.806,,,,,,,,,,,,,,,,,,,,,,147,,,,,,,,,,,25,,,,0,,49.2896869,31.436408,
08:18:11.814,,,,,,,,,,,,,,,,,,,0,,,,,,,,,,,,,,,,,,,,49.2896869,31.436408,
08:18:11.885,,,,,,,,,,,,,,,,,,,,,,,,,,,,,,0,,,,,,,,,49.2896869,31.436408,
08:18:11.934,,,,,,,,,,,,,,,,,,,,,,,0,0,,,,,,,,,,,,,,,49.2896869,31.436408,
08:18:11.983,,,,,,,,,,,,,,,,,,,,0,,,,,,,,,,,,,,,,,,,49.2896869,31.436408,
08:18:12.018,,,,,,,,,,,,,,,,,,,,,,,,,,,,,,,,,,46,,,,,49.2896869,31.436408,
08:18:12.067,,,,,,,,,,,,,,,,,,,,,,,,,-0.043847797158050913,2.19,2.19,95.21,5925.69,,,27,,,,,,0,49.2896869,31.436408,
08:18:12.115,,,,,,,,,,,,,,,,,,,,,,,,,,,,,,,-0.01,,,,,99,,,49.2896869,31.436408,
08:18:12.187,,,,,,,,,,68,,,,,,,,,,,,,,,,,,,,,,,,,,,,,49.2896869,31.436408,
08:18:12.235,,,,,,,,,362.9,,,,,,,,,,,,,,,,,,,,,,,,,,,,,,49.2896869,31.436408,
08:18:12.283,,,,,,,,,,,3.792,,,,,,,,,,,,,,,,,,,,,,,,,,,,49.2896869,31.436408,
08:18:12.319,,,,,,,,,,,,3.776,,,,,,,,,,,,,,,,,,,,,,,,,,,49.2896869,31.436408,
08:18:12.366,-16,,,,,,,,,,,,,,,,,,,,,,,,,,,,,,,,,,,,,,49.2896869,31.436408,
08:18:12.426,,,-17,,,,,,,,,,,,,,,,,,,,,,,,,,,,,,,,,,,,49.2896869,31.436408,
08:18:12.511,,-18,,,,,,,,,,,,,,,,,,,,,,,,,,,,,,,,,,,,,49.2896869,31.436408,
08:18:12.608,,,,,25,,,,,,,,,,,,,,,,,,,,,,,,,,,,,,,,,,49.2896869,31.436408,
08:18:12.645,,,,,,25,,,,,,,,,,,,,,,,,,,,,,,,,,,,,,,,,49.2896869,31.436408,
08:18:12.682,,,,,,,24,,,,,,,,,,,,,,,,,,,,,,,,,,,,,,,,49.2896869,31.436408,
08:18:12.719,,,,,,,,24,,,,,,,,,,,,,,,,,,,,,,,,,,,,,,,49.2896869,31.436408,
08:18:12.753,,,,21,,,,,,,,,,,,,,,,,,,,,,,,,,,,,,,,,,,49.2896869,31.436408,
08:18:12.810,,,,,,,,,,,,,,,,,,,,,,147,,,,,,,,,,,25,,,,1.3,,49.2896882,31.4364102,
08:18:12.827,,,,,,,,,,,,,,,,,,34,,,,,,,,,,,,,,,,,,,,,49.2896882,31.4364102,
08:18:12.873,,,,,,,,,,,,,,26,,,,,,,,,,,,,,,,,,,,,,,,,49.2896882,31.4364102,
08:18:12.935,,,,,,,,,,,,,,,,,145,,,,,,,,,,,,,,,,,,,,,,49.2896882,31.4364102,
08:18:13.005,,,,,,,,,,,,,63,,,,,,,,,,,,,,,,,,,,,,,,,,49.2896882,31.4364102,
08:18:13.090,,,,,,,,,,,,,,,8736,0.53,,,,,,,,,,,,,,,,,,,,,,,49.2896882,31.4364102,
08:18:13.186,,,,,,,,,,,,,,,,,,,6,,,,,,,,,,,,,,,,,,,,49.2896882,31.4364102,
08:18:13.306,,,,,,,,,,,,,,,,,,,,,,,,,,,,,,0,,,,,,,,,49.2896882,31.4364102,
08:18:13.365,,,,,,,,,,,,,,,,,,,,,,,,,,,,,,,,,,,71,,,,49.2896882,31.4364102,
08:18:13.426,,,,,,,,,,,,,,,,,,,,,,,0,0,,,,,,,,,,,,,,,49.2896882,31.4364102,
08:18:13.487,,,,,,,,,,,,,,,,,,,,0,,,,,,,,,,,,,,,,,,,49.2896882,31.4364102,
08:18:13.546,,,,,,,,,,,,,,,,,,,,,,,,,,,,,,,,,,46,,,,,49.2896882,31.4364102,
08:18:13.606,,,,,,,,,,,,,,,,,,,,,,,,,,2.19,2.19,95.22,5925.69,,,26.9,,,,,,6,49.2896882,31.4364102,
08:18:13.665,,,,,,,,,,,,,,,,,,,,,,,,,,,,,,,-0.01,,,,,99,,,49.2896882,31.4364102,
08:18:13.751,,,,,,,,,,67.5,,,,,,,,,,,,,,,,,,,,,,,,,,,,,49.2896882,31.4364102,
08:18:13.807,,,,,,,,,,,,,,,,,,,,,,147,,,,,,,,,,,24.9,,,,9.3,,49.2897031,31.4364209,
08:18:13.823,,,,,,,,,360.3,,,,,,,,,,,,,,,,,,,,,,,,,,,,,,49.2897031,31.4364209,
08:18:13.869,,,,,,,,,,,3.77,,,,,,,,,,,,,,,,,,,,,,,,,,,,49.2897031,31.4364209,
08:18:13.930,,,,,,,,,,,,3.759,,,,,,,,,,,,,,,,,,,,,,,,,,,49.2897031,31.4364209,
08:18:13.970,-24,,,,,,,,,,,,,,,,,,,,,,,,,,,,,,,,,,,,,,49.2897031,31.4364209,
08:18:14.007,,,-24,,,,,,,,,,,,,,,,,,,,,,,,,,,,,,,,,,,,49.2897031,31.4364209,
08:18:14.054,,-24,,,,,,,,,,,,,,,,,,,,,,,,,,,,,,,,,,,,,49.2897031,31.4364209,
08:18:14.091,,,,,25,,,,,,,,,,,,,,,,,,,,,,,,,,,,,,,,,,49.2897031,31.4364209,
08:18:14.139,,,,,,25,,,,,,,,,,,,,,,,,,,,,,,,,,,,,,,,,49.2897031,31.4364209,
08:18:14.186,,,,,,,24,,,,,,,,,,,,,,,,,,,,,,,,,,,,,,,,49.2897031,31.4364209,
08:18:14.222,,,,,,,,24,,,,,,,,,,,,,,,,,,,,,,,,,,,,,,,49.2897031,31.4364209,
08:18:14.270,,,,21,,,,,,,,,,,,,,,,,,,,,,,,,,,,,,,,,,,49.2897031,31.4364209,
08:18:14.343,,,,,,,,,,,,,,,,,,35,,,,,,,,,,,,,,,,,,,,,49.2897031,31.4364209,
08:18:14.379,,,,,,,,,,,,,,26,,,,,,,,,,,,,,,,,,,,,,,,,49.2897031,31.4364209,
08:18:14.403,,,,,,,,,,,,,,,,,85,,,,,,,,,,,,,,,,,,,,,,49.2897031,31.4364209,
08:18:14.439,,,,,,,,,,,,,63,,,,,,,,,,,,,,,,,,,,,,,,,,49.2897031,31.4364209,
08:18:14.499,,,,,,,,,,,,,,,5312,0.31,,,,,,,,,,,,,,,,,,,,,,,49.2897031,31.4364209,
08:18:14.535,,,,,,,,,,,,,,,,,,,11,,,,,,,,,,,,,,,,,,,,49.2897031,31.4364209,
08:18:14.618,,,,,,,,,,,,,,,,,,,,,,,,,,,,,,0,,,,,,,,,49.2897031,31.4364209,
08:18:14.653,,,,,,,,,,,,,,,,,,,,,,,0,0,,,,,,,,,,,,,,,49.2897031,31.4364209,
08:18:14.691,,,,,,,,,,,,,,,,,,,,0,,,,,,,,,,,,,,,,,,,49.2897031,31.4364209,
08:18:14.737,,,,,,,,,,,,,,,,,,,,,,,,,,,,,,,,,,46,,,,,49.2897031,31.4364209,
08:18:14.775,,,,,,,,,,,,,,,,,,,,,,,,,,2.19,2.19,95.22,5925.7,,,26.8,,,,,,10,49.2897031,31.4364209,
08:18:14.811,,,,,,,,,,,,,,,,,,,,,,,,,,,,,,,-0.01,,,,,99,,,49.2897031,31.4364209,
08:18:14.812,,,,,,,,,,,,,,,,,,,,,,147,,,,,,,,,,,24.9,,,,11.6,,49.2897253,31.4364415,
08:18:14.894,,,,,,,,,,67.5,,,,,,,,,,,,,,,,,,,,,,,,,,,,,49.2897253,31.4364415,
08:18:14.930,,,,,,,,,359.7,,,,,,,,,,,,,,,,,,,,,,,,,,,,,,49.2897253,31.4364415,
08:18:14.965,,,,,,,,,,,3.766,,,,,,,,,,,,,,,,,,,,,,,,,,,,49.2897253,31.4364415,
08:18:15.015,,,,,,,,,,,,3.748,,,,,,,,,,,,,,,,,,,,,,,,,,,49.2897253,31.4364415,
08:18:15.062,-29,,,,,,,,,,,,,,,,,,,,,,,,,,,,,,,,,,,,,,49.2897253,31.4364415,
08:18:15.111,,,-29,,,,,,,,,,,,,,,,,,,,,,,,,,,,,,,,,,,,49.2897253,31.4364415,
08:18:15.147,,-30,,,,,,,,,,,,,,,,,,,,,,,,,,,,,,,,,,,,,49.2897253,31.4364415,
08:18:15.183,,,,,25,,,,,,,,,,,,,,,,,,,,,,,,,,,,,,,,,,49.2897253,31.4364415,
08:18:15.219,,,,,,25,,,,,,,,,,,,,,,,,,,,,,,,,,,,,,,,,49.2897253,31.4364415,
08:18:15.267,,,,,,,24,,,,,,,,,,,,,,,,,,,,,,,,,,,,,,,,49.2897253,31.4364415,
08:18:15.303,,,,,,,,24,,,,,,,,,,,,,,,,,,,,,,,,,,,,,,,49.2897253,31.4364415,
08:18:15.338,,,,21,,,,,,,,,,,,,,,,,,,,,,,,,,,,,,,,,,,49.2897253,31.4364415,
08:18:15.398,,,,,,,,,,,,,,,,,,35,,,,,,,,,,,,,,,,,,,,,49.2897253,31.4364415,
08:18:15.447,,,,,,,,,,,,,,26,,,,,,,,,,,,,,,,,,,,,,,,,49.2897253,31.4364415,
08:18:15.507,,,,,,,,,,,,,,,,,84,,,,,,,,,,,,,,,,,,,,,,49.2897253,31.4364415,
08:18:15.555,,,,,,,,,,,,,63,,,,,,,,,,,,,,,,,,,,,,,,,,49.2897253,31.4364415,
08:18:15.614,,,,,,,,,,,,,,,4928,0.3,,,,,,,,,,,,,,,,,,,,,,,49.2897253,31.4364415,
08:18:15.686,,,,,,,,,,,,,,,,,,,14,,,,,,,,,,,,,,,,,,,,49.2897253,31.4364415,
08:18:15.800,,,,,,,,,,,,,,,,,,,,,,147,,,,,,,,,,,24.8,,,,13.6,,49.2897444,31.4364782,
08:18:15.818,,,,,,,,,,,,,,,,,,,,,,,,,,,,,,0,,,,,,,,,49.2897444,31.4364782,
08:18:15.855,,,,,,,,,,,,,,,,,,,,,,,,,,,,,,,,,,,71,,,,49.2897444,31.4364782,
08:18:15.891,,,,,,,,,,,,,,,,,,,,,,,0,0,,,,,,,,,,,,,,,49.2897444,31.4364782,
08:18:15.927,,,,,,,,,,,,,,,,,,,,0,,,,,,,,,,,,,,,,,,,49.2897444,31.4364782,
08:18:15.962,,,,,,,,,,,,,,,,,,,,,,,,,,,,,,,,,,46,,,,,49.2897444,31.4364782,
08:18:15.998,,,,,,,,,,,,,,,,,,,,,,,,,0.07851814839930048,2.2,2.2,95.23,5925.7,,,26.8,,,,,,14,49.2897444,31.4364782,
08:18:16.046,,,,,,,,,,,,,,,,,,,,,,,,,,,,,,,-0.01,,,,,99,,,49.2897444,31.4364782,
08:18:16.119,,,,,,,,,,67.5,,,,,,,,,,,,,,,,,,,,,,,,,,,,,49.2897444,31.4364782,
08:18:16.154,,,,,,,,,363.7,,,,,,,,,,,,,,,,,,,,,,,,,,,,,,49.2897444,31.4364782,
08:18:16.201,,,,,,,,,,,3.784,,,,,,,,,,,,,,,,,,,,,,,,,,,,49.2897444,31.4364782,
08:18:16.239,,,,,,,,,,,,3.781,,,,,,,,,,,,,,,,,,,,,,,,,,,49.2897444,31.4364782,
08:18:16.275,4,,,,,,,,,,,,,,,,,,,,,,,,,,,,,,,,,,,,,,49.2897444,31.4364782,
08:18:16.310,,,4,,,,,,,,,,,,,,,,,,,,,,,,,,,,,,,,,,,,49.2897444,31.4364782,
08:18:16.346,,5,,,,,,,,,,,,,,,,,,,,,,,,,,,,,,,,,,,,,49.2897444,31.4364782,
08:18:16.383,,,,,25,,,,,,,,,,,,,,,,,,,,,,,,,,,,,,,,,,49.2897444,31.4364782,
08:18:16.418,,,,,,25,,,,,,,,,,,,,,,,,,,,,,,,,,,,,,,,,49.2897444,31.4364782,
08:18:16.455,,,,,,,24,,,,,,,,,,,,,,,,,,,,,,,,,,,,,,,,49.2897444,31.4364782,
08:18:16.503,,,,,,,,24,,,,,,,,,,,,,,,,,,,,,,,,,,,,,,,49.2897444,31.4364782,
08:18:16.550,,,,21,,,,,,,,,,,,,,,,,,,,,,,,,,,,,,,,,,,49.2897444,31.4364782,
08:18:16.623,,,,,,,,,,,,,,,,,,35,,,,,,,,,,,,,,,,,,,,,49.2897444,31.4364782,
08:18:16.670,,,,,,,,,,,,,,26,,,,,,,,,,,,,,,,,,,,,,,,,49.2897444,31.4364782,
08:18:16.706,,,,,,,,,,,,,,,,,-40,,,,,,,,,,,,,,,,,,,,,,49.2897444,31.4364782,
08:18:16.742,,,,,,,,,,,,,63,,,,,,,,,,,,,,,,,,,,,,,,,,49.2897444,31.4364782,
08:18:16.778,,,,,,,,,,,,,,,-2528,-0.16,,,,,,,,,,,,,,,,,,,,,,,49.2897444,31.4364782,
08:18:16.805,,,,,,,,,,,,,,,,,,,,,,147,,,,,,,,,,,24.8,,,,14.9,,49.2897544,31.4365293,
08:18:16.813,,,,,,,,,,,,,,,,,,,13,,,,,,,,,,,,,,,,,,,,49.2897544,31.4365293,
08:18:16.899,,,,,,,,,,,,,,,,,,,,,,,,,,,,,,0,,,,,,,,,49.2897544,31.4365293,
08:18:16.947,,,,,,,,,,,,,,,,,,,,,,,0,0,,,,,,,,,,,,,,,49.2897544,31.4365293,
08:18:16.996,,,,,,,,,,,,,,,,,,,,0,,,,,,,,,,,,,,,,,,,49.2897544,31.4365293,
08:18:17.045,,,,,,,,,,,,,,,,,,,,,,,,,,,,,,,,,,46,,,,,49.2897544,31.4365293,
08:18:17.083,,,,,,,,,,,,,,,,,,,,,,,,,,2.2,2.2,95.23,5925.71,,,26.7,,,,,,12,49.2897544,31.4365293,
08:18:17.131,,,,,,,,,,,,,,,,,,,,,,,,,,,,,,,-0.01,,,,,99,,,49.2897544,31.4365293,
08:18:17.202,,,,,,,,,,67.5,,,,,,,,,,,,,,,,,,,,,,,,,,,,,49.2897544,31.4365293,
08:18:17.250,,,,,,,,,364.3,,,,,,,,,,,,,,,,,,,,,,,,,,,,,,49.2897544,31.4365293,
08:18:17.299,,,,,,,,,,,3.794,,,,,,,,,,,,,,,,,,,,,,,,,,,,49.2897544,31.4365293,
08:18:17.334,,,,,,,,,,,,3.783,,,,,,,,,,,,,,,,,,,,,,,,,,,49.2897544,31.4365293,
08:18:17.383,-2,,,,,,,,,,,,,,,,,,,,,,,,,,,,,,,,,,,,,,49.2897544,31.4365293,
08:18:17.430,,,-2,,,,,,,,,,,,,,,,,,,,,,,,,,,,,,,,,,,,49.2897544,31.4365293,
08:18:17.479,,-2,,,,,,,,,,,,,,,,,,,,,,,,,,,,,,,,,,,,,49.2897544,31.4365293,
08:18:17.514,,,,,25,,,,,,,,,,,,,,,,,,,,,,,,,,,,,,,,,,49.2897544,31.4365293,
08:18:17.552,,,,,,25,,,,,,,,,,,,,,,,,,,,,,,,,,,,,,,,,49.2897544,31.4365293,
08:18:17.586,,,,,,,24,,,,,,,,,,,,,,,,,,,,,,,,,,,,,,,,49.2897544,31.4365293,
08:18:17.623,,,,,,,,24,,,,,,,,,,,,,,,,,,,,,,,,,,,,,,,49.2897544,31.4365293,
08:18:17.670,,,,21,,,,,,,,,,,,,,,,,,,,,,,,,,,,,,,,,,,49.2897544,31.4365293,
08:18:17.743,,,,,,,,,,,,,,,,,,35,,,,,,,,,,,,,,,,,,,,,49.2897544,31.4365293,
08:18:17.778,,,,,,,,,,,,,,26,,,,,,,,,,,,,,,,,,,,,,,,,49.2897544,31.4365293,
08:18:17.804,,,,,,,,,,,,,,,,,,,,,,147,,,,,,,,,,,24.8,,,,11.5,,49.2897526,31.4365768,
08:18:17.814,,,,,,,,,,,,,,,,,3,,,,,,,,,,,,,,,,,,,,,,49.2897526,31.4365768,
08:18:17.850,,,,,,,,,,,,,63,,,,,,,,,,,,,,,,,,,,,,,,,,49.2897526,31.4365768,
08:18:17.886,,,,,,,,,,,,,,,96,0,,,,,,,,,,,,,,,,,,,,,,,49.2897526,31.4365768,
08:18:17.922,,,,,,,,,,,,,,,,,,,12,,,,,,,,,,,,,,,,,,,,49.2897526,31.4365768,
08:18:17.995,,,,,,,,,,,,,,,,,,,,,,,,,,,,,,0,,,,,,,,,49.2897526,31.4365768,
08:18:18.030,,,,,,,,,,,,,,,,,,,,,,,,,,,,,,,,,,,71,,,,49.2897526,31.4365768,
08:18:18.066,,,,,,,,,,,,,,,,,,,,,,,0,0,,,,,,,,,,,,,,,49.2897526,31.4365768,
08:18:18.115,,,,,,,,,,,,,,,,,,,,0,,,,,,,,,,,,,,,,,,,49.2897526,31.4365768,
08:18:18.149,,,,,,,,,,,,,,,,,,,,,,,,,,,,,,,,,,46,,,,,49.2897526,31.4365768,
08:18:18.211,,,,,,,,,,,,,,,,,,,,,,,,,,2.2,2.2,95.23,5925.71,,,26.7,,,,,,11,49.2897526,31.4365768,
08:18:18.247,,,,,,,,,,,,,,,,,,,,,,,,,,,,,,,-0.01,,,,,99,,,49.2897526,31.4365768,
08:18:18.307,,,,,,,,,,67.5,,,,,,,,,,,,,,,,,,,,,,,,,,,,,49.2897526,31.4365768,
08:18:18.343,,,,,,,,,363.9,,,,,,,,,,,,,,,,,,,,,,,,,,,,,,49.2897526,31.4365768,
08:18:18.377,,,,,,,,,,,3.784,,,,,,,,,,,,,,,,,,,,,,,,,,,,49.2897526,31.4365768,
08:18:18.415,,,,,,,,,,,,3.773,,,,,,,,,,,,,,,,,,,,,,,,,,,49.2897526,31.4365768,
08:18:18.451,-8,,,,,,,,,,,,,,,,,,,,,,,,,,,,,,,,,,,,,,49.2897526,31.4365768,
08:18:18.487,,,-9,,,,,,,,,,,,,,,,,,,,,,,,,,,,,,,,,,,,49.2897526,31.4365768,
08:18:18.523,,-8,,,,,,,,,,,,,,,,,,,,,,,,,,,,,,,,,,,,,49.2897526,31.4365768,
08:18:18.570,,,,,25,,,,,,,,,,,,,,,,,,,,,,,,,,,,,,,,,,49.2897526,31.4365768,
08:18:18.606,,,,,,25,,,,,,,,,,,,,,,,,,,,,,,,,,,,,,,,,49.2897526,31.4365768,
08:18:18.654,,,,,,,24,,,,,,,,,,,,,,,,,,,,,,,,,,,,,,,,49.2897526,31.4365768,
08:18:18.714,,,,,,,,24,,,,,,,,,,,,,,,,,,,,,,,,,,,,,,,49.2897526,31.4365768,
08:18:18.787,,,,21,,,,,,,,,,,,,,,,,,,,,,,,,,,,,,,,,,,49.2897526,31.4365768,
08:18:18.805,,,,,,,,,,,,,,,,,,,,,,147,,,,,,,,,,,24.7,,,,11.7,,49.2897452,31.4366225,
08:18:18.954,,,,,,,,,,,,,,,,,,36,,,,,,,,,,,,,,,,,,,,,49.2897452,31.4366225,
08:18:18.990,,,,,,,,,,,,,,26,,,,,,,,,,,,,,,,,,,,,,,,,49.2897452,31.4366225,
08:18:19.026,,,,,,,,,,,,,,,,,91,,,,,,,,,,,,,,,,,,,,,,49.2897452,31.4366225,
08:18:19.075,,,,,,,,,,,,,63,,,,,,,,,,,,,,,,,,,,,,,,,,49.2897452,31.4366225,
08:18:19.110,,,,,,,,,,,,,,,6208,0.38,,,,,,,,,,,,,,,,,,,,,,,49.2897452,31.4366225,
08:18:19.145,,,,,,,,,,,,,,,,,,,13,,,,,,,,,,,,,,,,,,,,49.2897452,31.4366225,
08:18:19.218,,,,,,,,,,,,,,,,,,,,,,,,,,,,,,0,,,,,,,,,49.2897452,31.4366225,
08:18:19.254,,,,,,,,,,,,,,,,,,,,,,,0,0,,,,,,,,,,,,,,,49.2897452,31.4366225,
08:18:19.291,,,,,,,,,,,,,,,,,,,,0,,,,,,,,,,,,,,,,,,,49.2897452,31.4366225,
08:18:19.327,,,,,,,,,,,,,,,,,,,,,,,,,,,,,,,,,,46,,,,,49.2897452,31.4366225,
08:18:19.386,,,,,,,,,,,,,,,,,,,,,,,,,,2.21,2.21,95.24,5925.71,,,26.6,,,,,,13,49.2897452,31.4366225,
08:18:19.434,,,,,,,,,,,,,,,,,,,,,,,,,,,,,,,-0.01,,,,,99,,,49.2897452,31.4366225,
08:18:19.495,,,,,,,,,,67,,,,,,,,,,,,,,,,,,,,,,,,,,,,,49.2897452,31.4366225,
08:18:19.531,,,,,,,,,357.9,,,,,,,,,,,,,,,,,,,,,,,,,,,,,,49.2897452,31.4366225,
08:18:19.565,,,,,,,,,,,3.729,,,,,,,,,,,,,,,,,,,,,,,,,,,,49.2897452,31.4366225,
08:18:19.603,,,,,,,,,,,,3.709,,,,,,,,,,,,,,,,,,,,,,,,,,,49.2897452,31.4366225,
08:18:19.650,-58,,,,,,,,,,,,,,,,,,,,,,,,,,,,,,,,,,,,,,49.2897452,31.4366225,
08:18:19.686,,,-1600,,,,,,,,,,,,,,,,,,,,,,,,,,,,,,,,,,,,49.2897452,31.4366225,
08:18:19.723,,-61,,,,,,,,,,,,,,,,,,,,,,,,,,,,,,,,,,,,,49.2897452,31.4366225,
08:18:19.782,,,,,25,,,,,,,,,,,,,,,,,,,,,,,,,,,,,,,,,,49.2897452,31.4366225,
08:18:19.804,,,,,,,,,,,,,,,,,,,,,,147,,,,,,,,,,,24.7,,,,15,,49.2897376,31.4366753,
08:18:19.818,,,,,,25,,,,,,,,,,,,,,,,,,,,,,,,,,,,,,,,,49.2897376,31.4366753,
08:18:19.855,,,,,,,24,,,,,,,,,,,,,,,,,,,,,,,,,,,,,,,,49.2897376,31.4366753,
08:18:19.889,,,,,,,,24,,,,,,,,,,,,,,,,,,,,,,,,,,,,,,,49.2897376,31.4366753,
08:18:19.926,,,,21,,,,,,,,,,,,,,,,,,,,,,,,,,,,,,,,,,,49.2897376,31.4366753,
08:18:19.997,,,,,,,,,,,,,,,,,,36,,,,,,,,,,,,,,,,,,,,,49.2897376,31.4366753,
08:18:20.035,,,,,,,,,,,,,,26,,,,,,,,,,,,,,,,,,,,,,,,,49.2897376,31.4366753,
08:18:20.081,,,,,,,,,,,,,,,,,154,,,,,,,,,,,,,,,,,,,,,,49.2897376,31.4366753,
08:18:20.119,,,,,,,,,,,,,63,,,,,,,,,,,,,,,,,,,,,,,,,,49.2897376,31.4366753,
08:18:20.167,,,,,,,,,,,,,,,9792,0.59,,,,,,,,,,,,,,,,,,,,,,,49.2897376,31.4366753,
08:18:20.203,,,,,,,,,,,,,,,,,,,19,,,,,,,,,,,,,,,,,,,,49.2897376,31.4366753,
08:18:20.275,,,,,,,,,,,,,,,,,,,,,,,,,,,,,,0,,,,,,,,,49.2897376,31.4366753,
08:18:20.323,,,,,,,,,,,,,,,,,,,,,,,,,,,,,,,,,,,71,,,,49.2897376,31.4366753,
08:18:20.370,,,,,,,,,,,,,,,,,,,,,,,0,0,,,,,,,,,,,,,,,49.2897376,31.4366753,
08:18:20.419,,,,,,,,,,,,,,,,,,,,0,,,,,,,,,,,,,,,,,,,49.2897376,31.4366753,
08:18:20.467,,,,,,,,,,,,,,,,,,,,,,,,,,,,,,,,,,46,,,,,49.2897376,31.4366753,
08:18:20.526,,,,,,,,,,,,,,,,,,,,,,,,,,2.21,2.21,95.24,5925.72,,,26.6,,,,,,19,49.2897376,31.4366753,
08:18:20.574,,,,,,,,,,,,,,,,,,,,,,,,,,,,,,,-0.01,,,,,99,,,49.2897376,31.4366753,
08:18:20.647,,,,,,,,,,67,,,,,,,,,,,,,,,,,,,,,,,,,,,,,49.2897376,31.4366753,
08:18:20.683,,,,,,,,,355.2,,,,,,,,,,,,,,,,,,,,,,,,,,,,,,49.2897376,31.4366753,
08:18:20.731,,,,,,,,,,,3.698,,,,,,,,,,,,,,,,,,,,,,,,,,,,49.2897376,31.4366753,
08:18:20.767,,,,,,,,,,,,3.682,,,,,,,,,,,,,,,,,,,,,,,,,,,49.2897376,31.4366753,
08:18:20.802,-69,,,,,,,,,,,,,,,,,,,,,,,,,,,,,,,,,,,,,,49.2897376,31.4366753,
08:18:20.806,,,,,,,,,,,,,,,,,,,,,,147,,,,,,,,,,,24.7,,,,22.6,,49.2897225,31.4367552,
08:18:20.850,,,-1600,,,,,,,,,,,,,,,,,,,,,,,,,,,,,,,,,,,,49.2897225,31.4367552,
08:18:20.886,,-68,,,,,,,,,,,,,,,,,,,,,,,,,,,,,,,,,,,,,49.2897225,31.4367552,
08:18:20.921,,,,,25,,,,,,,,,,,,,,,,,,,,,,,,,,,,,,,,,,49.2897225,31.4367552,
08:18:20.959,,,,,,25,,,,,,,,,,,,,,,,,,,,,,,,,,,,,,,,,49.2897225,31.4367552,
08:18:20.995,,,,,,,24,,,,,,,,,,,,,,,,,,,,,,,,,,,,,,,,49.2897225,31.4367552,
08:18:21.031,,,,,,,,24,,,,,,,,,,,,,,,,,,,,,,,,,,,,,,,49.2897225,31.4367552,
08:18:21.078,,,,21,,,,,,,,,,,,,,,,,,,,,,,,,,,,,,,,,,,49.2897225,31.4367552,
08:18:21.139,,,,,,,,,,,,,,,,,,36,,,,,,,,,,,,,,,,,,,,,49.2897225,31.4367552,
08:18:21.175,,,,,,,,,,,,,,26,,,,,,,,,,,,,,,,,,,,,,,,,49.2897225,31.4367552,
08:18:21.211,,,,,,,,,,,,,,,,,115,,,,,,,,,,,,,,,,,,,,,,49.2897225,31.4367552,
08:18:21.247,,,,,,,,,,,,,63,,,,,,,,,,,,,,,,,,,,,,,,,,49.2897225,31.4367552,
08:18:21.282,,,,,,,,,,,,,,,7392,0.44,,,,,,,,,,,,,,,,,,,,,,,49.2897225,31.4367552,
08:18:21.319,,,,,,,,,,,,,,,,,,,25,,,,,,,,,,,,,,,,,,,,49.2897225,31.4367552,
08:18:21.390,,,,,,,,,,,,,,,,,,,,,,,,,,,,,,0,,,,,,,,,49.2897225,31.4367552,
08:18:21.426,,,,,,,,,,,,,,,,,,,,,,,0,0,,,,,,,,,,,,,,,49.2897225,31.4367552,
08:18:21.475,,,,,,,,,,,,,,,,,,,,0,,,,,,,,,,,,,,,,,,,49.2897225,31.4367552,
08:18:21.546,,,,,,,,,,,,,,,,,,,,,,,,,,,,,,,,,,46,,,,,49.2897225,31.4367552,
08:18:21.619,,,,,,,,,,,,,,,,,,,,,,,,,,2.22,2.22,95.25,5925.73,,,26.6,,,,,,25,49.2897225,31.4367552,
08:18:21.701,,,,,,,,,,,,,,,,,,,,,,,,,,,,,,,-0.01,,,,,99,,,49.2897225,31.4367552,
08:18:21.801,,,,,,,,,,,,,,,,,,,,,,147,,,,,,,,,,,24.7,,,,28,,49.2897146,31.4368527,
08:18:21.810,,,,,,,,,,66.5,,,,,,,,,,,,,,,,,,,,,,,,,,,,,49.2897146,31.4368527,
08:18:21.847,,,,,,,,,356.3,,,,,,,,,,,,,,,,,,,,,,,,,,,,,,49.2897146,31.4368527,
08:18:21.883,,,,,,,,,,,3.71,,,,,,,,,,,,,,,,,,,,,,,,,,,,49.2897146,31.4368527,
08:18:21.919,,,,,,,,,,,,3.695,,,,,,,,,,,,,,,,,,,,,,,,,,,49.2897146,31.4368527,
08:18:21.954,-51,,,,,,,,,,,,,,,,,,,,,,,,,,,,,,,,,,,,,,49.2897146,31.4368527,
08:18:22.001,,,-1600,,,,,,,,,,,,,,,,,,,,,,,,,,,,,,,,,,,,49.2897146,31.4368527,
08:18:22.039,,-50,,,,,,,,,,,,,,,,,,,,,,,,,,,,,,,,,,,,,49.2897146,31.4368527,
08:18:22.073,,,,,25,,,,,,,,,,,,,,,,,,,,,,,,,,,,,,,,,,49.2897146,31.4368527,
08:18:22.110,,,,,,25,,,,,,,,,,,,,,,,,,,,,,,,,,,,,,,,,49.2897146,31.4368527,
08:18:22.146,,,,,,,24,,,,,,,,,,,,,,,,,,,,,,,,,,,,,,,,49.2897146,31.4368527,
08:18:22.183,,,,,,,,24,,,,,,,,,,,,,,,,,,,,,,,,,,,,,,,49.2897146,31.4368527,
08:18:22.219,,,,21,,,,,,,,,,,,,,,,,,,,,,,,,,,,,,,,,,,49.2897146,31.4368527,
08:18:22.278,,,,,,,,,,,,,,,,,,36,,,,,,,,,,,,,,,,,,,,,49.2897146,31.4368527,
08:18:22.315,,,,,,,,,,,,,,27,,,,,,,,,,,,,,,,,,,,,,,,,49.2897146,31.4368527,
08:18:22.362,,,,,,,,,,,,,,,,,77,,,,,,,,,,,,,,,,,,,,,,49.2897146,31.4368527,
08:18:22.398,,,,,,,,,,,,,61,,,,,,,,,,,,,,,,,,,,,,,,,,49.2897146,31.4368527,
08:18:22.446,,,,,,,,,,,,,,,4864,0.3,,,,,,,,,,,,,,,,,,,,,,,49.2897146,31.4368527,
08:18:22.493,,,,,,,,,,,,,,,,,,,29,,,,,,,,,,,,,,,,,,,,49.2897146,31.4368527,
08:18:22.567,,,,,,,,,,,,,,,,,,,,,,,,,,,,,,0,,,,,,,,,49.2897146,31.4368527,
08:18:22.614,,,,,,,,,,,,,,,,,,,,,,,,,,,,,,,,,,,71,,,,49.2897146,31.4368527,
08:18:22.649,,,,,,,,,,,,,,,,,,,,,,,0,0,,,,,,,,,,,,,,,49.2897146,31.4368527,
08:18:22.698,,,,,,,,,,,,,,,,,,,,0,,,,,,,,,,,,,,,,,,,49.2897146,31.4368527,
08:18:22.745,,,,,,,,,,,,,,,,,,,,,,,,,,,,,,,,,,46,,,,,49.2897146,31.4368527,
08:18:22.795,,,,,,,,,,,,,,,,,,,,,,,,,0.10503076993672662,2.23,2.23,95.26,5925.74,,,26.6,,,,,,28,49.2897146,31.4368527,
08:18:22.808,,,,,,,,,,,,,,,,,,,,,,147,,,,,,,,,,,24.7,,,,30.3,,49.2897044,31.4369575,
08:18:22.847,,,,,,,,,,,,,,,,,,,,,,,,,,,,,,,-0.01,,,,,99,,,49.2897044,31.4369575,
08:18:22.918,,,,,,,,,,66,,,,,,,,,,,,,,,,,,,,,,,,,,,,,49.2897044,31.4369575,
08:18:22.967,,,,,,,,,356.3,,,,,,,,,,,,,,,,,,,,,,,,,,,,,,49.2897044,31.4369575,
08:18:23.015,,,,,,,,,,,3.723,,,,,,,,,,,,,,,,,,,,,,,,,,,,49.2897044,31.4369575,
08:18:23.051,,,,,,,,,,,,3.711,,,,,,,,,,,,,,,,,,,,,,,,,,,49.2897044,31.4369575,
08:18:23.097,-30,,,,,,,,,,,,,,,,,,,,,,,,,,,,,,,,,,,,,,49.2897044,31.4369575,
08:18:23.135,,,-30,,,,,,,,,,,,,,,,,,,,,,,,,,,,,,,,,,,,49.2897044,31.4369575,
08:18:23.169,,-30,,,,,,,,,,,,,,,,,,,,,,,,,,,,,,,,,,,,,49.2897044,31.4369575,
08:18:23.219,,,,,25,,,,,,,,,,,,,,,,,,,,,,,,,,,,,,,,,,49.2897044,31.4369575,
08:18:23.254,,,,,,25,,,,,,,,,,,,,,,,,,,,,,,,,,,,,,,,,49.2897044,31.4369575,
08:18:23.291,,,,,,,24,,,,,,,,,,,,,,,,,,,,,,,,,,,,,,,,49.2897044,31.4369575,
08:18:23.325,,,,,,,,24,,,,,,,,,,,,,,,,,,,,,,,,,,,,,,,49.2897044,31.4369575,
08:18:23.350,,,,21,,,,,,,,,,,,,,,,,,,,,,,,,,,,,,,,,,,49.2897044,31.4369575,
08:18:23.423,,,,,,,,,,,,,,,,,,36,,,,,,,,,,,,,,,,,,,,,49.2897044,31.4369575,
08:18:23.471,,,,,,,,,,,,,,27,,,,,,,,,,,,,,,,,,,,,,,,,49.2897044,31.4369575,
08:18:23.505,,,,,,,,,,,,,,,,,14,,,,,,,,,,,,,,,,,,,,,,49.2897044,31.4369575,
08:18:23.555,,,,,,,,,,,,,61,,,,,,,,,,,,,,,,,,,,,,,,,,49.2897044,31.4369575,
08:18:23.601,,,,,,,,,,,,,,,704,0.03,,,,,,,,,,,,,,,,,,,,,,,49.2897044,31.4369575,
08:18:23.639,,,,,,,,,,,,,,,,,,,30,,,,,,,,,,,,,,,,,,,,49.2897044,31.4369575,
08:18:23.722,,,,,,,,,,,,,,,,,,,,,,,,,,,,,,0,,,,,,,,,49.2897044,31.4369575,
08:18:23.769,,,,,,,,,,,,,,,,,,,,,,,0,0,,,,,,,,,,,,,,,49.2897044,31.4369575,
08:18:23.806,,,,,,,,,,,,,,,,,,,,,,147,,,,,,,,,,,24.7,,,,31.4,,49.289696,31.4370747,
08:18:23.806,,,,,,,,,,,,,,,,,,,,0,,,,,,,,,,,,,,,,,,,49.289696,31.4370747,
08:18:23.855,,,,,,,,,,,,,,,,,,,,,,,,,,,,,,,,,,46,,,,,49.289696,31.4370747,
08:18:23.890,,,,,,,,,,,,,,,,,,,,,,,,,0.10707020236268247,2.24,2.24,95.27,5925.75,,,26.6,,,,,,30,49.289696,31.4370747,
08:18:23.927,,,,,,,,,,,,,,,,,,,,,,,,,,,,,,,-0.01,,,,,99,,,49.289696,31.4370747,
08:18:23.986,,,,,,,,,,66,,,,,,,,,,,,,,,,,,,,,,,,,,,,,49.289696,31.4370747,
08:18:24.034,,,,,,,,,359.7,,,,,,,,,,,,,,,,,,,,,,,,,,,,,,49.289696,31.4370747,
08:18:24.095,,,,,,,,,,,3.757,,,,,,,,,,,,,,,,,,,,,,,,,,,,49.289696,31.4370747,
08:18:24.142,,,,,,,,,,,,3.747,,,,,,,,,,,,,,,,,,,,,,,,,,,49.289696,31.4370747,
08:18:24.190,-6,,,,,,,,,,,,,,,,,,,,,,,,,,,,,,,,,,,,,,49.289696,31.4370747,
08:18:24.239,,,-7,,,,,,,,,,,,,,,,,,,,,,,,,,,,,,,,,,,,49.289696,31.4370747,
08:18:24.274,,-9,,,,,,,,,,,,,,,,,,,,,,,,,,,,,,,,,,,,,49.289696,31.4370747,
08:18:24.311,,,,,25,,,,,,,,,,,,,,,,,,,,,,,,,,,,,,,,,,49.289696,31.4370747,
08:18:24.347,,,,,,25,,,,,,,,,,,,,,,,,,,,,,,,,,,,,,,,,49.289696,31.4370747,
08:18:24.394,,,,,,,24,,,,,,,,,,,,,,,,,,,,,,,,,,,,,,,,49.289696,31.4370747,
08:18:24.429,,,,,,,,24,,,,,,,,,,,,,,,,,,,,,,,,,,,,,,,49.289696,31.4370747,
08:18:24.466,,,,21,,,,,,,,,,,,,,,,,,,,,,,,,,,,,,,,,,,49.289696,31.4370747,
08:18:24.538,,,,,,,,,,,,,,,,,,37,,,,,,,,,,,,,,,,,,,,,49.289696,31.4370747,
08:18:24.598,,,,,,,,,,,,,,27,,,,,,,,,,,,,,,,,,,,,,,,,49.289696,31.4370747,
08:18:24.623,,,,,,,,,,,,,,,,,48,,,,,,,,,,,,,,,,,,,,,,49.289696,31.4370747,
08:18:24.658,,,,,,,,,,,,,61,,,,,,,,,,,,,,,,,,,,,,,,,,49.289696,31.4370747,
08:18:24.694,,,,,,,,,,,,,,,3072,0.19,,,,,,,,,,,,,,,,,,,,,,,49.289696,31.4370747,
08:18:24.730,,,,,,,,,,,,,,,,,,,31,,,,,,,,,,,,,,,,,,,,49.289696,31.4370747,
08:18:24.803,,,,,,,,,,,,,,,,,,,,,,,,,,,,,,0,,,,,,,,,49.289696,31.4370747,
08:18:24.804,,,,,,,,,,,,,,,,,,,,,,147,,,,,,,,,,,24.8,,,,30.5,,49.2896885,31.4371883,
08:18:24.851,,,,,,,,,,,,,,,,,,,,,,,,,,,,,,,,,,,71,,,,49.2896885,31.4371883,
08:18:24.887,,,,,,,,,,,,,,,,,,,,,,,0,0,,,,,,,,,,,,,,,49.2896885,31.4371883,
08:18:24.934,,,,,,,,,,,,,,,,,,,,0,,,,,,,,,,,,,,,,,,,49.2896885,31.4371883,
08:18:24.970,,,,,,,,,,,,,,,,,,,,,,,,,,,,,,,,,,46,,,,,49.2896885,31.4371883,
08:18:25.006,,,,,,,,,,,,,,,,,,,,,,,,,0.06934070248249913,2.25,2.25,95.28,5925.75,,,26.6,,,,,,30,49.2896885,31.4371883,
08:18:25.054,,,,,,,,,,,,,,,,,,,,,,,,,,,,,,,-0.01,,,,,99,,,49.2896885,31.4371883,
08:18:25.151,,,,,,,,,,66,,,,,,,,,,,,,,,,,,,,,,,,,,,,,49.2896885,31.4371883,
08:18:25.234,,,,,,,,,356.6,,,,,,,,,,,,,,,,,,,,,,,,,,,,,,49.2896885,31.4371883,
08:18:25.307,,,,,,,,,,,3.723,,,,,,,,,,,,,,,,,,,,,,,,,,,,49.2896885,31.4371883,
08:18:25.354,,,,,,,,,,,,3.712,,,,,,,,,,,,,,,,,,,,,,,,,,,49.2896885,31.4371883,
08:18:25.403,-34,,,,,,,,,,,,,,,,,,,,,,,,,,,,,,,,,,,,,,49.2896885,31.4371883,
08:18:25.437,,,-1600,,,,,,,,,,,,,,,,,,,,,,,,,,,,,,,,,,,,49.2896885,31.4371883,
08:18:25.487,,-33,,,,,,,,,,,,,,,,,,,,,,,,,,,,,,,,,,,,,49.2896885,31.4371883,
08:18:25.523,,,,,25,,,,,,,,,,,,,,,,,,,,,,,,,,,,,,,,,,49.2896885,31.4371883,
08:18:25.558,,,,,,25,,,,,,,,,,,,,,,,,,,,,,,,,,,,,,,,,49.2896885,31.4371883,
08:18:25.594,,,,,,,24,,,,,,,,,,,,,,,,,,,,,,,,,,,,,,,,49.2896885,31.4371883,
08:18:25.642,,,,,,,,24,,,,,,,,,,,,,,,,,,,,,,,,,,,,,,,49.2896885,31.4371883,
08:18:25.678,,,,21,,,,,,,,,,,,,,,,,,,,,,,,,,,,,,,,,,,49.2896885,31.4371883,
08:18:25.739,,,,,,,,,,,,,,,,,,37,,,,,,,,,,,,,,,,,,,,,49.2896885,31.4371883,
08:18:25.787,,,,,,,,,,,,,,27,,,,,,,,,,,,,,,,,,,,,,,,,49.2896885,31.4371883,
08:18:25.802,,,,,,,,,,,,,,,,,,,,,,147,,,,,,,,,,,24.8,,,,32.4,,49.2896786,31.4373096,
08:18:25.822,,,,,,,,,,,,,,,,,40,,,,,,,,,,,,,,,,,,,,,,49.2896786,31.4373096,
08:18:25.858,,,,,,,,,,,,,61,,,,,,,,,,,,,,,,,,,,,,,,,,49.2896786,31.4373096,
08:18:25.894,,,,,,,,,,,,,,,2560,0.16,,,,,,,,,,,,,,,,,,,,,,,49.2896786,31.4373096,
08:18:25.931,,,,,,,,,,,,,,,,,,,32,,,,,,,,,,,,,,,,,,,,49.2896786,31.4373096,
08:18:25.991,,,,,,,,,,,,,,,,,,,,,,,,,,,,,,0,,,,,,,,,49.2896786,31.4373096,
08:18:26.038,,,,,,,,,,,,,,,,,,,,,,,0,0,,,,,,,,,,,,,,,49.2896786,31.4373096,
08:18:26.099,,,,,,,,,,,,,,,,,,,,0,,,,,,,,,,,,,,,,,,,49.2896786,31.4373096,
08:18:26.134,,,,,,,,,,,,,,,,,,,,,,,,,,,,,,,,,,46,,,,,49.2896786,31.4373096,
08:18:26.183,,,,,,,,,,,,,,,,,,,,,,,,,0.043847797158050913,2.26,2.26,95.29,5925.77,,,26.6,,,,,,32,49.2896786,31.4373096,
08:18:26.231,,,,,,,,,,,,,,,,,,,,,,,,,,,,,,,-0.01,,,,,99,,,49.2896786,31.4373096,
08:18:26.302,,,,,,,,,,65.5,,,,,,,,,,,,,,,,,,,,,,,,,,,,,49.2896786,31.4373096,
08:18:26.337,,,,,,,,,359,,,,,,,,,,,,,,,,,,,,,,,,,,,,,,49.2896786,31.4373096,
08:18:26.374,,,,,,,,,,,3.734,,,,,,,,,,,,,,,,,,,,,,,,,,,,49.2896786,31.4373096,
08:18:26.409,,,,,,,,,,,,3.725,,,,,,,,,,,,,,,,,,,,,,,,,,,49.2896786,31.4373096,
08:18:26.447,-20,,,,,,,,,,,,,,,,,,,,,,,,,,,,,,,,,,,,,,49.2896786,31.4373096,
08:18:26.482,,,-20,,,,,,,,,,,,,,,,,,,,,,,,,,,,,,,,,,,,49.2896786,31.4373096,
08:18:26.519,,-19,,,,,,,,,,,,,,,,,,,,,,,,,,,,,,,,,,,,,49.2896786,31.4373096,
08:18:26.566,,,,,25,,,,,,,,,,,,,,,,,,,,,,,,,,,,,,,,,,49.2896786,31.4373096,
08:18:26.638,,,,,,25,,,,,,,,,,,,,,,,,,,,,,,,,,,,,,,,,49.2896786,31.4373096,
08:18:26.686,,,,,,,24,,,,,,,,,,,,,,,,,,,,,,,,,,,,,,,,49.2896786,31.4373096,
08:18:26.723,,,,,,,,24,,,,,,,,,,,,,,,,,,,,,,,,,,,,,,,49.2896786,31.4373096,
08:18:26.759,,,,21,,,,,,,,,,,,,,,,,,,,,,,,,,,,,,,,,,,49.2896786,31.4373096,
08:18:26.801,,,,,,,,,,,,,,,,,,,,,,147,,,,,,,,,,,24.8,,,,33.6,,49.2896688,31.4374371,
08:18:26.818,,,,,,,,,,,,,,,,,,37,,,,,,,,,,,,,,,,,,,,,49.2896688,31.4374371,
08:18:26.843,,,,,,,,,,,,,,27,,,,,,,,,,,,,,,,,,,,,,,,,49.2896688,31.4374371,
08:18:26.879,,,,,,,,,,,,,,,,,22,,,,,,,,,,,,,,,,,,,,,,49.2896688,31.4374371,
08:18:26.927,,,,,,,,,,,,,59,,,,,,,,,,,,,,,,,,,,,,,,,,49.2896688,31.4374371,
08:18:26.962,,,,,,,,,,,,,,,1312,0.08,,,,,,,,,,,,,,,,,,,,,,,49.2896688,31.4374371,
08:18:26.998,,,,,,,,,,,,,,,,,,,33,,,,,,,,,,,,,,,,,,,,49.2896688,31.4374371,
08:18:27.059,,,,,,,,,,,,,,,,,,,,,,,,,,,,,,0,,,,,,,,,49.2896688,31.4374371,
08:18:27.107,,,,,,,,,,,,,,,,,,,,,,,,,,,,,,,,,,,71,,,,49.2896688,31.4374371,
08:18:27.170,,,,,,,,,,,,,,,,,,,,,,,0,0,,,,,,,,,,,,,,,49.2896688,31.4374371,
08:18:27.219,,,,,,,,,,,,,,,,,,,,0,,,,,,,,,,,,,,,,,,,49.2896688,31.4374371,
08:18:27.255,,,,,,,,,,,,,,,,,,,,,,,,,,,,,,,,,,46,,,,,49.2896688,31.4374371,
08:18:27.302,,,,,,,,,,,,,,,,,,,,,,,,,0.025492905324448208,2.27,2.27,95.3,5925.78,,,26.6,,,,,,32,49.2896688,31.4374371,
08:18:27.338,,,,,,,,,,,,,,,,,,,,,,,,,,,,,,,-0.01,,,,,99,,,49.2896688,31.4374371,
08:18:27.423,,,,,,,,,,65.5,,,,,,,,,,,,,,,,,,,,,,,,,,,,,49.2896688,31.4374371,
08:18:27.459,,,,,,,,,357.9,,,,,,,,,,,,,,,,,,,,,,,,,,,,,,49.2896688,31.4374371,
08:18:27.494,,,,,,,,,,,3.736,,,,,,,,,,,,,,,,,,,,,,,,,,,,49.2896688,31.4374371,
08:18:27.543,,,,,,,,,,,,3.728,,,,,,,,,,,,,,,,,,,,,,,,,,,49.2896688,31.4374371,
08:18:27.570,-20,,,,,,,,,,,,,,,,,,,,,,,,,,,,,,,,,,,,,,49.2896688,31.4374371,
08:18:27.605,,,-20,,,,,,,,,,,,,,,,,,,,,,,,,,,,,,,,,,,,49.2896688,31.4374371,
08:18:27.642,,-21,,,,,,,,,,,,,,,,,,,,,,,,,,,,,,,,,,,,,49.2896688,31.4374371,
08:18:27.678,,,,,25,,,,,,,,,,,,,,,,,,,,,,,,,,,,,,,,,,49.2896688,31.4374371,
08:18:27.715,,,,,,25,,,,,,,,,,,,,,,,,,,,,,,,,,,,,,,,,49.2896688,31.4374371,
08:18:27.750,,,,,,,24,,,,,,,,,,,,,,,,,,,,,,,,,,,,,,,,49.2896688,31.4374371,
08:18:27.786,,,,,,,,24,,,,,,,,,,,,,,,,,,,,,,,,,,,,,,,49.2896688,31.4374371,
08:18:27.804,,,,,,,,,,,,,,,,,,,,,,147,,,,,,,,,,,24.8,,,,33.7,,49.2896617,31.4375683,
08:18:27.823,,,,21,,,,,,,,,,,,,,,,,,,,,,,,,,,,,,,,,,,49.2896617,31.4375683,
08:18:27.882,,,,,,,,,,,,,,,,,,37,,,,,,,,,,,,,,,,,,,,,49.2896617,31.4375683,
08:18:27.943,,,,,,,,,,,,,,27,,,,,,,,,,,,,,,,,,,,,,,,,49.2896617,31.4375683,
08:18:28.026,,,,,,,,,,,,,,,,,23,,,,,,,,,,,,,,,,,,,,,,49.2896617,31.4375683,
08:18:28.148,,,,,,,,,,,,,59,,,,,,,,,,,,,,,,,,,,,,,,,,49.2896617,31.4375683,
08:18:28.186,,,,,,,,,,,,,,,1600,0.09,,,,,,,,,,,,,,,,,,,,,,,49.2896617,31.4375683,
08:18:28.221,,,,,,,,,,,,,,,,,,,34,,,,,,,,,,,,,,,,,,,,49.2896617,31.4375683,
08:18:28.303,,,,,,,,,,,,,,,,,,,,,,,,,,,,,,0,,,,,,,,,49.2896617,31.4375683,
08:18:28.362,,,,,,,,,,,,,,,,,,,,,,,0,0,,,,,,,,,,,,,,,49.2896617,31.4375683,
08:18:28.398,,,,,,,,,,,,,,,,,,,,0,,,,,,,,,,,,,,,,,,,49.2896617,31.4375683,
08:18:28.458,,,,,,,,,,,,,,,,,,,,,,,,,,,,,,,,,,46,,,,,49.2896617,31.4375683,
08:18:28.506,,,,,,,,,,,,,,,,,,,,,,,,,0.01835489183360271,2.28,2.28,95.31,5925.79,,,26.7,,,,,,33,49.2896617,31.4375683,
08:18:28.554,,,,,,,,,,,,,,,,,,,,,,,,,,,,,,,-0.01,,,,,99,,,49.2896617,31.4375683,
08:18:28.603,,,,,,,,,,65.5,,,,,,,,,,,,,,,,,,,,,,,,,,,,,49.2896617,31.4375683,
08:18:28.638,,,,,,,,,360,,,,,,,,,,,,,,,,,,,,,,,,,,,,,,49.2896617,31.4375683,
08:18:28.674,,,,,,,,,,,3.743,,,,,,,,,,,,,,,,,,,,,,,,,,,,49.2896617,31.4375683,
08:18:28.710,,,,,,,,,,,,3.735,,,,,,,,,,,,,,,,,,,,,,,,,,,49.2896617,31.4375683,
08:18:28.758,-14,,,,,,,,,,,,,,,,,,,,,,,,,,,,,,,,,,,,,,49.2896617,31.4375683,
08:18:28.796,,,-12,,,,,,,,,,,,,,,,,,,,,,,,,,,,,,,,,,,,49.2896617,31.4375683,
08:18:28.802,,,,,,,,,,,,,,,,,,,,,,147,,,,,,,,,,,24.9,,,,34.3,,49.2896541,31.4376988,
08:18:28.847,,-12,,,,,,,,,,,,,,,,,,,,,,,,,,,,,,,,,,,,,49.2896541,31.4376988,
08:18:28.895,,,,,25,,,,,,,,,,,,,,,,,,,,,,,,,,,,,,,,,,49.2896541,31.4376988,
08:18:28.931,,,,,,25,,,,,,,,,,,,,,,,,,,,,,,,,,,,,,,,,49.2896541,31.4376988,
08:18:28.978,,,,,,,24,,,,,,,,,,,,,,,,,,,,,,,,,,,,,,,,49.2896541,31.4376988,
08:18:29.014,,,,,,,,24,,,,,,,,,,,,,,,,,,,,,,,,,,,,,,,49.2896541,31.4376988,
08:18:29.051,,,,21,,,,,,,,,,,,,,,,,,,,,,,,,,,,,,,,,,,49.2896541,31.4376988,
08:18:29.123,,,,,,,,,,,,,,,,,,37,,,,,,,,,,,,,,,,,,,,,49.2896541,31.4376988,
08:18:29.194,,,,,,,,,,,,,,27,,,,,,,,,,,,,,,,,,,,,,,,,49.2896541,31.4376988,
08:18:29.243,,,,,,,,,,,,,,,,,-11,,,,,,,,,,,,,,,,,,,,,,49.2896541,31.4376988,
08:18:29.278,,,,,,,,,,,,,59,,,,,,,,,,,,,,,,,,,,,,,,,,49.2896541,31.4376988,
08:18:29.327,,,,,,,,,,,,,,,-768,-0.05,,,,,,,,,,,,,,,,,,,,,,,49.2896541,31.4376988,
08:18:29.375,,,,,,,,,,,,,,,,,,,34,,,,,,,,,,,,,,,,,,,,49.2896541,31.4376988,
08:18:29.446,,,,,,,,,,,,,,,,,,,,,,,,,,,,,,0,,,,,,,,,49.2896541,31.4376988,
08:18:29.493,,,,,,,,,,,,,,,,,,,,,,,,,,,,,,,,,,,70,,,,49.2896541,31.4376988,
08:18:29.541,,,,,,,,,,,,,,,,,,,,,,,0,0,,,,,,,,,,,,,,,49.2896541,31.4376988,
08:18:29.591,,,,,,,,,,,,,,,,,,,,0,,,,,,,,,,,,,,,,,,,49.2896541,31.4376988,
08:18:29.627,,,,,,,,,,,,,,,,,,,,,,,,,,,,,,,,,,46,,,,,49.2896541,31.4376988,
08:18:29.674,,,,,,,,,,,,,,,,,,,,,,,,,0.01835489183360271,2.29,2.29,95.32,5925.8,,,26.7,,,,,,33,49.2896541,31.4376988,
08:18:29.722,,,,,,,,,,,,,,,,,,,,,,,,,,,,,,,-0.01,,,,,99,,,49.2896541,31.4376988,
08:18:29.782,,,,,,,,,,65.5,,,,,,,,,,,,,,,,,,,,,,,,,,,,,49.2896541,31.4376988,
08:18:29.802,,,,,,,,,,,,,,,,,,,,,,147,,,,,,,,,,,24.9,,,,34.2,,49.2896452,31.4378272,
08:18:29.818,,,,,,,,,360.3,,,,,,,,,,,,,,,,,,,,,,,,,,,,,,49.2896452,31.4378272,
08:18:29.855,,,,,,,,,,,3.769,,,,,,,,,,,,,,,,,,,,,,,,,,,,49.2896452,31.4378272,
08:18:29.891,,,,,,,,,,,,3.757,,,,,,,,,,,,,,,,,,,,,,,,,,,49.2896452,31.4378272,
08:18:29.925,4,,,,,,,,,,,,,,,,,,,,,,,,,,,,,,,,,,,,,,49.2896452,31.4378272,
08:18:29.974,,,4,,,,,,,,,,,,,,,,,,,,,,,,,,,,,,,,,,,,49.2896452,31.4378272,
08:18:30.023,,4,,,,,,,,,,,,,,,,,,,,,,,,,,,,,,,,,,,,,49.2896452,31.4378272,
08:18:30.069,,,,,25,,,,,,,,,,,,,,,,,,,,,,,,,,,,,,,,,,49.2896452,31.4378272,
08:18:30.105,,,,,,25,,,,,,,,,,,,,,,,,,,,,,,,,,,,,,,,,49.2896452,31.4378272,
08:18:30.143,,,,,,,24,,,,,,,,,,,,,,,,,,,,,,,,,,,,,,,,49.2896452,31.4378272,
08:18:30.177,,,,,,,,24,,,,,,,,,,,,,,,,,,,,,,,,,,,,,,,49.2896452,31.4378272,
08:18:30.225,,,,21,,,,,,,,,,,,,,,,,,,,,,,,,,,,,,,,,,,49.2896452,31.4378272,
08:18:30.297,,,,,,,,,,,,,,,,,,37,,,,,,,,,,,,,,,,,,,,,49.2896452,31.4378272,
08:18:30.334,,,,,,,,,,,,,,27,,,,,,,,,,,,,,,,,,,,,,,,,49.2896452,31.4378272,
08:18:30.370,,,,,,,,,,,,,,,,,-12,,,,,,,,,,,,,,,,,,,,,,49.2896452,31.4378272,
08:18:30.407,,,,,,,,,,,,,59,,,,,,,,,,,,,,,,,,,,,,,,,,49.2896452,31.4378272,
08:18:30.478,,,,,,,,,,,,,,,-608,-0.05,,,,,,,,,,,,,,,,,,,,,,,49.2896452,31.4378272,
08:18:30.514,,,,,,,,,,,,,,,,,,,33,,,,,,,,,,,,,,,,,,,,49.2896452,31.4378272,
08:18:30.587,,,,,,,,,,,,,,,,,,,,,,,,,,,,,,0,,,,,,,,,49.2896452,31.4378272,
08:18:30.623,,,,,,,,,,,,,,,,,,,,,,,0,0,,,,,,,,,,,,,,,49.2896452,31.4378272,
08:18:30.657,,,,,,,,,,,,,,,,,,,,0,,,,,,,,,,,,,,,,,,,49.2896452,31.4378272,
08:18:30.719,,,,,,,,,,,,,,,,,,,,,,,,,,,,,,,,,,46,,,,,49.2896452,31.4378272,
08:18:30.755,,,,,,,,,,,,,,,,,,,,,,,,,,2.3,2.3,95.33,5925.81,,,26.7,,,,,,32,49.2896452,31.4378272,
08:18:30.802,,,,,,,,,,,,,,,,,,,,,,,,,,,,,,,-0.01,,,,,99,,,49.2896452,31.4378272,
08:18:30.806,,,,,,,,,,,,,,,,,,,,,,147,,,,,,,,,,,24.9,,,,32.8,,49.2896358,31.4379513,
08:18:30.983,,,,,,,,,,65.5,,,,,,,,,,,,,,,,,,,,,,,,,,,,,49.2896358,31.4379513,
08:18:31.042,,,,,,,,,363.2,,,,,,,,,,,,,,,,,,,,,,,,,,,,,,49.2896358,31.4379513,
08:18:31.078,,,,,,,,,,,3.778,,,,,,,,,,,,,,,,,,,,,,,,,,,,49.2896358,31.4379513,
08:18:31.126,,,,,,,,,,,,3.767,,,,,,,,,,,,,,,,,,,,,,,,,,,49.2896358,31.4379513,
08:18:31.162,9,,,,,,,,,,,,,,,,,,,,,,,,,,,,,,,,,,,,,,49.2896358,31.4379513,
08:18:31.198,,,10,,,,,,,,,,,,,,,,,,,,,,,,,,,,,,,,,,,,49.2896358,31.4379513,
08:18:31.233,,10,,,,,,,,,,,,,,,,,,,,,,,,,,,,,,,,,,,,,49.2896358,31.4379513,
08:18:31.270,,,,,25,,,,,,,,,,,,,,,,,,,,,,,,,,,,,,,,,,49.2896358,31.4379513,
08:18:31.306,,,,,,25,,,,,,,,,,,,,,,,,,,,,,,,,,,,,,,,,49.2896358,31.4379513,
08:18:31.343,,,,,,,24,,,,,,,,,,,,,,,,,,,,,,,,,,,,,,,,49.2896358,31.4379513,
08:18:31.378,,,,,,,,24,,,,,,,,,,,,,,,,,,,,,,,,,,,,,,,49.2896358,31.4379513,
08:18:31.415,,,,21,,,,,,,,,,,,,,,,,,,,,,,,,,,,,,,,,,,49.2896358,31.4379513,
08:18:31.498,,,,,,,,,,,,,,,,,,37,,,,,,,,,,,,,,,,,,,,,49.2896358,31.4379513,
08:18:31.535,,,,,,,,,,,,,,27,,,,,,,,,,,,,,,,,,,,,,,,,49.2896358,31.4379513,
08:18:31.570,,,,,,,,,,,,,,,,,-46,,,,,,,,,,,,,,,,,,,,,,49.2896358,31.4379513,
08:18:31.619,,,,,,,,,,,,,59,,,,,,,,,,,,,,,,,,,,,,,,,,49.2896358,31.4379513,
08:18:31.679,,,,,,,,,,,,,,,-3104,-0.2,,,,,,,,,,,,,,,,,,,,,,,49.2896358,31.4379513,
08:18:31.714,,,,,,,,,,,,,,,,,,,31,,,,,,,,,,,,,,,,,,,,49.2896358,31.4379513,
08:18:31.802,,,,,,,,,,,,,,,,,,,,,,147,,,,,,,,,,,24.9,,,,31.7,,49.2896287,31.4380767,
08:18:31.822,,,,,,,,,,,,,,,,,,,,,,,,,,,,,,0,,,,,,,,,49.2896287,31.4380767,
08:18:31.870,,,,,,,,,,,,,,,,,,,,,,,,,,,,,,,,,,,70,,,,49.2896287,31.4380767,
08:18:31.907,,,,,,,,,,,,,,,,,,,,,,,0,0,,,,,,,,,,,,,,,49.2896287,31.4380767,
08:18:31.955,,,,,,,,,,,,,,,,,,,,0,,,,,,,,,,,,,,,,,,,49.2896287,31.4380767,
08:18:31.990,,,,,,,,,,,,,,,,,,,,,,,,,,,,,,,,,,46,,,,,49.2896287,31.4380767,
08:18:32.039,,,,,,,,,,,,,,,,,,,,,,,,,-0.012236594555735138,2.31,2.31,95.34,5925.82,,,26.7,,,,,,30,49.2896287,31.4380767,
08:18:32.087,,,,,,,,,,,,,,,,,,,,,,,,,,,,,,,-0.01,,,,,99,,,49.2896287,31.4380767,
08:18:32.159,,,,,,,,,,65.5,,,,,,,,,,,,,,,,,,,,,,,,,,,,,49.2896287,31.4380767,
08:18:32.206,,,,,,,,,365,,,,,,,,,,,,,,,,,,,,,,,,,,,,,,49.2896287,31.4380767,
08:18:32.243,,,,,,,,,,,3.814,,,,,,,,,,,,,,,,,,,,,,,,,,,,49.2896287,31.4380767,
08:18:32.289,,,,,,,,,,,,3.8,,,,,,,,,,,,,,,,,,,,,,,,,,,49.2896287,31.4380767,
08:18:32.326,32,,,,,,,,,,,,,,,,,,,,,,,,,,,,,,,,,,,,,,49.2896287,31.4380767,
08:18:32.363,,,-1600,,,,,,,,,,,,,,,,,,,,,,,,,,,,,,,,,,,,49.2896287,31.4380767,
08:18:32.399,,32,,,,,,,,,,,,,,,,,,,,,,,,,,,,,,,,,,,,,49.2896287,31.4380767,
08:18:32.446,,,,,25,,,,,,,,,,,,,,,,,,,,,,,,,,,,,,,,,,49.2896287,31.4380767,
08:18:32.484,,,,,,25,,,,,,,,,,,,,,,,,,,,,,,,,,,,,,,,,49.2896287,31.4380767,
08:18:32.519,,,,,,,24,,,,,,,,,,,,,,,,,,,,,,,,,,,,,,,,49.2896287,31.4380767,
08:18:32.567,,,,,,,,24,,,,,,,,,,,,,,,,,,,,,,,,,,,,,,,49.2896287,31.4380767,
08:18:32.603,,,,21,,,,,,,,,,,,,,,,,,,,,,,,,,,,,,,,,,,49.2896287,31.4380767,
08:18:32.663,,,,,,,,,,,,,,,,,,37,,,,,,,,,,,,,,,,,,,,,49.2896287,31.4380767,
08:18:32.698,,,,,,,,,,,,,,27,,,,,,,,,,,,,,,,,,,,,,,,,49.2896287,31.4380767,
08:18:32.735,,,,,,,,,,,,,,,,,-73,,,,,,,,,,,,,,,,,,,,,,49.2896287,31.4380767,
08:18:32.770,,,,,,,,,,,,,59,,,,,,,,,,,,,,,,,,,,,,,,,,49.2896287,31.4380767,
08:18:32.804,,,,,,,,,,,,,,,,,,,,,,147,,,,,,,,,,,24.9,,,,28.2,,49.2896191,31.4381881,
08:18:32.807,,,,,,,,,,,,,,,-4544,-0.28,,,,,,,,,,,,,,,,,,,,,,,49.2896191,31.4381881,
08:18:32.867,,,,,,,,,,,,,,,,,,,28,,,,,,,,,,,,,,,,,,,,49.2896191,31.4381881,
08:18:32.950,,,,,,,,,,,,,,,,,,,,,,,,,,,,,,0,,,,,,,,,49.2896191,31.4381881,
08:18:32.987,,,,,,,,,,,,,,,,,,,,,,,0,0,,,,,,,,,,,,,,,49.2896191,31.4381881,
08:18:33.034,,,,,,,,,,,,,,,,,,,,0,,,,,,,,,,,,,,,,,,,49.2896191,31.4381881,
08:18:33.071,,,,,,,,,,,,,,,,,,,,,,,,,,,,,,,,,,46,,,,,49.2896191,31.4381881,
08:18:33.119,,,,,,,,,,,,,,,,,,,,,,,,,-0.03670978366720542,2.32,2.32,95.35,5925.83,,,26.7,,,,,,27,49.2896191,31.4381881,
08:18:33.166,,,,,,,,,,,,,,,,,,,,,,,,,,,,,,,-0.01,,,,,99,,,49.2896191,31.4381881,
08:18:33.250,,,,,,,,,,66,,,,,,,,,,,,,,,,,,,,,,,,,,,,,49.2896191,31.4381881,
08:18:33.298,,,,,,,,,367.6,,,,,,,,,,,,,,,,,,,,,,,,,,,,,,49.2896191,31.4381881,
08:18:33.334,,,,,,,,,,,3.815,,,,,,,,,,,,,,,,,,,,,,,,,,,,49.2896191,31.4381881,
08:18:33.370,,,,,,,,,,,,3.806,,,,,,,,,,,,,,,,,,,,,,,,,,,49.2896191,31.4381881,
08:18:33.419,29,,,,,,,,,,,,,,,,,,,,,,,,,,,,,,,,,,,,,,49.2896191,31.4381881,
08:18:33.454,,,28,,,,,,,,,,,,,,,,,,,,,,,,,,,,,,,,,,,,49.2896191,31.4381881,
08:18:33.502,,28,,,,,,,,,,,,,,,,,,,,,,,,,,,,,,,,,,,,,49.2896191,31.4381881,
08:18:33.550,,,,,25,,,,,,,,,,,,,,,,,,,,,,,,,,,,,,,,,,49.2896191,31.4381881,
08:18:33.586,,,,,,25,,,,,,,,,,,,,,,,,,,,,,,,,,,,,,,,,49.2896191,31.4381881,
08:18:33.646,,,,,,,24,,,,,,,,,,,,,,,,,,,,,,,,,,,,,,,,49.2896191,31.4381881,
08:18:33.718,,,,,,,,24,,,,,,,,,,,,,,,,,,,,,,,,,,,,,,,49.2896191,31.4381881,
08:18:33.779,,,,21,,,,,,,,,,,,,,,,,,,,,,,,,,,,,,,,,,,49.2896191,31.4381881,
08:18:33.798,,,,,,,,,,,,,,,,,,,,,,147,,,,,,,,,,,24.9,,,,23.9,,49.2896118,31.438287,
08:18:33.886,,,,,,,,,,,,,,,,,,37,,,,,,,,,,,,,,,,,,,,,49.2896118,31.438287,
08:18:34.042,,,,,,,,,,,,,,27,,,,,,,,,,,,,,,,,,,,,,,,,49.2896118,31.438287,
08:18:34.115,,,,,,,,,,,,,,,,,-72,,,,,,,,,,,,,,,,,,,,,,49.2896118,31.438287,
08:18:34.198,,,,,,,,,,,,,61,,,,,,,,,,,,,,,,,,,,,,,,,,49.2896118,31.438287,
08:18:34.269,,,,,,,,,,,,,,,-4608,-0.28,,,,,,,,,,,,,,,,,,,,,,,49.2896118,31.438287,
08:18:34.342,,,,,,,,,,,,,,,,,,,22,,,,,,,,,,,,,,,,,,,,49.2896118,31.438287,
08:18:34.438,,,,,,,,,,,,,,,,,,,,,,,,,,,,,,0,,,,,,,,,49.2896118,31.438287,
08:18:34.473,,,,,,,,,,,,,,,,,,,,,,,,,,,,,,,,,,,70,,,,49.2896118,31.438287,
08:18:34.523,,,,,,,,,,,,,,,,,,,,,,,0,0,,,,,,,,,,,,,,,49.2896118,31.438287,
08:18:34.558,,,,,,,,,,,,,,,,,,,,0,,,,,,,,,,,,,,,,,,,49.2896118,31.438287,
08:18:34.605,,,,,,,,,,,,,,,,,,,,,,,,,,,,,,,,,,46,,,,,49.2896118,31.438287,
08:18:34.666,,,,,,,,,,,,,,,,,,,,,,,,,-0.0683209862695212,2.33,2.33,95.36,5925.83,,,26.7,,,,,,21,49.2896118,31.438287,
08:18:34.714,,,,,,,,,,,,,,,,,,,,,,,,,,,,,,,-0.01,,,,,99,,,49.2896118,31.438287,
08:18:34.801,,,,,,,,,,66,,,,,,,,,,,,,,,,,,,,,,,,,,,,,49.2896118,31.438287,
08:18:34.809,,,,,,,,,,,,,,,,,,,,,,147,,,,,,,,,,,24.9,,,,21,,49.2896032,31.4383695,
08:18:34.838,,,,,,,,,366.9,,,,,,,,,,,,,,,,,,,,,,,,,,,,,,49.2896032,31.4383695,
08:18:34.885,,,,,,,,,,,3.816,,,,,,,,,,,,,,,,,,,,,,,,,,,,49.2896032,31.4383695,
08:18:34.923,,,,,,,,,,,,3.804,,,,,,,,,,,,,,,,,,,,,,,,,,,49.2896032,31.4383695,
08:18:34.959,20,,,,,,,,,,,,,,,,,,,,,,,,,,,,,,,,,,,,,,49.2896032,31.4383695,
08:18:35.005,,,19,,,,,,,,,,,,,,,,,,,,,,,,,,,,,,,,,,,,49.2896032,31.4383695,
08:18:35.053,,19,,,,,,,,,,,,,,,,,,,,,,,,,,,,,,,,,,,,,49.2896032,31.4383695,
08:18:35.090,,,,,25,,,,,,,,,,,,,,,,,,,,,,,,,,,,,,,,,,49.2896032,31.4383695,
08:18:35.126,,,,,,25,,,,,,,,,,,,,,,,,,,,,,,,,,,,,,,,,49.2896032,31.4383695,
08:18:35.163,,,,,,,24,,,,,,,,,,,,,,,,,,,,,,,,,,,,,,,,49.2896032,31.4383695,
08:18:35.197,,,,,,,,24,,,,,,,,,,,,,,,,,,,,,,,,,,,,,,,49.2896032,31.4383695,
08:18:35.234,,,,21,,,,,,,,,,,,,,,,,,,,,,,,,,,,,,,,,,,49.2896032,31.4383695,
08:18:35.306,,,,,,,,,,,,,,,,,,37,,,,,,,,,,,,,,,,,,,,,49.2896032,31.4383695,
08:18:35.354,,,,,,,,,,,,,,27,,,,,,,,,,,,,,,,,,,,,,,,,49.2896032,31.4383695,
08:18:35.390,,,,,,,,,,,,,,,,,-66,,,,,,,,,,,,,,,,,,,,,,49.2896032,31.4383695,
08:18:35.426,,,,,,,,,,,,,61,,,,,,,,,,,,,,,,,,,,,,,,,,49.2896032,31.4383695,
08:18:35.463,,,,,,,,,,,,,,,-4352,-0.27,,,,,,,,,,,,,,,,,,,,,,,49.2896032,31.4383695,
08:18:35.499,,,,,,,,,,,,,,,,,,,18,,,,,,,,,,,,,,,,,,,,49.2896032,31.4383695,
08:18:35.593,,,,,,,,,,,,,,,,,,,,,,,,,,,,,,0,,,,,,,,,49.2896032,31.4383695,
08:18:35.630,,,,,,,,,,,,,,,,,,,,,,,0,0,,,,,,,,,,,,,,,49.2896032,31.4383695,
08:18:35.677,,,,,,,,,,,,,,,,,,,,0,,,,,,,,,,,,,,,,,,,49.2896032,31.4383695,
08:18:35.727,,,,,,,,,,,,,,,,,,,,,,,,,,,,,,,,,,46,,,,,49.2896032,31.4383695,
08:18:35.774,,,,,,,,,,,,,,,,,,,,,,,,,-0.08463644567716805,2.33,2.33,95.36,5925.84,,,26.7,,,,,,17,49.2896032,31.4383695,
08:18:35.800,,,,,,,,,,,,,,,,,,,,,,148,,,,,,,,,,,24.9,,,,17,,49.2895977,31.4384379,
08:18:35.822,,,,,,,,,,,,,,,,,,,,,,,,,,,,,,,-0.01,,,,,99,,,49.2895977,31.4384379,
08:18:35.894,,,,,,,,,,66,,,,,,,,,,,,,,,,,,,,,,,,,,,,,49.2895977,31.4384379,
08:18:35.930,,,,,,,,,365.8,,,,,,,,,,,,,,,,,,,,,,,,,,,,,,49.2895977,31.4384379,
08:18:35.979,,,,,,,,,,,3.811,,,,,,,,,,,,,,,,,,,,,,,,,,,,49.2895977,31.4384379,
08:18:36.014,,,,,,,,,,,,3.798,,,,,,,,,,,,,,,,,,,,,,,,,,,49.2895977,31.4384379,
08:18:36.051,13,,,,,,,,,,,,,,,,,,,,,,,,,,,,,,,,,,,,,,49.2895977,31.4384379,
08:18:36.086,,,13,,,,,,,,,,,,,,,,,,,,,,,,,,,,,,,,,,,,49.2895977,31.4384379,
08:18:36.135,,13,,,,,,,,,,,,,,,,,,,,,,,,,,,,,,,,,,,,,49.2895977,31.4384379,
08:18:36.171,,,,,25,,,,,,,,,,,,,,,,,,,,,,,,,,,,,,,,,,49.2895977,31.4384379,
08:18:36.206,,,,,,25,,,,,,,,,,,,,,,,,,,,,,,,,,,,,,,,,49.2895977,31.4384379,
08:18:36.266,,,,,,,24,,,,,,,,,,,,,,,,,,,,,,,,,,,,,,,,49.2895977,31.4384379,
08:18:36.303,,,,,,,,24,,,,,,,,,,,,,,,,,,,,,,,,,,,,,,,49.2895977,31.4384379,
08:18:36.350,,,,21,,,,,,,,,,,,,,,,,,,,,,,,,,,,,,,,,,,49.2895977,31.4384379,
08:18:36.434,,,,,,,,,,,,,,,,,,37,,,,,,,,,,,,,,,,,,,,,49.2895977,31.4384379,
08:18:36.469,,,,,,,,,,,,,,27,,,,,,,,,,,,,,,,,,,,,,,,,49.2895977,31.4384379,
08:18:36.507,,,,,,,,,,,,,,,,,-52,,,,,,,,,,,,,,,,,,,,,,49.2895977,31.4384379,
08:18:36.542,,,,,,,,,,,,,61,,,,,,,,,,,,,,,,,,,,,,,,,,49.2895977,31.4384379,
08:18:36.590,,,,,,,,,,,,,,,-3328,-0.2,,,,,,,,,,,,,,,,,,,,,,,49.2895977,31.4384379,
08:18:36.627,,,,,,,,,,,,,,,,,,,15,,,,,,,,,,,,,,,,,,,,49.2895977,31.4384379,
08:18:36.686,,,,,,,,,,,,,,,,,,,,,,,,,,,,,,0,,,,,,,,,49.2895977,31.4384379,
08:18:36.734,,,,,,,,,,,,,,,,,,,,,,,,,,,,,,,,,,,70,,,,49.2895977,31.4384379,
08:18:36.770,,,,,,,,,,,,,,,,,,,,,,,0,0,,,,,,,,,,,,,,,49.2895977,31.4384379,
08:18:36.813,,,,,,,,,,,,,,,,,,,,,,148,,,,,,,,,,,24.9,,,,14.1,,49.2895951,31.438497,
08:18:36.819,,,,,,,,,,,,,,,,,,,,0,,,,,,,,,,,,,,,,,,,49.2895951,31.438497,
08:18:36.866,,,,,,,,,,,,,,,,,,,,,,,,,,,,,,,,,,46,,,,,49.2895951,31.438497,
08:18:36.927,,,,,,,,,,,,,,,,,,,,,,,,,-0.09279417538099148,2.34,2.34,95.37,5925.84,,,26.6,,,,,,14,49.2895951,31.438497,
08:18:36.974,,,,,,,,,,,,,,,,,,,,,,,,,,,,,,,-0.01,,,,,99,,,49.2895951,31.438497,
08:18:37.047,,,,,,,,,,66.5,,,,,,,,,,,,,,,,,,,,,,,,,,,,,49.2895951,31.438497,
08:18:37.095,,,,,,,,,366,,,,,,,,,,,,,,,,,,,,,,,,,,,,,,49.2895951,31.438497,
08:18:37.143,,,,,,,,,,,3.803,,,,,,,,,,,,,,,,,,,,,,,,,,,,49.2895951,31.438497,
08:18:37.190,,,,,,,,,,,,3.792,,,,,,,,,,,,,,,,,,,,,,,,,,,49.2895951,31.438497,
08:18:37.225,7,,,,,,,,,,,,,,,,,,,,,,,,,,,,,,,,,,,,,,49.2895951,31.438497,
08:18:37.262,,,7,,,,,,,,,,,,,,,,,,,,,,,,,,,,,,,,,,,,49.2895951,31.438497,
08:18:37.347,,7,,,,,,,,,,,,,,,,,,,,,,,,,,,,,,,,,,,,,49.2895951,31.438497,
08:18:37.407,,,,,25,,,,,,,,,,,,,,,,,,,,,,,,,,,,,,,,,,49.2895951,31.438497,
08:18:37.467,,,,,,25,,,,,,,,,,,,,,,,,,,,,,,,,,,,,,,,,49.2895951,31.438497,
08:18:37.514,,,,,,,24,,,,,,,,,,,,,,,,,,,,,,,,,,,,,,,,49.2895951,31.438497,
08:18:37.550,,,,,,,,24,,,,,,,,,,,,,,,,,,,,,,,,,,,,,,,49.2895951,31.438497,
08:18:37.587,,,,21,,,,,,,,,,,,,,,,,,,,,,,,,,,,,,,,,,,49.2895951,31.438497,
08:18:37.658,,,,,,,,,,,,,,,,,,37,,,,,,,,,,,,,,,,,,,,,49.2895951,31.438497,
08:18:37.693,,,,,,,,,,,,,,27,,,,,,,,,,,,,,,,,,,,,,,,,49.2895951,31.438497,
08:18:37.730,,,,,,,,,,,,,,,,,-37,,,,,,,,,,,,,,,,,,,,,,49.2895951,31.438497,
08:18:37.778,,,,,,,,,,,,,61,,,,,,,,,,,,,,,,,,,,,,,,,,49.2895951,31.438497,
08:18:37.808,,,,,,,,,,,,,,,,,,,,,,148,,,,,,,,,,,24.8,,,,11.8,,49.2895927,31.4385502,
08:18:37.814,,,,,,,,,,,,,,,-2304,-0.14,,,,,,,,,,,,,,,,,,,,,,,49.2895927,31.4385502,
08:18:37.850,,,,,,,,,,,,,,,,,,,12,,,,,,,,,,,,,,,,,,,,49.2895927,31.4385502,
08:18:37.922,,,,,,,,,,,,,,,,,,,,,,,,,,,,,,0,,,,,,,,,49.2895927,31.4385502,
08:18:37.960,,,,,,,,,,,,,,,,,,,,,,,0,0,,,,,,,,,,,,,,,49.2895927,31.4385502,
08:18:38.007,,,,,,,,,,,,,,,,,,,,0,,,,,,,,,,,,,,,,,,,49.2895927,31.4385502,
08:18:38.054,,,,,,,,,,,,,,,,,,,,,,,,,,,,,,,,,,46,,,,,49.2895927,31.4385502,
08:18:38.115,,,,,,,,,,,,,,,,,,,,,,,,,-0.09075474295503562,2.34,2.34,95.37,5925.85,,,26.6,,,,,,11,49.2895927,31.4385502,
08:18:38.210,,,,,,,,,,,,,,,,,,,,,,,,,,,,,,,-0.01,,,,,99,,,49.2895927,31.4385502,
08:18:38.330,,,,,,,,,,66.5,,,,,,,,,,,,,,,,,,,,,,,,,,,,,49.2895927,31.4385502,
08:18:38.391,,,,,,,,,361.6,,,,,,,,,,,,,,,,,,,,,,,,,,,,,,49.2895927,31.4385502,
08:18:38.450,,,,,,,,,,,3.779,,,,,,,,,,,,,,,,,,,,,,,,,,,,49.2895927,31.4385502,
08:18:38.522,,,,,,,,,,,,3.767,,,,,,,,,,,,,,,,,,,,,,,,,,,49.2895927,31.4385502,
08:18:38.582,-18,,,,,,,,,,,,,,,,,,,,,,,,,,,,,,,,,,,,,,49.2895927,31.4385502,
08:18:38.642,,,-19,,,,,,,,,,,,,,,,,,,,,,,,,,,,,,,,,,,,49.2895927,31.4385502,
08:18:38.702,,-19,,,,,,,,,,,,,,,,,,,,,,,,,,,,,,,,,,,,,49.2895927,31.4385502,
08:18:38.750,,,,,25,,,,,,,,,,,,,,,,,,,,,,,,,,,,,,,,,,49.2895927,31.4385502,
08:18:38.808,,,,,,,,,,,,,,,,,,,,,,148,,,,,,,,,,,24.8,,,,10.8,,49.2895864,31.4385892,
08:18:38.822,,,,,,25,,,,,,,,,,,,,,,,,,,,,,,,,,,,,,,,,49.2895864,31.4385892,
08:18:38.858,,,,,,,24,,,,,,,,,,,,,,,,,,,,,,,,,,,,,,,,49.2895864,31.4385892,
08:18:38.909,,,,,,,,24,,,,,,,,,,,,,,,,,,,,,,,,,,,,,,,49.2895864,31.4385892,
08:18:38.957,,,,21,,,,,,,,,,,,,,,,,,,,,,,,,,,,,,,,,,,49.2895864,31.4385892,
08:18:39.031,,,,,,,,,,,,,,,,,,37,,,,,,,,,,,,,,,,,,,,,49.2895864,31.4385892,
08:18:39.067,,,,,,,,,,,,,,27,,,,,,,,,,,,,,,,,,,,,,,,,49.2895864,31.4385892,
08:18:39.102,,,,,,,,,,,,,,,,,51,,,,,,,,,,,,,,,,,,,,,,49.2895864,31.4385892,
08:18:39.151,,,,,,,,,,,,,61,,,,,,,,,,,,,,,,,,,,,,,,,,49.2895864,31.4385892,
08:18:39.186,,,,,,,,,,,,,,,3264,0.19,,,,,,,,,,,,,,,,,,,,,,,49.2895864,31.4385892,
08:18:39.211,,,,,,,,,,,,,,,,,,,13,,,,,,,,,,,,,,,,,,,,49.2895864,31.4385892,
08:18:39.306,,,,,,,,,,,,,,,,,,,,,,,,,,,,,,0,,,,,,,,,49.2895864,31.4385892,
08:18:39.353,,,,,,,,,,,,,,,,,,,,,,,,,,,,,,,,,,,70,,,,49.2895864,31.4385892,
08:18:39.426,,,,,,,,,,,,,,,,,,,,,,,0,0,,,,,,,,,,,,,,,49.2895864,31.4385892,
08:18:39.475,,,,,,,,,,,,,,,,,,,,0,,,,,,,,,,,,,,,,,,,49.2895864,31.4385892,
08:18:39.523,,,,,,,,,,,,,,,,,,,,,,,,,,,,,,,,,,46,,,,,49.2895864,31.4385892,
08:18:39.571,,,,,,,,,,,,,,,,,,,,,,,,,,2.35,2.35,95.38,5925.85,,,26.5,,,,,,13,49.2895864,31.4385892,
08:18:39.619,,,,,,,,,,,,,,,,,,,,,,,,,,,,,,,0,,,,,100,,,49.2895864,31.4385892,
08:18:39.677,,,,,,,,,,66.5,,,,,,,,,,,,,,,,,,,,,,,,,,,,,49.2895864,31.4385892,
08:18:39.714,,,,,,,,,363,,,,,,,,,,,,,,,,,,,,,,,,,,,,,,49.2895864,31.4385892,
08:18:39.762,,,,,,,,,,,3.773,,,,,,,,,,,,,,,,,,,,,,,,,,,,49.2895864,31.4385892,
08:18:39.796,,,,,,,,,,,,,,,,,,,,,,148,,,,,,,,,,,24.8,,,,14.4,,49.2895836,31.4386445,
08:18:39.798,,,,,,,,,,,,3.764,,,,,,,,,,,,,,,,,,,,,,,,,,,49.2895836,31.4386445,
08:18:39.835,-9,,,,,,,,,,,,,,,,,,,,,,,,,,,,,,,,,,,,,,49.2895836,31.4386445,
08:18:39.871,,,-8,,,,,,,,,,,,,,,,,,,,,,,,,,,,,,,,,,,,49.2895836,31.4386445,
08:18:39.930,,-7,,,,,,,,,,,,,,,,,,,,,,,,,,,,,,,,,,,,,49.2895836,31.4386445,
08:18:39.978,,,,,25,,,,,,,,,,,,,,,,,,,,,,,,,,,,,,,,,,49.2895836,31.4386445,
08:18:40.014,,,,,,25,,,,,,,,,,,,,,,,,,,,,,,,,,,,,,,,,49.2895836,31.4386445,
08:18:40.086,,,,,,,24,,,,,,,,,,,,,,,,,,,,,,,,,,,,,,,,49.2895836,31.4386445,
08:18:40.195,,,,,,,,24,,,,,,,,,,,,,,,,,,,,,,,,,,,,,,,49.2895836,31.4386445,
08:18:40.266,,,,21,,,,,,,,,,,,,,,,,,,,,,,,,,,,,,,,,,,49.2895836,31.4386445,
08:18:40.327,,,,,,,,,,,,,,,,,,37,,,,,,,,,,,,,,,,,,,,,49.2895836,31.4386445,
08:18:40.363,,,,,,,,,,,,,,27,,,,,,,,,,,,,,,,,,,,,,,,,49.2895836,31.4386445,
08:18:40.397,,,,,,,,,,,,,,,,,-13,,,,,,,,,,,,,,,,,,,,,,49.2895836,31.4386445,
08:18:40.447,,,,,,,,,,,,,61,,,,,,,,,,,,,,,,,,,,,,,,,,49.2895836,31.4386445,
08:18:40.482,,,,,,,,,,,,,,,-864,-0.06,,,,,,,,,,,,,,,,,,,,,,,49.2895836,31.4386445,
08:18:40.519,,,,,,,,,,,,,,,,,,,14,,,,,,,,,,,,,,,,,,,,49.2895836,31.4386445,
08:18:40.591,,,,,,,,,,,,,,,,,,,,,,,,,,,,,,0,,,,,,,,,49.2895836,31.4386445,
08:18:40.630,,,,,,,,,,,,,,,,,,,,,,,0,0,,,,,,,,,,,,,,,49.2895836,31.4386445,
08:18:40.666,,,,,,,,,,,,,,,,,,,,0,,,,,,,,,,,,,,,,,,,49.2895836,31.4386445,
08:18:40.715,,,,,,,,,,,,,,,,,,,,,,,,,,,,,,,,,,47,,,,,49.2895836,31.4386445,
08:18:40.762,,,,,,,,,,,,,,,,,,,,,,,,,,2.35,2.35,95.38,5925.86,,,26.5,,,,,,13,49.2895836,31.4386445,
08:18:40.799,,,,,,,,,,,,,,,,,,,,,,,,,,,,,,,0,,,,,100,,,49.2895836,31.4386445,
08:18:40.801,,,,,,,,,,,,,,,,,,,,,,148,,,,,,,,,,,24.7,,,,14.6,,49.2895794,31.4386957,
08:18:40.863,,,,,,,,,,66.5,,,,,,,,,,,,,,,,,,,,,,,,,,,,,49.2895794,31.4386957,
08:18:40.911,,,,,,,,,363.4,,,,,,,,,,,,,,,,,,,,,,,,,,,,,,49.2895794,31.4386957,
08:18:40.945,,,,,,,,,,,3.785,,,,,,,,,,,,,,,,,,,,,,,,,,,,49.2895794,31.4386957,
08:18:40.981,,,,,,,,,,,,3.776,,,,,,,,,,,,,,,,,,,,,,,,,,,49.2895794,31.4386957,
08:18:41.018,-0,,,,,,,,,,,,,,,,,,,,,,,,,,,,,,,,,,,,,,49.2895794,31.4386957,
08:18:41.055,,,-0,,,,,,,,,,,,,,,,,,,,,,,,,,,,,,,,,,,,49.2895794,31.4386957,
08:18:41.090,,0,,,,,,,,,,,,,,,,,,,,,,,,,,,,,,,,,,,,,49.2895794,31.4386957,
08:18:41.151,,,,,25,,,,,,,,,,,,,,,,,,,,,,,,,,,,,,,,,,49.2895794,31.4386957,
08:18:41.186,,,,,,25,,,,,,,,,,,,,,,,,,,,,,,,,,,,,,,,,49.2895794,31.4386957,
08:18:41.234,,,,,,,24,,,,,,,,,,,,,,,,,,,,,,,,,,,,,,,,49.2895794,31.4386957,
08:18:41.269,,,,,,,,24,,,,,,,,,,,,,,,,,,,,,,,,,,,,,,,49.2895794,31.4386957,
08:18:41.306,,,,21,,,,,,,,,,,,,,,,,,,,,,,,,,,,,,,,,,,49.2895794,31.4386957,
08:18:41.390,,,,,,,,,,,,,,,,,,38,,,,,,,,,,,,,,,,,,,,,49.2895794,31.4386957,
08:18:41.426,,,,,,,,,,,,,,27,,,,,,,,,,,,,,,,,,,,,,,,,49.2895794,31.4386957,
08:18:41.463,,,,,,,,,,,,,,,,,-9,,,,,,,,,,,,,,,,,,,,,,49.2895794,31.4386957,
08:18:41.523,,,,,,,,,,,,,61,,,,,,,,,,,,,,,,,,,,,,,,,,49.2895794,31.4386957,
08:18:41.558,,,,,,,,,,,,,,,-576,-0.05,,,,,,,,,,,,,,,,,,,,,,,49.2895794,31.4386957,
08:18:41.594,,,,,,,,,,,,,,,,,,,13,,,,,,,,,,,,,,,,,,,,49.2895794,31.4386957,
08:18:41.666,,,,,,,,,,,,,,,,,,,,,,,,,,,,,,0,,,,,,,,,49.2895794,31.4386957,
08:18:41.703,,,,,,,,,,,,,,,,,,,,,,,,,,,,,,,,,,,70,,,,49.2895794,31.4386957,
08:18:41.767,,,,,,,,,,,,,,,,,,,,,,,0,0,,,,,,,,,,,,,,,49.2895794,31.4386957,
08:18:41.801,,,,,,,,,,,,,,,,,,,,0,,,,,,,,,,,,,,,,,,,49.2895794,31.4386957,
08:18:41.804,,,,,,,,,,,,,,,,,,,,,,148,,,,,,,,,,,24.7,,,,12.8,,49.2895748,31.4387438,
08:18:41.838,,,,,,,,,,,,,,,,,,,,,,,,,,,,,,,,,,47,,,,,49.2895748,31.4387438,
08:18:41.875,,,,,,,,,,,,,,,,,,,,,,,,,,2.36,2.36,95.38,5925.86,,,26.4,,,,,,12,49.2895748,31.4387438,
08:18:41.911,,,,,,,,,,,,,,,,,,,,,,,,,,,,,,,-0.01,,,,,99,,,49.2895748,31.4387438,
08:18:41.994,,,,,,,,,,66.5,,,,,,,,,,,,,,,,,,,,,,,,,,,,,49.2895748,31.4387438,
08:18:42.042,,,,,,,,,361.8,,,,,,,,,,,,,,,,,,,,,,,,,,,,,,49.2895748,31.4387438,
08:18:42.079,,,,,,,,,,,3.784,,,,,,,,,,,,,,,,,,,,,,,,,,,,49.2895748,31.4387438,
08:18:42.125,,,,,,,,,,,,3.772,,,,,,,,,,,,,,,,,,,,,,,,,,,49.2895748,31.4387438,
08:18:42.161,-10,,,,,,,,,,,,,,,,,,,,,,,,,,,,,,,,,,,,,,49.2895748,31.4387438,
08:18:42.210,,,-11,,,,,,,,,,,,,,,,,,,,,,,,,,,,,,,,,,,,49.2895748,31.4387438,
08:18:42.258,,-11,,,,,,,,,,,,,,,,,,,,,,,,,,,,,,,,,,,,,49.2895748,31.4387438,
08:18:42.294,,,,,25,,,,,,,,,,,,,,,,,,,,,,,,,,,,,,,,,,49.2895748,31.4387438,
08:18:42.331,,,,,,25,,,,,,,,,,,,,,,,,,,,,,,,,,,,,,,,,49.2895748,31.4387438,
08:18:42.367,,,,,,,24,,,,,,,,,,,,,,,,,,,,,,,,,,,,,,,,49.2895748,31.4387438,
08:18:42.403,,,,,,,,24,,,,,,,,,,,,,,,,,,,,,,,,,,,,,,,49.2895748,31.4387438,
08:18:42.450,,,,21,,,,,,,,,,,,,,,,,,,,,,,,,,,,,,,,,,,49.2895748,31.4387438,
08:18:42.511,,,,,,,,,,,,,,,,,,38,,,,,,,,,,,,,,,,,,,,,49.2895748,31.4387438,
08:18:42.546,,,,,,,,,,,,,,27,,,,,,,,,,,,,,,,,,,,,,,,,49.2895748,31.4387438,
08:18:42.582,,,,,,,,,,,,,,,,,77,,,,,,,,,,,,,,,,,,,,,,49.2895748,31.4387438,
08:18:42.618,,,,,,,,,,,,,61,,,,,,,,,,,,,,,,,,,,,,,,,,49.2895748,31.4387438,
08:18:42.654,,,,,,,,,,,,,,,4992,0.3,,,,,,,,,,,,,,,,,,,,,,,49.2895748,31.4387438,
08:18:42.691,,,,,,,,,,,,,,,,,,,13,,,,,,,,,,,,,,,,,,,,49.2895748,31.4387438,
08:18:42.763,,,,,,,,,,,,,,,,,,,,,,,,,,,,,,0,,,,,,,,,49.2895748,31.4387438,
08:18:42.798,,,,,,,,,,,,,,,,,,,,,,,0,0,,,,,,,,,,,,,,,49.2895748,31.4387438,
08:18:42.811,,,,,,,,,,,,,,,,,,,,,,148,,,,,,,,,,,24.7,,,,12.5,,49.2895702,31.4387913,
08:18:42.846,,,,,,,,,,,,,,,,,,,,0,,,,,,,,,,,,,,,,,,,49.2895702,31.4387913,
08:18:42.930,,,,,,,,,,,,,,,,,,,,,,,,,,,,,,,,,,47,,,,,49.2895702,31.4387913,
08:18:42.967,,,,,,,,,,,,,,,,,,,,,,,,,,2.36,2.36,95.39,5925.87,,,26.4,,,,,,13,49.2895702,31.4387913,
08:18:43.002,,,,,,,,,,,,,,,,,,,,,,,,,,,,,,,-0.01,,,,,99,,,49.2895702,31.4387913,
08:18:43.074,,,,,,,,,,66.5,,,,,,,,,,,,,,,,,,,,,,,,,,,,,49.2895702,31.4387913,
08:18:43.111,,,,,,,,,358.2,,,,,,,,,,,,,,,,,,,,,,,,,,,,,,49.2895702,31.4387913,
08:18:43.159,,,,,,,,,,,3.728,,,,,,,,,,,,,,,,,,,,,,,,,,,,49.2895702,31.4387913,
08:18:43.206,,,,,,,,,,,,3.71,,,,,,,,,,,,,,,,,,,,,,,,,,,49.2895702,31.4387913,
08:18:43.265,-52,,,,,,,,,,,,,,,,,,,,,,,,,,,,,,,,,,,,,,49.2895702,31.4387913,
08:18:43.315,,,-1600,,,,,,,,,,,,,,,,,,,,,,,,,,,,,,,,,,,,49.2895702,31.4387913,
08:18:43.351,,-54,,,,,,,,,,,,,,,,,,,,,,,,,,,,,,,,,,,,,49.2895702,31.4387913,
08:18:43.398,,,,,25,,,,,,,,,,,,,,,,,,,,,,,,,,,,,,,,,,49.2895702,31.4387913,
08:18:43.434,,,,,,25,,,,,,,,,,,,,,,,,,,,,,,,,,,,,,,,,49.2895702,31.4387913,
08:18:43.483,,,,,,,24,,,,,,,,,,,,,,,,,,,,,,,,,,,,,,,,49.2895702,31.4387913,
08:18:43.517,,,,,,,,24,,,,,,,,,,,,,,,,,,,,,,,,,,,,,,,49.2895702,31.4387913,
08:18:43.555,,,,21,,,,,,,,,,,,,,,,,,,,,,,,,,,,,,,,,,,49.2895702,31.4387913,
08:18:43.626,,,,,,,,,,,,,,,,,,38,,,,,,,,,,,,,,,,,,,,,49.2895702,31.4387913,
08:18:43.662,,,,,,,,,,,,,,27,,,,,,,,,,,,,,,,,,,,,,,,,49.2895702,31.4387913,
08:18:43.699,,,,,,,,,,,,,,,,,136,,,,,,,,,,,,,,,,,,,,,,49.2895702,31.4387913,
08:18:43.770,,,,,,,,,,,,,61,,,,,,,,,,,,,,,,,,,,,,,,,,49.2895702,31.4387913,
08:18:43.805,,,,,,,,,,,,,,,,,,,,,,148,,,,,,,,,,,24.7,,,,17.4,,49.2895641,31.4388501,
08:18:43.830,,,,,,,,,,,,,,,8544,0.52,,,,,,,,,,,,,,,,,,,,,,,49.2895641,31.4388501,
08:18:43.914,,,,,,,,,,,,,,,,,,,19,,,,,,,,,,,,,,,,,,,,49.2895641,31.4388501,
08:18:43.987,,,,,,,,,,,,,,,,,,,,,,,,,,,,,,0,,,,,,,,,49.2895641,31.4388501,
08:18:44.022,,,,,,,,,,,,,,,,,,,,,,,,,,,,,,,,,,,69,,,,49.2895641,31.4388501,
08:18:44.070,,,,,,,,,,,,,,,,,,,,,,,0,0,,,,,,,,,,,,,,,49.2895641,31.4388501,
08:18:44.120,,,,,,,,,,,,,,,,,,,,0,,,,,,,,,,,,,,,,,,,49.2895641,31.4388501,
08:18:44.166,,,,,,,,,,,,,,,,,,,,,,,,,,,,,,,,,,47,,,,,49.2895641,31.4388501,
08:18:44.215,,,,,,,,,,,,,,,,,,,,,,,,,,2.37,2.37,95.39,5925.87,,,26.3,,,,,,19,49.2895641,31.4388501,
08:18:44.262,,,,,,,,,,,,,,,,,,,,,,,,,,,,,,,0,,,,,100,,,49.2895641,31.4388501,
08:18:44.347,,,,,,,,,,66,,,,,,,,,,,,,,,,,,,,,,,,,,,,,49.2895641,31.4388501,
08:18:44.394,,,,,,,,,354.4,,,,,,,,,,,,,,,,,,,,,,,,,,,,,,49.2895641,31.4388501,
08:18:44.432,,,,,,,,,,,3.695,,,,,,,,,,,,,,,,,,,,,,,,,,,,49.2895641,31.4388501,
08:18:44.472,,,,,,,,,,,,3.679,,,,,,,,,,,,,,,,,,,,,,,,,,,49.2895641,31.4388501,
08:18:44.510,-64,,,,,,,,,,,,,,,,,,,,,,,,,,,,,,,,,,,,,,49.2895641,31.4388501,
08:18:44.547,,,-1600,,,,,,,,,,,,,,,,,,,,,,,,,,,,,,,,,,,,49.2895641,31.4388501,
08:18:44.583,,-65,,,,,,,,,,,,,,,,,,,,,,,,,,,,,,,,,,,,,49.2895641,31.4388501,
08:18:44.631,,,,,25,,,,,,,,,,,,,,,,,,,,,,,,,,,,,,,,,,49.2895641,31.4388501,
08:18:44.678,,,,,,25,,,,,,,,,,,,,,,,,,,,,,,,,,,,,,,,,49.2895641,31.4388501,
08:18:44.714,,,,,,,24,,,,,,,,,,,,,,,,,,,,,,,,,,,,,,,,49.2895641,31.4388501,
08:18:44.749,,,,,,,,24,,,,,,,,,,,,,,,,,,,,,,,,,,,,,,,49.2895641,31.4388501,
08:18:44.787,,,,21,,,,,,,,,,,,,,,,,,,,,,,,,,,,,,,,,,,49.2895641,31.4388501,
08:18:44.813,,,,,,,,,,,,,,,,,,,,,,148,,,,,,,,,,,24.7,,,,24.2,,49.2895545,31.4389323,
08:18:44.858,,,,,,,,,,,,,,,,,,38,,,,,,,,,,,,,,,,,,,,,49.2895545,31.4389323,
08:18:44.882,,,,,,,,,,,,,,27,,,,,,,,,,,,,,,,,,,,,,,,,49.2895545,31.4389323,
08:18:44.917,,,,,,,,,,,,,,,,,119,,,,,,,,,,,,,,,,,,,,,,49.2895545,31.4389323,
08:18:44.943,,,,,,,,,,,,,61,,,,,,,,,,,,,,,,,,,,,,,,,,49.2895545,31.4389323,
08:18:44.977,,,,,,,,,,,,,,,7552,0.45,,,,,,,,,,,,,,,,,,,,,,,49.2895545,31.4389323,
08:18:45.027,,,,,,,,,,,,,,,,,,,24,,,,,,,,,,,,,,,,,,,,49.2895545,31.4389323,
08:18:45.111,,,,,,,,,,,,,,,,,,,,,,,,,,,,,,0,,,,,,,,,49.2895545,31.4389323,
08:18:45.145,,,,,,,,,,,,,,,,,,,,,,,0,0,,,,,,,,,,,,,,,49.2895545,31.4389323,
08:18:45.193,,,,,,,,,,,,,,,,,,,,0,,,,,,,,,,,,,,,,,,,49.2895545,31.4389323,
08:18:45.230,,,,,,,,,,,,,,,,,,,,,,,,,,,,,,,,,,47,,,,,49.2895545,31.4389323,
08:18:45.266,,,,,,,,,,,,,,,,,,,,,,,,,,2.37,2.37,95.4,5925.88,,,26.3,,,,,,24,49.2895545,31.4389323,
08:18:45.315,,,,,,,,,,,,,,,,,,,,,,,,,,,,,,,0,,,,,100,,,49.2895545,31.4389323,
08:18:45.375,,,,,,,,,,66,,,,,,,,,,,,,,,,,,,,,,,,,,,,,49.2895545,31.4389323,
08:18:45.409,,,,,,,,,352.4,,,,,,,,,,,,,,,,,,,,,,,,,,,,,,49.2895545,31.4389323,
08:18:45.446,,,,,,,,,,,3.682,,,,,,,,,,,,,,,,,,,,,,,,,,,,49.2895545,31.4389323,
08:18:45.482,,,,,,,,,,,,3.666,,,,,,,,,,,,,,,,,,,,,,,,,,,49.2895545,31.4389323,
08:18:45.531,-67,,,,,,,,,,,,,,,,,,,,,,,,,,,,,,,,,,,,,,49.2895545,31.4389323,
08:18:45.567,,,-1600,,,,,,,,,,,,,,,,,,,,,,,,,,,,,,,,,,,,49.2895545,31.4389323,
08:18:45.603,,-68,,,,,,,,,,,,,,,,,,,,,,,,,,,,,,,,,,,,,49.2895545,31.4389323,
08:18:45.663,,,,,25,,,,,,,,,,,,,,,,,,,,,,,,,,,,,,,,,,49.2895545,31.4389323,
08:18:45.710,,,,,,25,,,,,,,,,,,,,,,,,,,,,,,,,,,,,,,,,49.2895545,31.4389323,
08:18:45.747,,,,,,,24,,,,,,,,,,,,,,,,,,,,,,,,,,,,,,,,49.2895545,31.4389323,
08:18:45.795,,,,,,,,24,,,,,,,,,,,,,,,,,,,,,,,,,,,,,,,49.2895545,31.4389323,
08:18:45.806,,,,,,,,,,,,,,,,,,,,,,148,,,,,,,,,,,24.7,,,,28.9,,49.2895469,31.4390332,
08:18:45.855,,,,21,,,,,,,,,,,,,,,,,,,,,,,,,,,,,,,,,,,49.2895469,31.4390332,
08:18:45.938,,,,,,,,,,,,,,,,,,38,,,,,,,,,,,,,,,,,,,,,49.2895469,31.4390332,
08:18:45.987,,,,,,,,,,,,,,27,,,,,,,,,,,,,,,,,,,,,,,,,49.2895469,31.4390332,
08:18:46.021,,,,,,,,,,,,,,,,,105,,,,,,,,,,,,,,,,,,,,,,49.2895469,31.4390332,
08:18:46.058,,,,,,,,,,,,,59,,,,,,,,,,,,,,,,,,,,,,,,,,49.2895469,31.4390332,
08:18:46.095,,,,,,,,,,,,,,,6848,0.41,,,,,,,,,,,,,,,,,,,,,,,49.2895469,31.4390332,
08:18:46.132,,,,,,,,,,,,,,,,,,,29,,,,,,,,,,,,,,,,,,,,49.2895469,31.4390332,
08:18:46.206,,,,,,,,,,,,,,,,,,,,,,,,,,,,,,0,,,,,,,,,49.2895469,31.4390332,
08:18:46.242,,,,,,,,,,,,,,,,,,,,,,,,,,,,,,,,,,,69,,,,49.2895469,31.4390332,
08:18:46.291,,,,,,,,,,,,,,,,,,,,,,,0,0,,,,,,,,,,,,,,,49.2895469,31.4390332,
08:18:46.327,,,,,,,,,,,,,,,,,,,,0,,,,,,,,,,,,,,,,,,,49.2895469,31.4390332,
08:18:46.362,,,,,,,,,,,,,,,,,,,,,,,,,,,,,,,,,,47,,,,,49.2895469,31.4390332,
08:18:46.399,,,,,,,,,,,,,,,,,,,,,,,,,0.10605048614970455,2.38,2.38,95.41,5925.89,,,26.3,,,,,,29,49.2895469,31.4390332,
08:18:46.446,,,,,,,,,,,,,,,,,,,,,,,,,,,,,,,-0.01,,,,,99,,,49.2895469,31.4390332,
08:18:46.519,,,,,,,,,,65.5,,,,,,,,,,,,,,,,,,,,,,,,,,,,,49.2895469,31.4390332,
08:18:46.566,,,,,,,,,350.2,,,,,,,,,,,,,,,,,,,,,,,,,,,,,,49.2895469,31.4390332,
08:18:46.601,,,,,,,,,,,3.667,,,,,,,,,,,,,,,,,,,,,,,,,,,,49.2895469,31.4390332,
08:18:46.639,,,,,,,,,,,,3.653,,,,,,,,,,,,,,,,,,,,,,,,,,,49.2895469,31.4390332,
08:18:46.686,-69,,,,,,,,,,,,,,,,,,,,,,,,,,,,,,,,,,,,,,49.2895469,31.4390332,
08:18:46.722,,,-1600,,,,,,,,,,,,,,,,,,,,,,,,,,,,,,,,,,,,49.2895469,31.4390332,
08:18:46.759,,-70,,,,,,,,,,,,,,,,,,,,,,,,,,,,,,,,,,,,,49.2895469,31.4390332,
08:18:46.795,,,,,25,,,,,,,,,,,,,,,,,,,,,,,,,,,,,,,,,,49.2895469,31.4390332,
08:18:46.807,,,,,,,,,,,,,,,,,,,,,,148,,,,,,,,,,,24.7,,,,32.6,,49.2895394,31.4391497,
08:18:46.830,,,,,,25,,,,,,,,,,,,,,,,,,,,,,,,,,,,,,,,,49.2895394,31.4391497,
08:18:46.914,,,,,,,24,,,,,,,,,,,,,,,,,,,,,,,,,,,,,,,,49.2895394,31.4391497,
08:18:46.998,,,,,,,,24,,,,,,,,,,,,,,,,,,,,,,,,,,,,,,,49.2895394,31.4391497,
08:18:47.034,,,,21,,,,,,,,,,,,,,,,,,,,,,,,,,,,,,,,,,,49.2895394,31.4391497,
08:18:47.143,,,,,,,,,,,,,,,,,,38,,,,,,,,,,,,,,,,,,,,,49.2895394,31.4391497,
08:18:47.178,,,,,,,,,,,,,,27,,,,,,,,,,,,,,,,,,,,,,,,,49.2895394,31.4391497,
08:18:47.215,,,,,,,,,,,,,,,,,89,,,,,,,,,,,,,,,,,,,,,,49.2895394,31.4391497,
08:18:47.250,,,,,,,,,,,,,59,,,,,,,,,,,,,,,,,,,,,,,,,,49.2895394,31.4391497,
08:18:47.287,,,,,,,,,,,,,,,5728,0.34,,,,,,,,,,,,,,,,,,,,,,,49.2895394,31.4391497,
08:18:47.334,,,,,,,,,,,,,,,,,,,34,,,,,,,,,,,,,,,,,,,,49.2895394,31.4391497,
08:18:47.406,,,,,,,,,,,,,,,,,,,,,,,,,,,,,,0,,,,,,,,,49.2895394,31.4391497,
08:18:47.455,,,,,,,,,,,,,,,,,,,,,,,0,0,,,,,,,,,,,,,,,49.2895394,31.4391497,
08:18:47.490,,,,,,,,,,,,,,,,,,,,0,,,,,,,,,,,,,,,,,,,49.2895394,31.4391497,
08:18:47.526,,,,,,,,,,,,,,,,,,,,,,,,,,,,,,,,,,47,,,,,49.2895394,31.4391497,
08:18:47.573,,,,,,,,,,,,,,,,,,,,,,,,,0.12338566177032932,2.39,2.39,95.42,5925.9,,,26.4,,,,,,33,49.2895394,31.4391497,
08:18:47.610,,,,,,,,,,,,,,,,,,,,,,,,,,,,,,,-0.01,,,,,99,,,49.2895394,31.4391497,
08:18:47.696,,,,,,,,,,65,,,,,,,,,,,,,,,,,,,,,,,,,,,,,49.2895394,31.4391497,
08:18:47.738,,,,,,,,,351.9,,,,,,,,,,,,,,,,,,,,,,,,,,,,,,49.2895394,31.4391497,
08:18:47.774,,,,,,,,,,,3.669,,,,,,,,,,,,,,,,,,,,,,,,,,,,49.2895394,31.4391497,
08:18:47.795,,,,,,,,,,,,,,,,,,,,,,148,,,,,,,,,,,24.7,,,,35.8,,49.2895292,31.4392783,
08:18:47.822,,,,,,,,,,,,3.659,,,,,,,,,,,,,,,,,,,,,,,,,,,49.2895292,31.4392783,
08:18:47.857,-53,,,,,,,,,,,,,,,,,,,,,,,,,,,,,,,,,,,,,,49.2895292,31.4392783,
08:18:47.894,,,-1600,,,,,,,,,,,,,,,,,,,,,,,,,,,,,,,,,,,,49.2895292,31.4392783,
08:18:47.930,,-51,,,,,,,,,,,,,,,,,,,,,,,,,,,,,,,,,,,,,49.2895292,31.4392783,
08:18:47.978,,,,,25,,,,,,,,,,,,,,,,,,,,,,,,,,,,,,,,,,49.2895292,31.4392783,
08:18:48.014,,,,,,25,,,,,,,,,,,,,,,,,,,,,,,,,,,,,,,,,49.2895292,31.4392783,
08:18:48.061,,,,,,,24,,,,,,,,,,,,,,,,,,,,,,,,,,,,,,,,49.2895292,31.4392783,
08:18:48.099,,,,,,,,24,,,,,,,,,,,,,,,,,,,,,,,,,,,,,,,49.2895292,31.4392783,
08:18:48.135,,,,21,,,,,,,,,,,,,,,,,,,,,,,,,,,,,,,,,,,49.2895292,31.4392783,
08:18:48.218,,,,,,,,,,,,,,,,,,38,,,,,,,,,,,,,,,,,,,,,49.2895292,31.4392783,
08:18:48.255,,,,,,,,,,,,,,27,,,,,,,,,,,,,,,,,,,,,,,,,49.2895292,31.4392783,
08:18:48.302,,,,,,,,,,,,,,,,,61,,,,,,,,,,,,,,,,,,,,,,49.2895292,31.4392783,
08:18:48.339,,,,,,,,,,,,,59,,,,,,,,,,,,,,,,,,,,,,,,,,49.2895292,31.4392783,
08:18:48.387,,,,,,,,,,,,,,,3744,0.22,,,,,,,,,,,,,,,,,,,,,,,49.2895292,31.4392783,
08:18:48.422,,,,,,,,,,,,,,,,,,,36,,,,,,,,,,,,,,,,,,,,49.2895292,31.4392783,
08:18:48.505,,,,,,,,,,,,,,,,,,,,,,,,,,,,,,0,,,,,,,,,49.2895292,31.4392783,
08:18:48.542,,,,,,,,,,,,,,,,,,,,,,,,,,,,,,,,,,,69,,,,49.2895292,31.4392783,
08:18:48.590,,,,,,,,,,,,,,,,,,,,,,,0,0,,,,,,,,,,,,,,,49.2895292,31.4392783,
08:18:48.627,,,,,,,,,,,,,,,,,,,,0,,,,,,,,,,,,,,,,,,,49.2895292,31.4392783,
08:18:48.687,,,,,,,,,,,,,,,,,,,,,,,,,,,,,,,,,,47,,,,,49.2895292,31.4392783,
08:18:48.734,,,,,,,,,,,,,,,,,,,,,,,,,0.10707020236268247,2.4,2.4,95.43,5925.91,,,26.4,,,,,,36,49.2895292,31.4392783,
08:18:48.770,,,,,,,,,,,,,,,,,,,,,,,,,,,,,,,-0.01,,,,,99,,,49.2895292,31.4392783,
08:18:48.803,,,,,,,,,,,,,,,,,,,,,,148,,,,,,,,,,,24.8,,,,37.5,,49.2895214,31.4394204,
08:18:48.866,,,,,,,,,,64.5,,,,,,,,,,,,,,,,,,,,,,,,,,,,,49.2895214,31.4394204,
08:18:48.902,,,,,,,,,353.2,,,,,,,,,,,,,,,,,,,,,,,,,,,,,,49.2895214,31.4394204,
08:18:48.951,,,,,,,,,,,3.675,,,,,,,,,,,,,,,,,,,,,,,,,,,,49.2895214,31.4394204,
08:18:48.987,,,,,,,,,,,,3.663,,,,,,,,,,,,,,,,,,,,,,,,,,,49.2895214,31.4394204,
08:18:49.034,-44,,,,,,,,,,,,,,,,,,,,,,,,,,,,,,,,,,,,,,49.2895214,31.4394204,
08:18:49.082,,,-1600,,,,,,,,,,,,,,,,,,,,,,,,,,,,,,,,,,,,49.2895214,31.4394204,
08:18:49.118,,-41,,,,,,,,,,,,,,,,,,,,,,,,,,,,,,,,,,,,,49.2895214,31.4394204,
08:18:49.165,,,,,25,,,,,,,,,,,,,,,,,,,,,,,,,,,,,,,,,,49.2895214,31.4394204,
08:18:49.214,,,,,,25,,,,,,,,,,,,,,,,,,,,,,,,,,,,,,,,,49.2895214,31.4394204,
08:18:49.263,,,,,,,24,,,,,,,,,,,,,,,,,,,,,,,,,,,,,,,,49.2895214,31.4394204,
08:18:49.298,,,,,,,,24,,,,,,,,,,,,,,,,,,,,,,,,,,,,,,,49.2895214,31.4394204,
08:18:49.335,,,,21,,,,,,,,,,,,,,,,,,,,,,,,,,,,,,,,,,,49.2895214,31.4394204,
08:18:49.395,,,,,,,,,,,,,,,,,,38,,,,,,,,,,,,,,,,,,,,,49.2895214,31.4394204,
08:18:49.431,,,,,,,,,,,,,,27,,,,,,,,,,,,,,,,,,,,,,,,,49.2895214,31.4394204,
08:18:49.503,,,,,,,,,,,,,,,,,42,,,,,,,,,,,,,,,,,,,,,,49.2895214,31.4394204,
08:18:49.579,,,,,,,,,,,,,57,,,,,,,,,,,,,,,,,,,,,,,,,,49.2895214,31.4394204,
08:18:49.651,,,,,,,,,,,,,,,2624,0.16,,,,,,,,,,,,,,,,,,,,,,,49.2895214,31.4394204,
08:18:49.709,,,,,,,,,,,,,,,,,,,38,,,,,,,,,,,,,,,,,,,,49.2895214,31.4394204,
08:18:49.795,,,,,,,,,,,,,,,,,,,,,,,,,,,,,,0,,,,,,,,,49.2895214,31.4394204,
08:18:49.799,,,,,,,,,,,,,,,,,,,,,,148,,,,,,,,,,,24.8,,,,38.8,,49.28951,31.4395664,
08:18:49.854,,,,,,,,,,,,,,,,,,,,,,,0,0,,,,,,,,,,,,,,,49.28951,31.4395664,
08:18:49.891,,,,,,,,,,,,,,,,,,,,0,,,,,,,,,,,,,,,,,,,49.28951,31.4395664,
08:18:49.939,,,,,,,,,,,,,,,,,,,,,,,,,,,,,,,,,,47,,,,,49.28951,31.4395664,
08:18:49.974,,,,,,,,,,,,,,,,,,,,,,,,,0.08463644567716805,2.42,2.42,95.45,5925.92,,,26.4,,,,,,38,49.28951,31.4395664,
08:18:50.010,,,,,,,,,,,,,,,,,,,,,,,,,,,,,,,-0.01,,,,,99,,,49.28951,31.4395664,
08:18:50.083,,,,,,,,,,64.5,,,,,,,,,,,,,,,,,,,,,,,,,,,,,49.28951,31.4395664,
08:18:50.123,,,,,,,,,354.8,,,,,,,,,,,,,,,,,,,,,,,,,,,,,,49.28951,31.4395664,
08:18:50.171,,,,,,,,,,,3.689,,,,,,,,,,,,,,,,,,,,,,,,,,,,49.28951,31.4395664,
08:18:50.220,,,,,,,,,,,,3.679,,,,,,,,,,,,,,,,,,,,,,,,,,,49.28951,31.4395664,
08:18:50.254,-35,,,,,,,,,,,,,,,,,,,,,,,,,,,,,,,,,,,,,,49.28951,31.4395664,
08:18:50.301,,,-1600,,,,,,,,,,,,,,,,,,,,,,,,,,,,,,,,,,,,49.28951,31.4395664,
08:18:50.338,,-35,,,,,,,,,,,,,,,,,,,,,,,,,,,,,,,,,,,,,49.28951,31.4395664,
08:18:50.374,,,,,25,,,,,,,,,,,,,,,,,,,,,,,,,,,,,,,,,,49.28951,31.4395664,
08:18:50.421,,,,,,25,,,,,,,,,,,,,,,,,,,,,,,,,,,,,,,,,49.28951,31.4395664,
08:18:50.470,,,,,,,24,,,,,,,,,,,,,,,,,,,,,,,,,,,,,,,,49.28951,31.4395664,
08:18:50.507,,,,,,,,24,,,,,,,,,,,,,,,,,,,,,,,,,,,,,,,49.28951,31.4395664,
08:18:50.554,,,,21,,,,,,,,,,,,,,,,,,,,,,,,,,,,,,,,,,,49.28951,31.4395664,
08:18:50.614,,,,,,,,,,,,,,,,,,38,,,,,,,,,,,,,,,,,,,,,49.28951,31.4395664,
08:18:50.651,,,,,,,,,,,,,,27,,,,,,,,,,,,,,,,,,,,,,,,,49.28951,31.4395664,
08:18:50.685,,,,,,,,,,,,,,,,,36,,,,,,,,,,,,,,,,,,,,,,49.28951,31.4395664,
08:18:50.735,,,,,,,,,,,,,57,,,,,,,,,,,,,,,,,,,,,,,,,,49.28951,31.4395664,
08:18:50.770,,,,,,,,,,,,,,,2016,0.11,,,,,,,,,,,,,,,,,,,,,,,49.28951,31.4395664,
08:18:50.801,,,,,,,,,,,,,,,,,,,,,,148,,,,,,,,,,,24.8,,,,40.1,,49.2895017,31.4397183,
08:18:50.817,,,,,,,,,,,,,,,,,,,39,,,,,,,,,,,,,,,,,,,,49.2895017,31.4397183,
08:18:50.902,,,,,,,,,,,,,,,,,,,,,,,,,,,,,,0,,,,,,,,,49.2895017,31.4397183,
08:18:50.950,,,,,,,,,,,,,,,,,,,,,,,,,,,,,,,,,,,69,,,,49.2895017,31.4397183,
08:18:50.998,,,,,,,,,,,,,,,,,,,,,,,0,0,,,,,,,,,,,,,,,49.2895017,31.4397183,
08:18:51.047,,,,,,,,,,,,,,,,,,,,0,,,,,,,,,,,,,,,,,,,49.2895017,31.4397183,
08:18:51.094,,,,,,,,,,,,,,,,,,,,,,,,,,,,,,,,,,47,,,,,49.2895017,31.4397183,
08:18:51.130,,,,,,,,,,,,,,,,,,,,,,,,,0.060163256565697765,2.43,2.43,95.46,5925.94,,,26.5,,,,,,39,49.2895017,31.4397183,
08:18:51.178,,,,,,,,,,,,,,,,,,,,,,,,,,,,,,,-0.01,,,,,99,,,49.2895017,31.4397183,
08:18:51.249,,,,,,,,,,64,,,,,,,,,,,,,,,,,,,,,,,,,,,,,49.2895017,31.4397183,
08:18:51.298,,,,,,,,,355.2,,,,,,,,,,,,,,,,,,,,,,,,,,,,,,49.2895017,31.4397183,
08:18:51.359,,,,,,,,,,,3.696,,,,,,,,,,,,,,,,,,,,,,,,,,,,49.2895017,31.4397183,
08:18:51.394,,,,,,,,,,,,3.689,,,,,,,,,,,,,,,,,,,,,,,,,,,49.2895017,31.4397183,
08:18:51.430,-27,,,,,,,,,,,,,,,,,,,,,,,,,,,,,,,,,,,,,,49.2895017,31.4397183,
08:18:51.467,,,-26,,,,,,,,,,,,,,,,,,,,,,,,,,,,,,,,,,,,49.2895017,31.4397183,
08:18:51.503,,-26,,,,,,,,,,,,,,,,,,,,,,,,,,,,,,,,,,,,,49.2895017,31.4397183,
08:18:51.563,,,,,25,,,,,,,,,,,,,,,,,,,,,,,,,,,,,,,,,,49.2895017,31.4397183,
08:18:51.599,,,,,,25,,,,,,,,,,,,,,,,,,,,,,,,,,,,,,,,,49.2895017,31.4397183,
08:18:51.635,,,,,,,24,,,,,,,,,,,,,,,,,,,,,,,,,,,,,,,,49.2895017,31.4397183,
08:18:51.671,,,,,,,,24,,,,,,,,,,,,,,,,,,,,,,,,,,,,,,,49.2895017,31.4397183,
08:18:51.706,,,,21,,,,,,,,,,,,,,,,,,,,,,,,,,,,,,,,,,,49.2895017,31.4397183,
08:18:51.778,,,,,,,,,,,,,,,,,,39,,,,,,,,,,,,,,,,,,,,,49.2895017,31.4397183,
08:18:51.795,,,,,,,,,,,,,,,,,,,,,,148,,,,,,,,,,,24.9,,,,40.5,,49.289492,31.4398717,
08:18:51.815,,,,,,,,,,,,,,27,,,,,,,,,,,,,,,,,,,,,,,,,49.289492,31.4398717,
08:18:51.850,,,,,,,,,,,,,,,,,27,,,,,,,,,,,,,,,,,,,,,,49.289492,31.4398717,
08:18:51.898,,,,,,,,,,,,,57,,,,,,,,,,,,,,,,,,,,,,,,,,49.289492,31.4398717,
08:18:51.935,,,,,,,,,,,,,,,2016,0.11,,,,,,,,,,,,,,,,,,,,,,,49.289492,31.4398717,
08:18:51.971,,,,,,,,,,,,,,,,,,,40,,,,,,,,,,,,,,,,,,,,49.289492,31.4398717,
08:18:52.066,,,,,,,,,,,,,,,,,,,,,,,,,,,,,,0,,,,,,,,,49.289492,31.4398717,
08:18:52.103,,,,,,,,,,,,,,,,,,,,,,,0,0,,,,,,,,,,,,,,,49.289492,31.4398717,
08:18:52.139,,,,,,,,,,,,,,,,,,,,0,,,,,,,,,,,,,,,,,,,49.289492,31.4398717,
08:18:52.173,,,,,,,,,,,,,,,,,,,,,,,,,,,,,,,,,,47,,,,,49.289492,31.4398717,
08:18:52.222,,,,,,,,,,,,,,,,,,,,,,,,,0.04282808094507299,2.44,2.44,95.47,5925.95,,,26.5,,,,,,40,49.289492,31.4398717,
08:18:52.271,,,,,,,,,,,,,,,,,,,,,,,,,,,,,,,-0.01,,,,,99,,,49.289492,31.4398717,
08:18:52.342,,,,,,,,,,64,,,,,,,,,,,,,,,,,,,,,,,,,,,,,49.289492,31.4398717,
08:18:52.391,,,,,,,,,355.8,,,,,,,,,,,,,,,,,,,,,,,,,,,,,,49.289492,31.4398717,
08:18:52.437,,,,,,,,,,,3.704,,,,,,,,,,,,,,,,,,,,,,,,,,,,49.289492,31.4398717,
08:18:52.463,,,,,,,,,,,,3.691,,,,,,,,,,,,,,,,,,,,,,,,,,,49.289492,31.4398717,
08:18:52.498,-26,,,,,,,,,,,,,,,,,,,,,,,,,,,,,,,,,,,,,,49.289492,31.4398717,
08:18:52.533,,,-25,,,,,,,,,,,,,,,,,,,,,,,,,,,,,,,,,,,,49.289492,31.4398717,
08:18:52.570,,-24,,,,,,,,,,,,,,,,,,,,,,,,,,,,,,,,,,,,,49.289492,31.4398717,
08:18:52.607,,,,,25,,,,,,,,,,,,,,,,,,,,,,,,,,,,,,,,,,49.289492,31.4398717,
08:18:52.654,,,,,,25,,,,,,,,,,,,,,,,,,,,,,,,,,,,,,,,,49.289492,31.4398717,
08:18:52.679,,,,,,,24,,,,,,,,,,,,,,,,,,,,,,,,,,,,,,,,49.289492,31.4398717,
08:18:52.714,,,,,,,,24,,,,,,,,,,,,,,,,,,,,,,,,,,,,,,,49.289492,31.4398717,
08:18:52.761,,,,21,,,,,,,,,,,,,,,,,,,,,,,,,,,,,,,,,,,49.289492,31.4398717,
08:18:52.810,,,,,,,,,,,,,,,,,,,,,,148,,,,,,,,,,,24.9,,,,41.1,,49.2894797,31.4400241,
08:18:52.835,,,,,,,,,,,,,,,,,,39,,,,,,,,,,,,,,,,,,,,,49.2894797,31.4400241,
08:18:52.882,,,,,,,,,,,,,,27,,,,,,,,,,,,,,,,,,,,,,,,,49.2894797,31.4400241,
08:18:52.918,,,,,,,,,,,,,,,,,19,,,,,,,,,,,,,,,,,,,,,,49.2894797,31.4400241,
08:18:52.967,,,,,,,,,,,,,57,,,,,,,,,,,,,,,,,,,,,,,,,,49.2894797,31.4400241,
08:18:53.097,,,,,,,,,,,,,,,1184,0.06,,,,,,,,,,,,,,,,,,,,,,,49.2894797,31.4400241,
08:18:53.255,,,,,,,,,,,,,,,,,,,41,,,,,,,,,,,,,,,,,,,,49.2894797,31.4400241,
08:18:53.339,,,,,,,,,,,,,,,,,,,,,,,,,,,,,,0,,,,,,,,,49.2894797,31.4400241,
08:18:53.387,,,,,,,,,,,,,,,,,,,,,,,,,,,,,,,,,,,69,,,,49.2894797,31.4400241,
08:18:53.426,,,,,,,,,,,,,,,,,,,,,,,0,0,,,,,,,,,,,,,,,49.2894797,31.4400241,
08:18:53.510,,,,,,,,,,,,,,,,,,,,0,,,,,,,,,,,,,,,,,,,49.2894797,31.4400241,
08:18:53.546,,,,,,,,,,,,,,,,,,,,,,,,,,,,,,,,,,47,,,,,49.2894797,31.4400241,
08:18:53.595,,,,,,,,,,,,,,,,,,,,,,,,,0.02957177017635992,2.46,2.46,95.49,5925.96,,,26.6,,,,,,41,49.2894797,31.4400241,
08:18:53.643,,,,,,,,,,,,,,,,,,,,,,,,,,,,,,,-0.01,,,,,99,,,49.2894797,31.4400241,
08:18:53.701,,,,,,,,,,64,,,,,,,,,,,,,,,,,,,,,,,,,,,,,49.2894797,31.4400241,
08:18:53.750,,,,,,,,,355.5,,,,,,,,,,,,,,,,,,,,,,,,,,,,,,49.2894797,31.4400241,
08:18:53.797,,,,,,,,,,,3.711,,,,,,,,,,,,,,,,,,,,,,,,,,,,49.2894797,31.4400241,
08:18:53.803,,,,,,,,,,,,,,,,,,,,,,148,,,,,,,,,,,25,,,,41.7,,49.2894707,31.4401847,
08:18:53.846,,,,,,,,,,,,3.704,,,,,,,,,,,,,,,,,,,,,,,,,,,49.2894707,31.4401847,
08:18:53.882,-14,,,,,,,,,,,,,,,,,,,,,,,,,,,,,,,,,,,,,,49.2894707,31.4401847,
08:18:53.930,,,-14,,,,,,,,,,,,,,,,,,,,,,,,,,,,,,,,,,,,49.2894707,31.4401847,
08:18:53.978,,-12,,,,,,,,,,,,,,,,,,,,,,,,,,,,,,,,,,,,,49.2894707,31.4401847,
08:18:54.027,,,,,25,,,,,,,,,,,,,,,,,,,,,,,,,,,,,,,,,,49.2894707,31.4401847,
08:18:54.073,,,,,,25,,,,,,,,,,,,,,,,,,,,,,,,,,,,,,,,,49.2894707,31.4401847,
08:18:54.123,,,,,,,24,,,,,,,,,,,,,,,,,,,,,,,,,,,,,,,,49.2894707,31.4401847,
08:18:54.159,,,,,,,,24,,,,,,,,,,,,,,,,,,,,,,,,,,,,,,,49.2894707,31.4401847,
08:18:54.195,,,,21,,,,,,,,,,,,,,,,,,,,,,,,,,,,,,,,,,,49.2894707,31.4401847,
08:18:54.254,,,,,,,,,,,,,,,,,,39,,,,,,,,,,,,,,,,,,,,,49.2894707,31.4401847,
08:18:54.277,,,,,,,,,,,,,,27,,,,,,,,,,,,,,,,,,,,,,,,,49.2894707,31.4401847,
08:18:54.315,,,,,,,,,,,,,,,,,12,,,,,,,,,,,,,,,,,,,,,,49.2894707,31.4401847,
08:18:54.351,,,,,,,,,,,,,57,,,,,,,,,,,,,,,,,,,,,,,,,,49.2894707,31.4401847,
08:18:54.387,,,,,,,,,,,,,,,608,0.03,,,,,,,,,,,,,,,,,,,,,,,49.2894707,31.4401847,
08:18:54.422,,,,,,,,,,,,,,,,,,,41,,,,,,,,,,,,,,,,,,,,49.2894707,31.4401847,
08:18:54.507,,,,,,,,,,,,,,,,,,,,,,,,,,,,,,0,,,,,,,,,49.2894707,31.4401847,
08:18:54.553,,,,,,,,,,,,,,,,,,,,,,,0,0,,,,,,,,,,,,,,,49.2894707,31.4401847,
08:18:54.602,,,,,,,,,,,,,,,,,,,,0,,,,,,,,,,,,,,,,,,,49.2894707,31.4401847,
08:18:54.651,,,,,,,,,,,,,,,,,,,,,,,,,,,,,,,,,,47,,,,,49.2894707,31.4401847,
08:18:54.685,,,,,,,,,,,,,,,,,,,,,,,,,0.01835489183360271,2.47,2.47,95.5,5925.98,,,26.6,,,,,,41,49.2894707,31.4401847,
08:18:54.734,,,,,,,,,,,,,,,,,,,,,,,,,,,,,,,-0.01,,,,,99,,,49.2894707,31.4401847,
08:18:54.804,,,,,,,,,,,,,,,,,,,,,,148,,,,,,,,,,,25,,,,41.8,,49.2894591,31.4403447,
08:18:54.807,,,,,,,,,,64,,,,,,,,,,,,,,,,,,,,,,,,,,,,,49.2894591,31.4403447,
08:18:54.854,,,,,,,,,357.7,,,,,,,,,,,,,,,,,,,,,,,,,,,,,,49.2894591,31.4403447,
08:18:54.890,,,,,,,,,,,3.725,,,,,,,,,,,,,,,,,,,,,,,,,,,,49.2894591,31.4403447,
08:18:54.938,,,,,,,,,,,,3.715,,,,,,,,,,,,,,,,,,,,,,,,,,,49.2894591,31.4403447,
08:18:54.975,-8,,,,,,,,,,,,,,,,,,,,,,,,,,,,,,,,,,,,,,49.2894591,31.4403447,
08:18:55.021,,,-6,,,,,,,,,,,,,,,,,,,,,,,,,,,,,,,,,,,,49.2894591,31.4403447,
08:18:55.059,,-7,,,,,,,,,,,,,,,,,,,,,,,,,,,,,,,,,,,,,49.2894591,31.4403447,
08:18:55.105,,,,,25,,,,,,,,,,,,,,,,,,,,,,,,,,,,,,,,,,49.2894591,31.4403447,
08:18:55.142,,,,,,25,,,,,,,,,,,,,,,,,,,,,,,,,,,,,,,,,49.2894591,31.4403447,
08:18:55.191,,,,,,,24,,,,,,,,,,,,,,,,,,,,,,,,,,,,,,,,49.2894591,31.4403447,
08:18:55.226,,,,,,,,24,,,,,,,,,,,,,,,,,,,,,,,,,,,,,,,49.2894591,31.4403447,
08:18:55.263,,,,21,,,,,,,,,,,,,,,,,,,,,,,,,,,,,,,,,,,49.2894591,31.4403447,
08:18:55.334,,,,,,,,,,,,,,,,,,39,,,,,,,,,,,,,,,,,,,,,49.2894591,31.4403447,
08:18:55.383,,,,,,,,,,,,,,27,,,,,,,,,,,,,,,,,,,,,,,,,49.2894591,31.4403447,
08:18:55.418,,,,,,,,,,,,,,,,,3,,,,,,,,,,,,,,,,,,,,,,49.2894591,31.4403447,
08:18:55.454,,,,,,,,,,,,,57,,,,,,,,,,,,,,,,,,,,,,,,,,49.2894591,31.4403447,
08:18:55.490,,,,,,,,,,,,,,,192,0,,,,,,,,,,,,,,,,,,,,,,,49.2894591,31.4403447,
08:18:55.537,,,,,,,,,,,,,,,,,,,42,,,,,,,,,,,,,,,,,,,,49.2894591,31.4403447,
08:18:55.610,,,,,,,,,,,,,,,,,,,,,,,,,,,,,,0,,,,,,,,,49.2894591,31.4403447,
08:18:55.658,,,,,,,,,,,,,,,,,,,,,,,,,,,,,,,,,,,69,,,,49.2894591,31.4403447,
08:18:55.730,,,,,,,,,,,,,,,,,,,,,,,0,0,,,,,,,,,,,,,,,49.2894591,31.4403447,
08:18:55.778,,,,,,,,,,,,,,,,,,,,0,,,,,,,,,,,,,,,,,,,49.2894591,31.4403447,
08:18:55.799,,,,,,,,,,,,,,,,,,,,,,149,,,,,,,,,,,25.1,,,,41.9,,49.2894499,31.4405086,
08:18:55.839,,,,,,,,,,,,,,,,,,,,,,,,,,,,,,,,,,47,,,,,49.2894499,31.4405086,
08:18:55.946,,,,,,,,,,,,,,,,,,,,,,,,,0.012236594555735138,2.48,2.48,95.51,5925.99,,,26.7,,,,,,41,49.2894499,31.4405086,
08:18:56.018,,,,,,,,,,,,,,,,,,,,,,,,,,,,,,,-0.01,,,,,99,,,49.2894499,31.4405086,
08:18:56.101,,,,,,,,,,64,,,,,,,,,,,,,,,,,,,,,,,,,,,,,49.2894499,31.4405086,
08:18:56.138,,,,,,,,,357.4,,,,,,,,,,,,,,,,,,,,,,,,,,,,,,49.2894499,31.4405086,
08:18:56.199,,,,,,,,,,,3.732,,,,,,,,,,,,,,,,,,,,,,,,,,,,49.2894499,31.4405086,
08:18:56.235,,,,,,,,,,,,3.723,,,,,,,,,,,,,,,,,,,,,,,,,,,49.2894499,31.4405086,
08:18:56.270,-4,,,,,,,,,,,,,,,,,,,,,,,,,,,,,,,,,,,,,,49.2894499,31.4405086,
08:18:56.318,,,-5,,,,,,,,,,,,,,,,,,,,,,,,,,,,,,,,,,,,49.2894499,31.4405086,
08:18:56.367,,-9,,,,,,,,,,,,,,,,,,,,,,,,,,,,,,,,,,,,,49.2894499,31.4405086,
08:18:56.414,,,,,25,,,,,,,,,,,,,,,,,,,,,,,,,,,,,,,,,,49.2894499,31.4405086,
08:18:56.450,,,,,,25,,,,,,,,,,,,,,,,,,,,,,,,,,,,,,,,,49.2894499,31.4405086,
08:18:56.487,,,,,,,24,,,,,,,,,,,,,,,,,,,,,,,,,,,,,,,,49.2894499,31.4405086,
08:18:56.522,,,,,,,,24,,,,,,,,,,,,,,,,,,,,,,,,,,,,,,,49.2894499,31.4405086,
08:18:56.558,,,,21,,,,,,,,,,,,,,,,,,,,,,,,,,,,,,,,,,,49.2894499,31.4405086,
08:18:56.631,,,,,,,,,,,,,,,,,,39,,,,,,,,,,,,,,,,,,,,,49.2894499,31.4405086,
08:18:56.679,,,,,,,,,,,,,,27,,,,,,,,,,,,,,,,,,,,,,,,,49.2894499,31.4405086,
08:18:56.713,,,,,,,,,,,,,,,,,8,,,,,,,,,,,,,,,,,,,,,,49.2894499,31.4405086,
08:18:56.751,,,,,,,,,,,,,57,,,,,,,,,,,,,,,,,,,,,,,,,,49.2894499,31.4405086,
08:18:56.786,,,,,,,,,,,,,,,320,0.02,,,,,,,,,,,,,,,,,,,,,,,49.2894499,31.4405086,
08:18:56.804,,,,,,,,,,,,,,,,,,,,,,149,,,,,,,,,,,25.1,,,,41.8,,49.2894394,31.4406685,
08:18:56.822,,,,,,,,,,,,,,,,,,,41,,,,,,,,,,,,,,,,,,,,49.2894394,31.4406685,
08:18:56.905,,,,,,,,,,,,,,,,,,,,,,,,,,,,,,0,,,,,,,,,49.2894394,31.4406685,
08:18:56.967,,,,,,,,,,,,,,,,,,,,,,,0,0,,,,,,,,,,,,,,,49.2894394,31.4406685,
08:18:57.015,,,,,,,,,,,,,,,,,,,,0,,,,,,,,,,,,,,,,,,,49.2894394,31.4406685,
08:18:57.074,,,,,,,,,,,,,,,,,,,,,,,,,,,,,,,,,,47,,,,,49.2894394,31.4406685,
08:18:57.134,,,,,,,,,,,,,,,,,,,,,,,,,0.006118297277867569,2.5,2.5,95.53,5926,,,26.7,,,,,,41,49.2894394,31.4406685,
08:18:57.171,,,,,,,,,,,,,,,,,,,,,,,,,,,,,,,-0.01,,,,,99,,,49.2894394,31.4406685,
08:18:57.243,,,,,,,,,,63.5,,,,,,,,,,,,,,,,,,,,,,,,,,,,,49.2894394,31.4406685,
08:18:57.291,,,,,,,,,356.9,,,,,,,,,,,,,,,,,,,,,,,,,,,,,,49.2894394,31.4406685,
08:18:57.351,,,,,,,,,,,3.723,,,,,,,,,,,,,,,,,,,,,,,,,,,,49.2894394,31.4406685,
08:18:57.398,,,,,,,,,,,,3.716,,,,,,,,,,,,,,,,,,,,,,,,,,,49.2894394,31.4406685,
08:18:57.435,-11,,,,,,,,,,,,,,,,,,,,,,,,,,,,,,,,,,,,,,49.2894394,31.4406685,
08:18:57.518,,,-11,,,,,,,,,,,,,,,,,,,,,,,,,,,,,,,,,,,,49.2894394,31.4406685,
08:18:57.566,,-11,,,,,,,,,,,,,,,,,,,,,,,,,,,,,,,,,,,,,49.2894394,31.4406685,
08:18:57.615,,,,,25,,,,,,,,,,,,,,,,,,,,,,,,,,,,,,,,,,49.2894394,31.4406685,
08:18:57.662,,,,,,25,,,,,,,,,,,,,,,,,,,,,,,,,,,,,,,,,49.2894394,31.4406685,
08:18:57.711,,,,,,,24,,,,,,,,,,,,,,,,,,,,,,,,,,,,,,,,49.2894394,31.4406685,
08:18:57.748,,,,,,,,24,,,,,,,,,,,,,,,,,,,,,,,,,,,,,,,49.2894394,31.4406685,
08:18:57.797,,,,,,,,,,,,,,,,,,,,,,149,,,,,,,,,,,25.2,,,,41.9,,49.2894284,31.4408301,
08:18:57.798,,,,21,,,,,,,,,,,,,,,,,,,,,,,,,,,,,,,,,,,49.2894284,31.4408301,
08:18:57.881,,,,,,,,,,,,,,,,,,39,,,,,,,,,,,,,,,,,,,,,49.2894284,31.4408301,
08:18:57.918,,,,,,,,,,,,,,27,,,,,,,,,,,,,,,,,,,,,,,,,49.2894284,31.4408301,
08:18:57.966,,,,,,,,,,,,,,,,,14,,,,,,,,,,,,,,,,,,,,,,49.2894284,31.4408301,
08:18:58.002,,,,,,,,,,,,,55,,,,,,,,,,,,,,,,,,,,,,,,,,49.2894284,31.4408301,
08:18:58.051,,,,,,,,,,,,,,,1056,0.06,,,,,,,,,,,,,,,,,,,,,,,49.2894284,31.4408301,
08:18:58.099,,,,,,,,,,,,,,,,,,,42,,,,,,,,,,,,,,,,,,,,49.2894284,31.4408301,
08:18:58.171,,,,,,,,,,,,,,,,,,,,,,,,,,,,,,0,,,,,,,,,49.2894284,31.4408301,
08:18:58.206,,,,,,,,,,,,,,,,,,,,,,,,,,,,,,,,,,,68,,,,49.2894284,31.4408301,
08:18:58.279,,,,,,,,,,,,,,,,,,,,,,,0,0,,,,,,,,,,,,,,,49.2894284,31.4408301,
08:18:58.338,,,,,,,,,,,,,,,,,,,,0,,,,,,,,,,,,,,,,,,,49.2894284,31.4408301,
08:18:58.382,,,,,,,,,,,,,,,,,,,,,,,,,,,,,,,,,,47,,,,,49.2894284,31.4408301,
08:18:58.419,,,,,,,,,,,,,,,,,,,,,,,,,0,2.51,2.51,95.54,5926.02,,,26.8,,,,,,41,49.2894284,31.4408301,
08:18:58.467,,,,,,,,,,,,,,,,,,,,,,,,,,,,,,,-0.01,,,,,99,,,49.2894284,31.4408301,
08:18:58.527,,,,,,,,,,63.5,,,,,,,,,,,,,,,,,,,,,,,,,,,,,49.2894284,31.4408301,
08:18:58.561,,,,,,,,,356.3,,,,,,,,,,,,,,,,,,,,,,,,,,,,,,49.2894284,31.4408301,
08:18:58.635,,,,,,,,,,,3.728,,,,,,,,,,,,,,,,,,,,,,,,,,,,49.2894284,31.4408301,
08:18:58.670,,,,,,,,,,,,3.717,,,,,,,,,,,,,,,,,,,,,,,,,,,49.2894284,31.4408301,
08:18:58.718,-10,,,,,,,,,,,,,,,,,,,,,,,,,,,,,,,,,,,,,,49.2894284,31.4408301,
08:18:58.753,,,-10,,,,,,,,,,,,,,,,,,,,,,,,,,,,,,,,,,,,49.2894284,31.4408301,
08:18:58.802,,-9,,,,,,,,,,,,,,,,,,,,,,,,,,,,,,,,,,,,,49.2894284,31.4408301,
08:18:58.803,,,,,,,,,,,,,,,,,,,,,,149,,,,,,,,,,,25.2,,,,42.3,,49.2894164,31.4409915,
08:18:58.839,,,,,25,,,,,,,,,,,,,,,,,,,,,,,,,,,,,,,,,,49.2894164,31.4409915,
08:18:58.875,,,,,,25,,,,,,,,,,,,,,,,,,,,,,,,,,,,,,,,,49.2894164,31.4409915,
08:18:58.911,,,,,,,24,,,,,,,,,,,,,,,,,,,,,,,,,,,,,,,,49.2894164,31.4409915,
08:18:58.958,,,,,,,,24,,,,,,,,,,,,,,,,,,,,,,,,,,,,,,,49.2894164,31.4409915,
08:18:58.994,,,,21,,,,,,,,,,,,,,,,,,,,,,,,,,,,,,,,,,,49.2894164,31.4409915,
08:18:59.054,,,,,,,,,,,,,,,,,,39,,,,,,,,,,,,,,,,,,,,,49.2894164,31.4409915,
08:18:59.090,,,,,,,,,,,,,,27,,,,,,,,,,,,,,,,,,,,,,,,,49.2894164,31.4409915,
08:18:59.128,,,,,,,,,,,,,,,,,8,,,,,,,,,,,,,,,,,,,,,,49.2894164,31.4409915,
08:18:59.174,,,,,,,,,,,,,55,,,,,,,,,,,,,,,,,,,,,,,,,,49.2894164,31.4409915,
08:18:59.270,,,,,,,,,,,,,,,480,0.02,,,,,,,,,,,,,,,,,,,,,,,49.2894164,31.4409915,
08:18:59.331,,,,,,,,,,,,,,,,,,,42,,,,,,,,,,,,,,,,,,,,49.2894164,31.4409915,
08:18:59.462,,,,,,,,,,,,,,,,,,,,,,,,,,,,,,0,,,,,,,,,49.2894164,31.4409915,
08:18:59.511,,,,,,,,,,,,,,,,,,,,,,,0,0,,,,,,,,,,,,,,,49.2894164,31.4409915,
08:18:59.545,,,,,,,,,,,,,,,,,,,,0,,,,,,,,,,,,,,,,,,,49.2894164,31.4409915,
08:18:59.594,,,,,,,,,,,,,,,,,,,,,,,,,,,,,,,,,,47,,,,,49.2894164,31.4409915,
08:18:59.642,,,,,,,,,,,,,,,,,,,,,,,,,0,2.53,2.53,95.56,5926.03,,,26.8,,,,,,41,49.2894164,31.4409915,
08:18:59.679,,,,,,,,,,,,,,,,,,,,,,,,,,,,,,,0,,,,,100,,,49.2894164,31.4409915,
08:18:59.738,,,,,,,,,,63.5,,,,,,,,,,,,,,,,,,,,,,,,,,,,,49.2894164,31.4409915,
08:18:59.774,,,,,,,,,358.2,,,,,,,,,,,,,,,,,,,,,,,,,,,,,,49.2894164,31.4409915,
08:18:59.800,,,,,,,,,,,,,,,,,,,,,,149,,,,,,,,,,,25.2,,,,42.3,,49.2894039,31.4411534,
08:18:59.823,,,,,,,,,,,3.72,,,,,,,,,,,,,,,,,,,,,,,,,,,,49.2894039,31.4411534,
08:18:59.871,,,,,,,,,,,,3.709,,,,,,,,,,,,,,,,,,,,,,,,,,,49.2894039,31.4411534,
08:18:59.930,-17,,,,,,,,,,,,,,,,,,,,,,,,,,,,,,,,,,,,,,49.2894039,31.4411534,
08:18:59.965,,,-18,,,,,,,,,,,,,,,,,,,,,,,,,,,,,,,,,,,,49.2894039,31.4411534,
08:19:00.002,,-17,,,,,,,,,,,,,,,,,,,,,,,,,,,,,,,,,,,,,49.2894039,31.4411534,
08:19:00.050,,,,,25,,,,,,,,,,,,,,,,,,,,,,,,,,,,,,,,,,49.2894039,31.4411534,
08:19:00.099,,,,,,25,,,,,,,,,,,,,,,,,,,,,,,,,,,,,,,,,49.2894039,31.4411534,
08:19:00.133,,,,,,,24,,,,,,,,,,,,,,,,,,,,,,,,,,,,,,,,49.2894039,31.4411534,
08:19:00.182,,,,,,,,24,,,,,,,,,,,,,,,,,,,,,,,,,,,,,,,49.2894039,31.4411534,
08:19:00.230,,,,21,,,,,,,,,,,,,,,,,,,,,,,,,,,,,,,,,,,49.2894039,31.4411534,
08:19:00.290,,,,,,,,,,,,,,,,,,39,,,,,,,,,,,,,,,,,,,,,49.2894039,31.4411534,
08:19:00.327,,,,,,,,,,,,,,27,,,,,,,,,,,,,,,,,,,,,,,,,49.2894039,31.4411534,
08:19:00.362,,,,,,,,,,,,,,,,,28,,,,,,,,,,,,,,,,,,,,,,49.2894039,31.4411534,
08:19:00.411,,,,,,,,,,,,,55,,,,,,,,,,,,,,,,,,,,,,,,,,49.2894039,31.4411534,
08:19:00.471,,,,,,,,,,,,,,,1792,0.11,,,,,,,,,,,,,,,,,,,,,,,49.2894039,31.4411534,
08:19:00.518,,,,,,,,,,,,,,,,,,,43,,,,,,,,,,,,,,,,,,,,49.2894039,31.4411534,
08:19:00.591,,,,,,,,,,,,,,,,,,,,,,,,,,,,,,0,,,,,,,,,49.2894039,31.4411534,
08:19:00.638,,,,,,,,,,,,,,,,,,,,,,,,,,,,,,,,,,,68,,,,49.2894039,31.4411534,
08:19:00.686,,,,,,,,,,,,,,,,,,,,,,,0,0,,,,,,,,,,,,,,,49.2894039,31.4411534,
08:19:00.757,,,,,,,,,,,,,,,,,,,,0,,,,,,,,,,,,,,,,,,,49.2894039,31.4411534,
08:19:00.805,,,,,,,,,,,,,,,,,,,,,,149,,,,,,,,,,,25.3,,,,43,,49.2893874,31.4413173,
08:19:00.831,,,,,,,,,,,,,,,,,,,,,,,,,,,,,,,,,,47,,,,,49.2893874,31.4413173,
08:19:00.867,,,,,,,,,,,,,,,,,,,,,,,,,0.006118297277867569,2.54,2.54,95.57,5926.05,,,26.9,,,,,,42,49.2893874,31.4413173,
08:19:00.926,,,,,,,,,,,,,,,,,,,,,,,,,,,,,,,0,,,,,100,,,49.2893874,31.4413173,
08:19:00.998,,,,,,,,,,63.5,,,,,,,,,,,,,,,,,,,,,,,,,,,,,49.2893874,31.4413173,
08:19:01.058,,,,,,,,,354.5,,,,,,,,,,,,,,,,,,,,,,,,,,,,,,49.2893874,31.4413173,
08:19:01.094,,,,,,,,,,,3.698,,,,,,,,,,,,,,,,,,,,,,,,,,,,49.2893874,31.4413173,
08:19:01.142,,,,,,,,,,,,3.689,,,,,,,,,,,,,,,,,,,,,,,,,,,49.2893874,31.4413173,
08:19:01.190,-31,,,,,,,,,,,,,,,,,,,,,,,,,,,,,,,,,,,,,,49.2893874,31.4413173,
08:19:01.226,,,-28,,,,,,,,,,,,,,,,,,,,,,,,,,,,,,,,,,,,49.2893874,31.4413173,
08:19:01.275,,-28,,,,,,,,,,,,,,,,,,,,,,,,,,,,,,,,,,,,,49.2893874,31.4413173,
08:19:01.310,,,,,25,,,,,,,,,,,,,,,,,,,,,,,,,,,,,,,,,,49.2893874,31.4413173,
08:19:01.346,,,,,,25,,,,,,,,,,,,,,,,,,,,,,,,,,,,,,,,,49.2893874,31.4413173,
08:19:01.418,,,,,,,24,,,,,,,,,,,,,,,,,,,,,,,,,,,,,,,,49.2893874,31.4413173,
08:19:01.455,,,,,,,,24,,,,,,,,,,,,,,,,,,,,,,,,,,,,,,,49.2893874,31.4413173,
08:19:01.502,,,,21,,,,,,,,,,,,,,,,,,,,,,,,,,,,,,,,,,,49.2893874,31.4413173,
08:19:01.574,,,,,,,,,,,,,,,,,,39,,,,,,,,,,,,,,,,,,,,,49.2893874,31.4413173,
08:19:01.609,,,,,,,,,,,,,,27,,,,,,,,,,,,,,,,,,,,,,,,,49.2893874,31.4413173,
08:19:01.647,,,,,,,,,,,,,,,,,3,,,,,,,,,,,,,,,,,,,,,,49.2893874,31.4413173,
08:19:01.694,,,,,,,,,,,,,55,,,,,,,,,,,,,,,,,,,,,,,,,,49.2893874,31.4413173,
08:19:01.743,,,,,,,,,,,,,,,96,0,,,,,,,,,,,,,,,,,,,,,,,49.2893874,31.4413173,
08:19:01.778,,,,,,,,,,,,,,,,,,,44,,,,,,,,,,,,,,,,,,,,49.2893874,31.4413173,
08:19:01.804,,,,,,,,,,,,,,,,,,,,,,149,,,,,,,,,,,25.3,,,,44.3,,49.2893736,31.4414839,
08:19:01.839,,,,,,,,,,,,,,,,,,,,,,,,,,,,,,0,,,,,,,,,49.2893736,31.4414839,
08:19:01.898,,,,,,,,,,,,,,,,,,,,,,,0,0,,,,,,,,,,,,,,,49.2893736,31.4414839,
08:19:01.935,,,,,,,,,,,,,,,,,,,,0,,,,,,,,,,,,,,,,,,,49.2893736,31.4414839,
08:19:01.994,,,,,,,,,,,,,,,,,,,,,,,,,,,,,,,,,,47,,,,,49.2893736,31.4414839,
08:19:02.030,,,,,,,,,,,,,,,,,,,,,,,,,0.011216878342757211,2.55,2.55,95.58,5926.06,,,26.9,,,,,,43,49.2893736,31.4414839,
08:19:02.091,,,,,,,,,,,,,,,,,,,,,,,,,,,,,,,-0.01,,,,,99,,,49.2893736,31.4414839,
08:19:02.152,,,,,,,,,,63.5,,,,,,,,,,,,,,,,,,,,,,,,,,,,,49.2893736,31.4414839,
08:19:02.186,,,,,,,,,362.2,,,,,,,,,,,,,,,,,,,,,,,,,,,,,,49.2893736,31.4414839,
08:19:02.223,,,,,,,,,,,3.764,,,,,,,,,,,,,,,,,,,,,,,,,,,,49.2893736,31.4414839,
08:19:02.259,,,,,,,,,,,,3.751,,,,,,,,,,,,,,,,,,,,,,,,,,,49.2893736,31.4414839,
08:19:02.295,27,,,,,,,,,,,,,,,,,,,,,,,,,,,,,,,,,,,,,,49.2893736,31.4414839,
08:19:02.330,,,27,,,,,,,,,,,,,,,,,,,,,,,,,,,,,,,,,,,,49.2893736,31.4414839,
08:19:02.367,,26,,,,,,,,,,,,,,,,,,,,,,,,,,,,,,,,,,,,,49.2893736,31.4414839,
08:19:02.402,,,,,25,,,,,,,,,,,,,,,,,,,,,,,,,,,,,,,,,,49.2893736,31.4414839,
08:19:02.486,,,,,,25,,,,,,,,,,,,,,,,,,,,,,,,,,,,,,,,,49.2893736,31.4414839,
08:19:02.558,,,,,,,24,,,,,,,,,,,,,,,,,,,,,,,,,,,,,,,,49.2893736,31.4414839,
08:19:02.642,,,,,,,,24,,,,,,,,,,,,,,,,,,,,,,,,,,,,,,,49.2893736,31.4414839,
08:19:02.691,,,,21,,,,,,,,,,,,,,,,,,,,,,,,,,,,,,,,,,,49.2893736,31.4414839,
08:19:02.762,,,,,,,,,,,,,,,,,,39,,,,,,,,,,,,,,,,,,,,,49.2893736,31.4414839,
08:19:02.797,,,,,,,,,,,,,,27,,,,,,,,,,,,,,,,,,,,,,,,,49.2893736,31.4414839,
08:19:02.810,,,,,,,,,,,,,,,,,,,,,,149,,,,,,,,,,,25.4,,,,43.2,,49.2893607,31.4416458,
08:19:02.847,,,,,,,,,,,,,,,,,-18,,,,,,,,,,,,,,,,,,,,,,49.2893607,31.4416458,
08:19:02.883,,,,,,,,,,,,,55,,,,,,,,,,,,,,,,,,,,,,,,,,49.2893607,31.4416458,
08:19:02.918,,,,,,,,,,,,,,,-1696,-0.11,,,,,,,,,,,,,,,,,,,,,,,49.2893607,31.4416458,
08:19:02.954,,,,,,,,,,,,,,,,,,,42,,,,,,,,,,,,,,,,,,,,49.2893607,31.4416458,
08:19:03.026,,,,,,,,,,,,,,,,,,,,,,,,,,,,,,0,,,,,,,,,49.2893607,31.4416458,
08:19:03.087,,,,,,,,,,,,,,,,,,,,,,,,,,,,,,,,,,,68,,,,49.2893607,31.4416458,
08:19:03.134,,,,,,,,,,,,,,,,,,,,,,,0,0,,,,,,,,,,,,,,,49.2893607,31.4416458,
08:19:03.171,,,,,,,,,,,,,,,,,,,,0,,,,,,,,,,,,,,,,,,,49.2893607,31.4416458,
08:19:03.230,,,,,,,,,,,,,,,,,,,,,,,,,,,,,,,,,,47,,,,,49.2893607,31.4416458,
08:19:03.277,,,,,,,,,,,,,,,,,,,,,,,,,,2.57,2.57,95.6,5926.07,,,27,,,,,,41,49.2893607,31.4416458,
08:19:03.327,,,,,,,,,,,,,,,,,,,,,,,,,,,,,,,0,,,,,100,,,49.2893607,31.4416458,
08:19:03.398,,,,,,,,,,63.5,,,,,,,,,,,,,,,,,,,,,,,,,,,,,49.2893607,31.4416458,
08:19:03.435,,,,,,,,,363.7,,,,,,,,,,,,,,,,,,,,,,,,,,,,,,49.2893607,31.4416458,
08:19:03.471,,,,,,,,,,,3.798,,,,,,,,,,,,,,,,,,,,,,,,,,,,49.2893607,31.4416458,
08:19:03.506,,,,,,,,,,,,3.79,,,,,,,,,,,,,,,,,,,,,,,,,,,49.2893607,31.4416458,
08:19:03.541,44,,,,,,,,,,,,,,,,,,,,,,,,,,,,,,,,,,,,,,49.2893607,31.4416458,
08:19:03.591,,,-1600,,,,,,,,,,,,,,,,,,,,,,,,,,,,,,,,,,,,49.2893607,31.4416458,
08:19:03.650,,46,,,,,,,,,,,,,,,,,,,,,,,,,,,,,,,,,,,,,49.2893607,31.4416458,
08:19:03.686,,,,,25,,,,,,,,,,,,,,,,,,,,,,,,,,,,,,,,,,49.2893607,31.4416458,
08:19:03.748,,,,,,25,,,,,,,,,,,,,,,,,,,,,,,,,,,,,,,,,49.2893607,31.4416458,
08:19:03.782,,,,,,,24,,,,,,,,,,,,,,,,,,,,,,,,,,,,,,,,49.2893607,31.4416458,
08:19:03.802,,,,,,,,,,,,,,,,,,,,,,149,,,,,,,,,,,25.4,,,,41.1,,49.2893485,31.441803,
08:19:03.817,,,,,,,,24,,,,,,,,,,,,,,,,,,,,,,,,,,,,,,,49.2893485,31.441803,
08:19:03.866,,,,21,,,,,,,,,,,,,,,,,,,,,,,,,,,,,,,,,,,49.2893485,31.441803,
08:19:03.939,,,,,,,,,,,,,,,,,,39,,,,,,,,,,,,,,,,,,,,,49.2893485,31.441803,
08:19:03.975,,,,,,,,,,,,,,27,,,,,,,,,,,,,,,,,,,,,,,,,49.2893485,31.441803,
08:19:04.010,,,,,,,,,,,,,,,,,-73,,,,,,,,,,,,,,,,,,,,,,49.2893485,31.441803,
08:19:04.045,,,,,,,,,,,,,55,,,,,,,,,,,,,,,,,,,,,,,,,,49.2893485,31.441803,
08:19:04.095,,,,,,,,,,,,,,,-4800,-0.3,,,,,,,,,,,,,,,,,,,,,,,49.2893485,31.441803,
08:19:04.130,,,,,,,,,,,,,,,,,,,39,,,,,,,,,,,,,,,,,,,,49.2893485,31.441803,
08:19:04.190,,,,,,,,,,,,,,,,,,,,,,,,,,,,,,0,,,,,,,,,49.2893485,31.441803,
08:19:04.227,,,,,,,,,,,,,,,,,,,,,,,0,0,,,,,,,,,,,,,,,49.2893485,31.441803,
08:19:04.275,,,,,,,,,,,,,,,,,,,,0,,,,,,,,,,,,,,,,,,,49.2893485,31.441803,
08:19:04.322,,,,,,,,,,,,,,,,,,,,,,,,,,,,,,,,,,47,,,,,49.2893485,31.441803,
08:19:04.360,,,,,,,,,,,,,,,,,,,,,,,,,,2.58,2.58,95.61,5926.09,,,27,,,,,,38,49.2893485,31.441803,
08:19:04.406,,,,,,,,,,,,,,,,,,,,,,,,,,,,,,,-0.01,,,,,99,,,49.2893485,31.441803,
08:19:04.491,,,,,,,,,,63.5,,,,,,,,,,,,,,,,,,,,,,,,,,,,,49.2893485,31.441803,
08:19:04.527,,,,,,,,,365.8,,,,,,,,,,,,,,,,,,,,,,,,,,,,,,49.2893485,31.441803,
08:19:04.574,,,,,,,,,,,3.806,,,,,,,,,,,,,,,,,,,,,,,,,,,,49.2893485,31.441803,
08:19:04.622,,,,,,,,,,,,3.792,,,,,,,,,,,,,,,,,,,,,,,,,,,49.2893485,31.441803,
08:19:04.658,39,,,,,,,,,,,,,,,,,,,,,,,,,,,,,,,,,,,,,,49.2893485,31.441803,
08:19:04.694,,,-1600,,,,,,,,,,,,,,,,,,,,,,,,,,,,,,,,,,,,49.2893485,31.441803,
08:19:04.743,,38,,,,,,,,,,,,,,,,,,,,,,,,,,,,,,,,,,,,,49.2893485,31.441803,
08:19:04.778,,,,,25,,,,,,,,,,,,,,,,,,,,,,,,,,,,,,,,,,49.2893485,31.441803,
08:19:04.805,,,,,,,,,,,,,,,,,,,,,,149,,,,,,,,,,,25.5,,,,36.8,,49.2893376,31.4419486,
08:19:04.826,,,,,,25,,,,,,,,,,,,,,,,,,,,,,,,,,,,,,,,,49.2893376,31.4419486,
08:19:04.863,,,,,,,24,,,,,,,,,,,,,,,,,,,,,,,,,,,,,,,,49.2893376,31.4419486,
08:19:04.910,,,,,,,,24,,,,,,,,,,,,,,,,,,,,,,,,,,,,,,,49.2893376,31.4419486,
08:19:04.947,,,,21,,,,,,,,,,,,,,,,,,,,,,,,,,,,,,,,,,,49.2893376,31.4419486,
08:19:05.030,,,,,,,,,,,,,,,,,,39,,,,,,,,,,,,,,,,,,,,,49.2893376,31.4419486,
08:19:05.067,,,,,,,,,,,,,,27,,,,,,,,,,,,,,,,,,,,,,,,,49.2893376,31.4419486,
08:19:05.102,,,,,,,,,,,,,,,,,-64,,,,,,,,,,,,,,,,,,,,,,49.2893376,31.4419486,
08:19:05.138,,,,,,,,,,,,,57,,,,,,,,,,,,,,,,,,,,,,,,,,49.2893376,31.4419486,
08:19:05.175,,,,,,,,,,,,,,,-4096,-0.25,,,,,,,,,,,,,,,,,,,,,,,49.2893376,31.4419486,
08:19:05.222,,,,,,,,,,,,,,,,,,,35,,,,,,,,,,,,,,,,,,,,49.2893376,31.4419486,
08:19:05.295,,,,,,,,,,,,,,,,,,,,,,,,,,,,,,0,,,,,,,,,49.2893376,31.4419486,
08:19:05.331,,,,,,,,,,,,,,,,,,,,,,,,,,,,,,,,,,,68,,,,49.2893376,31.4419486,
08:19:05.378,,,,,,,,,,,,,,,,,,,,,,,0,0,,,,,,,,,,,,,,,49.2893376,31.4419486,
08:19:05.438,,,,,,,,,,,,,,,,,,,,0,,,,,,,,,,,,,,,,,,,49.2893376,31.4419486,
08:19:05.475,,,,,,,,,,,,,,,,,,,,,,,,,,,,,,,,,,47,,,,,49.2893376,31.4419486,
08:19:05.510,,,,,,,,,,,,,,,,,,,,,,,,,-0.04282808094507299,2.59,2.59,95.62,5926.1,,,27.1,,,,,,35,49.2893376,31.4419486,
08:19:05.546,,,,,,,,,,,,,,,,,,,,,,,,,,,,,,,-0.01,,,,,99,,,49.2893376,31.4419486,
08:19:05.690,,,,,,,,,,64,,,,,,,,,,,,,,,,,,,,,,,,,,,,,49.2893376,31.4419486,
08:19:05.775,,,,,,,,,364.2,,,,,,,,,,,,,,,,,,,,,,,,,,,,,,49.2893376,31.4419486,
08:19:05.802,,,,,,,,,,,,,,,,,,,,,,149,,,,,,,,,,,25.5,,,,33.5,,49.289327,31.4420792,
08:19:05.822,,,,,,,,,,,3.805,,,,,,,,,,,,,,,,,,,,,,,,,,,,49.289327,31.4420792,
08:19:05.859,,,,,,,,,,,,3.793,,,,,,,,,,,,,,,,,,,,,,,,,,,49.289327,31.4420792,
08:19:05.906,33,,,,,,,,,,,,,,,,,,,,,,,,,,,,,,,,,,,,,,49.289327,31.4420792,
08:19:05.943,,,-1600,,,,,,,,,,,,,,,,,,,,,,,,,,,,,,,,,,,,49.289327,31.4420792,
08:19:05.978,,34,,,,,,,,,,,,,,,,,,,,,,,,,,,,,,,,,,,,,49.289327,31.4420792,
08:19:06.025,,,,,25,,,,,,,,,,,,,,,,,,,,,,,,,,,,,,,,,,49.289327,31.4420792,
08:19:06.062,,,,,,25,,,,,,,,,,,,,,,,,,,,,,,,,,,,,,,,,49.289327,31.4420792,
08:19:06.099,,,,,,,24,,,,,,,,,,,,,,,,,,,,,,,,,,,,,,,,49.289327,31.4420792,
08:19:06.135,,,,,,,,24,,,,,,,,,,,,,,,,,,,,,,,,,,,,,,,49.289327,31.4420792,
08:19:06.182,,,,21,,,,,,,,,,,,,,,,,,,,,,,,,,,,,,,,,,,49.289327,31.4420792,
08:19:06.255,,,,,,,,,,,,,,,,,,38,,,,,,,,,,,,,,,,,,,,,49.289327,31.4420792,
08:19:06.301,,,,,,,,,,,,,,27,,,,,,,,,,,,,,,,,,,,,,,,,49.289327,31.4420792,
08:19:06.338,,,,,,,,,,,,,,,,,-63,,,,,,,,,,,,,,,,,,,,,,49.289327,31.4420792,
08:19:06.374,,,,,,,,,,,,,57,,,,,,,,,,,,,,,,,,,,,,,,,,49.289327,31.4420792,
08:19:06.411,,,,,,,,,,,,,,,-3936,-0.25,,,,,,,,,,,,,,,,,,,,,,,49.289327,31.4420792,
08:19:06.459,,,,,,,,,,,,,,,,,,,32,,,,,,,,,,,,,,,,,,,,49.289327,31.4420792,
08:19:06.519,,,,,,,,,,,,,,,,,,,,,,,,,,,,,,0,,,,,,,,,49.289327,31.4420792,
08:19:06.555,,,,,,,,,,,,,,,,,,,,,,,0,0,,,,,,,,,,,,,,,49.289327,31.4420792,
08:19:06.590,,,,,,,,,,,,,,,,,,,,0,,,,,,,,,,,,,,,,,,,49.289327,31.4420792,
08:19:06.626,,,,,,,,,,,,,,,,,,,,,,,,,,,,,,,,,,47,,,,,49.289327,31.4420792,
08:19:06.673,,,,,,,,,,,,,,,,,,,,,,,,,-0.07341956733441084,2.6,2.6,95.63,5926.11,,,27.1,,,,,,31,49.289327,31.4420792,
08:19:06.710,,,,,,,,,,,,,,,,,,,,,,,,,,,,,,,0,,,,,100,,,49.289327,31.4420792,
08:19:06.783,,,,,,,,,,64,,,,,,,,,,,,,,,,,,,,,,,,,,,,,49.289327,31.4420792,
08:19:06.804,,,,,,,,,,,,,,,,,,,,,,149,,,,,,,,,,,25.5,,,,30.4,,49.2893178,31.4422001,
08:19:06.830,,,,,,,,,364.5,,,,,,,,,,,,,,,,,,,,,,,,,,,,,,49.2893178,31.4422001,
08:19:06.868,,,,,,,,,,,3.808,,,,,,,,,,,,,,,,,,,,,,,,,,,,49.2893178,31.4422001,
08:19:06.906,,,,,,,,,,,,3.796,,,,,,,,,,,,,,,,,,,,,,,,,,,49.2893178,31.4422001,
08:19:06.931,29,,,,,,,,,,,,,,,,,,,,,,,,,,,,,,,,,,,,,,49.2893178,31.4422001,
08:19:06.979,,,29,,,,,,,,,,,,,,,,,,,,,,,,,,,,,,,,,,,,49.2893178,31.4422001,
08:19:07.014,,29,,,,,,,,,,,,,,,,,,,,,,,,,,,,,,,,,,,,,49.2893178,31.4422001,
08:19:07.051,,,,,25,,,,,,,,,,,,,,,,,,,,,,,,,,,,,,,,,,49.2893178,31.4422001,
08:19:07.085,,,,,,25,,,,,,,,,,,,,,,,,,,,,,,,,,,,,,,,,49.2893178,31.4422001,
08:19:07.122,,,,,,,24,,,,,,,,,,,,,,,,,,,,,,,,,,,,,,,,49.2893178,31.4422001,
08:19:07.158,,,,,,,,24,,,,,,,,,,,,,,,,,,,,,,,,,,,,,,,49.2893178,31.4422001,
08:19:07.194,,,,21,,,,,,,,,,,,,,,,,,,,,,,,,,,,,,,,,,,49.2893178,31.4422001,
08:19:07.266,,,,,,,,,,,,,,,,,,38,,,,,,,,,,,,,,,,,,,,,49.2893178,31.4422001,
08:19:07.302,,,,,,,,,,,,,,27,,,,,,,,,,,,,,,,,,,,,,,,,49.2893178,31.4422001,
08:19:07.338,,,,,,,,,,,,,,,,,-68,,,,,,,,,,,,,,,,,,,,,,49.2893178,31.4422001,
08:19:07.375,,,,,,,,,,,,,57,,,,,,,,,,,,,,,,,,,,,,,,,,49.2893178,31.4422001,
08:19:07.410,,,,,,,,,,,,,,,-4480,-0.28,,,,,,,,,,,,,,,,,,,,,,,49.2893178,31.4422001,
08:19:07.457,,,,,,,,,,,,,,,,,,,28,,,,,,,,,,,,,,,,,,,,49.2893178,31.4422001,
08:19:07.530,,,,,,,,,,,,,,,,,,,,,,,,,,,,,,0,,,,,,,,,49.2893178,31.4422001,
08:19:07.590,,,,,,,,,,,,,,,,,,,,,,,,,,,,,,,,,,,68,,,,49.2893178,31.4422001,
08:19:07.630,,,,,,,,,,,,,,,,,,,,,,,0,0,,,,,,,,,,,,,,,49.2893178,31.4422001,
08:19:07.678,,,,,,,,,,,,,,,,,,,,0,,,,,,,,,,,,,,,,,,,49.2893178,31.4422001,
08:19:07.726,,,,,,,,,,,,,,,,,,,,,,,,,,,,,,,,,,47,,,,,49.2893178,31.4422001,
08:19:07.775,,,,,,,,,,,,,,,,,,,,,,,,,-0.08769559431610183,2.61,2.61,95.64,5926.12,,,27.1,,,,,,27,49.2893178,31.4422001,
08:19:07.804,,,,,,,,,,,,,,,,,,,,,,149,,,,,,,,,,,25.5,,,,27.4,,49.2893054,31.4423058,
08:19:07.811,,,,,,,,,,,,,,,,,,,,,,,,,,,,,,,-0.01,,,,,99,,,49.2893054,31.4423058,
08:19:07.871,,,,,,,,,,64.5,,,,,,,,,,,,,,,,,,,,,,,,,,,,,49.2893054,31.4423058,
08:19:07.907,,,,,,,,,366.4,,,,,,,,,,,,,,,,,,,,,,,,,,,,,,49.2893054,31.4423058,
08:19:07.955,,,,,,,,,,,3.81,,,,,,,,,,,,,,,,,,,,,,,,,,,,49.2893054,31.4423058,
08:19:07.990,,,,,,,,,,,,3.799,,,,,,,,,,,,,,,,,,,,,,,,,,,49.2893054,31.4423058,
08:19:08.027,29,,,,,,,,,,,,,,,,,,,,,,,,,,,,,,,,,,,,,,49.2893054,31.4423058,
08:19:08.063,,,29,,,,,,,,,,,,,,,,,,,,,,,,,,,,,,,,,,,,49.2893054,31.4423058,
08:19:08.099,,29,,,,,,,,,,,,,,,,,,,,,,,,,,,,,,,,,,,,,49.2893054,31.4423058,
08:19:08.146,,,,,25,,,,,,,,,,,,,,,,,,,,,,,,,,,,,,,,,,49.2893054,31.4423058,
08:19:08.182,,,,,,25,,,,,,,,,,,,,,,,,,,,,,,,,,,,,,,,,49.2893054,31.4423058,
08:19:08.230,,,,,,,24,,,,,,,,,,,,,,,,,,,,,,,,,,,,,,,,49.2893054,31.4423058,
08:19:08.267,,,,,,,,24,,,,,,,,,,,,,,,,,,,,,,,,,,,,,,,49.2893054,31.4423058,
08:19:08.303,,,,21,,,,,,,,,,,,,,,,,,,,,,,,,,,,,,,,,,,49.2893054,31.4423058,
08:19:08.363,,,,,,,,,,,,,,,,,,39,,,,,,,,,,,,,,,,,,,,,49.2893054,31.4423058,
08:19:08.411,,,,,,,,,,,,,,27,,,,,,,,,,,,,,,,,,,,,,,,,49.2893054,31.4423058,
08:19:08.447,,,,,,,,,,,,,,,,,-73,,,,,,,,,,,,,,,,,,,,,,49.2893054,31.4423058,
08:19:08.481,,,,,,,,,,,,,57,,,,,,,,,,,,,,,,,,,,,,,,,,49.2893054,31.4423058,
08:19:08.519,,,,,,,,,,,,,,,-4672,-0.3,,,,,,,,,,,,,,,,,,,,,,,49.2893054,31.4423058,
08:19:08.554,,,,,,,,,,,,,,,,,,,25,,,,,,,,,,,,,,,,,,,,49.2893054,31.4423058,
08:19:08.626,,,,,,,,,,,,,,,,,,,,,,,,,,,,,,0,,,,,,,,,49.2893054,31.4423058,
08:19:08.722,,,,,,,,,,,,,,,,,,,,,,,0,0,,,,,,,,,,,,,,,49.2893054,31.4423058,
08:19:08.796,,,,,,,,,,,,,,,,,,,,0,,,,,,,,,,,,,,,,,,,49.2893054,31.4423058,
08:19:08.808,,,,,,,,,,,,,,,,,,,,,,149,,,,,,,,,,,25.5,,,,23.8,,49.2892953,31.4424003,
08:19:08.882,,,,,,,,,,,,,,,,,,,,,,,,,,,,,,,,,,47,,,,,49.2892953,31.4424003,
08:19:08.918,,,,,,,,,,,,,,,,,,,,,,,,,-0.08667587810312391,2.62,2.62,95.65,5926.12,,,27.1,,,,,,24,49.2892953,31.4424003,
08:19:08.966,,,,,,,,,,,,,,,,,,,,,,,,,,,,,,,-0.01,,,,,99,,,49.2892953,31.4424003,
08:19:09.050,,,,,,,,,,64.5,,,,,,,,,,,,,,,,,,,,,,,,,,,,,49.2892953,31.4424003,
08:19:09.099,,,,,,,,,364.3,,,,,,,,,,,,,,,,,,,,,,,,,,,,,,49.2892953,31.4424003,
08:19:09.134,,,,,,,,,,,3.808,,,,,,,,,,,,,,,,,,,,,,,,,,,,49.2892953,31.4424003,
08:19:09.171,,,,,,,,,,,,3.8,,,,,,,,,,,,,,,,,,,,,,,,,,,49.2892953,31.4424003,
08:19:09.218,24,,,,,,,,,,,,,,,,,,,,,,,,,,,,,,,,,,,,,,49.2892953,31.4424003,
08:19:09.255,,,23,,,,,,,,,,,,,,,,,,,,,,,,,,,,,,,,,,,,49.2892953,31.4424003,
08:19:09.290,,24,,,,,,,,,,,,,,,,,,,,,,,,,,,,,,,,,,,,,49.2892953,31.4424003,
08:19:09.337,,,,,25,,,,,,,,,,,,,,,,,,,,,,,,,,,,,,,,,,49.2892953,31.4424003,
08:19:09.363,,,,,,25,,,,,,,,,,,,,,,,,,,,,,,,,,,,,,,,,49.2892953,31.4424003,
08:19:09.410,,,,,,,24,,,,,,,,,,,,,,,,,,,,,,,,,,,,,,,,49.2892953,31.4424003,
08:19:09.460,,,,,,,,24,,,,,,,,,,,,,,,,,,,,,,,,,,,,,,,49.2892953,31.4424003,
08:19:09.495,,,,21,,,,,,,,,,,,,,,,,,,,,,,,,,,,,,,,,,,49.2892953,31.4424003,
08:19:09.594,,,,,,,,,,,,,,,,,,39,,,,,,,,,,,,,,,,,,,,,49.2892953,31.4424003,
08:19:09.630,,,,,,,,,,,,,,27,,,,,,,,,,,,,,,,,,,,,,,,,49.2892953,31.4424003,
08:19:09.677,,,,,,,,,,,,,,,,,-69,,,,,,,,,,,,,,,,,,,,,,49.2892953,31.4424003,
08:19:09.714,,,,,,,,,,,,,57,,,,,,,,,,,,,,,,,,,,,,,,,,49.2892953,31.4424003,
08:19:09.749,,,,,,,,,,,,,,,-4288,-0.27,,,,,,,,,,,,,,,,,,,,,,,49.2892953,31.4424003,
08:19:09.799,,,,,,,,,,,,,,,,,,,21,,,,,,,,,,,,,,,,,,,,49.2892953,31.4424003,
08:19:09.800,,,,,,,,,,,,,,,,,,,,,,149,,,,,,,,,,,25.5,,,,20.3,,49.2892863,31.4424826,
08:19:09.874,,,,,,,,,,,,,,,,,,,,,,,,,,,,,,0,,,,,,,,,49.2892863,31.4424826,
08:19:09.911,,,,,,,,,,,,,,,,,,,,,,,,,,,,,,,,,,,68,,,,49.2892863,31.4424826,
08:19:09.946,,,,,,,,,,,,,,,,,,,,,,,0,0,,,,,,,,,,,,,,,49.2892863,31.4424826,
08:19:09.983,,,,,,,,,,,,,,,,,,,,0,,,,,,,,,,,,,,,,,,,49.2892863,31.4424826,
08:19:10.031,,,,,,,,,,,,,,,,,,,,,,,,,,,,,,,,,,47,,,,,49.2892863,31.4424826,
08:19:10.078,,,,,,,,,,,,,,,,,,,,,,,,,-0.09279417538099148,2.62,2.62,95.65,5926.13,,,27,,,,,,20,49.2892863,31.4424826,
08:19:10.126,,,,,,,,,,,,,,,,,,,,,,,,,,,,,,,-0.01,,,,,99,,,49.2892863,31.4424826,
08:19:10.198,,,,,,,,,,64.5,,,,,,,,,,,,,,,,,,,,,,,,,,,,,49.2892863,31.4424826,
08:19:10.245,,,,,,,,,363.9,,,,,,,,,,,,,,,,,,,,,,,,,,,,,,49.2892863,31.4424826,
08:19:10.281,,,,,,,,,,,3.805,,,,,,,,,,,,,,,,,,,,,,,,,,,,49.2892863,31.4424826,
08:19:10.317,,,,,,,,,,,,3.791,,,,,,,,,,,,,,,,,,,,,,,,,,,49.2892863,31.4424826,
08:19:10.355,18,,,,,,,,,,,,,,,,,,,,,,,,,,,,,,,,,,,,,,49.2892863,31.4424826,
08:19:10.402,,,17,,,,,,,,,,,,,,,,,,,,,,,,,,,,,,,,,,,,49.2892863,31.4424826,
08:19:10.451,,18,,,,,,,,,,,,,,,,,,,,,,,,,,,,,,,,,,,,,49.2892863,31.4424826,
08:19:10.497,,,,,25,,,,,,,,,,,,,,,,,,,,,,,,,,,,,,,,,,49.2892863,31.4424826,
08:19:10.534,,,,,,25,,,,,,,,,,,,,,,,,,,,,,,,,,,,,,,,,49.2892863,31.4424826,
08:19:10.570,,,,,,,24,,,,,,,,,,,,,,,,,,,,,,,,,,,,,,,,49.2892863,31.4424826,
08:19:10.606,,,,,,,,24,,,,,,,,,,,,,,,,,,,,,,,,,,,,,,,49.2892863,31.4424826,
08:19:10.631,,,,21,,,,,,,,,,,,,,,,,,,,,,,,,,,,,,,,,,,49.2892863,31.4424826,
08:19:10.690,,,,,,,,,,,,,,,,,,38,,,,,,,,,,,,,,,,,,,,,49.2892863,31.4424826,
08:19:10.738,,,,,,,,,,,,,,27,,,,,,,,,,,,,,,,,,,,,,,,,49.2892863,31.4424826,
08:19:10.775,,,,,,,,,,,,,,,,,-63,,,,,,,,,,,,,,,,,,,,,,49.2892863,31.4424826,
08:19:10.802,,,,,,,,,,,,,,,,,,,,,,149,,,,,,,,,,,25.5,,,,17.4,,49.2892811,31.4425566,
08:19:10.810,,,,,,,,,,,,,57,,,,,,,,,,,,,,,,,,,,,,,,,,49.2892811,31.4425566,
08:19:10.858,,,,,,,,,,,,,,,-4096,-0.25,,,,,,,,,,,,,,,,,,,,,,,49.2892811,31.4425566,
08:19:10.906,,,,,,,,,,,,,,,,,,,17,,,,,,,,,,,,,,,,,,,,49.2892811,31.4425566,
08:19:10.989,,,,,,,,,,,,,,,,,,,,,,,,,,,,,,0,,,,,,,,,49.2892811,31.4425566,
08:19:11.039,,,,,,,,,,,,,,,,,,,,,,,0,0,,,,,,,,,,,,,,,49.2892811,31.4425566,
08:19:11.074,,,,,,,,,,,,,,,,,,,,0,,,,,,,,,,,,,,,,,,,49.2892811,31.4425566,
08:19:11.110,,,,,,,,,,,,,,,,,,,,,,,,,,,,,,,,,,47,,,,,49.2892811,31.4425566,
08:19:11.171,,,,,,,,,,,,,,,,,,,,,,,,,-0.09483360780694734,2.63,2.63,95.66,5926.13,,,27,,,,,,16,49.2892811,31.4425566,
08:19:11.207,,,,,,,,,,,,,,,,,,,,,,,,,,,,,,,-0.01,,,,,99,,,49.2892811,31.4425566,
08:19:11.279,,,,,,,,,,65,,,,,,,,,,,,,,,,,,,,,,,,,,,,,49.2892811,31.4425566,
08:19:11.314,,,,,,,,,364.7,,,,,,,,,,,,,,,,,,,,,,,,,,,,,,49.2892811,31.4425566,
08:19:11.351,,,,,,,,,,,3.795,,,,,,,,,,,,,,,,,,,,,,,,,,,,49.2892811,31.4425566,
08:19:11.446,,,,,,,,,,,,3.786,,,,,,,,,,,,,,,,,,,,,,,,,,,49.2892811,31.4425566,
08:19:11.507,11,,,,,,,,,,,,,,,,,,,,,,,,,,,,,,,,,,,,,,49.2892811,31.4425566,
08:19:11.591,,,11,,,,,,,,,,,,,,,,,,,,,,,,,,,,,,,,,,,,49.2892811,31.4425566,
08:19:11.649,,10,,,,,,,,,,,,,,,,,,,,,,,,,,,,,,,,,,,,,49.2892811,31.4425566,
08:19:11.686,,,,,25,,,,,,,,,,,,,,,,,,,,,,,,,,,,,,,,,,49.2892811,31.4425566,
08:19:11.723,,,,,,25,,,,,,,,,,,,,,,,,,,,,,,,,,,,,,,,,49.2892811,31.4425566,
08:19:11.758,,,,,,,24,,,,,,,,,,,,,,,,,,,,,,,,,,,,,,,,49.2892811,31.4425566,
08:19:11.794,,,,,,,,24,,,,,,,,,,,,,,,,,,,,,,,,,,,,,,,49.2892811,31.4425566,
08:19:11.808,,,,,,,,,,,,,,,,,,,,,,149,,,,,,,,,,,25.4,,,,14.4,,49.289274,31.4426171,
08:19:11.841,,,,21,,,,,,,,,,,,,,,,,,,,,,,,,,,,,,,,,,,49.289274,31.4426171,
08:19:11.901,,,,,,,,,,,,,,,,,,39,,,,,,,,,,,,,,,,,,,,,49.289274,31.4426171,
08:19:11.950,,,,,,,,,,,,,,27,,,,,,,,,,,,,,,,,,,,,,,,,49.289274,31.4426171,
08:19:11.986,,,,,,,,,,,,,,,,,-46,,,,,,,,,,,,,,,,,,,,,,49.289274,31.4426171,
08:19:12.023,,,,,,,,,,,,,59,,,,,,,,,,,,,,,,,,,,,,,,,,49.289274,31.4426171,
08:19:12.058,,,,,,,,,,,,,,,-2912,-0.19,,,,,,,,,,,,,,,,,,,,,,,49.289274,31.4426171,
08:19:12.095,,,,,,,,,,,,,,,,,,,14,,,,,,,,,,,,,,,,,,,,49.289274,31.4426171,
08:19:12.167,,,,,,,,,,,,,,,,,,,,,,,,,,,,,,0,,,,,,,,,49.289274,31.4426171,
08:19:12.203,,,,,,,,,,,,,,,,,,,,,,,,,,,,,,,,,,,68,,,,49.289274,31.4426171,
08:19:12.237,,,,,,,,,,,,,,,,,,,,,,,0,0,,,,,,,,,,,,,,,49.289274,31.4426171,
08:19:12.298,,,,,,,,,,,,,,,,,,,,0,,,,,,,,,,,,,,,,,,,49.289274,31.4426171,
08:19:12.334,,,,,,,,,,,,,,,,,,,,,,,,,,,,,,,,,,47,,,,,49.289274,31.4426171,
08:19:12.371,,,,,,,,,,,,,,,,,,,,,,,,,-0.08667587810312391,2.63,2.63,95.66,5926.14,,,27,,,,,,13,49.289274,31.4426171,
08:19:12.430,,,,,,,,,,,,,,,,,,,,,,,,,,,,,,,-0.01,,,,,99,,,49.289274,31.4426171,
08:19:12.491,,,,,,,,,,65,,,,,,,,,,,,,,,,,,,,,,,,,,,,,49.289274,31.4426171,
08:19:12.539,,,,,,,,,363,,,,,,,,,,,,,,,,,,,,,,,,,,,,,,49.289274,31.4426171,
08:19:12.587,,,,,,,,,,,3.778,,,,,,,,,,,,,,,,,,,,,,,,,,,,49.289274,31.4426171,
08:19:12.622,,,,,,,,,,,,3.764,,,,,,,,,,,,,,,,,,,,,,,,,,,49.289274,31.4426171,
08:19:12.671,-8,,,,,,,,,,,,,,,,,,,,,,,,,,,,,,,,,,,,,,49.289274,31.4426171,
08:19:12.731,,,-10,,,,,,,,,,,,,,,,,,,,,,,,,,,,,,,,,,,,49.289274,31.4426171,
08:19:12.767,,-10,,,,,,,,,,,,,,,,,,,,,,,,,,,,,,,,,,,,,49.289274,31.4426171,
08:19:12.803,,,,,25,,,,,,,,,,,,,,,,,,,,,,,,,,,,,,,,,,49.289274,31.4426171,
08:19:12.810,,,,,,,,,,,,,,,,,,,,,,149,,,,,,,,,,,25.4,,,,12.2,,49.2892726,31.4426723,
08:19:12.854,,,,,,25,,,,,,,,,,,,,,,,,,,,,,,,,,,,,,,,,49.2892726,31.4426723,
08:19:12.891,,,,,,,24,,,,,,,,,,,,,,,,,,,,,,,,,,,,,,,,49.2892726,31.4426723,
08:19:12.926,,,,,,,,24,,,,,,,,,,,,,,,,,,,,,,,,,,,,,,,49.2892726,31.4426723,
08:19:12.963,,,,21,,,,,,,,,,,,,,,,,,,,,,,,,,,,,,,,,,,49.2892726,31.4426723,
08:19:13.022,,,,,,,,,,,,,,,,,,39,,,,,,,,,,,,,,,,,,,,,49.2892726,31.4426723,
08:19:13.059,,,,,,,,,,,,,,27,,,,,,,,,,,,,,,,,,,,,,,,,49.2892726,31.4426723,
08:19:13.094,,,,,,,,,,,,,,,,,31,,,,,,,,,,,,,,,,,,,,,,49.2892726,31.4426723,
08:19:13.142,,,,,,,,,,,,,59,,,,,,,,,,,,,,,,,,,,,,,,,,49.2892726,31.4426723,
08:19:13.189,,,,,,,,,,,,,,,1952,0.11,,,,,,,,,,,,,,,,,,,,,,,49.2892726,31.4426723,
08:19:13.227,,,,,,,,,,,,,,,,,,,14,,,,,,,,,,,,,,,,,,,,49.2892726,31.4426723,
08:19:13.310,,,,,,,,,,,,,,,,,,,,,,,,,,,,,,0,,,,,,,,,49.2892726,31.4426723,
08:19:13.345,,,,,,,,,,,,,,,,,,,,,,,0,0,,,,,,,,,,,,,,,49.2892726,31.4426723,
08:19:13.395,,,,,,,,,,,,,,,,,,,,0,,,,,,,,,,,,,,,,,,,49.2892726,31.4426723,
08:19:13.431,,,,,,,,,,,,,,,,,,,,,,,,,,,,,,,,,,47,,,,,49.2892726,31.4426723,
08:19:13.467,,,,,,,,,,,,,,,,,,,,,,,,,-0.0683209862695212,2.64,2.64,95.67,5926.14,,,26.9,,,,,,13,49.2892726,31.4426723,
08:19:13.514,,,,,,,,,,,,,,,,,,,,,,,,,,,,,,,-0.01,,,,,99,,,49.2892726,31.4426723,
08:19:13.586,,,,,,,,,,65,,,,,,,,,,,,,,,,,,,,,,,,,,,,,49.2892726,31.4426723,
08:19:13.622,,,,,,,,,360.5,,,,,,,,,,,,,,,,,,,,,,,,,,,,,,49.2892726,31.4426723,
08:19:13.670,,,,,,,,,,,3.764,,,,,,,,,,,,,,,,,,,,,,,,,,,,49.2892726,31.4426723,
08:19:13.707,,,,,,,,,,,,3.754,,,,,,,,,,,,,,,,,,,,,,,,,,,49.2892726,31.4426723,
08:19:13.744,-9,,,,,,,,,,,,,,,,,,,,,,,,,,,,,,,,,,,,,,49.2892726,31.4426723,
08:19:13.789,,,-8,,,,,,,,,,,,,,,,,,,,,,,,,,,,,,,,,,,,49.2892726,31.4426723,
08:19:13.802,,,,,,,,,,,,,,,,,,,,,,149,,,,,,,,,,,25.4,,,,13.8,,49.2892702,31.4427274,
08:19:13.827,,-8,,,,,,,,,,,,,,,,,,,,,,,,,,,,,,,,,,,,,49.2892702,31.4427274,
08:19:13.875,,,,,25,,,,,,,,,,,,,,,,,,,,,,,,,,,,,,,,,,49.2892702,31.4427274,
08:19:13.912,,,,,,25,,,,,,,,,,,,,,,,,,,,,,,,,,,,,,,,,49.2892702,31.4427274,
08:19:13.950,,,,,,,24,,,,,,,,,,,,,,,,,,,,,,,,,,,,,,,,49.2892702,31.4427274,
08:19:14.022,,,,,,,,24,,,,,,,,,,,,,,,,,,,,,,,,,,,,,,,49.2892702,31.4427274,
08:19:14.070,,,,21,,,,,,,,,,,,,,,,,,,,,,,,,,,,,,,,,,,49.2892702,31.4427274,
08:19:14.143,,,,,,,,,,,,,,,,,,39,,,,,,,,,,,,,,,,,,,,,49.2892702,31.4427274,
08:19:14.178,,,,,,,,,,,,,,27,,,,,,,,,,,,,,,,,,,,,,,,,49.2892702,31.4427274,
08:19:14.215,,,,,,,,,,,,,,,,,-29,,,,,,,,,,,,,,,,,,,,,,49.2892702,31.4427274,
08:19:14.249,,,,,,,,,,,,,57,,,,,,,,,,,,,,,,,,,,,,,,,,49.2892702,31.4427274,
08:19:14.317,,,,,,,,,,,,,,,-1952,-0.12,,,,,,,,,,,,,,,,,,,,,,,49.2892702,31.4427274,
08:19:14.354,,,,,,,,,,,,,,,,,,,14,,,,,,,,,,,,,,,,,,,,49.2892702,31.4427274,
08:19:14.439,,,,,,,,,,,,,,,,,,,,,,,,,,,,,,0,,,,,,,,,49.2892702,31.4427274,
08:19:14.486,,,,,,,,,,,,,,,,,,,,,,,,,,,,,,,,,,,68,,,,49.2892702,31.4427274,
08:19:14.558,,,,,,,,,,,,,,,,,,,,,,,0,0,,,,,,,,,,,,,,,49.2892702,31.4427274,
08:19:14.607,,,,,,,,,,,,,,,,,,,,0,,,,,,,,,,,,,,,,,,,49.2892702,31.4427274,
08:19:14.679,,,,,,,,,,,,,,,,,,,,,,,,,,,,,,,,,,47,,,,,49.2892702,31.4427274,
08:19:14.800,,,,,,,,,,,,,,,,,,,,,,149,,,,,,,,,,,25.3,,,,14.3,,49.2892639,31.4427806,
08:19:14.834,,,,,,,,,,,,,,,,,,,,,,,,,-0.04180836473209506,2.64,2.64,95.67,5926.15,,,26.9,,,,,,13,49.2892639,31.4427806,
08:19:14.943,,,,,,,,,,,,,,,,,,,,,,,,,,,,,,,-0.01,,,,,99,,,49.2892639,31.4427806,
08:19:15.014,,,,,,,,,,64.5,,,,,,,,,,,,,,,,,,,,,,,,,,,,,49.2892639,31.4427806,
08:19:15.050,,,,,,,,,361.8,,,,,,,,,,,,,,,,,,,,,,,,,,,,,,49.2892639,31.4427806,
08:19:15.087,,,,,,,,,,,3.781,,,,,,,,,,,,,,,,,,,,,,,,,,,,49.2892639,31.4427806,
08:19:15.146,,,,,,,,,,,,3.771,,,,,,,,,,,,,,,,,,,,,,,,,,,49.2892639,31.4427806,
08:19:15.194,5,,,,,,,,,,,,,,,,,,,,,,,,,,,,,,,,,,,,,,49.2892639,31.4427806,
08:19:15.230,,,5,,,,,,,,,,,,,,,,,,,,,,,,,,,,,,,,,,,,49.2892639,31.4427806,
08:19:15.267,,4,,,,,,,,,,,,,,,,,,,,,,,,,,,,,,,,,,,,,49.2892639,31.4427806,
08:19:15.301,,,,,25,,,,,,,,,,,,,,,,,,,,,,,,,,,,,,,,,,49.2892639,31.4427806,
08:19:15.338,,,,,,25,,,,,,,,,,,,,,,,,,,,,,,,,,,,,,,,,49.2892639,31.4427806,
08:19:15.388,,,,,,,24,,,,,,,,,,,,,,,,,,,,,,,,,,,,,,,,49.2892639,31.4427806,
08:19:15.450,,,,,,,,24,,,,,,,,,,,,,,,,,,,,,,,,,,,,,,,49.2892639,31.4427806,
08:19:15.487,,,,21,,,,,,,,,,,,,,,,,,,,,,,,,,,,,,,,,,,49.2892639,31.4427806,
08:19:15.547,,,,,,,,,,,,,,,,,,39,,,,,,,,,,,,,,,,,,,,,49.2892639,31.4427806,
08:19:15.583,,,,,,,,,,,,,,27,,,,,,,,,,,,,,,,,,,,,,,,,49.2892639,31.4427806,
08:19:15.631,,,,,,,,,,,,,,,,,-33,,,,,,,,,,,,,,,,,,,,,,49.2892639,31.4427806,
08:19:15.714,,,,,,,,,,,,,59,,,,,,,,,,,,,,,,,,,,,,,,,,49.2892639,31.4427806,
08:19:15.751,,,,,,,,,,,,,,,-1856,-0.12,,,,,,,,,,,,,,,,,,,,,,,49.2892639,31.4427806,
08:19:15.787,,,,,,,,,,,,,,,,,,,11,,,,,,,,,,,,,,,,,,,,49.2892639,31.4427806,
08:19:15.803,,,,,,,,,,,,,,,,,,,,,,149,,,,,,,,,,,25.3,,,,11.4,,49.2892599,31.4428239,
08:19:15.846,,,,,,,,,,,,,,,,,,,,,,,,,,,,,,0,,,,,,,,,49.2892599,31.4428239,
08:19:15.882,,,,,,,,,,,,,,,,,,,,,,,0,0,,,,,,,,,,,,,,,49.2892599,31.4428239,
08:19:15.930,,,,,,,,,,,,,,,,,,,,0,,,,,,,,,,,,,,,,,,,49.2892599,31.4428239,
08:19:15.966,,,,,,,,,,,,,,,,,,,,,,,,,,,,,,,,,,47,,,,,49.2892599,31.4428239,
08:19:16.003,,,,,,,,,,,,,,,,,,,,,,,,,-0.02957177017635992,2.65,2.65,95.67,5926.15,,,26.8,,,,,,11,49.2892599,31.4428239,
08:19:16.049,,,,,,,,,,,,,,,,,,,,,,,,,,,,,,,-0.01,,,,,99,,,49.2892599,31.4428239,
08:19:16.110,,,,,,,,,,65,,,,,,,,,,,,,,,,,,,,,,,,,,,,,49.2892599,31.4428239,
08:19:16.158,,,,,,,,,360.8,,,,,,,,,,,,,,,,,,,,,,,,,,,,,,49.2892599,31.4428239,
08:19:16.195,,,,,,,,,,,3.77,,,,,,,,,,,,,,,,,,,,,,,,,,,,49.2892599,31.4428239,
08:19:16.231,,,,,,,,,,,,3.758,,,,,,,,,,,,,,,,,,,,,,,,,,,49.2892599,31.4428239,
08:19:16.279,-5,,,,,,,,,,,,,,,,,,,,,,,,,,,,,,,,,,,,,,49.2892599,31.4428239,
08:19:16.327,,,-6,,,,,,,,,,,,,,,,,,,,,,,,,,,,,,,,,,,,49.2892599,31.4428239,
08:19:16.362,,-7,,,,,,,,,,,,,,,,,,,,,,,,,,,,,,,,,,,,,49.2892599,31.4428239,
08:19:16.411,,,,,25,,,,,,,,,,,,,,,,,,,,,,,,,,,,,,,,,,49.2892599,31.4428239,
08:19:16.446,,,,,,25,,,,,,,,,,,,,,,,,,,,,,,,,,,,,,,,,49.2892599,31.4428239,
08:19:16.483,,,,,,,24,,,,,,,,,,,,,,,,,,,,,,,,,,,,,,,,49.2892599,31.4428239,
08:19:16.566,,,,,,,,24,,,,,,,,,,,,,,,,,,,,,,,,,,,,,,,49.2892599,31.4428239,
08:19:16.602,,,,21,,,,,,,,,,,,,,,,,,,,,,,,,,,,,,,,,,,49.2892599,31.4428239,
08:19:16.674,,,,,,,,,,,,,,,,,,39,,,,,,,,,,,,,,,,,,,,,49.2892599,31.4428239,
08:19:16.723,,,,,,,,,,,,,,27,,,,,,,,,,,,,,,,,,,,,,,,,49.2892599,31.4428239,
08:19:16.757,,,,,,,,,,,,,,,,,41,,,,,,,,,,,,,,,,,,,,,,49.2892599,31.4428239,
08:19:16.804,,,,,,,,,,,,,,,,,,,,,,147,,,,,,,,,,,25.3,,,,9.9,,49.289257,31.4428641,
08:19:16.806,,,,,,,,,,,,,57,,,,,,,,,,,,,,,,,,,,,,,,,,49.289257,31.4428641,
08:19:16.853,,,,,,,,,,,,,,,2848,0.17,,,,,,,,,,,,,,,,,,,,,,,49.289257,31.4428641,
08:19:16.891,,,,,,,,,,,,,,,,,,,11,,,,,,,,,,,,,,,,,,,,49.289257,31.4428641,
08:19:16.951,,,,,,,,,,,,,,,,,,,,,,,,,,,,,,0,,,,,,,,,49.289257,31.4428641,
08:19:16.998,,,,,,,,,,,,,,,,,,,,,,,,,,,,,,,,,,,67,,,,49.289257,31.4428641,
08:19:17.035,,,,,,,,,,,,,,,,,,,,,,,0,0,,,,,,,,,,,,,,,49.289257,31.4428641,
08:19:17.070,,,,,,,,,,,,,,,,,,,,0,,,,,,,,,,,,,,,,,,,49.289257,31.4428641,
08:19:17.119,,,,,,,,,,,,,,,,,,,,,,,,,,,,,,,,,,47,,,,,49.289257,31.4428641,
08:19:17.156,,,,,,,,,,,,,,,,,,,,,,,,,-0.017335175620624782,2.65,2.65,95.68,5926.15,,,26.8,,,,,,10,49.289257,31.4428641,
08:19:17.202,,,,,,,,,,,,,,,,,,,,,,,,,,,,,,,-0.01,,,,,99,,,49.289257,31.4428641,
08:19:17.263,,,,,,,,,,64.5,,,,,,,,,,,,,,,,,,,,,,,,,,,,,49.289257,31.4428641,
08:19:17.298,,,,,,,,,359.5,,,,,,,,,,,,,,,,,,,,,,,,,,,,,,49.289257,31.4428641,
08:19:17.334,,,,,,,,,,,3.74,,,,,,,,,,,,,,,,,,,,,,,,,,,,49.289257,31.4428641,
08:19:17.371,,,,,,,,,,,,3.731,,,,,,,,,,,,,,,,,,,,,,,,,,,49.289257,31.4428641,
08:19:17.407,-28,,,,,,,,,,,,,,,,,,,,,,,,,,,,,,,,,,,,,,49.289257,31.4428641,
08:19:17.455,,,-28,,,,,,,,,,,,,,,,,,,,,,,,,,,,,,,,,,,,49.289257,31.4428641,
08:19:17.514,,-29,,,,,,,,,,,,,,,,,,,,,,,,,,,,,,,,,,,,,49.289257,31.4428641,
08:19:17.549,,,,,25,,,,,,,,,,,,,,,,,,,,,,,,,,,,,,,,,,49.289257,31.4428641,
08:19:17.586,,,,,,26,,,,,,,,,,,,,,,,,,,,,,,,,,,,,,,,,49.289257,31.4428641,
08:19:17.634,,,,,,,24,,,,,,,,,,,,,,,,,,,,,,,,,,,,,,,,49.289257,31.4428641,
08:19:17.669,,,,,,,,24,,,,,,,,,,,,,,,,,,,,,,,,,,,,,,,49.289257,31.4428641,
08:19:17.766,,,,21,,,,,,,,,,,,,,,,,,,,,,,,,,,,,,,,,,,49.289257,31.4428641,
08:19:17.804,,,,,,,,,,,,,,,,,,,,,,147,,,,,,,,,,,25.2,,,,12.6,,49.2892534,31.4429093,
08:19:17.899,,,,,,,,,,,,,,,,,,39,,,,,,,,,,,,,,,,,,,,,49.2892534,31.4429093,
08:19:17.946,,,,,,,,,,,,,,27,,,,,,,,,,,,,,,,,,,,,,,,,49.2892534,31.4429093,
08:19:17.994,,,,,,,,,,,,,,,,,90,,,,,,,,,,,,,,,,,,,,,,49.2892534,31.4429093,
08:19:18.030,,,,,,,,,,,,,57,,,,,,,,,,,,,,,,,,,,,,,,,,49.2892534,31.4429093,
08:19:18.091,,,,,,,,,,,,,,,5856,0.34,,,,,,,,,,,,,,,,,,,,,,,49.2892534,31.4429093,
08:19:18.126,,,,,,,,,,,,,,,,,,,15,,,,,,,,,,,,,,,,,,,,49.2892534,31.4429093,
08:19:18.199,,,,,,,,,,,,,,,,,,,,,,,,,,,,,,0,,,,,,,,,49.2892534,31.4429093,
08:19:18.271,,,,,,,,,,,,,,,,,,,,,,,0,0,,,,,,,,,,,,,,,49.2892534,31.4429093,
08:19:18.318,,,,,,,,,,,,,,,,,,,,0,,,,,,,,,,,,,,,,,,,49.2892534,31.4429093,
08:19:18.354,,,,,,,,,,,,,,,,,,,,,,,,,,,,,,,,,,47,,,,,49.2892534,31.4429093,
08:19:18.403,,,,,,,,,,,,,,,,,,,,,,,,,,2.65,2.65,95.68,5926.16,,,26.7,,,,,,14,49.2892534,31.4429093,
08:19:18.439,,,,,,,,,,,,,,,,,,,,,,,,,,,,,,,-0.01,,,,,99,,,49.2892534,31.4429093,
08:19:18.511,,,,,,,,,,64.5,,,,,,,,,,,,,,,,,,,,,,,,,,,,,49.2892534,31.4429093,
08:19:18.547,,,,,,,,,359,,,,,,,,,,,,,,,,,,,,,,,,,,,,,,49.2892534,31.4429093,
08:19:18.594,,,,,,,,,,,3.75,,,,,,,,,,,,,,,,,,,,,,,,,,,,49.2892534,31.4429093,
08:19:18.631,,,,,,,,,,,,3.747,,,,,,,,,,,,,,,,,,,,,,,,,,,49.2892534,31.4429093,
08:19:18.666,-2,,,,,,,,,,,,,,,,,,,,,,,,,,,,,,,,,,,,,,49.2892534,31.4429093,
08:19:18.714,,,-5,,,,,,,,,,,,,,,,,,,,,,,,,,,,,,,,,,,,49.2892534,31.4429093,
08:19:18.763,,0,,,,,,,,,,,,,,,,,,,,,,,,,,,,,,,,,,,,,49.2892534,31.4429093,
08:19:18.799,,,,,25,,,,,,,,,,,,,,,,,,,,,,,,,,,,,,,,,,49.2892534,31.4429093,
08:19:18.804,,,,,,,,,,,,,,,,,,,,,,147,,,,,,,,,,,25.2,,,,17.2,,49.2892478,31.4429679,
08:19:18.834,,,,,,26,,,,,,,,,,,,,,,,,,,,,,,,,,,,,,,,,49.2892478,31.4429679,
08:19:18.870,,,,,,,24,,,,,,,,,,,,,,,,,,,,,,,,,,,,,,,,49.2892478,31.4429679,
08:19:18.907,,,,,,,,24,,,,,,,,,,,,,,,,,,,,,,,,,,,,,,,49.2892478,31.4429679,
08:19:18.944,,,,21,,,,,,,,,,,,,,,,,,,,,,,,,,,,,,,,,,,49.2892478,31.4429679,
08:19:19.003,,,,,,,,,,,,,,,,,,39,,,,,,,,,,,,,,,,,,,,,49.2892478,31.4429679,
08:19:19.038,,,,,,,,,,,,,,27,,,,,,,,,,,,,,,,,,,,,,,,,49.2892478,31.4429679,
08:19:19.075,,,,,,,,,,,,,,,,,-44,,,,,,,,,,,,,,,,,,,,,,49.2892478,31.4429679,
08:19:19.135,,,,,,,,,,,,,57,,,,,,,,,,,,,,,,,,,,,,,,,,49.2892478,31.4429679,
08:19:19.170,,,,,,,,,,,,,,,-2944,-0.19,,,,,,,,,,,,,,,,,,,,,,,49.2892478,31.4429679,
08:19:19.219,,,,,,,,,,,,,,,,,,,15,,,,,,,,,,,,,,,,,,,,49.2892478,31.4429679,
08:19:19.290,,,,,,,,,,,,,,,,,,,,,,,,,,,,,,0,,,,,,,,,49.2892478,31.4429679,
08:19:19.350,,,,,,,,,,,,,,,,,,,,,,,,,,,,,,,,,,,67,,,,49.2892478,31.4429679,
08:19:19.387,,,,,,,,,,,,,,,,,,,,,,,0,0,,,,,,,,,,,,,,,49.2892478,31.4429679,
08:19:19.446,,,,,,,,,,,,,,,,,,,,0,,,,,,,,,,,,,,,,,,,49.2892478,31.4429679,
08:19:19.506,,,,,,,,,,,,,,,,,,,,,,,,,,,,,,,,,,47,,,,,49.2892478,31.4429679,
08:19:19.542,,,,,,,,,,,,,,,,,,,,,,,,,,2.66,2.66,95.69,5926.16,,,26.7,,,,,,14,49.2892478,31.4429679,
08:19:19.603,,,,,,,,,,,,,,,,,,,,,,,,,,,,,,,-0.01,,,,,99,,,49.2892478,31.4429679,
08:19:19.675,,,,,,,,,,64.5,,,,,,,,,,,,,,,,,,,,,,,,,,,,,49.2892478,31.4429679,
08:19:19.710,,,,,,,,,362.6,,,,,,,,,,,,,,,,,,,,,,,,,,,,,,49.2892478,31.4429679,
08:19:19.747,,,,,,,,,,,3.77,,,,,,,,,,,,,,,,,,,,,,,,,,,,49.2892478,31.4429679,
08:19:19.783,,,,,,,,,,,,3.763,,,,,,,,,,,,,,,,,,,,,,,,,,,49.2892478,31.4429679,
08:19:19.804,,,,,,,,,,,,,,,,,,,,,,147,,,,,,,,,,,25.2,,,,14.9,,49.2892425,31.4430256,
08:19:19.818,7,,,,,,,,,,,,,,,,,,,,,,,,,,,,,,,,,,,,,,49.2892425,31.4430256,
08:19:19.854,,,7,,,,,,,,,,,,,,,,,,,,,,,,,,,,,,,,,,,,49.2892425,31.4430256,
08:19:19.890,,7,,,,,,,,,,,,,,,,,,,,,,,,,,,,,,,,,,,,,49.2892425,31.4430256,
08:19:19.926,,,,,25,,,,,,,,,,,,,,,,,,,,,,,,,,,,,,,,,,49.2892425,31.4430256,
08:19:19.974,,,,,,26,,,,,,,,,,,,,,,,,,,,,,,,,,,,,,,,,49.2892425,31.4430256,
08:19:20.010,,,,,,,24,,,,,,,,,,,,,,,,,,,,,,,,,,,,,,,,49.2892425,31.4430256,
08:19:20.059,,,,,,,,24,,,,,,,,,,,,,,,,,,,,,,,,,,,,,,,49.2892425,31.4430256,
08:19:20.106,,,,21,,,,,,,,,,,,,,,,,,,,,,,,,,,,,,,,,,,49.2892425,31.4430256,
08:19:20.178,,,,,,,,,,,,,,,,,,39,,,,,,,,,,,,,,,,,,,,,49.2892425,31.4430256,
08:19:20.226,,,,,,,,,,,,,,27,,,,,,,,,,,,,,,,,,,,,,,,,49.2892425,31.4430256,
08:19:20.263,,,,,,,,,,,,,,,,,21,,,,,,,,,,,,,,,,,,,,,,49.2892425,31.4430256,
08:19:20.298,,,,,,,,,,,,,57,,,,,,,,,,,,,,,,,,,,,,,,,,49.2892425,31.4430256,
08:19:20.334,,,,,,,,,,,,,,,1632,0.09,,,,,,,,,,,,,,,,,,,,,,,49.2892425,31.4430256,
08:19:20.395,,,,,,,,,,,,,,,,,,,13,,,,,,,,,,,,,,,,,,,,49.2892425,31.4430256,
08:19:20.482,,,,,,,,,,,,,,,,,,,,,,,,,,,,,,0,,,,,,,,,49.2892425,31.4430256,
08:19:20.518,,,,,,,,,,,,,,,,,,,,,,,0,0,,,,,,,,,,,,,,,49.2892425,31.4430256,
08:19:20.578,,,,,,,,,,,,,,,,,,,,0,,,,,,,,,,,,,,,,,,,49.2892425,31.4430256,
08:19:20.615,,,,,,,,,,,,,,,,,,,,,,,,,,,,,,,,,,47,,,,,49.2892425,31.4430256,
08:19:20.651,,,,,,,,,,,,,,,,,,,,,,,,,,2.66,2.66,95.69,5926.17,,,26.6,,,,,,13,49.2892425,31.4430256,
08:19:20.710,,,,,,,,,,,,,,,,,,,,,,,,,,,,,,,-0.01,,,,,99,,,49.2892425,31.4430256,
08:19:20.783,,,,,,,,,,64.5,,,,,,,,,,,,,,,,,,,,,,,,,,,,,49.2892425,31.4430256,
08:19:20.801,,,,,,,,,,,,,,,,,,,,,,147,,,,,,,,,,,25.2,,,,12.7,,49.2892384,31.4430762,
08:19:20.819,,,,,,,,,359.2,,,,,,,,,,,,,,,,,,,,,,,,,,,,,,49.2892384,31.4430762,
08:19:20.855,,,,,,,,,,,3.746,,,,,,,,,,,,,,,,,,,,,,,,,,,,49.2892384,31.4430762,
08:19:20.890,,,,,,,,,,,,3.735,,,,,,,,,,,,,,,,,,,,,,,,,,,49.2892384,31.4430762,
08:19:20.931,-15,,,,,,,,,,,,,,,,,,,,,,,,,,,,,,,,,,,,,,49.2892384,31.4430762,
08:19:20.978,,,-15,,,,,,,,,,,,,,,,,,,,,,,,,,,,,,,,,,,,49.2892384,31.4430762,
08:19:21.014,,-15,,,,,,,,,,,,,,,,,,,,,,,,,,,,,,,,,,,,,49.2892384,31.4430762,
08:19:21.051,,,,,25,,,,,,,,,,,,,,,,,,,,,,,,,,,,,,,,,,49.2892384,31.4430762,
08:19:21.099,,,,,,26,,,,,,,,,,,,,,,,,,,,,,,,,,,,,,,,,49.2892384,31.4430762,
08:19:21.194,,,,,,,24,,,,,,,,,,,,,,,,,,,,,,,,,,,,,,,,49.2892384,31.4430762,
08:19:21.254,,,,,,,,24,,,,,,,,,,,,,,,,,,,,,,,,,,,,,,,49.2892384,31.4430762,
08:19:21.314,,,,21,,,,,,,,,,,,,,,,,,,,,,,,,,,,,,,,,,,49.2892384,31.4430762,
08:19:21.397,,,,,,,,,,,,,,,,,,39,,,,,,,,,,,,,,,,,,,,,49.2892384,31.4430762,
08:19:21.434,,,,,,,,,,,,,,27,,,,,,,,,,,,,,,,,,,,,,,,,49.2892384,31.4430762,
08:19:21.470,,,,,,,,,,,,,,,,,37,,,,,,,,,,,,,,,,,,,,,,49.2892384,31.4430762,
08:19:21.519,,,,,,,,,,,,,57,,,,,,,,,,,,,,,,,,,,,,,,,,49.2892384,31.4430762,
08:19:21.554,,,,,,,,,,,,,,,2304,0.14,,,,,,,,,,,,,,,,,,,,,,,49.2892384,31.4430762,
08:19:21.590,,,,,,,,,,,,,,,,,,,15,,,,,,,,,,,,,,,,,,,,49.2892384,31.4430762,
08:19:21.673,,,,,,,,,,,,,,,,,,,,,,,,,,,,,,0,,,,,,,,,49.2892384,31.4430762,
08:19:21.711,,,,,,,,,,,,,,,,,,,,,,,,,,,,,,,,,,,67,,,,49.2892384,31.4430762,
08:19:21.758,,,,,,,,,,,,,,,,,,,,,,,0,0,,,,,,,,,,,,,,,49.2892384,31.4430762,
08:19:21.801,,,,,,,,,,,,,,,,,,,,,,147,,,,,,,,,,,25.1,,,,15.6,,49.2892337,31.4431322,
08:19:21.818,,,,,,,,,,,,,,,,,,,,0,,,,,,,,,,,,,,,,,,,49.2892337,31.4431322,
08:19:21.855,,,,,,,,,,,,,,,,,,,,,,,,,,,,,,,,,,47,,,,,49.2892337,31.4431322,
08:19:21.902,,,,,,,,,,,,,,,,,,,,,,,,,,2.67,2.67,95.7,5926.17,,,26.6,,,,,,15,49.2892337,31.4431322,
08:19:21.939,,,,,,,,,,,,,,,,,,,,,,,,,,,,,,,-0.01,,,,,99,,,49.2892337,31.4431322,
08:19:22.010,,,,,,,,,,64.5,,,,,,,,,,,,,,,,,,,,,,,,,,,,,49.2892337,31.4431322,
08:19:22.059,,,,,,,,,357.2,,,,,,,,,,,,,,,,,,,,,,,,,,,,,,49.2892337,31.4431322,
08:19:22.107,,,,,,,,,,,3.737,,,,,,,,,,,,,,,,,,,,,,,,,,,,49.2892337,31.4431322,
08:19:22.141,,,,,,,,,,,,3.729,,,,,,,,,,,,,,,,,,,,,,,,,,,49.2892337,31.4431322,
08:19:22.190,-18,,,,,,,,,,,,,,,,,,,,,,,,,,,,,,,,,,,,,,49.2892337,31.4431322,
08:19:22.227,,,-19,,,,,,,,,,,,,,,,,,,,,,,,,,,,,,,,,,,,49.2892337,31.4431322,
08:19:22.262,,-19,,,,,,,,,,,,,,,,,,,,,,,,,,,,,,,,,,,,,49.2892337,31.4431322,
08:19:22.299,,,,,25,,,,,,,,,,,,,,,,,,,,,,,,,,,,,,,,,,49.2892337,31.4431322,
08:19:22.334,,,,,,26,,,,,,,,,,,,,,,,,,,,,,,,,,,,,,,,,49.2892337,31.4431322,
08:19:22.369,,,,,,,24,,,,,,,,,,,,,,,,,,,,,,,,,,,,,,,,49.2892337,31.4431322,
08:19:22.406,,,,,,,,24,,,,,,,,,,,,,,,,,,,,,,,,,,,,,,,49.2892337,31.4431322,
08:19:22.442,,,,21,,,,,,,,,,,,,,,,,,,,,,,,,,,,,,,,,,,49.2892337,31.4431322,
08:19:22.514,,,,,,,,,,,,,,,,,,39,,,,,,,,,,,,,,,,,,,,,49.2892337,31.4431322,
08:19:22.550,,,,,,,,,,,,,,27,,,,,,,,,,,,,,,,,,,,,,,,,49.2892337,31.4431322,
08:19:22.587,,,,,,,,,,,,,,,,,52,,,,,,,,,,,,,,,,,,,,,,49.2892337,31.4431322,
08:19:22.623,,,,,,,,,,,,,57,,,,,,,,,,,,,,,,,,,,,,,,,,49.2892337,31.4431322,
08:19:22.659,,,,,,,,,,,,,,,3296,0.19,,,,,,,,,,,,,,,,,,,,,,,49.2892337,31.4431322,
08:19:22.693,,,,,,,,,,,,,,,,,,,17,,,,,,,,,,,,,,,,,,,,49.2892337,31.4431322,
08:19:22.755,,,,,,,,,,,,,,,,,,,,,,,,,,,,,,0,,,,,,,,,49.2892337,31.4431322,
08:19:22.790,,,,,,,,,,,,,,,,,,,,,,,0,0,,,,,,,,,,,,,,,49.2892337,31.4431322,
08:19:22.802,,,,,,,,,,,,,,,,,,,,,,147,,,,,,,,,,,25.1,,,,17.5,,49.2892287,31.4431966,
08:19:22.839,,,,,,,,,,,,,,,,,,,,0,,,,,,,,,,,,,,,,,,,49.2892287,31.4431966,
08:19:22.899,,,,,,,,,,,,,,,,,,,,,,,,,,,,,,,,,,47,,,,,49.2892287,31.4431966,
08:19:22.946,,,,,,,,,,,,,,,,,,,,,,,,,,2.67,2.67,95.7,5926.18,,,26.6,,,,,,17,49.2892287,31.4431966,
08:19:22.983,,,,,,,,,,,,,,,,,,,,,,,,,,,,,,,-0.01,,,,,99,,,49.2892287,31.4431966,
08:19:23.068,,,,,,,,,,64,,,,,,,,,,,,,,,,,,,,,,,,,,,,,49.2892287,31.4431966,
08:19:23.119,,,,,,,,,357.7,,,,,,,,,,,,,,,,,,,,,,,,,,,,,,49.2892287,31.4431966,
08:19:23.155,,,,,,,,,,,3.727,,,,,,,,,,,,,,,,,,,,,,,,,,,,49.2892287,31.4431966,
08:19:23.202,,,,,,,,,,,,3.715,,,,,,,,,,,,,,,,,,,,,,,,,,,49.2892287,31.4431966,
08:19:23.239,-30,,,,,,,,,,,,,,,,,,,,,,,,,,,,,,,,,,,,,,49.2892287,31.4431966,
08:19:23.274,,,-1600,,,,,,,,,,,,,,,,,,,,,,,,,,,,,,,,,,,,49.2892287,31.4431966,
08:19:23.311,,-32,,,,,,,,,,,,,,,,,,,,,,,,,,,,,,,,,,,,,49.2892287,31.4431966,
08:19:23.358,,,,,25,,,,,,,,,,,,,,,,,,,,,,,,,,,,,,,,,,49.2892287,31.4431966,
08:19:23.395,,,,,,26,,,,,,,,,,,,,,,,,,,,,,,,,,,,,,,,,49.2892287,31.4431966,
08:19:23.431,,,,,,,24,,,,,,,,,,,,,,,,,,,,,,,,,,,,,,,,49.2892287,31.4431966,
08:19:23.466,,,,,,,,24,,,,,,,,,,,,,,,,,,,,,,,,,,,,,,,49.2892287,31.4431966,
08:19:23.491,,,,21,,,,,,,,,,,,,,,,,,,,,,,,,,,,,,,,,,,49.2892287,31.4431966,
08:19:23.562,,,,,,,,,,,,,,,,,,39,,,,,,,,,,,,,,,,,,,,,49.2892287,31.4431966,
08:19:23.598,,,,,,,,,,,,,,27,,,,,,,,,,,,,,,,,,,,,,,,,49.2892287,31.4431966,
08:19:23.646,,,,,,,,,,,,,,,,,78,,,,,,,,,,,,,,,,,,,,,,49.2892287,31.4431966,
08:19:23.694,,,,,,,,,,,,,57,,,,,,,,,,,,,,,,,,,,,,,,,,49.2892287,31.4431966,
08:19:23.730,,,,,,,,,,,,,,,5024,0.3,,,,,,,,,,,,,,,,,,,,,,,49.2892287,31.4431966,
08:19:23.766,,,,,,,,,,,,,,,,,,,20,,,,,,,,,,,,,,,,,,,,49.2892287,31.4431966,
08:19:23.806,,,,,,,,,,,,,,,,,,,,,,147,,,,,,,,,,,25.1,,,,20.1,,49.2892228,31.4432699,
08:19:23.887,,,,,,,,,,,,,,,,,,,,,,,,,,,,,,0,,,,,,,,,49.2892228,31.4432699,
08:19:23.971,,,,,,,,,,,,,,,,,,,,,,,,,,,,,,,,,,,67,,,,49.2892228,31.4432699,
08:19:24.042,,,,,,,,,,,,,,,,,,,,,,,0,0,,,,,,,,,,,,,,,49.2892228,31.4432699,
08:19:24.079,,,,,,,,,,,,,,,,,,,,0,,,,,,,,,,,,,,,,,,,49.2892228,31.4432699,
08:19:24.126,,,,,,,,,,,,,,,,,,,,,,,,,,,,,,,,,,47,,,,,49.2892228,31.4432699,
08:19:24.186,,,,,,,,,,,,,,,,,,,,,,,,,,2.68,2.68,95.71,5926.18,,,26.5,,,,,,20,49.2892228,31.4432699,
08:19:24.235,,,,,,,,,,,,,,,,,,,,,,,,,,,,,,,-0.01,,,,,99,,,49.2892228,31.4432699,
08:19:24.294,,,,,,,,,,64,,,,,,,,,,,,,,,,,,,,,,,,,,,,,49.2892228,31.4432699,
08:19:24.330,,,,,,,,,355.2,,,,,,,,,,,,,,,,,,,,,,,,,,,,,,49.2892228,31.4432699,
08:19:24.377,,,,,,,,,,,3.704,,,,,,,,,,,,,,,,,,,,,,,,,,,,49.2892228,31.4432699,
08:19:24.414,,,,,,,,,,,,3.687,,,,,,,,,,,,,,,,,,,,,,,,,,,49.2892228,31.4432699,
08:19:24.450,-42,,,,,,,,,,,,,,,,,,,,,,,,,,,,,,,,,,,,,,49.2892228,31.4432699,
08:19:24.499,,,-1600,,,,,,,,,,,,,,,,,,,,,,,,,,,,,,,,,,,,49.2892228,31.4432699,
08:19:24.545,,-42,,,,,,,,,,,,,,,,,,,,,,,,,,,,,,,,,,,,,49.2892228,31.4432699,
08:19:24.581,,,,,25,,,,,,,,,,,,,,,,,,,,,,,,,,,,,,,,,,49.2892228,31.4432699,
08:19:24.617,,,,,,26,,,,,,,,,,,,,,,,,,,,,,,,,,,,,,,,,49.2892228,31.4432699,
08:19:24.654,,,,,,,24,,,,,,,,,,,,,,,,,,,,,,,,,,,,,,,,49.2892228,31.4432699,
08:19:24.690,,,,,,,,24,,,,,,,,,,,,,,,,,,,,,,,,,,,,,,,49.2892228,31.4432699,
08:19:24.726,,,,21,,,,,,,,,,,,,,,,,,,,,,,,,,,,,,,,,,,49.2892228,31.4432699,
08:19:24.798,,,,,,,,,,,,,,,,,,39,,,,,,,,,,,,,,,,,,,,,49.2892228,31.4432699,
08:19:24.808,,,,,,,,,,,,,,,,,,,,,,147,,,,,,,,,,,25.1,,,,23.4,,49.2892179,31.4433522,
08:19:24.847,,,,,,,,,,,,,,27,,,,,,,,,,,,,,,,,,,,,,,,,49.2892179,31.4433522,
08:19:24.893,,,,,,,,,,,,,,,,,78,,,,,,,,,,,,,,,,,,,,,,49.2892179,31.4433522,
08:19:24.931,,,,,,,,,,,,,57,,,,,,,,,,,,,,,,,,,,,,,,,,49.2892179,31.4433522,
08:19:24.967,,,,,,,,,,,,,,,5056,0.3,,,,,,,,,,,,,,,,,,,,,,,49.2892179,31.4433522,
08:19:25.002,,,,,,,,,,,,,,,,,,,24,,,,,,,,,,,,,,,,,,,,49.2892179,31.4433522,
08:19:25.075,,,,,,,,,,,,,,,,,,,,,,,,,,,,,,0,,,,,,,,,49.2892179,31.4433522,
08:19:25.111,,,,,,,,,,,,,,,,,,,,,,,0,0,,,,,,,,,,,,,,,49.2892179,31.4433522,
08:19:25.158,,,,,,,,,,,,,,,,,,,,0,,,,,,,,,,,,,,,,,,,49.2892179,31.4433522,
08:19:25.195,,,,,,,,,,,,,,,,,,,,,,,,,,,,,,,,,,47,,,,,49.2892179,31.4433522,
08:19:25.242,,,,,,,,,,,,,,,,,,,,,,,,,0.062202688991653626,2.69,2.69,95.71,5926.19,,,26.5,,,,,,23,49.2892179,31.4433522,
08:19:25.279,,,,,,,,,,,,,,,,,,,,,,,,,,,,,,,-0.01,,,,,99,,,49.2892179,31.4433522,
08:19:25.351,,,,,,,,,,63.5,,,,,,,,,,,,,,,,,,,,,,,,,,,,,49.2892179,31.4433522,
08:19:25.386,,,,,,,,,355,,,,,,,,,,,,,,,,,,,,,,,,,,,,,,49.2892179,31.4433522,
08:19:25.423,,,,,,,,,,,3.69,,,,,,,,,,,,,,,,,,,,,,,,,,,,49.2892179,31.4433522,
08:19:25.459,,,,,,,,,,,,3.678,,,,,,,,,,,,,,,,,,,,,,,,,,,49.2892179,31.4433522,
08:19:25.507,-42,,,,,,,,,,,,,,,,,,,,,,,,,,,,,,,,,,,,,,49.2892179,31.4433522,
08:19:25.558,,,-1600,,,,,,,,,,,,,,,,,,,,,,,,,,,,,,,,,,,,49.2892179,31.4433522,
08:19:25.594,,-43,,,,,,,,,,,,,,,,,,,,,,,,,,,,,,,,,,,,,49.2892179,31.4433522,
08:19:25.630,,,,,25,,,,,,,,,,,,,,,,,,,,,,,,,,,,,,,,,,49.2892179,31.4433522,
08:19:25.678,,,,,,26,,,,,,,,,,,,,,,,,,,,,,,,,,,,,,,,,49.2892179,31.4433522,
08:19:25.726,,,,,,,24,,,,,,,,,,,,,,,,,,,,,,,,,,,,,,,,49.2892179,31.4433522,
08:19:25.763,,,,,,,,24,,,,,,,,,,,,,,,,,,,,,,,,,,,,,,,49.2892179,31.4433522,
08:19:25.805,,,,,,,,,,,,,,,,,,,,,,147,,,,,,,,,,,25.1,,,,26.4,,49.2892129,31.4434472,
08:19:25.809,,,,21,,,,,,,,,,,,,,,,,,,,,,,,,,,,,,,,,,,49.2892129,31.4434472,
08:19:25.882,,,,,,,,,,,,,,,,,,39,,,,,,,,,,,,,,,,,,,,,49.2892129,31.4434472,
08:19:25.918,,,,,,,,,,,,,,27,,,,,,,,,,,,,,,,,,,,,,,,,49.2892129,31.4434472,
08:19:25.955,,,,,,,,,,,,,,,,,73,,,,,,,,,,,,,,,,,,,,,,49.2892129,31.4434472,
08:19:25.991,,,,,,,,,,,,,55,,,,,,,,,,,,,,,,,,,,,,,,,,49.2892129,31.4434472,
08:19:26.025,,,,,,,,,,,,,,,4608,0.28,,,,,,,,,,,,,,,,,,,,,,,49.2892129,31.4434472,
08:19:26.063,,,,,,,,,,,,,,,,,,,27,,,,,,,,,,,,,,,,,,,,49.2892129,31.4434472,
08:19:26.146,,,,,,,,,,,,,,,,,,,,,,,,,,,,,,0,,,,,,,,,49.2892129,31.4434472,
08:19:26.195,,,,,,,,,,,,,,,,,,,,,,,,,,,,,,,,,,,67,,,,49.2892129,31.4434472,
08:19:26.230,,,,,,,,,,,,,,,,,,,,,,,0,0,,,,,,,,,,,,,,,49.2892129,31.4434472,
08:19:26.279,,,,,,,,,,,,,,,,,,,,0,,,,,,,,,,,,,,,,,,,49.2892129,31.4434472,
08:19:26.315,,,,,,,,,,,,,,,,,,,,,,,,,,,,,,,,,,47,,,,,49.2892129,31.4434472,
08:19:26.350,,,,,,,,,,,,,,,,,,,,,,,,,0.07036041869547704,2.69,2.69,95.72,5926.2,,,26.5,,,,,,26,49.2892129,31.4434472,
08:19:26.410,,,,,,,,,,,,,,,,,,,,,,,,,,,,,,,0,,,,,100,,,49.2892129,31.4434472,
08:19:26.482,,,,,,,,,,63.5,,,,,,,,,,,,,,,,,,,,,,,,,,,,,49.2892129,31.4434472,
08:19:26.531,,,,,,,,,353.2,,,,,,,,,,,,,,,,,,,,,,,,,,,,,,49.2892129,31.4434472,
08:19:26.566,,,,,,,,,,,3.681,,,,,,,,,,,,,,,,,,,,,,,,,,,,49.2892129,31.4434472,
08:19:26.602,,,,,,,,,,,,3.668,,,,,,,,,,,,,,,,,,,,,,,,,,,49.2892129,31.4434472,
08:19:26.638,-44,,,,,,,,,,,,,,,,,,,,,,,,,,,,,,,,,,,,,,49.2892129,31.4434472,
08:19:26.676,,,-1600,,,,,,,,,,,,,,,,,,,,,,,,,,,,,,,,,,,,49.2892129,31.4434472,
08:19:26.711,,-44,,,,,,,,,,,,,,,,,,,,,,,,,,,,,,,,,,,,,49.2892129,31.4434472,
08:19:26.750,,,,,25,,,,,,,,,,,,,,,,,,,,,,,,,,,,,,,,,,49.2892129,31.4434472,
08:19:26.786,,,,,,26,,,,,,,,,,,,,,,,,,,,,,,,,,,,,,,,,49.2892129,31.4434472,
08:19:26.802,,,,,,,,,,,,,,,,,,,,,,147,,,,,,,,,,,25.1,,,,29,,49.289206,31.4435504,
08:19:26.822,,,,,,,24,,,,,,,,,,,,,,,,,,,,,,,,,,,,,,,,49.289206,31.4435504,
08:19:26.870,,,,,,,,24,,,,,,,,,,,,,,,,,,,,,,,,,,,,,,,49.289206,31.4435504,
08:19:26.917,,,,21,,,,,,,,,,,,,,,,,,,,,,,,,,,,,,,,,,,49.289206,31.4435504,
08:19:26.979,,,,,,,,,,,,,,,,,,39,,,,,,,,,,,,,,,,,,,,,49.289206,31.4435504,
08:19:27.013,,,,,,,,,,,,,,27,,,,,,,,,,,,,,,,,,,,,,,,,49.289206,31.4435504,
08:19:27.051,,,,,,,,,,,,,,,,,64,,,,,,,,,,,,,,,,,,,,,,49.289206,31.4435504,
08:19:27.098,,,,,,,,,,,,,55,,,,,,,,,,,,,,,,,,,,,,,,,,49.289206,31.4435504,
08:19:27.158,,,,,,,,,,,,,,,4224,0.25,,,,,,,,,,,,,,,,,,,,,,,49.289206,31.4435504,
08:19:27.194,,,,,,,,,,,,,,,,,,,29,,,,,,,,,,,,,,,,,,,,49.289206,31.4435504,
08:19:27.255,,,,,,,,,,,,,,,,,,,,,,,,,,,,,,0,,,,,,,,,49.289206,31.4435504,
08:19:27.289,,,,,,,,,,,,,,,,,,,,,,,0,0,,,,,,,,,,,,,,,49.289206,31.4435504,
08:19:27.338,,,,,,,,,,,,,,,,,,,,0,,,,,,,,,,,,,,,,,,,49.289206,31.4435504,
08:19:27.445,,,,,,,,,,,,,,,,,,,,,,,,,,,,,,,,,,47,,,,,49.289206,31.4435504,
08:19:27.519,,,,,,,,,,,,,,,,,,,,,,,,,0.07443928354738877,2.7,2.7,95.73,5926.21,,,26.5,,,,,,29,49.289206,31.4435504,
08:19:27.590,,,,,,,,,,,,,,,,,,,,,,,,,,,,,,,-0.01,,,,,99,,,49.289206,31.4435504,
08:19:27.649,,,,,,,,,,63,,,,,,,,,,,,,,,,,,,,,,,,,,,,,49.289206,31.4435504,
08:19:27.686,,,,,,,,,353.9,,,,,,,,,,,,,,,,,,,,,,,,,,,,,,49.289206,31.4435504,
08:19:27.735,,,,,,,,,,,3.698,,,,,,,,,,,,,,,,,,,,,,,,,,,,49.289206,31.4435504,
08:19:27.771,,,,,,,,,,,,3.689,,,,,,,,,,,,,,,,,,,,,,,,,,,49.289206,31.4435504,
08:19:27.801,,,,,,,,,,,,,,,,,,,,,,147,,,,,,,,,,,25.1,,,,31.5,,49.2891981,31.4436621,
08:19:27.819,-26,,,,,,,,,,,,,,,,,,,,,,,,,,,,,,,,,,,,,,49.2891981,31.4436621,
08:19:27.854,,,-26,,,,,,,,,,,,,,,,,,,,,,,,,,,,,,,,,,,,49.2891981,31.4436621,
08:19:27.879,,-25,,,,,,,,,,,,,,,,,,,,,,,,,,,,,,,,,,,,,49.2891981,31.4436621,
08:19:27.915,,,,,25,,,,,,,,,,,,,,,,,,,,,,,,,,,,,,,,,,49.2891981,31.4436621,
08:19:27.951,,,,,,26,,,,,,,,,,,,,,,,,,,,,,,,,,,,,,,,,49.2891981,31.4436621,
08:19:27.987,,,,,,,24,,,,,,,,,,,,,,,,,,,,,,,,,,,,,,,,49.2891981,31.4436621,
08:19:28.035,,,,,,,,24,,,,,,,,,,,,,,,,,,,,,,,,,,,,,,,49.2891981,31.4436621,
08:19:28.082,,,,21,,,,,,,,,,,,,,,,,,,,,,,,,,,,,,,,,,,49.2891981,31.4436621,
08:19:28.143,,,,,,,,,,,,,,,,,,39,,,,,,,,,,,,,,,,,,,,,49.2891981,31.4436621,
08:19:28.190,,,,,,,,,,,,,,27,,,,,,,,,,,,,,,,,,,,,,,,,49.2891981,31.4436621,
08:19:28.226,,,,,,,,,,,,,,,,,30,,,,,,,,,,,,,,,,,,,,,,49.2891981,31.4436621,
08:19:28.263,,,,,,,,,,,,,55,,,,,,,,,,,,,,,,,,,,,,,,,,49.2891981,31.4436621,
08:19:28.298,,,,,,,,,,,,,,,1856,0.11,,,,,,,,,,,,,,,,,,,,,,,49.2891981,31.4436621,
08:19:28.333,,,,,,,,,,,,,,,,,,,31,,,,,,,,,,,,,,,,,,,,49.2891981,31.4436621,
08:19:28.406,,,,,,,,,,,,,,,,,,,,,,,,,,,,,,0,,,,,,,,,49.2891981,31.4436621,
08:19:28.443,,,,,,,,,,,,,,,,,,,,,,,,,,,,,,,,,,,67,,,,49.2891981,31.4436621,
08:19:28.478,,,,,,,,,,,,,,,,,,,,,,,0,0,,,,,,,,,,,,,,,49.2891981,31.4436621,
08:19:28.527,,,,,,,,,,,,,,,,,,,,0,,,,,,,,,,,,,,,,,,,49.2891981,31.4436621,
08:19:28.574,,,,,,,,,,,,,,,,,,,,,,,,,,,,,,,,,,47,,,,,49.2891981,31.4436621,
08:19:28.611,,,,,,,,,,,,,,,,,,,,,,,,,0.07036041869547704,2.71,2.71,95.74,5926.22,,,26.5,,,,,,31,49.2891981,31.4436621,
08:19:28.645,,,,,,,,,,,,,,,,,,,,,,,,,,,,,,,0,,,,,100,,,49.2891981,31.4436621,
08:19:28.707,,,,,,,,,,63,,,,,,,,,,,,,,,,,,,,,,,,,,,,,49.2891981,31.4436621,
08:19:28.743,,,,,,,,,354,,,,,,,,,,,,,,,,,,,,,,,,,,,,,,49.2891981,31.4436621,
08:19:28.777,,,,,,,,,,,3.702,,,,,,,,,,,,,,,,,,,,,,,,,,,,49.2891981,31.4436621,
08:19:28.807,,,,,,,,,,,,,,,,,,,,,,147,,,,,,,,,,,25.1,,,,32.4,,49.2891892,31.4437836,
08:19:28.829,,,,,,,,,,,,3.69,,,,,,,,,,,,,,,,,,,,,,,,,,,49.2891892,31.4437836,
08:19:28.867,-22,,,,,,,,,,,,,,,,,,,,,,,,,,,,,,,,,,,,,,49.2891892,31.4437836,
08:19:28.902,,,-22,,,,,,,,,,,,,,,,,,,,,,,,,,,,,,,,,,,,49.2891892,31.4437836,
08:19:28.963,,-22,,,,,,,,,,,,,,,,,,,,,,,,,,,,,,,,,,,,,49.2891892,31.4437836,
08:19:28.999,,,,,25,,,,,,,,,,,,,,,,,,,,,,,,,,,,,,,,,,49.2891892,31.4437836,
08:19:29.038,,,,,,26,,,,,,,,,,,,,,,,,,,,,,,,,,,,,,,,,49.2891892,31.4437836,
08:19:29.074,,,,,,,24,,,,,,,,,,,,,,,,,,,,,,,,,,,,,,,,49.2891892,31.4437836,
08:19:29.111,,,,,,,,24,,,,,,,,,,,,,,,,,,,,,,,,,,,,,,,49.2891892,31.4437836,
08:19:29.147,,,,21,,,,,,,,,,,,,,,,,,,,,,,,,,,,,,,,,,,49.2891892,31.4437836,
08:19:29.219,,,,,,,,,,,,,,,,,,39,,,,,,,,,,,,,,,,,,,,,49.2891892,31.4437836,
08:19:29.253,,,,,,,,,,,,,,27,,,,,,,,,,,,,,,,,,,,,,,,,49.2891892,31.4437836,
08:19:29.291,,,,,,,,,,,,,,,,,28,,,,,,,,,,,,,,,,,,,,,,49.2891892,31.4437836,
08:19:29.351,,,,,,,,,,,,,55,,,,,,,,,,,,,,,,,,,,,,,,,,49.2891892,31.4437836,
08:19:29.387,,,,,,,,,,,,,,,1696,0.09,,,,,,,,,,,,,,,,,,,,,,,49.2891892,31.4437836,
08:19:29.435,,,,,,,,,,,,,,,,,,,33,,,,,,,,,,,,,,,,,,,,49.2891892,31.4437836,
08:19:29.505,,,,,,,,,,,,,,,,,,,,,,,,,,,,,,0,,,,,,,,,49.2891892,31.4437836,
08:19:29.553,,,,,,,,,,,,,,,,,,,,,,,0,0,,,,,,,,,,,,,,,49.2891892,31.4437836,
08:19:29.602,,,,,,,,,,,,,,,,,,,,0,,,,,,,,,,,,,,,,,,,49.2891892,31.4437836,
08:19:29.639,,,,,,,,,,,,,,,,,,,,,,,,,,,,,,,,,,47,,,,,49.2891892,31.4437836,
08:19:29.699,,,,,,,,,,,,,,,,,,,,,,,,,0.05710410792676399,2.72,2.72,95.75,5926.23,,,26.6,,,,,,32,49.2891892,31.4437836,
08:19:29.746,,,,,,,,,,,,,,,,,,,,,,,,,,,,,,,-0.01,,,,,99,,,49.2891892,31.4437836,
08:19:29.798,,,,,,,,,,,,,,,,,,,,,,147,,,,,,,,,,,25.2,,,,33.6,,49.2891828,31.44391,
08:19:29.817,,,,,,,,,,63,,,,,,,,,,,,,,,,,,,,,,,,,,,,,49.2891828,31.44391,
08:19:29.855,,,,,,,,,355.6,,,,,,,,,,,,,,,,,,,,,,,,,,,,,,49.2891828,31.44391,
08:19:29.903,,,,,,,,,,,3.703,,,,,,,,,,,,,,,,,,,,,,,,,,,,49.2891828,31.44391,
08:19:29.949,,,,,,,,,,,,3.692,,,,,,,,,,,,,,,,,,,,,,,,,,,49.2891828,31.44391,
08:19:30.010,-20,,,,,,,,,,,,,,,,,,,,,,,,,,,,,,,,,,,,,,49.2891828,31.44391,
08:19:30.082,,,-21,,,,,,,,,,,,,,,,,,,,,,,,,,,,,,,,,,,,49.2891828,31.44391,
08:19:30.166,,-19,,,,,,,,,,,,,,,,,,,,,,,,,,,,,,,,,,,,,49.2891828,31.44391,
08:19:30.240,,,,,25,,,,,,,,,,,,,,,,,,,,,,,,,,,,,,,,,,49.2891828,31.44391,
08:19:30.266,,,,,,26,,,,,,,,,,,,,,,,,,,,,,,,,,,,,,,,,49.2891828,31.44391,
08:19:30.315,,,,,,,24,,,,,,,,,,,,,,,,,,,,,,,,,,,,,,,,49.2891828,31.44391,
08:19:30.350,,,,,,,,24,,,,,,,,,,,,,,,,,,,,,,,,,,,,,,,49.2891828,31.44391,
08:19:30.387,,,,21,,,,,,,,,,,,,,,,,,,,,,,,,,,,,,,,,,,49.2891828,31.44391,
08:19:30.446,,,,,,,,,,,,,,,,,,39,,,,,,,,,,,,,,,,,,,,,49.2891828,31.44391,
08:19:30.495,,,,,,,,,,,,,,27,,,,,,,,,,,,,,,,,,,,,,,,,49.2891828,31.44391,
08:19:30.530,,,,,,,,,,,,,,,,,25,,,,,,,,,,,,,,,,,,,,,,49.2891828,31.44391,
08:19:30.567,,,,,,,,,,,,,55,,,,,,,,,,,,,,,,,,,,,,,,,,49.2891828,31.44391,
08:19:30.602,,,,,,,,,,,,,,,1536,0.09,,,,,,,,,,,,,,,,,,,,,,,49.2891828,31.44391,
08:19:30.651,,,,,,,,,,,,,,,,,,,34,,,,,,,,,,,,,,,,,,,,49.2891828,31.44391,
08:19:30.730,,,,,,,,,,,,,,,,,,,,,,,,,,,,,,0,,,,,,,,,49.2891828,31.44391,
08:19:30.767,,,,,,,,,,,,,,,,,,,,,,,,,,,,,,,,,,,67,,,,49.2891828,31.44391,
08:19:30.804,,,,,,,,,,,,,,,,,,,,,,147,,,,,,,,,,,25.2,,,,34.4,,49.2891741,31.4440408,
08:19:30.815,,,,,,,,,,,,,,,,,,,,,,,0,0,,,,,,,,,,,,,,,49.2891741,31.4440408,
08:19:30.851,,,,,,,,,,,,,,,,,,,,0,,,,,,,,,,,,,,,,,,,49.2891741,31.4440408,
08:19:30.899,,,,,,,,,,,,,,,,,,,,,,,,,,,,,,,,,,47,,,,,49.2891741,31.4440408,
08:19:30.947,,,,,,,,,,,,,,,,,,,,,,,,,0.04282808094507299,2.73,2.73,95.76,5926.24,,,26.6,,,,,,33,49.2891741,31.4440408,
08:19:30.983,,,,,,,,,,,,,,,,,,,,,,,,,,,,,,,-0.01,,,,,99,,,49.2891741,31.4440408,
08:19:31.054,,,,,,,,,,63,,,,,,,,,,,,,,,,,,,,,,,,,,,,,49.2891741,31.4440408,
08:19:31.091,,,,,,,,,354.5,,,,,,,,,,,,,,,,,,,,,,,,,,,,,,49.2891741,31.4440408,
08:19:31.139,,,,,,,,,,,3.705,,,,,,,,,,,,,,,,,,,,,,,,,,,,49.2891741,31.4440408,
08:19:31.174,,,,,,,,,,,,3.696,,,,,,,,,,,,,,,,,,,,,,,,,,,49.2891741,31.4440408,
08:19:31.210,-11,,,,,,,,,,,,,,,,,,,,,,,,,,,,,,,,,,,,,,49.2891741,31.4440408,
08:19:31.257,,,-11,,,,,,,,,,,,,,,,,,,,,,,,,,,,,,,,,,,,49.2891741,31.4440408,
08:19:31.295,,-10,,,,,,,,,,,,,,,,,,,,,,,,,,,,,,,,,,,,,49.2891741,31.4440408,
08:19:31.334,,,,,25,,,,,,,,,,,,,,,,,,,,,,,,,,,,,,,,,,49.2891741,31.4440408,
08:19:31.386,,,,,,26,,,,,,,,,,,,,,,,,,,,,,,,,,,,,,,,,49.2891741,31.4440408,
08:19:31.445,,,,,,,24,,,,,,,,,,,,,,,,,,,,,,,,,,,,,,,,49.2891741,31.4440408,
08:19:31.483,,,,,,,,24,,,,,,,,,,,,,,,,,,,,,,,,,,,,,,,49.2891741,31.4440408,
08:19:31.519,,,,21,,,,,,,,,,,,,,,,,,,,,,,,,,,,,,,,,,,49.2891741,31.4440408,
08:19:31.567,,,,,,,,,,,,,,,,,,39,,,,,,,,,,,,,,,,,,,,,49.2891741,31.4440408,
08:19:31.607,,,,,,,,,,,,,,27,,,,,,,,,,,,,,,,,,,,,,,,,49.2891741,31.4440408,
08:19:31.643,,,,,,,,,,,,,,,,,-4,,,,,,,,,,,,,,,,,,,,,,49.2891741,31.4440408,
08:19:31.679,,,,,,,,,,,,,55,,,,,,,,,,,,,,,,,,,,,,,,,,49.2891741,31.4440408,
08:19:31.714,,,,,,,,,,,,,,,-160,-0.02,,,,,,,,,,,,,,,,,,,,,,,49.2891741,31.4440408,
08:19:31.751,,,,,,,,,,,,,,,,,,,34,,,,,,,,,,,,,,,,,,,,49.2891741,31.4440408,
08:19:31.801,,,,,,,,,,,,,,,,,,,,,,147,,,,,,,,,,,25.2,,,,35,,49.2891668,31.444173,
08:19:31.811,,,,,,,,,,,,,,,,,,,,,,,,,,,,,,0,,,,,,,,,49.2891668,31.444173,
08:19:31.858,,,,,,,,,,,,,,,,,,,,,,,0,0,,,,,,,,,,,,,,,49.2891668,31.444173,
08:19:31.919,,,,,,,,,,,,,,,,,,,,0,,,,,,,,,,,,,,,,,,,49.2891668,31.444173,
08:19:31.967,,,,,,,,,,,,,,,,,,,,,,,,,,,,,,,,,,47,,,,,49.2891668,31.444173,
08:19:32.026,,,,,,,,,,,,,,,,,,,,,,,,,0.03161120260231578,2.74,2.74,95.77,5926.25,,,26.6,,,,,,34,49.2891668,31.444173,
08:19:32.075,,,,,,,,,,,,,,,,,,,,,,,,,,,,,,,-0.01,,,,,99,,,49.2891668,31.444173,
08:19:32.146,,,,,,,,,,63,,,,,,,,,,,,,,,,,,,,,,,,,,,,,49.2891668,31.444173,
08:19:32.182,,,,,,,,,359,,,,,,,,,,,,,,,,,,,,,,,,,,,,,,49.2891668,31.444173,
08:19:32.230,,,,,,,,,,,3.731,,,,,,,,,,,,,,,,,,,,,,,,,,,,49.2891668,31.444173,
08:19:32.271,,,,,,,,,,,,3.721,,,,,,,,,,,,,,,,,,,,,,,,,,,49.2891668,31.444173,
08:19:32.306,-0,,,,,,,,,,,,,,,,,,,,,,,,,,,,,,,,,,,,,,49.2891668,31.444173,
08:19:32.343,,,1,,,,,,,,,,,,,,,,,,,,,,,,,,,,,,,,,,,,49.2891668,31.444173,
08:19:32.391,,1,,,,,,,,,,,,,,,,,,,,,,,,,,,,,,,,,,,,,49.2891668,31.444173,
08:19:32.426,,,,,25,,,,,,,,,,,,,,,,,,,,,,,,,,,,,,,,,,49.2891668,31.444173,
08:19:32.463,,,,,,26,,,,,,,,,,,,,,,,,,,,,,,,,,,,,,,,,49.2891668,31.444173,
08:19:32.499,,,,,,,24,,,,,,,,,,,,,,,,,,,,,,,,,,,,,,,,49.2891668,31.444173,
08:19:32.547,,,,,,,,24,,,,,,,,,,,,,,,,,,,,,,,,,,,,,,,49.2891668,31.444173,
08:19:32.581,,,,21,,,,,,,,,,,,,,,,,,,,,,,,,,,,,,,,,,,49.2891668,31.444173,
08:19:32.654,,,,,,,,,,,,,,,,,,39,,,,,,,,,,,,,,,,,,,,,49.2891668,31.444173,
08:19:32.702,,,,,,,,,,,,,,27,,,,,,,,,,,,,,,,,,,,,,,,,49.2891668,31.444173,
08:19:32.738,,,,,,,,,,,,,,,,,-9,,,,,,,,,,,,,,,,,,,,,,49.2891668,31.444173,
08:19:32.774,,,,,,,,,,,,,55,,,,,,,,,,,,,,,,,,,,,,,,,,49.2891668,31.444173,
08:19:32.807,,,,,,,,,,,,,,,,,,,,,,147,,,,,,,,,,,25.2,,,,34.3,,49.2891561,31.4442987,
08:19:32.822,,,,,,,,,,,,,,,-800,-0.06,,,,,,,,,,,,,,,,,,,,,,,49.2891561,31.4442987,
08:19:32.870,,,,,,,,,,,,,,,,,,,34,,,,,,,,,,,,,,,,,,,,49.2891561,31.4442987,
08:19:32.954,,,,,,,,,,,,,,,,,,,,,,,,,,,,,,0,,,,,,,,,49.2891561,31.4442987,
08:19:32.990,,,,,,,,,,,,,,,,,,,,,,,,,,,,,,,,,,,67,,,,49.2891561,31.4442987,
08:19:33.039,,,,,,,,,,,,,,,,,,,,,,,0,0,,,,,,,,,,,,,,,49.2891561,31.4442987,
08:19:33.087,,,,,,,,,,,,,,,,,,,,0,,,,,,,,,,,,,,,,,,,49.2891561,31.4442987,
08:19:33.134,,,,,,,,,,,,,,,,,,,,,,,,,,,,,,,,,,47,,,,,49.2891561,31.4442987,
08:19:33.193,,,,,,,,,,,,,,,,,,,,,,,,,,2.75,2.75,95.78,5926.26,,,26.6,,,,,,33,49.2891561,31.4442987,
08:19:33.243,,,,,,,,,,,,,,,,,,,,,,,,,,,,,,,-0.01,,,,,99,,,49.2891561,31.4442987,
08:19:33.315,,,,,,,,,,63,,,,,,,,,,,,,,,,,,,,,,,,,,,,,49.2891561,31.4442987,
08:19:33.362,,,,,,,,,358.4,,,,,,,,,,,,,,,,,,,,,,,,,,,,,,49.2891561,31.4442987,
08:19:33.410,,,,,,,,,,,3.752,,,,,,,,,,,,,,,,,,,,,,,,,,,,49.2891561,31.4442987,
08:19:33.494,,,,,,,,,,,,3.74,,,,,,,,,,,,,,,,,,,,,,,,,,,49.2891561,31.4442987,
08:19:33.578,20,,,,,,,,,,,,,,,,,,,,,,,,,,,,,,,,,,,,,,49.2891561,31.4442987,
08:19:33.638,,,25,,,,,,,,,,,,,,,,,,,,,,,,,,,,,,,,,,,,49.2891561,31.4442987,
08:19:33.685,,28,,,,,,,,,,,,,,,,,,,,,,,,,,,,,,,,,,,,,49.2891561,31.4442987,
08:19:33.735,,,,,25,,,,,,,,,,,,,,,,,,,,,,,,,,,,,,,,,,49.2891561,31.4442987,
08:19:33.770,,,,,,26,,,,,,,,,,,,,,,,,,,,,,,,,,,,,,,,,49.2891561,31.4442987,
08:19:33.801,,,,,,,,,,,,,,,,,,,,,,147,,,,,,,,,,,25.3,,,,33.3,,49.2891521,31.4444297,
08:19:33.807,,,,,,,24,,,,,,,,,,,,,,,,,,,,,,,,,,,,,,,,49.2891521,31.4444297,
08:19:33.866,,,,,,,,24,,,,,,,,,,,,,,,,,,,,,,,,,,,,,,,49.2891521,31.4444297,
08:19:33.903,,,,21,,,,,,,,,,,,,,,,,,,,,,,,,,,,,,,,,,,49.2891521,31.4444297,
08:19:33.962,,,,,,,,,,,,,,,,,,39,,,,,,,,,,,,,,,,,,,,,49.2891521,31.4444297,
08:19:33.998,,,,,,,,,,,,,,27,,,,,,,,,,,,,,,,,,,,,,,,,49.2891521,31.4444297,
08:19:34.034,,,,,,,,,,,,,,,,,-69,,,,,,,,,,,,,,,,,,,,,,49.2891521,31.4444297,
08:19:34.069,,,,,,,,,,,,,55,,,,,,,,,,,,,,,,,,,,,,,,,,49.2891521,31.4444297,
08:19:34.119,,,,,,,,,,,,,,,-4352,-0.27,,,,,,,,,,,,,,,,,,,,,,,49.2891521,31.4444297,
08:19:34.154,,,,,,,,,,,,,,,,,,,32,,,,,,,,,,,,,,,,,,,,49.2891521,31.4444297,
08:19:34.226,,,,,,,,,,,,,,,,,,,,,,,,,,,,,,0,,,,,,,,,49.2891521,31.4444297,
08:19:34.263,,,,,,,,,,,,,,,,,,,,,,,0,0,,,,,,,,,,,,,,,49.2891521,31.4444297,
08:19:34.310,,,,,,,,,,,,,,,,,,,,0,,,,,,,,,,,,,,,,,,,49.2891521,31.4444297,
08:19:34.358,,,,,,,,,,,,,,,,,,,,,,,,,,,,,,,,,,47,,,,,49.2891521,31.4444297,
08:19:34.407,,,,,,,,,,,,,,,,,,,,,,,,,,2.77,2.77,95.79,5926.27,,,26.6,,,,,,31,49.2891521,31.4444297,
08:19:34.479,,,,,,,,,,,,,,,,,,,,,,,,,,,,,,,-0.01,,,,,99,,,49.2891521,31.4444297,
08:19:34.550,,,,,,,,,,63,,,,,,,,,,,,,,,,,,,,,,,,,,,,,49.2891521,31.4444297,
08:19:34.598,,,,,,,,,363.7,,,,,,,,,,,,,,,,,,,,,,,,,,,,,,49.2891521,31.4444297,
08:19:34.634,,,,,,,,,,,3.779,,,,,,,,,,,,,,,,,,,,,,,,,,,,49.2891521,31.4444297,
08:19:34.671,,,,,,,,,,,,3.768,,,,,,,,,,,,,,,,,,,,,,,,,,,49.2891521,31.4444297,
08:19:34.718,26,,,,,,,,,,,,,,,,,,,,,,,,,,,,,,,,,,,,,,49.2891521,31.4444297,
08:19:34.767,,,26,,,,,,,,,,,,,,,,,,,,,,,,,,,,,,,,,,,,49.2891521,31.4444297,
08:19:34.803,,25,,,,,,,,,,,,,,,,,,,,,,,,,,,,,,,,,,,,,49.2891521,31.4444297,
08:19:34.805,,,,,,,,,,,,,,,,,,,,,,147,,,,,,,,,,,25.3,,,,29.9,,49.2891437,31.4445466,
08:19:34.843,,,,,25,,,,,,,,,,,,,,,,,,,,,,,,,,,,,,,,,,49.2891437,31.4445466,
08:19:34.879,,,,,,26,,,,,,,,,,,,,,,,,,,,,,,,,,,,,,,,,49.2891437,31.4445466,
08:19:34.915,,,,,,,24,,,,,,,,,,,,,,,,,,,,,,,,,,,,,,,,49.2891437,31.4445466,
08:19:34.951,,,,,,,,24,,,,,,,,,,,,,,,,,,,,,,,,,,,,,,,49.2891437,31.4445466,
08:19:34.986,,,,21,,,,,,,,,,,,,,,,,,,,,,,,,,,,,,,,,,,49.2891437,31.4445466,
08:19:35.045,,,,,,,,,,,,,,,,,,39,,,,,,,,,,,,,,,,,,,,,49.2891437,31.4445466,
08:19:35.082,,,,,,,,,,,,,,27,,,,,,,,,,,,,,,,,,,,,,,,,49.2891437,31.4445466,
08:19:35.118,,,,,,,,,,,,,,,,,-39,,,,,,,,,,,,,,,,,,,,,,49.2891437,31.4445466,
08:19:35.167,,,,,,,,,,,,,55,,,,,,,,,,,,,,,,,,,,,,,,,,49.2891437,31.4445466,
08:19:35.214,,,,,,,,,,,,,,,-2432,-0.16,,,,,,,,,,,,,,,,,,,,,,,49.2891437,31.4445466,
08:19:35.311,,,,,,,,,,,,,,,,,,,29,,,,,,,,,,,,,,,,,,,,49.2891437,31.4445466,
08:19:35.432,,,,,,,,,,,,,,,,,,,,,,,,,,,,,,0,,,,,,,,,49.2891437,31.4445466,
08:19:35.482,,,,,,,,,,,,,,,,,,,,,,,,,,,,,,,,,,,66,,,,49.2891437,31.4445466,
08:19:35.542,,,,,,,,,,,,,,,,,,,,,,,0,0,,,,,,,,,,,,,,,49.2891437,31.4445466,
08:19:35.626,,,,,,,,,,,,,,,,,,,,0,,,,,,,,,,,,,,,,,,,49.2891437,31.4445466,
08:19:35.663,,,,,,,,,,,,,,,,,,,,,,,,,,,,,,,,,,47,,,,,49.2891437,31.4445466,
08:19:35.759,,,,,,,,,,,,,,,,,,,,,,,,,-0.03569006745422749,2.78,2.78,95.8,5926.28,,,26.6,,,,,,27,49.2891437,31.4445466,
08:19:35.805,,,,,,,,,,,,,,,,,,,,,,147,,,,,,,,,,,25.3,,,,27.2,,49.2891375,31.4446544,
08:19:35.854,,,,,,,,,,,,,,,,,,,,,,,,,,,,,,,-0.01,,,,,99,,,49.2891375,31.4446544,
08:19:35.938,,,,,,,,,,63,,,,,,,,,,,,,,,,,,,,,,,,,,,,,49.2891375,31.4446544,
08:19:35.986,,,,,,,,,363.9,,,,,,,,,,,,,,,,,,,,,,,,,,,,,,49.2891375,31.4446544,
08:19:36.022,,,,,,,,,,,3.783,,,,,,,,,,,,,,,,,,,,,,,,,,,,49.2891375,31.4446544,
08:19:36.070,,,,,,,,,,,,3.772,,,,,,,,,,,,,,,,,,,,,,,,,,,49.2891375,31.4446544,
08:19:36.106,27,,,,,,,,,,,,,,,,,,,,,,,,,,,,,,,,,,,,,,49.2891375,31.4446544,
08:19:36.142,,,25,,,,,,,,,,,,,,,,,,,,,,,,,,,,,,,,,,,,49.2891375,31.4446544,
08:19:36.178,,24,,,,,,,,,,,,,,,,,,,,,,,,,,,,,,,,,,,,,49.2891375,31.4446544,
08:19:36.239,,,,,26,,,,,,,,,,,,,,,,,,,,,,,,,,,,,,,,,,49.2891375,31.4446544,
08:19:36.274,,,,,,26,,,,,,,,,,,,,,,,,,,,,,,,,,,,,,,,,49.2891375,31.4446544,
08:19:36.323,,,,,,,24,,,,,,,,,,,,,,,,,,,,,,,,,,,,,,,,49.2891375,31.4446544,
08:19:36.370,,,,,,,,24,,,,,,,,,,,,,,,,,,,,,,,,,,,,,,,49.2891375,31.4446544,
08:19:36.407,,,,21,,,,,,,,,,,,,,,,,,,,,,,,,,,,,,,,,,,49.2891375,31.4446544,
08:19:36.491,,,,,,,,,,,,,,,,,,39,,,,,,,,,,,,,,,,,,,,,49.2891375,31.4446544,
08:19:36.525,,,,,,,,,,,,,,27,,,,,,,,,,,,,,,,,,,,,,,,,49.2891375,31.4446544,
08:19:36.574,,,,,,,,,,,,,,,,,-50,,,,,,,,,,,,,,,,,,,,,,49.2891375,31.4446544,
08:19:36.621,,,,,,,,,,,,,55,,,,,,,,,,,,,,,,,,,,,,,,,,49.2891375,31.4446544,
08:19:36.659,,,,,,,,,,,,,,,-3168,-0.2,,,,,,,,,,,,,,,,,,,,,,,49.2891375,31.4446544,
08:19:36.706,,,,,,,,,,,,,,,,,,,25,,,,,,,,,,,,,,,,,,,,49.2891375,31.4446544,
08:19:36.767,,,,,,,,,,,,,,,,,,,,,,,,,,,,,,0,,,,,,,,,49.2891375,31.4446544,
08:19:36.806,,,,,,,,,,,,,,,,,,,,,,147,,,,,,,,,,,25.3,,,,24.9,,49.2891317,31.4447544,
08:19:36.851,,,,,,,,,,,,,,,,,,,,,,,0,0,,,,,,,,,,,,,,,49.2891317,31.4447544,
08:19:36.922,,,,,,,,,,,,,,,,,,,,0,,,,,,,,,,,,,,,,,,,49.2891317,31.4447544,
08:19:36.994,,,,,,,,,,,,,,,,,,,,,,,,,,,,,,,,,,47,,,,,49.2891317,31.4447544,
08:19:37.054,,,,,,,,,,,,,,,,,,,,,,,,,-0.05608439171378606,2.78,2.78,95.81,5926.29,,,26.6,,,,,,24,49.2891317,31.4447544,
08:19:37.090,,,,,,,,,,,,,,,,,,,,,,,,,,,,,,,-0.01,,,,,99,,,49.2891317,31.4447544,
08:19:37.150,,,,,,,,,,63.5,,,,,,,,,,,,,,,,,,,,,,,,,,,,,49.2891317,31.4447544,
08:19:37.187,,,,,,,,,363,,,,,,,,,,,,,,,,,,,,,,,,,,,,,,49.2891317,31.4447544,
08:19:37.235,,,,,,,,,,,3.777,,,,,,,,,,,,,,,,,,,,,,,,,,,,49.2891317,31.4447544,
08:19:37.270,,,,,,,,,,,,3.765,,,,,,,,,,,,,,,,,,,,,,,,,,,49.2891317,31.4447544,
08:19:37.307,17,,,,,,,,,,,,,,,,,,,,,,,,,,,,,,,,,,,,,,49.2891317,31.4447544,
08:19:37.355,,,15,,,,,,,,,,,,,,,,,,,,,,,,,,,,,,,,,,,,49.2891317,31.4447544,
08:19:37.390,,15,,,,,,,,,,,,,,,,,,,,,,,,,,,,,,,,,,,,,49.2891317,31.4447544,
08:19:37.425,,,,,25,,,,,,,,,,,,,,,,,,,,,,,,,,,,,,,,,,49.2891317,31.4447544,
08:19:37.450,,,,,,26,,,,,,,,,,,,,,,,,,,,,,,,,,,,,,,,,49.2891317,31.4447544,
08:19:37.486,,,,,,,24,,,,,,,,,,,,,,,,,,,,,,,,,,,,,,,,49.2891317,31.4447544,
08:19:37.522,,,,,,,,24,,,,,,,,,,,,,,,,,,,,,,,,,,,,,,,49.2891317,31.4447544,
08:19:37.570,,,,21,,,,,,,,,,,,,,,,,,,,,,,,,,,,,,,,,,,49.2891317,31.4447544,
08:19:37.643,,,,,,,,,,,,,,,,,,39,,,,,,,,,,,,,,,,,,,,,49.2891317,31.4447544,
08:19:37.678,,,,,,,,,,,,,,27,,,,,,,,,,,,,,,,,,,,,,,,,49.2891317,31.4447544,
08:19:37.715,,,,,,,,,,,,,,,,,-33,,,,,,,,,,,,,,,,,,,,,,49.2891317,31.4447544,
08:19:37.754,,,,,,,,,,,,,55,,,,,,,,,,,,,,,,,,,,,,,,,,49.2891317,31.4447544,
08:19:37.801,,,,,,,,,,,,,,,,,,,,,,147,,,,,,,,,,,25.3,,,,22.9,,49.2891284,31.4448467,
08:19:37.802,,,,,,,,,,,,,,,-2272,-0.14,,,,,,,,,,,,,,,,,,,,,,,49.2891284,31.4448467,
08:19:37.849,,,,,,,,,,,,,,,,,,,23,,,,,,,,,,,,,,,,,,,,49.2891284,31.4448467,
08:19:37.909,,,,,,,,,,,,,,,,,,,,,,,,,,,,,,0,,,,,,,,,49.2891284,31.4448467,
08:19:37.958,,,,,,,,,,,,,,,,,,,,,,,,,,,,,,,,,,,66,,,,49.2891284,31.4448467,
08:19:38.007,,,,,,,,,,,,,,,,,,,,,,,0,0,,,,,,,,,,,,,,,49.2891284,31.4448467,
08:19:38.054,,,,,,,,,,,,,,,,,,,,0,,,,,,,,,,,,,,,,,,,49.2891284,31.4448467,
08:19:38.091,,,,,,,,,,,,,,,,,,,,,,,,,,,,,,,,,,47,,,,,49.2891284,31.4448467,
08:19:38.137,,,,,,,,,,,,,,,,,,,,,,,,,-0.06322240520463156,2.79,2.79,95.82,5926.3,,,26.6,,,,,,22,49.2891284,31.4448467,
08:19:38.199,,,,,,,,,,,,,,,,,,,,,,,,,,,,,,,-0.01,,,,,99,,,49.2891284,31.4448467,
08:19:38.282,,,,,,,,,,63.5,,,,,,,,,,,,,,,,,,,,,,,,,,,,,49.2891284,31.4448467,
08:19:38.331,,,,,,,,,361.8,,,,,,,,,,,,,,,,,,,,,,,,,,,,,,49.2891284,31.4448467,
08:19:38.366,,,,,,,,,,,3.775,,,,,,,,,,,,,,,,,,,,,,,,,,,,49.2891284,31.4448467,
08:19:38.415,,,,,,,,,,,,3.768,,,,,,,,,,,,,,,,,,,,,,,,,,,49.2891284,31.4448467,
08:19:38.450,18,,,,,,,,,,,,,,,,,,,,,,,,,,,,,,,,,,,,,,49.2891284,31.4448467,
08:19:38.485,,,19,,,,,,,,,,,,,,,,,,,,,,,,,,,,,,,,,,,,49.2891284,31.4448467,
08:19:38.534,,20,,,,,,,,,,,,,,,,,,,,,,,,,,,,,,,,,,,,,49.2891284,31.4448467,
08:19:38.571,,,,,26,,,,,,,,,,,,,,,,,,,,,,,,,,,,,,,,,,49.2891284,31.4448467,
08:19:38.618,,,,,,26,,,,,,,,,,,,,,,,,,,,,,,,,,,,,,,,,49.2891284,31.4448467,
08:19:38.665,,,,,,,24,,,,,,,,,,,,,,,,,,,,,,,,,,,,,,,,49.2891284,31.4448467,
08:19:38.702,,,,,,,,24,,,,,,,,,,,,,,,,,,,,,,,,,,,,,,,49.2891284,31.4448467,
08:19:38.739,,,,21,,,,,,,,,,,,,,,,,,,,,,,,,,,,,,,,,,,49.2891284,31.4448467,
08:19:38.801,,,,,,,,,,,,,,,,,,,,,,147,,,,,,,,,,,25.3,,,,21.1,,49.289124,31.4449305,
08:19:38.811,,,,,,,,,,,,,,,,,,39,,,,,,,,,,,,,,,,,,,,,49.289124,31.4449305,
08:19:38.846,,,,,,,,,,,,,,27,,,,,,,,,,,,,,,,,,,,,,,,,49.289124,31.4449305,
08:19:38.883,,,,,,,,,,,,,,,,,-67,,,,,,,,,,,,,,,,,,,,,,49.289124,31.4449305,
08:19:38.917,,,,,,,,,,,,,55,,,,,,,,,,,,,,,,,,,,,,,,,,49.289124,31.4449305,
08:19:38.954,,,,,,,,,,,,,,,-4384,-0.28,,,,,,,,,,,,,,,,,,,,,,,49.289124,31.4449305,
08:19:39.003,,,,,,,,,,,,,,,,,,,20,,,,,,,,,,,,,,,,,,,,49.289124,31.4449305,
08:19:39.062,,,,,,,,,,,,,,,,,,,,,,,,,,,,,,0,,,,,,,,,49.289124,31.4449305,
08:19:39.110,,,,,,,,,,,,,,,,,,,,,,,0,0,,,,,,,,,,,,,,,49.289124,31.4449305,
08:19:39.146,,,,,,,,,,,,,,,,,,,,0,,,,,,,,,,,,,,,,,,,49.289124,31.4449305,
08:19:39.206,,,,,,,,,,,,,,,,,,,,,,,,,,,,,,,,,,47,,,,,49.289124,31.4449305,
08:19:39.279,,,,,,,,,,,,,,,,,,,,,,,,,-0.06934070248249913,2.8,2.8,95.83,5926.3,,,26.6,,,,,,19,49.289124,31.4449305,
08:19:39.339,,,,,,,,,,,,,,,,,,,,,,,,,,,,,,,-0.01,,,,,99,,,49.289124,31.4449305,
08:19:39.423,,,,,,,,,,63.5,,,,,,,,,,,,,,,,,,,,,,,,,,,,,49.289124,31.4449305,
08:19:39.494,,,,,,,,,361.3,,,,,,,,,,,,,,,,,,,,,,,,,,,,,,49.289124,31.4449305,
08:19:39.577,,,,,,,,,,,3.772,,,,,,,,,,,,,,,,,,,,,,,,,,,,49.289124,31.4449305,
08:19:39.639,,,,,,,,,,,,3.762,,,,,,,,,,,,,,,,,,,,,,,,,,,49.289124,31.4449305,
08:19:39.686,9,,,,,,,,,,,,,,,,,,,,,,,,,,,,,,,,,,,,,,49.289124,31.4449305,
08:19:39.723,,,8,,,,,,,,,,,,,,,,,,,,,,,,,,,,,,,,,,,,49.289124,31.4449305,
08:19:39.770,,8,,,,,,,,,,,,,,,,,,,,,,,,,,,,,,,,,,,,,49.289124,31.4449305,
08:19:39.804,,,,,,,,,,,,,,,,,,,,,,147,,,,,,,,,,,25.2,,,,18.2,,49.289116,31.4450047,
08:19:39.806,,,,,26,,,,,,,,,,,,,,,,,,,,,,,,,,,,,,,,,,49.289116,31.4450047,
08:19:39.841,,,,,,26,,,,,,,,,,,,,,,,,,,,,,,,,,,,,,,,,49.289116,31.4450047,
08:19:39.866,,,,,,,24,,,,,,,,,,,,,,,,,,,,,,,,,,,,,,,,49.289116,31.4450047,
08:19:39.902,,,,,,,,24,,,,,,,,,,,,,,,,,,,,,,,,,,,,,,,49.289116,31.4450047,
08:19:39.938,,,,21,,,,,,,,,,,,,,,,,,,,,,,,,,,,,,,,,,,49.289116,31.4450047,
08:19:40.010,,,,,,,,,,,,,,,,,,39,,,,,,,,,,,,,,,,,,,,,49.289116,31.4450047,
08:19:40.058,,,,,,,,,,,,,,27,,,,,,,,,,,,,,,,,,,,,,,,,49.289116,31.4450047,
08:19:40.105,,,,,,,,,,,,,,,,,-4,,,,,,,,,,,,,,,,,,,,,,49.289116,31.4450047,
08:19:40.142,,,,,,,,,,,,,55,,,,,,,,,,,,,,,,,,,,,,,,,,49.289116,31.4450047,
08:19:40.203,,,,,,,,,,,,,,,-32,-0.02,,,,,,,,,,,,,,,,,,,,,,,49.289116,31.4450047,
08:19:40.250,,,,,,,,,,,,,,,,,,,18,,,,,,,,,,,,,,,,,,,,49.289116,31.4450047,
08:19:40.323,,,,,,,,,,,,,,,,,,,,,,,,,,,,,,0,,,,,,,,,49.289116,31.4450047,
08:19:40.371,,,,,,,,,,,,,,,,,,,,,,,,,,,,,,,,,,,66,,,,49.289116,31.4450047,
08:19:40.405,,,,,,,,,,,,,,,,,,,,,,,0,0,,,,,,,,,,,,,,,49.289116,31.4450047,
08:19:40.442,,,,,,,,,,,,,,,,,,,,0,,,,,,,,,,,,,,,,,,,49.289116,31.4450047,
08:19:40.489,,,,,,,,,,,,,,,,,,,,,,,,,,,,,,,,,,47,,,,,49.289116,31.4450047,
08:19:40.539,,,,,,,,,,,,,,,,,,,,,,,,,-0.05302524307485228,2.8,2.8,95.83,5926.31,,,26.6,,,,,,18,49.289116,31.4450047,
08:19:40.610,,,,,,,,,,,,,,,,,,,,,,,,,,,,,,,-0.01,,,,,99,,,49.289116,31.4450047,
08:19:40.682,,,,,,,,,,63.5,,,,,,,,,,,,,,,,,,,,,,,,,,,,,49.289116,31.4450047,
08:19:40.730,,,,,,,,,358.7,,,,,,,,,,,,,,,,,,,,,,,,,,,,,,49.289116,31.4450047,
08:19:40.766,,,,,,,,,,,3.749,,,,,,,,,,,,,,,,,,,,,,,,,,,,49.289116,31.4450047,
08:19:40.803,,,,,,,,,,,,3.739,,,,,,,,,,,,,,,,,,,,,,,,,,,49.2891148,31.4450773,
08:19:40.839,-8,,,,,,,,,,,,,,,,,,,,,,,,,,,,,,,,,,,,,,49.2891148,31.4450773,
08:19:40.885,,,-9,,,,,,,,,,,,,,,,,,,,,,,,,,,,,,,,,,,,49.2891148,31.4450773,
08:19:40.922,,-9,,,,,,,,,,,,,,,,,,,,,,,,,,,,,,,,,,,,,49.2891148,31.4450773,
08:19:40.958,,,,,26,,,,,,,,,,,,,,,,,,,,,,,,,,,,,,,,,,49.2891148,31.4450773,
08:19:40.995,,,,,,26,,,,,,,,,,,,,,,,,,,,,,,,,,,,,,,,,49.2891148,31.4450773,
08:19:41.031,,,,,,,24,,,,,,,,,,,,,,,,,,,,,,,,,,,,,,,,49.2891148,31.4450773,
08:19:41.066,,,,,,,,24,,,,,,,,,,,,,,,,,,,,,,,,,,,,,,,49.2891148,31.4450773,
08:19:41.103,,,,21,,,,,,,,,,,,,,,,,,,,,,,,,,,,,,,,,,,49.2891148,31.4450773,
08:19:41.163,,,,,,,,,,,,,,,,,,39,,,,,,,,,,,,,,,,,,,,,49.2891148,31.4450773,
08:19:41.209,,,,,,,,,,,,,,27,,,,,,,,,,,,,,,,,,,,,,,,,49.2891148,31.4450773,
08:19:41.245,,,,,,,,,,,,,,,,,31,,,,,,,,,,,,,,,,,,,,,,49.2891148,31.4450773,
08:19:41.281,,,,,,,,,,,,,55,,,,,,,,,,,,,,,,,,,,,,,,,,49.2891148,31.4450773,
08:19:41.317,,,,,,,,,,,,,,,1984,0.11,,,,,,,,,,,,,,,,,,,,,,,49.2891148,31.4450773,
08:19:41.343,,,,,,,,,,,,,,,,,,,19,,,,,,,,,,,,,,,,,,,,49.2891148,31.4450773,
08:19:41.402,,,,,,,,,,,,,,,,,,,,,,,,,,,,,,0,,,,,,,,,49.2891148,31.4450773,
08:19:41.438,,,,,,,,,,,,,,,,,,,,,,,0,0,,,,,,,,,,,,,,,49.2891148,31.4450773,
08:19:41.499,,,,,,,,,,,,,,,,,,,,0,,,,,,,,,,,,,,,,,,,49.2891148,31.4450773,
08:19:41.546,,,,,,,,,,,,,,,,,,,,,,,,,,,,,,,,,,47,,,,,49.2891148,31.4450773,
08:19:41.583,,,,,,,,,,,,,,,,,,,,,,,,,-0.03772949988018335,2.81,2.81,95.84,5926.31,,,26.5,,,,,,18,49.2891148,31.4450773,
08:19:41.618,,,,,,,,,,,,,,,,,,,,,,,,,,,,,,,-0.01,,,,,99,,,49.2891148,31.4450773,
08:19:41.690,,,,,,,,,,63.5,,,,,,,,,,,,,,,,,,,,,,,,,,,,,49.2891148,31.4450773,
08:19:41.726,,,,,,,,,357.6,,,,,,,,,,,,,,,,,,,,,,,,,,,,,,49.2891148,31.4450773,
08:19:41.763,,,,,,,,,,,3.739,,,,,,,,,,,,,,,,,,,,,,,,,,,,49.2891148,31.4450773,
08:19:41.798,,,,,,,,,,,,3.723,,,,,,,,,,,,,,,,,,,,,,,,,,,49.2891148,31.4450773,
08:19:41.805,,,,,,,,,,,,,,,,,,,,,,147,,,,,,,,,,,25.2,,,,19.4,,49.2891454,31.4451363,
08:19:41.846,-19,,,,,,,,,,,,,,,,,,,,,,,,,,,,,,,,,,,,,,49.2891454,31.4451363,
08:19:41.883,,,-18,,,,,,,,,,,,,,,,,,,,,,,,,,,,,,,,,,,,49.2891454,31.4451363,
08:19:41.917,,-18,,,,,,,,,,,,,,,,,,,,,,,,,,,,,,,,,,,,,49.2891454,31.4451363,
08:19:41.954,,,,,26,,,,,,,,,,,,,,,,,,,,,,,,,,,,,,,,,,49.2891454,31.4451363,
08:19:41.990,,,,,,26,,,,,,,,,,,,,,,,,,,,,,,,,,,,,,,,,49.2891454,31.4451363,
08:19:42.027,,,,,,,24,,,,,,,,,,,,,,,,,,,,,,,,,,,,,,,,49.2891454,31.4451363,
08:19:42.063,,,,,,,,24,,,,,,,,,,,,,,,,,,,,,,,,,,,,,,,49.2891454,31.4451363,
08:19:42.110,,,,21,,,,,,,,,,,,,,,,,,,,,,,,,,,,,,,,,,,49.2891454,31.4451363,
08:19:42.195,,,,,,,,,,,,,,,,,,39,,,,,,,,,,,,,,,,,,,,,49.2891454,31.4451363,
08:19:42.229,,,,,,,,,,,,,,27,,,,,,,,,,,,,,,,,,,,,,,,,49.2891454,31.4451363,
08:19:42.266,,,,,,,,,,,,,,,,,36,,,,,,,,,,,,,,,,,,,,,,49.2891454,31.4451363,
08:19:42.315,,,,,,,,,,,,,55,,,,,,,,,,,,,,,,,,,,,,,,,,49.2891454,31.4451363,
08:19:42.362,,,,,,,,,,,,,,,2432,0.14,,,,,,,,,,,,,,,,,,,,,,,49.2891454,31.4451363,
08:19:42.386,,,,,,,,,,,,,,,,,,,21,,,,,,,,,,,,,,,,,,,,49.2891454,31.4451363,
08:19:42.471,,,,,,,,,,,,,,,,,,,,,,,,,,,,,,0,,,,,,,,,49.2891454,31.4451363,
08:19:42.505,,,,,,,,,,,,,,,,,,,,,,,,,,,,,,,,,,,66,,,,49.2891454,31.4451363,
08:19:42.542,,,,,,,,,,,,,,,,,,,,,,,0,0,,,,,,,,,,,,,,,49.2891454,31.4451363,
08:19:42.603,,,,,,,,,,,,,,,,,,,,0,,,,,,,,,,,,,,,,,,,49.2891454,31.4451363,
08:19:42.699,,,,,,,,,,,,,,,,,,,,,,,,,,,,,,,,,,47,,,,,49.2891454,31.4451363,
08:19:42.770,,,,,,,,,,,,,,,,,,,,,,,,,,2.81,2.81,95.84,5926.32,,,26.5,,,,,,21,49.2891454,31.4451363,
08:19:42.807,,,,,,,,,,,,,,,,,,,,,,,,,,,,,,,0,,,,,100,,,49.2891799,31.4451991,
08:19:42.867,,,,,,,,,,63.5,,,,,,,,,,,,,,,,,,,,,,,,,,,,,49.2891799,31.4451991,
08:19:42.903,,,,,,,,,355.6,,,,,,,,,,,,,,,,,,,,,,,,,,,,,,49.2891799,31.4451991,
08:19:42.938,,,,,,,,,,,3.715,,,,,,,,,,,,,,,,,,,,,,,,,,,,49.2891799,31.4451991,
08:19:42.987,,,,,,,,,,,,3.7,,,,,,,,,,,,,,,,,,,,,,,,,,,49.2891799,31.4451991,
08:19:43.022,-40,,,,,,,,,,,,,,,,,,,,,,,,,,,,,,,,,,,,,,49.2891799,31.4451991,
08:19:43.059,,,-1600,,,,,,,,,,,,,,,,,,,,,,,,,,,,,,,,,,,,49.2891799,31.4451991,
08:19:43.105,,-44,,,,,,,,,,,,,,,,,,,,,,,,,,,,,,,,,,,,,49.2891799,31.4451991,
08:19:43.142,,,,,26,,,,,,,,,,,,,,,,,,,,,,,,,,,,,,,,,,49.2891799,31.4451991,
08:19:43.179,,,,,,26,,,,,,,,,,,,,,,,,,,,,,,,,,,,,,,,,49.2891799,31.4451991,
08:19:43.215,,,,,,,24,,,,,,,,,,,,,,,,,,,,,,,,,,,,,,,,49.2891799,31.4451991,
08:19:43.251,,,,,,,,24,,,,,,,,,,,,,,,,,,,,,,,,,,,,,,,49.2891799,31.4451991,
08:19:43.286,,,,21,,,,,,,,,,,,,,,,,,,,,,,,,,,,,,,,,,,49.2891799,31.4451991,
08:19:43.359,,,,,,,,,,,,,,,,,,39,,,,,,,,,,,,,,,,,,,,,49.2891799,31.4451991,
08:19:43.394,,,,,,,,,,,,,,27,,,,,,,,,,,,,,,,,,,,,,,,,49.2891799,31.4451991,
08:19:43.454,,,,,,,,,,,,,,,,,111,,,,,,,,,,,,,,,,,,,,,,49.2891799,31.4451991,
08:19:43.503,,,,,,,,,,,,,55,,,,,,,,,,,,,,,,,,,,,,,,,,49.2891799,31.4451991,
08:19:43.538,,,,,,,,,,,,,,,7232,0.44,,,,,,,,,,,,,,,,,,,,,,,49.2891799,31.4451991,
08:19:43.563,,,,,,,,,,,,,,,,,,,24,,,,,,,,,,,,,,,,,,,,49.2891799,31.4451991,
08:19:43.623,,,,,,,,,,,,,,,,,,,,,,,,,,,,,,0,,,,,,,,,49.2891799,31.4451991,
08:19:43.671,,,,,,,,,,,,,,,,,,,,,,,0,0,,,,,,,,,,,,,,,49.2891799,31.4451991,
08:19:43.706,,,,,,,,,,,,,,,,,,,,0,,,,,,,,,,,,,,,,,,,49.2891799,31.4451991,
08:19:43.743,,,,,,,,,,,,,,,,,,,,,,,,,,,,,,,,,,47,,,,,49.2891799,31.4451991,
08:19:43.790,,,,,,,,,,,,,,,,,,,,,,,,,,2.82,2.82,95.85,5926.33,,,26.5,,,,,,24,49.2891799,31.4451991,
08:19:43.801,,,,,,,,,,,,,,,,,,,,,,147,,,,,,,,,,,25.2,,,,26.2,,49.2892311,31.4452486,
08:19:43.826,,,,,,,,,,,,,,,,,,,,,,,,,,,,,,,0,,,,,100,,,49.2892311,31.4452486,
08:19:43.898,,,,,,,,,,63,,,,,,,,,,,,,,,,,,,,,,,,,,,,,49.2892311,31.4452486,
08:19:43.934,,,,,,,,,351,,,,,,,,,,,,,,,,,,,,,,,,,,,,,,49.2892311,31.4452486,
08:19:43.970,,,,,,,,,,,3.667,,,,,,,,,,,,,,,,,,,,,,,,,,,,49.2892311,31.4452486,
08:19:44.008,,,,,,,,,,,,3.652,,,,,,,,,,,,,,,,,,,,,,,,,,,49.2892311,31.4452486,
08:19:44.047,-63,,,,,,,,,,,,,,,,,,,,,,,,,,,,,,,,,,,,,,49.2892311,31.4452486,
08:19:44.082,,,-1600,,,,,,,,,,,,,,,,,,,,,,,,,,,,,,,,,,,,49.2892311,31.4452486,
08:19:44.118,,-63,,,,,,,,,,,,,,,,,,,,,,,,,,,,,,,,,,,,,49.2892311,31.4452486,
08:19:44.154,,,,,26,,,,,,,,,,,,,,,,,,,,,,,,,,,,,,,,,,49.2892311,31.4452486,
08:19:44.190,,,,,,26,,,,,,,,,,,,,,,,,,,,,,,,,,,,,,,,,49.2892311,31.4452486,
08:19:44.225,,,,,,,24,,,,,,,,,,,,,,,,,,,,,,,,,,,,,,,,49.2892311,31.4452486,
08:19:44.262,,,,,,,,24,,,,,,,,,,,,,,,,,,,,,,,,,,,,,,,49.2892311,31.4452486,
08:19:44.299,,,,21,,,,,,,,,,,,,,,,,,,,,,,,,,,,,,,,,,,49.2892311,31.4452486,
08:19:44.370,,,,,,,,,,,,,,,,,,39,,,,,,,,,,,,,,,,,,,,,49.2892311,31.4452486,
08:19:44.407,,,,,,,,,,,,,,27,,,,,,,,,,,,,,,,,,,,,,,,,49.2892311,31.4452486,
08:19:44.454,,,,,,,,,,,,,,,,,102,,,,,,,,,,,,,,,,,,,,,,49.2892311,31.4452486,
08:19:44.490,,,,,,,,,,,,,55,,,,,,,,,,,,,,,,,,,,,,,,,,49.2892311,31.4452486,
08:19:44.526,,,,,,,,,,,,,,,6464,0.39,,,,,,,,,,,,,,,,,,,,,,,49.2892311,31.4452486,
08:19:44.574,,,,,,,,,,,,,,,,,,,28,,,,,,,,,,,,,,,,,,,,49.2892311,31.4452486,
08:19:44.659,,,,,,,,,,,,,,,,,,,,,,,,,,,,,,0,,,,,,,,,49.2892311,31.4452486,
08:19:44.706,,,,,,,,,,,,,,,,,,,,,,,,,,,,,,,,,,,66,,,,49.2892311,31.4452486,
08:19:44.767,,,,,,,,,,,,,,,,,,,,,,,0,0,,,,,,,,,,,,,,,49.2892311,31.4452486,
08:19:44.805,,,,,,,,,,,,,,,,,,,,,,147,,,,,,,,,,,25.2,,,,29.4,,49.2892925,31.4452932,
08:19:44.814,,,,,,,,,,,,,,,,,,,,0,,,,,,,,,,,,,,,,,,,49.2892925,31.4452932,
08:19:44.850,,,,,,,,,,,,,,,,,,,,,,,,,,,,,,,,,,47,,,,,49.2892925,31.4452932,
08:19:44.899,,,,,,,,,,,,,,,,,,,,,,,,,0.06526183763058742,2.83,2.83,95.86,5926.34,,,26.5,,,,,,28,49.2892925,31.4452932,
08:19:44.933,,,,,,,,,,,,,,,,,,,,,,,,,,,,,,,-0.01,,,,,99,,,49.2892925,31.4452932,
08:19:45.007,,,,,,,,,,62.5,,,,,,,,,,,,,,,,,,,,,,,,,,,,,49.2892925,31.4452932,
08:19:45.066,,,,,,,,,349.4,,,,,,,,,,,,,,,,,,,,,,,,,,,,,,49.2892925,31.4452932,
08:19:45.103,,,,,,,,,,,3.657,,,,,,,,,,,,,,,,,,,,,,,,,,,,49.2892925,31.4452932,
08:19:45.139,,,,,,,,,,,,3.646,,,,,,,,,,,,,,,,,,,,,,,,,,,49.2892925,31.4452932,
08:19:45.175,-59,,,,,,,,,,,,,,,,,,,,,,,,,,,,,,,,,,,,,,49.2892925,31.4452932,
08:19:45.221,,,-1600,,,,,,,,,,,,,,,,,,,,,,,,,,,,,,,,,,,,49.2892925,31.4452932,
08:19:45.258,,-54,,,,,,,,,,,,,,,,,,,,,,,,,,,,,,,,,,,,,49.2892925,31.4452932,
08:19:45.293,,,,,26,,,,,,,,,,,,,,,,,,,,,,,,,,,,,,,,,,49.2892925,31.4452932,
08:19:45.330,,,,,,26,,,,,,,,,,,,,,,,,,,,,,,,,,,,,,,,,49.2892925,31.4452932,
08:19:45.367,,,,,,,24,,,,,,,,,,,,,,,,,,,,,,,,,,,,,,,,49.2892925,31.4452932,
08:19:45.402,,,,,,,,24,,,,,,,,,,,,,,,,,,,,,,,,,,,,,,,49.2892925,31.4452932,
08:19:45.437,,,,21,,,,,,,,,,,,,,,,,,,,,,,,,,,,,,,,,,,49.2892925,31.4452932,
08:19:45.510,,,,,,,,,,,,,,,,,,39,,,,,,,,,,,,,,,,,,,,,49.2892925,31.4452932,
08:19:45.546,,,,,,,,,,,,,,27,,,,,,,,,,,,,,,,,,,,,,,,,49.2892925,31.4452932,
08:19:45.594,,,,,,,,,,,,,,,,,48,,,,,,,,,,,,,,,,,,,,,,49.2892925,31.4452932,
08:19:45.631,,,,,,,,,,,,,53,,,,,,,,,,,,,,,,,,,,,,,,,,49.2892925,31.4452932,
08:19:45.665,,,,,,,,,,,,,,,3360,0.2,,,,,,,,,,,,,,,,,,,,,,,49.2892925,31.4452932,
08:19:45.739,,,,,,,,,,,,,,,,,,,31,,,,,,,,,,,,,,,,,,,,49.2892925,31.4452932,
08:19:45.801,,,,,,,,,,,,,,,,,,,,,,147,,,,,,,,,,,25.2,,,,33.3,,49.2893673,31.4453267,
08:19:45.906,,,,,,,,,,,,,,,,,,,,,,,,,,,,,,0,,,,,,,,,49.2893673,31.4453267,
08:19:45.954,,,,,,,,,,,,,,,,,,,,,,,0,0,,,,,,,,,,,,,,,49.2893673,31.4453267,
08:19:46.015,,,,,,,,,,,,,,,,,,,,0,,,,,,,,,,,,,,,,,,,49.2893673,31.4453267,
08:19:46.051,,,,,,,,,,,,,,,,,,,,,,,,,,,,,,,,,,47,,,,,49.2893673,31.4453267,
08:19:46.110,,,,,,,,,,,,,,,,,,,,,,,,,0.08157729703823427,2.84,2.84,95.87,5926.35,,,26.5,,,,,,31,49.2893673,31.4453267,
08:19:46.147,,,,,,,,,,,,,,,,,,,,,,,,,,,,,,,-0.01,,,,,99,,,49.2893673,31.4453267,
08:19:46.217,,,,,,,,,,,,,,,,,,,,,100,,,,,,,,,,,,,,,,,,49.2893673,31.4453267,
08:19:46.290,,,,,,,,,,62.5,,,,,,,,,,,,,,,,,,,,,,,,,,,,,49.2893673,31.4453267,
08:19:46.326,,,,,,,,,350.8,,,,,,,,,,,,,,,,,,,,,,,,,,,,,,49.2893673,31.4453267,
08:19:46.362,,,,,,,,,,,3.667,,,,,,,,,,,,,,,,,,,,,,,,,,,,49.2893673,31.4453267,
08:19:46.411,,,,,,,,,,,,3.653,,,,,,,,,,,,,,,,,,,,,,,,,,,49.2893673,31.4453267,
08:19:46.446,-48,,,,,,,,,,,,,,,,,,,,,,,,,,,,,,,,,,,,,,49.2893673,31.4453267,
08:19:46.482,,,-1600,,,,,,,,,,,,,,,,,,,,,,,,,,,,,,,,,,,,49.2893673,31.4453267,
08:19:46.519,,-48,,,,,,,,,,,,,,,,,,,,,,,,,,,,,,,,,,,,,49.2893673,31.4453267,
08:19:46.567,,,,,26,,,,,,,,,,,,,,,,,,,,,,,,,,,,,,,,,,49.2893673,31.4453267,
08:19:46.603,,,,,,26,,,,,,,,,,,,,,,,,,,,,,,,,,,,,,,,,49.2893673,31.4453267,
08:19:46.639,,,,,,,24,,,,,,,,,,,,,,,,,,,,,,,,,,,,,,,,49.2893673,31.4453267,
08:19:46.673,,,,,,,,24,,,,,,,,,,,,,,,,,,,,,,,,,,,,,,,49.2893673,31.4453267,
08:19:46.711,,,,21,,,,,,,,,,,,,,,,,,,,,,,,,,,,,,,,,,,49.2893673,31.4453267,
08:19:46.770,,,,,,,,,,,,,,,,,,39,,,,,,,,,,,,,,,,,,,,,49.2893673,31.4453267,
08:19:46.800,,,,,,,,,,,,,,,,,,,,,,147,,,,,,,,,,,25.3,,,,34.1,,49.2894478,31.4453471,
08:19:46.807,,,,,,,,,,,,,,27,,,,,,,,,,,,,,,,,,,,,,,,,49.2894478,31.4453471,
08:19:46.830,,,,,,,,,,,,,,,,,62,,,,,,,,,,,,,,,,,,,,,,49.2894478,31.4453471,
08:19:46.866,,,,,,,,,,,,,53,,,,,,,,,,,,,,,,,,,,,,,,,,49.2894478,31.4453471,
08:19:46.913,,,,,,,,,,,,,,,3936,0.23,,,,,,,,,,,,,,,,,,,,,,,49.2894478,31.4453471,
08:19:46.950,,,,,,,,,,,,,,,,,,,34,,,,,,,,,,,,,,,,,,,,49.2894478,31.4453471,
08:19:47.011,,,,,,,,,,,,,,,,,,,,,,,,,,,,,,0,,,,,,,,,49.2894478,31.4453471,
08:19:47.058,,,,,,,,,,,,,,,,,,,,,,,,,,,,,,,,,,,66,,,,49.2894478,31.4453471,
08:19:47.107,,,,,,,,,,,,,,,,,,,,,,,0,0,,,,,,,,,,,,,,,49.2894478,31.4453471,
08:19:47.143,,,,,,,,,,,,,,,,,,,,0,,,,,,,,,,,,,,,,,,,49.2894478,31.4453471,
08:19:47.179,,,,,,,,,,,,,,,,,,,,,,,,,,,,,,,,,,47,,,,,49.2894478,31.4453471,
08:19:47.239,,,,,,,,,,,,,,,,,,,,,,,,,0.0825970132512122,2.85,2.85,95.88,5926.36,,,26.6,,,,,,34,49.2894478,31.4453471,
08:19:47.286,,,,,,,,,,,,,,,,,,,,,,,,,,,,,,,-0.01,,,,,99,,,49.2894478,31.4453471,
08:19:47.358,,,,,,,,,,62,,,,,,,,,,,,,,,,,,,,,,,,,,,,,49.2894478,31.4453471,
08:19:47.418,,,,,,,,,351.5,,,,,,,,,,,,,,,,,,,,,,,,,,,,,,49.2894478,31.4453471,
08:19:47.454,,,,,,,,,,,3.662,,,,,,,,,,,,,,,,,,,,,,,,,,,,49.2894478,31.4453471,
08:19:47.491,,,,,,,,,,,,3.645,,,,,,,,,,,,,,,,,,,,,,,,,,,49.2894478,31.4453471,
08:19:47.526,-47,,,,,,,,,,,,,,,,,,,,,,,,,,,,,,,,,,,,,,49.2894478,31.4453471,
08:19:47.562,,,-1600,,,,,,,,,,,,,,,,,,,,,,,,,,,,,,,,,,,,49.2894478,31.4453471,
08:19:47.598,,-50,,,,,,,,,,,,,,,,,,,,,,,,,,,,,,,,,,,,,49.2894478,31.4453471,
08:19:47.646,,,,,26,,,,,,,,,,,,,,,,,,,,,,,,,,,,,,,,,,49.2894478,31.4453471,
08:19:47.683,,,,,,26,,,,,,,,,,,,,,,,,,,,,,,,,,,,,,,,,49.2894478,31.4453471,
08:19:47.731,,,,,,,24,,,,,,,,,,,,,,,,,,,,,,,,,,,,,,,,49.2894478,31.4453471,
08:19:47.766,,,,,,,,24,,,,,,,,,,,,,,,,,,,,,,,,,,,,,,,49.2894478,31.4453471,
08:19:47.799,,,,,,,,,,,,,,,,,,,,,,147,,,,,,,,,,,25.3,,,,35.4,,49.2895354,31.4453685,
08:19:47.803,,,,21,,,,,,,,,,,,,,,,,,,,,,,,,,,,,,,,,,,49.2895354,31.4453685,
08:19:47.898,,,,,,,,,,,,,,,,,,39,,,,,,,,,,,,,,,,,,,,,49.2895354,31.4453685,
08:19:47.934,,,,,,,,,,,,,,27,,,,,,,,,,,,,,,,,,,,,,,,,49.2895354,31.4453685,
08:19:47.994,,,,,,,,,,,,,,,,,65,,,,,,,,,,,,,,,,,,,,,,49.2895354,31.4453685,
08:19:48.055,,,,,,,,,,,,,53,,,,,,,,,,,,,,,,,,,,,,,,,,49.2895354,31.4453685,
08:19:48.115,,,,,,,,,,,,,,,3968,0.23,,,,,,,,,,,,,,,,,,,,,,,49.2895354,31.4453685,
08:19:48.186,,,,,,,,,,,,,,,,,,,36,,,,,,,,,,,,,,,,,,,,49.2895354,31.4453685,
08:19:48.293,,,,,,,,,,,,,,,,,,,,,,,,,,,,,,0,,,,,,,,,49.2895354,31.4453685,
08:19:48.354,,,,,,,,,,,,,,,,,,,,,,,0,0,,,,,,,,,,,,,,,49.2895354,31.4453685,
08:19:48.427,,,,,,,,,,,,,,,,,,,,0,,,,,,,,,,,,,,,,,,,49.2895354,31.4453685,
08:19:48.475,,,,,,,,,,,,,,,,,,,,,,,,,,,,,,,,,,47,,,,,49.2895354,31.4453685,
08:19:48.547,,,,,,,,,,,,,,,,,,,,,,,,,0.06526183763058742,2.86,2.86,95.89,5926.37,,,26.6,,,,,,35,49.2895354,31.4453685,
08:19:48.606,,,,,,,,,,,,,,,,,,,,,,,,,,,,,,,-0.01,,,,,99,,,49.2895354,31.4453685,
08:19:48.714,,,,,,,,,,61.5,,,,,,,,,,,,,,,,,,,,,,,,,,,,,49.2895354,31.4453685,
08:19:48.787,,,,,,,,,349.7,,,,,,,,,,,,,,,,,,,,,,,,,,,,,,49.2895354,31.4453685,
08:19:48.800,,,,,,,,,,,,,,,,,,,,,,147,,,,,,,,,,,25.3,,,,37,,49.289624,31.4453883,
08:19:48.822,,,,,,,,,,,3.653,,,,,,,,,,,,,,,,,,,,,,,,,,,,49.289624,31.4453883,
08:19:48.871,,,,,,,,,,,,3.64,,,,,,,,,,,,,,,,,,,,,,,,,,,49.289624,31.4453883,
08:19:48.942,-49,,,,,,,,,,,,,,,,,,,,,,,,,,,,,,,,,,,,,,49.289624,31.4453883,
08:19:49.018,,,-1600,,,,,,,,,,,,,,,,,,,,,,,,,,,,,,,,,,,,49.289624,31.4453883,
08:19:49.102,,-51,,,,,,,,,,,,,,,,,,,,,,,,,,,,,,,,,,,,,49.289624,31.4453883,
08:19:49.138,,,,,26,,,,,,,,,,,,,,,,,,,,,,,,,,,,,,,,,,49.289624,31.4453883,
08:19:49.174,,,,,,26,,,,,,,,,,,,,,,,,,,,,,,,,,,,,,,,,49.289624,31.4453883,
08:19:49.211,,,,,,,24,,,,,,,,,,,,,,,,,,,,,,,,,,,,,,,,49.289624,31.4453883,
08:19:49.246,,,,,,,,24,,,,,,,,,,,,,,,,,,,,,,,,,,,,,,,49.289624,31.4453883,
08:19:49.282,,,,21,,,,,,,,,,,,,,,,,,,,,,,,,,,,,,,,,,,49.289624,31.4453883,
08:19:49.355,,,,,,,,,,,,,,,,,,39,,,,,,,,,,,,,,,,,,,,,49.289624,31.4453883,
08:19:49.390,,,,,,,,,,,,,,27,,,,,,,,,,,,,,,,,,,,,,,,,49.289624,31.4453883,
08:19:49.438,,,,,,,,,,,,,,,,,58,,,,,,,,,,,,,,,,,,,,,,49.289624,31.4453883,
08:19:49.487,,,,,,,,,,,,,51,,,,,,,,,,,,,,,,,,,,,,,,,,49.289624,31.4453883,
08:19:49.522,,,,,,,,,,,,,,,3360,0.2,,,,,,,,,,,,,,,,,,,,,,,49.289624,31.4453883,
08:19:49.558,,,,,,,,,,,,,,,,,,,38,,,,,,,,,,,,,,,,,,,,49.289624,31.4453883,
08:19:49.630,,,,,,,,,,,,,,,,,,,,,,,,,,,,,,0,,,,,,,,,49.289624,31.4453883,
08:19:49.678,,,,,,,,,,,,,,,,,,,,,,,,,,,,,,,,,,,66,,,,49.289624,31.4453883,
08:19:49.727,,,,,,,,,,,,,,,,,,,,,,,0,0,,,,,,,,,,,,,,,49.289624,31.4453883,
08:19:49.773,,,,,,,,,,,,,,,,,,,,0,,,,,,,,,,,,,,,,,,,49.289624,31.4453883,
08:19:49.804,,,,,,,,,,,,,,,,,,,,,,147,,,,,,,,,,,25.3,,,,37.9,,49.289714,31.4454014,
08:19:49.823,,,,,,,,,,,,,,,,,,,,,,,,,,,,,,,,,,47,,,,,49.289714,31.4454014,
08:19:49.857,,,,,,,,,,,,,,,,,,,,,,,,,0.050985810648896415,2.88,2.88,95.91,5926.38,,,26.6,,,,,,37,49.289714,31.4454014,
08:19:49.907,,,,,,,,,,,,,,,,,,,,,,,,,,,,,,,-0.01,,,,,99,,,49.289714,31.4454014,
08:19:49.955,,,,,,,,,,61.5,,,,,,,,,,,,,,,,,,,,,,,,,,,,,49.289714,31.4454014,
08:19:50.003,,,,,,,,,350.7,,,,,,,,,,,,,,,,,,,,,,,,,,,,,,49.289714,31.4454014,
08:19:50.050,,,,,,,,,,,3.662,,,,,,,,,,,,,,,,,,,,,,,,,,,,49.289714,31.4454014,
08:19:50.098,,,,,,,,,,,,3.651,,,,,,,,,,,,,,,,,,,,,,,,,,,49.289714,31.4454014,
08:19:50.134,-32,,,,,,,,,,,,,,,,,,,,,,,,,,,,,,,,,,,,,,49.289714,31.4454014,
08:19:50.169,,,-1600,,,,,,,,,,,,,,,,,,,,,,,,,,,,,,,,,,,,49.289714,31.4454014,
08:19:50.206,,-32,,,,,,,,,,,,,,,,,,,,,,,,,,,,,,,,,,,,,49.289714,31.4454014,
08:19:50.242,,,,,26,,,,,,,,,,,,,,,,,,,,,,,,,,,,,,,,,,49.289714,31.4454014,
08:19:50.279,,,,,,26,,,,,,,,,,,,,,,,,,,,,,,,,,,,,,,,,49.289714,31.4454014,
08:19:50.326,,,,,,,24,,,,,,,,,,,,,,,,,,,,,,,,,,,,,,,,49.289714,31.4454014,
08:19:50.363,,,,,,,,24,,,,,,,,,,,,,,,,,,,,,,,,,,,,,,,49.289714,31.4454014,
08:19:50.398,,,,21,,,,,,,,,,,,,,,,,,,,,,,,,,,,,,,,,,,49.289714,31.4454014,
08:19:50.446,,,,,,,,,,,,,,,,,,40,,,,,,,,,,,,,,,,,,,,,49.289714,31.4454014,
08:19:50.482,,,,,,,,,,,,,,27,,,,,,,,,,,,,,,,,,,,,,,,,49.289714,31.4454014,
08:19:50.518,,,,,,,,,,,,,,,,,39,,,,,,,,,,,,,,,,,,,,,,49.289714,31.4454014,
08:19:50.567,,,,,,,,,,,,,51,,,,,,,,,,,,,,,,,,,,,,,,,,49.289714,31.4454014,
08:19:50.602,,,,,,,,,,,,,,,2304,0.14,,,,,,,,,,,,,,,,,,,,,,,49.289714,31.4454014,
08:19:50.651,,,,,,,,,,,,,,,,,,,38,,,,,,,,,,,,,,,,,,,,49.289714,31.4454014,
08:19:50.711,,,,,,,,,,,,,,,,,,,,,,,,,,,,,,0,,,,,,,,,49.289714,31.4454014,
08:19:50.758,,,,,,,,,,,,,,,,,,,,,,,0,0,,,,,,,,,,,,,,,49.289714,31.4454014,
08:19:50.801,,,,,,,,,,,,,,,,,,,,,,147,,,,,,,,,,,25.4,,,,38.4,,49.2898093,31.4454158,
08:19:50.807,,,,,,,,,,,,,,,,,,,,0,,,,,,,,,,,,,,,,,,,49.2898093,31.4454158,
08:19:50.854,,,,,,,,,,,,,,,,,,,,,,,,,,,,,,,,,,47,,,,,49.2898093,31.4454158,
08:19:50.903,,,,,,,,,,,,,,,,,,,,,,,,,0.03569006745422749,2.89,2.89,95.92,5926.39,,,26.6,,,,,,37,49.2898093,31.4454158,
08:19:50.939,,,,,,,,,,,,,,,,,,,,,,,,,,,,,,,-0.01,,,,,99,,,49.2898093,31.4454158,
08:19:51.011,,,,,,,,,,61,,,,,,,,,,,,,,,,,,,,,,,,,,,,,49.2898093,31.4454158,
08:19:51.046,,,,,,,,,349.4,,,,,,,,,,,,,,,,,,,,,,,,,,,,,,49.2898093,31.4454158,
08:19:51.118,,,,,,,,,,,3.656,,,,,,,,,,,,,,,,,,,,,,,,,,,,49.2898093,31.4454158,
08:19:51.155,,,,,,,,,,,,3.643,,,,,,,,,,,,,,,,,,,,,,,,,,,49.2898093,31.4454158,
08:19:51.191,-40,,,,,,,,,,,,,,,,,,,,,,,,,,,,,,,,,,,,,,49.2898093,31.4454158,
08:19:51.228,,,-1600,,,,,,,,,,,,,,,,,,,,,,,,,,,,,,,,,,,,49.2898093,31.4454158,
08:19:51.276,,-40,,,,,,,,,,,,,,,,,,,,,,,,,,,,,,,,,,,,,49.2898093,31.4454158,
08:19:51.314,,,,,26,,,,,,,,,,,,,,,,,,,,,,,,,,,,,,,,,,49.2898093,31.4454158,
08:19:51.351,,,,,,26,,,,,,,,,,,,,,,,,,,,,,,,,,,,,,,,,49.2898093,31.4454158,
08:19:51.386,,,,,,,24,,,,,,,,,,,,,,,,,,,,,,,,,,,,,,,,49.2898093,31.4454158,
08:19:51.410,,,,,,,,24,,,,,,,,,,,,,,,,,,,,,,,,,,,,,,,49.2898093,31.4454158,
08:19:51.458,,,,21,,,,,,,,,,,,,,,,,,,,,,,,,,,,,,,,,,,49.2898093,31.4454158,
08:19:51.531,,,,,,,,,,,,,,,,,,40,,,,,,,,,,,,,,,,,,,,,49.2898093,31.4454158,
08:19:51.578,,,,,,,,,,,,,,27,,,,,,,,,,,,,,,,,,,,,,,,,49.2898093,31.4454158,
08:19:51.625,,,,,,,,,,,,,,,,,46,,,,,,,,,,,,,,,,,,,,,,49.2898093,31.4454158,
08:19:51.663,,,,,,,,,,,,,51,,,,,,,,,,,,,,,,,,,,,,,,,,49.2898093,31.4454158,
08:19:51.699,,,,,,,,,,,,,,,2880,0.17,,,,,,,,,,,,,,,,,,,,,,,49.2898093,31.4454158,
08:19:51.733,,,,,,,,,,,,,,,,,,,38,,,,,,,,,,,,,,,,,,,,49.2898093,31.4454158,
08:19:51.801,,,,,,,,,,,,,,,,,,,,,,147,,,,,,,,,,,25.4,,,,38,,49.2899035,31.4454331,
08:19:51.806,,,,,,,,,,,,,,,,,,,,,,,,,,,,,,0,,,,,,,,,49.2899035,31.4454331,
08:19:51.842,,,,,,,,,,,,,,,,,,,,,,,,,,,,,,,,,,,66,,,,49.2899035,31.4454331,
08:19:51.879,,,,,,,,,,,,,,,,,,,,,,,0,0,,,,,,,,,,,,,,,49.2899035,31.4454331,
08:19:51.938,,,,,,,,,,,,,,,,,,,,0,,,,,,,,,,,,,,,,,,,49.2899035,31.4454331,
08:19:51.987,,,,,,,,,,,,,,,,,,,,,,,,,,,,,,,,,,47,,,,,49.2899035,31.4454331,
08:19:52.034,,,,,,,,,,,,,,,,,,,,,,,,,0.023453472898492353,2.9,2.9,95.93,5926.41,,,26.7,,,,,,38,49.2899035,31.4454331,
08:19:52.071,,,,,,,,,,,,,,,,,,,,,,,,,,,,,,,0,,,,,100,,,49.2899035,31.4454331,
08:19:52.239,,,,,,,,,,61,,,,,,,,,,,,,,,,,,,,,,,,,,,,,49.2899035,31.4454331,
08:19:52.273,,,,,,,,,350.7,,,,,,,,,,,,,,,,,,,,,,,,,,,,,,49.2899035,31.4454331,
08:19:52.311,,,,,,,,,,,3.659,,,,,,,,,,,,,,,,,,,,,,,,,,,,49.2899035,31.4454331,
08:19:52.346,,,,,,,,,,,,3.649,,,,,,,,,,,,,,,,,,,,,,,,,,,49.2899035,31.4454331,
08:19:52.393,-30,,,,,,,,,,,,,,,,,,,,,,,,,,,,,,,,,,,,,,49.2899035,31.4454331,
08:19:52.431,,,-27,,,,,,,,,,,,,,,,,,,,,,,,,,,,,,,,,,,,49.2899035,31.4454331,
08:19:52.465,,-28,,,,,,,,,,,,,,,,,,,,,,,,,,,,,,,,,,,,,49.2899035,31.4454331,
08:19:52.503,,,,,26,,,,,,,,,,,,,,,,,,,,,,,,,,,,,,,,,,49.2899035,31.4454331,
08:19:52.551,,,,,,26,,,,,,,,,,,,,,,,,,,,,,,,,,,,,,,,,49.2899035,31.4454331,
08:19:52.587,,,,,,,24,,,,,,,,,,,,,,,,,,,,,,,,,,,,,,,,49.2899035,31.4454331,
08:19:52.622,,,,,,,,24,,,,,,,,,,,,,,,,,,,,,,,,,,,,,,,49.2899035,31.4454331,
08:19:52.658,,,,21,,,,,,,,,,,,,,,,,,,,,,,,,,,,,,,,,,,49.2899035,31.4454331,
08:19:52.719,,,,,,,,,,,,,,,,,,40,,,,,,,,,,,,,,,,,,,,,49.2899035,31.4454331,
08:19:52.779,,,,,,,,,,,,,,27,,,,,,,,,,,,,,,,,,,,,,,,,49.2899035,31.4454331,
08:19:52.811,,,,,,,,,,,,,,,,,,,,,,147,,,,,,,,,,,25.4,,,,38,,49.2899982,31.4454549,
08:19:52.826,,,,,,,,,,,,,,,,,41,,,,,,,,,,,,,,,,,,,,,,49.2899982,31.4454549,
08:19:52.863,,,,,,,,,,,,,51,,,,,,,,,,,,,,,,,,,,,,,,,,49.2899982,31.4454549,
08:19:52.898,,,,,,,,,,,,,,,2944,0.17,,,,,,,,,,,,,,,,,,,,,,,49.2899982,31.4454549,
08:19:52.934,,,,,,,,,,,,,,,,,,,37,,,,,,,,,,,,,,,,,,,,49.2899982,31.4454549,
08:19:53.030,,,,,,,,,,,,,,,,,,,,,,,,,,,,,,0,,,,,,,,,49.2899982,31.4454549,
08:19:53.066,,,,,,,,,,,,,,,,,,,,,,,0,0,,,,,,,,,,,,,,,49.2899982,31.4454549,
08:19:53.102,,,,,,,,,,,,,,,,,,,,0,,,,,,,,,,,,,,,,,,,49.2899982,31.4454549,
08:19:53.151,,,,,,,,,,,,,,,,,,,,,,,,,,,,,,,,,,47,,,,,49.2899982,31.4454549,
08:19:53.186,,,,,,,,,,,,,,,,,,,,,,,,,,2.91,2.91,95.94,5926.42,,,26.7,,,,,,37,49.2899982,31.4454549,
08:19:53.234,,,,,,,,,,,,,,,,,,,,,,,,,,,,,,,-0.01,,,,,99,,,49.2899982,31.4454549,
08:19:53.294,,,,,,,,,,60.5,,,,,,,,,,,,,,,,,,,,,,,,,,,,,49.2899982,31.4454549,
08:19:53.331,,,,,,,,,350.3,,,,,,,,,,,,,,,,,,,,,,,,,,,,,,49.2899982,31.4454549,
08:19:53.367,,,,,,,,,,,3.656,,,,,,,,,,,,,,,,,,,,,,,,,,,,49.2899982,31.4454549,
08:19:53.415,,,,,,,,,,,,3.637,,,,,,,,,,,,,,,,,,,,,,,,,,,49.2899982,31.4454549,
08:19:53.462,-50,,,,,,,,,,,,,,,,,,,,,,,,,,,,,,,,,,,,,,49.2899982,31.4454549,
08:19:53.511,,,-1600,,,,,,,,,,,,,,,,,,,,,,,,,,,,,,,,,,,,49.2899982,31.4454549,
08:19:53.546,,-49,,,,,,,,,,,,,,,,,,,,,,,,,,,,,,,,,,,,,49.2899982,31.4454549,
08:19:53.583,,,,,26,,,,,,,,,,,,,,,,,,,,,,,,,,,,,,,,,,49.2899982,31.4454549,
08:19:53.630,,,,,,26,,,,,,,,,,,,,,,,,,,,,,,,,,,,,,,,,49.2899982,31.4454549,
08:19:53.666,,,,,,,24,,,,,,,,,,,,,,,,,,,,,,,,,,,,,,,,49.2899982,31.4454549,
08:19:53.713,,,,,,,,24,,,,,,,,,,,,,,,,,,,,,,,,,,,,,,,49.2899982,31.4454549,
08:19:53.762,,,,21,,,,,,,,,,,,,,,,,,,,,,,,,,,,,,,,,,,49.2899982,31.4454549,
08:19:53.806,,,,,,,,,,,,,,,,,,,,,,147,,,,,,,,,,,25.5,,,,37.2,,49.2900878,31.4454947,
08:19:53.823,,,,,,,,,,,,,,,,,,40,,,,,,,,,,,,,,,,,,,,,49.2900878,31.4454947,
08:19:53.869,,,,,,,,,,,,,,27,,,,,,,,,,,,,,,,,,,,,,,,,49.2900878,31.4454947,
08:19:53.907,,,,,,,,,,,,,,,,,51,,,,,,,,,,,,,,,,,,,,,,49.2900878,31.4454947,
08:19:53.954,,,,,,,,,,,,,49,,,,,,,,,,,,,,,,,,,,,,,,,,49.2900878,31.4454947,
08:19:53.990,,,,,,,,,,,,,,,3360,0.2,,,,,,,,,,,,,,,,,,,,,,,49.2900878,31.4454947,
08:19:54.026,,,,,,,,,,,,,,,,,,,37,,,,,,,,,,,,,,,,,,,,49.2900878,31.4454947,
08:19:54.098,,,,,,,,,,,,,,,,,,,,,,,,,,,,,,0,,,,,,,,,49.2900878,31.4454947,
08:19:54.147,,,,,,,,,,,,,,,,,,,,,,,,,,,,,,,,,,,66,,,,49.2900878,31.4454947,
08:19:54.194,,,,,,,,,,,,,,,,,,,,,,,0,0,,,,,,,,,,,,,,,49.2900878,31.4454947,
08:19:54.241,,,,,,,,,,,,,,,,,,,,0,,,,,,,,,,,,,,,,,,,49.2900878,31.4454947,
08:19:54.302,,,,,,,,,,,,,,,,,,,,,,,,,,,,,,,,,,47,,,,,49.2900878,31.4454947,
08:19:54.339,,,,,,,,,,,,,,,,,,,,,,,,,,2.92,2.92,95.95,5926.43,,,26.7,,,,,,36,49.2900878,31.4454947,
08:19:54.398,,,,,,,,,,,,,,,,,,,,,,,,,,,,,,,-0.01,,,,,99,,,49.2900878,31.4454947,
08:19:54.483,,,,,,,,,,60.5,,,,,,,,,,,,,,,,,,,,,,,,,,,,,49.2900878,31.4454947,
08:19:54.518,,,,,,,,,348.9,,,,,,,,,,,,,,,,,,,,,,,,,,,,,,49.2900878,31.4454947,
08:19:54.554,,,,,,,,,,,3.649,,,,,,,,,,,,,,,,,,,,,,,,,,,,49.2900878,31.4454947,
08:19:54.603,,,,,,,,,,,,3.638,,,,,,,,,,,,,,,,,,,,,,,,,,,49.2900878,31.4454947,
08:19:54.638,-38,,,,,,,,,,,,,,,,,,,,,,,,,,,,,,,,,,,,,,49.2900878,31.4454947,
08:19:54.675,,,-1600,,,,,,,,,,,,,,,,,,,,,,,,,,,,,,,,,,,,49.2900878,31.4454947,
08:19:54.735,,-38,,,,,,,,,,,,,,,,,,,,,,,,,,,,,,,,,,,,,49.2900878,31.4454947,
08:19:54.783,,,,,26,,,,,,,,,,,,,,,,,,,,,,,,,,,,,,,,,,49.2900878,31.4454947,
08:19:54.801,,,,,,,,,,,,,,,,,,,,,,147,,,,,,,,,,,25.5,,,,37,,49.2901734,31.4455469,
08:19:54.817,,,,,,26,,,,,,,,,,,,,,,,,,,,,,,,,,,,,,,,,49.2901734,31.4455469,
08:19:54.855,,,,,,,24,,,,,,,,,,,,,,,,,,,,,,,,,,,,,,,,49.2901734,31.4455469,
08:19:54.891,,,,,,,,24,,,,,,,,,,,,,,,,,,,,,,,,,,,,,,,49.2901734,31.4455469,
08:19:54.950,,,,21,,,,,,,,,,,,,,,,,,,,,,,,,,,,,,,,,,,49.2901734,31.4455469,
08:19:55.023,,,,,,,,,,,,,,,,,,40,,,,,,,,,,,,,,,,,,,,,49.2901734,31.4455469,
08:19:55.058,,,,,,,,,,,,,,27,,,,,,,,,,,,,,,,,,,,,,,,,49.2901734,31.4455469,
08:19:55.095,,,,,,,,,,,,,,,,,50,,,,,,,,,,,,,,,,,,,,,,49.2901734,31.4455469,
08:19:55.143,,,,,,,,,,,,,49,,,,,,,,,,,,,,,,,,,,,,,,,,49.2901734,31.4455469,
08:19:55.227,,,,,,,,,,,,,,,3168,0.19,,,,,,,,,,,,,,,,,,,,,,,49.2901734,31.4455469,
08:19:55.323,,,,,,,,,,,,,,,,,,,37,,,,,,,,,,,,,,,,,,,,49.2901734,31.4455469,
08:19:55.417,,,,,,,,,,,,,,,,,,,,,,,,,,,,,,0,,,,,,,,,49.2901734,31.4455469,
08:19:55.467,,,,,,,,,,,,,,,,,,,,,,,0,0,,,,,,,,,,,,,,,49.2901734,31.4455469,
08:19:55.527,,,,,,,,,,,,,,,,,,,,0,,,,,,,,,,,,,,,,,,,49.2901734,31.4455469,
08:19:55.574,,,,,,,,,,,,,,,,,,,,,,,,,,,,,,,,,,47,,,,,49.2901734,31.4455469,
08:19:55.610,,,,,,,,,,,,,,,,,,,,,,,,,,2.94,2.94,95.97,5926.44,,,26.8,,,,,,37,49.2901734,31.4455469,
08:19:55.670,,,,,,,,,,,,,,,,,,,,,,,,,,,,,,,-0.01,,,,,99,,,49.2901734,31.4455469,
08:19:55.743,,,,,,,,,,60,,,,,,,,,,,,,,,,,,,,,,,,,,,,,49.2901734,31.4455469,
08:19:55.791,,,,,,,,,346.3,,,,,,,,,,,,,,,,,,,,,,,,,,,,,,49.2901734,31.4455469,
08:19:55.804,,,,,,,,,,,,,,,,,,,,,,147,,,,,,,,,,,25.5,,,,37.8,,49.2902545,31.4456202,
08:19:55.830,,,,,,,,,,,3.62,,,,,,,,,,,,,,,,,,,,,,,,,,,,49.2902545,31.4456202,
08:19:55.865,,,,,,,,,,,,3.604,,,,,,,,,,,,,,,,,,,,,,,,,,,49.2902545,31.4456202,
08:19:55.903,-63,,,,,,,,,,,,,,,,,,,,,,,,,,,,,,,,,,,,,,49.2902545,31.4456202,
08:19:55.949,,,-1600,,,,,,,,,,,,,,,,,,,,,,,,,,,,,,,,,,,,49.2902545,31.4456202,
08:19:55.986,,-66,,,,,,,,,,,,,,,,,,,,,,,,,,,,,,,,,,,,,49.2902545,31.4456202,
08:19:56.011,,,,,26,,,,,,,,,,,,,,,,,,,,,,,,,,,,,,,,,,49.2902545,31.4456202,
08:19:56.047,,,,,,26,,,,,,,,,,,,,,,,,,,,,,,,,,,,,,,,,49.2902545,31.4456202,
08:19:56.106,,,,,,,24,,,,,,,,,,,,,,,,,,,,,,,,,,,,,,,,49.2902545,31.4456202,
08:19:56.143,,,,,,,,24,,,,,,,,,,,,,,,,,,,,,,,,,,,,,,,49.2902545,31.4456202,
08:19:56.179,,,,21,,,,,,,,,,,,,,,,,,,,,,,,,,,,,,,,,,,49.2902545,31.4456202,
08:19:56.251,,,,,,,,,,,,,,,,,,40,,,,,,,,,,,,,,,,,,,,,49.2902545,31.4456202,
08:19:56.285,,,,,,,,,,,,,,27,,,,,,,,,,,,,,,,,,,,,,,,,49.2902545,31.4456202,
08:19:56.322,,,,,,,,,,,,,,,,,72,,,,,,,,,,,,,,,,,,,,,,49.2902545,31.4456202,
08:19:56.358,,,,,,,,,,,,,49,,,,,,,,,,,,,,,,,,,,,,,,,,49.2902545,31.4456202,
08:19:56.406,,,,,,,,,,,,,,,4864,0.3,,,,,,,,,,,,,,,,,,,,,,,49.2902545,31.4456202,
08:19:56.442,,,,,,,,,,,,,,,,,,,40,,,,,,,,,,,,,,,,,,,,49.2902545,31.4456202,
08:19:56.502,,,,,,,,,,,,,,,,,,,,,,,,,,,,,,0,,,,,,,,,49.2902545,31.4456202,
08:19:56.538,,,,,,,,,,,,,,,,,,,,,,,,,,,,,,,,,,,65,,,,49.2902545,31.4456202,
08:19:56.611,,,,,,,,,,,,,,,,,,,,,,,0,0,,,,,,,,,,,,,,,49.2902545,31.4456202,
08:19:56.646,,,,,,,,,,,,,,,,,,,,0,,,,,,,,,,,,,,,,,,,49.2902545,31.4456202,
08:19:56.695,,,,,,,,,,,,,,,,,,,,,,,,,,,,,,,,,,47,,,,,49.2902545,31.4456202,
08:19:56.731,,,,,,,,,,,,,,,,,,,,,,,,,,2.95,2.95,95.98,5926.45,,,26.8,,,,,,39,49.2902545,31.4456202,
08:19:56.766,,,,,,,,,,,,,,,,,,,,,,,,,,,,,,,-0.01,,,,,99,,,49.2902545,31.4456202,
08:19:56.804,,,,,,,,,,,,,,,,,,,,,,147,,,,,,,,,,,25.6,,,,40.7,,49.2903318,31.4457073,
08:19:56.827,,,,,,,,,,60,,,,,,,,,,,,,,,,,,,,,,,,,,,,,49.2903318,31.4457073,
08:19:56.862,,,,,,,,,347.8,,,,,,,,,,,,,,,,,,,,,,,,,,,,,,49.2903318,31.4457073,
08:19:56.899,,,,,,,,,,,3.616,,,,,,,,,,,,,,,,,,,,,,,,,,,,49.2903318,31.4457073,
08:19:56.934,,,,,,,,,,,,3.603,,,,,,,,,,,,,,,,,,,,,,,,,,,49.2903318,31.4457073,
08:19:56.970,-54,,,,,,,,,,,,,,,,,,,,,,,,,,,,,,,,,,,,,,49.2903318,31.4457073,
08:19:56.994,,,-1600,,,,,,,,,,,,,,,,,,,,,,,,,,,,,,,,,,,,49.2903318,31.4457073,
08:19:57.031,,-54,,,,,,,,,,,,,,,,,,,,,,,,,,,,,,,,,,,,,49.2903318,31.4457073,
08:19:57.066,,,,,26,,,,,,,,,,,,,,,,,,,,,,,,,,,,,,,,,,49.2903318,31.4457073,
08:19:57.107,,,,,,26,,,,,,,,,,,,,,,,,,,,,,,,,,,,,,,,,49.2903318,31.4457073,
08:19:57.147,,,,,,,24,,,,,,,,,,,,,,,,,,,,,,,,,,,,,,,,49.2903318,31.4457073,
08:19:57.181,,,,,,,,24,,,,,,,,,,,,,,,,,,,,,,,,,,,,,,,49.2903318,31.4457073,
08:19:57.231,,,,21,,,,,,,,,,,,,,,,,,,,,,,,,,,,,,,,,,,49.2903318,31.4457073,
08:19:57.303,,,,,,,,,,,,,,,,,,40,,,,,,,,,,,,,,,,,,,,,49.2903318,31.4457073,
08:19:57.338,,,,,,,,,,,,,,27,,,,,,,,,,,,,,,,,,,,,,,,,49.2903318,31.4457073,
08:19:57.386,,,,,,,,,,,,,,,,,54,,,,,,,,,,,,,,,,,,,,,,49.2903318,31.4457073,
08:19:57.409,,,,,,,,,,,,,46,,,,,,,,,,,,,,,,,,,,,,,,,,49.2903318,31.4457073,
08:19:57.447,,,,,,,,,,,,,,,3072,0.19,,,,,,,,,,,,,,,,,,,,,,,49.2903318,31.4457073,
08:19:57.507,,,,,,,,,,,,,,,,,,,41,,,,,,,,,,,,,,,,,,,,49.2903318,31.4457073,
08:19:57.590,,,,,,,,,,,,,,,,,,,,,,,,,,,,,,0,,,,,,,,,49.2903318,31.4457073,
08:19:57.627,,,,,,,,,,,,,,,,,,,,,,,0,0,,,,,,,,,,,,,,,49.2903318,31.4457073,
08:19:57.699,,,,,,,,,,,,,,,,,,,,0,,,,,,,,,,,,,,,,,,,49.2903318,31.4457073,
08:19:57.735,,,,,,,,,,,,,,,,,,,,,,,,,,,,,,,,,,47,,,,,49.2903318,31.4457073,
08:19:57.771,,,,,,,,,,,,,,,,,,,,,,,,,,2.96,2.96,95.99,5926.47,,,26.8,,,,,,40,49.2903318,31.4457073,
08:19:57.802,,,,,,,,,,,,,,,,,,,,,,147,,,,,,,,,,,25.6,,,,42,,49.290415,31.4457989,
08:19:57.818,,,,,,,,,,,,,,,,,,,,,,,,,,,,,,,-0.01,,,,,99,,,49.290415,31.4457989,
08:19:57.890,,,,,,,,,,59.5,,,,,,,,,,,,,,,,,,,,,,,,,,,,,49.290415,31.4457989,
08:19:57.927,,,,,,,,,349.5,,,,,,,,,,,,,,,,,,,,,,,,,,,,,,49.290415,31.4457989,
08:19:57.973,,,,,,,,,,,3.653,,,,,,,,,,,,,,,,,,,,,,,,,,,,49.290415,31.4457989,
08:19:58.023,,,,,,,,,,,,3.647,,,,,,,,,,,,,,,,,,,,,,,,,,,49.290415,31.4457989,
08:19:58.059,-21,,,,,,,,,,,,,,,,,,,,,,,,,,,,,,,,,,,,,,49.290415,31.4457989,
08:19:58.094,,,-19,,,,,,,,,,,,,,,,,,,,,,,,,,,,,,,,,,,,49.290415,31.4457989,
08:19:58.143,,-23,,,,,,,,,,,,,,,,,,,,,,,,,,,,,,,,,,,,,49.290415,31.4457989,
08:19:58.179,,,,,26,,,,,,,,,,,,,,,,,,,,,,,,,,,,,,,,,,49.290415,31.4457989,
08:19:58.238,,,,,,26,,,,,,,,,,,,,,,,,,,,,,,,,,,,,,,,,49.290415,31.4457989,
08:19:58.311,,,,,,,24,,,,,,,,,,,,,,,,,,,,,,,,,,,,,,,,49.290415,31.4457989,
08:19:58.395,,,,,,,,24,,,,,,,,,,,,,,,,,,,,,,,,,,,,,,,49.290415,31.4457989,
08:19:58.431,,,,21,,,,,,,,,,,,,,,,,,,,,,,,,,,,,,,,,,,49.290415,31.4457989,
08:19:58.502,,,,,,,,,,,,,,,,,,40,,,,,,,,,,,,,,,,,,,,,49.290415,31.4457989,
08:19:58.537,,,,,,,,,,,,,,27,,,,,,,,,,,,,,,,,,,,,,,,,49.290415,31.4457989,
08:19:58.574,,,,,,,,,,,,,,,,,37,,,,,,,,,,,,,,,,,,,,,,49.290415,31.4457989,
08:19:58.611,,,,,,,,,,,,,46,,,,,,,,,,,,,,,,,,,,,,,,,,49.290415,31.4457989,
08:19:58.646,,,,,,,,,,,,,,,2752,0.16,,,,,,,,,,,,,,,,,,,,,,,49.290415,31.4457989,
08:19:58.706,,,,,,,,,,,,,,,,,,,41,,,,,,,,,,,,,,,,,,,,49.290415,31.4457989,
08:19:58.797,,,,,,,,,,,,,,,,,,,,,,,,,,,,,,0,,,,,,,,,49.290415,31.4457989,
08:19:58.807,,,,,,,,,,,,,,,,,,,,,,147,,,,,,,,,,,25.6,,,,41.4,,49.2905018,31.4458854,
08:19:58.835,,,,,,,,,,,,,,,,,,,,,,,,,,,,,,,,,,,65,,,,49.2905018,31.4458854,
08:19:58.870,,,,,,,,,,,,,,,,,,,,,,,0,0,,,,,,,,,,,,,,,49.2905018,31.4458854,
08:19:58.931,,,,,,,,,,,,,,,,,,,,0,,,,,,,,,,,,,,,,,,,49.2905018,31.4458854,
08:19:58.978,,,,,,,,,,,,,,,,,,,,,,,,,,,,,,,,,,47,,,,,49.2905018,31.4458854,
08:19:59.014,,,,,,,,,,,,,,,,,,,,,,,,,0.024473189111470277,2.97,2.97,96,5926.48,,,26.9,,,,,,40,49.2905018,31.4458854,
08:19:59.061,,,,,,,,,,,,,,,,,,,,,,,,,,,,,,,-0.01,,,,,99,,,49.2905018,31.4458854,
08:19:59.122,,,,,,,,,,59.5,,,,,,,,,,,,,,,,,,,,,,,,,,,,,49.2905018,31.4458854,
08:19:59.170,,,,,,,,,348.7,,,,,,,,,,,,,,,,,,,,,,,,,,,,,,49.2905018,31.4458854,
08:19:59.206,,,,,,,,,,,3.633,,,,,,,,,,,,,,,,,,,,,,,,,,,,49.2905018,31.4458854,
08:19:59.242,,,,,,,,,,,,3.62,,,,,,,,,,,,,,,,,,,,,,,,,,,49.2905018,31.4458854,
08:19:59.278,-43,,,,,,,,,,,,,,,,,,,,,,,,,,,,,,,,,,,,,,49.2905018,31.4458854,
08:19:59.314,,,-1600,,,,,,,,,,,,,,,,,,,,,,,,,,,,,,,,,,,,49.2905018,31.4458854,
08:19:59.351,,-46,,,,,,,,,,,,,,,,,,,,,,,,,,,,,,,,,,,,,49.2905018,31.4458854,
08:19:59.399,,,,,26,,,,,,,,,,,,,,,,,,,,,,,,,,,,,,,,,,49.2905018,31.4458854,
08:19:59.447,,,,,,26,,,,,,,,,,,,,,,,,,,,,,,,,,,,,,,,,49.2905018,31.4458854,
08:19:59.482,,,,,,,24,,,,,,,,,,,,,,,,,,,,,,,,,,,,,,,,49.2905018,31.4458854,
08:19:59.517,,,,,,,,24,,,,,,,,,,,,,,,,,,,,,,,,,,,,,,,49.2905018,31.4458854,
08:19:59.554,,,,21,,,,,,,,,,,,,,,,,,,,,,,,,,,,,,,,,,,49.2905018,31.4458854,
08:19:59.625,,,,,,,,,,,,,,,,,,40,,,,,,,,,,,,,,,,,,,,,49.2905018,31.4458854,
08:19:59.663,,,,,,,,,,,,,,27,,,,,,,,,,,,,,,,,,,,,,,,,49.2905018,31.4458854,
08:19:59.698,,,,,,,,,,,,,,,,,31,,,,,,,,,,,,,,,,,,,,,,49.2905018,31.4458854,
08:19:59.722,,,,,,,,,,,,,46,,,,,,,,,,,,,,,,,,,,,,,,,,49.2905018,31.4458854,
08:19:59.771,,,,,,,,,,,,,,,1696,0.09,,,,,,,,,,,,,,,,,,,,,,,49.2905018,31.4458854,
08:19:59.803,,,,,,,,,,,,,,,,,,,,,,149,,,,,,,,,,,25.7,,,,41.5,,49.2905887,31.4459678,
08:19:59.806,,,,,,,,,,,,,,,,,,,41,,,,,,,,,,,,,,,,,,,,49.2905887,31.4459678,
08:19:59.866,,,,,,,,,,,,,,,,,,,,,,,,,,,,,,0,,,,,,,,,49.2905887,31.4459678,
08:19:59.902,,,,,,,,,,,,,,,,,,,,,,,0,0,,,,,,,,,,,,,,,49.2905887,31.4459678,
08:19:59.939,,,,,,,,,,,,,,,,,,,,0,,,,,,,,,,,,,,,,,,,49.2905887,31.4459678,
08:19:59.987,,,,,,,,,,,,,,,,,,,,,,,,,,,,,,,,,,47,,,,,49.2905887,31.4459678,
08:20:00.034,,,,,,,,,,,,,,,,,,,,,,,,,0.025492905324448208,2.99,2.99,96.01,5926.49,,,26.9,,,,,,41,49.2905887,31.4459678,
08:20:00.094,,,,,,,,,,,,,,,,,,,,,,,,,,,,,,,-0.01,,,,,99,,,49.2905887,31.4459678,
08:20:00.155,,,,,,,,,,59,,,,,,,,,,,,,,,,,,,,,,,,,,,,,49.2905887,31.4459678,
08:20:00.203,,,,,,,,,349,,,,,,,,,,,,,,,,,,,,,,,,,,,,,,49.2905887,31.4459678,
08:20:00.262,,,,,,,,,,,3.643,,,,,,,,,,,,,,,,,,,,,,,,,,,,49.2905887,31.4459678,
08:20:00.310,,,,,,,,,,,,3.632,,,,,,,,,,,,,,,,,,,,,,,,,,,49.2905887,31.4459678,
08:20:00.346,-31,,,,,,,,,,,,,,,,,,,,,,,,,,,,,,,,,,,,,,49.2905887,31.4459678,
08:20:00.383,,,-30,,,,,,,,,,,,,,,,,,,,,,,,,,,,,,,,,,,,49.2905887,31.4459678,
08:20:00.417,,-30,,,,,,,,,,,,,,,,,,,,,,,,,,,,,,,,,,,,,49.2905887,31.4459678,
08:20:00.479,,,,,26,,,,,,,,,,,,,,,,,,,,,,,,,,,,,,,,,,49.2905887,31.4459678,
08:20:00.515,,,,,,26,,,,,,,,,,,,,,,,,,,,,,,,,,,,,,,,,49.2905887,31.4459678,
08:20:00.562,,,,,,,24,,,,,,,,,,,,,,,,,,,,,,,,,,,,,,,,49.2905887,31.4459678,
08:20:00.597,,,,,,,,24,,,,,,,,,,,,,,,,,,,,,,,,,,,,,,,49.2905887,31.4459678,
08:20:00.646,,,,21,,,,,,,,,,,,,,,,,,,,,,,,,,,,,,,,,,,49.2905887,31.4459678,
08:20:00.718,,,,,,,,,,,,,,,,,,40,,,,,,,,,,,,,,,,,,,,,49.2905887,31.4459678,
08:20:00.766,,,,,,,,,,,,,,27,,,,,,,,,,,,,,,,,,,,,,,,,49.2905887,31.4459678,
08:20:00.802,,,,,,,,,,,,,,,,,32,,,,,,,,,,,,,,,,,,,,,,49.2905887,31.4459678,
08:20:00.806,,,,,,,,,,,,,,,,,,,,,,150,,,,,,,,,,,25.7,,,,41.7,,49.2906778,31.4460516,
08:20:00.839,,,,,,,,,,,,,46,,,,,,,,,,,,,,,,,,,,,,,,,,49.2906778,31.4460516,
08:20:00.898,,,,,,,,,,,,,,,1856,0.11,,,,,,,,,,,,,,,,,,,,,,,49.2906778,31.4460516,
08:20:00.933,,,,,,,,,,,,,,,,,,,41,,,,,,,,,,,,,,,,,,,,49.2906778,31.4460516,
08:20:01.006,,,,,,,,,,,,,,,,,,,,,,,,,,,,,,0,,,,,,,,,49.2906778,31.4460516,
08:20:01.042,,,,,,,,,,,,,,,,,,,,,,,,,,,,,,,,,,,65,,,,49.2906778,31.4460516,
08:20:01.079,,,,,,,,,,,,,,,,,,,,,,,0,0,,,,,,,,,,,,,,,49.2906778,31.4460516,
08:20:01.137,,,,,,,,,,,,,,,,,,,,0,,,,,,,,,,,,,,,,,,,49.2906778,31.4460516,
08:20:01.186,,,,,,,,,,,,,,,,,,,,,,,,,,,,,,,,,,47,,,,,49.2906778,31.4460516,
08:20:01.247,,,,,,,,,,,,,,,,,,,,,,,,,0.012236594555735138,3,3,96.03,5926.51,,,27,,,,,,41,49.2906778,31.4460516,
08:20:01.319,,,,,,,,,,,,,,,,,,,,,,,,,,,,,,,-0.01,,,,,99,,,49.2906778,31.4460516,
08:20:01.403,,,,,,,,,,59,,,,,,,,,,,,,,,,,,,,,,,,,,,,,49.2906778,31.4460516,
08:20:01.449,,,,,,,,,349.7,,,,,,,,,,,,,,,,,,,,,,,,,,,,,,49.2906778,31.4460516,
08:20:01.487,,,,,,,,,,,3.652,,,,,,,,,,,,,,,,,,,,,,,,,,,,49.2906778,31.4460516,
08:20:01.535,,,,,,,,,,,,3.642,,,,,,,,,,,,,,,,,,,,,,,,,,,49.2906778,31.4460516,
08:20:01.571,-21,,,,,,,,,,,,,,,,,,,,,,,,,,,,,,,,,,,,,,49.2906778,31.4460516,
08:20:01.618,,,-21,,,,,,,,,,,,,,,,,,,,,,,,,,,,,,,,,,,,49.2906778,31.4460516,
08:20:01.667,,-21,,,,,,,,,,,,,,,,,,,,,,,,,,,,,,,,,,,,,49.2906778,31.4460516,
08:20:01.702,,,,,26,,,,,,,,,,,,,,,,,,,,,,,,,,,,,,,,,,49.2906778,31.4460516,
08:20:01.738,,,,,,26,,,,,,,,,,,,,,,,,,,,,,,,,,,,,,,,,49.2906778,31.4460516,
08:20:01.800,,,,,,,,,,,,,,,,,,,,,,150,,,,,,,,,,,25.7,,,,42.2,,49.2907674,31.4461321,
08:20:01.809,,,,,,,24,,,,,,,,,,,,,,,,,,,,,,,,,,,,,,,,49.2907674,31.4461321,
08:20:01.906,,,,,,,,24,,,,,,,,,,,,,,,,,,,,,,,,,,,,,,,49.2907674,31.4461321,
08:20:01.942,,,,21,,,,,,,,,,,,,,,,,,,,,,,,,,,,,,,,,,,49.2907674,31.4461321,
08:20:02.014,,,,,,,,,,,,,,,,,,40,,,,,,,,,,,,,,,,,,,,,49.2907674,31.4461321,
08:20:02.062,,,,,,,,,,,,,,27,,,,,,,,,,,,,,,,,,,,,,,,,49.2907674,31.4461321,
08:20:02.099,,,,,,,,,,,,,,,,,20,,,,,,,,,,,,,,,,,,,,,,49.2907674,31.4461321,
08:20:02.146,,,,,,,,,,,,,46,,,,,,,,,,,,,,,,,,,,,,,,,,49.2907674,31.4461321,
08:20:02.182,,,,,,,,,,,,,,,1216,0.06,,,,,,,,,,,,,,,,,,,,,,,49.2907674,31.4461321,
08:20:02.218,,,,,,,,,,,,,,,,,,,42,,,,,,,,,,,,,,,,,,,,49.2907674,31.4461321,
08:20:02.302,,,,,,,,,,,,,,,,,,,,,,,,,,,,,,0,,,,,,,,,49.2907674,31.4461321,
08:20:02.354,,,,,,,,,,,,,,,,,,,,,,,0,0,,,,,,,,,,,,,,,49.2907674,31.4461321,
08:20:02.401,,,,,,,,,,,,,,,,,,,,0,,,,,,,,,,,,,,,,,,,49.2907674,31.4461321,
08:20:02.450,,,,,,,,,,,,,,,,,,,,,,,,,,,,,,,,,,47,,,,,49.2907674,31.4461321,
08:20:02.499,,,,,,,,,,,,,,,,,,,,,,,,,0.006118297277867569,3.01,3.01,96.04,5926.52,,,27,,,,,,41,49.2907674,31.4461321,
08:20:02.557,,,,,,,,,,,,,,,,,,,,,,,,,,,,,,,-0.01,,,,,99,,,49.2907674,31.4461321,
08:20:02.667,,,,,,,,,,59,,,,,,,,,,,,,,,,,,,,,,,,,,,,,49.2907674,31.4461321,
08:20:02.702,,,,,,,,,349.4,,,,,,,,,,,,,,,,,,,,,,,,,,,,,,49.2907674,31.4461321,
08:20:02.763,,,,,,,,,,,3.654,,,,,,,,,,,,,,,,,,,,,,,,,,,,49.2907674,31.4461321,
08:20:02.806,,,,,,,,,,,,,,,,,,,,,,151,,,,,,,,,,,25.8,,,,42.2,,49.290858,31.4462025,
08:20:02.810,,,,,,,,,,,,3.648,,,,,,,,,,,,,,,,,,,,,,,,,,,49.290858,31.4462025,
08:20:02.858,-21,,,,,,,,,,,,,,,,,,,,,,,,,,,,,,,,,,,,,,49.290858,31.4462025,
08:20:02.894,,,-20,,,,,,,,,,,,,,,,,,,,,,,,,,,,,,,,,,,,49.290858,31.4462025,
08:20:02.930,,-19,,,,,,,,,,,,,,,,,,,,,,,,,,,,,,,,,,,,,49.290858,31.4462025,
08:20:02.977,,,,,26,,,,,,,,,,,,,,,,,,,,,,,,,,,,,,,,,,49.290858,31.4462025,
08:20:03.002,,,,,,26,,,,,,,,,,,,,,,,,,,,,,,,,,,,,,,,,49.290858,31.4462025,
08:20:03.050,,,,,,,24,,,,,,,,,,,,,,,,,,,,,,,,,,,,,,,,49.290858,31.4462025,
08:20:03.098,,,,,,,,24,,,,,,,,,,,,,,,,,,,,,,,,,,,,,,,49.290858,31.4462025,
08:20:03.135,,,,21,,,,,,,,,,,,,,,,,,,,,,,,,,,,,,,,,,,49.290858,31.4462025,
08:20:03.206,,,,,,,,,,,,,,,,,,40,,,,,,,,,,,,,,,,,,,,,49.290858,31.4462025,
08:20:03.241,,,,,,,,,,,,,,27,,,,,,,,,,,,,,,,,,,,,,,,,49.290858,31.4462025,
08:20:03.278,,,,,,,,,,,,,,,,,21,,,,,,,,,,,,,,,,,,,,,,49.290858,31.4462025,
08:20:03.326,,,,,,,,,,,,,44,,,,,,,,,,,,,,,,,,,,,,,,,,49.290858,31.4462025,
08:20:03.362,,,,,,,,,,,,,,,1376,0.08,,,,,,,,,,,,,,,,,,,,,,,49.290858,31.4462025,
08:20:03.398,,,,,,,,,,,,,,,,,,,42,,,,,,,,,,,,,,,,,,,,49.290858,31.4462025,
08:20:03.471,,,,,,,,,,,,,,,,,,,,,,,,,,,,,,0,,,,,,,,,49.290858,31.4462025,
08:20:03.506,,,,,,,,,,,,,,,,,,,,,,,,,,,,,,,,,,,65,,,,49.290858,31.4462025,
08:20:03.543,,,,,,,,,,,,,,,,,,,,,,,0,0,,,,,,,,,,,,,,,49.290858,31.4462025,
08:20:03.578,,,,,,,,,,,,,,,,,,,,0,,,,,,,,,,,,,,,,,,,49.290858,31.4462025,
08:20:03.625,,,,,,,,,,,,,,,,,,,,,,,,,,,,,,,,,,47,,,,,49.290858,31.4462025,
08:20:03.662,,,,,,,,,,,,,,,,,,,,,,,,,0.012236594555735138,3.03,3.03,96.06,5926.53,,,27,,,,,,42,49.290858,31.4462025,
08:20:03.710,,,,,,,,,,,,,,,,,,,,,,,,,,,,,,,-0.01,,,,,99,,,49.290858,31.4462025,
08:20:03.783,,,,,,,,,,58.5,,,,,,,,,,,,,,,,,,,,,,,,,,,,,49.290858,31.4462025,
08:20:03.805,,,,,,,,,,,,,,,,,,,,,,151,,,,,,,,,,,25.8,,,,42.7,,49.2909542,31.4462691,
08:20:03.843,,,,,,,,,351.5,,,,,,,,,,,,,,,,,,,,,,,,,,,,,,49.2909542,31.4462691,
08:20:03.879,,,,,,,,,,,3.66,,,,,,,,,,,,,,,,,,,,,,,,,,,,49.2909542,31.4462691,
08:20:03.938,,,,,,,,,,,,3.649,,,,,,,,,,,,,,,,,,,,,,,,,,,49.2909542,31.4462691,
08:20:03.975,-20,,,,,,,,,,,,,,,,,,,,,,,,,,,,,,,,,,,,,,49.2909542,31.4462691,
08:20:04.011,,,-18,,,,,,,,,,,,,,,,,,,,,,,,,,,,,,,,,,,,49.2909542,31.4462691,
08:20:04.058,,-19,,,,,,,,,,,,,,,,,,,,,,,,,,,,,,,,,,,,,49.2909542,31.4462691,
08:20:04.094,,,,,26,,,,,,,,,,,,,,,,,,,,,,,,,,,,,,,,,,49.2909542,31.4462691,
08:20:04.131,,,,,,26,,,,,,,,,,,,,,,,,,,,,,,,,,,,,,,,,49.2909542,31.4462691,
08:20:04.165,,,,,,,24,,,,,,,,,,,,,,,,,,,,,,,,,,,,,,,,49.2909542,31.4462691,
08:20:04.203,,,,,,,,24,,,,,,,,,,,,,,,,,,,,,,,,,,,,,,,49.2909542,31.4462691,
08:20:04.237,,,,21,,,,,,,,,,,,,,,,,,,,,,,,,,,,,,,,,,,49.2909542,31.4462691,
08:20:04.311,,,,,,,,,,,,,,,,,,40,,,,,,,,,,,,,,,,,,,,,49.2909542,31.4462691,
08:20:04.347,,,,,,,,,,,,,,27,,,,,,,,,,,,,,,,,,,,,,,,,49.2909542,31.4462691,
08:20:04.382,,,,,,,,,,,,,,,,,23,,,,,,,,,,,,,,,,,,,,,,49.2909542,31.4462691,
08:20:04.418,,,,,,,,,,,,,44,,,,,,,,,,,,,,,,,,,,,,,,,,49.2909542,31.4462691,
08:20:04.454,,,,,,,,,,,,,,,1408,0.08,,,,,,,,,,,,,,,,,,,,,,,49.2909542,31.4462691,
08:20:04.490,,,,,,,,,,,,,,,,,,,42,,,,,,,,,,,,,,,,,,,,49.2909542,31.4462691,
08:20:04.586,,,,,,,,,,,,,,,,,,,,,,,,,,,,,,0,,,,,,,,,49.2909542,31.4462691,
08:20:04.634,,,,,,,,,,,,,,,,,,,,,,,0,0,,,,,,,,,,,,,,,49.2909542,31.4462691,
08:20:04.671,,,,,,,,,,,,,,,,,,,,0,,,,,,,,,,,,,,,,,,,49.2909542,31.4462691,
08:20:04.705,,,,,,,,,,,,,,,,,,,,,,,,,,,,,,,,,,47,,,,,49.2909542,31.4462691,
08:20:04.743,,,,,,,,,,,,,,,,,,,,,,,,,0.006118297277867569,3.04,3.04,96.07,5926.55,,,27.1,,,,,,42,49.2909542,31.4462691,
08:20:04.778,,,,,,,,,,,,,,,,,,,,,,,,,,,,,,,-0.01,,,,,99,,,49.2909542,31.4462691,
08:20:04.803,,,,,,,,,,,,,,,,,,,,,,151,,,,,,,,,,,25.9,,,,43.2,,49.2910526,31.4463279,
08:20:04.922,,,,,,,,,,58.5,,,,,,,,,,,,,,,,,,,,,,,,,,,,,49.2910526,31.4463279,
08:20:04.959,,,,,,,,,350.7,,,,,,,,,,,,,,,,,,,,,,,,,,,,,,49.2910526,31.4463279,
08:20:05.031,,,,,,,,,,,3.645,,,,,,,,,,,,,,,,,,,,,,,,,,,,49.2910526,31.4463279,
08:20:05.091,,,,,,,,,,,,3.634,,,,,,,,,,,,,,,,,,,,,,,,,,,49.2910526,31.4463279,
08:20:05.127,-30,,,,,,,,,,,,,,,,,,,,,,,,,,,,,,,,,,,,,,49.2910526,31.4463279,
08:20:05.198,,,-1600,,,,,,,,,,,,,,,,,,,,,,,,,,,,,,,,,,,,49.2910526,31.4463279,
08:20:05.234,,-31,,,,,,,,,,,,,,,,,,,,,,,,,,,,,,,,,,,,,49.2910526,31.4463279,
08:20:05.269,,,,,26,,,,,,,,,,,,,,,,,,,,,,,,,,,,,,,,,,49.2910526,31.4463279,
08:20:05.306,,,,,,26,,,,,,,,,,,,,,,,,,,,,,,,,,,,,,,,,49.2910526,31.4463279,
08:20:05.342,,,,,,,24,,,,,,,,,,,,,,,,,,,,,,,,,,,,,,,,49.2910526,31.4463279,
08:20:05.378,,,,,,,,24,,,,,,,,,,,,,,,,,,,,,,,,,,,,,,,49.2910526,31.4463279,
08:20:05.414,,,,21,,,,,,,,,,,,,,,,,,,,,,,,,,,,,,,,,,,49.2910526,31.4463279,
08:20:05.499,,,,,,,,,,,,,,,,,,40,,,,,,,,,,,,,,,,,,,,,49.2910526,31.4463279,
08:20:05.535,,,,,,,,,,,,,,27,,,,,,,,,,,,,,,,,,,,,,,,,49.2910526,31.4463279,
08:20:05.582,,,,,,,,,,,,,,,,,32,,,,,,,,,,,,,,,,,,,,,,49.2910526,31.4463279,
08:20:05.619,,,,,,,,,,,,,44,,,,,,,,,,,,,,,,,,,,,,,,,,49.2910526,31.4463279,
08:20:05.655,,,,,,,,,,,,,,,1792,0.11,,,,,,,,,,,,,,,,,,,,,,,49.2910526,31.4463279,
08:20:05.702,,,,,,,,,,,,,,,,,,,44,,,,,,,,,,,,,,,,,,,,49.2910526,31.4463279,
08:20:05.775,,,,,,,,,,,,,,,,,,,,,,,,,,,,,,0,,,,,,,,,49.2910526,31.4463279,
08:20:05.803,,,,,,,,,,,,,,,,,,,,,,151,,,,,,,,,,,25.9,,,,44,,49.2911545,31.4463788,
08:20:05.810,,,,,,,,,,,,,,,,,,,,,,,,,,,,,,,,,,,65,,,,49.2911545,31.4463788,
08:20:05.847,,,,,,,,,,,,,,,,,,,,,,,0,0,,,,,,,,,,,,,,,49.2911545,31.4463788,
08:20:05.893,,,,,,,,,,,,,,,,,,,,0,,,,,,,,,,,,,,,,,,,49.2911545,31.4463788,
08:20:05.942,,,,,,,,,,,,,,,,,,,,,,,,,,,,,,,,,,47,,,,,49.2911545,31.4463788,
08:20:05.990,,,,,,,,,,,,,,,,,,,,,,,,,0.012236594555735138,3.06,3.06,96.08,5926.56,,,27.1,,,,,,43,49.2911545,31.4463788,
08:20:06.038,,,,,,,,,,,,,,,,,,,,,,,,,,,,,,,-0.01,,,,,99,,,49.2911545,31.4463788,
08:20:06.110,,,,,,,,,,58.5,,,,,,,,,,,,,,,,,,,,,,,,,,,,,49.2911545,31.4463788,
08:20:06.159,,,,,,,,,352.6,,,,,,,,,,,,,,,,,,,,,,,,,,,,,,49.2911545,31.4463788,
08:20:06.194,,,,,,,,,,,3.671,,,,,,,,,,,,,,,,,,,,,,,,,,,,49.2911545,31.4463788,
08:20:06.229,,,,,,,,,,,,3.662,,,,,,,,,,,,,,,,,,,,,,,,,,,49.2911545,31.4463788,
08:20:06.277,-11,,,,,,,,,,,,,,,,,,,,,,,,,,,,,,,,,,,,,,49.2911545,31.4463788,
08:20:06.326,,,-11,,,,,,,,,,,,,,,,,,,,,,,,,,,,,,,,,,,,49.2911545,31.4463788,
08:20:06.362,,-12,,,,,,,,,,,,,,,,,,,,,,,,,,,,,,,,,,,,,49.2911545,31.4463788,
08:20:06.399,,,,,26,,,,,,,,,,,,,,,,,,,,,,,,,,,,,,,,,,49.2911545,31.4463788,
08:20:06.434,,,,,,26,,,,,,,,,,,,,,,,,,,,,,,,,,,,,,,,,49.2911545,31.4463788,
08:20:06.482,,,,,,,24,,,,,,,,,,,,,,,,,,,,,,,,,,,,,,,,49.2911545,31.4463788,
08:20:06.530,,,,,,,,24,,,,,,,,,,,,,,,,,,,,,,,,,,,,,,,49.2911545,31.4463788,
08:20:06.578,,,,21,,,,,,,,,,,,,,,,,,,,,,,,,,,,,,,,,,,49.2911545,31.4463788,
08:20:06.638,,,,,,,,,,,,,,,,,,40,,,,,,,,,,,,,,,,,,,,,49.2911545,31.4463788,
08:20:06.699,,,,,,,,,,,,,,27,,,,,,,,,,,,,,,,,,,,,,,,,49.2911545,31.4463788,
08:20:06.734,,,,,,,,,,,,,,,,,7,,,,,,,,,,,,,,,,,,,,,,49.2911545,31.4463788,
08:20:06.770,,,,,,,,,,,,,44,,,,,,,,,,,,,,,,,,,,,,,,,,49.2911545,31.4463788,
08:20:06.802,,,,,,,,,,,,,,,,,,,,,,151,,,,,,,,,,,25.9,,,,44.4,,49.29126,31.4464248,
08:20:06.806,,,,,,,,,,,,,,,576,0.03,,,,,,,,,,,,,,,,,,,,,,,49.29126,31.4464248,
08:20:06.842,,,,,,,,,,,,,,,,,,,43,,,,,,,,,,,,,,,,,,,,49.29126,31.4464248,
08:20:06.914,,,,,,,,,,,,,,,,,,,,,,,,,,,,,,0,,,,,,,,,49.29126,31.4464248,
08:20:06.949,,,,,,,,,,,,,,,,,,,,,,,0,0,,,,,,,,,,,,,,,49.29126,31.4464248,
08:20:06.987,,,,,,,,,,,,,,,,,,,,0,,,,,,,,,,,,,,,,,,,49.29126,31.4464248,
08:20:07.033,,,,,,,,,,,,,,,,,,,,,,,,,,,,,,,,,,47,,,,,49.29126,31.4464248,
08:20:07.082,,,,,,,,,,,,,,,,,,,,,,,,,0.012236594555735138,3.07,3.07,96.1,5926.57,,,27.2,,,,,,43,49.29126,31.4464248,
08:20:07.129,,,,,,,,,,,,,,,,,,,,,,,,,,,,,,,-0.01,,,,,99,,,49.29126,31.4464248,
08:20:07.202,,,,,,,,,,58.5,,,,,,,,,,,,,,,,,,,,,,,,,,,,,49.29126,31.4464248,
08:20:07.250,,,,,,,,,353.1,,,,,,,,,,,,,,,,,,,,,,,,,,,,,,49.29126,31.4464248,
08:20:07.286,,,,,,,,,,,3.678,,,,,,,,,,,,,,,,,,,,,,,,,,,,49.29126,31.4464248,
08:20:07.323,,,,,,,,,,,,3.665,,,,,,,,,,,,,,,,,,,,,,,,,,,49.29126,31.4464248,
08:20:07.358,-10,,,,,,,,,,,,,,,,,,,,,,,,,,,,,,,,,,,,,,49.29126,31.4464248,
08:20:07.419,,,-9,,,,,,,,,,,,,,,,,,,,,,,,,,,,,,,,,,,,49.29126,31.4464248,
08:20:07.455,,-10,,,,,,,,,,,,,,,,,,,,,,,,,,,,,,,,,,,,,49.29126,31.4464248,
08:20:07.494,,,,,26,,,,,,,,,,,,,,,,,,,,,,,,,,,,,,,,,,49.29126,31.4464248,
08:20:07.529,,,,,,26,,,,,,,,,,,,,,,,,,,,,,,,,,,,,,,,,49.29126,31.4464248,
08:20:07.565,,,,,,,24,,,,,,,,,,,,,,,,,,,,,,,,,,,,,,,,49.29126,31.4464248,
08:20:07.615,,,,,,,,24,,,,,,,,,,,,,,,,,,,,,,,,,,,,,,,49.29126,31.4464248,
08:20:07.655,,,,21,,,,,,,,,,,,,,,,,,,,,,,,,,,,,,,,,,,49.29126,31.4464248,
08:20:07.750,,,,,,,,,,,,,,,,,,40,,,,,,,,,,,,,,,,,,,,,49.29126,31.4464248,
08:20:07.785,,,,,,,,,,,,,,27,,,,,,,,,,,,,,,,,,,,,,,,,49.29126,31.4464248,
08:20:07.803,,,,,,,,,,,,,,,,,,,,,,152,,,,,,,,,,,26,,,,43.8,,49.2913637,31.446467,
08:20:07.835,,,,,,,,,,,,,,,,,-2,,,,,,,,,,,,,,,,,,,,,,49.2913637,31.446467,
08:20:07.907,,,,,,,,,,,,,44,,,,,,,,,,,,,,,,,,,,,,,,,,49.2913637,31.446467,
08:20:07.990,,,,,,,,,,,,,,,-64,-0.02,,,,,,,,,,,,,,,,,,,,,,,49.2913637,31.446467,
08:20:08.050,,,,,,,,,,,,,,,,,,,43,,,,,,,,,,,,,,,,,,,,49.2913637,31.446467,
08:20:08.158,,,,,,,,,,,,,,,,,,,,,,,,,,,,,,0,,,,,,,,,49.2913637,31.446467,
08:20:08.207,,,,,,,,,,,,,,,,,,,,,,,,,,,,,,,,,,,65,,,,49.2913637,31.446467,
08:20:08.243,,,,,,,,,,,,,,,,,,,,,,,0,0,,,,,,,,,,,,,,,49.2913637,31.446467,
08:20:08.290,,,,,,,,,,,,,,,,,,,,0,,,,,,,,,,,,,,,,,,,49.2913637,31.446467,
08:20:08.326,,,,,,,,,,,,,,,,,,,,,,,,,,,,,,,,,,47,,,,,49.2913637,31.446467,
08:20:08.375,,,,,,,,,,,,,,,,,,,,,,,,,,3.08,3.08,96.11,5926.59,,,27.2,,,,,,42,49.2913637,31.446467,
08:20:08.409,,,,,,,,,,,,,,,,,,,,,,,,,,,,,,,-0.01,,,,,99,,,49.2913637,31.446467,
08:20:08.471,,,,,,,,,,58.5,,,,,,,,,,,,,,,,,,,,,,,,,,,,,49.2913637,31.446467,
08:20:08.507,,,,,,,,,353.7,,,,,,,,,,,,,,,,,,,,,,,,,,,,,,49.2913637,31.446467,
08:20:08.542,,,,,,,,,,,3.698,,,,,,,,,,,,,,,,,,,,,,,,,,,,49.2913637,31.446467,
08:20:08.578,,,,,,,,,,,,3.69,,,,,,,,,,,,,,,,,,,,,,,,,,,49.2913637,31.446467,
08:20:08.614,12,,,,,,,,,,,,,,,,,,,,,,,,,,,,,,,,,,,,,,49.2913637,31.446467,
08:20:08.651,,,13,,,,,,,,,,,,,,,,,,,,,,,,,,,,,,,,,,,,49.2913637,31.446467,
08:20:08.699,,15,,,,,,,,,,,,,,,,,,,,,,,,,,,,,,,,,,,,,49.2913637,31.446467,
08:20:08.734,,,,,26,,,,,,,,,,,,,,,,,,,,,,,,,,,,,,,,,,49.2913637,31.446467,
08:20:08.771,,,,,,26,,,,,,,,,,,,,,,,,,,,,,,,,,,,,,,,,49.2913637,31.446467,
08:20:08.805,,,,,,,,,,,,,,,,,,,,,,152,,,,,,,,,,,26,,,,43.2,,49.2914672,31.4465102,
08:20:08.805,,,,,,,25,,,,,,,,,,,,,,,,,,,,,,,,,,,,,,,,49.2914672,31.4465102,
08:20:08.843,,,,,,,,24,,,,,,,,,,,,,,,,,,,,,,,,,,,,,,,49.2914672,31.4465102,
08:20:08.878,,,,21,,,,,,,,,,,,,,,,,,,,,,,,,,,,,,,,,,,49.2914672,31.4465102,
08:20:08.950,,,,,,,,,,,,,,,,,,40,,,,,,,,,,,,,,,,,,,,,49.2914672,31.4465102,
08:20:08.987,,,,,,,,,,,,,,27,,,,,,,,,,,,,,,,,,,,,,,,,49.2914672,31.4465102,
08:20:09.036,,,,,,,,,,,,,,,,,-44,,,,,,,,,,,,,,,,,,,,,,49.2914672,31.4465102,
08:20:09.069,,,,,,,,,,,,,44,,,,,,,,,,,,,,,,,,,,,,,,,,49.2914672,31.4465102,
08:20:09.107,,,,,,,,,,,,,,,-3072,-0.19,,,,,,,,,,,,,,,,,,,,,,,49.2914672,31.4465102,
08:20:09.154,,,,,,,,,,,,,,,,,,,42,,,,,,,,,,,,,,,,,,,,49.2914672,31.4465102,
08:20:09.238,,,,,,,,,,,,,,,,,,,,,,,,,,,,,,0,,,,,,,,,49.2914672,31.4465102,
08:20:09.274,,,,,,,,,,,,,,,,,,,,,,,0,0,,,,,,,,,,,,,,,49.2914672,31.4465102,
08:20:09.311,,,,,,,,,,,,,,,,,,,,0,,,,,,,,,,,,,,,,,,,49.2914672,31.4465102,
08:20:09.346,,,,,,,,,,,,,,,,,,,,,,,,,,,,,,,,,,47,,,,,49.2914672,31.4465102,
08:20:09.395,,,,,,,,,,,,,,,,,,,,,,,,,-0.006118297277867569,3.09,3.09,96.12,5926.6,,,27.3,,,,,,41,49.2914672,31.4465102,
08:20:09.431,,,,,,,,,,,,,,,,,,,,,,,,,,,,,,,-0.01,,,,,99,,,49.2914672,31.4465102,
08:20:09.490,,,,,,,,,,58.5,,,,,,,,,,,,,,,,,,,,,,,,,,,,,49.2914672,31.4465102,
08:20:09.551,,,,,,,,,355,,,,,,,,,,,,,,,,,,,,,,,,,,,,,,49.2914672,31.4465102,
08:20:09.586,,,,,,,,,,,3.714,,,,,,,,,,,,,,,,,,,,,,,,,,,,49.2914672,31.4465102,
08:20:09.624,,,,,,,,,,,,3.699,,,,,,,,,,,,,,,,,,,,,,,,,,,49.2914672,31.4465102,
08:20:09.672,9,,,,,,,,,,,,,,,,,,,,,,,,,,,,,,,,,,,,,,49.2914672,31.4465102,
08:20:09.707,,,6,,,,,,,,,,,,,,,,,,,,,,,,,,,,,,,,,,,,49.2914672,31.4465102,
08:20:09.755,,6,,,,,,,,,,,,,,,,,,,,,,,,,,,,,,,,,,,,,49.2914672,31.4465102,
08:20:09.791,,,,,26,,,,,,,,,,,,,,,,,,,,,,,,,,,,,,,,,,49.2914672,31.4465102,
08:20:09.802,,,,,,,,,,,,,,,,,,,,,,152,,,,,,,,,,,26.1,,,,41.1,,49.2915649,31.446562,
08:20:09.839,,,,,,26,,,,,,,,,,,,,,,,,,,,,,,,,,,,,,,,,49.2915649,31.446562,
08:20:09.875,,,,,,,25,,,,,,,,,,,,,,,,,,,,,,,,,,,,,,,,49.2915649,31.446562,
08:20:09.922,,,,,,,,24,,,,,,,,,,,,,,,,,,,,,,,,,,,,,,,49.2915649,31.446562,
08:20:09.958,,,,21,,,,,,,,,,,,,,,,,,,,,,,,,,,,,,,,,,,49.2915649,31.446562,
08:20:10.042,,,,,,,,,,,,,,,,,,40,,,,,,,,,,,,,,,,,,,,,49.2915649,31.446562,
08:20:10.078,,,,,,,,,,,,,,27,,,,,,,,,,,,,,,,,,,,,,,,,49.2915649,31.446562,
08:20:10.115,,,,,,,,,,,,,,,,,-4,,,,,,,,,,,,,,,,,,,,,,49.2915649,31.446562,
08:20:10.150,,,,,,,,,,,,,44,,,,,,,,,,,,,,,,,,,,,,,,,,49.2915649,31.446562,
08:20:10.186,,,,,,,,,,,,,,,-160,-0.02,,,,,,,,,,,,,,,,,,,,,,,49.2915649,31.446562,
08:20:10.233,,,,,,,,,,,,,,,,,,,41,,,,,,,,,,,,,,,,,,,,49.2915649,31.446562,
08:20:10.319,,,,,,,,,,,,,,,,,,,,,,,,,,,,,,0,,,,,,,,,49.2915649,31.446562,
08:20:10.379,,,,,,,,,,,,,,,,,,,,,,,,,,,,,,,,,,,65,,,,49.2915649,31.446562,
08:20:10.413,,,,,,,,,,,,,,,,,,,,,,,0,0,,,,,,,,,,,,,,,49.2915649,31.446562,
08:20:10.450,,,,,,,,,,,,,,,,,,,,0,,,,,,,,,,,,,,,,,,,49.2915649,31.446562,
08:20:10.499,,,,,,,,,,,,,,,,,,,,,,,,,,,,,,,,,,47,,,,,49.2915649,31.446562,
08:20:10.534,,,,,,,,,,,,,,,,,,,,,,,,,-0.01835489183360271,3.11,3.11,96.14,5926.61,,,27.3,,,,,,40,49.2915649,31.446562,
08:20:10.571,,,,,,,,,,,,,,,,,,,,,,,,,,,,,,,-0.01,,,,,99,,,49.2915649,31.446562,
08:20:10.739,,,,,,,,,,58.5,,,,,,,,,,,,,,,,,,,,,,,,,,,,,49.2915649,31.446562,
08:20:10.799,,,,,,,,,352.6,,,,,,,,,,,,,,,,,,,,,,,,,,,,,,49.2915649,31.446562,
08:20:10.800,,,,,,,,,,,,,,,,,,,,,,152,,,,,,,,,,,26.1,,,,40.2,,49.2916596,31.4466192,
08:20:10.850,,,,,,,,,,,3.685,,,,,,,,,,,,,,,,,,,,,,,,,,,,49.2916596,31.4466192,
08:20:10.886,,,,,,,,,,,,3.676,,,,,,,,,,,,,,,,,,,,,,,,,,,49.2916596,31.4466192,
08:20:10.922,-9,,,,,,,,,,,,,,,,,,,,,,,,,,,,,,,,,,,,,,49.2916596,31.4466192,
08:20:10.957,,,-9,,,,,,,,,,,,,,,,,,,,,,,,,,,,,,,,,,,,49.2916596,31.4466192,
08:20:10.995,,-8,,,,,,,,,,,,,,,,,,,,,,,,,,,,,,,,,,,,,49.2916596,31.4466192,
08:20:11.031,,,,,26,,,,,,,,,,,,,,,,,,,,,,,,,,,,,,,,,,49.2916596,31.4466192,
08:20:11.079,,,,,,26,,,,,,,,,,,,,,,,,,,,,,,,,,,,,,,,,49.2916596,31.4466192,
08:20:11.114,,,,,,,24,,,,,,,,,,,,,,,,,,,,,,,,,,,,,,,,49.2916596,31.4466192,
08:20:11.151,,,,,,,,24,,,,,,,,,,,,,,,,,,,,,,,,,,,,,,,49.2916596,31.4466192,
08:20:11.186,,,,21,,,,,,,,,,,,,,,,,,,,,,,,,,,,,,,,,,,49.2916596,31.4466192,
08:20:11.258,,,,,,,,,,,,,,,,,,40,,,,,,,,,,,,,,,,,,,,,49.2916596,31.4466192,
08:20:11.318,,,,,,,,,,,,,,27,,,,,,,,,,,,,,,,,,,,,,,,,49.2916596,31.4466192,
08:20:11.365,,,,,,,,,,,,,,,,,1,,,,,,,,,,,,,,,,,,,,,,49.2916596,31.4466192,
08:20:11.402,,,,,,,,,,,,,44,,,,,,,,,,,,,,,,,,,,,,,,,,49.2916596,31.4466192,
08:20:11.438,,,,,,,,,,,,,,,64,0,,,,,,,,,,,,,,,,,,,,,,,49.2916596,31.4466192,
08:20:11.475,,,,,,,,,,,,,,,,,,,41,,,,,,,,,,,,,,,,,,,,49.2916596,31.4466192,
08:20:11.545,,,,,,,,,,,,,,,,,,,,,,,,,,,,,,0,,,,,,,,,49.2916596,31.4466192,
08:20:11.594,,,,,,,,,,,,,,,,,,,,,,,0,0,,,,,,,,,,,,,,,49.2916596,31.4466192,
08:20:11.642,,,,,,,,,,,,,,,,,,,,0,,,,,,,,,,,,,,,,,,,49.2916596,31.4466192,
08:20:11.690,,,,,,,,,,,,,,,,,,,,,,,,,,,,,,,,,,47,,,,,49.2916596,31.4466192,
08:20:11.737,,,,,,,,,,,,,,,,,,,,,,,,,-0.01835489183360271,3.12,3.12,96.15,5926.63,,,27.3,,,,,,40,49.2916596,31.4466192,
08:20:11.787,,,,,,,,,,,,,,,,,,,,,,,,,,,,,,,-0.01,,,,,99,,,49.2916596,31.4466192,
08:20:11.794,,,,,,,,,,,,,,,,,,,,,,152,,,,,,,,,,,26.1,,,,40.9,,49.2917532,31.4466851,
08:20:11.858,,,,,,,,,,58.5,,,,,,,,,,,,,,,,,,,,,,,,,,,,,49.2917532,31.4466851,
08:20:11.906,,,,,,,,,354.7,,,,,,,,,,,,,,,,,,,,,,,,,,,,,,49.2917532,31.4466851,
08:20:11.944,,,,,,,,,,,3.71,,,,,,,,,,,,,,,,,,,,,,,,,,,,49.2917532,31.4466851,
08:20:11.990,,,,,,,,,,,,3.701,,,,,,,,,,,,,,,,,,,,,,,,,,,49.2917532,31.4466851,
08:20:12.025,6,,,,,,,,,,,,,,,,,,,,,,,,,,,,,,,,,,,,,,49.2917532,31.4466851,
08:20:12.075,,,4,,,,,,,,,,,,,,,,,,,,,,,,,,,,,,,,,,,,49.2917532,31.4466851,
08:20:12.110,,3,,,,,,,,,,,,,,,,,,,,,,,,,,,,,,,,,,,,,49.2917532,31.4466851,
08:20:12.146,,,,,26,,,,,,,,,,,,,,,,,,,,,,,,,,,,,,,,,,49.2917532,31.4466851,
08:20:12.182,,,,,,26,,,,,,,,,,,,,,,,,,,,,,,,,,,,,,,,,49.2917532,31.4466851,
08:20:12.243,,,,,,,25,,,,,,,,,,,,,,,,,,,,,,,,,,,,,,,,49.2917532,31.4466851,
08:20:12.291,,,,,,,,24,,,,,,,,,,,,,,,,,,,,,,,,,,,,,,,49.2917532,31.4466851,
08:20:12.325,,,,21,,,,,,,,,,,,,,,,,,,,,,,,,,,,,,,,,,,49.2917532,31.4466851,
08:20:12.374,,,,,,,,,,,,,,,,,,40,,,,,,,,,,,,,,,,,,,,,49.2917532,31.4466851,
08:20:12.421,,,,,,,,,,,,,,27,,,,,,,,,,,,,,,,,,,,,,,,,49.2917532,31.4466851,
08:20:12.458,,,,,,,,,,,,,,,,,-8,,,,,,,,,,,,,,,,,,,,,,49.2917532,31.4466851,
08:20:12.495,,,,,,,,,,,,,44,,,,,,,,,,,,,,,,,,,,,,,,,,49.2917532,31.4466851,
08:20:12.529,,,,,,,,,,,,,,,-480,-0.03,,,,,,,,,,,,,,,,,,,,,,,49.2917532,31.4466851,
08:20:12.567,,,,,,,,,,,,,,,,,,,40,,,,,,,,,,,,,,,,,,,,49.2917532,31.4466851,
08:20:12.638,,,,,,,,,,,,,,,,,,,,,,,,,,,,,,0,,,,,,,,,49.2917532,31.4466851,
08:20:12.687,,,,,,,,,,,,,,,,,,,,,,,,,,,,,,,,,,,65,,,,49.2917532,31.4466851,
08:20:12.734,,,,,,,,,,,,,,,,,,,,,,,0,0,,,,,,,,,,,,,,,49.2917532,31.4466851,
08:20:12.770,,,,,,,,,,,,,,,,,,,,0,,,,,,,,,,,,,,,,,,,49.2917532,31.4466851,
08:20:12.804,,,,,,,,,,,,,,,,,,,,,,152,,,,,,,,,,,26.2,,,,40.5,,49.291842,31.4467536,
08:20:12.819,,,,,,,,,,,,,,,,,,,,,,,,,,,,,,,,,,47,,,,,49.291842,31.4467536,
08:20:12.866,,,,,,,,,,,,,,,,,,,,,,,,,-0.012236594555735138,3.13,3.13,96.16,5926.64,,,27.4,,,,,,40,49.291842,31.4467536,
08:20:12.902,,,,,,,,,,,,,,,,,,,,,,,,,,,,,,,-0.01,,,,,99,,,49.291842,31.4467536,
08:20:12.974,,,,,,,,,,58.5,,,,,,,,,,,,,,,,,,,,,,,,,,,,,49.291842,31.4467536,
08:20:13.010,,,,,,,,,353.7,,,,,,,,,,,,,,,,,,,,,,,,,,,,,,49.291842,31.4467536,
08:20:13.057,,,,,,,,,,,3.698,,,,,,,,,,,,,,,,,,,,,,,,,,,,49.291842,31.4467536,
08:20:13.094,,,,,,,,,,,,3.687,,,,,,,,,,,,,,,,,,,,,,,,,,,49.291842,31.4467536,
08:20:13.142,-4,,,,,,,,,,,,,,,,,,,,,,,,,,,,,,,,,,,,,,49.291842,31.4467536,
08:20:13.178,,,-4,,,,,,,,,,,,,,,,,,,,,,,,,,,,,,,,,,,,49.291842,31.4467536,
08:20:13.215,,-3,,,,,,,,,,,,,,,,,,,,,,,,,,,,,,,,,,,,,49.291842,31.4467536,
08:20:13.250,,,,,26,,,,,,,,,,,,,,,,,,,,,,,,,,,,,,,,,,49.291842,31.4467536,
08:20:13.287,,,,,,26,,,,,,,,,,,,,,,,,,,,,,,,,,,,,,,,,49.291842,31.4467536,
08:20:13.322,,,,,,,25,,,,,,,,,,,,,,,,,,,,,,,,,,,,,,,,49.291842,31.4467536,
08:20:13.359,,,,,,,,24,,,,,,,,,,,,,,,,,,,,,,,,,,,,,,,49.291842,31.4467536,
08:20:13.406,,,,21,,,,,,,,,,,,,,,,,,,,,,,,,,,,,,,,,,,49.291842,31.4467536,
08:20:13.479,,,,,,,,,,,,,,,,,,40,,,,,,,,,,,,,,,,,,,,,49.291842,31.4467536,
08:20:13.526,,,,,,,,,,,,,,27,,,,,,,,,,,,,,,,,,,,,,,,,49.291842,31.4467536,
08:20:13.562,,,,,,,,,,,,,,,,,-1,,,,,,,,,,,,,,,,,,,,,,49.291842,31.4467536,
08:20:13.610,,,,,,,,,,,,,44,,,,,,,,,,,,,,,,,,,,,,,,,,49.291842,31.4467536,
08:20:13.646,,,,,,,,,,,,,,,0,0,,,,,,,,,,,,,,,,,,,,,,,49.291842,31.4467536,
08:20:13.683,,,,,,,,,,,,,,,,,,,40,,,,,,,,,,,,,,,,,,,,49.291842,31.4467536,
08:20:13.766,,,,,,,,,,,,,,,,,,,,,,,,,,,,,,0,,,,,,,,,49.291842,31.4467536,
08:20:13.802,,,,,,,,,,,,,,,,,,,,,,152,,,,,,,,,,,26.2,,,,40.3,,49.291928,31.4468337,
08:20:13.804,,,,,,,,,,,,,,,,,,,,,,,0,0,,,,,,,,,,,,,,,49.291928,31.4468337,
08:20:13.851,,,,,,,,,,,,,,,,,,,,0,,,,,,,,,,,,,,,,,,,49.291928,31.4468337,
08:20:13.887,,,,,,,,,,,,,,,,,,,,,,,,,,,,,,,,,,47,,,,,49.291928,31.4468337,
08:20:13.934,,,,,,,,,,,,,,,,,,,,,,,,,-0.006118297277867569,3.15,3.15,96.17,5926.65,,,27.4,,,,,,40,49.291928,31.4468337,
08:20:13.970,,,,,,,,,,,,,,,,,,,,,,,,,,,,,,,-0.01,,,,,99,,,49.291928,31.4468337,
08:20:14.043,,,,,,,,,,58.5,,,,,,,,,,,,,,,,,,,,,,,,,,,,,49.291928,31.4468337,
08:20:14.090,,,,,,,,,355,,,,,,,,,,,,,,,,,,,,,,,,,,,,,,49.291928,31.4468337,
08:20:14.186,,,,,,,,,,,3.693,,,,,,,,,,,,,,,,,,,,,,,,,,,,49.291928,31.4468337,
08:20:14.257,,,,,,,,,,,,3.673,,,,,,,,,,,,,,,,,,,,,,,,,,,49.291928,31.4468337,
08:20:14.379,-19,,,,,,,,,,,,,,,,,,,,,,,,,,,,,,,,,,,,,,49.291928,31.4468337,
08:20:14.414,,,-18,,,,,,,,,,,,,,,,,,,,,,,,,,,,,,,,,,,,49.291928,31.4468337,
08:20:14.450,,-19,,,,,,,,,,,,,,,,,,,,,,,,,,,,,,,,,,,,,49.291928,31.4468337,
08:20:14.486,,,,,26,,,,,,,,,,,,,,,,,,,,,,,,,,,,,,,,,,49.291928,31.4468337,
08:20:14.527,,,,,,26,,,,,,,,,,,,,,,,,,,,,,,,,,,,,,,,,49.291928,31.4468337,
08:20:14.562,,,,,,,25,,,,,,,,,,,,,,,,,,,,,,,,,,,,,,,,49.291928,31.4468337,
08:20:14.597,,,,,,,,24,,,,,,,,,,,,,,,,,,,,,,,,,,,,,,,49.291928,31.4468337,
08:20:14.635,,,,21,,,,,,,,,,,,,,,,,,,,,,,,,,,,,,,,,,,49.291928,31.4468337,
08:20:14.706,,,,,,,,,,,,,,,,,,40,,,,,,,,,,,,,,,,,,,,,49.291928,31.4468337,
08:20:14.755,,,,,,,,,,,,,,27,,,,,,,,,,,,,,,,,,,,,,,,,49.291928,31.4468337,
08:20:14.791,,,,,,,,,,,,,,,,,14,,,,,,,,,,,,,,,,,,,,,,49.291928,31.4468337,
08:20:14.802,,,,,,,,,,,,,,,,,,,,,,152,,,,,,,,,,,26.2,,,,41.1,,49.2920143,31.4469176,
08:20:14.838,,,,,,,,,,,,,44,,,,,,,,,,,,,,,,,,,,,,,,,,49.2920143,31.4469176,
08:20:14.874,,,,,,,,,,,,,,,672,0.03,,,,,,,,,,,,,,,,,,,,,,,49.2920143,31.4469176,
08:20:14.909,,,,,,,,,,,,,,,,,,,41,,,,,,,,,,,,,,,,,,,,49.2920143,31.4469176,
08:20:14.982,,,,,,,,,,,,,,,,,,,,,,,,,,,,,,0,,,,,,,,,49.2920143,31.4469176,
08:20:15.018,,,,,,,,,,,,,,,,,,,,,,,,,,,,,,,,,,,64,,,,49.2920143,31.4469176,
08:20:15.065,,,,,,,,,,,,,,,,,,,,,,,0,0,,,,,,,,,,,,,,,49.2920143,31.4469176,
08:20:15.103,,,,,,,,,,,,,,,,,,,,0,,,,,,,,,,,,,,,,,,,49.2920143,31.4469176,
08:20:15.138,,,,,,,,,,,,,,,,,,,,,,,,,,,,,,,,,,47,,,,,49.2920143,31.4469176,
08:20:15.174,,,,,,,,,,,,,,,,,,,,,,,,,0.006118297277867569,3.16,3.16,96.19,5926.67,,,27.4,,,,,,41,49.2920143,31.4469176,
08:20:15.214,,,,,,,,,,,,,,,,,,,,,,,,,,,,,,,-0.01,,,,,99,,,49.2920143,31.4469176,
08:20:15.273,,,,,,,,,,58.5,,,,,,,,,,,,,,,,,,,,,,,,,,,,,49.2920143,31.4469176,
08:20:15.323,,,,,,,,,352.3,,,,,,,,,,,,,,,,,,,,,,,,,,,,,,49.2920143,31.4469176,
08:20:15.371,,,,,,,,,,,3.682,,,,,,,,,,,,,,,,,,,,,,,,,,,,49.2920143,31.4469176,
08:20:15.431,,,,,,,,,,,,3.673,,,,,,,,,,,,,,,,,,,,,,,,,,,49.2920143,31.4469176,
08:20:15.465,-12,,,,,,,,,,,,,,,,,,,,,,,,,,,,,,,,,,,,,,49.2920143,31.4469176,
08:20:15.502,,,-13,,,,,,,,,,,,,,,,,,,,,,,,,,,,,,,,,,,,49.2920143,31.4469176,
08:20:15.537,,-12,,,,,,,,,,,,,,,,,,,,,,,,,,,,,,,,,,,,,49.2920143,31.4469176,
08:20:15.562,,,,,26,,,,,,,,,,,,,,,,,,,,,,,,,,,,,,,,,,49.2920143,31.4469176,
08:20:15.598,,,,,,26,,,,,,,,,,,,,,,,,,,,,,,,,,,,,,,,,49.2920143,31.4469176,
08:20:15.635,,,,,,,25,,,,,,,,,,,,,,,,,,,,,,,,,,,,,,,,49.2920143,31.4469176,
08:20:15.670,,,,,,,,24,,,,,,,,,,,,,,,,,,,,,,,,,,,,,,,49.2920143,31.4469176,
08:20:15.706,,,,21,,,,,,,,,,,,,,,,,,,,,,,,,,,,,,,,,,,49.2920143,31.4469176,
08:20:15.767,,,,,,,,,,,,,,,,,,40,,,,,,,,,,,,,,,,,,,,,49.2920143,31.4469176,
08:20:15.805,,,,,,,,,,,,,,,,,,,,,,152,,,,,,,,,,,26.3,,,,42,,49.2921026,31.4470018,
08:20:15.815,,,,,,,,,,,,,,27,,,,,,,,,,,,,,,,,,,,,,,,,49.2921026,31.4470018,
08:20:15.862,,,,,,,,,,,,,,,,,8,,,,,,,,,,,,,,,,,,,,,,49.2921026,31.4470018,
08:20:15.887,,,,,,,,,,,,,44,,,,,,,,,,,,,,,,,,,,,,,,,,49.2921026,31.4470018,
08:20:15.935,,,,,,,,,,,,,,,608,0.03,,,,,,,,,,,,,,,,,,,,,,,49.2921026,31.4470018,
08:20:16.043,,,,,,,,,,,,,,,,,,,42,,,,,,,,,,,,,,,,,,,,49.2921026,31.4470018,
08:20:16.162,,,,,,,,,,,,,,,,,,,,,,,,,,,,,,0,,,,,,,,,49.2921026,31.4470018,
08:20:16.223,,,,,,,,,,,,,,,,,,,,,,,0,0,,,,,,,,,,,,,,,49.2921026,31.4470018,
08:20:16.283,,,,,,,,,,,,,,,,,,,,0,,,,,,,,,,,,,,,,,,,49.2921026,31.4470018,
08:20:16.342,,,,,,,,,,,,,,,,,,,,,,,,,,,,,,,,,,47,,,,,49.2921026,31.4470018,
08:20:16.415,,,,,,,,,,,,,,,,,,,,,,,,,0.006118297277867569,3.17,3.17,96.2,5926.68,,,27.5,,,,,,41,49.2921026,31.4470018,
08:20:16.523,,,,,,,,,,,,,,,,,,,,,,,,,,,,,,,-0.01,,,,,99,,,49.2921026,31.4470018,
08:20:16.642,,,,,,,,,,58.5,,,,,,,,,,,,,,,,,,,,,,,,,,,,,49.2921026,31.4470018,
08:20:16.678,,,,,,,,,355.8,,,,,,,,,,,,,,,,,,,,,,,,,,,,,,49.2921026,31.4470018,
08:20:16.726,,,,,,,,,,,3.696,,,,,,,,,,,,,,,,,,,,,,,,,,,,49.2921026,31.4470018,
08:20:16.774,,,,,,,,,,,,3.69,,,,,,,,,,,,,,,,,,,,,,,,,,,49.2921026,31.4470018,
08:20:16.798,,,,,,,,,,,,,,,,,,,,,,152,,,,,,,,,,,26.3,,,,42.2,,49.2921882,31.4470864,
08:20:16.821,2,,,,,,,,,,,,,,,,,,,,,,,,,,,,,,,,,,,,,,49.2921882,31.4470864,
08:20:16.858,,,3,,,,,,,,,,,,,,,,,,,,,,,,,,,,,,,,,,,,49.2921882,31.4470864,
08:20:16.895,,3,,,,,,,,,,,,,,,,,,,,,,,,,,,,,,,,,,,,,49.2921882,31.4470864,
08:20:16.954,,,,,26,,,,,,,,,,,,,,,,,,,,,,,,,,,,,,,,,,49.2921882,31.4470864,
08:20:16.990,,,,,,26,,,,,,,,,,,,,,,,,,,,,,,,,,,,,,,,,49.2921882,31.4470864,
08:20:17.037,,,,,,,25,,,,,,,,,,,,,,,,,,,,,,,,,,,,,,,,49.2921882,31.4470864,
08:20:17.099,,,,,,,,24,,,,,,,,,,,,,,,,,,,,,,,,,,,,,,,49.2921882,31.4470864,
08:20:17.194,,,,21,,,,,,,,,,,,,,,,,,,,,,,,,,,,,,,,,,,49.2921882,31.4470864,
08:20:17.314,,,,,,,,,,,,,,,,,,40,,,,,,,,,,,,,,,,,,,,,49.2921882,31.4470864,
08:20:17.349,,,,,,,,,,,,,,27,,,,,,,,,,,,,,,,,,,,,,,,,49.2921882,31.4470864,
08:20:17.399,,,,,,,,,,,,,,,,,-4,,,,,,,,,,,,,,,,,,,,,,49.2921882,31.4470864,
08:20:17.434,,,,,,,,,,,,,44,,,,,,,,,,,,,,,,,,,,,,,,,,49.2921882,31.4470864,
08:20:17.471,,,,,,,,,,,,,,,-320,-0.03,,,,,,,,,,,,,,,,,,,,,,,49.2921882,31.4470864,
08:20:17.518,,,,,,,,,,,,,,,,,,,42,,,,,,,,,,,,,,,,,,,,49.2921882,31.4470864,
08:20:17.590,,,,,,,,,,,,,,,,,,,,,,,,,,,,,,0,,,,,,,,,49.2921882,31.4470864,
08:20:17.626,,,,,,,,,,,,,,,,,,,,,,,,,,,,,,,,,,,64,,,,49.2921882,31.4470864,
08:20:17.662,,,,,,,,,,,,,,,,,,,,,,,0,0,,,,,,,,,,,,,,,49.2921882,31.4470864,
08:20:17.699,,,,,,,,,,,,,,,,,,,,0,,,,,,,,,,,,,,,,,,,49.2921882,31.4470864,
08:20:17.747,,,,,,,,,,,,,,,,,,,,,,,,,,,,,,,,,,47,,,,,49.2921882,31.4470864,
08:20:17.805,,,,,,,,,,,,,,,,,,,,,,151,,,,,,,,,,,26.3,,,,42,,49.2922767,31.4471741,
08:20:17.808,,,,,,,,,,,,,,,,,,,,,,,,,0.006118297277867569,3.19,3.19,96.22,5926.7,,,27.5,,,,,,41,49.2922767,31.4471741,
08:20:17.863,,,,,,,,,,,,,,,,,,,,,,,,,,,,,,,-0.01,,,,,99,,,49.2922767,31.4471741,
08:20:17.935,,,,,,,,,,58,,,,,,,,,,,,,,,,,,,,,,,,,,,,,49.2922767,31.4471741,
08:20:17.982,,,,,,,,,354.7,,,,,,,,,,,,,,,,,,,,,,,,,,,,,,49.2922767,31.4471741,
08:20:18.019,,,,,,,,,,,3.703,,,,,,,,,,,,,,,,,,,,,,,,,,,,49.2922767,31.4471741,
08:20:18.067,,,,,,,,,,,,3.689,,,,,,,,,,,,,,,,,,,,,,,,,,,49.2922767,31.4471741,
08:20:18.101,3,,,,,,,,,,,,,,,,,,,,,,,,,,,,,,,,,,,,,,49.2922767,31.4471741,
08:20:18.140,,,3,,,,,,,,,,,,,,,,,,,,,,,,,,,,,,,,,,,,49.2922767,31.4471741,
08:20:18.186,,3,,,,,,,,,,,,,,,,,,,,,,,,,,,,,,,,,,,,,49.2922767,31.4471741,
08:20:18.223,,,,,26,,,,,,,,,,,,,,,,,,,,,,,,,,,,,,,,,,49.2922767,31.4471741,
08:20:18.269,,,,,,26,,,,,,,,,,,,,,,,,,,,,,,,,,,,,,,,,49.2922767,31.4471741,
08:20:18.318,,,,,,,25,,,,,,,,,,,,,,,,,,,,,,,,,,,,,,,,49.2922767,31.4471741,
08:20:18.354,,,,,,,,24,,,,,,,,,,,,,,,,,,,,,,,,,,,,,,,49.2922767,31.4471741,
08:20:18.401,,,,21,,,,,,,,,,,,,,,,,,,,,,,,,,,,,,,,,,,49.2922767,31.4471741,
08:20:18.474,,,,,,,,,,,,,,,,,,39,,,,,,,,,,,,,,,,,,,,,49.2922767,31.4471741,
08:20:18.510,,,,,,,,,,,,,,27,,,,,,,,,,,,,,,,,,,,,,,,,49.2922767,31.4471741,
08:20:18.546,,,,,,,,,,,,,,,,,-5,,,,,,,,,,,,,,,,,,,,,,49.2922767,31.4471741,
08:20:18.582,,,,,,,,,,,,,44,,,,,,,,,,,,,,,,,,,,,,,,,,49.2922767,31.4471741,
08:20:18.629,,,,,,,,,,,,,,,-416,-0.03,,,,,,,,,,,,,,,,,,,,,,,49.2922767,31.4471741,
08:20:18.667,,,,,,,,,,,,,,,,,,,42,,,,,,,,,,,,,,,,,,,,49.2922767,31.4471741,
08:20:18.737,,,,,,,,,,,,,,,,,,,,,,,,,,,,,,0,,,,,,,,,49.2922767,31.4471741,
08:20:18.786,,,,,,,,,,,,,,,,,,,,,,,0,0,,,,,,,,,,,,,,,49.2922767,31.4471741,
08:20:18.801,,,,,,,,,,,,,,,,,,,,,,151,,,,,,,,,,,26.4,,,,41.8,,49.2923644,31.4472612,
08:20:18.823,,,,,,,,,,,,,,,,,,,,0,,,,,,,,,,,,,,,,,,,49.2923644,31.4472612,
08:20:18.875,,,,,,,,,,,,,,,,,,,,,,,,,,,,,,,,,,47,,,,,49.2923644,31.4472612,
08:20:18.922,,,,,,,,,,,,,,,,,,,,,,,,,0.006118297277867569,3.2,3.2,96.23,5926.71,,,27.6,,,,,,41,49.2923644,31.4472612,
08:20:18.970,,,,,,,,,,,,,,,,,,,,,,,,,,,,,,,-0.01,,,,,99,,,49.2923644,31.4472612,
08:20:19.055,,,,,,,,,,58,,,,,,,,,,,,,,,,,,,,,,,,,,,,,49.2923644,31.4472612,
08:20:19.091,,,,,,,,,356.3,,,,,,,,,,,,,,,,,,,,,,,,,,,,,,49.2923644,31.4472612,
08:20:19.139,,,,,,,,,,,3.7,,,,,,,,,,,,,,,,,,,,,,,,,,,,49.2923644,31.4472612,
08:20:19.173,,,,,,,,,,,,3.694,,,,,,,,,,,,,,,,,,,,,,,,,,,49.2923644,31.4472612,
08:20:19.210,2,,,,,,,,,,,,,,,,,,,,,,,,,,,,,,,,,,,,,,49.2923644,31.4472612,
08:20:19.270,,,2,,,,,,,,,,,,,,,,,,,,,,,,,,,,,,,,,,,,49.2923644,31.4472612,
08:20:19.319,,1,,,,,,,,,,,,,,,,,,,,,,,,,,,,,,,,,,,,,49.2923644,31.4472612,
08:20:19.366,,,,,26,,,,,,,,,,,,,,,,,,,,,,,,,,,,,,,,,,49.2923644,31.4472612,
08:20:19.403,,,,,,26,,,,,,,,,,,,,,,,,,,,,,,,,,,,,,,,,49.2923644,31.4472612,
08:20:19.451,,,,,,,25,,,,,,,,,,,,,,,,,,,,,,,,,,,,,,,,49.2923644,31.4472612,
08:20:19.486,,,,,,,,24,,,,,,,,,,,,,,,,,,,,,,,,,,,,,,,49.2923644,31.4472612,
08:20:19.522,,,,21,,,,,,,,,,,,,,,,,,,,,,,,,,,,,,,,,,,49.2923644,31.4472612,
08:20:19.582,,,,,,,,,,,,,,,,,,39,,,,,,,,,,,,,,,,,,,,,49.2923644,31.4472612,
08:20:19.620,,,,,,,,,,,,,,27,,,,,,,,,,,,,,,,,,,,,,,,,49.2923644,31.4472612,
08:20:19.655,,,,,,,,,,,,,,,,,-5,,,,,,,,,,,,,,,,,,,,,,49.2923644,31.4472612,
08:20:19.679,,,,,,,,,,,,,44,,,,,,,,,,,,,,,,,,,,,,,,,,49.2923644,31.4472612,
08:20:19.715,,,,,,,,,,,,,,,-320,-0.03,,,,,,,,,,,,,,,,,,,,,,,49.2923644,31.4472612,
08:20:19.762,,,,,,,,,,,,,,,,,,,41,,,,,,,,,,,,,,,,,,,,49.2923644,31.4472612,
08:20:19.801,,,,,,,,,,,,,,,,,,,,,,151,,,,,,,,,,,26.4,,,,42,,49.2924514,31.4473476,
08:20:19.847,,,,,,,,,,,,,,,,,,,,,,,,,,,,,,0,,,,,,,,,49.2924514,31.4473476,
08:20:19.893,,,,,,,,,,,,,,,,,,,,,,,,,,,,,,,,,,,64,,,,49.2924514,31.4473476,
08:20:19.954,,,,,,,,,,,,,,,,,,,,,,,0,0,,,,,,,,,,,,,,,49.2924514,31.4473476,
08:20:19.990,,,,,,,,,,,,,,,,,,,,0,,,,,,,,,,,,,,,,,,,49.2924514,31.4473476,
08:20:20.026,,,,,,,,,,,,,,,,,,,,,,,,,,,,,,,,,,47,,,,,49.2924514,31.4473476,
08:20:20.062,,,,,,,,,,,,,,,,,,,,,,,,,0,3.22,3.22,96.24,5926.72,,,27.6,,,,,,41,49.2924514,31.4473476,
08:20:20.146,,,,,,,,,,,,,,,,,,,,,,,,,,,,,,,-0.01,,,,,99,,,49.2924514,31.4473476,
08:20:20.278,,,,,,,,,,58,,,,,,,,,,,,,,,,,,,,,,,,,,,,,49.2924514,31.4473476,
08:20:20.315,,,,,,,,,354.5,,,,,,,,,,,,,,,,,,,,,,,,,,,,,,49.2924514,31.4473476,
08:20:20.349,,,,,,,,,,,3.701,,,,,,,,,,,,,,,,,,,,,,,,,,,,49.2924514,31.4473476,
08:20:20.386,,,,,,,,,,,,3.694,,,,,,,,,,,,,,,,,,,,,,,,,,,49.2924514,31.4473476,
08:20:20.447,1,,,,,,,,,,,,,,,,,,,,,,,,,,,,,,,,,,,,,,49.2924514,31.4473476,
08:20:20.495,,,1,,,,,,,,,,,,,,,,,,,,,,,,,,,,,,,,,,,,49.2924514,31.4473476,
08:20:20.553,,1,,,,,,,,,,,,,,,,,,,,,,,,,,,,,,,,,,,,,49.2924514,31.4473476,
08:20:20.603,,,,,26,,,,,,,,,,,,,,,,,,,,,,,,,,,,,,,,,,49.2924514,31.4473476,
08:20:20.639,,,,,,26,,,,,,,,,,,,,,,,,,,,,,,,,,,,,,,,,49.2924514,31.4473476,
08:20:20.674,,,,,,,25,,,,,,,,,,,,,,,,,,,,,,,,,,,,,,,,49.2924514,31.4473476,
08:20:20.711,,,,,,,,24,,,,,,,,,,,,,,,,,,,,,,,,,,,,,,,49.2924514,31.4473476,
08:20:20.759,,,,21,,,,,,,,,,,,,,,,,,,,,,,,,,,,,,,,,,,49.2924514,31.4473476,
08:20:20.805,,,,,,,,,,,,,,,,,,,,,,151,,,,,,,,,,,26.4,,,,41.9,,49.2925393,31.4474365,
08:20:20.817,,,,,,,,,,,,,,,,,,39,,,,,,,,,,,,,,,,,,,,,49.2925393,31.4474365,
08:20:20.855,,,,,,,,,,,,,,27,,,,,,,,,,,,,,,,,,,,,,,,,49.2925393,31.4474365,
08:20:20.890,,,,,,,,,,,,,,,,,-2,,,,,,,,,,,,,,,,,,,,,,49.2925393,31.4474365,
08:20:20.926,,,,,,,,,,,,,44,,,,,,,,,,,,,,,,,,,,,,,,,,49.2925393,31.4474365,
08:20:20.974,,,,,,,,,,,,,,,-32,-0.02,,,,,,,,,,,,,,,,,,,,,,,49.2925393,31.4474365,
08:20:21.023,,,,,,,,,,,,,,,,,,,41,,,,,,,,,,,,,,,,,,,,49.2925393,31.4474365,
08:20:21.106,,,,,,,,,,,,,,,,,,,,,,,,,,,,,,0,,,,,,,,,49.2925393,31.4474365,
08:20:21.154,,,,,,,,,,,,,,,,,,,,,,,0,0,,,,,,,,,,,,,,,49.2925393,31.4474365,
08:20:21.202,,,,,,,,,,,,,,,,,,,,0,,,,,,,,,,,,,,,,,,,49.2925393,31.4474365,
08:20:21.251,,,,,,,,,,,,,,,,,,,,,,,,,,,,,,,,,,47,,,,,49.2925393,31.4474365,
08:20:21.287,,,,,,,,,,,,,,,,,,,,,,,,,0,3.23,3.23,96.26,5926.73,,,27.6,,,,,,41,49.2925393,31.4474365,
08:20:21.333,,,,,,,,,,,,,,,,,,,,,,,,,,,,,,,0,,,,,100,,,49.2925393,31.4474365,
08:20:21.406,,,,,,,,,,58,,,,,,,,,,,,,,,,,,,,,,,,,,,,,49.2925393,31.4474365,
08:20:21.455,,,,,,,,,356.1,,,,,,,,,,,,,,,,,,,,,,,,,,,,,,49.2925393,31.4474365,
08:20:21.490,,,,,,,,,,,3.703,,,,,,,,,,,,,,,,,,,,,,,,,,,,49.2925393,31.4474365,
08:20:21.527,,,,,,,,,,,,3.696,,,,,,,,,,,,,,,,,,,,,,,,,,,49.2925393,31.4474365,
08:20:21.575,-0,,,,,,,,,,,,,,,,,,,,,,,,,,,,,,,,,,,,,,49.2925393,31.4474365,
08:20:21.622,,,1,,,,,,,,,,,,,,,,,,,,,,,,,,,,,,,,,,,,49.2925393,31.4474365,
08:20:21.671,,1,,,,,,,,,,,,,,,,,,,,,,,,,,,,,,,,,,,,,49.2925393,31.4474365,
08:20:21.707,,,,,26,,,,,,,,,,,,,,,,,,,,,,,,,,,,,,,,,,49.2925393,31.4474365,
08:20:21.754,,,,,,26,,,,,,,,,,,,,,,,,,,,,,,,,,,,,,,,,49.2925393,31.4474365,
08:20:21.790,,,,,,,25,,,,,,,,,,,,,,,,,,,,,,,,,,,,,,,,49.2925393,31.4474365,
08:20:21.802,,,,,,,,,,,,,,,,,,,,,,151,,,,,,,,,,,26.5,,,,41.7,,49.2926269,31.447525,
08:20:21.827,,,,,,,,24,,,,,,,,,,,,,,,,,,,,,,,,,,,,,,,49.2926269,31.447525,
08:20:21.874,,,,21,,,,,,,,,,,,,,,,,,,,,,,,,,,,,,,,,,,49.2926269,31.447525,
08:20:21.945,,,,,,,,,,,,,,,,,,39,,,,,,,,,,,,,,,,,,,,,49.2926269,31.447525,
08:20:21.994,,,,,,,,,,,,,,27,,,,,,,,,,,,,,,,,,,,,,,,,49.2926269,31.447525,
08:20:22.031,,,,,,,,,,,,,,,,,-4,,,,,,,,,,,,,,,,,,,,,,49.2926269,31.447525,
08:20:22.079,,,,,,,,,,,,,44,,,,,,,,,,,,,,,,,,,,,,,,,,49.2926269,31.447525,
08:20:22.125,,,,,,,,,,,,,,,-224,-0.02,,,,,,,,,,,,,,,,,,,,,,,49.2926269,31.447525,
08:20:22.162,,,,,,,,,,,,,,,,,,,41,,,,,,,,,,,,,,,,,,,,49.2926269,31.447525,
08:20:22.223,,,,,,,,,,,,,,,,,,,,,,,,,,,,,,0,,,,,,,,,49.2926269,31.447525,
08:20:22.263,,,,,,,,,,,,,,,,,,,,,,,,,,,,,,,,,,,64,,,,49.2926269,31.447525,
08:20:22.311,,,,,,,,,,,,,,,,,,,,,,,0,0,,,,,,,,,,,,,,,49.2926269,31.447525,
08:20:22.359,,,,,,,,,,,,,,,,,,,,0,,,,,,,,,,,,,,,,,,,49.2926269,31.447525,
08:20:22.406,,,,,,,,,,,,,,,,,,,,,,,,,,,,,,,,,,47,,,,,49.2926269,31.447525,
08:20:22.443,,,,,,,,,,,,,,,,,,,,,,,,,0,3.24,3.24,96.27,5926.75,,,27.7,,,,,,41,49.2926269,31.447525,
08:20:22.478,,,,,,,,,,,,,,,,,,,,,,,,,,,,,,,-0.01,,,,,99,,,49.2926269,31.447525,
08:20:22.550,,,,,,,,,,57.5,,,,,,,,,,,,,,,,,,,,,,,,,,,,,49.2926269,31.447525,
08:20:22.574,,,,,,,,,354.7,,,,,,,,,,,,,,,,,,,,,,,,,,,,,,49.2926269,31.447525,
08:20:22.622,,,,,,,,,,,3.703,,,,,,,,,,,,,,,,,,,,,,,,,,,,49.2926269,31.447525,
08:20:22.658,,,,,,,,,,,,3.692,,,,,,,,,,,,,,,,,,,,,,,,,,,49.2926269,31.447525,
08:20:22.730,-0,,,,,,,,,,,,,,,,,,,,,,,,,,,,,,,,,,,,,,49.2926269,31.447525,
08:20:22.766,,,-0,,,,,,,,,,,,,,,,,,,,,,,,,,,,,,,,,,,,49.2926269,31.447525,
08:20:22.803,,-1,,,,,,,,,,,,,,,,,,,,,,,,,,,,,,,,,,,,,49.2926269,31.447525,
08:20:22.809,,,,,,,,,,,,,,,,,,,,,,150,,,,,,,,,,,26.5,,,,41.8,,49.2927155,31.4476122,
08:20:22.854,,,,,26,,,,,,,,,,,,,,,,,,,,,,,,,,,,,,,,,,49.2927155,31.4476122,
08:20:22.891,,,,,,26,,,,,,,,,,,,,,,,,,,,,,,,,,,,,,,,,49.2927155,31.4476122,
08:20:22.938,,,,,,,25,,,,,,,,,,,,,,,,,,,,,,,,,,,,,,,,49.2927155,31.4476122,
08:20:22.974,,,,,,,,24,,,,,,,,,,,,,,,,,,,,,,,,,,,,,,,49.2927155,31.4476122,
08:20:23.010,,,,21,,,,,,,,,,,,,,,,,,,,,,,,,,,,,,,,,,,49.2927155,31.4476122,
08:20:23.118,,,,,,,,,,,,,,,,,,39,,,,,,,,,,,,,,,,,,,,,49.2927155,31.4476122,
08:20:23.153,,,,,,,,,,,,,,27,,,,,,,,,,,,,,,,,,,,,,,,,49.2927155,31.4476122,
08:20:23.214,,,,,,,,,,,,,,,,,4,,,,,,,,,,,,,,,,,,,,,,49.2927155,31.4476122,
08:20:23.251,,,,,,,,,,,,,42,,,,,,,,,,,,,,,,,,,,,,,,,,49.2927155,31.4476122,
08:20:23.287,,,,,,,,,,,,,,,288,0.02,,,,,,,,,,,,,,,,,,,,,,,49.2927155,31.4476122,
08:20:23.346,,,,,,,,,,,,,,,,,,,41,,,,,,,,,,,,,,,,,,,,49.2927155,31.4476122,
08:20:23.502,,,,,,,,,,,,,,,,,,,,,,,,,,,,,,0,,,,,,,,,49.2927155,31.4476122,
08:20:23.574,,,,,,,,,,,,,,,,,,,,,,,0,0,,,,,,,,,,,,,,,49.2927155,31.4476122,
08:20:23.623,,,,,,,,,,,,,,,,,,,,0,,,,,,,,,,,,,,,,,,,49.2927155,31.4476122,
08:20:23.658,,,,,,,,,,,,,,,,,,,,,,,,,,,,,,,,,,47,,,,,49.2927155,31.4476122,
08:20:23.717,,,,,,,,,,,,,,,,,,,,,,,,,0,3.26,3.26,96.29,5926.76,,,27.7,,,,,,41,49.2927155,31.4476122,
08:20:23.777,,,,,,,,,,,,,,,,,,,,,,,,,,,,,,,-0.01,,,,,99,,,49.2927155,31.4476122,
08:20:23.801,,,,,,,,,,,,,,,,,,,,,,150,,,,,,,,,,,26.5,,,,41.8,,49.292803,31.4476991,
08:20:23.849,,,,,,,,,,57.5,,,,,,,,,,,,,,,,,,,,,,,,,,,,,49.292803,31.4476991,
08:20:23.899,,,,,,,,,355,,,,,,,,,,,,,,,,,,,,,,,,,,,,,,49.292803,31.4476991,
08:20:23.933,,,,,,,,,,,3.692,,,,,,,,,,,,,,,,,,,,,,,,,,,,49.292803,31.4476991,
08:20:23.971,,,,,,,,,,,,3.685,,,,,,,,,,,,,,,,,,,,,,,,,,,49.292803,31.4476991,
08:20:24.017,-7,,,,,,,,,,,,,,,,,,,,,,,,,,,,,,,,,,,,,,49.292803,31.4476991,
08:20:24.054,,,-7,,,,,,,,,,,,,,,,,,,,,,,,,,,,,,,,,,,,49.292803,31.4476991,
08:20:24.092,,-7,,,,,,,,,,,,,,,,,,,,,,,,,,,,,,,,,,,,,49.292803,31.4476991,
08:20:24.127,,,,,26,,,,,,,,,,,,,,,,,,,,,,,,,,,,,,,,,,49.292803,31.4476991,
08:20:24.162,,,,,,26,,,,,,,,,,,,,,,,,,,,,,,,,,,,,,,,,49.292803,31.4476991,
08:20:24.199,,,,,,,25,,,,,,,,,,,,,,,,,,,,,,,,,,,,,,,,49.292803,31.4476991,
08:20:24.247,,,,,,,,24,,,,,,,,,,,,,,,,,,,,,,,,,,,,,,,49.292803,31.4476991,
08:20:24.283,,,,21,,,,,,,,,,,,,,,,,,,,,,,,,,,,,,,,,,,49.292803,31.4476991,
08:20:24.391,,,,,,,,,,,,,,,,,,39,,,,,,,,,,,,,,,,,,,,,49.292803,31.4476991,
08:20:24.438,,,,,,,,,,,,,,27,,,,,,,,,,,,,,,,,,,,,,,,,49.292803,31.4476991,
08:20:24.475,,,,,,,,,,,,,,,,,9,,,,,,,,,,,,,,,,,,,,,,49.292803,31.4476991,
08:20:24.511,,,,,,,,,,,,,42,,,,,,,,,,,,,,,,,,,,,,,,,,49.292803,31.4476991,
08:20:24.563,,,,,,,,,,,,,,,480,0.02,,,,,,,,,,,,,,,,,,,,,,,49.292803,31.4476991,
08:20:24.599,,,,,,,,,,,,,,,,,,,42,,,,,,,,,,,,,,,,,,,,49.292803,31.4476991,
08:20:24.658,,,,,,,,,,,,,,,,,,,,,,,,,,,,,,0,,,,,,,,,49.292803,31.4476991,
08:20:24.718,,,,,,,,,,,,,,,,,,,,,,,,,,,,,,,,,,,64,,,,49.292803,31.4476991,
08:20:24.767,,,,,,,,,,,,,,,,,,,,,,,0,0,,,,,,,,,,,,,,,49.292803,31.4476991,
08:20:24.806,,,,,,,,,,,,,,,,,,,,,,148,,,,,,,,,,,26.6,,,,42.3,,49.2928891,31.4477892,
08:20:24.814,,,,,,,,,,,,,,,,,,,,0,,,,,,,,,,,,,,,,,,,49.2928891,31.4477892,
08:20:24.849,,,,,,,,,,,,,,,,,,,,,,,,,,,,,,,,,,47,,,,,49.2928891,31.4477892,
08:20:24.909,,,,,,,,,,,,,,,,,,,,,,,,,0.006118297277867569,3.27,3.27,96.3,5926.78,,,27.8,,,,,,42,49.2928891,31.4477892,
08:20:24.946,,,,,,,,,,,,,,,,,,,,,,,,,,,,,,,-0.01,,,,,99,,,49.2928891,31.4477892,
08:20:25.019,,,,,,,,,,57.5,,,,,,,,,,,,,,,,,,,,,,,,,,,,,49.2928891,31.4477892,
08:20:25.055,,,,,,,,,353.1,,,,,,,,,,,,,,,,,,,,,,,,,,,,,,49.2928891,31.4477892,
08:20:25.091,,,,,,,,,,,3.692,,,,,,,,,,,,,,,,,,,,,,,,,,,,49.2928891,31.4477892,
08:20:25.138,,,,,,,,,,,,3.681,,,,,,,,,,,,,,,,,,,,,,,,,,,49.2928891,31.4477892,
08:20:25.174,-12,,,,,,,,,,,,,,,,,,,,,,,,,,,,,,,,,,,,,,49.2928891,31.4477892,
08:20:25.222,,,-13,,,,,,,,,,,,,,,,,,,,,,,,,,,,,,,,,,,,49.2928891,31.4477892,
08:20:25.269,,-12,,,,,,,,,,,,,,,,,,,,,,,,,,,,,,,,,,,,,49.2928891,31.4477892,
08:20:25.306,,,,,26,,,,,,,,,,,,,,,,,,,,,,,,,,,,,,,,,,49.2928891,31.4477892,
08:20:25.342,,,,,,26,,,,,,,,,,,,,,,,,,,,,,,,,,,,,,,,,49.2928891,31.4477892,
08:20:25.378,,,,,,,25,,,,,,,,,,,,,,,,,,,,,,,,,,,,,,,,49.2928891,31.4477892,
08:20:25.415,,,,,,,,24,,,,,,,,,,,,,,,,,,,,,,,,,,,,,,,49.2928891,31.4477892,
08:20:25.450,,,,21,,,,,,,,,,,,,,,,,,,,,,,,,,,,,,,,,,,49.2928891,31.4477892,
08:20:25.511,,,,,,,,,,,,,,,,,,39,,,,,,,,,,,,,,,,,,,,,49.2928891,31.4477892,
08:20:25.546,,,,,,,,,,,,,,27,,,,,,,,,,,,,,,,,,,,,,,,,49.2928891,31.4477892,
08:20:25.583,,,,,,,,,,,,,,,,,11,,,,,,,,,,,,,,,,,,,,,,49.2928891,31.4477892,
08:20:25.619,,,,,,,,,,,,,42,,,,,,,,,,,,,,,,,,,,,,,,,,49.2928891,31.4477892,
08:20:25.667,,,,,,,,,,,,,,,576,0.03,,,,,,,,,,,,,,,,,,,,,,,49.2928891,31.4477892,
08:20:25.714,,,,,,,,,,,,,,,,,,,43,,,,,,,,,,,,,,,,,,,,49.2928891,31.4477892,
08:20:25.787,,,,,,,,,,,,,,,,,,,,,,,,,,,,,,0,,,,,,,,,49.2928891,31.4477892,
08:20:25.806,,,,,,,,,,,,,,,,,,,,,,148,,,,,,,,,,,26.6,,,,42.6,,49.2929785,31.4478791,
08:20:25.834,,,,,,,,,,,,,,,,,,,,,,,0,0,,,,,,,,,,,,,,,49.2929785,31.4478791,
08:20:25.870,,,,,,,,,,,,,,,,,,,,0,,,,,,,,,,,,,,,,,,,49.2929785,31.4478791,
08:20:25.919,,,,,,,,,,,,,,,,,,,,,,,,,,,,,,,,,,47,,,,,49.2929785,31.4478791,
08:20:25.953,,,,,,,,,,,,,,,,,,,,,,,,,0.006118297277867569,3.28,3.28,96.31,5926.79,,,27.8,,,,,,42,49.2929785,31.4478791,
08:20:25.989,,,,,,,,,,,,,,,,,,,,,,,,,,,,,,,-0.01,,,,,99,,,49.2929785,31.4478791,
08:20:26.051,,,,,,,,,,57.5,,,,,,,,,,,,,,,,,,,,,,,,,,,,,49.2929785,31.4478791,
08:20:26.087,,,,,,,,,354.5,,,,,,,,,,,,,,,,,,,,,,,,,,,,,,49.2929785,31.4478791,
08:20:26.135,,,,,,,,,,,3.685,,,,,,,,,,,,,,,,,,,,,,,,,,,,49.2929785,31.4478791,
08:20:26.183,,,,,,,,,,,,3.676,,,,,,,,,,,,,,,,,,,,,,,,,,,49.2929785,31.4478791,
08:20:26.217,-14,,,,,,,,,,,,,,,,,,,,,,,,,,,,,,,,,,,,,,49.2929785,31.4478791,
08:20:26.271,,,-10,,,,,,,,,,,,,,,,,,,,,,,,,,,,,,,,,,,,49.2929785,31.4478791,
08:20:26.307,,-14,,,,,,,,,,,,,,,,,,,,,,,,,,,,,,,,,,,,,49.2929785,31.4478791,
08:20:26.354,,,,,26,,,,,,,,,,,,,,,,,,,,,,,,,,,,,,,,,,49.2929785,31.4478791,
08:20:26.403,,,,,,26,,,,,,,,,,,,,,,,,,,,,,,,,,,,,,,,,49.2929785,31.4478791,
08:20:26.451,,,,,,,25,,,,,,,,,,,,,,,,,,,,,,,,,,,,,,,,49.2929785,31.4478791,
08:20:26.486,,,,,,,,24,,,,,,,,,,,,,,,,,,,,,,,,,,,,,,,49.2929785,31.4478791,
08:20:26.523,,,,21,,,,,,,,,,,,,,,,,,,,,,,,,,,,,,,,,,,49.2929785,31.4478791,
08:20:26.606,,,,,,,,,,,,,,,,,,39,,,,,,,,,,,,,,,,,,,,,49.2929785,31.4478791,
08:20:26.679,,,,,,,,,,,,,,27,,,,,,,,,,,,,,,,,,,,,,,,,49.2929785,31.4478791,
08:20:26.774,,,,,,,,,,,,,,,,,11,,,,,,,,,,,,,,,,,,,,,,49.2929785,31.4478791,
08:20:26.809,,,,,,,,,,,,,,,,,,,,,,148,,,,,,,,,,,26.6,,,,44.1,,49.2930708,31.4479666,
08:20:26.811,,,,,,,,,,,,,42,,,,,,,,,,,,,,,,,,,,,,,,,,49.2930708,31.4479666,
08:20:26.847,,,,,,,,,,,,,,,544,0.03,,,,,,,,,,,,,,,,,,,,,,,49.2930708,31.4479666,
08:20:26.883,,,,,,,,,,,,,,,,,,,43,,,,,,,,,,,,,,,,,,,,49.2930708,31.4479666,
08:20:26.943,,,,,,,,,,,,,,,,,,,,,,,,,,,,,,0,,,,,,,,,49.2930708,31.4479666,
08:20:26.990,,,,,,,,,,,,,,,,,,,,,,,,,,,,,,,,,,,64,,,,49.2930708,31.4479666,
08:20:27.039,,,,,,,,,,,,,,,,,,,,,,,0,0,,,,,,,,,,,,,,,49.2930708,31.4479666,
08:20:27.078,,,,,,,,,,,,,,,,,,,,0,,,,,,,,,,,,,,,,,,,49.2930708,31.4479666,
08:20:27.150,,,,,,,,,,,,,,,,,,,,,,,,,,,,,,,,,,47,,,,,49.2930708,31.4479666,
08:20:27.199,,,,,,,,,,,,,,,,,,,,,,,,,0.012236594555735138,3.3,3.3,96.33,5926.8,,,27.8,,,,,,43,49.2930708,31.4479666,
08:20:27.246,,,,,,,,,,,,,,,,,,,,,,,,,,,,,,,-0.01,,,,,99,,,49.2930708,31.4479666,
08:20:27.319,,,,,,,,,,57.5,,,,,,,,,,,,,,,,,,,,,,,,,,,,,49.2930708,31.4479666,
08:20:27.366,,,,,,,,,353.1,,,,,,,,,,,,,,,,,,,,,,,,,,,,,,49.2930708,31.4479666,
08:20:27.402,,,,,,,,,,,3.684,,,,,,,,,,,,,,,,,,,,,,,,,,,,49.2930708,31.4479666,
08:20:27.438,,,,,,,,,,,,3.673,,,,,,,,,,,,,,,,,,,,,,,,,,,49.2930708,31.4479666,
08:20:27.473,-12,,,,,,,,,,,,,,,,,,,,,,,,,,,,,,,,,,,,,,49.2930708,31.4479666,
08:20:27.511,,,-13,,,,,,,,,,,,,,,,,,,,,,,,,,,,,,,,,,,,49.2930708,31.4479666,
08:20:27.545,,-12,,,,,,,,,,,,,,,,,,,,,,,,,,,,,,,,,,,,,49.2930708,31.4479666,
08:20:27.594,,,,,26,,,,,,,,,,,,,,,,,,,,,,,,,,,,,,,,,,49.2930708,31.4479666,
08:20:27.641,,,,,,26,,,,,,,,,,,,,,,,,,,,,,,,,,,,,,,,,49.2930708,31.4479666,
08:20:27.678,,,,,,,25,,,,,,,,,,,,,,,,,,,,,,,,,,,,,,,,49.2930708,31.4479666,
08:20:27.725,,,,,,,,24,,,,,,,,,,,,,,,,,,,,,,,,,,,,,,,49.2930708,31.4479666,
08:20:27.774,,,,21,,,,,,,,,,,,,,,,,,,,,,,,,,,,,,,,,,,49.2930708,31.4479666,
08:20:27.805,,,,,,,,,,,,,,,,,,,,,,148,,,,,,,,,,,26.7,,,,44.1,,49.2931619,31.4480564,
08:20:27.846,,,,,,,,,,,,,,,,,,39,,,,,,,,,,,,,,,,,,,,,49.2931619,31.4480564,
08:20:27.894,,,,,,,,,,,,,,27,,,,,,,,,,,,,,,,,,,,,,,,,49.2931619,31.4480564,
08:20:27.943,,,,,,,,,,,,,,,,,10,,,,,,,,,,,,,,,,,,,,,,49.2931619,31.4480564,
08:20:27.991,,,,,,,,,,,,,42,,,,,,,,,,,,,,,,,,,,,,,,,,49.2931619,31.4480564,
08:20:28.037,,,,,,,,,,,,,,,704,0.03,,,,,,,,,,,,,,,,,,,,,,,49.2931619,31.4480564,
08:20:28.074,,,,,,,,,,,,,,,,,,,44,,,,,,,,,,,,,,,,,,,,49.2931619,31.4480564,
08:20:28.159,,,,,,,,,,,,,,,,,,,,,,,,,,,,,,0,,,,,,,,,49.2931619,31.4480564,
08:20:28.231,,,,,,,,,,,,,,,,,,,,,,,0,0,,,,,,,,,,,,,,,49.2931619,31.4480564,
08:20:28.278,,,,,,,,,,,,,,,,,,,,0,,,,,,,,,,,,,,,,,,,49.2931619,31.4480564,
08:20:28.338,,,,,,,,,,,,,,,,,,,,,,,,,,,,,,,,,,47,,,,,49.2931619,31.4480564,
08:20:28.386,,,,,,,,,,,,,,,,,,,,,,,,,0.012236594555735138,3.31,3.31,96.34,5926.82,,,27.9,,,,,,43,49.2931619,31.4480564,
08:20:28.423,,,,,,,,,,,,,,,,,,,,,,,,,,,,,,,-0.01,,,,,99,,,49.2931619,31.4480564,
08:20:28.495,,,,,,,,,,57,,,,,,,,,,,,,,,,,,,,,,,,,,,,,49.2931619,31.4480564,
08:20:28.542,,,,,,,,,353.1,,,,,,,,,,,,,,,,,,,,,,,,,,,,,,49.2931619,31.4480564,
08:20:28.590,,,,,,,,,,,3.681,,,,,,,,,,,,,,,,,,,,,,,,,,,,49.2931619,31.4480564,
08:20:28.626,,,,,,,,,,,,3.669,,,,,,,,,,,,,,,,,,,,,,,,,,,49.2931619,31.4480564,
08:20:28.663,-14,,,,,,,,,,,,,,,,,,,,,,,,,,,,,,,,,,,,,,49.2931619,31.4480564,
08:20:28.711,,,-13,,,,,,,,,,,,,,,,,,,,,,,,,,,,,,,,,,,,49.2931619,31.4480564,
08:20:28.746,,-12,,,,,,,,,,,,,,,,,,,,,,,,,,,,,,,,,,,,,49.2931619,31.4480564,
08:20:28.783,,,,,26,,,,,,,,,,,,,,,,,,,,,,,,,,,,,,,,,,49.2931619,31.4480564,
08:20:28.802,,,,,,,,,,,,,,,,,,,,,,148,,,,,,,,,,,26.7,,,,44.4,,49.2932544,31.4481494,
08:20:28.831,,,,,,26,,,,,,,,,,,,,,,,,,,,,,,,,,,,,,,,,49.2932544,31.4481494,
08:20:28.867,,,,,,,25,,,,,,,,,,,,,,,,,,,,,,,,,,,,,,,,49.2932544,31.4481494,
08:20:28.915,,,,,,,,24,,,,,,,,,,,,,,,,,,,,,,,,,,,,,,,49.2932544,31.4481494,
08:20:28.951,,,,21,,,,,,,,,,,,,,,,,,,,,,,,,,,,,,,,,,,49.2932544,31.4481494,
08:20:29.022,,,,,,,,,,,,,,,,,,39,,,,,,,,,,,,,,,,,,,,,49.2932544,31.4481494,
08:20:29.058,,,,,,,,,,,,,,27,,,,,,,,,,,,,,,,,,,,,,,,,49.2932544,31.4481494,
08:20:29.094,,,,,,,,,,,,,,,,,7,,,,,,,,,,,,,,,,,,,,,,49.2932544,31.4481494,
08:20:29.142,,,,,,,,,,,,,42,,,,,,,,,,,,,,,,,,,,,,,,,,49.2932544,31.4481494,
08:20:29.177,,,,,,,,,,,,,,,416,0.02,,,,,,,,,,,,,,,,,,,,,,,49.2932544,31.4481494,
08:20:29.215,,,,,,,,,,,,,,,,,,,44,,,,,,,,,,,,,,,,,,,,49.2932544,31.4481494,
08:20:29.287,,,,,,,,,,,,,,,,,,,,,,,,,,,,,,0,,,,,,,,,49.2932544,31.4481494,
08:20:29.335,,,,,,,,,,,,,,,,,,,,,,,,,,,,,,,,,,,64,,,,49.2932544,31.4481494,
08:20:29.395,,,,,,,,,,,,,,,,,,,,,,,0,0,,,,,,,,,,,,,,,49.2932544,31.4481494,
08:20:29.442,,,,,,,,,,,,,,,,,,,,0,,,,,,,,,,,,,,,,,,,49.2932544,31.4481494,
08:20:29.479,,,,,,,,,,,,,,,,,,,,,,,,,,,,,,,,,,47,,,,,49.2932544,31.4481494,
08:20:29.551,,,,,,,,,,,,,,,,,,,,,,,,,0.006118297277867569,3.33,3.33,96.35,5926.83,,,27.9,,,,,,43,49.2932544,31.4481494,
08:20:29.610,,,,,,,,,,,,,,,,,,,,,,,,,,,,,,,-0.01,,,,,99,,,49.2932544,31.4481494,
08:20:29.718,,,,,,,,,,57,,,,,,,,,,,,,,,,,,,,,,,,,,,,,49.2932544,31.4481494,
08:20:29.779,,,,,,,,,353.6,,,,,,,,,,,,,,,,,,,,,,,,,,,,,,49.2932544,31.4481494,
08:20:29.802,,,,,,,,,,,,,,,,,,,,,,148,,,,,,,,,,,26.8,,,,44.3,,49.2933474,31.4482428,
08:20:29.814,,,,,,,,,,,3.687,,,,,,,,,,,,,,,,,,,,,,,,,,,,49.2933474,31.4482428,
08:20:29.850,,,,,,,,,,,,3.674,,,,,,,,,,,,,,,,,,,,,,,,,,,49.2933474,31.4482428,
08:20:29.886,-9,,,,,,,,,,,,,,,,,,,,,,,,,,,,,,,,,,,,,,49.2933474,31.4482428,
08:20:29.922,,,-13,,,,,,,,,,,,,,,,,,,,,,,,,,,,,,,,,,,,49.2933474,31.4482428,
08:20:29.960,,-11,,,,,,,,,,,,,,,,,,,,,,,,,,,,,,,,,,,,,49.2933474,31.4482428,
08:20:29.995,,,,,26,,,,,,,,,,,,,,,,,,,,,,,,,,,,,,,,,,49.2933474,31.4482428,
08:20:30.029,,,,,,26,,,,,,,,,,,,,,,,,,,,,,,,,,,,,,,,,49.2933474,31.4482428,
08:20:30.067,,,,,,,25,,,,,,,,,,,,,,,,,,,,,,,,,,,,,,,,49.2933474,31.4482428,
08:20:30.103,,,,,,,,24,,,,,,,,,,,,,,,,,,,,,,,,,,,,,,,49.2933474,31.4482428,
08:20:30.138,,,,21,,,,,,,,,,,,,,,,,,,,,,,,,,,,,,,,,,,49.2933474,31.4482428,
08:20:30.211,,,,,,,,,,,,,,,,,,39,,,,,,,,,,,,,,,,,,,,,49.2933474,31.4482428,
08:20:30.247,,,,,,,,,,,,,,27,,,,,,,,,,,,,,,,,,,,,,,,,49.2933474,31.4482428,
08:20:30.307,,,,,,,,,,,,,,,,,7,,,,,,,,,,,,,,,,,,,,,,49.2933474,31.4482428,
08:20:30.378,,,,,,,,,,,,,42,,,,,,,,,,,,,,,,,,,,,,,,,,49.2933474,31.4482428,
08:20:30.414,,,,,,,,,,,,,,,448,0.02,,,,,,,,,,,,,,,,,,,,,,,49.2933474,31.4482428,
08:20:30.462,,,,,,,,,,,,,,,,,,,44,,,,,,,,,,,,,,,,,,,,49.2933474,31.4482428,
08:20:30.535,,,,,,,,,,,,,,,,,,,,,,,,,,,,,,0,,,,,,,,,49.2933474,31.4482428,
08:20:30.570,,,,,,,,,,,,,,,,,,,,,,,0,0,,,,,,,,,,,,,,,49.2933474,31.4482428,
08:20:30.619,,,,,,,,,,,,,,,,,,,,0,,,,,,,,,,,,,,,,,,,49.2933474,31.4482428,
08:20:30.666,,,,,,,,,,,,,,,,,,,,,,,,,,,,,,,,,,47,,,,,49.2933474,31.4482428,
08:20:30.702,,,,,,,,,,,,,,,,,,,,,,,,,0.006118297277867569,3.34,3.34,96.37,5926.85,,,28,,,,,,43,49.2933474,31.4482428,
08:20:30.739,,,,,,,,,,,,,,,,,,,,,,,,,,,,,,,-0.01,,,,,99,,,49.2933474,31.4482428,
08:20:30.810,,,,,,,,,,,,,,,,,,,,,,148,,,,,,,,,,,26.8,,,,44.1,,49.293438,31.4483329,
08:20:30.821,,,,,,,,,,57,,,,,,,,,,,,,,,,,,,,,,,,,,,,,49.293438,31.4483329,
08:20:30.858,,,,,,,,,352.9,,,,,,,,,,,,,,,,,,,,,,,,,,,,,,49.293438,31.4483329,
08:20:30.893,,,,,,,,,,,3.683,,,,,,,,,,,,,,,,,,,,,,,,,,,,49.293438,31.4483329,
08:20:30.943,,,,,,,,,,,,3.671,,,,,,,,,,,,,,,,,,,,,,,,,,,49.293438,31.4483329,
08:20:30.991,-8,,,,,,,,,,,,,,,,,,,,,,,,,,,,,,,,,,,,,,49.293438,31.4483329,
08:20:31.026,,,-6,,,,,,,,,,,,,,,,,,,,,,,,,,,,,,,,,,,,49.293438,31.4483329,
08:20:31.073,,-7,,,,,,,,,,,,,,,,,,,,,,,,,,,,,,,,,,,,,49.293438,31.4483329,
08:20:31.110,,,,,26,,,,,,,,,,,,,,,,,,,,,,,,,,,,,,,,,,49.293438,31.4483329,
08:20:31.145,,,,,,26,,,,,,,,,,,,,,,,,,,,,,,,,,,,,,,,,49.293438,31.4483329,
08:20:31.194,,,,,,,25,,,,,,,,,,,,,,,,,,,,,,,,,,,,,,,,49.293438,31.4483329,
08:20:31.232,,,,,,,,24,,,,,,,,,,,,,,,,,,,,,,,,,,,,,,,49.293438,31.4483329,
08:20:31.284,,,,21,,,,,,,,,,,,,,,,,,,,,,,,,,,,,,,,,,,49.293438,31.4483329,
08:20:31.354,,,,,,,,,,,,,,,,,,39,,,,,,,,,,,,,,,,,,,,,49.293438,31.4483329,
08:20:31.390,,,,,,,,,,,,,,27,,,,,,,,,,,,,,,,,,,,,,,,,49.293438,31.4483329,
08:20:31.430,,,,,,,,,,,,,,,,,15,,,,,,,,,,,,,,,,,,,,,,49.293438,31.4483329,
08:20:31.465,,,,,,,,,,,,,42,,,,,,,,,,,,,,,,,,,,,,,,,,49.293438,31.4483329,
08:20:31.502,,,,,,,,,,,,,,,768,0.05,,,,,,,,,,,,,,,,,,,,,,,49.293438,31.4483329,
08:20:31.539,,,,,,,,,,,,,,,,,,,44,,,,,,,,,,,,,,,,,,,,49.293438,31.4483329,
08:20:31.598,,,,,,,,,,,,,,,,,,,,,,,,,,,,,,0,,,,,,,,,49.293438,31.4483329,
08:20:31.646,,,,,,,,,,,,,,,,,,,,,,,,,,,,,,,,,,,64,,,,49.293438,31.4483329,
08:20:31.696,,,,,,,,,,,,,,,,,,,,,,,0,0,,,,,,,,,,,,,,,49.293438,31.4483329,
08:20:31.730,,,,,,,,,,,,,,,,,,,,0,,,,,,,,,,,,,,,,,,,49.293438,31.4483329,
08:20:31.766,,,,,,,,,,,,,,,,,,,,,,,,,,,,,,,,,,47,,,,,49.293438,31.4483329,
08:20:31.801,,,,,,,,,,,,,,,,,,,,,,148,,,,,,,,,,,26.8,,,,44.5,,49.2935324,31.4484248,
08:20:31.803,,,,,,,,,,,,,,,,,,,,,,,,,0,3.35,3.35,96.38,5926.86,,,28,,,,,,43,49.2935324,31.4484248,
08:20:31.851,,,,,,,,,,,,,,,,,,,,,,,,,,,,,,,-0.01,,,,,99,,,49.2935324,31.4484248,
08:20:31.935,,,,,,,,,,57,,,,,,,,,,,,,,,,,,,,,,,,,,,,,49.2935324,31.4484248,
08:20:31.971,,,,,,,,,352.9,,,,,,,,,,,,,,,,,,,,,,,,,,,,,,49.2935324,31.4484248,
08:20:32.018,,,,,,,,,,,3.687,,,,,,,,,,,,,,,,,,,,,,,,,,,,49.2935324,31.4484248,
08:20:32.067,,,,,,,,,,,,3.677,,,,,,,,,,,,,,,,,,,,,,,,,,,49.2935324,31.4484248,
08:20:32.102,-5,,,,,,,,,,,,,,,,,,,,,,,,,,,,,,,,,,,,,,49.2935324,31.4484248,
08:20:32.151,,,-9,,,,,,,,,,,,,,,,,,,,,,,,,,,,,,,,,,,,49.2935324,31.4484248,
08:20:32.199,,-7,,,,,,,,,,,,,,,,,,,,,,,,,,,,,,,,,,,,,49.2935324,31.4484248,
08:20:32.233,,,,,26,,,,,,,,,,,,,,,,,,,,,,,,,,,,,,,,,,49.2935324,31.4484248,
08:20:32.282,,,,,,26,,,,,,,,,,,,,,,,,,,,,,,,,,,,,,,,,49.2935324,31.4484248,
08:20:32.332,,,,,,,25,,,,,,,,,,,,,,,,,,,,,,,,,,,,,,,,49.2935324,31.4484248,
08:20:32.367,,,,,,,,24,,,,,,,,,,,,,,,,,,,,,,,,,,,,,,,49.2935324,31.4484248,
08:20:32.402,,,,21,,,,,,,,,,,,,,,,,,,,,,,,,,,,,,,,,,,49.2935324,31.4484248,
08:20:32.474,,,,,,,,,,,,,,,,,,39,,,,,,,,,,,,,,,,,,,,,49.2935324,31.4484248,
08:20:32.524,,,,,,,,,,,,,,27,,,,,,,,,,,,,,,,,,,,,,,,,49.2935324,31.4484248,
08:20:32.583,,,,,,,,,,,,,,,,,4,,,,,,,,,,,,,,,,,,,,,,49.2935324,31.4484248,
08:20:32.618,,,,,,,,,,,,,42,,,,,,,,,,,,,,,,,,,,,,,,,,49.2935324,31.4484248,
08:20:32.665,,,,,,,,,,,,,,,352,0.02,,,,,,,,,,,,,,,,,,,,,,,49.2935324,31.4484248,
08:20:32.715,,,,,,,,,,,,,,,,,,,44,,,,,,,,,,,,,,,,,,,,49.2935324,31.4484248,
08:20:32.798,,,,,,,,,,,,,,,,,,,,,,,,,,,,,,0,,,,,,,,,49.2935324,31.4484248,
08:20:32.811,,,,,,,,,,,,,,,,,,,,,,148,,,,,,,,,,,26.9,,,,44.1,,49.2936227,31.4485181,
08:20:32.834,,,,,,,,,,,,,,,,,,,,,,,0,0,,,,,,,,,,,,,,,49.2936227,31.4485181,
08:20:32.906,,,,,,,,,,,,,,,,,,,,0,,,,,,,,,,,,,,,,,,,49.2936227,31.4485181,
08:20:32.978,,,,,,,,,,,,,,,,,,,,,,,,,,,,,,,,,,47,,,,,49.2936227,31.4485181,
08:20:33.063,,,,,,,,,,,,,,,,,,,,,,,,,0,3.37,3.37,96.4,5926.87,,,28,,,,,,43,49.2936227,31.4485181,
08:20:33.101,,,,,,,,,,,,,,,,,,,,,,,,,,,,,,,-0.01,,,,,99,,,49.2936227,31.4485181,
08:20:33.175,,,,,,,,,,57,,,,,,,,,,,,,,,,,,,,,,,,,,,,,49.2936227,31.4485181,
08:20:33.210,,,,,,,,,352.9,,,,,,,,,,,,,,,,,,,,,,,,,,,,,,49.2936227,31.4485181,
08:20:33.246,,,,,,,,,,,3.689,,,,,,,,,,,,,,,,,,,,,,,,,,,,49.2936227,31.4485181,
08:20:33.281,,,,,,,,,,,,3.679,,,,,,,,,,,,,,,,,,,,,,,,,,,49.2936227,31.4485181,
08:20:33.318,-3,,,,,,,,,,,,,,,,,,,,,,,,,,,,,,,,,,,,,,49.2936227,31.4485181,
08:20:33.379,,,-1,,,,,,,,,,,,,,,,,,,,,,,,,,,,,,,,,,,,49.2936227,31.4485181,
08:20:33.415,,-1,,,,,,,,,,,,,,,,,,,,,,,,,,,,,,,,,,,,,49.2936227,31.4485181,
08:20:33.451,,,,,26,,,,,,,,,,,,,,,,,,,,,,,,,,,,,,,,,,49.2936227,31.4485181,
08:20:33.498,,,,,,26,,,,,,,,,,,,,,,,,,,,,,,,,,,,,,,,,49.2936227,31.4485181,
08:20:33.546,,,,,,,25,,,,,,,,,,,,,,,,,,,,,,,,,,,,,,,,49.2936227,31.4485181,
08:20:33.583,,,,,,,,24,,,,,,,,,,,,,,,,,,,,,,,,,,,,,,,49.2936227,31.4485181,
08:20:33.618,,,,21,,,,,,,,,,,,,,,,,,,,,,,,,,,,,,,,,,,49.2936227,31.4485181,
08:20:33.690,,,,,,,,,,,,,,,,,,38,,,,,,,,,,,,,,,,,,,,,49.2936227,31.4485181,
08:20:33.737,,,,,,,,,,,,,,27,,,,,,,,,,,,,,,,,,,,,,,,,49.2936227,31.4485181,
08:20:33.803,,,,,,,,,,,,,,,,,,,,,,148,,,,,,,,,,,26.9,,,,44,,49.2937169,31.4486094,
08:20:33.804,,,,,,,,,,,,,,,,,-12,,,,,,,,,,,,,,,,,,,,,,49.2937169,31.4486094,
08:20:33.839,,,,,,,,,,,,,42,,,,,,,,,,,,,,,,,,,,,,,,,,49.2937169,31.4486094,
08:20:33.899,,,,,,,,,,,,,,,-544,-0.05,,,,,,,,,,,,,,,,,,,,,,,49.2937169,31.4486094,
08:20:33.946,,,,,,,,,,,,,,,,,,,44,,,,,,,,,,,,,,,,,,,,49.2937169,31.4486094,
08:20:34.030,,,,,,,,,,,,,,,,,,,,,,,,,,,,,,0,,,,,,,,,49.2937169,31.4486094,
08:20:34.078,,,,,,,,,,,,,,,,,,,,,,,,,,,,,,,,,,,63,,,,49.2937169,31.4486094,
08:20:34.127,,,,,,,,,,,,,,,,,,,,,,,0,0,,,,,,,,,,,,,,,49.2937169,31.4486094,
08:20:34.186,,,,,,,,,,,,,,,,,,,,0,,,,,,,,,,,,,,,,,,,49.2937169,31.4486094,
08:20:34.223,,,,,,,,,,,,,,,,,,,,,,,,,,,,,,,,,,47,,,,,49.2937169,31.4486094,
08:20:34.294,,,,,,,,,,,,,,,,,,,,,,,,,0,3.38,3.38,96.41,5926.89,,,28.1,,,,,,43,49.2937169,31.4486094,
08:20:34.330,,,,,,,,,,,,,,,,,,,,,,,,,,,,,,,-0.01,,,,,99,,,49.2937169,31.4486094,
08:20:34.403,,,,,,,,,,57,,,,,,,,,,,,,,,,,,,,,,,,,,,,,49.2937169,31.4486094,
08:20:34.450,,,,,,,,,355.6,,,,,,,,,,,,,,,,,,,,,,,,,,,,,,49.2937169,31.4486094,
08:20:34.498,,,,,,,,,,,3.702,,,,,,,,,,,,,,,,,,,,,,,,,,,,49.2937169,31.4486094,
08:20:34.546,,,,,,,,,,,,3.689,,,,,,,,,,,,,,,,,,,,,,,,,,,49.2937169,31.4486094,
08:20:34.594,2,,,,,,,,,,,,,,,,,,,,,,,,,,,,,,,,,,,,,,49.2937169,31.4486094,
08:20:34.643,,,2,,,,,,,,,,,,,,,,,,,,,,,,,,,,,,,,,,,,49.2937169,31.4486094,
08:20:34.678,,0,,,,,,,,,,,,,,,,,,,,,,,,,,,,,,,,,,,,,49.2937169,31.4486094,
08:20:34.726,,,,,26,,,,,,,,,,,,,,,,,,,,,,,,,,,,,,,,,,49.2937169,31.4486094,
08:20:34.775,,,,,,26,,,,,,,,,,,,,,,,,,,,,,,,,,,,,,,,,49.2937169,31.4486094,
08:20:34.805,,,,,,,,,,,,,,,,,,,,,,148,,,,,,,,,,,26.9,,,,42.6,,49.2938098,31.4486965,
08:20:34.809,,,,,,,25,,,,,,,,,,,,,,,,,,,,,,,,,,,,,,,,49.2938098,31.4486965,
08:20:34.872,,,,,,,,24,,,,,,,,,,,,,,,,,,,,,,,,,,,,,,,49.2938098,31.4486965,
08:20:34.906,,,,21,,,,,,,,,,,,,,,,,,,,,,,,,,,,,,,,,,,49.2938098,31.4486965,
08:20:34.980,,,,,,,,,,,,,,,,,,38,,,,,,,,,,,,,,,,,,,,,49.2938098,31.4486965,
08:20:35.014,,,,,,,,,,,,,,27,,,,,,,,,,,,,,,,,,,,,,,,,49.2938098,31.4486965,
08:20:35.051,,,,,,,,,,,,,,,,,6,,,,,,,,,,,,,,,,,,,,,,49.2938098,31.4486965,
08:20:35.086,,,,,,,,,,,,,42,,,,,,,,,,,,,,,,,,,,,,,,,,49.2938098,31.4486965,
08:20:35.122,,,,,,,,,,,,,,,512,0.03,,,,,,,,,,,,,,,,,,,,,,,49.2938098,31.4486965,
08:20:35.171,,,,,,,,,,,,,,,,,,,42,,,,,,,,,,,,,,,,,,,,49.2938098,31.4486965,
08:20:35.255,,,,,,,,,,,,,,,,,,,,,,,,,,,,,,0,,,,,,,,,49.2938098,31.4486965,
08:20:35.292,,,,,,,,,,,,,,,,,,,,,,,0,0,,,,,,,,,,,,,,,49.2938098,31.4486965,
08:20:35.337,,,,,,,,,,,,,,,,,,,,0,,,,,,,,,,,,,,,,,,,49.2938098,31.4486965,
08:20:35.399,,,,,,,,,,,,,,,,,,,,,,,,,,,,,,,,,,47,,,,,49.2938098,31.4486965,
08:20:35.445,,,,,,,,,,,,,,,,,,,,,,,,,-0.006118297277867569,3.4,3.4,96.42,5926.9,,,28.1,,,,,,42,49.2938098,31.4486965,
08:20:35.482,,,,,,,,,,,,,,,,,,,,,,,,,,,,,,,-0.01,,,,,99,,,49.2938098,31.4486965,
08:20:35.555,,,,,,,,,,57,,,,,,,,,,,,,,,,,,,,,,,,,,,,,49.2938098,31.4486965,
08:20:35.602,,,,,,,,,353.2,,,,,,,,,,,,,,,,,,,,,,,,,,,,,,49.2938098,31.4486965,
08:20:35.675,,,,,,,,,,,3.69,,,,,,,,,,,,,,,,,,,,,,,,,,,,49.2938098,31.4486965,
08:20:35.722,,,,,,,,,,,,3.682,,,,,,,,,,,,,,,,,,,,,,,,,,,49.2938098,31.4486965,
08:20:35.796,-14,,,,,,,,,,,,,,,,,,,,,,,,,,,,,,,,,,,,,,49.2938098,31.4486965,
08:20:35.801,,,,,,,,,,,,,,,,,,,,,,148,,,,,,,,,,,27,,,,42.6,,49.2939011,31.4487826,
08:20:35.847,,,-13,,,,,,,,,,,,,,,,,,,,,,,,,,,,,,,,,,,,49.2939011,31.4487826,
08:20:35.883,,-12,,,,,,,,,,,,,,,,,,,,,,,,,,,,,,,,,,,,,49.2939011,31.4487826,
08:20:35.943,,,,,26,,,,,,,,,,,,,,,,,,,,,,,,,,,,,,,,,,49.2939011,31.4487826,
08:20:35.979,,,,,,26,,,,,,,,,,,,,,,,,,,,,,,,,,,,,,,,,49.2939011,31.4487826,
08:20:36.014,,,,,,,25,,,,,,,,,,,,,,,,,,,,,,,,,,,,,,,,49.2939011,31.4487826,
08:20:36.051,,,,,,,,24,,,,,,,,,,,,,,,,,,,,,,,,,,,,,,,49.2939011,31.4487826,
08:20:36.098,,,,21,,,,,,,,,,,,,,,,,,,,,,,,,,,,,,,,,,,49.2939011,31.4487826,
08:20:36.183,,,,,,,,,,,,,,,,,,38,,,,,,,,,,,,,,,,,,,,,49.2939011,31.4487826,
08:20:36.218,,,,,,,,,,,,,,27,,,,,,,,,,,,,,,,,,,,,,,,,49.2939011,31.4487826,
08:20:36.255,,,,,,,,,,,,,,,,,17,,,,,,,,,,,,,,,,,,,,,,49.2939011,31.4487826,
08:20:36.289,,,,,,,,,,,,,42,,,,,,,,,,,,,,,,,,,,,,,,,,49.2939011,31.4487826,
08:20:36.326,,,,,,,,,,,,,,,1152,0.06,,,,,,,,,,,,,,,,,,,,,,,49.2939011,31.4487826,
08:20:36.362,,,,,,,,,,,,,,,,,,,42,,,,,,,,,,,,,,,,,,,,49.2939011,31.4487826,
08:20:36.457,,,,,,,,,,,,,,,,,,,,,,,,,,,,,,0,,,,,,,,,49.2939011,31.4487826,
08:20:36.506,,,,,,,,,,,,,,,,,,,,,,,,,,,,,,,,,,,63,,,,49.2939011,31.4487826,
08:20:36.541,,,,,,,,,,,,,,,,,,,,,,,0,0,,,,,,,,,,,,,,,49.2939011,31.4487826,
08:20:36.591,,,,,,,,,,,,,,,,,,,,0,,,,,,,,,,,,,,,,,,,49.2939011,31.4487826,
08:20:36.626,,,,,,,,,,,,,,,,,,,,,,,,,,,,,,,,,,47,,,,,49.2939011,31.4487826,
08:20:36.662,,,,,,,,,,,,,,,,,,,,,,,,,-0.006118297277867569,3.41,3.41,96.44,5926.92,,,28.2,,,,,,42,49.2939011,31.4487826,
08:20:36.722,,,,,,,,,,,,,,,,,,,,,,,,,,,,,,,-0.01,,,,,99,,,49.2939011,31.4487826,
08:20:36.805,,,,,,,,,,,,,,,,,,,,,,148,,,,,,,,,,,27,,,,42.7,,49.2939932,31.4488692,
08:20:36.807,,,,,,,,,,57,,,,,,,,,,,,,,,,,,,,,,,,,,,,,49.2939932,31.4488692,
08:20:36.867,,,,,,,,,352.8,,,,,,,,,,,,,,,,,,,,,,,,,,,,,,49.2939932,31.4488692,
08:20:36.938,,,,,,,,,,,3.668,,,,,,,,,,,,,,,,,,,,,,,,,,,,49.2939932,31.4488692,
08:20:36.985,,,,,,,,,,,,3.66,,,,,,,,,,,,,,,,,,,,,,,,,,,49.2939932,31.4488692,
08:20:37.059,-21,,,,,,,,,,,,,,,,,,,,,,,,,,,,,,,,,,,,,,49.2939932,31.4488692,
08:20:37.119,,,-19,,,,,,,,,,,,,,,,,,,,,,,,,,,,,,,,,,,,49.2939932,31.4488692,
08:20:37.195,,-17,,,,,,,,,,,,,,,,,,,,,,,,,,,,,,,,,,,,,49.2939932,31.4488692,
08:20:37.242,,,,,26,,,,,,,,,,,,,,,,,,,,,,,,,,,,,,,,,,49.2939932,31.4488692,
08:20:37.291,,,,,,26,,,,,,,,,,,,,,,,,,,,,,,,,,,,,,,,,49.2939932,31.4488692,
08:20:37.351,,,,,,,25,,,,,,,,,,,,,,,,,,,,,,,,,,,,,,,,49.2939932,31.4488692,
08:20:37.415,,,,,,,,24,,,,,,,,,,,,,,,,,,,,,,,,,,,,,,,49.2939932,31.4488692,
08:20:37.475,,,,21,,,,,,,,,,,,,,,,,,,,,,,,,,,,,,,,,,,49.2939932,31.4488692,
08:20:37.558,,,,,,,,,,,,,,,,,,38,,,,,,,,,,,,,,,,,,,,,49.2939932,31.4488692,
08:20:37.594,,,,,,,,,,,,,,27,,,,,,,,,,,,,,,,,,,,,,,,,49.2939932,31.4488692,
08:20:37.643,,,,,,,,,,,,,,,,,11,,,,,,,,,,,,,,,,,,,,,,49.2939932,31.4488692,
08:20:37.678,,,,,,,,,,,,,42,,,,,,,,,,,,,,,,,,,,,,,,,,49.2939932,31.4488692,
08:20:37.714,,,,,,,,,,,,,,,864,0.05,,,,,,,,,,,,,,,,,,,,,,,49.2939932,31.4488692,
08:20:37.750,,,,,,,,,,,,,,,,,,,43,,,,,,,,,,,,,,,,,,,,49.2939932,31.4488692,
08:20:37.797,,,,,,,,,,,,,,,,,,,,,,148,,,,,,,,,,,27.1,,,,43.2,,49.294088,31.4489559,
08:20:37.833,,,,,,,,,,,,,,,,,,,,,,,,,,,,,,0,,,,,,,,,49.294088,31.4489559,
08:20:37.882,,,,,,,,,,,,,,,,,,,,,,,0,0,,,,,,,,,,,,,,,49.294088,31.4489559,
08:20:37.942,,,,,,,,,,,,,,,,,,,,0,,,,,,,,,,,,,,,,,,,49.294088,31.4489559,
08:20:37.977,,,,,,,,,,,,,,,,,,,,,,,,,,,,,,,,,,47,,,,,49.294088,31.4489559,
08:20:38.015,,,,,,,,,,,,,,,,,,,,,,,,,-0.006118297277867569,3.43,3.43,96.45,5926.93,,,28.2,,,,,,42,49.294088,31.4489559,
08:20:38.090,,,,,,,,,,,,,,,,,,,,,,,,,,,,,,,-0.01,,,,,99,,,49.294088,31.4489559,
08:20:38.162,,,,,,,,,,56.5,,,,,,,,,,,,,,,,,,,,,,,,,,,,,49.294088,31.4489559,
08:20:38.198,,,,,,,,,353.1,,,,,,,,,,,,,,,,,,,,,,,,,,,,,,49.294088,31.4489559,
08:20:38.239,,,,,,,,,,,3.685,,,,,,,,,,,,,,,,,,,,,,,,,,,,49.294088,31.4489559,
08:20:38.275,,,,,,,,,,,,3.675,,,,,,,,,,,,,,,,,,,,,,,,,,,49.294088,31.4489559,
08:20:38.322,-3,,,,,,,,,,,,,,,,,,,,,,,,,,,,,,,,,,,,,,49.294088,31.4489559,
08:20:38.358,,,1,,,,,,,,,,,,,,,,,,,,,,,,,,,,,,,,,,,,49.294088,31.4489559,
08:20:38.406,,0,,,,,,,,,,,,,,,,,,,,,,,,,,,,,,,,,,,,,49.294088,31.4489559,
08:20:38.491,,,,,26,,,,,,,,,,,,,,,,,,,,,,,,,,,,,,,,,,49.294088,31.4489559,
08:20:38.527,,,,,,26,,,,,,,,,,,,,,,,,,,,,,,,,,,,,,,,,49.294088,31.4489559,
08:20:38.586,,,,,,,25,,,,,,,,,,,,,,,,,,,,,,,,,,,,,,,,49.294088,31.4489559,
08:20:38.635,,,,,,,,24,,,,,,,,,,,,,,,,,,,,,,,,,,,,,,,49.294088,31.4489559,
08:20:38.682,,,,21,,,,,,,,,,,,,,,,,,,,,,,,,,,,,,,,,,,49.294088,31.4489559,
08:20:38.767,,,,,,,,,,,,,,,,,,38,,,,,,,,,,,,,,,,,,,,,49.294088,31.4489559,
08:20:38.799,,,,,,,,,,,,,,,,,,,,,,148,,,,,,,,,,,27.1,,,,43.4,,49.2941795,31.4490439,
08:20:38.803,,,,,,,,,,,,,,27,,,,,,,,,,,,,,,,,,,,,,,,,49.2941795,31.4490439,
08:20:38.838,,,,,,,,,,,,,,,,,-13,,,,,,,,,,,,,,,,,,,,,,49.2941795,31.4490439,
08:20:38.873,,,,,,,,,,,,,40,,,,,,,,,,,,,,,,,,,,,,,,,,49.2941795,31.4490439,
08:20:38.910,,,,,,,,,,,,,,,-736,-0.05,,,,,,,,,,,,,,,,,,,,,,,49.2941795,31.4490439,
08:20:38.946,,,,,,,,,,,,,,,,,,,43,,,,,,,,,,,,,,,,,,,,49.2941795,31.4490439,
08:20:39.030,,,,,,,,,,,,,,,,,,,,,,,,,,,,,,0,,,,,,,,,49.2941795,31.4490439,
08:20:39.102,,,,,,,,,,,,,,,,,,,,,,,,,,,,,,,,,,,63,,,,49.2941795,31.4490439,
08:20:39.186,,,,,,,,,,,,,,,,,,,,,,,0,0,,,,,,,,,,,,,,,49.2941795,31.4490439,
08:20:39.259,,,,,,,,,,,,,,,,,,,,0,,,,,,,,,,,,,,,,,,,49.2941795,31.4490439,
08:20:39.306,,,,,,,,,,,,,,,,,,,,,,,,,,,,,,,,,,47,,,,,49.2941795,31.4490439,
08:20:39.342,,,,,,,,,,,,,,,,,,,,,,,,,-0.006118297277867569,3.44,3.44,96.47,5926.95,,,28.2,,,,,,42,49.2941795,31.4490439,
08:20:39.378,,,,,,,,,,,,,,,,,,,,,,,,,,,,,,,0,,,,,100,,,49.2941795,31.4490439,
08:20:39.449,,,,,,,,,,56.5,,,,,,,,,,,,,,,,,,,,,,,,,,,,,49.2941795,31.4490439,
08:20:39.487,,,,,,,,,355.6,,,,,,,,,,,,,,,,,,,,,,,,,,,,,,49.2941795,31.4490439,
08:20:39.535,,,,,,,,,,,3.705,,,,,,,,,,,,,,,,,,,,,,,,,,,,49.2941795,31.4490439,
08:20:39.571,,,,,,,,,,,,3.698,,,,,,,,,,,,,,,,,,,,,,,,,,,49.2941795,31.4490439,
08:20:39.606,28,,,,,,,,,,,,,,,,,,,,,,,,,,,,,,,,,,,,,,49.2941795,31.4490439,
08:20:39.642,,,-1600,,,,,,,,,,,,,,,,,,,,,,,,,,,,,,,,,,,,49.2941795,31.4490439,
08:20:39.679,,35,,,,,,,,,,,,,,,,,,,,,,,,,,,,,,,,,,,,,49.2941795,31.4490439,
08:20:39.713,,,,,26,,,,,,,,,,,,,,,,,,,,,,,,,,,,,,,,,,49.2941795,31.4490439,
08:20:39.775,,,,,,26,,,,,,,,,,,,,,,,,,,,,,,,,,,,,,,,,49.2941795,31.4490439,
08:20:39.797,,,,,,,,,,,,,,,,,,,,,,148,,,,,,,,,,,27.1,,,,42.8,,49.2942686,31.4491328,
08:20:39.810,,,,,,,25,,,,,,,,,,,,,,,,,,,,,,,,,,,,,,,,49.2942686,31.4491328,
08:20:39.846,,,,,,,,24,,,,,,,,,,,,,,,,,,,,,,,,,,,,,,,49.2942686,31.4491328,
08:20:39.894,,,,21,,,,,,,,,,,,,,,,,,,,,,,,,,,,,,,,,,,49.2942686,31.4491328,
08:20:39.955,,,,,,,,,,,,,,,,,,38,,,,,,,,,,,,,,,,,,,,,49.2942686,31.4491328,
08:20:39.990,,,,,,,,,,,,,,27,,,,,,,,,,,,,,,,,,,,,,,,,49.2942686,31.4491328,
08:20:40.026,,,,,,,,,,,,,,,,,-67,,,,,,,,,,,,,,,,,,,,,,49.2942686,31.4491328,
08:20:40.063,,,,,,,,,,,,,42,,,,,,,,,,,,,,,,,,,,,,,,,,49.2942686,31.4491328,
08:20:40.110,,,,,,,,,,,,,,,-4128,-0.27,,,,,,,,,,,,,,,,,,,,,,,49.2942686,31.4491328,
08:20:40.158,,,,,,,,,,,,,,,,,,,41,,,,,,,,,,,,,,,,,,,,49.2942686,31.4491328,
08:20:40.243,,,,,,,,,,,,,,,,,,,,,,,,,,,,,,0,,,,,,,,,49.2942686,31.4491328,
08:20:40.279,,,,,,,,,,,,,,,,,,,,,,,0,0,,,,,,,,,,,,,,,49.2942686,31.4491328,
08:20:40.326,,,,,,,,,,,,,,,,,,,,0,,,,,,,,,,,,,,,,,,,49.2942686,31.4491328,
08:20:40.361,,,,,,,,,,,,,,,,,,,,,,,,,,,,,,,,,,47,,,,,49.2942686,31.4491328,
08:20:40.409,,,,,,,,,,,,,,,,,,,,,,,,,-0.006118297277867569,3.45,3.45,96.48,5926.96,,,28.3,,,,,,41,49.2942686,31.4491328,
08:20:40.446,,,,,,,,,,,,,,,,,,,,,,,,,,,,,,,-0.01,,,,,99,,,49.2942686,31.4491328,
08:20:40.531,,,,,,,,,,57,,,,,,,,,,,,,,,,,,,,,,,,,,,,,49.2942686,31.4491328,
08:20:40.566,,,,,,,,,359.4,,,,,,,,,,,,,,,,,,,,,,,,,,,,,,49.2942686,31.4491328,
08:20:40.614,,,,,,,,,,,3.758,,,,,,,,,,,,,,,,,,,,,,,,,,,,49.2942686,31.4491328,
08:20:40.662,,,,,,,,,,,,3.744,,,,,,,,,,,,,,,,,,,,,,,,,,,49.2942686,31.4491328,
08:20:40.698,45,,,,,,,,,,,,,,,,,,,,,,,,,,,,,,,,,,,,,,49.2942686,31.4491328,
08:20:40.746,,,-1600,,,,,,,,,,,,,,,,,,,,,,,,,,,,,,,,,,,,49.2942686,31.4491328,
08:20:40.787,,48,,,,,,,,,,,,,,,,,,,,,,,,,,,,,,,,,,,,,49.2942686,31.4491328,
08:20:40.797,,,,,,,,,,,,,,,,,,,,,,148,,,,,,,,,,,27.1,,,,39.9,,49.2943549,31.449216,
08:20:40.822,,,,,26,,,,,,,,,,,,,,,,,,,,,,,,,,,,,,,,,,49.2943549,31.449216,
08:20:40.859,,,,,,26,,,,,,,,,,,,,,,,,,,,,,,,,,,,,,,,,49.2943549,31.449216,
08:20:40.906,,,,,,,25,,,,,,,,,,,,,,,,,,,,,,,,,,,,,,,,49.2943549,31.449216,
08:20:40.942,,,,,,,,24,,,,,,,,,,,,,,,,,,,,,,,,,,,,,,,49.2943549,31.449216,
08:20:40.979,,,,21,,,,,,,,,,,,,,,,,,,,,,,,,,,,,,,,,,,49.2943549,31.449216,
08:20:41.051,,,,,,,,,,,,,,,,,,38,,,,,,,,,,,,,,,,,,,,,49.2943549,31.449216,
08:20:41.086,,,,,,,,,,,,,,27,,,,,,,,,,,,,,,,,,,,,,,,,49.2943549,31.449216,
08:20:41.133,,,,,,,,,,,,,,,,,-74,,,,,,,,,,,,,,,,,,,,,,49.2943549,31.449216,
08:20:41.170,,,,,,,,,,,,,42,,,,,,,,,,,,,,,,,,,,,,,,,,49.2943549,31.449216,
08:20:41.218,,,,,,,,,,,,,,,-4800,-0.3,,,,,,,,,,,,,,,,,,,,,,,49.2943549,31.449216,
08:20:41.266,,,,,,,,,,,,,,,,,,,38,,,,,,,,,,,,,,,,,,,,49.2943549,31.449216,
08:20:41.338,,,,,,,,,,,,,,,,,,,,,,,,,,,,,,0,,,,,,,,,49.2943549,31.449216,
08:20:41.375,,,,,,,,,,,,,,,,,,,,,,,,,,,,,,,,,,,63,,,,49.2943549,31.449216,
08:20:41.410,,,,,,,,,,,,,,,,,,,,,,,0,0,,,,,,,,,,,,,,,49.2943549,31.449216,
08:20:41.458,,,,,,,,,,,,,,,,,,,,0,,,,,,,,,,,,,,,,,,,49.2943549,31.449216,
08:20:41.517,,,,,,,,,,,,,,,,,,,,,,,,,,,,,,,,,,47,,,,,49.2943549,31.449216,
08:20:41.567,,,,,,,,,,,,,,,,,,,,,,,,,-0.028552053963381997,3.47,3.47,96.49,5926.97,,,28.3,,,,,,37,49.2943549,31.449216,
08:20:41.603,,,,,,,,,,,,,,,,,,,,,,,,,,,,,,,-0.01,,,,,99,,,49.2943549,31.449216,
08:20:41.667,,,,,,,,,,57,,,,,,,,,,,,,,,,,,,,,,,,,,,,,49.2943549,31.449216,
08:20:41.715,,,,,,,,,361.8,,,,,,,,,,,,,,,,,,,,,,,,,,,,,,49.2943549,31.449216,
08:20:41.761,,,,,,,,,,,3.764,,,,,,,,,,,,,,,,,,,,,,,,,,,,49.2943549,31.449216,
08:20:41.801,,,,,,,,,,,,,,,,,,,,,,148,,,,,,,,,,,27.2,,,,35.9,,49.294432,31.4492922,
08:20:41.810,,,,,,,,,,,,3.753,,,,,,,,,,,,,,,,,,,,,,,,,,,49.294432,31.4492922,
08:20:41.846,44,,,,,,,,,,,,,,,,,,,,,,,,,,,,,,,,,,,,,,49.294432,31.4492922,
08:20:41.894,,,-1600,,,,,,,,,,,,,,,,,,,,,,,,,,,,,,,,,,,,49.294432,31.4492922,
08:20:41.931,,45,,,,,,,,,,,,,,,,,,,,,,,,,,,,,,,,,,,,,49.294432,31.4492922,
08:20:42.015,,,,,26,,,,,,,,,,,,,,,,,,,,,,,,,,,,,,,,,,49.294432,31.4492922,
08:20:42.099,,,,,,26,,,,,,,,,,,,,,,,,,,,,,,,,,,,,,,,,49.294432,31.4492922,
08:20:42.170,,,,,,,25,,,,,,,,,,,,,,,,,,,,,,,,,,,,,,,,49.294432,31.4492922,
08:20:42.218,,,,,,,,24,,,,,,,,,,,,,,,,,,,,,,,,,,,,,,,49.294432,31.4492922,
08:20:42.255,,,,21,,,,,,,,,,,,,,,,,,,,,,,,,,,,,,,,,,,49.294432,31.4492922,
08:20:42.338,,,,,,,,,,,,,,,,,,38,,,,,,,,,,,,,,,,,,,,,49.294432,31.4492922,
08:20:42.374,,,,,,,,,,,,,,27,,,,,,,,,,,,,,,,,,,,,,,,,49.294432,31.4492922,
08:20:42.421,,,,,,,,,,,,,,,,,-74,,,,,,,,,,,,,,,,,,,,,,49.294432,31.4492922,
08:20:42.459,,,,,,,,,,,,,42,,,,,,,,,,,,,,,,,,,,,,,,,,49.294432,31.4492922,
08:20:42.494,,,,,,,,,,,,,,,-4800,-0.3,,,,,,,,,,,,,,,,,,,,,,,49.294432,31.4492922,
08:20:42.530,,,,,,,,,,,,,,,,,,,34,,,,,,,,,,,,,,,,,,,,49.294432,31.4492922,
08:20:42.602,,,,,,,,,,,,,,,,,,,,,,,,,,,,,,0,,,,,,,,,49.294432,31.4492922,
08:20:42.639,,,,,,,,,,,,,,,,,,,,,,,0,0,,,,,,,,,,,,,,,49.294432,31.4492922,
08:20:42.685,,,,,,,,,,,,,,,,,,,,0,,,,,,,,,,,,,,,,,,,49.294432,31.4492922,
08:20:42.722,,,,,,,,,,,,,,,,,,,,,,,,,,,,,,,,,,47,,,,,49.294432,31.4492922,
08:20:42.759,,,,,,,,,,,,,,,,,,,,,,,,,-0.0540449592878302,3.48,3.48,96.51,5926.98,,,28.3,,,,,,33,49.294432,31.4492922,
08:20:42.798,,,,,,,,,,,,,,,,,,,,,,148,,,,,,,,,,,27.2,,,,32.7,,49.2945049,31.4493623,
08:20:42.818,,,,,,,,,,,,,,,,,,,,,,,,,,,,,,,-0.01,,,,,99,,,49.2945049,31.4493623,
08:20:42.891,,,,,,,,,,57.5,,,,,,,,,,,,,,,,,,,,,,,,,,,,,49.2945049,31.4493623,
08:20:42.926,,,,,,,,,362.1,,,,,,,,,,,,,,,,,,,,,,,,,,,,,,49.2945049,31.4493623,
08:20:42.974,,,,,,,,,,,3.763,,,,,,,,,,,,,,,,,,,,,,,,,,,,49.2945049,31.4493623,
08:20:43.010,,,,,,,,,,,,3.756,,,,,,,,,,,,,,,,,,,,,,,,,,,49.2945049,31.4493623,
08:20:43.058,37,,,,,,,,,,,,,,,,,,,,,,,,,,,,,,,,,,,,,,49.2945049,31.4493623,
08:20:43.107,,,-1600,,,,,,,,,,,,,,,,,,,,,,,,,,,,,,,,,,,,49.2945049,31.4493623,
08:20:43.143,,37,,,,,,,,,,,,,,,,,,,,,,,,,,,,,,,,,,,,,49.2945049,31.4493623,
08:20:43.190,,,,,26,,,,,,,,,,,,,,,,,,,,,,,,,,,,,,,,,,49.2945049,31.4493623,
08:20:43.226,,,,,,26,,,,,,,,,,,,,,,,,,,,,,,,,,,,,,,,,49.2945049,31.4493623,
08:20:43.286,,,,,,,25,,,,,,,,,,,,,,,,,,,,,,,,,,,,,,,,49.2945049,31.4493623,
08:20:43.322,,,,,,,,24,,,,,,,,,,,,,,,,,,,,,,,,,,,,,,,49.2945049,31.4493623,
08:20:43.357,,,,21,,,,,,,,,,,,,,,,,,,,,,,,,,,,,,,,,,,49.2945049,31.4493623,
08:20:43.418,,,,,,,,,,,,,,,,,,38,,,,,,,,,,,,,,,,,,,,,49.2945049,31.4493623,
08:20:43.455,,,,,,,,,,,,,,27,,,,,,,,,,,,,,,,,,,,,,,,,49.2945049,31.4493623,
08:20:43.490,,,,,,,,,,,,,,,,,-74,,,,,,,,,,,,,,,,,,,,,,49.2945049,31.4493623,
08:20:43.526,,,,,,,,,,,,,42,,,,,,,,,,,,,,,,,,,,,,,,,,49.2945049,31.4493623,
08:20:43.586,,,,,,,,,,,,,,,-4480,-0.28,,,,,,,,,,,,,,,,,,,,,,,49.2945049,31.4493623,
08:20:43.622,,,,,,,,,,,,,,,,,,,30,,,,,,,,,,,,,,,,,,,,49.2945049,31.4493623,
08:20:43.693,,,,,,,,,,,,,,,,,,,,,,,,,,,,,,0,,,,,,,,,49.2945049,31.4493623,
08:20:43.729,,,,,,,,,,,,,,,,,,,,,,,,,,,,,,,,,,,63,,,,49.2945049,31.4493623,
08:20:43.766,,,,,,,,,,,,,,,,,,,,,,,0,0,,,,,,,,,,,,,,,49.2945049,31.4493623,
08:20:43.798,,,,,,,,,,,,,,,,,,,,,,148,,,,,,,,,,,27.2,,,,29.5,,49.2945705,31.4494273,
08:20:43.803,,,,,,,,,,,,,,,,,,,,0,,,,,,,,,,,,,,,,,,,49.2945705,31.4494273,
08:20:43.837,,,,,,,,,,,,,,,,,,,,,,,,,,,,,,,,,,47,,,,,49.2945705,31.4494273,
08:20:43.886,,,,,,,,,,,,,,,,,,,,,,,,,-0.08055758082525634,3.49,3.49,96.51,5926.99,,,28.3,,,,,,29,49.2945705,31.4494273,
08:20:43.935,,,,,,,,,,,,,,,,,,,,,,,,,,,,,,,0,,,,,100,,,49.2945705,31.4494273,
08:20:44.017,,,,,,,,,,57.5,,,,,,,,,,,,,,,,,,,,,,,,,,,,,49.2945705,31.4494273,
08:20:44.054,,,,,,,,,360.2,,,,,,,,,,,,,,,,,,,,,,,,,,,,,,49.2945705,31.4494273,
08:20:44.090,,,,,,,,,,,3.768,,,,,,,,,,,,,,,,,,,,,,,,,,,,49.2945705,31.4494273,
08:20:44.127,,,,,,,,,,,,3.757,,,,,,,,,,,,,,,,,,,,,,,,,,,49.2945705,31.4494273,
08:20:44.162,32,,,,,,,,,,,,,,,,,,,,,,,,,,,,,,,,,,,,,,49.2945705,31.4494273,
08:20:44.198,,,-1600,,,,,,,,,,,,,,,,,,,,,,,,,,,,,,,,,,,,49.2945705,31.4494273,
08:20:44.246,,33,,,,,,,,,,,,,,,,,,,,,,,,,,,,,,,,,,,,,49.2945705,31.4494273,
08:20:44.281,,,,,26,,,,,,,,,,,,,,,,,,,,,,,,,,,,,,,,,,49.2945705,31.4494273,
08:20:44.318,,,,,,26,,,,,,,,,,,,,,,,,,,,,,,,,,,,,,,,,49.2945705,31.4494273,
08:20:44.365,,,,,,,25,,,,,,,,,,,,,,,,,,,,,,,,,,,,,,,,49.2945705,31.4494273,
08:20:44.414,,,,,,,,24,,,,,,,,,,,,,,,,,,,,,,,,,,,,,,,49.2945705,31.4494273,
08:20:44.450,,,,21,,,,,,,,,,,,,,,,,,,,,,,,,,,,,,,,,,,49.2945705,31.4494273,
08:20:44.522,,,,,,,,,,,,,,,,,,38,,,,,,,,,,,,,,,,,,,,,49.2945705,31.4494273,
08:20:44.547,,,,,,,,,,,,,,27,,,,,,,,,,,,,,,,,,,,,,,,,49.2945705,31.4494273,
08:20:44.583,,,,,,,,,,,,,,,,,-78,,,,,,,,,,,,,,,,,,,,,,49.2945705,31.4494273,
08:20:44.619,,,,,,,,,,,,,44,,,,,,,,,,,,,,,,,,,,,,,,,,49.2945705,31.4494273,
08:20:44.654,,,,,,,,,,,,,,,-4928,-0.31,,,,,,,,,,,,,,,,,,,,,,,49.2945705,31.4494273,
08:20:44.690,,,,,,,,,,,,,,,,,,,27,,,,,,,,,,,,,,,,,,,,49.2945705,31.4494273,
08:20:44.763,,,,,,,,,,,,,,,,,,,,,,,,,,,,,,0,,,,,,,,,49.2945705,31.4494273,
08:20:44.805,,,,,,,,,,,,,,,,,,,,,,146,,,,,,,,,,,27.2,,,,26.9,,49.2946305,31.4494875,
08:20:44.809,,,,,,,,,,,,,,,,,,,,,,,0,0,,,,,,,,,,,,,,,49.2946305,31.4494875,
08:20:44.871,,,,,,,,,,,,,,,,,,,,0,,,,,,,,,,,,,,,,,,,49.2946305,31.4494875,
08:20:44.905,,,,,,,,,,,,,,,,,,,,,,,,,,,,,,,,,,47,,,,,49.2946305,31.4494875,
08:20:44.978,,,,,,,,,,,,,,,,,,,,,,,,,-0.09279417538099148,3.49,3.49,96.52,5927,,,28.3,,,,,,26,49.2946305,31.4494875,
08:20:45.074,,,,,,,,,,,,,,,,,,,,,,,,,,,,,,,0,,,,,100,,,49.2946305,31.4494875,
08:20:45.171,,,,,,,,,,58,,,,,,,,,,,,,,,,,,,,,,,,,,,,,49.2946305,31.4494875,
08:20:45.205,,,,,,,,,363,,,,,,,,,,,,,,,,,,,,,,,,,,,,,,49.2946305,31.4494875,
08:20:45.243,,,,,,,,,,,3.779,,,,,,,,,,,,,,,,,,,,,,,,,,,,49.2946305,31.4494875,
08:20:45.290,,,,,,,,,,,,3.767,,,,,,,,,,,,,,,,,,,,,,,,,,,49.2946305,31.4494875,
08:20:45.338,45,,,,,,,,,,,,,,,,,,,,,,,,,,,,,,,,,,,,,,49.2946305,31.4494875,
08:20:45.374,,,-1600,,,,,,,,,,,,,,,,,,,,,,,,,,,,,,,,,,,,49.2946305,31.4494875,
08:20:45.411,,48,,,,,,,,,,,,,,,,,,,,,,,,,,,,,,,,,,,,,49.2946305,31.4494875,
08:20:45.447,,,,,26,,,,,,,,,,,,,,,,,,,,,,,,,,,,,,,,,,49.2946305,31.4494875,
08:20:45.482,,,,,,26,,,,,,,,,,,,,,,,,,,,,,,,,,,,,,,,,49.2946305,31.4494875,
08:20:45.519,,,,,,,25,,,,,,,,,,,,,,,,,,,,,,,,,,,,,,,,49.2946305,31.4494875,
08:20:45.555,,,,,,,,24,,,,,,,,,,,,,,,,,,,,,,,,,,,,,,,49.2946305,31.4494875,
08:20:45.603,,,,21,,,,,,,,,,,,,,,,,,,,,,,,,,,,,,,,,,,49.2946305,31.4494875,
08:20:45.679,,,,,,,,,,,,,,,,,,38,,,,,,,,,,,,,,,,,,,,,49.2946305,31.4494875,
08:20:45.715,,,,,,,,,,,,,,27,,,,,,,,,,,,,,,,,,,,,,,,,49.2946305,31.4494875,
08:20:45.762,,,,,,,,,,,,,,,,,-162,,,,,,,,,,,,,,,,,,,,,,49.2946305,31.4494875,
08:20:45.800,,,,,,,,,,,,,44,,,,,,,,,,,,,,,,,,,,,,,,,,49.2946305,31.4494875,
08:20:45.804,,,,,,,,,,,,,,,,,,,,,,146,,,,,,,,,,,27.2,,,,22.4,,49.2946782,31.4495374,
08:20:45.838,,,,,,,,,,,,,,,-10272,-0.64,,,,,,,,,,,,,,,,,,,,,,,49.2946782,31.4495374,
08:20:45.887,,,,,,,,,,,,,,,,,,,21,,,,,,,,,,,,,,,,,,,,49.2946782,31.4495374,
08:20:45.969,,,,,,,,,,,,,,,,,,,,,,,,,,,,,,0,,,,,,,,,49.2946782,31.4495374,
08:20:46.030,,,,,,,,,,,,,,,,,,,,,,,,,,,,,,,,,,,63,,,,49.2946782,31.4495374,
08:20:46.079,,,,,,,,,,,,,,,,,,,,,,,0,0,,,,,,,,,,,,,,,49.2946782,31.4495374,
08:20:46.114,,,,,,,,,,,,,,,,,,,,0,,,,,,,,,,,,,,,,,,,49.2946782,31.4495374,
08:20:46.174,,,,,,,,,,,,,,,,,,,,,,,,,,,,,,,,,,47,,,,,49.2946782,31.4495374,
08:20:46.221,,,,,,,,,,,,,,,,,,,,,,,,,-0.10299133751077076,3.5,3.5,96.53,5927.01,,,28.3,,,,,,20,49.2946782,31.4495374,
08:20:46.258,,,,,,,,,,,,,,,,,,,,,,,,,,,,,,,0,,,,,100,,,49.2946782,31.4495374,
08:20:46.342,,,,,,,,,,58,,,,,,,,,,,,,,,,,,,,,,,,,,,,,49.2946782,31.4495374,
08:20:46.378,,,,,,,,,364.3,,,,,,,,,,,,,,,,,,,,,,,,,,,,,,49.2946782,31.4495374,
08:20:46.414,,,,,,,,,,,3.786,,,,,,,,,,,,,,,,,,,,,,,,,,,,49.2946782,31.4495374,
08:20:46.463,,,,,,,,,,,,3.772,,,,,,,,,,,,,,,,,,,,,,,,,,,49.2946782,31.4495374,
08:20:46.498,33,,,,,,,,,,,,,,,,,,,,,,,,,,,,,,,,,,,,,,49.2946782,31.4495374,
08:20:46.535,,,21,,,,,,,,,,,,,,,,,,,,,,,,,,,,,,,,,,,,49.2946782,31.4495374,
08:20:46.593,,16,,,,,,,,,,,,,,,,,,,,,,,,,,,,,,,,,,,,,49.2946782,31.4495374,
08:20:46.631,,,,,26,,,,,,,,,,,,,,,,,,,,,,,,,,,,,,,,,,49.2946782,31.4495374,
08:20:46.667,,,,,,26,,,,,,,,,,,,,,,,,,,,,,,,,,,,,,,,,49.2946782,31.4495374,
08:20:46.726,,,,,,,25,,,,,,,,,,,,,,,,,,,,,,,,,,,,,,,,49.2946782,31.4495374,
08:20:46.775,,,,,,,,24,,,,,,,,,,,,,,,,,,,,,,,,,,,,,,,49.2946782,31.4495374,
08:20:46.800,,,,,,,,,,,,,,,,,,,,,,146,,,,,,,,,,,27.1,,,,14.4,,49.2947152,31.4495735,
08:20:46.822,,,,21,,,,,,,,,,,,,,,,,,,,,,,,,,,,,,,,,,,49.2947152,31.4495735,
08:20:46.894,,,,,,,,,,,,,,,,,,38,,,,,,,,,,,,,,,,,,,,,49.2947152,31.4495735,
08:20:46.943,,,,,,,,,,,,,,27,,,,,,,,,,,,,,,,,,,,,,,,,49.2947152,31.4495735,
08:20:46.980,,,,,,,,,,,,,,,,,-37,,,,,,,,,,,,,,,,,,,,,,49.2947152,31.4495735,
08:20:47.014,,,,,,,,,,,,,44,,,,,,,,,,,,,,,,,,,,,,,,,,49.2947152,31.4495735,
08:20:47.050,,,,,,,,,,,,,,,-1856,-0.12,,,,,,,,,,,,,,,,,,,,,,,49.2947152,31.4495735,
08:20:47.097,,,,,,,,,,,,,,,,,,,15,,,,,,,,,,,,,,,,,,,,49.2947152,31.4495735,
08:20:47.158,,,,,,,,,,,,,,,,,,,,,,,,,,,,,,0,,,,,,,,,49.2947152,31.4495735,
08:20:47.205,,,,,,,,,,,,,,,,,,,,,,,0,0,,,,,,,,,,,,,,,49.2947152,31.4495735,
08:20:47.254,,,,,,,,,,,,,,,,,,,,0,,,,,,,,,,,,,,,,,,,49.2947152,31.4495735,
08:20:47.303,,,,,,,,,,,,,,,,,,,,,,,,,,,,,,,,,,47,,,,,49.2947152,31.4495735,
08:20:47.350,,,,,,,,,,,,,,,,,,,,,,,,,-0.11726736449246175,3.5,3.5,96.53,5927.01,,,28.2,,,,,,14,49.2947152,31.4495735,
08:20:47.397,,,,,,,,,,,,,,,,,,,,,,,,,,,,,,,0,,,,,100,,,49.2947152,31.4495735,
08:20:47.494,,,,,,,,,,58.5,,,,,,,,,,,,,,,,,,,,,,,,,,,,,49.2947152,31.4495735,
08:20:47.530,,,,,,,,,359.7,,,,,,,,,,,,,,,,,,,,,,,,,,,,,,49.2947152,31.4495735,
08:20:47.567,,,,,,,,,,,3.74,,,,,,,,,,,,,,,,,,,,,,,,,,,,49.2947152,31.4495735,
08:20:47.602,,,,,,,,,,,,3.731,,,,,,,,,,,,,,,,,,,,,,,,,,,49.2947152,31.4495735,
08:20:47.626,5,,,,,,,,,,,,,,,,,,,,,,,,,,,,,,,,,,,,,,49.2947152,31.4495735,
08:20:47.663,,,6,,,,,,,,,,,,,,,,,,,,,,,,,,,,,,,,,,,,49.2947152,31.4495735,
08:20:47.711,,6,,,,,,,,,,,,,,,,,,,,,,,,,,,,,,,,,,,,,49.2947152,31.4495735,
08:20:47.746,,,,,26,,,,,,,,,,,,,,,,,,,,,,,,,,,,,,,,,,49.2947152,31.4495735,
08:20:47.782,,,,,,26,,,,,,,,,,,,,,,,,,,,,,,,,,,,,,,,,49.2947152,31.4495735,
08:20:47.808,,,,,,,,,,,,,,,,,,,,,,146,,,,,,,,,,,27.1,,,,12.4,,49.2947493,31.449593,
08:20:47.819,,,,,,,25,,,,,,,,,,,,,,,,,,,,,,,,,,,,,,,,49.2947493,31.449593,
08:20:47.855,,,,,,,,24,,,,,,,,,,,,,,,,,,,,,,,,,,,,,,,49.2947493,31.449593,
08:20:47.891,,,,21,,,,,,,,,,,,,,,,,,,,,,,,,,,,,,,,,,,49.2947493,31.449593,
08:20:47.962,,,,,,,,,,,,,,,,,,38,,,,,,,,,,,,,,,,,,,,,49.2947493,31.449593,
08:20:47.999,,,,,,,,,,,,,,27,,,,,,,,,,,,,,,,,,,,,,,,,49.2947493,31.449593,
08:20:48.046,,,,,,,,,,,,,,,,,33,,,,,,,,,,,,,,,,,,,,,,49.2947493,31.449593,
08:20:48.082,,,,,,,,,,,,,44,,,,,,,,,,,,,,,,,,,,,,,,,,49.2947493,31.449593,
08:20:48.131,,,,,,,,,,,,,,,2720,0.16,,,,,,,,,,,,,,,,,,,,,,,49.2947493,31.449593,
08:20:48.167,,,,,,,,,,,,,,,,,,,13,,,,,,,,,,,,,,,,,,,,49.2947493,31.449593,
08:20:48.239,,,,,,,,,,,,,,,,,,,,,,,,,,,,,,0,,,,,,,,,49.2947493,31.449593,
08:20:48.311,,,,,,,,,,,,,,,,,,,,,,,,,,,,,,,,,,,63,,,,49.2947493,31.449593,
08:20:48.381,,,,,,,,,,,,,,,,,,,,,,,0,0,,,,,,,,,,,,,,,49.2947493,31.449593,
08:20:48.441,,,,,,,,,,,,,,,,,,,,0,,,,,,,,,,,,,,,,,,,49.2947493,31.449593,
08:20:48.490,,,,,,,,,,,,,,,,,,,,,,,,,,,,,,,,,,47,,,,,49.2947493,31.449593,
08:20:48.526,,,,,,,,,,,,,,,,,,,,,,,,,-0.09789275644588111,3.51,3.51,96.54,5927.01,,,28.2,,,,,,13,49.2947493,31.449593,
08:20:48.562,,,,,,,,,,,,,,,,,,,,,,,,,,,,,,,0,,,,,100,,,49.2947493,31.449593,
08:20:48.633,,,,,,,,,,58.5,,,,,,,,,,,,,,,,,,,,,,,,,,,,,49.2947493,31.449593,
08:20:48.670,,,,,,,,,354.7,,,,,,,,,,,,,,,,,,,,,,,,,,,,,,49.2947493,31.449593,
08:20:48.707,,,,,,,,,,,3.706,,,,,,,,,,,,,,,,,,,,,,,,,,,,49.2947493,31.449593,
08:20:48.742,,,,,,,,,,,,3.698,,,,,,,,,,,,,,,,,,,,,,,,,,,49.2947493,31.449593,
08:20:48.790,-17,,,,,,,,,,,,,,,,,,,,,,,,,,,,,,,,,,,,,,49.2947493,31.449593,
08:20:48.809,,,,,,,,,,,,,,,,,,,,,,146,,,,,,,,,,,27.1,,,,17.2,,49.2947908,31.4495882,
08:20:48.838,,,-15,,,,,,,,,,,,,,,,,,,,,,,,,,,,,,,,,,,,49.2947908,31.4495882,
08:20:48.874,,-14,,,,,,,,,,,,,,,,,,,,,,,,,,,,,,,,,,,,,49.2947908,31.4495882,
08:20:48.923,,,,,26,,,,,,,,,,,,,,,,,,,,,,,,,,,,,,,,,,49.2947908,31.4495882,
08:20:48.970,,,,,,26,,,,,,,,,,,,,,,,,,,,,,,,,,,,,,,,,49.2947908,31.4495882,
08:20:49.006,,,,,,,25,,,,,,,,,,,,,,,,,,,,,,,,,,,,,,,,49.2947908,31.4495882,
08:20:49.055,,,,,,,,24,,,,,,,,,,,,,,,,,,,,,,,,,,,,,,,49.2947908,31.4495882,
08:20:49.102,,,,21,,,,,,,,,,,,,,,,,,,,,,,,,,,,,,,,,,,49.2947908,31.4495882,
08:20:49.175,,,,,,,,,,,,,,,,,,39,,,,,,,,,,,,,,,,,,,,,49.2947908,31.4495882,
08:20:49.222,,,,,,,,,,,,,,27,,,,,,,,,,,,,,,,,,,,,,,,,49.2947908,31.4495882,
08:20:49.259,,,,,,,,,,,,,,,,,26,,,,,,,,,,,,,,,,,,,,,,49.2947908,31.4495882,
08:20:49.306,,,,,,,,,,,,,44,,,,,,,,,,,,,,,,,,,,,,,,,,49.2947908,31.4495882,
08:20:49.343,,,,,,,,,,,,,,,1184,0.06,,,,,,,,,,,,,,,,,,,,,,,49.2947908,31.4495882,
08:20:49.389,,,,,,,,,,,,,,,,,,,14,,,,,,,,,,,,,,,,,,,,49.2947908,31.4495882,
08:20:49.474,,,,,,,,,,,,,,,,,,,,,,,,,,,,,,0,,,,,,,,,49.2947908,31.4495882,
08:20:49.511,,,,,,,,,,,,,,,,,,,,,,,0,0,,,,,,,,,,,,,,,49.2947908,31.4495882,
08:20:49.558,,,,,,,,,,,,,,,,,,,,0,,,,,,,,,,,,,,,,,,,49.2947908,31.4495882,
08:20:49.606,,,,,,,,,,,,,,,,,,,,,,,,,,,,,,,,,,47,,,,,49.2947908,31.4495882,
08:20:49.643,,,,,,,,,,,,,,,,,,,,,,,,,,3.51,3.51,96.54,5927.02,,,28.2,,,,,,14,49.2947908,31.4495882,
08:20:49.678,,,,,,,,,,,,,,,,,,,,,,,,,,,,,,,-0.01,,,,,99,,,49.2947908,31.4495882,
08:20:49.750,,,,,,,,,,58,,,,,,,,,,,,,,,,,,,,,,,,,,,,,49.2947908,31.4495882,
08:20:49.799,,,,,,,,,357.9,,,,,,,,,,,,,,,,,,,,,,,,,,,,,,49.2947908,31.4495882,
08:20:49.802,,,,,,,,,,,,,,,,,,,,,,146,,,,,,,,,,,27.1,,,,16.5,,49.2948075,31.4495368,
08:20:49.835,,,,,,,,,,,3.719,,,,,,,,,,,,,,,,,,,,,,,,,,,,49.2948075,31.4495368,
08:20:49.870,,,,,,,,,,,,3.706,,,,,,,,,,,,,,,,,,,,,,,,,,,49.2948075,31.4495368,
08:20:49.919,-6,,,,,,,,,,,,,,,,,,,,,,,,,,,,,,,,,,,,,,49.2948075,31.4495368,
08:20:49.966,,,-4,,,,,,,,,,,,,,,,,,,,,,,,,,,,,,,,,,,,49.2948075,31.4495368,
08:20:50.014,,-6,,,,,,,,,,,,,,,,,,,,,,,,,,,,,,,,,,,,,49.2948075,31.4495368,
08:20:50.050,,,,,26,,,,,,,,,,,,,,,,,,,,,,,,,,,,,,,,,,49.2948075,31.4495368,
08:20:50.086,,,,,,26,,,,,,,,,,,,,,,,,,,,,,,,,,,,,,,,,49.2948075,31.4495368,
08:20:50.134,,,,,,,25,,,,,,,,,,,,,,,,,,,,,,,,,,,,,,,,49.2948075,31.4495368,
08:20:50.171,,,,,,,,24,,,,,,,,,,,,,,,,,,,,,,,,,,,,,,,49.2948075,31.4495368,
08:20:50.207,,,,21,,,,,,,,,,,,,,,,,,,,,,,,,,,,,,,,,,,49.2948075,31.4495368,
08:20:50.278,,,,,,,,,,,,,,,,,,39,,,,,,,,,,,,,,,,,,,,,49.2948075,31.4495368,
08:20:50.327,,,,,,,,,,,,,,26,,,,,,,,,,,,,,,,,,,,,,,,,49.2948075,31.4495368,
08:20:50.363,,,,,,,,,,,,,,,,,18,,,,,,,,,,,,,,,,,,,,,,49.2948075,31.4495368,
08:20:50.398,,,,,,,,,,,,,44,,,,,,,,,,,,,,,,,,,,,,,,,,49.2948075,31.4495368,
08:20:50.462,,,,,,,,,,,,,,,1152,0.06,,,,,,,,,,,,,,,,,,,,,,,49.2948075,31.4495368,
08:20:50.499,,,,,,,,,,,,,,,,,,,12,,,,,,,,,,,,,,,,,,,,49.2948075,31.4495368,
08:20:50.583,,,,,,,,,,,,,,,,,,,,,,,,,,,,,,0,,,,,,,,,49.2948075,31.4495368,
08:20:50.617,,,,,,,,,,,,,,,,,,,,,,,,,,,,,,,,,,,63,,,,49.2948075,31.4495368,
08:20:50.678,,,,,,,,,,,,,,,,,,,,,,,0,0,,,,,,,,,,,,,,,49.2948075,31.4495368,
08:20:50.738,,,,,,,,,,,,,,,,,,,,0,,,,,,,,,,,,,,,,,,,49.2948075,31.4495368,
08:20:50.786,,,,,,,,,,,,,,,,,,,,,,,,,,,,,,,,,,47,,,,,49.2948075,31.4495368,
08:20:50.801,,,,,,,,,,,,,,,,,,,,,,146,,,,,,,,,,,27,,,,12.1,,49.2948263,31.4495059,
08:20:50.823,,,,,,,,,,,,,,,,,,,,,,,,,,3.52,3.52,96.55,5927.02,,,28.1,,,,,,12,49.2948263,31.4495059,
08:20:50.871,,,,,,,,,,,,,,,,,,,,,,,,,,,,,,,0,,,,,100,,,49.2948263,31.4495059,
08:20:50.930,,,,,,,,,,58,,,,,,,,,,,,,,,,,,,,,,,,,,,,,49.2948263,31.4495059,
08:20:50.991,,,,,,,,,352.4,,,,,,,,,,,,,,,,,,,,,,,,,,,,,,49.2948263,31.4495059,
08:20:51.027,,,,,,,,,,,3.684,,,,,,,,,,,,,,,,,,,,,,,,,,,,49.2948263,31.4495059,
08:20:51.062,,,,,,,,,,,,3.674,,,,,,,,,,,,,,,,,,,,,,,,,,,49.2948263,31.4495059,
08:20:51.134,-31,,,,,,,,,,,,,,,,,,,,,,,,,,,,,,,,,,,,,,49.2948263,31.4495059,
08:20:51.159,,,-1600,,,,,,,,,,,,,,,,,,,,,,,,,,,,,,,,,,,,49.2948263,31.4495059,
08:20:51.218,,-30,,,,,,,,,,,,,,,,,,,,,,,,,,,,,,,,,,,,,49.2948263,31.4495059,
08:20:51.290,,,,,26,,,,,,,,,,,,,,,,,,,,,,,,,,,,,,,,,,49.2948263,31.4495059,
08:20:51.362,,,,,,26,,,,,,,,,,,,,,,,,,,,,,,,,,,,,,,,,49.2948263,31.4495059,
08:20:51.435,,,,,,,25,,,,,,,,,,,,,,,,,,,,,,,,,,,,,,,,49.2948263,31.4495059,
08:20:51.498,,,,,,,,24,,,,,,,,,,,,,,,,,,,,,,,,,,,,,,,49.2948263,31.4495059,
08:20:51.534,,,,21,,,,,,,,,,,,,,,,,,,,,,,,,,,,,,,,,,,49.2948263,31.4495059,
08:20:51.618,,,,,,,,,,,,,,,,,,39,,,,,,,,,,,,,,,,,,,,,49.2948263,31.4495059,
08:20:51.654,,,,,,,,,,,,,,26,,,,,,,,,,,,,,,,,,,,,,,,,49.2948263,31.4495059,
08:20:51.690,,,,,,,,,,,,,,,,,34,,,,,,,,,,,,,,,,,,,,,,49.2948263,31.4495059,
08:20:51.726,,,,,,,,,,,,,44,,,,,,,,,,,,,,,,,,,,,,,,,,49.2948263,31.4495059,
08:20:51.761,,,,,,,,,,,,,,,2112,0.12,,,,,,,,,,,,,,,,,,,,,,,49.2948263,31.4495059,
08:20:51.799,,,,,,,,,,,,,,,,,,,16,,,,,,,,,,,,,,,,,,,,49.2948263,31.4495059,
08:20:51.804,,,,,,,,,,,,,,,,,,,,,,146,,,,,,,,,,,27,,,,15.6,,49.2948621,31.4494763,
08:20:51.883,,,,,,,,,,,,,,,,,,,,,,,,,,,,,,0,,,,,,,,,49.2948621,31.4494763,
08:20:51.930,,,,,,,,,,,,,,,,,,,,,,,0,0,,,,,,,,,,,,,,,49.2948621,31.4494763,
08:20:51.978,,,,,,,,,,,,,,,,,,,,0,,,,,,,,,,,,,,,,,,,49.2948621,31.4494763,
08:20:52.027,,,,,,,,,,,,,,,,,,,,,,,,,,,,,,,,,,47,,,,,49.2948621,31.4494763,
08:20:52.086,,,,,,,,,,,,,,,,,,,,,,,,,,3.52,3.52,96.55,5927.03,,,28.1,,,,,,16,49.2948621,31.4494763,
08:20:52.123,,,,,,,,,,,,,,,,,,,,,,,,,,,,,,,-0.01,,,,,99,,,49.2948621,31.4494763,
08:20:52.207,,,,,,,,,,58,,,,,,,,,,,,,,,,,,,,,,,,,,,,,49.2948621,31.4494763,
08:20:52.254,,,,,,,,,353.9,,,,,,,,,,,,,,,,,,,,,,,,,,,,,,49.2948621,31.4494763,
08:20:52.291,,,,,,,,,,,3.689,,,,,,,,,,,,,,,,,,,,,,,,,,,,49.2948621,31.4494763,
08:20:52.351,,,,,,,,,,,,3.679,,,,,,,,,,,,,,,,,,,,,,,,,,,49.2948621,31.4494763,
08:20:52.398,-19,,,,,,,,,,,,,,,,,,,,,,,,,,,,,,,,,,,,,,49.2948621,31.4494763,
08:20:52.434,,,-19,,,,,,,,,,,,,,,,,,,,,,,,,,,,,,,,,,,,49.2948621,31.4494763,
08:20:52.483,,-19,,,,,,,,,,,,,,,,,,,,,,,,,,,,,,,,,,,,,49.2948621,31.4494763,
08:20:52.546,,,,,26,,,,,,,,,,,,,,,,,,,,,,,,,,,,,,,,,,49.2948621,31.4494763,
08:20:52.582,,,,,,26,,,,,,,,,,,,,,,,,,,,,,,,,,,,,,,,,49.2948621,31.4494763,
08:20:52.630,,,,,,,25,,,,,,,,,,,,,,,,,,,,,,,,,,,,,,,,49.2948621,31.4494763,
08:20:52.667,,,,,,,,24,,,,,,,,,,,,,,,,,,,,,,,,,,,,,,,49.2948621,31.4494763,
08:20:52.706,,,,21,,,,,,,,,,,,,,,,,,,,,,,,,,,,,,,,,,,49.2948621,31.4494763,
08:20:52.766,,,,,,,,,,,,,,,,,,39,,,,,,,,,,,,,,,,,,,,,49.2948621,31.4494763,
08:20:52.803,,,,,,,,,,,,,,26,,,,,,,,,,,,,,,,,,,,,,,,,49.2948621,31.4494763,
08:20:52.805,,,,,,,,,,,,,,,,,,,,,,146,,,,,,,,,,,27,,,,16.8,,49.2948995,31.4494572,
08:20:52.839,,,,,,,,,,,,,,,,,44,,,,,,,,,,,,,,,,,,,,,,49.2948995,31.4494572,
08:20:52.887,,,,,,,,,,,,,44,,,,,,,,,,,,,,,,,,,,,,,,,,49.2948995,31.4494572,
08:20:52.923,,,,,,,,,,,,,,,2816,0.17,,,,,,,,,,,,,,,,,,,,,,,49.2948995,31.4494572,
08:20:52.959,,,,,,,,,,,,,,,,,,,18,,,,,,,,,,,,,,,,,,,,49.2948995,31.4494572,
08:20:53.019,,,,,,,,,,,,,,,,,,,,,,,,,,,,,,0,,,,,,,,,49.2948995,31.4494572,
08:20:53.078,,,,,,,,,,,,,,,,,,,,,,,,,,,,,,,,,,,63,,,,49.2948995,31.4494572,
08:20:53.162,,,,,,,,,,,,,,,,,,,,,,,0,0,,,,,,,,,,,,,,,49.2948995,31.4494572,
08:20:53.199,,,,,,,,,,,,,,,,,,,,0,,,,,,,,,,,,,,,,,,,49.2948995,31.4494572,
08:20:53.233,,,,,,,,,,,,,,,,,,,,,,,,,,,,,,,,,,47,,,,,49.2948995,31.4494572,
08:20:53.282,,,,,,,,,,,,,,,,,,,,,,,,,,3.53,3.53,96.56,5927.03,,,28.1,,,,,,17,49.2948995,31.4494572,
08:20:53.319,,,,,,,,,,,,,,,,,,,,,,,,,,,,,,,0,,,,,100,,,49.2948995,31.4494572,
08:20:53.379,,,,,,,,,,58,,,,,,,,,,,,,,,,,,,,,,,,,,,,,49.2948995,31.4494572,
08:20:53.414,,,,,,,,,352.9,,,,,,,,,,,,,,,,,,,,,,,,,,,,,,49.2948995,31.4494572,
08:20:53.462,,,,,,,,,,,3.689,,,,,,,,,,,,,,,,,,,,,,,,,,,,49.2948995,31.4494572,
08:20:53.511,,,,,,,,,,,,3.69,,,,,,,,,,,,,,,,,,,,,,,,,,,49.2948995,31.4494572,
08:20:53.558,-2,,,,,,,,,,,,,,,,,,,,,,,,,,,,,,,,,,,,,,49.2948995,31.4494572,
08:20:53.593,,,-0,,,,,,,,,,,,,,,,,,,,,,,,,,,,,,,,,,,,49.2948995,31.4494572,
08:20:53.630,,4,,,,,,,,,,,,,,,,,,,,,,,,,,,,,,,,,,,,,49.2948995,31.4494572,
08:20:53.678,,,,,26,,,,,,,,,,,,,,,,,,,,,,,,,,,,,,,,,,49.2948995,31.4494572,
08:20:53.726,,,,,,26,,,,,,,,,,,,,,,,,,,,,,,,,,,,,,,,,49.2948995,31.4494572,
08:20:53.774,,,,,,,25,,,,,,,,,,,,,,,,,,,,,,,,,,,,,,,,49.2948995,31.4494572,
08:20:53.807,,,,,,,,,,,,,,,,,,,,,,146,,,,,,,,,,,27,,,,20.3,,49.2949502,31.449445,
08:20:53.822,,,,,,,,24,,,,,,,,,,,,,,,,,,,,,,,,,,,,,,,49.2949502,31.449445,
08:20:53.859,,,,21,,,,,,,,,,,,,,,,,,,,,,,,,,,,,,,,,,,49.2949502,31.449445,
08:20:53.931,,,,,,,,,,,,,,,,,,39,,,,,,,,,,,,,,,,,,,,,49.2949502,31.449445,
08:20:53.978,,,,,,,,,,,,,,26,,,,,,,,,,,,,,,,,,,,,,,,,49.2949502,31.449445,
08:20:54.027,,,,,,,,,,,,,,,,,-48,,,,,,,,,,,,,,,,,,,,,,49.2949502,31.449445,
08:20:54.051,,,,,,,,,,,,,44,,,,,,,,,,,,,,,,,,,,,,,,,,49.2949502,31.449445,
08:20:54.086,,,,,,,,,,,,,,,-2784,-0.17,,,,,,,,,,,,,,,,,,,,,,,49.2949502,31.449445,
08:20:54.123,,,,,,,,,,,,,,,,,,,18,,,,,,,,,,,,,,,,,,,,49.2949502,31.449445,
08:20:54.218,,,,,,,,,,,,,,,,,,,,,,,,,,,,,,0,,,,,,,,,49.2949502,31.449445,
08:20:54.302,,,,,,,,,,,,,,,,,,,,,,,0,0,,,,,,,,,,,,,,,49.2949502,31.449445,
08:20:54.387,,,,,,,,,,,,,,,,,,,,0,,,,,,,,,,,,,,,,,,,49.2949502,31.449445,
08:20:54.457,,,,,,,,,,,,,,,,,,,,,,,,,,,,,,,,,,47,,,,,49.2949502,31.449445,
08:20:54.505,,,,,,,,,,,,,,,,,,,,,,,,,,3.53,3.53,96.56,5927.04,,,28,,,,,,17,49.2949502,31.449445,
08:20:54.542,,,,,,,,,,,,,,,,,,,,,,,,,,,,,,,0,,,,,100,,,49.2949502,31.449445,
08:20:54.614,,,,,,,,,,57.5,,,,,,,,,,,,,,,,,,,,,,,,,,,,,49.2949502,31.449445,
08:20:54.649,,,,,,,,,354.7,,,,,,,,,,,,,,,,,,,,,,,,,,,,,,49.2949502,31.449445,
08:20:54.699,,,,,,,,,,,3.702,,,,,,,,,,,,,,,,,,,,,,,,,,,,49.2949502,31.449445,
08:20:54.734,,,,,,,,,,,,3.69,,,,,,,,,,,,,,,,,,,,,,,,,,,49.2949502,31.449445,
08:20:54.771,-5,,,,,,,,,,,,,,,,,,,,,,,,,,,,,,,,,,,,,,49.2949502,31.449445,
08:20:54.806,,,,,,,,,,,,,,,,,,,,,,146,,,,,,,,,,,27,,,,17.3,,49.2949917,31.4494265,
08:20:54.829,,,-3,,,,,,,,,,,,,,,,,,,,,,,,,,,,,,,,,,,,49.2949917,31.4494265,
08:20:54.865,,-2,,,,,,,,,,,,,,,,,,,,,,,,,,,,,,,,,,,,,49.2949917,31.4494265,
08:20:54.902,,,,,26,,,,,,,,,,,,,,,,,,,,,,,,,,,,,,,,,,49.2949917,31.4494265,
08:20:54.939,,,,,,26,,,,,,,,,,,,,,,,,,,,,,,,,,,,,,,,,49.2949917,31.4494265,
08:20:54.973,,,,,,,25,,,,,,,,,,,,,,,,,,,,,,,,,,,,,,,,49.2949917,31.4494265,
08:20:55.022,,,,,,,,24,,,,,,,,,,,,,,,,,,,,,,,,,,,,,,,49.2949917,31.4494265,
08:20:55.059,,,,21,,,,,,,,,,,,,,,,,,,,,,,,,,,,,,,,,,,49.2949917,31.4494265,
08:20:55.142,,,,,,,,,,,,,,,,,,40,,,,,,,,,,,,,,,,,,,,,49.2949917,31.4494265,
08:20:55.191,,,,,,,,,,,,,,26,,,,,,,,,,,,,,,,,,,,,,,,,49.2949917,31.4494265,
08:20:55.238,,,,,,,,,,,,,,,,,-50,,,,,,,,,,,,,,,,,,,,,,49.2949917,31.4494265,
08:20:55.274,,,,,,,,,,,,,42,,,,,,,,,,,,,,,,,,,,,,,,,,49.2949917,31.4494265,
08:20:55.321,,,,,,,,,,,,,,,-3296,-0.2,,,,,,,,,,,,,,,,,,,,,,,49.2949917,31.4494265,
08:20:55.358,,,,,,,,,,,,,,,,,,,17,,,,,,,,,,,,,,,,,,,,49.2949917,31.4494265,
08:20:55.430,,,,,,,,,,,,,,,,,,,,,,,,,,,,,,0,,,,,,,,,49.2949917,31.4494265,
08:20:55.491,,,,,,,,,,,,,,,,,,,,,,,,,,,,,,,,,,,63,,,,49.2949917,31.4494265,
08:20:55.538,,,,,,,,,,,,,,,,,,,,,,,0,0,,,,,,,,,,,,,,,49.2949917,31.4494265,
08:20:55.597,,,,,,,,,,,,,,,,,,,,0,,,,,,,,,,,,,,,,,,,49.2949917,31.4494265,
08:20:55.646,,,,,,,,,,,,,,,,,,,,,,,,,,,,,,,,,,47,,,,,49.2949917,31.4494265,
08:20:55.694,,,,,,,,,,,,,,,,,,,,,,,,,,3.54,3.54,96.57,5927.05,,,28,,,,,,16,49.2949917,31.4494265,
08:20:55.731,,,,,,,,,,,,,,,,,,,,,,,,,,,,,,,0,,,,,100,,,49.2949917,31.4494265,
08:20:55.791,,,,,,,,,,58,,,,,,,,,,,,,,,,,,,,,,,,,,,,,49.2949917,31.4494265,
08:20:55.809,,,,,,,,,,,,,,,,,,,,,,146,,,,,,,,,,,26.9,,,,17.1,,49.2950265,31.4493916,
08:20:55.827,,,,,,,,,356.3,,,,,,,,,,,,,,,,,,,,,,,,,,,,,,49.2950265,31.4493916,
08:20:55.874,,,,,,,,,,,3.722,,,,,,,,,,,,,,,,,,,,,,,,,,,,49.2950265,31.4493916,
08:20:55.909,,,,,,,,,,,,3.714,,,,,,,,,,,,,,,,,,,,,,,,,,,49.2950265,31.4493916,
08:20:55.945,10,,,,,,,,,,,,,,,,,,,,,,,,,,,,,,,,,,,,,,49.2950265,31.4493916,
08:20:55.995,,,10,,,,,,,,,,,,,,,,,,,,,,,,,,,,,,,,,,,,49.2950265,31.4493916,
08:20:56.029,,10,,,,,,,,,,,,,,,,,,,,,,,,,,,,,,,,,,,,,49.2950265,31.4493916,
08:20:56.067,,,,,26,,,,,,,,,,,,,,,,,,,,,,,,,,,,,,,,,,49.2950265,31.4493916,
08:20:56.101,,,,,,26,,,,,,,,,,,,,,,,,,,,,,,,,,,,,,,,,49.2950265,31.4493916,
08:20:56.138,,,,,,,25,,,,,,,,,,,,,,,,,,,,,,,,,,,,,,,,49.2950265,31.4493916,
08:20:56.175,,,,,,,,24,,,,,,,,,,,,,,,,,,,,,,,,,,,,,,,49.2950265,31.4493916,
08:20:56.211,,,,21,,,,,,,,,,,,,,,,,,,,,,,,,,,,,,,,,,,49.2950265,31.4493916,
08:20:56.282,,,,,,,,,,,,,,,,,,40,,,,,,,,,,,,,,,,,,,,,49.2950265,31.4493916,
08:20:56.319,,,,,,,,,,,,,,27,,,,,,,,,,,,,,,,,,,,,,,,,49.2950265,31.4493916,
08:20:56.367,,,,,,,,,,,,,,,,,-48,,,,,,,,,,,,,,,,,,,,,,49.2950265,31.4493916,
08:20:56.414,,,,,,,,,,,,,44,,,,,,,,,,,,,,,,,,,,,,,,,,49.2950265,31.4493916,
08:20:56.463,,,,,,,,,,,,,,,-2976,-0.19,,,,,,,,,,,,,,,,,,,,,,,49.2950265,31.4493916,
08:20:56.498,,,,,,,,,,,,,,,,,,,14,,,,,,,,,,,,,,,,,,,,49.2950265,31.4493916,
08:20:56.570,,,,,,,,,,,,,,,,,,,,,,,,,,,,,,0,,,,,,,,,49.2950265,31.4493916,
08:20:56.619,,,,,,,,,,,,,,,,,,,,,,,0,0,,,,,,,,,,,,,,,49.2950265,31.4493916,
08:20:56.667,,,,,,,,,,,,,,,,,,,,0,,,,,,,,,,,,,,,,,,,49.2950265,31.4493916,
08:20:56.726,,,,,,,,,,,,,,,,,,,,,,,,,,,,,,,,,,47,,,,,49.2950265,31.4493916,
08:20:56.763,,,,,,,,,,,,,,,,,,,,,,,,,-0.012236594555735138,3.54,3.54,96.57,5927.05,,,28,,,,,,14,49.2950265,31.4493916,
08:20:56.798,,,,,,,,,,,,,,,,,,,,,,,,,,,,,,,0,,,,,100,,,49.2950265,31.4493916,
08:20:56.802,,,,,,,,,,,,,,,,,,,,,,146,,,,,,,,,,,26.9,,,,14.8,,49.2950546,31.4493527,
08:20:56.858,,,,,,,,,,58,,,,,,,,,,,,,,,,,,,,,,,,,,,,,49.2950546,31.4493527,
08:20:56.895,,,,,,,,,357.1,,,,,,,,,,,,,,,,,,,,,,,,,,,,,,49.2950546,31.4493527,
08:20:56.941,,,,,,,,,,,3.716,,,,,,,,,,,,,,,,,,,,,,,,,,,,49.2950546,31.4493527,
08:20:56.978,,,,,,,,,,,,3.704,,,,,,,,,,,,,,,,,,,,,,,,,,,49.2950546,31.4493527,
08:20:57.015,1,,,,,,,,,,,,,,,,,,,,,,,,,,,,,,,,,,,,,,49.2950546,31.4493527,
08:20:57.063,,,2,,,,,,,,,,,,,,,,,,,,,,,,,,,,,,,,,,,,49.2950546,31.4493527,
08:20:57.099,,3,,,,,,,,,,,,,,,,,,,,,,,,,,,,,,,,,,,,,49.2950546,31.4493527,
08:20:57.135,,,,,26,,,,,,,,,,,,,,,,,,,,,,,,,,,,,,,,,,49.2950546,31.4493527,
08:20:57.181,,,,,,26,,,,,,,,,,,,,,,,,,,,,,,,,,,,,,,,,49.2950546,31.4493527,
08:20:57.219,,,,,,,25,,,,,,,,,,,,,,,,,,,,,,,,,,,,,,,,49.2950546,31.4493527,
08:20:57.253,,,,,,,,24,,,,,,,,,,,,,,,,,,,,,,,,,,,,,,,49.2950546,31.4493527,
08:20:57.291,,,,21,,,,,,,,,,,,,,,,,,,,,,,,,,,,,,,,,,,49.2950546,31.4493527,
08:20:57.375,,,,,,,,,,,,,,,,,,40,,,,,,,,,,,,,,,,,,,,,49.2950546,31.4493527,
08:20:57.409,,,,,,,,,,,,,,27,,,,,,,,,,,,,,,,,,,,,,,,,49.2950546,31.4493527,
08:20:57.458,,,,,,,,,,,,,,,,,-39,,,,,,,,,,,,,,,,,,,,,,49.2950546,31.4493527,
08:20:57.518,,,,,,,,,,,,,44,,,,,,,,,,,,,,,,,,,,,,,,,,49.2950546,31.4493527,
08:20:57.578,,,,,,,,,,,,,,,-2464,-0.16,,,,,,,,,,,,,,,,,,,,,,,49.2950546,31.4493527,
08:20:57.699,,,,,,,,,,,,,,,,,,,13,,,,,,,,,,,,,,,,,,,,49.2950546,31.4493527,
08:20:57.808,,,,,,,,,,,,,,,,,,,,,,146,,,,,,,,,,,26.9,,,,12.9,,49.2950738,31.4493116,
08:20:57.835,,,,,,,,,,,,,,,,,,,,,,,,,,,,,,0,,,,,,,,,49.2950738,31.4493116,
08:20:57.869,,,,,,,,,,,,,,,,,,,,,,,,,,,,,,,,,,,63,,,,49.2950738,31.4493116,
08:20:57.943,,,,,,,,,,,,,,,,,,,,,,,0,0,,,,,,,,,,,,,,,49.2950738,31.4493116,
08:20:58.134,,,,,,,,,,,,,,,,,,,,0,,,,,,,,,,,,,,,,,,,49.2950738,31.4493116,
08:20:58.171,,,,,,,,,,,,,,,,,,,,,,,,,,,,,,,,,,47,,,,,49.2950738,31.4493116,
08:20:58.242,,,,,,,,,,,,,,,,,,,,,,,,,-0.028552053963381997,3.55,3.55,96.58,5927.05,,,27.9,,,,,,12,49.2950738,31.4493116,
08:20:58.278,,,,,,,,,,,,,,,,,,,,,,,,,,,,,,,-0.01,,,,,99,,,49.2950738,31.4493116,
08:20:58.338,,,,,,,,,,58,,,,,,,,,,,,,,,,,,,,,,,,,,,,,49.2950738,31.4493116,
08:20:58.387,,,,,,,,,358.1,,,,,,,,,,,,,,,,,,,,,,,,,,,,,,49.2950738,31.4493116,
08:20:58.422,,,,,,,,,,,3.717,,,,,,,,,,,,,,,,,,,,,,,,,,,,49.2950738,31.4493116,
08:20:58.459,,,,,,,,,,,,3.707,,,,,,,,,,,,,,,,,,,,,,,,,,,49.2950738,31.4493116,
08:20:58.494,3,,,,,,,,,,,,,,,,,,,,,,,,,,,,,,,,,,,,,,49.2950738,31.4493116,
08:20:58.542,,,2,,,,,,,,,,,,,,,,,,,,,,,,,,,,,,,,,,,,49.2950738,31.4493116,
08:20:58.591,,3,,,,,,,,,,,,,,,,,,,,,,,,,,,,,,,,,,,,,49.2950738,31.4493116,
08:20:58.628,,,,,26,,,,,,,,,,,,,,,,,,,,,,,,,,,,,,,,,,49.2950738,31.4493116,
08:20:58.663,,,,,,26,,,,,,,,,,,,,,,,,,,,,,,,,,,,,,,,,49.2950738,31.4493116,
08:20:58.723,,,,,,,25,,,,,,,,,,,,,,,,,,,,,,,,,,,,,,,,49.2950738,31.4493116,
08:20:58.782,,,,,,,,24,,,,,,,,,,,,,,,,,,,,,,,,,,,,,,,49.2950738,31.4493116,
08:20:58.806,,,,,,,,,,,,,,,,,,,,,,146,,,,,,,,,,,26.9,,,,11.2,,49.2950895,31.4492732,
08:20:58.818,,,,21,,,,,,,,,,,,,,,,,,,,,,,,,,,,,,,,,,,49.2950895,31.4492732,
08:20:58.877,,,,,,,,,,,,,,,,,,40,,,,,,,,,,,,,,,,,,,,,49.2950895,31.4492732,
08:20:58.915,,,,,,,,,,,,,,27,,,,,,,,,,,,,,,,,,,,,,,,,49.2950895,31.4492732,
08:20:58.974,,,,,,,,,,,,,,,,,-23,,,,,,,,,,,,,,,,,,,,,,49.2950895,31.4492732,
08:20:59.010,,,,,,,,,,,,,44,,,,,,,,,,,,,,,,,,,,,,,,,,49.2950895,31.4492732,
08:20:59.046,,,,,,,,,,,,,,,-1472,-0.09,,,,,,,,,,,,,,,,,,,,,,,49.2950895,31.4492732,
08:20:59.094,,,,,,,,,,,,,,,,,,,11,,,,,,,,,,,,,,,,,,,,49.2950895,31.4492732,
08:20:59.154,,,,,,,,,,,,,,,,,,,,,,,,,,,,,,0,,,,,,,,,49.2950895,31.4492732,
08:20:59.190,,,,,,,,,,,,,,,,,,,,,,,0,0,,,,,,,,,,,,,,,49.2950895,31.4492732,
08:20:59.250,,,,,,,,,,,,,,,,,,,,0,,,,,,,,,,,,,,,,,,,49.2950895,31.4492732,
08:20:59.287,,,,,,,,,,,,,,,,,,,,,,,,,,,,,,,,,,47,,,,,49.2950895,31.4492732,
08:20:59.334,,,,,,,,,,,,,,,,,,,,,,,,,-0.040788648519117135,3.55,3.55,96.58,5927.06,,,27.9,,,,,,10,49.2950895,31.4492732,
08:20:59.371,,,,,,,,,,,,,,,,,,,,,,,,,,,,,,,0,,,,,100,,,49.2950895,31.4492732,
08:20:59.442,,,,,,,,,,58,,,,,,,,,,,,,,,,,,,,,,,,,,,,,49.2950895,31.4492732,
08:20:59.491,,,,,,,,,355.3,,,,,,,,,,,,,,,,,,,,,,,,,,,,,,49.2950895,31.4492732,
08:20:59.527,,,,,,,,,,,3.712,,,,,,,,,,,,,,,,,,,,,,,,,,,,49.2950895,31.4492732,
08:20:59.573,,,,,,,,,,,,3.706,,,,,,,,,,,,,,,,,,,,,,,,,,,49.2950895,31.4492732,
08:20:59.634,0,,,,,,,,,,,,,,,,,,,,,,,,,,,,,,,,,,,,,,49.2950895,31.4492732,
08:20:59.670,,,-0,,,,,,,,,,,,,,,,,,,,,,,,,,,,,,,,,,,,49.2950895,31.4492732,
08:20:59.717,,-0,,,,,,,,,,,,,,,,,,,,,,,,,,,,,,,,,,,,,49.2950895,31.4492732,
08:20:59.766,,,,,26,,,,,,,,,,,,,,,,,,,,,,,,,,,,,,,,,,49.2950895,31.4492732,
08:20:59.800,,,,,,,,,,,,,,,,,,,,,,144,,,,,,,,,,,26.8,,,,10.1,,49.2951058,31.4492379,
08:20:59.803,,,,,,26,,,,,,,,,,,,,,,,,,,,,,,,,,,,,,,,,49.2951058,31.4492379,
08:20:59.839,,,,,,,25,,,,,,,,,,,,,,,,,,,,,,,,,,,,,,,,49.2951058,31.4492379,
08:20:59.876,,,,,,,,24,,,,,,,,,,,,,,,,,,,,,,,,,,,,,,,49.2951058,31.4492379,
08:20:59.911,,,,21,,,,,,,,,,,,,,,,,,,,,,,,,,,,,,,,,,,49.2951058,31.4492379,
08:20:59.994,,,,,,,,,,,,,,,,,,40,,,,,,,,,,,,,,,,,,,,,49.2951058,31.4492379,
08:21:00.042,,,,,,,,,,,,,,26,,,,,,,,,,,,,,,,,,,,,,,,,49.2951058,31.4492379,
08:21:00.094,,,,,,,,,,,,,,,,,-12,,,,,,,,,,,,,,,,,,,,,,49.2951058,31.4492379,
08:21:00.131,,,,,,,,,,,,,44,,,,,,,,,,,,,,,,,,,,,,,,,,49.2951058,31.4492379,
08:21:00.167,,,,,,,,,,,,,,,-640,-0.05,,,,,,,,,,,,,,,,,,,,,,,49.2951058,31.4492379,
08:21:00.238,,,,,,,,,,,,,,,,,,,10,,,,,,,,,,,,,,,,,,,,49.2951058,31.4492379,
08:21:00.311,,,,,,,,,,,,,,,,,,,,,,,,,,,,,,0,,,,,,,,,49.2951058,31.4492379,
08:21:00.371,,,,,,,,,,,,,,,,,,,,,,,,,,,,,,,,,,,63,,,,49.2951058,31.4492379,
08:21:00.405,,,,,,,,,,,,,,,,,,,,,,,0,0,,,,,,,,,,,,,,,49.2951058,31.4492379,
08:21:00.443,,,,,,,,,,,,,,,,,,,,0,,,,,,,,,,,,,,,,,,,49.2951058,31.4492379,
08:21:00.492,,,,,,,,,,,,,,,,,,,,,,,,,,,,,,,,,,47,,,,,49.2951058,31.4492379,
08:21:00.537,,,,,,,,,,,,,,,,,,,,,,,,,-0.040788648519117135,3.55,3.55,96.58,5927.06,,,27.8,,,,,,9,49.2951058,31.4492379,
08:21:00.585,,,,,,,,,,,,,,,,,,,,,,,,,,,,,,,-0.01,,,,,99,,,49.2951058,31.4492379,
08:21:00.659,,,,,,,,,,58,,,,,,,,,,,,,,,,,,,,,,,,,,,,,49.2951058,31.4492379,
08:21:00.707,,,,,,,,,356.8,,,,,,,,,,,,,,,,,,,,,,,,,,,,,,49.2951058,31.4492379,
08:21:00.742,,,,,,,,,,,3.715,,,,,,,,,,,,,,,,,,,,,,,,,,,,49.2951058,31.4492379,
08:21:00.778,,,,,,,,,,,,3.7,,,,,,,,,,,,,,,,,,,,,,,,,,,49.2951058,31.4492379,
08:21:00.802,,,,,,,,,,,,,,,,,,,,,,144,,,,,,,,,,,26.8,,,,9.4,,49.29512,31.4492042,
08:21:00.814,-3,,,,,,,,,,,,,,,,,,,,,,,,,,,,,,,,,,,,,,49.29512,31.4492042,
08:21:00.874,,,-3,,,,,,,,,,,,,,,,,,,,,,,,,,,,,,,,,,,,49.29512,31.4492042,
08:21:00.946,,-3,,,,,,,,,,,,,,,,,,,,,,,,,,,,,,,,,,,,,49.29512,31.4492042,
08:21:00.994,,,,,26,,,,,,,,,,,,,,,,,,,,,,,,,,,,,,,,,,49.29512,31.4492042,
08:21:01.054,,,,,,26,,,,,,,,,,,,,,,,,,,,,,,,,,,,,,,,,49.29512,31.4492042,
08:21:01.102,,,,,,,25,,,,,,,,,,,,,,,,,,,,,,,,,,,,,,,,49.29512,31.4492042,
08:21:01.139,,,,,,,,24,,,,,,,,,,,,,,,,,,,,,,,,,,,,,,,49.29512,31.4492042,
08:21:01.186,,,,21,,,,,,,,,,,,,,,,,,,,,,,,,,,,,,,,,,,49.29512,31.4492042,
08:21:01.246,,,,,,,,,,,,,,,,,,40,,,,,,,,,,,,,,,,,,,,,49.29512,31.4492042,
08:21:01.283,,,,,,,,,,,,,,27,,,,,,,,,,,,,,,,,,,,,,,,,49.29512,31.4492042,
08:21:01.331,,,,,,,,,,,,,,,,,0,,,,,,,,,,,,,,,,,,,,,,49.29512,31.4492042,
08:21:01.367,,,,,,,,,,,,,44,,,,,,,,,,,,,,,,,,,,,,,,,,49.29512,31.4492042,
08:21:01.415,,,,,,,,,,,,,,,0,0,,,,,,,,,,,,,,,,,,,,,,,49.29512,31.4492042,
08:21:01.451,,,,,,,,,,,,,,,,,,,9,,,,,,,,,,,,,,,,,,,,49.29512,31.4492042,
08:21:01.559,,,,,,,,,,,,,,,,,,,,,,,,,,,,,,0,,,,,,,,,49.29512,31.4492042,
08:21:01.606,,,,,,,,,,,,,,,,,,,,,,,0,0,,,,,,,,,,,,,,,49.29512,31.4492042,
08:21:01.642,,,,,,,,,,,,,,,,,,,,0,,,,,,,,,,,,,,,,,,,49.29512,31.4492042,
08:21:01.691,,,,,,,,,,,,,,,,,,,,,,,,,,,,,,,,,,47,,,,,49.29512,31.4492042,
08:21:01.726,,,,,,,,,,,,,,,,,,,,,,,,,-0.034670351241249564,3.56,3.56,96.59,5927.06,,,27.8,,,,,,8,49.29512,31.4492042,
08:21:01.775,,,,,,,,,,,,,,,,,,,,,,,,,,,,,,,-0.01,,,,,99,,,49.29512,31.4492042,
08:21:01.803,,,,,,,,,,,,,,,,,,,,,,144,,,,,,,,,,,26.7,,,,9.1,,49.2951272,31.44917,
08:21:01.845,,,,,,,,,,58,,,,,,,,,,,,,,,,,,,,,,,,,,,,,49.2951272,31.44917,
08:21:01.883,,,,,,,,,354.8,,,,,,,,,,,,,,,,,,,,,,,,,,,,,,49.2951272,31.44917,
08:21:01.930,,,,,,,,,,,3.706,,,,,,,,,,,,,,,,,,,,,,,,,,,,49.2951272,31.44917,
08:21:01.978,,,,,,,,,,,,3.698,,,,,,,,,,,,,,,,,,,,,,,,,,,49.2951272,31.44917,
08:21:02.014,-4,,,,,,,,,,,,,,,,,,,,,,,,,,,,,,,,,,,,,,49.2951272,31.44917,
08:21:02.051,,,-5,,,,,,,,,,,,,,,,,,,,,,,,,,,,,,,,,,,,49.2951272,31.44917,
08:21:02.087,,-6,,,,,,,,,,,,,,,,,,,,,,,,,,,,,,,,,,,,,49.2951272,31.44917,
08:21:02.122,,,,,26,,,,,,,,,,,,,,,,,,,,,,,,,,,,,,,,,,49.2951272,31.44917,
08:21:02.169,,,,,,26,,,,,,,,,,,,,,,,,,,,,,,,,,,,,,,,,49.2951272,31.44917,
08:21:02.217,,,,,,,25,,,,,,,,,,,,,,,,,,,,,,,,,,,,,,,,49.2951272,31.44917,
08:21:02.254,,,,,,,,24,,,,,,,,,,,,,,,,,,,,,,,,,,,,,,,49.2951272,31.44917,
08:21:02.291,,,,21,,,,,,,,,,,,,,,,,,,,,,,,,,,,,,,,,,,49.2951272,31.44917,
08:21:02.363,,,,,,,,,,,,,,,,,,40,,,,,,,,,,,,,,,,,,,,,49.2951272,31.44917,
08:21:02.399,,,,,,,,,,,,,,27,,,,,,,,,,,,,,,,,,,,,,,,,49.2951272,31.44917,
08:21:02.434,,,,,,,,,,,,,,,,,41,,,,,,,,,,,,,,,,,,,,,,49.2951272,31.44917,
08:21:02.470,,,,,,,,,,,,,44,,,,,,,,,,,,,,,,,,,,,,,,,,49.2951272,31.44917,
08:21:02.506,,,,,,,,,,,,,,,2688,0.16,,,,,,,,,,,,,,,,,,,,,,,49.2951272,31.44917,
08:21:02.542,,,,,,,,,,,,,,,,,,,8,,,,,,,,,,,,,,,,,,,,49.2951272,31.44917,
08:21:02.627,,,,,,,,,,,,,,,,,,,,,,,,,,,,,,0,,,,,,,,,49.2951272,31.44917,
08:21:02.686,,,,,,,,,,,,,,,,,,,,,,,,,,,,,,,,,,,62,,,,49.2951272,31.44917,
08:21:02.724,,,,,,,,,,,,,,,,,,,,,,,0,0,,,,,,,,,,,,,,,49.2951272,31.44917,
08:21:02.798,,,,,,,,,,,,,,,,,,,,,,144,,,,,,,,,,,26.7,,,,8,,49.2951236,31.4491376,
08:21:02.799,,,,,,,,,,,,,,,,,,,,0,,,,,,,,,,,,,,,,,,,49.2951236,31.4491376,
08:21:02.858,,,,,,,,,,,,,,,,,,,,,,,,,,,,,,,,,,47,,,,,49.2951236,31.4491376,
08:21:02.894,,,,,,,,,,,,,,,,,,,,,,,,,-0.024473189111470277,3.56,3.56,96.59,5927.07,,,27.7,,,,,,8,49.2951236,31.4491376,
08:21:02.942,,,,,,,,,,,,,,,,,,,,,,,,,,,,,,,-0.01,,,,,99,,,49.2951236,31.4491376,
08:21:03.002,,,,,,,,,,58,,,,,,,,,,,,,,,,,,,,,,,,,,,,,49.2951236,31.4491376,
08:21:03.038,,,,,,,,,352.9,,,,,,,,,,,,,,,,,,,,,,,,,,,,,,49.2951236,31.4491376,
08:21:03.074,,,,,,,,,,,3.693,,,,,,,,,,,,,,,,,,,,,,,,,,,,49.2951236,31.4491376,
08:21:03.123,,,,,,,,,,,,3.682,,,,,,,,,,,,,,,,,,,,,,,,,,,49.2951236,31.4491376,
08:21:03.171,-14,,,,,,,,,,,,,,,,,,,,,,,,,,,,,,,,,,,,,,49.2951236,31.4491376,
08:21:03.230,,,-15,,,,,,,,,,,,,,,,,,,,,,,,,,,,,,,,,,,,49.2951236,31.4491376,
08:21:03.279,,-14,,,,,,,,,,,,,,,,,,,,,,,,,,,,,,,,,,,,,49.2951236,31.4491376,
08:21:03.327,,,,,26,,,,,,,,,,,,,,,,,,,,,,,,,,,,,,,,,,49.2951236,31.4491376,
08:21:03.375,,,,,,26,,,,,,,,,,,,,,,,,,,,,,,,,,,,,,,,,49.2951236,31.4491376,
08:21:03.410,,,,,,,25,,,,,,,,,,,,,,,,,,,,,,,,,,,,,,,,49.2951236,31.4491376,
08:21:03.446,,,,,,,,24,,,,,,,,,,,,,,,,,,,,,,,,,,,,,,,49.2951236,31.4491376,
08:21:03.495,,,,21,,,,,,,,,,,,,,,,,,,,,,,,,,,,,,,,,,,49.2951236,31.4491376,
08:21:03.579,,,,,,,,,,,,,,,,,,40,,,,,,,,,,,,,,,,,,,,,49.2951236,31.4491376,
08:21:03.613,,,,,,,,,,,,,,27,,,,,,,,,,,,,,,,,,,,,,,,,49.2951236,31.4491376,
08:21:03.651,,,,,,,,,,,,,,,,,56,,,,,,,,,,,,,,,,,,,,,,49.2951236,31.4491376,
08:21:03.698,,,,,,,,,,,,,44,,,,,,,,,,,,,,,,,,,,,,,,,,49.2951236,31.4491376,
08:21:03.770,,,,,,,,,,,,,,,3552,0.2,,,,,,,,,,,,,,,,,,,,,,,49.2951236,31.4491376,
08:21:03.803,,,,,,,,,,,,,,,,,,,,,,144,,,,,,,,,,,26.7,,,,8.1,,49.2951125,31.4491107,
08:21:03.854,,,,,,,,,,,,,,,,,,,9,,,,,,,,,,,,,,,,,,,,49.2951125,31.4491107,
08:21:03.962,,,,,,,,,,,,,,,,,,,,,,,,,,,,,,0,,,,,,,,,49.2951125,31.4491107,
08:21:03.999,,,,,,,,,,,,,,,,,,,,,,,0,0,,,,,,,,,,,,,,,49.2951125,31.4491107,
08:21:04.035,,,,,,,,,,,,,,,,,,,,0,,,,,,,,,,,,,,,,,,,49.2951125,31.4491107,
08:21:04.119,,,,,,,,,,,,,,,,,,,,,,,,,,,,,,,,,,47,,,,,49.2951125,31.4491107,
08:21:04.154,,,,,,,,,,,,,,,,,,,,,,,,,-0.012236594555735138,3.56,3.56,96.59,5927.07,,,27.7,,,,,,8,49.2951125,31.4491107,
08:21:04.190,,,,,,,,,,,,,,,,,,,,,,,,,,,,,,,0,,,,,100,,,49.2951125,31.4491107,
08:21:04.262,,,,,,,,,,57.5,,,,,,,,,,,,,,,,,,,,,,,,,,,,,49.2951125,31.4491107,
08:21:04.299,,,,,,,,,355.6,,,,,,,,,,,,,,,,,,,,,,,,,,,,,,49.2951125,31.4491107,
08:21:04.335,,,,,,,,,,,3.698,,,,,,,,,,,,,,,,,,,,,,,,,,,,49.2951125,31.4491107,
08:21:04.382,,,,,,,,,,,,3.691,,,,,,,,,,,,,,,,,,,,,,,,,,,49.2951125,31.4491107,
08:21:04.418,-5,,,,,,,,,,,,,,,,,,,,,,,,,,,,,,,,,,,,,,49.2951125,31.4491107,
08:21:04.443,,,-4,,,,,,,,,,,,,,,,,,,,,,,,,,,,,,,,,,,,49.2951125,31.4491107,
08:21:04.478,,-4,,,,,,,,,,,,,,,,,,,,,,,,,,,,,,,,,,,,,49.2951125,31.4491107,
08:21:04.526,,,,,26,,,,,,,,,,,,,,,,,,,,,,,,,,,,,,,,,,49.2951125,31.4491107,
08:21:04.563,,,,,,26,,,,,,,,,,,,,,,,,,,,,,,,,,,,,,,,,49.2951125,31.4491107,
08:21:04.597,,,,,,,25,,,,,,,,,,,,,,,,,,,,,,,,,,,,,,,,49.2951125,31.4491107,
08:21:04.635,,,,,,,,24,,,,,,,,,,,,,,,,,,,,,,,,,,,,,,,49.2951125,31.4491107,
08:21:04.670,,,,21,,,,,,,,,,,,,,,,,,,,,,,,,,,,,,,,,,,49.2951125,31.4491107,
08:21:04.743,,,,,,,,,,,,,,,,,,40,,,,,,,,,,,,,,,,,,,,,49.2951125,31.4491107,
08:21:04.791,,,,,,,,,,,,,,27,,,,,,,,,,,,,,,,,,,,,,,,,49.2951125,31.4491107,
08:21:04.802,,,,,,,,,,,,,,,,,,,,,,144,,,,,,,,,,,26.6,,,,7.5,,49.295098,31.4490914,
08:21:04.826,,,,,,,,,,,,,,,,,5,,,,,,,,,,,,,,,,,,,,,,49.295098,31.4490914,
08:21:04.862,,,,,,,,,,,,,42,,,,,,,,,,,,,,,,,,,,,,,,,,49.295098,31.4490914,
08:21:04.911,,,,,,,,,,,,,,,416,0.02,,,,,,,,,,,,,,,,,,,,,,,49.295098,31.4490914,
08:21:04.947,,,,,,,,,,,,,,,,,,,8,,,,,,,,,,,,,,,,,,,,49.295098,31.4490914,
08:21:05.031,,,,,,,,,,,,,,,,,,,,,,,,,,,,,,0,,,,,,,,,49.295098,31.4490914,
08:21:05.067,,,,,,,,,,,,,,,,,,,,,,,,,,,,,,,,,,,62,,,,49.295098,31.4490914,
08:21:05.125,,,,,,,,,,,,,,,,,,,,,,,0,0,,,,,,,,,,,,,,,49.295098,31.4490914,
08:21:05.163,,,,,,,,,,,,,,,,,,,,0,,,,,,,,,,,,,,,,,,,49.295098,31.4490914,
08:21:05.199,,,,,,,,,,,,,,,,,,,,,,,,,,,,,,,,,,47,,,,,49.295098,31.4490914,
08:21:05.246,,,,,,,,,,,,,,,,,,,,,,,,,-0.012236594555735138,3.56,3.56,96.59,5927.07,,,27.6,,,,,,7,49.295098,31.4490914,
08:21:05.318,,,,,,,,,,,,,,,,,,,,,,,,,,,,,,,-0.01,,,,,99,,,49.295098,31.4490914,
08:21:05.389,,,,,,,,,,57.5,,,,,,,,,,,,,,,,,,,,,,,,,,,,,49.295098,31.4490914,
08:21:05.426,,,,,,,,,354.5,,,,,,,,,,,,,,,,,,,,,,,,,,,,,,49.295098,31.4490914,
08:21:05.463,,,,,,,,,,,3.703,,,,,,,,,,,,,,,,,,,,,,,,,,,,49.295098,31.4490914,
08:21:05.511,,,,,,,,,,,,3.693,,,,,,,,,,,,,,,,,,,,,,,,,,,49.295098,31.4490914,
08:21:05.547,-4,,,,,,,,,,,,,,,,,,,,,,,,,,,,,,,,,,,,,,49.295098,31.4490914,
08:21:05.583,,,-4,,,,,,,,,,,,,,,,,,,,,,,,,,,,,,,,,,,,49.295098,31.4490914,
08:21:05.629,,-4,,,,,,,,,,,,,,,,,,,,,,,,,,,,,,,,,,,,,49.295098,31.4490914,
08:21:05.666,,,,,26,,,,,,,,,,,,,,,,,,,,,,,,,,,,,,,,,,49.295098,31.4490914,
08:21:05.702,,,,,,26,,,,,,,,,,,,,,,,,,,,,,,,,,,,,,,,,49.295098,31.4490914,
08:21:05.739,,,,,,,25,,,,,,,,,,,,,,,,,,,,,,,,,,,,,,,,49.295098,31.4490914,
08:21:05.774,,,,,,,,24,,,,,,,,,,,,,,,,,,,,,,,,,,,,,,,49.295098,31.4490914,
08:21:05.807,,,,,,,,,,,,,,,,,,,,,,144,,,,,,,,,,,26.6,,,,7.3,,49.2950838,31.4490745,
08:21:05.822,,,,21,,,,,,,,,,,,,,,,,,,,,,,,,,,,,,,,,,,49.2950838,31.4490745,
08:21:05.895,,,,,,,,,,,,,,,,,,40,,,,,,,,,,,,,,,,,,,,,49.2950838,31.4490745,
08:21:05.942,,,,,,,,,,,,,,27,,,,,,,,,,,,,,,,,,,,,,,,,49.2950838,31.4490745,
08:21:05.979,,,,,,,,,,,,,,,,,14,,,,,,,,,,,,,,,,,,,,,,49.2950838,31.4490745,
08:21:06.014,,,,,,,,,,,,,42,,,,,,,,,,,,,,,,,,,,,,,,,,49.2950838,31.4490745,
08:21:06.051,,,,,,,,,,,,,,,864,0.05,,,,,,,,,,,,,,,,,,,,,,,49.2950838,31.4490745,
08:21:06.111,,,,,,,,,,,,,,,,,,,6,,,,,,,,,,,,,,,,,,,,49.2950838,31.4490745,
08:21:06.183,,,,,,,,,,,,,,,,,,,,,,,,,,,,,,0,,,,,,,,,49.2950838,31.4490745,
08:21:06.217,,,,,,,,,,,,,,,,,,,,,,,0,0,,,,,,,,,,,,,,,49.2950838,31.4490745,
08:21:06.266,,,,,,,,,,,,,,,,,,,,0,,,,,,,,,,,,,,,,,,,49.2950838,31.4490745,
08:21:06.303,,,,,,,,,,,,,,,,,,,,,,,,,,,,,,,,,,47,,,,,49.2950838,31.4490745,
08:21:06.351,,,,,,,,,,,,,,,,,,,,,,,,,-0.01835489183360271,3.57,3.57,96.6,5927.07,,,27.6,,,,,,5,49.2950838,31.4490745,
08:21:06.385,,,,,,,,,,,,,,,,,,,,,,,,,,,,,,,0,,,,,100,,,49.2950838,31.4490745,
08:21:06.435,,,,,,,,,,57.5,,,,,,,,,,,,,,,,,,,,,,,,,,,,,49.2950838,31.4490745,
08:21:06.470,,,,,,,,,354.2,,,,,,,,,,,,,,,,,,,,,,,,,,,,,,49.2950838,31.4490745,
08:21:06.518,,,,,,,,,,,3.7,,,,,,,,,,,,,,,,,,,,,,,,,,,,49.2950838,31.4490745,
08:21:06.554,,,,,,,,,,,,3.689,,,,,,,,,,,,,,,,,,,,,,,,,,,49.2950838,31.4490745,
08:21:06.590,-6,,,,,,,,,,,,,,,,,,,,,,,,,,,,,,,,,,,,,,49.2950838,31.4490745,
08:21:06.626,,,-6,,,,,,,,,,,,,,,,,,,,,,,,,,,,,,,,,,,,49.2950838,31.4490745,
08:21:06.662,,-5,,,,,,,,,,,,,,,,,,,,,,,,,,,,,,,,,,,,,49.2950838,31.4490745,
08:21:06.711,,,,,26,,,,,,,,,,,,,,,,,,,,,,,,,,,,,,,,,,49.2950838,31.4490745,
08:21:06.745,,,,,,26,,,,,,,,,,,,,,,,,,,,,,,,,,,,,,,,,49.2950838,31.4490745,
08:21:06.784,,,,,,,25,,,,,,,,,,,,,,,,,,,,,,,,,,,,,,,,49.2950838,31.4490745,
08:21:06.800,,,,,,,,,,,,,,,,,,,,,,144,,,,,,,,,,,26.5,,,,4.2,,49.2950734,31.4490638,
08:21:06.819,,,,,,,,24,,,,,,,,,,,,,,,,,,,,,,,,,,,,,,,49.2950734,31.4490638,
08:21:06.855,,,,21,,,,,,,,,,,,,,,,,,,,,,,,,,,,,,,,,,,49.2950734,31.4490638,
08:21:06.927,,,,,,,,,,,,,,,,,,40,,,,,,,,,,,,,,,,,,,,,49.2950734,31.4490638,
08:21:06.961,,,,,,,,,,,,,,27,,,,,,,,,,,,,,,,,,,,,,,,,49.2950734,31.4490638,
08:21:06.998,,,,,,,,,,,,,,,,,21,,,,,,,,,,,,,,,,,,,,,,49.2950734,31.4490638,
08:21:07.057,,,,,,,,,,,,,42,,,,,,,,,,,,,,,,,,,,,,,,,,49.2950734,31.4490638,
08:21:07.094,,,,,,,,,,,,,,,1376,0.08,,,,,,,,,,,,,,,,,,,,,,,49.2950734,31.4490638,
08:21:07.166,,,,,,,,,,,,,,,,,,,5,,,,,,,,,,,,,,,,,,,,49.2950734,31.4490638,
08:21:07.323,,,,,,,,,,,,,,,,,,,,,,,,,,,,,,0,,,,,,,,,49.2950734,31.4490638,
08:21:07.370,,,,,,,,,,,,,,,,,,,,,,,,,,,,,,,,,,,62,,,,49.2950734,31.4490638,
08:21:07.405,,,,,,,,,,,,,,,,,,,,,,,0,0,,,,,,,,,,,,,,,49.2950734,31.4490638,
08:21:07.442,,,,,,,,,,,,,,,,,,,,0,,,,,,,,,,,,,,,,,,,49.2950734,31.4490638,
08:21:07.495,,,,,,,,,,,,,,,,,,,,,,,,,,,,,,,,,,47,,,,,49.2950734,31.4490638,
08:21:07.530,,,,,,,,,,,,,,,,,,,,,,,,,-0.024473189111470277,3.57,3.57,96.6,5927.07,,,27.5,,,,,,4,49.2950734,31.4490638,
08:21:07.578,,,,,,,,,,,,,,,,,,,,,,,,,,,,,,,0,,,,,100,,,49.2950734,31.4490638,
08:21:07.651,,,,,,,,,,57.5,,,,,,,,,,,,,,,,,,,,,,,,,,,,,49.2950734,31.4490638,
08:21:07.686,,,,,,,,,353.9,,,,,,,,,,,,,,,,,,,,,,,,,,,,,,49.2950734,31.4490638,
08:21:07.735,,,,,,,,,,,3.7,,,,,,,,,,,,,,,,,,,,,,,,,,,,49.2950734,31.4490638,
08:21:07.794,,,,,,,,,,,,3.691,,,,,,,,,,,,,,,,,,,,,,,,,,,49.2950734,31.4490638,
08:21:07.831,-4,,,,,,,,,,,,,,,,,,,,,,,,,,,,,,,,,,,,,,49.2950611,31.4490563,
08:21:07.866,,,-4,,,,,,,,,,,,,,,,,,,,,,,,,,,,,,,,,,,,49.2950611,31.4490563,
08:21:07.915,,-3,,,,,,,,,,,,,,,,,,,,,,,,,,,,,,,,,,,,,49.2950611,31.4490563,
08:21:07.954,,,,,26,,,,,,,,,,,,,,,,,,,,,,,,,,,,,,,,,,49.2950611,31.4490563,
08:21:07.990,,,,,,26,,,,,,,,,,,,,,,,,,,,,,,,,,,,,,,,,49.2950611,31.4490563,
08:21:08.026,,,,,,,25,,,,,,,,,,,,,,,,,,,,,,,,,,,,,,,,49.2950611,31.4490563,
08:21:08.063,,,,,,,,24,,,,,,,,,,,,,,,,,,,,,,,,,,,,,,,49.2950611,31.4490563,
08:21:08.097,,,,21,,,,,,,,,,,,,,,,,,,,,,,,,,,,,,,,,,,49.2950611,31.4490563,
08:21:08.170,,,,,,,,,,,,,,,,,,40,,,,,,,,,,,,,,,,,,,,,49.2950611,31.4490563,
08:21:08.206,,,,,,,,,,,,,,27,,,,,,,,,,,,,,,,,,,,,,,,,49.2950611,31.4490563,
08:21:08.243,,,,,,,,,,,,,,,,,11,,,,,,,,,,,,,,,,,,,,,,49.2950611,31.4490563,
08:21:08.279,,,,,,,,,,,,,42,,,,,,,,,,,,,,,,,,,,,,,,,,49.2950611,31.4490563,
08:21:08.315,,,,,,,,,,,,,,,128,0,,,,,,,,,,,,,,,,,,,,,,,49.2950611,31.4490563,
08:21:08.363,,,,,,,,,,,,,,,,,,,0,,,,,,,,,,,,,,,,,,,,49.2950611,31.4490563,
08:21:08.422,,,,,,,,,,,,,,,,,,,,,,,,,,,,,,0,,,,,,,,,49.2950611,31.4490563,
08:21:08.495,,,,,,,,,,,,,,,,,,,,,,,0,0,,,,,,,,,,,,,,,49.2950611,31.4490563,
08:21:08.529,,,,,,,,,,,,,,,,,,,,0,,,,,,,,,,,,,,,,,,,49.2950611,31.4490563,
08:21:08.577,,,,,,,,,,,,,,,,,,,,,,,,,,,,,,,,,,47,,,,,49.2950611,31.4490563,
08:21:08.626,,,,,,,,,,,,,,,,,,,,,,,,,-0.050985810648896415,3.57,3.57,96.6,5927.07,,,27.4,,,,,,0,49.2950611,31.4490563,
08:21:08.675,,,,,,,,,,,,,,,,,,,,,,,,,,,,,,,0,,,,,100,,,49.2950611,31.4490563,
08:21:08.762,,,,,,,,,,57.5,,,,,,,,,,,,,,,,,,,,,,,,,,,,,49.2950611,31.4490563,
08:21:08.811,,,,,,,,,356,,,,,,,,,,,,,,,,,,,,,,,,,,,,,,49.2950579,31.4490511,
08:21:08.847,,,,,,,,,,,3.703,,,,,,,,,,,,,,,,,,,,,,,,,,,,49.2950579,31.4490511,
08:21:08.881,,,,,,,,,,,,3.69,,,,,,,,,,,,,,,,,,,,,,,,,,,49.2950579,31.4490511,
08:21:08.919,-5,,,,,,,,,,,,,,,,,,,,,,,,,,,,,,,,,,,,,,49.2950579,31.4490511,
08:21:08.954,,,-5,,,,,,,,,,,,,,,,,,,,,,,,,,,,,,,,,,,,49.2950579,31.4490511,
08:21:09.062,,-5,,,,,,,,,,,,,,,,,,,,,,,,,,,,,,,,,,,,,49.2950579,31.4490511,
08:21:09.121,,,,,26,,,,,,,,,,,,,,,,,,,,,,,,,,,,,,,,,,49.2950579,31.4490511,
08:21:09.193,,,,,,26,,,,,,,,,,,,,,,,,,,,,,,,,,,,,,,,,49.2950579,31.4490511,
08:21:09.242,,,,,,,25,,,,,,,,,,,,,,,,,,,,,,,,,,,,,,,,49.2950579,31.4490511,
08:21:09.302,,,,,,,,24,,,,,,,,,,,,,,,,,,,,,,,,,,,,,,,49.2950579,31.4490511,
08:21:09.365,,,,21,,,,,,,,,,,,,,,,,,,,,,,,,,,,,,,,,,,49.2950579,31.4490511,
08:21:09.449,,,,,,,,,,,,,,,,,,40,,,,,,,,,,,,,,,,,,,,,49.2950579,31.4490511,
08:21:09.515,,,,,,,,,,,,,,27,,,,,,,,,,,,,,,,,,,,,,,,,49.2950579,31.4490511,
08:21:09.602,,,,,,,,,,,,,,,,,-44,,,,,,,,,,,,,,,,,,,,,,49.2950579,31.4490511,
08:21:09.669,,,,,,,,,,,,,42,,,,,,,,,,,,,,,,,,,,,,,,,,49.2950579,31.4490511,
08:21:09.729,,,,,,,,,,,,,,,-2432,-0.16,,,,,,,,,,,,,,,,,,,,,,,49.2950579,31.4490511,
08:21:09.790,,,,,,,,,,,,,,,,,,,2,,,,,,,,,,,,,,,,,,,,49.2950579,31.4490511,
08:21:09.806,,,,,,,,,,,,,,,,,,,,,,144,,,,,,,,,,,26.4,,,,0,,49.2950549,31.4490469,
08:21:09.910,,,,,,,,,,,,,,,,,,,,,,,,,,,,,,0,,,,,,,,,49.2950549,31.4490469,
08:21:09.983,,,,,,,,,,,,,,,,,,,,,,,,,,,,,,,,,,,62,,,,49.2950549,31.4490469,
08:21:10.058,,,,,,,,,,,,,,,,,,,,,,,0,0,,,,,,,,,,,,,,,49.2950549,31.4490469,
08:21:10.106,,,,,,,,,,,,,,,,,,,,0,,,,,,,,,,,,,,,,,,,49.2950549,31.4490469,
08:21:10.167,,,,,,,,,,,,,,,,,,,,,,,,,,,,,,,,,,47,,,,,49.2950549,31.4490469,
08:21:10.215,,,,,,,,,,,,,,,,,,,,,,,,,-0.039768932306139204,3.57,3.57,96.6,5927.07,,,27.4,,,,,,0,49.2950549,31.4490469,
08:21:10.254,,,,,,,,,,,,,,,,,,,,,,,,,,,,,,,-0.01,,,,,99,,,49.2950549,31.4490469,
08:21:10.327,,,,,,,,,,57.5,,,,,,,,,,,,,,,,,,,,,,,,,,,,,49.2950549,31.4490469,
08:21:10.374,,,,,,,,,354.8,,,,,,,,,,,,,,,,,,,,,,,,,,,,,,49.2950549,31.4490469,
08:21:10.415,,,,,,,,,,,3.698,,,,,,,,,,,,,,,,,,,,,,,,,,,,49.2950549,31.4490469,
08:21:10.475,,,,,,,,,,,,3.69,,,,,,,,,,,,,,,,,,,,,,,,,,,49.2950549,31.4490469,
08:21:10.511,-5,,,,,,,,,,,,,,,,,,,,,,,,,,,,,,,,,,,,,,49.2950549,31.4490469,
08:21:10.550,,,-5,,,,,,,,,,,,,,,,,,,,,,,,,,,,,,,,,,,,49.2950549,31.4490469,
08:21:10.599,,-5,,,,,,,,,,,,,,,,,,,,,,,,,,,,,,,,,,,,,49.2950549,31.4490469,
08:21:10.646,,,,,26,,,,,,,,,,,,,,,,,,,,,,,,,,,,,,,,,,49.2950549,31.4490469,
08:21:10.694,,,,,,26,,,,,,,,,,,,,,,,,,,,,,,,,,,,,,,,,49.2950549,31.4490469,
08:21:10.730,,,,,,,25,,,,,,,,,,,,,,,,,,,,,,,,,,,,,,,,49.2950549,31.4490469,
08:21:10.767,,,,,,,,24,,,,,,,,,,,,,,,,,,,,,,,,,,,,,,,49.2950549,31.4490469,
08:21:10.813,,,,,,,,,,,,,,,,,,,,,,144,,,,,,,,,,,26.3,,,,0,,49.2950504,31.4490459,
08:21:10.822,,,,21,,,,,,,,,,,,,,,,,,,,,,,,,,,,,,,,,,,49.2950504,31.4490459,
08:21:10.895,,,,,,,,,,,,,,,,,,40,,,,,,,,,,,,,,,,,,,,,49.2950504,31.4490459,
08:21:10.948,,,,,,,,,,,,,,27,,,,,,,,,,,,,,,,,,,,,,,,,49.2950504,31.4490459,
08:21:10.994,,,,,,,,,,,,,,,,,-29,,,,,,,,,,,,,,,,,,,,,,49.2950504,31.4490459,
08:21:11.042,,,,,,,,,,,,,42,,,,,,,,,,,,,,,,,,,,,,,,,,49.2950504,31.4490459,
08:21:11.094,,,,,,,,,,,,,,,-1792,-0.11,,,,,,,,,,,,,,,,,,,,,,,49.2950504,31.4490459,
08:21:11.130,,,,,,,,,,,,,,,,,,,3,,,,,,,,,,,,,,,,,,,,49.2950504,31.4490459,
08:21:11.201,,,,,,,,,,,,,,,,,,,,,,,,,,,,,,0,,,,,,,,,49.2950504,31.4490459,
08:21:11.250,,,,,,,,,,,,,,,,,,,,,,,0,0,,,,,,,,,,,,,,,49.2950504,31.4490459,
08:21:11.310,,,,,,,,,,,,,,,,,,,,0,,,,,,,,,,,,,,,,,,,49.2950504,31.4490459,
08:21:11.374,,,,,,,,,,,,,,,,,,,,,,,,,,,,,,,,,,47,,,,,49.2950504,31.4490459,
08:21:11.411,,,,,,,,,,,,,,,,,,,,,,,,,,3.57,3.57,96.6,5927.07,,,27.3,,,,,,3,49.2950504,31.4490459,
08:21:11.447,,,,,,,,,,,,,,,,,,,,,,,,,,,,,,,0,,,,,100,,,49.2950504,31.4490459,
08:21:11.518,,,,,,,,,,57.5,,,,,,,,,,,,,,,,,,,,,,,,,,,,,49.2950504,31.4490459,
08:21:11.566,,,,,,,,,354.5,,,,,,,,,,,,,,,,,,,,,,,,,,,,,,49.2950504,31.4490459,
08:21:11.603,,,,,,,,,,,3.703,,,,,,,,,,,,,,,,,,,,,,,,,,,,49.2950504,31.4490459,
08:21:11.638,,,,,,,,,,,,3.689,,,,,,,,,,,,,,,,,,,,,,,,,,,49.2950504,31.4490459,
08:21:11.685,-5,,,,,,,,,,,,,,,,,,,,,,,,,,,,,,,,,,,,,,49.2950504,31.4490459,
08:21:11.751,,,-5,,,,,,,,,,,,,,,,,,,,,,,,,,,,,,,,,,,,49.2950504,31.4490459,
08:21:11.798,,-4,,,,,,,,,,,,,,,,,,,,,,,,,,,,,,,,,,,,,49.2950504,31.4490459,
08:21:11.810,,,,,,,,,,,,,,,,,,,,,,144,,,,,,,,,,,26.3,,,,0,,49.2950501,31.449045,
08:21:11.847,,,,,26,,,,,,,,,,,,,,,,,,,,,,,,,,,,,,,,,,49.2950501,31.449045,
08:21:11.906,,,,,,26,,,,,,,,,,,,,,,,,,,,,,,,,,,,,,,,,49.2950501,31.449045,
08:21:11.942,,,,,,,25,,,,,,,,,,,,,,,,,,,,,,,,,,,,,,,,49.2950501,31.449045,
08:21:11.977,,,,,,,,24,,,,,,,,,,,,,,,,,,,,,,,,,,,,,,,49.2950501,31.449045,
08:21:12.013,,,,21,,,,,,,,,,,,,,,,,,,,,,,,,,,,,,,,,,,49.2950501,31.449045,
08:21:12.087,,,,,,,,,,,,,,,,,,40,,,,,,,,,,,,,,,,,,,,,49.2950501,31.449045,
08:21:12.123,,,,,,,,,,,,,,27,,,,,,,,,,,,,,,,,,,,,,,,,49.2950501,31.449045,
08:21:12.158,,,,,,,,,,,,,,,,,-32,,,,,,,,,,,,,,,,,,,,,,49.2950501,31.449045,
08:21:12.195,,,,,,,,,,,,,42,,,,,,,,,,,,,,,,,,,,,,,,,,49.2950501,31.449045,
08:21:12.247,,,,,,,,,,,,,,,-2048,-0.12,,,,,,,,,,,,,,,,,,,,,,,49.2950501,31.449045,
08:21:12.283,,,,,,,,,,,,,,,,,,,2,,,,,,,,,,,,,,,,,,,,49.2950501,31.449045,
08:21:12.375,,,,,,,,,,,,,,,,,,,,,,,,,,,,,,0,,,,,,,,,49.2950501,31.449045,
08:21:12.410,,,,,,,,,,,,,,,,,,,,,,,,,,,,,,,,,,,62,,,,49.2950501,31.449045,
08:21:12.447,,,,,,,,,,,,,,,,,,,,,,,0,0,,,,,,,,,,,,,,,49.2950501,31.449045,
08:21:12.506,,,,,,,,,,,,,,,,,,,,0,,,,,,,,,,,,,,,,,,,49.2950501,31.449045,
08:21:12.554,,,,,,,,,,,,,,,,,,,,,,,,,,,,,,,,,,47,,,,,49.2950501,31.449045,
08:21:12.607,,,,,,,,,,,,,,,,,,,,,,,,,,3.57,3.57,96.6,5927.07,,,27.2,,,,,,0,49.2950501,31.449045,
08:21:12.655,,,,,,,,,,,,,,,,,,,,,,,,,,,,,,,0,,,,,100,,,49.2950501,31.449045,
08:21:12.726,,,,,,,,,,57.5,,,,,,,,,,,,,,,,,,,,,,,,,,,,,49.2950501,31.449045,
08:21:12.775,,,,,,,,,354.7,,,,,,,,,,,,,,,,,,,,,,,,,,,,,,49.2950501,31.449045,
08:21:12.796,,,,,,,,,,,,,,,,,,,,,,144,,,,,,,,,,,26.2,,,,0,,49.2950502,31.4490442,
08:21:12.822,,,,,,,,,,,3.696,,,,,,,,,,,,,,,,,,,,,,,,,,,,49.2950502,31.4490442,
08:21:12.859,,,,,,,,,,,,3.687,,,,,,,,,,,,,,,,,,,,,,,,,,,49.2950502,31.4490442,
08:21:12.906,-5,,,,,,,,,,,,,,,,,,,,,,,,,,,,,,,,,,,,,,49.2950502,31.4490442,
08:21:12.943,,,-5,,,,,,,,,,,,,,,,,,,,,,,,,,,,,,,,,,,,49.2950502,31.4490442,
08:21:12.979,,-4,,,,,,,,,,,,,,,,,,,,,,,,,,,,,,,,,,,,,49.2950502,31.4490442,
08:21:13.026,,,,,26,,,,,,,,,,,,,,,,,,,,,,,,,,,,,,,,,,49.2950502,31.4490442,
08:21:13.064,,,,,,26,,,,,,,,,,,,,,,,,,,,,,,,,,,,,,,,,49.2950502,31.4490442,
08:21:13.100,,,,,,,25,,,,,,,,,,,,,,,,,,,,,,,,,,,,,,,,49.2950502,31.4490442,
08:21:13.154,,,,,,,,24,,,,,,,,,,,,,,,,,,,,,,,,,,,,,,,49.2950502,31.4490442,
08:21:13.189,,,,21,,,,,,,,,,,,,,,,,,,,,,,,,,,,,,,,,,,49.2950502,31.4490442,
08:21:13.334,,,,,,,,,,,,,,,,,,40,,,,,,,,,,,,,,,,,,,,,49.2950502,31.4490442,
08:21:13.407,,,,,,,,,,,,,,27,,,,,,,,,,,,,,,,,,,,,,,,,49.2950502,31.4490442,
08:21:13.454,,,,,,,,,,,,,,,,,-42,,,,,,,,,,,,,,,,,,,,,,49.2950502,31.4490442,
08:21:13.490,,,,,,,,,,,,,42,,,,,,,,,,,,,,,,,,,,,,,,,,49.2950502,31.4490442,
08:21:13.531,,,,,,,,,,,,,,,-2624,-0.17,,,,,,,,,,,,,,,,,,,,,,,49.2950502,31.4490442,
08:21:13.566,,,,,,,,,,,,,,,,,,,0,,,,,,,,,,,,,,,,,,,,49.2950502,31.4490442,
08:21:13.651,,,,,,,,,,,,,,,,,,,,,,,,,,,,,,0,,,,,,,,,49.2950502,31.4490442,
08:21:13.687,,,,,,,,,,,,,,,,,,,,,,,0,0,,,,,,,,,,,,,,,49.2950502,31.4490442,
08:21:13.723,,,,,,,,,,,,,,,,,,,,0,,,,,,,,,,,,,,,,,,,49.2950502,31.4490442,
08:21:13.758,,,,,,,,,,,,,,,,,,,,,,,,,,,,,,,,,,47,,,,,49.2950502,31.4490442,
08:21:13.807,,,,,,,,,,,,,,,,,,,,,,,,,,3.57,3.57,96.6,5927.07,,,27.2,,,,,,0,49.2950502,31.4490442,
08:21:13.871,,,,,,,,,,,,,,,,,,,,,,,,,,,,,,,0,,,,,100,,,49.2950502,31.4490442,
08:21:13.934,,,,,,,,,,57.5,,,,,,,,,,,,,,,,,,,,,,,,,,,,,49.2950502,31.4490442,
08:21:13.982,,,,,,,,,355.8,,,,,,,,,,,,,,,,,,,,,,,,,,,,,,49.2950502,31.4490442,
08:21:14.018,,,,,,,,,,,3.698,,,,,,,,,,,,,,,,,,,,,,,,,,,,49.2950502,31.4490442,
08:21:14.055,,,,,,,,,,,,3.687,,,,,,,,,,,,,,,,,,,,,,,,,,,49.2950502,31.4490442,
08:21:14.090,-5,,,,,,,,,,,,,,,,,,,,,,,,,,,,,,,,,,,,,,49.2950502,31.4490442,
08:21:14.126,,,-5,,,,,,,,,,,,,,,,,,,,,,,,,,,,,,,,,,,,49.2950502,31.4490442,
08:21:14.175,,-5,,,,,,,,,,,,,,,,,,,,,,,,,,,,,,,,,,,,,49.2950502,31.4490442,
08:21:14.211,,,,,26,,,,,,,,,,,,,,,,,,,,,,,,,,,,,,,,,,49.2950502,31.4490442,
08:21:14.259,,,,,,26,,,,,,,,,,,,,,,,,,,,,,,,,,,,,,,,,49.2950502,31.4490442,
08:21:14.306,,,,,,,25,,,,,,,,,,,,,,,,,,,,,,,,,,,,,,,,49.2950502,31.4490442,
08:21:14.343,,,,,,,,24,,,,,,,,,,,,,,,,,,,,,,,,,,,,,,,49.2950502,31.4490442,
08:21:14.378,,,,21,,,,,,,,,,,,,,,,,,,,,,,,,,,,,,,,,,,49.2950502,31.4490442,
08:21:14.450,,,,,,,,,,,,,,,,,,40,,,,,,,,,,,,,,,,,,,,,49.2950502,31.4490442,
08:21:14.486,,,,,,,,,,,,,,27,,,,,,,,,,,,,,,,,,,,,,,,,49.2950502,31.4490442,
08:21:14.523,,,,,,,,,,,,,,,,,-4,,,,,,,,,,,,,,,,,,,,,,49.2950502,31.4490442,
08:21:14.558,,,,,,,,,,,,,42,,,,,,,,,,,,,,,,,,,,,,,,,,49.2950502,31.4490442,
08:21:14.594,,,,,,,,,,,,,,,-192,-0.02,,,,,,,,,,,,,,,,,,,,,,,49.2950502,31.4490442,
08:21:14.643,,,,,,,,,,,,,,,,,,,0,,,,,,,,,,,,,,,,,,,,49.2950502,31.4490442,
08:21:14.730,,,,,,,,,,,,,,,,,,,,,,,,,,,,,,0,,,,,,,,,49.2950502,31.4490442,
08:21:14.783,,,,,,,,,,,,,,,,,,,,,,,,,,,,,,,,,,,62,,,,49.2950502,31.4490442,
08:21:14.843,,,,,,,,,,,,,,,,,,,,,,,0,0,,,,,,,,,,,,,,,49.2950502,31.4490442,
08:21:14.903,,,,,,,,,,,,,,,,,,,,0,,,,,,,,,,,,,,,,,,,49.2950502,31.4490442,
08:21:14.951,,,,,,,,,,,,,,,,,,,,,,,,,,,,,,,,,,47,,,,,49.2950502,31.4490442,
08:21:14.986,,,,,,,,,,,,,,,,,,,,,,,,,0,3.57,3.57,96.6,5927.07,,,27.1,,,,,,0,49.2950502,31.4490442,
08:21:15.035,,,,,,,,,,,,,,,,,,,,,,,,,,,,,,,0,,,,,100,,,49.2950502,31.4490442,
08:21:15.123,,,,,,,,,,57.5,,,,,,,,,,,,,,,,,,,,,,,,,,,,,49.2950502,31.4490442,
08:21:15.157,,,,,,,,,355.6,,,,,,,,,,,,,,,,,,,,,,,,,,,,,,49.2950502,31.4490442,
08:21:15.195,,,,,,,,,,,3.701,,,,,,,,,,,,,,,,,,,,,,,,,,,,49.2950502,31.4490442,
08:21:15.234,,,,,,,,,,,,3.688,,,,,,,,,,,,,,,,,,,,,,,,,,,49.2950502,31.4490442,
08:21:15.271,-3,,,,,,,,,,,,,,,,,,,,,,,,,,,,,,,,,,,,,,49.2950502,31.4490442,
08:21:15.318,,,-3,,,,,,,,,,,,,,,,,,,,,,,,,,,,,,,,,,,,49.2950502,31.4490442,
08:21:15.367,,-3,,,,,,,,,,,,,,,,,,,,,,,,,,,,,,,,,,,,,49.2950502,31.4490442,
08:21:15.403,,,,,26,,,,,,,,,,,,,,,,,,,,,,,,,,,,,,,,,,49.2950502,31.4490442,
08:21:15.450,,,,,,26,,,,,,,,,,,,,,,,,,,,,,,,,,,,,,,,,49.2950502,31.4490442,
08:21:15.498,,,,,,,25,,,,,,,,,,,,,,,,,,,,,,,,,,,,,,,,49.2950502,31.4490442,
08:21:15.534,,,,,,,,24,,,,,,,,,,,,,,,,,,,,,,,,,,,,,,,49.2950502,31.4490442,
08:21:15.607,,,,21,,,,,,,,,,,,,,,,,,,,,,,,,,,,,,,,,,,49.2950502,31.4490442,
08:21:15.690,,,,,,,,,,,,,,,,,,40,,,,,,,,,,,,,,,,,,,,,49.2950502,31.4490442,
08:21:15.726,,,,,,,,,,,,,,27,,,,,,,,,,,,,,,,,,,,,,,,,49.2950502,31.4490442,
08:21:15.774,,,,,,,,,,,,,,,,,0,,,,,,,,,,,,,,,,,,,,,,49.2950502,31.4490442,
08:21:15.811,,,,,,,,,,,,,42,,,,,,,,,,,,,,,,,,,,,,,,,,49.2950502,31.4490442,
08:21:15.847,,,,,,,,,,,,,,,32,0,,,,,,,,,,,,,,,,,,,,,,,49.2950502,31.4490442,
08:21:15.894,,,,,,,,,,,,,,,,,,,0,,,,,,,,,,,,,,,,,,,,49.2950502,31.4490442,
08:21:15.958,,,,,,,,,,,,,,,,,,,,,,,,,,,,,,0,,,,,,,,,49.2950502,31.4490442,
08:21:16.007,,,,,,,,,,,,,,,,,,,,,,,0,0,,,,,,,,,,,,,,,49.2950502,31.4490442,
08:21:16.042,,,,,,,,,,,,,,,,,,,,0,,,,,,,,,,,,,,,,,,,49.2950502,31.4490442,
08:21:16.091,,,,,,,,,,,,,,,,,,,,,,,,,,,,,,,,,,47,,,,,49.2950502,31.4490442,
08:21:16.139,,,,,,,,,,,,,,,,,,,,,,,,,-0.01835489183360271,3.57,3.57,96.6,5927.07,,,27,,,,,,0,49.2950502,31.4490442,
08:21:16.191,,,,,,,,,,,,,,,,,,,,,,,,,,,,,,,-0.01,,,,,99,,,49.2950502,31.4490442,
08:21:16.254,,,,,,,,,,57.5,,,,,,,,,,,,,,,,,,,,,,,,,,,,,49.2950502,31.4490442,
08:21:16.302,,,,,,,,,354,,,,,,,,,,,,,,,,,,,,,,,,,,,,,,49.2950502,31.4490442,
08:21:16.363,,,,,,,,,,,3.698,,,,,,,,,,,,,,,,,,,,,,,,,,,,49.2950502,31.4490442,
08:21:16.434,,,,,,,,,,,,3.69,,,,,,,,,,,,,,,,,,,,,,,,,,,49.2950502,31.4490442,
08:21:16.494,-3,,,,,,,,,,,,,,,,,,,,,,,,,,,,,,,,,,,,,,49.2950502,31.4490442,
08:21:16.555,,,-3,,,,,,,,,,,,,,,,,,,,,,,,,,,,,,,,,,,,49.2950502,31.4490442,
08:21:16.590,,-3,,,,,,,,,,,,,,,,,,,,,,,,,,,,,,,,,,,,,49.2950502,31.4490442,
08:21:16.626,,,,,26,,,,,,,,,,,,,,,,,,,,,,,,,,,,,,,,,,49.2950502,31.4490442,
08:21:16.642,,,,,,,,,,,,,,,,,,,,,,144,,,,,,,,,,,26,,,,0,,49.2950473,31.4490451,
08:21:16.674,,,,,,26,,,,,,,,,,,,,,,,,,,,,,,,,,,,,,,,,49.2950473,31.4490451,
08:21:16.710,,,,,,,25,,,,,,,,,,,,,,,,,,,,,,,,,,,,,,,,49.2950473,31.4490451,
08:21:16.747,,,,,,,,24,,,,,,,,,,,,,,,,,,,,,,,,,,,,,,,49.2950473,31.4490451,
08:21:16.794,,,,21,,,,,,,,,,,,,,,,,,,,,,,,,,,,,,,,,,,49.2950473,31.4490451,
08:21:16.797,,,,,,,,,,,,,,,,,,,,,,144,,,,,,,,,,,26,,,,0,,49.2950479,31.4490467,
08:21:16.961,,,,,,,,,,,,,,,,,,40,,,,,,,,,,,,,,,,,,,,,49.2950479,31.4490467,
08:21:17.022,,,,,,,,,,,,,,27,,,,,,,,,,,,,,,,,,,,,,,,,49.2950479,31.4490467,
08:21:17.083,,,,,,,,,,,,,,,,,0,,,,,,,,,,,,,,,,,,,,,,49.2950479,31.4490467,
08:21:17.154,,,,,,,,,,,,,42,,,,,,,,,,,,,,,,,,,,,,,,,,49.2950479,31.4490467,
08:21:17.203,,,,,,,,,,,,,,,32,0,,,,,,,,,,,,,,,,,,,,,,,49.2950479,31.4490467,
08:21:17.263,,,,,,,,,,,,,,,,,,,0,,,,,,,,,,,,,,,,,,,,49.2950479,31.4490467,
08:21:17.395,,,,,,,,,,,,,,,,,,,,,,,,,,,,,,0,,,,,,,,,49.2950479,31.4490467,
08:21:17.442,,,,,,,,,,,,,,,,,,,,,,,,,,,,,,,,,,,62,,,,49.2950479,31.4490467,
08:21:17.514,,,,,,,,,,,,,,,,,,,,,,,0,0,,,,,,,,,,,,,,,49.2950479,31.4490467,
08:21:17.562,,,,,,,,,,,,,,,,,,,,0,,,,,,,,,,,,,,,,,,,49.2950479,31.4490467,
08:21:17.622,,,,,,,,,,,,,,,,,,,,,,,,,,,,,,,,,,47,,,,,49.2950479,31.4490467,
08:21:17.658,,,,,,,,,,,,,,,,,,,,,,,,,0,3.57,3.57,96.6,5927.07,,,26.9,,,,,,0,49.2950479,31.4490467,
08:21:17.718,,,,,,,,,,,,,,,,,,,,,,,,,,,,,,,-0.01,,,,,99,,,49.2950479,31.4490467,
08:21:17.790,,,,,,,,,,57.5,,,,,,,,,,,,,,,,,,,,,,,,,,,,,49.2950479,31.4490467,
08:21:17.805,,,,,,,,,,,,,,,,,,,,,,144,,,,,,,,,,,26,,,,0,,49.2950469,31.4490472,
08:21:17.839,,,,,,,,,355.6,,,,,,,,,,,,,,,,,,,,,,,,,,,,,,49.2950469,31.4490472,
08:21:17.885,,,,,,,,,,,3.701,,,,,,,,,,,,,,,,,,,,,,,,,,,,49.2950469,31.4490472,
08:21:17.921,,,,,,,,,,,,3.69,,,,,,,,,,,,,,,,,,,,,,,,,,,49.2950469,31.4490472,
08:21:17.958,-3,,,,,,,,,,,,,,,,,,,,,,,,,,,,,,,,,,,,,,49.2950469,31.4490472,
08:21:17.994,,,-3,,,,,,,,,,,,,,,,,,,,,,,,,,,,,,,,,,,,49.2950469,31.4490472,
08:21:18.030,,-3,,,,,,,,,,,,,,,,,,,,,,,,,,,,,,,,,,,,,49.2950469,31.4490472,
08:21:18.055,,,,,26,,,,,,,,,,,,,,,,,,,,,,,,,,,,,,,,,,49.2950469,31.4490472,
08:21:18.091,,,,,,26,,,,,,,,,,,,,,,,,,,,,,,,,,,,,,,,,49.2950469,31.4490472,
08:21:18.150,,,,,,,25,,,,,,,,,,,,,,,,,,,,,,,,,,,,,,,,49.2950469,31.4490472,
08:21:18.186,,,,,,,,24,,,,,,,,,,,,,,,,,,,,,,,,,,,,,,,49.2950469,31.4490472,
08:21:18.222,,,,21,,,,,,,,,,,,,,,,,,,,,,,,,,,,,,,,,,,49.2950469,31.4490472,
08:21:18.282,,,,,,,,,,,,,,,,,,40,,,,,,,,,,,,,,,,,,,,,49.2950469,31.4490472,
08:21:18.319,,,,,,,,,,,,,,27,,,,,,,,,,,,,,,,,,,,,,,,,49.2950469,31.4490472,
08:21:18.353,,,,,,,,,,,,,,,,,0,,,,,,,,,,,,,,,,,,,,,,49.2950469,31.4490472,
08:21:18.391,,,,,,,,,,,,,42,,,,,,,,,,,,,,,,,,,,,,,,,,49.2950469,31.4490472,
08:21:18.438,,,,,,,,,,,,,,,0,0,,,,,,,,,,,,,,,,,,,,,,,49.2950469,31.4490472,
08:21:18.474,,,,,,,,,,,,,,,,,,,0,,,,,,,,,,,,,,,,,,,,49.2950469,31.4490472,
08:21:18.559,,,,,,,,,,,,,,,,,,,,,,,,,,,,,,0,,,,,,,,,49.2950469,31.4490472,
08:21:18.606,,,,,,,,,,,,,,,,,,,,,,,0,0,,,,,,,,,,,,,,,49.2950469,31.4490472,
08:21:18.642,,,,,,,,,,,,,,,,,,,,0,,,,,,,,,,,,,,,,,,,49.2950469,31.4490472,
08:21:18.691,,,,,,,,,,,,,,,,,,,,,,,,,,,,,,,,,,47,,,,,49.2950469,31.4490472,
08:21:18.751,,,,,,,,,,,,,,,,,,,,,,,,,0,3.57,3.57,96.6,5927.07,,,26.9,,,,,,0,49.2950469,31.4490472,
08:21:18.799,,,,,,,,,,,,,,,,,,,,,,,,,,,,,,,0,,,,,100,,,49.2950469,31.4490472,
08:21:18.808,,,,,,,,,,,,,,,,,,,,,,144,,,,,,,,,,,25.9,,,,0,,49.2950469,31.4490474,
08:21:18.870,,,,,,,,,,57.5,,,,,,,,,,,,,,,,,,,,,,,,,,,,,49.2950469,31.4490474,
08:21:18.931,,,,,,,,,355,,,,,,,,,,,,,,,,,,,,,,,,,,,,,,49.2950469,31.4490474,
08:21:18.967,,,,,,,,,,,3.699,,,,,,,,,,,,,,,,,,,,,,,,,,,,49.2950469,31.4490474,
08:21:19.003,,,,,,,,,,,,3.69,,,,,,,,,,,,,,,,,,,,,,,,,,,49.2950469,31.4490474,
08:21:19.039,-3,,,,,,,,,,,,,,,,,,,,,,,,,,,,,,,,,,,,,,49.2950469,31.4490474,
08:21:19.074,,,-3,,,,,,,,,,,,,,,,,,,,,,,,,,,,,,,,,,,,49.2950469,31.4490474,
08:21:19.111,,-3,,,,,,,,,,,,,,,,,,,,,,,,,,,,,,,,,,,,,49.2950469,31.4490474,
08:21:19.158,,,,,26,,,,,,,,,,,,,,,,,,,,,,,,,,,,,,,,,,49.2950469,31.4490474,
08:21:19.231,,,,,,26,,,,,,,,,,,,,,,,,,,,,,,,,,,,,,,,,49.2950469,31.4490474,
08:21:19.326,,,,,,,25,,,,,,,,,,,,,,,,,,,,,,,,,,,,,,,,49.2950469,31.4490474,
08:21:19.386,,,,,,,,24,,,,,,,,,,,,,,,,,,,,,,,,,,,,,,,49.2950469,31.4490474,
08:21:19.435,,,,21,,,,,,,,,,,,,,,,,,,,,,,,,,,,,,,,,,,49.2950469,31.4490474,
08:21:19.506,,,,,,,,,,,,,,,,,,40,,,,,,,,,,,,,,,,,,,,,49.2950469,31.4490474,
08:21:19.541,,,,,,,,,,,,,,27,,,,,,,,,,,,,,,,,,,,,,,,,49.2950469,31.4490474,
08:21:19.578,,,,,,,,,,,,,,,,,0,,,,,,,,,,,,,,,,,,,,,,49.2950469,31.4490474,
08:21:19.639,,,,,,,,,,,,,42,,,,,,,,,,,,,,,,,,,,,,,,,,49.2950469,31.4490474,
08:21:19.686,,,,,,,,,,,,,,,0,0,,,,,,,,,,,,,,,,,,,,,,,49.2950469,31.4490474,
08:21:19.724,,,,,,,,,,,,,,,,,,,0,,,,,,,,,,,,,,,,,,,,49.2950469,31.4490474,
08:21:19.782,,,,,,,,,,,,,,,,,,,,,,,,,,,,,,0,,,,,,,,,49.2950469,31.4490474,
08:21:19.803,,,,,,,,,,,,,,,,,,,,,,144,,,,,,,,,,,25.9,,,,0,,49.2950473,31.4490473,
08:21:19.817,,,,,,,,,,,,,,,,,,,,,,,,,,,,,,,,,,,62,,,,49.2950473,31.4490473,
08:21:19.855,,,,,,,,,,,,,,,,,,,,,,,0,0,,,,,,,,,,,,,,,49.2950473,31.4490473,
08:21:19.890,,,,,,,,,,,,,,,,,,,,0,,,,,,,,,,,,,,,,,,,49.2950473,31.4490473,
08:21:19.951,,,,,,,,,,,,,,,,,,,,,,,,,,,,,,,,,,47,,,,,49.2950473,31.4490473,
08:21:19.998,,,,,,,,,,,,,,,,,,,,,,,,,0,3.57,3.57,96.6,5927.07,,,26.8,,,,,,0,49.2950473,31.4490473,
08:21:20.059,,,,,,,,,,,,,,,,,,,,,,,,,,,,,,,-0.01,,,,,99,,,49.2950473,31.4490473,
08:21:20.142,,,,,,,,,,57.5,,,,,,,,,,,,,,,,,,,,,,,,,,,,,49.2950473,31.4490473,
08:21:20.191,,,,,,,,,355.2,,,,,,,,,,,,,,,,,,,,,,,,,,,,,,49.2950473,31.4490473,
08:21:20.226,,,,,,,,,,,3.701,,,,,,,,,,,,,,,,,,,,,,,,,,,,49.2950473,31.4490473,
08:21:20.274,,,,,,,,,,,,3.69,,,,,,,,,,,,,,,,,,,,,,,,,,,49.2950473,31.4490473,
08:21:20.311,-3,,,,,,,,,,,,,,,,,,,,,,,,,,,,,,,,,,,,,,49.2950473,31.4490473,
08:21:20.347,,,-3,,,,,,,,,,,,,,,,,,,,,,,,,,,,,,,,,,,,49.2950473,31.4490473,
08:21:20.407,,-3,,,,,,,,,,,,,,,,,,,,,,,,,,,,,,,,,,,,,49.2950473,31.4490473,
08:21:20.442,,,,,26,,,,,,,,,,,,,,,,,,,,,,,,,,,,,,,,,,49.2950473,31.4490473,
08:21:20.479,,,,,,26,,,,,,,,,,,,,,,,,,,,,,,,,,,,,,,,,49.2950473,31.4490473,
08:21:20.527,,,,,,,25,,,,,,,,,,,,,,,,,,,,,,,,,,,,,,,,49.2950473,31.4490473,
08:21:20.563,,,,,,,,24,,,,,,,,,,,,,,,,,,,,,,,,,,,,,,,49.2950473,31.4490473,
08:21:20.597,,,,21,,,,,,,,,,,,,,,,,,,,,,,,,,,,,,,,,,,49.2950473,31.4490473,
08:21:20.671,,,,,,,,,,,,,,,,,,40,,,,,,,,,,,,,,,,,,,,,49.2950473,31.4490473,
08:21:20.742,,,,,,,,,,,,,,27,,,,,,,,,,,,,,,,,,,,,,,,,49.2950473,31.4490473,
08:21:20.778,,,,,,,,,,,,,,,,,0,,,,,,,,,,,,,,,,,,,,,,49.2950473,31.4490473,
08:21:20.806,,,,,,,,,,,,,,,,,,,,,,144,,,,,,,,,,,25.8,,,,0,,49.2950475,31.4490474,
08:21:20.814,,,,,,,,,,,,,42,,,,,,,,,,,,,,,,,,,,,,,,,,49.2950475,31.4490474,
08:21:20.862,,,,,,,,,,,,,,,0,0,,,,,,,,,,,,,,,,,,,,,,,49.2950475,31.4490474,
08:21:20.899,,,,,,,,,,,,,,,,,,,0,,,,,,,,,,,,,,,,,,,,49.2950475,31.4490474,
08:21:20.970,,,,,,,,,,,,,,,,,,,,,,,,,,,,,,0,,,,,,,,,49.2950475,31.4490474,
08:21:21.031,,,,,,,,,,,,,,,,,,,,,,,0,0,,,,,,,,,,,,,,,49.2950475,31.4490474,
08:21:21.078,,,,,,,,,,,,,,,,,,,,0,,,,,,,,,,,,,,,,,,,49.2950475,31.4490474,
08:21:21.127,,,,,,,,,,,,,,,,,,,,,,,,,,,,,,,,,,47,,,,,49.2950475,31.4490474,
08:21:21.187,,,,,,,,,,,,,,,,,,,,,,,,,0,3.57,3.57,96.6,5927.07,,,26.7,,,,,,0,49.2950475,31.4490474,
08:21:21.247,,,,,,,,,,,,,,,,,,,,,,,,,,,,,,,0,,,,,100,,,49.2950475,31.4490474,
08:21:21.318,,,,,,,,,,57.5,,,,,,,,,,,,,,,,,,,,,,,,,,,,,49.2950475,31.4490474,
08:21:21.355,,,,,,,,,354.7,,,,,,,,,,,,,,,,,,,,,,,,,,,,,,49.2950475,31.4490474,
08:21:21.390,,,,,,,,,,,3.699,,,,,,,,,,,,,,,,,,,,,,,,,,,,49.2950475,31.4490474,
08:21:21.427,,,,,,,,,,,,3.689,,,,,,,,,,,,,,,,,,,,,,,,,,,49.2950475,31.4490474,
08:21:21.475,-3,,,,,,,,,,,,,,,,,,,,,,,,,,,,,,,,,,,,,,49.2950475,31.4490474,
08:21:21.509,,,-3,,,,,,,,,,,,,,,,,,,,,,,,,,,,,,,,,,,,49.2950475,31.4490474,
08:21:21.546,,-3,,,,,,,,,,,,,,,,,,,,,,,,,,,,,,,,,,,,,49.2950475,31.4490474,
08:21:21.583,,,,,26,,,,,,,,,,,,,,,,,,,,,,,,,,,,,,,,,,49.2950475,31.4490474,
08:21:21.618,,,,,,26,,,,,,,,,,,,,,,,,,,,,,,,,,,,,,,,,49.2950475,31.4490474,
08:21:21.655,,,,,,,25,,,,,,,,,,,,,,,,,,,,,,,,,,,,,,,,49.2950475,31.4490474,
08:21:21.691,,,,,,,,24,,,,,,,,,,,,,,,,,,,,,,,,,,,,,,,49.2950475,31.4490474,
08:21:21.727,,,,21,,,,,,,,,,,,,,,,,,,,,,,,,,,,,,,,,,,49.2950475,31.4490474,
08:21:21.800,,,,,,,,,,,,,,,,,,,,,,144,,,,,,,,,,,25.8,,,,0,,49.2950476,31.4490478,
08:21:21.810,,,,,,,,,,,,,,,,,,40,,,,,,,,,,,,,,,,,,,,,49.2950476,31.4490478,
08:21:21.847,,,,,,,,,,,,,,27,,,,,,,,,,,,,,,,,,,,,,,,,49.2950476,31.4490478,
08:21:21.883,,,,,,,,,,,,,,,,,0,,,,,,,,,,,,,,,,,,,,,,49.2950476,31.4490478,
08:21:21.918,,,,,,,,,,,,,42,,,,,,,,,,,,,,,,,,,,,,,,,,49.2950476,31.4490478,
08:21:21.990,,,,,,,,,,,,,,,0,0,,,,,,,,,,,,,,,,,,,,,,,49.2950476,31.4490478,
08:21:22.026,,,,,,,,,,,,,,,,,,,0,,,,,,,,,,,,,,,,,,,,49.2950476,31.4490478,
08:21:22.087,,,,,,,,,,,,,,,,,,,,,,,,,,,,,,0,,,,,,,,,49.2950476,31.4490478,
08:21:22.133,,,,,,,,,,,,,,,,,,,,,,,,,,,,,,,,,,,62,,,,49.2950476,31.4490478,
08:21:22.183,,,,,,,,,,,,,,,,,,,,,,,0,0,,,,,,,,,,,,,,,49.2950476,31.4490478,
08:21:22.219,,,,,,,,,,,,,,,,,,,,0,,,,,,,,,,,,,,,,,,,49.2950476,31.4490478,
08:21:22.279,,,,,,,,,,,,,,,,,,,,,,,,,,,,,,,,,,47,,,,,49.2950476,31.4490478,
08:21:22.374,,,,,,,,,,,,,,,,,,,,,,,,,0,3.57,3.57,96.6,5927.07,,,26.7,,,,,,0,49.2950476,31.4490478,
08:21:22.435,,,,,,,,,,,,,,,,,,,,,,,,,,,,,,,0,,,,,100,,,49.2950476,31.4490478,
08:21:22.555,,,,,,,,,,57.5,,,,,,,,,,,,,,,,,,,,,,,,,,,,,49.2950476,31.4490478,
08:21:22.615,,,,,,,,,355.3,,,,,,,,,,,,,,,,,,,,,,,,,,,,,,49.2950476,31.4490478,
08:21:22.673,,,,,,,,,,,3.702,,,,,,,,,,,,,,,,,,,,,,,,,,,,49.2950476,31.4490478,
08:21:22.734,,,,,,,,,,,,3.695,,,,,,,,,,,,,,,,,,,,,,,,,,,49.2950476,31.4490478,
08:21:22.805,,,,,,,,,,,,,,,,,,,,,,144,,,,,,,,,,,25.7,,,,0,,49.295048,31.4490475,
08:21:22.818,0,,,,,,,,,,,,,,,,,,,,,,,,,,,,,,,,,,,,,,49.295048,31.4490475,
08:21:22.915,,,0,,,,,,,,,,,,,,,,,,,,,,,,,,,,,,,,,,,,49.295048,31.4490475,
08:21:23.047,,0,,,,,,,,,,,,,,,,,,,,,,,,,,,,,,,,,,,,,49.295048,31.4490475,
08:21:23.107,,,,,26,,,,,,,,,,,,,,,,,,,,,,,,,,,,,,,,,,49.295048,31.4490475,
08:21:23.155,,,,,,26,,,,,,,,,,,,,,,,,,,,,,,,,,,,,,,,,49.295048,31.4490475,
08:21:23.227,,,,,,,25,,,,,,,,,,,,,,,,,,,,,,,,,,,,,,,,49.295048,31.4490475,
08:21:23.275,,,,,,,,24,,,,,,,,,,,,,,,,,,,,,,,,,,,,,,,49.295048,31.4490475,
08:21:23.322,,,,21,,,,,,,,,,,,,,,,,,,,,,,,,,,,,,,,,,,49.295048,31.4490475,
08:21:23.407,,,,,,,,,,,,,,,,,,40,,,,,,,,,,,,,,,,,,,,,49.295048,31.4490475,
08:21:23.443,,,,,,,,,,,,,,27,,,,,,,,,,,,,,,,,,,,,,,,,49.295048,31.4490475,
08:21:23.477,,,,,,,,,,,,,,,,,0,,,,,,,,,,,,,,,,,,,,,,49.295048,31.4490475,
08:21:23.514,,,,,,,,,,,,,42,,,,,,,,,,,,,,,,,,,,,,,,,,49.295048,31.4490475,
08:21:23.551,,,,,,,,,,,,,,,0,0,,,,,,,,,,,,,,,,,,,,,,,49.295048,31.4490475,
08:21:23.586,,,,,,,,,,,,,,,,,,,0,,,,,,,,,,,,,,,,,,,,49.295048,31.4490475,
08:21:23.683,,,,,,,,,,,,,,,,,,,,,,,,,,,,,,0,,,,,,,,,49.295048,31.4490475,
08:21:23.731,,,,,,,,,,,,,,,,,,,,,,,0,0,,,,,,,,,,,,,,,49.295048,31.4490475,
08:21:23.766,,,,,,,,,,,,,,,,,,,,0,,,,,,,,,,,,,,,,,,,49.295048,31.4490475,
08:21:23.803,,,,,,,,,,,,,,,,,,,,,,144,,,,,,,,,,,25.7,,,,0,,49.2950481,31.4490475,
08:21:23.803,,,,,,,,,,,,,,,,,,,,,,,,,,,,,,,,,,47,,,,,49.2950481,31.4490475,
08:21:23.850,,,,,,,,,,,,,,,,,,,,,,,,,0,3.57,3.57,96.6,5927.07,,,26.6,,,,,,0,49.2950481,31.4490475,
08:21:23.887,,,,,,,,,,,,,,,,,,,,,,,,,,,,,,,0,,,,,100,,,49.2950481,31.4490475,
08:21:23.959,,,,,,,,,,57.5,,,,,,,,,,,,,,,,,,,,,,,,,,,,,49.2950481,31.4490475,
08:21:23.995,,,,,,,,,355.2,,,,,,,,,,,,,,,,,,,,,,,,,,,,,,49.2950481,31.4490475,
08:21:24.030,,,,,,,,,,,3.704,,,,,,,,,,,,,,,,,,,,,,,,,,,,49.2950481,31.4490475,
08:21:24.078,,,,,,,,,,,,3.693,,,,,,,,,,,,,,,,,,,,,,,,,,,49.2950481,31.4490475,
08:21:24.114,0,,,,,,,,,,,,,,,,,,,,,,,,,,,,,,,,,,,,,,49.2950481,31.4490475,
08:21:24.174,,,0,,,,,,,,,,,,,,,,,,,,,,,,,,,,,,,,,,,,49.2950481,31.4490475,
08:21:24.222,,0,,,,,,,,,,,,,,,,,,,,,,,,,,,,,,,,,,,,,49.2950481,31.4490475,
08:21:24.259,,,,,26,,,,,,,,,,,,,,,,,,,,,,,,,,,,,,,,,,49.2950481,31.4490475,
08:21:24.307,,,,,,26,,,,,,,,,,,,,,,,,,,,,,,,,,,,,,,,,49.2950481,31.4490475,
08:21:24.341,,,,,,,25,,,,,,,,,,,,,,,,,,,,,,,,,,,,,,,,49.2950481,31.4490475,
08:21:24.378,,,,,,,,24,,,,,,,,,,,,,,,,,,,,,,,,,,,,,,,49.2950481,31.4490475,
08:21:24.414,,,,21,,,,,,,,,,,,,,,,,,,,,,,,,,,,,,,,,,,49.2950481,31.4490475,
08:21:24.498,,,,,,,,,,,,,,,,,,40,,,,,,,,,,,,,,,,,,,,,49.2950481,31.4490475,
08:21:24.545,,,,,,,,,,,,,,27,,,,,,,,,,,,,,,,,,,,,,,,,49.2950481,31.4490475,
08:21:24.584,,,,,,,,,,,,,,,,,0,,,,,,,,,,,,,,,,,,,,,,49.2950481,31.4490475,
08:21:24.623,,,,,,,,,,,,,42,,,,,,,,,,,,,,,,,,,,,,,,,,49.2950481,31.4490475,
08:21:24.670,,,,,,,,,,,,,,,0,0,,,,,,,,,,,,,,,,,,,,,,,49.2950481,31.4490475,
08:21:24.719,,,,,,,,,,,,,,,,,,,0,,,,,,,,,,,,,,,,,,,,49.2950481,31.4490475,
08:21:24.802,,,,,,,,,,,,,,,,,,,,,,,,,,,,,,0,,,,,,,,,49.2950481,31.4490475,
08:21:24.808,,,,,,,,,,,,,,,,,,,,,,144,,,,,,,,,,,25.6,,,,0,,49.2950483,31.4490478,
08:21:24.850,,,,,,,,,,,,,,,,,,,,,,,,,,,,,,,,,,,62,,,,49.2950483,31.4490478,
08:21:24.899,,,,,,,,,,,,,,,,,,,,,,,0,0,,,,,,,,,,,,,,,49.2950483,31.4490478,
08:21:24.949,,,,,,,,,,,,,,,,,,,,0,,,,,,,,,,,,,,,,,,,49.2950483,31.4490478,
08:21:24.993,,,,,,,,,,,,,,,,,,,,,,,,,,,,,,,,,,47,,,,,49.2950483,31.4490478,
08:21:25.042,,,,,,,,,,,,,,,,,,,,,,,,,0,3.57,3.57,96.6,5927.07,,,26.5,,,,,,0,49.2950483,31.4490478,
08:21:25.118,,,,,,,,,,,,,,,,,,,,,,,,,,,,,,,0,,,,,100,,,49.2950483,31.4490478,
08:21:25.275,,,,,,,,,,57.5,,,,,,,,,,,,,,,,,,,,,,,,,,,,,49.2950483,31.4490478,
08:21:25.359,,,,,,,,,355,,,,,,,,,,,,,,,,,,,,,,,,,,,,,,49.2950483,31.4490478,
08:21:25.418,,,,,,,,,,,3.704,,,,,,,,,,,,,,,,,,,,,,,,,,,,49.2950483,31.4490478,
08:21:25.469,,,,,,,,,,,,3.695,,,,,,,,,,,,,,,,,,,,,,,,,,,49.2950483,31.4490478,
08:21:25.542,0,,,,,,,,,,,,,,,,,,,,,,,,,,,,,,,,,,,,,,49.2950483,31.4490478,
08:21:25.626,,,0,,,,,,,,,,,,,,,,,,,,,,,,,,,,,,,,,,,,49.2950483,31.4490478,
08:21:25.710,,0,,,,,,,,,,,,,,,,,,,,,,,,,,,,,,,,,,,,,49.2950483,31.4490478,
08:21:25.795,,,,,,,,,,,,,,,,,,,,,,144,,,,,,,,,,,25.6,,,,0,,49.2950479,31.4490493,
08:21:25.808,,,,,26,,,,,,,,,,,,,,,,,,,,,,,,,,,,,,,,,,49.2950479,31.4490493,
08:21:25.878,,,,,,26,,,,,,,,,,,,,,,,,,,,,,,,,,,,,,,,,49.2950479,31.4490493,
08:21:26.002,,,,,,,25,,,,,,,,,,,,,,,,,,,,,,,,,,,,,,,,49.2950479,31.4490493,
08:21:26.079,,,,,,,,24,,,,,,,,,,,,,,,,,,,,,,,,,,,,,,,49.2950479,31.4490493,
08:21:26.158,,,,21,,,,,,,,,,,,,,,,,,,,,,,,,,,,,,,,,,,49.2950479,31.4490493,
08:21:26.302,,,,,,,,,,,,,,,,,,40,,,,,,,,,,,,,,,,,,,,,49.2950479,31.4490493,
08:21:26.399,,,,,,,,,,,,,,27,,,,,,,,,,,,,,,,,,,,,,,,,49.2950479,31.4490493,
08:21:26.507,,,,,,,,,,,,,,,,,0,,,,,,,,,,,,,,,,,,,,,,49.2950479,31.4490493,
08:21:26.584,,,,,,,,,,,,,42,,,,,,,,,,,,,,,,,,,,,,,,,,49.2950479,31.4490493,
08:21:26.646,,,,,,,,,,,,,,,0,0,,,,,,,,,,,,,,,,,,,,,,,49.2950479,31.4490493,
08:21:26.801,,,,,,,,,,,,,,,,,,,0,,,,,,,,,,,,,,,,,,,,49.2950479,31.4490493,
08:21:26.803,,,,,,,,,,,,,,,,,,,,,,144,,,,,,,,,,,25.5,,,,0,,49.2950478,31.4490498,
08:21:27.804,,,,,,,,,,,,,,,,,,,,,,144,,,,,,,,,,,25.5,,,,0,,49.2950476,31.4490506,
08:21:28.800,,,,,,,,,,,,,,,,,,,,,,144,,,,,,,,,,,25.4,,,,0,,49.2950474,31.4490515,
08:21:29.830,,,,,,,,,,,,,,,,,,,,,,144,,,,,,,,,,,25.4,,,,0,,49.2950473,31.4490518,
