time,"[BMS] HV Battery Current (A)","[BMS] HV Battery Current (High) (A)","[BMS] HV Battery Current (Low) (A)","[BMS] HV Battery Intake Air Temperature (℃)","[BMS] HV Battery Temperature Sensor 1 (℃)","[BMS] HV Battery Temperature Sensor 2 (℃)","[BMS] HV Battery Temperature Sensor 3 (℃)","[BMS] HV Battery Temperature Sensor 4 (℃)","[BMS] HV Battery voltage (V)","[BMS] HV State of charge (%)","[BMS] Input possible power (hp)","[BMS] Max Cell Voltage (V)","[BMS] Min Cell Voltage (V)","[BMS] Output possible power (hp)","[VCM] HV Coolant Temperature (℃)","[VCM] Motor RPM (rpm)","[VCM] Motor Torque (N⋅m)","[VCM] Target Motor Torque (N⋅m)","[VCM] Traction motor temperature (℃)","Абсолютне значення навантаження на двигун (%)","Абсолютне положення дросельної заслінки B (%)","Атмосферний тиск (абсолютний) (kPa)","Вартість палива (₴)","Вартість палива (Сьогодні) (₴)","Вартість палива (Тиждень) (₴)","Вартість палива(загальний) (₴)","Використане паливо (L)","Використане паливо (Сьогодні) (L)","Використане паливо (Тиждень) (L)","Використане паливо(загальний) (L)","Витрати палива (L/h)","Відносне положення дросельної заслінки (%)","Задане положення дросельної заслінки (РХХ) (%)","Масова витрата повітря (g/sec)","Миттєва витрата палива (л/100 км) (L/100km)","Миттєва витрата палива (л/год) (L/h)","Моментальна потужність двигуна (від витрати пального) (hp)","Оберти двигуна (rpm)","Оберти двигуна x1000 (rpm)","Положення педалі акселератора D (%)","Прискорення (g)","Пройдений шлях (km)","Пройдений шлях (Сьогодні) (km)","Пройдений шлях (Тиждень) (km)","Пройдений шлях(загальний) (km)","Розрахункове значення навантаження на двигун (%)","Розрахунковий наддув (bar)","Середня витрата палива (л/100 км) (L/100km)","Середня витрата палива (л/100 км) (Сьогодні) (L/100km)","Середня витрата палива (л/100 км) (Тиждень) (L/100km)","Середня витрата палива (л/100 км) 10 sec (L/100km)","Середня витрата палива (л/100 км)(загальний) (L/100km)","Середня швидкість (km/h)","Співвідношення паливо/повітря ()","Температура олії у двигуні (℃)","Температура охолодної рідини (℃)","Температура повітря, що всмоктується (℃)","Тиск у впускному колекторі (абсолютний) (kPa)","Тиск у паливній рампі (kPa)","Швидкість автомобіля (km/h)","Commanded Fuel Rail Pressure (kPa)","Commanded Variable Geometry Turbo A Position (%)","Commanded Variable Geometry Turbo B Position (%)","G01 Cell Voltage  (V)","G010 Engine Thermal ()","G03 Engine air/fuel ()","G04 Pressure and Turbo ()","G05 Throttle  ()","G06 Additional ()","G07 BMS Power Limits ()","G08 BMS Thermal ()","G09 VCM Thermal ()","Power from MAF (hp)","Variable Geometry Turbo A Position (%)",Latitude,Longtitude,
12:38:04.989,,,,,,,,,,,,,,,,,,,,,,,,,,,,,,,,,,,,,,,,,,,,,,,,,,,,,,,,21,,,,,,,,,21,,,,,,,,,,50.3442956,30.4769912,
12:38:05.105,,,,,,,,,,,,,,,,,,,,,,,,,,,,,,,,,,0.12,,,,0,0,,,,,,,0,-0.03325000000000003,,,,,,,,,,24,98,,0,,,,,45,0.12,,,,,,,0.144,,50.3442956,30.4769912,
12:38:05.252,,,,,,,,,,,,,,,,,,,,0,5.882352941176471,98,,,,,,,,,,5.882352941176471,,,,,,,,0,,,,,,,,,,,,,,0,,,,,,,,,,,,0.12,,5.88235294117647,98,,,,,,50.3442956,30.4769912,
12:38:05.349,,,,,,,,,,,,,,,,,,,,,,,,,,,,,,,0,,5.882352941176471,,,0,0,,,,,,,,,,,,,,,,,,18,,,,,,,,,,63,0.12,,17.6470588235294,,,,,,,50.3442956,30.4769912,
12:38:05.525,,,,,,,,,,,,,,,,,,,,,,,,,,,,,,,,,,,,,,,,,,,,,,,,,,,,,,,,,,,580,,12000,,,,,,580,,,,,,,,50.3442956,30.4769912,
12:38:05.678,,,,,,,,,,,,,,,,,,,,,,,,,,,,,,,,,,,,,,,,,,,,,,,,,,,,,,,,,,,,,,0,0,,,,580,,,,,,,0,50.3442956,30.4769912,
12:38:05.900,,,,,,,,,,,,,,,20,,,,,,,,,,,,,,,,,,,,,,,,,,,,,,,,,,,,,,,,,,,,,,,,,,,,,,,,,20,,,50.3442937,30.4769917,
12:38:06.017,,,,,,,,,,,,,,,,,,,20,,,,,,,,,,,,,,,,,,,,,,,,,,,,,,,,,,,,,,,,,,,,,,,,,,,,,40,,,50.3442937,30.4769917,
12:38:06.121,,,,,,,,,,,,,,,,,,0,,,,,,,,,,,,,,,,,,,,,,,,,,,,,,,,,,,,,,,,,,,,,,,,,,,,,,,,,50.3442937,30.4769917,
12:38:06.185,,,,,,,,,,,,,,,,0,0,,,,,,,,,,,,,,,,,,,,,,,,,,,,,,,,,,,,,,,,,,,,,,,,,,,,,,,,,,50.3442937,30.4769917,
12:38:06.298,,,,,,,,,,,86.6758781031239,,,,,,,,,,,,,,,,,,,,,,,,,,,,,,,,,,,,,,,,,,,,,,,,,,,,,,,,,,,63.75,,,,,50.3442937,30.4769917,
12:38:06.365,,,,,,,,,,,,,,86.6758781031239,,,,,,,,,,,,,,,,,,,,,,,,,,,,,,,,,,,,,,,,,,,,,,,,,,,,,,,,127.5,,,,,50.3442937,30.4769917,
12:38:06.432,,,,18,,,,,,,,,,,,,,,,,,,,,,,,,,,,,,,,,,,,,,,,,,,,,,,,,,,,,,,,,,,,,,,,,,,18,,,,50.3442937,30.4769917,
12:38:06.502,,,,,17,,,,,,,,,,,,,,,,,,,,,,,,,,,,,,,,,,,,,,,,,,,,,,,,,,,,,,,,,,,,,,,,,,35,,,,50.3442937,30.4769917,
12:38:06.569,,,,,,17,,,,,,,,,,,,,,,,,,,,,,,,,,,,,,,,,,,,,,,,,,,,,,,,,,,,,,,,,,,,,,,,,52,,,,50.3442937,30.4769917,
12:38:06.649,,,,,,,17,,,,,,,,,,,,,,,,,,,,,,,,,,,,,,,,,,,,,,,,,,,,,,,,,,,,,,,,,,,,,,,,69,,,,50.3442937,30.4769917,
12:38:06.729,,,,,,,,18,,,,,,,,,,,,,,,,,,,,,,,,,,,,,,,,,,,,,,,,,,,,,,,,,,,,,,,,,,,,,,,87,,,,50.3442906,30.4769901,
12:38:06.795,,,,,,,,,,53,,,,,,,,,,,,,,,,,,,,,,,,,,,,,,,,,,,,,,,,,,,,,,,,,,,,,,,,,,,,,,,,,50.3442906,30.4769901,
12:38:06.882,,,,,,,,,350.98,,,,,,,,,,,,,,,,,,,,,,,,,,,,,,,,,,,,,,,,,,,,,,,,,,,,,,,,,,,,,,,,,,50.3442906,30.4769901,
12:38:06.973,,,,,,,,,,,,3.655,,,,,,,,,,,,,,,,,,,,,,,,,,,,,,,,,,,,,,,,,,,,,,,,,,,,3.655,,,,,,,,,,,50.3442906,30.4769901,
12:38:07.036,,,,,,,,,,,,,3.648,,,,,,,,,,,,,,,,,,,,,,,,,,,,,,,,,,,,,,,,,,,,,,,,,,,7.303,,,,,,,,,,,50.3442906,30.4769901,
12:38:07.126,-6.149999999999864,,,,,,,,,,,,,,,,,,,,,,,,,,,,,,,,,,,,,,,,,,,,,,,,,,,,,,,,,,,,,,,,,,,,,,,,,,50.3442906,30.4769901,
12:38:07.202,,,-6.149999999999864,,,,,,,,,,,,,,,,,,,,,,,,,,,,,,,,,,,,,,,,,,,,,,,,,,,,,,,,,,,,,,,,,,,,,,,,50.3442906,30.4769901,
12:38:07.289,,-6,,,,,,,,,,,,,,,,,,,,,,,,,,,,,,,,,,,,,,,,,,,,,,,,,,,,,,,,,,,,,,,,,,,,,,,,,50.3442906,30.4769901,
12:38:07.509,,,,,,,,,,,,,,,,,,,,,,,,,,,,,,,,,,0.14,,,,0,0,,,0,0,96.953625,6848.917504000001,0,0,,,,,,0,,,,24,98,,0,,,,,63,0.14,,,,,,,0.168,,50.3442906,30.4769901,
12:38:07.634,,,,,,,,,,,,,,,,,,,,0,5.882352941176471,99,,,,,,,,,,5.882352941176471,,,,,,,,0,,,,,,,,,,,,,,0,,,,,,,,,,,,0.14,,17.6470588235294,99,,,,,,50.3442906,30.4769901,
12:38:07.754,,,,,,,,,,,,,,,,,,,,,,,0,0,427.50144,997.82158895,0,0,5.343768,12.786926000000001,0,,5.882352941176471,,,0,0,,,,,,,,,,,,,5.511674266949791,,0.18669995648994167,,,18,,,,590,,12000,0,0,,63,0.14,590,17.6470588235294,,,,,,0,50.3442855,30.4769885,
12:38:07.833,,,,,,,,,,,,,,,,,,,,,,99,,,,,,,,,,,,,,,,,,,,,,,,,,,,,,,,,,,,,,,,,,,,,,,99,,,,,,50.3442855,30.4769885,
12:38:08.273,,,,,,17,17,18,,,,,,,,,,,,,,,,,,,,,,,,,,,,,,,,,,,,,,,,,,,,,,,,,,,,,,,,,,,,,,,87,,,,50.3442855,30.4769885,
12:38:08.357,,,,,17,,,,,,86.6758781031239,,,86.6758781031239,,,,,,,,,,,,,,,,,,,,,,,,,,,,,,,,,,,,,,,,,,,,,,,,,,,,,,,,127.5,87,,,,50.3442855,30.4769885,
12:38:08.453,,,,,,,,,350.33,53,,3.655,,,,,,,,,,,,,,,,,,,,,,,,,,,,,,,,,,,,,,,,,,,,,,,,,,,,7.303,,,,,,,,,,,50.3442855,30.4769885,
12:38:08.538,-6.0499999999999545,,-6.25,,,,,,,,,,3.649,,,,,,,,,,,,,,,,,,,,,,,,,,,,,,,,,,,,,,,,,,,,,,,,,,,7.304,,,,,,,,,,,50.3442855,30.4769885,
12:38:08.604,,-5.7999999999999545,,,,,,,,,,,,,,,,,,,,,,,,,,,,,,,,,,,,,,,,,,,,,,,,,,,,,,,,,,,,,,,,,,,,,,,,,50.3442855,30.4769885,
12:38:08.782,,,,,,,,,,,,,,,,,,,,,,,,,,,,,,,,,,0.13,,,,0,0,,,0,0,96.953625,6848.917504000001,0,-0.01,,,,,,0,,,,24,98,,0,,,,,63,0.13,,,,,,,0.156,,50.3442834,30.4769883,
12:38:08.888,,,,,,,,,,,,,,,,,,,,0,5.882352941176471,99,,,,,,,,,,5.882352941176471,,,,,,,,0,,,,,,,,,,,,,,0,,,,,,,,,,,,0.13,,17.6470588235294,99,,,,,,50.3442834,30.4769883,
12:38:09.045,,,,,,,,,,,,,,,,,,,,,,,0,0,427.50144,997.82158895,0,0,5.343768,12.786926000000001,0,,5.882352941176471,,,0,0,,,,,,,,,,,,,5.511674266949791,,0.18669995648994167,,,18,,,,600,,12000,0,0,,63,0.13,600,17.6470588235294,,,,,,0,50.3442834,30.4769883,
12:38:09.238,,,,,,,,,,,,,,,,,,0,,,,,,,,,,,,,,,,,,,,,,,,,,,,,,,,,,,,,,,,,,,,,,,,,,,,,,,,,50.3442834,30.4769883,
12:38:09.318,,,,,,,,,,,,,,,,0,0,,,,,,,,,,,,,,,,,,,,,,,,,,,,,,,,,,,,,,,,,,,,,,,,,,,,,,,,,,50.3442834,30.4769883,
12:38:09.393,,,,,,,,,,,,,,,20,,,,,,,,,,,,,,,,,,,,,,,,,,,,,,,,,,,,,,,,,,,,,,,,,,,,,,,,,40,,,50.3442834,30.4769883,
12:38:09.570,,,,,,,,,,,,,,,,,,,,,,,,,,,,,,,,,,0.13,,,,0,0,,,0,0,96.953625,6848.917504000001,0,-0.01,,,,,,0,,,,24,98,,0,,,,,63,0.13,,,,,,,0.156,,50.3442827,30.4769882,
12:38:09.677,,,,,,,,,,,,,,,,,,,,0,5.882352941176471,99,,,,,,,,,,5.882352941176471,,,,,,,,0,,,,,,,,,,,,,,0,,,,,,,,,,,,0.13,,17.6470588235294,99,,,,,,50.3442827,30.4769882,
12:38:09.813,,,,,,,,,,,,,,,,,,,,,,,0,0,427.50144,997.82158895,0,0,5.343768,12.786926000000001,0,,5.882352941176471,,,0,0,,,,,,,,,,,,,5.511674266949791,,0.18669995648994167,,,18,,,,600,,12000,0,0,,63,0.13,600,17.6470588235294,,,,,,0,50.3442827,30.4769882,
12:38:10.174,,,,,,17,17,18,,,,,,,,,,,,,,,,,,,,,,,,,,,,,,,,,,,,,,,,,,,,,,,,,,,,,,,,,,,,,,,87,,,,50.3442827,30.4769882,
12:38:10.269,,,,,17,,,,,,86.6758781031239,,,86.6758781031239,,,,,,,,,,,,,,,,,,,,,,,,,,,,,,,,,,,,,,,,,,,,,,,,,,,,,,,,127.5,87,,,,50.3442827,30.4769882,
12:38:10.377,,,,,,,,,350.49,52.5,,3.654,,,,,,,,,,,,,,,,,,,,,,,,,,,,,,,,,,,,,,,,,,,,,,,,,,,,7.303,,,,,,,,,,,50.3442827,30.4769882,
12:38:10.472,-6.149999999999864,,-6.0499999999999545,,,,,,,,,,3.646,,,,,,,,,,,,,,,,,,,,,,,,,,,,,,,,,,,,,,,,,,,,,,,,,,,7.3,,,,,,,,,,,50.3442827,30.4769882,
12:38:10.534,,-6,,,,,,,,,,,,,,,,,,,,,,,,,,,,,,,,,,,,,,,,,,,,,,,,,,,,,,,,,,,,,,,,,,,,,,,,,50.3442827,30.4769882,
12:38:10.721,,,,,,,,,,,,,,,,,,,,,,,,,,,,,,,,,,0.14,,,,0,0,,0,0,0,96.953625,6848.917504000001,0,-0.01,,,,,,0,,,,24,98,,0,,,,,63,0.14,,,,,,,0.168,,50.344284,30.4769894,
12:38:10.805,,,,,,,,,,,,,,,,,,,,0,5.882352941176471,99,,,,,,,,,,5.882352941176471,,,,,,,,0,,,,,,,,,,,,,,0,,,,,,,,,,,,0.14,,17.6470588235294,99,,,,,,50.344284,30.4769894,
12:38:10.937,,,,,,,,,,,,,,,,,,,,,,,0,0,427.50144,997.82158895,0,0,5.343768,12.786926000000001,0,,5.882352941176471,,,0,0,,,,,,,,,,,,,5.511674266949791,,0.18669995648994167,,,18,,,,610,,12000,0,0,,63,0.14,610,17.6470588235294,,,,,,0,50.344284,30.4769894,
12:38:11.345,,,,,,,,,,,,,,,20,,,,,,,,,,,,,,,,,,,,,,,,,,,,,,,,,,,,,,,,,,,,,,,,,,,,,,,,,40,,,50.344284,30.4769894,
12:38:11.577,,,,,,,,,,,,,,,,,,0,,,,,,,,,,,,,,,,,,,,,,,,,,,,,,,,,,,,,,,,,,,,,,,,,,,,,,,,,50.344284,30.4769894,
12:38:11.689,,,,,,,,,,,,,,,,0,0,,,,,,,,,,,,,,,,,,,,,,,,,,,,,,,,,,,,,,,,,,,,,,,,,,,,,,,,,,50.344284,30.4769894,
12:38:11.945,,,,,,,,,350.33,52.5,,3.654,,,,,,,,,,,,,,,,,,,,,,,,,,,,,,,,,,,,,,,,,,,,,,,,,,,,7.3,,,,,,,,,,,50.3442841,30.4769898,
12:38:12.053,-6.149999999999864,,-6,,,,,,,,,,3.646,,,,,,,,,,,,,,,,,,,,,,,,,,,,,,,,,,,,,,,,,,,,,,,,,,,7.3,,,,,,,,,,,50.3442841,30.4769898,
12:38:12.114,,-5.599999999999909,,,,,,,,,,,,,,,,,,,,,,,,,,,,,,,,,,,,,,,,,,,,,,,,,,,,,,,,,,,,,,,,,,,,,,,,,50.3442841,30.4769898,
12:38:12.232,,,,,,,,,,,,,,,,,,,,,,,,,,,,,,,,,,,,,,,,,,,,,,,,,,,,,,,,21,,,,,,,,,63,,,,,,,,,,50.3442841,30.4769898,
12:38:12.294,,,,,,,,,,,,,,,,,,,,,,,,,,,,,,,,,,0.14,,,,0,0,,0,0,0,96.953625,6848.917504000001,0,-0.01,,,,,,0,,,,24,98,,0,,,,,63,0.14,,,,,,,0.168,,50.3442841,30.4769898,
12:38:12.358,,,,,,,,,,,,,,,,,,,,0,5.882352941176471,99,,,,,,,,,,5.882352941176471,,,,,,,,0,,,,,,,,,,,,,,0,,,,,,,,,,,,0.14,,17.6470588235294,99,,,,,,50.3442841,30.4769898,
12:38:12.429,,,,,,,,,,,,,,,,,,,,,,,0,0,427.50144,997.82158895,0,0,5.343768,12.786926000000001,0,,5.882352941176471,,,0,0,,,,,,,,,,,,,5.511674266949791,,0.18669995648994167,,,18,,,,620,,12000,0,0,,63,0.14,620,17.6470588235294,,,,,,0,50.3442841,30.4769898,
12:38:12.670,,,,,,,,,,,,,,,21,,,,,,,,,,,,,,,,,,,,,,,,,,,,,,,,,,,,,,,,,,,,,,,,,,,,,,,,,41,,,50.3442841,30.4769898,
12:38:12.754,,,,,,,,,,,,,,,,,,0,,,,,,,,,,,,,,,,,,,,,,,,,,,,,,,,,,,,,,,,,,,,,,,,,,,,,,,,,50.3442841,30.4769898,
12:38:12.885,,,,,,,,,,,,,,,,0,0,,,,,,,,,,,,,,,,,,,,,,,,,,,,,,,,,,,,,,,,,,,,,,,,,,,,,,,,,,50.3442841,30.4769898,
12:38:13.017,,,,,,,,,350.65000000000003,52.5,,3.654,,,,,,,,,,,,,,,,,,,,,,,,,,,,,,,,,,,,,,,,,,,,,,,,,,,,7.3,,,,,,,,,,,50.3442841,30.4769898,
12:38:13.078,-6,,-6,,,,,,,,,,3.647,,,,,,,,,,,,,,,,,,,,,,,,,,,,,,,,,,,,,,,,,,,,,,,,,,,7.301,,,,,,,,,,,50.3442841,30.4769898,
12:38:13.113,,-6,,,,,,,,,,,,,,,,,,,,,,,,,,,,,,,,,,,,,,,,,,,,,,,,,,,,,,,,,,,,,,,,,,,,,,,,,50.3442841,30.4769898,
12:38:13.221,,,,,,,,,,,,,,,,,,,,,,,,,,,,,,,,,,0.13,,,,0,0,,0,0,0,96.953625,6848.917504000001,0,-0.01,,,,,,0,,,,24,98,,0,,,,,63,0.13,,,,,,,0.156,,50.3442841,30.4769898,
12:38:13.297,,,,,,,,,,,,,,,,,,,,0,5.882352941176471,99,,,,,,,,,,5.882352941176471,,,,,,,,0,,,,,,,,,,,,,,0,,,,,,,,,,,,0.13,,17.6470588235294,99,,,,,,50.3442841,30.4769898,
12:38:13.369,,,,,,,,,,,,,,,,,,,,,,,0,0,427.50144,997.82158895,0,0,5.343768,12.786926000000001,0,,5.882352941176471,,,0,0,,,,,,,,,,,,,5.511674266949791,,0.18669995648994167,,,18,,,,620,,12000,0,0,,63,0.13,620,17.6470588235294,,,,,,0,50.3442841,30.4769898,
12:38:13.477,,,,,,,,,,,,,,,21,,,,,,,,,,,,,,,,,,,,,,,,,,,,,,,,,,,,,,,,,,,,,,,,,,,,,,,,,41,,,50.3442841,30.4769898,
12:38:13.525,,,,,,,,,,,,,,,,,,0,,,,,,,,,,,,,,,,,,,,,,,,,,,,,,,,,,,,,,,,,,,,,,,,,,,,,,,,,50.3442841,30.4769898,
12:38:13.562,,,,,,,,,,,,,,,,0,0,,,,,,,,,,,,,,,,,,,,,,,,,,,,,,,,,,,,,,,,,,,,,,,,,,,,,,,,,,50.3442841,30.4769898,
12:38:13.682,,,,,,,,,350.33,52.5,,3.652,,,,,,,,,,,,,,,,,,,,,,,,,,,,,,,,,,,,,,,,,,,,,,,,,,,,7.299,,,,,,,,,,,50.3442841,30.4769898,
12:38:13.742,-6,,-6,,,,,,,,,,3.646,,,,,,,,,,,,,,,,,,,,,,,,,,,,,,,,,,,,,,,,,,,,,,,,,,,7.298,,,,,,,,,,,50.3442841,30.4769898,
12:38:13.814,,-5.7999999999999545,,,,,,,,,,,,,,,,,,,,,,,,,,,,,,,,,,,,,,,,,,,,,,,,,,,,,,,,,,,,,,,,,,,,,,,,,50.3442841,30.4769898,
12:38:13.920,,,,,,,,,,,,,,,,,,,,,,,,,,,,,,,,,,0.14,,,,0,0,,0,0,0,96.953625,6848.917504000001,0,-0.01,,,,,,0,,,,24,98,,0,,,,,63,0.14,,,,,,,0.168,,50.3442841,30.4769898,
12:38:13.982,,,,,,,,,,,,,,,,,,,,0,5.882352941176471,99,,,,,,,,,,5.882352941176471,,,,,,,,0,,,,,,,,,,,,,,0,,,,,,,,,,,,0.14,,17.6470588235294,99,,,,,,50.3442841,30.4769898,
12:38:14.102,,,,,,,,,,,,,,,,,,,,,,,0,0,427.50144,997.82158895,0,0,5.343768,12.786926000000001,0,,5.882352941176471,,,0,0,,,,,,,,,,,,,5.511674266949791,,0.18669995648994167,,,18,,,,630,,12000,0,0,,63,0.14,630,17.6470588235294,,,,,,0,50.3442841,30.4769898,
12:38:14.246,,,,,,,,,,,,,,,21,,,,,,,,,,,,,,,,,,,,,,,,,,,,,,,,,,,,,,,,,,,,,,,,,,,,,,,,,41,,,50.3442841,30.4769898,
12:38:14.293,,,,,,,,,,,,,,,,,,0,,,,,,,,,,,,,,,,,,,,,,,,,,,,,,,,,,,,,,,,,,,,,,,,,,,,,,,,,50.3442841,30.4769898,
12:38:14.328,,,,,,,,,,,,,,,,0,0,,,,,,,,,,,,,,,,,,,,,,,,,,,,,,,,,,,,,,,,,,,,,,,,,,,,,,,,,,50.3442841,30.4769898,
12:38:14.437,,,,,,,,,350.49,52.5,,3.654,,,,,,,,,,,,,,,,,,,,,,,,,,,,,,,,,,,,,,,,,,,,,,,,,,,,7.3,,,,,,,,,,,50.3442841,30.4769898,
12:38:14.509,-5.949999999999818,,-5.949999999999818,,,,,,,,,,3.646,,,,,,,,,,,,,,,,,,,,,,,,,,,,,,,,,,,,,,,,,,,,,,,,,,,7.3,,,,,,,,,,,50.3442841,30.4769898,
12:38:14.592,,-5.7999999999999545,,,,,,,,,,,,,,,,,,,,,,,,,,,,,,,,,,,,,,,,,,,,,,,,,,,,,,,,,,,,,,,,,,,,,,,,,50.3442841,30.4769898,
12:38:14.798,,,,,,,,,,,,,,,,,,,,,,,,,,,,,,,,,,0.11,,,,0,0,,0,0,0,96.953625,6848.917504000001,0,-0.01,,,,,,0,,,,24,98,,0,,,,,63,0.11,,,,,,,0.132,,50.3442841,30.4769898,
12:38:14.861,,,,,,,,,,,,,,,,,,,,0,5.882352941176471,99,,,,,,,,,,5.882352941176471,,,,,,,,0,,,,,,,,,,,,,,0,,,,,,,,,,,,0.11,,17.6470588235294,99,,,,,,50.3442841,30.4769898,
12:38:14.922,,,,,,,,,,,,,,,,,,,,,,,0,0,427.50144,997.82158895,0,0,5.343768,12.786926000000001,0,,5.882352941176471,,,0,0,,,,,,,,,,,,,5.511674266949791,,0.18669995648994167,,,18,,,,640,,12000,0,0,,63,0.11,640,17.6470588235294,,,,,,0,50.3442841,30.4769898,
12:38:15.008,,,,,,,,,,,,,,,,,,,20,,,,,,,,,,,,,,,,,,,,,,,,,,,,,,,,,,,,,,,,,,,,,,,,,,,,,41,,,50.3442841,30.4769898,
12:38:15.153,,,,,,,,,,,,,,,21,,,,,,,,,,,,,,,,,,,,,,,,,,,,,,,,,,,,,,,,,,,,,,,,,,,,,,,,,41,,,50.3442841,30.4769898,
12:38:15.190,,,,,,,,,,,,,,,,,,0,,,,,,,,,,,,,,,,,,,,,,,,,,,,,,,,,,,,,,,,,,,,,,,,,,,,,,,,,50.3442841,30.4769898,
12:38:15.224,,,,,,,,,,,,,,,,0,0,,,,,,,,,,,,,,,,,,,,,,,,,,,,,,,,,,,,,,,,,,,,,,,,,,,,,,,,,,50.3442841,30.4769898,
12:38:15.334,,,,,,,,,350.33,52.5,,3.653,,,,,,,,,,,,,,,,,,,,,,,,,,,,,,,,,,,,,,,,,,,,,,,,,,,,7.299,,,,,,,,,,,50.3442841,30.4769898,
12:38:15.394,-5.949999999999818,,-5.899999999999864,,,,,,,,,,3.646,,,,,,,,,,,,,,,,,,,,,,,,,,,,,,,,,,,,,,,,,,,,,,,,,,,7.299,,,,,,,,,,,50.3442841,30.4769898,
12:38:15.429,,-5.7999999999999545,,,,,,,,,,,,,,,,,,,,,,,,,,,,,,,,,,,,,,,,,,,,,,,,,,,,,,,,,,,,,,,,,,,,,,,,,50.3442841,30.4769898,
12:38:15.574,,,,,,,,,,,,,,,,,,,,,,,,,,,,,,,,,,0.11,,,,0,0,,0,0,0,96.953625,6848.917504000001,0,-0.01,,,,,,0,,,,24,98,,0,,,,,63,0.11,,,,,,,0.132,,50.3442841,30.4769898,
12:38:15.645,,,,,,,,,,,,,,,,,,,,0,5.882352941176471,99,,,,,,,,,,5.882352941176471,,,,,,,,0,,,,,,,,,,,,,,0,,,,,,,,,,,,0.11,,17.6470588235294,99,,,,,,50.3442841,30.4769898,
12:38:15.718,,,,,,,,,,,,,,,,,,,,,,,0,0,427.50144,997.82158895,0,0,5.343768,12.786926000000001,0,,5.882352941176471,,,0,0,,,,,,,,,,,,,5.511674266949791,,0.18669995648994167,,,18,,,,640,,12000,0,0,,63,0.11,640,17.6470588235294,,,,,,0,50.3442841,30.4769898,
12:38:15.837,,,,,,,,,,,,,,,21,,,,,,,,,,,,,,,,,,,,,,,,,,,,,,,,,,,,,,,,,,,,,,,,,,,,,,,,,41,,,50.3442841,30.4769898,
12:38:15.873,,,,,,,,,,,,,,,,,,0,,,,,,,,,,,,,,,,,,,,,,,,,,,,,,,,,,,,,,,,,,,,,,,,,,,,,,,,,50.3442841,30.4769898,
12:38:15.922,,,,,,,,,,,,,,,,0,0,,,,,,,,,,,,,,,,,,,,,,,,,,,,,,,,,,,,,,,,,,,,,,,,,,,,,,,,,,50.3442841,30.4769898,
12:38:16.053,,,,,,,,,350.33,52.5,,3.653,,,,,,,,,,,,,,,,,,,,,,,,,,,,,,,,,,,,,,,,,,,,,,,,,,,,7.299,,,,,,,,,,,50.3442841,30.4769898,
12:38:16.113,-5.849999999999909,,-5.899999999999864,,,,,,,,,,3.647,,,,,,,,,,,,,,,,,,,,,,,,,,,,,,,,,,,,,,,,,,,,,,,,,,,7.3,,,,,,,,,,,50.3442841,30.4769898,
12:38:16.149,,-5.7999999999999545,,,,,,,,,,,,,,,,,,,,,,,,,,,,,,,,,,,,,,,,,,,,,,,,,,,,,,,,,,,,,,,,,,,,,,,,,50.3442841,30.4769898,
12:38:16.244,,,,,,,,,,,,,,,,,,,,,,,,,,,,,,,,,,,,,,,,,,,,,,,,,,,,,,,,21,,,,,,,,,63,,,,,,,,,,50.3442841,30.4769898,
12:38:16.340,,,,,,,,,,,,,,,,,,,,,,,,,,,,,,,,,,0.14,,,,0,0,,0,0,0,96.953625,6848.917504000001,0,-0.01,,,,,,0,,,,24,98,,0,,,,,63,0.14,,,,,,,0.168,,50.3442841,30.4769898,
12:38:16.558,,,,,,,,,,,,,,,,,,,,0,5.882352941176471,99,,,,,,,,,,5.882352941176471,,,,,,,,0,,,,,,,,,,,,,,0,,,,,,,,,,,,0.14,,17.6470588235294,99,,,,,,50.3442841,30.4769898,
12:38:16.630,,,,,,,,,,,,,,,,,,,,,,,0,0,427.50144,997.82158895,0,0,5.343768,12.786926000000001,0,,5.882352941176471,,,0,0,,,,,,,,,,,,,5.511674266949791,,0.18669995648994167,,,18,,,,640,,12000,0,0,,63,0.14,640,17.6470588235294,,,,,,0,50.3442841,30.4769898,
12:38:16.798,,,,,,,,,,,,,,,21,,,,,,,,,,,,,,,,,,,,,,,,,,,,,,,,,,,,,,,,,,,,,,,,,,,,,,,,,41,,,50.3442841,30.4769898,
12:38:16.833,,,,,,,,,,,,,,,,,,0,,,,,,,,,,,,,,,,,,,,,,,,,,,,,,,,,,,,,,,,,,,,,,,,,,,,,,,,,50.3442841,30.4769898,
12:38:16.869,,,,,,,,,,,,,,,,0,0,,,,,,,,,,,,,,,,,,,,,,,,,,,,,,,,,,,,,,,,,,,,,,,,,,,,,,,,,,50.3442841,30.4769898,
12:38:16.990,,,,,,,,,350.98,52.5,,3.653,,,,,,,,,,,,,,,,,,,,,,,,,,,,,,,,,,,,,,,,,,,,,,,,,,,,7.3,,,,,,,,,,,50.3442841,30.4769898,
12:38:17.065,-6.0499999999999545,,-5.849999999999909,,,,,,,,,,3.645,,,,,,,,,,,,,,,,,,,,,,,,,,,,,,,,,,,,,,,,,,,,,,,,,,,7.298,,,,,,,,,,,50.3442841,30.4769898,
12:38:17.113,,-5.599999999999909,,,,,,,,,,,,,,,,,,,,,,,,,,,,,,,,,,,,,,,,,,,,,,,,,,,,,,,,,,,,,,,,,,,,,,,,,50.3442841,30.4769898,
12:38:17.246,,,,,,,,,,,,,,,,,,,,,,,,,,,,,,,,,,0.1,,,,0,0,,0,0,0,96.953625,6848.917504000001,0,-0.01,,,,,,0,,,,24,98,,0,,,,,63,0.1,,,,,,,0.12,,50.3442841,30.4769898,
12:38:17.309,,,,,,,,,,,,,,,,,,,,0,5.882352941176471,99,,,,,,,,,,5.882352941176471,,,,,,,,0,,,,,,,,,,,,,,0,,,,,,,,,,,,0.1,,17.6470588235294,99,,,,,,50.3442841,30.4769898,
12:38:17.369,,,,,,,,,,,,,,,,,,,,,,,0,0,427.50144,997.82158895,0,0,5.343768,12.786926000000001,0,,5.882352941176471,,,0,0,,,,,,,,,,,,,5.511674266949791,,0.18669995648994167,,,18,,,,650,,12000,0,0,,63,0.1,650,17.6470588235294,,,,,,0,50.3442841,30.4769898,
12:38:17.477,,,,,,,,,,,,,,,21,,,,,,,,,,,,,,,,,,,,,,,,,,,,,,,,,,,,,,,,,,,,,,,,,,,,,,,,,41,,,50.3442841,30.4769898,
12:38:17.514,,,,,,,,,,,,,,,,,,0,,,,,,,,,,,,,,,,,,,,,,,,,,,,,,,,,,,,,,,,,,,,,,,,,,,,,,,,,50.3442841,30.4769898,
12:38:17.561,,,,,,,,,,,,,,,,0,0,,,,,,,,,,,,,,,,,,,,,,,,,,,,,,,,,,,,,,,,,,,,,,,,,,,,,,,,,,50.3442841,30.4769898,
12:38:17.693,,,,18,,,,,,,,,,,,,,,,,,,,,,,,,,,,,,,,,,,,,,,,,,,,,,,,,,,,,,,,,,,,,,,,,,,87,,,,50.3442841,30.4769898,
12:38:17.838,,,,,17,,,,,,86.6758781031239,,,86.6758781031239,,,,,,,,,,,,,,,,,,,,,,,,,,,,,,,,,,,,,,,,,,,,,,,,,,,,,,,,127.5,87,,,,50.3442841,30.4769898,
12:38:17.897,,,,,,,,,351.14,52.5,,3.651,,,,,,,,,,,,,,,,,,,,,,,,,,,,,,,,,,,,,,,,,,,,,,,,,,,,7.296,,,,,,,,,,,50.3442841,30.4769898,
12:38:17.957,-6.099999999999909,,-6.149999999999864,,,,,,,,,,3.645,,,,,,,,,,,,,,,,,,,,,,,,,,,,,,,,,,,,,,,,,,,,,,,,,,,7.296,,,,,,,,,,,50.3442841,30.4769898,
12:38:18.005,,-5.7999999999999545,,,,,,,,,,,,,,,,,,,,,,,,,,,,,,,,,,,,,,,,,,,,,,,,,,,,,,,,,,,,,,,,,,,,,,,,,50.3442841,30.4769898,
12:38:18.125,,,,,,,,,,,,,,,,,,,,,,,,,,,,,,,,,,0.12,,,,0,0,,0,0,0,96.953625,6848.917504000001,0,-0.01,,,,,,0,,,,24,98,,0,,,,,63,0.12,,,,,,,0.144,,50.3442841,30.4769898,
12:38:18.185,,,,,,,,,,,,,,,,,,,,0,5.882352941176471,99,,,,,,,,,,5.882352941176471,,,,,,,,0,,,,,,,,,,,,,,0,,,,,,,,,,,,0.12,,17.6470588235294,99,,,,,,50.3442841,30.4769898,
12:38:18.354,,,,,,,,,,,,,,,,,,,,,,,0,0,427.50144,997.82158895,0,0,5.343768,12.786926000000001,0,,5.882352941176471,,,0,0,,,,,,,,,,,,,5.511674266949791,,0.18669995648994167,,,18,,,,650,,12000,0,0,,63,0.12,650,17.6470588235294,,,,,,0,50.3442841,30.4769898,
12:38:18.561,,,,,,,,,,,,,,,21,,,,,,,,,,,,,,,,,,,,,,,,,,,,,,,,,,,,,,,,,,,,,,,,,,,,,,,,,41,,,50.3442841,30.4769898,
12:38:18.597,,,,,,,,,,,,,,,,,,-7.375,,,,,,,,,,,,,,,,,,,,,,,,,,,,,,,,,,,,,,,,,,,,,,,,,,,,,,,,,50.3442841,30.4769898,
12:38:18.634,,,,,,,,,,,,,,,,-416,-0.03125,,,,,,,,,,,,,,,,,,,,,,,,,,,,,,,,,,,,,,,,,,,,,,,,,,,,,,,,,,50.3442841,30.4769898,
12:38:18.778,,,,,,,,,351.46,52.5,,3.651,,,,,,,,,,,,,,,,,,,,,,,,,,,,,,,,,,,,,,,,,,,,,,,,,,,,7.296,,,,,,,,,,,50.3442841,30.4769898,
12:38:18.861,-6.399999999999864,,-6.349999999999909,,,,,,,,,,3.643,,,,,,,,,,,,,,,,,,,,,,,,,,,,,,,,,,,,,,,,,,,,,,,,,,,7.294,,,,,,,,,,,50.3442841,30.4769898,
12:38:18.897,,-6.199999999999818,,,,,,,,,,,,,,,,,,,,,,,,,,,,,,,,,,,,,,,,,,,,,,,,,,,,,,,,,,,,,,,,,,,,,,,,,50.3442841,30.4769898,
12:38:19.030,,,,,,,,,,,,,,,,,,,,,,,,,,,,,,,,,,0.13,,,,0,0,,0,0,0,96.953625,6848.917504000001,0,-0.01,,,,,,0,,,,24,98,,0,,,,,63,0.13,,,,,,,0.156,,50.3442841,30.4769898,
12:38:19.114,,,,,,,,,,,,,,,,,,,,0,5.882352941176471,99,,,,,,,,,,5.882352941176471,,,,,,,,0,,,,,,,,,,,,,,0,,,,,,,,,,,,0.13,,17.6470588235294,99,,,,,,50.3442841,30.4769898,
12:38:19.196,,,,,,,,,,,,,,,,,,,,,,,0,0,427.50144,997.82158895,0,0,5.343768,12.786926000000001,0,,5.882352941176471,,,0,0,,,,,,,,,,,,,5.511674266949791,,0.18669995648994167,,,18,,,,660,,12000,0,0,,63,0.13,660,17.6470588235294,,,,,,0,50.3442841,30.4769898,
12:38:19.317,,,,,,,,,,,,,,,21,,,,,,,,,,,,,,,,,,,,,,,,,,,,,,,,,,,,,,,,,,,,,,,,,,,,,,,,,41,,,50.3442841,30.4769898,
12:38:19.353,,,,,,,,,,,,,,,,,,-12.96875,,,,,,,,,,,,,,,,,,,,,,,,,,,,,,,,,,,,,,,,,,,,,,,,,,,,,,,,,50.3442841,30.4769898,
12:38:19.401,,,,,,,,,,,,,,,,-864,-0.0625,,,,,,,,,,,,,,,,,,,,,,,,,,,,,,,,,,,,,,,,,,,,,,,,,,,,,,,,,,50.3442841,30.4769898,
12:38:19.532,,,,,,17,17,18,,,,,,,,,,,,,,,,,,,,,,,,,,,,,,,,,,,,,,,,,,,,,,,,,,,,,,,,,,,,,,,87,,,,50.3442841,30.4769898,
12:38:19.592,,,,,,,,,351.14,52.5,,3.65,,,,,,,,,,,,,,,,,,,,,,,,,,,,,,,,,,,,,,,,,,,,,,,,,,,,7.293,,,,,,,,,,,50.3442841,30.4769898,
12:38:19.653,-6.949999999999818,,-6.849999999999909,,,,,,,,,,3.643,,,,,,,,,,,,,,,,,,,,,,,,,,,,,,,,,,,,,,,,,,,,,,,,,,,7.293,,,,,,,,,,,50.3442841,30.4769898,
12:38:19.700,,-6.849999999999909,,,,,,,,,,,,,,,,,,,,,,,,,,,,,,,,,,,,,,,,,,,,,,,,,,,,,,,,,,,,,,,,,,,,,,,,,50.3442841,30.4769898,
12:38:19.809,,,,,,,,,,,,,,,,,,,,,,,,,,,,,,,,,,0.09,,,,0,0,,0,0,0,96.953625,6848.917504000001,0,-0.01,,,,,,0,,,,24,98,,0,,,,,63,0.09,,,,,,,0.108,,50.3442841,30.4769898,
12:38:19.882,,,,,,,,,,,,,,,,,,,,0,5.882352941176471,99,,,,,,,,,,5.882352941176471,,,,,,,,0,,,,,,,,,,,,,,0,,,,,,,,,,,,0.09,,17.6470588235294,99,,,,,,50.3442841,30.4769898,
12:38:19.966,,,,,,,,,,,,,,,,,,,,,,,0,0,427.50144,997.82158895,0,0,5.343768,12.786926000000001,0,,5.882352941176471,,,0,0,,,,,,,,,,,,,5.511674266949791,,0.18669995648994167,,,18,,,,670,,12000,0,0,,63,0.09,670,17.6470588235294,,,,,,0,50.3442841,30.4769898,
12:38:20.096,,,,,,,,,,,,,,,21,,,,,,,,,,,,,,,,,,,,,,,,,,,,,,,,,,,,,,,,,,,,,,,,,,,,,,,,,41,,,50.3442841,30.4769898,
12:38:20.146,,,,,,,,,,,,,,,,,,-46.53125,,,,,,,,,,,,,,,,,,,,,,,,,,,,,,,,,,,,,,,,,,,,,,,,,,,,,,,,,50.3442841,30.4769898,
12:38:20.218,,,,,,,,,,,,,,,,-3040,-0.1875,,,,,,,,,,,,,,,,,,,,,,,,,,,,,,,,,,,,,,,,,,,,,,,,,,,,,,,,,,50.3442841,30.4769898,
12:38:20.445,,,,,,,,,349.37,52.5,,3.648,,,,,,,,,,,,,,,,,,,,,,,,,,,,,,,,,,,,,,,,,,,,,,,,,,,,7.291,,,,,,,,,,,50.3442841,30.4769898,
12:38:20.492,-8.199999999999818,,-8.299999999999955,,,,,,,,,,3.64,,,,,,,,,,,,,,,,,,,,,,,,,,,,,,,,,,,,,,,,,,,,,,,,,,,7.288,,,,,,,,,,,50.3442841,30.4769898,
12:38:20.542,,-7.949999999999818,,,,,,,,,,,,,,,,,,,,,,,,,,,,,,,,,,,,,,,,,,,,,,,,,,,,,,,,,,,,,,,,,,,,,,,,,50.3442841,30.4769898,
12:38:20.649,,,,,,,,,,,,,,,,,,,,,,,,,,,,,,,,,,,,,,,,,,,,,,,,,,,,,,,,21,,,,,,,,,63,,,,,,,,,,50.3442841,30.4769898,
12:38:20.721,,,,,,,,,,,,,,,,,,,,,,,,,,,,,,,,,,0.1,,,,0,0,,0,0,0,96.953625,6848.917504000001,0,-0.01,,,,,,0,,,,24,98,,0,,,,,63,0.1,,,,,,,0.12,,50.3442841,30.4769898,
12:38:20.817,,,,,,,,,,,,,,,,,,,,0,5.882352941176471,99,,,,,,,,,,5.882352941176471,,,,,,,,0,,,,,,,,,,,,,,0,,,,,,,,,,,,0.1,,17.6470588235294,99,,,,,,50.3442841,30.4769898,
12:38:20.890,,,,,,,,,,,,,,,,,,,,,,,0,0,427.50144,997.82158895,0,0,5.343768,12.786926000000001,0,,5.882352941176471,,,0,0,,,,,,,,,,,,,5.511674266949791,,0.18669995648994167,,,18,,,,670,,12000,0,0,,63,0.1,670,17.6470588235294,,,,,,0,50.3442841,30.4769898,
12:38:20.997,,,,,,,,,,,,,,,21,,,,,,,,,,,,,,,,,,,,,,,,,,,,,,,,,,,,,,,,,,,,,,,,,,,,,,,,,41,,,50.3442841,30.4769898,
12:38:21.033,,,,,,,,,,,,,,,,,,-36.015625,,,,,,,,,,,,,,,,,,,,,,,,,,,,,,,,,,,,,,,,,,,,,,,,,,,,,,,,,50.3442841,30.4769898,
12:38:21.068,,,,,,,,,,,,,,,,-2336,-0.15625,,,,,,,,,,,,,,,,,,,,,,,,,,,,,,,,,,,,,,,,,,,,,,,,,,,,,,,,,,50.3442841,30.4769898,
12:38:21.176,,,,,,,,,351.14,52.5,,3.647,,,,,,,,,,,,,,,,,,,,,,,,,,,,,,,,,,,,,,,,,,,,,,,,,,,,7.287,,,,,,,,,,,50.3442841,30.4769898,
12:38:21.226,-8.25,,-8.149999999999864,,,,,,,,,,3.64,,,,,,,,,,,,,,,,,,,,,,,,,,,,,,,,,,,,,,,,,,,,,,,,,,,7.287,,,,,,,,,,,50.3442841,30.4769898,
12:38:21.260,,-7.949999999999818,,,,,,,,,,,,,,,,,,,,,,,,,,,,,,,,,,,,,,,,,,,,,,,,,,,,,,,,,,,,,,,,,,,,,,,,,50.3442841,30.4769898,
12:38:21.381,,,,,,,,,,,,,,,,,,,,,,,,,,,,,,,,,,0.06,,,,0,0,,0,0,0,96.953625,6848.917504000001,0,-0.01,,,,,,0,,,,24,98,,0,,,,,63,0.06,,,,,,,0.072,,50.3442841,30.4769898,
12:38:21.478,,,,,,,,,,,,,,,,,,,,0,5.882352941176471,99,,,,,,,,,,5.882352941176471,,,,,,,,0,,,,,,,,,,,,,,0,,,,,,,,,,,,0.06,,17.6470588235294,99,,,,,,50.3442841,30.4769898,
12:38:21.550,,,,,,,,,,,,,,,,,,,,,,,0,0,427.50144,997.82158895,0,0,5.343768,12.786926000000001,0,,5.882352941176471,,,0,0,,,,,,,,,,,,,5.511674266949791,,0.18669995648994167,,,18,,,,680,,12000,0,0,,63,0.06,680,17.6470588235294,,,,,,0,50.3442841,30.4769898,
12:38:21.646,,,,,,,,,,,,,,,,,,,20,,,,,,,,,,,,,,,,,,,,,,,,,,,,,,,,,,,,,,,,,,,,,,,,,,,,,41,,,50.3442841,30.4769898,
12:38:21.741,,,,,,,,,,,,,,,21,,,,,,,,,,,,,,,,,,,,,,,,,,,,,,,,,,,,,,,,,,,,,,,,,,,,,,,,,41,,,50.3442841,30.4769898,
12:38:21.777,,,,,,,,,,,,,,,,,,-35.203125,,,,,,,,,,,,,,,,,,,,,,,,,,,,,,,,,,,,,,,,,,,,,,,,,,,,,,,,,50.3442841,30.4769898,
12:38:21.814,,,,,,,,,,,,,,,,-2304,-0.140625,,,,,,,,,,,,,,,,,,,,,,,,,,,,,,,,,,,,,,,,,,,,,,,,,,,,,,,,,,50.3442841,30.4769898,
12:38:21.933,,,,,,,,,348.88,52.5,,3.648,,,,,,,,,,,,,,,,,,,,,,,,,,,,,,,,,,,,,,,,,,,,,,,,,,,,7.288,,,,,,,,,,,50.3442841,30.4769898,
12:38:21.993,-7.899999999999864,,-7.899999999999864,,,,,,,,,,3.64,,,,,,,,,,,,,,,,,,,,,,,,,,,,,,,,,,,,,,,,,,,,,,,,,,,7.288,,,,,,,,,,,50.3442841,30.4769898,
12:38:22.089,,-7.5,,,,,,,,,,,,,,,,,,,,,,,,,,,,,,,,,,,,,,,,,,,,,,,,,,,,,,,,,,,,,,,,,,,,,,,,,50.3442841,30.4769898,
12:38:22.330,,,,,,,,,,,,,,,,,,,,,,,,,,,,,,,,,,0.09,,,,0,0,,0,0,0,96.953625,6848.917504000001,0,-0.01,,,,,,0,,,,24,98,,0,,,,,63,0.09,,,,,,,0.108,,50.3442841,30.4769898,
12:38:22.388,,,,,,,,,,,,,,,,,,,,0,5.882352941176471,99,,,,,,,,,,5.882352941176471,,,,,,,,0,,,,,,,,,,,,,,0,,,,,,,,,,,,0.09,,17.6470588235294,99,,,,,,50.3442841,30.4769898,
12:38:22.484,,,,,,,,,,,,,,,,,,,,,,,0,0,427.50144,997.82158895,0,0,5.343768,12.786926000000001,0,,5.882352941176471,,,0,0,,,,,,,,,,,,,5.511674266949791,,0.18669995648994167,,,18,,,,680,,12000,0,0,,63,0.09,680,17.6470588235294,,,,,,0,50.3442841,30.4769898,
12:38:22.681,,,,,,,,,,,,,,,21,,,,,,,,,,,,,,,,,,,,,,,,,,,,,,,,,,,,,,,,,,,,,,,,,,,,,,,,,41,,,50.3442841,30.4769898,
12:38:22.740,,,,,,,,,,,,,,,,,,-39.96875,,,,,,,,,,,,,,,,,,,,,,,,,,,,,,,,,,,,,,,,,,,,,,,,,,,,,,,,,50.3442841,30.4769898,
12:38:22.825,,,,,,,,,,,,,,,,-2464,-0.15625,,,,,,,,,,,,,,,,,,,,,,,,,,,,,,,,,,,,,,,,,,,,,,,,,,,,,,,,,,50.3442841,30.4769898,
12:38:22.932,,,,,,,,,348.88,52,,3.647,,,,,,,,,,,,,,,,,,,,,,,,,,,,,,,,,,,,,,,,,,,,,,,,,,,,7.287,,,,,,,,,,,50.3442841,30.4769898,
12:38:22.995,-7.75,,-7.75,,,,,,,,,,3.64,,,,,,,,,,,,,,,,,,,,,,,,,,,,,,,,,,,,,,,,,,,,,,,,,,,7.287,,,,,,,,,,,50.3442841,30.4769898,
12:38:23.050,,-7.2999999999999545,,,,,,,,,,,,,,,,,,,,,,,,,,,,,,,,,,,,,,,,,,,,,,,,,,,,,,,,,,,,,,,,,,,,,,,,,50.3442841,30.4769898,
12:38:23.170,,,,,,,,,,,,,,,,,,,,,,,,,,,,,,,,,,0.17,,,,0,0,,0,0,0,96.953625,6848.917504000001,0,-0.01,,,,,,0,,,,24,98,,0,,,,,63,0.17,,,,,,,0.20400000000000001,,50.3442841,30.4769898,
12:38:23.233,,,,,,,,,,,,,,,,,,,,0,5.882352941176471,99,,,,,,,,,,5.882352941176471,,,,,,,,0,,,,,,,,,,,,,,0,,,,,,,,,,,,0.17,,17.6470588235294,99,,,,,,50.3442841,30.4769898,
12:38:23.329,,,,,,,,,,,,,,,,,,,,,,,0,0,427.50144,997.82158895,0,0,5.343768,12.786926000000001,0,,5.882352941176471,,,0,0,,,,,,,,,,,,,5.511674266949791,,0.18669995648994167,,,18,,,,690,,12000,0,0,,63,0.17,690,17.6470588235294,,,,,,0,50.3442841,30.4769898,
12:38:23.460,,,,,,,,,,,,,,,21,,,,,,,,,,,,,,,,,,,,,,,,,,,,,,,,,,,,,,,,,,,,,,,,,,,,,,,,,41,,,50.3442841,30.4769898,
12:38:23.497,,,,,,,,,,,,,,,,,,-10.078125,,,,,,,,,,,,,,,,,,,,,,,,,,,,,,,,,,,,,,,,,,,,,,,,,,,,,,,,,50.3442841,30.4769898,
12:38:23.533,,,,,,,,,,,,,,,,-640,-0.046875,,,,,,,,,,,,,,,,,,,,,,,,,,,,,,,,,,,,,,,,,,,,,,,,,,,,,,,,,,50.3442841,30.4769898,
12:38:23.653,,,,,,,,,349.69,52,,3.65,,,,,,,,,,,,,,,,,,,,,,,,,,,,,,,,,,,,,,,,,,,,,,,,,,,,7.29,,,,,,,,,,,50.3442841,30.4769898,
12:38:23.701,-6.0499999999999545,,-6,,,,,,,,,,3.643,,,,,,,,,,,,,,,,,,,,,,,,,,,,,,,,,,,,,,,,,,,,,,,,,,,7.293,,,,,,,,,,,50.3442841,30.4769898,
12:38:23.738,,-5.7999999999999545,,,,,,,,,,,,,,,,,,,,,,,,,,,,,,,,,,,,,,,,,,,,,,,,,,,,,,,,,,,,,,,,,,,,,,,,,50.3442841,30.4769898,
12:38:23.857,,,,,,,,,,,,,,,,,,,,,,,,,,,,,,,,,,0.03,,,,0,0,,0,0,0,96.953625,6848.917504000001,0,-0.01,,,,,,0,,,,24,98,,0,,,,,63,0.03,,,,,,,0.036,,50.3442841,30.4769898,
12:38:23.929,,,,,,,,,,,,,,,,,,,,0,5.882352941176471,99,,,,,,,,,,5.882352941176471,,,,,,,,0,,,,,,,,,,,,,,0,,,,,,,,,,,,0.03,,17.6470588235294,99,,,,,,50.3442841,30.4769898,
12:38:24.001,,,,,,,,,,,,,,,,,,,,,,,0,0,427.50144,997.82158895,0,0,5.343768,12.786926000000001,0,,5.882352941176471,,,0,0,,,,,,,,,,,,,5.511674266949791,,0.18669995648994167,,,18,,,,690,,12000,0,0,,63,0.03,690,17.6470588235294,,,,,,0,50.3442841,30.4769898,
12:38:24.146,,,,,,,,,,,,,,,21,,,,,,,,,,,,,,,,,,,,,,,,,,,,,,,,,,,,,,,,,,,,,,,,,,,,,,,,,41,,,50.3442841,30.4769898,
12:38:24.180,,,,,,,,,,,,,,,,,,-0.09375,,,,,,,,,,,,,,,,,,,,,,,,,,,,,,,,,,,,,,,,,,,,,,,,,,,,,,,,,50.3442841,30.4769898,
12:38:24.229,,,,,,,,,,,,,,,,-64,-0.015625,,,,,,,,,,,,,,,,,,,,,,,,,,,,,,,,,,,,,,,,,,,,,,,,,,,,,,,,,,50.3442841,30.4769898,
12:38:24.337,,,,,17,,,,,,86.6758781031239,,,86.6758781031239,,,,,,,,,,,,,,,,,,,,,,,,,,,,,,,,,,,,,,,,,,,,,,,,,,,,,,,,127.5,87,,,,50.3442841,30.4769898,
12:38:24.410,,,,,,,,,351.14,52,,3.649,,,,,,,,,,,,,,,,,,,,,,,,,,,,,,,,,,,,,,,,,,,,,,,,,,,,7.292,,,,,,,,,,,50.3442841,30.4769898,
12:38:24.469,-6,,-5.949999999999818,,,,,,,,,,3.64,,,,,,,,,,,,,,,,,,,,,,,,,,,,,,,,,,,,,,,,,,,,,,,,,,,7.289,,,,,,,,,,,50.3442841,30.4769898,
12:38:24.505,,-5.7999999999999545,,,,,,,,,,,,,,,,,,,,,,,,,,,,,,,,,,,,,,,,,,,,,,,,,,,,,,,,,,,,,,,,,,,,,,,,,50.3442841,30.4769898,
12:38:24.601,,,,,,,,,,,,,,,,,,,,,,,,,,,,,,,,,,,,,,,,,,,,,,,,,,,,,,,,21,,,,,,,,,63,,,,,,,,,,50.3442841,30.4769898,
12:38:24.661,,,,,,,,,,,,,,,,,,,,,,,,,,,,,,,,,,0.13,,,,0,0,,0,0,0,96.953625,6848.917504000001,0,-0.01,,,,,,0,,,,24,98,,0,,,,,63,0.13,,,,,,,0.156,,50.3442841,30.4769898,
12:38:24.722,,,,,,,,,,,,,,,,,,,,0,5.882352941176471,99,,,,,,,,,,5.882352941176471,,,,,,,,0,,,,,,,,,,,,,,0,,,,,,,,,,,,0.13,,17.6470588235294,99,,,,,,50.3442841,30.4769898,
12:38:24.793,,,,,,,,,,,,,,,,,,,,,,,0,0,427.50144,997.82158895,0,0,5.343768,12.786926000000001,0,,5.882352941176471,,,0,0,,,,,,,,,,,,,5.511674266949791,,0.18669995648994167,,,18,,,,700,,12000,0,0,,63,0.13,700,17.6470588235294,,,,,,0,50.3442841,30.4769898,
12:38:24.925,,,,,,,,,,,,,,,21,,,,,,,,,,,,,,,,,,,,,,,,,,,,,,,,,,,,,,,,,,,,,,,,,,,,,,,,,41,,,50.3442841,30.4769898,
12:38:24.962,,,,,,,,,,,,,,,,,,0,,,,,,,,,,,,,,,,,,,,,,,,,,,,,,,,,,,,,,,,,,,,,,,,,,,,,,,,,50.3442841,30.4769898,
12:38:25.021,,,,,,,,,,,,,,,,-64,-0.015625,,,,,,,,,,,,,,,,,,,,,,,,,,,,,,,,,,,,,,,,,,,,,,,,,,,,,,,,,,50.3442841,30.4769898,
12:38:25.129,,,,,,,,,349.04,52,,3.648,,,,,,,,,,,,,,,,,,,,,,,,,,,,,,,,,,,,,,,,,,,,,,,,,,,,7.288,,,,,,,,,,,50.3442841,30.4769898,
12:38:25.178,-5.899999999999864,,-6,,,,,,,,,,3.642,,,,,,,,,,,,,,,,,,,,,,,,,,,,,,,,,,,,,,,,,,,,,,,,,,,7.29,,,,,,,,,,,50.3442841,30.4769898,
12:38:25.214,,-5.7999999999999545,,,,,,,,,,,,,,,,,,,,,,,,,,,,,,,,,,,,,,,,,,,,,,,,,,,,,,,,,,,,,,,,,,,,,,,,,50.3442841,30.4769898,
12:38:25.357,,,,,,,,,,,,,,,,,,,,,,,,,,,,,,,,,,0.14,,,,0,0,,0,0,0,96.953625,6848.917504000001,0,-0.01,,,,,,0,,,,24,98,,0,,,,,63,0.14,,,,,,,0.168,,50.3442841,30.4769898,
12:38:25.417,,,,,,,,,,,,,,,,,,,,0,5.882352941176471,99,,,,,,,,,,5.882352941176471,,,,,,,,0,,,,,,,,,,,,,,0,,,,,,,,,,,,0.14,,17.6470588235294,99,,,,,,50.3442841,30.4769898,
12:38:25.490,,,,,,,,,,,,,,,,,,,,,,,0,0,427.50144,997.82158895,0,0,5.343768,12.786926000000001,0,,5.882352941176471,,,0,0,,,,,,,,,,,,,5.511674266949791,,0.18669995648994167,,,18,,,,700,,12000,0,0,,63,0.14,700,17.6470588235294,,,,,,0,50.3442841,30.4769898,
12:38:25.620,,,,,,,,,,,,,,,21,,,,,,,,,,,,,,,,,,,,,,,,,,,,,,,,,,,,,,,,,,,,,,,,,,,,,,,,,41,,,50.3442841,30.4769898,
12:38:25.670,,,,,,,,,,,,,,,,,,0,,,,,,,,,,,,,,,,,,,,,,,,,,,,,,,,,,,,,,,,,,,,,,,,,,,,,,,,,50.3442841,30.4769898,
12:38:25.706,,,,,,,,,,,,,,,,-64,-0.015625,,,,,,,,,,,,,,,,,,,,,,,,,,,,,,,,,,,,,,,,,,,,,,,,,,,,,,,,,,50.3442841,30.4769898,
12:38:25.814,,,,18,,,,,,,,,,,,,,,,,,,,,,,,,,,,,,,,,,,,,,,,,,,,,,,,,,,,,,,,,,,,,,,,,,,87,,,,50.3442841,30.4769898,
12:38:25.970,,,,,,,,,349.69,52,,3.649,,,,,,,,,,,,,,,,,,,,,,,,,,,,,,,,,,,,,,,,,,,,,,,,,,,,7.291,,,,,,,,,,,50.3442841,30.4769898,
12:38:26.090,-6.0499999999999545,,-6,,,,,,,,,,3.643,,,,,,,,,,,,,,,,,,,,,,,,,,,,,,,,,,,,,,,,,,,,,,,,,,,7.292,,,,,,,,,,,50.3442841,30.4769898,
12:38:26.138,,-5.7999999999999545,,,,,,,,,,,,,,,,,,,,,,,,,,,,,,,,,,,,,,,,,,,,,,,,,,,,,,,,,,,,,,,,,,,,,,,,,50.3442841,30.4769898,
12:38:26.257,,,,,,,,,,,,,,,,,,,,,,,,,,,,,,,,,,0.12,,,,0,0,,0,0,0,96.953625,6848.917504000001,0,-0.01,,,,,,0,,,,24,98,,0,,,,,63,0.12,,,,,,,0.144,,50.3442841,30.4769898,
12:38:26.317,,,,,,,,,,,,,,,,,,,,0,5.882352941176471,99,,,,,,,,,,5.882352941176471,,,,,,,,0,,,,,,,,,,,,,,0,,,,,,,,,,,,0.12,,17.6470588235294,99,,,,,,50.3442841,30.4769898,
12:38:26.400,,,,,,,,,,,,,,,,,,,,,,,0,0,427.50144,997.82158895,0,0,5.343768,12.786926000000001,0,,5.882352941176471,,,0,0,,,,,,,,,,,,,5.511674266949791,,0.18669995648994167,,,18,,,,710,,12000,0,0,,63,0.12,710,17.6470588235294,,,,,,0,50.3442841,30.4769898,
12:38:26.510,,,,,,,,,,,,,,,21,,,,,,,,,,,,,,,,,,,,,,,,,,,,,,,,,,,,,,,,,,,,,,,,,,,,,,,,,41,,,50.3442841,30.4769898,
12:38:26.547,,,,,,,,,,,,,,,,,,0,,,,,,,,,,,,,,,,,,,,,,,,,,,,,,,,,,,,,,,,,,,,,,,,,,,,,,,,,50.3442841,30.4769898,
12:38:26.618,,,,,,,,,,,,,,,,-64,-0.015625,,,,,,,,,,,,,,,,,,,,,,,,,,,,,,,,,,,,,,,,,,,,,,,,,,,,,,,,,,50.3442841,30.4769898,
12:38:26.737,,,,,,,,,349.04,52,,3.649,,,,,,,,,,,,,,,,,,,,,,,,,,,,,,,,,,,,,,,,,,,,,,,,,,,,7.292,,,,,,,,,,,50.3442841,30.4769898,
12:38:26.808,-6,,-6,,,,,,,,,,3.642,,,,,,,,,,,,,,,,,,,,,,,,,,,,,,,,,,,,,,,,,,,,,,,,,,,7.291,,,,,,,,,,,50.3442841,30.4769898,
12:38:26.894,,-5.7999999999999545,,,,,,,,,,,,,,,,,,,,,,,,,,,,,,,,,,,,,,,,,,,,,,,,,,,,,,,,,,,,,,,,,,,,,,,,,50.3442841,30.4769898,
12:38:27.037,,,,,,,,,,,,,,,,,,,,,,,,,,,,,,,,,,0.1,,,,0,0,,0,0,0,96.953625,6848.917504000001,0,-0.01,,,,,,0,,,,24,98,,0,,,,,63,0.1,,,,,,,0.12,,50.3442841,30.4769898,
12:38:27.109,,,,,,,,,,,,,,,,,,,,0,5.882352941176471,99,,,,,,,,,,5.882352941176471,,,,,,,,0,,,,,,,,,,,,,,0,,,,,,,,,,,,0.1,,17.6470588235294,99,,,,,,50.3442841,30.4769898,
12:38:27.193,,,,,,,,,,,,,,,,,,,,,,,0,0,427.50144,997.82158895,0,0,5.343768,12.786926000000001,0,,5.882352941176471,,,0,0,,,,,,,,,,,,,5.511674266949791,,0.18669995648994167,,,18,,,,710,,12000,0,0,,63,0.1,710,17.6470588235294,,,,,,0,50.3442841,30.4769898,
12:38:27.325,,,,,,,,,,,,,,,21,,,,,,,,,,,,,,,,,,,,,,,,,,,,,,,,,,,,,,,,,,,,,,,,,,,,,,,,,41,,,50.3442841,30.4769898,
12:38:27.361,,,,,,,,,,,,,,,,,,0,,,,,,,,,,,,,,,,,,,,,,,,,,,,,,,,,,,,,,,,,,,,,,,,,,,,,,,,,50.3442841,30.4769898,
12:38:27.397,,,,,,,,,,,,,,,,0,0,,,,,,,,,,,,,,,,,,,,,,,,,,,,,,,,,,,,,,,,,,,,,,,,,,,,,,,,,,50.3442841,30.4769898,
12:38:27.518,,,,,,17,17,18,,,,,,,,,,,,,,,,,,,,,,,,,,,,,,,,,,,,,,,,,,,,,,,,,,,,,,,,,,,,,,,87,,,,50.3442841,30.4769898,
12:38:27.577,,,,,,,,,350.33,52,,3.648,,,,,,,,,,,,,,,,,,,,,,,,,,,,,,,,,,,,,,,,,,,,,,,,,,,,7.29,,,,,,,,,,,50.3442841,30.4769898,
12:38:27.625,-6.0499999999999545,,-5.899999999999864,,,,,,,,,,3.642,,,,,,,,,,,,,,,,,,,,,,,,,,,,,,,,,,,,,,,,,,,,,,,,,,,7.29,,,,,,,,,,,50.3442841,30.4769898,
12:38:27.673,,-5.599999999999909,,,,,,,,,,,,,,,,,,,,,,,,,,,,,,,,,,,,,,,,,,,,,,,,,,,,,,,,,,,,,,,,,,,,,,,,,50.3442841,30.4769898,
12:38:27.794,,,,,,,,,,,,,,,,,,,,,,,,,,,,,,,,,,0.12,,,,0,0,,0,0,0,96.953625,6848.917504000001,0,-0.01,,,,,,0,,,,24,98,,0,,,,,63,0.12,,,,,,,0.144,,50.3442841,30.4769898,
12:38:27.864,,,,,,,,,,,,,,,,,,,,0,5.882352941176471,99,,,,,,,,,,5.882352941176471,,,,,,,,0,,,,,,,,,,,,,,0,,,,,,,,,,,,0.12,,17.6470588235294,99,,,,,,50.3442841,30.4769898,
12:38:27.938,,,,,,,,,,,,,,,,,,,,,,,0,0,427.50144,997.82158895,0,0,5.343768,12.786926000000001,0,,5.882352941176471,,,0,0,,,,,,,,,,,,,5.511674266949791,,0.18669995648994167,,,18,,,,720,,12000,0,0,,63,0.12,720,17.6470588235294,,,,,,0,50.3442841,30.4769898,
12:38:27.996,,,,,,,,,,,,,,,,,,,20,,,,,,,,,,,,,,,,,,,,,,,,,,,,,,,,,,,,,,,,,,,,,,,,,,,,,41,,,50.3442841,30.4769898,
12:38:28.105,,,,,,,,,,,,,,,21,,,,,,,,,,,,,,,,,,,,,,,,,,,,,,,,,,,,,,,,,,,,,,,,,,,,,,,,,41,,,50.3442841,30.4769898,
12:38:28.141,,,,,,,,,,,,,,,,,,0,,,,,,,,,,,,,,,,,,,,,,,,,,,,,,,,,,,,,,,,,,,,,,,,,,,,,,,,,50.3442841,30.4769898,
12:38:28.178,,,,,,,,,,,,,,,,0,0,,,,,,,,,,,,,,,,,,,,,,,,,,,,,,,,,,,,,,,,,,,,,,,,,,,,,,,,,,50.3442841,30.4769898,
12:38:28.309,,,,,,,,,350.01,52,,3.648,,,,,,,,,,,,,,,,,,,,,,,,,,,,,,,,,,,,,,,,,,,,,,,,,,,,7.29,,,,,,,,,,,50.3442841,30.4769898,
12:38:28.381,-6,,-5.899999999999864,,,,,,,,,,3.642,,,,,,,,,,,,,,,,,,,,,,,,,,,,,,,,,,,,,,,,,,,,,,,,,,,7.29,,,,,,,,,,,50.3442841,30.4769898,
12:38:28.418,,-5.7999999999999545,,,,,,,,,,,,,,,,,,,,,,,,,,,,,,,,,,,,,,,,,,,,,,,,,,,,,,,,,,,,,,,,,,,,,,,,,50.3442841,30.4769898,
12:38:28.500,,,,,,,,,,,,,,,,,,,,,,,,,,,,,,,,,,,,,,,,,,,,,,,,,,,,,,,,21,,,,,,,,,63,,,,,,,,,,50.3442841,30.4769898,
12:38:28.561,,,,,,,,,,,,,,,,,,,,,,,,,,,,,,,,,,0.16,,,,0,0,,0,0,0,96.953625,6848.917504000001,0,-0.01,,,,,,0,,,,24,98,,0,,,,,63,0.16,,,,,,,0.192,,50.3442841,30.4769898,
12:38:28.622,,,,,,,,,,,,,,,,,,,,0,5.882352941176471,99,,,,,,,,,,5.882352941176471,,,,,,,,0,,,,,,,,,,,,,,0,,,,,,,,,,,,0.16,,17.6470588235294,99,,,,,,50.3442841,30.4769898,
12:38:28.682,,,,,,,,,,,,,,,,,,,,,,,0,0,427.50144,997.82158895,0,0,5.343768,12.786926000000001,0,,5.882352941176471,,,0,0,,,,,,,,,,,,,5.511674266949791,,0.18669995648994167,,,18,,,,720,,12000,0,0,,63,0.16,720,17.6470588235294,,,,,,0,50.3442841,30.4769898,
12:38:28.825,,,,,,,,,,,,,,,21,,,,,,,,,,,,,,,,,,,,,,,,,,,,,,,,,,,,,,,,,,,,,,,,,,,,,,,,,41,,,50.3442841,30.4769898,
12:38:28.861,,,,,,,,,,,,,,,,,,0,,,,,,,,,,,,,,,,,,,,,,,,,,,,,,,,,,,,,,,,,,,,,,,,,,,,,,,,,50.3442841,30.4769898,
12:38:28.897,,,,,,,,,,,,,,,,0,0,,,,,,,,,,,,,,,,,,,,,,,,,,,,,,,,,,,,,,,,,,,,,,,,,,,,,,,,,,50.3442841,30.4769898,
12:38:29.089,,,,,,,,,349.85,52,,3.648,,,,,,,,,,,,,,,,,,,,,,,,,,,,,,,,,,,,,,,,,,,,,,,,,,,,7.29,,,,,,,,,,,50.3442841,30.4769898,
12:38:29.161,-6,,-6.0499999999999545,,,,,,,,,,3.642,,,,,,,,,,,,,,,,,,,,,,,,,,,,,,,,,,,,,,,,,,,,,,,,,,,7.29,,,,,,,,,,,50.3442841,30.4769898,
12:38:29.209,,-5.599999999999909,,,,,,,,,,,,,,,,,,,,,,,,,,,,,,,,,,,,,,,,,,,,,,,,,,,,,,,,,,,,,,,,,,,,,,,,,50.3442841,30.4769898,
12:38:29.330,,,,,,,,,,,,,,,,,,,,,,,,,,,,,,,,,,0.15,,,,0,0,,0,0,0,96.953625,6848.917504000001,0,-0.01,,,,,,0,,,,24,98,,0,,,,,63,0.15,,,,,,,0.18,,50.3442841,30.4769898,
12:38:29.388,,,,,,,,,,,,,,,,,,,,0,5.882352941176471,99,,,,,,,,,,5.882352941176471,,,,,,,,0,,,,,,,,,,,,,,0,,,,,,,,,,,,0.15,,17.6470588235294,99,,,,,,50.3442841,30.4769898,
12:38:29.460,,,,,,,,,,,,,,,,,,,,,,,0,0,427.50144,997.82158895,0,0,5.343768,12.786926000000001,0,,5.882352941176471,,,0,0,,,,,,,,,,,,,5.511674266949791,,0.18669995648994167,,,19,,,,730,,12000,0,0,,64,0.15,730,17.6470588235294,,,,,,0,50.3442841,30.4769898,
12:38:29.586,,,,,,,,,,,,,,,21,,,,,,,,,,,,,,,,,,,,,,,,,,,,,,,,,,,,,,,,,,,,,,,,,,,,,,,,,41,,,50.3442841,30.4769898,
12:38:29.621,,,,,,,,,,,,,,,,,,0,,,,,,,,,,,,,,,,,,,,,,,,,,,,,,,,,,,,,,,,,,,,,,,,,,,,,,,,,50.3442841,30.4769898,
12:38:29.657,,,,,,,,,,,,,,,,0,0,,,,,,,,,,,,,,,,,,,,,,,,,,,,,,,,,,,,,,,,,,,,,,,,,,,,,,,,,,50.3442841,30.4769898,
12:38:29.765,,,,,,,,,350.33,52,,3.648,,,,,,,,,,,,,,,,,,,,,,,,,,,,,,,,,,,,,,,,,,,,,,,,,,,,7.29,,,,,,,,,,,50.3442841,30.4769898,
12:38:29.825,-6.2999999999999545,,-6.449999999999818,,,,,,,,,,3.641,,,,,,,,,,,,,,,,,,,,,,,,,,,,,,,,,,,,,,,,,,,,,,,,,,,7.289,,,,,,,,,,,50.3442841,30.4769898,
12:38:29.861,,-6.199999999999818,,,,,,,,,,,,,,,,,,,,,,,,,,,,,,,,,,,,,,,,,,,,,,,,,,,,,,,,,,,,,,,,,,,,,,,,,50.3442841,30.4769898,
12:38:29.981,,,,,,,,,,,,,,,,,,,,,,,,,,,,,,,,,,0.14,,,,0,0,,0,0,0,96.953625,6848.917504000001,0,-0.01,,,,,,0,,,,24,98,,0,,,,,64,0.14,,,,,,,0.168,,50.3442841,30.4769898,
12:38:30.042,,,,,,,,,,,,,,,,,,,,0,5.882352941176471,99,,,,,,,,,,5.882352941176471,,,,,,,,0,,,,,,,,,,,,,,0,,,,,,,,,,,,0.14,,17.6470588235294,99,,,,,,50.3442841,30.4769898,
12:38:30.112,,,,,,,,,,,,,,,,,,,,,,,0,0,427.50144,997.82158895,0,0,5.343768,12.786926000000001,0,,5.882352941176471,,,0,0,,,,,,,,,,,,,5.511674266949791,,0.18669995648994167,,,19,,,,730,,12000,0,0,,64,0.14,730,17.6470588235294,,,,,,0,50.3442841,30.4769898,
12:38:30.226,,,,,,,,,,,,,,,21,,,,,,,,,,,,,,,,,,,,,,,,,,,,,,,,,,,,,,,,,,,,,,,,,,,,,,,,,41,,,50.3442841,30.4769898,
12:38:30.261,,,,,,,,,,,,,,,,,,0,,,,,,,,,,,,,,,,,,,,,,,,,,,,,,,,,,,,,,,,,,,,,,,,,,,,,,,,,50.3442841,30.4769898,
12:38:30.309,,,,,,,,,,,,,,,,0,0,,,,,,,,,,,,,,,,,,,,,,,,,,,,,,,,,,,,,,,,,,,,,,,,,,,,,,,,,,50.3442841,30.4769898,
12:38:30.416,,,,,17,,,,,,86.6758781031239,,,86.6758781031239,,,,,,,,,,,,,,,,,,,,,,,,,,,,,,,,,,,,,,,,,,,,,,,,,,,,,,,,127.5,87,,,,50.3442841,30.4769898,
12:38:30.477,,,,,,,,,350.01,52,,3.645,,,,,,,,,,,,,,,,,,,,,,,,,,,,,,,,,,,,,,,,,,,,,,,,,,,,7.286,,,,,,,,,,,50.3442841,30.4769898,
12:38:30.573,-7.149999999999864,,-7.25,,,,,,,,,,3.64,,,,,,,,,,,,,,,,,,,,,,,,,,,,,,,,,,,,,,,,,,,,,,,,,,,7.285,,,,,,,,,,,50.3442841,30.4769898,
12:38:30.634,,-7.2999999999999545,,,,,,,,,,,,,,,,,,,,,,,,,,,,,,,,,,,,,,,,,,,,,,,,,,,,,,,,,,,,,,,,,,,,,,,,,50.3442841,30.4769898,
12:38:30.754,,,,,,,,,,,,,,,,,,,,,,,,,,,,,,,,,,0.13,,,,0,0,,0,0,0,96.953625,6848.917504000001,0,-0.01,,,,,,0,,,,24,98,,0,,,,,64,0.13,,,,,,,0.156,,50.3442841,30.4769898,
12:38:30.817,,,,,,,,,,,,,,,,,,,,0,5.882352941176471,99,,,,,,,,,,5.882352941176471,,,,,,,,0,,,,,,,,,,,,,,0,,,,,,,,,,,,0.13,,17.6470588235294,99,,,,,,50.3442841,30.4769898,
12:38:30.925,,,,,,,,,,,,,,,,,,,,,,,0,0,427.50144,997.82158895,0,0,5.343768,12.786926000000001,0,,5.882352941176471,,,0,0,,,,,,,,,,,,,5.511674266949791,,0.18669995648994167,,,19,,,,740,,12000,0,0,,64,0.13,740,17.6470588235294,,,,,,0,50.3442841,30.4769898,
12:38:31.069,,,,,,,,,,,,,,,21,,,,,,,,,,,,,,,,,,,,,,,,,,,,,,,,,,,,,,,,,,,,,,,,,,,,,,,,,41,,,50.3442841,30.4769898,
12:38:31.116,,,,,,,,,,,,,,,,,,10.921875,,,,,,,,,,,,,,,,,,,,,,,,,,,,,,,,,,,,,,,,,,,,,,,,,,,,,,,,,50.3442841,30.4769898,
12:38:31.165,,,,,,,,,,,,,,,,736,0.03125,,,,,,,,,,,,,,,,,,,,,,,,,,,,,,,,,,,,,,,,,,,,,,,,,,,,,,,,,,50.3442841,30.4769898,
12:38:31.285,,,,,,,,,350.65000000000003,52,,3.646,,,,,,,,,,,,,,,,,,,,,,,,,,,,,,,,,,,,,,,,,,,,,,,,,,,,7.286,,,,,,,,,,,50.3442841,30.4769898,
12:38:31.359,-7.099999999999909,,-7.0499999999999545,,,,,,,,,,3.64,,,,,,,,,,,,,,,,,,,,,,,,,,,,,,,,,,,,,,,,,,,,,,,,,,,7.286,,,,,,,,,,,50.3442841,30.4769898,
12:38:31.396,,-7.0499999999999545,,,,,,,,,,,,,,,,,,,,,,,,,,,,,,,,,,,,,,,,,,,,,,,,,,,,,,,,,,,,,,,,,,,,,,,,,50.3442841,30.4769898,
12:38:31.530,,,,,,,,,,,,,,,,,,,,,,,,,,,,,,,,,,0.13,,,,0,0,,0,0,0,96.953625,6848.917504000001,0,-0.01,,,,,,0,,,,24,98,,0,,,,,64,0.13,,,,,,,0.156,,50.3442841,30.4769898,
12:38:31.593,,,,,,,,,,,,,,,,,,,,0,5.882352941176471,99,,,,,,,,,,5.882352941176471,,,,,,,,0,,,,,,,,,,,,,,0,,,,,,,,,,,,0.13,,17.6470588235294,99,,,,,,50.3442841,30.4769898,
12:38:31.724,,,,,,,,,,,,,,,,,,,,,,,0,0,427.50144,997.82158895,0,0,5.343768,12.786926000000001,0,,5.882352941176471,,,0,0,,,,,,,,,,,,,5.511674266949791,,0.18669995648994167,,,19,,,,740,,12000,0,0,,64,0.13,740,17.6470588235294,,,,,,0,50.3442841,30.4769898,
12:38:31.833,,,,,,,,,,,,,,,21,,,,,,,,,,,,,,,,,,,,,,,,,,,,,,,,,,,,,,,,,,,,,,,,,,,,,,,,,41,,,50.3442841,30.4769898,
12:38:31.881,,,,,,,,,,,,,,,,,,86.609375,,,,,,,,,,,,,,,,,,,,,,,,,,,,,,,,,,,,,,,,,,,,,,,,,,,,,,,,,50.3442841,30.4769898,
12:38:31.929,,,,,,,,,,,,,,,,5600,0.328125,,,,,,,,,,,,,,,,,,,,,,,,,,,,,,,,,,,,,,,,,,,,,,,,,,,,,,,,,,50.3442841,30.4769898,
12:38:32.049,,,,,,,,,347.43,52,,3.637,,,,,,,,,,,,,,,,,,,,,,,,,,,,,,,,,,,,,,,,,,,,,,,,,,,,7.277,,,,,,,,,,,50.3442841,30.4769898,
12:38:32.120,-16.34999999999991,,-16.09999999999991,,,,,,,,,,3.624,,,,,,,,,,,,,,,,,,,,,,,,,,,,,,,,,,,,,,,,,,,,,,,,,,,7.261,,,,,,,,,,,50.3442841,30.4769898,
12:38:32.205,,-17.549999999999955,,,,,,,,,,,,,,,,,,,,,,,,,,,,,,,,,,,,,,,,,,,,,,,,,,,,,,,,,,,,,,,,,,,,,,,,,50.3442841,30.4769898,
12:38:32.397,,,,,,,,,,,,,,,,,,,,,,,,,,,,,,,,,,,,,,,,,,,,,,,,,,,,,,,,21,,,,,,,,,64,,,,,,,,,,50.3442841,30.4769898,
12:38:32.517,,,,,,,,,,,,,,,,,,,,,,,,,,,,,,,,,,0.17,,,,0,0,,0,0,0,96.953625,6848.917504000001,0,-0.01,,,,,,0,,,,24,98,,0,,,,,64,0.17,,,,,,,0.20400000000000001,,50.3442841,30.4769898,
12:38:32.577,,,,,,,,,,,,,,,,,,,,0,5.882352941176471,99,,,,,,,,,,5.882352941176471,,,,,,,,7.0588235294117645,,,,,,,,,,,,,,0,,,,,,,,,,,,0.17,,17.6470588235294,99,,,,,,50.3442841,30.4769898,
12:38:32.649,,,,,,,,,,,,,,,,,,,,,,,0,0,427.50144,997.82158895,0,0,5.343768,12.786926000000001,0,,5.882352941176471,,,0,0,,,,,,,,,,,,,5.511674266949791,,0.18669995648994167,,,19,,,,750,,12000,0,0,,64,0.17,750,17.6470588235294,,,,,,0,50.3442841,30.4769898,
12:38:32.769,,,,,,,,,,,,,,,21,,,,,,,,,,,,,,,,,,,,,,,,,,,,,,,,,,,,,,,,,,,,,,,,,,,,,,,,,41,,,50.3442841,30.4769898,
12:38:32.805,,,,,,,,,,,,,,,,,,70.890625,,,,,,,,,,,,,,,,,,,,,,,,,,,,,,,,,,,,,,,,,,,,,,,,,,,,,,,,,50.3442841,30.4769898,
12:38:32.841,,,,,,,,,,,,,,,,4672,0.28125,,,,,,,,,,,,,,,,,,,,,,,,,,,,,,,,,,,,,,,,,,,,,,,,,,,,,,,,,,50.3442841,30.4769898,
12:38:32.985,,,,,,,,,347.92,52,,3.632,,,,,,,,,,,,,,,,,,,,,,,,,,,,,,,,,,,,,,,,,,,,,,,,,,,,7.256,,,,,,,,,,,50.3442841,30.4769898,
12:38:33.057,-11.25,,-11,,,,,,,,,,3.627,,,,,,,,,,,,,,,,,,,,,,,,,,,,,,,,,,,,,,,,,,,,,,,,,,,7.259,,,,,,,,,,,50.3442841,30.4769898,
12:38:33.093,,-10.049999999999955,,,,,,,,,,,,,,,,,,,,,,,,,,,,,,,,,,,,,,,,,,,,,,,,,,,,,,,,,,,,,,,,,,,,,,,,,50.3442841,30.4769898,
12:38:33.226,,,,,,,,,,,,,,,,,,,,,,,,,,,,,,,,,,0.07,0,,,0,0,,0.03490979026635994,0.0007885013333333333,0.000789,96.954414,6848.918293000001,0,-0.01,,,,,,0.10101848460408264,,,,24,98,,4,,,,,64,0.07,,,,,,,0.084,,50.3442841,30.4769898,
12:38:33.302,,,,,,,,,,,,,,,,,,,,0,5.882352941176471,99,,,,,,,,,,5.882352941176471,,,,,,,,0,,,,,,,,,,,,,,0,,,,,,,,,,,,0.07,,17.6470588235294,99,,,,,,50.3442841,30.4769898,
12:38:33.398,,,,,,,,,,,,,,,,,,,,,,,0,0,427.50144,997.82158895,0,0,5.343768,12.786926000000001,0,,5.882352941176471,,,0,0,,,,,,,,,,,0,0,5.51162941379853,,0.18669993498198095,,,19,,,,750,,12000,0,0,,64,0.07,750,17.6470588235294,,,,,,0,50.3442841,30.4769898,
12:38:33.557,,,,,,,,,,,,,,,21,,,,,,,,,,,,,,,,,,,,,,,,,,,,,,,,,,,,,,,,,,,,,,,,,,,,,,,,,41,,,50.3442841,30.4769898,
12:38:33.605,,,,,,,,,,,,,,,,,,28.671875,,,,,,,,,,,,,,,,,,,,,,,,,,,,,,,,,,,,,,,,,,,,,,,,,,,,,,,,,50.3442841,30.4769898,
12:38:33.641,,,,,,,,,,,,,,,,1856,0.109375,,,,,,,,,,,,,,,,,,,,,,,,,,,,,,,,,,,,,,,,,,,,,,,,,,,,,,,,,,50.3442841,30.4769898,
12:38:33.725,,,,18,,,,,,,,,,,,,,,,,,,,,,,,,,,,,,,,,,,,,,,,,,,,,,,,,,,,,,,,,,,,,,,,,,,87,,,,50.3442841,30.4769898,
12:38:33.844,,,,,,,,,348.08,51.5,,3.64,,,,,,,,,,,,,,,,,,,,,,,,,,,,,,,,,,,,,,,,,,,,,,,,,,,,7.267,,,,,,,,,,,50.3442841,30.4769898,
12:38:33.905,-8.899999999999864,,-9,,,,,,,,,,3.632,,,,,,,,,,,,,,,,,,,,,,,,,,,,,,,,,,,,,,,,,,,,,,,,,,,7.272,,,,,,,,,,,50.3442841,30.4769898,
12:38:33.957,,-8.799999999999955,,,,,,,,,,,,,,,,,,,,,,,,,,,,,,,,,,,,,,,,,,,,,,,,,,,,,,,,,,,,,,,,,,,,,,,,,50.3442841,30.4769898,
12:38:34.077,,,,,,,,,,,,,,,,,,,,,,,,,,,,,,,,,,0.08,0,,,0,0,,,0.0015030516666666668,0.001504,96.955129,6848.919008000001,0,-0.01,,,,,,0.1868607593348164,,,,24,98,,3,,,,,64,0.08,,,,,,,0.096,,50.3442841,30.4769898,
12:38:34.165,,,,,,,,,,,,,,,,,,,,0,5.882352941176471,99,,,,,,,,,,5.882352941176471,,,,,,,,0,,,,,,,,,,,,,,0,,,,,,,,,,,,0.08,,17.6470588235294,99,,,,,,50.3442841,30.4769898,
12:38:34.298,,,,,,,,,,,,,,,,,,,,,,,0,0,427.50144,997.82158895,0,0,5.343768,12.786926000000001,0,,5.882352941176471,,,0,0,,,,,,,,,,,0,0,5.511588768037223,,0.18669991549124768,,,19,,,,760,,12000,0,0,,64,0.08,760,17.6470588235294,,,,,,0,50.3442841,30.4769898,
12:38:34.373,,,,,,,,,,,,,,,,,,,20,,,,,,,,,,,,,,,,,,,,,,,,,,,,,,,,,,,,,,,,,,,,,,,,,,,,,41,,,50.3442841,30.4769898,
12:38:34.458,,,,,,,,,,,,,,,21,,,,,,,,,,,,,,,,,,,,,,,,,,,,,,,,,,,,,,,,,,,,,,,,,,,,,,,,,41,,,50.3442841,30.4769898,
12:38:34.493,,,,,,,,,,,,,,,,,,38.734375,,,,,,,,,,,,,,,,,,,,,,,,,,,,,,,,,,,,,,,,,,,,,,,,,,,,,,,,,50.3442841,30.4769898,
12:38:34.530,,,,,,,,,,,,,,,,2400,0.140625,,,,,,,,,,,,,,,,,,,,,,,,,,,,,,,,,,,,,,,,,,,,,,,,,,,,,,,,,,50.3442841,30.4769898,
12:38:34.637,,,,,,,,,347.76,51.5,,3.638,,,,,,,,,,,,,,,,,,,,,,,,,,,,,,,,,,,,,,,,,,,,,,,,,,,,7.27,,,,,,,,,,,50.3442841,30.4769898,
12:38:34.697,-12.549999999999955,,-12.899999999999864,,,,,,,,,,3.627,,,,,,,,,,,,,,,,,,,,,,,,,,,,,,,,,,,,,,,,,,,,,,,,,,,7.265,,,,,,,,,,,50.3442841,30.4769898,
12:38:34.733,,-16.5,,,,,,,,,,,,,,,,,,,,,,,,,,,,,,,,,,,,,,,,,,,,,,,,,,,,,,,,,,,,,,,,,,,,,,,,,50.3442841,30.4769898,
12:38:34.866,,,,,,,,,,,,,,,,,,,,,,,,,,,,,,,,,,0.13,0,,,0,0,,,0.00215472075,0.002156,96.955781,6848.9196600000005,0,-0.01,,,,,,0.26083296676474627,,,,24,98,,3,,,,,64,0.13,,,,,,,0.156,,50.3442841,30.4769898,
12:38:34.930,,,,,,,,,,,,,,,,,,,,0,5.882352941176471,99,,,,,,,,,,5.882352941176471,,,,,,,,18.823529411764707,,,,,,,,,,,,,,0,,,,,,,,,,,,0.13,,17.6470588235294,99,,,,,,50.3442841,30.4769898,
12:38:35.025,,,,,,,,,,,,,,,,,,,,,,,0,0,427.50144,997.82158895,0,0,5.343768,12.786926000000001,0,,5.882352941176471,,,0,0,,,,,,,,,,,0,0,5.511551704173266,,0.18669989771788328,,,19,,,,770,,12000,0,0,,64,0.13,770,17.6470588235294,,,,,,0,50.3442841,30.4769898,
12:38:35.145,,,,,,,,,,,,,,,21,,,,,,,,,,,,,,,,,,,,,,,,,,,,,,,,,,,,,,,,,,,,,,,,,,,,,,,,,41,,,50.3442841,30.4769898,
12:38:35.181,,,,,,,,,,,,,,,,,,173.3125,,,,,,,,,,,,,,,,,,,,,,,,,,,,,,,,,,,,,,,,,,,,,,,,,,,,,,,,,50.3442841,30.4769898,
12:38:35.217,,,,,,,,,,,,,,,,11040,0.671875,,,,,,,,,,,,,,,,,,,,,,,,,,,,,,,,,,,,,,,,,,,,,,,,,,,,,,,,,,50.3442841,30.4769898,
12:38:35.350,,,,,,17,17,18,,,,,,,,,,,,,,,,,,,,,,,,,,,,,,,,,,,,,,,,,,,,,,,,,,,,,,,,,,,,,,,87,,,,50.3442841,30.4769898,
12:38:35.409,,,,,,,,,343.57,51.5,,3.591,,,,,,,,,,,,,,,,,,,,,,,,,,,,,,,,,,,,,,,,,,,,,,,,,,,,7.218,,,,,,,,,,,50.3442841,30.4769898,
12:38:35.457,-38.25,,-1600,,,,,,,,,,3.581,,,,,,,,,,,,,,,,,,,,,,,,,,,,,,,,,,,,,,,,,,,,,,,,,,,7.172,,,,,,,,,,,50.3442841,30.4769898,
12:38:35.505,,-38.899999999999864,,,,,,,,,,,,,,,,,,,,,,,,,,,,,,,,,,,,,,,,,,,,,,,,,,,,,,,,,,,,,,,,,,,,,,,,,50.3442841,30.4769898,
12:38:35.637,,,,,,,,,,,,,,,,,,,,,,,,,,,,,,,,,,0.17,0,,,0,0,,,0.0032255240833333337,0.003227,96.956852,6848.920731000001,0,-0.01,,,,,,0.38058910734300627,,,,24,98,,5,,,,,64,0.17,,,,,,,0.20400000000000001,,50.3442841,30.4769898,
12:38:35.757,,,,,,,,,,,,,,,,,,,,0,5.882352941176471,99,,,,,,,,,,5.882352941176471,,,,,,,,22.352941176470587,,,,,,,,,,,,,,0,,,,,,,,,,,,0.17,,17.6470588235294,99,,,,,,50.3442841,30.4769898,
12:38:35.854,,,,,,,,,,,,,,,,,,,,,,,0,0,427.50144,997.82158895,0,0,5.343768,12.786926000000001,0,,5.882352941176471,,,0,0,,,,,,,,,,,0,0,5.511490822742471,,0.1866998685226862,,,19,,,,770,,12000,0,0,,64,0.17,770,17.6470588235294,,,,,,0,50.3442841,30.4769898,
12:38:35.973,,,,,,,,,,,,,,,21,,,,,,,,,,,,,,,,,,,,,,,,,,,,,,,,,,,,,,,,,,,,,,,,,,,,,,,,,41,,,50.3442841,30.4769898,
12:38:36.010,,,,,,,,,,,,,,,,,,174.328125,,,,,,,,,,,,,,,,,,,,,,,,,,,,,,,,,,,,,,,,,,,,,,,,,,,,,,,,,50.3442841,30.4769898,
12:38:36.057,,,,,,,,,,,,,,,,11008,0.671875,,,,,,,,,,,,,,,,,,,,,,,,,,,,,,,,,,,,,,,,,,,,,,,,,,,,,,,,,,50.3442841,30.4769898,
12:38:36.177,,,,,,,,,342.76,51.5,,3.563,,,,,,,,,,,,,,,,,,,,,,,,,,,,,,,,,,,,,,,,,,,,,,,,,,,,7.144,,,,,,,,,,,50.3442841,30.4769898,
12:38:36.225,-52.34999999999991,,-1600,,,,,,,,,,3.551,,,,,,,,,,,,,,,,,,,,,,,,,,,,,,,,,,,,,,,,,,,,,,,,,,,7.114,,,,,,,,,,,50.3442841,30.4769898,
12:38:36.261,,-53,,,,,,,,,,,,,,,,,,,,,,,,,,,,,,,,,,,,,,,,,,,,,,,,,,,,,,,,,,,,,,,,,,,,,,,,,50.3442841,30.4769898,
12:38:36.345,,,,,,,,,,,,,,,,,,,,,,,,,,,,,,,,,,,,,,,,,,,,,,,,,,,,,,,,21,,,,,,,,,64,,,,,,,,,,50.3442841,30.4769898,
12:38:36.404,,,,,,,,,,,,,,,,,,,,,,,,,,,,,,,,,,0.15,0,,,0,0,,,0.005357603527777779,0.005359,96.958984,6848.922863000001,0,-0.01,,,,,,0.6166464579005404,,,,24,98,,10,,,,,64,0.15,,,,,,,0.18,,50.3442841,30.4769898,
12:38:36.476,,,,,,,,,,,,,,,,,,,,0,5.882352941176471,99,,,,,,,,,,5.882352941176471,,,,,,,,22.352941176470587,,,,,,,,,,,,,,0,,,,,,,,,,,,0.15,,17.6470588235294,99,,,,,,50.3442841,30.4769898,
12:38:36.550,,,,,,,,,,,,,,,,,,,,,,,0,0,427.50144,997.82158895,0,0,5.343768,12.786926000000001,0,,5.882352941176471,,,0,0,,,,,,,,,,,0,0,5.511369632338557,,0.1866998104049168,,,19,,,,780,,12000,0,0,,64,0.15,780,17.6470588235294,,,,,,0,50.3442841,30.4769898,
12:38:36.669,,,,,,,,,,,,,,,21,,,,,,,,,,,,,,,,,,,,,,,,,,,,,,,,,,,,,,,,,,,,,,,,,,,,,,,,,41,,,50.3442841,30.4769898,
12:38:36.694,,,,,,,,,,,,,,,,,,129.078125,,,,,,,,,,,,,,,,,,,,,,,,,,,,,,,,,,,,,,,,,,,,,,,,,,,,,,,,,50.3442841,30.4769898,
12:38:36.730,,,,,,,,,,,,,,,,8416,0.5,,,,,,,,,,,,,,,,,,,,,,,,,,,,,,,,,,,,,,,,,,,,,,,,,,,,,,,,,,50.3442841,30.4769898,
12:38:36.872,,,,,17,,,,,,86.6758781031239,,,86.6758781031239,,,,,,,,,,,,,,,,,,,,,,,,,,,,,,,,,,,,,,,,,,,,,,,,,,,,,,,,127.5,87,,,,50.3442841,30.4769898,
12:38:36.933,,,,,,,,,341.64,51,,3.571,,,,,,,,,,,,,,,,,,,,,,,,,,,,,,,,,,,,,,,,,,,,,,,,,,,,7.122,,,,,,,,,,,50.3442841,30.4769898,
12:38:36.993,-37.649999999999864,,-1600,,,,,,,,,,3.566,,,,,,,,,,,,,,,,,,,,,,,,,,,,,,,,,,,,,,,,,,,,,,,,,,,7.137,,,,,,,,,,,50.3442841,30.4769898,
12:38:37.029,,-36.549999999999955,,,,,,,,,,,,,,,,,,,,,,,,,,,,,,,,,,,,,,,,,,,,,,,,,,,,,,,,,,,,,,,,,,,,,,,,,50.3442841,30.4769898,
12:38:37.149,,,,,,,,,,,,,,,,,,,,,,,,,,,,,,,,,,0,0,,,0,0,,0.09222490289514522,0.008045563333333335,0.008047,96.96167200000001,6848.925551000001,0,-0.01,,,,,,0.9044982747392868,,,,24,98,,13,,,,,64,0,,,,,,,0,,50.3442841,30.4769898,
12:38:37.233,,,,,,,,,,,,,,,,,,,,0,5.882352941176471,99,,,,,,,,,,5.882352941176471,,,,,,,,16.862745098039216,,,,,,,,,,,,,,0,,,,,,,,,,,,0,,17.6470588235294,99,,,,,,50.3442841,30.4769898,
12:38:37.305,,,,,,,,,,,,,,,,,,,,,,,0,0,427.50144,997.82158895,0,0,5.343768,12.786926000000001,0,,5.882352941176471,,,0,0,,,,,,,,,,,0,0,5.51121684452801,,0.18669973713078253,,,19,,,,780,,12000,0,0,,64,0,780,17.6470588235294,,,,,,0,50.3442841,30.4769898,
12:38:37.438,,,,,,,,,,,,,,,21,,,,,,,,,,,,,,,,,,,,,,,,,,,,,,,,,,,,,,,,,,,,,,,,,,,,,,,,,41,,,50.3442841,30.4769898,
12:38:37.485,,,,,,,,,,,,,,,,,,102.6875,,,,,,,,,,,,,,,,,,,,,,,,,,,,,,,,,,,,,,,,,,,,,,,,,,,,,,,,,50.3442841,30.4769898,
12:38:37.520,,,,,,,,,,,,,,,,6592,0.390625,,,,,,,,,,,,,,,,,,,,,,,,,,,,,,,,,,,,,,,,,,,,,,,,,,,,,,,,,,50.3442841,30.4769898,
12:38:37.629,,,,,,,,,341.32,51,,3.566,,,,,,,,,,,,,,,,,,,,,,,,,,,,,,,,,,,,,,,,,,,,,,,,,,,,7.132,,,,,,,,,,,50.3442841,30.4769898,
12:38:37.714,-43.59999999999991,,-1600,,,,,,,,,,3.551,,,,,,,,,,,,,,,,,,,,,,,,,,,,,,,,,,,,,,,,,,,,,,,,,,,7.117,,,,,,,,,,,50.3442841,30.4769898,
12:38:37.749,,-43.84999999999991,,,,,,,,,,,,,,,,,,,,,,,,,,,,,,,,,,,,,,,,,,,,,,,,,,,,,,,,,,,,,,,,,,,,,,,,,50.3442841,30.4769898,
12:38:37.857,,,,,,,,,,,,,,,,,,,,,,,,,,,,,,,,,,0.05,0,,,0,0,,0.11364048417698468,0.010997937500000003,0.010999,96.964624,6848.928503000001,0,-0.01,,,,,,1.2096437317620987,,,,24,98,,15,,,,,64,0.05,,,,,,,0.06,,50.3442841,30.4769898,
12:38:37.929,,,,,,,,,,,,,,,,,,,,0,5.882352941176471,99,,,,,,,,,,5.882352941176471,,,,,,,,18.823529411764707,,,,,,,,,,,,,,0,,,,,,,,,,,,0.05,,17.6470588235294,99,,,,,,50.3442841,30.4769898,
12:38:38.001,,,,,,,,,,,,,,,,,,,,,,,0,0,427.50144,997.82158895,0,0,5.343768,12.786926000000001,0,,5.882352941176471,,,0,0,,,,,,,,,,,0,0,5.511049060531602,,0.1866996566601478,,,19,,,,790,,12000,0,0,,64,0.05,790,17.6470588235294,,,,,,0,50.3442841,30.4769898,
12:38:38.168,,,,,,,,,,,,,,,21,,,,,,,,,,,,,,,,,,,,,,,,,,,,,,,,,,,,,,,,,,,,,,,,,,,,,,,,,41,,,50.3442841,30.4769898,
12:38:38.206,,,,,,,,,,,,,,,,,,119.6875,,,,,,,,,,,,,,,,,,,,,,,,,,,,,,,,,,,,,,,,,,,,,,,,,,,,,,,,,50.3442841,30.4769898,
12:38:38.241,,,,,,,,,,,,,,,,7520,0.453125,,,,,,,,,,,,,,,,,,,,,,,,,,,,,,,,,,,,,,,,,,,,,,,,,,,,,,,,,,50.3442841,30.4769898,
12:38:38.372,,,,,,,,,337.45,51,,3.466,,,,,,,,,,,,,,,,,,,,,,,,,,,,,,,,,,,,,,,,,,,,,,,,,,,,7.017,,,,,,,,,,,50.3442841,30.4769898,
12:38:38.430,-71.79999999999995,,-1600,,,,,,,,,,3.497,,,,,,,,,,,,,,,,,,,,,,,,,,,,,,,,,,,,,,,,,,,,,,,,,,,6.963,,,,,,,,,,,50.3442841,30.4769898,
12:38:38.465,,-71.19999999999982,,,,,,,,,,,,,,,,,,,,,,,,,,,,,,,,,,,,,,,,,,,,,,,,,,,,,,,,,,,,,,,,,,,,,,,,,50.3442841,30.4769898,
12:38:38.585,,,,,,,,,,,,,,,,,,,,,,,,,,,,,,,,,,4.62,0,,,1507,1.5,,0.12489180303468235,0.014940120000000003,0.014941,96.968566,6848.932445000001,16.862745098039216,-0.65,,,,,,1.6045853109306578,,,,24,34,,18,,,,,64,4.62,,,,,,,5.544,,50.3442841,30.4769898,
12:38:38.826,,,,,,,,,,,,,,,,,,,,43.13725490196079,10.196078431372548,99,,,,,,,,,,8.627450980392156,,,,,,,,20.784313725490197,,,,,,,,,,,,,,19.12534464,,,,,,,,,,,,23.74534464,,20.3921568627451,99,,,,,,50.3442841,30.4769898,
12:38:38.929,,,,,,,,,,,,,,,,,,,,,,,0.014432505326172195,0.014400000000000001,427.51584,997.83598895,0.00018040631657715244,0.00018,5.343948,12.787106000000001,0.7000000104308128,,10.196078431372548,,,0.7000000104308128,2.7385385722007842,,,,,,,,,,,1.2075292338826755,1.2047386386453385,5.511010650606095,,0.1867021773493343,,,19,,,,21350,,22000,0,0,,64,24.4453446504308,21350,29.0196078431372,,,,,,0,50.3442841,30.4769898,
12:38:39.049,,,,,,,,,,,,,,,21,,,,,,,,,,,,,,,,,,,,,,,,,,,,,,,,,,,,,,,,,,,,,,,,,,,,,,,,,41,,,50.3442841,30.4769898,
12:38:39.085,,,,,,,,,,,,,,,,,,88.125,,,,,,,,,,,,,,,,,,,,,,,,,,,,,,,,,,,,,,,,,,,,,,,,,,,,,,,,,50.3442841,30.4769898,
12:38:39.133,,,,,,,,,,,,,,,,5856,0.34375,,,,,,,,,,,,,,,,,,,,,,,,,,,,,,,,,,,,,,,,,,,,,,,,,,,,,,,,,,50.3442841,30.4769898,
12:38:39.242,,,,,,,,,339.22,50.5,,3.555,,,,,,,,,,,,,,,,,,,,,,,,,,,,,,,,,,,,,,,,,,,,,,,,,,,,7.052,,,,,,,,,,,50.3442841,30.4769898,
12:38:39.290,-40,,-1600,,,,,,,,,,3.542,,,,,,,,,,,,,,,,,,,,,,,,,,,,,,,,,,,,,,,,,,,,,,,,,,,7.097,,,,,,,,,,,50.3442841,30.4769898,
12:38:39.326,,-35.5,,,,,,,,,,,,,,,,,,,,,,,,,,,,,,,,,,,,,,,,,,,,,,,,,,,,,,,,,,,,,,,,,,,,,,,,,50.3442841,30.4769898,
12:38:39.496,,,,,,,,,,,,,,,,,,,,,,,,,,,,,,,,,,12.700000000000001,3.3333333830038705,,,1512,1.5,,0.1007751074533511,0.019905904250000002,0.019907,96.973532,6848.937411000001,41.568627450980394,-0.32,,,,,,2.0849647744156368,,,,24,67,,21,,,,,64,32.5253446504308,,,,,,,15.24,,50.3442841,30.4769898,
12:38:39.558,,,,,,,,,,,,,,,,,,,,56.07843137254902,10.588235294117647,99,,,,,,,,,,9.019607843137255,,,,,,,,15.686274509803921,,,,,,,,,,,,,,18.53772432,,,,,,,,,,,,31.9377243304308,,29.4117647058824,99,,,,,,50.3442841,30.4769898,
12:38:39.629,,,,,,,,,,,,,,,,,,,,,,,0.02531464171055088,0.025279999999999997,427.52672,997.8468689499999,0.00031643302138188603,0.000316,5.344084,12.787242,0.7000000104308128,,10.196078431372548,,,0.7000000104308128,2.7385385722007842,,,,,,,,,,,1.5896440443386843,1.5873813231526597,5.510868677032408,,0.1867040276855583,,,19,,,,21910,,22000,0,0,,64,31.9377243304308,21910,29.8039215686274,,,,,,0,50.3442841,30.4769898,
12:38:39.761,,,,,,,,,,,,,,,21,,,,,,,,,,,,,,,,,,,,,,,,,,,,,,,,,,,,,,,,,,,,,,,,,,,,,,,,,41,,,50.3442841,30.4769898,
12:38:39.809,,,,,,,,,,,,,,,,,,55.6875,,,,,,,,,,,,,,,,,,,,,,,,,,,,,,,,,,,,,,,,,,,,,,,,,,,,,,,,,50.3442841,30.4769898,
12:38:39.845,,,,,,,,,,,,,,,,3616,0.21875,,,,,,,,,,,,,,,,,,,,,,,,,,,,,,,,,,,,,,,,,,,,,,,,,,,,,,,,,,50.3442841,30.4769898,
12:38:39.977,,,,,,,,,345.02,50.5,,3.577,,,,,,,,,,,,,,,,,,,,,,,,,,,,,,,,,,,,,,,,,,,,,,,,,,,,7.119,,,,,,,,,,,50.3442841,30.4769898,
12:38:40.037,-24.34999999999991,,-27.149999999999864,,,,,,,,,,3.563,,,,,,,,,,,,,,,,,,,,,,,,,,,,,,,,,,,,,,,,,,,,,,,,,,,7.14,,,,,,,,,,,50.3442841,30.4769898,
12:38:40.084,,-26.949999999999818,,,,,,,,,,,,,,,,,,,,,,,,,,,,,,,,,,,,,,,,,,,,,,,,,,,,,,,,,,,,,,,,,,,,,,,,,50.3442841,30.4769898,
12:38:40.181,,,,,,,,,,,,,,,,,,,,,,,,,,,,,,,,,,,,,,,,,,,,,,,,,,,,,,,,21,,,,,,,,,64,,,,,,,,,,50.3442841,30.4769898,
12:38:40.241,,,,,,,,,,,,,,,,,,,,,,,,,,,,,,,,,,12.64,3.181818229230968,,,1497,1.5,,0.08244928596333681,0.024453530361111114,0.024455,96.97808,6848.941959000001,41.96078431372549,-0.32,,,,,,2.5070084306677716,,,,24,67,,22,,,,,64,31.8777243304308,,,,,,,15.168,,50.3442841,30.4769898,
12:38:40.301,,,,,,,,,,,,,,,,,,,,56.470588235294116,10.196078431372548,99,,,,,,,,,,8.627450980392156,,,,,,,,15.686274509803921,,,,,,,,,,,,,,17.935368840000002,,,,,,,,,,,,31.2753688504308,,29.4117647058824,99,,,,,,50.3442841,30.4769898,
12:38:40.374,,,,,,,,,,,,,,,,,,,,,,,0.10645914380858705,0.1064,427.60784,997.92798895,0.0013307392976073381,0.00133,5.345098,12.788256,4.90000007301569,,10.196078431372548,,,4.90000007301569,19.16977000540549,,,,,,,,,,,5.441910750537831,5.438560621549786,5.51165582985351,,0.18671870891233522,,,19,,,,22010,,22000,0,0,,64,35.4753689130157,22010,29.0196078431372,,,,,,0,50.3442841,30.4769898,
12:38:40.433,,,,,,,,,,,,,,,,,,,21,,,,,,,,,,,,,,,,,,,,,,,,,,,,,,,,,,,,,,,,,,,,,,,,,,,,,42,,,50.3442841,30.4769898,
12:38:40.530,,,,,,,,,,,,,,,21,,,,,,,,,,,,,,,,,,,,,,,,,,,,,,,,,,,,,,,,,,,,,,,,,,,,,,,,,42,,,50.3442841,30.4769898,
12:38:40.576,,,,,,,,,,,,,,,,,,65.375,,,,,,,,,,,,,,,,,,,,,,,,,,,,,,,,,,,,,,,,,,,,,,,,,,,,,,,,,50.3442841,30.4769898,
12:38:40.625,,,,,,,,,,,,,,,,3968,0.234375,,,,,,,,,,,,,,,,,,,,,,,,,,,,,,,,,,,,,,,,,,,,,,,,,,,,,,,,,,50.3442841,30.4769898,
12:38:40.792,,,,,,,,,343.57,50.5,,3.561,,,,,,,,,,,,,,,,,,,,,,,,,,,,,,,,,,,,,,,,,,,,,,,,,,,,7.124,,,,,,,,,,,50.3442841,30.4769898,
12:38:40.854,-34.44999999999982,,-1600,,,,,,,,,,3.546,,,,,,,,,,,,,,,,,,,,,,,,,,,,,,,,,,,,,,,,,,,,,,,,,,,7.107,,,,,,,,,,,50.3442841,30.4769898,
12:38:40.900,,-34.649999999999864,,,,,,,,,,,,,,,,,,,,,,,,,,,,,,,,,,,,,,,,,,,,,,,,,,,,,,,,,,,,,,,,,,,,,,,,,50.3442841,30.4769898,
12:38:41.010,,,,,,,,,,,,,,,,,,,,,,,,,,,,,,,,,,12.620000000000001,20.41666697089871,,,1491,1.5,,0.08085096559730971,0.029589062361111113,0.029591,96.983216,6848.947095000001,42.35294117647059,-0.31,,,,,,2.96839073098286,,,,24,68,,24,,,,,64,35.4553689130157,,,,,,,15.144,,50.3442841,30.4769898,
12:38:41.060,,,,,,,,,,,,,,,,,,,,56.470588235294116,10.196078431372548,99,,,,,,,,,,8.627450980392156,,,,,,,,17.647058823529413,,,,,,,,,,,,,,17.419638239999998,,,,,,,,,,,,34.9396383130157,,29.0196078431372,99,,,,,,50.3442841,30.4769898,
12:38:41.145,,,,,,,,,,,,,,,,,,,,,,,0.18873616903461024,0.18863999999999997,427.69008,998.0102289499999,0.002359202112932628,0.002358,5.346126,12.789284,4.800000071525574,,10.196078431372548,,,4.800000071525574,18.778550209376803,,,,,,,,,,,7.973223632910133,7.968639113243891,5.512423922918787,,0.18673357849904662,,,19,,,,22020,,22000,0,0,,64,34.8396383115256,22020,29.0196078431372,,,,,,0,50.3442841,30.4769898,
12:38:41.277,,,,,,,,,,,,,,,21,,,,,,,,,,,,,,,,,,,,,,,,,,,,,,,,,,,,,,,,,,,,,,,,,,,,,,,,,42,,,50.3442841,30.4769898,
12:38:41.314,,,,,,,,,,,,,,,,,,68.46875,,,,,,,,,,,,,,,,,,,,,,,,,,,,,,,,,,,,,,,,,,,,,,,,,,,,,,,,,50.3442841,30.4769898,
12:38:41.348,,,,,,,,,,,,,,,,4512,0.265625,,,,,,,,,,,,,,,,,,,,,,,,,,,,,,,,,,,,,,,,,,,,,,,,,,,,,,,,,,50.3442841,30.4769898,
12:38:41.457,,,,18,,,,,,,,,,,,,,,,,,,,,,,,,,,,,,,,,,,,,,,,,,,,,,,,,,,,,,,,,,,,,,,,,,,87,,,,50.3442841,30.4769898,
12:38:41.565,,,,,,,,,342.93,50,,3.552,,,,,,,,,,,,,,,,,,,,,,,,,,,,,,,,,,,,,,,,,,,,,,,,,,,,7.098,,,,,,,,,,,50.3442841,30.4769898,
12:38:41.625,-38.049999999999955,,-1600,,,,,,,,,,3.543,,,,,,,,,,,,,,,,,,,,,,,,,,,,,,,,,,,,,,,,,,,,,,,,,,,7.095,,,,,,,,,,,50.3442841,30.4769898,
12:38:41.661,,-34.649999999999864,,,,,,,,,,,,,,,,,,,,,,,,,,,,,,,,,,,,,,,,,,,,,,,,,,,,,,,,,,,,,,,,,,,,,,,,,50.3442841,30.4769898,
12:38:41.782,,,,,,,,,,,,,,,,,,,,,,,,,,,,,,,,,,12.620000000000001,19.200000286102295,,,1494,1.5,,0.06203237205312547,0.034943181805555557,0.034945,96.98857,6848.952449000001,42.35294117647059,-0.32,,,,,,3.4317865211539513,,,,24,67,,25,,,,,64,34.8396383115256,,,,,,,15.144,,50.3442841,30.4769898,
12:38:41.846,,,,,,,,,,,,,,,,,,,,56.470588235294116,10.196078431372548,99,,,,,,,,,,8.627450980392156,,,,,,,,17.647058823529413,,,,,,,,,,,,,,17.03741712,,,,,,,,,,,,34.4574171915256,,29.0196078431372,99,,,,,,50.3442841,30.4769898,
12:38:41.965,,,,,,,,,,,,,,,,,,,,,,,0.2716848744928645,0.2716,427.77304,998.09318895,0.003396060931160806,0.003395,5.347163,12.790321,4.550000067800283,,10.196078431372548,,,4.550000067800283,17.8005007193051,,,,,,,,,,,9.718808521955696,9.71526684790385,5.513188822146775,,0.18674857352626947,,,19,,,,22020,,22000,0,0,,64,34.2074171878003,22020,29.0196078431372,,,,,,0,50.3442841,30.4769898,
12:38:42.144,,,,,,,,,,,,,,,21,,,,,,,,,,,,,,,,,,,,,,,,,,,,,,,,,,,,,,,,,,,,,,,,,,,,,,,,,42,,,50.3442841,30.4769898,
12:38:42.180,,,,,,,,,,,,,,,,,,65.90625,,,,,,,,,,,,,,,,,,,,,,,,,,,,,,,,,,,,,,,,,,,,,,,,,,,,,,,,,50.3442841,30.4769898,
12:38:42.242,,,,,,,,,,,,,,,,4416,0.265625,,,,,,,,,,,,,,,,,,,,,,,,,,,,,,,,,,,,,,,,,,,,,,,,,,,,,,,,,,50.3442841,30.4769898,
12:38:42.349,,,,,,,,,339.22,50,,3.549,,,,,,,,,,,,,,,,,,,,,,,,,,,,,,,,,,,,,,,,,,,,,,,,,,,,7.092,,,,,,,,,,,50.3442841,30.4769898,
12:38:42.397,-34,,-1600,,,,,,,,,,3.538,,,,,,,,,,,,,,,,,,,,,,,,,,,,,,,,,,,,,,,,,,,,,,,,,,,7.087,,,,,,,,,,,50.3442841,30.4769898,
12:38:42.434,,-35.69999999999982,,,,,,,,,,,,,,,,,,,,,,,,,,,,,,,,,,,,,,,,,,,,,,,,,,,,,,,,,,,,,,,,,,,,,,,,,50.3442841,30.4769898,
12:38:42.541,,,,,,,,,,,,,,,,,,,,,,,,,,,,,,,,,,12.5,16.851852102964013,,,1507,1.5,,0.05581709381023988,0.04063793855555556,0.04064,96.994265,6848.958144000001,42.35294117647059,-0.32,,,,,,3.910076977612044,,,,24,67,,27,,,,,64,34.0874171878003,,,,,,,15,,50.3442841,30.4769898,
12:38:42.616,,,,,,,,,,,,,,,,,,,,56.86274509803921,10.196078431372548,99,,,,,,,,,,8.627450980392156,,,,,,,,18.03921568627451,,,,,,,,,,,,,,16.71235056,,,,,,,,,,,,33.7623506278003,,29.0196078431372,99,,,,,,50.3442841,30.4769898,
12:38:42.737,,,,,,,,,,,,,,,,,,,,,,,0.3488449056426385,0.3488,427.85024,998.17038895,0.004360561320532981,0.00436,5.348128,12.791286000000001,4.500000067055225,,10.196078431372548,,,4.500000067055225,17.604890821290756,,,,,,,,,,,10.73027194667298,10.728346456692913,5.513860020486779,2.8201067792536922,0.18676250797657087,,,19,,,,21960,,22000,0,0,,64,33.7123506270552,21960,29.0196078431372,,,,,,0,50.3442841,30.4769898,
12:38:42.880,,,,,,,,,,,,,,,21,,,,,,,,,,,,,,,,,,,,,,,,,,,,,,,,,,,,,,,,,,,,,,,,,,,,,,,,,42,,,50.3442841,30.4769898,
12:38:42.918,,,,,,,,,,,,,,,,,,59.1875,,,,,,,,,,,,,,,,,,,,,,,,,,,,,,,,,,,,,,,,,,,,,,,,,,,,,,,,,50.3442841,30.4769898,
12:38:42.966,,,,,,,,,,,,,,,,3808,0.21875,,,,,,,,,,,,,,,,,,,,,,,,,,,,,,,,,,,,,,,,,,,,,,,,,,,,,,,,,,50.3442841,30.4769898,
12:38:43.085,,,,,,17,17,18,,,,,,,,,,,,,,,,,,,,,,,,,,,,,,,,,,,,,,,,,,,,,,,,,,,,,,,,,,,,,,,87,,,,50.3442841,30.4769898,
12:38:43.146,,,,,17,,,,,,86.6758781031239,,,86.6758781031239,,,,,,,,,,,,,,,,,,,,,,,,,,,,,,,,,,,,,,,,,,,,,,,,,,,,,,,,127.5,87,,,,50.3442841,30.4769898,
12:38:43.242,,,,,,,,,340.67,50,,3.559,,,,,,,,,,,,,,,,,,,,,,,,,,,,,,,,,,,,,,,,,,,,,,,,,,,,7.097,,,,,,,,,,,50.3442841,30.4769898,
12:38:43.301,-22.59999999999991,,-22.09999999999991,,,,,,,,,,3.561,,,,,,,,,,,,,,,,,,,,,,,,,,,,,,,,,,,,,,,,,,,,,,,,,,,7.12,,,,,,,,,,,50.3442841,30.4769898,
12:38:43.338,,-17.09999999999991,,,,,,,,,,,,,,,,,,,,,,,,,,,,,,,,,,,,,,,,,,,,,,,,,,,,,,,,,,,,,,,,,,,,,,,,,50.3442841,30.4769898,
12:38:43.469,,,,,,,,,,,,,,,,,,,,,,,,,,,,,,,,,,12.450000000000001,16.07142881091152,,,1500,1.5,,0.05263616170481962,0.047861678000000005,0.047864,97.001489,6848.965368000001,42.35294117647059,-0.31,,,,,,4.493581391423058,,,,24,68,,28,,,,,64,33.6623506270552,,,,,,,14.940000000000001,,50.3442841,30.4769898,
12:38:43.522,,,,,,,,,,,,,,,,,,,,56.470588235294116,10.196078431372548,99,,,,,,,,,,8.627450980392156,,,,,,,,13.72549019607843,,,,,,,,,,,,,,16.48060668,,,,,,,,,,,,33.4306067470552,,29.0196078431372,99,,,,,,50.3442841,30.4769898,
12:38:43.593,,,,,,,,,,,,,,,,,,,,,,,0.4344392569180937,0.4344,427.93584,998.25598895,0.005430490711476171,0.00543,5.3491979999999995,12.792356000000002,4.500000067055225,,10.196078431372548,,,4.500000067055225,17.604890821290756,,,,,,,,,,,11.346218808868695,11.344643155607557,5.514552462179213,3.692892841474361,0.1867779337849909,,,19,,,,22000,,22000,0,0,,64,33.4306067470552,22000,29.0196078431372,,,,,,0,50.3442841,30.4769898,
12:38:43.714,,,,,,,,,,,,,,,21,,,,,,,,,,,,,,,,,,,,,,,,,,,,,,,,,,,,,,,,,,,,,,,,,,,,,,,,,42,,,50.3442841,30.4769898,
12:38:43.766,,,,,,,,,,,,,,,,,,19.296875,,,,,,,,,,,,,,,,,,,,,,,,,,,,,,,,,,,,,,,,,,,,,,,,,,,,,,,,,50.3442841,30.4769898,
12:38:43.814,,,,,,,,,,,,,,,,1248,0.0625,,,,,,,,,,,,,,,,,,,,,,,,,,,,,,,,,,,,,,,,,,,,,,,,,,,,,,,,,,50.3442841,30.4769898,
12:38:43.909,,,,,,,,,346.95,49.5,,3.599,,,,,,,,,,,,,,,,,,,,,,,,,,,,,,,,,,,,,,,,,,,,,,,,,,,,7.16,,,,,,,,,,,50.3442841,30.4769898,
12:38:43.981,-3.199999999999818,,1.800000000000182,,,,,,,,,,3.591,,,,,,,,,,,,,,,,,,,,,,,,,,,,,,,,,,,,,,,,,,,,,,,,,,,7.19,,,,,,,,,,,50.3442841,30.4769898,
12:38:44.017,,2.9500000000000455,,,,,,,,,,,,,,,,,,,,,,,,,,,,,,,,,,,,,,,,,,,,,,,,,,,,,,,,,,,,,,,,,,,,,,,,,50.3442841,30.4769898,
12:38:44.100,,,,,,,,,,,,,,,,,,,,,,,,,,,,,,,,,,,,,,,,,,,,,,,,,,,,,,,,21,,,,,,,,,64,,,,,,,,,,50.3442841,30.4769898,
12:38:44.162,,,,,,,,,,,,,,,,,,,,,,,,,,,,,,,,,,12.48,15.517241610535258,,,1501,1.5,,0.04493443398631084,0.05343688288888889,0.053439,97.007064,6848.970943000001,42.35294117647059,-0.31,,,,,,4.928070042682587,,,,25,68,,29,,,,,65,33.4606067470552,,,,,,,14.975999999999999,,50.3442841,30.4769898,
12:38:44.242,,,,,,,,,,,,,,,,,,,,56.470588235294116,10.196078431372548,99,,,,,,,,,,8.627450980392156,,,,,,,,0,,,,,,,,,,,,,,16.34799024,,,,,,,,,,,,33.3279903070552,,29.0196078431372,99,,,,,,50.3442841,30.4769898,
12:38:44.304,,,,,,,,,,,,,,,,,,,,,,,0.5071575913350146,0.50712,428.00856,998.32870895,0.006339469891687682,0.006339,5.3501069999999995,12.793265000000002,4.6000000685453415,,10.196078431372548,,,4.6000000685453415,17.996110617319438,,,,,,,,,,,11.863472472504279,11.862123168472465,5.5151725857819995,4.605467647051613,0.18679105381627253,,,19,,,,22040,,22000,0,0,,65,33.4279903085453,22040,29.0196078431372,,,,,,0,50.3442841,30.4769898,
12:38:44.426,,,,,,,,,,,,,,,21,,,,,,,,,,,,,,,,,,,,,,,,,,,,,,,,,,,,,,,,,,,,,,,,,,,,,,,,,42,,,50.3442841,30.4769898,
12:38:44.496,,,,,,,,,,,,,,,,,,-62.34375,,,,,,,,,,,,,,,,,,,,,,,,,,,,,,,,,,,,,,,,,,,,,,,,,,,,,,,,,50.3442841,30.4769898,
12:38:44.569,,,,,,,,,,,,,,,,-4064,-0.25,,,,,,,,,,,,,,,,,,,,,,,,,,,,,,,,,,,,,,,,,,,,,,,,,,,,,,,,,,50.3442841,30.4769898,
12:38:44.777,,,,,,,,,351.94,50,,3.679,,,,,,,,,,,,,,,,,,,,,,,,,,,,,,,,,,,,,,,,,,,,,,,,,,,,7.27,,,,,,,,,,,50.3442841,30.4769898,
12:38:44.825,29.700000000000045,,26.300000000000182,,,,,,,,,,3.662,,,,,,,,,,,,,,,,,,,,,,,,,,,,,,,,,,,,,,,,,,,,,,,,,,,7.341,,,,,,,,,,,50.3442841,30.4769898,
12:38:44.862,,26.25,,,,,,,,,,,,,,,,,,,,,,,,,,,,,,,,,,,,,,,,,,,,,,,,,,,,,,,,,,,,,,,,,,,,,,,,,50.3442841,30.4769898,
12:38:44.981,,,,,,,,,,,,,,,,,,,,,,,,,,,,,,,,,,12.450000000000001,17.03703729090867,,,1507,1.5,,,0.05958481813888889,0.059587,97.013212,6848.977091000001,42.35294117647059,-0.3,,,,,,5.382028606799034,,,,25,69,,27,,,,,65,33.3979903085453,,,,,,,14.940000000000001,,50.3442841,30.4769898,
12:38:45.047,,,,,,,,,,,,,,,,,,,,56.07843137254902,10.196078431372548,99,,,,,,,,,,8.627450980392156,,,,,,,,9.411764705882353,,,,,,,,,,,,,,16.22251812,,,,,,,,,,,,33.2725181885453,,29.0196078431372,99,,,,,,50.3442841,30.4769898,
12:38:45.145,,,,,,,,,,,,,,,,,,,,,,,0.5931108312824843,0.59304,428.09448,998.41462895,0.007413885391031054,0.007413,5.3511809999999995,12.794339,4.6000000685453415,,10.196078431372548,,,4.6000000685453415,17.996110617319438,,,,,,,,,,,12.442574505723423,12.440633023981741,5.515930139494814,5.562588762876492,0.18680656731663756,,,19,,,,21940,,22000,0,0,,65,33.2725181885453,21940,29.0196078431372,,,,,,0,50.3442841,30.4769898,
12:38:45.278,,,,,,,,,,,,,,,21,,,,,,,,,,,,,,,,,,,,,,,,,,,,,,,,,,,,,,,,,,,,,,,,,,,,,,,,,42,,,50.3442841,30.4769898,
12:38:45.325,,,,,,,,,,,,,,,,,,-2.21875,,,,,,,,,,,,,,,,,,,,,,,,,,,,,,,,,,,,,,,,,,,,,,,,,,,,,,,,,50.3442841,30.4769898,
12:38:45.372,,,,,,,,,,,,,,,,-32,-0.015625,,,,,,,,,,,,,,,,,,,,,,,,,,,,,,,,,,,,,,,,,,,,,,,,,,,,,,,,,,50.3442841,30.4769898,
12:38:45.493,,,,,,,,,350.49,50,,3.632,,,,,,,,,,,,,,,,,,,,,,,,,,,,,,,,,,,,,,,,,,,,,,,,,,,,7.294,,,,,,,,,,,50.3442841,30.4769898,
12:38:45.541,6.75,,3.900000000000091,,,,,,,,,,3.626,,,,,,,,,,,,,,,,,,,,,,,,,,,,,,,,,,,,,,,,,,,,,,,,,,,7.258,,,,,,,,,,,50.3442841,30.4769898,
12:38:45.578,,7.900000000000091,,,,,,,,,,,,,,,,,,,,,,,,,,,,,,,,,,,,,,,,,,,,,,,,,,,,,,,,,,,,,,,,,,,,,,,,,50.3442841,30.4769898,
12:38:45.709,,,,,,,,,,,,,,,,,,,,,,,,,,,,,,,,,,12.41,17.692307955943622,,,1497,1.5,,,0.06484150969444445,0.064844,97.018469,6848.982348000001,42.35294117647059,-0.3,,,,,,5.751802209849583,,,,25,69,,26,,,,,65,33.2325181885453,,,,,,,14.892,,50.3442841,30.4769898,
12:38:45.810,,,,,,,,,,,,,,,,,,,,56.470588235294116,10.196078431372548,99,,,,,,,,,,8.627450980392156,,,,,,,,8.627450980392156,,,,,,,,,,,,,,16.15241448,,,,,,,,,,,,33.1624145485453,,29.0196078431372,99,,,,,,50.3442841,30.4769898,
12:38:45.897,,,,,,,,,,,,,,,,,,,,,,,0.6682836924026472,0.66824,428.16968,998.48982895,0.00835354615503309,0.008353,5.3521209999999995,12.795279,4.500000067055225,,10.196078431372548,,,4.500000067055225,17.604890821290756,,,,,,,,,,,12.883022302222574,12.881685275430263,5.516600143422177,6.553590478432074,0.1868201485982279,,,19,,,,21960,,22000,0,0,,65,33.0624145470552,21960,29.0196078431372,,,,,,0,50.3442841,30.4769898,
12:38:46.041,,,,,,,,,,,,,,,21,,,,,,,,,,,,,,,,,,,,,,,,,,,,,,,,,,,,,,,,,,,,,,,,,,,,,,,,,42,,,50.3442841,30.4769898,
12:38:46.100,,,,,,,,,,,,,,,,,,-2.421875,,,,,,,,,,,,,,,,,,,,,,,,,,,,,,,,,,,,,,,,,,,,,,,,,,,,,,,,,50.3442841,30.4769898,
12:38:46.139,,,,,,,,,,,,,,,,64,0,,,,,,,,,,,,,,,,,,,,,,,,,,,,,,,,,,,,,,,,,,,,,,,,,,,,,,,,,,50.3442841,30.4769898,
12:38:46.262,,,,,,,,,346.95,50,,3.633,,,,,,,,,,,,,,,,,,,,,,,,,,,,,,,,,,,,,,,,,,,,,,,,,,,,7.259,,,,,,,,,,,50.3442841,30.4769898,
12:38:46.322,-4.949999999999818,,-10.5,,,,,,,,,,3.616,,,,,,,,,,,,,,,,,,,,,,,,,,,,,,,,,,,,,,,,,,,,,,,,,,,7.249,,,,,,,,,,,50.3442841,30.4769898,
12:38:46.381,,-9.449999999999818,,,,,,,,,,,,,,,,,,,,,,,,,,,,,,,,,,,,,,,,,,,,,,,,,,,,,,,,,,,,,,,,,,,,,,,,,50.3442841,30.4769898,
12:38:46.502,,,,,,,,,,,,,,,,,,,,,,,,,,,,,,,,,,12.4,18.0000002682209,,,1502,1.5,,-0.02802499809261351,0.0703435166388889,0.070346,97.023971,6848.987850000001,42.35294117647059,-0.3,,,,,,6.120376701828667,,,,25,69,,25,,,,,65,33.0524145470552,,,,,,,14.879999999999999,,50.3442841,30.4769898,
12:38:46.566,,,,,,,,,,,,,,,,,,,,56.470588235294116,10.196078431372548,99,,,,,,,,,,8.627450980392156,,,,,,,,15.294117647058824,,,,,,,,,,,,,,16.09124124,,,,,,,,,,,,32.9912413070552,,29.0196078431372,99,,,,,,50.3442841,30.4769898,
12:38:46.638,,,,,,,,,,,,,,,,,,,,,,,0.7423579835064402,0.7423200000000001,428.24376,998.5639089499999,0.009279474793830502,0.009279,5.353047,12.796205,4.500000067055225,,9.803921568627452,,,4.500000067055225,17.604890821290756,,,,,,,,,,,13.19165608604278,13.190515452193443,5.517241713390601,7.5683332542815185,0.18683351876584212,,,19,,,,21950,,22000,0,0,,65,32.9912413070552,21950,28.6274509803922,,,,,,0,50.3442841,30.4769898,
12:38:46.710,,,,,,,,,,,,,,,,,,,23,,,,,,,,,,,,,,,,,,,,,,,,,,,,,,,,,,,,,,,,,,,,,,,,,,,,,44,,,50.3442841,30.4769898,
12:38:46.817,,,,,,,,,,,,,,,21,,,,,,,,,,,,,,,,,,,,,,,,,,,,,,,,,,,,,,,,,,,,,,,,,,,,,,,,,44,,,50.3442841,30.4769898,
12:38:46.854,,,,,,,,,,,,,,,,,,47,,,,,,,,,,,,,,,,,,,,,,,,,,,,,,,,,,,,,,,,,,,,,,,,,,,,,,,,,50.3442841,30.4769898,
12:38:46.901,,,,,,,,,,,,,,,,2880,0.171875,,,,,,,,,,,,,,,,,,,,,,,,,,,,,,,,,,,,,,,,,,,,,,,,,,,,,,,,,,50.3442841,30.4769898,
12:38:47.009,,,,,,,,,343.41,50,,3.601,,,,,,,,,,,,,,,,,,,,,,,,,,,,,,,,,,,,,,,,,,,,,,,,,,,,7.217,,,,,,,,,,,50.3442841,30.4769898,
12:38:47.068,-17.549999999999955,,-22.649999999999864,,,,,,,,,,3.593,,,,,,,,,,,,,,,,,,,,,,,,,,,,,,,,,,,,,,,,,,,,,,,,,,,7.194,,,,,,,,,,,50.3442841,30.4769898,
12:38:47.117,,-24.149999999999864,,,,,,,,,,,,,,,,,,,,,,,,,,,,,,,,,,,,,,,,,,,,,,,,,,,,,,,,,,,,,,,,,,,,,,,,,50.3442841,30.4769898,
12:38:47.237,,,,,,,,,,,,,,,,,,,,,,,,,,,,,,,,,,12.38,17.307692565597023,,,1499,1.5,,,0.07565335941666668,0.075656,97.029281,6848.993160000001,42.35294117647059,-0.3,,,,,,6.467450104617534,,,,25,69,,26,,,,,65,32.9712413070552,,,,,,,14.856,,50.3442841,30.4769898,
12:38:47.309,,,,,,,,,,,,,,,,,,,,56.470588235294116,10.196078431372548,99,,,,,,,,,,8.627450980392156,,,,,,,,15.294117647058824,,,,,,,,,,,,,,16.05060792,,,,,,,,,,,,32.9306079870552,,28.6274509803922,99,,,,,,50.3442841,30.4769898,
12:38:47.393,,,,,,,,,,,,,,,,,,,,,,,0.8171246497316614,0.8171200000000001,428.31856,998.63870895,0.010214058121645768,0.010214,5.353982,12.79714,4.450000066310167,,10.196078431372548,,,4.450000066310167,17.409280923276413,,,,,,,,,,,13.501129626499544,13.500581579782173,5.517903404849511,8.606881687089176,0.18684702555608917,,,19,,,,22010,,22000,0,0,,65,32.8806079863102,22010,29.0196078431372,,,,,,0,50.3442841,30.4769898,
12:38:47.525,,,,,,,,,,,,,,,21,,,,,,,,,,,,,,,,,,,,,,,,,,,,,,,,,,,,,,,,,,,,,,,,,,,,,,,,,44,,,50.3442841,30.4769898,
12:38:47.561,,,,,,,,,,,,,,,,,,45.421875,,,,,,,,,,,,,,,,,,,,,,,,,,,,,,,,,,,,,,,,,,,,,,,,,,,,,,,,,50.3442841,30.4769898,
12:38:47.597,,,,,,,,,,,,,,,,3008,0.171875,,,,,,,,,,,,,,,,,,,,,,,,,,,,,,,,,,,,,,,,,,,,,,,,,,,,,,,,,,50.3442841,30.4769898,
12:38:47.729,,,,,,,,,346.47,49.5,,3.59,,,,,,,,,,,,,,,,,,,,,,,,,,,,,,,,,,,,,,,,,,,,,,,,,,,,7.183,,,,,,,,,,,50.3442841,30.4769898,
12:38:47.790,-22.399999999999864,,-23.549999999999955,,,,,,,,,,3.582,,,,,,,,,,,,,,,,,,,,,,,,,,,,,,,,,,,,,,,,,,,,,,,,,,,7.172,,,,,,,,,,,50.3442841,30.4769898,
12:38:47.825,,-25,,,,,,,,,,,,,,,,,,,,,,,,,,,,,,,,,,,,,,,,,,,,,,,,,,,,,,,,,,,,,,,,,,,,,,,,,50.3442841,30.4769898,
12:38:47.933,,,,,,,,,,,,,,,,,,,,,,,,,,,,,,,,,,,,,,,,,,,,,,,,,,,,,,,,21,,,,,,,,,65,,,,,,,,,,50.3442841,30.4769898,
12:38:47.993,,,,,,,,,,,,,,,,,,,,,,,,,,,,,,,,,,12.34,16.481481727074694,,,1501,1.5,,,0.08131995666666668,0.081323,97.034948,6848.998827000001,42.35294117647059,-0.3,,,,,,6.829345814821404,,,,25,69,,27,,,,,65,32.8406079863102,,,,,,,14.808,,50.3442841,30.4769898,
12:38:48.174,,,,,,,,,,,,,,,,,,,,56.07843137254902,10.196078431372548,99,,,,,,,,,,8.627450980392156,,,,,,,,15.294117647058824,,,,,,,,,,,,,,16.017118919999998,,,,,,,,,,,,32.8071189863102,,29.0196078431372,99,,,,,,50.3442841,30.4769898,
12:38:48.273,,,,,,,,,,,,,,,,,,,,,,,0.9031307176799184,0.90312,428.40456,998.7247089499999,0.011289133970998979,0.011289,5.3550569999999995,12.798215,4.400000065565109,,10.196078431372548,,,4.400000065565109,17.21367102526207,,,,,,,,,,,13.88236594526671,13.881681689067053,5.518688998524531,9.674755990571231,0.1868625666797767,,,19,,,,22010,,22000,0,0,,65,32.7571189855651,22010,29.0196078431372,,,,,,0,50.3442841,30.4769898,
12:38:48.429,,,,,,,,,,,,,,,21,,,,,,,,,,,,,,,,,,,,,,,,,,,,,,,,,,,,,,,,,,,,,,,,,,,,,,,,,44,,,50.3442841,30.4769898,
12:38:48.466,,,,,,,,,,,,,,,,,,43.578125,,,,,,,,,,,,,,,,,,,,,,,,,,,,,,,,,,,,,,,,,,,,,,,,,,,,,,,,,50.3442841,30.4769898,
12:38:48.526,,,,,,,,,,,,,,,,2976,0.171875,,,,,,,,,,,,,,,,,,,,,,,,,,,,,,,,,,,,,,,,,,,,,,,,,,,,,,,,,,50.3442841,30.4769898,
12:38:48.669,,,,,,,,,342.93,49.5,,3.595,,,,,,,,,,,,,,,,,,,,,,,,,,,,,,,,,,,,,,,,,,,,,,,,,,,,7.177,,,,,,,,,,,50.3442841,30.4769898,
12:38:48.729,-20.34999999999991,,-18.25,,,,,,,,,,3.582,,,,,,,,,,,,,,,,,,,,,,,,,,,,,,,,,,,,,,,,,,,,,,,,,,,7.177,,,,,,,,,,,50.3442841,30.4769898,
12:38:48.765,,-20.09999999999991,,,,,,,,,,,,,,,,,,,,,,,,,,,,,,,,,,,,,,,,,,,,,,,,,,,,,,,,,,,,,,,,,,,,,,,,,50.3442841,30.4769898,
12:38:48.897,,,,,,,,,,,,,,,,,,,,,,,,,,,,,,,,,,12.31,15.71428594844682,,,1493,1.5,,,0.08835321288888891,0.088356,97.041981,6849.005860000001,42.35294117647059,-0.3,,,,,,7.266715305389193,,,,25,69,,28,,,,,65,32.7271189855651,,,,,,,14.772,,50.3442841,30.4769898,
12:38:48.970,,,,,,,,,,,,,,,,,,,,56.07843137254902,10.196078431372548,99,,,,,,,,,,8.235294117647058,,,,,,,,15.686274509803921,,,,,,,,,,,,,,15.98943468,,,,,,,,,,,,32.6994347455651,,28.6274509803922,99,,,,,,50.3442841,30.4769898,
12:38:49.057,,,,,,,,,,,,,,,,,,,,,,,0.9797496788216298,0.97976,428.4812,998.80134895,0.012246870985270372,0.012247,5.356015,12.799173000000001,4.400000065565109,,10.196078431372548,,,4.400000065565109,17.21367102526207,,,,,,,,,,,13.861262748499904,13.860971524288106,5.519276239836859,10.64812010708025,0.18687636222872203,,,19,,,,21970,,22000,0,0,,65,32.6994347455651,21970,28.6274509803922,,,,,,0,50.3442841,30.4769898,
12:38:49.178,,,,,,,,,,,,,,,21,,,,,,,,,,,,,,,,,,,,,,,,,,,,,,,,,,,,,,,,,,,,,,,,,,,,,,,,,44,,,50.3442841,30.4769898,
12:38:49.225,,,,,,,,,,,,,,,,,,41.671875,,,,,,,,,,,,,,,,,,,,,,,,,,,,,,,,,,,,,,,,,,,,,,,,,,,,,,,,,50.3442841,30.4769898,
12:38:49.274,,,,,,,,,,,,,,,,2496,0.140625,,,,,,,,,,,,,,,,,,,,,,,,,,,,,,,,,,,,,,,,,,,,,,,,,,,,,,,,,,50.3442841,30.4769898,
12:38:49.382,,,,19,,,,,,,,,,,,,,,,,,,,,,,,,,,,,,,,,,,,,,,,,,,,,,,,,,,,,,,,,,,,,,,,,,,88,,,,50.3442841,30.4769898,
12:38:49.514,,,,,17,,,,,,86.6758781031239,,,86.6758781031239,,,,,,,,,,,,,,,,,,,,,,,,,,,,,,,,,,,,,,,,,,,,,,,,,,,,,,,,127.5,88,,,,50.3442841,30.4769898,
12:38:49.562,,,,,,,,,347.76,49.5,,3.593,,,,,,,,,,,,,,,,,,,,,,,,,,,,,,,,,,,,,,,,,,,,,,,,,,,,7.175,,,,,,,,,,,50.3442841,30.4769898,
12:38:49.620,-12.799999999999955,,-10.649999999999864,,,,,,,,,,3.593,,,,,,,,,,,,,,,,,,,,,,,,,,,,,,,,,,,,,,,,,,,,,,,,,,,7.186,,,,,,,,,,,50.3442841,30.4769898,
12:38:49.657,,-6.649999999999864,,,,,,,,,,,,,,,,,,,,,,,,,,,,,,,,,,,,,,,,,,,,,,,,,,,,,,,,,,,,,,,,,,,,,,,,,50.3442841,30.4769898,
12:38:49.789,,,,,,,,,,,,,,,,,,,,,,,,,,,,,,,,,,12.34,15.17241401919003,,,1505,1.5,,0.03446084865531436,0.0955402957777778,0.095543,97.04916800000001,6849.013047000001,42.35294117647059,-0.31,,,,,,7.700858064777253,,,,25,68,,29,,,,,65,32.7294347455651,,,,,,,14.808,,50.3442841,30.4769898,
12:38:49.850,,,,,,,,,,,,,,,,,,,,56.07843137254902,10.196078431372548,99,,,,,,,,,,8.627450980392156,,,,,,,,10.196078431372548,,,,,,,,,,,,,,15.968894760000001,,,,,,,,,,,,32.7088948255651,,29.0196078431372,99,,,,,,50.3442841,30.4769898,
12:38:49.932,,,,,,,,,,,,,,,,,,,,,,,1.0644067894164524,1.0644,428.56584,998.88598895,0.013305084867705654,0.013305,5.357073,12.800231000000002,4.350000064820051,,10.196078431372548,,,4.350000064820051,17.01806112724773,,,,,,,,,,,13.926149965719858,13.925666977172583,5.519957677535165,11.597082101032644,0.18689161361149323,,,19,,,,21960,,22000,0,0,,65,32.65889482482,21960,29.0196078431372,,,,,,0,50.3442841,30.4769898,
12:38:50.065,,,,,,,,,,,,,,,21,,,,,,,,,,,,,,,,,,,,,,,,,,,,,,,,,,,,,,,,,,,,,,,,,,,,,,,,,44,,,50.3442841,30.4769898,
12:38:50.101,,,,,,,,,,,,,,,,,,-49.921875,,,,,,,,,,,,,,,,,,,,,,,,,,,,,,,,,,,,,,,,,,,,,,,,,,,,,,,,,50.3442841,30.4769898,
12:38:50.137,,,,,,,,,,,,,,,,-3232,-0.203125,,,,,,,,,,,,,,,,,,,,,,,,,,,,,,,,,,,,,,,,,,,,,,,,,,,,,,,,,,50.3442841,30.4769898,
12:38:50.257,,,,,,,,,351.3,49.5,,3.678,,,,,,,,,,,,,,,,,,,,,,,,,,,,,,,,,,,,,,,,,,,,,,,,,,,,7.271,,,,,,,,,,,50.3442841,30.4769898,
12:38:50.304,33.5,,-1600,,,,,,,,,,3.674,,,,,,,,,,,,,,,,,,,,,,,,,,,,,,,,,,,,,,,,,,,,,,,,,,,7.352,,,,,,,,,,,50.3442841,30.4769898,
12:38:50.341,,32.90000000000009,,,,,,,,,,,,,,,,,,,,,,,,,,,,,,,,,,,,,,,,,,,,,,,,,,,,,,,,,,,,,,,,,,,,,,,,,50.3442841,30.4769898,
12:38:50.473,,,,,,,,,,,,,,,,,,,,,,,,,,,,,,,,,,12.280000000000001,15.535714517214469,,,1500,1.5,,,0.10086062633333336,0.100863,97.054488,6849.018367000001,42.35294117647059,-0.3,,,,,,8.00706128729872,,,,25,69,,28,,,,,65,32.5988948248201,,,,,,,14.736,,50.3442841,30.4769898,
12:38:50.594,,,,,,,,,,,,,,,,,,,,56.470588235294116,10.196078431372548,99,,,,,,,,,,8.627450980392156,,,,,,,,1.9607843137254901,,,,,,,,,,,,,,15.991220760000001,,,,,,,,,,,,32.6212208248201,,29.0196078431372,99,,,,,,50.3442841,30.4769898,
12:38:50.669,,,,,,,,,,,,,,,,,,,,,,,1.1356234631443303,1.1356,428.63704,998.9571889499999,0.014195293289304127,0.014195,5.357963,12.801121000000002,4.350000064820051,,9.803921568627452,,,4.350000064820051,17.01806112724773,,,,,,,,,,,14.074167299328714,14.073545304026254,5.520572114089149,12.26110183555502,0.18690446300565458,,,19,,,,22010,,22000,0,0,,65,32.6212208248201,22010,28.6274509803922,,,,,,0,50.3442841,30.4769898,
12:38:50.802,,,,,,,,,,,,,,,21,,,,,,,,,,,,,,,,,,,,,,,,,,,,,,,,,,,,,,,,,,,,,,,,,,,,,,,,,44,,,50.3442841,30.4769898,
12:38:50.849,,,,,,,,,,,,,,,,,,-59.3125,,,,,,,,,,,,,,,,,,,,,,,,,,,,,,,,,,,,,,,,,,,,,,,,,,,,,,,,,50.3442841,30.4769898,
12:38:50.910,,,,,,,,,,,,,,,,-3776,-0.234375,,,,,,,,,,,,,,,,,,,,,,,,,,,,,,,,,,,,,,,,,,,,,,,,,,,,,,,,,,50.3442841,30.4769898,
12:38:51.112,,,,,,17,17,18,,,,,,,,,,,,,,,,,,,,,,,,,,,,,,,,,,,,,,,,,,,,,,,,,,,,,,,,,,,,,,,88,,,,50.3442841,30.4769898,
12:38:51.197,,,,,,,,,355,49.5,,3.682,,,,,,,,,,,,,,,,,,,,,,,,,,,,,,,,,,,,,,,,,,,,,,,,,,,,7.356,,,,,,,,,,,50.3442841,30.4769898,
12:38:51.317,31.40000000000009,,27.850000000000136,,,,,,,,,,3.673,,,,,,,,,,,,,,,,,,,,,,,,,,,,,,,,,,,,,,,,,,,,,,,,,,,7.355,,,,,,,,,,,50.3442841,30.4769898,
12:38:51.425,,27.350000000000136,,,,,,,,,,,,,,,,,,,,,,,,,,,,,,,,,,,,,,,,,,,,,,,,,,,,,,,,,,,,,,,,,,,,,,,,,50.3442841,30.4769898,
12:38:51.558,,,,,,,,,,,,,,,,,,,,,,,,,,,,,,,,,,12.27,17.400000259280205,,,1510,1.5,,,0.10839567425000002,0.108398,97.062023,6849.025902000001,41.96078431372549,-0.3,,,,,,8.404158447666903,,,,26,69,,25,,,,,66,32.61122082482,,,,,,,14.723999999999998,,50.3442841,30.4769898,
12:38:51.621,,,,,,,,,,,,,,,,,,,,56.07843137254902,10.196078431372548,99,,,,,,,,,,8.627450980392156,,,,,,,,2.3529411764705883,,,,,,,,,,,,,,16.018905,,,,,,,,,,,,32.63890506482,,28.6274509803922,99,,,,,,50.3442841,30.4769898,
12:38:51.705,,,,,,,,,,,,,,,,,,,,,,,1.2359662969728882,1.23592,428.73736,999.0575089499999,0.015449578712161103,0.015449,5.359217,12.802375000000001,4.350000064820051,,10.196078431372548,,,4.350000064820051,17.01806112724773,,,,,,,,,,,14.25294765594495,14.252107972471817,5.521435505212992,12.744157529634624,0.18692256655448694,,,19,,,,21960,,22000,0,0,,66,32.63890506482,21960,29.0196078431372,,,,,,0,50.3442841,30.4769898,
12:38:51.818,,,,,,,,,,,,,,,21,,,,,,,,,,,,,,,,,,,,,,,,,,,,,,,,,,,,,,,,,,,,,,,,,,,,,,,,,44,,,50.3442841,30.4769898,
12:38:51.852,,,,,,,,,,,,,,,,,,-57.734375,,,,,,,,,,,,,,,,,,,,,,,,,,,,,,,,,,,,,,,,,,,,,,,,,,,,,,,,,50.3442841,30.4769898,
12:38:51.889,,,,,,,,,,,,,,,,-3616,-0.234375,,,,,,,,,,,,,,,,,,,,,,,,,,,,,,,,,,,,,,,,,,,,,,,,,,,,,,,,,,50.3442841,30.4769898,
12:38:52.009,,,,,,,,,352.91,50,,3.687,,,,,,,,,,,,,,,,,,,,,,,,,,,,,,,,,,,,,,,,,,,,,,,,,,,,7.36,,,,,,,,,,,50.3442841,30.4769898,
12:38:52.080,27.800000000000182,,-1600,,,,,,,,,,3.678,,,,,,,,,,,,,,,,,,,,,,,,,,,,,,,,,,,,,,,,,,,,,,,,,,,7.365,,,,,,,,,,,50.3442841,30.4769898,
12:38:52.117,,26.050000000000182,,,,,,,,,,,,,,,,,,,,,,,,,,,,,,,,,,,,,,,,,,,,,,,,,,,,,,,,,,,,,,,,,,,,,,,,,50.3442841,30.4769898,
12:38:52.214,,,,,,,,,,,,,,,,,,,,,,,,,,,,,,,,,,,,,,,,,,,,,,,,,,,,,,,,22,,,,,,,,,67,,,,,,,,,,50.3442841,30.4769898,
12:38:52.298,,,,,,,,,,,,,,,,,,,,,,,,,,,,,,,,,,12.290000000000001,18.913043760087177,,,1491,1.5,,-0.0416416385073669,0.11312474769444446,0.113127,97.06675200000001,6849.0306310000005,42.35294117647059,-0.29,,,,,,8.633187682317141,,,,26,70,,23,,,,,67,32.65890506482,,,,,,,14.748000000000001,,50.3442841,30.4769898,
12:38:52.410,,,,,,,,,,,,,,,,,,,,56.470588235294116,10.196078431372548,99,,,,,,,,,,8.235294117647058,,,,,,,,6.2745098039215685,,,,,,,,,,,,,,16.03096104,,,,,,,,,,,,32.67096110482,,28.6274509803922,99,,,,,,50.3442841,30.4769898,
12:38:52.474,,,,,,,,,,,,,,,,,,,,,,,1.3100641980770331,1.31,428.81144,999.1315889499999,0.016375802475962913,0.016375,5.360143,12.803301000000001,4.350000064820051,,10.196078431372548,,,4.350000064820051,17.01806112724773,,,,,,,,,,,14.475879778485575,14.474882212027191,5.522120488795173,13.11008608782923,0.18693595765289547,,,19,,,,21990,,22000,0,0,,67,32.67096110482,21990,28.6274509803922,,,,,,0,50.3442841,30.4769898,
12:38:52.593,,,,,,,,,,,,,,,21,,,,,,,,,,,,,,,,,,,,,,,,,,,,,,,,,,,,,,,,,,,,,,,,,,,,,,,,,44,,,50.3442841,30.4769898,
12:38:52.628,,,,,,,,,,,,,,,,,,-27.921875,,,,,,,,,,,,,,,,,,,,,,,,,,,,,,,,,,,,,,,,,,,,,,,,,,,,,,,,,50.3442841,30.4769898,
12:38:52.678,,,,,,,,,,,,,,,,-1824,-0.125,,,,,,,,,,,,,,,,,,,,,,,,,,,,,,,,,,,,,,,,,,,,,,,,,,,,,,,,,,50.3442841,30.4769898,
12:38:52.834,,,,,,,,,353.71,50,,3.669,,,,,,,,,,,,,,,,,,,,,,,,,,,,,,,,,,,,,,,,,,,,,,,,,,,,7.347,,,,,,,,,,,50.3442841,30.4769898,
12:38:52.905,11.700000000000045,,11.400000000000091,,,,,,,,,,3.662,,,,,,,,,,,,,,,,,,,,,,,,,,,,,,,,,,,,,,,,,,,,,,,,,,,7.331,,,,,,,,,,,50.3442841,30.4769898,
12:38:52.954,,16.450000000000045,,,,,,,,,,,,,,,,,,,,,,,,,,,,,,,,,,,,,,,,,,,,,,,,,,,,,,,,,,,,,,,,,,,,,,,,,50.3442841,30.4769898,
12:38:53.074,,,,,,,,,,,,,,,,,,,,,,,,,,,,,,,,,,12.23,20.714286022952624,,,1502,1.5,,-0.0689857640074673,0.11765719694444446,0.117659,97.071284,6849.0351630000005,41.96078431372549,-0.3,,,,,,8.833584063111937,,,,26,69,,21,,,,,67,32.6109611048201,,,,,,,14.676,,50.3442841,30.4769898,
12:38:53.149,,,,,,,,,,,,,,,,,,,,56.07843137254902,10.196078431372548,99,,,,,,,,,,8.627450980392156,,,,,,,,5.490196078431373,,,,,,,,,,,,,,16.0345332,,,,,,,,,,,,32.6145332648201,,29.0196078431372,99,,,,,,50.3442841,30.4769898,
12:38:53.282,,,,,,,,,,,,,,,,,,,,,,,1.387310421672536,1.3872799999999998,428.88872,999.20886895,0.0173413802709067,0.017341,5.361109,12.804267000000001,4.300000064074993,,10.196078431372548,,,4.300000064074993,16.822451229233387,,,,,,,,,,,14.738903119623847,14.738354057063209,5.522857820650646,13.418442331902373,0.18694993813393568,,,19,,,,22020,,22000,0,0,,67,32.564533264075,22020,29.0196078431372,,,,,,0,50.3442841,30.4769898,
12:38:53.345,,,,,,,,,,,,,,,,,,,24,,,,,,,,,,,,,,,,,,,,,,,,,,,,,,,,,,,,,,,,,,,,,,,,,,,,,45,,,50.3442841,30.4769898,
12:38:53.429,,,,,,,,,,,,,,,21,,,,,,,,,,,,,,,,,,,,,,,,,,,,,,,,,,,,,,,,,,,,,,,,,,,,,,,,,45,,,50.3442841,30.4769898,
12:38:53.501,,,,,,,,,,,,,,,,,,-56.78125,,,,,,,,,,,,,,,,,,,,,,,,,,,,,,,,,,,,,,,,,,,,,,,,,,,,,,,,,50.3442841,30.4769898,
12:38:53.548,,,,,,,,,,,,,,,,-3648,-0.234375,,,,,,,,,,,,,,,,,,,,,,,,,,,,,,,,,,,,,,,,,,,,,,,,,,,,,,,,,,50.3442841,30.4769898,
12:38:53.693,,,,,,,,,352.75,50,,3.69,,,,,,,,,,,,,,,,,,,,,,,,,,,,,,,,,,,,,,,,,,,,,,,,,,,,7.352,,,,,,,,,,,50.3442841,30.4769898,
12:38:53.764,25.450000000000045,,27.65000000000009,,,,,,,,,,3.682,,,,,,,,,,,,,,,,,,,,,,,,,,,,,,,,,,,,,,,,,,,,,,,,,,,7.372,,,,,,,,,,,50.3442841,30.4769898,
12:38:53.800,,25.200000000000045,,,,,,,,,,,,,,,,,,,,,,,,,,,,,,,,,,,,,,,,,,,,,,,,,,,,,,,,,,,,,,,,,,,,,,,,,50.3442841,30.4769898,
12:38:53.910,,,,,,,,,,,,,,,,,,,,,,,,,,,,,,,,,,12.32,21.500000320374966,,,1501,1.5,,-0.06592992060080118,0.12229617861111113,0.122298,97.075923,6849.039802000001,42.35294117647059,-0.29,,,,,,9.024713238248092,,,,26,70,,20,,,,,67,32.654533264075,,,,,,,14.783999999999999,,50.3442841,30.4769898,
12:38:53.974,,,,,,,,,,,,,,,,,,,,56.07843137254902,10.196078431372548,99,,,,,,,,,,8.235294117647058,,,,,,,,0.39215686274509803,,,,,,,,,,,,,,16.04391012,,,,,,,,,,,,32.663910184075,,28.6274509803922,99,,,,,,50.3442841,30.4769898,
12:38:54.062,,,,,,,,,,,,,,,,,,,,,,,1.4617880854490062,1.46176,428.96320000000003,999.28334895,0.018272351068112577,0.018272,5.3620399999999995,12.805198,4.300000064074993,,10.196078431372548,,,4.300000064074993,16.822451229233387,,,,,,,,,,,14.941064615123187,14.94055503769481,5.523552941134538,13.694968932383489,0.18696340465506903,,,19,,,,22000,,22000,0,0,,67,32.663910184075,22000,28.6274509803922,,,,,,0,50.3442841,30.4769898,
12:38:54.193,,,,,,,,,,,,,,,21,,,,,,,,,,,,,,,,,,,,,,,,,,,,,,,,,,,,,,,,,,,,,,,,,,,,,,,,,45,,,50.3442841,30.4769898,
12:38:54.229,,,,,,,,,,,,,,,,,,-65.6875,,,,,,,,,,,,,,,,,,,,,,,,,,,,,,,,,,,,,,,,,,,,,,,,,,,,,,,,,50.3442841,30.4769898,
12:38:54.266,,,,,,,,,,,,,,,,-4064,-0.25,,,,,,,,,,,,,,,,,,,,,,,,,,,,,,,,,,,,,,,,,,,,,,,,,,,,,,,,,,50.3442841,30.4769898,
12:38:54.410,,,,,,,,,357.25,50,,3.696,,,,,,,,,,,,,,,,,,,,,,,,,,,,,,,,,,,,,,,,,,,,,,,,,,,,7.378,,,,,,,,,,,50.3442841,30.4769898,
12:38:54.468,26.75,,22.300000000000182,,,,,,,,,,3.684,,,,,,,,,,,,,,,,,,,,,,,,,,,,,,,,,,,,,,,,,,,,,,,,,,,7.38,,,,,,,,,,,50.3442841,30.4769898,
12:38:54.516,,26.450000000000045,,,,,,,,,,,,,,,,,,,,,,,,,,,,,,,,,,,,,,,,,,,,,,,,,,,,,,,,,,,,,,,,,,,,,,,,,50.3442841,30.4769898,
12:38:54.661,,,,,,,,,,,,,,,,,,,,,,,,,,,,,,,,,,12.24,23.888889244861073,,,1508,1.5,,-0.06388629156292143,0.12605020961111113,0.126052,97.079677,6849.0435560000005,42.35294117647059,-0.31,,,,,,9.160751544158307,,,,26,68,,18,,,,,67,32.583910184075,,,,,,,14.687999999999999,,50.3442841,30.4769898,
12:38:54.745,,,,,,,,,,,,,,,,,,,,56.07843137254902,10.196078431372548,99,,,,,,,,,,8.627450980392156,,,,,,,,0.7843137254901961,,,,,,,,,,,,,,16.04748228,,,,,,,,,,,,32.587482344075,,29.0196078431372,99,,,,,,50.3442841,30.4769898,
12:38:54.842,,,,,,,,,,,,,,,,,,,,,,,1.5362651472254676,1.53624,429.03768,999.35782895,0.019203314340318346,0.019203,5.362971,12.806129,4.300000064074993,,10.196078431372548,,,4.300000064074993,16.822451229233387,,,,,,,,,,,15.234654824902094,15.234189064830389,5.5242983554632135,13.954290651798706,0.18697689531819936,,,19,,,,21980,,22000,0,0,,67,32.587482344075,21980,29.0196078431372,,,,,,0,50.3442841,30.4769898,
12:38:54.961,,,,,,,,,,,,,,,21,,,,,,,,,,,,,,,,,,,,,,,,,,,,,,,,,,,,,,,,,,,,,,,,,,,,,,,,,45,,,50.3442841,30.4769898,
12:38:55.010,,,,,,,,,,,,,,,,,,-58.921875,,,,,,,,,,,,,,,,,,,,,,,,,,,,,,,,,,,,,,,,,,,,,,,,,,,,,,,,,50.3442841,30.4769898,
12:38:55.046,,,,,,,,,,,,,,,,-3712,-0.234375,,,,,,,,,,,,,,,,,,,,,,,,,,,,,,,,,,,,,,,,,,,,,,,,,,,,,,,,,,50.3442841,30.4769898,
12:38:55.165,,,,,,,,,356.93,50,,3.694,,,,,,,,,,,,,,,,,,,,,,,,,,,,,,,,,,,,,,,,,,,,,,,,,,,,7.378,,,,,,,,,,,50.3442841,30.4769898,
12:38:55.284,23.200000000000045,,20.800000000000182,,,,,,,,,,3.678,,,,,,,,,,,,,,,,,,,,,,,,,,,,,,,,,,,,,,,,,,,,,,,,,,,7.372,,,,,,,,,,,50.3442841,30.4769898,
12:38:55.333,,22.200000000000045,,,,,,,,,,,,,,,,,,,,,,,,,,,,,,,,,,,,,,,,,,,,,,,,,,,,,,,,,,,,,,,,,,,,,,,,,50.3442841,30.4769898,
12:38:55.440,,,,,,,,,,,,,,,,,,,,,,,,,,,,,,,,,,12.200000000000001,26.875000400468707,,,1497,1.5,,-0.06309891181478497,0.12951213983333335,0.129514,97.083139,6849.047018000001,41.96078431372549,-0.3,,,,,,9.2666325779833,,,,26,69,,16,,,,,67,32.547482344075,,,,,,,14.64,,50.3442841,30.4769898,
12:38:55.513,,,,,,,,,,,,,,,,,,,,56.470588235294116,10.196078431372548,99,,,,,,,,,,8.627450980392156,,,,,,,,0.7843137254901961,,,,,,,,,,,,,,16.05060792,,,,,,,,,,,,32.550607984075,,29.0196078431372,99,,,,,,50.3442841,30.4769898,
12:38:55.596,,,,,,,,,,,,,,,,,,,,,,,1.6084161096339342,1.6084,429.10984,999.4299889499999,0.020105201370424177,0.020105,5.363873,12.807031,4.300000064074993,,9.803921568627452,,,4.300000064074993,16.822451229233387,,,,,,,,,,,15.52379676244804,15.523418317710828,5.525030458687579,14.191307748469832,0.18698997052205663,,,19,,,,21990,,22000,0,0,,67,32.550607984075,21990,28.6274509803922,,,,,,0,50.3442841,30.4769898,
12:38:55.746,,,,,,,,,,,,,,,21,,,,,,,,,,,,,,,,,,,,,,,,,,,,,,,,,,,,,,,,,,,,,,,,,,,,,,,,,45,,,50.3442841,30.4769898,
12:38:55.804,,,,,,,,,,,,,,,,,,-10,,,,,,,,,,,,,,,,,,,,,,,,,,,,,,,,,,,,,,,,,,,,,,,,,,,,,,,,,50.3442841,30.4769898,
12:38:55.864,,,,,,,,,,,,,,,,-640,-0.046875,,,,,,,,,,,,,,,,,,,,,,,,,,,,,,,,,,,,,,,,,,,,,,,,,,,,,,,,,,50.3442841,30.4769898,
12:38:55.985,,,,,17,,,,,,86.6758781031239,,,86.6758781031239,,,,,,,,,,,,,,,,,,,,,,,,,,,,,,,,,,,,,,,,,,,,,,,,,,,,,,,,127.5,88,,,,50.3442841,30.4769898,
12:38:56.081,,,,,,,,,349.37,50,,3.661,,,,,,,,,,,,,,,,,,,,,,,,,,,,,,,,,,,,,,,,,,,,,,,,,,,,7.339,,,,,,,,,,,50.3442841,30.4769898,
12:38:56.140,1,,-1,,,,,,,,,,3.649,,,,,,,,,,,,,,,,,,,,,,,,,,,,,,,,,,,,,,,,,,,,,,,,,,,7.31,,,,,,,,,,,50.3442841,30.4769898,
12:38:56.177,,-1.099999999999909,,,,,,,,,,,,,,,,,,,,,,,,,,,,,,,,,,,,,,,,,,,,,,,,,,,,,,,,,,,,,,,,,,,,,,,,,50.3442841,30.4769898,
12:38:56.260,,,,,,,,,,,,,,,,,,,,,,,,,,,,,,,,,,,,,,,,,,,,,,,,,,,,,,,,23,,,,,,,,,68,,,,,,,,,,50.3442841,30.4769898,
12:38:56.357,,,,,,,,,,,,,,,,,,,,,,,,,,,,,,,,,,12.21,30.71428617196424,,,1501,1.5,,-0.06039107346665872,0.13307932622222224,0.133081,97.086706,6849.050585000001,42.35294117647059,-0.3,,,,,,9.351381299652493,,,,26,69,,14,,,,,68,32.560607984075,,,,,,,14.652000000000001,,50.3442841,30.4769898,
12:38:56.477,,,,,,,,,,,,,,,,,,,,56.470588235294116,10.196078431372548,99,,,,,,,,,,8.627450980392156,,,,,,,,5.098039215686274,,,,,,,,,,,,,,16.04480316,,,,,,,,,,,,32.554803224075,,28.6274509803922,99,,,,,,50.3442841,30.4769898,
12:38:56.561,,,,,,,,,,,,,,,,,,,,,,,1.6995241826582168,1.69952,429.20096,999.52110895,0.02124405228322771,0.021244,5.365012,12.80817,4.250000063329935,,10.196078431372548,,,4.250000063329935,16.626841331219048,,,,,,,,,,,15.963450436887076,15.96321037563589,5.52600064523767,14.428263758828637,0.1870065031794476,,,19,,,,21980,,22000,0,0,,68,32.5048032233299,21980,29.0196078431372,,,,,,0,50.3442841,30.4769898,
12:38:56.693,,,,,,,,,,,,,,,21,,,,,,,,,,,,,,,,,,,,,,,,,,,,,,,,,,,,,,,,,,,,,,,,,,,,,,,,,45,,,50.3442841,30.4769898,
12:38:56.740,,,,,,,,,,,,,,,,,,-5.0625,,,,,,,,,,,,,,,,,,,,,,,,,,,,,,,,,,,,,,,,,,,,,,,,,,,,,,,,,50.3442841,30.4769898,
12:38:56.788,,,,,,,,,,,,,,,,-320,-0.03125,,,,,,,,,,,,,,,,,,,,,,,,,,,,,,,,,,,,,,,,,,,,,,,,,,,,,,,,,,50.3442841,30.4769898,
12:38:56.910,,,,,,,,,354.03000000000003,50,,3.667,,,,,,,,,,,,,,,,,,,,,,,,,,,,,,,,,,,,,,,,,,,,,,,,,,,,7.316,,,,,,,,,,,50.3442841,30.4769898,
12:38:56.969,4.2000000000000455,,8.900000000000091,,,,,,,,,,3.66,,,,,,,,,,,,,,,,,,,,,,,,,,,,,,,,,,,,,,,,,,,,,,,,,,,7.327,,,,,,,,,,,50.3442841,30.4769898,
12:38:57.005,,9.600000000000136,,,,,,,,,,,,,,,,,,,,,,,,,,,,,,,,,,,,,,,,,,,,,,,,,,,,,,,,,,,,,,,,,,,,,,,,,50.3442841,30.4769898,
12:38:57.113,,,,,,,,,,,,,,,,,,,,,,,,,,,,,,,,,,12.19,30.357143309499538,,,1499,1.5,,-0.05304683012165183,0.13601832522222224,0.13602,97.089645,6849.053524000001,42.35294117647059,-0.3,,,,,,9.418958592844367,,,,26,69,,14,,,,,68,32.4848032233299,,,,,,,14.627999999999998,,50.3442841,30.4769898,
12:38:57.173,,,,,,,,,,,,,,,,,,,,56.470588235294116,10.196078431372548,99,,,,,,,,,,8.627450980392156,,,,,,,,0,,,,,,,,,,,,,,16.04212404,,,,,,,,,,,,32.4821241033299,,29.0196078431372,99,,,,,,50.3442841,30.4769898,
12:38:57.341,,,,,,,,,,,,,,,,,,,,,,,1.7732063393117223,1.7732,429.27464,999.59478895,0.02216507924139653,0.022165,5.365933,12.809091,4.250000063329935,,9.803921568627452,,,4.250000063329935,16.626841331219048,,,,,,,,,,,16.2956566368421,16.295397735627112,5.526781975564953,14.667033031967046,0.18701987004649956,,,19,,,,22020,,22000,0,0,,68,32.4821241033299,22020,28.6274509803922,,,,,,0,50.3442841,30.4769898,
12:38:57.460,,,,,,,,,,,,,,,21,,,,,,,,,,,,,,,,,,,,,,,,,,,,,,,,,,,,,,,,,,,,,,,,,,,,,,,,,45,,,50.3442841,30.4769898,
12:38:57.509,,,,,,,,,,,,,,,,,,-38.515625,,,,,,,,,,,,,,,,,,,,,,,,,,,,,,,,,,,,,,,,,,,,,,,,,,,,,,,,,50.3442841,30.4769898,
12:38:57.546,,,,,,,,,,,,,,,,-2432,-0.15625,,,,,,,,,,,,,,,,,,,,,,,,,,,,,,,,,,,,,,,,,,,,,,,,,,,,,,,,,,50.3442841,30.4769898,
12:38:57.641,,,,19,,,,,,,,,,,,,,,,,,,,,,,,,,,,,,,,,,,,,,,,,,,,,,,,,,,,,,,,,,,,,,,,,,,88,,,,50.3442841,30.4769898,
12:38:57.737,,,,,,,,,350.49,50,,3.676,,,,,,,,,,,,,,,,,,,,,,,,,,,,,,,,,,,,,,,,,,,,,,,,,,,,7.336,,,,,,,,,,,50.3442841,30.4769898,
12:38:57.821,7.300000000000182,,5.600000000000136,,,,,,,,,,3.668,,,,,,,,,,,,,,,,,,,,,,,,,,,,,,,,,,,,,,,,,,,,,,,,,,,7.344,,,,,,,,,,,50.3442841,30.4769898,
12:38:57.881,,5.550000000000182,,,,,,,,,,,,,,,,,,,,,,,,,,,,,,,,,,,,,,,,,,,,,,,,,,,,,,,,,,,,,,,,,,,,,,,,,50.3442841,30.4769898,
12:38:58.085,,,,,,,,,,,,,,,,,,,,,,,,,,,,,,,,,,12.200000000000001,35.41666719441613,,,1498,1.5,,-0.0496345623028377,0.13925830222222224,0.13926,97.092885,6849.056764000001,42.35294117647059,-0.3,,,,,,9.466329990298583,,,,26,69,,12,,,,,68,32.4921241033299,,,,,,,14.64,,50.3442841,30.4769898,
12:38:58.182,,,,,,,,,,,,,,,,,,,,56.470588235294116,10.196078431372548,99,,,,,,,,,,8.627450980392156,,,,,,,,9.803921568627452,,,,,,,,,,,,,,16.04703576,,,,,,,,,,,,32.4970358233299,,28.6274509803922,99,,,,,,50.3442841,30.4769898,
12:38:58.373,,,,,,,,,,,,,,,,,,,,,,,1.8706633929861676,1.87064,429.37208,999.69222895,0.023383292412327096,0.023383,5.367151,12.810309000000002,4.250000063329935,,9.803921568627452,,,4.250000063329935,16.626841331219048,,,,,,,,,,,16.79130941508469,16.79089472928336,5.527852015109038,15.006603604907504,0.18703756504594216,,,19,,,,22010,,22000,0,0,,68,32.4970358233299,22010,28.6274509803922,,,,,,0,50.3442841,30.4769898,
12:38:58.481,,,,,,,,,,,,,,,21,,,,,,,,,,,,,,,,,,,,,,,,,,,,,,,,,,,,,,,,,,,,,,,,,,,,,,,,,45,,,50.3442841,30.4769898,
12:38:58.516,,,,,,,,,,,,,,,,,,-7.359375,,,,,,,,,,,,,,,,,,,,,,,,,,,,,,,,,,,,,,,,,,,,,,,,,,,,,,,,,50.3442841,30.4769898,
12:38:58.553,,,,,,,,,,,,,,,,-288,-0.03125,,,,,,,,,,,,,,,,,,,,,,,,,,,,,,,,,,,,,,,,,,,,,,,,,,,,,,,,,,50.3442841,30.4769898,
12:38:58.709,,,,,,,,,353.71,50,,3.67,,,,,,,,,,,,,,,,,,,,,,,,,,,,,,,,,,,,,,,,,,,,,,,,,,,,7.338,,,,,,,,,,,50.3442841,30.4769898,
12:38:58.758,6.900000000000091,,6.350000000000136,,,,,,,,,,3.663,,,,,,,,,,,,,,,,,,,,,,,,,,,,,,,,,,,,,,,,,,,,,,,,,,,7.333,,,,,,,,,,,50.3442841,30.4769898,
12:38:58.793,,11.300000000000182,,,,,,,,,,,,,,,,,,,,,,,,,,,,,,,,,,,,,,,,,,,,,,,,,,,,,,,,,,,,,,,,,,,,,,,,,50.3442841,30.4769898,
12:38:58.925,,,,,,,,,,,,,,,,,,,,,,,,,,,,,,,,,,12.18,35.41666719441613,,,1502,1.5,,-0.03251227367369308,0.14206107555555558,0.142063,97.095688,6849.059567000001,42.35294117647059,-0.29,,,,,,9.505928260576775,,,,26,70,,12,,,,,68,32.4770358233299,,,,,,,14.616,,50.3442841,30.4769898,
12:38:58.989,,,,,,,,,,,,,,,,,,,,56.07843137254902,9.803921568627452,99,,,,,,,,,,8.235294117647058,,,,,,,,0,,,,,,,,,,,,,,16.04391012,,,,,,,,,,,,32.4739101833299,,28.235294117647,99,,,,,,50.3442841,30.4769898,
12:38:59.096,,,,,,,,,,,,,,,,,,,,,,,1.938277327327027,1.93824,429.43968,999.7598289499999,0.02422846659158784,0.024228,5.367996,12.811154000000002,4.200000062584877,,10.196078431372548,,,4.200000062584877,16.431231433204704,,,,,,,,,,,17.054964913392375,17.05440543984007,5.5285627102204575,15.272745451981876,0.18704982596043465,,,19,,,,22010,,22000,0,0,,68,32.4239101825849,22010,28.235294117647,,,,,,0,50.3442841,30.4769898,
12:38:59.241,,,,,,,,,,,,,,,21,,,,,,,,,,,,,,,,,,,,,,,,,,,,,,,,,,,,,,,,,,,,,,,,,,,,,,,,,45,,,50.3442841,30.4769898,
12:38:59.276,,,,,,,,,,,,,,,,,,-33.109375,,,,,,,,,,,,,,,,,,,,,,,,,,,,,,,,,,,,,,,,,,,,,,,,,,,,,,,,,50.3442841,30.4769898,
12:38:59.313,,,,,,,,,,,,,,,,-2112,-0.140625,,,,,,,,,,,,,,,,,,,,,,,,,,,,,,,,,,,,,,,,,,,,,,,,,,,,,,,,,,50.3442841,30.4769898,
12:38:59.410,,,,,,17,17,18,,,,,,,,,,,,,,,,,,,,,,,,,,,,,,,,,,,,,,,,,,,,,,,,,,,,,,,,,,,,,,,88,,,,50.3442841,30.4769898,
12:38:59.505,,,,,,,,,352.75,50,,3.682,,,,,,,,,,,,,,,,,,,,,,,,,,,,,,,,,,,,,,,,,,,,,,,,,,,,7.345,,,,,,,,,,,50.3442841,30.4769898,
12:38:59.577,17.200000000000045,,20.850000000000136,,,,,,,,,,3.681,,,,,,,,,,,,,,,,,,,,,,,,,,,,,,,,,,,,,,,,,,,,,,,,,,,7.363,,,,,,,,,,,50.3442841,30.4769898,
12:38:59.614,,18.15000000000009,,,,,,,,,,,,,,,,,,,,,,,,,,,,,,,,,,,,,,,,,,,,,,,,,,,,,,,,,,,,,,,,,,,,,,,,,50.3442841,30.4769898,
12:38:59.734,,,,,,,,,,,,,,,,,,,,,,,,,,,,,,,,,,12.14,42.00000062584877,,,1499,1.5,,-0.03355505023966811,0.14430628694444447,0.144308,97.097933,6849.061812000001,42.35294117647059,-0.3,,,,,,9.513241175221149,,,,27,69,,10,,,,,69,32.3839101825849,,,,,,,14.568,,50.3442841,30.4769898,
12:38:59.796,,,,,,,,,,,,,,,,,,,,56.470588235294116,10.196078431372548,99,,,,,,,,,,8.627450980392156,,,,,,,,0,,,,,,,,,,,,,,16.03944492,,,,,,,,,,,,32.3794449825849,,28.6274509803922,99,,,,,,50.3442841,30.4769898,
12:38:59.893,,,,,,,,,,,,,,,,,,,,,,,2.012498860433014,2.01248,429.51392,999.83406895,0.025156235755412676,0.025156,5.368924,12.812082000000002,4.200000062584877,,9.803921568627452,,,4.200000062584877,16.431231433204704,,,,,,,,,,,17.432529301441598,17.43215899326441,5.529390620498584,15.438882671171086,0.18706331394983766,,,19,,,,21970,,22000,0,0,,69,32.3794449825849,21970,28.6274509803922,,,,,,0,50.3442841,30.4769898,
12:38:59.965,,,,,,,,,,,,,,,,,,,24,,,,,,,,,,,,,,,,,,,,,,,,,,,,,,,,,,,,,,,,,,,,,,,,,,,,,45,,,50.3442841,30.4769898,
12:39:00.060,,,,,,,,,,,,,,,21,,,,,,,,,,,,,,,,,,,,,,,,,,,,,,,,,,,,,,,,,,,,,,,,,,,,,,,,,45,,,50.3442841,30.4769898,
12:39:00.097,,,,,,,,,,,,,,,,,,-60.875,,,,,,,,,,,,,,,,,,,,,,,,,,,,,,,,,,,,,,,,,,,,,,,,,,,,,,,,,50.3442841,30.4769898,
12:39:00.157,,,,,,,,,,,,,,,,-3936,-0.25,,,,,,,,,,,,,,,,,,,,,,,,,,,,,,,,,,,,,,,,,,,,,,,,,,,,,,,,,,50.3442841,30.4769898,
12:39:00.253,,,,,,,,,352.26,50,,3.683,,,,,,,,,,,,,,,,,,,,,,,,,,,,,,,,,,,,,,,,,,,,,,,,,,,,7.364,,,,,,,,,,,50.3442841,30.4769898,
12:39:00.314,9.350000000000136,,10.450000000000045,,,,,,,,,,3.673,,,,,,,,,,,,,,,,,,,,,,,,,,,,,,,,,,,,,,,,,,,,,,,,,,,7.356,,,,,,,,,,,50.3442841,30.4769898,
12:39:00.373,,9.150000000000091,,,,,,,,,,,,,,,,,,,,,,,,,,,,,,,,,,,,,,,,,,,,,,,,,,,,,,,,,,,,,,,,,,,,,,,,,50.3442841,30.4769898,
12:39:00.458,,,,,,,,,,,,,,,,,,,,,,,,,,,,,,,,,,,,,,,,,,,,,,,,,,,,,,,,25,,,,,,,,,71,,,,,,,,,,50.3442841,30.4769898,
12:39:00.518,,,,,,,,,,,,,,,,,,,,,,,,,,,,,,,,,,12.17,60.00000089406967,,,1492,1.5,,-0.058244813304653455,0.14583044711111115,0.145832,97.099457,6849.063336000001,42.35294117647059,-0.29,,,,,,9.477676372717266,,,,27,70,,7,,,,,71,32.4094449825849,,,,,,,14.604,,50.3442841,30.4769898,
12:39:00.581,,,,,,,,,,,,,,,,,,,,56.470588235294116,9.803921568627452,99,,,,,,,,,,8.235294117647058,,,,,,,,0,,,,,,,,,,,,,,16.0345332,,,,,,,,,,,,32.4045332625849,,28.235294117647,99,,,,,,50.3442841,30.4769898,
12:39:00.677,,,,,,,,,,,,,,,,,,,,,,,2.0856914028570013,2.08568,429.58712,999.90726895,0.026071142535712515,0.026071,5.369839,12.812997000000001,4.200000062584877,,10.196078431372548,,,4.200000062584877,16.431231433204704,,,,,,,,,,,17.877708703620986,17.877420593559712,5.530246168111939,15.881905513649711,0.18707663181697284,,,19,,,,22000,,22000,0,0,,71,32.4045332625849,22000,28.235294117647,,,,,,0,50.3442841,30.4769898,
12:39:00.773,,,,,,,,,,,,,,,21,,,,,,,,,,,,,,,,,,,,,,,,,,,,,,,,,,,,,,,,,,,,,,,,,,,,,,,,,45,,,50.3442841,30.4769898,
12:39:00.845,,,,,,,,,,,,,,,,,,-16.46875,,,,,,,,,,,,,,,,,,,,,,,,,,,,,,,,,,,,,,,,,,,,,,,,,,,,,,,,,50.3442841,30.4769898,
12:39:00.918,,,,,,,,,,,,,,,,-928,-0.0625,,,,,,,,,,,,,,,,,,,,,,,,,,,,,,,,,,,,,,,,,,,,,,,,,,,,,,,,,,50.3442841,30.4769898,
12:39:01.109,,,,,,,,,353.71,50,,3.671,,,,,,,,,,,,,,,,,,,,,,,,,,,,,,,,,,,,,,,,,,,,,,,,,,,,7.344,,,,,,,,,,,50.3442841,30.4769898,
12:39:01.205,1.800000000000182,,1.900000000000091,,,,,,,,,,3.656,,,,,,,,,,,,,,,,,,,,,,,,,,,,,,,,,,,,,,,,,,,,,,,,,,,7.327,,,,,,,,,,,50.3442841,30.4769898,
12:39:01.253,,0.6000000000001364,,,,,,,,,,,,,,,,,,,,,,,,,,,,,,,,,,,,,,,,,,,,,,,,,,,,,,,,,,,,,,,,,,,,,,,,,50.3442841,30.4769898,
12:39:01.373,,,,,,,,,,,,,,,,,,,,,,,,,,,,,,,,,,12.08,84.00000125169754,,,1502,1.5,,-0.060302484962250394,0.1470193478055556,0.147021,97.100646,6849.064525000001,41.96078431372549,-0.3,,,,,,9.409533275606844,,,,27,69,,5,,,,,71,32.3145332625849,,,,,,,14.495999999999999,,50.3442841,30.4769898,
12:39:01.438,,,,,,,,,,,,,,,,,,,,56.07843137254902,10.196078431372548,99,,,,,,,,,,8.235294117647058,,,,,,,,0,,,,,,,,,,,,,,16.01488632,,,,,,,,,,,,32.2948863825849,,28.235294117647,99,,,,,,50.3442841,30.4769898,
12:39:01.502,,,,,,,,,,,,,,,,,,,,,,,2.1627364093383945,2.1627199999999998,429.66416,999.98430895,0.027034205116729933,0.027034,5.370801999999999,12.813960000000002,4.200000062584877,,9.803921568627452,,,4.200000062584877,16.431231433204704,,,,,,,,,,,18.388195513208746,18.387849354854065,5.531170204573098,16.07469705207733,0.18709065965472124,,,19,,,,22000,,22000,0,0,,71,32.2948863825849,22000,28.235294117647,,,,,,0,50.3442841,30.4769898,
12:39:01.657,,,,,,,,,,,,,,,21,,,,,,,,,,,,,,,,,,,,,,,,,,,,,,,,,,,,,,,,,,,,,,,,,,,,,,,,,45,,,50.3442841,30.4769898,
12:39:01.694,,,,,,,,,,,,,,,,,,25.390625,,,,,,,,,,,,,,,,,,,,,,,,,,,,,,,,,,,,,,,,,,,,,,,,,,,,,,,,,50.3442841,30.4769898,
12:39:01.729,,,,,,,,,,,,,,,,1760,0.09375,,,,,,,,,,,,,,,,,,,,,,,,,,,,,,,,,,,,,,,,,,,,,,,,,,,,,,,,,,50.3442841,30.4769898,
12:39:01.850,,,,,,,,,349.69,50,,3.67,,,,,,,,,,,,,,,,,,,,,,,,,,,,,,,,,,,,,,,,,,,,,,,,,,,,7.326,,,,,,,,,,,50.3442841,30.4769898,
12:39:01.910,1.4500000000000455,,5,,,,,,,,,,3.659,,,,,,,,,,,,,,,,,,,,,,,,,,,,,,,,,,,,,,,,,,,,,,,,,,,7.329,,,,,,,,,,,50.3442841,30.4769898,
12:39:01.945,,3.6000000000001364,,,,,,,,,,,,,,,,,,,,,,,,,,,,,,,,,,,,,,,,,,,,,,,,,,,,,,,,,,,,,,,,,,,,,,,,,50.3442841,30.4769898,
12:39:02.065,,,,,,,,,,,,,,,,,,,,,,,,,,,,,,,,,,12.200000000000001,140.00000208616257,,,1504,1.5,,-0.08118911693138779,0.1475953298055556,0.147597,97.101222,6849.065101000001,41.96078431372549,-0.3,,,,,,9.331728981872152,,,,27,69,,3,,,,,71,32.4148863825849,,,,,,,14.64,,50.3442841,30.4769898,
12:39:02.153,,,,,,,,,,,,,,,,,,,,56.470588235294116,10.196078431372548,99,,,,,,,,,,8.627450980392156,,,,,,,,0,,,,,,,,,,,,,,16.00818852,,,,,,,,,,,,32.4081885825849,,28.6274509803922,99,,,,,,50.3442841,30.4769898,
12:39:02.237,,,,,,,,,,,,,,,,,,,,,,,2.2305229069040475,2.23048,429.73192,1000.0520689499999,0.027881536336300597,0.027881,5.371649,12.814807000000002,4.150000061839819,,9.803921568627452,,,4.150000061839819,16.23562153519036,,,,,,,,,,,18.890527480125673,18.88995033774399,5.532009679548626,16.431433961629693,0.18710301057189496,,,19,,,,21930,,22000,0,0,,71,32.3581885818398,21930,28.6274509803922,,,,,,0,50.3442841,30.4769898,
12:39:02.369,,,,,,,,,,,,,,,21,,,,,,,,,,,,,,,,,,,,,,,,,,,,,,,,,,,,,,,,,,,,,,,,,,,,,,,,,45,,,50.3442841,30.4769898,
12:39:02.418,,,,,,,,,,,,,,,,,,25.796875,,,,,,,,,,,,,,,,,,,,,,,,,,,,,,,,,,,,,,,,,,,,,,,,,,,,,,,,,50.3442841,30.4769898,
12:39:02.465,,,,,,,,,,,,,,,,1760,0.09375,,,,,,,,,,,,,,,,,,,,,,,,,,,,,,,,,,,,,,,,,,,,,,,,,,,,,,,,,,50.3442841,30.4769898,
12:39:02.585,,,,,17,,,,,,86.6758781031239,,,86.6758781031239,,,,,,,,,,,,,,,,,,,,,,,,,,,,,,,,,,,,,,,,,,,,,,,,,,,,,,,,127.5,88,,,,50.3442841,30.4769898,
12:39:02.656,,,,,,,,,350.01,50,,3.671,,,,,,,,,,,,,,,,,,,,,,,,,,,,,,,,,,,,,,,,,,,,,,,,,,,,7.33,,,,,,,,,,,50.3442841,30.4769898,
12:39:02.717,4.150000000000091,,6.600000000000136,,,,,,,,,,3.66,,,,,,,,,,,,,,,,,,,,,,,,,,,,,,,,,,,,,,,,,,,,,,,,,,,7.331,,,,,,,,,,,50.3442841,30.4769898,
12:39:02.753,,2.3500000000001364,,,,,,,,,,,,,,,,,,,,,,,,,,,,,,,,,,,,,,,,,,,,,,,,,,,,,,,,,,,,,,,,,,,,,,,,,50.3442841,30.4769898,
12:39:02.885,,,,,,,,,,,,,,,,,,,,,,,,,,,,,,,,,,12.15,,,,1495,1.5,,-0.08988779027938903,0.1475953298055556,0.147597,97.101222,6849.065101000001,41.96078431372549,-0.29,,,,,,9.199161339094845,,,,27,70,,0,,,,,71,32.3081885818398,,,,,,,14.58,,50.3442841,30.4769898,
12:39:02.949,,,,,,,,,,,,,,,,,,,,56.07843137254902,9.803921568627452,99,,,,,,,,,,8.235294117647058,,,,,,,,0,,,,,,,,,,,,,,16.00461636,,,,,,,,,,,,32.3046164218398,,28.235294117647,99,,,,,,50.3442841,30.4769898,
12:39:03.032,,,,,,,,,,,,,,,,,,,,,,,2.3038984954418735,2.30384,429.80528,1000.12542895,0.02879873119302342,0.028798,5.372566,12.815724000000001,4.150000061839819,,9.803921568627452,,,4.150000061839819,16.23562153519036,,,,,,,,,,,19.51195287206128,19.511236678252267,5.532954054893357,16.818824199597056,0.18711639926051854,,,19,,,,22070,,22000,0,0,,71,32.3046164218398,22070,27.843137254902,,,,,,0,50.3442841,30.4769898,
12:39:03.165,,,,,,,,,,,,,,,21,,,,,,,,,,,,,,,,,,,,,,,,,,,,,,,,,,,,,,,,,,,,,,,,,,,,,,,,,45,,,50.3442841,30.4769898,
12:39:03.213,,,,,,,,,,,,,,,,,,5.46875,,,,,,,,,,,,,,,,,,,,,,,,,,,,,,,,,,,,,,,,,,,,,,,,,,,,,,,,,50.3442841,30.4769898,
12:39:03.249,,,,,,,,,,,,,,,,288,0.015625,,,,,,,,,,,,,,,,,,,,,,,,,,,,,,,,,,,,,,,,,,,,,,,,,,,,,,,,,,50.3442841,30.4769898,
12:39:03.358,,,,,,,,,354.2,50,,3.662,,,,,,,,,,,,,,,,,,,,,,,,,,,,,,,,,,,,,,,,,,,,,,,,,,,,7.322,,,,,,,,,,,50.3442841,30.4769898,
12:39:03.417,5.400000000000091,,4.900000000000091,,,,,,,,,,3.663,,,,,,,,,,,,,,,,,,,,,,,,,,,,,,,,,,,,,,,,,,,,,,,,,,,7.325,,,,,,,,,,,50.3442841,30.4769898,
12:39:03.454,,1.4500000000000455,,,,,,,,,,,,,,,,,,,,,,,,,,,,,,,,,,,,,,,,,,,,,,,,,,,,,,,,,,,,,,,,,,,,,,,,,50.3442841,30.4769898,
12:39:03.586,,,,,,,,,,,,,,,,,,,,,,,,,,,,,,,,,,12.200000000000001,,,,1499,1.5,,-0.06462017661714202,0.1475953298055556,0.147597,97.101222,6849.065101000001,42.35294117647059,-0.29,,,,,,9.088942352051728,,,,27,70,,0,,,,,71,32.3546164218398,,,,,,,14.64,,50.3442841,30.4769898,
12:39:03.660,,,,,,,,,,,,,,,,,,,,56.470588235294116,10.196078431372548,99,,,,,,,,,,8.235294117647058,,,,,,,,0,,,,,,,,,,,,,,15.985415999999999,,,,,,,,,,,,32.3354160618398,,27.843137254902,99,,,,,,50.3442841,30.4769898,
12:39:03.769,,,,,,,,,,,,,,,,,,,,,,,2.3718252814540617,2.37176,429.8732,1000.19334895,0.02964781601817577,0.029647,5.373415,12.816573000000002,4.150000061839819,,9.803921568627452,,,4.150000061839819,16.23562153519036,,,,,,,,,,,20.087231796042783,20.086451621645427,5.533828400223428,17.230234097783125,0.18712879511290834,,,19,,,,22010,,22000,0,0,,71,32.3354160618398,22010,28.235294117647,,,,,,0,50.3442841,30.4769898,
12:39:03.889,,,,,,,,,,,,,,,21,,,,,,,,,,,,,,,,,,,,,,,,,,,,,,,,,,,,,,,,,,,,,,,,,,,,,,,,,45,,,50.3442841,30.4769898,
12:39:03.925,,,,,,,,,,,,,,,,,,-41,,,,,,,,,,,,,,,,,,,,,,,,,,,,,,,,,,,,,,,,,,,,,,,,,,,,,,,,,50.3442841,30.4769898,
12:39:03.972,,,,,,,,,,,,,,,,-2624,-0.171875,,,,,,,,,,,,,,,,,,,,,,,,,,,,,,,,,,,,,,,,,,,,,,,,,,,,,,,,,,50.3442841,30.4769898,
12:39:04.094,,,,,,,,,353.71,49.5,,3.66,,,,,,,,,,,,,,,,,,,,,,,,,,,,,,,,,,,,,,,,,,,,,,,,,,,,7.323,,,,,,,,,,,50.3442841,30.4769898,
12:39:04.164,0.9500000000000455,,3.050000000000182,,,,,,,,,,3.655,,,,,,,,,,,,,,,,,,,,,,,,,,,,,,,,,,,,,,,,,,,,,,,,,,,7.315,,,,,,,,,,,50.3442841,30.4769898,
12:39:04.225,,1.25,,,,,,,,,,,,,,,,,,,,,,,,,,,,,,,,,,,,,,,,,,,,,,,,,,,,,,,,,,,,,,,,,,,,,,,,,50.3442841,30.4769898,
12:39:04.417,,,,,,,,,,,,,,,,,,,,,,,,,,,,,,,,,,,,,,,,,,,,,,,,,,,,,,,,27,,,,,,,,,73,,,,,,,,,,50.3442841,30.4769898,
12:39:04.501,,,,,,,,,,,,,,,,,,,,,,,,,,,,,,,,,,12.17,,,,1497,1.5,,-0.04528467108039786,0.1475953298055556,0.147597,97.101222,6849.065101000001,42.35294117647059,-0.28,,,,,,8.948875222866231,,,,27,71,,0,,,,,73,32.3054160618398,,,,,,,14.604,,50.3442841,30.4769898,
12:39:04.561,,,,,,,,,,,,,,,,,,,,56.07843137254902,9.803921568627452,99,,,,,,,,,,8.235294117647058,,,,,,,,0,,,,,,,,,,,,,,15.973806480000002,,,,,,,,,,,,32.2938065418398,,28.235294117647,99,,,,,,50.3442841,30.4769898,
12:39:04.658,,,,,,,,,,,,,,,,,,,,,,,2.453736295007964,2.45368,429.95512,1000.2752689499999,0.030671703687599552,0.030671,5.374439,12.817597000000001,4.150000061839819,,9.803921568627452,,,4.150000061839819,16.23562153519036,,,,,,,,,,,20.78094457867125,20.78023266055543,5.534882969855929,17.679455633440668,0.1871437460585469,,,19,,,,22010,,22000,0,0,,73,32.2938065418398,22010,27.843137254902,,,,,,0,50.3442841,30.4769898,
12:39:04.789,,,,,,,,,,,,,,,21,,,,,,,,,,,,,,,,,,,,,,,,,,,,,,,,,,,,,,,,,,,,,,,,,,,,,,,,,45,,,50.3442841,30.4769898,
12:39:04.837,,,,,,,,,,,,,,,,,,-38.109375,,,,,,,,,,,,,,,,,,,,,,,,,,,,,,,,,,,,,,,,,,,,,,,,,,,,,,,,,50.3442841,30.4769898,
12:39:04.873,,,,,,,,,,,,,,,,-2400,-0.15625,,,,,,,,,,,,,,,,,,,,,,,,,,,,,,,,,,,,,,,,,,,,,,,,,,,,,,,,,,50.3442841,30.4769898,
12:39:04.993,,,,,,,,,352.42,49.5,,3.663,,,,,,,,,,,,,,,,,,,,,,,,,,,,,,,,,,,,,,,,,,,,,,,,,,,,7.318,,,,,,,,,,,50.3442841,30.4769898,
12:39:05.058,0.0500000000001819,,4.75,,,,,,,,,,3.655,,,,,,,,,,,,,,,,,,,,,,,,,,,,,,,,,,,,,,,,,,,,,,,,,,,7.318,,,,,,,,,,,50.3442841,30.4769898,
12:39:05.104,,2.550000000000182,,,,,,,,,,,,,,,,,,,,,,,,,,,,,,,,,,,,,,,,,,,,,,,,,,,,,,,,,,,,,,,,,,,,,,,,,50.3442841,30.4769898,
12:39:05.227,,,,,,,,,,,,,,,,,,,,,,,,,,,,,,,,,,12.16,,,,1508,1.5,,-0.026876492086210766,0.1475953298055556,0.147597,97.101222,6849.065101000001,41.96078431372549,-0.3,,,,,,8.840356471701496,,,,27,69,,0,,,,,73,32.2838065418398,,,,,,,14.591999999999999,,50.3442841,30.4769898,
12:39:05.306,,,,,,,,,,,,,,,,,,,,56.07843137254902,10.196078431372548,99,,,,,,,,,,8.627450980392156,,,,,,,,0,,,,,,,,,,,,,,15.951927,,,,,,,,,,,,32.2619270618398,,28.235294117647,99,,,,,,50.3442841,30.4769898,
12:39:05.393,,,,,,,,,,,,,,,,,,,,,,,2.5215319041293083,2.5214399999999997,430.02288,1000.34302895,0.03151914880161635,0.031518,5.375286,12.818444000000001,4.150000061839819,,9.803921568627452,,,4.150000061839819,16.23562153519036,,,,,,,,,,,21.355112552097804,21.354092562856966,5.535755255479688,18.150260073994186,0.187156112709871,,,19,,,,21990,,22000,0,0,,73,32.2619270618398,21990,28.6274509803922,,,,,,0,50.3442841,30.4769898,
12:39:05.525,,,,,,,,,,,,,,,21,,,,,,,,,,,,,,,,,,,,,,,,,,,,,,,,,,,,,,,,,,,,,,,,,,,,,,,,,45,,,50.3442841,30.4769898,
12:39:05.561,,,,,,,,,,,,,,,,,,-30.28125,,,,,,,,,,,,,,,,,,,,,,,,,,,,,,,,,,,,,,,,,,,,,,,,,,,,,,,,,50.3442841,30.4769898,
12:39:05.598,,,,,,,,,,,,,,,,-1856,-0.125,,,,,,,,,,,,,,,,,,,,,,,,,,,,,,,,,,,,,,,,,,,,,,,,,,,,,,,,,,50.3442841,30.4769898,
12:39:05.682,,,,19,,,,,,,,,,,,,,,,,,,,,,,,,,,,,,,,,,,,,,,,,,,,,,,,,,,,,,,,,,,,,,,,,,,88,,,,50.3442841,30.4769898,
12:39:05.793,,,,,,,,,349.37,49.5,,3.665,,,,,,,,,,,,,,,,,,,,,,,,,,,,,,,,,,,,,,,,,,,,,,,,,,,,7.32,,,,,,,,,,,50.3442841,30.4769898,
12:39:05.865,-0.3999999999998636,,4.7000000000000455,,,,,,,,,,3.659,,,,,,,,,,,,,,,,,,,,,,,,,,,,,,,,,,,,,,,,,,,,,,,,,,,7.324,,,,,,,,,,,50.3442841,30.4769898,
12:39:05.917,,5.100000000000136,,,,,,,,,,,,,,,,,,,,,,,,,,,,,,,,,,,,,,,,,,,,,,,,,,,,,,,,,,,,,,,,,,,,,,,,,50.3442841,30.4769898,
12:39:06.050,,,,,,,,,,,,,,,,,,,,,,,,,,,,,,,,,,12.18,,,,1494,1.5,,0,0.1475953298055556,0.147597,97.101222,6849.065101000001,41.96078431372549,-0.29,,,,,,8.72112261856854,,,,27,70,,0,,,,,73,32.2819270618398,,,,,,,14.616,,50.3442841,30.4769898,
12:39:06.127,,,,,,,,,,,,,,,,,,,,56.470588235294116,10.196078431372548,99,,,,,,,,,,8.235294117647058,,,,,,,,0,,,,,,,,,,,,,,15.937638360000001,,,,,,,,,,,,32.2676384218398,,28.235294117647,99,,,,,,50.3442841,30.4769898,
12:39:06.200,,,,,,,,,,,,,,,,,,,,,,,2.5951941452269613,2.59512,430.09656,1000.4167089499999,0.032439926815337014,0.032439,5.376207,12.819365000000001,4.100000061094761,,9.803921568627452,,,4.100000061094761,16.040011637176022,,,,,,,,,,,21.97896563398983,21.97808898554849,5.536703750237045,18.646811525651245,0.18716955980062597,,,19,,,,22000,,22000,0,0,,73,32.2176384210948,22000,28.235294117647,,,,,,0,50.3442841,30.4769898,
12:39:06.290,,,,,,,,,,,,,,,,,,,24,,,,,,,,,,,,,,,,,,,,,,,,,,,,,,,,,,,,,,,,,,,,,,,,,,,,,45,,,50.3442841,30.4769898,
12:39:06.410,,,,,,,,,,,,,,,21,,,,,,,,,,,,,,,,,,,,,,,,,,,,,,,,,,,,,,,,,,,,,,,,,,,,,,,,,45,,,50.3442841,30.4769898,
12:39:06.458,,,,,,,,,,,,,,,,,,-25.15625,,,,,,,,,,,,,,,,,,,,,,,,,,,,,,,,,,,,,,,,,,,,,,,,,,,,,,,,,50.3442841,30.4769898,
12:39:06.493,,,,,,,,,,,,,,,,-1632,-0.109375,,,,,,,,,,,,,,,,,,,,,,,,,,,,,,,,,,,,,,,,,,,,,,,,,,,,,,,,,,50.3442841,30.4769898,
12:39:06.624,,,,,,,,,351.62,49.5,,3.669,,,,,,,,,,,,,,,,,,,,,,,,,,,,,,,,,,,,,,,,,,,,,,,,,,,,7.328,,,,,,,,,,,50.3442841,30.4769898,
12:39:06.684,0.5500000000001819,,3.900000000000091,,,,,,,,,,3.657,,,,,,,,,,,,,,,,,,,,,,,,,,,,,,,,,,,,,,,,,,,,,,,,,,,7.326,,,,,,,,,,,50.3442841,30.4769898,
12:39:06.722,,0.8500000000001364,,,,,,,,,,,,,,,,,,,,,,,,,,,,,,,,,,,,,,,,,,,,,,,,,,,,,,,,,,,,,,,,,,,,,,,,,50.3442841,30.4769898,
12:39:06.830,,,,,,,,,,,,,,,,,,,,,,,,,,,,,,,,,,12.13,205.00000305473804,,,1496,1.5,,0.01746477004057312,0.14802732858333337,0.148029,97.101654,6849.065533000001,42.35294117647059,-0.3,,,,,,8.636422055522043,,,,27,69,,2,,,,,73,32.1676384210948,,,,,,,14.556000000000001,,50.3442841,30.4769898,
12:39:06.900,,,,,,,,,,,,,,,,,,,,56.07843137254902,9.803921568627452,99,,,,,,,,,,8.235294117647058,,,,,,,,0,,,,,,,,,,,,,,15.926921880000002,,,,,,,,,,,,32.1569219410948,,28.235294117647,99,,,,,,50.3442841,30.4769898,
12:39:06.986,,,,,,,,,,,,,,,,,,,,,,,2.666709116070395,2.66664,430.16808,1000.48822895,0.033333863950879936,0.033333,5.377101,12.820259000000002,4.100000061094761,,9.803921568627452,,,4.100000061094761,16.040011637176022,,,,,,,,,,,22.518722907381473,22.517885009018507,5.537599802367939,19.151063254150813,0.18718260087058214,,,19,,,,22010,,22000,0,0,,73,32.1569219410948,22010,27.843137254902,,,,,,0,50.3442841,30.4769898,
12:39:07.129,,,,,,,,,,,,,,,21,,,,,,,,,,,,,,,,,,,,,,,,,,,,,,,,,,,,,,,,,,,,,,,,,,,,,,,,,45,,,50.3442841,30.4769898,
12:39:07.237,,,,,,,,,,,,,,,,,,-25.1875,,,,,,,,,,,,,,,,,,,,,,,,,,,,,,,,,,,,,,,,,,,,,,,,,,,,,,,,,50.3442841,30.4769898,
12:39:07.321,,,,,,,,,,,,,,,,-1632,-0.109375,,,,,,,,,,,,,,,,,,,,,,,,,,,,,,,,,,,,,,,,,,,,,,,,,,,,,,,,,,50.3442841,30.4769898,
12:39:07.489,,,,,,17,17,18,,,,,,,,,,,,,,,,,,,,,,,,,,,,,,,,,,,,,,,,,,,,,,,,,,,,,,,,,,,,,,,88,,,,50.3442841,30.4769898,
12:39:07.632,,,,,,,,,350.33,49,,3.663,,,,,,,,,,,,,,,,,,,,,,,,,,,,,,,,,,,,,,,,,,,,,,,,,,,,7.32,,,,,,,,,,,50.3442841,30.4769898,
12:39:07.681,1.1000000000001364,,4,,,,,,,,,,3.656,,,,,,,,,,,,,,,,,,,,,,,,,,,,,,,,,,,,,,,,,,,,,,,,,,,7.319,,,,,,,,,,,50.3442841,30.4769898,
12:39:07.729,,0,,,,,,,,,,,,,,,,,,,,,,,,,,,,,,,,,,,,,,,,,,,,,,,,,,,,,,,,,,,,,,,,,,,,,,,,,50.3442841,30.4769898,
12:39:07.861,,,,,,,,,,,,,,,,,,,,,,,,,,,,,,,,,,12.16,205.00000305473804,,,1495,1.5,,0.016861305960153963,0.14860044608333337,0.148602,97.102227,6849.066106000001,41.96078431372549,-0.3,,,,,,8.527293409841601,,,,27,69,,2,,,,,73,32.1869219410948,,,,,,,14.591999999999999,,50.3442841,30.4769898,
12:39:08.005,,,,,,,,,,,,,,,,,,,,56.07843137254902,9.803921568627452,99,,,,,,,,,,8.235294117647058,,,,,,,,0,,,,,,,,,,,,,,15.9251358,,,,,,,,,,,,32.1851358610948,,27.843137254902,99,,,,,,50.3442841,30.4769898,
12:39:08.090,,,,,,,,,,,,,,,,,,,,,,,2.7672579184575774,2.7672000000000003,430.26864,1000.58878895,0.03459072398071972,0.03459,5.3783579999999995,12.821516,4.100000061094761,,9.803921568627452,,,4.100000061094761,16.040011637176022,,,,,,,,,,,23.277671697783227,23.276941090967817,5.53886163702507,19.688141335761667,0.18720093807779054,,,20,,,,21980,,22000,0,0,,74,32.1851358610948,21980,27.843137254902,,,,,,0,50.3442841,30.4769898,
12:39:08.197,,,,,,,,,,,,,,,21,,,,,,,,,,,,,,,,,,,,,,,,,,,,,,,,,,,,,,,,,,,,,,,,,,,,,,,,,45,,,50.3442841,30.4769898,
12:39:08.245,,,,,,,,,,,,,,,,,,-20.8125,,,,,,,,,,,,,,,,,,,,,,,,,,,,,,,,,,,,,,,,,,,,,,,,,,,,,,,,,50.3442841,30.4769898,
12:39:08.280,,,,,,,,,,,,,,,,-1376,-0.09375,,,,,,,,,,,,,,,,,,,,,,,,,,,,,,,,,,,,,,,,,,,,,,,,,,,,,,,,,,50.3442841,30.4769898,
12:39:08.390,,,,,,,,,349.69,49,,3.659,,,,,,,,,,,,,,,,,,,,,,,,,,,,,,,,,,,,,,,,,,,,,,,,,,,,7.315,,,,,,,,,,,50.3442841,30.4769898,
12:39:08.437,0.4500000000000455,,4.150000000000091,,,,,,,,,,3.653,,,,,,,,,,,,,,,,,,,,,,,,,,,,,,,,,,,,,,,,,,,,,,,,,,,7.312,,,,,,,,,,,50.3442841,30.4769898,
12:39:08.474,,5.9500000000000455,,,,,,,,,,,,,,,,,,,,,,,,,,,,,,,,,,,,,,,,,,,,,,,,,,,,,,,,,,,,,,,,,,,,,,,,,50.3442841,30.4769898,
12:39:08.570,,,,,,,,,,,,,,,,,,,,,,,,,,,,,,,,,,,,,,,,,,,,,,,,,,,,,,,,29,,,,,,,,,76,,,,,,,,,,50.3442841,30.4769898,
12:39:08.654,,,,,,,,,,,,,,,,,,,,,,,,,,,,,,,,,,12.05,136.6666687031587,,,1506,1.5,,0.02479813546710365,0.14926104808333338,0.149263,97.10288800000001,6849.066767000001,41.96078431372549,-0.29,,,,,,8.458322035810772,,,,27,70,,3,,,,,76,32.0751358610948,,,,,,,14.46,,50.3442841,30.4769898,
12:39:08.718,,,,,,,,,,,,,,,,,,,,56.07843137254902,10.196078431372548,99,,,,,,,,,,8.627450980392156,,,,,,,,0,,,,,,,,,,,,,,15.90995412,,,,,,,,,,,,32.0599541810948,,28.235294117647,99,,,,,,50.3442841,30.4769898,
12:39:08.897,,,,,,,,,,,,,,,,,,,,,,,2.8408721804434043,2.8407999999999998,430.34224,1000.6623889499999,0.035510902255542556,0.03551,5.379278,12.822436000000001,4.100000061094761,,9.803921568627452,,,4.100000061094761,16.040011637176022,,,,,,,,,,,23.79113821826884,23.790222627174852,5.539771381464988,20.226589705237373,0.18721435249807664,,,20,,,,21970,,22000,0,0,,76,32.0599541810948,21970,28.6274509803922,,,,,,0,50.3442841,30.4769898,
12:39:09.034,,,,,,,,,,,,,,,22,,,,,,,,,,,,,,,,,,,,,,,,,,,,,,,,,,,,,,,,,,,,,,,,,,,,,,,,,46,,,50.3442841,30.4769898,
12:39:09.081,,,,,,,,,,,,,,,,,,-24.515625,,,,,,,,,,,,,,,,,,,,,,,,,,,,,,,,,,,,,,,,,,,,,,,,,,,,,,,,,50.3442841,30.4769898,
12:39:09.118,,,,,,,,,,,,,,,,-1600,-0.109375,,,,,,,,,,,,,,,,,,,,,,,,,,,,,,,,,,,,,,,,,,,,,,,,,,,,,,,,,,50.3442841,30.4769898,
12:39:09.273,,,,,17,,,,,,86.6758781031239,,,86.6758781031239,,,,,,,,,,,,,,,,,,,,,,,,,,,,,,,,,,,,,,,,,,,,,,,,,,,,,,,,127.5,88,,,,50.3442841,30.4769898,
12:39:09.369,,,,,,,,,349.85,49,,3.662,,,,,,,,,,,,,,,,,,,,,,,,,,,,,,,,,,,,,,,,,,,,,,,,,,,,7.315,,,,,,,,,,,50.3442841,30.4769898,
12:39:09.465,1.3500000000001364,,5.850000000000136,,,,,,,,,,3.66,,,,,,,,,,,,,,,,,,,,,,,,,,,,,,,,,,,,,,,,,,,,,,,,,,,7.322,,,,,,,,,,,50.3442841,30.4769898,
12:39:09.562,,1.050000000000182,,,,,,,,,,,,,,,,,,,,,,,,,,,,,,,,,,,,,,,,,,,,,,,,,,,,,,,,,,,,,,,,,,,,,,,,,50.3442841,30.4769898,
12:39:09.681,,,,,,,,,,,,,,,,,,,,,,,,,,,,,,,,,,12.09,,,,1491,1.5,,,0.14926104808333338,0.149263,97.10288800000001,6849.066767000001,41.96078431372549,-0.3,,,,,,8.323832849515059,,,,27,69,,0,,,,,76,32.0999541810948,,,,,,,14.508,,50.3442841,30.4769898,
12:39:09.790,,,,,,,,,,,,,,,,,,,,56.07843137254902,9.803921568627452,99,,,,,,,,,,8.235294117647058,,,,,,,,11.764705882352942,,,,,,,,,,,,,,15.888967680000002,,,,,,,,,,,,32.0789677410948,,28.235294117647,99,,,,,,50.3442841,30.4769898,
12:39:09.862,,,,,,,,,,,,,,,,,,,,,,,2.928655550640368,2.92856,430.43,1000.7501489499999,0.0366081943830046,0.036607,5.380375,12.823533000000001,4.100000061094761,,9.803921568627452,,,4.100000061094761,16.040011637176022,,,,,,,,,,,24.526287905044065,24.5251669871301,5.540901110994763,20.80130685844135,0.18723036927871725,,,20,,,,21990,,22000,0,0,,76,32.0789677410948,21990,27.843137254902,,,,,,0,50.3442841,30.4769898,
12:39:09.993,,,,,,,,,,,,,,,22,,,,,,,,,,,,,,,,,,,,,,,,,,,,,,,,,,,,,,,,,,,,,,,,,,,,,,,,,46,,,50.3442841,30.4769898,
12:39:10.042,,,,,,,,,,,,,,,,,,-120.09375,,,,,,,,,,,,,,,,,,,,,,,,,,,,,,,,,,,,,,,,,,,,,,,,,,,,,,,,,50.3442841,30.4769898,
12:39:10.125,,,,,,,,,,,,,,,,-7744,-0.484375,,,,,,,,,,,,,,,,,,,,,,,,,,,,,,,,,,,,,,,,,,,,,,,,,,,,,,,,,,50.3442841,30.4769898,
12:39:10.268,,,,,,,,,348.40000000000003,49,,3.651,,,,,,,,,,,,,,,,,,,,,,,,,,,,,,,,,,,,,,,,,,,,,,,,,,,,7.311,,,,,,,,,,,50.3442841,30.4769898,
12:39:10.330,-17.5,,-14.949999999999818,,,,,,,,,,3.632,,,,,,,,,,,,,,,,,,,,,,,,,,,,,,,,,,,,,,,,,,,,,,,,,,,7.283,,,,,,,,,,,50.3442841,30.4769898,
12:39:10.366,,-17.34999999999991,,,,,,,,,,,,,,,,,,,,,,,,,,,,,,,,,,,,,,,,,,,,,,,,,,,,,,,,,,,,,,,,,,,,,,,,,50.3442841,30.4769898,
12:39:10.629,,,,,,,,,,,,,,,,,,,,,,,,,,,,,,,,,,12.08,,,,1500,1.5,,,0.14926104808333338,0.149263,97.10288800000001,6849.066767000001,41.96078431372549,-0.29,,,,,,8.203269405898872,,,,27,70,,0,,,,,76,32.0689677410948,,,,,,,14.495999999999999,,50.3442841,30.4769898,
12:39:10.737,,,,,,,,,,,,,,,,,,,,56.07843137254902,10.196078431372548,99,,,,,,,,,,8.235294117647058,,,,,,,,1.9607843137254901,,,,,,,,,,,,,,15.8827164,,,,,,,,,,,,32.0627164610948,,27.843137254902,99,,,,,,50.3442841,30.4769898,
12:39:10.808,,,,,,,,,,,,,,,,,,,,,,,3.014892710592068,3.0148,430.51624,1000.83638895,0.03768615888240085,0.037685,5.381453,12.824611,4.100000061094761,,9.803921568627452,,,4.100000061094761,16.040011637176022,,,,,,,,,,,25.24848871579706,25.247382137569257,5.542011273650274,21.696269989206005,0.18724610864930116,,,20,,,,21970,,22000,0,0,,76,32.0627164610948,21970,28.235294117647,,,,,,0,50.3442841,30.4769898,
12:39:10.941,,,,,,,,,,,,,,,22,,,,,,,,,,,,,,,,,,,,,,,,,,,,,,,,,,,,,,,,,,,,,,,,,,,,,,,,,46,,,50.3442841,30.4769898,
12:39:10.989,,,,,,,,,,,,,,,,,,-31.328125,,,,,,,,,,,,,,,,,,,,,,,,,,,,,,,,,,,,,,,,,,,,,,,,,,,,,,,,,50.3442841,30.4769898,
12:39:11.085,,,,,,,,,,,,,,,,-1984,-0.125,,,,,,,,,,,,,,,,,,,,,,,,,,,,,,,,,,,,,,,,,,,,,,,,,,,,,,,,,,50.3442841,30.4769898,
12:39:11.204,,,,,,,,,349.69,49,,3.657,,,,,,,,,,,,,,,,,,,,,,,,,,,,,,,,,,,,,,,,,,,,,,,,,,,,7.289,,,,,,,,,,,50.3442841,30.4769898,
12:39:11.265,-0.049999999999954525,,-0.2999999999999545,,,,,,,,,,3.648,,,,,,,,,,,,,,,,,,,,,,,,,,,,,,,,,,,,,,,,,,,,,,,,,,,7.305,,,,,,,,,,,50.3442841,30.4769898,
12:39:11.300,,0.40000000000009095,,,,,,,,,,,,,,,,,,,,,,,,,,,,,,,,,,,,,,,,,,,,,,,,,,,,,,,,,,,,,,,,,,,,,,,,,50.3442841,30.4769898,
12:39:11.446,,,,,,,,,,,,,,,,,,,,,,,,,,,,,,,,,,12.07,136.6666687031587,,,1506,1.5,,,0.1499415144166667,0.149943,97.103568,6849.067447000001,41.96078431372549,-0.3,,,,,,8.139204269364157,,,,27,69,,3,,,,,76,32.0527164610948,,,,,,,14.484,,50.3442841,30.4769898,
12:39:11.529,,,,,,,,,,,,,,,,,,,,56.07843137254902,10.196078431372548,99,,,,,,,,,,8.235294117647058,,,,,,,,0,,,,,,,,,,,,,,15.886735080000001,,,,,,,,,,,,32.0567351410948,,28.235294117647,99,,,,,,50.3442841,30.4769898,
12:39:11.638,,,,,,,,,,,,,,,,,,,,,,,3.09068439149923,3.09056,430.592,1000.91214895,0.038633554893740374,0.038632,5.3824,12.825558000000001,4.100000061094761,,9.803921568627452,,,4.100000061094761,16.040011637176022,,,,,,,,,,,25.765749428395846,25.764457160387614,5.54294771125197,22.31106614880493,0.18725991675870846,,,20,,,,21980,,22000,0,0,,76,32.0567351410948,21980,28.235294117647,,,,,,0,50.3442841,30.4769898,
12:39:11.773,,,,,,,,,,,,,,,22,,,,,,,,,,,,,,,,,,,,,,,,,,,,,,,,,,,,,,,,,,,,,,,,,,,,,,,,,46,,,50.3442841,30.4769898,
12:39:11.810,,,,,,,,,,,,,,,,,,-28.171875,,,,,,,,,,,,,,,,,,,,,,,,,,,,,,,,,,,,,,,,,,,,,,,,,,,,,,,,,50.3442841,30.4769898,
12:39:11.845,,,,,,,,,,,,,,,,-1824,-0.125,,,,,,,,,,,,,,,,,,,,,,,,,,,,,,,,,,,,,,,,,,,,,,,,,,,,,,,,,,50.3442841,30.4769898,
12:39:11.953,,,,,,,,,353.87,49,,3.665,,,,,,,,,,,,,,,,,,,,,,,,,,,,,,,,,,,,,,,,,,,,,,,,,,,,7.313,,,,,,,,,,,50.3442841,30.4769898,
12:39:12.025,1.550000000000182,,4.400000000000091,,,,,,,,,,3.653,,,,,,,,,,,,,,,,,,,,,,,,,,,,,,,,,,,,,,,,,,,,,,,,,,,7.318,,,,,,,,,,,50.3442841,30.4769898,
12:39:12.073,,6.150000000000091,,,,,,,,,,,,,,,,,,,,,,,,,,,,,,,,,,,,,,,,,,,,,,,,,,,,,,,,,,,,,,,,,,,,,,,,,50.3442841,30.4769898,
12:39:12.228,,,,,,,,,,,,,,,,,,,,,,,,,,,,,,,,,,12.040000000000001,,,,1492,1.5,,,0.1499415144166667,0.149943,97.103568,6849.067447000001,41.96078431372549,-0.29,,,,,,8.044183907109351,,,,27,70,,0,,,,,76,32.0267351410948,,,,,,,14.448,,50.3442841,30.4769898,
12:39:12.301,,,,,,,,,,,,,,,,,,,,56.07843137254902,9.803921568627452,99,,,,,,,,,,8.235294117647058,,,,,,,,0,,,,,,,,,,,,,,15.868427760000001,,,,,,,,,,,,32.0084278210948,,28.235294117647,99,,,,,,50.3442841,30.4769898,
12:39:12.362,,,,,,,,,,,,,,,,,,,,,,,3.156494567590989,3.1563999999999997,430.65784,1000.9779889499999,0.03945618209488736,0.039455,5.383223,12.826381000000001,4.100000061094761,,9.803921568627452,,,4.100000061094761,16.040011637176022,,,,,,,,,,,26.31438147626287,26.313332399645198,5.543795259922891,22.92972064848303,0.18727193299312825,,,20,,,,21990,,22000,0,0,,76,32.0084278210948,21990,27.843137254902,,,,,,0,50.3442841,30.4769898,
12:39:12.493,,,,,,,,,,,,,,,22,,,,,,,,,,,,,,,,,,,,,,,,,,,,,,,,,,,,,,,,,,,,,,,,,,,,,,,,,46,,,50.3442841,30.4769898,
12:39:12.542,,,,,,,,,,,,,,,,,,-13.640625,,,,,,,,,,,,,,,,,,,,,,,,,,,,,,,,,,,,,,,,,,,,,,,,,,,,,,,,,50.3442841,30.4769898,
12:39:12.576,,,,,,,,,,,,,,,,-608,-0.046875,,,,,,,,,,,,,,,,,,,,,,,,,,,,,,,,,,,,,,,,,,,,,,,,,,,,,,,,,,50.3442841,30.4769898,
12:39:12.720,,,,,,,,,353.07,49,,3.666,,,,,,,,,,,,,,,,,,,,,,,,,,,,,,,,,,,,,,,,,,,,,,,,,,,,7.319,,,,,,,,,,,50.3442841,30.4769898,
12:39:12.781,2.050000000000182,,1.7000000000000455,,,,,,,,,,3.659,,,,,,,,,,,,,,,,,,,,,,,,,,,,,,,,,,,,,,,,,,,,,,,,,,,7.325,,,,,,,,,,,50.3442841,30.4769898,
12:39:12.816,,0.40000000000009095,,,,,,,,,,,,,,,,,,,,,,,,,,,,,,,,,,,,,,,,,,,,,,,,,,,,,,,,,,,,,,,,,,,,,,,,,50.3442841,30.4769898,
12:39:12.900,,,,,,,,,,,,,,,,,,,,,,,,,,,,,,,,,,,,,,,,,,,,,,,,,,,,,,,,31,,,,,,,,,78,,,,,,,,,,50.3442841,30.4769898,
12:39:12.960,,,,,,,,,,,,,,,,,,,,,,,,,,,,,,,,,,12.1,,,,1494,1.5,,,0.1499415144166667,0.149943,97.103568,6849.067447000001,41.96078431372549,-0.29,,,,,,7.957422820947127,,,,27,70,,0,,,,,78,32.0684278210948,,,,,,,14.52,,50.3442841,30.4769898,
12:39:13.081,,,,,,,,,,,,,,,,,,,,56.07843137254902,9.803921568627452,99,,,,,,,,,,8.235294117647058,,,,,,,,3.1372549019607843,,,,,,,,,,,,,,15.85056696,,,,,,,,,,,,32.0505670210948,,27.843137254902,99,,,,,,50.3442841,30.4769898,
12:39:13.213,,,,,,,,,,,,,,,,,,,,,,,3.2339725511899453,3.23384,430.73528,1001.05542895,0.040424656889874316,0.040423,5.3841909999999995,12.827349000000002,4.100000061094761,,9.803921568627452,,,4.100000061094761,16.040011637176022,,,,,,,,,,,26.96028317917331,26.958911052866757,5.5447921336937895,23.550414840742363,0.18728606630408612,,,20,,,,21990,,22000,0,0,,78,32.0505670210948,21990,27.843137254902,,,,,,0,50.3442841,30.4769898,
12:39:13.286,,,,,,,,,,,,,,,,,,,25,,,,,,,,,,,,,,,,,,,,,,,,,,,,,,,,,,,,,,,,,,,,,,,,,,,,,47,,,50.3442841,30.4769898,
12:39:13.410,,,,,,,,,,,,,,,22,,,,,,,,,,,,,,,,,,,,,,,,,,,,,,,,,,,,,,,,,,,,,,,,,,,,,,,,,47,,,50.3442841,30.4769898,
12:39:13.505,,,,,,,,,,,,,,,,,,161.0625,,,,,,,,,,,,,,,,,,,,,,,,,,,,,,,,,,,,,,,,,,,,,,,,,,,,,,,,,50.3442841,30.4769898,
12:39:13.576,,,,,,,,,,,,,,,,10336,0.625,,,,,,,,,,,,,,,,,,,,,,,,,,,,,,,,,,,,,,,,,,,,,,,,,,,,,,,,,,50.3442841,30.4769898,
12:39:13.732,,,,,,,,,346.31,49,,3.627,,,,,,,,,,,,,,,,,,,,,,,,,,,,,,,,,,,,,,,,,,,,,,,,,,,,7.286,,,,,,,,,,,50.3442841,30.4769898,
12:39:13.830,-20.25,,-21.34999999999991,,,,,,,,,,3.619,,,,,,,,,,,,,,,,,,,,,,,,,,,,,,,,,,,,,,,,,,,,,,,,,,,7.246,,,,,,,,,,,50.3442841,30.4769898,
12:39:13.865,,-19.899999999999864,,,,,,,,,,,,,,,,,,,,,,,,,,,,,,,,,,,,,,,,,,,,,,,,,,,,,,,,,,,,,,,,,,,,,,,,,50.3442841,30.4769898,
12:39:14.046,,,,,,,,,,,,,,,,,,,,,,,,,,,,,,,,,,12,102.50000152736902,,,1493,1.5,,,0.15114770352777782,0.151149,97.104774,6849.068653000001,41.96078431372549,-0.29,,,,,,7.8950890578241735,,,,27,70,,4,,,,,78,31.9505670210948,,,,,,,14.399999999999999,,50.3442841,30.4769898,
12:39:14.133,,,,,,,,,,,,,,,,,,,,56.07843137254902,9.803921568627452,99,,,,,,,,,,8.235294117647058,,,,,,,,15.294117647058824,,,,,,,,,,,,,,15.826008360000001,,,,,,,,,,,,31.9260084210948,,27.843137254902,99,,,,,,50.3442841,30.4769898,
12:39:14.264,,,,,,,,,,,,,,,,,,,,,,,3.3298198835070707,3.3296799999999998,430.83112,1001.15126895,0.041622748543838385,0.041621,5.385389,12.828547,4.100000061094761,,9.803921568627452,,,4.100000061094761,16.040011637176022,,,,,,,,,,,27.537797513535484,27.536404475054415,5.545956988685232,24.17129531720009,0.18730352475560152,,,20,,,,21960,,22000,0,0,,78,31.9260084210948,21960,27.843137254902,,,,,,0,50.3442841,30.4769898,
12:39:14.398,,,,,,,,,,,,,,,22,,,,,,,,,,,,,,,,,,,,,,,,,,,,,,,,,,,,,,,,,,,,,,,,,,,,,,,,,47,,,50.3442841,30.4769898,
12:39:14.433,,,,,,,,,,,,,,,,,,131.421875,,,,,,,,,,,,,,,,,,,,,,,,,,,,,,,,,,,,,,,,,,,,,,,,,,,,,,,,,50.3442841,30.4769898,
12:39:14.470,,,,,,,,,,,,,,,,8448,0.515625,,,,,,,,,,,,,,,,,,,,,,,,,,,,,,,,,,,,,,,,,,,,,,,,,,,,,,,,,,50.3442841,30.4769898,
12:39:14.552,,,,19,,,,,,,,,,,,,,,,,,,,,,,,,,,,,,,,,,,,,,,,,,,,,,,,,,,,,,,,,,,,,,,,,,,88,,,,50.3442841,30.4769898,
12:39:14.685,,,,,,,,,344.05,48.5,,3.615,,,,,,,,,,,,,,,,,,,,,,,,,,,,,,,,,,,,,,,,,,,,,,,,,,,,7.234,,,,,,,,,,,50.3442841,30.4769898,
12:39:14.792,-24.949999999999818,,-26.399999999999864,,,,,,,,,,3.604,,,,,,,,,,,,,,,,,,,,,,,,,,,,,,,,,,,,,,,,,,,,,,,,,,,7.219,,,,,,,,,,,50.3442841,30.4769898,
12:39:14.829,,-23.09999999999991,,,,,,,,,,,,,,,,,,,,,,,,,,,,,,,,,,,,,,,,,,,,,,,,,,,,,,,,,,,,,,,,,,,,,,,,,50.3442841,30.4769898,
12:39:14.949,,,,,,,,,,,,,,,,,,,,,,,,,,,,,,,,,,12.05,41.00000061094761,,,1493,1.5,,,0.1536566863055556,0.153658,97.107283,6849.071162000001,41.96078431372549,-0.28,,,,,,7.9223180908526025,,,,27,71,,10,,,,,78,31.9760084210948,,,,,,,14.46,,50.3442841,30.4769898,
12:39:15.021,,,,,,,,,,,,,,,,,,,,56.07843137254902,9.803921568627452,99,,,,,,,,,,8.235294117647058,,,,,,,,15.294117647058824,,,,,,,,,,,,,,15.811273199999999,,,,,,,,,,,,31.9612732610948,,27.843137254902,99,,,,,,50.3442841,30.4769898,
12:39:15.105,,,,,,,,,,,,,,,,,,,,,,,3.406405643314954,3.40624,430.90768,1001.22782895,0.04258007054143693,0.042578,5.386346,12.829504000000002,4.100000061094761,,9.803921568627452,,,4.100000061094761,16.040011637176022,,,,,,,,,,,27.711173242903264,27.709588827135587,5.546799203515971,24.748814372552758,0.1873174288388274,,,20,,,,22010,,22000,0,0,,78,31.9612732610948,22010,27.843137254902,,,,,,0,50.3442841,30.4769898,
12:39:15.297,,,,,,,,,,,,,,,22,,,,,,,,,,,,,,,,,,,,,,,,,,,,,,,,,,,,,,,,,,,,,,,,,,,,,,,,,47,,,50.3442841,30.4769898,
12:39:15.333,,,,,,,,,,,,,,,,,,107.484375,,,,,,,,,,,,,,,,,,,,,,,,,,,,,,,,,,,,,,,,,,,,,,,,,,,,,,,,,50.3442841,30.4769898,
12:39:15.369,,,,,,,,,,,,,,,,6976,0.421875,,,,,,,,,,,,,,,,,,,,,,,,,,,,,,,,,,,,,,,,,,,,,,,,,,,,,,,,,,50.3442841,30.4769898,
12:39:15.537,,,,,,,,,346.63,48.5,,3.598,,,,,,,,,,,,,,,,,,,,,,,,,,,,,,,,,,,,,,,,,,,,,,,,,,,,7.202,,,,,,,,,,,50.3442841,30.4769898,
12:39:15.621,-31.649999999999864,,-1600,,,,,,,,,,3.581,,,,,,,,,,,,,,,,,,,,,,,,,,,,,,,,,,,,,,,,,,,,,,,,,,,7.179,,,,,,,,,,,50.3442841,30.4769898,
12:39:15.670,,-31.84999999999991,,,,,,,,,,,,,,,,,,,,,,,,,,,,,,,,,,,,,,,,,,,,,,,,,,,,,,,,,,,,,,,,,,,,,,,,,50.3442841,30.4769898,
12:39:15.825,,,,,,,,,,,,,,,,,,,,,,,,,,,,,,,,,,12.15,31.538462008421238,,,1503,1.5,,0.10237842085050548,0.1568194761666667,0.156821,97.110446,6849.0743250000005,41.96078431372549,-0.3,,,,,,7.985222268196079,,,,27,69,,13,,,,,78,32.0612732610948,,,,,,,14.58,,50.3442841,30.4769898,
12:39:15.885,,,,,,,,,,,,,,,,,,,,56.07843137254902,9.803921568627452,99,,,,,,,,,,8.235294117647058,,,,,,,,19.215686274509803,,,,,,,,,,,,,,15.795198480000002,,,,,,,,,,,,32.0451985410948,,27.843137254902,99,,,,,,50.3442841,30.4769898,
12:39:16.089,,,,,,,,,,,,,,,,,,,,,,,3.494998998635098,3.4948,430.99624,1001.31638895,0.04368748748293873,0.043685,5.387453,12.830611000000001,4.050000060349703,,9.803921568627452,,,4.050000060349703,15.844401739161682,,,,,,,,,,,27.85845773168376,27.85660083789799,5.547758476981971,25.29075980418492,0.18733350510107072,,,20,,,,22010,,22000,0,0,,78,31.9951985403497,22010,27.843137254902,,,,,,0,50.3442841,30.4769898,
12:39:16.208,,,,,,,,,,,,,,,22,,,,,,,,,,,,,,,,,,,,,,,,,,,,,,,,,,,,,,,,,,,,,,,,,,,,,,,,,47,,,50.3442841,30.4769898,
12:39:16.270,,,,,,,,,,,,,,,,,,111.125,,,,,,,,,,,,,,,,,,,,,,,,,,,,,,,,,,,,,,,,,,,,,,,,,,,,,,,,,50.3442841,30.4769898,
12:39:16.316,,,,,,,,,,,,,,,,7296,0.4375,,,,,,,,,,,,,,,,,,,,,,,,,,,,,,,,,,,,,,,,,,,,,,,,,,,,,,,,,,50.3442841,30.4769898,
12:39:16.557,,,,,,17,17,18,,,,,,,,,,,,,,,,,,,,,,,,,,,,,,,,,,,,,,,,,,,,,,,,,,,,,,,,,,,,,,,88,,,,50.3442841,30.4769898,
12:39:16.689,,,,,17,,,,,,86.6758781031239,,,86.6758781031239,,,,,,,,,,,,,,,,,,,,,,,,,,,,,,,,,,,,,,,,,,,,,,,,,,,,,,,,127.5,88,,,,50.3442841,30.4769898,
12:39:16.749,,,,,,,,,350.81,48.5,,3.641,,,,,,,,,,,,,,,,,,,,,,,,,,,,,,,,,,,,,,,,,,,,,,,,,,,,7.222,,,,,,,,,,,50.3442841,30.4769898,
12:39:16.797,3.4500000000000455,,5.350000000000136,,,,,,,,,,3.642,,,,,,,,,,,,,,,,,,,,,,,,,,,,,,,,,,,,,,,,,,,,,,,,,,,7.283,,,,,,,,,,,50.3442841,30.4769898,
12:39:16.845,,3.400000000000091,,,,,,,,,,,,,,,,,,,,,,,,,,,,,,,,,,,,,,,,,,,,,,,,,,,,,,,,,,,,,,,,,,,,,,,,,50.3442841,30.4769898,
12:39:17.038,,,,,,,,,,,,,,,,,,,,,,,,,,,,,,,,,,19.36,23.82352976676296,,,1719,1.7,,0.1180863491159074,0.1625511135277778,0.162553,97.116178,6849.080057000001,52.94117647058823,-0.08,,,,,,8.137374797915527,,,,27,91,,17,,,,,78,39.2051985403497,,,,,,,23.232,,50.3442841,30.4769898,
12:39:17.101,,,,,,,,,,,,,,,,,,,,70.19607843137256,15.294117647058824,99,,,,,,,,,,13.333333333333334,,,,,,,,12.549019607843137,,,,,,,,,,,,,,15.618376560000002,,,,,,,,,,,,39.0283766203497,,32.9411764705883,99,,,,,,50.3442841,30.4769898,
12:39:17.197,,,,,,,,,,,,,,,,,,,,,,,3.605799930286161,3.6056,431.10704,1001.42718895,0.04507249912857701,0.04507,5.388838,12.831996000000002,4.500000067055225,,15.294117647058824,,,4.500000067055225,17.604890821290756,,,,,,,,,,,27.72820077967336,27.726341562444247,5.5488571636334365,26.065420898956464,0.1873535700153665,,,21,,,,34900,,35000,0,0,,79,39.4783766270552,34900,43.921568627451,,,,,,0,50.3442841,30.4769898,
12:39:17.316,,,,,,,,,,,,,,,22,,,,,,,,,,,,,,,,,,,,,,,,,,,,,,,,,,,,,,,,,,,,,,,,,,,,,,,,,47,,,50.3442841,30.4769898,
12:39:17.342,,,,,,,,,,,,,,,,,,62.71875,,,,,,,,,,,,,,,,,,,,,,,,,,,,,,,,,,,,,,,,,,,,,,,,,,,,,,,,,50.3442841,30.4769898,
12:39:17.389,,,,,,,,,,,,,,,,4096,0.25,,,,,,,,,,,,,,,,,,,,,,,,,,,,,,,,,,,,,,,,,,,,,,,,,,,,,,,,,,50.3442841,30.4769898,
12:39:17.545,,,,,,,,,353.23,48.5,,3.663,,,,,,,,,,,,,,,,,,,,,,,,,,,,,,,,,,,,,,,,,,,,,,,,,,,,7.305,,,,,,,,,,,50.3442841,30.4769898,
12:39:17.593,3.4500000000000455,,9.150000000000091,,,,,,,,,,3.652,,,,,,,,,,,,,,,,,,,,,,,,,,,,,,,,,,,,,,,,,,,,,,,,,,,7.315,,,,,,,,,,,50.3442841,30.4769898,
12:39:17.629,,-1.2999999999999545,,,,,,,,,,,,,,,,,,,,,,,,,,,,,,,,,,,,,,,,,,,,,,,,,,,,,,,,,,,,,,,,,,,,,,,,,50.3442841,30.4769898,
12:39:17.737,,,,,,,,,,,,,,,,,,,,,,,,,,,,,,,,,,,,,,,,,,,,,,,,,,,,,,,,33,,,,,,,,,81,,,,,,,,,,50.3442841,30.4769898,
12:39:17.833,,,,,,,,,,,,,,,,,,,,,,,,,,,,,,,,,,18.080000000000002,22.500000335276127,,,1722,1.7,,0.1196590852192457,0.16696911630555558,0.166971,97.120596,6849.084475000001,54.509803921568626,-0.11,,,,,,8.267121087862025,,,,27,88,,20,,,,,81,38.1983766270552,,,,,,,21.696,,50.3442841,30.4769898,
12:39:17.993,,,,,,,,,,,,,,,,,,,,78.43137254901961,25.88235294117647,99,,,,,,,,,,23.529411764705884,,,,,,,,16.470588235294116,,,,,,,,,,,,,,15.57774324,,,,,,,,,,,,38.1577433070552,,54.1176470588235,99,,,,,,50.3442841,30.4769898,
12:39:18.065,,,,,,,,,,,,,,,,,,,,,,,3.7186461329677005,3.71848,431.21992,1001.54006895,0.04648307666209626,0.046481,5.390249,12.833407000000001,5.850000087171793,,26.274509803921568,,,5.850000087171793,22.886358067677982,,,,,,,,,,,27.839326032624882,27.83776823520252,5.550057579959661,26.213246326762164,0.18737405045657582,,,21,,,,34910,,35000,0,0,,81,39.5077433271718,34910,75.686274509804,,,,,,0,50.3442841,30.4769898,
12:39:18.222,,,,,,,,,,,,,,,22,,,,,,,,,,,,,,,,,,,,,,,,,,,,,,,,,,,,,,,,,,,,,,,,,,,,,,,,,47,,,50.3442841,30.4769898,
12:39:18.258,,,,,,,,,,,,,,,,,,80.90625,,,,,,,,,,,,,,,,,,,,,,,,,,,,,,,,,,,,,,,,,,,,,,,,,,,,,,,,,50.3442841,30.4769898,
12:39:18.306,,,,,,,,,,,,,,,,5184,0.3125,,,,,,,,,,,,,,,,,,,,,,,,,,,,,,,,,,,,,,,,,,,,,,,,,,,,,,,,,,50.3442841,30.4769898,
12:39:18.438,,,,,,,,,351.62,48.5,,3.66,,,,,,,,,,,,,,,,,,,,,,,,,,,,,,,,,,,,,,,,,,,,,,,,,,,,7.312,,,,,,,,,,,50.3442841,30.4769898,
12:39:18.510,9.300000000000182,,12.350000000000136,,,,,,,,,,3.657,,,,,,,,,,,,,,,,,,,,,,,,,,,,,,,,,,,,,,,,,,,,,,,,,,,7.317,,,,,,,,,,,50.3442841,30.4769898,
12:39:18.546,,7.050000000000182,,,,,,,,,,,,,,,,,,,,,,,,,,,,,,,,,,,,,,,,,,,,,,,,,,,,,,,,,,,,,,,,,,,,,,,,,50.3442841,30.4769898,
12:39:18.666,,,,,,,,,,,,,,,,,,,,,,,,,,,,,,,,,,22.330000000000002,26.590909487144515,,,2001,2,,0.09145600196124831,0.17205421219444447,0.172056,97.125681,6849.089560000001,46.666666666666664,-0.09,,,,,,8.422507906323887,,,,28,90,,22,,,,,82,43.7577433271718,,,,,,,26.796000000000003,,50.3442841,30.4769898,
12:39:18.741,,,,,,,,,,,,,,,,,,,,79.2156862745098,28.235294117647058,99,,,,,,,,,,25.49019607843137,,,,,,,,19.215686274509803,,,,,,,,,,,,,,15.53130516,,,,,,,,,,,,43.7113052471718,,77.6470588235294,99,,,,,,50.3442841,30.4769898,
12:39:18.886,,,,,,,,,,,,,,,,,,,,,,,3.847187312216447,3.84704,431.34848,1001.66862895,0.048089841402705585,0.048088,5.391856,12.835014000000001,7.050000105053186,,48.627450980392155,,,7.050000105053186,27.580995620022176,,,,,,,,,,,27.950400510019236,27.949039847491516,5.551421564807355,26.602640394448496,0.18739737431612732,,,21,,,,34970,,35000,0,0,,82,44.9113052650532,34970,102.352941176471,,,,,,0,50.3442841,30.4769898,
12:39:19.017,,,,,,,,,,,,,,,22,,,,,,,,,,,,,,,,,,,,,,,,,,,,,,,,,,,,,,,,,,,,,,,,,,,,,,,,,47,,,50.3442841,30.4769898,
12:39:19.053,,,,,,,,,,,,,,,,,,92.234375,,,,,,,,,,,,,,,,,,,,,,,,,,,,,,,,,,,,,,,,,,,,,,,,,,,,,,,,,50.3442841,30.4769898,
12:39:19.102,,,,,,,,,,,,,,,,5856,0.34375,,,,,,,,,,,,,,,,,,,,,,,,,,,,,,,,,,,,,,,,,,,,,,,,,,,,,,,,,,50.3442841,30.4769898,
12:39:19.220,,,,,,,,,351.46,48.5,,3.651,,,,,,,,,,,,,,,,,,,,,,,,,,,,,,,,,,,,,,,,,,,,,,,,,,,,7.308,,,,,,,,,,,50.3442841,30.4769898,
12:39:19.282,0.10000000000013642,,3.150000000000091,,,,,,,,,,3.642,,,,,,,,,,,,,,,,,,,,,,,,,,,,,,,,,,,,,,,,,,,,,,,,,,,7.293,,,,,,,,,,,50.3442841,30.4769898,
12:39:19.317,,3.6000000000001364,,,,,,,,,,,,,,,,,,,,,,,,,,,,,,,,,,,,,,,,,,,,,,,,,,,,,,,,,,,,,,,,,,,,,,,,,50.3442841,30.4769898,
12:39:19.450,,,,,,,,,,,,,,,,,,,,,,,,,,,,,,,,,,22.5,29.375000437721614,,,1999,2,,0.08596627856910077,0.17727946286111113,0.177281,97.130906,6849.094785000001,46.27450980392157,-0.06,,,,,,8.586780595290062,,,,28,93,,24,,,,,82,45.0813052650532,,,,,,,27,,50.3442841,30.4769898,
12:39:19.574,,,,,,,,,,,,,,,,,,,,80,32.549019607843135,99,,,,,,,,,,30.19607843137255,,,,,,,,16.862745098039216,,,,,,,,,,,,,,15.491564880000002,,,,,,,,,,,,45.0415649850532,,107.058823529412,99,,,,,,50.3442841,30.4769898,
12:39:19.766,,,,,,,,,,,,,,,,,,,,,,,3.994940512418141,3.9948,431.49624,1001.81638895,0.04993675640522676,0.049935,5.3937029999999995,12.836861,7.550000112503767,,26.274509803921568,,,7.550000112503767,29.537094600165602,,,,,,,,,,,28.16838205582195,28.167147071598198,5.553024492533818,26.96741071424459,0.1874241984227409,,,21,,,,34980,,35000,0,0,,82,45.5415649925038,34980,89.0196078431373,,,,,,0,50.3442841,30.4769898,
12:39:19.914,,,,,,,,,,,,,,,22,,,,,,,,,,,,,,,,,,,,,,,,,,,,,,,,,,,,,,,,,,,,,,,,,,,,,,,,,47,,,50.3442841,30.4769898,
12:39:19.961,,,,,,,,,,,,,,,,,,34.953125,,,,,,,,,,,,,,,,,,,,,,,,,,,,,,,,,,,,,,,,,,,,,,,,,,,,,,,,,50.3442841,30.4769898,
12:39:19.998,,,,,,,,,,,,,,,,2272,0.125,,,,,,,,,,,,,,,,,,,,,,,,,,,,,,,,,,,,,,,,,,,,,,,,,,,,,,,,,,50.3442841,30.4769898,
12:39:20.106,,,,,,,,,357.42,48.5,,3.702,,,,,,,,,,,,,,,,,,,,,,,,,,,,,,,,,,,,,,,,,,,,,,,,,,,,7.344,,,,,,,,,,,50.3442841,30.4769898,
12:39:20.164,35,,-1600,,,,,,,,,,3.694,,,,,,,,,,,,,,,,,,,,,,,,,,,,,,,,,,,,,,,,,,,,,,,,,,,7.396,,,,,,,,,,,50.3442841,30.4769898,
12:39:20.212,,36.30000000000018,,,,,,,,,,,,,,,,,,,,,,,,,,,,,,,,,,,,,,,,,,,,,,,,,,,,,,,,,,,,,,,,,,,,,,,,,50.3442841,30.4769898,
12:39:20.356,,,,,,,,,,,,,,,,,,,,,,,,,,,,,,,,,,22.38,29.038461971168335,,,1999,2,,0.07682539672208477,0.18382856819444446,0.18383,97.137455,6849.101334000001,47.05882352941177,-0.09,,,,,,8.796671227535924,,,,28,90,,26,,,,,82,45.4215649925038,,,,,,,26.855999999999998,,50.3442841,30.4769898,
12:39:20.417,,,,,,,,,,,,,,,,,,,,79.6078431372549,26.666666666666668,99,,,,,,,,,,23.92156862745098,,,,,,,,4.313725490196078,,,,,,,,,,,,,,15.45896892,,,,,,,,,,,,45.3889690325038,,82.7450980392156,99,,,,,,50.3442841,30.4769898,
12:39:20.502,,,,,,,,,,,,,,,,,,,,,,,4.118324845701155,4.1181600000000005,431.6196,1001.93974895,0.05147906057126444,0.051477,5.395245,12.838403000000001,7.550000112503767,,26.274509803921568,,,7.550000112503767,29.537094600165602,,,,,,,,,,,28.003841338095242,28.002502311918622,5.554237549254301,27.25720683366552,0.18744653311330317,,,21,,,,35000,,35000,0,0,,82,45.3889690325038,35000,76.8627450980392,,,,,,0,50.3442841,30.4769898,
12:39:20.561,,,,,,,,,,,,,,,,,,,26,,,,,,,,,,,,,,,,,,,,,,,,,,,,,,,,,,,,,,,,,,,,,,,,,,,,,48,,,50.3442841,30.4769898,
12:39:20.657,,,,,,,,,,,,,,,22,,,,,,,,,,,,,,,,,,,,,,,,,,,,,,,,,,,,,,,,,,,,,,,,,,,,,,,,,48,,,50.3442841,30.4769898,
12:39:20.705,,,,,,,,,,,,,,,,,,-11.390625,,,,,,,,,,,,,,,,,,,,,,,,,,,,,,,,,,,,,,,,,,,,,,,,,,,,,,,,,50.3442841,30.4769898,
12:39:20.764,,,,,,,,,,,,,,,,-608,-0.046875,,,,,,,,,,,,,,,,,,,,,,,,,,,,,,,,,,,,,,,,,,,,,,,,,,,,,,,,,,50.3442841,30.4769898,
12:39:20.873,,,,,,,,,361.28000000000003,48.5,,3.745,,,,,,,,,,,,,,,,,,,,,,,,,,,,,,,,,,,,,,,,,,,,,,,,,,,,7.439,,,,,,,,,,,50.3442841,30.4769898,
12:39:20.946,51.25,,-1600,,,,,,,,,,3.736,,,,,,,,,,,,,,,,,,,,,,,,,,,,,,,,,,,,,,,,,,,,,,,,,,,7.481,,,,,,,,,,,50.3442841,30.4769898,
12:39:20.981,,54.25,,,,,,,,,,,,,,,,,,,,,,,,,,,,,,,,,,,,,,,,,,,,,,,,,,,,,,,,,,,,,,,,,,,,,,,,,50.3442841,30.4769898,
12:39:21.101,,,,,,,,,,,,,,,,,,,,,,,,,,,,,,,,,,22.46,29.038461971168335,,,2000,2,,0.05201127641721911,0.18919938386111113,0.189201,97.142826,6849.106705000001,47.05882352941177,-0.09,,,,,,8.965059897284155,,,,28,90,,26,,,,,82,45.4689690325038,,,,,,,26.952,,50.3442841,30.4769898,
12:39:21.174,,,,,,,,,,,,,,,,,,,,79.6078431372549,26.666666666666668,99,,,,,,,,,,23.92156862745098,,,,,,,,10.588235294117647,,,,,,,,,,,,,,15.429498599999999,,,,,,,,,,,,45.4394987125038,,76.8627450980392,99,,,,,,50.3442841,30.4769898,
12:39:21.258,,,,,,,,,,,,,,,,,,,,,,,4.2443474809123725,4.24416,431.7456,1002.0657489499999,0.05305434351140465,0.053052,5.39682,12.839978,7.500000111758709,,26.274509803921568,,,7.500000111758709,29.34148470215126,,,,,,,,,,,28.041499094072726,28.040020930121933,5.555551781044541,27.489957698521824,0.18746938181918715,,,21,,,,35060,,35000,0,0,,82,45.3894987117587,35060,76.8627450980392,,,,,,0,50.3442841,30.4769898,
12:39:21.389,,,,,,,,,,,,,,,22,,,,,,,,,,,,,,,,,,,,,,,,,,,,,,,,,,,,,,,,,,,,,,,,,,,,,,,,,48,,,50.3442841,30.4769898,
12:39:21.425,,,,,,,,,,,,,,,,,,41.5,,,,,,,,,,,,,,,,,,,,,,,,,,,,,,,,,,,,,,,,,,,,,,,,,,,,,,,,,50.3442841,30.4769898,
12:39:21.474,,,,,,,,,,,,,,,,2592,0.15625,,,,,,,,,,,,,,,,,,,,,,,,,,,,,,,,,,,,,,,,,,,,,,,,,,,,,,,,,,50.3442841,30.4769898,
12:39:21.593,,,,,,,,,354.03000000000003,49,,3.707,,,,,,,,,,,,,,,,,,,,,,,,,,,,,,,,,,,,,,,,,,,,,,,,,,,,7.443,,,,,,,,,,,50.3442841,30.4769898,
12:39:21.702,27.950000000000045,,29.450000000000045,,,,,,,,,,3.696,,,,,,,,,,,,,,,,,,,,,,,,,,,,,,,,,,,,,,,,,,,,,,,,,,,7.403,,,,,,,,,,,50.3442841,30.4769898,
12:39:21.825,,32.90000000000009,,,,,,,,,,,,,,,,,,,,,,,,,,,,,,,,,,,,,,,,,,,,,,,,,,,,,,,,,,,,,,,,,,,,,,,,,50.3442841,30.4769898,
12:39:21.910,,,,,,,,,,,,,,,,,,,,,,,,,,,,,,,,,,,,,,,,,,,,,,,,,,,,,,,,35,,,,,,,,,84,,,,,,,,,,50.3442841,30.4769898,
12:39:21.980,,,,,,,,,,,,,,,,,,,,,,,,,,,,,,,,,,22.28,27.77777819169892,,,1999,2,,0.042730185638544325,0.19579732586111112,0.195799,97.149424,6849.113303000001,47.05882352941177,-0.08,,,,,,9.171499504712354,,,,28,91,,27,,,,,84,45.2094987117587,,,,,,,26.736,,50.3442841,30.4769898,
12:39:22.053,,,,,,,,,,,,,,,,,,,,79.6078431372549,26.274509803921568,99,,,,,,,,,,23.92156862745098,,,,,,,,7.450980392156863,,,,,,,,,,,,,,15.41520996,,,,,,,,,,,,45.1952100717587,,76.8627450980392,99,,,,,,50.3442841,30.4769898,
12:39:22.149,,,,,,,,,,,,,,,,,,,,,,,4.392819066458104,4.39264,431.89408000000003,1002.21422895,0.05491023833072631,0.054908,5.398676,12.841834,7.500000111758709,,26.274509803921568,,,7.500000111758709,29.34148470215126,,,,,,,,,,,28.04442710809896,28.04304414220706,5.557084929294074,27.67984750516375,0.18749629962137013,,,21,,,,35020,,35000,0,0,,84,45.1952100717587,35020,76.4705882352942,,,,,,0,50.3442841,30.4769898,
12:39:22.280,,,,,,,,,,,,,,,22,,,,,,,,,,,,,,,,,,,,,,,,,,,,,,,,,,,,,,,,,,,,,,,,,,,,,,,,,48,,,50.3442841,30.4769898,
12:39:22.318,,,,,,,,,,,,,,,,,,10,,,,,,,,,,,,,,,,,,,,,,,,,,,,,,,,,,,,,,,,,,,,,,,,,,,,,,,,,50.3442841,30.4769898,
12:39:22.366,,,,,,,,,,,,,,,,800,0.046875,,,,,,,,,,,,,,,,,,,,,,,,,,,,,,,,,,,,,,,,,,,,,,,,,,,,,,,,,,50.3442841,30.4769898,
12:39:22.485,,,,,,,,,358.86,49,,3.737,,,,,,,,,,,,,,,,,,,,,,,,,,,,,,,,,,,,,,,,,,,,,,,,,,,,7.433,,,,,,,,,,,50.3442841,30.4769898,
12:39:22.582,44.65000000000009,,-1600,,,,,,,,,,3.729,,,,,,,,,,,,,,,,,,,,,,,,,,,,,,,,,,,,,,,,,,,,,,,,,,,7.466,,,,,,,,,,,50.3442841,30.4769898,
12:39:22.629,,45.700000000000045,,,,,,,,,,,,,,,,,,,,,,,,,,,,,,,,,,,,,,,,,,,,,,,,,,,,,,,,,,,,,,,,,,,,,,,,,50.3442841,30.4769898,
12:39:22.738,,,,,,,,,,,,,,,,,,,,,,,,,,,,,,,,,,22.44,27.77777819169892,,,1999,2,,0.02584284300312509,0.20147572661111113,0.201477,97.155102,6849.1189810000005,47.05882352941177,-0.09,,,,,,9.345420988546978,,,,28,90,,27,,,,,84,45.3552100717587,,,,,,,26.928,,50.3442841,30.4769898,
12:39:22.796,,,,,,,,,,,,,,,,,,,,80,26.274509803921568,99,,,,,,,,,,23.92156862745098,,,,,,,,0,,,,,,,,,,,,,,15.41520996,,,,,,,,,,,,45.3552100717587,,76.4705882352942,99,,,,,,50.3442841,30.4769898,
12:39:22.869,,,,,,,,,,,,,,,,,,,,,,,4.512851251580057,4.51264,432.01408,1002.33422895,0.05641064064475071,0.056408,5.400176,12.843334,7.500000111758709,,25.88235294117647,,,7.500000111758709,29.34148470215126,,,,,,,,,,,27.998727982569655,27.997240379795212,5.558304081652861,27.820209714022653,0.18751804481172582,,,21,,,,34980,,35000,0,0,,84,45.3552100717587,34980,76.0784313725491,,,,,,0,50.3442841,30.4769898,
12:39:23.073,,,,,,,,,,,,,,,22,,,,,,,,,,,,,,,,,,,,,,,,,,,,,,,,,,,,,,,,,,,,,,,,,,,,,,,,,48,,,50.3442841,30.4769898,
12:39:23.145,,,,,,,,,,,,,,,,,,-19.25,,,,,,,,,,,,,,,,,,,,,,,,,,,,,,,,,,,,,,,,,,,,,,,,,,,,,,,,,50.3442841,30.4769898,
12:39:23.217,,,,,,,,,,,,,,,,-1248,-0.078125,,,,,,,,,,,,,,,,,,,,,,,,,,,,,,,,,,,,,,,,,,,,,,,,,,,,,,,,,,50.3442841,30.4769898,
12:39:23.349,,,,19,,,,,,,,,,,,,,,,,,,,,,,,,,,,,,,,,,,,,,,,,,,,,,,,,,,,,,,,,,,,,,,,,,,88,,,,50.3442841,30.4769898,
12:39:23.458,,,,,17,,,,,,86.6758781031239,,,86.6758781031239,,,,,,,,,,,,,,,,,,,,,,,,,,,,,,,,,,,,,,,,,,,,,,,,,,,,,,,,127.5,88,,,,50.3442841,30.4769898,
12:39:23.517,,,,,,,,,364.34000000000003,49,,3.775,,,,,,,,,,,,,,,,,,,,,,,,,,,,,,,,,,,,,,,,,,,,,,,,,,,,7.504,,,,,,,,,,,50.3442841,30.4769898,
12:39:23.662,56.80000000000018,,-1600,,,,,,,,,,3.765,,,,,,,,,,,,,,,,,,,,,,,,,,,,,,,,,,,,,,,,,,,,,,,,,,,7.54,,,,,,,,,,,50.3442841,30.4769898,
12:39:23.711,,60.450000000000045,,,,,,,,,,,,,,,,,,,,,,,,,,,,,,,,,,,,,,,,,,,,,,,,,,,,,,,,,,,,,,,,,,,,,,,,,50.3442841,30.4769898,
12:39:23.870,,,,,,,,,,,,,,,,,,,,,,,,,,,,,,,,,,22.5,28.846154275995037,,,1999,2,,,0.2096581988888889,0.209659,97.163284,6849.127163000001,47.05882352941177,-0.08,,,,,,9.585043203361922,,,,28,91,,26,,,,,84,45.4152100717587,,,,,,,27,,50.3442841,30.4769898,
12:39:23.945,,,,,,,,,,,,,,,,,,,,80,27.058823529411764,99,,,,,,,,,,24.313725490196077,,,,,,,,0,,,,,,,,,,,,,,15.41699604,,,,,,,,,,,,45.4169961517587,,76.4705882352941,99,,,,,,50.3442841,30.4769898,
12:39:24.030,,,,,,,,,,,,,,,,,,,,,,,4.706346437796693,4.70616,432.2076,1002.5277489499999,0.05882933047245866,0.058827,5.402595,12.845753000000002,7.500000111758709,,26.666666666666668,,,7.500000111758709,29.34148470215126,,,,,,,,,,,28.05963744047808,28.058418670317035,5.560325647288743,27.911822569131385,0.18755313917070573,,,21,,,,34970,,35000,0,0,,84,45.4169961517587,34970,78.0392156862745,,,,,,0,50.3442841,30.4769898,
12:39:24.137,,,,,,,,,,,,,,,22,,,,,,,,,,,,,,,,,,,,,,,,,,,,,,,,,,,,,,,,,,,,,,,,,,,,,,,,,48,,,50.3442841,30.4769898,
12:39:24.185,,,,,,,,,,,,,,,,,,-22.8125,,,,,,,,,,,,,,,,,,,,,,,,,,,,,,,,,,,,,,,,,,,,,,,,,,,,,,,,,50.3442841,30.4769898,
12:39:24.269,,,,,,,,,,,,,,,,-1312,-0.09375,,,,,,,,,,,,,,,,,,,,,,,,,,,,,,,,,,,,,,,,,,,,,,,,,,,,,,,,,,50.3442841,30.4769898,
12:39:24.390,,,,,,,,,363.69,49.5,,3.784,,,,,,,,,,,,,,,,,,,,,,,,,,,,,,,,,,,,,,,,,,,,,,,,,,,,7.549,,,,,,,,,,,50.3442841,30.4769898,
12:39:24.473,57.25,,-1600,,,,,,,,,,3.773,,,,,,,,,,,,,,,,,,,,,,,,,,,,,,,,,,,,,,,,,,,,,,,,,,,7.557,,,,,,,,,,,50.3442841,30.4769898,
12:39:24.521,,57.450000000000045,,,,,,,,,,,,,,,,,,,,,,,,,,,,,,,,,,,,,,,,,,,,,,,,,,,,,,,,,,,,,,,,,,,,,,,,,50.3442841,30.4769898,
12:39:24.642,,,,,,,,,,,,,,,,,,,,,,,,,,,,,,,,,,22.52,30.000000447034836,,,2001,2,,-0.007998134116650842,0.21502096347222224,0.215022,97.168647,6849.132526000001,47.05882352941177,-0.09,,,,,,9.734747730486248,,,,28,90,,25,,,,,84,45.4369961517587,,,,,,,27.023999999999997,,50.3442841,30.4769898,
12:39:24.717,,,,,,,,,,,,,,,,,,,,80,26.666666666666668,99,,,,,,,,,,24.313725490196077,,,,,,,,0.7843137254901961,,,,,,,,,,,,,,15.425926440000001,,,,,,,,,,,,45.4459265517587,,78.0392156862745,99,,,,,,50.3442841,30.4769898,
12:39:24.837,,,,,,,,,,,,,,,,,,,,,,,4.840885339801479,4.84072,432.34216,1002.66230895,0.06051106674751849,0.060509,5.4042769999999996,12.847435,7.500000111758709,,26.274509803921568,,,7.500000111758709,29.34148470215126,,,,,,,,,,,28.14193824191272,28.140841402275118,5.56174976893524,27.962167629829484,0.1875775501675553,,,22,,,,34970,,35000,0,0,,85,45.4459265517587,34970,77.2549019607844,,,,,,0,50.3442841,30.4769898,
12:39:24.969,,,,,,,,,,,,,,,22,,,,,,,,,,,,,,,,,,,,,,,,,,,,,,,,,,,,,,,,,,,,,,,,,,,,,,,,,48,,,50.3442841,30.4769898,
12:39:25.016,,,,,,,,,,,,,,,,,,-58.9375,,,,,,,,,,,,,,,,,,,,,,,,,,,,,,,,,,,,,,,,,,,,,,,,,,,,,,,,,50.3442841,30.4769898,
12:39:25.065,,,,,,,,,,,,,,,,-3680,-0.234375,,,,,,,,,,,,,,,,,,,,,,,,,,,,,,,,,,,,,,,,,,,,,,,,,,,,,,,,,,50.3442841,30.4769898,
12:39:25.174,,,,,,17,17,18,,,,,,,,,,,,,,,,,,,,,,,,,,,,,,,,,,,,,,,,,,,,,,,,,,,,,,,,,,,,,,,88,,,,50.3442841,30.4769898,
12:39:25.233,,,,,,,,,366.43,50,,3.813,,,,,,,,,,,,,,,,,,,,,,,,,,,,,,,,,,,,,,,,,,,,,,,,,,,,7.586,,,,,,,,,,,50.3442841,30.4769898,
12:39:25.294,71.15000000000009,,-1600,,,,,,,,,,3.805,,,,,,,,,,,,,,,,,,,,,,,,,,,,,,,,,,,,,,,,,,,,,,,,,,,7.618,,,,,,,,,,,50.3442841,30.4769898,
12:39:25.341,,70.25,,,,,,,,,,,,,,,,,,,,,,,,,,,,,,,,,,,,,,,,,,,,,,,,,,,,,,,,,,,,,,,,,,,,,,,,,50.3442841,30.4769898,
12:39:25.473,,,,,,,,,,,,,,,,,,,,,,,,,,,,,,,,,,22.490000000000002,31.25000046566129,,,2001,2,,-0.02432619823379122,0.22056082680555558,0.220562,97.174187,6849.138066000001,47.05882352941177,-0.08,,,,,,9.882283109191812,,,,28,91,,24,,,,,85,45.4159265517587,,,,,,,26.988000000000003,,50.3442841,30.4769898,
12:39:25.573,,,,,,,,,,,,,,,,,,,,80,26.666666666666668,99,,,,,,,,,,23.92156862745098,,,,,,,,3.1372549019607843,,,,,,,,,,,,,,15.401814360000001,,,,,,,,,,,,45.3918144717587,,76.8627450980392,99,,,,,,50.3442841,30.4769898,
12:39:25.669,,,,,,,,,,,,,,,,,,,,,,,4.979537925200897,4.97936,432.4808,1002.80094895,0.06224422406501121,0.062242,5.40601,12.849168,7.500000111758709,,26.274509803921568,,,7.500000111758709,29.34148470215126,,,,,,,,,,,28.220888072697132,28.219729599840406,5.563216083299982,28.004643865645637,0.18760270089728392,,,22,,,,35020,,35000,0,0,,85,45.3918144717587,35020,76.8627450980392,,,,,,0,50.3442841,30.4769898,
12:39:25.788,,,,,,,,,,,,,,,22,,,,,,,,,,,,,,,,,,,,,,,,,,,,,,,,,,,,,,,,,,,,,,,,,,,,,,,,,48,,,50.3442841,30.4769898,
12:39:25.825,,,,,,,,,,,,,,,,,,-27.265625,,,,,,,,,,,,,,,,,,,,,,,,,,,,,,,,,,,,,,,,,,,,,,,,,,,,,,,,,50.3442841,30.4769898,
12:39:25.873,,,,,,,,,,,,,,,,-1824,-0.125,,,,,,,,,,,,,,,,,,,,,,,,,,,,,,,,,,,,,,,,,,,,,,,,,,,,,,,,,,50.3442841,30.4769898,
12:39:25.994,,,,,,,,,363.69,50,,3.784,,,,,,,,,,,,,,,,,,,,,,,,,,,,,,,,,,,,,,,,,,,,,,,,,,,,7.589,,,,,,,,,,,50.3442841,30.4769898,
12:39:26.053,45.25,,-1600,,,,,,,,,,3.773,,,,,,,,,,,,,,,,,,,,,,,,,,,,,,,,,,,,,,,,,,,,,,,,,,,7.557,,,,,,,,,,,50.3442841,30.4769898,
12:39:26.088,,40.55000000000018,,,,,,,,,,,,,,,,,,,,,,,,,,,,,,,,,,,,,,,,,,,,,,,,,,,,,,,,,,,,,,,,,,,,,,,,,50.3442841,30.4769898,
12:39:26.293,,,,,,,,,,,,,,,,,,,,,,,,,,,,,,,,,,,,,,,,,,,,,,,,,,,,,,,,37,,,,,,,,,87,,,,,,,,,,50.3442841,30.4769898,
12:39:26.412,,,,,,,,,,,,,,,,,,,,,,,,,,,,,,,,,,22.39,34.090909598903224,,,2000,2,,-0.03854361678799356,0.2262984121388889,0.2263,97.179925,6849.143804000001,47.05882352941177,-0.08,,,,,,10.022245322324865,,,,28,91,,22,,,,,87,45.2918144717587,,,,,,,26.868,,50.3442841,30.4769898,
12:39:26.568,,,,,,,,,,,,,,,,,,,,80,26.274509803921568,99,,,,,,,,,,23.92156862745098,,,,,,,,12.549019607843137,,,,,,,,,,,,,,15.38841876,,,,,,,,,,,,45.2784188717587,,76.8627450980392,99,,,,,,50.3442841,30.4769898,
12:39:26.653,,,,,,,,,,,,,,,,,,,,,,,5.143562727645056,5.14336,432.6448,1002.96494895,0.06429453409556321,0.064292,5.40806,12.851218000000001,7.500000111758709,,26.274509803921568,,,7.500000111758709,29.34148470215126,,,,,,,,,,,28.41139426824742,28.410075121520105,5.564997091734739,28.050721910359275,0.18763247447797343,,,22,,,,35000,,35000,0,0,,87,45.2784188717587,35000,76.4705882352942,,,,,,0,50.3442841,30.4769898,
12:39:26.834,,,,,,,,,,,,,,,22,,,,,,,,,,,,,,,,,,,,,,,,,,,,,,,,,,,,,,,,,,,,,,,,,,,,,,,,,48,,,50.3442841,30.4769898,
12:39:26.893,,,,,,,,,,,,,,,,,,3.8125,,,,,,,,,,,,,,,,,,,,,,,,,,,,,,,,,,,,,,,,,,,,,,,,,,,,,,,,,50.3442841,30.4769898,
12:39:26.930,,,,,,,,,,,,,,,,192,0,,,,,,,,,,,,,,,,,,,,,,,,,,,,,,,,,,,,,,,,,,,,,,,,,,,,,,,,,,50.3442841,30.4769898,
12:39:27.038,,,,,,,,,361.6,50.5,,3.784,,,,,,,,,,,,,,,,,,,,,,,,,,,,,,,,,,,,,,,,,,,,,,,,,,,,7.557,,,,,,,,,,,50.3442841,30.4769898,
12:39:27.097,46.55000000000018,,-1600,,,,,,,,,,3.778,,,,,,,,,,,,,,,,,,,,,,,,,,,,,,,,,,,,,,,,,,,,,,,,,,,7.562,,,,,,,,,,,50.3442841,30.4769898,
12:39:27.145,,54.450000000000045,,,,,,,,,,,,,,,,,,,,,,,,,,,,,,,,,,,,,,,,,,,,,,,,,,,,,,,,,,,,,,,,,,,,,,,,,50.3442841,30.4769898,
12:39:27.266,,,,,,,,,,,,,,,,,,,,,,,,,,,,,,,,,,22.41,32.60869613808134,,,1998,2,,,0.23175485611111113,0.231756,97.185381,6849.149260000001,47.05882352941177,-0.09,,,,,,10.157180678365123,,,,28,90,,23,,,,,87,45.2984188717587,,,,,,,26.892,,50.3442841,30.4769898,
12:39:27.330,,,,,,,,,,,,,,,,,,,,79.6078431372549,26.274509803921568,99,,,,,,,,,,23.92156862745098,,,,,,,,9.019607843137255,,,,,,,,,,,,,,15.3781488,,,,,,,,,,,,45.2881489117587,,76.4705882352942,99,,,,,,50.3442841,30.4769898,
12:39:27.417,,,,,,,,,,,,,,,,,,,,,,,5.270777796207375,5.27056,432.772,1003.09214895,0.06588472245259219,0.065882,5.40965,12.852808000000001,7.500000111758709,,26.274509803921568,,,7.500000111758709,29.34148470215126,,,,,,,,,,,28.428626505674952,28.427311482766356,5.56632072060303,28.109090720859413,0.1876555395728082,,,22,,,,35060,,35000,0,0,,87,45.2881489117587,35060,76.4705882352942,,,,,,0,50.3442841,30.4769898,
12:39:27.488,,,,,,,,,,,,,,,,,,,27,,,,,,,,,,,,,,,,,,,,,,,,,,,,,,,,,,,,,,,,,,,,,,,,,,,,,49,,,50.3442841,30.4769898,
12:39:27.585,,,,,,,,,,,,,,,22,,,,,,,,,,,,,,,,,,,,,,,,,,,,,,,,,,,,,,,,,,,,,,,,,,,,,,,,,49,,,50.3442841,30.4769898,
12:39:27.633,,,,,,,,,,,,,,,,,,26.421875,,,,,,,,,,,,,,,,,,,,,,,,,,,,,,,,,,,,,,,,,,,,,,,,,,,,,,,,,50.3442841,30.4769898,
12:39:27.682,,,,,,,,,,,,,,,,1536,0.09375,,,,,,,,,,,,,,,,,,,,,,,,,,,,,,,,,,,,,,,,,,,,,,,,,,,,,,,,,,50.3442841,30.4769898,
12:39:27.802,,,,,,,,,361.92,50.5,,3.768,,,,,,,,,,,,,,,,,,,,,,,,,,,,,,,,,,,,,,,,,,,,,,,,,,,,7.546,,,,,,,,,,,50.3442841,30.4769898,
12:39:27.863,35.65000000000009,,-1600,,,,,,,,,,3.757,,,,,,,,,,,,,,,,,,,,,,,,,,,,,,,,,,,,,,,,,,,,,,,,,,,7.525,,,,,,,,,,,50.3442841,30.4769898,
12:39:27.902,,32.05000000000018,,,,,,,,,,,,,,,,,,,,,,,,,,,,,,,,,,,,,,,,,,,,,,,,,,,,,,,,,,,,,,,,,,,,,,,,,50.3442841,30.4769898,
12:39:28.033,,,,,,,,,,,,,,,,,,,,,,,,,,,,,,,,,,22.400000000000002,32.60869613808134,,,2001,2,,,0.2366571872777778,0.236658,97.19028300000001,6849.154162000001,47.05882352941177,-0.08,,,,,,10.276042221423296,,,,28,91,,23,,,,,87,45.2781489117587,,,,,,,26.880000000000003,,50.3442841,30.4769898,
12:39:28.097,,,,,,,,,,,,,,,,,,,,80,26.274509803921568,99,,,,,,,,,,23.529411764705884,,,,,,,,12.549019607843137,,,,,,,,,,,,,,15.363413640000001,,,,,,,,,,,,45.2634137517587,,76.078431372549,99,,,,,,50.3442841,30.4769898,
12:39:28.205,,,,,,,,,,,,,,,,,,,,,,,5.401352888597541,5.401120000000001,432.90256,1003.22270895,0.06751691110746925,0.067514,5.411282,12.85444,7.450000111013651,,25.88235294117647,,,7.450000111013651,29.145874804136916,,,,,,,,,,,28.52941500915452,28.528086944028935,5.567719151512296,28.166598135570222,0.1876792330258546,,,22,,,,35020,,35000,0,0,,87,45.2134137510136,35020,75.6862745098039,,,,,,0,50.3442841,30.4769898,
12:39:28.325,,,,,,,,,,,,,,,22,,,,,,,,,,,,,,,,,,,,,,,,,,,,,,,,,,,,,,,,,,,,,,,,,,,,,,,,,49,,,50.3442841,30.4769898,
12:39:28.374,,,,,,,,,,,,,,,,,,7.046875,,,,,,,,,,,,,,,,,,,,,,,,,,,,,,,,,,,,,,,,,,,,,,,,,,,,,,,,,50.3442841,30.4769898,
12:39:28.410,,,,,,,,,,,,,,,,512,0.03125,,,,,,,,,,,,,,,,,,,,,,,,,,,,,,,,,,,,,,,,,,,,,,,,,,,,,,,,,,50.3442841,30.4769898,
12:39:28.530,,,,,,,,,361.76,50.5,,3.789,,,,,,,,,,,,,,,,,,,,,,,,,,,,,,,,,,,,,,,,,,,,,,,,,,,,7.546,,,,,,,,,,,50.3442841,30.4769898,
12:39:28.613,44.850000000000136,,-1600,,,,,,,,,,3.775,,,,,,,,,,,,,,,,,,,,,,,,,,,,,,,,,,,,,,,,,,,,,,,,,,,7.564,,,,,,,,,,,50.3442841,30.4769898,
12:39:28.660,,45.5,,,,,,,,,,,,,,,,,,,,,,,,,,,,,,,,,,,,,,,,,,,,,,,,,,,,,,,,,,,,,,,,,,,,,,,,,50.3442841,30.4769898,
12:39:28.770,,,,,,,,,,,,,,,,,,,,,,,,,,,,,,,,,,22.2,32.391304830494136,,,2000,2,,,0.24136078630555557,0.241362,97.194987,6849.158866000001,46.666666666666664,-0.08,,,,,,10.388035351317344,,,,28,91,,23,,,,,87,45.0134137510136,,,,,,,26.639999999999997,,50.3442841,30.4769898,
12:39:28.834,,,,,,,,,,,,,,,,,,,,79.6078431372549,26.274509803921568,99,,,,,,,,,,23.529411764705884,,,,,,,,9.803921568627452,,,,,,,,,,,,,,15.355376280000002,,,,,,,,,,,,45.0053763910136,,75.6862745098039,99,,,,,,50.3442841,30.4769898,
12:39:28.981,,,,,,,,,,,,,,,,,,,,,,,5.529831037734237,5.5296,433.03104,1003.3511889499999,0.06912288797167795,0.06912,5.412888,12.856046000000001,7.450000111013651,,25.88235294117647,,,7.450000111013651,29.145874804136916,,,,,,,,,,,28.638822830221656,28.637482288015512,5.5691020360957495,28.223966662253748,0.18770255226256857,,,22,,,,35040,,35000,0,0,,87,45.0053763910136,35040,75.6862745098039,,,,,,0,50.3442841,30.4769898,
12:39:29.100,,,,,,,,,,,,,,,22,,,,,,,,,,,,,,,,,,,,,,,,,,,,,,,,,,,,,,,,,,,,,,,,,,,,,,,,,49,,,50.3442841,30.4769898,
12:39:29.162,,,,,,,,,,,,,,,,,,1.4375,,,,,,,,,,,,,,,,,,,,,,,,,,,,,,,,,,,,,,,,,,,,,,,,,,,,,,,,,50.3442841,30.4769898,
12:39:29.257,,,,,,,,,,,,,,,,32,0,,,,,,,,,,,,,,,,,,,,,,,,,,,,,,,,,,,,,,,,,,,,,,,,,,,,,,,,,,50.3442841,30.4769898,
12:39:29.487,,,,,,,,,365.79,51,,3.802,,,,,,,,,,,,,,,,,,,,,,,,,,,,,,,,,,,,,,,,,,,,,,,,,,,,7.577,,,,,,,,,,,50.3442841,30.4769898,
12:39:29.548,54.90000000000009,,-1600,,,,,,,,,,3.79,,,,,,,,,,,,,,,,,,,,,,,,,,,,,,,,,,,,,,,,,,,,,,,,,,,7.592,,,,,,,,,,,50.3442841,30.4769898,
12:39:29.585,,54.25,,,,,,,,,,,,,,,,,,,,,,,,,,,,,,,,,,,,,,,,,,,,,,,,,,,,,,,,,,,,,,,,,,,,,,,,,50.3442841,30.4769898,
12:39:29.733,,,,,,,,,,,,,,,,,,,,,,,,,,,,,,,,,,22.23,32.391304830494136,,,1997,2,,0.008529771277329882,0.24751410855555558,0.247515,97.20114000000001,6849.165019000001,47.05882352941177,-0.08,,,,,,10.531603838246557,,,,28,91,,23,,,,,87,45.0353763910136,,,,,,,26.676,,50.3442841,30.4769898,
12:39:29.805,,,,,,,,,,,,,,,,,,,,80,25.88235294117647,99,,,,,,,,,,23.529411764705884,,,,,,,,6.2745098039215685,,,,,,,,,,,,,,15.341980679999999,,,,,,,,,,,,45.0219807910136,,75.6862745098039,99,,,,,,50.3442841,30.4769898,
12:39:29.972,,,,,,,,,,,,,,,,,,,,,,,5.693889079512226,5.69368,433.19512,1003.51526895,0.07117361349390282,0.071171,5.4149389999999995,12.858097,7.450000111013651,,25.88235294117647,,,7.450000111013651,29.145874804136916,,,,,,,,,,,28.755376374000758,28.754216916146493,5.570859559877589,28.272882855435324,0.18773232889455657,,,22,,,,35000,,35000,0,0,,87,45.0219807910136,35000,75.2941176470589,,,,,,0,50.3442841,30.4769898,
12:39:30.129,,,,,,,,,,,,,,,22,,,,,,,,,,,,,,,,,,,,,,,,,,,,,,,,,,,,,,,,,,,,,,,,,,,,,,,,,49,,,50.3442841,30.4769898,
12:39:30.178,,,,,,,,,,,,,,,,,,-29.90625,,,,,,,,,,,,,,,,,,,,,,,,,,,,,,,,,,,,,,,,,,,,,,,,,,,,,,,,,50.3442841,30.4769898,
12:39:30.225,,,,,,,,,,,,,,,,-2016,-0.125,,,,,,,,,,,,,,,,,,,,,,,,,,,,,,,,,,,,,,,,,,,,,,,,,,,,,,,,,,50.3442841,30.4769898,
12:39:30.322,,,,,17,,,,,,86.6758781031239,,,86.6758781031239,,,,,,,,,,,,,,,,,,,,,,,,,,,,,,,,,,,,,,,,,,,,,,,,,,,,,,,,127.5,88,,,,50.3442841,30.4769898,
12:39:30.393,,,,,,,,,366.75,51,,3.817,,,,,,,,,,,,,,,,,,,,,,,,,,,,,,,,,,,,,,,,,,,,,,,,,,,,7.607,,,,,,,,,,,50.3442841,30.4769898,
12:39:30.452,58.30000000000018,,-1600,,,,,,,,,,3.803,,,,,,,,,,,,,,,,,,,,,,,,,,,,,,,,,,,,,,,,,,,,,,,,,,,7.62,,,,,,,,,,,50.3442841,30.4769898,
12:39:30.478,,58.75,,,,,,,,,,,,,,,,,,,,,,,,,,,,,,,,,,,,,,,,,,,,,,,,,,,,,,,,,,,,,,,,,,,,,,,,,50.3442841,30.4769898,
12:39:30.609,,,,,,,,,,,,,,,,,,,,,,,,,,,,,,,,,,,,,,,,,,,,,,,,,,,,,,,,39,,,,,,,,,89,,,,,,,,,,50.3442841,30.4769898,
12:39:30.706,,,,,,,,,,,,,,,,,,,,,,,,,,,,,,,,,,22.29,32.391304830494136,,,2000,2,,0,0.2537447638333334,0.253746,97.20737100000001,6849.171250000001,46.666666666666664,-0.08,,,,,,10.673684096066198,,,,28,91,,23,,,,,89,45.0819807910136,,,,,,,26.747999999999998,,50.3442841,30.4769898,
12:39:30.794,,,,,,,,,,,,,,,,,,,,79.6078431372549,25.88235294117647,99,,,,,,,,,,23.137254901960784,,,,,,,,6.2745098039215685,,,,,,,,,,,,,,15.32947812,,,,,,,,,,,,45.0694782310136,,74.9019607843137,99,,,,,,50.3442841,30.4769898,
12:39:30.913,,,,,,,,,,,,,,,,,,,,,,,5.8495493652761885,5.84936,433.3508,1003.67094895,0.07311936706595236,0.073117,5.416885,12.860043000000001,7.450000111013651,,25.49019607843137,,,7.450000111013651,29.145874804136916,,,,,,,,,,,28.816108739086804,28.815035507948892,5.5725043731508785,28.34057180551795,0.1877605703025749,,,23,,,,35010,,35000,0,0,,90,45.0694782310136,35010,74.5098039215686,,,,,,0,50.3442841,30.4769898,
12:39:31.020,,,,,,,,,,,,,,,22,,,,,,,,,,,,,,,,,,,,,,,,,,,,,,,,,,,,,,,,,,,,,,,,,,,,,,,,,49,,,50.3442841,30.4769898,
12:39:31.057,,,,,,,,,,,,,,,,,,-29.71875,,,,,,,,,,,,,,,,,,,,,,,,,,,,,,,,,,,,,,,,,,,,,,,,,,,,,,,,,50.3442841,30.4769898,
12:39:31.106,,,,,,,,,,,,,,,,-2016,-0.125,,,,,,,,,,,,,,,,,,,,,,,,,,,,,,,,,,,,,,,,,,,,,,,,,,,,,,,,,,50.3442841,30.4769898,
12:39:31.260,,,,,,,,,364.98,51.5,,3.824,,,,,,,,,,,,,,,,,,,,,,,,,,,,,,,,,,,,,,,,,,,,,,,,,,,,7.627,,,,,,,,,,,50.3442841,30.4769898,
12:39:31.334,61.950000000000045,,-1600,,,,,,,,,,3.815,,,,,,,,,,,,,,,,,,,,,,,,,,,,,,,,,,,,,,,,,,,,,,,,,,,7.639,,,,,,,,,,,50.3442841,30.4769898,
12:39:31.381,,62.600000000000136,,,,,,,,,,,,,,,,,,,,,,,,,,,,,,,,,,,,,,,,,,,,,,,,,,,,,,,,,,,,,,,,,,,,,,,,,50.3442841,30.4769898,
12:39:31.522,,,,,,,,,,,,,,,,,,,,,,,,,,,,,,,,,,22.330000000000002,33.86363686824387,,,2000,2,,-0.008119408925743749,0.2587176505555556,0.258719,97.212344,6849.176223000001,46.666666666666664,-0.09,,,,,,10.780363827966964,,,,28,90,,22,,,,,90,45.1094782310136,,,,,,,26.796000000000003,,50.3442841,30.4769898,
12:39:31.609,,,,,,,,,,,,,,,,,,,,79.2156862745098,25.49019607843137,99,,,,,,,,,,23.137254901960784,,,,,,,,6.666666666666667,,,,,,,,,,,,,,15.33483636,,,,,,,,,,,,45.1148364710136,,74.5098039215686,99,,,,,,50.3442841,30.4769898,
12:39:31.682,,,,,,,,,,,,,,,,,,,,,,,5.9787016805340425,5.97848,433.47992,1003.80006895,0.07473377100667553,0.074731,5.418499,12.861657000000001,7.550000112503767,,25.49019607843137,,,7.550000112503767,29.537094600165602,,,,,,,,,,,28.886228228416755,28.885006512857583,5.57387958878967,28.41096590004662,0.18778399885244124,,,23,,,,35000,,35000,0,0,,90,45.2148364725038,35000,74.1176470588236,,,,,,0,50.3442841,30.4769898,
12:39:31.830,,,,,,,,,,,,,,,22,,,,,,,,,,,,,,,,,,,,,,,,,,,,,,,,,,,,,,,,,,,,,,,,,,,,,,,,,49,,,50.3442841,30.4769898,
12:39:31.889,,,,,,,,,,,,,,,,,,-14.53125,,,,,,,,,,,,,,,,,,,,,,,,,,,,,,,,,,,,,,,,,,,,,,,,,,,,,,,,,50.3442841,30.4769898,
12:39:31.925,,,,,,,,,,,,,,,,-832,-0.0625,,,,,,,,,,,,,,,,,,,,,,,,,,,,,,,,,,,,,,,,,,,,,,,,,,,,,,,,,,50.3442841,30.4769898,
12:39:32.044,,,,19,,,,,,,,,,,,,,,,,,,,,,,,,,,,,,,,,,,,,,,,,,,,,,,,,,,,,,,,,,,,,,,,,,,88,,,,50.3442841,30.4769898,
12:39:32.165,,,,,,,,,368.52,52,,3.823,,,,,,,,,,,,,,,,,,,,,,,,,,,,,,,,,,,,,,,,,,,,,,,,,,,,7.638,,,,,,,,,,,50.3442841,30.4769898,
12:39:32.224,53.80000000000018,,-1600,,,,,,,,,,3.801,,,,,,,,,,,,,,,,,,,,,,,,,,,,,,,,,,,,,,,,,,,,,,,,,,,7.624,,,,,,,,,,,50.3442841,30.4769898,
12:39:32.261,,53.200000000000045,,,,,,,,,,,,,,,,,,,,,,,,,,,,,,,,,,,,,,,,,,,,,,,,,,,,,,,,,,,,,,,,,,,,,,,,,50.3442841,30.4769898,
12:39:32.416,,,,,,,,,,,,,,,,,,,,,,,,,,,,,,,,,,22.29,35.952381488113176,,,1999,2,,-0.015536217286874399,0.26393352963888894,0.263935,97.21756,6849.181439000001,46.666666666666664,-0.09,,,,,,10.885047614292178,,,,28,90,,21,,,,,90,45.1748364725038,,,,,,,26.747999999999998,,50.3442841,30.4769898,
12:39:32.525,,,,,,,,,,,,,,,,,,,,79.6078431372549,25.49019607843137,99,,,,,,,,,,23.137254901960784,,,,,,,,9.803921568627452,,,,,,,,,,,,,,15.3089382,,,,,,,,,,,,45.1489383125038,,74.1176470588236,99,,,,,,50.3442841,30.4769898,
12:39:32.633,,,,,,,,,,,,,,,,,,,,,,,6.138191221688399,6.138,433.63944,1003.95958895,0.07672739027110499,0.076725,5.420493,12.863651,7.550000112503767,,25.49019607843137,,,7.550000112503767,29.537094600165602,,,,,,,,,,,29.07072488140578,29.069657301987235,5.575631604002403,28.496490714488854,0.1878129688133671,,,23,,,,35030,,35000,0,0,,90,45.1489383125038,35030,74.1176470588236,,,,,,0,50.3442841,30.4769898,
12:39:32.778,,,,,,,,,,,,,,,22,,,,,,,,,,,,,,,,,,,,,,,,,,,,,,,,,,,,,,,,,,,,,,,,,,,,,,,,,49,,,50.3442841,30.4769898,
12:39:32.825,,,,,,,,,,,,,,,,,,8.015625,,,,,,,,,,,,,,,,,,,,,,,,,,,,,,,,,,,,,,,,,,,,,,,,,,,,,,,,,50.3442841,30.4769898,
12:39:32.874,,,,,,,,,,,,,,,,576,0.03125,,,,,,,,,,,,,,,,,,,,,,,,,,,,,,,,,,,,,,,,,,,,,,,,,,,,,,,,,,50.3442841,30.4769898,
12:39:32.981,,,,,,,,,367.88,52,,3.811,,,,,,,,,,,,,,,,,,,,,,,,,,,,,,,,,,,,,,,,,,,,,,,,,,,,7.612,,,,,,,,,,,50.3442841,30.4769898,
12:39:33.054,46.350000000000136,,-1600,,,,,,,,,,3.796,,,,,,,,,,,,,,,,,,,,,,,,,,,,,,,,,,,,,,,,,,,,,,,,,,,7.607,,,,,,,,,,,50.3442841,30.4769898,
12:39:33.088,,47.200000000000045,,,,,,,,,,,,,,,,,,,,,,,,,,,,,,,,,,,,,,,,,,,,,,,,,,,,,,,,,,,,,,,,,,,,,,,,,50.3442841,30.4769898,
12:39:33.245,,,,,,,,,,,,,,,,,,,,,,,,,,,,,,,,,,22.47,35.952381488113176,,,1999,2,,-0.01613271156155559,0.26876568738888895,0.268767,97.222392,6849.1862710000005,47.05882352941177,-0.09,,,,,,10.980134249437144,,,,28,90,,21,,,,,90,45.3289383125038,,,,,,,26.964,,50.3442841,30.4769898,
12:39:33.304,,,,,,,,,,,,,,,,,,,,79.2156862745098,25.49019607843137,99,,,,,,,,,,23.137254901960784,,,,,,,,0,,,,,,,,,,,,,,15.29331,,,,,,,,,,,,45.3133101125038,,74.1176470588236,99,,,,,,50.3442841,30.4769898,
12:39:33.472,,,,,,,,,,,,,,,,,,,,,,,6.279916378466935,6.27976,433.7812,1004.10134895,0.07849895473083669,0.078497,5.4222649999999994,12.865423000000002,7.600000113248825,,25.49019607843137,,,7.600000113248825,29.73270449817994,,,,,,,,,,,29.207208514401277,29.206338575792415,5.57717711779813,28.597197425474818,0.18783870800058725,,,23,,,,34980,,35000,0,0,,90,45.3633101132488,34980,74.1176470588236,,,,,,0,50.3442841,30.4769898,
12:39:33.592,,,,,,,,,,,,,,,22,,,,,,,,,,,,,,,,,,,,,,,,,,,,,,,,,,,,,,,,,,,,,,,,,,,,,,,,,49,,,50.3442841,30.4769898,
12:39:33.641,,,,,,,,,,,,,,,,,,-59.046875,,,,,,,,,,,,,,,,,,,,,,,,,,,,,,,,,,,,,,,,,,,,,,,,,,,,,,,,,50.3442841,30.4769898,
12:39:33.690,,,,,,,,,,,,,,,,-3680,-0.234375,,,,,,,,,,,,,,,,,,,,,,,,,,,,,,,,,,,,,,,,,,,,,,,,,,,,,,,,,,50.3442841,30.4769898,
12:39:33.798,,,,,,17,17,18,,,,,,,,,,,,,,,,,,,,,,,,,,,,,,,,,,,,,,,,,,,,,,,,,,,,,,,,,,,,,,,88,,,,50.3442841,30.4769898,
12:39:33.881,,,,,,,,,367.56,52.5,,3.852,,,,,,,,,,,,,,,,,,,,,,,,,,,,,,,,,,,,,,,,,,,,,,,,,,,,7.648,,,,,,,,,,,50.3442841,30.4769898,
12:39:33.929,70.25,,-1600,,,,,,,,,,3.842,,,,,,,,,,,,,,,,,,,,,,,,,,,,,,,,,,,,,,,,,,,,,,,,,,,7.694,,,,,,,,,,,50.3442841,30.4769898,
12:39:33.978,,69.85000000000014,,,,,,,,,,,,,,,,,,,,,,,,,,,,,,,,,,,,,,,,,,,,,,,,,,,,,,,,,,,,,,,,,,,,,,,,,50.3442841,30.4769898,
12:39:34.098,,,,,,,,,,,,,,,,,,,,,,,,,,,,,,,,,,22.25,38.000000566244125,,,1999,2,,-0.025056888651049092,0.27350681461111115,0.273508,97.22713300000001,6849.191012000001,46.666666666666664,-0.09,,,,,,11.066650909688972,,,,28,90,,20,,,,,90,45.1433101132488,,,,,,,26.7,,50.3442841,30.4769898,
12:39:34.210,,,,,,,,,,,,,,,,,,,,78.82352941176471,25.49019607843137,99,,,,,,,,,,22.745098039215687,,,,,,,,10.196078431372548,,,,,,,,,,,,,,15.26919792,,,,,,,,,,,,45.1191980332488,,73.7254901960785,99,,,,,,50.3442841,30.4769898,
12:39:34.389,,,,,,,,,,,,,,,,,,,,,,,6.434710022551318,6.43456,433.936,1004.25614895,0.08043387528189147,0.080432,5.4242,12.867358000000001,7.600000113248825,,25.098039215686274,,,7.600000113248825,29.73270449817994,,,,,,,,,,,29.408362419143856,29.40754932214049,5.5788953480712005,28.709591173696964,0.1878668294906067,,,23,,,,34970,,35000,0,0,,90,45.1191980332488,34970,73.3333333333334,,,,,,0,50.3442841,30.4769898,
12:39:34.486,,,,,,,,,,,,,,,,,,,27,,,,,,,,,,,,,,,,,,,,,,,,,,,,,,,,,,,,,,,,,,,,,,,,,,,,,49,,,50.3442841,30.4769898,
12:39:34.592,,,,,,,,,,,,,,,22,,,,,,,,,,,,,,,,,,,,,,,,,,,,,,,,,,,,,,,,,,,,,,,,,,,,,,,,,49,,,50.3442841,30.4769898,
12:39:34.642,,,,,,,,,,,,,,,,,,52.953125,,,,,,,,,,,,,,,,,,,,,,,,,,,,,,,,,,,,,,,,,,,,,,,,,,,,,,,,,50.3442841,30.4769898,
12:39:34.702,,,,,,,,,,,,,,,,3392,0.203125,,,,,,,,,,,,,,,,,,,,,,,,,,,,,,,,,,,,,,,,,,,,,,,,,,,,,,,,,,50.3442841,30.4769898,
12:39:34.809,,,,,,,,,361.44,52.5,,3.787,,,,,,,,,,,,,,,,,,,,,,,,,,,,,,,,,,,,,,,,,,,,,,,,,,,,7.629,,,,,,,,,,,50.3442841,30.4769898,
12:39:34.858,27.450000000000045,,27.200000000000045,,,,,,,,,,3.772,,,,,,,,,,,,,,,,,,,,,,,,,,,,,,,,,,,,,,,,,,,,,,,,,,,7.559,,,,,,,,,,,50.3442841,30.4769898,
12:39:34.894,,27.350000000000136,,,,,,,,,,,,,,,,,,,,,,,,,,,,,,,,,,,,,,,,,,,,,,,,,,,,,,,,,,,,,,,,,,,,,,,,,50.3442841,30.4769898,
12:39:34.989,,,,,,,,,,,,,,,,,,,,,,,,,,,,,,,,,,,,,,,,,,,,,,,,,,,,,,,,42,,,,,,,,,93,,,,,,,,,,50.3442841,30.4769898,
12:39:35.048,,,,,,,,,,,,,,,,,,,,,,,,,,,,,,,,,,22.2,38.000000566244125,,,1999,2,,-0.016065210821840585,0.27878443350000004,0.278786,97.232411,6849.196290000001,46.666666666666664,-0.09,,,,,,11.161026121488868,,,,28,90,,20,,,,,93,45.0691980332488,,,,,,,26.639999999999997,,50.3442841,30.4769898,
12:39:35.109,,,,,,,,,,,,,,,,,,,,79.2156862745098,25.49019607843137,99,,,,,,,,,,22.745098039215687,,,,,,,,16.07843137254902,,,,,,,,,,,,,,15.26071404,,,,,,,,,,,,45.0607141532488,,73.3333333333334,99,,,,,,50.3442841,30.4769898,
12:39:35.181,,,,,,,,,,,,,,,,,,,,,,,6.568451244099772,6.56832,434.06976,1004.38990895,0.08210564055124715,0.082104,5.425872,12.86903,7.600000113248825,,25.098039215686274,,,7.600000113248825,29.73270449817994,,,,,,,,,,,29.45130024673603,29.450546297159832,5.58031210395472,28.818704674098914,0.1878910963435098,,,23,,,,34930,,35000,0,0,,93,45.0607141532488,34930,73.3333333333334,,,,,,0,50.3442841,30.4769898,
12:39:35.290,,,,,,,,,,,,,,,22,,,,,,,,,,,,,,,,,,,,,,,,,,,,,,,,,,,,,,,,,,,,,,,,,,,,,,,,,49,,,50.3442841,30.4769898,
12:39:35.337,,,,,,,,,,,,,,,,,,64.421875,,,,,,,,,,,,,,,,,,,,,,,,,,,,,,,,,,,,,,,,,,,,,,,,,,,,,,,,,50.3442841,30.4769898,
12:39:35.409,,,,,,,,,,,,,,,,4320,0.25,,,,,,,,,,,,,,,,,,,,,,,,,,,,,,,,,,,,,,,,,,,,,,,,,,,,,,,,,,50.3442841,30.4769898,
12:39:35.697,,,,,,,,,360.47,52.5,,3.777,,,,,,,,,,,,,,,,,,,,,,,,,,,,,,,,,,,,,,,,,,,,,,,,,,,,7.549,,,,,,,,,,,50.3442841,30.4769898,
12:39:35.793,28.25,,24.40000000000009,,,,,,,,,,3.767,,,,,,,,,,,,,,,,,,,,,,,,,,,,,,,,,,,,,,,,,,,,,,,,,,,7.544,,,,,,,,,,,50.3442841,30.4769898,
12:39:35.829,,25.40000000000009,,,,,,,,,,,,,,,,,,,,,,,,,,,,,,,,,,,,,,,,,,,,,,,,,,,,,,,,,,,,,,,,,,,,,,,,,50.3442841,30.4769898,
12:39:35.984,,,,,,,,,,,,,,,,,,,,,,,,,,,,,,,,,,22.25,34.54545506022193,,,2000,2,,,0.2845087491666667,0.28451,97.238135,6849.202014000001,46.666666666666664,-0.09,,,,,,11.272770088965835,,,,28,90,,22,,,,,93,45.1107141532488,,,,,,,26.7,,50.3442841,30.4769898,
12:39:36.070,,,,,,,,,,,,,,,,,,,,79.2156862745098,25.49019607843137,99,,,,,,,,,,22.745098039215687,,,,,,,,15.294117647058824,,,,,,,,,,,,,,15.24731844,,,,,,,,,,,,45.0973185532488,,73.3333333333334,99,,,,,,50.3442841,30.4769898,
12:39:36.238,,,,,,,,,,,,,,,,,,,,,,,6.745951746744736,6.745839999999999,434.24728,1004.56742895,0.0843243968343092,0.084323,5.428091,12.871249,7.550000112503767,,25.098039215686274,,,7.550000112503767,29.537094600165602,,,,,,,,,,,29.63859532661034,29.637974060665705,5.582265640944266,28.936846945258342,0.18792333725433605,,,24,,,,34940,,35000,0,0,,94,45.0473185525038,34940,73.3333333333334,,,,,,0,50.3442841,30.4769898,
12:39:36.374,,,,,,,,,,,,,,,22,,,,,,,,,,,,,,,,,,,,,,,,,,,,,,,,,,,,,,,,,,,,,,,,,,,,,,,,,49,,,50.3442841,30.4769898,
12:39:36.421,,,,,,,,,,,,,,,,,,31.6875,,,,,,,,,,,,,,,,,,,,,,,,,,,,,,,,,,,,,,,,,,,,,,,,,,,,,,,,,50.3442841,30.4769898,
12:39:36.468,,,,,,,,,,,,,,,,1856,0.109375,,,,,,,,,,,,,,,,,,,,,,,,,,,,,,,,,,,,,,,,,,,,,,,,,,,,,,,,,,50.3442841,30.4769898,
12:39:36.602,,,,,,,,,367.08,53,,3.797,,,,,,,,,,,,,,,,,,,,,,,,,,,,,,,,,,,,,,,,,,,,,,,,,,,,7.564,,,,,,,,,,,50.3442841,30.4769898,
12:39:36.661,43.350000000000136,,-1600,,,,,,,,,,3.789,,,,,,,,,,,,,,,,,,,,,,,,,,,,,,,,,,,,,,,,,,,,,,,,,,,7.586,,,,,,,,,,,50.3442841,30.4769898,
12:39:36.697,,44.200000000000045,,,,,,,,,,,,,,,,,,,,,,,,,,,,,,,,,,,,,,,,,,,,,,,,,,,,,,,,,,,,,,,,,,,,,,,,,50.3442841,30.4769898,
12:39:36.830,,,,,,,,,,,,,,,,,,,,,,,,,,,,,,,,,,22.09,32.82608744566855,,,1999,2,,,0.28991108244444447,0.289912,97.243537,6849.207416000001,46.666666666666664,-0.09,,,,,,11.38090375062492,,,,28,90,,23,,,,,94,44.8873185525038,,,,,,,26.508,,50.3442841,30.4769898,
12:39:36.916,,,,,,,,,,,,,,,,,,,,79.6078431372549,25.49019607843137,99,,,,,,,,,,22.745098039215687,,,,,,,,11.764705882352942,,,,,,,,,,,,,,15.502281360000001,,,,,,,,,,,,45.1422814725038,,73.3333333333334,99,,,,,,50.3442841,30.4769898,
12:39:36.989,,,,,,,,,,,,,,,,,,,,,,,6.871947826400002,6.871840000000001,434.37328,1004.69342895,0.08589934783000003,0.085898,5.429666,12.872824000000001,7.550000112503767,,25.098039215686274,,,7.550000112503767,29.537094600165602,,,,,,,,,,,29.629549552132378,29.62899086619388,5.583575184024825,29.038359885582096,0.187946184399798,,,24,,,,34990,,35000,0,0,,94,45.1422814725038,34990,73.3333333333334,,,,,,0,50.3442841,30.4769898,
12:39:37.146,,,,,,,,,,,,,,,22,,,,,,,,,,,,,,,,,,,,,,,,,,,,,,,,,,,,,,,,,,,,,,,,,,,,,,,,,49,,,50.3442841,30.4769898,
12:39:37.182,,,,,,,,,,,,,,,,,,-9.5625,,,,,,,,,,,,,,,,,,,,,,,,,,,,,,,,,,,,,,,,,,,,,,,,,,,,,,,,,50.3442841,30.4769898,
12:39:37.217,,,,,,,,,,,,,,,,-640,-0.046875,,,,,,,,,,,,,,,,,,,,,,,,,,,,,,,,,,,,,,,,,,,,,,,,,,,,,,,,,,50.3442841,30.4769898,
12:39:37.326,,,,,17,,,,,,86.6758781031239,,,86.6758781031239,,,,,,,,,,,,,,,,,,,,,,,,,,,,,,,,,,,,,,,,,,,,,,,,,,,,,,,,127.5,88,,,,50.3442841,30.4769898,
12:39:37.384,,,,,,,,,368.36,53,,3.831,,,,,,,,,,,,,,,,,,,,,,,,,,,,,,,,,,,,,,,,,,,,,,,,,,,,7.62,,,,,,,,,,,50.3442841,30.4769898,
12:39:37.446,59.15000000000009,,-1600,,,,,,,,,,3.815,,,,,,,,,,,,,,,,,,,,,,,,,,,,,,,,,,,,,,,,,,,,,,,,,,,7.646,,,,,,,,,,,50.3442841,30.4769898,
12:39:37.481,,57.450000000000045,,,,,,,,,,,,,,,,,,,,,,,,,,,,,,,,,,,,,,,,,,,,,,,,,,,,,,,,,,,,,,,,,,,,,,,,,50.3442841,30.4769898,
12:39:37.590,,,,,,,,,,,,,,,,,,,,,,,,,,,,,,,,,,22.07,32.82608744566855,,,1997,2,,0.024334256702579805,0.29476332280555556,0.294764,97.248389,6849.212268000001,46.666666666666664,-0.09,,,,,,11.476340757542017,,,,28,90,,23,,,,,94,45.1222814725038,,,,,,,26.483999999999998,,50.3442841,30.4769898,
12:39:37.654,,,,,,,,,,,,,,,,,,,,78.82352941176471,25.49019607843137,99,,,,,,,,,,22.745098039215687,,,,,,,,9.411764705882353,,,,,,,,,,,,,,15.4897788,,,,,,,,,,,,45.1097789125038,,73.3333333333334,99,,,,,,50.3442841,30.4769898,
12:39:37.729,,,,,,,,,,,,,,,,,,,,,,,6.993522592656052,6.99344,434.49488,1004.8150289499999,0.08741903240820065,0.087418,5.431186,12.874344,7.400000110268593,,25.098039215686274,,,7.400000110268593,28.95026490612258,,,,,,,,,,,29.657364279974463,29.656945895699607,5.584859611401892,29.140754700107053,0.18796824359130812,,,24,,,,34990,,35000,0,0,,94,44.9597789102686,34990,73.3333333333334,,,,,,0,50.3442841,30.4769898,
12:39:37.836,,,,,,,,,,,,,,,22,,,,,,,,,,,,,,,,,,,,,,,,,,,,,,,,,,,,,,,,,,,,,,,,,,,,,,,,,49,,,50.3442841,30.4769898,
12:39:37.874,,,,,,,,,,,,,,,,,,-0.0625,,,,,,,,,,,,,,,,,,,,,,,,,,,,,,,,,,,,,,,,,,,,,,,,,,,,,,,,,50.3442841,30.4769898,
12:39:37.921,,,,,,,,,,,,,,,,0,0,,,,,,,,,,,,,,,,,,,,,,,,,,,,,,,,,,,,,,,,,,,,,,,,,,,,,,,,,,50.3442841,30.4769898,
12:39:38.029,,,,,,,,,367.88,53,,3.828,,,,,,,,,,,,,,,,,,,,,,,,,,,,,,,,,,,,,,,,,,,,,,,,,,,,7.643,,,,,,,,,,,50.3442841,30.4769898,
12:39:38.114,54.25,,-1600,,,,,,,,,,3.819,,,,,,,,,,,,,,,,,,,,,,,,,,,,,,,,,,,,,,,,,,,,,,,,,,,7.647,,,,,,,,,,,50.3442841,30.4769898,
12:39:38.174,,51.700000000000045,,,,,,,,,,,,,,,,,,,,,,,,,,,,,,,,,,,,,,,,,,,,,,,,,,,,,,,,,,,,,,,,,,,,,,,,,50.3442841,30.4769898,
12:39:38.412,,,,,,,,,,,,,,,,,,,,,,,,,,,,,,,,,,22,32.17391352290692,,,2000,2,,0.02525983284677105,0.3000191205277778,0.30002,97.253645,6849.217524000001,46.666666666666664,-0.09,,,,,,11.577961976320442,,,,28,90,,23,,,,,94,44.8897789102686,,,,,,,26.4,,50.3442841,30.4769898,
12:39:38.509,,,,,,,,,,,,,,,,,,,,79.6078431372549,25.49019607843137,99,,,,,,,,,,22.745098039215687,,,,,,,,9.803921568627452,,,,,,,,,,,,,,15.437982480000002,,,,,,,,,,,,44.8379825902686,,73.3333333333334,99,,,,,,50.3442841,30.4769898,
12:39:38.581,,,,,,,,,,,,,,,,,,,,,,,7.1337209391896135,7.1335999999999995,434.63504,1004.95518895,0.08917151173987017,0.08917,5.432938,12.876096,7.400000110268593,,25.098039215686274,,,7.400000110268593,28.95026490612258,,,,,,,,,,,29.721942915839616,29.721351909872674,5.58635925676616,29.24013202566415,0.18799367891122623,,,24,,,,34970,,35000,0,0,,94,44.8379825902686,34970,73.3333333333334,,,,,,0,50.3442841,30.4769898,
12:39:38.702,,,,,,,,,,,,,,,22,,,,,,,,,,,,,,,,,,,,,,,,,,,,,,,,,,,,,,,,,,,,,,,,,,,,,,,,,49,,,50.3442841,30.4769898,
12:39:38.738,,,,,,,,,,,,,,,,,,7.46875,,,,,,,,,,,,,,,,,,,,,,,,,,,,,,,,,,,,,,,,,,,,,,,,,,,,,,,,,50.3442841,30.4769898,
12:39:38.774,,,,,,,,,,,,,,,,384,0.015625,,,,,,,,,,,,,,,,,,,,,,,,,,,,,,,,,,,,,,,,,,,,,,,,,,,,,,,,,,50.3442841,30.4769898,
12:39:38.894,,,,,,,,,369.17,53.5,,3.824,,,,,,,,,,,,,,,,,,,,,,,,,,,,,,,,,,,,,,,,,,,,,,,,,,,,7.643,,,,,,,,,,,50.3442841,30.4769898,
12:39:38.954,47.65000000000009,,-1600,,,,,,,,,,3.812,,,,,,,,,,,,,,,,,,,,,,,,,,,,,,,,,,,,,,,,,,,,,,,,,,,7.636,,,,,,,,,,,50.3442841,30.4769898,
12:39:39.013,,51.450000000000045,,,,,,,,,,,,,,,,,,,,,,,,,,,,,,,,,,,,,,,,,,,,,,,,,,,,,,,,,,,,,,,,,,,,,,,,,50.3442841,30.4769898,
12:39:39.170,,,,,,,,,,,,,,,,,,,,,,,,,,,,,,,,,,,,,,,,,,,,,,,,,,,,,,,,44,,,,,,,,,96,,,,,,,,,,50.3442841,30.4769898,
12:39:39.230,,,,,,,,,,,,,,,,,,,,,,,,,,,,,,,,,,22.12,32.17391352290692,,,1999,2,,0.008728114769047437,0.3052415426944445,0.305242,97.25886700000001,6849.222746000001,46.666666666666664,-0.09,,,,,,11.677178042533109,,,,28,90,,23,,,,,96,44.9579825902686,,,,,,,26.544,,50.3442841,30.4769898,
12:39:39.352,,,,,,,,,,,,,,,,,,,,79.6078431372549,25.49019607843137,99,,,,,,,,,,22.745098039215687,,,,,,,,9.019607843137255,,,,,,,,,,,,,,15.410298240000001,,,,,,,,,,,,44.9302983502686,,73.3333333333334,99,,,,,,50.3442841,30.4769898,
12:39:39.509,,,,,,,,,,,,,,,,,,,,,,,7.286365197908635,7.28624,434.78768,1005.10782895,0.09107956497385794,0.091078,5.434846,12.878004,7.400000110268593,,25.098039215686274,,,7.400000110268593,28.95026490612258,,,,,,,,,,,29.83852203401789,29.83796463134169,5.588021090149034,29.34010695931383,0.18802139275614674,,,24,,,,34990,,35000,0,0,,96,44.9302983502686,34990,73.3333333333334,,,,,,0,50.3442841,30.4769898,
12:39:39.785,,,,,,,,,,,,,,,22,,,,,,,,,,,,,,,,,,,,,,,,,,,,,,,,,,,,,,,,,,,,,,,,,,,,,,,,,49,,,50.3442841,30.4769898,
12:39:39.833,,,,,,,,,,,,,,,,,,-58.53125,,,,,,,,,,,,,,,,,,,,,,,,,,,,,,,,,,,,,,,,,,,,,,,,,,,,,,,,,50.3442841,30.4769898,
12:39:39.881,,,,,,,,,,,,,,,,-3872,-0.25,,,,,,,,,,,,,,,,,,,,,,,,,,,,,,,,,,,,,,,,,,,,,,,,,,,,,,,,,,50.3442841,30.4769898,
12:39:40.024,,,,,,,,,371.74,54,,3.873,,,,,,,,,,,,,,,,,,,,,,,,,,,,,,,,,,,,,,,,,,,,,,,,,,,,7.685,,,,,,,,,,,50.3442841,30.4769898,
12:39:40.084,73.25,,-1600,,,,,,,,,,3.854,,,,,,,,,,,,,,,,,,,,,,,,,,,,,,,,,,,,,,,,,,,,,,,,,,,7.727,,,,,,,,,,,50.3442841,30.4769898,
12:39:40.122,,69.20000000000005,,,,,,,,,,,,,,,,,,,,,,,,,,,,,,,,,,,,,,,,,,,,,,,,,,,,,,,,,,,,,,,,,,,,,,,,,50.3442841,30.4769898,
12:39:40.241,,,,,,,,,,,,,,,,,,,,,,,,,,,,,,,,,,22.19,33.636364137584515,,,2000,2,,-0.008304094159835311,0.31142191713888895,0.311422,97.265047,6849.228926000001,46.666666666666664,-0.09,,,,,,11.786937601854929,,,,28,90,,22,,,,,96,45.0002983502686,,,,,,,26.628,,50.3442841,30.4769898,
12:39:40.482,,,,,,,,,,,,,,,,,,,,79.6078431372549,25.49019607843137,99,,,,,,,,,,22.745098039215687,,,,,,,,9.019607843137255,,,,,,,,,,,,,,15.37457664,,,,,,,,,,,,44.9645767502686,,73.3333333333334,99,,,,,,50.3442841,30.4769898,
12:39:40.553,,,,,,,,,,,,,,,,,,,,,,,7.457957288465557,7.45784,434.95928,1005.27942895,0.09322446610581946,0.093223,5.436991,12.880149000000001,7.400000110268593,,25.098039215686274,,,7.400000110268593,28.95026490612258,,,,,,,,,,,29.935101216476973,29.934622473685227,5.589871354300585,29.438417362853514,0.18805254049994358,,,25,,,,35000,,35000,0,0,,97,44.9645767502686,35000,73.3333333333334,,,,,,0,50.3442841,30.4769898,
12:39:40.686,,,,,,,,,,,,,,,22,,,,,,,,,,,,,,,,,,,,,,,,,,,,,,,,,,,,,,,,,,,,,,,,,,,,,,,,,49,,,50.3442841,30.4769898,
12:39:40.733,,,,,,,,,,,,,,,,,,40.1875,,,,,,,,,,,,,,,,,,,,,,,,,,,,,,,,,,,,,,,,,,,,,,,,,,,,,,,,,50.3442841,30.4769898,
12:39:40.782,,,,,,,,,,,,,,,,2432,0.140625,,,,,,,,,,,,,,,,,,,,,,,,,,,,,,,,,,,,,,,,,,,,,,,,,,,,,,,,,,50.3442841,30.4769898,
12:39:40.913,,,,19,,,,,,,,,,,,,,,,,,,,,,,,,,,,,,,,,,,,,,,,,,,,,,,,,,,,,,,,,,,,,,,,,,,88,,,,50.3442841,30.4769898,
12:39:41.045,,,,,,,,,366.27,54,,3.808,,,,,,,,,,,,,,,,,,,,,,,,,,,,,,,,,,,,,,,,,,,,,,,,,,,,7.662,,,,,,,,,,,50.3442841,30.4769898,
12:39:41.117,36.950000000000045,,-1600,,,,,,,,,,3.8,,,,,,,,,,,,,,,,,,,,,,,,,,,,,,,,,,,,,,,,,,,,,,,,,,,7.608,,,,,,,,,,,50.3442841,30.4769898,
12:39:41.152,,39.100000000000136,,,,,,,,,,,,,,,,,,,,,,,,,,,,,,,,,,,,,,,,,,,,,,,,,,,,,,,,,,,,,,,,,,,,,,,,,50.3442841,30.4769898,
12:39:41.262,,,,,,,,,,,,,,,,,,,,,,,,,,,,,,,,,,22.2,33.636364137584515,,,1999,2,,-0.007714055330152645,0.3176590803055556,0.317659,97.27128400000001,6849.235163000001,46.666666666666664,-0.09,,,,,,11.89536446381287,,,,28,90,,22,,,,,97,44.9745767502686,,,,,,,26.639999999999997,,50.3442841,30.4769898,
12:39:41.374,,,,,,,,,,,,,,,,,,,,79.2156862745098,25.49019607843137,99,,,,,,,,,,22.745098039215687,,,,,,,,11.372549019607844,,,,,,,,,,,,,,15.33438984,,,,,,,,,,,,44.9343899502686,,73.3333333333334,99,,,,,,50.3442841,30.4769898,
12:39:41.481,,,,,,,,,,,,,,,,,,,,,,,7.610629486296105,7.610479999999999,435.11192,1005.43206895,0.09513286857870132,0.095131,5.438899,12.882057000000001,7.400000110268593,,25.098039215686274,,,7.400000110268593,28.95026490612258,,,,,,,,,,,29.94810300627742,29.947522343141543,5.591474458176166,29.532750218452737,0.18808022638191318,,,25,,,,34970,,35000,0,0,,97,44.9343899502686,34970,73.3333333333334,,,,,,0,50.3442841,30.4769898,
12:39:41.601,,,,,,,,,,,,,,,,,,,27,,,,,,,,,,,,,,,,,,,,,,,,,,,,,,,,,,,,,,,,,,,,,,,,,,,,,49,,,50.3442841,30.4769898,
12:39:41.733,,,,,,,,,,,,,,,22,,,,,,,,,,,,,,,,,,,,,,,,,,,,,,,,,,,,,,,,,,,,,,,,,,,,,,,,,49,,,50.3442841,30.4769898,
12:39:41.780,,,,,,,,,,,,,,,,,,8.359375,,,,,,,,,,,,,,,,,,,,,,,,,,,,,,,,,,,,,,,,,,,,,,,,,,,,,,,,,50.3442841,30.4769898,
12:39:41.829,,,,,,,,,,,,,,,,512,0.03125,,,,,,,,,,,,,,,,,,,,,,,,,,,,,,,,,,,,,,,,,,,,,,,,,,,,,,,,,,50.3442841,30.4769898,
12:39:41.961,,,,,,,,,366.59000000000003,54.5,,3.839,,,,,,,,,,,,,,,,,,,,,,,,,,,,,,,,,,,,,,,,,,,,,,,,,,,,7.639,,,,,,,,,,,50.3442841,30.4769898,
12:39:42.021,65.80000000000018,,-1600,,,,,,,,,,3.834,,,,,,,,,,,,,,,,,,,,,,,,,,,,,,,,,,,,,,,,,,,,,,,,,,,7.673,,,,,,,,,,,50.3442841,30.4769898,
12:39:42.105,,69.85000000000014,,,,,,,,,,,,,,,,,,,,,,,,,,,,,,,,,,,,,,,,,,,,,,,,,,,,,,,,,,,,,,,,,,,,,,,,,50.3442841,30.4769898,
12:39:42.261,,,,,,,,,,,,,,,,,,,,,,,,,,,,,,,,,,22.1,33.636364137584515,,,2001,2,,-0.007360629855258149,0.32376315630555563,0.323763,97.277388,6849.241267000001,46.666666666666664,-0.09,,,,,,11.999271597113719,,,,28,90,,22,,,,,97,44.8343899502686,,,,,,,26.52,,50.3442841,30.4769898,
12:39:42.345,,,,,,,,,,,,,,,,,,,,79.2156862745098,25.49019607843137,99,,,,,,,,,,22.745098039215687,,,,,,,,3.9215686274509802,,,,,,,,,,,,,,15.30491952,,,,,,,,,,,,44.8049196302686,,73.3333333333334,99,,,,,,50.3442841,30.4769898,
12:39:42.417,,,,,,,,,,,,,,,,,,,,,,,7.764504776144582,7.76432,435.26576,1005.58590895,0.09705630970180727,0.097054,5.440822,12.883980000000001,7.400000110268593,,25.098039215686274,,,7.400000110268593,28.95026490612258,,,,,,,,,,,29.977564714068063,29.976865793805963,5.593100423296727,29.623694925590343,0.18810813486853914,,,25,,,,34980,,35000,0,0,,97,44.8049196302686,34980,73.3333333333334,,,,,,0,50.3442841,30.4769898,
12:39:42.549,,,,,,,,,,,,,,,22,,,,,,,,,,,,,,,,,,,,,,,,,,,,,,,,,,,,,,,,,,,,,,,,,,,,,,,,,49,,,50.3442841,30.4769898,
12:39:42.597,,,,,,,,,,,,,,,,,,15.8125,,,,,,,,,,,,,,,,,,,,,,,,,,,,,,,,,,,,,,,,,,,,,,,,,,,,,,,,,50.3442841,30.4769898,
12:39:42.634,,,,,,,,,,,,,,,,1088,0.0625,,,,,,,,,,,,,,,,,,,,,,,,,,,,,,,,,,,,,,,,,,,,,,,,,,,,,,,,,,50.3442841,30.4769898,
12:39:42.776,,,,,,17,17,18,,,,,,,,,,,,,,,,,,,,,,,,,,,,,,,,,,,,,,,,,,,,,,,,,,,,,,,,,,,,,,,88,,,,50.3442841,30.4769898,
12:39:42.825,,,,,,,,,368.36,54.5,,3.826,,,,,,,,,,,,,,,,,,,,,,,,,,,,,,,,,,,,,,,,,,,,,,,,,,,,7.66,,,,,,,,,,,50.3442841,30.4769898,
12:39:42.885,42.90000000000009,,-1600,,,,,,,,,,3.816,,,,,,,,,,,,,,,,,,,,,,,,,,,,,,,,,,,,,,,,,,,,,,,,,,,7.642,,,,,,,,,,,50.3442841,30.4769898,
12:39:42.934,,40.15000000000009,,,,,,,,,,,,,,,,,,,,,,,,,,,,,,,,,,,,,,,,,,,,,,,,,,,,,,,,,,,,,,,,,,,,,,,,,50.3442841,30.4769898,
12:39:43.054,,,,,,,,,,,,,,,,,,,,,,,,,,,,,,,,,,22.04,33.636364137584515,,,2000,2,,-0.007406990948290536,0.32861132441666674,0.328611,97.282236,6849.246115000001,46.666666666666664,-0.09,,,,,,12.08028958295882,,,,28,90,,22,,,,,97,44.7449196302686,,,,,,,26.447999999999997,,50.3442841,30.4769898,
12:39:43.129,,,,,,,,,,,,,,,,,,,,79.6078431372549,25.49019607843137,99,,,,,,,,,,22.745098039215687,,,,,,,,11.764705882352942,,,,,,,,,,,,,,15.275002679999998,,,,,,,,,,,,44.7150027902686,,73.3333333333334,99,,,,,,50.3442841,30.4769898,
12:39:43.225,,,,,,,,,,,,,,,,,,,,,,,7.8974034172360374,7.8972,435.39864,1005.71878895,0.09871754271545047,0.098715,5.442483,12.885641000000001,7.400000110268593,,25.098039215686274,,,7.400000110268593,28.95026490612258,,,,,,,,,,,30.040821901280662,30.040077781936695,5.59452909778924,29.704536343913247,0.18813225256689434,,,25,,,,35040,,35000,0,0,,97,44.7150027902686,35040,73.3333333333334,,,,,,0,50.3442841,30.4769898,
12:39:43.345,,,,,,,,,,,,,,,22,,,,,,,,,,,,,,,,,,,,,,,,,,,,,,,,,,,,,,,,,,,,,,,,,,,,,,,,,49,,,50.3442841,30.4769898,
12:39:43.430,,,,,,,,,,,,,,,,,,6.6875,,,,,,,,,,,,,,,,,,,,,,,,,,,,,,,,,,,,,,,,,,,,,,,,,,,,,,,,,50.3442841,30.4769898,
12:39:43.477,,,,,,,,,,,,,,,,352,0.015625,,,,,,,,,,,,,,,,,,,,,,,,,,,,,,,,,,,,,,,,,,,,,,,,,,,,,,,,,,50.3442841,30.4769898,
12:39:43.585,,,,,,,,,368.52,54.5,,3.837,,,,,,,,,,,,,,,,,,,,,,,,,,,,,,,,,,,,,,,,,,,,,,,,,,,,7.653,,,,,,,,,,,50.3442841,30.4769898,
12:39:43.632,51.90000000000009,,-1600,,,,,,,,,,3.822,,,,,,,,,,,,,,,,,,,,,,,,,,,,,,,,,,,,,,,,,,,,,,,,,,,7.659,,,,,,,,,,,50.3442841,30.4769898,
12:39:43.681,,49.350000000000136,,,,,,,,,,,,,,,,,,,,,,,,,,,,,,,,,,,,,,,,,,,,,,,,,,,,,,,,,,,,,,,,,,,,,,,,,50.3442841,30.4769898,
12:39:43.788,,,,,,,,,,,,,,,,,,,,,,,,,,,,,,,,,,,,,,,,,,,,,,,,,,,,,,,,46,,,,,,,,,99,,,,,,,,,,50.3442841,30.4769898,
12:39:43.898,,,,,,,,,,,,,,,,,,,,,,,,,,,,,,,,,,21.990000000000002,33.636364137584515,,,1999,2,,0,0.3337700732500001,0.33377,97.287395,6849.251274000001,46.666666666666664,-0.08,,,,,,12.16506849941596,,,,28,91,,22,,,,,99,44.6650027902686,,,,,,,26.388,,50.3442841,30.4769898,
12:39:43.973,,,,,,,,,,,,,,,,,,,,79.6078431372549,25.49019607843137,99,,,,,,,,,,22.745098039215687,,,,,,,,9.803921568627452,,,,,,,,,,,,,,15.256695360000002,,,,,,,,,,,,44.6466954702686,,73.3333333333334,99,,,,,,50.3442841,30.4769898,
12:39:44.082,,,,,,,,,,,,,,,,,,,,,,,8.038255578446009,8.038079999999999,435.53952,1005.85966895,0.10047819473057512,0.100476,5.444243999999999,12.887402000000002,7.400000110268593,,25.098039215686274,,,7.400000110268593,28.95026490612258,,,,,,,,,,,30.104015543453187,30.103364592383972,5.596042529456154,29.77927026300091,0.18815782170119869,,,25,,,,34960,,35000,0,0,,99,44.6466954702686,34960,73.3333333333334,,,,,,0,50.3442841,30.4769898,
12:39:44.214,,,,,,,,,,,,,,,22,,,,,,,,,,,,,,,,,,,,,,,,,,,,,,,,,,,,,,,,,,,,,,,,,,,,,,,,,49,,,50.3442841,30.4769898,
12:39:44.261,,,,,,,,,,,,,,,,,,13.046875,,,,,,,,,,,,,,,,,,,,,,,,,,,,,,,,,,,,,,,,,,,,,,,,,,,,,,,,,50.3442841,30.4769898,
12:39:44.297,,,,,,,,,,,,,,,,928,0.046875,,,,,,,,,,,,,,,,,,,,,,,,,,,,,,,,,,,,,,,,,,,,,,,,,,,,,,,,,,50.3442841,30.4769898,
12:39:44.406,,,,,17,,,,,,86.6758781031239,,,86.6758781031239,,,,,,,,,,,,,,,,,,,,,,,,,,,,,,,,,,,,,,,,,,,,,,,,,,,,,,,,127.5,88,,,,50.3442841,30.4769898,
12:39:44.477,,,,,,,,,368.36,55,,3.837,,,,,,,,,,,,,,,,,,,,,,,,,,,,,,,,,,,,,,,,,,,,,,,,,,,,7.659,,,,,,,,,,,50.3442841,30.4769898,
12:39:44.525,42.700000000000045,,-1600,,,,,,,,,,3.822,,,,,,,,,,,,,,,,,,,,,,,,,,,,,,,,,,,,,,,,,,,,,,,,,,,7.659,,,,,,,,,,,50.3442841,30.4769898,
12:39:44.562,,44.850000000000136,,,,,,,,,,,,,,,,,,,,,,,,,,,,,,,,,,,,,,,,,,,,,,,,,,,,,,,,,,,,,,,,,,,,,,,,,50.3442841,30.4769898,
12:39:44.680,,,,,,,,,,,,,,,,,,,,,,,,,,,,,,,,,,22.02,33.636364137584515,,,2000,2,,0,0.33855102280555566,0.338551,97.292176,6849.256055000001,46.666666666666664,-0.08,,,,,,12.242355002719378,,,,28,91,,22,,,,,99,44.6766954702686,,,,,,,26.424,,50.3442841,30.4769898,
12:39:44.765,,,,,,,,,,,,,,,,,,,,79.2156862745098,25.49019607843137,99,,,,,,,,,,22.745098039215687,,,,,,,,10.980392156862745,,,,,,,,,,,,,,15.23392284,,,,,,,,,,,,44.6539229502686,,73.3333333333334,99,,,,,,50.3442841,30.4769898,
12:39:44.861,,,,,,,,,,,,,,,,,,,,,,,8.166438117244967,8.16624,435.66768,1005.98782895,0.10208047646556209,0.102078,5.4458459999999995,12.889004000000002,7.400000110268593,,25.098039215686274,,,7.400000110268593,28.95026490612258,,,,,,,,,,,30.15216897577984,30.151439517236696,5.597414123002038,29.84125414272057,0.1881810797625378,,,25,,,,35040,,35000,0,0,,99,44.6539229502686,35040,73.3333333333334,,,,,,0,50.3442841,30.4769898,
12:39:45.149,,,,,,,,,,,,,,,23,,,,,,,,,,,,,,,,,,,,,,,,,,,,,,,,,,,,,,,,,,,,,,,,,,,,,,,,,50,,,50.3442841,30.4769898,
12:39:45.185,,,,,,,,,,,,,,,,,,14.890625,,,,,,,,,,,,,,,,,,,,,,,,,,,,,,,,,,,,,,,,,,,,,,,,,,,,,,,,,50.3442841,30.4769898,
12:39:45.222,,,,,,,,,,,,,,,,1056,0.0625,,,,,,,,,,,,,,,,,,,,,,,,,,,,,,,,,,,,,,,,,,,,,,,,,,,,,,,,,,50.3442841,30.4769898,
12:39:45.352,,,,,,,,,367.24,55,,3.831,,,,,,,,,,,,,,,,,,,,,,,,,,,,,,,,,,,,,,,,,,,,,,,,,,,,7.653,,,,,,,,,,,50.3442841,30.4769898,
12:39:45.412,41.850000000000136,,-1600,,,,,,,,,,3.817,,,,,,,,,,,,,,,,,,,,,,,,,,,,,,,,,,,,,,,,,,,,,,,,,,,7.648,,,,,,,,,,,50.3442841,30.4769898,
12:39:45.461,,42.90000000000009,,,,,,,,,,,,,,,,,,,,,,,,,,,,,,,,,,,,,,,,,,,,,,,,,,,,,,,,,,,,,,,,,,,,,,,,,50.3442841,30.4769898,
12:39:45.593,,,,,,,,,,,,,,,,,,,,,,,,,,,,,,,,,,22.19,32.17391352290692,,,2000,2,,0.008500224276464014,0.3443807727500001,0.344381,97.298006,6849.261885000001,47.05882352941177,-0.09,,,,,,12.340060203534197,,,,28,90,,23,,,,,99,44.8239229502686,,,,,,,26.628,,50.3442841,30.4769898,
12:39:45.665,,,,,,,,,,,,,,,,,,,,79.6078431372549,25.49019607843137,99,,,,,,,,,,22.745098039215687,,,,,,,,10.980392156862745,,,,,,,,,,,,,,15.224992440000001,,,,,,,,,,,,44.8149925502686,,73.3333333333334,99,,,,,,50.3442841,30.4769898,
12:39:45.751,,,,,,,,,,,,,,,,,,,,,,,8.312675439424073,8.31248,435.81392,1006.13406895,0.10390844299280091,0.103906,5.447674,12.890832000000001,7.400000110268593,,25.098039215686274,,,7.400000110268593,28.95026490612258,,,,,,,,,,,30.17254481516372,30.171815518277718,5.598957495593487,29.901357856756217,0.1882076085925571,,,26,,,,34990,,35000,0,0,,100,44.8149925502686,34990,73.3333333333334,,,,,,0,50.3442841,30.4769898,
12:39:45.898,,,,,,,,,,,,,,,23,,,,,,,,,,,,,,,,,,,,,,,,,,,,,,,,,,,,,,,,,,,,,,,,,,,,,,,,,50,,,50.3442841,30.4769898,
12:39:45.944,,,,,,,,,,,,,,,,,,12.953125,,,,,,,,,,,,,,,,,,,,,,,,,,,,,,,,,,,,,,,,,,,,,,,,,,,,,,,,,50.3442841,30.4769898,
12:39:46.005,,,,,,,,,,,,,,,,864,0.046875,,,,,,,,,,,,,,,,,,,,,,,,,,,,,,,,,,,,,,,,,,,,,,,,,,,,,,,,,,50.3442841,30.4769898,
12:39:46.138,,,,,,,,,367.72,55.5,,3.837,,,,,,,,,,,,,,,,,,,,,,,,,,,,,,,,,,,,,,,,,,,,,,,,,,,,7.654,,,,,,,,,,,50.3442841,30.4769898,
12:39:46.197,48.90000000000009,,-1600,,,,,,,,,,3.826,,,,,,,,,,,,,,,,,,,,,,,,,,,,,,,,,,,,,,,,,,,,,,,,,,,7.663,,,,,,,,,,,50.3442841,30.4769898,
12:39:46.234,,49.350000000000136,,,,,,,,,,,,,,,,,,,,,,,,,,,,,,,,,,,,,,,,,,,,,,,,,,,,,,,,,,,,,,,,,,,,,,,,,50.3442841,30.4769898,
12:39:46.377,,,,,,,,,,,,,,,,,,,,,,,,,,,,,,,,,,22.080000000000002,32.17391352290692,,,1999,2,,0.008523994538379999,0.34939279858333344,0.349393,97.30301800000001,6849.266897000001,46.666666666666664,-0.08,,,,,,12.42265270339651,,,,28,91,,23,,,,,100,44.7049925502686,,,,,,,26.496000000000002,,50.3442841,30.4769898,
12:39:46.466,,,,,,,,,,,,,,,,,,,,79.6078431372549,25.49019607843137,99,,,,,,,,,,22.745098039215687,,,,,,,,8.627450980392156,,,,,,,,,,,,,,15.19686168,,,,,,,,,,,,44.6768617902686,,73.3333333333334,99,,,,,,50.3442841,30.4769898,
12:39:46.585,,,,,,,,,,,,,,,,,,,,,,,8.449922715246995,8.44976,435.95120000000003,1006.27134895,0.10562403394058743,0.105622,5.44939,12.892548000000001,7.400000110268593,,25.098039215686274,,,7.400000110268593,28.95026490612258,,,,,,,,,,,30.23074155187406,30.23014198910682,5.60043266078345,29.950703375528192,0.18823252464649867,,,26,,,,34980,,35000,0,0,,100,44.6768617902686,34980,73.3333333333334,,,,,,0,50.3442841,30.4769898,
12:39:46.706,,,,,,,,,,,,,,,23,,,,,,,,,,,,,,,,,,,,,,,,,,,,,,,,,,,,,,,,,,,,,,,,,,,,,,,,,50,,,50.3442841,30.4769898,
12:39:46.746,,,,,,,,,,,,,,,,,,5.96875,,,,,,,,,,,,,,,,,,,,,,,,,,,,,,,,,,,,,,,,,,,,,,,,,,,,,,,,,50.3442841,30.4769898,
12:39:46.793,,,,,,,,,,,,,,,,64,0,,,,,,,,,,,,,,,,,,,,,,,,,,,,,,,,,,,,,,,,,,,,,,,,,,,,,,,,,,50.3442841,30.4769898,
12:39:46.901,,,,,,,,,370.3,55.5,,3.841,,,,,,,,,,,,,,,,,,,,,,,,,,,,,,,,,,,,,,,,,,,,,,,,,,,,7.667,,,,,,,,,,,50.3442841,30.4769898,
12:39:46.986,42.05000000000018,,-1600,,,,,,,,,,3.829,,,,,,,,,,,,,,,,,,,,,,,,,,,,,,,,,,,,,,,,,,,,,,,,,,,7.67,,,,,,,,,,,50.3442841,30.4769898,
12:39:47.033,,44.40000000000009,,,,,,,,,,,,,,,,,,,,,,,,,,,,,,,,,,,,,,,,,,,,,,,,,,,,,,,,,,,,,,,,,,,,,,,,,50.3442841,30.4769898,
12:39:47.140,,,,,,,,,,,,,,,,,,,,,,,,,,,,,,,,,,22.17,33.636364137584515,,,2000,2,,,0.354058237138889,0.354058,97.307683,6849.271562000001,47.05882352941177,-0.09,,,,,,12.494325299521126,,,,28,90,,22,,,,,100,44.7668617902686,,,,,,,26.604000000000003,,50.3442841,30.4769898,
12:39:47.224,,,,,,,,,,,,,,,,,,,,79.2156862745098,25.49019607843137,99,,,,,,,,,,22.745098039215687,,,,,,,,11.764705882352942,,,,,,,,,,,,,,15.190163879999998,,,,,,,,,,,,44.7601639902686,,73.3333333333334,99,,,,,,50.3442841,30.4769898,
12:39:47.322,,,,,,,,,,,,,,,,,,,,,,,8.57109837483043,8.57096,436.0724,1006.39254895,0.10713872968538038,0.107137,5.450905,12.894063000000001,7.400000110268593,,25.098039215686274,,,7.400000110268593,28.95026490612258,,,,,,,,,,,30.26019972057656,30.259731456428042,5.601721089176484,30.003257556231873,0.18825451558289374,,,26,,,,34970,,35000,0,0,,100,44.7601639902686,34970,73.3333333333334,,,,,,0,50.3442841,30.4769898,
12:39:47.464,,,,,,,,,,,,,,,23,,,,,,,,,,,,,,,,,,,,,,,,,,,,,,,,,,,,,,,,,,,,,,,,,,,,,,,,,50,,,50.3442841,30.4769898,
12:39:47.513,,,,,,,,,,,,,,,,,,32.8125,,,,,,,,,,,,,,,,,,,,,,,,,,,,,,,,,,,,,,,,,,,,,,,,,,,,,,,,,50.3442841,30.4769898,
12:39:47.560,,,,,,,,,,,,,,,,1984,0.109375,,,,,,,,,,,,,,,,,,,,,,,,,,,,,,,,,,,,,,,,,,,,,,,,,,,,,,,,,,50.3442841,30.4769898,
12:39:47.669,,,,,,,,,367.24,55.5,,3.82,,,,,,,,,,,,,,,,,,,,,,,,,,,,,,,,,,,,,,,,,,,,,,,,,,,,7.649,,,,,,,,,,,50.3442841,30.4769898,
12:39:47.730,35.25,,-1600,,,,,,,,,,3.809,,,,,,,,,,,,,,,,,,,,,,,,,,,,,,,,,,,,,,,,,,,,,,,,,,,7.629,,,,,,,,,,,50.3442841,30.4769898,
12:39:47.765,,31.40000000000009,,,,,,,,,,,,,,,,,,,,,,,,,,,,,,,,,,,,,,,,,,,,,,,,,,,,,,,,,,,,,,,,,,,,,,,,,50.3442841,30.4769898,
12:39:47.861,,,,,,,,,,,,,,,,,,,,,,,,,,,,,,,,,,,,,,,,,,,,,,,,,,,,,,,,48,,,,,,,,,102,,,,,,,,,,50.3442841,30.4769898,
12:39:47.969,,,,,,,,,,,,,,,,,,,,,,,,,,,,,,,,,,21.97,32.17391352290692,,,1999,2,,,0.3593481630277779,0.359348,97.312973,6849.276852000001,47.05882352941177,-0.09,,,,,,12.578906365838657,,,,28,90,,23,,,,,102,44.5601639902686,,,,,,,26.363999999999997,,50.3442841,30.4769898,
12:39:48.089,,,,,,,,,,,,,,,,,,,,79.6078431372549,25.49019607843137,99,,,,,,,,,,22.745098039215687,,,,,,,,14.117647058823529,,,,,,,,,,,,,,15.163819199999999,,,,,,,,,,,,44.5338193102686,,73.3333333333334,99,,,,,,50.3442841,30.4769898,
12:39:48.305,,,,,,,,,,,,,,,,,,,,,,,8.732838072351651,8.73272,436.23416,1006.55430895,0.10916047590439563,0.109159,5.452927,12.896085000000001,7.400000110268593,,25.098039215686274,,,7.400000110268593,28.95026490612258,,,,,,,,,,,30.377357430920675,30.37696049511894,5.603494407677792,30.063256985477384,0.18828389155030756,,,26,,,,34990,,35000,0,0,,102,44.5338193102686,34990,73.3333333333334,,,,,,0,50.3442841,30.4769898,
12:39:48.366,,,,,,,,,,,,,,,,,,,27,,,,,,,,,,,,,,,,,,,,,,,,,,,,,,,,,,,,,,,,,,,,,,,,,,,,,50,,,50.3442841,30.4769898,
12:39:48.462,,,,,,,,,,,,,,,23,,,,,,,,,,,,,,,,,,,,,,,,,,,,,,,,,,,,,,,,,,,,,,,,,,,,,,,,,50,,,50.3442841,30.4769898,
12:39:48.534,,,,,,,,,,,,,,,,,,23.0625,,,,,,,,,,,,,,,,,,,,,,,,,,,,,,,,,,,,,,,,,,,,,,,,,,,,,,,,,50.3442841,30.4769898,
12:39:48.569,,,,,,,,,,,,,,,,1472,0.078125,,,,,,,,,,,,,,,,,,,,,,,,,,,,,,,,,,,,,,,,,,,,,,,,,,,,,,,,,,50.3442841,30.4769898,
12:39:48.737,,,,,,,,,369.65000000000003,56,,3.837,,,,,,,,,,,,,,,,,,,,,,,,,,,,,,,,,,,,,,,,,,,,,,,,,,,,7.646,,,,,,,,,,,50.3442841,30.4769898,
12:39:48.797,49.100000000000136,,-1600,,,,,,,,,,3.825,,,,,,,,,,,,,,,,,,,,,,,,,,,,,,,,,,,,,,,,,,,,,,,,,,,7.662,,,,,,,,,,,50.3442841,30.4769898,
12:39:48.833,,51.25,,,,,,,,,,,,,,,,,,,,,,,,,,,,,,,,,,,,,,,,,,,,,,,,,,,,,,,,,,,,,,,,,,,,,,,,,50.3442841,30.4769898,
12:39:48.941,,,,,,,,,,,,,,,,,,,,,,,,,,,,,,,,,,22.01,30.833333792785805,,,1999,2,,,0.36582588436111124,0.365826,97.319451,6849.283330000001,47.05882352941177,-0.09,,,,,,12.685802556231252,,,,28,90,,24,,,,,102,44.5738193102686,,,,,,,26.412000000000003,,50.3442841,30.4769898,
12:39:49.013,,,,,,,,,,,,,,,,,,,,79.6078431372549,25.098039215686274,99,,,,,,,,,,22.745098039215687,,,,,,,,7.450980392156863,,,,,,,,,,,,,,15.141046679999999,,,,,,,,,,,,44.5510467902686,,73.3333333333334,99,,,,,,50.3442841,30.4769898,
12:39:49.098,,,,,,,,,,,,,,,,,,,,,,,8.862349043281515,8.86224,436.36368,1006.68382895,0.11077936304101893,0.110778,5.454546,12.897704000000001,7.350000109523535,,25.098039215686274,,,7.350000109523535,28.75465500810823,,,,,,,,,,,30.281991454619778,30.2816092896623,5.6047850084974264,30.109927697042405,0.18830735098236911,,,26,,,,34990,,35000,0,0,,102,44.5010467895235,34990,72.9411764705883,,,,,,0,50.3442841,30.4769898,
12:39:49.221,,,,,,,,,,,,,,,23,,,,,,,,,,,,,,,,,,,,,,,,,,,,,,,,,,,,,,,,,,,,,,,,,,,,,,,,,50,,,50.3442841,30.4769898,
12:39:49.258,,,,,,,,,,,,,,,,,,-7.859375,,,,,,,,,,,,,,,,,,,,,,,,,,,,,,,,,,,,,,,,,,,,,,,,,,,,,,,,,50.3442841,30.4769898,
12:39:49.317,,,,,,,,,,,,,,,,-640,-0.046875,,,,,,,,,,,,,,,,,,,,,,,,,,,,,,,,,,,,,,,,,,,,,,,,,,,,,,,,,,50.3442841,30.4769898,
12:39:49.426,,,,19,,,,,,,,,,,,,,,,,,,,,,,,,,,,,,,,,,,,,,,,,,,,,,,,,,,,,,,,,,,,,,,,,,,88,,,,50.3442841,30.4769898,
12:39:49.549,,,,,,,,,367.56,56,,3.853,,,,,,,,,,,,,,,,,,,,,,,,,,,,,,,,,,,,,,,,,,,,,,,,,,,,7.678,,,,,,,,,,,50.3442841,30.4769898,
12:39:49.637,51.90000000000009,,-1600,,,,,,,,,,3.836,,,,,,,,,,,,,,,,,,,,,,,,,,,,,,,,,,,,,,,,,,,,,,,,,,,7.689,,,,,,,,,,,50.3442841,30.4769898,
12:39:49.672,,50.850000000000136,,,,,,,,,,,,,,,,,,,,,,,,,,,,,,,,,,,,,,,,,,,,,,,,,,,,,,,,,,,,,,,,,,,,,,,,,50.3442841,30.4769898,
12:39:49.914,,,,,,,,,,,,,,,,,,,,,,,,,,,,,,,,,,22.07,30.625000456348065,,,2001,2,,,0.3723138616944446,0.372314,97.325939,6849.289818000001,46.666666666666664,-0.08,,,,,,12.790880867298842,,,,28,91,,24,,,,,102,44.5610467895235,,,,,,,26.483999999999998,,50.3442841,30.4769898,
12:39:49.985,,,,,,,,,,,,,,,,,,,,80,25.88235294117647,99,,,,,,,,,,23.529411764705884,,,,,,,,11.764705882352942,,,,,,,,,,,,,,15.12407892,,,,,,,,,,,,44.5440790295235,,73.7254901960785,99,,,,,,50.3442841,30.4769898,
12:39:50.110,,,,,,,,,,,,,,,,,,,,,,,9.02741405540784,9.02728,436.52872,1006.84886895,0.11284267569259801,0.112841,5.456609,12.899767,7.350000109523535,,25.49019607843137,,,7.350000109523535,28.75465500810823,,,,,,,,,,,30.308480908832564,30.308019574874976,5.6065310605428635,30.149090936610293,0.18833729251898915,,,27,,,,35010,,35000,0,0,,103,44.5440790295235,35010,74.9019607843138,,,,,,0,50.3442841,30.4769898,
12:39:50.253,,,,,,,,,,,,,,,23,,,,,,,,,,,,,,,,,,,,,,,,,,,,,,,,,,,,,,,,,,,,,,,,,,,,,,,,,50,,,50.3442841,30.4769898,
12:39:50.290,,,,,,,,,,,,,,,,,,18.921875,,,,,,,,,,,,,,,,,,,,,,,,,,,,,,,,,,,,,,,,,,,,,,,,,,,,,,,,,50.3442841,30.4769898,
12:39:50.325,,,,,,,,,,,,,,,,1376,0.078125,,,,,,,,,,,,,,,,,,,,,,,,,,,,,,,,,,,,,,,,,,,,,,,,,,,,,,,,,,50.3442841,30.4769898,
12:39:50.446,,,,,,,,,366.27,56.5,,3.841,,,,,,,,,,,,,,,,,,,,,,,,,,,,,,,,,,,,,,,,,,,,,,,,,,,,7.677,,,,,,,,,,,50.3442841,30.4769898,
12:39:50.493,43.55000000000018,,-1600,,,,,,,,,,3.829,,,,,,,,,,,,,,,,,,,,,,,,,,,,,,,,,,,,,,,,,,,,,,,,,,,7.67,,,,,,,,,,,50.3442841,30.4769898,
12:39:50.541,,41.200000000000045,,,,,,,,,,,,,,,,,,,,,,,,,,,,,,,,,,,,,,,,,,,,,,,,,,,,,,,,,,,,,,,,,,,,,,,,,50.3442841,30.4769898,
12:39:50.660,,,,,,,,,,,,,,,,,,,,,,,,,,,,,,,,,,22.14,30.625000456348065,,,1999,2,,0.016093156424014897,0.3772982590277779,0.377298,97.330923,6849.294802000001,47.05882352941177,-0.09,,,,,,12.8702910996729,,,,28,90,,24,,,,,103,44.6140790295235,,,,,,,26.568,,50.3442841,30.4769898,
12:39:50.737,,,,,,,,,,,,,,,,,,,,80,25.88235294117647,99,,,,,,,,,,23.137254901960784,,,,,,,,11.764705882352942,,,,,,,,,,,,,,15.113808960000002,,,,,,,,,,,,44.6038090695235,,74.5098039215686,99,,,,,,50.3442841,30.4769898,
12:39:50.810,,,,,,,,,,,,,,,,,,,,,,,9.142701419792424,9.14256,436.644,1006.96414895,0.11428376774740528,0.114282,5.45805,12.901208,7.400000110268593,,25.49019607843137,,,7.400000110268593,28.95026490612258,,,,,,,,,,,30.290033153582968,30.289585420542913,5.60772448443749,30.178668598035788,0.18835819413456747,,,27,,,,35000,,35000,0,0,,103,44.6538090702686,35000,74.5098039215686,,,,,,0,50.3442841,30.4769898,
12:39:50.964,,,,,,,,,,,,,,,23,,,,,,,,,,,,,,,,,,,,,,,,,,,,,,,,,,,,,,,,,,,,,,,,,,,,,,,,,50,,,50.3442841,30.4769898,
12:39:51.038,,,,,,,,,,,,,,,,,,-35.515625,,,,,,,,,,,,,,,,,,,,,,,,,,,,,,,,,,,,,,,,,,,,,,,,,,,,,,,,,50.3442841,30.4769898,
12:39:51.120,,,,,,,,,,,,,,,,-2688,-0.171875,,,,,,,,,,,,,,,,,,,,,,,,,,,,,,,,,,,,,,,,,,,,,,,,,,,,,,,,,,50.3442841,30.4769898,
12:39:51.264,,,,,,17,17,18,,,,,,,,,,,,,,,,,,,,,,,,,,,,,,,,,,,,,,,,,,,,,,,,,,,,,,,,,,,,,,,88,,,,50.3442841,30.4769898,
12:39:51.313,,,,,17,,,,,,86.6758781031239,,,86.6758781031239,,,,,,,,,,,,,,,,,,,,,,,,,,,,,,,,,,,,,,,,,,,,,,,,,,,,,,,,127.5,88,,,,50.3442841,30.4769898,
12:39:51.386,,,,,,,,,375.13,56.5,,3.888,,,,,,,,,,,,,,,,,,,,,,,,,,,,,,,,,,,,,,,,,,,,,,,,,,,,7.717,,,,,,,,,,,50.3442841,30.4769898,
12:39:51.445,74.55000000000018,,-1600,,,,,,,,,,3.876,,,,,,,,,,,,,,,,,,,,,,,,,,,,,,,,,,,,,,,,,,,,,,,,,,,7.764,,,,,,,,,,,50.3442841,30.4769898,
12:39:51.494,,70.90000000000009,,,,,,,,,,,,,,,,,,,,,,,,,,,,,,,,,,,,,,,,,,,,,,,,,,,,,,,,,,,,,,,,,,,,,,,,,50.3442841,30.4769898,
12:39:51.625,,,,,,,,,,,,,,,,,,,,,,,,,,,,,,,,,,22.18,32.17391352290692,,,1999,2,,0,0.3834505763055557,0.38345,97.337075,6849.300954000001,47.05882352941177,-0.09,,,,,,12.961885014765214,,,,28,90,,23,,,,,103,44.6938090702686,,,,,,,26.616,,50.3442841,30.4769898,
12:39:51.697,,,,,,,,,,,,,,,,,,,,79.6078431372549,25.88235294117647,99,,,,,,,,,,23.137254901960784,,,,,,,,7.0588235294117645,,,,,,,,,,,,,,15.10398552,,,,,,,,,,,,44.6839856302686,,74.5098039215686,99,,,,,,50.3442841,30.4769898,
12:39:51.769,,,,,,,,,,,,,,,,,,,,,,,9.299368338126943,9.299199999999999,436.80064,1007.12078895,0.11624210422658678,0.11624,5.460008,12.903166,7.350000109523535,,25.49019607843137,,,7.350000109523535,28.75465500810823,,,,,,,,,,,30.314755384265823,30.314252184117873,5.609381625654973,30.209222962868157,0.18838661181130512,,,27,,,,35000,,35000,0,0,,103,44.6339856295235,35000,74.5098039215686,,,,,,0,50.3442841,30.4769898,
12:39:51.913,,,,,,,,,,,,,,,23,,,,,,,,,,,,,,,,,,,,,,,,,,,,,,,,,,,,,,,,,,,,,,,,,,,,,,,,,50,,,50.3442841,30.4769898,
12:39:51.961,,,,,,,,,,,,,,,,,,25.953125,,,,,,,,,,,,,,,,,,,,,,,,,,,,,,,,,,,,,,,,,,,,,,,,,,,,,,,,,50.3442841,30.4769898,
12:39:51.997,,,,,,,,,,,,,,,,1792,0.109375,,,,,,,,,,,,,,,,,,,,,,,,,,,,,,,,,,,,,,,,,,,,,,,,,,,,,,,,,,50.3442841,30.4769898,
12:39:52.116,,,,,,,,,368.52,57,,3.842,,,,,,,,,,,,,,,,,,,,,,,,,,,,,,,,,,,,,,,,,,,,,,,,,,,,7.718,,,,,,,,,,,50.3442841,30.4769898,
12:39:52.178,39.950000000000045,,-1600,,,,,,,,,,3.823,,,,,,,,,,,,,,,,,,,,,,,,,,,,,,,,,,,,,,,,,,,,,,,,,,,7.665,,,,,,,,,,,50.3442841,30.4769898,
12:39:52.213,,40.350000000000136,,,,,,,,,,,,,,,,,,,,,,,,,,,,,,,,,,,,,,,,,,,,,,,,,,,,,,,,,,,,,,,,,,,,,,,,,50.3442841,30.4769898,
12:39:52.349,,,,,,,,,,,,,,,,,,,,,,,,,,,,,,,,,,,,,,,,,,,,,,,,,,,,,,,,50,,,,,,,,,105,,,,,,,,,,50.3442841,30.4769898,
12:39:52.409,,,,,,,,,,,,,,,,,,,,,,,,,,,,,,,,,,21.87,33.409091406925164,,,2000,2,,-0.016333763257959915,0.388245032638889,0.388244,97.341869,6849.305748000001,46.666666666666664,-0.08,,,,,,13.02797957389122,,,,28,91,,22,,,,,105,44.3239856295235,,,,,,,26.244,,50.3442841,30.4769898,
12:39:52.493,,,,,,,,,,,,,,,,,,,,79.6078431372549,25.49019607843137,99,,,,,,,,,,23.137254901960784,,,,,,,,6.2745098039215685,,,,,,,,,,,,,,15.093715560000001,,,,,,,,,,,,44.3137156695235,,74.5098039215686,99,,,,,,50.3442841,30.4769898,
12:39:52.638,,,,,,,,,,,,,,,,,,,,,,,9.441711951914694,9.44152,436.94296,1007.26310895,0.11802139939893368,0.118019,5.461787,12.904945000000001,7.350000109523535,,25.49019607843137,,,7.350000109523535,28.75465500810823,,,,,,,,,,,30.398688837496778,30.398151677810862,5.610932948082187,30.24431663982055,0.1884124533901593,,,27,,,,35030,,35000,0,0,,105,44.3137156695235,35030,74.1176470588236,,,,,,0,50.3442841,30.4769898,
12:39:52.762,,,,,,,,,,,,,,,23,,,,,,,,,,,,,,,,,,,,,,,,,,,,,,,,,,,,,,,,,,,,,,,,,,,,,,,,,50,,,50.3442841,30.4769898,
12:39:52.809,,,,,,,,,,,,,,,,,,-5.984375,,,,,,,,,,,,,,,,,,,,,,,,,,,,,,,,,,,,,,,,,,,,,,,,,,,,,,,,,50.3442841,30.4769898,
12:39:52.845,,,,,,,,,,,,,,,,-352,-0.03125,,,,,,,,,,,,,,,,,,,,,,,,,,,,,,,,,,,,,,,,,,,,,,,,,,,,,,,,,,50.3442841,30.4769898,
12:39:52.966,,,,,,,,,372.39,57,,3.866,,,,,,,,,,,,,,,,,,,,,,,,,,,,,,,,,,,,,,,,,,,,,,,,,,,,7.689,,,,,,,,,,,50.3442841,30.4769898,
12:39:53.029,40.15000000000009,,-1600,,,,,,,,,,3.834,,,,,,,,,,,,,,,,,,,,,,,,,,,,,,,,,,,,,,,,,,,,,,,,,,,7.7,,,,,,,,,,,50.3442841,30.4769898,
12:39:53.077,,32.05000000000018,,,,,,,,,,,,,,,,,,,,,,,,,,,,,,,,,,,,,,,,,,,,,,,,,,,,,,,,,,,,,,,,,,,,,,,,,50.3442841,30.4769898,
12:39:53.185,,,,,,,,,,,,,,,,,,,,,,,,,,,,,,,,,,21.93,31.956522215319715,,,1999,2,,,0.39320678430555567,0.393206,97.34683100000001,6849.310710000001,47.05882352941177,-0.08,,,,,,13.099648183179823,,,,28,91,,23,,,,,105,44.3737156695235,,,,,,,26.316,,50.3442841,30.4769898,
12:39:53.256,,,,,,,,,,,,,,,,,,,,79.6078431372549,25.88235294117647,99,,,,,,,,,,23.137254901960784,,,,,,,,14.509803921568627,,,,,,,,,,,,,,15.094162079999998,,,,,,,,,,,,44.3741621895235,,74.1176470588236,99,,,,,,50.3442841,30.4769898,
12:39:53.342,,,,,,,,,,,,,,,,,,,,,,,9.556162315286803,9.556000000000001,437.05744,1007.37758895,0.11945202894108504,0.11945,5.4632179999999995,12.906376000000002,7.350000109523535,,25.49019607843137,,,7.350000109523535,28.75465500810823,,,,,,,,,,,30.378933860983558,30.3784784565851,5.612116947083772,30.27249263646246,0.18843320950758854,,,27,,,,34960,,35000,0,0,,105,44.3741621895235,34960,74.5098039215686,,,,,,0,50.3442841,30.4769898,
12:39:53.449,,,,,,,,,,,,,,,23,,,,,,,,,,,,,,,,,,,,,,,,,,,,,,,,,,,,,,,,,,,,,,,,,,,,,,,,,50,,,50.3442841,30.4769898,
12:39:53.498,,,,,,,,,,,,,,,,,,40.5625,,,,,,,,,,,,,,,,,,,,,,,,,,,,,,,,,,,,,,,,,,,,,,,,,,,,,,,,,50.3442841,30.4769898,
12:39:53.534,,,,,,,,,,,,,,,,2784,0.15625,,,,,,,,,,,,,,,,,,,,,,,,,,,,,,,,,,,,,,,,,,,,,,,,,,,,,,,,,,50.3442841,30.4769898,
12:39:53.629,,,,,,,,,369.17,57,,3.832,,,,,,,,,,,,,,,,,,,,,,,,,,,,,,,,,,,,,,,,,,,,,,,,,,,,7.666,,,,,,,,,,,50.3442841,30.4769898,
12:39:53.701,39.100000000000136,,-1600,,,,,,,,,,3.826,,,,,,,,,,,,,,,,,,,,,,,,,,,,,,,,,,,,,,,,,,,,,,,,,,,7.658,,,,,,,,,,,50.3442841,30.4769898,
12:39:53.736,,41,,,,,,,,,,,,,,,,,,,,,,,,,,,,,,,,,,,,,,,,,,,,,,,,,,,,,,,,,,,,,,,,,,,,,,,,,50.3442841,30.4769898,
12:39:53.869,,,,,,,,,,,,,,,,,,,,,,,,,,,,,,,,,,22,31.956522215319715,,,1999,2,,,0.3975736090277779,0.397573,97.351198,6849.315077000001,47.05882352941177,-0.09,,,,,,13.161876609601912,,,,28,90,,23,,,,,105,44.4441621895235,,,,,,,26.4,,50.3442841,30.4769898,
12:39:53.930,,,,,,,,,,,,,,,,,,,,79.6078431372549,25.49019607843137,99,,,,,,,,,,23.137254901960784,,,,,,,,9.019607843137255,,,,,,,,,,,,,,15.08389212,,,,,,,,,,,,44.4338922295235,,74.5098039215686,99,,,,,,50.3442841,30.4769898,
12:39:54.025,,,,,,,,,,,,,,,,,,,,,,,9.667750490616264,9.6676,437.16904,1007.48918895,0.1208468811327033,0.120845,5.464613,12.907771,7.350000109523535,,25.49019607843137,,,7.350000109523535,28.75465500810823,,,,,,,,,,,30.396102354032234,30.39567576269012,5.613298153762832,30.282001076275517,0.18845345636594077,,,28,,,,34990,,35000,0,0,,106,44.4338922295235,34990,74.1176470588236,,,,,,0,50.3442841,30.4769898,
12:39:54.180,,,,,,,,,,,,,,,23,,,,,,,,,,,,,,,,,,,,,,,,,,,,,,,,,,,,,,,,,,,,,,,,,,,,,,,,,50,,,50.3442841,30.4769898,
12:39:54.266,,,,,,,,,,,,,,,,,,-38.6875,,,,,,,,,,,,,,,,,,,,,,,,,,,,,,,,,,,,,,,,,,,,,,,,,,,,,,,,,50.3442841,30.4769898,
12:39:54.350,,,,,,,,,,,,,,,,-2656,-0.171875,,,,,,,,,,,,,,,,,,,,,,,,,,,,,,,,,,,,,,,,,,,,,,,,,,,,,,,,,,50.3442841,30.4769898,
12:39:54.470,,,,,,,,,373.84000000000003,57.5,,3.889,,,,,,,,,,,,,,,,,,,,,,,,,,,,,,,,,,,,,,,,,,,,,,,,,,,,7.715,,,,,,,,,,,50.3442841,30.4769898,
12:39:54.520,71.75,,-1600,,,,,,,,,,3.883,,,,,,,,,,,,,,,,,,,,,,,,,,,,,,,,,,,,,,,,,,,,,,,,,,,7.772,,,,,,,,,,,50.3442841,30.4769898,
12:39:54.546,,74.75,,,,,,,,,,,,,,,,,,,,,,,,,,,,,,,,,,,,,,,,,,,,,,,,,,,,,,,,,,,,,,,,,,,,,,,,,50.3442841,30.4769898,
12:39:54.677,,,,,,,,,,,,,,,,,,,,,,,,,,,,,,,,,,21.990000000000002,31.956522215319715,,,2000,2,,,0.40273319072222236,0.402733,97.356358,6849.320237000001,47.05882352941177,-0.08,,,,,,13.234401285803274,,,,28,91,,23,,,,,106,44.4238922295235,,,,,,,26.388,,50.3442841,30.4769898,
12:39:54.773,,,,,,,,,,,,,,,,,,,,79.6078431372549,25.49019607843137,99,,,,,,,,,,23.137254901960784,,,,,,,,0,,,,,,,,,,,,,,15.063352199999999,,,,,,,,,,,,44.4033523095235,,74.1176470588236,99,,,,,,50.3442841,30.4769898,
12:39:54.834,,,,,,,,,,,,,,,,,,,,,,,9.799814786250842,9.799679999999999,437.30112,1007.62126895,0.12249768482813553,0.122496,5.466264,12.909422000000001,7.350000109523535,,25.49019607843137,,,7.350000109523535,28.75465500810823,,,,,,,,,,,30.416585384596722,30.416181440309085,5.614696474163505,30.30604491020964,0.1884774189745627,,,28,,,,35010,,35000,0,0,,106,44.4033523095235,35010,74.1176470588236,,,,,,0,50.3442841,30.4769898,
12:39:54.905,,,,,,,,,,,,,,,,,,,26,,,,,,,,,,,,,,,,,,,,,,,,,,,,,,,,,,,,,,,,,,,,,,,,,,,,,49,,,50.3442841,30.4769898,
12:39:55.012,,,,,,,,,,,,,,,23,,,,,,,,,,,,,,,,,,,,,,,,,,,,,,,,,,,,,,,,,,,,,,,,,,,,,,,,,49,,,50.3442841,30.4769898,
12:39:55.050,,,,,,,,,,,,,,,,,,-69.203125,,,,,,,,,,,,,,,,,,,,,,,,,,,,,,,,,,,,,,,,,,,,,,,,,,,,,,,,,50.3442841,30.4769898,
12:39:55.085,,,,,,,,,,,,,,,,-4512,-0.28125,,,,,,,,,,,,,,,,,,,,,,,,,,,,,,,,,,,,,,,,,,,,,,,,,,,,,,,,,,50.3442841,30.4769898,
12:39:55.216,,,,,,,,,373.03000000000003,58,,3.911,,,,,,,,,,,,,,,,,,,,,,,,,,,,,,,,,,,,,,,,,,,,,,,,,,,,7.794,,,,,,,,,,,50.3442841,30.4769898,
12:39:55.277,73.70000000000005,,-1600,,,,,,,,,,3.892,,,,,,,,,,,,,,,,,,,,,,,,,,,,,,,,,,,,,,,,,,,,,,,,,,,7.803,,,,,,,,,,,50.3442841,30.4769898,
12:39:55.324,,76.90000000000009,,,,,,,,,,,,,,,,,,,,,,,,,,,,,,,,,,,,,,,,,,,,,,,,,,,,,,,,,,,,,,,,,,,,,,,,,50.3442841,30.4769898,
12:39:55.434,,,,,,,,,,,,,,,,,,,,,,,,,,,,,,,,,,22.04,35.00000052154064,,,2000,2,,-0.009363985524086418,0.4071543277222224,0.407154,97.36077900000001,6849.324658000001,47.05882352941177,-0.09,,,,,,13.28775716124844,,,,28,90,,21,,,,,106,44.4533523095235,,,,,,,26.447999999999997,,50.3442841,30.4769898,
12:39:55.498,,,,,,,,,,,,,,,,,,,,80,25.49019607843137,99,,,,,,,,,,23.137254901960784,,,,,,,,0,,,,,,,,,,,,,,15.03924012,,,,,,,,,,,,44.4292402295235,,74.1176470588236,99,,,,,,50.3442841,30.4769898,
12:39:55.586,,,,,,,,,,,,,,,,,,,,,,,9.922951641085724,9.9228,437.42424,1007.74438895,0.12403689551357155,0.124035,5.467803,12.910961,7.350000109523535,,25.49019607843137,,,7.350000109523535,28.75465500810823,,,,,,,,,,,30.464344124126484,30.463903093178505,5.616022238277284,30.33005838315938,0.18849976668750862,,,28,,,,34970,,35000,0,0,,106,44.4292402295235,34970,74.1176470588236,,,,,,0,50.3442841,30.4769898,
12:39:55.720,,,,,,,,,,,,,,,23,,,,,,,,,,,,,,,,,,,,,,,,,,,,,,,,,,,,,,,,,,,,,,,,,,,,,,,,,49,,,50.3442841,30.4769898,
12:39:55.757,,,,,,,,,,,,,,,,,,-114.515625,,,,,,,,,,,,,,,,,,,,,,,,,,,,,,,,,,,,,,,,,,,,,,,,,,,,,,,,,50.3442841,30.4769898,
12:39:55.793,,,,,,,,,,,,,,,,-7200,-0.453125,,,,,,,,,,,,,,,,,,,,,,,,,,,,,,,,,,,,,,,,,,,,,,,,,,,,,,,,,,50.3442841,30.4769898,
12:39:55.902,,,,,,,,,376.09000000000003,58,,3.928,,,,,,,,,,,,,,,,,,,,,,,,,,,,,,,,,,,,,,,,,,,,,,,,,,,,7.82,,,,,,,,,,,50.3442841,30.4769898,
12:39:55.949,84.40000000000009,,-1600,,,,,,,,,,3.911,,,,,,,,,,,,,,,,,,,,,,,,,,,,,,,,,,,,,,,,,,,,,,,,,,,7.839,,,,,,,,,,,50.3442841,30.4769898,
12:39:55.985,,81.40000000000009,,,,,,,,,,,,,,,,,,,,,,,,,,,,,,,,,,,,,,,,,,,,,,,,,,,,,,,,,,,,,,,,,,,,,,,,,50.3442841,30.4769898,
12:39:56.093,,,,,,,,,,,,,,,,,,,,,,,,,,,,,,,,,,,,,,,,,,,,,,,,,,,,,,,,51,,,,,,,,,107,,,,,,,,,,50.3442841,30.4769898,
12:39:56.154,,,,,,,,,,,,,,,,,,,,,,,,,,,,,,,,,,21.900000000000002,38.68421110275545,,,1999,2,,-0.038164537079607146,0.4109573270833335,0.410957,97.364582,6849.328461000001,47.05882352941177,-0.08,,,,,,13.324829008754726,,,,28,91,,19,,,,,107,44.2892402295235,,,,,,,26.28,,50.3442841,30.4769898,
12:39:56.231,,,,,,,,,,,,,,,,,,,,79.6078431372549,25.49019607843137,99,,,,,,,,,,23.137254901960784,,,,,,,,0,,,,,,,,,,,,,,15.03388188,,,,,,,,,,,,44.2838819895235,,74.1176470588236,99,,,,,,50.3442841,30.4769898,
12:39:56.317,,,,,,,,,,,,,,,,,,,,,,,10.042038335526922,10.04192,437.54336,1007.86350895,0.12552547919408652,0.125524,5.469292,12.912450000000002,7.350000109523535,,25.49019607843137,,,7.350000109523535,28.75465500810823,,,,,,,,,,,30.544650483536117,30.544314855325496,5.617332183483312,30.358681896111097,0.18852140138297274,,,28,,,,35000,,35000,0,0,,107,44.2838819895235,35000,74.1176470588236,,,,,,0,50.3442841,30.4769898,
12:39:56.450,,,,,,,,,,,,,,,23,,,,,,,,,,,,,,,,,,,,,,,,,,,,,,,,,,,,,,,,,,,,,,,,,,,,,,,,,49,,,50.3442841,30.4769898,
12:39:56.497,,,,,,,,,,,,,,,,,,-113.09375,,,,,,,,,,,,,,,,,,,,,,,,,,,,,,,,,,,,,,,,,,,,,,,,,,,,,,,,,50.3442841,30.4769898,
12:39:56.532,,,,,,,,,,,,,,,,-7104,-0.4375,,,,,,,,,,,,,,,,,,,,,,,,,,,,,,,,,,,,,,,,,,,,,,,,,,,,,,,,,,50.3442841,30.4769898,
12:39:56.629,,,,,,,,,377.86,58.5,,3.924,,,,,,,,,,,,,,,,,,,,,,,,,,,,,,,,,,,,,,,,,,,,,,,,,,,,7.835,,,,,,,,,,,50.3442841,30.4769898,
12:39:56.702,75.40000000000009,,-1600,,,,,,,,,,3.904,,,,,,,,,,,,,,,,,,,,,,,,,,,,,,,,,,,,,,,,,,,,,,,,,,,7.828,,,,,,,,,,,50.3442841,30.4769898,
12:39:56.737,,73.70000000000005,,,,,,,,,,,,,,,,,,,,,,,,,,,,,,,,,,,,,,,,,,,,,,,,,,,,,,,,,,,,,,,,,,,,,,,,,50.3442841,30.4769898,
12:39:56.905,,,,,,,,,,,,,,,,,,,,,,,,,,,,,,,,,,22.04,52.50000078231096,,,2001,2,,-0.08396009252424112,0.4138748776944446,0.413875,97.3675,6849.331379000001,47.05882352941177,-0.09,,,,,,13.329360533824005,,,,28,90,,14,,,,,107,44.4238819895235,,,,,,,26.447999999999997,,50.3442841,30.4769898,
12:39:57.030,,,,,,,,,,,,,,,,,,,,80,25.49019607843137,99,,,,,,,,,,23.137254901960784,,,,,,,,0,,,,,,,,,,,,,,15.024504960000002,,,,,,,,,,,,44.4145050695235,,74.1176470588236,99,,,,,,50.3442841,30.4769898,
12:39:57.092,,,,,,,,,,,,,,,,,,,,,,,10.168735644748192,10.16864,437.67008,1007.99022895,0.1271091955593524,0.127108,5.470876,12.914034000000001,7.350000109523535,,25.49019607843137,,,7.350000109523535,28.75465500810823,,,,,,,,,,,30.711986257159236,30.71168831168831,5.618790664236013,30.395700719594572,0.18854444741269685,,,28,,,,34980,,35000,0,0,,107,44.4145050695235,34980,74.1176470588236,,,,,,0,50.3442841,30.4769898,
12:39:57.237,,,,,,,,,,,,,,,23,,,,,,,,,,,,,,,,,,,,,,,,,,,,,,,,,,,,,,,,,,,,,,,,,,,,,,,,,49,,,50.3442841,30.4769898,
12:39:57.273,,,,,,,,,,,,,,,,,,-110.828125,,,,,,,,,,,,,,,,,,,,,,,,,,,,,,,,,,,,,,,,,,,,,,,,,,,,,,,,,50.3442841,30.4769898,
12:39:57.309,,,,,,,,,,,,,,,,-7008,-0.4375,,,,,,,,,,,,,,,,,,,,,,,,,,,,,,,,,,,,,,,,,,,,,,,,,,,,,,,,,,50.3442841,30.4769898,
12:39:57.405,,,,19,,,,,,,,,,,,,,,,,,,,,,,,,,,,,,,,,,,,,,,,,,,,,,,,,,,,,,,,,,,,,,,,,,,88,,,,50.3442841,30.4769898,
12:39:57.549,,,,,17,,,,,,82.59701325121219,,,86.6758781031239,,,,,,,,,,,,,,,,,,,,,,,,,,,,,,,,,,,,,,,,,,,,,,,,,,,,,,,,127.5,88,,,,50.3442841,30.4769898,
12:39:57.609,,,,,,,,,373.52,58.5,,3.88,,,,,,,,,,,,,,,,,,,,,,,,,,,,,,,,,,,,,,,,,,,,,,,,,,,,7.784,,,,,,,,,,,50.3442841,30.4769898,
12:39:57.669,40.350000000000136,,-1600,,,,,,,,,,3.863,,,,,,,,,,,,,,,,,,,,,,,,,,,,,,,,,,,,,,,,,,,,,,,,,,,7.743,,,,,,,,,,,50.3442841,30.4769898,
12:39:57.707,,41.850000000000136,,,,,,,,,,,,,,,,,,,,,,,,,,,,,,,,,,,,,,,,,,,,,,,,,,,,,,,,,,,,,,,,,,,,,,,,,50.3442841,30.4769898,
12:39:57.813,,,,,,,,,,,,,,,,,,,,,,,,,,,,,,,,,,14.92,91.87500136904418,,,1582,1.6,,-0.1354703156161767,0.4158937008055557,0.415894,97.369519,6849.333398000001,52.549019607843135,-0.16,,,,,,13.28639618457595,,,,28,83,,8,,,,,107,37.2945050695235,,,,,,,17.904,,50.3442841,30.4769898,
12:39:57.877,,,,,,,,,,,,,,,,,,,,70.19607843137256,14.509803921568627,99,,,,,,,,,,12.549019607843137,,,,,,,,0,,,,,,,,,,,,,,15.040133160000002,,,,,,,,,,,,37.3101332695235,,63.5294117647059,99,,,,,,50.3442841,30.4769898,
12:39:57.962,,,,,,,,,,,,,,,,,,,,,,,10.30108490772035,10.30096,437.8024,1008.12254895,0.12876356134650438,0.128762,5.47253,12.915688000000001,6.850000102072954,,14.509803921568627,,,6.850000102072954,26.798556027964814,,,,,,,,,,,30.960690459388722,30.96029276690695,5.620372839676861,30.449584622580122,0.1885685401702211,,,29,,,,34950,,35000,0,0,,108,36.810133262073,34950,41.5686274509804,,,,,,0,50.3442841,30.4769898,
12:39:58.106,,,,,,,,,,,,,,,23,,,,,,,,,,,,,,,,,,,,,,,,,,,,,,,,,,,,,,,,,,,,,,,,,,,,,,,,,49,,,50.3442841,30.4769898,
12:39:58.153,,,,,,,,,,,,,,,,,,-31.453125,,,,,,,,,,,,,,,,,,,,,,,,,,,,,,,,,,,,,,,,,,,,,,,,,,,,,,,,,50.3442841,30.4769898,
12:39:58.188,,,,,,,,,,,,,,,,-1920,-0.125,,,,,,,,,,,,,,,,,,,,,,,,,,,,,,,,,,,,,,,,,,,,,,,,,,,,,,,,,,50.3442841,30.4769898,
12:39:58.311,,,,,,,,,371.58,59,,3.861,,,,,,,,,,,,,,,,,,,,,,,,,,,,,,,,,,,,,,,,,,,,,,,,,,,,7.724,,,,,,,,,,,50.3442841,30.4769898,
12:39:58.362,30.75,,-1600,,,,,,,,,,3.85,,,,,,,,,,,,,,,,,,,,,,,,,,,,,,,,,,,,,,,,,,,,,,,,,,,7.711,,,,,,,,,,,50.3442841,30.4769898,
12:39:58.398,,33.30000000000018,,,,,,,,,,,,,,,,,,,,,,,,,,,,,,,,,,,,,,,,,,,,,,,,,,,,,,,,,,,,,,,,,,,,,,,,,50.3442841,30.4769898,
12:39:58.529,,,,,,,,,,,,,,,,,,,,,,,,,,,,,,,,,,11.84,171.25000255182385,,,1513,1.5,,-0.15560553499612811,0.416688518138889,0.416689,97.37031400000001,6849.334193000001,38.8235294117647,-0.29,,,,,,13.227818629077143,,,,28,70,,4,,,,,108,33.730133262073,,,,,,,14.208,,50.3442841,30.4769898,
12:39:58.593,,,,,,,,,,,,,,,,,,,,50.19607843137255,7.8431372549019605,99,,,,,,,,,,6.2745098039215685,,,,,,,,0,,,,,,,,,,,,,,15.075854760000002,,,,,,,,,,,,33.765854862073,,35.2941176470588,99,,,,,,50.3442841,30.4769898,
12:39:58.666,,,,,,,,,,,,,,,,,,,,,,,10.375480390495595,10.37536,437.8768,1008.19694895,0.12969350488119494,0.129692,5.47346,12.916618000000001,4.750000070780516,,7.8431372549019605,,,4.750000070780516,18.582940311362467,,,,,,,,,,,31.124808876534964,31.124411731531193,5.621282067550896,30.507080887627385,0.18858209624521965,,,29,,,,34890,,35000,0,0,,108,31.6658548307805,34890,21.9607843137255,,,,,,0,50.3442841,30.4769898,
12:39:58.837,,,,,,,,,,,,,,,23,,,,,,,,,,,,,,,,,,,,,,,,,,,,,,,,,,,,,,,,,,,,,,,,,,,,,,,,,49,,,50.3442841,30.4769898,
12:39:58.874,,,,,,,,,,,,,,,,,,0,,,,,,,,,,,,,,,,,,,,,,,,,,,,,,,,,,,,,,,,,,,,,,,,,,,,,,,,,50.3442841,30.4769898,
12:39:58.921,,,,,,,,,,,,,,,,-32,-0.015625,,,,,,,,,,,,,,,,,,,,,,,,,,,,,,,,,,,,,,,,,,,,,,,,,,,,,,,,,,50.3442841,30.4769898,
12:39:59.029,,,,,,17,17,18,,,,,,,,,,,,,,,,,,,,,,,,,,,,,,,,,,,,,,,,,,,,,,,,,,,,,,,,,,,,,,,88,,,,50.3442841,30.4769898,
12:39:59.078,,,,,,,,,368.69,59,,3.831,,,,,,,,,,,,,,,,,,,,,,,,,,,,,,,,,,,,,,,,,,,,,,,,,,,,7.681,,,,,,,,,,,50.3442841,30.4769898,
12:39:59.138,20.90000000000009,,15.25,,,,,,,,,,3.82,,,,,,,,,,,,,,,,,,,,,,,,,,,,,,,,,,,,,,,,,,,,,,,,,,,7.651,,,,,,,,,,,50.3442841,30.4769898,
12:39:59.185,,17.700000000000045,,,,,,,,,,,,,,,,,,,,,,,,,,,,,,,,,,,,,,,,,,,,,,,,,,,,,,,,,,,,,,,,,,,,,,,,,50.3442841,30.4769898,
12:39:59.293,,,,,,,,,,,,,,,,,,,,,,,,,,,,,,,,,,10.33,,,,1498,1.5,,-0.17146438816054863,0.416688518138889,0.416689,97.37031400000001,6849.334193000001,36.470588235294116,-0.36,,,,,,13.139225483083472,,,,28,63,,0,,,,,108,30.1558548307805,,,,,,,12.395999999999999,,50.3442841,30.4769898,
12:39:59.357,,,,,,,,,,,,,,,,,,,,48.627450980392155,8.235294117647058,99,,,,,,,,,,6.2745098039215685,,,,,,,,0,,,,,,,,,,,,,,15.092376,,,,,,,,,,,,30.1723760707805,,21.9607843137255,99,,,,,,50.3442841,30.4769898,
12:39:59.429,,,,,,,,,,,,,,,,,,,,,,,10.456015153362323,10.45592,437.95736,1008.27750895,0.13070018941702904,0.130699,5.474467,12.917625000000001,4.750000070780516,,7.8431372549019605,,,4.750000070780516,18.582940311362467,,,,,,,,,,,31.366400495217047,31.366078778177492,5.622316263661221,30.590496967673324,0.18859679840416863,,,29,,,,35040,,35000,0,0,,108,30.1723760707805,35040,22.3529411764706,,,,,,0,50.3442841,30.4769898,
12:39:59.586,,,,,,,,,,,,,,,23,,,,,,,,,,,,,,,,,,,,,,,,,,,,,,,,,,,,,,,,,,,,,,,,,,,,,,,,,49,,,50.3442841,30.4769898,
12:39:59.645,,,,,,,,,,,,,,,,,,0,,,,,,,,,,,,,,,,,,,,,,,,,,,,,,,,,,,,,,,,,,,,,,,,,,,,,,,,,50.3442841,30.4769898,
12:39:59.716,,,,,,,,,,,,,,,,0,0,,,,,,,,,,,,,,,,,,,,,,,,,,,,,,,,,,,,,,,,,,,,,,,,,,,,,,,,,,50.3442841,30.4769898,
12:39:59.885,,,,,,,,,368.85,59,,3.826,,,,,,,,,,,,,,,,,,,,,,,,,,,,,,,,,,,,,,,,,,,,,,,,,,,,7.646,,,,,,,,,,,50.3442841,30.4769898,
12:39:59.956,15.200000000000045,,19.550000000000182,,,,,,,,,,3.817,,,,,,,,,,,,,,,,,,,,,,,,,,,,,,,,,,,,,,,,,,,,,,,,,,,7.643,,,,,,,,,,,50.3442841,30.4769898,
12:40:00.030,,22,,,,,,,,,,,,,,,,,,,,,,,,,,,,,,,,,,,,,,,,,,,,,,,,,,,,,,,,,,,,,,,,,,,,,,,,,50.3442841,30.4769898,
12:40:00.186,,,,,,,,,,,,,,,,,,,,,,,,,,,,,,,,,,,,,,,,,,,,,,,,,,,,,,,,53,,,,,,,,,110,,,,,,,,,,50.3442841,30.4769898,
12:40:00.245,,,,,,,,,,,,,,,,,,,,,,,,,,,,,,,,,,10.3,,,,1500,1.5,,-0.11872619789310293,0.416688518138889,0.416689,97.37031400000001,6849.334193000001,36.07843137254902,-0.36,,,,,,13.030662099112433,,,,28,63,,0,,,,,110,30.1423760707805,,,,,,,12.360000000000001,,50.3442841,30.4769898,
12:40:00.305,,,,,,,,,,,,,,,,,,,,48.627450980392155,7.8431372549019605,99,,,,,,,,,,6.2745098039215685,,,,,,,,0,,,,,,,,,,,,,,15.074068679999998,,,,,,,,,,,,30.1240687507805,,22.3529411764706,99,,,,,,50.3442841,30.4769898,
12:40:00.442,,,,,,,,,,,,,,,,,,,,,,,10.530245552468443,10.530159999999999,438.0316,1008.35174895,0.13162806940585553,0.131627,5.475395,12.918553000000001,3.300000049173832,,7.8431372549019605,,,3.300000049173832,12.910253268946553,,,,,,,,,,,31.58908001443461,31.58878684102532,5.6232693262137365,30.689004591181174,0.18861034716633807,,,29,,,,35020,,35000,0,0,,110,28.6740687291738,35020,21.9607843137255,,,,,,0,50.3442841,30.4769898,
12:40:00.646,,,,,,,,,,,,,,,23,,,,,,,,,,,,,,,,,,,,,,,,,,,,,,,,,,,,,,,,,,,,,,,,,,,,,,,,,49,,,50.3442841,30.4769898,
12:40:00.681,,,,,,,,,,,,,,,,,,0,,,,,,,,,,,,,,,,,,,,,,,,,,,,,,,,,,,,,,,,,,,,,,,,,,,,,,,,,50.3442841,30.4769898,
12:40:00.717,,,,,,,,,,,,,,,,32,0,,,,,,,,,,,,,,,,,,,,,,,,,,,,,,,,,,,,,,,,,,,,,,,,,,,,,,,,,,50.3442841,30.4769898,
12:40:00.849,,,,,,,,,367.72,59,,3.832,,,,,,,,,,,,,,,,,,,,,,,,,,,,,,,,,,,,,,,,,,,,,,,,,,,,7.649,,,,,,,,,,,50.3442841,30.4769898,
12:40:00.897,15.25,,18.800000000000182,,,,,,,,,,3.816,,,,,,,,,,,,,,,,,,,,,,,,,,,,,,,,,,,,,,,,,,,,,,,,,,,7.648,,,,,,,,,,,50.3442841,30.4769898,
12:40:00.945,,16.65000000000009,,,,,,,,,,,,,,,,,,,,,,,,,,,,,,,,,,,,,,,,,,,,,,,,,,,,,,,,,,,,,,,,,,,,,,,,,50.3442841,30.4769898,
12:40:01.065,,,,,,,,,,,,,,,,,,,,,,,,,,,,,,,,,,10.4,,,,1501,1.5,,-0.06969960191701742,0.416688518138889,0.416689,97.37031400000001,6849.334193000001,36.07843137254902,-0.35000000000000003,,,,,,12.93854986357097,,,,28,64,,0,,,,,110,28.7740687291738,,,,,,,12.48,,50.3442841,30.4769898,
12:40:01.161,,,,,,,,,,,,,,,,,,,,48.23529411764706,8.235294117647058,99,,,,,,,,,,6.2745098039215685,,,,,,,,0,,,,,,,,,,,,,,15.24731844,,,,,,,,,,,,28.9473184891738,,21.9607843137255,99,,,,,,50.3442841,30.4769898,
12:40:01.245,,,,,,,,,,,,,,,,,,,,,,,10.590078578248914,10.59,438.09144,1008.41158895,0.13237598222811142,0.132375,5.4761429999999995,12.919301,3.35000004991889,,7.8431372549019605,,,3.35000004991889,13.105863166960894,,,,,,,,,,,31.768569678703834,31.768297219269048,5.624037527495289,30.802738170036626,0.18862126793584533,,,29,,,,35010,,35000,0,0,,110,28.9973184899189,35010,22.3529411764706,,,,,,0,50.3442841,30.4769898,
12:40:01.342,,,,,,,,,,,,,,,,,,,27,,,,,,,,,,,,,,,,,,,,,,,,,,,,,,,,,,,,,,,,,,,,,,,,,,,,,50,,,50.3442841,30.4769898,
12:40:01.465,,,,,,,,,,,,,,,23,,,,,,,,,,,,,,,,,,,,,,,,,,,,,,,,,,,,,,,,,,,,,,,,,,,,,,,,,50,,,50.3442841,30.4769898,
12:40:01.502,,,,,,,,,,,,,,,,,,0,,,,,,,,,,,,,,,,,,,,,,,,,,,,,,,,,,,,,,,,,,,,,,,,,,,,,,,,,50.3442841,30.4769898,
12:40:02.377,,,,,,,,,,,,,,,,0,0,,,,,,,,,,,,,,,,,,,,,,,,,,,,,,,,,,,,,,,,,,,,,,,,,,,,,,,,,,50.3442841,30.4769898,
12:40:02.784,,,,,,,,,366.43,59.5,,3.813,,,,,,,,,,,,,,,,,,,,,,,,,,,,,,,,,,,,,,,,,,,,,,,,,,,,7.629,,,,,,,,,,,50.3442841,30.4769898,
12:40:02.857,11.900000000000091,,14.900000000000091,,,,,,,,,,3.805,,,,,,,,,,,,,,,,,,,,,,,,,,,,,,,,,,,,,,,,,,,,,,,,,,,7.618,,,,,,,,,,,50.3442841,30.4769898,
12:40:02.930,,15.550000000000182,,,,,,,,,,,,,,,,,,,,,,,,,,,,,,,,,,,,,,,,,,,,,,,,,,,,,,,,,,,,,,,,,,,,,,,,,50.3442841,30.4769898,
12:40:03.146,,,,,,,,,,,,,,,,,,,,,,,,,,,,,,,,,,9.040000000000001,,,,1498,1.5,,-0.024539431953451978,0.416688518138889,0.416689,97.37031400000001,6849.334193000001,32.15686274509804,-0.42,,,,,,12.710410868387752,,,,28,57,,0,,,,,110,27.6373184899189,,,,,,,10.848,,50.3442841,30.4769898,
12:40:03.241,,,,,,,,,,,,,,,,,,,,43.13725490196079,7.0588235294117645,99,,,,,,,,,,5.490196078431373,,,,,,,,0,,,,,,,,,,,,,,15.174535679999998,,,,,,,,,,,,27.5645357299189,,21.5686274509804,99,,,,,,50.3442841,30.4769898,
12:40:03.349,,,,,,,,,,,,,,,,,,,,,,,10.727979168859347,10.72792,438.22936,1008.54950895,0.13409973961074184,0.134099,5.477867,12.921025000000002,2.9500000439584255,,7.0588235294117645,,,2.9500000439584255,11.540983982846162,,,,,,,,,,,32.18224975569023,32.182035042921704,5.62580808766828,31.047769807583656,0.18864643826556532,,,30,,,,34970,,35000,0,0,,111,27.1645357239584,34970,19.6078431372549,,,,,,0,50.3442841,30.4769898,
12:40:03.613,,,,,,,,,,,,,,,23,,,,,,,,,,,,,,,,,,,,,,,,,,,,,,,,,,,,,,,,,,,,,,,,,,,,,,,,,50,,,50.3442841,30.4769898,
12:40:03.688,,,,,,,,,,,,,,,,,,0,,,,,,,,,,,,,,,,,,,,,,,,,,,,,,,,,,,,,,,,,,,,,,,,,,,,,,,,,50.3442841,30.4769898,
12:40:03.793,,,,,,,,,,,,,,,,0,0,,,,,,,,,,,,,,,,,,,,,,,,,,,,,,,,,,,,,,,,,,,,,,,,,,,,,,,,,,50.3442841,30.4769898,
12:40:04.142,,,,,,,,,365.79,59.5,,3.811,,,,,,,,,,,,,,,,,,,,,,,,,,,,,,,,,,,,,,,,,,,,,,,,,,,,7.616,,,,,,,,,,,50.3442841,30.4769898,
12:40:04.213,15.800000000000182,,14.900000000000091,,,,,,,,,,3.795,,,,,,,,,,,,,,,,,,,,,,,,,,,,,,,,,,,,,,,,,,,,,,,,,,,7.606,,,,,,,,,,,50.3442841,30.4769898,
12:40:04.310,,16.450000000000045,,,,,,,,,,,,,,,,,,,,,,,,,,,,,,,,,,,,,,,,,,,,,,,,,,,,,,,,,,,,,,,,,,,,,,,,,50.3442841,30.4769898,
12:40:04.524,,,,,,,,,,,,,,,,,,,,,,,,,,,,,,,,,,9.28,,,,1500,1.5,,0,0.416688518138889,0.416689,97.37031400000001,6849.334193000001,32.94117647058823,-0.41000000000000003,,,,,,12.563658880324166,,,,28,58,,0,,,,,111,27.4045357239584,,,,,,,11.136,,50.3442841,30.4769898,
12:40:04.608,,,,,,,,,,,,,,,,,,,,44.31372549019608,7.450980392156863,99,,,,,,,,,,5.882352941176471,,,,,,,,0,,,,,,,,,,,,,,15.15310272,,,,,,,,,,,,27.3831027639584,,20,99,,,,,,50.3442841,30.4769898,
12:40:04.722,,,,,,,,,,,,,,,,,,,,,,,10.819466850222621,10.81944,438.32088,1008.64102895,0.13524333562778276,0.135243,5.479011,12.922169,3.0000000447034836,,1.9607843137254901,,,3.0000000447034836,11.736593880860504,,,,,,,,,,,32.45669840672307,32.45658032729446,5.6269829837459495,31.23509672146464,0.18866314061892936,,,30,,,,35060,,30000,0,0,,111,27.4331027647035,35060,15.2941176470588,,,,,,0,50.3442841,30.4769898,
12:40:05.070,,,,,,,,,,,,,,,23,,,,,,,,,,,,,,,,,,,,,,,,,,,,,,,,,,,,,,,,,,,,,,,,,,,,,,,,,50,,,50.3442841,30.4769898,
12:40:05.164,,,,,,,,,,,,,,,,,,0,,,,,,,,,,,,,,,,,,,,,,,,,,,,,,,,,,,,,,,,,,,,,,,,,,,,,,,,,50.3442841,30.4769898,
12:40:05.238,,,,,,,,,,,,,,,,0,0,,,,,,,,,,,,,,,,,,,,,,,,,,,,,,,,,,,,,,,,,,,,,,,,,,,,,,,,,,50.3442841,30.4769898,
12:40:05.641,,,,,,,,,360.96,59.5,,3.784,,,,,,,,,,,,,,,,,,,,,,,,,,,,,,,,,,,,,,,,,,,,,,,,,,,,7.579,,,,,,,,,,,50.3442841,30.4769898,
12:40:05.786,-4.349999999999909,,-4.449999999999818,,,,,,,,,,3.768,,,,,,,,,,,,,,,,,,,,,,,,,,,,,,,,,,,,,,,,,,,,,,,,,,,7.552,,,,,,,,,,,50.3442841,30.4769898,
12:40:05.857,,-3.6499999999998636,,,,,,,,,,,,,,,,,,,,,,,,,,,,,,,,,,,,,,,,,,,,,,,,,,,,,,,,,,,,,,,,,,,,,,,,,50.3442841,30.4769898,
12:40:06.096,,,,,,,,,,,,,,,,,,,,,,,,,,,,,,,,,,0,,,,306,0.3,,0,0.416688518138889,0.416689,97.37031400000001,6849.334193000001,65.09803921568627,-0.01,,,,,,12.400292485240245,,,,28,98,,0,,,,,111,18.1531027647035,,,,,,,0,,50.3442841,30.4769898,
12:40:06.194,,,,,,,,,,,,,,,,,,,,66.66666666666667,0.7843137254901961,99,,,,,,,,,,0.7843137254901961,,,,,,,,0,,,,,,,,,,,,,,0,,,,,,,,,,,,3.00000004470348,,10.1960784313726,99,,,,,,50.3442841,30.4769898,
12:40:06.326,,,,,,,,,,,,,,,,,,,,,,,10.819466850222621,10.81944,438.32088,1008.64102895,0.13524333562778276,0.135243,5.479011,12.922169,0,,2.3529411764705883,,,0,0,,,,,,,,,,,32.45669840672307,32.45658032729446,5.6269829837459495,31.62413137228609,0.18866314061892936,,,30,,,,35080,,30000,0,0,,111,0,35080,3.92156862745098,,,,,,0,50.3442841,30.4769898,
12:40:07.109,,,,,,,,,,,,,,,23,,,,,,,,,,,,,,,,,,,,,,,,,,,,,,,,,,,,,,,,,,,,,,,,,,,,,,,,,50,,,50.3442841,30.4769898,
12:40:07.229,,,,,,,,,,,,,,,,,,0,,,,,,,,,,,,,,,,,,,,,,,,,,,,,,,,,,,,,,,,,,,,,,,,,,,,,,,,,50.3442841,30.4769898,
12:40:07.301,,,,,,,,,,,,,,,,0,0,,,,,,,,,,,,,,,,,,,,,,,,,,,,,,,,,,,,,,,,,,,,,,,,,,,,,,,,,,50.3442841,30.4769898,
12:40:07.554,,,,,17,,,,,,86.6758781031239,,,86.6758781031239,,,,,,,,,,,,,,,,,,,,,,,,,,,,,,,,,,,,,,,,,,,,,,,,,,,,,,,,124.5,88,,,,50.3442841,30.4769898,
12:40:07.613,,,,,,,,,361.44,59.5,,3.77,,,,,,,,,,,,,,,,,,,,,,,,,,,,,,,,,,,,,,,,,,,,,,,,,,,,7.538,,,,,,,,,,,50.3442841,30.4769898,
12:40:07.781,-3.8999999999998636,,-3.849999999999909,,,,,,,,,,3.759,,,,,,,,,,,,,,,,,,,,,,,,,,,,,,,,,,,,,,,,,,,,,,,,,,,7.529,,,,,,,,,,,50.3442841,30.4769898,
12:40:07.974,,-3.6499999999998636,,,,,,,,,,,,,,,,,,,,,,,,,,,,,,,,,,,,,,,,,,,,,,,,,,,,,,,,,,,,,,,,,,,,,,,,,50.3442841,30.4769898,
12:40:08.094,,,,,,,,,,,,,,,,,,,,,,,,,,,,,,,,,,,,,,,,,,,,,,,,,,,,,,,,55,,,,,,,,,113,,,,,,,,,,50.3442841,30.4769898,
12:40:08.165,,,,,,,,,,,,,,,,,,,,,,,,,,,,,,,,,,0.1,,,,0,0,,0,0.416688518138889,0.416689,97.37031400000001,6849.334193000001,0,-0.01,,,,,,12.191934795184693,,,,28,98,,0,,,,,113,0.1,,,,,,,0.12,,50.3442841,30.4769898,
12:40:08.309,,,,,,,,,,,,,,,,,,,,0,5.882352941176471,99,,,,,,,,,,5.882352941176471,,,,,,,,0,,,,,,,,,,,,,,0,,,,,,,,,,,,0.1,,9.01960784313726,99,,,,,,50.3442841,30.4769898,
12:40:08.404,,,,,,,,,,,,,,,,,,,,,,,10.819466850222621,10.81944,438.32088,1008.64102895,0.13524333562778276,0.135243,5.479011,12.922169,0,,5.882352941176471,,,0,0,,,,,,,,,,,32.45669840672307,32.45658032729446,5.6269829837459495,31.925150505093736,0.18866314061892936,,,31,,,,35030,,12000,0,0,,114,0.1,35030,17.6470588235294,,,,,,0,50.3442841,30.4769898,
12:40:08.538,,,,,,,,,,,,,,,23,,,,,,,,,,,,,,,,,,,,,,,,,,,,,,,,,,,,,,,,,,,,,,,,,,,,,,,,,50,,,50.3442841,30.4769898,
12:40:08.586,,,,,,,,,,,,,,,,,,0,,,,,,,,,,,,,,,,,,,,,,,,,,,,,,,,,,,,,,,,,,,,,,,,,,,,,,,,,50.3442841,30.4769898,
12:40:08.621,,,,,,,,,,,,,,,,0,0,,,,,,,,,,,,,,,,,,,,,,,,,,,,,,,,,,,,,,,,,,,,,,,,,,,,,,,,,,50.3442841,30.4769898,
12:40:08.781,,,,,,,,,361.6,59.5,,3.763,,,,,,,,,,,,,,,,,,,,,,,,,,,,,,,,,,,,,,,,,,,,,,,,,,,,7.522,,,,,,,,,,,50.3442841,30.4769898,
12:40:08.925,-4,,-3.8999999999998636,,,,,,,,,,3.755,,,,,,,,,,,,,,,,,,,,,,,,,,,,,,,,,,,,,,,,,,,,,,,,,,,7.518,,,,,,,,,,,50.3442841,30.4769898,
12:40:08.984,,-3.6499999999998636,,,,,,,,,,,,,,,,,,,,,,,,,,,,,,,,,,,,,,,,,,,,,,,,,,,,,,,,,,,,,,,,,,,,,,,,,50.3442841,30.4769898,
12:40:09.116,,,,,,,,,,,,,,,,,,,,,,,,,,,,,,,,,,0.18,,,,0,0,,0,0.416688518138889,0.416689,97.37031400000001,6849.334193000001,0,-0.01,,,,,,12.098403421377466,,,,28,98,,0,,,,,114,0.18,,,,,,,0.216,,50.3442841,30.4769898,
12:40:09.178,,,,,,,,,,,,,,,,,,,,0,5.882352941176471,99,,,,,,,,,,5.882352941176471,,,,,,,,0,,,,,,,,,,,,,,0,,,,,,,,,,,,0.18,,17.6470588235294,99,,,,,,50.3442841,30.4769898,
12:40:09.250,,,,,,,,,,,,,,,,,,,,,,,10.819466850222621,10.81944,438.32088,1008.64102895,0.13524333562778276,0.135243,5.479011,12.922169,0,,5.882352941176471,,,0,0,,,,,,,,,,,32.45669840672307,32.45658032729446,5.6269829837459495,32.091636696367246,0.18866314061892936,,,31,,,,35020,,12000,0,0,,114,0.18,35020,17.6470588235294,,,,,,0,50.3442841,30.4769898,
12:40:09.406,,,,,,,,,,,,,,,23,,,,,,,,,,,,,,,,,,,,,,,,,,,,,,,,,,,,,,,,,,,,,,,,,,,,,,,,,50,,,50.3442841,30.4769898,
12:40:09.442,,,,,,,,,,,,,,,,,,0,,,,,,,,,,,,,,,,,,,,,,,,,,,,,,,,,,,,,,,,,,,,,,,,,,,,,,,,,50.3442841,30.4769898,
12:40:09.476,,,,,,,,,,,,,,,,0,0,,,,,,,,,,,,,,,,,,,,,,,,,,,,,,,,,,,,,,,,,,,,,,,,,,,,,,,,,,50.3442841,30.4769898,
12:40:09.573,,,,19,,,,,,,,,,,,,,,,,,,,,,,,,,,,,,,,,,,,,,,,,,,,,,,,,,,,,,,,,,,,,,,,,,,88,,,,50.3442841,30.4769898,
12:40:09.741,,,,,,,,,360.47,59.5,,3.759,,,,,,,,,,,,,,,,,,,,,,,,,,,,,,,,,,,,,,,,,,,,,,,,,,,,7.514,,,,,,,,,,,50.3442841,30.4769898,
12:40:09.981,-3.7999999999999545,,-4,,,,,,,,,,3.752,,,,,,,,,,,,,,,,,,,,,,,,,,,,,,,,,,,,,,,,,,,,,,,,,,,7.511,,,,,,,,,,,50.3442841,30.4769898,
12:40:10.017,,-3.449999999999818,,,,,,,,,,,,,,,,,,,,,,,,,,,,,,,,,,,,,,,,,,,,,,,,,,,,,,,,,,,,,,,,,,,,,,,,,50.3442841,30.4769898,
12:40:10.138,,,,,,,,,,,,,,,,,,,,,,,,,,,,,,,,,,0.18,,,,0,0,,0,0.416688518138889,0.416689,97.37031400000001,6849.334193000001,0,-0.01,,,,,,11.999474473777488,,,,28,98,,0,,,,,114,0.18,,,,,,,0.216,,50.3442841,30.4769898,
12:40:10.213,,,,,,,,,,,,,,,,,,,,0,5.882352941176471,99,,,,,,,,,,5.882352941176471,,,,,,,,0,,,,,,,,,,,,,,0,,,,,,,,,,,,0.18,,17.6470588235294,99,,,,,,50.3442841,30.4769898,
12:40:10.322,,,,,,,,,,,,,,,,,,,,,,,10.819466850222621,10.81944,438.32088,1008.64102895,0.13524333562778276,0.135243,5.479011,12.922169,0,,5.882352941176471,,,0,0,,,,,,,,,,,32.45669840672307,32.45658032729446,5.6269829837459495,32.2279239353055,0.18866314061892936,,,31,,,,35010,,12000,0,0,,114,0.18,35010,17.6470588235294,,,,,,0,50.3442841,30.4769898,
12:40:10.466,,,,,,,,,,,,,,,23,,,,,,,,,,,,,,,,,,,,,,,,,,,,,,,,,,,,,,,,,,,,,,,,,,,,,,,,,50,,,50.3442841,30.4769898,
12:40:10.525,,,,,,,,,,,,,,,,,,0,,,,,,,,,,,,,,,,,,,,,,,,,,,,,,,,,,,,,,,,,,,,,,,,,,,,,,,,,50.3442841,30.4769898,
12:40:10.574,,,,,,,,,,,,,,,,0,0,,,,,,,,,,,,,,,,,,,,,,,,,,,,,,,,,,,,,,,,,,,,,,,,,,,,,,,,,,50.3442841,30.4769898,
12:40:10.682,,,,,,,,,360.31,59.5,,3.757,,,,,,,,,,,,,,,,,,,,,,,,,,,,,,,,,,,,,,,,,,,,,,,,,,,,7.509,,,,,,,,,,,50.3442841,30.4769898,
12:40:10.740,-4,,-3.8999999999998636,,,,,,,,,,3.75,,,,,,,,,,,,,,,,,,,,,,,,,,,,,,,,,,,,,,,,,,,,,,,,,,,7.507,,,,,,,,,,,50.3442841,30.4769898,
12:40:10.790,,-3.6499999999998636,,,,,,,,,,,,,,,,,,,,,,,,,,,,,,,,,,,,,,,,,,,,,,,,,,,,,,,,,,,,,,,,,,,,,,,,,50.3442841,30.4769898,
12:40:10.921,,,,,,,,,,,,,,,,,,,,,,,,,,,,,,,,,,0.18,,,,0,0,,0,0.416688518138889,0.416689,97.37031400000001,6849.334193000001,0,-0.01,,,,,,11.924731080214203,,,,28,98,,0,,,,,114,0.18,,,,,,,0.216,,50.3442841,30.4769898,
12:40:10.994,,,,,,,,,,,,,,,,,,,,0,5.882352941176471,99,,,,,,,,,,5.882352941176471,,,,,,,,0,,,,,,,,,,,,,,0,,,,,,,,,,,,0.18,,17.6470588235294,99,,,,,,50.3442841,30.4769898,
12:40:11.069,,,,,,,,,,,,,,,,,,,,,,,10.819466850222621,10.81944,438.32088,1008.64102895,0.13524333562778276,0.135243,5.479011,12.922169,0,,5.882352941176471,,,0,0,,,,,,,,,,,32.45669840672307,32.45658032729446,5.6269829837459495,32.33637623434156,0.18866314061892936,,,31,,,,35000,,12000,0,0,,114,0.18,35000,17.6470588235294,,,,,,0,50.3442841,30.4769898,
12:40:11.202,,,,,,,,,,,,,,,23,,,,,,,,,,,,,,,,,,,,,,,,,,,,,,,,,,,,,,,,,,,,,,,,,,,,,,,,,50,,,50.3442841,30.4769898,
12:40:11.236,,,,,,,,,,,,,,,,,,0,,,,,,,,,,,,,,,,,,,,,,,,,,,,,,,,,,,,,,,,,,,,,,,,,,,,,,,,,50.3442841,30.4769898,
12:40:11.286,,,,,,,,,,,,,,,,0,0,,,,,,,,,,,,,,,,,,,,,,,,,,,,,,,,,,,,,,,,,,,,,,,,,,,,,,,,,,50.3442841,30.4769898,
12:40:11.406,,,,,,17,18,18,,,,,,,,,,,,,,,,,,,,,,,,,,,,,,,,,,,,,,,,,,,,,,,,,,,,,,,,,,,,,,,88,,,,50.3442841,30.4769898,
12:40:11.469,,,,,,,,,360.64,59.5,,3.756,,,,,,,,,,,,,,,,,,,,,,,,,,,,,,,,,,,,,,,,,,,,,,,,,,,,7.506,,,,,,,,,,,50.3442841,30.4769898,
12:40:11.542,-3.849999999999909,,-4.0499999999999545,,,,,,,,,,3.747,,,,,,,,,,,,,,,,,,,,,,,,,,,,,,,,,,,,,,,,,,,,,,,,,,,7.503,,,,,,,,,,,50.3442841,30.4769898,
12:40:11.576,,-3.6499999999998636,,,,,,,,,,,,,,,,,,,,,,,,,,,,,,,,,,,,,,,,,,,,,,,,,,,,,,,,,,,,,,,,,,,,,,,,,50.3442841,30.4769898,
12:40:11.710,,,,,,,,,,,,,,,,,,,,,,,,,,,,,,,,,,0.14,,,,0,0,,0,0.416688518138889,0.416689,97.37031400000001,6849.334193000001,0,-0.01,,,,,,11.850377092443582,,,,28,98,,0,,,,,114,0.14,,,,,,,0.168,,50.3442841,30.4769898,
12:40:11.810,,,,,,,,,,,,,,,,,,,,0,5.882352941176471,99,,,,,,,,,,5.882352941176471,,,,,,,,0,,,,,,,,,,,,,,0,,,,,,,,,,,,0.14,,17.6470588235294,99,,,,,,50.3442841,30.4769898,
12:40:11.965,,,,,,,,,,,,,,,,,,,,,,,10.819466850222621,10.81944,438.32088,1008.64102895,0.13524333562778276,0.135243,5.479011,12.922169,0,,5.882352941176471,,,0,0,,,,,,,,,,,32.45669840672307,32.45658032729446,5.6269829837459495,32.422392325343964,0.18866314061892936,,,31,,,,34990,,12000,0,0,,114,0.14,34990,17.6470588235294,,,,,,0,50.3442841,30.4769898,
12:40:12.037,,,,,,,,,,,,,,,,,,,27,,,,,,,,,,,,,,,,,,,,,,,,,,,,,,,,,,,,,,,,,,,,,,,,,,,,,50,,,50.3442841,30.4769898,
12:40:12.132,,,,,,,,,,,,,,,23,,,,,,,,,,,,,,,,,,,,,,,,,,,,,,,,,,,,,,,,,,,,,,,,,,,,,,,,,50,,,50.3442841,30.4769898,
12:40:12.158,,,,,,,,,,,,,,,,,,0,,,,,,,,,,,,,,,,,,,,,,,,,,,,,,,,,,,,,,,,,,,,,,,,,,,,,,,,,50.3442841,30.4769898,
12:40:12.205,,,,,,,,,,,,,,,,0,0,,,,,,,,,,,,,,,,,,,,,,,,,,,,,,,,,,,,,,,,,,,,,,,,,,,,,,,,,,50.3442841,30.4769898,
12:40:12.324,,,,,,,,,360.15000000000003,59.5,,3.754,,,,,,,,,,,,,,,,,,,,,,,,,,,,,,,,,,,,,,,,,,,,,,,,,,,,7.501,,,,,,,,,,,50.3442841,30.4769898,
12:40:12.386,-3.7999999999999545,,-3.849999999999909,,,,,,,,,,3.746,,,,,,,,,,,,,,,,,,,,,,,,,,,,,,,,,,,,,,,,,,,,,,,,,,,7.5,,,,,,,,,,,50.3442841,30.4769898,
12:40:12.421,,-3.6499999999998636,,,,,,,,,,,,,,,,,,,,,,,,,,,,,,,,,,,,,,,,,,,,,,,,,,,,,,,,,,,,,,,,,,,,,,,,,50.3442841,30.4769898,
12:40:12.541,,,,,,,,,,,,,,,,,,,,,,,,,,,,,,,,,,,,,,,,,,,,,,,,,,,,,,,,55,,,,,,,,,114,,,,,,,,,,50.3442841,30.4769898,
12:40:12.613,,,,,,,,,,,,,,,,,,,,,,,,,,,,,,,,,,0.16,,,,0,0,,0,0.416688518138889,0.416689,97.37031400000001,6849.334193000001,0,-0.01,,,,,,11.766559212081983,,,,28,98,,0,,,,,114,0.16,,,,,,,0.192,,50.3442841,30.4769898,
12:40:12.697,,,,,,,,,,,,,,,,,,,,0,5.882352941176471,99,,,,,,,,,,5.882352941176471,,,,,,,,0,,,,,,,,,,,,,,0,,,,,,,,,,,,0.16,,17.6470588235294,99,,,,,,50.3442841,30.4769898,
12:40:12.769,,,,,,,,,,,,,,,,,,,,,,,10.819466850222621,10.81944,438.32088,1008.64102895,0.13524333562778276,0.135243,5.479011,12.922169,0,,5.882352941176471,,,0,0,,,,,,,,,,,32.45669840672307,32.45658032729446,5.6269829837459495,32.426204112163866,0.18866314061892936,,,31,,,,34970,,12000,0,0,,114,0.16,34970,17.6470588235294,,,,,,0,50.3442841,30.4769898,
12:40:12.926,,,,,,,,,,,,,,,23,,,,,,,,,,,,,,,,,,,,,,,,,,,,,,,,,,,,,,,,,,,,,,,,,,,,,,,,,50,,,50.3442841,30.4769898,
12:40:12.988,,,,,,,,,,,,,,,,,,0,,,,,,,,,,,,,,,,,,,,,,,,,,,,,,,,,,,,,,,,,,,,,,,,,,,,,,,,,50.3442841,30.4769898,
12:40:13.025,,,,,,,,,,,,,,,,0,0,,,,,,,,,,,,,,,,,,,,,,,,,,,,,,,,,,,,,,,,,,,,,,,,,,,,,,,,,,50.3442841,30.4769898,
12:40:13.121,,,,,,,,,359.99,59.5,,3.751,,,,,,,,,,,,,,,,,,,,,,,,,,,,,,,,,,,,,,,,,,,,,,,,,,,,7.497,,,,,,,,,,,50.3442841,30.4769898,
12:40:13.192,-3.849999999999909,,-3.75,,,,,,,,,,3.745,,,,,,,,,,,,,,,,,,,,,,,,,,,,,,,,,,,,,,,,,,,,,,,,,,,7.496,,,,,,,,,,,50.3442841,30.4769898,
12:40:13.229,,-3.6499999999998636,,,,,,,,,,,,,,,,,,,,,,,,,,,,,,,,,,,,,,,,,,,,,,,,,,,,,,,,,,,,,,,,,,,,,,,,,50.3442841,30.4769898,
12:40:13.350,,,,,,,,,,,,,,,,,,,,,,,,,,,,,,,,,,0.16,,,,0,0,,0,0.416688518138889,0.416689,97.37031400000001,6849.334193000001,0,-0.01,,,,,,11.698925553477698,,,,28,98,,0,,,,,114,0.16,,,,,,,0.192,,50.3442841,30.4769898,
12:40:13.409,,,,,,,,,,,,,,,,,,,,0,5.882352941176471,99,,,,,,,,,,5.882352941176471,,,,,,,,0,,,,,,,,,,,,,,0,,,,,,,,,,,,0.16,,17.6470588235294,99,,,,,,50.3442841,30.4769898,
12:40:13.589,,,,,,,,,,,,,,,,,,,,,,,10.819466850222621,10.81944,438.32088,1008.64102895,0.13524333562778276,0.135243,5.479011,12.922169,0,,5.882352941176471,,,0,0,,,,,,,,,,,32.45669840672307,32.45658032729446,5.6269829837459495,32.45669840672307,0.18866314061892936,,,31,,,,34960,,12000,0,0,,114,0.16,34960,17.6470588235294,,,,,,0,50.3442841,30.4769898,
12:40:13.797,,,,,,,,,,,,,,,23,,,,,,,,,,,,,,,,,,,,,,,,,,,,,,,,,,,,,,,,,,,,,,,,,,,,,,,,,50,,,50.3442841,30.4769898,
12:40:13.834,,,,,,,,,,,,,,,,,,0,,,,,,,,,,,,,,,,,,,,,,,,,,,,,,,,,,,,,,,,,,,,,,,,,,,,,,,,,50.3442841,30.4769898,
12:40:13.894,,,,,,,,,,,,,,,,0,0,,,,,,,,,,,,,,,,,,,,,,,,,,,,,,,,,,,,,,,,,,,,,,,,,,,,,,,,,,50.3442841,30.4769898,
12:40:14.002,,,,,,,,,359.67,59.5,,3.753,,,,,,,,,,,,,,,,,,,,,,,,,,,,,,,,,,,,,,,,,,,,,,,,,,,,7.498,,,,,,,,,,,50.3442841,30.4769898,
12:40:14.061,-3.8999999999998636,,-3.8999999999998636,,,,,,,,,,3.743,,,,,,,,,,,,,,,,,,,,,,,,,,,,,,,,,,,,,,,,,,,,,,,,,,,7.496,,,,,,,,,,,50.3442841,30.4769898,
12:40:14.098,,-3.6499999999998636,,,,,,,,,,,,,,,,,,,,,,,,,,,,,,,,,,,,,,,,,,,,,,,,,,,,,,,,,,,,,,,,,,,,,,,,,50.3442841,30.4769898,
12:40:14.229,,,,,,,,,,,,,,,,,,,,,,,,,,,,,,,,,,0.17,,,,0,0,,0,0.416688518138889,0.416689,97.37031400000001,6849.334193000001,0,-0.01,,,,,,11.619220949147456,,,,28,98,,0,,,,,114,0.17,,,,,,,0.20400000000000001,,50.3442841,30.4769898,
12:40:14.290,,,,,,,,,,,,,,,,,,,,0,5.882352941176471,99,,,,,,,,,,5.882352941176471,,,,,,,,0,,,,,,,,,,,,,,0,,,,,,,,,,,,0.17,,17.6470588235294,99,,,,,,50.3442841,30.4769898,
12:40:14.374,,,,,,,,,,,,,,,,,,,,,,,10.819466850222621,10.81944,438.32088,1008.64102895,0.13524333562778276,0.135243,5.479011,12.922169,0,,5.882352941176471,,,0,0,,,,,,,,,,,32.45669840672307,32.45658032729446,5.6269829837459495,32.45669840672308,0.18866314061892936,,,31,,,,34960,,12000,0,0,,114,0.17,34960,17.6470588235294,,,,,,0,50.3442841,30.4769898,
12:40:14.545,,,,,,,,,,,,,,,23,,,,,,,,,,,,,,,,,,,,,,,,,,,,,,,,,,,,,,,,,,,,,,,,,,,,,,,,,50,,,50.3442841,30.4769898,
12:40:14.582,,,,,,,,,,,,,,,,,,0,,,,,,,,,,,,,,,,,,,,,,,,,,,,,,,,,,,,,,,,,,,,,,,,,,,,,,,,,50.3442841,30.4769898,
12:40:14.617,,,,,,,,,,,,,,,,0,0,,,,,,,,,,,,,,,,,,,,,,,,,,,,,,,,,,,,,,,,,,,,,,,,,,,,,,,,,,50.3442841,30.4769898,
12:40:14.736,,,,,17,,,,,,86.6758781031239,,,86.6758781031239,,,,,,,,,,,,,,,,,,,,,,,,,,,,,,,,,,,,,,,,,,,,,,,,,,,,,,,,127.5,89,,,,50.3442841,30.4769898,
12:40:14.810,,,,,,,,,359.67,59.5,,3.75,,,,,,,,,,,,,,,,,,,,,,,,,,,,,,,,,,,,,,,,,,,,,,,,,,,,7.493,,,,,,,,,,,50.3442841,30.4769898,
12:40:14.869,-3.849999999999909,,-3.7999999999999545,,,,,,,,,,3.741,,,,,,,,,,,,,,,,,,,,,,,,,,,,,,,,,,,,,,,,,,,,,,,,,,,7.491,,,,,,,,,,,50.3442841,30.4769898,
12:40:14.917,,-3.6499999999998636,,,,,,,,,,,,,,,,,,,,,,,,,,,,,,,,,,,,,,,,,,,,,,,,,,,,,,,,,,,,,,,,,,,,,,,,,50.3442841,30.4769898,
12:40:15.036,,,,,,,,,,,,,,,,,,,,,,,,,,,,,,,,,,0.13,,,,0,0,,0,0.416688518138889,0.416689,97.37031400000001,6849.334193000001,0,-0.01,,,,,,11.547036625126237,,,,28,98,,0,,,,,114,0.13,,,,,,,0.156,,50.3442841,30.4769898,
12:40:15.111,,,,,,,,,,,,,,,,,,,,0,5.882352941176471,99,,,,,,,,,,5.882352941176471,,,,,,,,0,,,,,,,,,,,,,,0,,,,,,,,,,,,0.13,,17.6470588235294,99,,,,,,50.3442841,30.4769898,
12:40:15.209,,,,,,,,,,,,,,,,,,,,,,,10.819466850222621,10.81944,438.32088,1008.64102895,0.13524333562778276,0.135243,5.479011,12.922169,0,,5.882352941176471,,,0,0,,,,,,,,,,,32.45669840672307,32.45658032729446,5.6269829837459495,32.45669840672308,0.18866314061892936,,,31,,,,34940,,12000,0,0,,114,0.13,34940,17.6470588235294,,,,,,0,50.3442841,30.4769898,
12:40:15.485,,,,,,,,,,,,,,,23,,,,,,,,,,,,,,,,,,,,,,,,,,,,,,,,,,,,,,,,,,,,,,,,,,,,,,,,,50,,,50.3442841,30.4769898,
12:40:15.522,,,,,,,,,,,,,,,,,,0,,,,,,,,,,,,,,,,,,,,,,,,,,,,,,,,,,,,,,,,,,,,,,,,,,,,,,,,,50.3442841,30.4769898,
12:40:15.570,,,,,,,,,,,,,,,,0,0,,,,,,,,,,,,,,,,,,,,,,,,,,,,,,,,,,,,,,,,,,,,,,,,,,,,,,,,,,50.3442841,30.4769898,
12:40:15.690,,,,,,,,,359.67,59.5,,3.748,,,,,,,,,,,,,,,,,,,,,,,,,,,,,,,,,,,,,,,,,,,,,,,,,,,,7.489,,,,,,,,,,,50.3442841,30.4769898,
12:40:15.738,-3.849999999999909,,-3.849999999999909,,,,,,,,,,3.74,,,,,,,,,,,,,,,,,,,,,,,,,,,,,,,,,,,,,,,,,,,,,,,,,,,7.488,,,,,,,,,,,50.3442841,30.4769898,
12:40:15.785,,-3.449999999999818,,,,,,,,,,,,,,,,,,,,,,,,,,,,,,,,,,,,,,,,,,,,,,,,,,,,,,,,,,,,,,,,,,,,,,,,,50.3442841,30.4769898,
12:40:15.918,,,,,,,,,,,,,,,,,,,,,,,,,,,,,,,,,,0.17,,,,0,0,,0,0.416688518138889,0.416689,97.37031400000001,6849.334193000001,0,-0.01,,,,,,11.469201187806854,,,,28,98,,0,,,,,114,0.17,,,,,,,0.20400000000000001,,50.3442841,30.4769898,
12:40:15.982,,,,,,,,,,,,,,,,,,,,0,5.882352941176471,99,,,,,,,,,,5.882352941176471,,,,,,,,0,,,,,,,,,,,,,,0,,,,,,,,,,,,0.17,,17.6470588235294,99,,,,,,50.3442841,30.4769898,
12:40:16.065,,,,,,,,,,,,,,,,,,,,,,,10.819466850222621,10.81944,438.32088,1008.64102895,0.13524333562778276,0.135243,5.479011,12.922169,0,,5.882352941176471,,,0,0,,,,,,,,,,,32.45669840672307,32.45658032729446,5.6269829837459495,32.45669840672308,0.18866314061892936,,,32,,,,34940,,12000,0,0,,115,0.17,34940,17.6470588235294,,,,,,0,50.3442841,30.4769898,
12:40:16.185,,,,,,,,,,,,,,,23,,,,,,,,,,,,,,,,,,,,,,,,,,,,,,,,,,,,,,,,,,,,,,,,,,,,,,,,,50,,,50.3442841,30.4769898,
12:40:16.222,,,,,,,,,,,,,,,,,,0,,,,,,,,,,,,,,,,,,,,,,,,,,,,,,,,,,,,,,,,,,,,,,,,,,,,,,,,,50.3442841,30.4769898,
12:40:16.257,,,,,,,,,,,,,,,,0,0,,,,,,,,,,,,,,,,,,,,,,,,,,,,,,,,,,,,,,,,,,,,,,,,,,,,,,,,,,50.3442841,30.4769898,
12:40:16.378,,,,,,,,,359.83,59.5,,3.747,,,,,,,,,,,,,,,,,,,,,,,,,,,,,,,,,,,,,,,,,,,,,,,,,,,,7.487,,,,,,,,,,,50.3442841,30.4769898,
12:40:16.438,-4,,-3.7999999999999545,,,,,,,,,,3.739,,,,,,,,,,,,,,,,,,,,,,,,,,,,,,,,,,,,,,,,,,,,,,,,,,,7.486,,,,,,,,,,,50.3442841,30.4769898,
12:40:16.474,,-3.449999999999818,,,,,,,,,,,,,,,,,,,,,,,,,,,,,,,,,,,,,,,,,,,,,,,,,,,,,,,,,,,,,,,,,,,,,,,,,50.3442841,30.4769898,
12:40:16.593,,,,,,,,,,,,,,,,,,,,,,,,,,,,,,,,,,,,,,,,,,,,,,,,,,,,,,,,56,,,,,,,,,116,,,,,,,,,,50.3442841,30.4769898,
12:40:16.664,,,,,,,,,,,,,,,,,,,,,,,,,,,,,,,,,,0.14,,,,0,0,,0,0.416688518138889,0.416689,97.37031400000001,6849.334193000001,0,-0.01,,,,,,11.40413907593218,,,,28,98,,0,,,,,116,0.14,,,,,,,0.168,,50.3442841,30.4769898,
12:40:16.737,,,,,,,,,,,,,,,,,,,,0,5.882352941176471,99,,,,,,,,,,5.882352941176471,,,,,,,,0,,,,,,,,,,,,,,0,,,,,,,,,,,,0.14,,17.6470588235294,99,,,,,,50.3442841,30.4769898,
12:40:16.905,,,,,,,,,,,,,,,,,,,,,,,10.819466850222621,10.81944,438.32088,1008.64102895,0.13524333562778276,0.135243,5.479011,12.922169,0,,5.882352941176471,,,0,0,,,,,,,,,,,32.45669840672307,32.45658032729446,5.6269829837459495,32.45669840672308,0.18866314061892936,,,32,,,,34940,,12000,0,0,,116,0.14,34940,17.6470588235294,,,,,,0,50.3442841,30.4769898,
12:40:17.014,,,,,,,,,,,,,,,23,,,,,,,,,,,,,,,,,,,,,,,,,,,,,,,,,,,,,,,,,,,,,,,,,,,,,,,,,50,,,50.3442841,30.4769898,
12:40:17.049,,,,,,,,,,,,,,,,,,0,,,,,,,,,,,,,,,,,,,,,,,,,,,,,,,,,,,,,,,,,,,,,,,,,,,,,,,,,50.3442841,30.4769898,
12:40:17.098,,,,,,,,,,,,,,,,0,0,,,,,,,,,,,,,,,,,,,,,,,,,,,,,,,,,,,,,,,,,,,,,,,,,,,,,,,,,,50.3442841,30.4769898,
12:40:17.265,,,,,,,,,359.51,59.5,,3.748,,,,,,,,,,,,,,,,,,,,,,,,,,,,,,,,,,,,,,,,,,,,,,,,,,,,7.487,,,,,,,,,,,50.3442841,30.4769898,
12:40:17.348,-3.6499999999998636,,-3.849999999999909,,,,,,,,,,3.739,,,,,,,,,,,,,,,,,,,,,,,,,,,,,,,,,,,,,,,,,,,,,,,,,,,7.487,,,,,,,,,,,50.3442841,30.4769898,
12:40:17.422,,-3.6499999999998636,,,,,,,,,,,,,,,,,,,,,,,,,,,,,,,,,,,,,,,,,,,,,,,,,,,,,,,,,,,,,,,,,,,,,,,,,50.3442841,30.4769898,
12:40:17.625,,,,,,,,,,,,,,,,,,,,,,,,,,,,,,,,,,0.15,,,,0,0,,0,0.416688518138889,0.416689,97.37031400000001,6849.334193000001,0,-0.01,,,,,,11.321477986333727,,,,28,98,,0,,,,,116,0.15,,,,,,,0.18,,50.3442841,30.4769898,
12:40:17.697,,,,,,,,,,,,,,,,,,,,0,5.882352941176471,99,,,,,,,,,,5.882352941176471,,,,,,,,0,,,,,,,,,,,,,,0,,,,,,,,,,,,0.15,,17.6470588235294,99,,,,,,50.3442841,30.4769898,
12:40:17.780,,,,,,,,,,,,,,,,,,,,,,,10.819466850222621,10.81944,438.32088,1008.64102895,0.13524333562778276,0.135243,5.479011,12.922169,0,,5.882352941176471,,,0,0,,,,,,,,,,,32.45669840672307,32.45658032729446,5.6269829837459495,32.45669840672308,0.18866314061892936,,,32,,,,34940,,12000,0,0,,116,0.15,34940,17.6470588235294,,,,,,0,50.3442841,30.4769898,
12:40:17.901,,,,,,,,,,,,,,,23,,,,,,,,,,,,,,,,,,,,,,,,,,,,,,,,,,,,,,,,,,,,,,,,,,,,,,,,,50,,,50.3442841,30.4769898,
12:40:17.950,,,,,,,,,,,,,,,,,,0,,,,,,,,,,,,,,,,,,,,,,,,,,,,,,,,,,,,,,,,,,,,,,,,,,,,,,,,,50.3442841,30.4769898,
12:40:18.013,,,,,,,,,,,,,,,,0,0,,,,,,,,,,,,,,,,,,,,,,,,,,,,,,,,,,,,,,,,,,,,,,,,,,,,,,,,,,50.3442841,30.4769898,
12:40:18.109,,,,19,,,,,,,,,,,,,,,,,,,,,,,,,,,,,,,,,,,,,,,,,,,,,,,,,,,,,,,,,,,,,,,,,,,89,,,,50.3442841,30.4769898,
12:40:18.254,,,,,,,,,359.19,59.5,,3.746,,,,,,,,,,,,,,,,,,,,,,,,,,,,,,,,,,,,,,,,,,,,,,,,,,,,7.485,,,,,,,,,,,50.3442841,30.4769898,
12:40:18.317,-3.599999999999909,,-3.75,,,,,,,,,,3.738,,,,,,,,,,,,,,,,,,,,,,,,,,,,,,,,,,,,,,,,,,,,,,,,,,,7.484,,,,,,,,,,,50.3442841,30.4769898,
12:40:18.366,,-3.449999999999818,,,,,,,,,,,,,,,,,,,,,,,,,,,,,,,,,,,,,,,,,,,,,,,,,,,,,,,,,,,,,,,,,,,,,,,,,50.3442841,30.4769898,
12:40:18.888,,,,,,,,,,,,,,,,,,,,,,,,,,,,,,,,,,0.15,,,,0,0,,0,0.416688518138889,0.416689,97.37031400000001,6849.334193000001,0,-0.01,,,,,,11.214557820139575,,,,28,98,,0,,,,,116,0.15,,,,,,,0.18,,50.3442841,30.4769898,
12:40:18.972,,,,,,,,,,,,,,,,,,,,0,5.882352941176471,99,,,,,,,,,,5.882352941176471,,,,,,,,0,,,,,,,,,,,,,,0,,,,,,,,,,,,0.15,,17.6470588235294,99,,,,,,50.3442841,30.4769898,
12:40:19.047,,,,,,,,,,,,,,,,,,,,,,,10.819466850222621,10.81944,438.32088,1008.64102895,0.13524333562778276,0.135243,5.479011,12.922169,0,,5.882352941176471,,,0,0,,,,,,,,,,,32.45669840672307,32.45658032729446,5.6269829837459495,32.45669840672308,0.18866314061892936,,,32,,,,34940,,12000,0,0,,116,0.15,34940,17.6470588235294,,,,,,0,50.3442841,30.4769898,
12:40:19.178,,,,,,,,,,,,,,,,,,,27,,,,,,,,,,,,,,,,,,,,,,,,,,,,,,,,,,,,,,,,,,,,,,,,,,,,,50,,,50.3442841,30.4769898,
12:40:19.369,,,,,,,,,,,,,,,23,,,,,,,,,,,,,,,,,,,,,,,,,,,,,,,,,,,,,,,,,,,,,,,,,,,,,,,,,50,,,50.3442841,30.4769898,
12:40:19.404,,,,,,,,,,,,,,,,,,0,,,,,,,,,,,,,,,,,,,,,,,,,,,,,,,,,,,,,,,,,,,,,,,,,,,,,,,,,50.3442841,30.4769898,
12:40:19.453,,,,,,,,,,,,,,,,0,0,,,,,,,,,,,,,,,,,,,,,,,,,,,,,,,,,,,,,,,,,,,,,,,,,,,,,,,,,,50.3442841,30.4769898,
12:40:19.586,,,,,,,,,359.19,60,,3.747,,,,,,,,,,,,,,,,,,,,,,,,,,,,,,,,,,,,,,,,,,,,,,,,,,,,7.485,,,,,,,,,,,50.3442841,30.4769898,
12:40:19.657,-3.699999999999818,,-3.699999999999818,,,,,,,,,,3.736,,,,,,,,,,,,,,,,,,,,,,,,,,,,,,,,,,,,,,,,,,,,,,,,,,,7.483,,,,,,,,,,,50.3442841,30.4769898,
12:40:19.693,,-3.449999999999818,,,,,,,,,,,,,,,,,,,,,,,,,,,,,,,,,,,,,,,,,,,,,,,,,,,,,,,,,,,,,,,,,,,,,,,,,50.3442841,30.4769898,
12:40:19.812,,,,,,,,,,,,,,,,,,,,,,,,,,,,,,,,,,0.16,,,,0,0,,0,0.416688518138889,0.416689,97.37031400000001,6849.334193000001,0,-0.01,,,,,,11.137615982980813,,,,28,98,,0,,,,,116,0.16,,,,,,,0.192,,50.3442841,30.4769898,
12:40:20.017,,,,,,,,,,,,,,,,,,,,0,5.882352941176471,99,,,,,,,,,,5.882352941176471,,,,,,,,0,,,,,,,,,,,,,,0,,,,,,,,,,,,0.16,,17.6470588235294,99,,,,,,50.3442841,30.4769898,
12:40:20.089,,,,,,,,,,,,,,,,,,,,,,,10.819466850222621,10.81944,438.32088,1008.64102895,0.13524333562778276,0.135243,5.479011,12.922169,0,,5.882352941176471,,,0,0,,,,,,,,,,,32.45669840672307,32.45658032729446,5.6269829837459495,32.45669840672308,0.18866314061892936,,,32,,,,34950,,12000,0,0,,116,0.16,34950,17.6470588235294,,,,,,0,50.3442841,30.4769898,
12:40:20.221,,,,,,,,,,,,,,,23,,,,,,,,,,,,,,,,,,,,,,,,,,,,,,,,,,,,,,,,,,,,,,,,,,,,,,,,,50,,,50.3442841,30.4769898,
12:40:20.269,,,,,,,,,,,,,,,,,,0,,,,,,,,,,,,,,,,,,,,,,,,,,,,,,,,,,,,,,,,,,,,,,,,,,,,,,,,,50.3442841,30.4769898,
12:40:20.317,,,,,,,,,,,,,,,,0,0,,,,,,,,,,,,,,,,,,,,,,,,,,,,,,,,,,,,,,,,,,,,,,,,,,,,,,,,,,50.3442841,30.4769898,
12:40:20.437,,,,,,18,18,18,,,,,,,,,,,,,,,,,,,,,,,,,,,,,,,,,,,,,,,,,,,,,,,,,,,,,,,,,,,,,,,90,,,,50.3442841,30.4769898,
12:40:20.497,,,,,,,,,359.19,60,,3.742,,,,,,,,,,,,,,,,,,,,,,,,,,,,,,,,,,,,,,,,,,,,,,,,,,,,7.478,,,,,,,,,,,50.3442841,30.4769898,
12:40:20.558,-3.599999999999909,,-3.75,,,,,,,,,,3.737,,,,,,,,,,,,,,,,,,,,,,,,,,,,,,,,,,,,,,,,,,,,,,,,,,,7.479,,,,,,,,,,,50.3442841,30.4769898,
12:40:20.605,,-3.449999999999818,,,,,,,,,,,,,,,,,,,,,,,,,,,,,,,,,,,,,,,,,,,,,,,,,,,,,,,,,,,,,,,,,,,,,,,,,50.3442841,30.4769898,
12:40:20.798,,,,,,,,,,,,,,,,,,,,,,,,,,,,,,,,,,0.14,,,,0,0,,0,0.416688518138889,0.416689,97.37031400000001,6849.334193000001,0,-0.01,,,,,,11.05671450889553,,,,28,98,,0,,,,,116,0.14,,,,,,,0.168,,50.3442841,30.4769898,
12:40:20.918,,,,,,,,,,,,,,,,,,,,0,5.882352941176471,99,,,,,,,,,,5.882352941176471,,,,,,,,0,,,,,,,,,,,,,,0,,,,,,,,,,,,0.14,,17.6470588235294,99,,,,,,50.3442841,30.4769898,
12:40:21.013,,,,,,,,,,,,,,,,,,,,,,,10.819466850222621,10.81944,438.32088,1008.64102895,0.13524333562778276,0.135243,5.479011,12.922169,0,,5.882352941176471,,,0,0,,,,,,,,,,,32.45669840672307,32.45658032729446,5.6269829837459495,32.45669840672308,0.18866314061892936,,,32,,,,34950,,12000,0,0,,116,0.14,34950,17.6470588235294,,,,,,0,50.3442841,30.4769898,
12:40:21.121,,,,,,,,,,,,,,,23,,,,,,,,,,,,,,,,,,,,,,,,,,,,,,,,,,,,,,,,,,,,,,,,,,,,,,,,,50,,,50.3442841,30.4769898,
12:40:21.157,,,,,,,,,,,,,,,,,,0,,,,,,,,,,,,,,,,,,,,,,,,,,,,,,,,,,,,,,,,,,,,,,,,,,,,,,,,,50.3442841,30.4769898,
12:40:21.205,,,,,,,,,,,,,,,,0,0,,,,,,,,,,,,,,,,,,,,,,,,,,,,,,,,,,,,,,,,,,,,,,,,,,,,,,,,,,50.3442841,30.4769898,
12:40:21.314,,,,,,,,,359.03000000000003,60,,3.742,,,,,,,,,,,,,,,,,,,,,,,,,,,,,,,,,,,,,,,,,,,,,,,,,,,,7.479,,,,,,,,,,,50.3442841,30.4769898,
12:40:21.374,-3.6499999999998636,,-3.6499999999998636,,,,,,,,,,3.735,,,,,,,,,,,,,,,,,,,,,,,,,,,,,,,,,,,,,,,,,,,,,,,,,,,7.477,,,,,,,,,,,50.3442841,30.4769898,
12:40:21.409,,-3.449999999999818,,,,,,,,,,,,,,,,,,,,,,,,,,,,,,,,,,,,,,,,,,,,,,,,,,,,,,,,,,,,,,,,,,,,,,,,,50.3442841,30.4769898,
12:40:21.494,,,,,,,,,,,,,,,,,,,,,,,,,,,,,,,,,,,,,,,,,,,,,,,,,,,,,,,,57,,,,,,,,,117,,,,,,,,,,50.3442841,30.4769898,
12:40:21.565,,,,,,,,,,,,,,,,,,,,,,,,,,,,,,,,,,0.15,,,,0,0,,0,0.416688518138889,0.416689,97.37031400000001,6849.334193000001,0,-0.01,,,,,,10.994514396615102,,,,28,98,,0,,,,,117,0.15,,,,,,,0.18,,50.3442841,30.4769898,
12:40:21.733,,,,,,,,,,,,,,,,,,,,0,5.882352941176471,99,,,,,,,,,,5.882352941176471,,,,,,,,0,,,,,,,,,,,,,,0,,,,,,,,,,,,0.15,,17.6470588235294,99,,,,,,50.3442841,30.4769898,
12:40:21.805,,,,,,,,,,,,,,,,,,,,,,,10.819466850222621,10.81944,438.32088,1008.64102895,0.13524333562778276,0.135243,5.479011,12.922169,0,,5.882352941176471,,,0,0,,,,,,,,,,,32.45669840672307,32.45658032729446,5.6269829837459495,32.45669840672308,0.18866314061892936,,,32,,,,34950,,12000,0,0,,117,0.15,34950,17.6470588235294,,,,,,0,50.3442841,30.4769898,
12:40:21.966,,,,,,,,,,,,,,,23,,,,,,,,,,,,,,,,,,,,,,,,,,,,,,,,,,,,,,,,,,,,,,,,,,,,,,,,,50,,,50.3442841,30.4769898,
12:40:22.014,,,,,,,,,,,,,,,,,,0,,,,,,,,,,,,,,,,,,,,,,,,,,,,,,,,,,,,,,,,,,,,,,,,,,,,,,,,,50.3442841,30.4769898,
12:40:22.049,,,,,,,,,,,,,,,,0,0,,,,,,,,,,,,,,,,,,,,,,,,,,,,,,,,,,,,,,,,,,,,,,,,,,,,,,,,,,50.3442841,30.4769898,
12:40:22.170,,,,,17,,,,,,86.6758781031239,,,86.6758781031239,,,,,,,,,,,,,,,,,,,,,,,,,,,,,,,,,,,,,,,,,,,,,,,,,,,,,,,,127.5,90,,,,50.3442841,30.4769898,
12:40:22.230,,,,,,,,,359.03000000000003,60.5,,3.743,,,,,,,,,,,,,,,,,,,,,,,,,,,,,,,,,,,,,,,,,,,,,,,,,,,,7.478,,,,,,,,,,,50.3442841,30.4769898,
12:40:22.289,-3.6499999999998636,,-3.6499999999998636,,,,,,,,,,3.735,,,,,,,,,,,,,,,,,,,,,,,,,,,,,,,,,,,,,,,,,,,,,,,,,,,7.478,,,,,,,,,,,50.3442841,30.4769898,
12:40:22.325,,-3.6499999999998636,,,,,,,,,,,,,,,,,,,,,,,,,,,,,,,,,,,,,,,,,,,,,,,,,,,,,,,,,,,,,,,,,,,,,,,,,50.3442841,30.4769898,
12:40:22.448,,,,,,,,,,,,,,,,,,,,,,,,,,,,,,,,,,0.15,,,,0,0,,0,0.416688518138889,0.416689,97.37031400000001,6849.334193000001,0,-0.01,,,,,,10.923826750848974,,,,28,98,,0,,,,,117,0.15,,,,,,,0.18,,50.3442841,30.4769898,
12:40:22.508,,,,,,,,,,,,,,,,,,,,0,5.882352941176471,99,,,,,,,,,,5.882352941176471,,,,,,,,0,,,,,,,,,,,,,,0,,,,,,,,,,,,0.15,,17.6470588235294,99,,,,,,50.3442841,30.4769898,
12:40:22.580,,,,,,,,,,,,,,,,,,,,,,,10.819466850222621,10.81944,438.32088,1008.64102895,0.13524333562778276,0.135243,5.479011,12.922169,0,,5.882352941176471,,,0,0,,,,,,,,,,,32.45669840672307,32.45658032729446,5.6269829837459495,32.45669840672308,0.18866314061892936,,,32,,,,34950,,12000,0,0,,117,0.15,34950,17.6470588235294,,,,,,0,50.3442841,30.4769898,
12:40:22.701,,,,,,,,,,,,,,,23,,,,,,,,,,,,,,,,,,,,,,,,,,,,,,,,,,,,,,,,,,,,,,,,,,,,,,,,,50,,,50.3442841,30.4769898,
12:40:22.785,,,,,,,,,,,,,,,,,,0,,,,,,,,,,,,,,,,,,,,,,,,,,,,,,,,,,,,,,,,,,,,,,,,,,,,,,,,,50.3442841,30.4769898,
12:40:22.869,,,,,,,,,,,,,,,,0,0,,,,,,,,,,,,,,,,,,,,,,,,,,,,,,,,,,,,,,,,,,,,,,,,,,,,,,,,,,50.3442841,30.4769898,
12:40:23.062,,,,,,,,,359.03000000000003,60.5,,3.742,,,,,,,,,,,,,,,,,,,,,,,,,,,,,,,,,,,,,,,,,,,,,,,,,,,,7.477,,,,,,,,,,,50.3442841,30.4769898,
12:40:23.133,-3.699999999999818,,-3.75,,,,,,,,,,3.736,,,,,,,,,,,,,,,,,,,,,,,,,,,,,,,,,,,,,,,,,,,,,,,,,,,7.478,,,,,,,,,,,50.3442841,30.4769898,
12:40:23.169,,-3.449999999999818,,,,,,,,,,,,,,,,,,,,,,,,,,,,,,,,,,,,,,,,,,,,,,,,,,,,,,,,,,,,,,,,,,,,,,,,,50.3442841,30.4769898,
12:40:23.277,,,,,,,,,,,,,,,,,,,,,,,,,,,,,,,,,,0.14,,,,0,0,,0,0.416688518138889,0.416689,97.37031400000001,6849.334193000001,0,-0.01,,,,,,10.858272852360253,,,,28,98,,0,,,,,117,0.14,,,,,,,0.168,,50.3442841,30.4769898,
12:40:23.349,,,,,,,,,,,,,,,,,,,,0,5.882352941176471,99,,,,,,,,,,5.882352941176471,,,,,,,,0,,,,,,,,,,,,,,0,,,,,,,,,,,,0.14,,17.6470588235294,99,,,,,,50.3442841,30.4769898,
12:40:23.444,,,,,,,,,,,,,,,,,,,,,,,10.819466850222621,10.81944,438.32088,1008.64102895,0.13524333562778276,0.135243,5.479011,12.922169,0,,5.882352941176471,,,0,0,,,,,,,,,,,32.45669840672307,32.45658032729446,5.6269829837459495,32.45669840672308,0.18866314061892936,,,32,,,,34970,,12000,0,0,,117,0.14,34970,17.6470588235294,,,,,,0,50.3442841,30.4769898,
12:40:23.602,,,,,,,,,,,,,,,23,,,,,,,,,,,,,,,,,,,,,,,,,,,,,,,,,,,,,,,,,,,,,,,,,,,,,,,,,50,,,50.3442841,30.4769898,
12:40:23.638,,,,,,,,,,,,,,,,,,0,,,,,,,,,,,,,,,,,,,,,,,,,,,,,,,,,,,,,,,,,,,,,,,,,,,,,,,,,50.3442841,30.4769898,
12:40:23.674,,,,,,,,,,,,,,,,0,0,,,,,,,,,,,,,,,,,,,,,,,,,,,,,,,,,,,,,,,,,,,,,,,,,,,,,,,,,,50.3442841,30.4769898,
12:40:23.785,,,,,,,,,359.03000000000003,60.5,,3.743,,,,,,,,,,,,,,,,,,,,,,,,,,,,,,,,,,,,,,,,,,,,,,,,,,,,7.479,,,,,,,,,,,50.3442841,30.4769898,
12:40:23.857,-3.75,,-3.6499999999998636,,,,,,,,,,3.734,,,,,,,,,,,,,,,,,,,,,,,,,,,,,,,,,,,,,,,,,,,,,,,,,,,7.477,,,,,,,,,,,50.3442841,30.4769898,
12:40:23.904,,-3.25,,,,,,,,,,,,,,,,,,,,,,,,,,,,,,,,,,,,,,,,,,,,,,,,,,,,,,,,,,,,,,,,,,,,,,,,,50.3442841,30.4769898,
12:40:24.038,,,,,,,,,,,,,,,,,,,,,,,,,,,,,,,,,,0.16,,,,0,0,,0,0.416688518138889,0.416689,97.37031400000001,6849.334193000001,0,-0.01,,,,,,10.798835304032307,,,,28,98,,0,,,,,117,0.16,,,,,,,0.192,,50.3442841,30.4769898,
12:40:24.121,,,,,,,,,,,,,,,,,,,,0,5.882352941176471,99,,,,,,,,,,5.882352941176471,,,,,,,,0,,,,,,,,,,,,,,0,,,,,,,,,,,,0.16,,17.6470588235294,99,,,,,,50.3442841,30.4769898,
12:40:24.264,,,,,,,,,,,,,,,,,,,,,,,10.819466850222621,10.81944,438.32088,1008.64102895,0.13524333562778276,0.135243,5.479011,12.922169,0,,5.882352941176471,,,0,0,,,,,,,,,,,32.45669840672307,32.45658032729446,5.6269829837459495,32.45669840672308,0.18866314061892936,,,32,,,,34970,,12000,0,0,,117,0.16,34970,17.6470588235294,,,,,,0,50.3442841,30.4769898,
12:40:24.421,,,,,,,,,,,,,,,24,,,,,,,,,,,,,,,,,,,,,,,,,,,,,,,,,,,,,,,,,,,,,,,,,,,,,,,,,51,,,50.3442841,30.4769898,
12:40:24.470,,,,,,,,,,,,,,,,,,0,,,,,,,,,,,,,,,,,,,,,,,,,,,,,,,,,,,,,,,,,,,,,,,,,,,,,,,,,50.3442841,30.4769898,
12:40:24.505,,,,,,,,,,,,,,,,0,0,,,,,,,,,,,,,,,,,,,,,,,,,,,,,,,,,,,,,,,,,,,,,,,,,,,,,,,,,,50.3442841,30.4769898,
12:40:24.649,,,,,,,,,358.86,60.5,,3.742,,,,,,,,,,,,,,,,,,,,,,,,,,,,,,,,,,,,,,,,,,,,,,,,,,,,7.476,,,,,,,,,,,50.3442841,30.4769898,
12:40:24.721,-3.6499999999998636,,-3.7999999999999545,,,,,,,,,,3.733,,,,,,,,,,,,,,,,,,,,,,,,,,,,,,,,,,,,,,,,,,,,,,,,,,,7.475,,,,,,,,,,,50.3442841,30.4769898,
12:40:24.793,,-3.25,,,,,,,,,,,,,,,,,,,,,,,,,,,,,,,,,,,,,,,,,,,,,,,,,,,,,,,,,,,,,,,,,,,,,,,,,50.3442841,30.4769898,
12:40:24.961,,,,,,,,,,,,,,,,,,,,,,,,,,,,,,,,,,0.14,,,,0,0,,0,0.416688518138889,0.416689,97.37031400000001,6849.334193000001,0,-0.01,,,,,,10.72754675653557,,,,28,98,,0,,,,,117,0.14,,,,,,,0.168,,50.3442841,30.4769898,
12:40:25.045,,,,,,,,,,,,,,,,,,,,0,5.882352941176471,99,,,,,,,,,,5.882352941176471,,,,,,,,0,,,,,,,,,,,,,,0,,,,,,,,,,,,0.14,,17.6470588235294,99,,,,,,50.3442841,30.4769898,
12:40:25.117,,,,,,,,,,,,,,,,,,,,,,,10.819466850222621,10.81944,438.32088,1008.64102895,0.13524333562778276,0.135243,5.479011,12.922169,0,,5.882352941176471,,,0,0,,,,,,,,,,,32.45669840672307,32.45658032729446,5.6269829837459495,32.45669840672308,0.18866314061892936,,,33,,,,34980,,12000,0,0,,118,0.14,34980,17.6470588235294,,,,,,0,50.3442841,30.4769898,
12:40:25.249,,,,,,,,,,,,,,,24,,,,,,,,,,,,,,,,,,,,,,,,,,,,,,,,,,,,,,,,,,,,,,,,,,,,,,,,,51,,,50.3442841,30.4769898,
12:40:25.297,,,,,,,,,,,,,,,,,,0,,,,,,,,,,,,,,,,,,,,,,,,,,,,,,,,,,,,,,,,,,,,,,,,,,,,,,,,,50.3442841,30.4769898,
12:40:25.334,,,,,,,,,,,,,,,,0,0,,,,,,,,,,,,,,,,,,,,,,,,,,,,,,,,,,,,,,,,,,,,,,,,,,,,,,,,,,50.3442841,30.4769898,
12:40:25.441,,,,,,,,,358.7,60.5,,3.741,,,,,,,,,,,,,,,,,,,,,,,,,,,,,,,,,,,,,,,,,,,,,,,,,,,,7.474,,,,,,,,,,,50.3442841,30.4769898,
12:40:25.501,-3.6499999999998636,,-3.5,,,,,,,,,,3.733,,,,,,,,,,,,,,,,,,,,,,,,,,,,,,,,,,,,,,,,,,,,,,,,,,,7.474,,,,,,,,,,,50.3442841,30.4769898,
12:40:25.537,,-3.449999999999818,,,,,,,,,,,,,,,,,,,,,,,,,,,,,,,,,,,,,,,,,,,,,,,,,,,,,,,,,,,,,,,,,,,,,,,,,50.3442841,30.4769898,
12:40:25.670,,,,,,,,,,,,,,,,,,,,,,,,,,,,,,,,,,,,,,,,,,,,,,,,,,,,,,,,57,,,,,,,,,118,,,,,,,,,,50.3442841,30.4769898,
12:40:25.752,,,,,,,,,,,,,,,,,,,,,,,,,,,,,,,,,,0.17,,,,0,0,,0,0.416688518138889,0.416689,97.37031400000001,6849.334193000001,0,-0.01,,,,,,10.66716880868255,,,,28,98,,0,,,,,118,0.17,,,,,,,0.20400000000000001,,50.3442841,30.4769898,
12:40:25.813,,,,,,,,,,,,,,,,,,,,0,5.882352941176471,99,,,,,,,,,,5.882352941176471,,,,,,,,0,,,,,,,,,,,,,,0,,,,,,,,,,,,0.17,,17.6470588235294,99,,,,,,50.3442841,30.4769898,
12:40:25.884,,,,,,,,,,,,,,,,,,,,,,,10.819466850222621,10.81944,438.32088,1008.64102895,0.13524333562778276,0.135243,5.479011,12.922169,0,,5.882352941176471,,,0,0,,,,,,,,,,,32.45669840672307,32.45658032729446,5.6269829837459495,32.45669840672308,0.18866314061892936,,,33,,,,34990,,12000,0,0,,118,0.17,34990,17.6470588235294,,,,,,0,50.3442841,30.4769898,
12:40:25.945,,,,,,,,,,,,,,,,,,,27,,,,,,,,,,,,,,,,,,,,,,,,,,,,,,,,,,,,,,,,,,,,,,,,,,,,,51,,,50.3442841,30.4769898,
12:40:26.040,,,,,,,,,,,,,,,24,,,,,,,,,,,,,,,,,,,,,,,,,,,,,,,,,,,,,,,,,,,,,,,,,,,,,,,,,51,,,50.3442841,30.4769898,
12:40:26.101,,,,,,,,,,,,,,,,,,0,,,,,,,,,,,,,,,,,,,,,,,,,,,,,,,,,,,,,,,,,,,,,,,,,,,,,,,,,50.3442841,30.4769898,
12:40:26.166,,,,,,,,,,,,,,,,0,0,,,,,,,,,,,,,,,,,,,,,,,,,,,,,,,,,,,,,,,,,,,,,,,,,,,,,,,,,,50.3442841,30.4769898,
12:40:26.303,,,,,,,,,358.86,60.5,,3.74,,,,,,,,,,,,,,,,,,,,,,,,,,,,,,,,,,,,,,,,,,,,,,,,,,,,7.473,,,,,,,,,,,50.3442841,30.4769898,
12:40:26.365,-3.599999999999909,,-3.6499999999998636,,,,,,,,,,3.732,,,,,,,,,,,,,,,,,,,,,,,,,,,,,,,,,,,,,,,,,,,,,,,,,,,7.472,,,,,,,,,,,50.3442841,30.4769898,
12:40:26.401,,-3.449999999999818,,,,,,,,,,,,,,,,,,,,,,,,,,,,,,,,,,,,,,,,,,,,,,,,,,,,,,,,,,,,,,,,,,,,,,,,,50.3442841,30.4769898,
12:40:26.570,,,,,,,,,,,,,,,,,,,,,,,,,,,,,,,,,,0.15,,,,0,0,,0,0.416688518138889,0.416689,97.37031400000001,6849.334193000001,0,-0.01,,,,,,10.60553208724659,,,,28,98,,0,,,,,118,0.15,,,,,,,0.18,,50.3442841,30.4769898,
12:40:26.701,,,,,,,,,,,,,,,,,,,,0,5.882352941176471,99,,,,,,,,,,5.882352941176471,,,,,,,,0,,,,,,,,,,,,,,0,,,,,,,,,,,,0.15,,17.6470588235294,99,,,,,,50.3442841,30.4769898,
12:40:26.808,,,,,,,,,,,,,,,,,,,,,,,10.819466850222621,10.81944,438.32088,1008.64102895,0.13524333562778276,0.135243,5.479011,12.922169,0,,5.882352941176471,,,0,0,,,,,,,,,,,32.45669840672307,32.45658032729446,5.6269829837459495,32.45669840672308,0.18866314061892936,,,33,,,,35010,,12000,0,0,,118,0.15,35010,17.6470588235294,,,,,,0,50.3442841,30.4769898,
12:40:26.990,,,,,,,,,,,,,,,24,,,,,,,,,,,,,,,,,,,,,,,,,,,,,,,,,,,,,,,,,,,,,,,,,,,,,,,,,51,,,50.3442841,30.4769898,
12:40:27.026,,,,,,,,,,,,,,,,,,0,,,,,,,,,,,,,,,,,,,,,,,,,,,,,,,,,,,,,,,,,,,,,,,,,,,,,,,,,50.3442841,30.4769898,
12:40:27.061,,,,,,,,,,,,,,,,0,0,,,,,,,,,,,,,,,,,,,,,,,,,,,,,,,,,,,,,,,,,,,,,,,,,,,,,,,,,,50.3442841,30.4769898,
12:40:27.157,,,,19,,,,,,,,,,,,,,,,,,,,,,,,,,,,,,,,,,,,,,,,,,,,,,,,,,,,,,,,,,,,,,,,,,,90,,,,50.3442841,30.4769898,
12:40:27.266,,,,,,,,,358.86,61,,3.739,,,,,,,,,,,,,,,,,,,,,,,,,,,,,,,,,,,,,,,,,,,,,,,,,,,,7.471,,,,,,,,,,,50.3442841,30.4769898,
12:40:27.317,-3.599999999999909,,-3.849999999999909,,,,,,,,,,3.732,,,,,,,,,,,,,,,,,,,,,,,,,,,,,,,,,,,,,,,,,,,,,,,,,,,7.471,,,,,,,,,,,50.3442841,30.4769898,
12:40:27.354,,-3.449999999999818,,,,,,,,,,,,,,,,,,,,,,,,,,,,,,,,,,,,,,,,,,,,,,,,,,,,,,,,,,,,,,,,,,,,,,,,,50.3442841,30.4769898,
12:40:27.473,,,,,,,,,,,,,,,,,,,,,,,,,,,,,,,,,,0.16,,,,0,0,,0,0.416688518138889,0.416689,97.37031400000001,6849.334193000001,0,-0.01,,,,,,10.538200481745855,,,,28,98,,0,,,,,118,0.16,,,,,,,0.192,,50.3442841,30.4769898,
12:40:27.545,,,,,,,,,,,,,,,,,,,,0,5.882352941176471,99,,,,,,,,,,5.882352941176471,,,,,,,,0,,,,,,,,,,,,,,0,,,,,,,,,,,,0.16,,17.6470588235294,99,,,,,,50.3442841,30.4769898,
12:40:27.643,,,,,,,,,,,,,,,,,,,,,,,10.819466850222621,10.81944,438.32088,1008.64102895,0.13524333562778276,0.135243,5.479011,12.922169,0,,5.882352941176471,,,0,0,,,,,,,,,,,32.45669840672307,32.45658032729446,5.6269829837459495,32.45669840672308,0.18866314061892936,,,33,,,,35010,,12000,0,0,,118,0.16,35010,17.6470588235294,,,,,,0,50.3442841,30.4769898,
12:40:27.825,,,,,,,,,,,,,,,24,,,,,,,,,,,,,,,,,,,,,,,,,,,,,,,,,,,,,,,,,,,,,,,,,,,,,,,,,51,,,50.3442841,30.4769898,
12:40:27.874,,,,,,,,,,,,,,,,,,0,,,,,,,,,,,,,,,,,,,,,,,,,,,,,,,,,,,,,,,,,,,,,,,,,,,,,,,,,50.3442841,30.4769898,
12:40:27.946,,,,,,,,,,,,,,,,0,0,,,,,,,,,,,,,,,,,,,,,,,,,,,,,,,,,,,,,,,,,,,,,,,,,,,,,,,,,,50.3442841,30.4769898,
12:40:28.125,,,,,,,,,358.54,61,,3.739,,,,,,,,,,,,,,,,,,,,,,,,,,,,,,,,,,,,,,,,,,,,,,,,,,,,7.471,,,,,,,,,,,50.3442841,30.4769898,
12:40:28.197,-3.75,,-3.699999999999818,,,,,,,,,,3.732,,,,,,,,,,,,,,,,,,,,,,,,,,,,,,,,,,,,,,,,,,,,,,,,,,,7.471,,,,,,,,,,,50.3442841,30.4769898,
12:40:28.257,,-3.449999999999818,,,,,,,,,,,,,,,,,,,,,,,,,,,,,,,,,,,,,,,,,,,,,,,,,,,,,,,,,,,,,,,,,,,,,,,,,50.3442841,30.4769898,
12:40:28.533,,,,,,,,,,,,,,,,,,,,,,,,,,,,,,,,,,0.14,,,,0,0,,0,0.416688518138889,0.416689,97.37031400000001,6849.334193000001,0,-0.01,,,,,,10.46029783791634,,,,28,98,,0,,,,,118,0.14,,,,,,,0.168,,50.3442841,30.4769898,
12:40:28.618,,,,,,,,,,,,,,,,,,,,0,5.882352941176471,99,,,,,,,,,,5.882352941176471,,,,,,,,0,,,,,,,,,,,,,,0,,,,,,,,,,,,0.14,,17.6470588235294,99,,,,,,50.3442841,30.4769898,
12:40:28.725,,,,,,,,,,,,,,,,,,,,,,,10.819466850222621,10.81944,438.32088,1008.64102895,0.13524333562778276,0.135243,5.479011,12.922169,0,,5.882352941176471,,,0,0,,,,,,,,,,,32.45669840672307,32.45658032729446,5.6269829837459495,32.45669840672308,0.18866314061892936,,,33,,,,35030,,12000,0,0,,118,0.14,35030,17.6470588235294,,,,,,0,50.3442841,30.4769898,
12:40:28.833,,,,,,,,,,,,,,,24,,,,,,,,,,,,,,,,,,,,,,,,,,,,,,,,,,,,,,,,,,,,,,,,,,,,,,,,,51,,,50.3442841,30.4769898,
12:40:28.882,,,,,,,,,,,,,,,,,,0,,,,,,,,,,,,,,,,,,,,,,,,,,,,,,,,,,,,,,,,,,,,,,,,,,,,,,,,,50.3442841,30.4769898,
12:40:28.929,,,,,,,,,,,,,,,,0,0,,,,,,,,,,,,,,,,,,,,,,,,,,,,,,,,,,,,,,,,,,,,,,,,,,,,,,,,,,50.3442841,30.4769898,
12:40:29.050,,,,,,18,18,18,,,,,,,,,,,,,,,,,,,,,,,,,,,,,,,,,,,,,,,,,,,,,,,,,,,,,,,,,,,,,,,90,,,,50.3442841,30.4769898,
12:40:29.108,,,,,17,,,,,,86.6758781031239,,,86.6758781031239,,,,,,,,,,,,,,,,,,,,,,,,,,,,,,,,,,,,,,,,,,,,,,,,,,,,,,,,127.5,90,,,,50.3442841,30.4769898,
12:40:29.170,,,,,,,,,359.03000000000003,61,,3.739,,,,,,,,,,,,,,,,,,,,,,,,,,,,,,,,,,,,,,,,,,,,,,,,,,,,7.471,,,,,,,,,,,50.3442841,30.4769898,
12:40:29.240,-3.75,,-3.75,,,,,,,,,,3.732,,,,,,,,,,,,,,,,,,,,,,,,,,,,,,,,,,,,,,,,,,,,,,,,,,,7.471,,,,,,,,,,,50.3442841,30.4769898,
12:40:29.288,,-3.449999999999818,,,,,,,,,,,,,,,,,,,,,,,,,,,,,,,,,,,,,,,,,,,,,,,,,,,,,,,,,,,,,,,,,,,,,,,,,50.3442841,30.4769898,
12:40:29.470,,,,,,,,,,,,,,,,,,,,,,,,,,,,,,,,,,0.16,,,,0,0,,0,0.416688518138889,0.416689,97.37031400000001,6849.334193000001,0,-0.01,,,,,,10.39242720223594,,,,28,98,,0,,,,,118,0.16,,,,,,,0.192,,50.3442841,30.4769898,
12:40:29.614,,,,,,,,,,,,,,,,,,,,0,5.882352941176471,99,,,,,,,,,,5.882352941176471,,,,,,,,0,,,,,,,,,,,,,,0,,,,,,,,,,,,0.16,,17.6470588235294,99,,,,,,50.3442841,30.4769898,
12:40:29.710,,,,,,,,,,,,,,,,,,,,,,,10.819466850222621,10.81944,438.32088,1008.64102895,0.13524333562778276,0.135243,5.479011,12.922169,0,,5.882352941176471,,,0,0,,,,,,,,,,,32.45669840672307,32.45658032729446,5.6269829837459495,32.45669840672308,0.18866314061892936,,,33,,,,35040,,12000,0,0,,118,0.16,35040,17.6470588235294,,,,,,0,50.3442841,30.4769898,
12:40:29.857,,,,,,,,,,,,,,,24,,,,,,,,,,,,,,,,,,,,,,,,,,,,,,,,,,,,,,,,,,,,,,,,,,,,,,,,,51,,,50.3442841,30.4769898,
12:40:29.904,,,,,,,,,,,,,,,,,,0,,,,,,,,,,,,,,,,,,,,,,,,,,,,,,,,,,,,,,,,,,,,,,,,,,,,,,,,,50.3442841,30.4769898,
12:40:29.954,,,,,,,,,,,,,,,,0,0,,,,,,,,,,,,,,,,,,,,,,,,,,,,,,,,,,,,,,,,,,,,,,,,,,,,,,,,,,50.3442841,30.4769898,
12:40:30.134,,,,,,,,,359.03000000000003,61,,3.739,,,,,,,,,,,,,,,,,,,,,,,,,,,,,,,,,,,,,,,,,,,,,,,,,,,,7.471,,,,,,,,,,,50.3442841,30.4769898,
12:40:30.240,-3.699999999999818,,-3.599999999999909,,,,,,,,,,3.731,,,,,,,,,,,,,,,,,,,,,,,,,,,,,,,,,,,,,,,,,,,,,,,,,,,7.47,,,,,,,,,,,50.3442841,30.4769898,
12:40:30.326,,-3.6499999999998636,,,,,,,,,,,,,,,,,,,,,,,,,,,,,,,,,,,,,,,,,,,,,,,,,,,,,,,,,,,,,,,,,,,,,,,,,50.3442841,30.4769898,
12:40:30.482,,,,,,,,,,,,,,,,,,,,,,,,,,,,,,,,,,,,,,,,,,,,,,,,,,,,,,,,57,,,,,,,,,118,,,,,,,,,,50.3442841,30.4769898,
12:40:30.541,,,,,,,,,,,,,,,,,,,,,,,,,,,,,,,,,,0.15,,,,0,0,,0,0.416688518138889,0.416689,97.37031400000001,6849.334193000001,0,-0.01,,,,,,10.315871210153174,,,,28,98,,0,,,,,118,0.15,,,,,,,0.18,,50.3442841,30.4769898,
12:40:30.612,,,,,,,,,,,,,,,,,,,,0,5.882352941176471,99,,,,,,,,,,5.882352941176471,,,,,,,,0,,,,,,,,,,,,,,0,,,,,,,,,,,,0.15,,17.6470588235294,99,,,,,,50.3442841,30.4769898,
12:40:30.686,,,,,,,,,,,,,,,,,,,,,,,10.819466850222621,10.81944,438.32088,1008.64102895,0.13524333562778276,0.135243,5.479011,12.922169,0,,5.882352941176471,,,0,0,,,,,,,,,,,32.45669840672307,32.45658032729446,5.6269829837459495,32.45669840672308,0.18866314061892936,,,33,,,,35060,,12000,0,0,,118,0.15,35060,17.6470588235294,,,,,,0,50.3442841,30.4769898,
12:40:30.820,,,,,,,,,,,,,,,24,,,,,,,,,,,,,,,,,,,,,,,,,,,,,,,,,,,,,,,,,,,,,,,,,,,,,,,,,51,,,50.3442841,30.4769898,
12:40:30.858,,,,,,,,,,,,,,,,,,0,,,,,,,,,,,,,,,,,,,,,,,,,,,,,,,,,,,,,,,,,,,,,,,,,,,,,,,,,50.3442841,30.4769898,
12:40:30.905,,,,,,,,,,,,,,,,0,0,,,,,,,,,,,,,,,,,,,,,,,,,,,,,,,,,,,,,,,,,,,,,,,,,,,,,,,,,,50.3442841,30.4769898,
12:40:31.037,,,,,,,,,358.38,61,,3.738,,,,,,,,,,,,,,,,,,,,,,,,,,,,,,,,,,,,,,,,,,,,,,,,,,,,7.469,,,,,,,,,,,50.3442841,30.4769898,
12:40:31.110,-3.6499999999998636,,-3.699999999999818,,,,,,,,,,3.73,,,,,,,,,,,,,,,,,,,,,,,,,,,,,,,,,,,,,,,,,,,,,,,,,,,7.468,,,,,,,,,,,50.3442841,30.4769898,
12:40:31.145,,-3.449999999999818,,,,,,,,,,,,,,,,,,,,,,,,,,,,,,,,,,,,,,,,,,,,,,,,,,,,,,,,,,,,,,,,,,,,,,,,,50.3442841,30.4769898,
12:40:31.254,,,,,,,,,,,,,,,,,,,,,,,,,,,,,,,,,,0.16,,,,0,0,,0,0.416688518138889,0.416689,97.37031400000001,6849.334193000001,0,-0.01,,,,,,10.265532454298821,,,,28,98,,0,,,,,118,0.16,,,,,,,0.192,,50.3442841,30.4769898,
12:40:31.354,,,,,,,,,,,,,,,,,,,,0,5.882352941176471,99,,,,,,,,,,5.882352941176471,,,,,,,,0,,,,,,,,,,,,,,0,,,,,,,,,,,,0.16,,17.6470588235294,99,,,,,,50.3442841,30.4769898,
12:40:31.450,,,,,,,,,,,,,,,,,,,,,,,10.819466850222621,10.81944,438.32088,1008.64102895,0.13524333562778276,0.135243,5.479011,12.922169,0,,5.882352941176471,,,0,0,,,,,,,,,,,32.45669840672307,32.45658032729446,5.6269829837459495,32.45669840672308,0.18866314061892936,,,33,,,,35070,,12000,0,0,,118,0.16,35070,17.6470588235294,,,,,,0,50.3442841,30.4769898,
12:40:31.586,,,,,,,,,,,,,,,24,,,,,,,,,,,,,,,,,,,,,,,,,,,,,,,,,,,,,,,,,,,,,,,,,,,,,,,,,51,,,50.3442841,30.4769898,
12:40:31.644,,,,,,,,,,,,,,,,,,0,,,,,,,,,,,,,,,,,,,,,,,,,,,,,,,,,,,,,,,,,,,,,,,,,,,,,,,,,50.3442841,30.4769898,
12:40:31.693,,,,,,,,,,,,,,,,0,0,,,,,,,,,,,,,,,,,,,,,,,,,,,,,,,,,,,,,,,,,,,,,,,,,,,,,,,,,,50.3442841,30.4769898,
12:40:31.816,,,,,,,,,358.38,61,,3.738,,,,,,,,,,,,,,,,,,,,,,,,,,,,,,,,,,,,,,,,,,,,,,,,,,,,7.468,,,,,,,,,,,50.3442841,30.4769898,
12:40:31.901,-3.699999999999818,,-3.699999999999818,,,,,,,,,,3.73,,,,,,,,,,,,,,,,,,,,,,,,,,,,,,,,,,,,,,,,,,,,,,,,,,,7.468,,,,,,,,,,,50.3442841,30.4769898,
12:40:31.973,,-3.449999999999818,,,,,,,,,,,,,,,,,,,,,,,,,,,,,,,,,,,,,,,,,,,,,,,,,,,,,,,,,,,,,,,,,,,,,,,,,50.3442841,30.4769898,
12:40:32.213,,,,,,,,,,,,,,,,,,,,,,,,,,,,,,,,,,0.17,,,,0,0,,0,0.416688518138889,0.416689,97.37031400000001,6849.334193000001,0,-0.01,,,,,,10.198594195611749,,,,28,98,,0,,,,,118,0.17,,,,,,,0.20400000000000001,,50.3442841,30.4769898,
12:40:32.286,,,,,,,,,,,,,,,,,,,,0,5.882352941176471,99,,,,,,,,,,5.882352941176471,,,,,,,,0,,,,,,,,,,,,,,0,,,,,,,,,,,,0.17,,17.6470588235294,99,,,,,,50.3442841,30.4769898,
12:40:32.357,,,,,,,,,,,,,,,,,,,,,,,10.819466850222621,10.81944,438.32088,1008.64102895,0.13524333562778276,0.135243,5.479011,12.922169,0,,5.882352941176471,,,0,0,,,,,,,,,,,32.45669840672307,32.45658032729446,5.6269829837459495,32.45669840672308,0.18866314061892936,,,33,,,,35090,,12000,0,0,,118,0.17,35090,17.6470588235294,,,,,,0,50.3442841,30.4769898,
12:40:32.502,,,,,,,,,,,,,,,24,,,,,,,,,,,,,,,,,,,,,,,,,,,,,,,,,,,,,,,,,,,,,,,,,,,,,,,,,51,,,50.3442841,30.4769898,
12:40:32.549,,,,,,,,,,,,,,,,,,0,,,,,,,,,,,,,,,,,,,,,,,,,,,,,,,,,,,,,,,,,,,,,,,,,,,,,,,,,50.3442841,30.4769898,
12:40:32.585,,,,,,,,,,,,,,,,0,0,,,,,,,,,,,,,,,,,,,,,,,,,,,,,,,,,,,,,,,,,,,,,,,,,,,,,,,,,,50.3442841,30.4769898,
12:40:32.718,,,,,,,,,358.54,61,,3.737,,,,,,,,,,,,,,,,,,,,,,,,,,,,,,,,,,,,,,,,,,,,,,,,,,,,7.467,,,,,,,,,,,50.3442841,30.4769898,
12:40:32.790,-3.6499999999998636,,-3.7999999999999545,,,,,,,,,,3.729,,,,,,,,,,,,,,,,,,,,,,,,,,,,,,,,,,,,,,,,,,,,,,,,,,,7.466,,,,,,,,,,,50.3442841,30.4769898,
12:40:32.837,,-3.449999999999818,,,,,,,,,,,,,,,,,,,,,,,,,,,,,,,,,,,,,,,,,,,,,,,,,,,,,,,,,,,,,,,,,,,,,,,,,50.3442841,30.4769898,
12:40:33.017,,,,,,,,,,,,,,,,,,,,,,,,,,,,,,,,,,0.15,,,,0,0,,0,0.416688518138889,0.416689,97.37031400000001,6849.334193000001,0,-0.01,,,,,,10.14312600824739,,,,28,98,,0,,,,,118,0.15,,,,,,,0.18,,50.3442841,30.4769898,
12:40:33.088,,,,,,,,,,,,,,,,,,,,0,5.882352941176471,99,,,,,,,,,,5.882352941176471,,,,,,,,0,,,,,,,,,,,,,,0,,,,,,,,,,,,0.15,,17.6470588235294,99,,,,,,50.3442841,30.4769898,
12:40:33.174,,,,,,,,,,,,,,,,,,,,,,,10.819466850222621,10.81944,438.32088,1008.64102895,0.13524333562778276,0.135243,5.479011,12.922169,0,,5.882352941176471,,,0,0,,,,,,,,,,,32.45669840672307,32.45658032729446,5.6269829837459495,32.45669840672308,0.18866314061892936,,,33,,,,35080,,12000,0,0,,118,0.15,35080,17.6470588235294,,,,,,0,50.3442841,30.4769898,
12:40:33.244,,,,,,,,,,,,,,,,,,,27,,,,,,,,,,,,,,,,,,,,,,,,,,,,,,,,,,,,,,,,,,,,,,,,,,,,,51,,,50.3442841,30.4769898,
12:40:33.365,,,,,,,,,,,,,,,24,,,,,,,,,,,,,,,,,,,,,,,,,,,,,,,,,,,,,,,,,,,,,,,,,,,,,,,,,51,,,50.3442841,30.4769898,
12:40:33.401,,,,,,,,,,,,,,,,,,0,,,,,,,,,,,,,,,,,,,,,,,,,,,,,,,,,,,,,,,,,,,,,,,,,,,,,,,,,50.3442841,30.4769898,
12:40:33.437,,,,,,,,,,,,,,,,0,0,,,,,,,,,,,,,,,,,,,,,,,,,,,,,,,,,,,,,,,,,,,,,,,,,,,,,,,,,,50.3442841,30.4769898,
12:40:33.558,,,,,,,,,358.54,61,,3.736,,,,,,,,,,,,,,,,,,,,,,,,,,,,,,,,,,,,,,,,,,,,,,,,,,,,7.465,,,,,,,,,,,50.3442841,30.4769898,
12:40:33.610,-3.699999999999818,,-3.6499999999998636,,,,,,,,,,3.729,,,,,,,,,,,,,,,,,,,,,,,,,,,,,,,,,,,,,,,,,,,,,,,,,,,7.465,,,,,,,,,,,50.3442841,30.4769898,
12:40:33.658,,-3.25,,,,,,,,,,,,,,,,,,,,,,,,,,,,,,,,,,,,,,,,,,,,,,,,,,,,,,,,,,,,,,,,,,,,,,,,,50.3442841,30.4769898,
12:40:33.814,,,,,,,,,,,,,,,,,,,,,,,,,,,,,,,,,,0.15,,,,0,0,,0,0.416688518138889,0.416689,97.37031400000001,6849.334193000001,0,-0.01,,,,,,10.088814489248561,,,,28,98,,0,,,,,118,0.15,,,,,,,0.18,,50.3442841,30.4769898,
12:40:33.945,,,,,,,,,,,,,,,,,,,,0,5.882352941176471,99,,,,,,,,,,5.882352941176471,,,,,,,,0,,,,,,,,,,,,,,0,,,,,,,,,,,,0.15,,17.6470588235294,99,,,,,,50.3442841,30.4769898,
12:40:34.054,,,,,,,,,,,,,,,,,,,,,,,10.819466850222621,10.81944,438.32088,1008.64102895,0.13524333562778276,0.135243,5.479011,12.922169,0,,5.882352941176471,,,0,0,,,,,,,,,,,32.45669840672307,32.45658032729446,5.6269829837459495,32.45669840672308,0.18866314061892936,,,33,,,,35100,,12000,0,0,,118,0.15,35100,17.6470588235294,,,,,,0,50.3442841,30.4769898,
12:40:34.185,,,,,,,,,,,,,,,24,,,,,,,,,,,,,,,,,,,,,,,,,,,,,,,,,,,,,,,,,,,,,,,,,,,,,,,,,51,,,50.3442841,30.4769898,
12:40:34.234,,,,,,,,,,,,,,,,,,0,,,,,,,,,,,,,,,,,,,,,,,,,,,,,,,,,,,,,,,,,,,,,,,,,,,,,,,,,50.3442841,30.4769898,
12:40:34.293,,,,,,,,,,,,,,,,0,0,,,,,,,,,,,,,,,,,,,,,,,,,,,,,,,,,,,,,,,,,,,,,,,,,,,,,,,,,,50.3442841,30.4769898,
12:40:34.425,,,,,,,,,358.7,61,,3.738,,,,,,,,,,,,,,,,,,,,,,,,,,,,,,,,,,,,,,,,,,,,,,,,,,,,7.467,,,,,,,,,,,50.3442841,30.4769898,
12:40:34.497,-3.75,,-3.699999999999818,,,,,,,,,,3.728,,,,,,,,,,,,,,,,,,,,,,,,,,,,,,,,,,,,,,,,,,,,,,,,,,,7.466,,,,,,,,,,,50.3442841,30.4769898,
12:40:34.545,,-3.6499999999998636,,,,,,,,,,,,,,,,,,,,,,,,,,,,,,,,,,,,,,,,,,,,,,,,,,,,,,,,,,,,,,,,,,,,,,,,,50.3442841,30.4769898,
12:40:34.714,,,,,,,,,,,,,,,,,,,,,,,,,,,,,,,,,,,,,,,,,,,,,,,,,,,,,,,,57,,,,,,,,,118,,,,,,,,,,50.3442841,30.4769898,
12:40:34.797,,,,,,,,,,,,,,,,,,,,,,,,,,,,,,,,,,0.16,,,,0,0,,0,0.416688518138889,0.416689,97.37031400000001,6849.334193000001,0,-0.01,,,,,,10.02251477486578,,,,28,98,,0,,,,,118,0.16,,,,,,,0.192,,50.3442841,30.4769898,
12:40:34.858,,,,,,,,,,,,,,,,,,,,0,5.882352941176471,99,,,,,,,,,,5.882352941176471,,,,,,,,0,,,,,,,,,,,,,,0,,,,,,,,,,,,0.16,,17.6470588235294,99,,,,,,50.3442841,30.4769898,
12:40:34.929,,,,,,,,,,,,,,,,,,,,,,,10.819466850222621,10.81944,438.32088,1008.64102895,0.13524333562778276,0.135243,5.479011,12.922169,0,,5.882352941176471,,,0,0,,,,,,,,,,,32.45669840672307,32.45658032729446,5.6269829837459495,32.45669840672308,0.18866314061892936,,,33,,,,35110,,12000,0,0,,118,0.16,35110,17.6470588235294,,,,,,0,50.3442841,30.4769898,
12:40:35.061,,,,,,,,,,,,,,,24,,,,,,,,,,,,,,,,,,,,,,,,,,,,,,,,,,,,,,,,,,,,,,,,,,,,,,,,,51,,,50.3442841,30.4769898,
12:40:35.097,,,,,,,,,,,,,,,,,,0,,,,,,,,,,,,,,,,,,,,,,,,,,,,,,,,,,,,,,,,,,,,,,,,,,,,,,,,,50.3442841,30.4769898,
12:40:35.157,,,,,,,,,,,,,,,,0,0,,,,,,,,,,,,,,,,,,,,,,,,,,,,,,,,,,,,,,,,,,,,,,,,,,,,,,,,,,50.3442841,30.4769898,
12:40:35.288,,,,,,,,,358.7,61,,3.738,,,,,,,,,,,,,,,,,,,,,,,,,,,,,,,,,,,,,,,,,,,,,,,,,,,,7.466,,,,,,,,,,,50.3442841,30.4769898,
12:40:35.372,-3.75,,-3.699999999999818,,,,,,,,,,3.729,,,,,,,,,,,,,,,,,,,,,,,,,,,,,,,,,,,,,,,,,,,,,,,,,,,7.467,,,,,,,,,,,50.3442841,30.4769898,
12:40:35.409,,-3.449999999999818,,,,,,,,,,,,,,,,,,,,,,,,,,,,,,,,,,,,,,,,,,,,,,,,,,,,,,,,,,,,,,,,,,,,,,,,,50.3442841,30.4769898,
12:40:35.566,,,,,,,,,,,,,,,,,,,,,,,,,,,,,,,,,,0.16,,,,0,0,,0,0.416688518138889,0.416689,97.37031400000001,6849.334193000001,0,-0.01,,,,,,9.971312418643803,,,,28,98,,0,,,,,118,0.16,,,,,,,0.192,,50.3442841,30.4769898,
12:40:35.722,,,,,,,,,,,,,,,,,,,,0,5.882352941176471,99,,,,,,,,,,5.882352941176471,,,,,,,,0,,,,,,,,,,,,,,0,,,,,,,,,,,,0.16,,17.6470588235294,99,,,,,,50.3442841,30.4769898,
12:40:35.878,,,,,,,,,,,,,,,,,,,,,,,10.819466850222621,10.81944,438.32088,1008.64102895,0.13524333562778276,0.135243,5.479011,12.922169,0,,5.882352941176471,,,0,0,,,,,,,,,,,32.45669840672307,32.45658032729446,5.6269829837459495,32.45669840672308,0.18866314061892936,,,33,,,,35130,,12000,0,0,,118,0.16,35130,17.6470588235294,,,,,,0,50.3442841,30.4769898,
12:40:36.082,,,,,,,,,,,,,,,24,,,,,,,,,,,,,,,,,,,,,,,,,,,,,,,,,,,,,,,,,,,,,,,,,,,,,,,,,51,,,50.3442841,30.4769898,
12:40:36.128,,,,,,,,,,,,,,,,,,0,,,,,,,,,,,,,,,,,,,,,,,,,,,,,,,,,,,,,,,,,,,,,,,,,,,,,,,,,50.3442841,30.4769898,
12:40:36.164,,,,,,,,,,,,,,,,0,0,,,,,,,,,,,,,,,,,,,,,,,,,,,,,,,,,,,,,,,,,,,,,,,,,,,,,,,,,,50.3442841,30.4769898,
12:40:36.285,,,,19,,,,,,,,,,,,,,,,,,,,,,,,,,,,,,,,,,,,,,,,,,,,,,,,,,,,,,,,,,,,,,,,,,,90,,,,50.3442841,30.4769898,
12:40:36.452,,,,,18,,,,,,86.6758781031239,,,86.6758781031239,,,,,,,,,,,,,,,,,,,,,,,,,,,,,,,,,,,,,,,,,,,,,,,,,,,,,,,,127.5,91,,,,50.3442841,30.4769898,
12:40:36.502,,,,,,,,,358.38,61,,3.735,,,,,,,,,,,,,,,,,,,,,,,,,,,,,,,,,,,,,,,,,,,,,,,,,,,,7.464,,,,,,,,,,,50.3442841,30.4769898,
12:40:36.562,-3.7999999999999545,,-3.7999999999999545,,,,,,,,,,3.729,,,,,,,,,,,,,,,,,,,,,,,,,,,,,,,,,,,,,,,,,,,,,,,,,,,7.464,,,,,,,,,,,50.3442841,30.4769898,
12:40:36.597,,-3.6499999999998636,,,,,,,,,,,,,,,,,,,,,,,,,,,,,,,,,,,,,,,,,,,,,,,,,,,,,,,,,,,,,,,,,,,,,,,,,50.3442841,30.4769898,
12:40:36.741,,,,,,,,,,,,,,,,,,,,,,,,,,,,,,,,,,0.16,,,,0,0,,0,0.416688518138889,0.416689,97.37031400000001,6849.334193000001,0,-0.01,,,,,,9.894033358063123,,,,28,98,,0,,,,,118,0.16,,,,,,,0.192,,50.3442841,30.4769898,
12:40:36.802,,,,,,,,,,,,,,,,,,,,0,5.882352941176471,99,,,,,,,,,,5.882352941176471,,,,,,,,0,,,,,,,,,,,,,,0,,,,,,,,,,,,0.16,,17.6470588235294,99,,,,,,50.3442841,30.4769898,
12:40:36.910,,,,,,,,,,,,,,,,,,,,,,,10.819466850222621,10.81944,438.32088,1008.64102895,0.13524333562778276,0.135243,5.479011,12.922169,0,,5.882352941176471,,,0,0,,,,,,,,,,,32.45669840672307,32.45658032729446,5.6269829837459495,32.45669840672308,0.18866314061892936,,,33,,,,35140,,12000,0,0,,118,0.16,35140,17.6470588235294,,,,,,0,50.3442841,30.4769898,
12:40:37.041,,,,,,,,,,,,,,,24,,,,,,,,,,,,,,,,,,,,,,,,,,,,,,,,,,,,,,,,,,,,,,,,,,,,,,,,,51,,,50.3442841,30.4769898,
12:40:37.077,,,,,,,,,,,,,,,,,,0,,,,,,,,,,,,,,,,,,,,,,,,,,,,,,,,,,,,,,,,,,,,,,,,,,,,,,,,,50.3442841,30.4769898,
12:40:37.113,,,,,,,,,,,,,,,,0,0,,,,,,,,,,,,,,,,,,,,,,,,,,,,,,,,,,,,,,,,,,,,,,,,,,,,,,,,,,50.3442841,30.4769898,
12:40:37.234,,,,,,,,,358.22,61.5,,3.737,,,,,,,,,,,,,,,,,,,,,,,,,,,,,,,,,,,,,,,,,,,,,,,,,,,,7.466,,,,,,,,,,,50.3442841,30.4769898,
12:40:37.294,-3.6499999999998636,,-3.6499999999998636,,,,,,,,,,3.728,,,,,,,,,,,,,,,,,,,,,,,,,,,,,,,,,,,,,,,,,,,,,,,,,,,7.465,,,,,,,,,,,50.3442841,30.4769898,
12:40:37.341,,-3.449999999999818,,,,,,,,,,,,,,,,,,,,,,,,,,,,,,,,,,,,,,,,,,,,,,,,,,,,,,,,,,,,,,,,,,,,,,,,,50.3442841,30.4769898,
12:40:37.450,,,,,,,,,,,,,,,,,,,,,,,,,,,,,,,,,,0.13,,,,0,0,,0,0.416688518138889,0.416689,97.37031400000001,6849.334193000001,0,-0.01,,,,,,9.847960455658438,,,,28,98,,0,,,,,118,0.13,,,,,,,0.156,,50.3442841,30.4769898,
12:40:37.514,,,,,,,,,,,,,,,,,,,,0,5.882352941176471,99,,,,,,,,,,5.882352941176471,,,,,,,,0,,,,,,,,,,,,,,0,,,,,,,,,,,,0.13,,17.6470588235294,99,,,,,,50.3442841,30.4769898,
12:40:37.633,,,,,,,,,,,,,,,,,,,,,,,10.819466850222621,10.81944,438.32088,1008.64102895,0.13524333562778276,0.135243,5.479011,12.922169,0,,5.882352941176471,,,0,0,,,,,,,,,,,32.45669840672307,32.45658032729446,5.6269829837459495,32.45669840672308,0.18866314061892936,,,33,,,,35160,,12000,0,0,,118,0.13,35160,17.6470588235294,,,,,,0,50.3442841,30.4769898,
12:40:37.886,,,,,,,,,,,,,,,24,,,,,,,,,,,,,,,,,,,,,,,,,,,,,,,,,,,,,,,,,,,,,,,,,,,,,,,,,51,,,50.3442841,30.4769898,
12:40:37.932,,,,,,,,,,,,,,,,,,0,,,,,,,,,,,,,,,,,,,,,,,,,,,,,,,,,,,,,,,,,,,,,,,,,,,,,,,,,50.3442841,30.4769898,
12:40:37.981,,,,,,,,,,,,,,,,0,0,,,,,,,,,,,,,,,,,,,,,,,,,,,,,,,,,,,,,,,,,,,,,,,,,,,,,,,,,,50.3442841,30.4769898,
12:40:38.077,,,,,,18,18,19,,,,,,,,,,,,,,,,,,,,,,,,,,,,,,,,,,,,,,,,,,,,,,,,,,,,,,,,,,,,,,,91,,,,50.3442841,30.4769898,
12:40:38.137,,,,,,,,,358.38,61.5,,3.736,,,,,,,,,,,,,,,,,,,,,,,,,,,,,,,,,,,,,,,,,,,,,,,,,,,,7.464,,,,,,,,,,,50.3442841,30.4769898,
12:40:38.198,-3.75,,-3.6499999999998636,,,,,,,,,,3.726,,,,,,,,,,,,,,,,,,,,,,,,,,,,,,,,,,,,,,,,,,,,,,,,,,,7.462,,,,,,,,,,,50.3442841,30.4769898,
12:40:38.249,,-3.449999999999818,,,,,,,,,,,,,,,,,,,,,,,,,,,,,,,,,,,,,,,,,,,,,,,,,,,,,,,,,,,,,,,,,,,,,,,,,50.3442841,30.4769898,
12:40:38.370,,,,,,,,,,,,,,,,,,,,,,,,,,,,,,,,,,0.16,,,,0,0,,0,0.416688518138889,0.416689,97.37031400000001,6849.334193000001,0,-0.01,,,,,,9.788837598475782,,,,28,98,,0,,,,,118,0.16,,,,,,,0.192,,50.3442841,30.4769898,
12:40:38.441,,,,,,,,,,,,,,,,,,,,0,5.882352941176471,99,,,,,,,,,,5.882352941176471,,,,,,,,0,,,,,,,,,,,,,,0,,,,,,,,,,,,0.16,,17.6470588235294,99,,,,,,50.3442841,30.4769898,
12:40:38.541,,,,,,,,,,,,,,,,,,,,,,,10.819466850222621,10.81944,438.32088,1008.64102895,0.13524333562778276,0.135243,5.479011,12.922169,0,,5.882352941176471,,,0,0,,,,,,,,,,,32.45669840672307,32.45658032729446,5.6269829837459495,32.45669840672308,0.18866314061892936,,,33,,,,35190,,12000,0,0,,118,0.16,35190,17.6470588235294,,,,,,0,50.3442841,30.4769898,
12:40:38.661,,,,,,,,,,,,,,,24,,,,,,,,,,,,,,,,,,,,,,,,,,,,,,,,,,,,,,,,,,,,,,,,,,,,,,,,,51,,,50.3442841,30.4769898,
12:40:38.710,,,,,,,,,,,,,,,,,,0,,,,,,,,,,,,,,,,,,,,,,,,,,,,,,,,,,,,,,,,,,,,,,,,,,,,,,,,,50.3442841,30.4769898,
12:40:38.750,,,,,,,,,,,,,,,,0,0,,,,,,,,,,,,,,,,,,,,,,,,,,,,,,,,,,,,,,,,,,,,,,,,,,,,,,,,,,50.3442841,30.4769898,
12:40:38.857,,,,,,,,,358.54,61.5,,3.735,,,,,,,,,,,,,,,,,,,,,,,,,,,,,,,,,,,,,,,,,,,,,,,,,,,,7.461,,,,,,,,,,,50.3442841,30.4769898,
12:40:38.918,-3.699999999999818,,-3.6499999999998636,,,,,,,,,,3.728,,,,,,,,,,,,,,,,,,,,,,,,,,,,,,,,,,,,,,,,,,,,,,,,,,,7.463,,,,,,,,,,,50.3442841,30.4769898,
12:40:38.952,,-3.449999999999818,,,,,,,,,,,,,,,,,,,,,,,,,,,,,,,,,,,,,,,,,,,,,,,,,,,,,,,,,,,,,,,,,,,,,,,,,50.3442841,30.4769898,
12:40:39.074,,,,,,,,,,,,,,,,,,,,,,,,,,,,,,,,,,,,,,,,,,,,,,,,,,,,,,,,57,,,,,,,,,118,,,,,,,,,,50.3442841,30.4769898,
12:40:39.144,,,,,,,,,,,,,,,,,,,,,,,,,,,,,,,,,,0.14,,,,0,0,,0,0.416688518138889,0.416689,97.37031400000001,6849.334193000001,0,-0.01,,,,,,9.739637094142617,,,,28,98,,0,,,,,118,0.14,,,,,,,0.168,,50.3442841,30.4769898,
12:40:39.217,,,,,,,,,,,,,,,,,,,,0,5.882352941176471,99,,,,,,,,,,5.882352941176471,,,,,,,,0,,,,,,,,,,,,,,0,,,,,,,,,,,,0.14,,17.6470588235294,99,,,,,,50.3442841,30.4769898,
12:40:39.289,,,,,,,,,,,,,,,,,,,,,,,10.819466850222621,10.81944,438.32088,1008.64102895,0.13524333562778276,0.135243,5.479011,12.922169,0,,5.882352941176471,,,0,0,,,,,,,,,,,32.45669840672307,32.45658032729446,5.6269829837459495,32.45669840672308,0.18866314061892936,,,33,,,,35210,,12000,0,0,,118,0.14,35210,17.6470588235294,,,,,,0,50.3442841,30.4769898,
12:40:39.408,,,,,,,,,,,,,,,24,,,,,,,,,,,,,,,,,,,,,,,,,,,,,,,,,,,,,,,,,,,,,,,,,,,,,,,,,51,,,50.3442841,30.4769898,
12:40:39.445,,,,,,,,,,,,,,,,,,0,,,,,,,,,,,,,,,,,,,,,,,,,,,,,,,,,,,,,,,,,,,,,,,,,,,,,,,,,50.3442841,30.4769898,
12:40:39.505,,,,,,,,,,,,,,,,0,0,,,,,,,,,,,,,,,,,,,,,,,,,,,,,,,,,,,,,,,,,,,,,,,,,,,,,,,,,,50.3442841,30.4769898,
12:40:39.781,,,,,,,,,358.22,61.5,,3.735,,,,,,,,,,,,,,,,,,,,,,,,,,,,,,,,,,,,,,,,,,,,,,,,,,,,7.463,,,,,,,,,,,50.3442841,30.4769898,
12:40:39.841,-3.849999999999909,,-3.6499999999998636,,,,,,,,,,3.727,,,,,,,,,,,,,,,,,,,,,,,,,,,,,,,,,,,,,,,,,,,,,,,,,,,7.462,,,,,,,,,,,50.3442841,30.4769898,
12:40:39.876,,-3.449999999999818,,,,,,,,,,,,,,,,,,,,,,,,,,,,,,,,,,,,,,,,,,,,,,,,,,,,,,,,,,,,,,,,,,,,,,,,,50.3442841,30.4769898,
12:40:39.998,,,,,,,,,,,,,,,,,,,,,,,,,,,,,,,,,,0.16,,,,0,0,,0,0.416688518138889,0.416689,97.37031400000001,6849.334193000001,0,-0.01,,,,,,9.685963235362498,,,,28,98,,0,,,,,118,0.16,,,,,,,0.192,,50.3442841,30.4769898,
12:40:40.093,,,,,,,,,,,,,,,,,,,,0,5.882352941176471,99,,,,,,,,,,5.882352941176471,,,,,,,,0,,,,,,,,,,,,,,0,,,,,,,,,,,,0.16,,17.6470588235294,99,,,,,,50.3442841,30.4769898,
12:40:40.190,,,,,,,,,,,,,,,,,,,,,,,10.819466850222621,10.81944,438.32088,1008.64102895,0.13524333562778276,0.135243,5.479011,12.922169,0,,5.882352941176471,,,0,0,,,,,,,,,,,32.45669840672307,32.45658032729446,5.6269829837459495,32.45669840672308,0.18866314061892936,,,34,,,,35220,,12000,0,0,,119,0.16,35220,17.6470588235294,,,,,,0,50.3442841,30.4769898,
12:40:40.273,,,,,,,,,,,,,,,,,,,26,,,,,,,,,,,,,,,,,,,,,,,,,,,,,,,,,,,,,,,,,,,,,,,,,,,,,50,,,50.3442841,30.4769898,
12:40:40.382,,,,,,,,,,,,,,,24,,,,,,,,,,,,,,,,,,,,,,,,,,,,,,,,,,,,,,,,,,,,,,,,,,,,,,,,,50,,,50.3442841,30.4769898,
12:40:40.441,,,,,,,,,,,,,,,,,,0,,,,,,,,,,,,,,,,,,,,,,,,,,,,,,,,,,,,,,,,,,,,,,,,,,,,,,,,,50.3442841,30.4769898,
12:40:40.477,,,,,,,,,,,,,,,,0,0,,,,,,,,,,,,,,,,,,,,,,,,,,,,,,,,,,,,,,,,,,,,,,,,,,,,,,,,,,50.3442841,30.4769898,
12:40:40.598,,,,,,,,,358.38,61.5,,3.734,,,,,,,,,,,,,,,,,,,,,,,,,,,,,,,,,,,,,,,,,,,,,,,,,,,,7.461,,,,,,,,,,,50.3442841,30.4769898,
12:40:40.681,-3.6499999999998636,,-3.75,,,,,,,,,,3.727,,,,,,,,,,,,,,,,,,,,,,,,,,,,,,,,,,,,,,,,,,,,,,,,,,,7.461,,,,,,,,,,,50.3442841,30.4769898,
12:40:40.717,,-3.449999999999818,,,,,,,,,,,,,,,,,,,,,,,,,,,,,,,,,,,,,,,,,,,,,,,,,,,,,,,,,,,,,,,,,,,,,,,,,50.3442841,30.4769898,
12:40:40.860,,,,,,,,,,,,,,,,,,,,,,,,,,,,,,,,,,0.16,,,,0,0,,0,0.416688518138889,0.416689,97.37031400000001,6849.334193000001,0,-0.01,,,,,,9.632320284828241,,,,28,98,,0,,,,,119,0.16,,,,,,,0.192,,50.3442841,30.4769898,
12:40:40.920,,,,,,,,,,,,,,,,,,,,0,5.882352941176471,99,,,,,,,,,,5.882352941176471,,,,,,,,0,,,,,,,,,,,,,,0,,,,,,,,,,,,0.16,,17.6470588235294,99,,,,,,50.3442841,30.4769898,
12:40:40.994,,,,,,,,,,,,,,,,,,,,,,,10.819466850222621,10.81944,438.32088,1008.64102895,0.13524333562778276,0.135243,5.479011,12.922169,0,,5.882352941176471,,,0,0,,,,,,,,,,,32.45669840672307,32.45658032729446,5.6269829837459495,32.45669840672308,0.18866314061892936,,,34,,,,35250,,12000,0,0,,119,0.16,35250,17.6470588235294,,,,,,0,50.3442841,30.4769898,
12:40:41.137,,,,,,,,,,,,,,,24,,,,,,,,,,,,,,,,,,,,,,,,,,,,,,,,,,,,,,,,,,,,,,,,,,,,,,,,,50,,,50.3442841,30.4769898,
12:40:41.173,,,,,,,,,,,,,,,,,,0,,,,,,,,,,,,,,,,,,,,,,,,,,,,,,,,,,,,,,,,,,,,,,,,,,,,,,,,,50.3442841,30.4769898,
12:40:41.232,,,,,,,,,,,,,,,,0,0,,,,,,,,,,,,,,,,,,,,,,,,,,,,,,,,,,,,,,,,,,,,,,,,,,,,,,,,,,50.3442841,30.4769898,
12:40:41.369,,,,,,,,,358.06,61.5,,3.734,,,,,,,,,,,,,,,,,,,,,,,,,,,,,,,,,,,,,,,,,,,,,,,,,,,,7.461,,,,,,,,,,,50.3442841,30.4769898,
12:40:41.433,-3.599999999999909,,-3.7999999999999545,,,,,,,,,,3.726,,,,,,,,,,,,,,,,,,,,,,,,,,,,,,,,,,,,,,,,,,,,,,,,,,,7.46,,,,,,,,,,,50.3442841,30.4769898,
12:40:41.468,,-3.6499999999998636,,,,,,,,,,,,,,,,,,,,,,,,,,,,,,,,,,,,,,,,,,,,,,,,,,,,,,,,,,,,,,,,,,,,,,,,,50.3442841,30.4769898,
12:40:41.709,,,,,,,,,,,,,,,,,,,,,,,,,,,,,,,,,,0.15,,,,0,0,,0,0.416688518138889,0.416689,97.37031400000001,6849.334193000001,0,-0.01,,,,,,9.580040907465039,,,,28,98,,0,,,,,119,0.15,,,,,,,0.18,,50.3442841,30.4769898,
12:40:41.834,,,,,,,,,,,,,,,,,,,,0,5.882352941176471,99,,,,,,,,,,5.882352941176471,,,,,,,,0,,,,,,,,,,,,,,0,,,,,,,,,,,,0.15,,17.6470588235294,99,,,,,,50.3442841,30.4769898,
12:40:42.050,,,,,,,,,,,,,,,,,,,,,,,10.819466850222621,10.81944,438.32088,1008.64102895,0.13524333562778276,0.135243,5.479011,12.922169,0,,5.882352941176471,,,0,0,,,,,,,,,,,32.45669840672307,32.45658032729446,5.6269829837459495,32.45669840672308,0.18866314061892936,,,34,,,,35270,,12000,0,0,,119,0.15,35270,17.6470588235294,,,,,,0,50.3442841,30.4769898,
12:40:42.181,,,,,,,,,,,,,,,24,,,,,,,,,,,,,,,,,,,,,,,,,,,,,,,,,,,,,,,,,,,,,,,,,,,,,,,,,50,,,50.3442841,30.4769898,
12:40:42.228,,,,,,,,,,,,,,,,,,0,,,,,,,,,,,,,,,,,,,,,,,,,,,,,,,,,,,,,,,,,,,,,,,,,,,,,,,,,50.3442841,30.4769898,
12:40:42.277,,,,,,,,,,,,,,,,0,0,,,,,,,,,,,,,,,,,,,,,,,,,,,,,,,,,,,,,,,,,,,,,,,,,,,,,,,,,,50.3442841,30.4769898,
12:40:42.433,,,,,,,,,358.38,61.5,,3.736,,,,,,,,,,,,,,,,,,,,,,,,,,,,,,,,,,,,,,,,,,,,,,,,,,,,7.462,,,,,,,,,,,50.3442841,30.4769898,
12:40:42.504,-3.699999999999818,,-3.6499999999998636,,,,,,,,,,3.726,,,,,,,,,,,,,,,,,,,,,,,,,,,,,,,,,,,,,,,,,,,,,,,,,,,7.462,,,,,,,,,,,50.3442841,30.4769898,
12:40:42.554,,-3.449999999999818,,,,,,,,,,,,,,,,,,,,,,,,,,,,,,,,,,,,,,,,,,,,,,,,,,,,,,,,,,,,,,,,,,,,,,,,,50.3442841,30.4769898,
12:40:42.673,,,,,,,,,,,,,,,,,,,,,,,,,,,,,,,,,,0.17,,,,0,0,,0,0.416688518138889,0.416689,97.37031400000001,6849.334193000001,0,-0.01,,,,,,9.52148014521253,,,,28,98,,0,,,,,119,0.17,,,,,,,0.20400000000000001,,50.3442841,30.4769898,
12:40:42.745,,,,,,,,,,,,,,,,,,,,0,5.882352941176471,99,,,,,,,,,,5.882352941176471,,,,,,,,0,,,,,,,,,,,,,,0,,,,,,,,,,,,0.17,,17.6470588235294,99,,,,,,50.3442841,30.4769898,
12:40:42.842,,,,,,,,,,,,,,,,,,,,,,,10.819466850222621,10.81944,438.32088,1008.64102895,0.13524333562778276,0.135243,5.479011,12.922169,0,,5.882352941176471,,,0,0,,,,,,,,,,,32.45669840672307,32.45658032729446,5.6269829837459495,32.45669840672308,0.18866314061892936,,,34,,,,35300,,12000,0,0,,119,0.17,35300,17.6470588235294,,,,,,0,50.3442841,30.4769898,
12:40:42.961,,,,,,,,,,,,,,,24,,,,,,,,,,,,,,,,,,,,,,,,,,,,,,,,,,,,,,,,,,,,,,,,,,,,,,,,,50,,,50.3442841,30.4769898,
12:40:43.010,,,,,,,,,,,,,,,,,,0,,,,,,,,,,,,,,,,,,,,,,,,,,,,,,,,,,,,,,,,,,,,,,,,,,,,,,,,,50.3442841,30.4769898,
12:40:43.044,,,,,,,,,,,,,,,,0,0,,,,,,,,,,,,,,,,,,,,,,,,,,,,,,,,,,,,,,,,,,,,,,,,,,,,,,,,,,50.3442841,30.4769898,
12:40:43.153,,,,,18,,,,,,86.6758781031239,,,86.6758781031239,,,,,,,,,,,,,,,,,,,,,,,,,,,,,,,,,,,,,,,,,,,,,,,,,,,,,,,,127.5,92,,,,50.3442841,30.4769898,
12:40:43.214,,,,,,,,,358.06,61.5,,3.736,,,,,,,,,,,,,,,,,,,,,,,,,,,,,,,,,,,,,,,,,,,,,,,,,,,,7.462,,,,,,,,,,,50.3442841,30.4769898,
12:40:43.274,-3.699999999999818,,-3.599999999999909,,,,,,,,,,3.726,,,,,,,,,,,,,,,,,,,,,,,,,,,,,,,,,,,,,,,,,,,,,,,,,,,7.462,,,,,,,,,,,50.3442841,30.4769898,
12:40:43.309,,-3.6499999999998636,,,,,,,,,,,,,,,,,,,,,,,,,,,,,,,,,,,,,,,,,,,,,,,,,,,,,,,,,,,,,,,,,,,,,,,,,50.3442841,30.4769898,
12:40:43.526,,,,,,,,,,,,,,,,,,,,,,,,,,,,,,,,,,,,,,,,,,,,,,,,,,,,,,,,57,,,,,,,,,119,,,,,,,,,,50.3442841,30.4769898,
12:40:43.633,,,,,,,,,,,,,,,,,,,,,,,,,,,,,,,,,,0.14,,,,0,0,,0,0.416688518138889,0.416689,97.37031400000001,6849.334193000001,0,-0.01,,,,,,9.463788168849536,,,,28,98,,0,,,,,119,0.14,,,,,,,0.168,,50.3442841,30.4769898,
12:40:43.706,,,,,,,,,,,,,,,,,,,,0,5.882352941176471,99,,,,,,,,,,5.882352941176471,,,,,,,,0,,,,,,,,,,,,,,0,,,,,,,,,,,,0.14,,17.6470588235294,99,,,,,,50.3442841,30.4769898,
12:40:43.793,,,,,,,,,,,,,,,,,,,,,,,10.819466850222621,10.81944,438.32088,1008.64102895,0.13524333562778276,0.135243,5.479011,12.922169,0,,5.882352941176471,,,0,0,,,,,,,,,,,32.45669840672307,32.45658032729446,5.6269829837459495,32.45669840672308,0.18866314061892936,,,34,,,,35320,,12000,0,0,,119,0.14,35320,17.6470588235294,,,,,,0,50.3442841,30.4769898,
12:40:43.948,,,,,,,,,,,,,,,24,,,,,,,,,,,,,,,,,,,,,,,,,,,,,,,,,,,,,,,,,,,,,,,,,,,,,,,,,50,,,50.3442841,30.4769898,
12:40:43.985,,,,,,,,,,,,,,,,,,0,,,,,,,,,,,,,,,,,,,,,,,,,,,,,,,,,,,,,,,,,,,,,,,,,,,,,,,,,50.3442841,30.4769898,
12:40:44.022,,,,,,,,,,,,,,,,0,0,,,,,,,,,,,,,,,,,,,,,,,,,,,,,,,,,,,,,,,,,,,,,,,,,,,,,,,,,,50.3442841,30.4769898,
12:40:44.141,,,,,,,,,358.38,61.5,,3.733,,,,,,,,,,,,,,,,,,,,,,,,,,,,,,,,,,,,,,,,,,,,,,,,,,,,7.459,,,,,,,,,,,50.3442841,30.4769898,
12:40:44.190,-3.6499999999998636,,-3.5499999999999545,,,,,,,,,,3.726,,,,,,,,,,,,,,,,,,,,,,,,,,,,,,,,,,,,,,,,,,,,,,,,,,,7.459,,,,,,,,,,,50.3442841,30.4769898,
12:40:44.225,,-3.449999999999818,,,,,,,,,,,,,,,,,,,,,,,,,,,,,,,,,,,,,,,,,,,,,,,,,,,,,,,,,,,,,,,,,,,,,,,,,50.3442841,30.4769898,
12:40:44.346,,,,,,,,,,,,,,,,,,,,,,,,,,,,,,,,,,0.16,,,,0,0,,0,0.416688518138889,0.416689,97.37031400000001,6849.334193000001,0,-0.01,,,,,,9.421462500826559,,,,28,98,,0,,,,,119,0.16,,,,,,,0.192,,50.3442841,30.4769898,
12:40:44.441,,,,,,,,,,,,,,,,,,,,0,5.882352941176471,99,,,,,,,,,,5.882352941176471,,,,,,,,0,,,,,,,,,,,,,,0,,,,,,,,,,,,0.16,,17.6470588235294,99,,,,,,50.3442841,30.4769898,
12:40:44.514,,,,,,,,,,,,,,,,,,,,,,,10.819466850222621,10.81944,438.32088,1008.64102895,0.13524333562778276,0.135243,5.479011,12.922169,0,,5.882352941176471,,,0,0,,,,,,,,,,,32.45669840672307,32.45658032729446,5.6269829837459495,32.45669840672308,0.18866314061892936,,,34,,,,35340,,12000,0,0,,119,0.16,35340,17.6470588235294,,,,,,0,50.3442841,30.4769898,
12:40:44.646,,,,,,,,,,,,,,,24,,,,,,,,,,,,,,,,,,,,,,,,,,,,,,,,,,,,,,,,,,,,,,,,,,,,,,,,,50,,,50.3442841,30.4769898,
12:40:44.680,,,,,,,,,,,,,,,,,,0.375,,,,,,,,,,,,,,,,,,,,,,,,,,,,,,,,,,,,,,,,,,,,,,,,,,,,,,,,,50.3442841,30.4769898,
12:40:44.730,,,,,,,,,,,,,,,,32,0,,,,,,,,,,,,,,,,,,,,,,,,,,,,,,,,,,,,,,,,,,,,,,,,,,,,,,,,,,50.3442841,30.4769898,
12:40:44.825,,,,19,,,,,,,,,,,,,,,,,,,,,,,,,,,,,,,,,,,,,,,,,,,,,,,,,,,,,,,,,,,,,,,,,,,92,,,,50.3442841,30.4769898,
12:40:44.932,,,,,,,,,357.09000000000003,61.5,,3.732,,,,,,,,,,,,,,,,,,,,,,,,,,,,,,,,,,,,,,,,,,,,,,,,,,,,7.458,,,,,,,,,,,50.3442841,30.4769898,
12:40:45.017,-4.699999999999818,,-4.75,,,,,,,,,,3.723,,,,,,,,,,,,,,,,,,,,,,,,,,,,,,,,,,,,,,,,,,,,,,,,,,,7.455,,,,,,,,,,,50.3442841,30.4769898,
12:40:45.053,,-4.699999999999818,,,,,,,,,,,,,,,,,,,,,,,,,,,,,,,,,,,,,,,,,,,,,,,,,,,,,,,,,,,,,,,,,,,,,,,,,50.3442841,30.4769898,
12:40:45.270,,,,,,,,,,,,,,,,,,,,,,,,,,,,,,,,,,0.04,,,,0,0,,0,0.416688518138889,0.416689,97.37031400000001,6849.334193000001,0,-0.01,,,,,,9.36708443054491,,,,28,98,,0,,,,,119,0.04,,,,,,,0.048,,50.3442841,30.4769898,
12:40:45.345,,,,,,,,,,,,,,,,,,,,0,5.882352941176471,99,,,,,,,,,,5.882352941176471,,,,,,,,0,,,,,,,,,,,,,,0,,,,,,,,,,,,0.04,,17.6470588235294,99,,,,,,50.3442841,30.4769898,
12:40:45.418,,,,,,,,,,,,,,,,,,,,,,,10.819466850222621,10.81944,438.32088,1008.64102895,0.13524333562778276,0.135243,5.479011,12.922169,0,,5.882352941176471,,,0,0,,,,,,,,,,,32.45669840672307,32.45658032729446,5.6269829837459495,32.45669840672308,0.18866314061892936,,,34,,,,35370,,12000,0,0,,119,0.04,35370,17.6470588235294,,,,,,0,50.3442841,30.4769898,
12:40:45.565,,,,,,,,,,,,,,,24,,,,,,,,,,,,,,,,,,,,,,,,,,,,,,,,,,,,,,,,,,,,,,,,,,,,,,,,,50,,,50.3442841,30.4769898,
12:40:45.614,,,,,,,,,,,,,,,,,,70.65625,,,,,,,,,,,,,,,,,,,,,,,,,,,,,,,,,,,,,,,,,,,,,,,,,,,,,,,,,50.3442841,30.4769898,
12:40:45.649,,,,,,,,,,,,,,,,4352,0.265625,,,,,,,,,,,,,,,,,,,,,,,,,,,,,,,,,,,,,,,,,,,,,,,,,,,,,,,,,,50.3442841,30.4769898,
12:40:45.769,,,,,,,,,357.42,61.5,,3.709,,,,,,,,,,,,,,,,,,,,,,,,,,,,,,,,,,,,,,,,,,,,,,,,,,,,7.432,,,,,,,,,,,50.3442841,30.4769898,
12:40:45.817,-23.699999999999818,,-24.25,,,,,,,,,,3.701,,,,,,,,,,,,,,,,,,,,,,,,,,,,,,,,,,,,,,,,,,,,,,,,,,,7.41,,,,,,,,,,,50.3442841,30.4769898,
12:40:45.878,,-26.949999999999818,,,,,,,,,,,,,,,,,,,,,,,,,,,,,,,,,,,,,,,,,,,,,,,,,,,,,,,,,,,,,,,,,,,,,,,,,50.3442841,30.4769898,
12:40:46.034,,,,,,,,,,,,,,,,,,,,,,,,,,,,,,,,,,0.2,,,,0,0,,0,0.416688518138889,0.416689,97.37031400000001,6849.334193000001,0,-0.01,,,,,,9.32257743691941,,,,28,98,,0,,,,,119,0.2,,,,,,,0.24,,50.3442841,30.4769898,
12:40:46.108,,,,,,,,,,,,,,,,,,,,0,5.882352941176471,99,,,,,,,,,,5.882352941176471,,,,,,,,28.235294117647058,,,,,,,,,,,,,,0,,,,,,,,,,,,0.2,,17.6470588235294,99,,,,,,50.3442841,30.4769898,
12:40:46.206,,,,,,,,,,,,,,,,,,,,,,,10.819466850222621,10.81944,438.32088,1008.64102895,0.13524333562778276,0.135243,5.479011,12.922169,0,,5.882352941176471,,,0,0,,,,,,,,,,,32.45669840672307,32.45658032729446,5.6269829837459495,32.45669840672308,0.18866314061892936,,,34,,,,35390,,12000,0,0,,119,0.2,35390,17.6470588235294,,,,,,0,50.3442841,30.4769898,
12:40:46.317,,,,,,,,,,,,,,,24,,,,,,,,,,,,,,,,,,,,,,,,,,,,,,,,,,,,,,,,,,,,,,,,,,,,,,,,,50,,,50.3442841,30.4769898,
12:40:46.353,,,,,,,,,,,,,,,,,,219.15625,,,,,,,,,,,,,,,,,,,,,,,,,,,,,,,,,,,,,,,,,,,,,,,,,,,,,,,,,50.3442841,30.4769898,
12:40:46.401,,,,,,,,,,,,,,,,13984,0.84375,,,,,,,,,,,,,,,,,,,,,,,,,,,,,,,,,,,,,,,,,,,,,,,,,,,,,,,,,,50.3442841,30.4769898,
12:40:46.534,,,,,,18,18,19,,,,,,,,,,,,,,,,,,,,,,,,,,,,,,,,,,,,,,,,,,,,,,,,,,,,,,,,,,,,,,,92,,,,50.3442841,30.4769898,
12:40:46.580,,,,,,,,,350.49,61,,3.66,,,,,,,,,,,,,,,,,,,,,,,,,,,,,,,,,,,,,,,,,,,,,,,,,,,,7.361,,,,,,,,,,,50.3442841,30.4769898,
12:40:46.641,-50,,-1600,,,,,,,,,,3.653,,,,,,,,,,,,,,,,,,,,,,,,,,,,,,,,,,,,,,,,,,,,,,,,,,,7.313,,,,,,,,,,,50.3442841,30.4769898,
12:40:46.677,,-51.299999999999955,,,,,,,,,,,,,,,,,,,,,,,,,,,,,,,,,,,,,,,,,,,,,,,,,,,,,,,,,,,,,,,,,,,,,,,,,50.3442841,30.4769898,
12:40:46.797,,,,,,,,,,,,,,,,,,,,,,,,,,,,,,,,,,0.18,0,,,0,0,,0.05372587599145522,0.41795973547222237,0.41796,97.371585,6849.335464000001,0,-0.01,,,,,,9.306902190700608,,,,28,98,,6,,,,,119,0.18,,,,,,,0.216,,50.3442841,30.4769898,
12:40:46.922,,,,,,,,,,,,,,,,,,,,0,5.882352941176471,99,,,,,,,,,,5.882352941176471,,,,,,,,28.235294117647058,,,,,,,,,,,,,,0,,,,,,,,,,,,0.18,,17.6470588235294,99,,,,,,50.3442841,30.4769898,
12:40:47.066,,,,,,,,,,,,,,,,,,,,,,,10.819466850222621,10.81944,438.32088,1008.64102895,0.13524333562778276,0.135243,5.479011,12.922169,0,,5.882352941176471,,,0,0,,,,,,,,,,,32.35798191779912,32.35788113695091,5.626909534234244,32.44847203264608,0.18866310560956925,,,34,,,,35410,,12000,0,0,,119,0.18,35410,17.6470588235294,,,,,,0,50.3442841,30.4769898,
12:40:47.161,,,,,,,,,,,,,,,,,,,26,,,,,,,,,,,,,,,,,,,,,,,,,,,,,,,,,,,,,,,,,,,,,,,,,,,,,50,,,50.3442841,30.4769898,
12:40:47.269,,,,,,,,,,,,,,,24,,,,,,,,,,,,,,,,,,,,,,,,,,,,,,,,,,,,,,,,,,,,,,,,,,,,,,,,,50,,,50.3442841,30.4769898,
12:40:47.306,,,,,,,,,,,,,,,,,,216.828125,,,,,,,,,,,,,,,,,,,,,,,,,,,,,,,,,,,,,,,,,,,,,,,,,,,,,,,,,50.3442841,30.4769898,
12:40:47.341,,,,,,,,,,,,,,,,13824,0.84375,,,,,,,,,,,,,,,,,,,,,,,,,,,,,,,,,,,,,,,,,,,,,,,,,,,,,,,,,,50.3442841,30.4769898,
12:40:47.460,,,,,,,,,346.79,61,,3.616,,,,,,,,,,,,,,,,,,,,,,,,,,,,,,,,,,,,,,,,,,,,,,,,,,,,7.269,,,,,,,,,,,50.3442841,30.4769898,
12:40:47.553,-80.34999999999991,,-1600,,,,,,,,,,3.597,,,,,,,,,,,,,,,,,,,,,,,,,,,,,,,,,,,,,,,,,,,,,,,,,,,7.213,,,,,,,,,,,50.3442841,30.4769898,
12:40:47.613,,-81.84999999999991,,,,,,,,,,,,,,,,,,,,,,,,,,,,,,,,,,,,,,,,,,,,,,,,,,,,,,,,,,,,,,,,,,,,,,,,,50.3442841,30.4769898,
12:40:47.711,,,,,,,,,,,,,,,,,,,,,,,,,,,,,,,,,,,,,,,,,,,,,,,,,,,,,,,,57,,,,,,,,,119,,,,,,,,,,50.3442841,30.4769898,
12:40:47.782,,,,,,,,,,,,,,,,,,,,,,,,,,,,,,,,,,0.21,0,,,0,0,,0.11541347564039406,0.42178898397222236,0.421789,97.375414,6849.339293000001,0,-0.01,,,,,,9.33531268284153,,,,28,98,,14,,,,,119,0.21,,,,,,,0.252,,50.3442841,30.4769898,
12:40:47.845,,,,,,,,,,,,,,,,,,,,0,5.882352941176471,99,,,,,,,,,,5.882352941176471,,,,,,,,37.254901960784316,,,,,,,,,,,,,,0,,,,,,,,,,,,0.21,,17.6470588235294,99,,,,,,50.3442841,30.4769898,
12:40:47.917,,,,,,,,,,,,,,,,,,,,,,,10.819466850222621,10.81944,438.32088,1008.64102895,0.13524333562778276,0.135243,5.479011,12.922169,0,,5.882352941176471,,,0,0,,,,,,,,,,,32.064217124430506,32.06413633356963,5.626688272668089,32.4157652591217,0.1886630001408517,,,34,,,,35440,,12000,0,0,,119,0.21,35440,17.6470588235294,,,,,,0,50.3442841,30.4769898,
12:40:48.037,,,,,,,,,,,,,,,24,,,,,,,,,,,,,,,,,,,,,,,,,,,,,,,,,,,,,,,,,,,,,,,,,,,,,,,,,50,,,50.3442841,30.4769898,
12:40:48.073,,,,,,,,,,,,,,,,,,207.390625,,,,,,,,,,,,,,,,,,,,,,,,,,,,,,,,,,,,,,,,,,,,,,,,,,,,,,,,,50.3442841,30.4769898,
12:40:48.109,,,,,,,,,,,,,,,,13408,0.8125,,,,,,,,,,,,,,,,,,,,,,,,,,,,,,,,,,,,,,,,,,,,,,,,,,,,,,,,,,50.3442841,30.4769898,
12:40:48.253,,,,,,,,,342.12,60.5,,3.571,,,,,,,,,,,,,,,,,,,,,,,,,,,,,,,,,,,,,,,,,,,,,,,,,,,,7.168,,,,,,,,,,,50.3442841,30.4769898,
12:40:48.300,-100,,-1600,,,,,,,,,,3.558,,,,,,,,,,,,,,,,,,,,,,,,,,,,,,,,,,,,,,,,,,,,,,,,,,,7.129,,,,,,,,,,,50.3442841,30.4769898,
12:40:48.337,,-100.25,,,,,,,,,,,,,,,,,,,,,,,,,,,,,,,,,,,,,,,,,,,,,,,,,,,,,,,,,,,,,,,,,,,,,,,,,50.3442841,30.4769898,
12:40:48.494,,,,,,,,,,,,,,,,,,,,,,,,,,,,,,,,,,0.18,0,,,0,0,,0.15815203027219776,0.4253471249722224,0.425347,97.378972,6849.342851000001,0,-0.01,,,,,,9.373056103622291,,,,28,98,,18,,,,,119,0.18,,,,,,,0.216,,50.3442841,30.4769898,
12:40:48.589,,,,,,,,,,,,,,,,,,,,0,5.882352941176471,99,,,,,,,,,,5.882352941176471,,,,,,,,38.431372549019606,,,,,,,,,,,,,,0,,,,,,,,,,,,0.18,,17.6470588235294,99,,,,,,50.3442841,30.4769898,
12:40:48.757,,,,,,,,,,,,,,,,,,,,,,,10.819466850222621,10.81944,438.32088,1008.64102895,0.13524333562778276,0.135243,5.479011,12.922169,0,,5.882352941176471,,,0,0,,,,,,,,,,,31.795991482630786,31.795921917869414,5.626482686631771,32.360706348780674,0.18866290213685785,,,34,,,,35460,,12000,0,0,,119,0.18,35460,17.6470588235294,,,,,,0,50.3442841,30.4769898,
12:40:49.034,,,,,,,,,,,,,,,24,,,,,,,,,,,,,,,,,,,,,,,,,,,,,,,,,,,,,,,,,,,,,,,,,,,,,,,,,50,,,50.3442841,30.4769898,
12:40:49.069,,,,,,,,,,,,,,,,,,171.40625,,,,,,,,,,,,,,,,,,,,,,,,,,,,,,,,,,,,,,,,,,,,,,,,,,,,,,,,,50.3442841,30.4769898,
12:40:49.117,,,,,,,,,,,,,,,,11072,0.671875,,,,,,,,,,,,,,,,,,,,,,,,,,,,,,,,,,,,,,,,,,,,,,,,,,,,,,,,,,50.3442841,30.4769898,
12:40:49.238,,,,,,,,,340.99,60,,3.554,,,,,,,,,,,,,,,,,,,,,,,,,,,,,,,,,,,,,,,,,,,,,,,,,,,,7.112,,,,,,,,,,,50.3442841,30.4769898,
12:40:49.297,-96.19999999999982,,-1600,,,,,,,,,,3.544,,,,,,,,,,,,,,,,,,,,,,,,,,,,,,,,,,,,,,,,,,,,,,,,,,,7.098,,,,,,,,,,,50.3442841,30.4769898,
12:40:49.333,,-92.09999999999991,,,,,,,,,,,,,,,,,,,,,,,,,,,,,,,,,,,,,,,,,,,,,,,,,,,,,,,,,,,,,,,,,,,,,,,,,50.3442841,30.4769898,
12:40:49.465,,,,,,,,,,,,,,,,,,,,,,,,,,,,,,,,,,0,0,,,0,0,,0.20639933390509238,0.43209260969444463,0.432092,97.385717,6849.349596000001,0,-0.01,,,,,,9.46542172092754,,,,28,98,,25,,,,,119,0,,,,,,,0,,50.3442841,30.4769898,
12:40:49.550,,,,,,,,,,,,,,,,,,,,0,5.882352941176471,99,,,,,,,,,,5.882352941176471,,,,,,,,23.137254901960784,,,,,,,,,,,,,,0,,,,,,,,,,,,0,,17.6470588235294,99,,,,,,50.3442841,30.4769898,
12:40:49.669,,,,,,,,,,,,,,,,,,,,,,,10.819466850222621,10.81944,438.32088,1008.64102895,0.13524333562778276,0.135243,5.479011,12.922169,0,,5.882352941176471,,,0,0,,,,,,,,,,,31.299617858176383,31.29958434777779,5.626092992671605,32.26428296973511,0.1886627163482283,,,34,,,,35490,,12000,0,0,,119,0,35490,17.6470588235294,,,,,,0,50.3442841,30.4769898,
12:40:49.802,,,,,,,,,,,,,,,24,,,,,,,,,,,,,,,,,,,,,,,,,,,,,,,,,,,,,,,,,,,,,,,,,,,,,,,,,50,,,50.3442841,30.4769898,
12:40:49.837,,,,,,,,,,,,,,,,,,64.453125,,,,,,,,,,,,,,,,,,,,,,,,,,,,,,,,,,,,,,,,,,,,,,,,,,,,,,,,,50.3442841,30.4769898,
12:40:49.885,,,,,,,,,,,,,,,,4256,0.25,,,,,,,,,,,,,,,,,,,,,,,,,,,,,,,,,,,,,,,,,,,,,,,,,,,,,,,,,,50.3442841,30.4769898,
12:40:50.029,,,,,18,,,,,,86.6758781031239,,,86.6758781031239,,,,,,,,,,,,,,,,,,,,,,,,,,,,,,,,,,,,,,,,,,,,,,,,,,,,,,,,127.5,92,,,,50.3442841,30.4769898,
12:40:50.090,,,,,,,,,352.1,59.5,,3.667,,,,,,,,,,,,,,,,,,,,,,,,,,,,,,,,,,,,,,,,,,,,,,,,,,,,7.211,,,,,,,,,,,50.3442841,30.4769898,
12:40:50.161,-11.949999999999818,,-10.349999999999909,,,,,,,,,,3.656,,,,,,,,,,,,,,,,,,,,,,,,,,,,,,,,,,,,,,,,,,,,,,,,,,,7.323,,,,,,,,,,,50.3442841,30.4769898,
12:40:50.197,,-6.449999999999818,,,,,,,,,,,,,,,,,,,,,,,,,,,,,,,,,,,,,,,,,,,,,,,,,,,,,,,,,,,,,,,,,,,,,,,,,50.3442841,30.4769898,
12:40:50.329,,,,,,,,,,,,,,,,,,,,,,,,,,,,,,,,,,0.05,0,,,0,0,,0.17641014417105486,0.438813382027778,0.438813,97.392438,6849.356317000001,0,-0.01,,,,,,9.562367618056733,,,,28,98,,28,,,,,119,0.05,,,,,,,0.06,,50.3442841,30.4769898,
12:40:50.389,,,,,,,,,,,,,,,,,,,,0,5.882352941176471,99,,,,,,,,,,5.882352941176471,,,,,,,,0,,,,,,,,,,,,,,0,,,,,,,,,,,,0.05,,17.6470588235294,99,,,,,,50.3442841,30.4769898,
12:40:50.474,,,,,,,,,,,,,,,,,,,,,,,10.819466850222621,10.81944,438.32088,1008.64102895,0.13524333562778276,0.135243,5.479011,12.922169,0,,5.882352941176471,,,0,0,,,,,,,,,,,30.82023957492288,30.820189921447177,5.625704739006534,32.12791140041843,0.18866253122103416,,,34,,,,35520,,12000,0,0,,119,0.05,35520,17.6470588235294,,,,,,0,50.3442841,30.4769898,
12:40:50.617,,,,,,,,,,,,,,,24,,,,,,,,,,,,,,,,,,,,,,,,,,,,,,,,,,,,,,,,,,,,,,,,,,,,,,,,,50,,,50.3442841,30.4769898,
12:40:50.654,,,,,,,,,,,,,,,,,,-57.8125,,,,,,,,,,,,,,,,,,,,,,,,,,,,,,,,,,,,,,,,,,,,,,,,,,,,,,,,,50.3442841,30.4769898,
12:40:50.689,,,,,,,,,,,,,,,,-2720,-0.171875,,,,,,,,,,,,,,,,,,,,,,,,,,,,,,,,,,,,,,,,,,,,,,,,,,,,,,,,,,50.3442841,30.4769898,
12:40:50.870,,,,,,,,,359.35,60,,3.762,,,,,,,,,,,,,,,,,,,,,,,,,,,,,,,,,,,,,,,,,,,,,,,,,,,,7.418,,,,,,,,,,,50.3442841,30.4769898,
12:40:50.965,54.700000000000045,,-1600,,,,,,,,,,3.751,,,,,,,,,,,,,,,,,,,,,,,,,,,,,,,,,,,,,,,,,,,,,,,,,,,7.513,,,,,,,,,,,50.3442841,30.4769898,
12:40:51.024,,61.5,,,,,,,,,,,,,,,,,,,,,,,,,,,,,,,,,,,,,,,,,,,,,,,,,,,,,,,,,,,,,,,,,,,,,,,,,50.3442841,30.4769898,
12:40:51.169,,,,,,,,,,,,,,,,,,,,,,,,,,,,,,,,,,0,0,,,0,0,,,0.44488485580555576,0.444884,97.398509,6849.3623880000005,0,-0.01,,,,,,9.64559020735875,,,,28,98,,26,,,,,119,0,,,,,,,0,,50.3442841,30.4769898,
12:40:51.233,,,,,,,,,,,,,,,,,,,,0,5.882352941176471,99,,,,,,,,,,5.882352941176471,,,,,,,,0,,,,,,,,,,,,,,0,,,,,,,,,,,,0,,17.6470588235294,99,,,,,,50.3442841,30.4769898,
12:40:51.305,,,,,,,,,,,,,,,,,,,,,,,10.819466850222621,10.81944,438.32088,1008.64102895,0.13524333562778276,0.135243,5.479011,12.922169,0,,5.882352941176471,,,0,0,,,,,,,,,,,30.399626749015052,30.399609785921722,5.6253540801122535,31.95648876227609,0.1886623639981363,,,34,,,,35550,,12000,0,0,,119,0,35550,17.6470588235294,,,,,,0,50.3442841,30.4769898,
12:40:51.425,,,,,,,,,,,,,,,24,,,,,,,,,,,,,,,,,,,,,,,,,,,,,,,,,,,,,,,,,,,,,,,,,,,,,,,,,50,,,50.3442841,30.4769898,
12:40:51.462,,,,,,,,,,,,,,,,,,-162.0625,,,,,,,,,,,,,,,,,,,,,,,,,,,,,,,,,,,,,,,,,,,,,,,,,,,,,,,,,50.3442841,30.4769898,
12:40:51.509,,,,,,,,,,,,,,,,-10144,-0.625,,,,,,,,,,,,,,,,,,,,,,,,,,,,,,,,,,,,,,,,,,,,,,,,,,,,,,,,,,50.3442841,30.4769898,
12:40:51.653,,,,,,,,,362.89,60,,3.782,,,,,,,,,,,,,,,,,,,,,,,,,,,,,,,,,,,,,,,,,,,,,,,,,,,,7.533,,,,,,,,,,,50.3442841,30.4769898,
12:40:51.714,44.65000000000009,,-1600,,,,,,,,,,3.766,,,,,,,,,,,,,,,,,,,,,,,,,,,,,,,,,,,,,,,,,,,,,,,,,,,7.548,,,,,,,,,,,50.3442841,30.4769898,
12:40:51.749,,43.15000000000009,,,,,,,,,,,,,,,,,,,,,,,,,,,,,,,,,,,,,,,,,,,,,,,,,,,,,,,,,,,,,,,,,,,,,,,,,50.3442841,30.4769898,
12:40:51.857,,,,,,,,,,,,,,,,,,,,,,,,,,,,,,,,,,,,,,,,,,,,,,,,,,,,,,,,57,,,,,,,,,119,,,,,,,,,,50.3442841,30.4769898,
12:40:51.929,,,,,,,,,,,,,,,,,,,,,,,,,,,,,,,,,,0,0,,,0,0,,,0.4488910823333335,0.44889,97.40251500000001,6849.366394000001,0,-0.01,,,,,,9.688159712791405,,,,28,98,,19,,,,,119,0,,,,,,,0,,50.3442841,30.4769898,
12:40:52.001,,,,,,,,,,,,,,,,,,,,0,5.882352941176471,99,,,,,,,,,,5.882352941176471,,,,,,,,0,,,,,,,,,,,,,,0,,,,,,,,,,,,0,,17.6470588235294,99,,,,,,50.3442841,30.4769898,
12:40:52.061,,,,,,,,,,,,,,,,,,,,,,,10.819466850222621,10.81944,438.32088,1008.64102895,0.13524333562778276,0.135243,5.479011,12.922169,0,,5.882352941176471,,,0,0,,,,,,,,,,,30.128318639075786,30.128316514068032,5.62512271885382,31.762457114972154,0.18866225365487435,,,34,,,,35570,,12000,0,0,,119,0,35570,17.6470588235294,,,,,,0,50.3442841,30.4769898,
12:40:52.206,,,,,,,,,,,,,,,24,,,,,,,,,,,,,,,,,,,,,,,,,,,,,,,,,,,,,,,,,,,,,,,,,,,,,,,,,50,,,50.3442841,30.4769898,
12:40:52.243,,,,,,,,,,,,,,,,,,-28,,,,,,,,,,,,,,,,,,,,,,,,,,,,,,,,,,,,,,,,,,,,,,,,,,,,,,,,,50.3442841,30.4769898,
12:40:52.277,,,,,,,,,,,,,,,,-1952,-0.125,,,,,,,,,,,,,,,,,,,,,,,,,,,,,,,,,,,,,,,,,,,,,,,,,,,,,,,,,,50.3442841,30.4769898,
12:40:52.409,,,,,,,,,357.74,60,,3.723,,,,,,,,,,,,,,,,,,,,,,,,,,,,,,,,,,,,,,,,,,,,,,,,,,,,7.489,,,,,,,,,,,50.3442841,30.4769898,
12:40:52.456,0.40000000000009095,,0,,,,,,,,,,3.709,,,,,,,,,,,,,,,,,,,,,,,,,,,,,,,,,,,,,,,,,,,,,,,,,,,7.432,,,,,,,,,,,50.3442841,30.4769898,
12:40:52.495,,0.40000000000009095,,,,,,,,,,,,,,,,,,,,,,,,,,,,,,,,,,,,,,,,,,,,,,,,,,,,,,,,,,,,,,,,,,,,,,,,,50.3442841,30.4769898,
12:40:52.613,,,,,,,,,,,,,,,,,,,,,,,,,,,,,,,,,,0,0,,,0,0,,-0.08098409180512539,0.45193490144444465,0.451934,97.405559,6849.369438000001,0,-0.01,,,,,,9.713968980862862,,,,28,98,,16,,,,,119,0,,,,,,,0,,50.3442841,30.4769898,
12:40:52.761,,,,,,,,,,,,,,,,,,,,0,5.882352941176471,99,,,,,,,,,,5.882352941176471,,,,,,,,0,,,,,,,,,,,,,,0,,,,,,,,,,,,0,,17.6470588235294,99,,,,,,50.3442841,30.4769898,
12:40:52.869,,,,,,,,,,,,,,,,,,,,,,,10.819466850222621,10.81944,438.32088,1008.64102895,0.13524333562778276,0.135243,5.479011,12.922169,0,,5.882352941176471,,,0,0,,,,,,,,,,,29.92540190977216,29.925387335318874,5.624946929363652,31.55151574022625,0.18866216980950648,,,34,,,,35600,,12000,0,0,,119,0,35600,17.6470588235294,,,,,,0,50.3442841,30.4769898,
12:40:52.989,,,,,,,,,,,,,,,24,,,,,,,,,,,,,,,,,,,,,,,,,,,,,,,,,,,,,,,,,,,,,,,,,,,,,,,,,50,,,50.3442841,30.4769898,
12:40:53.026,,,,,,,,,,,,,,,,,,-45.46875,,,,,,,,,,,,,,,,,,,,,,,,,,,,,,,,,,,,,,,,,,,,,,,,,,,,,,,,,50.3442841,30.4769898,
12:40:53.061,,,,,,,,,,,,,,,,-2688,-0.171875,,,,,,,,,,,,,,,,,,,,,,,,,,,,,,,,,,,,,,,,,,,,,,,,,,,,,,,,,,50.3442841,30.4769898,
12:40:53.169,,,,19,,,,,,,,,,,,,,,,,,,,,,,,,,,,,,,,,,,,,,,,,,,,,,,,,,,,,,,,,,,,,,,,,,,92,,,,50.3442841,30.4769898,
12:40:53.313,,,,,,,,,358.7,60,,3.73,,,,,,,,,,,,,,,,,,,,,,,,,,,,,,,,,,,,,,,,,,,,,,,,,,,,7.439,,,,,,,,,,,50.3442841,30.4769898,
12:40:53.373,9.150000000000091,,9.300000000000182,,,,,,,,,,3.724,,,,,,,,,,,,,,,,,,,,,,,,,,,,,,,,,,,,,,,,,,,,,,,,,,,7.454,,,,,,,,,,,50.3442841,30.4769898,
12:40:53.409,,8.950000000000045,,,,,,,,,,,,,,,,,,,,,,,,,,,,,,,,,,,,,,,,,,,,,,,,,,,,,,,,,,,,,,,,,,,,,,,,,50.3442841,30.4769898,
12:40:53.518,,,,,,,,,,,,,,,,,,,,,,,,,,,,,,,,,,0,0,,,0,0,,-0.11549101355932613,0.4557076076944446,0.455707,97.409332,6849.373211000001,0,-0.01,,,,,,9.742392036332607,,,,28,98,,15,,,,,119,0,,,,,,,0,,50.3442841,30.4769898,
12:40:53.581,,,,,,,,,,,,,,,,,,,,0,5.882352941176471,99,,,,,,,,,,5.882352941176471,,,,,,,,0,,,,,,,,,,,,,,0,,,,,,,,,,,,0,,17.6470588235294,99,,,,,,50.3442841,30.4769898,
12:40:53.666,,,,,,,,,,,,,,,,,,,,,,,10.819466850222621,10.81944,438.32088,1008.64102895,0.13524333562778276,0.135243,5.479011,12.922169,0,,5.882352941176471,,,0,0,,,,,,,,,,,29.677655879395466,29.677621805238896,5.624729055733592,31.407372674008496,0.18866206588432313,,,34,,,,35620,,12000,0,0,,119,0,35620,17.6470588235294,,,,,,0,50.3442841,30.4769898,
12:40:53.749,,,,,,,,,,,,,,,,,,,28,,,,,,,,,,,,,,,,,,,,,,,,,,,,,,,,,,,,,,,,,,,,,,,,,,,,,52,,,50.3442841,30.4769898,
12:40:53.858,,,,,,,,,,,,,,,24,,,,,,,,,,,,,,,,,,,,,,,,,,,,,,,,,,,,,,,,,,,,,,,,,,,,,,,,,52,,,50.3442841,30.4769898,
12:40:53.906,,,,,,,,,,,,,,,,,,-145.6875,,,,,,,,,,,,,,,,,,,,,,,,,,,,,,,,,,,,,,,,,,,,,,,,,,,,,,,,,50.3442841,30.4769898,
12:40:53.941,,,,,,,,,,,,,,,,-9312,-0.578125,,,,,,,,,,,,,,,,,,,,,,,,,,,,,,,,,,,,,,,,,,,,,,,,,,,,,,,,,,50.3442841,30.4769898,
12:40:54.049,,,,,,,,,360.31,60,,3.753,,,,,,,,,,,,,,,,,,,,,,,,,,,,,,,,,,,,,,,,,,,,,,,,,,,,7.477,,,,,,,,,,,50.3442841,30.4769898,
12:40:54.098,18.100000000000136,,17.65000000000009,,,,,,,,,,3.739,,,,,,,,,,,,,,,,,,,,,,,,,,,,,,,,,,,,,,,,,,,,,,,,,,,7.492,,,,,,,,,,,50.3442841,30.4769898,
12:40:54.157,,17.050000000000182,,,,,,,,,,,,,,,,,,,,,,,,,,,,,,,,,,,,,,,,,,,,,,,,,,,,,,,,,,,,,,,,,,,,,,,,,50.3442841,30.4769898,
12:40:54.374,,,,,,,,,,,,,,,,,,,,,,,,,,,,,,,,,,0,0,,,0,0,,-0.13260498540236065,0.4583200970000002,0.458319,97.411944,6849.375823000001,0,-0.01,,,,,,9.748745154471544,,,,28,98,,11,,,,,119,0,,,,,,,0,,50.3442841,30.4769898,
12:40:54.486,,,,,,,,,,,,,,,,,,,,0,5.882352941176471,99,,,,,,,,,,5.882352941176471,,,,,,,,0,,,,,,,,,,,,,,0,,,,,,,,,,,,0,,17.6470588235294,99,,,,,,50.3442841,30.4769898,
12:40:54.622,,,,,,,,,,,,,,,,,,,,,,,10.819466850222621,10.81944,438.32088,1008.64102895,0.13524333562778276,0.135243,5.479011,12.922169,0,,5.882352941176471,,,0,0,,,,,,,,,,,29.508489047946483,29.508486447212533,5.6245782344719455,31.074244749717565,0.18866199393830516,,,34,,,,35650,,12000,0,0,,119,0,35650,17.6470588235294,,,,,,0,50.3442841,30.4769898,
12:40:54.734,,,,,,,,,,,,,,,24,,,,,,,,,,,,,,,,,,,,,,,,,,,,,,,,,,,,,,,,,,,,,,,,,,,,,,,,,52,,,50.3442841,30.4769898,
12:40:54.770,,,,,,,,,,,,,,,,,,-38.765625,,,,,,,,,,,,,,,,,,,,,,,,,,,,,,,,,,,,,,,,,,,,,,,,,,,,,,,,,50.3442841,30.4769898,
12:40:54.805,,,,,,,,,,,,,,,,-2464,-0.15625,,,,,,,,,,,,,,,,,,,,,,,,,,,,,,,,,,,,,,,,,,,,,,,,,,,,,,,,,,50.3442841,30.4769898,
12:40:54.937,,,,,,18,18,19,,,,,,,,,,,,,,,,,,,,,,,,,,,,,,,,,,,,,,,,,,,,,,,,,,,,,,,,,,,,,,,92,,,,50.3442841,30.4769898,
12:40:54.986,,,,,,,,,357.74,60,,3.718,,,,,,,,,,,,,,,,,,,,,,,,,,,,,,,,,,,,,,,,,,,,,,,,,,,,7.457,,,,,,,,,,,50.3442841,30.4769898,
12:40:55.069,-3.6499999999998636,,-3.699999999999818,,,,,,,,,,3.711,,,,,,,,,,,,,,,,,,,,,,,,,,,,,,,,,,,,,,,,,,,,,,,,,,,7.429,,,,,,,,,,,50.3442841,30.4769898,
12:40:55.117,,-3.849999999999909,,,,,,,,,,,,,,,,,,,,,,,,,,,,,,,,,,,,,,,,,,,,,,,,,,,,,,,,,,,,,,,,,,,,,,,,,50.3442841,30.4769898,
12:40:55.237,,,,,,,,,,,,,,,,,,,,,,,,,,,,,,,,,,0,0,,,0,0,,-0.11130121854541077,0.4597588550000002,0.459758,97.413383,6849.377262000001,0,-0.01,,,,,,9.729721553506417,,,,28,98,,6,,,,,119,0,,,,,,,0,,50.3442841,30.4769898,
12:40:55.325,,,,,,,,,,,,,,,,,,,,0,5.882352941176471,99,,,,,,,,,,5.882352941176471,,,,,,,,0,,,,,,,,,,,,,,0,,,,,,,,,,,,0,,17.6470588235294,99,,,,,,50.3442841,30.4769898,
12:40:55.422,,,,,,,,,,,,,,,,,,,,,,,10.819466850222621,10.81944,438.32088,1008.64102895,0.13524333562778276,0.135243,5.479011,12.922169,0,,5.882352941176471,,,0,0,,,,,,,,,,,29.416145911487167,29.416127614962654,5.624495147653378,30.820865375114575,0.18866195430191213,,,34,,,,35680,,12000,0,0,,119,0,35680,17.6470588235294,,,,,,0,50.3442841,30.4769898,
12:40:55.558,,,,,,,,,,,,,,,24,,,,,,,,,,,,,,,,,,,,,,,,,,,,,,,,,,,,,,,,,,,,,,,,,,,,,,,,,52,,,50.3442841,30.4769898,
12:40:55.605,,,,,,,,,,,,,,,,,,0,,,,,,,,,,,,,,,,,,,,,,,,,,,,,,,,,,,,,,,,,,,,,,,,,,,,,,,,,50.3442841,30.4769898,
12:40:55.641,,,,,,,,,,,,,,,,-32,-0.015625,,,,,,,,,,,,,,,,,,,,,,,,,,,,,,,,,,,,,,,,,,,,,,,,,,,,,,,,,,50.3442841,30.4769898,
12:40:55.761,,,,,,,,,357.58,60,,3.717,,,,,,,,,,,,,,,,,,,,,,,,,,,,,,,,,,,,,,,,,,,,,,,,,,,,7.428,,,,,,,,,,,50.3442841,30.4769898,
12:40:55.821,-4.199999999999818,,-4.449999999999818,,,,,,,,,,3.709,,,,,,,,,,,,,,,,,,,,,,,,,,,,,,,,,,,,,,,,,,,,,,,,,,,7.426,,,,,,,,,,,50.3442841,30.4769898,
12:40:55.882,,-4.099999999999909,,,,,,,,,,,,,,,,,,,,,,,,,,,,,,,,,,,,,,,,,,,,,,,,,,,,,,,,,,,,,,,,,,,,,,,,,50.3442841,30.4769898,
12:40:55.993,,,,,,,,,,,,,,,,,,,,,,,,,,,,,,,,,,,,,,,,,,,,,,,,,,,,,,,,57,,,,,,,,,119,,,,,,,,,,50.3442841,30.4769898,
12:40:56.053,,,,,,,,,,,,,,,,,,,,,,,,,,,,,,,,,,0,,,,0,0,,-0.13173918827624984,0.4597588550000002,0.459758,97.413383,6849.377262000001,0,-0.01,,,,,,9.683269666842127,,,,28,98,,0,,,,,119,0,,,,,,,0,,50.3442841,30.4769898,
12:40:56.141,,,,,,,,,,,,,,,,,,,,0,5.882352941176471,99,,,,,,,,,,5.882352941176471,,,,,,,,0,,,,,,,,,,,,,,0,,,,,,,,,,,,0,,17.6470588235294,99,,,,,,50.3442841,30.4769898,
12:40:56.237,,,,,,,,,,,,,,,,,,,,,,,10.819466850222621,10.81944,438.32088,1008.64102895,0.13524333562778276,0.135243,5.479011,12.922169,0,,5.882352941176471,,,0,0,,,,,,,,,,,29.416145911487167,29.416127614962654,5.624495147653378,30.567486000511575,0.18866195430191213,,,34,,,,35710,,12000,0,0,,119,0,35710,17.6470588235294,,,,,,0,50.3442841,30.4769898,
12:40:56.542,,,,,,,,,,,,,,,24,,,,,,,,,,,,,,,,,,,,,,,,,,,,,,,,,,,,,,,,,,,,,,,,,,,,,,,,,52,,,50.3442841,30.4769898,
12:40:56.600,,,,,,,,,,,,,,,,,,0,,,,,,,,,,,,,,,,,,,,,,,,,,,,,,,,,,,,,,,,,,,,,,,,,,,,,,,,,50.3442841,30.4769898,
12:40:56.637,,,,,,,,,,,,,,,,0,0,,,,,,,,,,,,,,,,,,,,,,,,,,,,,,,,,,,,,,,,,,,,,,,,,,,,,,,,,,50.3442841,30.4769898,
12:40:56.758,,,,,18,,,,,,86.6758781031239,,,86.6758781031239,,,,,,,,,,,,,,,,,,,,,,,,,,,,,,,,,,,,,,,,,,,,,,,,,,,,,,,,127.5,92,,,,50.3442841,30.4769898,
12:40:56.817,,,,,,,,,357.58,60,,3.716,,,,,,,,,,,,,,,,,,,,,,,,,,,,,,,,,,,,,,,,,,,,,,,,,,,,7.425,,,,,,,,,,,50.3442841,30.4769898,
12:40:56.865,-4.899999999999864,,-4.949999999999818,,,,,,,,,,3.708,,,,,,,,,,,,,,,,,,,,,,,,,,,,,,,,,,,,,,,,,,,,,,,,,,,7.424,,,,,,,,,,,50.3442841,30.4769898,
12:40:56.901,,-4.5,,,,,,,,,,,,,,,,,,,,,,,,,,,,,,,,,,,,,,,,,,,,,,,,,,,,,,,,,,,,,,,,,,,,,,,,,50.3442841,30.4769898,
12:40:57.009,,,,,,,,,,,,,,,,,,,,,,,,,,,,,,,,,,0.14,,,,0,0,,-0.12170605571273632,0.4597588550000002,0.459758,97.413383,6849.377262000001,0,-0.01,,,,,,9.629452694966021,,,,28,98,,0,,,,,119,0.14,,,,,,,0.168,,50.3442841,30.4769898,
12:40:57.070,,,,,,,,,,,,,,,,,,,,0,5.882352941176471,99,,,,,,,,,,5.882352941176471,,,,,,,,0,,,,,,,,,,,,,,0,,,,,,,,,,,,0.14,,17.6470588235294,99,,,,,,50.3442841,30.4769898,
12:40:57.154,,,,,,,,,,,,,,,,,,,,,,,10.819466850222621,10.81944,438.32088,1008.64102895,0.13524333562778276,0.135243,5.479011,12.922169,0,,5.882352941176471,,,0,0,,,,,,,,,,,29.416145911487167,29.416127614962654,5.624495147653378,30.32233299998558,0.18866195430191213,,,34,,,,35750,,12000,0,0,,119,0.14,35750,17.6470588235294,,,,,,0,50.3442841,30.4769898,
12:40:57.273,,,,,,,,,,,,,,,24,,,,,,,,,,,,,,,,,,,,,,,,,,,,,,,,,,,,,,,,,,,,,,,,,,,,,,,,,52,,,50.3442841,30.4769898,
12:40:57.308,,,,,,,,,,,,,,,,,,0,,,,,,,,,,,,,,,,,,,,,,,,,,,,,,,,,,,,,,,,,,,,,,,,,,,,,,,,,50.3442841,30.4769898,
12:40:57.357,,,,,,,,,,,,,,,,0,0,,,,,,,,,,,,,,,,,,,,,,,,,,,,,,,,,,,,,,,,,,,,,,,,,,,,,,,,,,50.3442841,30.4769898,
12:40:57.476,,,,,,,,,355.64,60,,3.717,,,,,,,,,,,,,,,,,,,,,,,,,,,,,,,,,,,,,,,,,,,,,,,,,,,,7.425,,,,,,,,,,,50.3442841,30.4769898,
12:40:57.537,-4.699999999999818,,-4.599999999999909,,,,,,,,,,3.709,,,,,,,,,,,,,,,,,,,,,,,,,,,,,,,,,,,,,,,,,,,,,,,,,,,7.426,,,,,,,,,,,50.3442841,30.4769898,
12:40:57.572,,-4.2999999999999545,,,,,,,,,,,,,,,,,,,,,,,,,,,,,,,,,,,,,,,,,,,,,,,,,,,,,,,,,,,,,,,,,,,,,,,,,50.3442841,30.4769898,
12:40:57.730,,,,,,,,,,,,,,,,,,,,,,,,,,,,,,,,,,0.14,,,,0,0,,-0.092843073866476,0.4597588550000002,0.459758,97.413383,6849.377262000001,0,-0.01,,,,,,9.589250281001165,,,,28,98,,0,,,,,119,0.14,,,,,,,0.168,,50.3442841,30.4769898,
12:40:57.789,,,,,,,,,,,,,,,,,,,,0,5.882352941176471,99,,,,,,,,,,5.882352941176471,,,,,,,,0,,,,,,,,,,,,,,0,,,,,,,,,,,,0.14,,17.6470588235294,99,,,,,,50.3442841,30.4769898,
12:40:57.897,,,,,,,,,,,,,,,,,,,,,,,10.819466850222621,10.81944,438.32088,1008.64102895,0.13524333562778276,0.135243,5.479011,12.922169,0,,5.882352941176471,,,0,0,,,,,,,,,,,29.416145911487167,29.416127614962654,5.624495147653378,30.25262630087032,0.18866195430191213,,,34,,,,35770,,12000,0,0,,119,0.14,35770,17.6470588235294,,,,,,0,50.3442841,30.4769898,
12:40:58.029,,,,,,,,,,,,,,,24,,,,,,,,,,,,,,,,,,,,,,,,,,,,,,,,,,,,,,,,,,,,,,,,,,,,,,,,,52,,,50.3442841,30.4769898,
12:40:58.078,,,,,,,,,,,,,,,,,,-42.828125,,,,,,,,,,,,,,,,,,,,,,,,,,,,,,,,,,,,,,,,,,,,,,,,,,,,,,,,,50.3442841,30.4769898,
12:40:58.113,,,,,,,,,,,,,,,,-2816,-0.171875,,,,,,,,,,,,,,,,,,,,,,,,,,,,,,,,,,,,,,,,,,,,,,,,,,,,,,,,,,50.3442841,30.4769898,
12:40:58.232,,,,,,,,,357.25,60,,3.715,,,,,,,,,,,,,,,,,,,,,,,,,,,,,,,,,,,,,,,,,,,,,,,,,,,,7.424,,,,,,,,,,,50.3442841,30.4769898,
12:40:58.293,-6.449999999999818,,-6.449999999999818,,,,,,,,,,3.706,,,,,,,,,,,,,,,,,,,,,,,,,,,,,,,,,,,,,,,,,,,,,,,,,,,7.421,,,,,,,,,,,50.3442841,30.4769898,
12:40:58.340,,-6,,,,,,,,,,,,,,,,,,,,,,,,,,,,,,,,,,,,,,,,,,,,,,,,,,,,,,,,,,,,,,,,,,,,,,,,,50.3442841,30.4769898,
12:40:58.460,,,,,,,,,,,,,,,,,,,,,,,,,,,,,,,,,,0.12,,,,0,0,,-0.05272952543467675,0.4597588550000002,0.459758,97.413383,6849.377262000001,0,-0.01,,,,,,9.548786058361024,,,,28,98,,0,,,,,119,0.12,,,,,,,0.144,,50.3442841,30.4769898,
12:40:58.557,,,,,,,,,,,,,,,,,,,,0,5.882352941176471,99,,,,,,,,,,5.882352941176471,,,,,,,,0,,,,,,,,,,,,,,0,,,,,,,,,,,,0.12,,17.6470588235294,99,,,,,,50.3442841,30.4769898,
12:40:58.653,,,,,,,,,,,,,,,,,,,,,,,10.819466850222621,10.81944,438.32088,1008.64102895,0.13524333562778276,0.135243,5.479011,12.922169,0,,5.882352941176471,,,0,0,,,,,,,,,,,29.416145911487167,29.416127614962654,5.624495147653378,30.048928515259288,0.18866195430191213,,,34,,,,35800,,12000,0,0,,119,0.12,35800,17.6470588235294,,,,,,0,50.3442841,30.4769898,
12:40:58.760,,,,,,,,,,,,,,,24,,,,,,,,,,,,,,,,,,,,,,,,,,,,,,,,,,,,,,,,,,,,,,,,,,,,,,,,,52,,,50.3442841,30.4769898,
12:40:58.798,,,,,,,,,,,,,,,,,,-45.671875,,,,,,,,,,,,,,,,,,,,,,,,,,,,,,,,,,,,,,,,,,,,,,,,,,,,,,,,,50.3442841,30.4769898,
12:40:58.833,,,,,,,,,,,,,,,,-2880,-0.1875,,,,,,,,,,,,,,,,,,,,,,,,,,,,,,,,,,,,,,,,,,,,,,,,,,,,,,,,,,50.3442841,30.4769898,
12:40:58.990,,,,,,,,,357.25,60,,3.715,,,,,,,,,,,,,,,,,,,,,,,,,,,,,,,,,,,,,,,,,,,,,,,,,,,,7.421,,,,,,,,,,,50.3442841,30.4769898,
12:40:59.038,-5.75,,-5.599999999999909,,,,,,,,,,3.707,,,,,,,,,,,,,,,,,,,,,,,,,,,,,,,,,,,,,,,,,,,,,,,,,,,7.422,,,,,,,,,,,50.3442841,30.4769898,
12:40:59.074,,-5.349999999999909,,,,,,,,,,,,,,,,,,,,,,,,,,,,,,,,,,,,,,,,,,,,,,,,,,,,,,,,,,,,,,,,,,,,,,,,,50.3442841,30.4769898,
12:40:59.182,,,,,,,,,,,,,,,,,,,,,,,,,,,,,,,,,,0.03,,,,0,0,,0,0.4597588550000002,0.459758,97.413383,6849.377262000001,0,-0.01,,,,,,9.50920113429974,,,,28,98,,0,,,,,119,0.03,,,,,,,0.036,,50.3442841,30.4769898,
12:40:59.244,,,,,,,,,,,,,,,,,,,,0,5.882352941176471,99,,,,,,,,,,5.882352941176471,,,,,,,,0,,,,,,,,,,,,,,0,,,,,,,,,,,,0.03,,17.6470588235294,99,,,,,,50.3442841,30.4769898,
12:40:59.330,,,,,,,,,,,,,,,,,,,,,,,10.819466850222621,10.81944,438.32088,1008.64102895,0.13524333562778276,0.135243,5.479011,12.922169,0,,5.882352941176471,,,0,0,,,,,,,,,,,29.416145911487167,29.416127614962654,5.624495147653378,29.865863471325163,0.18866195430191213,,,35,,,,35820,,12000,0,0,,120,0.03,35820,17.6470588235294,,,,,,0,50.3442841,30.4769898,
12:40:59.448,,,,,,,,,,,,,,,24,,,,,,,,,,,,,,,,,,,,,,,,,,,,,,,,,,,,,,,,,,,,,,,,,,,,,,,,,52,,,50.3442841,30.4769898,
12:40:59.486,,,,,,,,,,,,,,,,,,-41.375,,,,,,,,,,,,,,,,,,,,,,,,,,,,,,,,,,,,,,,,,,,,,,,,,,,,,,,,,50.3442841,30.4769898,
12:40:59.532,,,,,,,,,,,,,,,,-2656,-0.171875,,,,,,,,,,,,,,,,,,,,,,,,,,,,,,,,,,,,,,,,,,,,,,,,,,,,,,,,,,50.3442841,30.4769898,
12:40:59.774,,,,,,,,,357.25,60,,3.712,,,,,,,,,,,,,,,,,,,,,,,,,,,,,,,,,,,,,,,,,,,,,,,,,,,,7.419,,,,,,,,,,,50.3442841,30.4769898,
12:40:59.821,-6,,-5.75,,,,,,,,,,3.706,,,,,,,,,,,,,,,,,,,,,,,,,,,,,,,,,,,,,,,,,,,,,,,,,,,7.418,,,,,,,,,,,50.3442841,30.4769898,
12:40:59.870,,-5.599999999999909,,,,,,,,,,,,,,,,,,,,,,,,,,,,,,,,,,,,,,,,,,,,,,,,,,,,,,,,,,,,,,,,,,,,,,,,,50.3442841,30.4769898,
12:40:59.976,,,,,,,,,,,,,,,,,,,,,,,,,,,,,,,,,,,,,,,,,,,,,,,,,,,,,,,,57,,,,,,,,,120,,,,,,,,,,50.3442841,30.4769898,
12:41:00.049,,,,,,,,,,,,,,,,,,,,,,,,,,,,,,,,,,0.13,,,,0,0,,0,0.4597588550000002,0.459758,97.413383,6849.377262000001,0,-0.01,,,,,,9.462082341176325,,,,28,98,,0,,,,,120,0.13,,,,,,,0.156,,50.3442841,30.4769898,
12:41:00.121,,,,,,,,,,,,,,,,,,,,0,5.882352941176471,99,,,,,,,,,,5.882352941176471,,,,,,,,0,,,,,,,,,,,,,,0,,,,,,,,,,,,0.13,,17.6470588235294,99,,,,,,50.3442841,30.4769898,
12:41:00.205,,,,,,,,,,,,,,,,,,,,,,,10.819466850222621,10.81944,438.32088,1008.64102895,0.13524333562778276,0.135243,5.479011,12.922169,0,,5.882352941176471,,,0,0,,,,,,,,,,,29.416145911487167,29.416127614962654,5.624495147653378,29.72098101388753,0.18866195430191213,,,35,,,,35860,,12000,0,0,,120,0.13,35860,17.6470588235294,,,,,,0,50.3442841,30.4769898,
12:41:00.289,,,,,,,,,,,,,,,,,,,30,,,,,,,,,,,,,,,,,,,,,,,,,,,,,,,,,,,,,,,,,,,,,,,,,,,,,54,,,50.3442841,30.4769898,
12:41:00.397,,,,,,,,,,,,,,,24,,,,,,,,,,,,,,,,,,,,,,,,,,,,,,,,,,,,,,,,,,,,,,,,,,,,,,,,,54,,,50.3442841,30.4769898,
12:41:00.445,,,,,,,,,,,,,,,,,,-35.5625,,,,,,,,,,,,,,,,,,,,,,,,,,,,,,,,,,,,,,,,,,,,,,,,,,,,,,,,,50.3442841,30.4769898,
12:41:00.481,,,,,,,,,,,,,,,,-2336,-0.15625,,,,,,,,,,,,,,,,,,,,,,,,,,,,,,,,,,,,,,,,,,,,,,,,,,,,,,,,,,50.3442841,30.4769898,
12:41:00.589,,,,,,,,,357.09000000000003,60,,3.714,,,,,,,,,,,,,,,,,,,,,,,,,,,,,,,,,,,,,,,,,,,,,,,,,,,,7.42,,,,,,,,,,,50.3442841,30.4769898,
12:41:00.661,-5.699999999999818,,-5.7999999999999545,,,,,,,,,,3.707,,,,,,,,,,,,,,,,,,,,,,,,,,,,,,,,,,,,,,,,,,,,,,,,,,,7.421,,,,,,,,,,,50.3442841,30.4769898,
12:41:00.709,,-5.599999999999909,,,,,,,,,,,,,,,,,,,,,,,,,,,,,,,,,,,,,,,,,,,,,,,,,,,,,,,,,,,,,,,,,,,,,,,,,50.3442841,30.4769898,
12:41:00.840,,,,,,,,,,,,,,,,,,,,,,,,,,,,,,,,,,0.05,,,,0,0,,0,0.4597588550000002,0.459758,97.413383,6849.377262000001,0,-0.01,,,,,,9.41946663660266,,,,28,98,,0,,,,,120,0.05,,,,,,,0.06,,50.3442841,30.4769898,
12:41:00.914,,,,,,,,,,,,,,,,,,,,0,5.882352941176471,99,,,,,,,,,,5.882352941176471,,,,,,,,0,,,,,,,,,,,,,,0,,,,,,,,,,,,0.05,,17.6470588235294,99,,,,,,50.3442841,30.4769898,
12:41:01.034,,,,,,,,,,,,,,,,,,,,,,,10.819466850222621,10.81944,438.32088,1008.64102895,0.13524333562778276,0.135243,5.479011,12.922169,0,,5.882352941176471,,,0,0,,,,,,,,,,,29.416145911487167,29.416127614962654,5.624495147653378,29.612973809007865,0.18866195430191213,,,35,,,,35880,,12000,0,0,,120,0.05,35880,17.6470588235294,,,,,,0,50.3442841,30.4769898,
12:41:01.165,,,,,,,,,,,,,,,24,,,,,,,,,,,,,,,,,,,,,,,,,,,,,,,,,,,,,,,,,,,,,,,,,,,,,,,,,54,,,50.3442841,30.4769898,
12:41:01.214,,,,,,,,,,,,,,,,,,-32.96875,,,,,,,,,,,,,,,,,,,,,,,,,,,,,,,,,,,,,,,,,,,,,,,,,,,,,,,,,50.3442841,30.4769898,
12:41:01.260,,,,,,,,,,,,,,,,-2240,-0.140625,,,,,,,,,,,,,,,,,,,,,,,,,,,,,,,,,,,,,,,,,,,,,,,,,,,,,,,,,,50.3442841,30.4769898,
12:41:01.356,,,,19,,,,,,,,,,,,,,,,,,,,,,,,,,,,,,,,,,,,,,,,,,,,,,,,,,,,,,,,,,,,,,,,,,,92,,,,50.3442841,30.4769898,
12:41:01.465,,,,,,,,,355.48,60,,3.713,,,,,,,,,,,,,,,,,,,,,,,,,,,,,,,,,,,,,,,,,,,,,,,,,,,,7.42,,,,,,,,,,,50.3442841,30.4769898,
12:41:01.514,-5.699999999999818,,-5.7999999999999545,,,,,,,,,,3.706,,,,,,,,,,,,,,,,,,,,,,,,,,,,,,,,,,,,,,,,,,,,,,,,,,,7.419,,,,,,,,,,,50.3442841,30.4769898,
12:41:01.562,,-5.149999999999864,,,,,,,,,,,,,,,,,,,,,,,,,,,,,,,,,,,,,,,,,,,,,,,,,,,,,,,,,,,,,,,,,,,,,,,,,50.3442841,30.4769898,
12:41:01.669,,,,,,,,,,,,,,,,,,,,,,,,,,,,,,,,,,0.17,,,,0,0,,0,0.4597588550000002,0.459758,97.413383,6849.377262000001,0,-0.01,,,,,,9.375263813347123,,,,28,98,,0,,,,,120,0.17,,,,,,,0.20400000000000001,,50.3442841,30.4769898,
12:41:01.728,,,,,,,,,,,,,,,,,,,,0,5.882352941176471,99,,,,,,,,,,5.882352941176471,,,,,,,,0,,,,,,,,,,,,,,0,,,,,,,,,,,,0.17,,17.6470588235294,99,,,,,,50.3442841,30.4769898,
12:41:01.801,,,,,,,,,,,,,,,,,,,,,,,10.819466850222621,10.81944,438.32088,1008.64102895,0.13524333562778276,0.135243,5.479011,12.922169,0,,5.882352941176471,,,0,0,,,,,,,,,,,29.416145911487167,29.416127614962654,5.624495147653378,29.537321436890334,0.18866195430191213,,,35,,,,35910,,12000,0,0,,120,0.17,35910,17.6470588235294,,,,,,0,50.3442841,30.4769898,
12:41:01.933,,,,,,,,,,,,,,,24,,,,,,,,,,,,,,,,,,,,,,,,,,,,,,,,,,,,,,,,,,,,,,,,,,,,,,,,,54,,,50.3442841,30.4769898,
12:41:01.969,,,,,,,,,,,,,,,,,,-32.921875,,,,,,,,,,,,,,,,,,,,,,,,,,,,,,,,,,,,,,,,,,,,,,,,,,,,,,,,,50.3442841,30.4769898,
12:41:02.006,,,,,,,,,,,,,,,,-2336,-0.15625,,,,,,,,,,,,,,,,,,,,,,,,,,,,,,,,,,,,,,,,,,,,,,,,,,,,,,,,,,50.3442841,30.4769898,
12:41:02.125,,,,,,,,,355.32,60,,3.715,,,,,,,,,,,,,,,,,,,,,,,,,,,,,,,,,,,,,,,,,,,,,,,,,,,,7.421,,,,,,,,,,,50.3442841,30.4769898,
12:41:02.184,-5.25,,-5.199999999999818,,,,,,,,,,3.707,,,,,,,,,,,,,,,,,,,,,,,,,,,,,,,,,,,,,,,,,,,,,,,,,,,7.422,,,,,,,,,,,50.3442841,30.4769898,
12:41:02.233,,-4.949999999999818,,,,,,,,,,,,,,,,,,,,,,,,,,,,,,,,,,,,,,,,,,,,,,,,,,,,,,,,,,,,,,,,,,,,,,,,,50.3442841,30.4769898,
12:41:02.352,,,,,,,,,,,,,,,,,,,,,,,,,,,,,,,,,,0.02,,,,0,0,,0,0.4597588550000002,0.459758,97.413383,6849.377262000001,0,-0.01,,,,,,9.33911207642213,,,,28,98,,0,,,,,120,0.02,,,,,,,0.024,,50.3442841,30.4769898,
12:41:02.436,,,,,,,,,,,,,,,,,,,,0,5.882352941176471,99,,,,,,,,,,5.882352941176471,,,,,,,,2.3529411764705883,,,,,,,,,,,,,,0,,,,,,,,,,,,0.02,,17.6470588235294,99,,,,,,50.3442841,30.4769898,
12:41:02.508,,,,,,,,,,,,,,,,,,,,,,,10.819466850222621,10.81944,438.32088,1008.64102895,0.13524333562778276,0.135243,5.479011,12.922169,0,,5.882352941176471,,,0,0,,,,,,,,,,,29.416145911487167,29.416127614962654,5.624495147653378,29.48253891938352,0.18866195430191213,,,35,,,,35940,,12000,0,0,,120,0.02,35940,17.6470588235294,,,,,,0,50.3442841,30.4769898,
12:41:02.629,,,,,,,,,,,,,,,24,,,,,,,,,,,,,,,,,,,,,,,,,,,,,,,,,,,,,,,,,,,,,,,,,,,,,,,,,54,,,50.3442841,30.4769898,
12:41:02.666,,,,,,,,,,,,,,,,,,-114.125,,,,,,,,,,,,,,,,,,,,,,,,,,,,,,,,,,,,,,,,,,,,,,,,,,,,,,,,,50.3442841,30.4769898,
12:41:02.713,,,,,,,,,,,,,,,,-7040,-0.4375,,,,,,,,,,,,,,,,,,,,,,,,,,,,,,,,,,,,,,,,,,,,,,,,,,,,,,,,,,50.3442841,30.4769898,
12:41:02.832,,,,,,18,18,19,,,,,,,,,,,,,,,,,,,,,,,,,,,,,,,,,,,,,,,,,,,,,,,,,,,,,,,,,,,,,,,92,,,,50.3442841,30.4769898,
12:41:02.893,,,,,18,,,,,,86.6758781031239,,,86.6758781031239,,,,,,,,,,,,,,,,,,,,,,,,,,,,,,,,,,,,,,,,,,,,,,,,,,,,,,,,127.5,92,,,,50.3442841,30.4769898,
12:41:02.941,,,,,,,,,356.29,60,,3.702,,,,,,,,,,,,,,,,,,,,,,,,,,,,,,,,,,,,,,,,,,,,,,,,,,,,7.409,,,,,,,,,,,50.3442841,30.4769898,
12:41:03.013,-12.599999999999909,,-12.699999999999818,,,,,,,,,,3.695,,,,,,,,,,,,,,,,,,,,,,,,,,,,,,,,,,,,,,,,,,,,,,,,,,,7.397,,,,,,,,,,,50.3442841,30.4769898,
12:41:03.049,,-12.199999999999818,,,,,,,,,,,,,,,,,,,,,,,,,,,,,,,,,,,,,,,,,,,,,,,,,,,,,,,,,,,,,,,,,,,,,,,,,50.3442841,30.4769898,
12:41:03.265,,,,,,,,,,,,,,,,,,,,,,,,,,,,,,,,,,0.08,,,,0,0,,0,0.4597588550000002,0.459758,97.413383,6849.377262000001,0,-0.01,,,,,,9.291274068708633,,,,28,98,,0,,,,,120,0.08,,,,,,,0.096,,50.3442841,30.4769898,
12:41:03.349,,,,,,,,,,,,,,,,,,,,0,5.882352941176471,99,,,,,,,,,,5.882352941176471,,,,,,,,22.352941176470587,,,,,,,,,,,,,,0,,,,,,,,,,,,0.08,,17.6470588235294,99,,,,,,50.3442841,30.4769898,
12:41:03.422,,,,,,,,,,,,,,,,,,,,,,,10.819466850222621,10.81944,438.32088,1008.64102895,0.13524333562778276,0.135243,5.479011,12.922169,0,,5.882352941176471,,,0,0,,,,,,,,,,,29.416145911487167,29.416127614962654,5.624495147653378,29.443365381053905,0.18866195430191213,,,35,,,,35970,,12000,0,0,,120,0.08,35970,17.6470588235294,,,,,,0,50.3442841,30.4769898,
12:41:03.568,,,,,,,,,,,,,,,24,,,,,,,,,,,,,,,,,,,,,,,,,,,,,,,,,,,,,,,,,,,,,,,,,,,,,,,,,54,,,50.3442841,30.4769898,
12:41:03.604,,,,,,,,,,,,,,,,,,-85.578125,,,,,,,,,,,,,,,,,,,,,,,,,,,,,,,,,,,,,,,,,,,,,,,,,,,,,,,,,50.3442841,30.4769898,
12:41:03.653,,,,,,,,,,,,,,,,-5440,-0.34375,,,,,,,,,,,,,,,,,,,,,,,,,,,,,,,,,,,,,,,,,,,,,,,,,,,,,,,,,,50.3442841,30.4769898,
12:41:03.773,,,,,,,,,355.81,60,,3.699,,,,,,,,,,,,,,,,,,,,,,,,,,,,,,,,,,,,,,,,,,,,,,,,,,,,7.394,,,,,,,,,,,50.3442841,30.4769898,
12:41:03.832,-14.25,,-14.049999999999955,,,,,,,,,,3.691,,,,,,,,,,,,,,,,,,,,,,,,,,,,,,,,,,,,,,,,,,,,,,,,,,,7.39,,,,,,,,,,,50.3442841,30.4769898,
12:41:03.869,,-14.75,,,,,,,,,,,,,,,,,,,,,,,,,,,,,,,,,,,,,,,,,,,,,,,,,,,,,,,,,,,,,,,,,,,,,,,,,50.3442841,30.4769898,
12:41:03.988,,,,,,,,,,,,,,,,,,,,,,,,,,,,,,,,,,,,,,,,,,,,,,,,,,,,,,,,57,,,,,,,,,120,,,,,,,,,,50.3442841,30.4769898,
12:41:04.072,,,,,,,,,,,,,,,,,,,,,,,,,,,,,,,,,,0.05,0,,,0,0,,0.02629319335401998,0.46043168325000017,0.460431,97.414056,6849.377935000001,0,-0.01,,,,,,9.262888160907188,,,,28,98,,3,,,,,120,0.05,,,,,,,0.06,,50.3442841,30.4769898,
12:41:04.133,,,,,,,,,,,,,,,,,,,,0,5.882352941176471,99,,,,,,,,,,5.882352941176471,,,,,,,,32.549019607843135,,,,,,,,,,,,,,0,,,,,,,,,,,,0.05,,17.6470588235294,99,,,,,,50.3442841,30.4769898,
12:41:04.237,,,,,,,,,,,,,,,,,,,,,,,10.819466850222621,10.81944,438.32088,1008.64102895,0.13524333562778276,0.135243,5.479011,12.922169,0,,5.882352941176471,,,0,0,,,,,,,,,,,29.373160133802045,29.373130827420397,5.624456289962919,29.41994263139287,0.18866193576453594,,,35,,,,36000,,12000,0,0,,120,0.05,36000,17.6470588235294,,,,,,0,50.3442841,30.4769898,
12:41:04.356,,,,,,,,,,,,,,,24,,,,,,,,,,,,,,,,,,,,,,,,,,,,,,,,,,,,,,,,,,,,,,,,,,,,,,,,,54,,,50.3442841,30.4769898,
12:41:04.394,,,,,,,,,,,,,,,,,,-176.4375,,,,,,,,,,,,,,,,,,,,,,,,,,,,,,,,,,,,,,,,,,,,,,,,,,,,,,,,,50.3442841,30.4769898,
12:41:04.429,,,,,,,,,,,,,,,,-11424,-0.703125,,,,,,,,,,,,,,,,,,,,,,,,,,,,,,,,,,,,,,,,,,,,,,,,,,,,,,,,,,50.3442841,30.4769898,
12:41:04.538,,,,,,,,,350.98,60,,3.665,,,,,,,,,,,,,,,,,,,,,,,,,,,,,,,,,,,,,,,,,,,,,,,,,,,,7.356,,,,,,,,,,,50.3442841,30.4769898,
12:41:04.597,-23.399999999999864,,-22.899999999999864,,,,,,,,,,3.673,,,,,,,,,,,,,,,,,,,,,,,,,,,,,,,,,,,,,,,,,,,,,,,,,,,7.338,,,,,,,,,,,50.3442841,30.4769898,
12:41:04.645,,-17.09999999999991,,,,,,,,,,,,,,,,,,,,,,,,,,,,,,,,,,,,,,,,,,,,,,,,,,,,,,,,,,,,,,,,,,,,,,,,,50.3442841,30.4769898,
12:41:04.777,,,,,,,,,,,,,,,,,,,,,,,,,,,,,,,,,,0,0,,,0,0,,0.05467202491054874,0.46160733291666683,0.461607,97.415232,6849.379111000001,0,-0.01,,,,,,9.250076616287558,,,,28,98,,6,,,,,120,0,,,,,,,0,,50.3442841,30.4769898,
12:41:04.842,,,,,,,,,,,,,,,,,,,,0,5.882352941176471,99,,,,,,,,,,5.882352941176471,,,,,,,,0,,,,,,,,,,,,,,0,,,,,,,,,,,,0,,17.6470588235294,99,,,,,,50.3442841,30.4769898,
12:41:04.914,,,,,,,,,,,,,,,,,,,,,,,10.819466850222621,10.81944,438.32088,1008.64102895,0.13524333562778276,0.135243,5.479011,12.922169,0,,5.882352941176471,,,0,0,,,,,,,,,,,29.298350780791864,29.29829920256842,5.62438839133494,29.403778149304056,0.1886619033723391,,,35,,,,36030,,12000,0,0,,120,0,36030,17.6470588235294,,,,,,0,50.3442841,30.4769898,
12:41:05.032,,,,,,,,,,,,,,,24,,,,,,,,,,,,,,,,,,,,,,,,,,,,,,,,,,,,,,,,,,,,,,,,,,,,,,,,,54,,,50.3442841,30.4769898,
12:41:05.068,,,,,,,,,,,,,,,,,,-7.78125,,,,,,,,,,,,,,,,,,,,,,,,,,,,,,,,,,,,,,,,,,,,,,,,,,,,,,,,,50.3442841,30.4769898,
12:41:05.105,,,,,,,,,,,,,,,,-608,-0.046875,,,,,,,,,,,,,,,,,,,,,,,,,,,,,,,,,,,,,,,,,,,,,,,,,,,,,,,,,,50.3442841,30.4769898,
12:41:05.225,,,,,,,,,356.45,60,,3.708,,,,,,,,,,,,,,,,,,,,,,,,,,,,,,,,,,,,,,,,,,,,,,,,,,,,7.381,,,,,,,,,,,50.3442841,30.4769898,
12:41:05.322,-5.149999999999864,,-5.199999999999818,,,,,,,,,,3.699,,,,,,,,,,,,,,,,,,,,,,,,,,,,,,,,,,,,,,,,,,,,,,,,,,,7.407,,,,,,,,,,,50.3442841,30.4769898,
12:41:05.357,,-4.699999999999818,,,,,,,,,,,,,,,,,,,,,,,,,,,,,,,,,,,,,,,,,,,,,,,,,,,,,,,,,,,,,,,,,,,,,,,,,50.3442841,30.4769898,
12:41:05.502,,,,,,,,,,,,,,,,,,,,,,,,,,,,,,,,,,0.09,0,,,0,0,,0.05395679650464192,0.4628151527500002,0.462815,97.41644000000001,6849.380319000001,0,-0.01,,,,,,9.237018853763843,,,,28,98,,6,,,,,120,0.09,,,,,,,0.108,,50.3442841,30.4769898,
12:41:05.562,,,,,,,,,,,,,,,,,,,,0,5.882352941176471,99,,,,,,,,,,5.882352941176471,,,,,,,,0,,,,,,,,,,,,,,0,,,,,,,,,,,,0.09,,17.6470588235294,99,,,,,,50.3442841,30.4769898,
12:41:05.656,,,,,,,,,,,,,,,,,,,,,,,10.819466850222621,10.81944,438.32088,1008.64102895,0.13524333562778276,0.135243,5.479011,12.922169,0,,5.882352941176471,,,0,0,,,,,,,,,,,29.221890170229024,29.221827296003806,5.624318646832095,29.388835399976507,0.18866187009873353,,,35,,,,36060,,12000,0,0,,120,0.09,36060,17.6470588235294,,,,,,0,50.3442841,30.4769898,
12:41:05.788,,,,,,,,,,,,,,,24,,,,,,,,,,,,,,,,,,,,,,,,,,,,,,,,,,,,,,,,,,,,,,,,,,,,,,,,,54,,,50.3442841,30.4769898,
12:41:05.824,,,,,,,,,,,,,,,,,,-9.484375,,,,,,,,,,,,,,,,,,,,,,,,,,,,,,,,,,,,,,,,,,,,,,,,,,,,,,,,,50.3442841,30.4769898,
12:41:05.861,,,,,,,,,,,,,,,,-736,-0.046875,,,,,,,,,,,,,,,,,,,,,,,,,,,,,,,,,,,,,,,,,,,,,,,,,,,,,,,,,,50.3442841,30.4769898,
12:41:06.006,,,,,,,,,356.45,59.5,,3.708,,,,,,,,,,,,,,,,,,,,,,,,,,,,,,,,,,,,,,,,,,,,,,,,,,,,7.407,,,,,,,,,,,50.3442841,30.4769898,
12:41:06.077,-5.7999999999999545,,-5.899999999999864,,,,,,,,,,3.699,,,,,,,,,,,,,,,,,,,,,,,,,,,,,,,,,,,,,,,,,,,,,,,,,,,7.407,,,,,,,,,,,50.3442841,30.4769898,
12:41:06.174,,-5.349999999999909,,,,,,,,,,,,,,,,,,,,,,,,,,,,,,,,,,,,,,,,,,,,,,,,,,,,,,,,,,,,,,,,,,,,,,,,,50.3442841,30.4769898,
12:41:06.330,,,,,,,,,,,,,,,,,,,,,,,,,,,,,,,,,,0.18,0,,,0,0,,,0.46350520166666687,0.463505,97.41713,6849.381009000001,0,-0.01,,,,,,9.208517153428947,,,,28,98,,3,,,,,120,0.18,,,,,,,0.216,,50.3442841,30.4769898,
12:41:06.405,,,,,,,,,,,,,,,,,,,,0,5.882352941176471,99,,,,,,,,,,5.882352941176471,,,,,,,,0,,,,,,,,,,,,,,0,,,,,,,,,,,,0.18,,17.6470588235294,99,,,,,,50.3442841,30.4769898,
12:41:06.477,,,,,,,,,,,,,,,,,,,,,,,10.819466850222621,10.81944,438.32088,1008.64102895,0.13524333562778276,0.135243,5.479011,12.922169,0,,5.882352941176471,,,0,0,,,,,,,,,,,29.17838573148182,29.178326015900584,5.624278810102495,29.37054615536071,0.1886618510931197,,,35,,,,36090,,12000,0,0,,120,0.18,36090,17.6470588235294,,,,,,0,50.3442841,30.4769898,
12:41:06.584,,,,,,,,,,,,,,,,,,,31,,,,,,,,,,,,,,,,,,,,,,,,,,,,,,,,,,,,,,,,,,,,,,,,,,,,,55,,,50.3442841,30.4769898,
12:41:06.681,,,,,,,,,,,,,,,24,,,,,,,,,,,,,,,,,,,,,,,,,,,,,,,,,,,,,,,,,,,,,,,,,,,,,,,,,55,,,50.3442841,30.4769898,
12:41:06.718,,,,,,,,,,,,,,,,,,25.3125,,,,,,,,,,,,,,,,,,,,,,,,,,,,,,,,,,,,,,,,,,,,,,,,,,,,,,,,,50.3442841,30.4769898,
12:41:06.754,,,,,,,,,,,,,,,,2048,0.125,,,,,,,,,,,,,,,,,,,,,,,,,,,,,,,,,,,,,,,,,,,,,,,,,,,,,,,,,,50.3442841,30.4769898,
12:41:06.886,,,,,,,,,354.84000000000003,59.5,,3.705,,,,,,,,,,,,,,,,,,,,,,,,,,,,,,,,,,,,,,,,,,,,,,,,,,,,7.404,,,,,,,,,,,50.3442841,30.4769898,
12:41:06.945,-9.199999999999818,,-9.549999999999955,,,,,,,,,,3.696,,,,,,,,,,,,,,,,,,,,,,,,,,,,,,,,,,,,,,,,,,,,,,,,,,,7.401,,,,,,,,,,,50.3442841,30.4769898,
12:41:06.981,,-12.649999999999864,,,,,,,,,,,,,,,,,,,,,,,,,,,,,,,,,,,,,,,,,,,,,,,,,,,,,,,,,,,,,,,,,,,,,,,,,50.3442841,30.4769898,
12:41:07.116,,,,,,,,,,,,,,,,,,,,,,,,,,,,,,,,,,0,,,,0,0,,-0.027913555149358556,0.46350520166666687,0.463505,97.41713,6849.381009000001,0,-0.01,,,,,,9.168743280925423,,,,28,98,,0,,,,,120,0,,,,,,,0,,50.3442841,30.4769898,
12:41:07.177,,,,,,,,,,,,,,,,,,,,0,5.882352941176471,99,,,,,,,,,,5.882352941176471,,,,,,,,23.137254901960784,,,,,,,,,,,,,,0,,,,,,,,,,,,0,,17.6470588235294,99,,,,,,50.3442841,30.4769898,
12:41:07.261,,,,,,,,,,,,,,,,,,,,,,,10.819466850222621,10.81944,438.32088,1008.64102895,0.13524333562778276,0.135243,5.479011,12.922169,0,,5.882352941176471,,,0,0,,,,,,,,,,,29.17838573148182,29.178326015900584,5.624278810102495,29.352256910744913,0.1886618510931197,,,35,,,,36110,,12000,0,0,,120,0,36110,17.6470588235294,,,,,,0,50.3442841,30.4769898,
12:41:07.394,,,,,,,,,,,,,,,24,,,,,,,,,,,,,,,,,,,,,,,,,,,,,,,,,,,,,,,,,,,,,,,,,,,,,,,,,55,,,50.3442841,30.4769898,
12:41:07.441,,,,,,,,,,,,,,,,,,221.09375,,,,,,,,,,,,,,,,,,,,,,,,,,,,,,,,,,,,,,,,,,,,,,,,,,,,,,,,,50.3442841,30.4769898,
12:41:07.477,,,,,,,,,,,,,,,,14048,0.84375,,,,,,,,,,,,,,,,,,,,,,,,,,,,,,,,,,,,,,,,,,,,,,,,,,,,,,,,,,50.3442841,30.4769898,
12:41:07.585,,,,,,,,,350.65000000000003,59.5,,3.652,,,,,,,,,,,,,,,,,,,,,,,,,,,,,,,,,,,,,,,,,,,,,,,,,,,,7.348,,,,,,,,,,,50.3442841,30.4769898,
12:41:07.646,-45.549999999999955,,-1600,,,,,,,,,,3.642,,,,,,,,,,,,,,,,,,,,,,,,,,,,,,,,,,,,,,,,,,,,,,,,,,,7.294,,,,,,,,,,,50.3442841,30.4769898,
12:41:07.694,,-47.44999999999982,,,,,,,,,,,,,,,,,,,,,,,,,,,,,,,,,,,,,,,,,,,,,,,,,,,,,,,,,,,,,,,,,,,,,,,,,50.3442841,30.4769898,
12:41:07.790,,,,,,,,,,,,,,,,,,,,,,,,,,,,,,,,,,,,,,,,,,,,,,,,,,,,,,,,57,,,,,,,,,120,,,,,,,,,,50.3442841,30.4769898,
12:41:07.885,,,,,,,,,,,,,,,,,,,,,,,,,,,,,,,,,,0.21,0,,,0,0,,,0.46457363527777795,0.464573,97.418198,6849.382077000001,0,-0.01,,,,,,9.15119615497505,,,,28,98,,5,,,,,120,0.21,,,,,,,0.252,,50.3442841,30.4769898,
12:41:07.949,,,,,,,,,,,,,,,,,,,,0,5.882352941176471,99,,,,,,,,,,5.882352941176471,,,,,,,,27.058823529411764,,,,,,,,,,,,,,0,,,,,,,,,,,,0.21,,17.6470588235294,99,,,,,,50.3442841,30.4769898,
12:41:08.021,,,,,,,,,,,,,,,,,,,,,,,10.819466850222621,10.81944,438.32088,1008.64102895,0.13524333562778276,0.135243,5.479011,12.922169,0,,5.882352941176471,,,0,0,,,,,,,,,,,29.111280829984686,29.111248393686246,5.624217150885916,29.328805750629336,0.18866182167574239,,,35,,,,36140,,12000,0,0,,120,0.21,36140,17.6470588235294,,,,,,0,50.3442841,30.4769898,
12:41:08.141,,,,,,,,,,,,,,,24,,,,,,,,,,,,,,,,,,,,,,,,,,,,,,,,,,,,,,,,,,,,,,,,,,,,,,,,,55,,,50.3442841,30.4769898,
12:41:08.177,,,,,,,,,,,,,,,,,,185.671875,,,,,,,,,,,,,,,,,,,,,,,,,,,,,,,,,,,,,,,,,,,,,,,,,,,,,,,,,50.3442841,30.4769898,
12:41:08.202,,,,,,,,,,,,,,,,12064,0.734375,,,,,,,,,,,,,,,,,,,,,,,,,,,,,,,,,,,,,,,,,,,,,,,,,,,,,,,,,,50.3442841,30.4769898,
12:41:08.309,,,,,,,,,346.79,59.5,,3.626,,,,,,,,,,,,,,,,,,,,,,,,,,,,,,,,,,,,,,,,,,,,,,,,,,,,7.268,,,,,,,,,,,50.3442841,30.4769898,
12:41:08.382,-56.44999999999982,,-1600,,,,,,,,,,3.616,,,,,,,,,,,,,,,,,,,,,,,,,,,,,,,,,,,,,,,,,,,,,,,,,,,7.242,,,,,,,,,,,50.3442841,30.4769898,
12:41:08.428,,-57.299999999999955,,,,,,,,,,,,,,,,,,,,,,,,,,,,,,,,,,,,,,,,,,,,,,,,,,,,,,,,,,,,,,,,,,,,,,,,,50.3442841,30.4769898,
12:41:08.572,,,,,,,,,,,,,,,,,,,,,,,,,,,,,,,,,,0.16,0,,,0,0,,,0.46667275641666683,0.466672,97.420297,6849.3841760000005,0,-0.01,,,,,,9.158119715941885,,,,28,98,,11,,,,,120,0.16,,,,,,,0.192,,50.3442841,30.4769898,
12:41:08.622,,,,,,,,,,,,,,,,,,,,0,5.882352941176471,99,,,,,,,,,,5.882352941176471,,,,,,,,28.235294117647058,,,,,,,,,,,,,,0,,,,,,,,,,,,0.16,,17.6470588235294,99,,,,,,50.3442841,30.4769898,
12:41:08.693,,,,,,,,,,,,,,,,,,,,,,,10.819466850222621,10.81944,438.32088,1008.64102895,0.13524333562778276,0.135243,5.479011,12.922169,0,,5.882352941176471,,,0,0,,,,,,,,,,,28.980336599514565,28.980311653581104,5.624095972526136,29.295281957400675,0.18866176386015585,,,35,,,,36170,,12000,0,0,,120,0.16,36170,17.6470588235294,,,,,,0,50.3442841,30.4769898,
12:41:08.861,,,,,,,,,,,,,,,24,,,,,,,,,,,,,,,,,,,,,,,,,,,,,,,,,,,,,,,,,,,,,,,,,,,,,,,,,55,,,50.3442841,30.4769898,
12:41:08.908,,,,,,,,,,,,,,,,,,201.09375,,,,,,,,,,,,,,,,,,,,,,,,,,,,,,,,,,,,,,,,,,,,,,,,,,,,,,,,,50.3442841,30.4769898,
12:41:08.956,,,,,,,,,,,,,,,,12896,0.78125,,,,,,,,,,,,,,,,,,,,,,,,,,,,,,,,,,,,,,,,,,,,,,,,,,,,,,,,,,50.3442841,30.4769898,
12:41:09.053,,,,19,,,,,,,,,,,,,,,,,,,,,,,,,,,,,,,,,,,,,,,,,,,,,,,,,,,,,,,,,,,,,,,,,,,92,,,,50.3442841,30.4769898,
12:41:09.178,,,,,18,,,,,,86.6758781031239,,,86.6758781031239,,,,,,,,,,,,,,,,,,,,,,,,,,,,,,,,,,,,,,,,,,,,,,,,,,,,,,,,127.5,92,,,,50.3442841,30.4769898,
12:41:09.254,,,,,,,,,341.48,59,,3.577,,,,,,,,,,,,,,,,,,,,,,,,,,,,,,,,,,,,,,,,,,,,,,,,,,,,7.193,,,,,,,,,,,50.3442841,30.4769898,
12:41:09.312,-86.34999999999991,,-1600,,,,,,,,,,3.559,,,,,,,,,,,,,,,,,,,,,,,,,,,,,,,,,,,,,,,,,,,,,,,,,,,7.136,,,,,,,,,,,50.3442841,30.4769898,
12:41:09.444,,-93.84999999999991,,,,,,,,,,,,,,,,,,,,,,,,,,,,,,,,,,,,,,,,,,,,,,,,,,,,,,,,,,,,,,,,,,,,,,,,,50.3442841,30.4769898,
12:41:09.636,,,,,,,,,,,,,,,,,,,,,,,,,,,,,,,,,,0.47000000000000003,0,,,0,0,,,0.4717007973055557,0.4717,97.425325,6849.389204000001,0,-0.03,,,,,,9.203373041791496,,,,28,96,,17,,,,,120,0.47,,,,,,,0.5640000000000001,,50.3442841,30.4769898,
12:41:09.709,,,,,,,,,,,,,,,,,,,,80.7843137254902,2.7450980392156863,99,,,,,,,,,,1.1764705882352942,,,,,,,,47.84313725490196,,,,,,,,,,,,,,0,,,,,,,,,,,,0.47,,12.9411764705882,99,,,,,,50.3442841,30.4769898,
12:41:09.977,,,,,,,,,,,,,,,,,,,,,,,10.819466850222621,10.81944,438.32088,1008.64102895,0.13524333562778276,0.135243,5.479011,12.922169,0,,3.5294117647058822,,,0,0,,,,,,,,,,,28.671424004436354,28.671401314394743,5.623805719919334,29.237995656858303,0.18866162536731793,,,35,,,,36220,,34570,0,0,,120,0.47,36220,7.45098039215686,,,,,,0,50.3442841,30.4769898,
12:41:10.098,,,,,,,,,,,,,,,24,,,,,,,,,,,,,,,,,,,,,,,,,,,,,,,,,,,,,,,,,,,,,,,,,,,,,,,,,55,,,50.3442841,30.4769898,
12:41:10.134,,,,,,,,,,,,,,,,,,233.25,,,,,,,,,,,,,,,,,,,,,,,,,,,,,,,,,,,,,,,,,,,,,,,,,,,,,,,,,50.3442841,30.4769898,
12:41:10.170,,,,,,,,,,,,,,,,14944,0.90625,,,,,,,,,,,,,,,,,,,,,,,,,,,,,,,,,,,,,,,,,,,,,,,,,,,,,,,,,,50.3442841,30.4769898,
12:41:10.276,,,,,,,,,335.36,58.5,,3.483,,,,,,,,,,,,,,,,,,,,,,,,,,,,,,,,,,,,,,,,,,,,,,,,,,,,7.042,,,,,,,,,,,50.3442841,30.4769898,
12:41:10.337,-94.25,,-1600,,,,,,,,,,3.504,,,,,,,,,,,,,,,,,,,,,,,,,,,,,,,,,,,,,,,,,,,,,,,,,,,6.987,,,,,,,,,,,50.3442841,30.4769898,
12:41:10.374,,-92.94999999999982,,,,,,,,,,,,,,,,,,,,,,,,,,,,,,,,,,,,,,,,,,,,,,,,,,,,,,,,,,,,,,,,,,,,,,,,,50.3442841,30.4769898,
12:41:10.518,,,,,,,,,,,,,,,,,,,,,,,,,,,,,,,,,,23.7,0,,,2021,2,,0.19983911080592442,0.4775811833055557,0.47758,97.431205,6849.395084000001,44.705882352941174,-0.07,,,,,,9.273772047831548,,,,28,92,,24,,,,,120,23.7,,,,,,,28.439999999999998,,50.3442841,30.4769898,
12:41:10.605,,,,,,,,,,,,,,,,,,,,78.82352941176471,90.19607843137256,99,,,,,,,,,,87.45098039215686,,,,,,,,43.13725490196079,,,,,,,,,,,,,,18.42832692,,,,,,,,,,,,42.12832692,,93.7254901960785,99,,,,,,50.3442841,30.4769898,
12:41:10.736,,,,,,,,,,,,,,,,,,,,,,,10.903028340467785,10.903039999999999,438.40448,1008.72462895,0.1362878542558473,0.136288,5.480056,12.923214000000002,4.950000073760748,,88.62745098039215,,,4.950000073760748,19.36537990341983,,,,,,,,,,,28.537107201866146,28.537208425813475,5.624538873351716,29.17037729457977,0.18867672022874366,,,35,,,,35170,,35000,99.6078431372549,99.6078431372549,,120,47.0783269937608,35170,266.274509803921,,,,,,99.6078431372549,50.3442841,30.4769898,
12:41:10.857,,,,,,,,,,,,,,,24,,,,,,,,,,,,,,,,,,,,,,,,,,,,,,,,,,,,,,,,,,,,,,,,,,,,,,,,,55,,,50.3442841,30.4769898,
12:41:10.905,,,,,,,,,,,,,,,,,,179.296875,,,,,,,,,,,,,,,,,,,,,,,,,,,,,,,,,,,,,,,,,,,,,,,,,,,,,,,,,50.3442841,30.4769898,
12:41:10.941,,,,,,,,,,,,,,,,11456,0.6875,,,,,,,,,,,,,,,,,,,,,,,,,,,,,,,,,,,,,,,,,,,,,,,,,,,,,,,,,,50.3442841,30.4769898,
12:41:11.049,,,,,,18,18,19,,,,,,,,,,,,,,,,,,,,,,,,,,,,,,,,,,,,,,,,,,,,,,,,,,,,,,,,,,,,,,,92,,,,50.3442841,30.4769898,
12:41:11.108,,,,,,,,,346.47,58,,3.624,,,,,,,,,,,,,,,,,,,,,,,,,,,,,,,,,,,,,,,,,,,,,,,,,,,,7.128,,,,,,,,,,,50.3442841,30.4769898,
12:41:11.181,-21,,-25.09999999999991,,,,,,,,,,3.61,,,,,,,,,,,,,,,,,,,,,,,,,,,,,,,,,,,,,,,,,,,,,,,,,,,7.234,,,,,,,,,,,50.3442841,30.4769898,
12:41:11.228,,-11.149999999999864,,,,,,,,,,,,,,,,,,,,,,,,,,,,,,,,,,,,,,,,,,,,,,,,,,,,,,,,,,,,,,,,,,,,,,,,,50.3442841,30.4769898,
12:41:11.385,,,,,,,,,,,,,,,,,,,,,,,,,,,,,,,,,,31.54,16.50000024586916,,,2016,2,,0.2023356524916242,0.48480210330555573,0.484801,97.438426,6849.4023050000005,64.31372549019608,0.23,,,,,,9.370193936370269,,,,28,122,,30,,,,,120,54.9183269937608,,,,,,,37.848,,50.3442841,30.4769898,
12:41:11.450,,,,,,,,,,,,,,,,,,,,105.09803921568627,90.19607843137256,99,,,,,,,,,,87.45098039215686,,,,,,,,30.58823529411765,,,,,,,,,,,,,,15.629539560000001,,,,,,,,,,,,52.1195396337608,,266.274509803921,99,,,,,,50.3442841,30.4769898,
12:41:11.510,,,,,,,,,,,,,,,,,,,,,,,10.98811744473571,10.98816,438.4896,1008.80974895,0.13735146805919637,0.137352,5.48112,12.924278000000001,4.950000073760748,,88.62745098039215,,,4.950000073760748,19.36537990341983,,,,,,,,,,,28.331450528511425,28.33162472849685,5.6252140197749085,29.086939188197018,0.18869205551797413,,,35,,,,35090,,35000,0,0,,120,52.1195396337608,35289.2156862744,266.274509803921,,,,,,11.372549019607844,50.3442841,30.4769898,
12:41:11.634,,,,,,,,,,,,,,,24,,,,,,,,,,,,,,,,,,,,,,,,,,,,,,,,,,,,,,,,,,,,,,,,,,,,,,,,,55,,,50.3442841,30.4769898,
12:41:11.670,,,,,,,,,,,,,,,,,,103.765625,,,,,,,,,,,,,,,,,,,,,,,,,,,,,,,,,,,,,,,,,,,,,,,,,,,,,,,,,50.3442841,30.4769898,
12:41:11.740,,,,,,,,,,,,,,,,6624,0.390625,,,,,,,,,,,,,,,,,,,,,,,,,,,,,,,,,,,,,,,,,,,,,,,,,,,,,,,,,,50.3442841,30.4769898,
12:41:11.861,,,,,,,,,352.1,58,,3.671,,,,,,,,,,,,,,,,,,,,,,,,,,,,,,,,,,,,,,,,,,,,,,,,,,,,7.281,,,,,,,,,,,50.3442841,30.4769898,
12:41:11.921,-4.449999999999818,,-4.149999999999864,,,,,,,,,,3.661,,,,,,,,,,,,,,,,,,,,,,,,,,,,,,,,,,,,,,,,,,,,,,,,,,,7.332,,,,,,,,,,,50.3442841,30.4769898,
12:41:11.981,,-0.25,,,,,,,,,,,,,,,,,,,,,,,,,,,,,,,,,,,,,,,,,,,,,,,,,,,,,,,,,,,,,,,,,,,,,,,,,50.3442841,30.4769898,
12:41:12.210,,,,,,,,,,,,,,,,,,,,,,,,,,,,,,,,,,,,,,,,,,,,,,,,,,,,,,,,57,,,,,,,,,120,,,,,,,,,,50.3442841,30.4769898,
12:41:12.282,,,,,,,,,,,,,,,,,,,,,,,,,,,,,,,,,,23.32,14.558823746355142,,,1989,2,,0.17560854804841527,0.49328104786111127,0.49328,97.446905,6849.410784000001,49.80392156862745,-0.04,,,,,,9.488340116445261,,,,28,95,,34,,,,,120,43.8995396337608,,,,,,,27.983999999999998,,50.3442841,30.4769898,
12:41:12.346,,,,,,,,,,,,,,,,,,,,83.52941176470588,25.88235294117647,99,,,,,,,,,,23.137254901960784,,,,,,,,20.392156862745097,,,,,,,,,,,,,,14.798565840000002,,,,,,,,,,,,43.0685659137608,,201.960784313725,99,,,,,,50.3442841,30.4769898,
12:41:12.409,,,,,,,,,,,,,,,,,,,,,,,11.203042651827232,11.20312,438.70456,1009.02470895,0.1400380331478404,0.140039,5.483807,12.926965000000001,10.750000160187483,,25.49019607843137,,,10.750000160187483,42.056128073083464,,,,,,,,,,,28.38909659210537,28.38935290301654,5.627481960560984,29.007935394398423,0.18873105158471393,,,35,,,,34860,,35000,0,0,,120,48.8685660001875,34871.3725490196,74.5098039215686,,,,,,0,50.3442841,30.4769898,
12:41:12.542,,,,,,,,,,,,,,,24,,,,,,,,,,,,,,,,,,,,,,,,,,,,,,,,,,,,,,,,,,,,,,,,,,,,,,,,,55,,,50.3442841,30.4769898,
12:41:12.590,,,,,,,,,,,,,,,,,,76.859375,,,,,,,,,,,,,,,,,,,,,,,,,,,,,,,,,,,,,,,,,,,,,,,,,,,,,,,,,50.3442841,30.4769898,
12:41:12.625,,,,,,,,,,,,,,,,4736,0.28125,,,,,,,,,,,,,,,,,,,,,,,,,,,,,,,,,,,,,,,,,,,,,,,,,,,,,,,,,,50.3442841,30.4769898,
12:41:12.721,,,,,,,,,351.62,58,,3.677,,,,,,,,,,,,,,,,,,,,,,,,,,,,,,,,,,,,,,,,,,,,,,,,,,,,7.338,,,,,,,,,,,50.3442841,30.4769898,
12:41:12.793,-8.399999999999864,,-9.299999999999955,,,,,,,,,,3.667,,,,,,,,,,,,,,,,,,,,,,,,,,,,,,,,,,,,,,,,,,,,,,,,,,,7.344,,,,,,,,,,,50.3442841,30.4769898,
12:41:12.828,,-9.849999999999909,,,,,,,,,,,,,,,,,,,,,,,,,,,,,,,,,,,,,,,,,,,,,,,,,,,,,,,,,,,,,,,,,,,,,,,,,50.3442841,30.4769898,
12:41:12.950,,,,,,,,,,,,,,,,,,,,,,,,,,,,,,,,,,22.89,30.714286171964236,,,1996,2,,0.15386778918271085,0.49976872758333346,0.499768,97.453393,6849.417272000001,47.84313725490196,-0.06,,,,,,9.578978087764302,,,,28,93,,35,,,,,120,48.4385660001875,,,,,,,27.468,,50.3442841,30.4769898,
12:41:13.038,,,,,,,,,,,,,,,,,,,,81.56862745098039,25.88235294117647,99,,,,,,,,,,23.137254901960784,,,,,,,,25.098039215686274,,,,,,,,,,,,,,14.655679440000002,,,,,,,,,,,,48.2956796001875,,74.5098039215686,99,,,,,,50.3442841,30.4769898,
12:41:13.120,,,,,,,,,,,,,,,,,,,,,,,11.332578691535248,11.332640000000001,438.83408000000003,1009.15422895,0.1416572336441906,0.141658,5.4854259999999995,12.928584,8.200000122189522,,25.49019607843137,,,8.200000122189522,32.080023274352044,,,,,,,,,,,28.344557357396898,28.344751964911723,5.628768615578115,28.92550550562225,0.18875450985956516,,,35,,,,35030,,35000,0,0,,120,45.7456795621895,35030,74.5098039215686,,,,,,0,50.3442841,30.4769898,
12:41:13.181,,,,,,,,,,,,,,,,,,,33,,,,,,,,,,,,,,,,,,,,,,,,,,,,,,,,,,,,,,,,,,,,,,,,,,,,,57,,,50.3442841,30.4769898,
12:41:13.265,,,,,,,,,,,,,,,24,,,,,,,,,,,,,,,,,,,,,,,,,,,,,,,,,,,,,,,,,,,,,,,,,,,,,,,,,57,,,50.3442841,30.4769898,
12:41:13.302,,,,,,,,,,,,,,,,,,71.1875,,,,,,,,,,,,,,,,,,,,,,,,,,,,,,,,,,,,,,,,,,,,,,,,,,,,,,,,,50.3442841,30.4769898,
12:41:13.337,,,,,,,,,,,,,,,,4448,0.265625,,,,,,,,,,,,,,,,,,,,,,,,,,,,,,,,,,,,,,,,,,,,,,,,,,,,,,,,,,50.3442841,30.4769898,
12:41:13.457,,,,,,,,,354.36,58,,3.689,,,,,,,,,,,,,,,,,,,,,,,,,,,,,,,,,,,,,,,,,,,,,,,,,,,,7.356,,,,,,,,,,,50.3442841,30.4769898,
12:41:13.518,7.050000000000182,,9.100000000000136,,,,,,,,,,3.682,,,,,,,,,,,,,,,,,,,,,,,,,,,,,,,,,,,,,,,,,,,,,,,,,,,7.371,,,,,,,,,,,50.3442841,30.4769898,
12:41:13.554,,10.850000000000136,,,,,,,,,,,,,,,,,,,,,,,,,,,,,,,,,,,,,,,,,,,,,,,,,,,,,,,,,,,,,,,,,,,,,,,,,50.3442841,30.4769898,
12:41:13.674,,,,,,,,,,,,,,,,,,,,,,,,,,,,,,,,,,22.76,22.16216249240411,,,1998,2,,0.11668829318264866,0.5072158388611112,0.507215,97.46084,6849.424719000001,47.450980392156865,-0.08,,,,,,9.684355534909766,,,,28,91,,37,,,,,120,45.6156795621895,,,,,,,27.312,,50.3442841,30.4769898,
12:41:13.785,,,,,,,,,,,,,,,,,,,,80,25.88235294117647,99,,,,,,,,,,23.137254901960784,,,,,,,,17.647058823529413,,,,,,,,,,,,,,14.534226,,,,,,,,,,,,45.4942261221895,,74.5098039215686,99,,,,,,50.3442841,30.4769898,
12:41:13.856,,,,,,,,,,,,,,,,,,,,,,,11.460929403225602,11.46096,438.9624,1009.28254895,0.14326161754032002,0.143262,5.48703,12.930188000000001,7.850000116974115,,25.49019607843137,,,7.850000116974115,30.710753988251653,,,,,,,,,,,28.24470502774436,28.244827144307642,5.6299843095955255,28.83539466841126,0.1887777226623461,,,35,,,,34960,,35000,0,0,,120,45.1442261169741,34960,74.5098039215686,,,,,,0,50.3442841,30.4769898,
12:41:13.977,,,,,,,,,,,,,,,24,,,,,,,,,,,,,,,,,,,,,,,,,,,,,,,,,,,,,,,,,,,,,,,,,,,,,,,,,57,,,50.3442841,30.4769898,
12:41:14.025,,,,,,,,,,,,,,,,,,44.09375,,,,,,,,,,,,,,,,,,,,,,,,,,,,,,,,,,,,,,,,,,,,,,,,,,,,,,,,,50.3442841,30.4769898,
12:41:14.062,,,,,,,,,,,,,,,,3232,0.1875,,,,,,,,,,,,,,,,,,,,,,,,,,,,,,,,,,,,,,,,,,,,,,,,,,,,,,,,,,50.3442841,30.4769898,
12:41:14.180,,,,,,,,,358.06,58,,3.719,,,,,,,,,,,,,,,,,,,,,,,,,,,,,,,,,,,,,,,,,,,,,,,,,,,,7.401,,,,,,,,,,,50.3442841,30.4769898,
12:41:14.277,22.050000000000182,,21.600000000000136,,,,,,,,,,3.71,,,,,,,,,,,,,,,,,,,,,,,,,,,,,,,,,,,,,,,,,,,,,,,,,,,7.429,,,,,,,,,,,50.3442841,30.4769898,
12:41:14.326,,20.700000000000045,,,,,,,,,,,,,,,,,,,,,,,,,,,,,,,,,,,,,,,,,,,,,,,,,,,,,,,,,,,,,,,,,,,,,,,,,50.3442841,30.4769898,
12:41:14.457,,,,,,,,,,,,,,,,,,,,,,,,,,,,,,,,,,22.52,20.657895044668727,,,1995,2,,0.0737680189223302,0.5154703814722223,0.51547,97.469095,6849.432974000001,47.450980392156865,-0.08,,,,,,9.801309855592821,,,,28,91,,38,,,,,120,44.9042261169741,,,,,,,27.023999999999997,,50.3442841,30.4769898,
12:41:14.522,,,,,,,,,,,,,,,,,,,,79.6078431372549,25.88235294117647,99,,,,,,,,,,23.137254901960784,,,,,,,,16.07843137254902,,,,,,,,,,,,,,14.963778240000002,,,,,,,,,,,,45.3337783569741,,74.5098039215686,99,,,,,,50.3442841,30.4769898,
12:41:14.593,,,,,,,,,,,,,,,,,,,,,,,11.589423874584764,11.58944,439.09088,1009.41102895,0.14486779843230954,0.144868,5.488636,12.931794000000002,7.850000116974115,,25.49019607843137,,,7.850000116974115,30.710753988251653,,,,,,,,,,,28.1040004701252,28.10406037208761,5.631155188216326,28.737767001974586,0.18880094234206313,,,35,,,,34990,,35000,0,0,,120,45.3337783569741,34990,74.5098039215686,,,,,,0,50.3442841,30.4769898,
12:41:14.701,,,,,,,,,,,,,,,24,,,,,,,,,,,,,,,,,,,,,,,,,,,,,,,,,,,,,,,,,,,,,,,,,,,,,,,,,57,,,50.3442841,30.4769898,
12:41:14.741,,,,,,,,,,,,,,,,,,37.59375,,,,,,,,,,,,,,,,,,,,,,,,,,,,,,,,,,,,,,,,,,,,,,,,,,,,,,,,,50.3442841,30.4769898,
12:41:14.790,,,,,,,,,,,,,,,,2240,0.125,,,,,,,,,,,,,,,,,,,,,,,,,,,,,,,,,,,,,,,,,,,,,,,,,,,,,,,,,,50.3442841,30.4769898,
12:41:14.910,,,,,,,,,357.09000000000003,58,,3.728,,,,,,,,,,,,,,,,,,,,,,,,,,,,,,,,,,,,,,,,,,,,,,,,,,,,7.438,,,,,,,,,,,50.3442841,30.4769898,
12:41:14.981,24,,22.90000000000009,,,,,,,,,,3.718,,,,,,,,,,,,,,,,,,,,,,,,,,,,,,,,,,,,,,,,,,,,,,,,,,,7.446,,,,,,,,,,,50.3442841,30.4769898,
12:41:15.016,,19,,,,,,,,,,,,,,,,,,,,,,,,,,,,,,,,,,,,,,,,,,,,,,,,,,,,,,,,,,,,,,,,,,,,,,,,,50.3442841,30.4769898,
12:41:15.137,,,,,,,,,,,,,,,,,,,,,,,,,,,,,,,,,,22.28,20.12820542813876,,,1999,2,,0.04960585184668662,0.522843024888889,0.522843,97.476468,6849.440347000001,47.05882352941177,-0.07,,,,,,9.905888767827465,,,,28,92,,39,,,,,120,45.0937783569741,,,,,,,26.736,,50.3442841,30.4769898,
12:41:15.201,,,,,,,,,,,,,,,,,,,,80,25.49019607843137,99,,,,,,,,,,23.137254901960784,,,,,,,,20.784313725490197,,,,,,,,,,,,,,14.947703520000001,,,,,,,,,,,,45.0777036369741,,74.5098039215686,99,,,,,,50.3442841,30.4769898,
12:41:15.345,,,,,,,,,,,,,,,,,,,,,,,11.715730242466876,11.71576,439.2172,1009.53734895,0.14644662803083594,0.146447,5.490215,12.933373000000001,7.550000112503767,,25.49019607843137,,,7.550000112503767,29.537094600165602,,,,,,,,,,,28.009674234816035,28.009746711728,5.632349132715807,28.63863803689952,0.18882379208784136,,,35,,,,35040,,35000,0,0,,120,44.7777036325038,35040,74.1176470588236,,,,,,0,50.3442841,30.4769898,
12:41:15.537,,,,,,,,,,,,,,,24,,,,,,,,,,,,,,,,,,,,,,,,,,,,,,,,,,,,,,,,,,,,,,,,,,,,,,,,,57,,,50.3442841,30.4769898,
12:41:15.574,,,,,,,,,,,,,,,,,,50.40625,,,,,,,,,,,,,,,,,,,,,,,,,,,,,,,,,,,,,,,,,,,,,,,,,,,,,,,,,50.3442841,30.4769898,
12:41:15.609,,,,,,,,,,,,,,,,3232,0.1875,,,,,,,,,,,,,,,,,,,,,,,,,,,,,,,,,,,,,,,,,,,,,,,,,,,,,,,,,,50.3442841,30.4769898,
12:41:15.707,,,,,18,,,,,,86.6758781031239,,,86.6758781031239,,,,,,,,,,,,,,,,,,,,,,,,,,,,,,,,,,,,,,,,,,,,,,,,,,,,,,,,127.5,92,,,,50.3442841,30.4769898,
12:41:15.780,,,,,,,,,356.77,58,,3.721,,,,,,,,,,,,,,,,,,,,,,,,,,,,,,,,,,,,,,,,,,,,,,,,,,,,7.439,,,,,,,,,,,50.3442841,30.4769898,
12:41:15.830,16.850000000000136,,17.600000000000136,,,,,,,,,,3.715,,,,,,,,,,,,,,,,,,,,,,,,,,,,,,,,,,,,,,,,,,,,,,,,,,,7.436,,,,,,,,,,,50.3442841,30.4769898,
12:41:15.879,,19.65000000000009,,,,,,,,,,,,,,,,,,,,,,,,,,,,,,,,,,,,,,,,,,,,,,,,,,,,,,,,,,,,,,,,,,,,,,,,,50.3442841,30.4769898,
12:41:15.989,,,,,,,,,,,,,,,,,,,,,,,,,,,,,,,,,,,,,,,,,,,,,,,,,,,,,,,,56,,,,,,,,,119,,,,,,,,,,50.3442841,30.4769898,
12:41:16.085,,,,,,,,,,,,,,,,,,,,,,,,,,,,,,,,,,22.48,18.875000281259418,,,1999,2,,0.04517049291283126,0.5333770693333335,0.533377,97.487002,6849.450881000001,47.05882352941177,-0.09,,,,,,10.055297946970894,,,,28,90,,40,,,,,119,44.9777036325038,,,,,,,26.976,,50.3442841,30.4769898,
12:41:16.185,,,,,,,,,,,,,,,,,,,,80,25.49019607843137,99,,,,,,,,,,23.137254901960784,,,,,,,,12.549019607843137,,,,,,,,,,,,,,14.902605,,,,,,,,,,,,44.9326051125038,,74.1176470588236,99,,,,,,50.3442841,30.4769898,
12:41:16.281,,,,,,,,,,,,,,,,,,,,,,,11.871699111457659,11.87176,439.3732,1009.69334895,0.14839623889322073,0.148397,5.492165,12.935323,7.500000111758709,,25.098039215686274,,,7.500000111758709,29.34148470215126,,,,,,,,,,,27.822013248282452,27.82215956068597,5.633740793464958,28.530955196749783,0.18885197112489518,,,35,,,,34960,,35000,0,0,,119,44.8826051117587,34960,73.7254901960785,,,,,,0,50.3442841,30.4769898,
12:41:16.425,,,,,,,,,,,,,,,24,,,,,,,,,,,,,,,,,,,,,,,,,,,,,,,,,,,,,,,,,,,,,,,,,,,,,,,,,57,,,50.3442841,30.4769898,
12:41:16.474,,,,,,,,,,,,,,,,,,-18.828125,,,,,,,,,,,,,,,,,,,,,,,,,,,,,,,,,,,,,,,,,,,,,,,,,,,,,,,,,50.3442841,30.4769898,
12:41:16.510,,,,,,,,,,,,,,,,-1344,-0.09375,,,,,,,,,,,,,,,,,,,,,,,,,,,,,,,,,,,,,,,,,,,,,,,,,,,,,,,,,,50.3442841,30.4769898,
12:41:16.617,,,,,,,,,367.08,58.5,,3.805,,,,,,,,,,,,,,,,,,,,,,,,,,,,,,,,,,,,,,,,,,,,,,,,,,,,7.52,,,,,,,,,,,50.3442841,30.4769898,
12:41:16.689,68.15000000000009,,-1600,,,,,,,,,,3.79,,,,,,,,,,,,,,,,,,,,,,,,,,,,,,,,,,,,,,,,,,,,,,,,,,,7.595,,,,,,,,,,,50.3442841,30.4769898,
12:41:16.725,,69,,,,,,,,,,,,,,,,,,,,,,,,,,,,,,,,,,,,,,,,,,,,,,,,,,,,,,,,,,,,,,,,,,,,,,,,,50.3442841,30.4769898,
12:41:16.869,,,,,,,,,,,,,,,,,,,,,,,,,,,,,,,,,,22.48,18.750000279396772,,,2000,2,,0.0265993985427718,0.5420807348888891,0.542081,97.495706,6849.4595850000005,47.05882352941177,-0.09,,,,,,10.177631317348041,,,,28,90,,40,,,,,119,44.8826051117587,,,,,,,26.976,,50.3442841,30.4769898,
12:41:16.933,,,,,,,,,,,,,,,,,,,,80,25.49019607843137,99,,,,,,,,,,23.137254901960784,,,,,,,,0.7843137254901961,,,,,,,,,,,,,,14.87626032,,,,,,,,,,,,44.8562604317587,,73.7254901960785,99,,,,,,50.3442841,30.4769898,
12:41:17.006,,,,,,,,,,,,,,,,,,,,,,,11.991710666579303,11.99176,439.4932,1009.81334895,0.14989638333224128,0.149897,5.493665,12.936823,7.450000111013651,,25.49019607843137,,,7.450000111013651,29.145874804136916,,,,,,,,,,,27.65204031147975,27.652140547261386,5.634776366458642,28.41354401059578,0.1888736306778281,,,35,,,,35000,,35000,0,0,,119,44.8062604310136,35000,74.1176470588236,,,,,,0,50.3442841,30.4769898,
12:41:17.125,,,,,,,,,,,,,,,24,,,,,,,,,,,,,,,,,,,,,,,,,,,,,,,,,,,,,,,,,,,,,,,,,,,,,,,,,57,,,50.3442841,30.4769898,
12:41:17.162,,,,,,,,,,,,,,,,,,-12.3125,,,,,,,,,,,,,,,,,,,,,,,,,,,,,,,,,,,,,,,,,,,,,,,,,,,,,,,,,50.3442841,30.4769898,
12:41:17.198,,,,,,,,,,,,,,,,-768,-0.046875,,,,,,,,,,,,,,,,,,,,,,,,,,,,,,,,,,,,,,,,,,,,,,,,,,,,,,,,,,50.3442841,30.4769898,
12:41:17.294,,,,19,,,,,,,,,,,,,,,,,,,,,,,,,,,,,,,,,,,,,,,,,,,,,,,,,,,,,,,,,,,,,,,,,,,92,,,,50.3442841,30.4769898,
12:41:17.412,,,,,,,,,366.75,58.5,,3.804,,,,,,,,,,,,,,,,,,,,,,,,,,,,,,,,,,,,,,,,,,,,,,,,,,,,7.594,,,,,,,,,,,50.3442841,30.4769898,
12:41:17.474,56.15000000000009,,-1600,,,,,,,,,,3.79,,,,,,,,,,,,,,,,,,,,,,,,,,,,,,,,,,,,,,,,,,,,,,,,,,,7.594,,,,,,,,,,,50.3442841,30.4769898,
12:41:17.521,,55.30000000000018,,,,,,,,,,,,,,,,,,,,,,,,,,,,,,,,,,,,,,,,,,,,,,,,,,,,,,,,,,,,,,,,,,,,,,,,,50.3442841,30.4769898,
12:41:17.641,,,,,,,,,,,,,,,,,,,,,,,,,,,,,,,,,,22.29,19.102564387214493,,,2000,2,,,0.5504433694722224,0.550444,97.504069,6849.467948000001,47.05882352941177,-0.09,,,,,,10.293201557206116,,,,28,90,,39,,,,,119,44.6162604310136,,,,,,,26.747999999999998,,50.3442841,30.4769898,
12:41:17.701,,,,,,,,,,,,,,,,,,,,79.6078431372549,25.49019607843137,99,,,,,,,,,,23.137254901960784,,,,,,,,6.666666666666667,,,,,,,,,,,,,,14.854380840000001,,,,,,,,,,,,44.5943809510136,,74.1176470588236,99,,,,,,50.3442841,30.4769898,
12:41:17.820,,,,,,,,,,,,,,,,,,,,,,,12.126572571811124,12.12664,439.62808,1009.9482289499999,0.15158215714763906,0.151583,5.495350999999999,12.938509000000002,7.450000111013651,,25.098039215686274,,,7.450000111013651,29.145874804136916,,,,,,,,,,,27.53819294671121,27.538314524274945,5.636022225903208,28.28737533484419,0.18889801511923213,,,35,,,,34980,,35000,0,0,,119,44.5943809510136,34980,73.7254901960785,,,,,,0,50.3442841,30.4769898,
12:41:17.965,,,,,,,,,,,,,,,24,,,,,,,,,,,,,,,,,,,,,,,,,,,,,,,,,,,,,,,,,,,,,,,,,,,,,,,,,57,,,50.3442841,30.4769898,
12:41:18.001,,,,,,,,,,,,,,,,,,-3.703125,,,,,,,,,,,,,,,,,,,,,,,,,,,,,,,,,,,,,,,,,,,,,,,,,,,,,,,,,50.3442841,30.4769898,
12:41:18.036,,,,,,,,,,,,,,,,-128,-0.015625,,,,,,,,,,,,,,,,,,,,,,,,,,,,,,,,,,,,,,,,,,,,,,,,,,,,,,,,,,50.3442841,30.4769898,
12:41:18.156,,,,,,,,,366.91,59,,3.809,,,,,,,,,,,,,,,,,,,,,,,,,,,,,,,,,,,,,,,,,,,,,,,,,,,,7.599,,,,,,,,,,,50.3442841,30.4769898,
12:41:18.229,56.15000000000009,,-1600,,,,,,,,,,3.798,,,,,,,,,,,,,,,,,,,,,,,,,,,,,,,,,,,,,,,,,,,,,,,,,,,7.607,,,,,,,,,,,50.3442841,30.4769898,
12:41:18.266,,59.600000000000136,,,,,,,,,,,,,,,,,,,,,,,,,,,,,,,,,,,,,,,,,,,,,,,,,,,,,,,,,,,,,,,,,,,,,,,,,50.3442841,30.4769898,
12:41:18.397,,,,,,,,,,,,,,,,,,,,,,,,,,,,,,,,,,22.22,19.605263450035924,,,2000,2,,-0.00869030339261228,0.5584210588611113,0.558422,97.512047,6849.475926000001,47.05882352941177,-0.08,,,,,,10.401548354041239,,,,28,91,,38,,,,,119,44.5243809510136,,,,,,,26.663999999999998,,50.3442841,30.4769898,
12:41:18.481,,,,,,,,,,,,,,,,,,,,79.6078431372549,25.49019607843137,99,,,,,,,,,,22.745098039215687,,,,,,,,3.9215686274509802,,,,,,,,,,,,,,14.83428744,,,,,,,,,,,,44.5042875510136,,73.3333333333334,99,,,,,,50.3442841,30.4769898,
12:41:18.685,,,,,,,,,,,,,,,,,,,,,,,12.269673912276835,12.269760000000002,439.7712,1010.09134895,0.15337092390346044,0.153372,5.49714,12.940298,7.450000111013651,,25.098039215686274,,,7.450000111013651,29.145874804136916,,,,,,,,,,,27.465103879903353,27.465250294580088,5.637395756854535,28.160746338684092,0.1889239138848533,,,35,,,,35020,,35000,0,0,,119,44.5042875510136,35020,73.3333333333334,,,,,,0,50.3442841,30.4769898,
12:41:18.829,,,,,,,,,,,,,,,24,,,,,,,,,,,,,,,,,,,,,,,,,,,,,,,,,,,,,,,,,,,,,,,,,,,,,,,,,57,,,50.3442841,30.4769898,
12:41:18.889,,,,,,,,,,,,,,,,,,-23.03125,,,,,,,,,,,,,,,,,,,,,,,,,,,,,,,,,,,,,,,,,,,,,,,,,,,,,,,,,50.3442841,30.4769898,
12:41:18.938,,,,,,,,,,,,,,,,-1376,-0.09375,,,,,,,,,,,,,,,,,,,,,,,,,,,,,,,,,,,,,,,,,,,,,,,,,,,,,,,,,,50.3442841,30.4769898,
12:41:19.070,,,,,,18,18,19,,,,,,,,,,,,,,,,,,,,,,,,,,,,,,,,,,,,,,,,,,,,,,,,,,,,,,,,,,,,,,,92,,,,50.3442841,30.4769898,
12:41:19.118,,,,,,,,,366.59000000000003,59,,3.839,,,,,,,,,,,,,,,,,,,,,,,,,,,,,,,,,,,,,,,,,,,,,,,,,,,,7.637,,,,,,,,,,,50.3442841,30.4769898,
12:41:19.201,69.20000000000005,,-1600,,,,,,,,,,3.824,,,,,,,,,,,,,,,,,,,,,,,,,,,,,,,,,,,,,,,,,,,,,,,,,,,7.663,,,,,,,,,,,50.3442841,30.4769898,
12:41:19.285,,66.20000000000005,,,,,,,,,,,,,,,,,,,,,,,,,,,,,,,,,,,,,,,,,,,,,,,,,,,,,,,,,,,,,,,,,,,,,,,,,50.3442841,30.4769898,
12:41:19.394,,,,,,,,,,,,,,,,,,,,,,,,,,,,,,,,,,22.16,20.135135435172028,,,2000,2,,-0.02568503943659935,0.5686733929722224,0.568674,97.522299,6849.486178000001,47.450980392156865,-0.09,,,,,,10.53812543857666,,,,28,90,,37,,,,,119,44.4442875510136,,,,,,,26.592,,50.3442841,30.4769898,
12:41:19.456,,,,,,,,,,,,,,,,,,,,80,25.49019607843137,99,,,,,,,,,,22.745098039215687,,,,,,,,0,,,,,,,,,,,,,,14.81464056,,,,,,,,,,,,44.4246406710136,,73.3333333333334,99,,,,,,50.3442841,30.4769898,
12:41:19.565,,,,,,,,,,,,,,,,,,,,,,,12.41533921166964,12.41544,439.91688,1010.23702895,0.1551917401458705,0.155193,5.4989609999999995,12.942119000000002,7.450000111013651,,25.098039215686274,,,7.450000111013651,29.145874804136916,,,,,,,,,,,27.29013561453033,27.29032802625054,5.6386703927068,28.030730878300684,0.18895021704794512,,,35,,,,35040,,35000,0,0,,119,44.4246406710136,35040,73.3333333333334,,,,,,0,50.3442841,30.4769898,
12:41:19.638,,,,,,,,,,,,,,,,,,,36,,,,,,,,,,,,,,,,,,,,,,,,,,,,,,,,,,,,,,,,,,,,,,,,,,,,,60,,,50.3442841,30.4769898,
12:41:19.720,,,,,,,,,,,,,,,24,,,,,,,,,,,,,,,,,,,,,,,,,,,,,,,,,,,,,,,,,,,,,,,,,,,,,,,,,60,,,50.3442841,30.4769898,
12:41:19.770,,,,,,,,,,,,,,,,,,-26.140625,,,,,,,,,,,,,,,,,,,,,,,,,,,,,,,,,,,,,,,,,,,,,,,,,,,,,,,,,50.3442841,30.4769898,
12:41:19.804,,,,,,,,,,,,,,,,-1600,-0.109375,,,,,,,,,,,,,,,,,,,,,,,,,,,,,,,,,,,,,,,,,,,,,,,,,,,,,,,,,,50.3442841,30.4769898,
12:41:19.925,,,,,,,,,367.72,59.5,,3.847,,,,,,,,,,,,,,,,,,,,,,,,,,,,,,,,,,,,,,,,,,,,,,,,,,,,7.671,,,,,,,,,,,50.3442841,30.4769898,
12:41:19.998,66.85000000000014,,-1600,,,,,,,,,,3.833,,,,,,,,,,,,,,,,,,,,,,,,,,,,,,,,,,,,,,,,,,,,,,,,,,,7.68,,,,,,,,,,,50.3442841,30.4769898,
12:41:20.032,,66.65000000000009,,,,,,,,,,,,,,,,,,,,,,,,,,,,,,,,,,,,,,,,,,,,,,,,,,,,,,,,,,,,,,,,,,,,,,,,,50.3442841,30.4769898,
12:41:20.118,,,,,,,,,,,,,,,,,,,,,,,,,,,,,,,,,,,,,,,,,,,,,,,,,,,,,,,,56,,,,,,,,,119,,,,,,,,,,50.3442841,30.4769898,
12:41:20.177,,,,,,,,,,,,,,,,,,,,,,,,,,,,,,,,,,22.03,20.694444752815695,,,1999,2,,-0.034241117961070267,0.5765089049722224,0.57651,97.530135,6849.494014000001,47.05882352941177,-0.08,,,,,,10.640409407611681,,,,28,91,,36,,,,,119,44.2946406710136,,,,,,,26.436,,50.3442841,30.4769898,
12:41:20.240,,,,,,,,,,,,,,,,,,,,79.6078431372549,25.49019607843137,99,,,,,,,,,,22.745098039215687,,,,,,,,0,,,,,,,,,,,,,,14.80303104,,,,,,,,,,,,44.2830311510136,,73.3333333333334,99,,,,,,50.3442841,30.4769898,
12:41:20.360,,,,,,,,,,,,,,,,,,,,,,,12.546976508520078,12.54704,440.04848,1010.36862895,0.15683720635650097,0.156838,5.500605999999999,12.943764000000002,7.450000111013651,,25.098039215686274,,,7.450000111013651,29.145874804136916,,,,,,,,,,,27.204645930674353,27.204731921389047,5.639904015307678,27.917901795703603,0.18897401725651028,,,35,,,,35020,,35000,0,0,,119,44.2830311510136,35020,73.3333333333334,,,,,,0,50.3442841,30.4769898,
12:41:20.493,,,,,,,,,,,,,,,24,,,,,,,,,,,,,,,,,,,,,,,,,,,,,,,,,,,,,,,,,,,,,,,,,,,,,,,,,60,,,50.3442841,30.4769898,
12:41:20.530,,,,,,,,,,,,,,,,,,-93.484375,,,,,,,,,,,,,,,,,,,,,,,,,,,,,,,,,,,,,,,,,,,,,,,,,,,,,,,,,50.3442841,30.4769898,
12:41:20.566,,,,,,,,,,,,,,,,-6016,-0.375,,,,,,,,,,,,,,,,,,,,,,,,,,,,,,,,,,,,,,,,,,,,,,,,,,,,,,,,,,50.3442841,30.4769898,
12:41:20.673,,,,,,,,,363.05,60,,3.803,,,,,,,,,,,,,,,,,,,,,,,,,,,,,,,,,,,,,,,,,,,,,,,,,,,,7.636,,,,,,,,,,,50.3442841,30.4769898,
12:41:20.722,39.950000000000045,,-1600,,,,,,,,,,3.79,,,,,,,,,,,,,,,,,,,,,,,,,,,,,,,,,,,,,,,,,,,,,,,,,,,7.593,,,,,,,,,,,50.3442841,30.4769898,
12:41:20.757,,50,,,,,,,,,,,,,,,,,,,,,,,,,,,,,,,,,,,,,,,,,,,,,,,,,,,,,,,,,,,,,,,,,,,,,,,,,50.3442841,30.4769898,
12:41:20.877,,,,,,,,,,,,,,,,,,,,,,,,,,,,,,,,,,3.5100000000000002,21.91176503239309,,,1774,1.8,,-0.04376377356620185,0.5831218681388891,0.583123,97.536748,6849.500627000001,9.411764705882353,-0.73,,,,,,10.723965572091547,,,,28,26,,34,,,,,119,25.7630311510136,,,,,,,4.212,,50.3442841,30.4769898,
12:41:20.941,,,,,,,,,,,,,,,,,,,,14.509803921568627,2.7450980392156863,99,,,,,,,,,,0.7843137254901961,,,,,,,,0,,,,,,,,,,,,,,0,,,,,,,,,,,,10.9600001110136,,51.3725490196079,99,,,,,,50.3442841,30.4769898,
12:41:21.014,,,,,,,,,,,,,,,,,,,,,,,12.627604036054855,12.627679999999998,440.12912,1010.44926895,0.1578450504506857,0.157846,5.501614,12.944772,5.550000082701445,,1.9607843137254901,,,5.550000082701445,21.712698679591934,,,,,,,,,,,27.068964323781774,27.069074620620352,5.640555085966163,27.804967728158655,0.18898855120872737,,,35,,,,36270,,30000,0,0,,119,9.06000008270144,36270,5.49019607843137,,,,,,0,50.3442841,30.4769898,
12:41:21.158,,,,,,,,,,,,,,,24,,,,,,,,,,,,,,,,,,,,,,,,,,,,,,,,,,,,,,,,,,,,,,,,,,,,,,,,,60,,,50.3442841,30.4769898,
12:41:21.205,,,,,,,,,,,,,,,,,,-114.828125,,,,,,,,,,,,,,,,,,,,,,,,,,,,,,,,,,,,,,,,,,,,,,,,,,,,,,,,,50.3442841,30.4769898,
12:41:21.252,,,,,,,,,,,,,,,,-7296,-0.453125,,,,,,,,,,,,,,,,,,,,,,,,,,,,,,,,,,,,,,,,,,,,,,,,,,,,,,,,,,50.3442841,30.4769898,
12:41:21.385,,,,,,,,,369.33,60,,3.848,,,,,,,,,,,,,,,,,,,,,,,,,,,,,,,,,,,,,,,,,,,,,,,,,,,,7.638,,,,,,,,,,,50.3442841,30.4769898,
12:41:21.445,54.25,,-1600,,,,,,,,,,3.83,,,,,,,,,,,,,,,,,,,,,,,,,,,,,,,,,,,,,,,,,,,,,,,,,,,7.678,,,,,,,,,,,50.3442841,30.4769898,
12:41:21.529,,51.90000000000009,,,,,,,,,,,,,,,,,,,,,,,,,,,,,,,,,,,,,,,,,,,,,,,,,,,,,,,,,,,,,,,,,,,,,,,,,50.3442841,30.4769898,
12:41:21.733,,,,,,,,,,,,,,,,,,,,,,,,,,,,,,,,,,1.6500000000000001,19.137931319660154,,,226,0.2,,-0.07641406585292974,0.5900089411944447,0.59001,97.54363500000001,6849.507514000001,89.80392156862744,-0.2,,,,,,10.803439026668682,,,,28,79,,29,,,,,119,7.20000008270144,,,,,,,1.98,,50.3442841,30.4769898,
12:41:21.794,,,,,,,,,,,,,,,,,,,,67.84313725490196,1.5686274509803921,99,,,,,,,,,,1.5686274509803921,,,,,,,,0,,,,,,,,,,,,,,0,,,,,,,,,,,,7.20000008270144,,6.27450980392157,99,,,,,,50.3442841,30.4769898,
12:41:21.878,,,,,,,,,,,,,,,,,,,,,,,12.627604036054855,12.627679999999998,440.12912,1010.44926895,0.1578450504506857,0.157846,5.501614,12.944772,0,,1.1764705882352942,,,0,0,,,,,,,,,,,26.752992951451887,26.75310587956136,5.640156838526675,27.683547914538693,0.18898836118570025,,,35,,,,36260,,30000,0,0,,119,1.65,36260,4.31372549019607,,,,,,0,50.3442841,30.4769898,
12:41:22.021,,,,,,,,,,,,,,,24,,,,,,,,,,,,,,,,,,,,,,,,,,,,,,,,,,,,,,,,,,,,,,,,,,,,,,,,,60,,,50.3442841,30.4769898,
12:41:22.045,,,,,,,,,,,,,,,,,,-162.265625,,,,,,,,,,,,,,,,,,,,,,,,,,,,,,,,,,,,,,,,,,,,,,,,,,,,,,,,,50.3442841,30.4769898,
12:41:22.082,,,,,,,,,,,,,,,,-10272,-0.640625,,,,,,,,,,,,,,,,,,,,,,,,,,,,,,,,,,,,,,,,,,,,,,,,,,,,,,,,,,50.3442841,30.4769898,
12:41:22.178,,,,,18,,,,,,86.6758781031239,,,86.6758781031239,,,,,,,,,,,,,,,,,,,,,,,,,,,,,,,,,,,,,,,,,,,,,,,,,,,,,,,,127.5,92,,,,50.3442841,30.4769898,
12:41:22.249,,,,,,,,,369.01,60,,3.853,,,,,,,,,,,,,,,,,,,,,,,,,,,,,,,,,,,,,,,,,,,,,,,,,,,,7.683,,,,,,,,,,,50.3442841,30.4769898,
12:41:22.309,57.65000000000009,,-1600,,,,,,,,,,3.84,,,,,,,,,,,,,,,,,,,,,,,,,,,,,,,,,,,,,,,,,,,,,,,,,,,7.693,,,,,,,,,,,50.3442841,30.4769898,
12:41:22.345,,56.15000000000009,,,,,,,,,,,,,,,,,,,,,,,,,,,,,,,,,,,,,,,,,,,,,,,,,,,,,,,,,,,,,,,,,,,,,,,,,50.3442841,30.4769898,
12:41:22.478,,,,,,,,,,,,,,,,,,,,,,,,,,,,,,,,,,0,0,,,226,0.2,,-0.11939969059409797,0.5949768185277781,0.594978,97.548603,6849.512482000001,91.37254901960785,-0.01,,,,,,10.853267877092492,,,,28,98,,24,,,,,119,0,,,,,,,0,,50.3442841,30.4769898,
12:41:22.541,,,,,,,,,,,,,,,,,,,,68.62745098039215,2.7450980392156863,99,,,,,,,,,,2.7450980392156863,,,,,,,,0,,,,,,,,,,,,,,0,,,,,,,,,,,,0,,5.49019607843137,99,,,,,,50.3442841,30.4769898,
12:41:22.625,,,,,,,,,,,,,,,,,,,,,,,12.627604036054855,12.627679999999998,440.12912,1010.44926895,0.1578450504506857,0.157846,5.501614,12.944772,0,,2.7450980392156863,,,0,0,,,,,,,,,,,26.529613513558477,26.52972042663762,5.639869594032013,27.54051075465047,0.18898822411110103,,,35,,,,36240,,30000,0,0,,119,0,36240,8.23529411764706,,,,,,0,50.3442841,30.4769898,
12:41:22.769,,,,,,,,,,,,,,,25,,,,,,,,,,,,,,,,,,,,,,,,,,,,,,,,,,,,,,,,,,,,,,,,,,,,,,,,,61,,,50.3442841,30.4769898,
12:41:22.816,,,,,,,,,,,,,,,,,,-161.65625,,,,,,,,,,,,,,,,,,,,,,,,,,,,,,,,,,,,,,,,,,,,,,,,,,,,,,,,,50.3442841,30.4769898,
12:41:22.852,,,,,,,,,,,,,,,,-10336,-0.640625,,,,,,,,,,,,,,,,,,,,,,,,,,,,,,,,,,,,,,,,,,,,,,,,,,,,,,,,,,50.3442841,30.4769898,
12:41:22.974,,,,,,,,,367.56,60.5,,3.835,,,,,,,,,,,,,,,,,,,,,,,,,,,,,,,,,,,,,,,,,,,,,,,,,,,,7.675,,,,,,,,,,,50.3442841,30.4769898,
12:41:23.045,37.350000000000136,,-1600,,,,,,,,,,3.818,,,,,,,,,,,,,,,,,,,,,,,,,,,,,,,,,,,,,,,,,,,,,,,,,,,7.653,,,,,,,,,,,50.3442841,30.4769898,
12:41:23.092,,32.65000000000009,,,,,,,,,,,,,,,,,,,,,,,,,,,,,,,,,,,,,,,,,,,,,,,,,,,,,,,,,,,,,,,,,,,,,,,,,50.3442841,30.4769898,
12:41:23.238,,,,,,,,,,,,,,,,,,,,,,,,,,,,,,,,,,0,0,,,0,0,,-0.16660880785310692,0.598776517527778,0.598778,97.552403,6849.5162820000005,0,-0.01,,,,,,10.880682075657639,,,,28,98,,18,,,,,119,0,,,,,,,0,,50.3442841,30.4769898,
12:41:23.302,,,,,,,,,,,,,,,,,,,,0,5.882352941176471,99,,,,,,,,,,5.882352941176471,,,,,,,,0,,,,,,,,,,,,,,0,,,,,,,,,,,,0,,11.3725490196078,99,,,,,,50.3442841,30.4769898,
12:41:23.373,,,,,,,,,,,,,,,,,,,,,,,12.627604036054855,12.627679999999998,440.12912,1010.44926895,0.1578450504506857,0.157846,5.501614,12.944772,0,,5.882352941176471,,,0,0,,,,,,,,,,,26.361262646436874,26.361355961641873,5.639649901807134,27.387949623038157,0.18898811926351444,,,35,,,,36230,,12000,0,0,,119,0,36230,17.6470588235294,,,,,,0,50.3442841,30.4769898,
12:41:23.481,,,,,,,,,,,,,,,25,,,,,,,,,,,,,,,,,,,,,,,,,,,,,,,,,,,,,,,,,,,,,,,,,,,,,,,,,61,,,50.3442841,30.4769898,
12:41:23.516,,,,,,,,,,,,,,,,,,-85.796875,,,,,,,,,,,,,,,,,,,,,,,,,,,,,,,,,,,,,,,,,,,,,,,,,,,,,,,,,50.3442841,30.4769898,
12:41:23.553,,,,,,,,,,,,,,,,-5408,-0.34375,,,,,,,,,,,,,,,,,,,,,,,,,,,,,,,,,,,,,,,,,,,,,,,,,,,,,,,,,,50.3442841,30.4769898,
12:41:23.685,,,,,,,,,364.5,60.5,,3.793,,,,,,,,,,,,,,,,,,,,,,,,,,,,,,,,,,,,,,,,,,,,,,,,,,,,7.611,,,,,,,,,,,50.3442841,30.4769898,
12:41:23.746,14.400000000000091,,14.550000000000182,,,,,,,,,,3.784,,,,,,,,,,,,,,,,,,,,,,,,,,,,,,,,,,,,,,,,,,,,,,,,,,,7.577,,,,,,,,,,,50.3442841,30.4769898,
12:41:23.781,,13.450000000000045,,,,,,,,,,,,,,,,,,,,,,,,,,,,,,,,,,,,,,,,,,,,,,,,,,,,,,,,,,,,,,,,,,,,,,,,,50.3442841,30.4769898,
12:41:23.901,,,,,,,,,,,,,,,,,,,,,,,,,,,,,,,,,,,,,,,,,,,,,,,,,,,,,,,,56,,,,,,,,,119,,,,,,,,,,50.3442841,30.4769898,
12:41:23.973,,,,,,,,,,,,,,,,,,,,,,,,,,,,,,,,,,0,0,,,0,0,,-0.1738324091487033,0.601838813777778,0.60184,97.555465,6849.519344000001,0,-0.01,,,,,,10.895907326727553,,,,28,98,,15,,,,,119,0,,,,,,,0,,50.3442841,30.4769898,
12:41:24.105,,,,,,,,,,,,,,,,,,,,0,5.882352941176471,99,,,,,,,,,,5.882352941176471,,,,,,,,0,,,,,,,,,,,,,,0,,,,,,,,,,,,0,,17.6470588235294,99,,,,,,50.3442841,30.4769898,
12:41:24.178,,,,,,,,,,,,,,,,,,,,,,,12.627604036054855,12.627679999999998,440.12912,1010.44926895,0.1578450504506857,0.157846,5.501614,12.944772,0,,5.882352941176471,,,0,0,,,,,,,,,,,26.227130393914432,26.227236474810578,5.63947288857677,27.232751574282016,0.18898803477851742,,,35,,,,36230,,12000,0,0,,119,0,36230,17.6470588235294,,,,,,0,50.3442841,30.4769898,
12:41:24.296,,,,,,,,,,,,,,,25,,,,,,,,,,,,,,,,,,,,,,,,,,,,,,,,,,,,,,,,,,,,,,,,,,,,,,,,,61,,,50.3442841,30.4769898,
12:41:24.332,,,,,,,,,,,,,,,,,,-54.5625,,,,,,,,,,,,,,,,,,,,,,,,,,,,,,,,,,,,,,,,,,,,,,,,,,,,,,,,,50.3442841,30.4769898,
12:41:24.369,,,,,,,,,,,,,,,,-3520,-0.21875,,,,,,,,,,,,,,,,,,,,,,,,,,,,,,,,,,,,,,,,,,,,,,,,,,,,,,,,,,50.3442841,30.4769898,
12:41:24.502,,,,,,,,,361.76,60.5,,3.776,,,,,,,,,,,,,,,,,,,,,,,,,,,,,,,,,,,,,,,,,,,,,,,,,,,,7.56,,,,,,,,,,,50.3442841,30.4769898,
12:41:24.561,8.450000000000045,,8.700000000000045,,,,,,,,,,3.768,,,,,,,,,,,,,,,,,,,,,,,,,,,,,,,,,,,,,,,,,,,,,,,,,,,7.544,,,,,,,,,,,50.3442841,30.4769898,
12:41:24.608,,10.25,,,,,,,,,,,,,,,,,,,,,,,,,,,,,,,,,,,,,,,,,,,,,,,,,,,,,,,,,,,,,,,,,,,,,,,,,50.3442841,30.4769898,
12:41:24.874,,,,,,,,,,,,,,,,,,,,,,,,,,,,,,,,,,0,0,,,0,0,,-0.15329328563273784,0.6048410857777781,0.604842,97.55846700000001,6849.522346000001,0,-0.01,,,,,,10.900885784442345,,,,28,98,,12,,,,,119,0,,,,,,,0,,50.3442841,30.4769898,
12:41:24.937,,,,,,,,,,,,,,,,,,,,0,5.882352941176471,99,,,,,,,,,,5.882352941176471,,,,,,,,0,,,,,,,,,,,,,,0,,,,,,,,,,,,0,,17.6470588235294,99,,,,,,50.3442841,30.4769898,
12:41:25.008,,,,,,,,,,,,,,,,,,,,,,,12.627604036054855,12.627679999999998,440.12912,1010.44926895,0.1578450504506857,0.157846,5.501614,12.944772,0,,5.882352941176471,,,0,0,,,,,,,,,,,26.096945819695662,26.097063365308625,5.639299354714132,27.078362755018205,0.18898795194908033,,,35,,,,36230,,12000,0,0,,119,0,36230,17.6470588235294,,,,,,0,50.3442841,30.4769898,
12:41:25.140,,,,,,,,,,,,,,,25,,,,,,,,,,,,,,,,,,,,,,,,,,,,,,,,,,,,,,,,,,,,,,,,,,,,,,,,,61,,,50.3442841,30.4769898,
12:41:25.189,,,,,,,,,,,,,,,,,,-96.515625,,,,,,,,,,,,,,,,,,,,,,,,,,,,,,,,,,,,,,,,,,,,,,,,,,,,,,,,,50.3442841,30.4769898,
12:41:25.238,,,,,,,,,,,,,,,,-6048,-0.375,,,,,,,,,,,,,,,,,,,,,,,,,,,,,,,,,,,,,,,,,,,,,,,,,,,,,,,,,,50.3442841,30.4769898,
12:41:25.345,,,,19,,,,,,,,,,,,,,,,,,,,,,,,,,,,,,,,,,,,,,,,,,,,,,,,,,,,,,,,,,,,,,,,,,,92,,,,50.3442841,30.4769898,
12:41:25.453,,,,,,,,,361.76,60.5,,3.782,,,,,,,,,,,,,,,,,,,,,,,,,,,,,,,,,,,,,,,,,,,,,,,,,,,,7.55,,,,,,,,,,,50.3442841,30.4769898,
12:41:25.514,11.700000000000045,,11.550000000000182,,,,,,,,,,3.773,,,,,,,,,,,,,,,,,,,,,,,,,,,,,,,,,,,,,,,,,,,,,,,,,,,7.555,,,,,,,,,,,50.3442841,30.4769898,
12:41:25.548,,10.650000000000091,,,,,,,,,,,,,,,,,,,,,,,,,,,,,,,,,,,,,,,,,,,,,,,,,,,,,,,,,,,,,,,,,,,,,,,,,50.3442841,30.4769898,
12:41:25.680,,,,,,,,,,,,,,,,,,,,,,,,,,,,,,,,,,0.02,0,,,0,0,,-0.1326750306447422,0.606856602027778,0.606858,97.560483,6849.524362000001,0,-0.01,,,,,,10.893244418741158,,,,28,98,,9,,,,,119,0.02,,,,,,,0.024,,50.3442841,30.4769898,
12:41:25.741,,,,,,,,,,,,,,,,,,,,0,5.882352941176471,99,,,,,,,,,,5.882352941176471,,,,,,,,0,,,,,,,,,,,,,,0,,,,,,,,,,,,0.02,,17.6470588235294,99,,,,,,50.3442841,30.4769898,
12:41:25.825,,,,,,,,,,,,,,,,,,,,,,,12.627604036054855,12.627679999999998,440.12912,1010.44926895,0.1578450504506857,0.157846,5.501614,12.944772,0,,5.882352941176471,,,0,0,,,,,,,,,,,26.010271606711555,26.010368158613712,5.639182823643871,26.92456255285632,0.18898789632482219,,,35,,,,36240,,12000,0,0,,119,0.02,36240,17.6470588235294,,,,,,0,50.3442841,30.4769898,
12:41:25.898,,,,,,,,,,,,,,,,,,,37,,,,,,,,,,,,,,,,,,,,,,,,,,,,,,,,,,,,,,,,,,,,,,,,,,,,,62,,,50.3442841,30.4769898,
12:41:26.006,,,,,,,,,,,,,,,25,,,,,,,,,,,,,,,,,,,,,,,,,,,,,,,,,,,,,,,,,,,,,,,,,,,,,,,,,62,,,50.3442841,30.4769898,
12:41:26.042,,,,,,,,,,,,,,,,,,-18.0625,,,,,,,,,,,,,,,,,,,,,,,,,,,,,,,,,,,,,,,,,,,,,,,,,,,,,,,,,50.3442841,30.4769898,
12:41:26.076,,,,,,,,,,,,,,,,-1248,-0.078125,,,,,,,,,,,,,,,,,,,,,,,,,,,,,,,,,,,,,,,,,,,,,,,,,,,,,,,,,,50.3442841,30.4769898,
12:41:26.197,,,,,,,,,360.64,60.5,,3.757,,,,,,,,,,,,,,,,,,,,,,,,,,,,,,,,,,,,,,,,,,,,,,,,,,,,7.53,,,,,,,,,,,50.3442841,30.4769898,
12:41:26.256,-3.8999999999998636,,-4.0499999999999545,,,,,,,,,,3.75,,,,,,,,,,,,,,,,,,,,,,,,,,,,,,,,,,,,,,,,,,,,,,,,,,,7.507,,,,,,,,,,,50.3442841,30.4769898,
12:41:26.306,,-3.849999999999909,,,,,,,,,,,,,,,,,,,,,,,,,,,,,,,,,,,,,,,,,,,,,,,,,,,,,,,,,,,,,,,,,,,,,,,,,50.3442841,30.4769898,
12:41:26.438,,,,,,,,,,,,,,,,,,,,,,,,,,,,,,,,,,0.07,0,,,0,0,,-0.1062223408956592,0.608118245527778,0.60812,97.561745,6849.525624000001,0,-0.01,,,,,,10.87484443950262,,,,28,98,,6,,,,,119,0.07,,,,,,,0.084,,50.3442841,30.4769898,
12:41:26.497,,,,,,,,,,,,,,,,,,,,0,5.882352941176471,99,,,,,,,,,,5.882352941176471,,,,,,,,0,,,,,,,,,,,,,,0,,,,,,,,,,,,0.07,,17.6470588235294,99,,,,,,50.3442841,30.4769898,
12:41:26.569,,,,,,,,,,,,,,,,,,,,,,,12.627604036054855,12.627679999999998,440.12912,1010.44926895,0.1578450504506857,0.157846,5.501614,12.944772,0,,5.882352941176471,,,0,0,,,,,,,,,,,25.956308927007115,25.95639018614747,5.63910987856972,26.781046835835134,0.18898786150449473,,,35,,,,36230,,12000,0,0,,119,0.07,36230,17.6470588235294,,,,,,0,50.3442841,30.4769898,
12:41:26.689,,,,,,,,,,,,,,,25,,,,,,,,,,,,,,,,,,,,,,,,,,,,,,,,,,,,,,,,,,,,,,,,,,,,,,,,,62,,,50.3442841,30.4769898,
12:41:26.737,,,,,,,,,,,,,,,,,,17.109375,,,,,,,,,,,,,,,,,,,,,,,,,,,,,,,,,,,,,,,,,,,,,,,,,,,,,,,,,50.3442841,30.4769898,
12:41:26.761,,,,,,,,,,,,,,,,1088,0.0625,,,,,,,,,,,,,,,,,,,,,,,,,,,,,,,,,,,,,,,,,,,,,,,,,,,,,,,,,,50.3442841,30.4769898,
12:41:26.881,,,,,,18,18,19,,,,,,,,,,,,,,,,,,,,,,,,,,,,,,,,,,,,,,,,,,,,,,,,,,,,,,,,,,,,,,,92,,,,50.3442841,30.4769898,
12:41:26.930,,,,,,,,,359.35,60.5,,3.747,,,,,,,,,,,,,,,,,,,,,,,,,,,,,,,,,,,,,,,,,,,,,,,,,,,,7.497,,,,,,,,,,,50.3442841,30.4769898,
12:41:26.990,-6.699999999999818,,-6.7999999999999545,,,,,,,,,,3.738,,,,,,,,,,,,,,,,,,,,,,,,,,,,,,,,,,,,,,,,,,,,,,,,,,,7.485,,,,,,,,,,,50.3442841,30.4769898,
12:41:27.026,,-6.849999999999909,,,,,,,,,,,,,,,,,,,,,,,,,,,,,,,,,,,,,,,,,,,,,,,,,,,,,,,,,,,,,,,,,,,,,,,,,50.3442841,30.4769898,
12:41:27.158,,,,,,,,,,,,,,,,,,,,,,,,,,,,,,,,,,0.12,0,,,0,0,,-0.08006183034984385,0.609318920527778,0.609321,97.562946,6849.526825000001,0,-0.01,,,,,,10.857461684042688,,,,28,98,,6,,,,,119,0.12,,,,,,,0.144,,50.3442841,30.4769898,
12:41:27.221,,,,,,,,,,,,,,,,,,,,0,5.882352941176471,99,,,,,,,,,,5.882352941176471,,,,,,,,0,,,,,,,,,,,,,,0,,,,,,,,,,,,0.12,,17.6470588235294,99,,,,,,50.3442841,30.4769898,
12:41:27.294,,,,,,,,,,,,,,,,,,,,,,,12.627604036054855,12.627679999999998,440.12912,1010.44926895,0.1578450504506857,0.157846,5.501614,12.944772,0,,5.882352941176471,,,0,0,,,,,,,,,,,25.905161506221397,25.90522893515897,5.639040461119326,26.64667154312296,0.18898782836725367,,,36,,,,36240,,12000,0,0,,120,0.12,36240,17.6470588235294,,,,,,0,50.3442841,30.4769898,
12:41:27.417,,,,,,,,,,,,,,,25,,,,,,,,,,,,,,,,,,,,,,,,,,,,,,,,,,,,,,,,,,,,,,,,,,,,,,,,,62,,,50.3442841,30.4769898,
12:41:27.466,,,,,,,,,,,,,,,,,,18.09375,,,,,,,,,,,,,,,,,,,,,,,,,,,,,,,,,,,,,,,,,,,,,,,,,,,,,,,,,50.3442841,30.4769898,
12:41:27.512,,,,,,,,,,,,,,,,1248,0.0625,,,,,,,,,,,,,,,,,,,,,,,,,,,,,,,,,,,,,,,,,,,,,,,,,,,,,,,,,,50.3442841,30.4769898,
12:41:27.633,,,,,,,,,360.31,60.5,,3.745,,,,,,,,,,,,,,,,,,,,,,,,,,,,,,,,,,,,,,,,,,,,,,,,,,,,7.483,,,,,,,,,,,50.3442841,30.4769898,
12:41:27.693,-6.649999999999864,,-6.449999999999818,,,,,,,,,,3.737,,,,,,,,,,,,,,,,,,,,,,,,,,,,,,,,,,,,,,,,,,,,,,,,,,,7.482,,,,,,,,,,,50.3442841,30.4769898,
12:41:27.729,,-6.449999999999818,,,,,,,,,,,,,,,,,,,,,,,,,,,,,,,,,,,,,,,,,,,,,,,,,,,,,,,,,,,,,,,,,,,,,,,,,50.3442841,30.4769898,
12:41:27.824,,,,,,,,,,,,,,,,,,,,,,,,,,,,,,,,,,,,,,,,,,,,,,,,,,,,,,,,56,,,,,,,,,120,,,,,,,,,,50.3442841,30.4769898,
12:41:27.946,,,,,,,,,,,,,,,,,,,,,,,,,,,,,,,,,,0.06,0,,,0,0,,-0.06455180565841048,0.6104132478888892,0.610415,97.56404,6849.527919000001,0,-0.01,,,,,,10.834706523100618,,,,28,98,,5,,,,,120,0.06,,,,,,,0.072,,50.3442841,30.4769898,
12:41:28.056,,,,,,,,,,,,,,,,,,,,0,5.882352941176471,99,,,,,,,,,,5.882352941176471,,,,,,,,0,,,,,,,,,,,,,,0,,,,,,,,,,,,0.06,,17.6470588235294,99,,,,,,50.3442841,30.4769898,
12:41:28.129,,,,,,,,,,,,,,,,,,,,,,,12.627604036054855,12.627679999999998,440.12912,1010.44926895,0.1578450504506857,0.157846,5.501614,12.944772,0,,5.882352941176471,,,0,0,,,,,,,,,,,25.858719645517514,25.858800979661375,5.638977229725214,26.51748128918498,0.1889877981822998,,,36,,,,36240,,12000,0,0,,120,0.06,36240,17.6470588235294,,,,,,0,50.3442841,30.4769898,
12:41:28.273,,,,,,,,,,,,,,,25,,,,,,,,,,,,,,,,,,,,,,,,,,,,,,,,,,,,,,,,,,,,,,,,,,,,,,,,,62,,,50.3442841,30.4769898,
12:41:28.309,,,,,,,,,,,,,,,,,,19.15625,,,,,,,,,,,,,,,,,,,,,,,,,,,,,,,,,,,,,,,,,,,,,,,,,,,,,,,,,50.3442841,30.4769898,
12:41:28.369,,,,,,,,,,,,,,,,1280,0.078125,,,,,,,,,,,,,,,,,,,,,,,,,,,,,,,,,,,,,,,,,,,,,,,,,,,,,,,,,,50.3442841,30.4769898,
12:41:28.514,,,,,18,,,,,,86.6758781031239,,,86.6758781031239,,,,,,,,,,,,,,,,,,,,,,,,,,,,,,,,,,,,,,,,,,,,,,,,,,,,,,,,127.5,92,,,,50.3442841,30.4769898,
12:41:28.561,,,,,,,,,358.38,60.5,,3.743,,,,,,,,,,,,,,,,,,,,,,,,,,,,,,,,,,,,,,,,,,,,,,,,,,,,7.48,,,,,,,,,,,50.3442841,30.4769898,
12:41:28.622,-4.25,,-4.399999999999864,,,,,,,,,,3.736,,,,,,,,,,,,,,,,,,,,,,,,,,,,,,,,,,,,,,,,,,,,,,,,,,,7.479,,,,,,,,,,,50.3442841,30.4769898,
12:41:28.658,,-3.849999999999909,,,,,,,,,,,,,,,,,,,,,,,,,,,,,,,,,,,,,,,,,,,,,,,,,,,,,,,,,,,,,,,,,,,,,,,,,50.3442841,30.4769898,
12:41:28.766,,,,,,,,,,,,,,,,,,,,,,,,,,,,,,,,,,0.03,,,,0,0,,-0.08261971460409819,0.6104132478888892,0.610415,97.56404,6849.527919000001,0,-0.01,,,,,,10.79103496752252,,,,28,98,,0,,,,,120,0.03,,,,,,,0.036,,50.3442841,30.4769898,
12:41:28.829,,,,,,,,,,,,,,,,,,,,0,5.882352941176471,99,,,,,,,,,,5.882352941176471,,,,,,,,0,,,,,,,,,,,,,,0,,,,,,,,,,,,0.03,,17.6470588235294,99,,,,,,50.3442841,30.4769898,
12:41:28.913,,,,,,,,,,,,,,,,,,,,,,,12.627604036054855,12.627679999999998,440.12912,1010.44926895,0.1578450504506857,0.157846,5.501614,12.944772,0,,5.882352941176471,,,0,0,,,,,,,,,,,25.858719645517514,25.858800979661375,5.638977229725214,26.393913271155302,0.1889877981822998,,,36,,,,36240,,12000,0,0,,120,0.03,36240,17.6470588235294,,,,,,0,50.3442841,30.4769898,
12:41:29.021,,,,,,,,,,,,,,,25,,,,,,,,,,,,,,,,,,,,,,,,,,,,,,,,,,,,,,,,,,,,,,,,,,,,,,,,,62,,,50.3442841,30.4769898,
12:41:29.058,,,,,,,,,,,,,,,,,,4.46875,,,,,,,,,,,,,,,,,,,,,,,,,,,,,,,,,,,,,,,,,,,,,,,,,,,,,,,,,50.3442841,30.4769898,
12:41:29.094,,,,,,,,,,,,,,,,64,0,,,,,,,,,,,,,,,,,,,,,,,,,,,,,,,,,,,,,,,,,,,,,,,,,,,,,,,,,,50.3442841,30.4769898,
12:41:29.202,,,,,,,,,358.86,60.5,,3.742,,,,,,,,,,,,,,,,,,,,,,,,,,,,,,,,,,,,,,,,,,,,,,,,,,,,7.478,,,,,,,,,,,50.3442841,30.4769898,
12:41:29.272,-4.75,,-4.75,,,,,,,,,,3.733,,,,,,,,,,,,,,,,,,,,,,,,,,,,,,,,,,,,,,,,,,,,,,,,,,,7.475,,,,,,,,,,,50.3442841,30.4769898,
12:41:29.310,,-4.5,,,,,,,,,,,,,,,,,,,,,,,,,,,,,,,,,,,,,,,,,,,,,,,,,,,,,,,,,,,,,,,,,,,,,,,,,50.3442841,30.4769898,
12:41:29.429,,,,,,,,,,,,,,,,,,,,,,,,,,,,,,,,,,0.09,,,,0,0,,-0.056812452611241335,0.6104132478888892,0.610415,97.56404,6849.527919000001,0,-0.01,,,,,,10.756035781080726,,,,28,98,,0,,,,,120,0.09,,,,,,,0.108,,50.3442841,30.4769898,
12:41:29.512,,,,,,,,,,,,,,,,,,,,0,5.882352941176471,99,,,,,,,,,,5.882352941176471,,,,,,,,0,,,,,,,,,,,,,,0,,,,,,,,,,,,0.09,,17.6470588235294,99,,,,,,50.3442841,30.4769898,
12:41:29.585,,,,,,,,,,,,,,,,,,,,,,,12.627604036054855,12.627679999999998,440.12912,1010.44926895,0.1578450504506857,0.157846,5.501614,12.944772,0,,5.882352941176471,,,0,0,,,,,,,,,,,25.858719645517514,25.858800979661375,5.638977229725214,26.283804350462006,0.1889877981822998,,,36,,,,36250,,12000,0,0,,120,0.09,36250,17.6470588235294,,,,,,0,50.3442841,30.4769898,
12:41:29.770,,,,,,,,,,,,,,,25,,,,,,,,,,,,,,,,,,,,,,,,,,,,,,,,,,,,,,,,,,,,,,,,,,,,,,,,,62,,,50.3442841,30.4769898,
12:41:29.805,,,,,,,,,,,,,,,,,,-39.40625,,,,,,,,,,,,,,,,,,,,,,,,,,,,,,,,,,,,,,,,,,,,,,,,,,,,,,,,,50.3442841,30.4769898,
12:41:29.853,,,,,,,,,,,,,,,,-2560,-0.15625,,,,,,,,,,,,,,,,,,,,,,,,,,,,,,,,,,,,,,,,,,,,,,,,,,,,,,,,,,50.3442841,30.4769898,
12:41:29.985,,,,,,,,,358.38,60.5,,3.737,,,,,,,,,,,,,,,,,,,,,,,,,,,,,,,,,,,,,,,,,,,,,,,,,,,,7.47,,,,,,,,,,,50.3442841,30.4769898,
12:41:30.045,-6.599999999999909,,-6.5499999999999545,,,,,,,,,,3.729,,,,,,,,,,,,,,,,,,,,,,,,,,,,,,,,,,,,,,,,,,,,,,,,,,,7.466,,,,,,,,,,,50.3442841,30.4769898,
12:41:30.094,,-6.449999999999818,,,,,,,,,,,,,,,,,,,,,,,,,,,,,,,,,,,,,,,,,,,,,,,,,,,,,,,,,,,,,,,,,,,,,,,,,50.3442841,30.4769898,
12:41:30.297,,,,,,,,,,,,,,,,,,,,,,,,,,,,,,,,,,0.14,,,,0,0,,-0.05414269524486493,0.6104132478888892,0.610415,97.56404,6849.527919000001,0,-0.01,,,,,,10.710559071134101,,,,28,98,,0,,,,,120,0.14,,,,,,,0.168,,50.3442841,30.4769898,
12:41:30.404,,,,,,,,,,,,,,,,,,,,0,5.882352941176471,99,,,,,,,,,,5.882352941176471,,,,,,,,10.588235294117647,,,,,,,,,,,,,,0,,,,,,,,,,,,0.14,,17.6470588235294,99,,,,,,50.3442841,30.4769898,
12:41:30.513,,,,,,,,,,,,,,,,,,,,,,,12.627604036054855,12.627679999999998,440.12912,1010.44926895,0.1578450504506857,0.157846,5.501614,12.944772,0,,5.882352941176471,,,0,0,,,,,,,,,,,25.858719645517514,25.858800979661375,5.638977229725214,26.180271559296095,0.1889877981822998,,,36,,,,36260,,12000,0,0,,120,0.14,36260,17.6470588235294,,,,,,0,50.3442841,30.4769898,
12:41:30.680,,,,,,,,,,,,,,,25,,,,,,,,,,,,,,,,,,,,,,,,,,,,,,,,,,,,,,,,,,,,,,,,,,,,,,,,,62,,,50.3442841,30.4769898,
12:41:30.729,,,,,,,,,,,,,,,,,,-39.8125,,,,,,,,,,,,,,,,,,,,,,,,,,,,,,,,,,,,,,,,,,,,,,,,,,,,,,,,,50.3442841,30.4769898,
12:41:30.765,,,,,,,,,,,,,,,,-2624,-0.171875,,,,,,,,,,,,,,,,,,,,,,,,,,,,,,,,,,,,,,,,,,,,,,,,,,,,,,,,,,50.3442841,30.4769898,
12:41:30.921,,,,,,,,,357.09000000000003,60.5,,3.732,,,,,,,,,,,,,,,,,,,,,,,,,,,,,,,,,,,,,,,,,,,,,,,,,,,,7.461,,,,,,,,,,,50.3442841,30.4769898,
12:41:31.018,-6.2999999999999545,,-6.5499999999999545,,,,,,,,,,3.725,,,,,,,,,,,,,,,,,,,,,,,,,,,,,,,,,,,,,,,,,,,,,,,,,,,7.457,,,,,,,,,,,50.3442841,30.4769898,
12:41:31.089,,-6,,,,,,,,,,,,,,,,,,,,,,,,,,,,,,,,,,,,,,,,,,,,,,,,,,,,,,,,,,,,,,,,,,,,,,,,,50.3442841,30.4769898,
12:41:31.197,,,,,,,,,,,,,,,,,,,,,,,,,,,,,,,,,,0.12,,,,0,0,,-0.043564894989890655,0.6104132478888892,0.610415,97.56404,6849.527919000001,0,-0.01,,,,,,10.663777004857506,,,,28,98,,0,,,,,120,0.12,,,,,,,0.144,,50.3442841,30.4769898,
12:41:31.270,,,,,,,,,,,,,,,,,,,,0,5.882352941176471,99,,,,,,,,,,5.882352941176471,,,,,,,,0,,,,,,,,,,,,,,0,,,,,,,,,,,,0.12,,17.6470588235294,99,,,,,,50.3442841,30.4769898,
12:41:31.353,,,,,,,,,,,,,,,,,,,,,,,12.627604036054855,12.627679999999998,440.12912,1010.44926895,0.1578450504506857,0.157846,5.501614,12.944772,0,,5.882352941176471,,,0,0,,,,,,,,,,,25.858719645517514,25.858800979661375,5.638977229725214,26.087175814814227,0.1889877981822998,,,36,,,,36270,,12000,0,0,,120,0.12,36270,17.6470588235294,,,,,,0,50.3442841,30.4769898,
12:41:31.485,,,,,,,,,,,,,,,25,,,,,,,,,,,,,,,,,,,,,,,,,,,,,,,,,,,,,,,,,,,,,,,,,,,,,,,,,62,,,50.3442841,30.4769898,
12:41:31.522,,,,,,,,,,,,,,,,,,-26.9375,,,,,,,,,,,,,,,,,,,,,,,,,,,,,,,,,,,,,,,,,,,,,,,,,,,,,,,,,50.3442841,30.4769898,
12:41:31.557,,,,,,,,,,,,,,,,-1760,-0.109375,,,,,,,,,,,,,,,,,,,,,,,,,,,,,,,,,,,,,,,,,,,,,,,,,,,,,,,,,,50.3442841,30.4769898,
12:41:31.678,,,,,,,,,356.93,60.5,,3.731,,,,,,,,,,,,,,,,,,,,,,,,,,,,,,,,,,,,,,,,,,,,,,,,,,,,7.456,,,,,,,,,,,50.3442841,30.4769898,
12:41:31.738,-5.849999999999909,,-6,,,,,,,,,,3.724,,,,,,,,,,,,,,,,,,,,,,,,,,,,,,,,,,,,,,,,,,,,,,,,,,,7.455,,,,,,,,,,,50.3442841,30.4769898,
12:41:31.785,,-5.599999999999909,,,,,,,,,,,,,,,,,,,,,,,,,,,,,,,,,,,,,,,,,,,,,,,,,,,,,,,,,,,,,,,,,,,,,,,,,50.3442841,30.4769898,
12:41:31.882,,,,,,,,,,,,,,,,,,,,,,,,,,,,,,,,,,,,,,,,,,,,,,,,,,,,,,,,57,,,,,,,,,121,,,,,,,,,,50.3442841,30.4769898,
12:41:31.941,,,,,,,,,,,,,,,,,,,,,,,,,,,,,,,,,,0.15,0,,,0,0,,0.017843576129988627,0.6108266811111114,0.610828,97.564453,6849.528332000001,0,-0.01,,,,,,10.632602166689916,,,,28,98,,2,,,,,121,0.15,,,,,,,0.18,,50.3442841,30.4769898,
12:41:32.025,,,,,,,,,,,,,,,,,,,,0,5.882352941176471,99,,,,,,,,,,5.882352941176471,,,,,,,,0,,,,,,,,,,,,,,0,,,,,,,,,,,,0.15,,17.6470588235294,99,,,,,,50.3442841,30.4769898,
12:41:32.110,,,,,,,,,,,,,,,,,,,,,,,12.627604036054855,12.627679999999998,440.12912,1010.44926895,0.1578450504506857,0.157846,5.501614,12.944772,0,,5.882352941176471,,,0,0,,,,,,,,,,,25.841217375043442,25.841317031963168,5.638953359375673,26.017039232013573,0.18898778678706835,,,36,,,,36280,,12000,0,0,,121,0.15,36280,17.6470588235294,,,,,,0,50.3442841,30.4769898,
12:41:32.206,,,,,,,,,,,,,,,,,,,37,,,,,,,,,,,,,,,,,,,,,,,,,,,,,,,,,,,,,,,,,,,,,,,,,,,,,62,,,50.3442841,30.4769898,
12:41:32.314,,,,,,,,,,,,,,,25,,,,,,,,,,,,,,,,,,,,,,,,,,,,,,,,,,,,,,,,,,,,,,,,,,,,,,,,,62,,,50.3442841,30.4769898,
12:41:32.349,,,,,,,,,,,,,,,,,,-29.484375,,,,,,,,,,,,,,,,,,,,,,,,,,,,,,,,,,,,,,,,,,,,,,,,,,,,,,,,,50.3442841,30.4769898,
12:41:32.385,,,,,,,,,,,,,,,,-1856,-0.125,,,,,,,,,,,,,,,,,,,,,,,,,,,,,,,,,,,,,,,,,,,,,,,,,,,,,,,,,,50.3442841,30.4769898,
12:41:32.505,,,,,,,,,356.61,60.5,,3.73,,,,,,,,,,,,,,,,,,,,,,,,,,,,,,,,,,,,,,,,,,,,,,,,,,,,7.454,,,,,,,,,,,50.3442841,30.4769898,
12:41:32.577,-5.649999999999864,,-5.649999999999864,,,,,,,,,,3.722,,,,,,,,,,,,,,,,,,,,,,,,,,,,,,,,,,,,,,,,,,,,,,,,,,,7.452,,,,,,,,,,,50.3442841,30.4769898,
12:41:32.661,,-5.149999999999864,,,,,,,,,,,,,,,,,,,,,,,,,,,,,,,,,,,,,,,,,,,,,,,,,,,,,,,,,,,,,,,,,,,,,,,,,50.3442841,30.4769898,
12:41:32.794,,,,,,,,,,,,,,,,,,,,,,,,,,,,,,,,,,0.17,,,,0,0,,,0.6108266811111114,0.610828,97.564453,6849.528332000001,0,-0.01,,,,,,10.588933252433135,,,,28,98,,0,,,,,121,0.17,,,,,,,0.20400000000000001,,50.3442841,30.4769898,
12:41:32.854,,,,,,,,,,,,,,,,,,,,0,5.882352941176471,99,,,,,,,,,,5.882352941176471,,,,,,,,0,,,,,,,,,,,,,,0,,,,,,,,,,,,0.17,,17.6470588235294,99,,,,,,50.3442841,30.4769898,
12:41:32.937,,,,,,,,,,,,,,,,,,,,,,,12.627604036054855,12.627679999999998,440.12912,1010.44926895,0.1578450504506857,0.157846,5.501614,12.944772,0,,5.882352941176471,,,0,0,,,,,,,,,,,25.841217375043442,25.841317031963168,5.638953359375673,25.964085682897043,0.18898778678706835,,,36,,,,36290,,12000,0,0,,121,0.17,36290,17.6470588235294,,,,,,0,50.3442841,30.4769898,
12:41:33.069,,,,,,,,,,,,,,,25,,,,,,,,,,,,,,,,,,,,,,,,,,,,,,,,,,,,,,,,,,,,,,,,,,,,,,,,,62,,,50.3442841,30.4769898,
12:41:33.105,,,,,,,,,,,,,,,,,,-37.015625,,,,,,,,,,,,,,,,,,,,,,,,,,,,,,,,,,,,,,,,,,,,,,,,,,,,,,,,,50.3442841,30.4769898,
12:41:33.154,,,,,,,,,,,,,,,,-2240,-0.140625,,,,,,,,,,,,,,,,,,,,,,,,,,,,,,,,,,,,,,,,,,,,,,,,,,,,,,,,,,50.3442841,30.4769898,
12:41:33.237,,,,19,,,,,,,,,,,,,,,,,,,,,,,,,,,,,,,,,,,,,,,,,,,,,,,,,,,,,,,,,,,,,,,,,,,92,,,,50.3442841,30.4769898,
12:41:33.345,,,,,,,,,358.7,60.5,,3.729,,,,,,,,,,,,,,,,,,,,,,,,,,,,,,,,,,,,,,,,,,,,,,,,,,,,7.451,,,,,,,,,,,50.3442841,30.4769898,
12:41:33.405,-5.449999999999818,,-5.2999999999999545,,,,,,,,,,3.721,,,,,,,,,,,,,,,,,,,,,,,,,,,,,,,,,,,,,,,,,,,,,,,,,,,7.45,,,,,,,,,,,50.3442841,30.4769898,
12:41:33.465,,-5.149999999999864,,,,,,,,,,,,,,,,,,,,,,,,,,,,,,,,,,,,,,,,,,,,,,,,,,,,,,,,,,,,,,,,,,,,,,,,,50.3442841,30.4769898,
12:41:33.609,,,,,,,,,,,,,,,,,,,,,,,,,,,,,,,,,,0.1,,,,0,0,,,0.6108266811111114,0.610828,97.564453,6849.528332000001,0,-0.01,,,,,,10.54753999765218,,,,28,98,,0,,,,,121,0.1,,,,,,,0.12,,50.3442841,30.4769898,
12:41:33.682,,,,,,,,,,,,,,,,,,,,0,5.882352941176471,99,,,,,,,,,,5.882352941176471,,,,,,,,0,,,,,,,,,,,,,,0,,,,,,,,,,,,0.1,,17.6470588235294,99,,,,,,50.3442841,30.4769898,
12:41:33.765,,,,,,,,,,,,,,,,,,,,,,,12.627604036054855,12.627679999999998,440.12912,1010.44926895,0.1578450504506857,0.157846,5.501614,12.944772,0,,5.882352941176471,,,0,0,,,,,,,,,,,25.841217375043442,25.841317031963168,5.638953359375673,25.924082200482164,0.18898778678706835,,,36,,,,36310,,12000,0,0,,121,0.1,36310,17.6470588235294,,,,,,0,50.3442841,30.4769898,
12:41:33.910,,,,,,,,,,,,,,,25,,,,,,,,,,,,,,,,,,,,,,,,,,,,,,,,,,,,,,,,,,,,,,,,,,,,,,,,,62,,,50.3442841,30.4769898,
12:41:33.946,,,,,,,,,,,,,,,,,,-36.21875,,,,,,,,,,,,,,,,,,,,,,,,,,,,,,,,,,,,,,,,,,,,,,,,,,,,,,,,,50.3442841,30.4769898,
12:41:33.993,,,,,,,,,,,,,,,,-2304,-0.140625,,,,,,,,,,,,,,,,,,,,,,,,,,,,,,,,,,,,,,,,,,,,,,,,,,,,,,,,,,50.3442841,30.4769898,
12:41:34.137,,,,,,,,,358.7,60.5,,3.726,,,,,,,,,,,,,,,,,,,,,,,,,,,,,,,,,,,,,,,,,,,,,,,,,,,,7.447,,,,,,,,,,,50.3442841,30.4769898,
12:41:34.186,-6.5,,-6.599999999999909,,,,,,,,,,3.718,,,,,,,,,,,,,,,,,,,,,,,,,,,,,,,,,,,,,,,,,,,,,,,,,,,7.444,,,,,,,,,,,50.3442841,30.4769898,
12:41:34.221,,-6.199999999999818,,,,,,,,,,,,,,,,,,,,,,,,,,,,,,,,,,,,,,,,,,,,,,,,,,,,,,,,,,,,,,,,,,,,,,,,,50.3442841,30.4769898,
12:41:34.354,,,,,,,,,,,,,,,,,,,,,,,,,,,,,,,,,,0.17,,,,0,0,,0,0.6108266811111114,0.610828,97.564453,6849.528332000001,0,-0.01,,,,,,10.509992029692533,,,,28,98,,0,,,,,121,0.17,,,,,,,0.20400000000000001,,50.3442841,30.4769898,
12:41:34.474,,,,,,,,,,,,,,,,,,,,0,5.882352941176471,99,,,,,,,,,,5.882352941176471,,,,,,,,0,,,,,,,,,,,,,,0,,,,,,,,,,,,0.17,,17.6470588235294,99,,,,,,50.3442841,30.4769898,
12:41:34.562,,,,,,,,,,,,,,,,,,,,,,,12.627604036054855,12.627679999999998,440.12912,1010.44926895,0.1578450504506857,0.157846,5.501614,12.944772,0,,5.882352941176471,,,0,0,,,,,,,,,,,25.841217375043442,25.841317031963168,5.638953359375673,25.894396583645936,0.18898778678706835,,,36,,,,36310,,12000,0,0,,121,0.17,36310,17.6470588235294,,,,,,0,50.3442841,30.4769898,
12:41:34.681,,,,,,,,,,,,,,,25,,,,,,,,,,,,,,,,,,,,,,,,,,,,,,,,,,,,,,,,,,,,,,,,,,,,,,,,,62,,,50.3442841,30.4769898,
12:41:34.754,,,,,,,,,,,,,,,,,,-31.78125,,,,,,,,,,,,,,,,,,,,,,,,,,,,,,,,,,,,,,,,,,,,,,,,,,,,,,,,,50.3442841,30.4769898,
12:41:34.801,,,,,,,,,,,,,,,,-2080,-0.140625,,,,,,,,,,,,,,,,,,,,,,,,,,,,,,,,,,,,,,,,,,,,,,,,,,,,,,,,,,50.3442841,30.4769898,
12:41:34.909,,,,,,18,18,19,,,,,,,,,,,,,,,,,,,,,,,,,,,,,,,,,,,,,,,,,,,,,,,,,,,,,,,,,,,,,,,92,,,,50.3442841,30.4769898,
12:41:34.981,,,,,18,,,,,,86.6758781031239,,,86.6758781031239,,,,,,,,,,,,,,,,,,,,,,,,,,,,,,,,,,,,,,,,,,,,,,,,,,,,,,,,127.5,92,,,,50.3442841,30.4769898,
12:41:35.042,,,,,,,,,356.77,60.5,,3.724,,,,,,,,,,,,,,,,,,,,,,,,,,,,,,,,,,,,,,,,,,,,,,,,,,,,7.442,,,,,,,,,,,50.3442841,30.4769898,
12:41:35.101,-7.349999999999909,,-7.2999999999999545,,,,,,,,,,3.716,,,,,,,,,,,,,,,,,,,,,,,,,,,,,,,,,,,,,,,,,,,,,,,,,,,7.44,,,,,,,,,,,50.3442841,30.4769898,
12:41:35.149,,-7.0499999999999545,,,,,,,,,,,,,,,,,,,,,,,,,,,,,,,,,,,,,,,,,,,,,,,,,,,,,,,,,,,,,,,,,,,,,,,,,50.3442841,30.4769898,
12:41:35.258,,,,,,,,,,,,,,,,,,,,,,,,,,,,,,,,,,0.15,,,,0,0,,-0.017079799510460035,0.6108266811111114,0.610828,97.564453,6849.528332000001,0,-0.01,,,,,,10.464780354379435,,,,28,98,,0,,,,,121,0.15,,,,,,,0.18,,50.3442841,30.4769898,
12:41:35.317,,,,,,,,,,,,,,,,,,,,0,5.882352941176471,99,,,,,,,,,,5.882352941176471,,,,,,,,0,,,,,,,,,,,,,,0,,,,,,,,,,,,0.15,,17.6470588235294,99,,,,,,50.3442841,30.4769898,
12:41:35.389,,,,,,,,,,,,,,,,,,,,,,,12.627604036054855,12.627679999999998,440.12912,1010.44926895,0.1578450504506857,0.157846,5.501614,12.944772,0,,5.882352941176471,,,0,0,,,,,,,,,,,25.841217375043442,25.841317031963168,5.638953359375673,25.87472516482653,0.18898778678706835,,,36,,,,36330,,12000,0,0,,121,0.15,36330,17.6470588235294,,,,,,0,50.3442841,30.4769898,
12:41:35.534,,,,,,,,,,,,,,,25,,,,,,,,,,,,,,,,,,,,,,,,,,,,,,,,,,,,,,,,,,,,,,,,,,,,,,,,,62,,,50.3442841,30.4769898,
12:41:35.581,,,,,,,,,,,,,,,,,,-29.171875,,,,,,,,,,,,,,,,,,,,,,,,,,,,,,,,,,,,,,,,,,,,,,,,,,,,,,,,,50.3442841,30.4769898,
12:41:35.617,,,,,,,,,,,,,,,,-1856,-0.125,,,,,,,,,,,,,,,,,,,,,,,,,,,,,,,,,,,,,,,,,,,,,,,,,,,,,,,,,,50.3442841,30.4769898,
12:41:35.750,,,,,,,,,358.06,60.5,,3.724,,,,,,,,,,,,,,,,,,,,,,,,,,,,,,,,,,,,,,,,,,,,,,,,,,,,7.44,,,,,,,,,,,50.3442841,30.4769898,
12:41:35.832,-6.849999999999909,,-6.949999999999818,,,,,,,,,,3.715,,,,,,,,,,,,,,,,,,,,,,,,,,,,,,,,,,,,,,,,,,,,,,,,,,,7.439,,,,,,,,,,,50.3442841,30.4769898,
12:41:35.917,,-6.449999999999818,,,,,,,,,,,,,,,,,,,,,,,,,,,,,,,,,,,,,,,,,,,,,,,,,,,,,,,,,,,,,,,,,,,,,,,,,50.3442841,30.4769898,
12:41:36.024,,,,,,,,,,,,,,,,,,,,,,,,,,,,,,,,,,,,,,,,,,,,,,,,,,,,,,,,58,,,,,,,,,122,,,,,,,,,,50.3442841,30.4769898,
12:41:36.084,,,,,,,,,,,,,,,,,,,,,,,,,,,,,,,,,,0.05,,,,0,0,,0,0.6108266811111114,0.610828,97.564453,6849.528332000001,0,-0.01,,,,,,10.423768558099683,,,,28,98,,0,,,,,122,0.05,,,,,,,0.06,,50.3442841,30.4769898,
12:41:36.145,,,,,,,,,,,,,,,,,,,,0,5.882352941176471,99,,,,,,,,,,5.882352941176471,,,,,,,,0,,,,,,,,,,,,,,0,,,,,,,,,,,,0.05,,17.6470588235294,99,,,,,,50.3442841,30.4769898,
12:41:36.229,,,,,,,,,,,,,,,,,,,,,,,12.627604036054855,12.627679999999998,440.12912,1010.44926895,0.1578450504506857,0.157846,5.501614,12.944772,0,,5.882352941176471,,,0,0,,,,,,,,,,,25.841217375043442,25.841317031963168,5.638953359375673,25.861720993159757,0.18898778678706835,,,37,,,,36330,,12000,0,0,,123,0.05,36330,17.6470588235294,,,,,,0,50.3442841,30.4769898,
12:41:36.337,,,,,,,,,,,,,,,25,,,,,,,,,,,,,,,,,,,,,,,,,,,,,,,,,,,,,,,,,,,,,,,,,,,,,,,,,62,,,50.3442841,30.4769898,
12:41:36.372,,,,,,,,,,,,,,,,,,-24.34375,,,,,,,,,,,,,,,,,,,,,,,,,,,,,,,,,,,,,,,,,,,,,,,,,,,,,,,,,50.3442841,30.4769898,
12:41:36.422,,,,,,,,,,,,,,,,-1632,-0.109375,,,,,,,,,,,,,,,,,,,,,,,,,,,,,,,,,,,,,,,,,,,,,,,,,,,,,,,,,,50.3442841,30.4769898,
12:41:36.530,,,,,,,,,358.22,60.5,,3.722,,,,,,,,,,,,,,,,,,,,,,,,,,,,,,,,,,,,,,,,,,,,,,,,,,,,7.437,,,,,,,,,,,50.3442841,30.4769898,
12:41:36.598,-5.949999999999818,,-5.949999999999818,,,,,,,,,,3.715,,,,,,,,,,,,,,,,,,,,,,,,,,,,,,,,,,,,,,,,,,,,,,,,,,,7.437,,,,,,,,,,,50.3442841,30.4769898,
12:41:36.658,,-5.599999999999909,,,,,,,,,,,,,,,,,,,,,,,,,,,,,,,,,,,,,,,,,,,,,,,,,,,,,,,,,,,,,,,,,,,,,,,,,50.3442841,30.4769898,
12:41:36.777,,,,,,,,,,,,,,,,,,,,,,,,,,,,,,,,,,0.11,0,,,0,0,,0.01788029963212808,0.6112116362222225,0.611213,97.56483800000001,6849.528717000001,0,-0.01,,,,,,10.396190154600559,,,,28,98,,2,,,,,123,0.11,,,,,,,0.132,,50.3442841,30.4769898,
12:41:36.840,,,,,,,,,,,,,,,,,,,,0,5.882352941176471,99,,,,,,,,,,5.882352941176471,,,,,,,,0,,,,,,,,,,,,,,0,,,,,,,,,,,,0.11,,17.6470588235294,99,,,,,,50.3442841,30.4769898,
12:41:36.913,,,,,,,,,,,,,,,,,,,,,,,12.627604036054855,12.627679999999998,440.12912,1010.44926895,0.1578450504506857,0.157846,5.501614,12.944772,0,,5.882352941176471,,,0,0,,,,,,,,,,,25.82494198348293,25.825039716105515,5.6389311075369175,25.851615843657893,0.1889877761643962,,,37,,,,36330,,12000,0,0,,123,0.11,36330,17.6470588235294,,,,,,0,50.3442841,30.4769898,
12:41:37.057,,,,,,,,,,,,,,,25,,,,,,,,,,,,,,,,,,,,,,,,,,,,,,,,,,,,,,,,,,,,,,,,,,,,,,,,,62,,,50.3442841,30.4769898,
12:41:37.105,,,,,,,,,,,,,,,,,,-24.953125,,,,,,,,,,,,,,,,,,,,,,,,,,,,,,,,,,,,,,,,,,,,,,,,,,,,,,,,,50.3442841,30.4769898,
12:41:37.141,,,,,,,,,,,,,,,,-1568,-0.109375,,,,,,,,,,,,,,,,,,,,,,,,,,,,,,,,,,,,,,,,,,,,,,,,,,,,,,,,,,50.3442841,30.4769898,
12:41:37.382,,,,,,,,,355.97,60.5,,3.724,,,,,,,,,,,,,,,,,,,,,,,,,,,,,,,,,,,,,,,,,,,,,,,,,,,,7.439,,,,,,,,,,,50.3442841,30.4769898,
12:41:37.453,-5.949999999999818,,-5.75,,,,,,,,,,3.715,,,,,,,,,,,,,,,,,,,,,,,,,,,,,,,,,,,,,,,,,,,,,,,,,,,7.439,,,,,,,,,,,50.3442841,30.4769898,
12:41:37.489,,-5.349999999999909,,,,,,,,,,,,,,,,,,,,,,,,,,,,,,,,,,,,,,,,,,,,,,,,,,,,,,,,,,,,,,,,,,,,,,,,,50.3442841,30.4769898,
12:41:37.609,,,,,,,,,,,,,,,,,,,,,,,,,,,,,,,,,,0.12,0,,,0,0,,0.017401903274416625,0.611673970277778,0.611675,97.56530000000001,6849.529179000001,0,-0.01,,,,,,10.363306015402856,,,,28,98,,2,,,,,123,0.12,,,,,,,0.144,,50.3442841,30.4769898,
12:41:37.682,,,,,,,,,,,,,,,,,,,,0,5.882352941176471,99,,,,,,,,,,5.882352941176471,,,,,,,,0,,,,,,,,,,,,,,0,,,,,,,,,,,,0.12,,17.6470588235294,99,,,,,,50.3442841,30.4769898,
12:41:37.752,,,,,,,,,,,,,,,,,,,,,,,12.627604036054855,12.627679999999998,440.12912,1010.44926895,0.1578450504506857,0.157846,5.501614,12.944772,0,,5.882352941176471,,,0,0,,,,,,,,,,,25.805422189046872,25.80553398455062,5.638904405562222,25.843943588490614,0.1889877634171912,,,37,,,,36350,,12000,0,0,,123,0.12,36350,17.6470588235294,,,,,,0,50.3442841,30.4769898,
12:41:37.897,,,,,,,,,,,,,,,25,,,,,,,,,,,,,,,,,,,,,,,,,,,,,,,,,,,,,,,,,,,,,,,,,,,,,,,,,62,,,50.3442841,30.4769898,
12:41:37.934,,,,,,,,,,,,,,,,,,-33.15625,,,,,,,,,,,,,,,,,,,,,,,,,,,,,,,,,,,,,,,,,,,,,,,,,,,,,,,,,50.3442841,30.4769898,
12:41:37.981,,,,,,,,,,,,,,,,-2336,-0.15625,,,,,,,,,,,,,,,,,,,,,,,,,,,,,,,,,,,,,,,,,,,,,,,,,,,,,,,,,,50.3442841,30.4769898,
12:41:38.088,,,,,,,,,355.81,60.5,,3.723,,,,,,,,,,,,,,,,,,,,,,,,,,,,,,,,,,,,,,,,,,,,,,,,,,,,7.438,,,,,,,,,,,50.3442841,30.4769898,
12:41:38.148,-5.5499999999999545,,-5.5499999999999545,,,,,,,,,,3.715,,,,,,,,,,,,,,,,,,,,,,,,,,,,,,,,,,,,,,,,,,,,,,,,,,,7.438,,,,,,,,,,,50.3442841,30.4769898,
12:41:38.184,,-5.349999999999909,,,,,,,,,,,,,,,,,,,,,,,,,,,,,,,,,,,,,,,,,,,,,,,,,,,,,,,,,,,,,,,,,,,,,,,,,50.3442841,30.4769898,
12:41:38.306,,,,,,,,,,,,,,,,,,,,,,,,,,,,,,,,,,0,,,,0,0,,,0.611673970277778,0.611675,97.56530000000001,6849.529179000001,0,-0.01,,,,,,10.329448695788471,,,,28,98,,0,,,,,123,0,,,,,,,0,,50.3442841,30.4769898,
12:41:38.369,,,,,,,,,,,,,,,,,,,,0,5.882352941176471,99,,,,,,,,,,5.882352941176471,,,,,,,,0,,,,,,,,,,,,,,0,,,,,,,,,,,,0,,17.6470588235294,99,,,,,,50.3442841,30.4769898,
12:41:38.441,,,,,,,,,,,,,,,,,,,,,,,12.627604036054855,12.627679999999998,440.12912,1010.44926895,0.1578450504506857,0.157846,5.501614,12.944772,0,,5.882352941176471,,,0,0,,,,,,,,,,,25.805422189046872,25.80553398455062,5.638904405562222,25.83984378414672,0.1889877634171912,,,37,,,,36360,,12000,0,0,,123,0,36360,17.6470588235294,,,,,,0,50.3442841,30.4769898,
12:41:38.502,,,,,,,,,,,,,,,,,,,38,,,,,,,,,,,,,,,,,,,,,,,,,,,,,,,,,,,,,,,,,,,,,,,,,,,,,63,,,50.3442841,30.4769898,
12:41:38.621,,,,,,,,,,,,,,,25,,,,,,,,,,,,,,,,,,,,,,,,,,,,,,,,,,,,,,,,,,,,,,,,,,,,,,,,,63,,,50.3442841,30.4769898,
12:41:38.682,,,,,,,,,,,,,,,,,,19.890625,,,,,,,,,,,,,,,,,,,,,,,,,,,,,,,,,,,,,,,,,,,,,,,,,,,,,,,,,50.3442841,30.4769898,
12:41:38.717,,,,,,,,,,,,,,,,1248,0.0625,,,,,,,,,,,,,,,,,,,,,,,,,,,,,,,,,,,,,,,,,,,,,,,,,,,,,,,,,,50.3442841,30.4769898,
12:41:38.825,,,,,,,,,356.77,60.5,,3.721,,,,,,,,,,,,,,,,,,,,,,,,,,,,,,,,,,,,,,,,,,,,,,,,,,,,7.436,,,,,,,,,,,50.3442841,30.4769898,
12:41:38.873,-5.75,,-5.7999999999999545,,,,,,,,,,3.715,,,,,,,,,,,,,,,,,,,,,,,,,,,,,,,,,,,,,,,,,,,,,,,,,,,7.436,,,,,,,,,,,50.3442841,30.4769898,
12:41:38.921,,-5.7999999999999545,,,,,,,,,,,,,,,,,,,,,,,,,,,,,,,,,,,,,,,,,,,,,,,,,,,,,,,,,,,,,,,,,,,,,,,,,50.3442841,30.4769898,
12:41:39.030,,,,,,,,,,,,,,,,,,,,,,,,,,,,,,,,,,0,,,,0,0,,0,0.611673970277778,0.611675,97.56530000000001,6849.529179000001,0,-0.01,,,,,,10.294501036193443,,,,28,98,,0,,,,,123,0,,,,,,,0,,50.3442841,30.4769898,
12:41:39.102,,,,,,,,,,,,,,,,,,,,0,5.882352941176471,99,,,,,,,,,,5.882352941176471,,,,,,,,7.450980392156863,,,,,,,,,,,,,,0,,,,,,,,,,,,0,,17.6470588235294,99,,,,,,50.3442841,30.4769898,
12:41:39.173,,,,,,,,,,,,,,,,,,,,,,,12.627604036054855,12.627679999999998,440.12912,1010.44926895,0.1578450504506857,0.157846,5.501614,12.944772,0,,5.882352941176471,,,0,0,,,,,,,,,,,25.805422189046872,25.80553398455062,5.638904405562222,25.83574397980282,0.1889877634171912,,,37,,,,36380,,12000,0,0,,123,0,36380,17.6470588235294,,,,,,0,50.3442841,30.4769898,
12:41:39.293,,,,,,,,,,,,,,,25,,,,,,,,,,,,,,,,,,,,,,,,,,,,,,,,,,,,,,,,,,,,,,,,,,,,,,,,,63,,,50.3442841,30.4769898,
12:41:39.328,,,,,,,,,,,,,,,,,,109.359375,,,,,,,,,,,,,,,,,,,,,,,,,,,,,,,,,,,,,,,,,,,,,,,,,,,,,,,,,50.3442841,30.4769898,
12:41:39.365,,,,,,,,,,,,,,,,6944,0.421875,,,,,,,,,,,,,,,,,,,,,,,,,,,,,,,,,,,,,,,,,,,,,,,,,,,,,,,,,,50.3442841,30.4769898,
12:41:39.485,,,,,,,,,355,60.5,,3.71,,,,,,,,,,,,,,,,,,,,,,,,,,,,,,,,,,,,,,,,,,,,,,,,,,,,7.425,,,,,,,,,,,50.3442841,30.4769898,
12:41:39.545,-12.549999999999955,,-12.5,,,,,,,,,,3.704,,,,,,,,,,,,,,,,,,,,,,,,,,,,,,,,,,,,,,,,,,,,,,,,,,,7.414,,,,,,,,,,,50.3442841,30.4769898,
12:41:39.580,,-12.399999999999864,,,,,,,,,,,,,,,,,,,,,,,,,,,,,,,,,,,,,,,,,,,,,,,,,,,,,,,,,,,,,,,,,,,,,,,,,50.3442841,30.4769898,
12:41:39.690,,,,,,,,,,,,,,,,,,,,,,,,,,,,,,,,,,,,,,,,,,,,,,,,,,,,,,,,58,,,,,,,,,123,,,,,,,,,,50.3442841,30.4769898,
12:41:39.749,,,,,,,,,,,,,,,,,,,,,,,,,,,,,,,,,,0.18,,,,0,0,,-0.019058808161829557,0.611673970277778,0.611675,97.56530000000001,6849.529179000001,0,-0.01,,,,,,10.259973569300419,,,,28,98,,0,,,,,123,0.18,,,,,,,0.216,,50.3442841,30.4769898,
12:41:39.824,,,,,,,,,,,,,,,,,,,,0,5.882352941176471,99,,,,,,,,,,5.882352941176471,,,,,,,,7.450980392156863,,,,,,,,,,,,,,0,,,,,,,,,,,,0.18,,17.6470588235294,99,,,,,,50.3442841,30.4769898,
12:41:39.909,,,,,,,,,,,,,,,,,,,,,,,12.627604036054855,12.627679999999998,440.12912,1010.44926895,0.1578450504506857,0.157846,5.501614,12.944772,0,,5.882352941176471,,,0,0,,,,,,,,,,,25.805422189046872,25.80553398455062,5.638904405562222,25.831644175458923,0.1889877634171912,,,37,,,,36390,,12000,0,0,,123,0.18,36390,17.6470588235294,,,,,,0,50.3442841,30.4769898,
12:41:40.020,,,,,,,,,,,,,,,25,,,,,,,,,,,,,,,,,,,,,,,,,,,,,,,,,,,,,,,,,,,,,,,,,,,,,,,,,63,,,50.3442841,30.4769898,
12:41:40.057,,,,,,,,,,,,,,,,,,101.28125,,,,,,,,,,,,,,,,,,,,,,,,,,,,,,,,,,,,,,,,,,,,,,,,,,,,,,,,,50.3442841,30.4769898,
12:41:40.093,,,,,,,,,,,,,,,,6432,0.390625,,,,,,,,,,,,,,,,,,,,,,,,,,,,,,,,,,,,,,,,,,,,,,,,,,,,,,,,,,50.3442841,30.4769898,
12:41:40.225,,,,,,,,,355.48,60,,3.706,,,,,,,,,,,,,,,,,,,,,,,,,,,,,,,,,,,,,,,,,,,,,,,,,,,,7.41,,,,,,,,,,,50.3442841,30.4769898,
12:41:40.273,-11.599999999999909,,-11.199999999999818,,,,,,,,,,3.703,,,,,,,,,,,,,,,,,,,,,,,,,,,,,,,,,,,,,,,,,,,,,,,,,,,7.409,,,,,,,,,,,50.3442841,30.4769898,
12:41:40.310,,-10.049999999999955,,,,,,,,,,,,,,,,,,,,,,,,,,,,,,,,,,,,,,,,,,,,,,,,,,,,,,,,,,,,,,,,,,,,,,,,,50.3442841,30.4769898,
12:41:40.430,,,,,,,,,,,,,,,,,,,,,,,,,,,,,,,,,,0.17,0,,,0,0,,,0.6122415284444447,0.612243,97.56586800000001,6849.5297470000005,0,-0.01,,,,,,10.237008147496766,,,,28,98,,3,,,,,123,0.17,,,,,,,0.20400000000000001,,50.3442841,30.4769898,
12:41:40.492,,,,,,,,,,,,,,,,,,,,0,5.882352941176471,99,,,,,,,,,,5.882352941176471,,,,,,,,0,,,,,,,,,,,,,,0,,,,,,,,,,,,0.17,,17.6470588235294,99,,,,,,50.3442841,30.4769898,
12:41:40.577,,,,,,,,,,,,,,,,,,,,,,,12.627604036054855,12.627679999999998,440.12912,1010.44926895,0.1578450504506857,0.157846,5.501614,12.944772,0,,5.882352941176471,,,0,0,,,,,,,,,,,25.781500129814976,25.781593256272426,5.638871577507002,25.825704212712576,0.18898774774530516,,,37,,,,36410,,12000,0,0,,123,0.17,36410,17.6470588235294,,,,,,0,50.3442841,30.4769898,
12:41:40.841,,,,,,,,,,,,,,,25,,,,,,,,,,,,,,,,,,,,,,,,,,,,,,,,,,,,,,,,,,,,,,,,,,,,,,,,,63,,,50.3442841,30.4769898,
12:41:40.878,,,,,,,,,,,,,,,,,,26.71875,,,,,,,,,,,,,,,,,,,,,,,,,,,,,,,,,,,,,,,,,,,,,,,,,,,,,,,,,50.3442841,30.4769898,
12:41:40.914,,,,,,,,,,,,,,,,1824,0.109375,,,,,,,,,,,,,,,,,,,,,,,,,,,,,,,,,,,,,,,,,,,,,,,,,,,,,,,,,,50.3442841,30.4769898,
12:41:40.997,,,,19,,,,,,,,,,,,,,,,,,,,,,,,,,,,,,,,,,,,,,,,,,,,,,,,,,,,,,,,,,,,,,,,,,,92,,,,50.3442841,30.4769898,
12:41:41.105,,,,,18,,,,,,86.6758781031239,,,86.6758781031239,,,,,,,,,,,,,,,,,,,,,,,,,,,,,,,,,,,,,,,,,,,,,,,,,,,,,,,,127.5,92,,,,50.3442841,30.4769898,
12:41:41.177,,,,,,,,,355.32,60,,3.717,,,,,,,,,,,,,,,,,,,,,,,,,,,,,,,,,,,,,,,,,,,,,,,,,,,,7.42,,,,,,,,,,,50.3442841,30.4769898,
12:41:41.237,-6.949999999999818,,-6.949999999999818,,,,,,,,,,3.707,,,,,,,,,,,,,,,,,,,,,,,,,,,,,,,,,,,,,,,,,,,,,,,,,,,7.424,,,,,,,,,,,50.3442841,30.4769898,
12:41:41.285,,-6.449999999999818,,,,,,,,,,,,,,,,,,,,,,,,,,,,,,,,,,,,,,,,,,,,,,,,,,,,,,,,,,,,,,,,,,,,,,,,,50.3442841,30.4769898,
12:41:41.429,,,,,,,,,,,,,,,,,,,,,,,,,,,,,,,,,,0.13,0,,,0,0,,0.03627866523466689,0.6133512064444446,0.613353,97.566978,6849.530857000001,0,-0.01,,,,,,10.208210719674966,,,,28,98,,4,,,,,123,0.13,,,,,,,0.156,,50.3442841,30.4769898,
12:41:41.514,,,,,,,,,,,,,,,,,,,,0,5.882352941176471,99,,,,,,,,,,5.882352941176471,,,,,,,,0,,,,,,,,,,,,,,0,,,,,,,,,,,,0.13,,17.6470588235294,99,,,,,,50.3442841,30.4769898,
12:41:41.621,,,,,,,,,,,,,,,,,,,,,,,12.627604036054855,12.627679999999998,440.12912,1010.44926895,0.1578450504506857,0.157846,5.501614,12.944772,0,,5.882352941176471,,,0,0,,,,,,,,,,,25.734856113792087,25.7349356732583,5.638807425192568,25.816176248733697,0.18898771711891565,,,37,,,,36430,,12000,0,0,,123,0.13,36430,17.6470588235294,,,,,,0,50.3442841,30.4769898,
12:41:41.742,,,,,,,,,,,,,,,25,,,,,,,,,,,,,,,,,,,,,,,,,,,,,,,,,,,,,,,,,,,,,,,,,,,,,,,,,63,,,50.3442841,30.4769898,
12:41:41.777,,,,,,,,,,,,,,,,,,26.3125,,,,,,,,,,,,,,,,,,,,,,,,,,,,,,,,,,,,,,,,,,,,,,,,,,,,,,,,,50.3442841,30.4769898,
12:41:41.812,,,,,,,,,,,,,,,,1792,0.109375,,,,,,,,,,,,,,,,,,,,,,,,,,,,,,,,,,,,,,,,,,,,,,,,,,,,,,,,,,50.3442841,30.4769898,
12:41:41.933,,,,,,,,,357.42,60,,3.717,,,,,,,,,,,,,,,,,,,,,,,,,,,,,,,,,,,,,,,,,,,,,,,,,,,,7.424,,,,,,,,,,,50.3442841,30.4769898,
12:41:41.993,-4.599999999999909,,-4.5,,,,,,,,,,3.711,,,,,,,,,,,,,,,,,,,,,,,,,,,,,,,,,,,,,,,,,,,,,,,,,,,7.428,,,,,,,,,,,50.3442841,30.4769898,
12:41:42.041,,-3.849999999999909,,,,,,,,,,,,,,,,,,,,,,,,,,,,,,,,,,,,,,,,,,,,,,,,,,,,,,,,,,,,,,,,,,,,,,,,,50.3442841,30.4769898,
12:41:42.162,,,,,,,,,,,,,,,,,,,,,,,,,,,,,,,,,,0.12,,,,0,0,,,0.6133512064444446,0.613353,97.566978,6849.530857000001,0,-0.01,,,,,,10.17375202454473,,,,28,98,,0,,,,,123,0.12,,,,,,,0.144,,50.3442841,30.4769898,
12:41:42.225,,,,,,,,,,,,,,,,,,,,0,5.882352941176471,99,,,,,,,,,,5.882352941176471,,,,,,,,0,,,,,,,,,,,,,,0,,,,,,,,,,,,0.12,,17.6470588235294,99,,,,,,50.3442841,30.4769898,
12:41:42.297,,,,,,,,,,,,,,,,,,,,,,,12.627604036054855,12.627679999999998,440.12912,1010.44926895,0.1578450504506857,0.157846,5.501614,12.944772,0,,5.882352941176471,,,0,0,,,,,,,,,,,25.734856113792087,25.7349356732583,5.638807425192568,25.80799461325283,0.18898771711891565,,,37,,,,36450,,12000,0,0,,123,0.12,36450,17.6470588235294,,,,,,0,50.3442841,30.4769898,
12:41:42.416,,,,,,,,,,,,,,,25,,,,,,,,,,,,,,,,,,,,,,,,,,,,,,,,,,,,,,,,,,,,,,,,,,,,,,,,,63,,,50.3442841,30.4769898,
12:41:42.466,,,,,,,,,,,,,,,,,,4.09375,,,,,,,,,,,,,,,,,,,,,,,,,,,,,,,,,,,,,,,,,,,,,,,,,,,,,,,,,50.3442841,30.4769898,
12:41:42.501,,,,,,,,,,,,,,,,128,0,,,,,,,,,,,,,,,,,,,,,,,,,,,,,,,,,,,,,,,,,,,,,,,,,,,,,,,,,,50.3442841,30.4769898,
12:41:42.620,,,,,,18,18,19,,,,,,,,,,,,,,,,,,,,,,,,,,,,,,,,,,,,,,,,,,,,,,,,,,,,,,,,,,,,,,,92,,,,50.3442841,30.4769898,
12:41:42.670,,,,,,,,,357.90000000000003,60,,3.717,,,,,,,,,,,,,,,,,,,,,,,,,,,,,,,,,,,,,,,,,,,,,,,,,,,,7.428,,,,,,,,,,,50.3442841,30.4769898,
12:41:42.730,-3.6499999999998636,,-3.699999999999818,,,,,,,,,,3.712,,,,,,,,,,,,,,,,,,,,,,,,,,,,,,,,,,,,,,,,,,,,,,,,,,,7.429,,,,,,,,,,,50.3442841,30.4769898,
12:41:42.766,,-3.449999999999818,,,,,,,,,,,,,,,,,,,,,,,,,,,,,,,,,,,,,,,,,,,,,,,,,,,,,,,,,,,,,,,,,,,,,,,,,50.3442841,30.4769898,
12:41:42.873,,,,,,,,,,,,,,,,,,,,,,,,,,,,,,,,,,0.16,,,,0,0,,,0.6133512064444446,0.613353,97.566978,6849.530857000001,0,-0.01,,,,,,10.140537709673277,,,,28,98,,0,,,,,123,0.16,,,,,,,0.192,,50.3442841,30.4769898,
12:41:42.934,,,,,,,,,,,,,,,,,,,,0,5.882352941176471,99,,,,,,,,,,5.882352941176471,,,,,,,,0,,,,,,,,,,,,,,0,,,,,,,,,,,,0.16,,17.6470588235294,99,,,,,,50.3442841,30.4769898,
12:41:43.005,,,,,,,,,,,,,,,,,,,,,,,12.627604036054855,12.627679999999998,440.12912,1010.44926895,0.1578450504506857,0.157846,5.501614,12.944772,0,,5.882352941176471,,,0,0,,,,,,,,,,,25.734856113792087,25.7349356732583,5.638807425192568,25.799812977771957,0.18898771711891565,,,37,,,,36470,,12000,0,0,,123,0.16,36470,17.6470588235294,,,,,,0,50.3442841,30.4769898,
12:41:43.138,,,,,,,,,,,,,,,25,,,,,,,,,,,,,,,,,,,,,,,,,,,,,,,,,,,,,,,,,,,,,,,,,,,,,,,,,63,,,50.3442841,30.4769898,
12:41:43.185,,,,,,,,,,,,,,,,,,0.109375,,,,,,,,,,,,,,,,,,,,,,,,,,,,,,,,,,,,,,,,,,,,,,,,,,,,,,,,,50.3442841,30.4769898,
12:41:43.222,,,,,,,,,,,,,,,,-32,-0.015625,,,,,,,,,,,,,,,,,,,,,,,,,,,,,,,,,,,,,,,,,,,,,,,,,,,,,,,,,,50.3442841,30.4769898,
12:41:43.330,,,,,,,,,357.74,60,,3.718,,,,,,,,,,,,,,,,,,,,,,,,,,,,,,,,,,,,,,,,,,,,,,,,,,,,7.43,,,,,,,,,,,50.3442841,30.4769898,
12:41:43.400,-3.699999999999818,,-3.75,,,,,,,,,,3.711,,,,,,,,,,,,,,,,,,,,,,,,,,,,,,,,,,,,,,,,,,,,,,,,,,,7.429,,,,,,,,,,,50.3442841,30.4769898,
12:41:43.473,,-3.449999999999818,,,,,,,,,,,,,,,,,,,,,,,,,,,,,,,,,,,,,,,,,,,,,,,,,,,,,,,,,,,,,,,,,,,,,,,,,50.3442841,30.4769898,
12:41:43.617,,,,,,,,,,,,,,,,,,,,,,,,,,,,,,,,,,,,,,,,,,,,,,,,,,,,,,,,58,,,,,,,,,123,,,,,,,,,,50.3442841,30.4769898,
12:41:43.702,,,,,,,,,,,,,,,,,,,,,,,,,,,,,,,,,,0.16,,,,0,0,,-0.02597448738578331,0.6133512064444446,0.613353,97.566978,6849.530857000001,0,-0.01,,,,,,10.102031027309366,,,,28,98,,0,,,,,123,0.16,,,,,,,0.192,,50.3442841,30.4769898,
12:41:43.764,,,,,,,,,,,,,,,,,,,,0,5.882352941176471,99,,,,,,,,,,5.882352941176471,,,,,,,,0,,,,,,,,,,,,,,0,,,,,,,,,,,,0.16,,17.6470588235294,99,,,,,,50.3442841,30.4769898,
12:41:43.837,,,,,,,,,,,,,,,,,,,,,,,12.627604036054855,12.627679999999998,440.12912,1010.44926895,0.1578450504506857,0.157846,5.501614,12.944772,0,,5.882352941176471,,,0,0,,,,,,,,,,,25.734856113792087,25.7349356732583,5.638807425192568,25.791631342291087,0.18898771711891565,,,37,,,,36490,,12000,0,0,,123,0.16,36490,17.6470588235294,,,,,,0,50.3442841,30.4769898,
12:41:43.969,,,,,,,,,,,,,,,25,,,,,,,,,,,,,,,,,,,,,,,,,,,,,,,,,,,,,,,,,,,,,,,,,,,,,,,,,63,,,50.3442841,30.4769898,
12:41:44.005,,,,,,,,,,,,,,,,,,0,,,,,,,,,,,,,,,,,,,,,,,,,,,,,,,,,,,,,,,,,,,,,,,,,,,,,,,,,50.3442841,30.4769898,
12:41:44.041,,,,,,,,,,,,,,,,0,0,,,,,,,,,,,,,,,,,,,,,,,,,,,,,,,,,,,,,,,,,,,,,,,,,,,,,,,,,,50.3442841,30.4769898,
12:41:44.150,,,,,,,,,357.74,60,,3.719,,,,,,,,,,,,,,,,,,,,,,,,,,,,,,,,,,,,,,,,,,,,,,,,,,,,7.43,,,,,,,,,,,50.3442841,30.4769898,
12:41:44.209,-3.6499999999998636,,-3.699999999999818,,,,,,,,,,3.711,,,,,,,,,,,,,,,,,,,,,,,,,,,,,,,,,,,,,,,,,,,,,,,,,,,7.43,,,,,,,,,,,50.3442841,30.4769898,
12:41:44.246,,-3.449999999999818,,,,,,,,,,,,,,,,,,,,,,,,,,,,,,,,,,,,,,,,,,,,,,,,,,,,,,,,,,,,,,,,,,,,,,,,,50.3442841,30.4769898,
12:41:44.365,,,,,,,,,,,,,,,,,,,,,,,,,,,,,,,,,,0.17,,,,0,0,,-0.03858600427912734,0.6133512064444446,0.613353,97.566978,6849.530857000001,0,-0.01,,,,,,10.071497439117477,,,,28,98,,0,,,,,123,0.17,,,,,,,0.20400000000000001,,50.3442841,30.4769898,
12:41:44.438,,,,,,,,,,,,,,,,,,,,0,5.882352941176471,99,,,,,,,,,,5.882352941176471,,,,,,,,0,,,,,,,,,,,,,,0,,,,,,,,,,,,0.17,,17.6470588235294,99,,,,,,50.3442841,30.4769898,
12:41:44.510,,,,,,,,,,,,,,,,,,,,,,,12.627604036054855,12.627679999999998,440.12912,1010.44926895,0.1578450504506857,0.157846,5.501614,12.944772,0,,5.882352941176471,,,0,0,,,,,,,,,,,25.734856113792087,25.7349356732583,5.638807425192568,25.78757596882687,0.18898771711891565,,,37,,,,36500,,12000,0,0,,123,0.17,36500,17.6470588235294,,,,,,0,50.3442841,30.4769898,
12:41:44.581,,,,,,,,,,,,,,,,,,,37,,,,,,,,,,,,,,,,,,,,,,,,,,,,,,,,,,,,,,,,,,,,,,,,,,,,,62,,,50.3442841,30.4769898,
12:41:44.665,,,,,,,,,,,,,,,25,,,,,,,,,,,,,,,,,,,,,,,,,,,,,,,,,,,,,,,,,,,,,,,,,,,,,,,,,62,,,50.3442841,30.4769898,
12:41:44.701,,,,,,,,,,,,,,,,,,0,,,,,,,,,,,,,,,,,,,,,,,,,,,,,,,,,,,,,,,,,,,,,,,,,,,,,,,,,50.3442841,30.4769898,
12:41:44.737,,,,,,,,,,,,,,,,0,0,,,,,,,,,,,,,,,,,,,,,,,,,,,,,,,,,,,,,,,,,,,,,,,,,,,,,,,,,,50.3442841,30.4769898,
12:41:44.833,,,,,,,,,357.58,60,,3.72,,,,,,,,,,,,,,,,,,,,,,,,,,,,,,,,,,,,,,,,,,,,,,,,,,,,7.431,,,,,,,,,,,50.3442841,30.4769898,
12:41:44.893,-3.7999999999999545,,-3.599999999999909,,,,,,,,,,3.712,,,,,,,,,,,,,,,,,,,,,,,,,,,,,,,,,,,,,,,,,,,,,,,,,,,7.432,,,,,,,,,,,50.3442841,30.4769898,
12:41:44.941,,-3.449999999999818,,,,,,,,,,,,,,,,,,,,,,,,,,,,,,,,,,,,,,,,,,,,,,,,,,,,,,,,,,,,,,,,,,,,,,,,,50.3442841,30.4769898,
12:41:45.084,,,,,,,,,,,,,,,,,,,,,,,,,,,,,,,,,,0.14,,,,0,0,,0,0.6133512064444446,0.613353,97.566978,6849.530857000001,0,-0.01,,,,,,10.038582048487477,,,,28,98,,0,,,,,123,0.14,,,,,,,0.168,,50.3442841,30.4769898,
12:41:45.170,,,,,,,,,,,,,,,,,,,,0,5.882352941176471,99,,,,,,,,,,5.882352941176471,,,,,,,,0,,,,,,,,,,,,,,0,,,,,,,,,,,,0.14,,17.6470588235294,99,,,,,,50.3442841,30.4769898,
12:41:45.253,,,,,,,,,,,,,,,,,,,,,,,12.627604036054855,12.627679999999998,440.12912,1010.44926895,0.1578450504506857,0.157846,5.501614,12.944772,0,,5.882352941176471,,,0,0,,,,,,,,,,,25.734856113792087,25.7349356732583,5.638807425192568,25.779978735880345,0.18898771711891565,,,37,,,,36520,,12000,0,0,,123,0.14,36520,17.6470588235294,,,,,,0,50.3442841,30.4769898,
12:41:45.374,,,,,,,,,,,,,,,25,,,,,,,,,,,,,,,,,,,,,,,,,,,,,,,,,,,,,,,,,,,,,,,,,,,,,,,,,62,,,50.3442841,30.4769898,
12:41:45.422,,,,,,,,,,,,,,,,,,0,,,,,,,,,,,,,,,,,,,,,,,,,,,,,,,,,,,,,,,,,,,,,,,,,,,,,,,,,50.3442841,30.4769898,
12:41:45.458,,,,,,,,,,,,,,,,0,0,,,,,,,,,,,,,,,,,,,,,,,,,,,,,,,,,,,,,,,,,,,,,,,,,,,,,,,,,,50.3442841,30.4769898,
12:41:45.565,,,,,,,,,356.13,60,,3.718,,,,,,,,,,,,,,,,,,,,,,,,,,,,,,,,,,,,,,,,,,,,,,,,,,,,7.43,,,,,,,,,,,50.3442841,30.4769898,
12:41:45.625,-3.599999999999909,,-3.849999999999909,,,,,,,,,,3.712,,,,,,,,,,,,,,,,,,,,,,,,,,,,,,,,,,,,,,,,,,,,,,,,,,,7.43,,,,,,,,,,,50.3442841,30.4769898,
12:41:45.672,,-3.449999999999818,,,,,,,,,,,,,,,,,,,,,,,,,,,,,,,,,,,,,,,,,,,,,,,,,,,,,,,,,,,,,,,,,,,,,,,,,50.3442841,30.4769898,
12:41:45.782,,,,,,,,,,,,,,,,,,,,,,,,,,,,,,,,,,0.16,,,,0,0,,0,0.6133512064444446,0.613353,97.566978,6849.530857000001,0,-0.01,,,,,,10.006844759716536,,,,28,98,,0,,,,,123,0.16,,,,,,,0.192,,50.3442841,30.4769898,
12:41:45.842,,,,,,,,,,,,,,,,,,,,0,5.882352941176471,99,,,,,,,,,,5.882352941176471,,,,,,,,0,,,,,,,,,,,,,,0,,,,,,,,,,,,0.16,,17.6470588235294,99,,,,,,50.3442841,30.4769898,
12:41:45.912,,,,,,,,,,,,,,,,,,,,,,,12.627604036054855,12.627679999999998,440.12912,1010.44926895,0.1578450504506857,0.157846,5.501614,12.944772,0,,5.882352941176471,,,0,0,,,,,,,,,,,25.734856113792087,25.7349356732583,5.638807425192568,25.772381502933822,0.18898771711891565,,,37,,,,36540,,12000,0,0,,123,0.16,36540,17.6470588235294,,,,,,0,50.3442841,30.4769898,
12:41:46.034,,,,,,,,,,,,,,,25,,,,,,,,,,,,,,,,,,,,,,,,,,,,,,,,,,,,,,,,,,,,,,,,,,,,,,,,,62,,,50.3442841,30.4769898,
12:41:46.070,,,,,,,,,,,,,,,,,,0,,,,,,,,,,,,,,,,,,,,,,,,,,,,,,,,,,,,,,,,,,,,,,,,,,,,,,,,,50.3442841,30.4769898,
12:41:46.106,,,,,,,,,,,,,,,,0,0,,,,,,,,,,,,,,,,,,,,,,,,,,,,,,,,,,,,,,,,,,,,,,,,,,,,,,,,,,50.3442841,30.4769898,
12:41:46.213,,,,,,,,,357.09000000000003,60,,3.72,,,,,,,,,,,,,,,,,,,,,,,,,,,,,,,,,,,,,,,,,,,,,,,,,,,,7.432,,,,,,,,,,,50.3442841,30.4769898,
12:41:46.273,-3.6499999999998636,,-3.599999999999909,,,,,,,,,,3.712,,,,,,,,,,,,,,,,,,,,,,,,,,,,,,,,,,,,,,,,,,,,,,,,,,,7.432,,,,,,,,,,,50.3442841,30.4769898,
12:41:46.310,,-3.449999999999818,,,,,,,,,,,,,,,,,,,,,,,,,,,,,,,,,,,,,,,,,,,,,,,,,,,,,,,,,,,,,,,,,,,,,,,,,50.3442841,30.4769898,
12:41:46.430,,,,,,,,,,,,,,,,,,,,,,,,,,,,,,,,,,0.14,,,,0,0,,0,0.6133512064444446,0.613353,97.566978,6849.530857000001,0,-0.01,,,,,,9.977519817162799,,,,28,98,,0,,,,,123,0.14,,,,,,,0.168,,50.3442841,30.4769898,
12:41:46.493,,,,,,,,,,,,,,,,,,,,0,5.882352941176471,99,,,,,,,,,,5.882352941176471,,,,,,,,0,,,,,,,,,,,,,,0,,,,,,,,,,,,0.14,,17.6470588235294,99,,,,,,50.3442841,30.4769898,
12:41:46.554,,,,,,,,,,,,,,,,,,,,,,,12.627604036054855,12.627679999999998,440.12912,1010.44926895,0.1578450504506857,0.157846,5.501614,12.944772,0,,5.882352941176471,,,0,0,,,,,,,,,,,25.734856113792087,25.7349356732583,5.638807425192568,25.764784269987295,0.18898771711891565,,,37,,,,36560,,12000,0,0,,123,0.14,36560,17.6470588235294,,,,,,0,50.3442841,30.4769898,
12:41:46.794,,,,,,,,,,,,,,,25,,,,,,,,,,,,,,,,,,,,,,,,,,,,,,,,,,,,,,,,,,,,,,,,,,,,,,,,,62,,,50.3442841,30.4769898,
12:41:46.829,,,,,,,,,,,,,,,,,,0,,,,,,,,,,,,,,,,,,,,,,,,,,,,,,,,,,,,,,,,,,,,,,,,,,,,,,,,,50.3442841,30.4769898,
12:41:46.866,,,,,,,,,,,,,,,,0,0,,,,,,,,,,,,,,,,,,,,,,,,,,,,,,,,,,,,,,,,,,,,,,,,,,,,,,,,,,50.3442841,30.4769898,
12:41:46.986,,,,,18,,,,,,86.6758781031239,,,86.6758781031239,,,,,,,,,,,,,,,,,,,,,,,,,,,,,,,,,,,,,,,,,,,,,,,,,,,,,,,,127.5,92,,,,50.3442841,30.4769898,
12:41:47.056,,,,,,,,,356.61,60,,3.719,,,,,,,,,,,,,,,,,,,,,,,,,,,,,,,,,,,,,,,,,,,,,,,,,,,,7.431,,,,,,,,,,,50.3442841,30.4769898,
12:41:47.106,-3.5499999999999545,,-3.599999999999909,,,,,,,,,,3.712,,,,,,,,,,,,,,,,,,,,,,,,,,,,,,,,,,,,,,,,,,,,,,,,,,,7.431,,,,,,,,,,,50.3442841,30.4769898,
12:41:47.141,,-3.449999999999818,,,,,,,,,,,,,,,,,,,,,,,,,,,,,,,,,,,,,,,,,,,,,,,,,,,,,,,,,,,,,,,,,,,,,,,,,50.3442841,30.4769898,
12:41:47.261,,,,,,,,,,,,,,,,,,,,,,,,,,,,,,,,,,,,,,,,,,,,,,,,,,,,,,,,59,,,,,,,,,124,,,,,,,,,,50.3442841,30.4769898,
12:41:47.321,,,,,,,,,,,,,,,,,,,,,,,,,,,,,,,,,,0.14,,,,0,0,,0,0.6133512064444446,0.613353,97.566978,6849.530857000001,0,-0.01,,,,,,9.937533003557782,,,,28,98,,0,,,,,124,0.14,,,,,,,0.168,,50.3442841,30.4769898,
12:41:47.393,,,,,,,,,,,,,,,,,,,,0,5.882352941176471,99,,,,,,,,,,5.882352941176471,,,,,,,,0,,,,,,,,,,,,,,0,,,,,,,,,,,,0.14,,17.6470588235294,99,,,,,,50.3442841,30.4769898,
12:41:47.469,,,,,,,,,,,,,,,,,,,,,,,12.627604036054855,12.627679999999998,440.12912,1010.44926895,0.1578450504506857,0.157846,5.501614,12.944772,0,,5.882352941176471,,,0,0,,,,,,,,,,,25.734856113792087,25.7349356732583,5.638807425192568,25.75834956500938,0.18898771711891565,,,37,,,,36590,,12000,0,0,,124,0.14,36590,17.6470588235294,,,,,,0,50.3442841,30.4769898,
12:41:47.626,,,,,,,,,,,,,,,25,,,,,,,,,,,,,,,,,,,,,,,,,,,,,,,,,,,,,,,,,,,,,,,,,,,,,,,,,62,,,50.3442841,30.4769898,
12:41:47.662,,,,,,,,,,,,,,,,,,0,,,,,,,,,,,,,,,,,,,,,,,,,,,,,,,,,,,,,,,,,,,,,,,,,,,,,,,,,50.3442841,30.4769898,
12:41:47.710,,,,,,,,,,,,,,,,0,0,,,,,,,,,,,,,,,,,,,,,,,,,,,,,,,,,,,,,,,,,,,,,,,,,,,,,,,,,,50.3442841,30.4769898,
12:41:47.817,,,,,,,,,356.61,60,,3.72,,,,,,,,,,,,,,,,,,,,,,,,,,,,,,,,,,,,,,,,,,,,,,,,,,,,7.432,,,,,,,,,,,50.3442841,30.4769898,
12:41:47.865,-3.75,,-3.699999999999818,,,,,,,,,,3.712,,,,,,,,,,,,,,,,,,,,,,,,,,,,,,,,,,,,,,,,,,,,,,,,,,,7.432,,,,,,,,,,,50.3442841,30.4769898,
12:41:47.903,,-3.449999999999818,,,,,,,,,,,,,,,,,,,,,,,,,,,,,,,,,,,,,,,,,,,,,,,,,,,,,,,,,,,,,,,,,,,,,,,,,50.3442841,30.4769898,
12:41:48.036,,,,,,,,,,,,,,,,,,,,,,,,,,,,,,,,,,0.15,,,,0,0,,0,0.6133512064444446,0.613353,97.566978,6849.530857000001,0,-0.01,,,,,,9.905630636921298,,,,28,98,,0,,,,,124,0.15,,,,,,,0.18,,50.3442841,30.4769898,
12:41:48.121,,,,,,,,,,,,,,,,,,,,0,5.882352941176471,99,,,,,,,,,,5.882352941176471,,,,,,,,0,,,,,,,,,,,,,,0,,,,,,,,,,,,0.15,,17.6470588235294,99,,,,,,50.3442841,30.4769898,
12:41:48.181,,,,,,,,,,,,,,,,,,,,,,,12.627604036054855,12.627679999999998,440.12912,1010.44926895,0.1578450504506857,0.157846,5.501614,12.944772,0,,5.882352941176471,,,0,0,,,,,,,,,,,25.734856113792087,25.7349356732583,5.638807425192568,25.753309131062604,0.18898771711891565,,,37,,,,36600,,12000,0,0,,124,0.15,36600,17.6470588235294,,,,,,0,50.3442841,30.4769898,
12:41:48.288,,,,,,,,,,,,,,,25,,,,,,,,,,,,,,,,,,,,,,,,,,,,,,,,,,,,,,,,,,,,,,,,,,,,,,,,,62,,,50.3442841,30.4769898,
12:41:48.326,,,,,,,,,,,,,,,,,,0,,,,,,,,,,,,,,,,,,,,,,,,,,,,,,,,,,,,,,,,,,,,,,,,,,,,,,,,,50.3442841,30.4769898,
12:41:48.349,,,,,,,,,,,,,,,,0,0,,,,,,,,,,,,,,,,,,,,,,,,,,,,,,,,,,,,,,,,,,,,,,,,,,,,,,,,,,50.3442841,30.4769898,
12:41:48.457,,,,19,,,,,,,,,,,,,,,,,,,,,,,,,,,,,,,,,,,,,,,,,,,,,,,,,,,,,,,,,,,,,,,,,,,92,,,,50.3442841,30.4769898,
12:41:48.577,,,,,,,,,357.09000000000003,60,,3.718,,,,,,,,,,,,,,,,,,,,,,,,,,,,,,,,,,,,,,,,,,,,,,,,,,,,7.43,,,,,,,,,,,50.3442841,30.4769898,
12:41:48.638,-3.699999999999818,,-3.75,,,,,,,,,,3.71,,,,,,,,,,,,,,,,,,,,,,,,,,,,,,,,,,,,,,,,,,,,,,,,,,,7.428,,,,,,,,,,,50.3442841,30.4769898,
12:41:48.678,,-3.449999999999818,,,,,,,,,,,,,,,,,,,,,,,,,,,,,,,,,,,,,,,,,,,,,,,,,,,,,,,,,,,,,,,,,,,,,,,,,50.3442841,30.4769898,
12:41:48.821,,,,,,,,,,,,,,,,,,,,,,,,,,,,,,,,,,0.15,,,,0,0,,0,0.6133512064444446,0.613353,97.566978,6849.530857000001,0,-0.01,,,,,,9.870880006028504,,,,28,98,,0,,,,,124,0.15,,,,,,,0.18,,50.3442841,30.4769898,
12:41:48.881,,,,,,,,,,,,,,,,,,,,0,5.882352941176471,99,,,,,,,,,,5.882352941176471,,,,,,,,0,,,,,,,,,,,,,,0,,,,,,,,,,,,0.15,,17.6470588235294,99,,,,,,50.3442841,30.4769898,
12:41:48.953,,,,,,,,,,,,,,,,,,,,,,,12.627604036054855,12.627679999999998,440.12912,1010.44926895,0.1578450504506857,0.157846,5.501614,12.944772,0,,5.882352941176471,,,0,0,,,,,,,,,,,25.734856113792087,25.7349356732583,5.638807425192568,25.748268697115837,0.18898771711891565,,,37,,,,36630,,12000,0,0,,124,0.15,36630,17.6470588235294,,,,,,0,50.3442841,30.4769898,
12:41:49.062,,,,,,,,,,,,,,,25,,,,,,,,,,,,,,,,,,,,,,,,,,,,,,,,,,,,,,,,,,,,,,,,,,,,,,,,,62,,,50.3442841,30.4769898,
12:41:49.096,,,,,,,,,,,,,,,,,,0,,,,,,,,,,,,,,,,,,,,,,,,,,,,,,,,,,,,,,,,,,,,,,,,,,,,,,,,,50.3442841,30.4769898,
12:41:49.134,,,,,,,,,,,,,,,,0,0,,,,,,,,,,,,,,,,,,,,,,,,,,,,,,,,,,,,,,,,,,,,,,,,,,,,,,,,,,50.3442841,30.4769898,
12:41:49.290,,,,,,,,,356.93,60,,3.719,,,,,,,,,,,,,,,,,,,,,,,,,,,,,,,,,,,,,,,,,,,,,,,,,,,,7.429,,,,,,,,,,,50.3442841,30.4769898,
12:41:49.348,-3.7999999999999545,,-3.699999999999818,,,,,,,,,,3.712,,,,,,,,,,,,,,,,,,,,,,,,,,,,,,,,,,,,,,,,,,,,,,,,,,,7.431,,,,,,,,,,,50.3442841,30.4769898,
12:41:49.397,,-3.449999999999818,,,,,,,,,,,,,,,,,,,,,,,,,,,,,,,,,,,,,,,,,,,,,,,,,,,,,,,,,,,,,,,,,,,,,,,,,50.3442841,30.4769898,
12:41:49.517,,,,,,,,,,,,,,,,,,,,,,,,,,,,,,,,,,0.14,,,,0,0,,0,0.6133512064444446,0.613353,97.566978,6849.530857000001,0,-0.01,,,,,,9.840266197291925,,,,28,98,,0,,,,,124,0.14,,,,,,,0.168,,50.3442841,30.4769898,
12:41:49.590,,,,,,,,,,,,,,,,,,,,0,5.882352941176471,99,,,,,,,,,,5.882352941176471,,,,,,,,0,,,,,,,,,,,,,,0,,,,,,,,,,,,0.14,,17.6470588235294,99,,,,,,50.3442841,30.4769898,
12:41:49.673,,,,,,,,,,,,,,,,,,,,,,,12.627604036054855,12.627679999999998,440.12912,1010.44926895,0.1578450504506857,0.157846,5.501614,12.944772,0,,5.882352941176471,,,0,0,,,,,,,,,,,25.734856113792087,25.7349356732583,5.638807425192568,25.743228263169065,0.18898771711891565,,,37,,,,36650,,12000,0,0,,124,0.14,36650,17.6470588235294,,,,,,0,50.3442841,30.4769898,
12:41:49.878,,,,,,,,,,,,,,,25,,,,,,,,,,,,,,,,,,,,,,,,,,,,,,,,,,,,,,,,,,,,,,,,,,,,,,,,,62,,,50.3442841,30.4769898,
12:41:49.950,,,,,,,,,,,,,,,,,,0,,,,,,,,,,,,,,,,,,,,,,,,,,,,,,,,,,,,,,,,,,,,,,,,,,,,,,,,,50.3442841,30.4769898,
12:41:49.999,,,,,,,,,,,,,,,,0,0,,,,,,,,,,,,,,,,,,,,,,,,,,,,,,,,,,,,,,,,,,,,,,,,,,,,,,,,,,50.3442841,30.4769898,
12:41:50.141,,,,,,18,18,19,,,,,,,,,,,,,,,,,,,,,,,,,,,,,,,,,,,,,,,,,,,,,,,,,,,,,,,,,,,,,,,92,,,,50.3442841,30.4769898,
12:41:50.190,,,,,,,,,356.61,60,,3.718,,,,,,,,,,,,,,,,,,,,,,,,,,,,,,,,,,,,,,,,,,,,,,,,,,,,7.43,,,,,,,,,,,50.3442841,30.4769898,
12:41:50.249,-3.6499999999998636,,-3.6499999999998636,,,,,,,,,,3.71,,,,,,,,,,,,,,,,,,,,,,,,,,,,,,,,,,,,,,,,,,,,,,,,,,,7.428,,,,,,,,,,,50.3442841,30.4769898,
12:41:50.284,,-3.25,,,,,,,,,,,,,,,,,,,,,,,,,,,,,,,,,,,,,,,,,,,,,,,,,,,,,,,,,,,,,,,,,,,,,,,,,50.3442841,30.4769898,
12:41:50.405,,,,,,,,,,,,,,,,,,,,,,,,,,,,,,,,,,0.15,,,,0,0,,0,0.6133512064444446,0.613353,97.566978,6849.530857000001,0,-0.01,,,,,,9.801469736653635,,,,28,98,,0,,,,,124,0.15,,,,,,,0.18,,50.3442841,30.4769898,
12:41:50.501,,,,,,,,,,,,,,,,,,,,0,5.882352941176471,99,,,,,,,,,,5.882352941176471,,,,,,,,0,,,,,,,,,,,,,,0,,,,,,,,,,,,0.15,,17.6470588235294,99,,,,,,50.3442841,30.4769898,
12:41:50.574,,,,,,,,,,,,,,,,,,,,,,,12.627604036054855,12.627679999999998,440.12912,1010.44926895,0.1578450504506857,0.157846,5.501614,12.944772,0,,5.882352941176471,,,0,0,,,,,,,,,,,25.734856113792087,25.7349356732583,5.638807425192568,25.738187829222294,0.18898771711891565,,,37,,,,36670,,12000,0,0,,124,0.15,36670,17.6470588235294,,,,,,0,50.3442841,30.4769898,
12:41:50.645,,,,,,,,,,,,,,,,,,,37,,,,,,,,,,,,,,,,,,,,,,,,,,,,,,,,,,,,,,,,,,,,,,,,,,,,,62,,,50.3442841,30.4769898,
12:41:50.741,,,,,,,,,,,,,,,25,,,,,,,,,,,,,,,,,,,,,,,,,,,,,,,,,,,,,,,,,,,,,,,,,,,,,,,,,62,,,50.3442841,30.4769898,
12:41:50.800,,,,,,,,,,,,,,,,,,0,,,,,,,,,,,,,,,,,,,,,,,,,,,,,,,,,,,,,,,,,,,,,,,,,,,,,,,,,50.3442841,30.4769898,
12:41:50.861,,,,,,,,,,,,,,,,0,0,,,,,,,,,,,,,,,,,,,,,,,,,,,,,,,,,,,,,,,,,,,,,,,,,,,,,,,,,,50.3442841,30.4769898,
12:41:51.042,,,,,,,,,356.61,60,,3.718,,,,,,,,,,,,,,,,,,,,,,,,,,,,,,,,,,,,,,,,,,,,,,,,,,,,7.428,,,,,,,,,,,50.3442841,30.4769898,
12:41:51.102,-3.6499999999998636,,-3.599999999999909,,,,,,,,,,3.711,,,,,,,,,,,,,,,,,,,,,,,,,,,,,,,,,,,,,,,,,,,,,,,,,,,7.429,,,,,,,,,,,50.3442841,30.4769898,
12:41:51.160,,-3.449999999999818,,,,,,,,,,,,,,,,,,,,,,,,,,,,,,,,,,,,,,,,,,,,,,,,,,,,,,,,,,,,,,,,,,,,,,,,,50.3442841,30.4769898,
12:41:51.341,,,,,,,,,,,,,,,,,,,,,,,,,,,,,,,,,,,,,,,,,,,,,,,,,,,,,,,,59,,,,,,,,,124,,,,,,,,,,50.3442841,30.4769898,
12:41:51.401,,,,,,,,,,,,,,,,,,,,,,,,,,,,,,,,,,0.16,,,,0,0,,0,0.6133512064444446,0.613353,97.566978,6849.530857000001,0,-0.01,,,,,,9.758315684031869,,,,28,98,,0,,,,,124,0.16,,,,,,,0.192,,50.3442841,30.4769898,
12:41:51.473,,,,,,,,,,,,,,,,,,,,0,5.882352941176471,99,,,,,,,,,,5.882352941176471,,,,,,,,0,,,,,,,,,,,,,,0,,,,,,,,,,,,0.16,,17.6470588235294,99,,,,,,50.3442841,30.4769898,
12:41:51.570,,,,,,,,,,,,,,,,,,,,,,,12.627604036054855,12.627679999999998,440.12912,1010.44926895,0.1578450504506857,0.157846,5.501614,12.944772,0,,5.882352941176471,,,0,0,,,,,,,,,,,25.734856113792087,25.7349356732583,5.638807425192568,25.734856113792087,0.18898771711891565,,,37,,,,36700,,12000,0,0,,124,0.16,36700,17.6470588235294,,,,,,0,50.3442841,30.4769898,
12:41:51.702,,,,,,,,,,,,,,,25,,,,,,,,,,,,,,,,,,,,,,,,,,,,,,,,,,,,,,,,,,,,,,,,,,,,,,,,,62,,,50.3442841,30.4769898,
12:41:51.742,,,,,,,,,,,,,,,,,,0,,,,,,,,,,,,,,,,,,,,,,,,,,,,,,,,,,,,,,,,,,,,,,,,,,,,,,,,,50.3442841,30.4769898,
12:41:51.765,,,,,,,,,,,,,,,,0,0,,,,,,,,,,,,,,,,,,,,,,,,,,,,,,,,,,,,,,,,,,,,,,,,,,,,,,,,,,50.3442841,30.4769898,
12:41:51.885,,,,,,,,,357.09000000000003,60,,3.719,,,,,,,,,,,,,,,,,,,,,,,,,,,,,,,,,,,,,,,,,,,,,,,,,,,,7.43,,,,,,,,,,,50.3442841,30.4769898,
12:41:51.946,-3.699999999999818,,-3.699999999999818,,,,,,,,,,3.712,,,,,,,,,,,,,,,,,,,,,,,,,,,,,,,,,,,,,,,,,,,,,,,,,,,7.431,,,,,,,,,,,50.3442841,30.4769898,
12:41:52.004,,-3.449999999999818,,,,,,,,,,,,,,,,,,,,,,,,,,,,,,,,,,,,,,,,,,,,,,,,,,,,,,,,,,,,,,,,,,,,,,,,,50.3442841,30.4769898,
12:41:52.138,,,,,,,,,,,,,,,,,,,,,,,,,,,,,,,,,,0.16,,,,0,0,,0,0.6133512064444446,0.613353,97.566978,6849.530857000001,0,-0.01,,,,,,9.726658446141254,,,,28,98,,0,,,,,124,0.16,,,,,,,0.192,,50.3442841,30.4769898,
12:41:52.201,,,,,,,,,,,,,,,,,,,,0,5.882352941176471,99,,,,,,,,,,5.882352941176471,,,,,,,,0,,,,,,,,,,,,,,0,,,,,,,,,,,,0.16,,17.6470588235294,99,,,,,,50.3442841,30.4769898,
12:41:52.260,,,,,,,,,,,,,,,,,,,,,,,12.627604036054855,12.627679999999998,440.12912,1010.44926895,0.1578450504506857,0.157846,5.501614,12.944772,0,,5.882352941176471,,,0,0,,,,,,,,,,,25.734856113792087,25.7349356732583,5.638807425192568,25.734856113792087,0.18898771711891565,,,37,,,,36720,,12000,0,0,,124,0.16,36720,17.6470588235294,,,,,,0,50.3442841,30.4769898,
12:41:52.370,,,,,,,,,,,,,,,25,,,,,,,,,,,,,,,,,,,,,,,,,,,,,,,,,,,,,,,,,,,,,,,,,,,,,,,,,62,,,50.3442841,30.4769898,
12:41:52.404,,,,,,,,,,,,,,,,,,0,,,,,,,,,,,,,,,,,,,,,,,,,,,,,,,,,,,,,,,,,,,,,,,,,,,,,,,,,50.3442841,30.4769898,
12:41:52.441,,,,,,,,,,,,,,,,0,0,,,,,,,,,,,,,,,,,,,,,,,,,,,,,,,,,,,,,,,,,,,,,,,,,,,,,,,,,,50.3442841,30.4769898,
12:41:52.561,,,,,,,,,356.45,60,,3.718,,,,,,,,,,,,,,,,,,,,,,,,,,,,,,,,,,,,,,,,,,,,,,,,,,,,7.43,,,,,,,,,,,50.3442841,30.4769898,
12:41:52.609,-3.599999999999909,,-3.75,,,,,,,,,,3.71,,,,,,,,,,,,,,,,,,,,,,,,,,,,,,,,,,,,,,,,,,,,,,,,,,,7.428,,,,,,,,,,,50.3442841,30.4769898,
12:41:52.669,,-3.449999999999818,,,,,,,,,,,,,,,,,,,,,,,,,,,,,,,,,,,,,,,,,,,,,,,,,,,,,,,,,,,,,,,,,,,,,,,,,50.3442841,30.4769898,
12:41:52.802,,,,,,,,,,,,,,,,,,,,,,,,,,,,,,,,,,0.11,,,,0,0,,0,0.6133512064444446,0.613353,97.566978,6849.530857000001,0,-0.01,,,,,,9.698297809379211,,,,28,98,,0,,,,,124,0.11,,,,,,,0.132,,50.3442841,30.4769898,
12:41:52.905,,,,,,,,,,,,,,,,,,,,0,5.882352941176471,99,,,,,,,,,,5.882352941176471,,,,,,,,0,,,,,,,,,,,,,,0,,,,,,,,,,,,0.11,,17.6470588235294,99,,,,,,50.3442841,30.4769898,
12:41:52.977,,,,,,,,,,,,,,,,,,,,,,,12.627604036054855,12.627679999999998,440.12912,1010.44926895,0.1578450504506857,0.157846,5.501614,12.944772,0,,5.882352941176471,,,0,0,,,,,,,,,,,25.734856113792087,25.7349356732583,5.638807425192568,25.734856113792087,0.18898771711891565,,,37,,,,36750,,12000,0,0,,124,0.11,36750,17.6470588235294,,,,,,0,50.3442841,30.4769898,
12:41:53.180,,,,,,,,,,,,,,,25,,,,,,,,,,,,,,,,,,,,,,,,,,,,,,,,,,,,,,,,,,,,,,,,,,,,,,,,,62,,,50.3442841,30.4769898,
12:41:53.253,,,,,,,,,,,,,,,,,,0,,,,,,,,,,,,,,,,,,,,,,,,,,,,,,,,,,,,,,,,,,,,,,,,,,,,,,,,,50.3442841,30.4769898,
12:41:53.290,,,,,,,,,,,,,,,,0,0,,,,,,,,,,,,,,,,,,,,,,,,,,,,,,,,,,,,,,,,,,,,,,,,,,,,,,,,,,50.3442841,30.4769898,
12:41:53.398,,,,,18,,,,,,86.6758781031239,,,86.6758781031239,,,,,,,,,,,,,,,,,,,,,,,,,,,,,,,,,,,,,,,,,,,,,,,,,,,,,,,,127.5,92,,,,50.3442841,30.4769898,
12:41:53.457,,,,,,,,,356.61,60,,3.718,,,,,,,,,,,,,,,,,,,,,,,,,,,,,,,,,,,,,,,,,,,,,,,,,,,,7.428,,,,,,,,,,,50.3442841,30.4769898,
12:41:53.517,-3.5499999999999545,,-3.699999999999818,,,,,,,,,,3.711,,,,,,,,,,,,,,,,,,,,,,,,,,,,,,,,,,,,,,,,,,,,,,,,,,,7.429,,,,,,,,,,,50.3442841,30.4769898,
12:41:53.554,,-3.449999999999818,,,,,,,,,,,,,,,,,,,,,,,,,,,,,,,,,,,,,,,,,,,,,,,,,,,,,,,,,,,,,,,,,,,,,,,,,50.3442841,30.4769898,
12:41:53.673,,,,,,,,,,,,,,,,,,,,,,,,,,,,,,,,,,0.14,,,,0,0,,0,0.6133512064444446,0.613353,97.566978,6849.530857000001,0,-0.01,,,,,,9.661343087463118,,,,28,98,,0,,,,,124,0.14,,,,,,,0.168,,50.3442841,30.4769898,
12:41:53.756,,,,,,,,,,,,,,,,,,,,0,5.882352941176471,99,,,,,,,,,,5.882352941176471,,,,,,,,0,,,,,,,,,,,,,,0,,,,,,,,,,,,0.14,,17.6470588235294,99,,,,,,50.3442841,30.4769898,
12:41:53.828,,,,,,,,,,,,,,,,,,,,,,,12.627604036054855,12.627679999999998,440.12912,1010.44926895,0.1578450504506857,0.157846,5.501614,12.944772,0,,5.882352941176471,,,0,0,,,,,,,,,,,25.734856113792087,25.7349356732583,5.638807425192568,25.734856113792087,0.18898771711891565,,,38,,,,36770,,12000,0,0,,125,0.14,36770,17.6470588235294,,,,,,0,50.3442841,30.4769898,
12:41:53.974,,,,,,,,,,,,,,,25,,,,,,,,,,,,,,,,,,,,,,,,,,,,,,,,,,,,,,,,,,,,,,,,,,,,,,,,,62,,,50.3442841,30.4769898,
12:41:54.010,,,,,,,,,,,,,,,,,,0,,,,,,,,,,,,,,,,,,,,,,,,,,,,,,,,,,,,,,,,,,,,,,,,,,,,,,,,,50.3442841,30.4769898,
12:41:54.057,,,,,,,,,,,,,,,,0,0,,,,,,,,,,,,,,,,,,,,,,,,,,,,,,,,,,,,,,,,,,,,,,,,,,,,,,,,,,50.3442841,30.4769898,
12:41:54.177,,,,,,,,,357.09000000000003,60,,3.717,,,,,,,,,,,,,,,,,,,,,,,,,,,,,,,,,,,,,,,,,,,,,,,,,,,,7.428,,,,,,,,,,,50.3442841,30.4769898,
12:41:54.238,-3.699999999999818,,-3.7999999999999545,,,,,,,,,,3.71,,,,,,,,,,,,,,,,,,,,,,,,,,,,,,,,,,,,,,,,,,,,,,,,,,,7.427,,,,,,,,,,,50.3442841,30.4769898,
12:41:54.286,,-3.449999999999818,,,,,,,,,,,,,,,,,,,,,,,,,,,,,,,,,,,,,,,,,,,,,,,,,,,,,,,,,,,,,,,,,,,,,,,,,50.3442841,30.4769898,
12:41:54.418,,,,,,,,,,,,,,,,,,,,,,,,,,,,,,,,,,0.15,,,,0,0,,0,0.6133512064444446,0.613353,97.566978,6849.530857000001,0,-0.01,,,,,,9.629935990873902,,,,28,98,,0,,,,,125,0.15,,,,,,,0.18,,50.3442841,30.4769898,
12:41:54.481,,,,,,,,,,,,,,,,,,,,0,5.882352941176471,99,,,,,,,,,,5.882352941176471,,,,,,,,0,,,,,,,,,,,,,,0,,,,,,,,,,,,0.15,,17.6470588235294,99,,,,,,50.3442841,30.4769898,
12:41:54.554,,,,,,,,,,,,,,,,,,,,,,,12.627604036054855,12.627679999999998,440.12912,1010.44926895,0.1578450504506857,0.157846,5.501614,12.944772,0,,5.882352941176471,,,0,0,,,,,,,,,,,25.734856113792087,25.7349356732583,5.638807425192568,25.734856113792087,0.18898771711891565,,,38,,,,36790,,12000,0,0,,125,0.15,36790,17.6470588235294,,,,,,0,50.3442841,30.4769898,
12:41:54.674,,,,,,,,,,,,,,,25,,,,,,,,,,,,,,,,,,,,,,,,,,,,,,,,,,,,,,,,,,,,,,,,,,,,,,,,,62,,,50.3442841,30.4769898,
12:41:54.721,,,,,,,,,,,,,,,,,,0,,,,,,,,,,,,,,,,,,,,,,,,,,,,,,,,,,,,,,,,,,,,,,,,,,,,,,,,,50.3442841,30.4769898,
12:41:54.758,,,,,,,,,,,,,,,,0,0,,,,,,,,,,,,,,,,,,,,,,,,,,,,,,,,,,,,,,,,,,,,,,,,,,,,,,,,,,50.3442841,30.4769898,
12:41:54.890,,,,,,,,,356.61,60,,3.717,,,,,,,,,,,,,,,,,,,,,,,,,,,,,,,,,,,,,,,,,,,,,,,,,,,,7.427,,,,,,,,,,,50.3442841,30.4769898,
12:41:54.938,-3.7999999999999545,,-3.6499999999998636,,,,,,,,,,3.71,,,,,,,,,,,,,,,,,,,,,,,,,,,,,,,,,,,,,,,,,,,,,,,,,,,7.427,,,,,,,,,,,50.3442841,30.4769898,
12:41:54.973,,-3.25,,,,,,,,,,,,,,,,,,,,,,,,,,,,,,,,,,,,,,,,,,,,,,,,,,,,,,,,,,,,,,,,,,,,,,,,,50.3442841,30.4769898,
12:41:55.069,,,,,,,,,,,,,,,,,,,,,,,,,,,,,,,,,,,,,,,,,,,,,,,,,,,,,,,,59,,,,,,,,,125,,,,,,,,,,50.3442841,30.4769898,
12:41:55.130,,,,,,,,,,,,,,,,,,,,,,,,,,,,,,,,,,0.15,,,,0,0,,0,0.6133512064444446,0.613353,97.566978,6849.530857000001,0,-0.01,,,,,,9.600116296454662,,,,28,98,,0,,,,,125,0.15,,,,,,,0.18,,50.3442841,30.4769898,
12:41:55.193,,,,,,,,,,,,,,,,,,,,0,5.882352941176471,99,,,,,,,,,,5.882352941176471,,,,,,,,0,,,,,,,,,,,,,,0,,,,,,,,,,,,0.15,,17.6470588235294,99,,,,,,50.3442841,30.4769898,
12:41:55.277,,,,,,,,,,,,,,,,,,,,,,,12.627604036054855,12.627679999999998,440.12912,1010.44926895,0.1578450504506857,0.157846,5.501614,12.944772,0,,5.882352941176471,,,0,0,,,,,,,,,,,25.734856113792087,25.7349356732583,5.638807425192568,25.734856113792087,0.18898771711891565,,,38,,,,36810,,12000,0,0,,125,0.15,36810,17.6470588235294,,,,,,0,50.3442841,30.4769898,
12:41:55.398,,,,,,,,,,,,,,,25,,,,,,,,,,,,,,,,,,,,,,,,,,,,,,,,,,,,,,,,,,,,,,,,,,,,,,,,,62,,,50.3442841,30.4769898,
12:41:55.432,,,,,,,,,,,,,,,,,,0,,,,,,,,,,,,,,,,,,,,,,,,,,,,,,,,,,,,,,,,,,,,,,,,,,,,,,,,,50.3442841,30.4769898,
12:41:55.481,,,,,,,,,,,,,,,,0,0,,,,,,,,,,,,,,,,,,,,,,,,,,,,,,,,,,,,,,,,,,,,,,,,,,,,,,,,,,50.3442841,30.4769898,
12:41:55.601,,,,,,,,,356.29,60,,3.717,,,,,,,,,,,,,,,,,,,,,,,,,,,,,,,,,,,,,,,,,,,,,,,,,,,,7.427,,,,,,,,,,,50.3442841,30.4769898,
12:41:55.674,-3.699999999999818,,-3.6499999999998636,,,,,,,,,,3.709,,,,,,,,,,,,,,,,,,,,,,,,,,,,,,,,,,,,,,,,,,,,,,,,,,,7.426,,,,,,,,,,,50.3442841,30.4769898,
12:41:55.709,,-3.449999999999818,,,,,,,,,,,,,,,,,,,,,,,,,,,,,,,,,,,,,,,,,,,,,,,,,,,,,,,,,,,,,,,,,,,,,,,,,50.3442841,30.4769898,
12:41:55.913,,,,,,,,,,,,,,,,,,,,,,,,,,,,,,,,,,0.15,,,,0,0,,0,0.6133512064444446,0.613353,97.566978,6849.530857000001,0,-0.01,,,,,,9.567544146996623,,,,28,98,,0,,,,,125,0.15,,,,,,,0.18,,50.3442841,30.4769898,
12:41:55.998,,,,,,,,,,,,,,,,,,,,0,5.882352941176471,99,,,,,,,,,,5.882352941176471,,,,,,,,0,,,,,,,,,,,,,,0,,,,,,,,,,,,0.15,,17.6470588235294,99,,,,,,50.3442841,30.4769898,
12:41:56.072,,,,,,,,,,,,,,,,,,,,,,,12.627604036054855,12.627679999999998,440.12912,1010.44926895,0.1578450504506857,0.157846,5.501614,12.944772,0,,5.882352941176471,,,0,0,,,,,,,,,,,25.734856113792087,25.7349356732583,5.638807425192568,25.734856113792087,0.18898771711891565,,,38,,,,36840,,12000,0,0,,125,0.15,36840,17.6470588235294,,,,,,0,50.3442841,30.4769898,
12:41:56.181,,,,,,,,,,,,,,,25,,,,,,,,,,,,,,,,,,,,,,,,,,,,,,,,,,,,,,,,,,,,,,,,,,,,,,,,,62,,,50.3442841,30.4769898,
12:41:56.228,,,,,,,,,,,,,,,,,,0,,,,,,,,,,,,,,,,,,,,,,,,,,,,,,,,,,,,,,,,,,,,,,,,,,,,,,,,,50.3442841,30.4769898,
12:41:56.277,,,,,,,,,,,,,,,,0,0,,,,,,,,,,,,,,,,,,,,,,,,,,,,,,,,,,,,,,,,,,,,,,,,,,,,,,,,,,50.3442841,30.4769898,
12:41:56.361,,,,19,,,,,,,,,,,,,,,,,,,,,,,,,,,,,,,,,,,,,,,,,,,,,,,,,,,,,,,,,,,,,,,,,,,92,,,,50.3442841,30.4769898,
12:41:56.469,,,,,,,,,356.93,60,,3.717,,,,,,,,,,,,,,,,,,,,,,,,,,,,,,,,,,,,,,,,,,,,,,,,,,,,7.426,,,,,,,,,,,50.3442841,30.4769898,
12:41:56.542,-3.6499999999998636,,-3.599999999999909,,,,,,,,,,3.71,,,,,,,,,,,,,,,,,,,,,,,,,,,,,,,,,,,,,,,,,,,,,,,,,,,7.427,,,,,,,,,,,50.3442841,30.4769898,
12:41:56.578,,-3.25,,,,,,,,,,,,,,,,,,,,,,,,,,,,,,,,,,,,,,,,,,,,,,,,,,,,,,,,,,,,,,,,,,,,,,,,,50.3442841,30.4769898,
12:41:56.709,,,,,,,,,,,,,,,,,,,,,,,,,,,,,,,,,,0.15,,,,0,0,,0,0.6133512064444446,0.613353,97.566978,6849.530857000001,0,-0.01,,,,,,9.534660717314237,,,,28,98,,0,,,,,125,0.15,,,,,,,0.18,,50.3442841,30.4769898,
12:41:56.769,,,,,,,,,,,,,,,,,,,,0,5.882352941176471,99,,,,,,,,,,5.882352941176471,,,,,,,,0,,,,,,,,,,,,,,0,,,,,,,,,,,,0.15,,17.6470588235294,99,,,,,,50.3442841,30.4769898,
12:41:56.841,,,,,,,,,,,,,,,,,,,,,,,12.627604036054855,12.627679999999998,440.12912,1010.44926895,0.1578450504506857,0.157846,5.501614,12.944772,0,,5.882352941176471,,,0,0,,,,,,,,,,,25.734856113792087,25.7349356732583,5.638807425192568,25.734856113792087,0.18898771711891565,,,38,,,,36860,,12000,0,0,,125,0.15,36860,17.6470588235294,,,,,,0,50.3442841,30.4769898,
12:41:56.914,,,,,,,,,,,,,,,,,,,36,,,,,,,,,,,,,,,,,,,,,,,,,,,,,,,,,,,,,,,,,,,,,,,,,,,,,61,,,50.3442841,30.4769898,
12:41:57.009,,,,,,,,,,,,,,,25,,,,,,,,,,,,,,,,,,,,,,,,,,,,,,,,,,,,,,,,,,,,,,,,,,,,,,,,,61,,,50.3442841,30.4769898,
12:41:57.044,,,,,,,,,,,,,,,,,,0,,,,,,,,,,,,,,,,,,,,,,,,,,,,,,,,,,,,,,,,,,,,,,,,,,,,,,,,,50.3442841,30.4769898,
12:41:57.081,,,,,,,,,,,,,,,,0,0,,,,,,,,,,,,,,,,,,,,,,,,,,,,,,,,,,,,,,,,,,,,,,,,,,,,,,,,,,50.3442841,30.4769898,
12:41:57.189,,,,,,,,,356.45,60,,3.717,,,,,,,,,,,,,,,,,,,,,,,,,,,,,,,,,,,,,,,,,,,,,,,,,,,,7.427,,,,,,,,,,,50.3442841,30.4769898,
12:41:57.248,-3.5499999999999545,,-3.6499999999998636,,,,,,,,,,3.709,,,,,,,,,,,,,,,,,,,,,,,,,,,,,,,,,,,,,,,,,,,,,,,,,,,7.426,,,,,,,,,,,50.3442841,30.4769898,
12:41:57.285,,-3.25,,,,,,,,,,,,,,,,,,,,,,,,,,,,,,,,,,,,,,,,,,,,,,,,,,,,,,,,,,,,,,,,,,,,,,,,,50.3442841,30.4769898,
12:41:57.418,,,,,,,,,,,,,,,,,,,,,,,,,,,,,,,,,,0.13,,,,0,0,,0,0.6133512064444446,0.613353,97.566978,6849.530857000001,0,-0.01,,,,,,9.505568946286271,,,,28,98,,0,,,,,125,0.13,,,,,,,0.156,,50.3442841,30.4769898,
12:41:57.481,,,,,,,,,,,,,,,,,,,,0,5.882352941176471,99,,,,,,,,,,5.882352941176471,,,,,,,,0,,,,,,,,,,,,,,0,,,,,,,,,,,,0.13,,17.6470588235294,99,,,,,,50.3442841,30.4769898,
12:41:57.553,,,,,,,,,,,,,,,,,,,,,,,12.627604036054855,12.627679999999998,440.12912,1010.44926895,0.1578450504506857,0.157846,5.501614,12.944772,0,,5.882352941176471,,,0,0,,,,,,,,,,,25.734856113792087,25.7349356732583,5.638807425192568,25.734856113792087,0.18898771711891565,,,38,,,,36880,,12000,0,0,,125,0.13,36880,17.6470588235294,,,,,,0,50.3442841,30.4769898,
12:41:57.673,,,,,,,,,,,,,,,25,,,,,,,,,,,,,,,,,,,,,,,,,,,,,,,,,,,,,,,,,,,,,,,,,,,,,,,,,61,,,50.3442841,30.4769898,
12:41:57.722,,,,,,,,,,,,,,,,,,0,,,,,,,,,,,,,,,,,,,,,,,,,,,,,,,,,,,,,,,,,,,,,,,,,,,,,,,,,50.3442841,30.4769898,
12:41:57.781,,,,,,,,,,,,,,,,0,0,,,,,,,,,,,,,,,,,,,,,,,,,,,,,,,,,,,,,,,,,,,,,,,,,,,,,,,,,,50.3442841,30.4769898,
12:41:57.901,,,,,,18,19,19,,,,,,,,,,,,,,,,,,,,,,,,,,,,,,,,,,,,,,,,,,,,,,,,,,,,,,,,,,,,,,,92,,,,50.3442841,30.4769898,
12:41:57.950,,,,,,,,,357.09000000000003,60,,3.715,,,,,,,,,,,,,,,,,,,,,,,,,,,,,,,,,,,,,,,,,,,,,,,,,,,,7.424,,,,,,,,,,,50.3442841,30.4769898,
12:41:58.010,-3.5,,-3.599999999999909,,,,,,,,,,3.709,,,,,,,,,,,,,,,,,,,,,,,,,,,,,,,,,,,,,,,,,,,,,,,,,,,7.424,,,,,,,,,,,50.3442841,30.4769898,
12:41:58.045,,-3.25,,,,,,,,,,,,,,,,,,,,,,,,,,,,,,,,,,,,,,,,,,,,,,,,,,,,,,,,,,,,,,,,,,,,,,,,,50.3442841,30.4769898,
12:41:58.177,,,,,,,,,,,,,,,,,,,,,,,,,,,,,,,,,,0.16,,,,0,0,,0,0.6133512064444446,0.613353,97.566978,6849.530857000001,0,-0.01,,,,,,9.474604065152139,,,,28,98,,0,,,,,125,0.16,,,,,,,0.192,,50.3442841,30.4769898,
12:41:58.253,,,,,,,,,,,,,,,,,,,,0,5.882352941176471,99,,,,,,,,,,5.882352941176471,,,,,,,,0,,,,,,,,,,,,,,0,,,,,,,,,,,,0.16,,17.6470588235294,99,,,,,,50.3442841,30.4769898,
12:41:58.325,,,,,,,,,,,,,,,,,,,,,,,12.627604036054855,12.627679999999998,440.12912,1010.44926895,0.1578450504506857,0.157846,5.501614,12.944772,0,,5.882352941176471,,,0,0,,,,,,,,,,,25.734856113792087,25.7349356732583,5.638807425192568,25.734856113792087,0.18898771711891565,,,38,,,,36900,,12000,0,0,,125,0.16,36900,17.6470588235294,,,,,,0,50.3442841,30.4769898,
12:41:58.446,,,,,,,,,,,,,,,25,,,,,,,,,,,,,,,,,,,,,,,,,,,,,,,,,,,,,,,,,,,,,,,,,,,,,,,,,61,,,50.3442841,30.4769898,
12:41:58.481,,,,,,,,,,,,,,,,,,0,,,,,,,,,,,,,,,,,,,,,,,,,,,,,,,,,,,,,,,,,,,,,,,,,,,,,,,,,50.3442841,30.4769898,
12:41:58.529,,,,,,,,,,,,,,,,0,0,,,,,,,,,,,,,,,,,,,,,,,,,,,,,,,,,,,,,,,,,,,,,,,,,,,,,,,,,,50.3442841,30.4769898,
12:41:58.636,,,,,,,,,356.61,60,,3.718,,,,,,,,,,,,,,,,,,,,,,,,,,,,,,,,,,,,,,,,,,,,,,,,,,,,7.427,,,,,,,,,,,50.3442841,30.4769898,
12:41:58.685,-3.599999999999909,,-3.5,,,,,,,,,,3.709,,,,,,,,,,,,,,,,,,,,,,,,,,,,,,,,,,,,,,,,,,,,,,,,,,,7.427,,,,,,,,,,,50.3442841,30.4769898,
12:41:58.722,,-3.449999999999818,,,,,,,,,,,,,,,,,,,,,,,,,,,,,,,,,,,,,,,,,,,,,,,,,,,,,,,,,,,,,,,,,,,,,,,,,50.3442841,30.4769898,
12:41:58.913,,,,,,,,,,,,,,,,,,,,,,,,,,,,,,,,,,,,,,,,,,,,,,,,,,,,,,,,59,,,,,,,,,125,,,,,,,,,,50.3442841,30.4769898,
12:41:59.020,,,,,,,,,,,,,,,,,,,,,,,,,,,,,,,,,,0.17,,,,0,0,,0,0.6133512064444446,0.613353,97.566978,6849.530857000001,0,-0.01,,,,,,9.440442435948324,,,,28,98,,0,,,,,125,0.17,,,,,,,0.20400000000000001,,50.3442841,30.4769898,
12:41:59.118,,,,,,,,,,,,,,,,,,,,0,5.882352941176471,99,,,,,,,,,,5.882352941176471,,,,,,,,0,,,,,,,,,,,,,,0,,,,,,,,,,,,0.17,,17.6470588235294,99,,,,,,50.3442841,30.4769898,
12:41:59.189,,,,,,,,,,,,,,,,,,,,,,,12.627604036054855,12.627679999999998,440.12912,1010.44926895,0.1578450504506857,0.157846,5.501614,12.944772,0,,5.882352941176471,,,0,0,,,,,,,,,,,25.734856113792087,25.7349356732583,5.638807425192568,25.734856113792087,0.18898771711891565,,,38,,,,36920,,12000,0,0,,125,0.17,36920,17.6470588235294,,,,,,0,50.3442841,30.4769898,
12:41:59.320,,,,,,,,,,,,,,,25,,,,,,,,,,,,,,,,,,,,,,,,,,,,,,,,,,,,,,,,,,,,,,,,,,,,,,,,,61,,,50.3442841,30.4769898,
12:41:59.369,,,,,,,,,,,,,,,,,,0,,,,,,,,,,,,,,,,,,,,,,,,,,,,,,,,,,,,,,,,,,,,,,,,,,,,,,,,,50.3442841,30.4769898,
12:41:59.405,,,,,,,,,,,,,,,,0,0,,,,,,,,,,,,,,,,,,,,,,,,,,,,,,,,,,,,,,,,,,,,,,,,,,,,,,,,,,50.3442841,30.4769898,
12:41:59.526,,,,,18,,,,,,86.6758781031239,,,86.6758781031239,,,,,,,,,,,,,,,,,,,,,,,,,,,,,,,,,,,,,,,,,,,,,,,,,,,,,,,,127.5,93,,,,50.3442841,30.4769898,
12:41:59.586,,,,,,,,,355.32,60,,3.723,,,,,,,,,,,,,,,,,,,,,,,,,,,,,,,,,,,,,,,,,,,,,,,,,,,,7.432,,,,,,,,,,,50.3442841,30.4769898,
12:41:59.658,0,,0,,,,,,,,,,3.714,,,,,,,,,,,,,,,,,,,,,,,,,,,,,,,,,,,,,,,,,,,,,,,,,,,7.437,,,,,,,,,,,50.3442841,30.4769898,
12:41:59.692,,0.20000000000004547,,,,,,,,,,,,,,,,,,,,,,,,,,,,,,,,,,,,,,,,,,,,,,,,,,,,,,,,,,,,,,,,,,,,,,,,,50.3442841,30.4769898,
12:41:59.800,,,,,,,,,,,,,,,,,,,,,,,,,,,,,,,,,,0.15,,,,0,0,,0,0.6133512064444446,0.613353,97.566978,6849.530857000001,0,-0.01,,,,,,9.409058515918616,,,,28,98,,0,,,,,125,0.15,,,,,,,0.18,,50.3442841,30.4769898,
12:41:59.861,,,,,,,,,,,,,,,,,,,,0,0,99,,,,,,,,,,0,,,,,,,,0,,,,,,,,,,,,,,0,,,,,,,,,,,,0.15,,11.7647058823529,99,,,,,,50.3442841,30.4769898,
12:41:59.932,,,,,,,,,,,,,,,,,,,,,,,12.627604036054855,12.627679999999998,440.12912,1010.44926895,0.1578450504506857,0.157846,5.501614,12.944772,0,,4.705882352941177,,,0,0,,,,,,,,,,,25.734856113792087,25.7349356732583,5.638807425192568,25.734856113792087,0.18898771711891565,,,38,,,,36940,,12000,0,0,,125,0.15,36940,4.70588235294118,,,,,,0,50.3442841,30.4769898,
12:42:00.077,,,,,,,,,,,,,,,25,,,,,,,,,,,,,,,,,,,,,,,,,,,,,,,,,,,,,,,,,,,,,,,,,,,,,,,,,61,,,50.3442841,30.4769898,
12:42:00.114,,,,,,,,,,,,,,,,,,0,,,,,,,,,,,,,,,,,,,,,,,,,,,,,,,,,,,,,,,,,,,,,,,,,,,,,,,,,50.3442841,30.4769898,
12:42:00.161,,,,,,,,,,,,,,,,0,0,,,,,,,,,,,,,,,,,,,,,,,,,,,,,,,,,,,,,,,,,,,,,,,,,,,,,,,,,,50.3442841,30.4769898,
12:42:00.281,,,,,,,,,357.09000000000003,60,,3.722,,,,,,,,,,,,,,,,,,,,,,,,,,,,,,,,,,,,,,,,,,,,,,,,,,,,7.436,,,,,,,,,,,50.3442841,30.4769898,
12:42:00.354,0,,0,,,,,,,,,,3.716,,,,,,,,,,,,,,,,,,,,,,,,,,,,,,,,,,,,,,,,,,,,,,,,,,,7.438,,,,,,,,,,,50.3442841,30.4769898,
12:42:00.390,,0.20000000000004547,,,,,,,,,,,,,,,,,,,,,,,,,,,,,,,,,,,,,,,,,,,,,,,,,,,,,,,,,,,,,,,,,,,,,,,,,50.3442841,30.4769898,
12:42:00.546,,,,,,,,,,,,,,,,,,,,,,,,,,,,,,,,,,0.15,,,,0,0,,0,0.6133512064444446,0.613353,97.566978,6849.530857000001,0,-0.01,,,,,,9.37927466841415,,,,28,98,,0,,,,,125,0.15,,,,,,,0.18,,50.3442841,30.4769898,
12:42:00.641,,,,,,,,,,,,,,,,,,,,0,21.96078431372549,99,,,,,,,,,,21.96078431372549,,,,,,,,0,,,,,,,,,,,,,,0,,,,,,,,,,,,0.15,,26.6666666666667,99,,,,,,50.3442841,30.4769898,
12:42:00.713,,,,,,,,,,,,,,,,,,,,,,,12.627604036054855,12.627679999999998,440.12912,1010.44926895,0.1578450504506857,0.157846,5.501614,12.944772,0,,4.705882352941177,,,0,0,,,,,,,,,,,25.734856113792087,25.7349356732583,5.638807425192568,25.734856113792087,0.18898771711891565,,,38,,,,36960,,12000,0,0,,125,0.15,36960,48.6274509803922,,,,,,0,50.3442841,30.4769898,
12:42:00.846,,,,,,,,,,,,,,,25,,,,,,,,,,,,,,,,,,,,,,,,,,,,,,,,,,,,,,,,,,,,,,,,,,,,,,,,,61,,,50.3442841,30.4769898,
12:42:00.882,,,,,,,,,,,,,,,,,,0,,,,,,,,,,,,,,,,,,,,,,,,,,,,,,,,,,,,,,,,,,,,,,,,,,,,,,,,,50.3442841,30.4769898,
12:42:00.919,,,,,,,,,,,,,,,,0,0,,,,,,,,,,,,,,,,,,,,,,,,,,,,,,,,,,,,,,,,,,,,,,,,,,,,,,,,,,50.3442841,30.4769898,
12:42:01.049,,,,,,,,,357.09000000000003,60,,3.723,,,,,,,,,,,,,,,,,,,,,,,,,,,,,,,,,,,,,,,,,,,,,,,,,,,,7.439,,,,,,,,,,,50.3442841,30.4769898,
12:42:01.110,0,,0,,,,,,,,,,3.717,,,,,,,,,,,,,,,,,,,,,,,,,,,,,,,,,,,,,,,,,,,,,,,,,,,7.44,,,,,,,,,,,50.3442841,30.4769898,
12:42:01.170,,0.20000000000004547,,,,,,,,,,,,,,,,,,,,,,,,,,,,,,,,,,,,,,,,,,,,,,,,,,,,,,,,,,,,,,,,,,,,,,,,,50.3442841,30.4769898,
12:42:01.313,,,,,,,,,,,,,,,,,,,,,,,,,,,,,,,,,,0.15,,,,0,0,,0,0.6133512064444446,0.613353,97.566978,6849.530857000001,0,-0.01,,,,,,9.348817570839222,,,,28,98,,0,,,,,125,0.15,,,,,,,0.18,,50.3442841,30.4769898,
12:42:01.373,,,,,,,,,,,,,,,,,,,,0,5.882352941176471,99,,,,,,,,,,5.882352941176471,,,,,,,,0,,,,,,,,,,,,,,0,,,,,,,,,,,,0.15,,32.5490196078432,99,,,,,,50.3442841,30.4769898,
12:42:01.444,,,,,,,,,,,,,,,,,,,,,,,12.627604036054855,12.627679999999998,440.12912,1010.44926895,0.1578450504506857,0.157846,5.501614,12.944772,0,,5.882352941176471,,,0,0,,,,,,,,,,,25.734856113792087,25.7349356732583,5.638807425192568,25.734856113792087,0.18898771711891565,,,38,,,,36980,,12000,0,0,,125,0.15,36980,17.6470588235294,,,,,,0,50.3442841,30.4769898,
12:42:01.566,,,,,,,,,,,,,,,25,,,,,,,,,,,,,,,,,,,,,,,,,,,,,,,,,,,,,,,,,,,,,,,,,,,,,,,,,61,,,50.3442841,30.4769898,
12:42:01.637,,,,,,,,,,,,,,,,,,0,,,,,,,,,,,,,,,,,,,,,,,,,,,,,,,,,,,,,,,,,,,,,,,,,,,,,,,,,50.3442841,30.4769898,
12:42:01.673,,,,,,,,,,,,,,,,0,0,,,,,,,,,,,,,,,,,,,,,,,,,,,,,,,,,,,,,,,,,,,,,,,,,,,,,,,,,,50.3442841,30.4769898,
12:42:01.768,,,,,,,,,357.74,60,,3.725,,,,,,,,,,,,,,,,,,,,,,,,,,,,,,,,,,,,,,,,,,,,,,,,,,,,7.442,,,,,,,,,,,50.3442841,30.4769898,
12:42:01.830,0,,0,,,,,,,,,,3.715,,,,,,,,,,,,,,,,,,,,,,,,,,,,,,,,,,,,,,,,,,,,,,,,,,,7.44,,,,,,,,,,,50.3442841,30.4769898,
12:42:01.865,,0.20000000000004547,,,,,,,,,,,,,,,,,,,,,,,,,,,,,,,,,,,,,,,,,,,,,,,,,,,,,,,,,,,,,,,,,,,,,,,,,50.3442841,30.4769898,
12:42:01.997,,,,,,,,,,,,,,,,,,,,,,,,,,,,,,,,,,0.16,,,,0,0,,0,0.6133512064444446,0.613353,97.566978,6849.530857000001,0,-0.01,,,,,,9.321799692966431,,,,28,98,,0,,,,,125,0.16,,,,,,,0.192,,50.3442841,30.4769898,
12:42:02.069,,,,,,,,,,,,,,,,,,,,0,5.882352941176471,99,,,,,,,,,,5.882352941176471,,,,,,,,0,,,,,,,,,,,,,,0,,,,,,,,,,,,0.16,,17.6470588235294,99,,,,,,50.3442841,30.4769898,
12:42:02.141,,,,,,,,,,,,,,,,,,,,,,,12.627604036054855,12.627679999999998,440.12912,1010.44926895,0.1578450504506857,0.157846,5.501614,12.944772,0,,5.882352941176471,,,0,0,,,,,,,,,,,25.734856113792087,25.7349356732583,5.638807425192568,25.734856113792087,0.18898771711891565,,,38,,,,37010,,12000,0,0,,125,0.16,37010,17.6470588235294,,,,,,0,50.3442841,30.4769898,
12:42:02.394,,,,,,,,,,,,,,,25,,,,,,,,,,,,,,,,,,,,,,,,,,,,,,,,,,,,,,,,,,,,,,,,,,,,,,,,,61,,,50.3442841,30.4769898,
12:42:02.430,,,,,,,,,,,,,,,,,,0,,,,,,,,,,,,,,,,,,,,,,,,,,,,,,,,,,,,,,,,,,,,,,,,,,,,,,,,,50.3442841,30.4769898,
12:42:02.465,,,,,,,,,,,,,,,,0,0,,,,,,,,,,,,,,,,,,,,,,,,,,,,,,,,,,,,,,,,,,,,,,,,,,,,,,,,,,50.3442841,30.4769898,
12:42:02.585,,,,,,,,,357.25,60,,3.725,,,,,,,,,,,,,,,,,,,,,,,,,,,,,,,,,,,,,,,,,,,,,,,,,,,,7.44,,,,,,,,,,,50.3442841,30.4769898,
12:42:02.634,0,,0,,,,,,,,,,3.716,,,,,,,,,,,,,,,,,,,,,,,,,,,,,,,,,,,,,,,,,,,,,,,,,,,7.441,,,,,,,,,,,50.3442841,30.4769898,
12:42:02.680,,0,,,,,,,,,,,,,,,,,,,,,,,,,,,,,,,,,,,,,,,,,,,,,,,,,,,,,,,,,,,,,,,,,,,,,,,,,50.3442841,30.4769898,
12:42:02.766,,,,,,,,,,,,,,,,,,,,,,,,,,,,,,,,,,,,,,,,,,,,,,,,,,,,,,,,59,,,,,,,,,125,,,,,,,,,,50.3442841,30.4769898,
12:42:02.826,,,,,,,,,,,,,,,,,,,,,,,,,,,,,,,,,,0.16,,,,0,0,,0,0.6133512064444446,0.613353,97.566978,6849.530857000001,0,-0.01,,,,,,9.289303684356067,,,,28,98,,0,,,,,125,0.16,,,,,,,0.192,,50.3442841,30.4769898,
12:42:02.897,,,,,,,,,,,,,,,,,,,,0,5.882352941176471,99,,,,,,,,,,5.882352941176471,,,,,,,,0,,,,,,,,,,,,,,0,,,,,,,,,,,,0.16,,17.6470588235294,99,,,,,,50.3442841,30.4769898,
12:42:02.970,,,,,,,,,,,,,,,,,,,,,,,12.627604036054855,12.627679999999998,440.12912,1010.44926895,0.1578450504506857,0.157846,5.501614,12.944772,0,,5.882352941176471,,,0,0,,,,,,,,,,,25.734856113792087,25.7349356732583,5.638807425192568,25.734856113792087,0.18898771711891565,,,38,,,,37040,,12000,0,0,,125,0.16,37040,17.6470588235294,,,,,,0,50.3442841,30.4769898,
12:42:03.041,,,,,,,,,,,,,,,,,,,36,,,,,,,,,,,,,,,,,,,,,,,,,,,,,,,,,,,,,,,,,,,,,,,,,,,,,61,,,50.3442841,30.4769898,
12:42:03.137,,,,,,,,,,,,,,,25,,,,,,,,,,,,,,,,,,,,,,,,,,,,,,,,,,,,,,,,,,,,,,,,,,,,,,,,,61,,,50.3442841,30.4769898,
12:42:03.184,,,,,,,,,,,,,,,,,,0,,,,,,,,,,,,,,,,,,,,,,,,,,,,,,,,,,,,,,,,,,,,,,,,,,,,,,,,,50.3442841,30.4769898,
12:42:03.221,,,,,,,,,,,,,,,,0,0,,,,,,,,,,,,,,,,,,,,,,,,,,,,,,,,,,,,,,,,,,,,,,,,,,,,,,,,,,50.3442841,30.4769898,
12:42:03.317,,,,,,,,,357.09000000000003,60,,3.723,,,,,,,,,,,,,,,,,,,,,,,,,,,,,,,,,,,,,,,,,,,,,,,,,,,,7.439,,,,,,,,,,,50.3442841,30.4769898,
12:42:03.377,0,,0,,,,,,,,,,3.717,,,,,,,,,,,,,,,,,,,,,,,,,,,,,,,,,,,,,,,,,,,,,,,,,,,7.44,,,,,,,,,,,50.3442841,30.4769898,
12:42:03.413,,0.20000000000004547,,,,,,,,,,,,,,,,,,,,,,,,,,,,,,,,,,,,,,,,,,,,,,,,,,,,,,,,,,,,,,,,,,,,,,,,,50.3442841,30.4769898,
12:42:07.710,,,,,,,,,,,,,,,25,,,,,,,,,,,,,,,,,,,,,,,,,,,,,,,,,,,,,,,,,,,,,,,,,,,,,,,,,61,,,50.3444196,30.4770945,
12:42:07.917,,,,,,,,,,,,,,,,,,0,,,,,,,,,,,,,,,,,,,,,,,,,,,,,,,,,,,,,,,,,,,,,,,,,,,,,,,,,50.3444196,30.4770945,
12:42:08.121,,,,,,,,,,,,,,,,0,0,,,,,,,,,,,,,,,,,,,,,,,,,,,,,,,,,,,,,,,,,,,,,,,,,,,,,,,,,,50.3444196,30.4770945,
