time,"[BMS] HV Battery Current (A)","[BMS] HV Battery Current (High) (A)","[BMS] HV Battery Current (Low) (A)","[BMS] HV Battery Intake Air Temperature (℃)","[BMS] HV Battery Temperature Sensor 1 (℃)","[BMS] HV Battery Temperature Sensor 2 (℃)","[BMS] HV Battery Temperature Sensor 3 (℃)","[BMS] HV Battery Temperature Sensor 4 (℃)","[BMS] HV Battery voltage (V)","[BMS] HV State of charge (%)","[BMS] Input possible power (kW)","[BMS] Max Cell Voltage (V)","[BMS] Min Cell Voltage (V)","[BMS] Output possible power (kW)","[VCM] HV Coolant Temperature (℃)","[VCM] Motor RPM (rpm)","[VCM] Motor Torque (N⋅m)","[VCM] Target Motor Torque (N⋅m)","[VCM] Traction motor temperature (℃)","Абсолютне значення навантаження на двигун (%)","Абсолютне положення дросельної заслінки B (%)","Атмосферний тиск (абсолютний) (kPa)","Вартість палива (₴)","Вартість палива (Сьогодні) (₴)","Вартість палива (Тиждень) (₴)","Вартість палива(загальний) (₴)","Використане паливо (L)","Використане паливо (Сьогодні) (L)","Використане паливо (Тиждень) (L)","Використане паливо(загальний) (L)","Витрати палива (L/h)","Відносне положення дросельної заслінки (%)","Задане положення дросельної заслінки (РХХ) (%)","Масова витрата повітря (g/sec)","Миттєва витрата палива (л/100 км) (L/100km)","Миттєва витрата палива (л/год) (L/h)","Моментальна потужність двигуна (від витрати пального) (kW)","Моментальний момент, що крутить (від витрати палива) (N⋅m)","Оберти двигуна (rpm)","Оберти двигуна x1000 (rpm)","Положення педалі акселератора D (%)","Прискорення (g)","Пройдений шлях (km)","Пройдений шлях (Сьогодні) (km)","Пройдений шлях (Тиждень) (km)","Пройдений шлях(загальний) (km)","Розрахункове значення навантаження на двигун (%)","Розрахунковий наддув (bar)","Середня витрата палива (л/100 км) (L/100km)","Середня витрата палива (л/100 км) (Сьогодні) (L/100km)","Середня витрата палива (л/100 км) (Тиждень) (L/100km)","Середня витрата палива (л/100 км)(загальний) (L/100km)","Середня швидкість (km/h)","Співвідношення паливо/повітря ()","Температура олії у двигуні (℃)","Температура охолодної рідини (℃)","Температура повітря, що всмоктується (℃)","Тиск у впускному колекторі (абсолютний) (kPa)","Тиск у паливній рампі (kPa)","Швидкість автомобіля (km/h)","Commanded Fuel Rail Pressure (kPa)","Commanded Variable Geometry Turbo A Position (%)","Commanded Variable Geometry Turbo B Position (%)","G01 Cell Voltage  (V)","G010 Engine Thermal ()","G03 Engine air/fuel ()","G04 Pressure and Turbo ()","G05 Throttle  ()","G06 Additional ()","G07 BMS Power Limits ()","G08 BMS Thermal ()","G09 VCM Thermal ()","Power from MAF (kW)","Variable Geometry Turbo A Position (%)",Latitude,Longtitude,
12:03:18.862,,,,,,,,,,,,,,,,,,,,,,,,,,,,,,,,,,,,,,,,,,,,,,,,,,,,,,,,49,,,,,,,,,107,,,,,,,,,,50.2921023,26.8636824,
12:03:18.999,,,,,,,,,,,,,,,,,,,,,,,,,,,,,,,,,,0.16,,,,,0,0,,-0,,,,,0,-0.01,,,,,,,,,22,99,,0,,,,,111,0.16,,,,,,,0.14121576,,50.2921023,26.8636824,
12:03:19.129,,,,,,,,,,,,,,,,,,,,0,5.882352941176471,100,,,,,,,,,,5.882352941176471,,,,,,,,,0,,,,,,,,,,,,,0,,,,,,,,,,,,0.16,,17.6470588235294,100,,,,,,50.2921023,26.8636824,
12:03:19.230,,,,,,,,,,,,,,,,,,,,,,,,,,,,,,,0,,5.882352941176471,,,0,0,,,,,,,,,,,,,,,,,,37,,,,,,,,,,108,0.16,,17.6470588235294,,,,,,,50.2921023,26.8636824,
12:03:19.337,,,,,,,,,,,,,,,,,,,,,,,,,,,,,,,,,,,,,,,,,,,,,,,,,,,,,,,,,,,36180,,12000,,,,,,36180,,,,,,,,50.2921023,26.8636824,
12:03:19.442,,,,,,,,,,,,,,,,,,,,,,,,,,,,,,,,,,,,,,,,,,,,,,,,,,,,,,,,,,,,,,0,0,,,,36180,,,,,,,0,50.2921023,26.8636824,
12:03:19.590,,,,,,,,,,,,,,,22,,,,,,,,,,,,,,,,,,,,,,,,,,,,,,,,,,,,,,,,,,,,,,,,,,,,,,,,,52,,,50.2921023,26.8636824,
12:03:19.666,,,,,,,,,,,,,,,,,,,24,,,,,,,,,,,,,,,,,,,,,,,,,,,,,,,,,,,,,,,,,,,,,,,,,,,,,46,,,50.2921023,26.8636824,
12:03:19.743,,,,,,,,,,,,,,,,,,0,,,,,,,,,,,,,,,,,,,,,,,,,,,,,,,,,,,,,,,,,,,,,,,,,,,,,,,,,50.2921027,26.8636857,
12:03:19.834,,,,,,,,,,,,,,,,0,0,,,,,,,,,,,,,,,,,,,,,,,,,,,,,,,,,,,,,,,,,,,,,,,,,,,,,,,,,,50.2921027,26.8636857,
12:03:20.017,,,,,,,,,,,59,,,,,,,,,,,,,,,,,,,,,,,,,,,,,,,,,,,,,,,,,,,,,,,,,,,,,,,,,,,122.75,,,,,50.2921027,26.8636857,
12:03:20.130,,,,,,,,,,,,,,63.75,,,,,,,,,,,,,,,,,,,,,,,,,,,,,,,,,,,,,,,,,,,,,,,,,,,,,,,,122.75,,,,,50.2921027,26.8636857,
12:03:20.257,,,,-100,,,,,,,,,,,,,,,,,,,,,,,,,,,,,,,,,,,,,,,,,,,,,,,,,,,,,,,,,,,,,,,,,,,-39,,,,50.2921027,26.8636857,
12:03:20.374,,,,,16,,,,,,,,,,,,,,,,,,,,,,,,,,,,,,,,,,,,,,,,,,,,,,,,,,,,,,,,,,,,,,,,,,-38,,,,50.2921027,26.8636857,
12:03:20.513,,,,,,16,,,,,,,,,,,,,,,,,,,,,,,,,,,,,,,,,,,,,,,,,,,,,,,,,,,,,,,,,,,,,,,,,-38,,,,50.2921027,26.8636857,
12:03:20.614,,,,,,,15,,,,,,,,,,,,,,,,,,,,,,,,,,,,,,,,,,,,,,,,,,,,,,,,,,,,,,,,,,,,,,,,-38,,,,50.2921027,26.8636857,
12:03:20.738,,,,,,,,15,,,,,,,,,,,,,,,,,,,,,,,,,,,,,,,,,,,,,,,,,,,,,,,,,,,,,,,,,,,,,,,-38,,,,50.2921031,26.8636889,
12:03:20.878,,,,,,,,,,60.5,,,,,,,,,,,,,,,,,,,,,,,,,,,,,,,,,,,,,,,,,,,,,,,,,,,,,,,,,,,,,,,,,50.2921031,26.8636889,
12:03:21.001,,,,,,,,,357.09000000000003,,,,,,,,,,,,,,,,,,,,,,,,,,,,,,,,,,,,,,,,,,,,,,,,,,,,,,,,,,,,,,,,,,50.2921031,26.8636889,
12:03:21.134,,,,,,,,,,,,3.723,,,,,,,,,,,,,,,,,,,,,,,,,,,,,,,,,,,,,,,,,,,,,,,,,,,,7.455,,,,,,,,,,,50.2921031,26.8636889,
12:03:21.221,,,,,,,,,,,,,3.714,,,,,,,,,,,,,,,,,,,,,,,,,,,,,,,,,,,,,,,,,,,,,,,,,,,7.437,,,,,,,,,,,50.2921031,26.8636889,
12:03:21.321,-3.25,,,,,,,,,,,,,,,,,,,,,,,,,,,,,,,,,,,,,,,,,,,,,,,,,,,,,,,,,,,,,,,,,,,,,,,,,,50.2921031,26.8636889,
12:03:21.409,,,-3.449999999999818,,,,,,,,,,,,,,,,,,,,,,,,,,,,,,,,,,,,,,,,,,,,,,,,,,,,,,,,,,,,,,,,,,,,,,,,50.2921031,26.8636889,
12:03:21.498,,-3,,,,,,,,,,,,,,,,,,,,,,,,,,,,,,,,,,,,,,,,,,,,,,,,,,,,,,,,,,,,,,,,,,,,,,,,,50.2921031,26.8636889,
12:03:21.649,,,,,,,,,,,,,,,,,,,,,,,,,,,,,,,,,,0.15,,,,,0,0,,-0,0,2.923336,125.279019,8735.654563999999,0,-0.01,,,,,0,,,,22,99,,0,,,,,108,0.15,,,,,,,0.132389775,,50.2921031,26.8636889,
12:03:21.737,,,,,,,,,,,,,,,,,,,,0,5.882352941176471,100,,,,,,,,,,5.882352941176471,,,,,,,,,0,,,,,,,,,,,,,0,,,,,,,,,,,,0.15,,17.6470588235294,100,,,,,,50.2921058,26.8636905,
12:03:21.850,,,,,,,,,,,,,,,,,,,,,,,0,27.408545,663.57487818,9834.377037130002,0,0.288511,8.605602000000001,121.18336500000002,0,,5.882352941176471,,,0,0,,,,,,,,,,,,,9.869238431709528,6.8691486161781015,1.3872270716770532,,,37,,,,36140,,12000,0,0,,108,0.15,36140,17.6470588235294,,,,,,0,50.2921058,26.8636905,
12:03:22.194,,,,,,16,15,15,,,,,,,,,,,,,,,,,,,,,,,,,,,,,,,,,,,,,,,,,,,,,,,,,,,,,,,,,,,,,,,-38,,,,50.2921058,26.8636905,
12:03:22.266,,,,,16,,,,,,59.25,,,63.75,,,,,,,,,,,,,,,,,,,,,,,,,,,,,,,,,,,,,,,,,,,,,,,,,,,,,,,,122.75,-38,,,,50.2921058,26.8636905,
12:03:22.338,,,,,,,,,356.93,60.5,,3.722,,,,,,,,,,,,,,,,,,,,,,,,,,,,,,,,,,,,,,,,,,,,,,,,,,,,7.436,,,,,,,,,,,50.2921058,26.8636905,
12:03:22.461,-3.2999999999999545,,-3.25,,,,,,,,,,3.713,,,,,,,,,,,,,,,,,,,,,,,,,,,,,,,,,,,,,,,,,,,,,,,,,,,7.435,,,,,,,,,,,50.2921058,26.8636905,
12:03:22.526,,-3.25,,,,,,,,,,,,,,,,,,,,,,,,,,,,,,,,,,,,,,,,,,,,,,,,,,,,,,,,,,,,,,,,,,,,,,,,,50.2921058,26.8636905,
12:03:22.953,,,,,,,,,,,,,,,,,,,,,,,,,,,,,,,,,,0.2,,,,,0,0,,-0,0,2.923336,125.279019,8735.654563999999,0,-0.01,,,,,0,,,,22,99,,0,,,,,108,0.2,,,,,,,0.1765197,,50.2921078,26.8636962,
12:03:23.066,,,,,,,,,,,,,,,,,,,,0,5.882352941176471,100,,,,,,,,,,5.882352941176471,,,,,,,,,0.7843137254901961,,,,,,,,,,,,,0,,,,,,,,,,,,0.2,,17.6470588235294,100,,,,,,50.2921078,26.8636962,
12:03:23.182,,,,,,,,,,,,,,,,,,,,,,,0,27.408545,663.57487818,9834.377037130002,0,0.288511,8.605602000000001,121.18336500000002,0,,5.882352941176471,,,0,0,,,,,,,,,,,,,9.869238431709528,6.8691486161781015,1.3872270716770532,,,37,,,,36130,,12000,0,0,,108,0.2,36130,17.6470588235294,,,,,,0,50.2921078,26.8636962,
12:03:23.365,,,,,,,,,,,,,,,,,,32,,,,,,,,,,,,,,,,,,,,,,,,,,,,,,,,,,,,,,,,,,,,,,,,,,,,,,,,,50.2921078,26.8636962,
12:03:23.445,,,,,,,,,,,,,,,,2176,0.125,,,,,,,,,,,,,,,,,,,,,,,,,,,,,,,,,,,,,,,,,,,,,,,,,,,,,,,,,,50.2921078,26.8636962,
12:03:23.522,,,,,,,,,,,,,,,22,,,,,,,,,,,,,,,,,,,,,,,,,,,,,,,,,,,,,,,,,,,,,,,,,,,,,,,,,46,,,50.2921078,26.8636962,
12:03:23.674,,,,,,,,,,,,,,,,,,,,,,,,,,,,,,,,,,0.14,,,,,0,0,,-0,0,2.923336,125.279019,8735.654563999999,0,-0.01,,,,,0,,,,22,99,,0,,,,,108,0.14,,,,,,,0.12356379,,50.2921078,26.8636962,
12:03:23.773,,,,,,,,,,,,,,,,,,,,0,5.882352941176471,100,,,,,,,,,,5.882352941176471,,,,,,,,,3.5294117647058822,,,,,,,,,,,,,0,,,,,,,,,,,,0.14,,17.6470588235294,100,,,,,,50.2921075,26.8636954,
12:03:23.897,,,,,,,,,,,,,,,,,,,,,,,0,27.408545,663.57487818,9834.377037130002,0,0.288511,8.605602000000001,121.18336500000002,0,,5.882352941176471,,,0,0,,,,,,,,,,,,,9.869238431709528,6.8691486161781015,1.3872270716770532,,,37,,,,36120,,12000,0,0,,108,0.14,36120,17.6470588235294,,,,,,0,50.2921075,26.8636954,
12:03:24.143,,,,,,16,15,15,,,,,,,,,,,,,,,,,,,,,,,,,,,,,,,,,,,,,,,,,,,,,,,,,,,,,,,,,,,,,,,-38,,,,50.2921075,26.8636954,
12:03:24.214,,,,,16,,,,,,59.25,,,63.75,,,,,,,,,,,,,,,,,,,,,,,,,,,,,,,,,,,,,,,,,,,,,,,,,,,,,,,,123,-38,,,,50.2921075,26.8636954,
12:03:24.286,,,,,,,,,357.42,60.5,,3.717,,,,,,,,,,,,,,,,,,,,,,,,,,,,,,,,,,,,,,,,,,,,,,,,,,,,7.43,,,,,,,,,,,50.2921075,26.8636954,
12:03:24.362,-6.099999999999909,,-6.149999999999864,,,,,,,,,,3.706,,,,,,,,,,,,,,,,,,,,,,,,,,,,,,,,,,,,,,,,,,,,,,,,,,,7.423,,,,,,,,,,,50.2921075,26.8636954,
12:03:24.401,,-6,,,,,,,,,,,,,,,,,,,,,,,,,,,,,,,,,,,,,,,,,,,,,,,,,,,,,,,,,,,,,,,,,,,,,,,,,50.2921075,26.8636954,
12:03:24.562,,,,,,,,,,,,,,,,,,,,,,,,,,,,,,,,,,0.15,,,,,0,0,,0,0,2.923336,125.279019,8735.654563999999,0,-0.01,,,,,0,,,,22,99,,0,,,,,108,0.15,,,,,,,0.132389775,,50.2921075,26.8636954,
12:03:24.654,,,,,,,,,,,,,,,,,,,,0,5.882352941176471,100,,,,,,,,,,5.882352941176471,,,,,,,,,1.5686274509803921,,,,,,,,,,,,,0,,,,,,,,,,,,0.15,,17.6470588235294,100,,,,,,50.2921075,26.8636954,
12:03:24.806,,,,,,,,,,,,,,,,,,,,,,,0,27.408545,663.57487818,9834.377037130002,0,0.288511,8.605602000000001,121.18336500000002,0,,5.882352941176471,,,0,0,,,,,,,,,,,,,9.869238431709528,6.8691486161781015,1.3872270716770532,,,37,,,,36110,,12000,0,0,,108,0.15,36110,17.6470588235294,,,,,,0,50.2921072,26.8636947,
12:03:25.014,,,,,,,,,,,,,,,22,,,,,,,,,,,,,,,,,,,,,,,,,,,,,,,,,,,,,,,,,,,,,,,,,,,,,,,,,46,,,50.2921072,26.8636947,
12:03:25.106,,,,,,,,,,,,,,,,,,45.796875,,,,,,,,,,,,,,,,,,,,,,,,,,,,,,,,,,,,,,,,,,,,,,,,,,,,,,,,,50.2921072,26.8636947,
12:03:25.190,,,,,,,,,,,,,,,,2880,0.171875,,,,,,,,,,,,,,,,,,,,,,,,,,,,,,,,,,,,,,,,,,,,,,,,,,,,,,,,,,50.2921072,26.8636947,
12:03:25.386,,,,,,,,,357.09000000000003,60.5,,3.712,,,,,,,,,,,,,,,,,,,,,,,,,,,,,,,,,,,,,,,,,,,,,,,,,,,,7.418,,,,,,,,,,,50.2921072,26.8636947,
12:03:25.469,-7,,-6.949999999999818,,,,,,,,,,3.704,,,,,,,,,,,,,,,,,,,,,,,,,,,,,,,,,,,,,,,,,,,,,,,,,,,7.416,,,,,,,,,,,50.2921072,26.8636947,
12:03:25.518,,-6.849999999999909,,,,,,,,,,,,,,,,,,,,,,,,,,,,,,,,,,,,,,,,,,,,,,,,,,,,,,,,,,,,,,,,,,,,,,,,,50.2921072,26.8636947,
12:03:25.673,,,,,,,,,,,,,,,,,,,,,,,,,,,,,,,,,,,,,,,,,,,,,,,,,,,,,,,,48,,,,,,,,,107,,,,,,,,,,50.2921072,26.8636947,
12:03:25.746,,,,,,,,,,,,,,,,,,,,,,,,,,,,,,,,,,0.19,0,,,,0,0,,0.013826280953078113,0.0006577179444444445,2.923994,125.27967699999999,8735.655222,0,-0.01,,,,,0.35205120598617623,,,,22,99,,2,,,,,107,0.19,,,,,,,0.167693715,,50.2921072,26.8636947,
12:03:25.822,,,,,,,,,,,,,,,,,,,,0,5.882352941176471,100,,,,,,,,,,5.882352941176471,,,,,,,,,1.5686274509803921,,,,,,,,,,,,,0,,,,,,,,,,,,0.19,,17.6470588235294,100,,,,,,50.2921072,26.8636947,
12:03:25.898,,,,,,,,,,,,,,,,,,,,,,,0,27.408545,663.57487818,9834.377037130002,0,0.288511,8.605602000000001,121.18336500000002,0,,5.882352941176471,,,0,0,,,,,,,,,,,,0,9.867017510979846,6.869112537702345,1.3872269671862747,,,37,,,,36100,,12000,0,0,,107,0.19,36100,17.6470588235294,,,,,,0,50.2921072,26.8636947,
12:03:26.074,,,,,,,,,,,,,,,22,,,,,,,,,,,,,,,,,,,,,,,,,,,,,,,,,,,,,,,,,,,,,,,,,,,,,,,,,46,,,50.2921072,26.8636947,
12:03:26.145,,,,,,,,,,,,,,,,,,30.34375,,,,,,,,,,,,,,,,,,,,,,,,,,,,,,,,,,,,,,,,,,,,,,,,,,,,,,,,,50.2921072,26.8636947,
12:03:26.217,,,,,,,,,,,,,,,,1952,0.109375,,,,,,,,,,,,,,,,,,,,,,,,,,,,,,,,,,,,,,,,,,,,,,,,,,,,,,,,,,50.2921072,26.8636947,
12:03:26.341,,,,,,,,,355,60.5,,3.712,,,,,,,,,,,,,,,,,,,,,,,,,,,,,,,,,,,,,,,,,,,,,,,,,,,,7.416,,,,,,,,,,,50.2921072,26.8636947,
12:03:26.429,-6.7999999999999545,,-6.849999999999909,,,,,,,,,,3.704,,,,,,,,,,,,,,,,,,,,,,,,,,,,,,,,,,,,,,,,,,,,,,,,,,,7.416,,,,,,,,,,,50.2921072,26.8636947,
12:03:26.516,,-6.649999999999864,,,,,,,,,,,,,,,,,,,,,,,,,,,,,,,,,,,,,,,,,,,,,,,,,,,,,,,,,,,,,,,,,,,,,,,,,50.2921072,26.8636947,
12:03:26.649,,,,,,,,,,,,,,,,,,,,,,,,,,,,,,,,,,0.12,0,,,,0,0,,0.030661869484264196,0.0016606491666666667,2.924997,125.28068,8735.656224999999,0,-0.01,,,,,0.7837029133739202,,,,22,99,,4,,,,,107,0.12,,,,,,,0.10591181999999999,,50.2921072,26.8636947,
12:03:26.739,,,,,,,,,,,,,,,,,,,,0,5.882352941176471,100,,,,,,,,,,5.882352941176471,,,,,,,,,0,,,,,,,,,,,,,0,,,,,,,,,,,,0.12,,17.6470588235294,100,,,,,,50.2921083,26.8636965,
12:03:26.814,,,,,,,,,,,,,,,,,,,,,,,0,27.408545,663.57487818,9834.377037130002,0,0.288511,8.605602000000001,121.18336500000002,0,,5.882352941176471,,,0,0,,,,,,,,,,,,0,9.863634048171674,6.869057543429682,1.3872268079093284,,,37,,,,36090,,12000,0,0,,107,0.12,36090,17.6470588235294,,,,,,0,50.2921083,26.8636965,
12:03:26.936,,,,,,,,,,,,,,,22,,,,,,,,,,,,,,,,,,,,,,,,,,,,,,,,,,,,,,,,,,,,,,,,,,,,,,,,,46,,,50.2921083,26.8636965,
12:03:26.974,,,,,,,,,,,,,,,,,,27.015625,,,,,,,,,,,,,,,,,,,,,,,,,,,,,,,,,,,,,,,,,,,,,,,,,,,,,,,,,50.2921083,26.8636965,
12:03:27.009,,,,,,,,,,,,,,,,1760,0.09375,,,,,,,,,,,,,,,,,,,,,,,,,,,,,,,,,,,,,,,,,,,,,,,,,,,,,,,,,,50.2921083,26.8636965,
12:03:27.156,,,,,,,,,355.16,60.5,,3.712,,,,,,,,,,,,,,,,,,,,,,,,,,,,,,,,,,,,,,,,,,,,,,,,,,,,7.416,,,,,,,,,,,50.2921083,26.8636965,
12:03:27.217,-6.649999999999864,,-6.75,,,,,,,,,,3.704,,,,,,,,,,,,,,,,,,,,,,,,,,,,,,,,,,,,,,,,,,,,,,,,,,,7.416,,,,,,,,,,,50.2921083,26.8636965,
12:03:27.259,,-6.199999999999818,,,,,,,,,,,,,,,,,,,,,,,,,,,,,,,,,,,,,,,,,,,,,,,,,,,,,,,,,,,,,,,,,,,,,,,,,50.2921083,26.8636965,
12:03:27.378,,,,,,,,,,,,,,,,,,,,,,,,,,,,,,,,,,0.04,0,,,,0,0,,0.030589822180651937,0.0024706010555555556,2.925807,125.28149,8735.657034999998,0,-0.01,,,,,1.0642418083248455,,,,22,99,,4,,,,,107,0.04,,,,,,,0.03530394,,50.2921083,26.8636965,
12:03:27.441,,,,,,,,,,,,,,,,,,,,0,5.882352941176471,100,,,,,,,,,,5.882352941176471,,,,,,,,,0,,,,,,,,,,,,,0,,,,,,,,,,,,0.04,,17.6470588235294,100,,,,,,50.2921083,26.8636965,
12:03:27.541,,,,,,,,,,,,,,,,,,,,,,,0,27.408545,663.57487818,9834.377037130002,0,0.288511,8.605602000000001,121.18336500000002,0,,5.882352941176471,,,0,0,,,,,,,,,,,,0,9.86090333367854,6.869013131947905,1.387226679280914,,,37,,,,36080,,12000,0,0,,107,0.04,36080,17.6470588235294,,,,,,0,50.2921083,26.8636965,
12:03:27.669,,,,,,,,,,,,,,,22,,,,,,,,,,,,,,,,,,,,,,,,,,,,,,,,,,,,,,,,,,,,,,,,,,,,,,,,,46,,,50.2921083,26.8636965,
12:03:27.705,,,,,,,,,,,,,,,,,,26.59375,,,,,,,,,,,,,,,,,,,,,,,,,,,,,,,,,,,,,,,,,,,,,,,,,,,,,,,,,50.2921083,26.8636965,
12:03:27.745,,,,,,,,,,,,,,,,1728,0.09375,,,,,,,,,,,,,,,,,,,,,,,,,,,,,,,,,,,,,,,,,,,,,,,,,,,,,,,,,,50.292109,26.8637006,
12:03:27.854,,,,,,,,,357.42,60.5,,3.711,,,,,,,,,,,,,,,,,,,,,,,,,,,,,,,,,,,,,,,,,,,,,,,,,,,,7.415,,,,,,,,,,,50.292109,26.8637006,
12:03:27.917,-6.2999999999999545,,-6.449999999999818,,,,,,,,,,3.702,,,,,,,,,,,,,,,,,,,,,,,,,,,,,,,,,,,,,,,,,,,,,,,,,,,7.413,,,,,,,,,,,50.292109,26.8637006,
12:03:27.954,,-6,,,,,,,,,,,,,,,,,,,,,,,,,,,,,,,,,,,,,,,,,,,,,,,,,,,,,,,,,,,,,,,,,,,,,,,,,50.292109,26.8637006,
12:03:28.086,,,,,,,,,,,,,,,,,,,,,,,,,,,,,,,,,,0.11,0,,,,0,0,,0.032149913212786235,0.0032566567222222223,2.926593,125.282276,8735.657820999999,0,-0.01,,,,,1.2933609376202637,,,,22,99,,4,,,,,107,0.11,,,,,,,0.097085835,,50.292109,26.8637006,
12:03:28.157,,,,,,,,,,,,,,,,,,,,0,5.882352941176471,100,,,,,,,,,,5.882352941176471,,,,,,,,,0,,,,,,,,,,,,,0,,,,,,,,,,,,0.11,,17.6470588235294,100,,,,,,50.292109,26.8637006,
12:03:28.277,,,,,,,,,,,,,,,,,,,,,,,0,27.408545,663.57487818,9834.377037130002,0,0.288511,8.605602000000001,121.18336500000002,0,,5.882352941176471,,,0,0,,,,,,,,,,,,0,9.858254974299468,6.868970036910889,1.3872265544637346,,,37,,,,36070,,12000,0,0,,107,0.11,36070,17.6470588235294,,,,,,0,50.292109,26.8637006,
12:03:28.470,,,,,,,,,,,,,,,,,,,24,,,,,,,,,,,,,,,,,,,,,,,,,,,,,,,,,,,,,,,,,,,,,,,,,,,,,46,,,50.292109,26.8637006,
12:03:28.605,,,,,,,,,,,,,,,22,,,,,,,,,,,,,,,,,,,,,,,,,,,,,,,,,,,,,,,,,,,,,,,,,,,,,,,,,46,,,50.292109,26.8637006,
12:03:28.641,,,,,,,,,,,,,,,,,,26,,,,,,,,,,,,,,,,,,,,,,,,,,,,,,,,,,,,,,,,,,,,,,,,,,,,,,,,,50.292109,26.8637006,
12:03:28.678,,,,,,,,,,,,,,,,1792,0.109375,,,,,,,,,,,,,,,,,,,,,,,,,,,,,,,,,,,,,,,,,,,,,,,,,,,,,,,,,,50.292109,26.8637006,
12:03:28.797,,,,,,,,,356.61,60.5,,3.712,,,,,,,,,,,,,,,,,,,,,,,,,,,,,,,,,,,,,,,,,,,,,,,,,,,,7.414,,,,,,,,,,,50.2921104,26.8637076,
12:03:28.846,-6.25,,-6.25,,,,,,,,,,3.703,,,,,,,,,,,,,,,,,,,,,,,,,,,,,,,,,,,,,,,,,,,,,,,,,,,7.415,,,,,,,,,,,50.2921104,26.8637076,
12:03:28.909,,-5.7999999999999545,,,,,,,,,,,,,,,,,,,,,,,,,,,,,,,,,,,,,,,,,,,,,,,,,,,,,,,,,,,,,,,,,,,,,,,,,50.2921104,26.8637076,
12:03:29.054,,,,,,,,,,,,,,,,,,,,,,,,,,,,,,,,,,0.01,0,,,,0,0,,0.017129607449762826,0.004332920166666667,2.927669,125.283352,8735.658897,0,-0.01,,,,,1.5546642161227597,,,,22,99,,4,,,,,107,0.01,,,,,,,0.008825985,,50.2921104,26.8637076,
12:03:29.129,,,,,,,,,,,,,,,,,,,,0,5.882352941176471,100,,,,,,,,,,5.882352941176471,,,,,,,,,0,,,,,,,,,,,,,0,,,,,,,,,,,,0.01,,17.6470588235294,100,,,,,,50.2921104,26.8637076,
12:03:29.202,,,,,,,,,,,,,,,,,,,,,,,0,27.408545,663.57487818,9834.377037130002,0,0.288511,8.605602000000001,121.18336500000002,0,,5.882352941176471,,,0,0,,,,,,,,,,,,0,9.854631790683989,6.868911042546181,1.3872263835944514,,,37,,,,36060,,12000,0,0,,107,0.01,36060,17.6470588235294,,,,,,0,50.2921104,26.8637076,
12:03:29.341,,,,,,,,,,,,,,,22,,,,,,,,,,,,,,,,,,,,,,,,,,,,,,,,,,,,,,,,,,,,,,,,,,,,,,,,,46,,,50.2921104,26.8637076,
12:03:29.377,,,,,,,,,,,,,,,,,,27.28125,,,,,,,,,,,,,,,,,,,,,,,,,,,,,,,,,,,,,,,,,,,,,,,,,,,,,,,,,50.2921104,26.8637076,
12:03:29.414,,,,,,,,,,,,,,,,1760,0.09375,,,,,,,,,,,,,,,,,,,,,,,,,,,,,,,,,,,,,,,,,,,,,,,,,,,,,,,,,,50.2921104,26.8637076,
12:03:29.533,,,,,,,,,355,60.5,,3.711,,,,,,,,,,,,,,,,,,,,,,,,,,,,,,,,,,,,,,,,,,,,,,,,,,,,7.414,,,,,,,,,,,50.2921104,26.8637076,
12:03:29.595,-6.399999999999864,,-6.25,,,,,,,,,,3.703,,,,,,,,,,,,,,,,,,,,,,,,,,,,,,,,,,,,,,,,,,,,,,,,,,,7.414,,,,,,,,,,,50.2921104,26.8637076,
12:03:29.634,,-6,,,,,,,,,,,,,,,,,,,,,,,,,,,,,,,,,,,,,,,,,,,,,,,,,,,,,,,,,,,,,,,,,,,,,,,,,50.2921104,26.8637076,
12:03:29.730,,,,,,,,,,,,,,,,,,,,,,,,,,,,,,,,,,,,,,,,,,,,,,,,,,,,,,,,47,,,,,,,,,106,,,,,,,,,,50.2921127,26.8637208,
12:03:29.790,,,,,,,,,,,,,,,,,,,,,,,,,,,,,,,,,,0.13,0,,,,0,0,,0,0.005151409388888889,2.928487,125.28417,8735.659714999998,0,-0.01,,,,,1.7219188214467538,,,,22,99,,4,,,,,106,0.13,,,,,,,0.114737805,,50.2921127,26.8637208,
12:03:29.865,,,,,,,,,,,,,,,,,,,,0,5.882352941176471,100,,,,,,,,,,5.882352941176471,,,,,,,,,0,,,,,,,,,,,,,0,,,,,,,,,,,,0.13,,17.6470588235294,100,,,,,,50.2921127,26.8637208,
12:03:29.941,,,,,,,,,,,,,,,,,,,,,,,0,27.408545,663.57487818,9834.377037130002,0,0.288511,8.605602000000001,121.18336500000002,0,,5.882352941176471,,,0,0,,,,,,,,,,,,0,9.851879144418263,6.868866194348417,1.3872262536957125,,,37,,,,36050,,12000,0,0,,106,0.13,36050,17.6470588235294,,,,,,0,50.2921127,26.8637208,
12:03:30.234,,,,,,,,,,,,,,,22,,,,,,,,,,,,,,,,,,,,,,,,,,,,,,,,,,,,,,,,,,,,,,,,,,,,,,,,,46,,,50.2921127,26.8637208,
12:03:30.270,,,,,,,,,,,,,,,,,,30.390625,,,,,,,,,,,,,,,,,,,,,,,,,,,,,,,,,,,,,,,,,,,,,,,,,,,,,,,,,50.2921127,26.8637208,
12:03:30.306,,,,,,,,,,,,,,,,1920,0.109375,,,,,,,,,,,,,,,,,,,,,,,,,,,,,,,,,,,,,,,,,,,,,,,,,,,,,,,,,,50.2921127,26.8637208,
12:03:30.429,,,,,,,,,355,60.5,,3.71,,,,,,,,,,,,,,,,,,,,,,,,,,,,,,,,,,,,,,,,,,,,,,,,,,,,7.413,,,,,,,,,,,50.2921127,26.8637208,
12:03:30.506,-5.949999999999818,,-6,,,,,,,,,,3.702,,,,,,,,,,,,,,,,,,,,,,,,,,,,,,,,,,,,,,,,,,,,,,,,,,,7.412,,,,,,,,,,,50.2921127,26.8637208,
12:03:30.557,,-5.599999999999909,,,,,,,,,,,,,,,,,,,,,,,,,,,,,,,,,,,,,,,,,,,,,,,,,,,,,,,,,,,,,,,,,,,,,,,,,50.2921127,26.8637208,
12:03:30.809,,,,,,,,,,,,,,,,,,,,,,,,,,,,,,,,,,0.16,0,,,,0,0,,-0.008254128815834157,0.006000806055555556,2.929336,125.285019,8735.660563999998,0,-0.01,,,,,1.8324189871906265,,,,22,99,,3,,,,,106,0.16,,,,,,,0.14121576,,50.2921144,26.863739,
12:03:30.933,,,,,,,,,,,,,,,,,,,,0,5.882352941176471,100,,,,,,,,,,5.882352941176471,,,,,,,,,0,,,,,,,,,,,,,0,,,,,,,,,,,,0.16,,17.6470588235294,100,,,,,,50.2921144,26.863739,
12:03:30.994,,,,,,,,,,,,,,,,,,,,,,,0,27.408545,663.57487818,9834.377037130002,0,0.288511,8.605602000000001,121.18336500000002,0,,5.882352941176471,,,0,0,,,,,,,,,,,,0,9.849023806077556,6.868819647143926,1.3872261188741863,,,37,,,,36030,,12000,0,0,,106,0.16,36030,17.6470588235294,,,,,,0,50.2921144,26.863739,
12:03:31.226,,,,,,,,,,,,,,,22,,,,,,,,,,,,,,,,,,,,,,,,,,,,,,,,,,,,,,,,,,,,,,,,,,,,,,,,,46,,,50.2921144,26.863739,
12:03:31.287,,,,,,,,,,,,,,,,,,35.546875,,,,,,,,,,,,,,,,,,,,,,,,,,,,,,,,,,,,,,,,,,,,,,,,,,,,,,,,,50.2921144,26.863739,
12:03:31.334,,,,,,,,,,,,,,,,2208,0.125,,,,,,,,,,,,,,,,,,,,,,,,,,,,,,,,,,,,,,,,,,,,,,,,,,,,,,,,,,50.2921144,26.863739,
12:03:31.455,,,,-100,,,,,,,,,,,,,,,,,,,,,,,,,,,,,,,,,,,,,,,,,,,,,,,,,,,,,,,,,,,,,,,,,,,-38,,,,50.2921144,26.863739,
12:03:31.633,,,,,16,,,,,,59.75,,,63.75,,,,,,,,,,,,,,,,,,,,,,,,,,,,,,,,,,,,,,,,,,,,,,,,,,,,,,,,123,-38,,,,50.2921144,26.863739,
12:03:31.693,,,,,,,,,355.97,60.5,,3.712,,,,,,,,,,,,,,,,,,,,,,,,,,,,,,,,,,,,,,,,,,,,,,,,,,,,7.414,,,,,,,,,,,50.2921144,26.863739,
12:03:31.753,-5.649999999999864,,-5.5499999999999545,,,,,,,,,,3.703,,,,,,,,,,,,,,,,,,,,,,,,,,,,,,,,,,,,,,,,,,,,,,,,,,,7.415,,,,,,,,,,,50.2921153,26.8637591,
12:03:31.789,,-5.349999999999909,,,,,,,,,,,,,,,,,,,,,,,,,,,,,,,,,,,,,,,,,,,,,,,,,,,,,,,,,,,,,,,,,,,,,,,,,50.2921153,26.8637591,
12:03:32.082,,,,,,,,,,,,,,,,,,,,,,,,,,,,,,,,,,0.16,,,,,0,0,,-0.028350710843859886,0.006000806055555556,2.929336,125.285019,8735.660563999998,0,-0.01,,,,,1.6538718937759105,,,,22,99,,0,,,,,106,0.16,,,,,,,0.14121576,,50.2921153,26.8637591,
12:03:32.167,,,,,,,,,,,,,,,,,,,,0,5.882352941176471,100,,,,,,,,,,5.882352941176471,,,,,,,,,0,,,,,,,,,,,,,0,,,,,,,,,,,,0.16,,17.6470588235294,100,,,,,,50.2921153,26.8637591,
12:03:32.242,,,,,,,,,,,,,,,,,,,,,,,0,27.408545,663.57487818,9834.377037130002,0,0.288511,8.605602000000001,121.18336500000002,0,,5.882352941176471,,,0,0,,,,,,,,,,,,0,9.849023806077556,6.868819647143926,1.3872261188741863,,,37,,,,36010,,12000,0,0,,106,0.16,36010,17.6470588235294,,,,,,0,50.2921153,26.8637591,
12:03:32.414,,,,,,,,,,,,,,,22,,,,,,,,,,,,,,,,,,,,,,,,,,,,,,,,,,,,,,,,,,,,,,,,,,,,,,,,,46,,,50.2921153,26.8637591,
12:03:32.449,,,,,,,,,,,,,,,,,,37.4375,,,,,,,,,,,,,,,,,,,,,,,,,,,,,,,,,,,,,,,,,,,,,,,,,,,,,,,,,50.2921153,26.8637591,
12:03:32.485,,,,,,,,,,,,,,,,2336,0.140625,,,,,,,,,,,,,,,,,,,,,,,,,,,,,,,,,,,,,,,,,,,,,,,,,,,,,,,,,,50.2921153,26.8637591,
12:03:32.635,,,,,,,,,355.97,60.5,,3.712,,,,,,,,,,,,,,,,,,,,,,,,,,,,,,,,,,,,,,,,,,,,,,,,,,,,7.415,,,,,,,,,,,50.2921153,26.8637591,
12:03:32.690,-6,,-5.949999999999818,,,,,,,,,,3.703,,,,,,,,,,,,,,,,,,,,,,,,,,,,,,,,,,,,,,,,,,,,,,,,,,,7.415,,,,,,,,,,,50.2921153,26.8637591,
12:03:32.725,,-5.7999999999999545,,,,,,,,,,,,,,,,,,,,,,,,,,,,,,,,,,,,,,,,,,,,,,,,,,,,,,,,,,,,,,,,,,,,,,,,,50.2921172,26.8637699,
12:03:32.846,,,,,,,,,,,,,,,,,,,,,,,,,,,,,,,,,,0.17,,,,,0,0,,-0.029877841769252757,0.006000806055555556,2.929336,125.285019,8735.660563999998,0,-0.01,,,,,1.562482489075791,,,,22,99,,0,,,,,106,0.17,,,,,,,0.150041745,,50.2921172,26.8637699,
12:03:32.921,,,,,,,,,,,,,,,,,,,,0,5.882352941176471,100,,,,,,,,,,5.882352941176471,,,,,,,,,0,,,,,,,,,,,,,0,,,,,,,,,,,,0.17,,17.6470588235294,100,,,,,,50.2921172,26.8637699,
12:03:32.993,,,,,,,,,,,,,,,,,,,,,,,0,27.408545,663.57487818,9834.377037130002,0,0.288511,8.605602000000001,121.18336500000002,0,,5.882352941176471,,,0,0,,,,,,,,,,,,0,9.849023806077556,6.868819647143926,1.3872261188741863,,,37,,,,36000,,12000,0,0,,106,0.17,36000,17.6470588235294,,,,,,0,50.2921172,26.8637699,
12:03:33.142,,,,,,,,,,,,,,,22,,,,,,,,,,,,,,,,,,,,,,,,,,,,,,,,,,,,,,,,,,,,,,,,,,,,,,,,,46,,,50.2921172,26.8637699,
12:03:33.189,,,,,,,,,,,,,,,,,,36.84375,,,,,,,,,,,,,,,,,,,,,,,,,,,,,,,,,,,,,,,,,,,,,,,,,,,,,,,,,50.2921172,26.8637699,
12:03:33.226,,,,,,,,,,,,,,,,2304,0.140625,,,,,,,,,,,,,,,,,,,,,,,,,,,,,,,,,,,,,,,,,,,,,,,,,,,,,,,,,,50.2921172,26.8637699,
12:03:33.386,,,,,,16,15,15,,,,,,,,,,,,,,,,,,,,,,,,,,,,,,,,,,,,,,,,,,,,,,,,,,,,,,,,,,,,,,,-38,,,,50.2921172,26.8637699,
12:03:33.456,,,,,,,,,357.09000000000003,60.5,,3.71,,,,,,,,,,,,,,,,,,,,,,,,,,,,,,,,,,,,,,,,,,,,,,,,,,,,7.413,,,,,,,,,,,50.2921172,26.8637699,
12:03:33.516,-5.899999999999864,,-5.849999999999909,,,,,,,,,,3.702,,,,,,,,,,,,,,,,,,,,,,,,,,,,,,,,,,,,,,,,,,,,,,,,,,,7.412,,,,,,,,,,,50.2921172,26.8637699,
12:03:33.553,,-6,,,,,,,,,,,,,,,,,,,,,,,,,,,,,,,,,,,,,,,,,,,,,,,,,,,,,,,,,,,,,,,,,,,,,,,,,50.2921172,26.8637699,
12:03:33.673,,,,,,,,,,,,,,,,,,,,,,,,,,,,,,,,,,0.16,0,,,,0,0,,,0.006459891611111111,2.929795,125.285478,8735.661022999999,0,-0.01,,,,,1.5871572987792055,,,,22,99,,2,,,,,106,0.16,,,,,,,0.14121576,,50.2921172,26.8637699,
12:03:33.793,,,,,,,,,,,,,,,,,,,,0,5.882352941176471,100,,,,,,,,,,5.882352941176471,,,,,,,,,4.313725490196078,,,,,,,,,,,,,0,,,,,,,,,,,,0.16,,17.6470588235294,100,,,,,,50.2921306,26.8637756,
12:03:33.914,,,,,,,,,,,,,,,,,,,,,,,0,27.408545,663.57487818,9834.377037130002,0,0.288511,8.605602000000001,121.18336500000002,0,,5.882352941176471,,,0,0,,,,,,,,,,,,0,9.847480796437978,6.868794482310234,1.387226045984821,,,37,,,,35990,,12000,0,0,,106,0.16,35990,17.6470588235294,,,,,,0,50.2921306,26.8637756,
12:03:34.034,,,,,,,,,,,,,,,22,,,,,,,,,,,,,,,,,,,,,,,,,,,,,,,,,,,,,,,,,,,,,,,,,,,,,,,,,46,,,50.2921306,26.8637756,
12:03:34.069,,,,,,,,,,,,,,,,,,84.59375,,,,,,,,,,,,,,,,,,,,,,,,,,,,,,,,,,,,,,,,,,,,,,,,,,,,,,,,,50.2921306,26.8637756,
12:03:34.116,,,,,,,,,,,,,,,,5344,0.3125,,,,,,,,,,,,,,,,,,,,,,,,,,,,,,,,,,,,,,,,,,,,,,,,,,,,,,,,,,50.2921306,26.8637756,
12:03:34.225,,,,,,,,,355.32,60.5,,3.7,,,,,,,,,,,,,,,,,,,,,,,,,,,,,,,,,,,,,,,,,,,,,,,,,,,,7.402,,,,,,,,,,,50.2921306,26.8637756,
12:03:34.278,-12.399999999999864,,-12.649999999999864,,,,,,,,,,3.689,,,,,,,,,,,,,,,,,,,,,,,,,,,,,,,,,,,,,,,,,,,,,,,,,,,7.389,,,,,,,,,,,50.2921306,26.8637756,
12:03:34.331,,-12.649999999999864,,,,,,,,,,,,,,,,,,,,,,,,,,,,,,,,,,,,,,,,,,,,,,,,,,,,,,,,,,,,,,,,,,,,,,,,,50.2921306,26.8637756,
12:03:34.418,,,,,,,,,,,,,,,,,,,,,,,,,,,,,,,,,,,,,,,,,,,,,,,,,,,,,,,,47,,,,,,,,,106,,,,,,,,,,50.2921306,26.8637756,
12:03:34.474,,,,,,,,,,,,,,,,,,,,,,,,,,,,,,,,,,0.16,0,,,,0,0,,,0.007127969861111111,2.930463,125.286146,8735.661691,0,-0.01,,,,,1.6604498429538903,,,,22,99,,3,,,,,106,0.16,,,,,,,0.14121576,,50.2921306,26.8637756,
12:03:34.589,,,,,,,,,,,,,,,,,,,,0,5.882352941176471,100,,,,,,,,,,5.882352941176471,,,,,,,,,7.0588235294117645,,,,,,,,,,,,,0,,,,,,,,,,,,0.16,,17.6470588235294,100,,,,,,50.2921306,26.8637756,
12:03:34.685,,,,,,,,,,,,,,,,,,,,,,,0,27.408545,663.57487818,9834.377037130002,0,0.288511,8.605602000000001,121.18336500000002,0,,5.882352941176471,,,0,0,,,,,,,,,,,,0,9.845236059967316,6.868757859308722,1.3872259399061937,,,37,,,,35980,,12000,0,0,,106,0.16,35980,17.6470588235294,,,,,,0,50.2921306,26.8637756,
12:03:34.825,,,,,,,,,,,,,,,22,,,,,,,,,,,,,,,,,,,,,,,,,,,,,,,,,,,,,,,,,,,,,,,,,,,,,,,,,46,,,50.2921301,26.8637779,
12:03:34.861,,,,,,,,,,,,,,,,,,87.890625,,,,,,,,,,,,,,,,,,,,,,,,,,,,,,,,,,,,,,,,,,,,,,,,,,,,,,,,,50.2921301,26.8637779,
12:03:34.910,,,,,,,,,,,,,,,,5728,0.34375,,,,,,,,,,,,,,,,,,,,,,,,,,,,,,,,,,,,,,,,,,,,,,,,,,,,,,,,,,50.2921301,26.8637779,
12:03:35.006,,,,,,,,,353.07,60,,3.691,,,,,,,,,,,,,,,,,,,,,,,,,,,,,,,,,,,,,,,,,,,,,,,,,,,,7.38,,,,,,,,,,,50.2921301,26.8637779,
12:03:35.057,-15.549999999999955,,-15.549999999999955,,,,,,,,,,3.684,,,,,,,,,,,,,,,,,,,,,,,,,,,,,,,,,,,,,,,,,,,,,,,,,,,7.375,,,,,,,,,,,50.2921301,26.8637779,
12:03:35.095,,-15.399999999999864,,,,,,,,,,,,,,,,,,,,,,,,,,,,,,,,,,,,,,,,,,,,,,,,,,,,,,,,,,,,,,,,,,,,,,,,,50.2921301,26.8637779,
12:03:35.221,,,,,,,,,,,,,,,,,,,,,,,,,,,,,,,,,,0.18,0,,,,0,0,,0.04511806466808845,0.008166384305555555,2.931501,125.287184,8735.662728999998,0,-0.01,,,,,1.8145595901728546,,,,22,99,,5,,,,,106,0.18,,,,,,,0.15886772999999998,,50.2921301,26.8637779,
12:03:35.306,,,,,,,,,,,,,,,,,,,,0,5.882352941176471,100,,,,,,,,,,5.882352941176471,,,,,,,,,6.2745098039215685,,,,,,,,,,,,,0,,,,,,,,,,,,0.18,,17.6470588235294,100,,,,,,50.2921301,26.8637779,
12:03:35.382,,,,,,,,,,,,,,,,,,,,,,,0,27.408545,663.57487818,9834.377037130002,0,0.288511,8.605602000000001,121.18336500000002,0,,5.882352941176471,,,0,0,,,,,,,,,,,,0,9.841750011342313,6.868700951886669,1.3872257750714732,,,37,,,,35970,,12000,0,0,,106,0.18,35970,17.6470588235294,,,,,,0,50.2921301,26.8637779,
12:03:35.445,,,,,,,,,,,,,,,,,,,24,,,,,,,,,,,,,,,,,,,,,,,,,,,,,,,,,,,,,,,,,,,,,,,,,,,,,46,,,50.2921301,26.8637779,
12:03:35.642,,,,,,,,,,,,,,,22,,,,,,,,,,,,,,,,,,,,,,,,,,,,,,,,,,,,,,,,,,,,,,,,,,,,,,,,,46,,,50.2921301,26.8637779,
12:03:35.729,,,,,,,,,,,,,,,,,,48.578125,,,,,,,,,,,,,,,,,,,,,,,,,,,,,,,,,,,,,,,,,,,,,,,,,,,,,,,,,50.2920892,26.8638209,
12:03:35.765,,,,,,,,,,,,,,,,3136,0.1875,,,,,,,,,,,,,,,,,,,,,,,,,,,,,,,,,,,,,,,,,,,,,,,,,,,,,,,,,,50.2920892,26.8638209,
12:03:35.877,,,,,,,,,355.64,60,,3.699,,,,,,,,,,,,,,,,,,,,,,,,,,,,,,,,,,,,,,,,,,,,,,,,,,,,7.383,,,,,,,,,,,50.2920892,26.8638209,
12:03:35.938,-10.849999999999909,,-10.899999999999864,,,,,,,,,,3.69,,,,,,,,,,,,,,,,,,,,,,,,,,,,,,,,,,,,,,,,,,,,,,,,,,,7.389,,,,,,,,,,,50.2920892,26.8638209,
12:03:35.990,,-10.299999999999955,,,,,,,,,,,,,,,,,,,,,,,,,,,,,,,,,,,,,,,,,,,,,,,,,,,,,,,,,,,,,,,,,,,,,,,,,50.2920892,26.8638209,
12:03:36.135,,,,,,,,,,,,,,,,,,,,,,,,,,,,,,,,,,0.16,0,,,,0,0,,0.05167246065908933,0.009688414472222222,2.933023,125.288706,8735.664250999998,0,-0.01,,,,,2.0378861528349814,,,,22,99,,6,,,,,106,0.16,,,,,,,0.14121576,,50.2920892,26.8638209,
12:03:36.242,,,,,,,,,,,,,,,,,,,,0,5.882352941176471,100,,,,,,,,,,5.882352941176471,,,,,,,,,3.5294117647058822,,,,,,,,,,,,,0,,,,,,,,,,,,0.16,,17.6470588235294,100,,,,,,50.2920892,26.8638209,
12:03:36.414,,,,,,,,,,,,,,,,,,,,,,,0,27.408545,663.57487818,9834.377037130002,0,0.288511,8.605602000000001,121.18336500000002,0,,5.882352941176471,,,0,0,,,,,,,,,,,,0,9.836642944838824,6.868617511302256,1.387225533377474,,,37,,,,35950,,12000,0,0,,106,0.16,35950,17.6470588235294,,,,,,0,50.2920892,26.8638209,
12:03:36.646,,,,,,,,,,,,,,,22,,,,,,,,,,,,,,,,,,,,,,,,,,,,,,,,,,,,,,,,,,,,,,,,,,,,,,,,,46,,,50.2920892,26.8638209,
12:03:36.710,,,,,,,,,,,,,,,,,,17.875,,,,,,,,,,,,,,,,,,,,,,,,,,,,,,,,,,,,,,,,,,,,,,,,,,,,,,,,,50.2920892,26.8638209,
12:03:36.774,,,,,,,,,,,,,,,,1152,0.0625,,,,,,,,,,,,,,,,,,,,,,,,,,,,,,,,,,,,,,,,,,,,,,,,,,,,,,,,,,50.2920746,26.8638411,
12:03:36.965,,,,,,,,,355,60,,3.706,,,,,,,,,,,,,,,,,,,,,,,,,,,,,,,,,,,,,,,,,,,,,,,,,,,,7.396,,,,,,,,,,,50.2920746,26.8638411,
12:03:37.073,-5.349999999999909,,-5.2999999999999545,,,,,,,,,,3.697,,,,,,,,,,,,,,,,,,,,,,,,,,,,,,,,,,,,,,,,,,,,,,,,,,,7.403,,,,,,,,,,,50.2920746,26.8638411,
12:03:37.109,,-4.949999999999818,,,,,,,,,,,,,,,,,,,,,,,,,,,,,,,,,,,,,,,,,,,,,,,,,,,,,,,,,,,,,,,,,,,,,,,,,50.2920746,26.8638411,
12:03:37.255,,,,,,,,,,,,,,,,,,,,,,,,,,,,,,,,,,0.14,0,,,,0,0,,0.039544003477217524,0.011866115833333333,2.935201,125.290884,8735.666428999999,0,-0.01,,,,,2.3426519234778027,,,,22,99,,7,,,,,106,0.14,,,,,,,0.12356379,,50.2920746,26.8638411,
12:03:37.345,,,,,,,,,,,,,,,,,,,,0,5.882352941176471,100,,,,,,,,,,5.882352941176471,,,,,,,,,1.5686274509803921,,,,,,,,,,,,,0,,,,,,,,,,,,0.14,,17.6470588235294,100,,,,,,50.2920746,26.8638411,
12:03:37.466,,,,,,,,,,,,,,,,,,,,,,,0,27.408545,663.57487818,9834.377037130002,0,0.288511,8.605602000000001,121.18336500000002,0,,5.882352941176471,,,0,0,,,,,,,,,,,,0,9.829343884796987,6.868498110365317,1.3872251875106487,,,37,,,,35940,,12000,0,0,,106,0.14,35940,17.6470588235294,,,,,,0,50.2920746,26.8638411,
12:03:37.709,,,,,,,,,,,,,,,22,,,,,,,,,,,,,,,,,,,,,,,,,,,,,,,,,,,,,,,,,,,,,,,,,,,,,,,,,46,,,50.2920746,26.8638411,
12:03:37.744,,,,,,,,,,,,,,,,,,60.171875,,,,,,,,,,,,,,,,,,,,,,,,,,,,,,,,,,,,,,,,,,,,,,,,,,,,,,,,,50.2920589,26.8638624,
12:03:37.781,,,,,,,,,,,,,,,,3744,0.21875,,,,,,,,,,,,,,,,,,,,,,,,,,,,,,,,,,,,,,,,,,,,,,,,,,,,,,,,,,50.2920589,26.8638624,
12:03:37.878,,,,,,,,,354.68,60,,3.689,,,,,,,,,,,,,,,,,,,,,,,,,,,,,,,,,,,,,,,,,,,,,,,,,,,,7.386,,,,,,,,,,,50.2920589,26.8638624,
12:03:37.926,-16.449999999999818,,-16.299999999999955,,,,,,,,,,3.681,,,,,,,,,,,,,,,,,,,,,,,,,,,,,,,,,,,,,,,,,,,,,,,,,,,7.37,,,,,,,,,,,50.2920589,26.8638624,
12:03:37.966,,-16.5,,,,,,,,,,,,,,,,,,,,,,,,,,,,,,,,,,,,,,,,,,,,,,,,,,,,,,,,,,,,,,,,,,,,,,,,,50.2920589,26.8638624,
12:03:38.118,,,,,,,,,,,,,,,,,,,,,,,,,,,,,,,,,,0,0,,,,0,0,,0.038859896558312235,0.013783334277777778,2.937118,125.292801,8735.668345999999,0,-0.01,,,,,2.598226226369109,,,,22,99,,8,,,,,106,0,,,,,,,0,,50.2920589,26.8638624,
12:03:38.238,,,,,,,,,,,,,,,,,,,,0,5.882352941176471,100,,,,,,,,,,5.882352941176471,,,,,,,,,7.0588235294117645,,,,,,,,,,,,,0,,,,,,,,,,,,0,,17.6470588235294,100,,,,,,50.2920589,26.8638624,
12:03:38.314,,,,,,,,,,,,,,,,,,,,,,,0,27.408545,663.57487818,9834.377037130002,0,0.288511,8.605602000000001,121.18336500000002,0,,5.882352941176471,,,0,0,,,,,,,,,,,,0,9.822928462526873,6.868393021239904,1.3872248830908176,,,37,,,,35930,,12000,0,0,,106,0,35930,17.6470588235294,,,,,,0,50.2920589,26.8638624,
12:03:38.472,,,,,,,,,,,,,,,22,,,,,,,,,,,,,,,,,,,,,,,,,,,,,,,,,,,,,,,,,,,,,,,,,,,,,,,,,46,,,50.2920589,26.8638624,
12:03:38.526,,,,,,,,,,,,,,,,,,43.765625,,,,,,,,,,,,,,,,,,,,,,,,,,,,,,,,,,,,,,,,,,,,,,,,,,,,,,,,,50.2920589,26.8638624,
12:03:38.562,,,,,,,,,,,,,,,,2784,0.15625,,,,,,,,,,,,,,,,,,,,,,,,,,,,,,,,,,,,,,,,,,,,,,,,,,,,,,,,,,50.2920589,26.8638624,
12:03:38.693,,,,,16,,,,,,60.25,,,63.75,,,,,,,,,,,,,,,,,,,,,,,,,,,,,,,,,,,,,,,,,,,,,,,,,,,,,,,,123.5,-38,,,,50.2920589,26.8638624,
12:03:38.754,,,,,,,,,353.87,60,,3.695,,,,,,,,,,,,,,,,,,,,,,,,,,,,,,,,,,,,,,,,,,,,,,,,,,,,7.376,,,,,,,,,,,50.2920426,26.8638876,
12:03:38.814,-8.799999999999955,,-8.699999999999818,,,,,,,,,,3.689,,,,,,,,,,,,,,,,,,,,,,,,,,,,,,,,,,,,,,,,,,,,,,,,,,,7.384,,,,,,,,,,,50.2920426,26.8638876,
12:03:38.862,,-7.2999999999999545,,,,,,,,,,,,,,,,,,,,,,,,,,,,,,,,,,,,,,,,,,,,,,,,,,,,,,,,,,,,,,,,,,,,,,,,,50.2920426,26.8638876,
12:03:38.994,,,,,,,,,,,,,,,,,,,,,,,,,,,,,,,,,,,,,,,,,,,,,,,,,,,,,,,,46,,,,,,,,,105,,,,,,,,,,50.2920426,26.8638876,
12:03:39.078,,,,,,,,,,,,,,,,,,,,,,,,,,,,,,,,,,0.16,0,,,,0,0,,0.029376830984164208,0.016184459277777778,2.939519,125.295202,8735.670746999998,0,-0.01,,,,,2.9047649813014402,,,,22,99,,9,,,,,105,0.16,,,,,,,0.14121576,,50.2920426,26.8638876,
12:03:39.157,,,,,,,,,,,,,,,,,,,,0,5.882352941176471,100,,,,,,,,,,5.882352941176471,,,,,,,,,0,,,,,,,,,,,,,0,,,,,,,,,,,,0.16,,17.6470588235294,100,,,,,,50.2920426,26.8638876,
12:03:39.229,,,,,,,,,,,,,,,,,,,,,,,0,27.408545,663.57487818,9834.377037130002,0,0.288511,8.605602000000001,121.18336500000002,0,,5.882352941176471,,,0,0,,,,,,,,,,,,0,9.814905091615328,6.868261403976188,1.3872245018119163,,,37,,,,35920,,12000,0,0,,105,0.16,35920,17.6470588235294,,,,,,0,50.2920426,26.8638876,
12:03:39.437,,,,,,,,,,,,,,,22,,,,,,,,,,,,,,,,,,,,,,,,,,,,,,,,,,,,,,,,,,,,,,,,,,,,,,,,,46,,,50.2920426,26.8638876,
12:03:39.521,,,,,,,,,,,,,,,,,,-5.734375,,,,,,,,,,,,,,,,,,,,,,,,,,,,,,,,,,,,,,,,,,,,,,,,,,,,,,,,,50.2920426,26.8638876,
12:03:39.586,,,,,,,,,,,,,,,,-352,-0.03125,,,,,,,,,,,,,,,,,,,,,,,,,,,,,,,,,,,,,,,,,,,,,,,,,,,,,,,,,,50.2920426,26.8638876,
12:03:39.709,,,,,,,,,355,60,,3.71,,,,,,,,,,,,,,,,,,,,,,,,,,,,,,,,,,,,,,,,,,,,,,,,,,,,7.399,,,,,,,,,,,50.2920426,26.8638876,
12:03:39.769,-2.0499999999999545,,-2.0499999999999545,,,,,,,,,,3.703,,,,,,,,,,,,,,,,,,,,,,,,,,,,,,,,,,,,,,,,,,,,,,,,,,,7.413,,,,,,,,,,,50.2920241,26.8639159,
12:03:39.805,,-1.75,,,,,,,,,,,,,,,,,,,,,,,,,,,,,,,,,,,,,,,,,,,,,,,,,,,,,,,,,,,,,,,,,,,,,,,,,50.2920241,26.8639159,
12:03:39.917,,,,,,,,,,,,,,,,,,,,,,,,,,,,,,,,,,0.07,0,,,,0,0,,0.0224698697208529,0.01828163152777778,2.941616,125.297299,8735.672843999999,0,-0.01,,,,,3.149446600961813,,,,22,99,,9,,,,,105,0.07,,,,,,,0.061781895,,50.2920241,26.8639159,
12:03:39.981,,,,,,,,,,,,,,,,,,,,0,5.882352941176471,100,,,,,,,,,,5.882352941176471,,,,,,,,,0,,,,,,,,,,,,,0,,,,,,,,,,,,0.07,,17.6470588235294,100,,,,,,50.2920241,26.8639159,
12:03:40.054,,,,,,,,,,,,,,,,,,,,,,,0,27.408545,663.57487818,9834.377037130002,0,0.288511,8.605602000000001,121.18336500000002,0,,5.882352941176471,,,0,0,,,,,,,,,,,,0,9.807908306182725,6.868146455415612,1.3872241688083993,,,37,,,,35900,,12000,0,0,,105,0.07,35900,17.6470588235294,,,,,,0,50.2920241,26.8639159,
12:03:40.190,,,,,,,,,,,,,,,22,,,,,,,,,,,,,,,,,,,,,,,,,,,,,,,,,,,,,,,,,,,,,,,,,,,,,,,,,46,,,50.2920241,26.8639159,
12:03:40.226,,,,,,,,,,,,,,,,,,-4.234375,,,,,,,,,,,,,,,,,,,,,,,,,,,,,,,,,,,,,,,,,,,,,,,,,,,,,,,,,50.2920241,26.8639159,
12:03:40.274,,,,,,,,,,,,,,,,-352,-0.03125,,,,,,,,,,,,,,,,,,,,,,,,,,,,,,,,,,,,,,,,,,,,,,,,,,,,,,,,,,50.2920241,26.8639159,
12:03:40.369,,,,-100,,,,,,,,,,,,,,,,,,,,,,,,,,,,,,,,,,,,,,,,,,,,,,,,,,,,,,,,,,,,,,,,,,,-38,,,,50.2920241,26.8639159,
12:03:40.477,,,,,,,,,356.93,60,,3.71,,,,,,,,,,,,,,,,,,,,,,,,,,,,,,,,,,,,,,,,,,,,,,,,,,,,7.413,,,,,,,,,,,50.2920241,26.8639159,
12:03:40.538,-2.5,,-2.3999999999998636,,,,,,,,,,3.703,,,,,,,,,,,,,,,,,,,,,,,,,,,,,,,,,,,,,,,,,,,,,,,,,,,7.413,,,,,,,,,,,50.2920241,26.8639159,
12:03:40.589,,-2.349999999999909,,,,,,,,,,,,,,,,,,,,,,,,,,,,,,,,,,,,,,,,,,,,,,,,,,,,,,,,,,,,,,,,,,,,,,,,,50.2920241,26.8639159,
12:03:40.721,,,,,,,,,,,,,,,,,,,,,,,,,,,,,,,,,,0.13,0,,,,0,0,,0.01634216915350122,0.02028937177777778,2.943624,125.299307,8735.674851999998,0,-0.01,,,,,3.3659693437260234,,,,22,99,,9,,,,,105,0.13,,,,,,,0.114737805,,50.2920066,26.863943,
12:03:40.781,,,,,,,,,,,,,,,,,,,,0,5.882352941176471,100,,,,,,,,,,5.882352941176471,,,,,,,,,0,,,,,,,,,,,,,0,,,,,,,,,,,,0.13,,17.6470588235294,100,,,,,,50.2920066,26.863943,
12:03:40.841,,,,,,,,,,,,,,,,,,,,,,,0,27.408545,663.57487818,9834.377037130002,0,0.288511,8.605602000000001,121.18336500000002,0,,5.882352941176471,,,0,0,,,,,,,,,,,,0,9.801217818580092,6.868036389059998,1.3872238499382286,,,37,,,,35890,,12000,0,0,,105,0.13,35890,17.6470588235294,,,,,,0,50.2920066,26.863943,
12:03:40.985,,,,,,,,,,,,,,,22,,,,,,,,,,,,,,,,,,,,,,,,,,,,,,,,,,,,,,,,,,,,,,,,,,,,,,,,,46,,,50.2920066,26.863943,
12:03:41.021,,,,,,,,,,,,,,,,,,-0.5625,,,,,,,,,,,,,,,,,,,,,,,,,,,,,,,,,,,,,,,,,,,,,,,,,,,,,,,,,50.2920066,26.863943,
12:03:41.069,,,,,,,,,,,,,,,,0,0,,,,,,,,,,,,,,,,,,,,,,,,,,,,,,,,,,,,,,,,,,,,,,,,,,,,,,,,,,50.2920066,26.863943,
12:03:41.202,,,,,,,,,354.52,60,,3.711,,,,,,,,,,,,,,,,,,,,,,,,,,,,,,,,,,,,,,,,,,,,,,,,,,,,7.414,,,,,,,,,,,50.2920066,26.863943,
12:03:41.310,-3.0499999999999545,,-3.099999999999909,,,,,,,,,,3.702,,,,,,,,,,,,,,,,,,,,,,,,,,,,,,,,,,,,,,,,,,,,,,,,,,,7.413,,,,,,,,,,,50.2920066,26.863943,
12:03:41.387,,-2.7999999999999545,,,,,,,,,,,,,,,,,,,,,,,,,,,,,,,,,,,,,,,,,,,,,,,,,,,,,,,,,,,,,,,,,,,,,,,,,50.2920066,26.863943,
12:03:41.505,,,,,,,,,,,,,,,,,,,,,,,,,,,,,,,,,,0.1,0,,,,0,0,,0,0.022034099111111115,2.945369,125.301052,8735.676596999998,0,-0.01,,,,,3.5277782647650384,,,,22,99,,8,,,,,105,0.1,,,,,,,0.08825985,,50.2920066,26.863943,
12:03:41.590,,,,,,,,,,,,,,,,,,,,0,5.882352941176471,100,,,,,,,,,,5.882352941176471,,,,,,,,,0,,,,,,,,,,,,,0,,,,,,,,,,,,0.1,,17.6470588235294,100,,,,,,50.2920066,26.863943,
12:03:41.662,,,,,,,,,,,,,,,,,,,,,,,0,27.408545,663.57487818,9834.377037130002,0,0.288511,8.605602000000001,121.18336500000002,0,,5.882352941176471,,,0,0,,,,,,,,,,,,0,9.795411033388348,6.867940741630806,1.387223572832547,,,37,,,,35880,,12000,0,0,,105,0.1,35880,17.6470588235294,,,,,,0,50.2920066,26.863943,
12:03:41.797,,,,,,,,,,,,,,,22,,,,,,,,,,,,,,,,,,,,,,,,,,,,,,,,,,,,,,,,,,,,,,,,,,,,,,,,,46,,,50.2919915,26.8639668,
12:03:41.833,,,,,,,,,,,,,,,,,,0,,,,,,,,,,,,,,,,,,,,,,,,,,,,,,,,,,,,,,,,,,,,,,,,,,,,,,,,,50.2919915,26.8639668,
12:03:41.873,,,,,,,,,,,,,,,,0,0,,,,,,,,,,,,,,,,,,,,,,,,,,,,,,,,,,,,,,,,,,,,,,,,,,,,,,,,,,50.2919915,26.8639668,
12:03:41.986,,,,,,16,15,15,,,,,,,,,,,,,,,,,,,,,,,,,,,,,,,,,,,,,,,,,,,,,,,,,,,,,,,,,,,,,,,-38,,,,50.2919915,26.8639668,
12:03:42.050,,,,,,,,,355.81,60,,3.709,,,,,,,,,,,,,,,,,,,,,,,,,,,,,,,,,,,,,,,,,,,,,,,,,,,,7.411,,,,,,,,,,,50.2919915,26.8639668,
12:03:42.125,-3.0499999999999545,,-2.949999999999818,,,,,,,,,,3.702,,,,,,,,,,,,,,,,,,,,,,,,,,,,,,,,,,,,,,,,,,,,,,,,,,,7.411,,,,,,,,,,,50.2919915,26.8639668,
12:03:42.161,,-2.599999999999909,,,,,,,,,,,,,,,,,,,,,,,,,,,,,,,,,,,,,,,,,,,,,,,,,,,,,,,,,,,,,,,,,,,,,,,,,50.2919915,26.8639668,
12:03:42.330,,,,,,,,,,,,,,,,,,,,,,,,,,,,,,,,,,0.04,0,,,,0,0,,-0.03484558345002944,0.023178642027777783,2.946514,125.30219699999999,8735.677741999998,0,-0.01,,,,,3.5798268994285958,,,,22,99,,5,,,,,105,0.04,,,,,,,0.03530394,,50.2919915,26.8639668,
12:03:42.414,,,,,,,,,,,,,,,,,,,,0,5.882352941176471,100,,,,,,,,,,5.882352941176471,,,,,,,,,0,,,,,,,,,,,,,0,,,,,,,,,,,,0.04,,17.6470588235294,100,,,,,,50.2919915,26.8639668,
12:03:42.489,,,,,,,,,,,,,,,,,,,,,,,0,27.408545,663.57487818,9834.377037130002,0,0.288511,8.605602000000001,121.18336500000002,0,,5.882352941176471,,,0,0,,,,,,,,,,,,0,9.791604587658501,6.867877983017331,1.3872233910068161,,,37,,,,35870,,12000,0,0,,105,0.04,35870,17.6470588235294,,,,,,0,50.2919915,26.8639668,
12:03:42.570,,,,,,,,,,,,,,,,,,,24,,,,,,,,,,,,,,,,,,,,,,,,,,,,,,,,,,,,,,,,,,,,,,,,,,,,,46,,,50.2919915,26.8639668,
12:03:42.678,,,,,,,,,,,,,,,22,,,,,,,,,,,,,,,,,,,,,,,,,,,,,,,,,,,,,,,,,,,,,,,,,,,,,,,,,46,,,50.2919915,26.8639668,
12:03:42.713,,,,,,,,,,,,,,,,,,0,,,,,,,,,,,,,,,,,,,,,,,,,,,,,,,,,,,,,,,,,,,,,,,,,,,,,,,,,50.2919915,26.8639668,
12:03:42.750,,,,,,,,,,,,,,,,32,0,,,,,,,,,,,,,,,,,,,,,,,,,,,,,,,,,,,,,,,,,,,,,,,,,,,,,,,,,,50.2919826,26.863981,
12:03:42.870,,,,,,,,,356.93,60,,3.712,,,,,,,,,,,,,,,,,,,,,,,,,,,,,,,,,,,,,,,,,,,,,,,,,,,,7.414,,,,,,,,,,,50.2919826,26.863981,
12:03:42.945,-2.8999999999998636,,-2.8999999999998636,,,,,,,,,,3.703,,,,,,,,,,,,,,,,,,,,,,,,,,,,,,,,,,,,,,,,,,,,,,,,,,,7.415,,,,,,,,,,,50.2919826,26.863981,
12:03:42.981,,-2.599999999999909,,,,,,,,,,,,,,,,,,,,,,,,,,,,,,,,,,,,,,,,,,,,,,,,,,,,,,,,,,,,,,,,,,,,,,,,,50.2919826,26.863981,
12:03:43.115,,,,,,,,,,,,,,,,,,,,,,,,,,,,,,,,,,,,,,,,,,,,,,,,,,,,,,,,46,,,,,,,,,105,,,,,,,,,,50.2919826,26.863981,
12:03:43.281,,,,,,,,,,,,,,,,,,,,,,,,,,,,,,,,,,0.12,,,,,0,0,,-0.07577123465141791,0.023178642027777783,2.946514,125.30219699999999,8735.677741999998,0,-0.01,,,,,3.439405977215742,,,,22,99,,0,,,,,105,0.12,,,,,,,0.10591181999999999,,50.2919826,26.863981,
12:03:43.382,,,,,,,,,,,,,,,,,,,,0,5.882352941176471,100,,,,,,,,,,5.882352941176471,,,,,,,,,0,,,,,,,,,,,,,0,,,,,,,,,,,,0.12,,17.6470588235294,100,,,,,,50.2919826,26.863981,
12:03:43.469,,,,,,,,,,,,,,,,,,,,,,,0,27.408545,663.57487818,9834.377037130002,0,0.288511,8.605602000000001,121.18336500000002,0,,5.882352941176471,,,0,0,,,,,,,,,,,,0,9.791604587658501,6.867877983017331,1.3872233910068161,,,37,,,,35860,,12000,0,0,,105,0.12,35860,17.6470588235294,,,,,,0,50.2919826,26.863981,
12:03:43.653,,,,,,,,,,,,,,,22,,,,,,,,,,,,,,,,,,,,,,,,,,,,,,,,,,,,,,,,,,,,,,,,,,,,,,,,,46,,,50.2919826,26.863981,
12:03:43.703,,,,,,,,,,,,,,,,,,0,,,,,,,,,,,,,,,,,,,,,,,,,,,,,,,,,,,,,,,,,,,,,,,,,,,,,,,,,50.2919826,26.863981,
12:03:43.749,,,,,,,,,,,,,,,,-64,-0.015625,,,,,,,,,,,,,,,,,,,,,,,,,,,,,,,,,,,,,,,,,,,,,,,,,,,,,,,,,,50.2919824,26.8639819,
12:03:43.869,,,,,,,,,356.29,60,,3.712,,,,,,,,,,,,,,,,,,,,,,,,,,,,,,,,,,,,,,,,,,,,,,,,,,,,7.415,,,,,,,,,,,50.2919824,26.8639819,
12:03:43.929,-2.8999999999998636,,-2.849999999999909,,,,,,,,,,3.703,,,,,,,,,,,,,,,,,,,,,,,,,,,,,,,,,,,,,,,,,,,,,,,,,,,7.415,,,,,,,,,,,50.2919824,26.8639819,
12:03:43.977,,-2.7999999999999545,,,,,,,,,,,,,,,,,,,,,,,,,,,,,,,,,,,,,,,,,,,,,,,,,,,,,,,,,,,,,,,,,,,,,,,,,50.2919824,26.8639819,
12:03:44.110,,,,,,,,,,,,,,,,,,,,,,,,,,,,,,,,,,0.17,,,,,0,0,,-0.07523226110052758,0.023178642027777783,2.946514,125.30219699999999,8735.677741999998,0,-0.01,,,,,3.325828137694531,,,,22,99,,0,,,,,105,0.17,,,,,,,0.150041745,,50.2919824,26.8639819,
12:03:44.186,,,,,,,,,,,,,,,,,,,,0,5.882352941176471,100,,,,,,,,,,5.882352941176471,,,,,,,,,0,,,,,,,,,,,,,0,,,,,,,,,,,,0.17,,17.6470588235294,100,,,,,,50.2919824,26.8639819,
12:03:44.261,,,,,,,,,,,,,,,,,,,,,,,0,27.408545,663.57487818,9834.377037130002,0,0.288511,8.605602000000001,121.18336500000002,0,,5.882352941176471,,,0,0,,,,,,,,,,,,0,9.791604587658501,6.867877983017331,1.3872233910068161,,,37,,,,35840,,12000,0,0,,105,0.17,35840,17.6470588235294,,,,,,0,50.2919824,26.8639819,
12:03:44.385,,,,,,,,,,,,,,,22,,,,,,,,,,,,,,,,,,,,,,,,,,,,,,,,,,,,,,,,,,,,,,,,,,,,,,,,,46,,,50.2919824,26.8639819,
12:03:44.421,,,,,,,,,,,,,,,,,,0,,,,,,,,,,,,,,,,,,,,,,,,,,,,,,,,,,,,,,,,,,,,,,,,,,,,,,,,,50.2919824,26.8639819,
12:03:44.457,,,,,,,,,,,,,,,,-64,-0.015625,,,,,,,,,,,,,,,,,,,,,,,,,,,,,,,,,,,,,,,,,,,,,,,,,,,,,,,,,,50.2919824,26.8639819,
12:03:44.577,,,,,,,,,354.68,60,,3.711,,,,,,,,,,,,,,,,,,,,,,,,,,,,,,,,,,,,,,,,,,,,,,,,,,,,7.414,,,,,,,,,,,50.2919824,26.8639819,
12:03:44.626,-2.849999999999909,,-2.7999999999999545,,,,,,,,,,3.704,,,,,,,,,,,,,,,,,,,,,,,,,,,,,,,,,,,,,,,,,,,,,,,,,,,7.415,,,,,,,,,,,50.2919824,26.8639819,
12:03:44.667,,-2.599999999999909,,,,,,,,,,,,,,,,,,,,,,,,,,,,,,,,,,,,,,,,,,,,,,,,,,,,,,,,,,,,,,,,,,,,,,,,,50.2919824,26.8639819,
12:03:44.794,,,,,,,,,,,,,,,,,,,,,,,,,,,,,,,,,,0.16,,,,,0,0,,-0.06889036409194112,0.023178642027777783,2.946514,125.30219699999999,8735.677741999998,0,-0.01,,,,,3.2374418671167513,,,,22,99,,0,,,,,105,0.16,,,,,,,0.14121576,,50.2919849,26.8639805,
12:03:44.931,,,,,,,,,,,,,,,,,,,,0,5.882352941176471,100,,,,,,,,,,5.882352941176471,,,,,,,,,0,,,,,,,,,,,,,0,,,,,,,,,,,,0.16,,17.6470588235294,100,,,,,,50.2919849,26.8639805,
12:03:45.094,,,,,,,,,,,,,,,,,,,,,,,0,27.408545,663.57487818,9834.377037130002,0,0.288511,8.605602000000001,121.18336500000002,0,,5.882352941176471,,,0,0,,,,,,,,,,,,0,9.791604587658501,6.867877983017331,1.3872233910068161,,,37,,,,35830,,12000,0,0,,105,0.16,35830,17.6470588235294,,,,,,0,50.2919849,26.8639805,
12:03:45.206,,,,,,,,,,,,,,,22,,,,,,,,,,,,,,,,,,,,,,,,,,,,,,,,,,,,,,,,,,,,,,,,,,,,,,,,,46,,,50.2919849,26.8639805,
12:03:45.244,,,,,,,,,,,,,,,,,,0,,,,,,,,,,,,,,,,,,,,,,,,,,,,,,,,,,,,,,,,,,,,,,,,,,,,,,,,,50.2919849,26.8639805,
12:03:45.306,,,,,,,,,,,,,,,,-64,-0.015625,,,,,,,,,,,,,,,,,,,,,,,,,,,,,,,,,,,,,,,,,,,,,,,,,,,,,,,,,,50.2919849,26.8639805,
12:03:45.474,,,,,16,,,,,,60.25,,,63.75,,,,,,,,,,,,,,,,,,,,,,,,,,,,,,,,,,,,,,,,,,,,,,,,,,,,,,,,124,-38,,,,50.2919849,26.8639805,
12:03:45.538,,,,,,,,,355.97,60,,3.713,,,,,,,,,,,,,,,,,,,,,,,,,,,,,,,,,,,,,,,,,,,,,,,,,,,,7.417,,,,,,,,,,,50.2919849,26.8639805,
12:03:45.590,-2.8999999999998636,,-3.0499999999999545,,,,,,,,,,3.704,,,,,,,,,,,,,,,,,,,,,,,,,,,,,,,,,,,,,,,,,,,,,,,,,,,7.417,,,,,,,,,,,50.2919849,26.8639805,
12:03:45.630,,-2.599999999999909,,,,,,,,,,,,,,,,,,,,,,,,,,,,,,,,,,,,,,,,,,,,,,,,,,,,,,,,,,,,,,,,,,,,,,,,,50.2919849,26.8639805,
12:03:45.738,,,,,,,,,,,,,,,,,,,,,,,,,,,,,,,,,,0.16,,,,,0,0,,-0.04155273943943174,0.023178642027777783,2.946514,125.30219699999999,8735.677741999998,0,-0.01,,,,,3.1232222008741797,,,,22,99,,0,,,,,105,0.16,,,,,,,0.14121576,,50.2919848,26.86398,
12:03:45.801,,,,,,,,,,,,,,,,,,,,0,5.882352941176471,100,,,,,,,,,,5.882352941176471,,,,,,,,,0,,,,,,,,,,,,,0,,,,,,,,,,,,0.16,,17.6470588235294,100,,,,,,50.2919848,26.86398,
12:03:45.886,,,,,,,,,,,,,,,,,,,,,,,0,27.408545,663.57487818,9834.377037130002,0,0.288511,8.605602000000001,121.18336500000002,0,,5.882352941176471,,,0,0,,,,,,,,,,,,0,9.791604587658501,6.867877983017331,1.3872233910068161,,,37,,,,35820,,12000,0,0,,105,0.16,35820,17.6470588235294,,,,,,0,50.2919848,26.86398,
12:03:46.034,,,,,,,,,,,,,,,22,,,,,,,,,,,,,,,,,,,,,,,,,,,,,,,,,,,,,,,,,,,,,,,,,,,,,,,,,46,,,50.2919848,26.86398,
12:03:46.082,,,,,,,,,,,,,,,,,,0,,,,,,,,,,,,,,,,,,,,,,,,,,,,,,,,,,,,,,,,,,,,,,,,,,,,,,,,,50.2919848,26.86398,
12:03:46.141,,,,,,,,,,,,,,,,0,0,,,,,,,,,,,,,,,,,,,,,,,,,,,,,,,,,,,,,,,,,,,,,,,,,,,,,,,,,,50.2919848,26.86398,
12:03:46.249,,,,,,,,,355.97,60,,3.712,,,,,,,,,,,,,,,,,,,,,,,,,,,,,,,,,,,,,,,,,,,,,,,,,,,,7.416,,,,,,,,,,,50.2919848,26.86398,
12:03:46.298,-2.7999999999999545,,-2.7999999999999545,,,,,,,,,,3.703,,,,,,,,,,,,,,,,,,,,,,,,,,,,,,,,,,,,,,,,,,,,,,,,,,,7.415,,,,,,,,,,,50.2919848,26.86398,
12:03:46.334,,-2.599999999999909,,,,,,,,,,,,,,,,,,,,,,,,,,,,,,,,,,,,,,,,,,,,,,,,,,,,,,,,,,,,,,,,,,,,,,,,,50.2919848,26.86398,
12:03:46.489,,,,,,,,,,,,,,,,,,,,,,,,,,,,,,,,,,0.16,,,,,0,0,,0,0.023178642027777783,2.946514,125.30219699999999,8735.677741999998,0,-0.01,,,,,3.037730065707103,,,,22,99,,0,,,,,105,0.16,,,,,,,0.14121576,,50.2919848,26.86398,
12:03:46.553,,,,,,,,,,,,,,,,,,,,0,5.882352941176471,100,,,,,,,,,,5.882352941176471,,,,,,,,,0,,,,,,,,,,,,,0,,,,,,,,,,,,0.16,,17.6470588235294,100,,,,,,50.2919848,26.86398,
12:03:46.741,,,,,,,,,,,,,,,,,,,,,,,0,27.408545,663.57487818,9834.377037130002,0,0.288511,8.605602000000001,121.18336500000002,0,,5.882352941176471,,,0,0,,,,,,,,,,,,0,9.791604587658501,6.867877983017331,1.3872233910068161,,,37,,,,35800,,12000,0,0,,105,0.16,35800,17.6470588235294,,,,,,0,50.2919847,26.8639796,
12:03:46.994,,,,,,,,,,,,,,,22,,,,,,,,,,,,,,,,,,,,,,,,,,,,,,,,,,,,,,,,,,,,,,,,,,,,,,,,,46,,,50.2919847,26.8639796,
12:03:47.030,,,,,,,,,,,,,,,,,,0,,,,,,,,,,,,,,,,,,,,,,,,,,,,,,,,,,,,,,,,,,,,,,,,,,,,,,,,,50.2919847,26.8639796,
12:03:47.078,,,,,,,,,,,,,,,,0,0,,,,,,,,,,,,,,,,,,,,,,,,,,,,,,,,,,,,,,,,,,,,,,,,,,,,,,,,,,50.2919847,26.8639796,
12:03:47.186,,,,,,,,,355.81,60,,3.711,,,,,,,,,,,,,,,,,,,,,,,,,,,,,,,,,,,,,,,,,,,,,,,,,,,,7.414,,,,,,,,,,,50.2919847,26.8639796,
12:03:47.249,-2.849999999999909,,-2.8999999999998636,,,,,,,,,,3.704,,,,,,,,,,,,,,,,,,,,,,,,,,,,,,,,,,,,,,,,,,,,,,,,,,,7.415,,,,,,,,,,,50.2919847,26.8639796,
12:03:47.285,,-2.7999999999999545,,,,,,,,,,,,,,,,,,,,,,,,,,,,,,,,,,,,,,,,,,,,,,,,,,,,,,,,,,,,,,,,,,,,,,,,,50.2919847,26.8639796,
12:03:47.385,,,,,,,,,,,,,,,,,,,,,,,,,,,,,,,,,,,,,,,,,,,,,,,,,,,,,,,,46,,,,,,,,,105,,,,,,,,,,50.2919847,26.8639796,
12:03:47.457,,,,,,,,,,,,,,,,,,,,,,,,,,,,,,,,,,0.16,,,,,0,0,,0,0.023178642027777783,2.946514,125.30219699999999,8735.677741999998,0,-0.01,,,,,2.9342182674579482,,,,22,99,,0,,,,,105,0.16,,,,,,,0.14121576,,50.2919847,26.8639796,
12:03:47.533,,,,,,,,,,,,,,,,,,,,0,5.882352941176471,100,,,,,,,,,,5.882352941176471,,,,,,,,,0,,,,,,,,,,,,,0,,,,,,,,,,,,0.16,,17.6470588235294,100,,,,,,50.2919847,26.8639796,
12:03:47.614,,,,,,,,,,,,,,,,,,,,,,,0,27.408545,663.57487818,9834.377037130002,0,0.288511,8.605602000000001,121.18336500000002,0,,5.882352941176471,,,0,0,,,,,,,,,,,,0,9.791604587658501,6.867877983017331,1.3872233910068161,,,37,,,,35790,,12000,0,0,,105,0.16,35790,17.6470588235294,,,,,,0,50.2919847,26.8639796,
12:03:47.742,,,,,,,,,,,,,,,22,,,,,,,,,,,,,,,,,,,,,,,,,,,,,,,,,,,,,,,,,,,,,,,,,,,,,,,,,46,,,50.2919839,26.8639796,
12:03:47.777,,,,,,,,,,,,,,,,,,30.234375,,,,,,,,,,,,,,,,,,,,,,,,,,,,,,,,,,,,,,,,,,,,,,,,,,,,,,,,,50.2919839,26.8639796,
12:03:47.817,,,,,,,,,,,,,,,,1536,0.09375,,,,,,,,,,,,,,,,,,,,,,,,,,,,,,,,,,,,,,,,,,,,,,,,,,,,,,,,,,50.2919839,26.8639796,
12:03:47.977,,,,,,,,,354.68,60,,3.709,,,,,,,,,,,,,,,,,,,,,,,,,,,,,,,,,,,,,,,,,,,,,,,,,,,,7.413,,,,,,,,,,,50.2919839,26.8639796,
12:03:48.061,-4.399999999999864,,-4.449999999999818,,,,,,,,,,3.701,,,,,,,,,,,,,,,,,,,,,,,,,,,,,,,,,,,,,,,,,,,,,,,,,,,7.41,,,,,,,,,,,50.2919839,26.8639796,
12:03:48.101,,-4.5,,,,,,,,,,,,,,,,,,,,,,,,,,,,,,,,,,,,,,,,,,,,,,,,,,,,,,,,,,,,,,,,,,,,,,,,,50.2919839,26.8639796,
12:03:48.221,,,,,,,,,,,,,,,,,,,,,,,,,,,,,,,,,,0.12,,,,,0,0,,0,0.023178642027777783,2.946514,125.30219699999999,8735.677741999998,0,-0.01,,,,,2.8574205025672823,,,,22,99,,0,,,,,105,0.12,,,,,,,0.10591181999999999,,50.2919839,26.8639796,
12:03:48.298,,,,,,,,,,,,,,,,,,,,0,5.882352941176471,100,,,,,,,,,,5.882352941176471,,,,,,,,,2.3529411764705883,,,,,,,,,,,,,0,,,,,,,,,,,,0.12,,17.6470588235294,100,,,,,,50.2919839,26.8639796,
12:03:48.369,,,,,,,,,,,,,,,,,,,,,,,0,27.408545,663.57487818,9834.377037130002,0,0.288511,8.605602000000001,121.18336500000002,0,,5.882352941176471,,,0,0,,,,,,,,,,,,0,9.791604587658501,6.867877983017331,1.3872233910068161,,,37,,,,35780,,12000,0,0,,105,0.12,35780,17.6470588235294,,,,,,0,50.2919839,26.8639796,
12:03:48.493,,,,,,,,,,,,,,,22,,,,,,,,,,,,,,,,,,,,,,,,,,,,,,,,,,,,,,,,,,,,,,,,,,,,,,,,,46,,,50.2919839,26.8639796,
12:03:48.530,,,,,,,,,,,,,,,,,,111.890625,,,,,,,,,,,,,,,,,,,,,,,,,,,,,,,,,,,,,,,,,,,,,,,,,,,,,,,,,50.2919839,26.8639796,
12:03:48.597,,,,,,,,,,,,,,,,7424,0.453125,,,,,,,,,,,,,,,,,,,,,,,,,,,,,,,,,,,,,,,,,,,,,,,,,,,,,,,,,,50.2919839,26.8639796,
12:03:48.765,,,,-100,,,,,,,,,,,,,,,,,,,,,,,,,,,,,,,,,,,,,,,,,,,,,,,,,,,,,,,,,,,,,,,,,,,-38,,,,50.2919831,26.8639803,
12:03:48.969,,,,,,,,,353.87,60,,3.701,,,,,,,,,,,,,,,,,,,,,,,,,,,,,,,,,,,,,,,,,,,,,,,,,,,,7.402,,,,,,,,,,,50.2919831,26.8639803,
12:03:49.029,-7.599999999999909,,-7.199999999999818,,,,,,,,,,3.694,,,,,,,,,,,,,,,,,,,,,,,,,,,,,,,,,,,,,,,,,,,,,,,,,,,7.395,,,,,,,,,,,50.2919831,26.8639803,
12:03:49.066,,-6.649999999999864,,,,,,,,,,,,,,,,,,,,,,,,,,,,,,,,,,,,,,,,,,,,,,,,,,,,,,,,,,,,,,,,,,,,,,,,,50.2919831,26.8639803,
12:03:49.189,,,,,,,,,,,,,,,,,,,,,,,,,,,,,,,,,,0.15,,,,,0,0,,0,0.023178642027777783,2.946514,125.30219699999999,8735.677741999998,0,-0.01,,,,,2.765844126874577,,,,22,99,,0,,,,,105,0.15,,,,,,,0.132389775,,50.2919831,26.8639803,
12:03:49.253,,,,,,,,,,,,,,,,,,,,0,5.882352941176471,100,,,,,,,,,,5.882352941176471,,,,,,,,,0,,,,,,,,,,,,,0,,,,,,,,,,,,0.15,,17.6470588235294,100,,,,,,50.2919831,26.8639803,
12:03:49.313,,,,,,,,,,,,,,,,,,,,,,,0,27.408545,663.57487818,9834.377037130002,0,0.288511,8.605602000000001,121.18336500000002,0,,5.882352941176471,,,0,0,,,,,,,,,,,,0,9.791604587658501,6.867877983017331,1.3872233910068161,,,37,,,,35770,,12000,0,0,,105,0.15,35770,17.6470588235294,,,,,,0,50.2919831,26.8639803,
12:03:49.389,,,,,,,,,,,,,,,,,,,25,,,,,,,,,,,,,,,,,,,,,,,,,,,,,,,,,,,,,,,,,,,,,,,,,,,,,47,,,50.2919831,26.8639803,
12:03:49.510,,,,,,,,,,,,,,,22,,,,,,,,,,,,,,,,,,,,,,,,,,,,,,,,,,,,,,,,,,,,,,,,,,,,,,,,,47,,,50.2919831,26.8639803,
12:03:49.558,,,,,,,,,,,,,,,,,,34.859375,,,,,,,,,,,,,,,,,,,,,,,,,,,,,,,,,,,,,,,,,,,,,,,,,,,,,,,,,50.2919831,26.8639803,
12:03:49.593,,,,,,,,,,,,,,,,2272,0.125,,,,,,,,,,,,,,,,,,,,,,,,,,,,,,,,,,,,,,,,,,,,,,,,,,,,,,,,,,50.2919831,26.8639803,
12:03:49.713,,,,,,,,,355.16,60,,3.706,,,,,,,,,,,,,,,,,,,,,,,,,,,,,,,,,,,,,,,,,,,,,,,,,,,,7.4,,,,,,,,,,,50.2919831,26.8639803,
12:03:49.777,-6.099999999999909,,-6.0499999999999545,,,,,,,,,,3.696,,,,,,,,,,,,,,,,,,,,,,,,,,,,,,,,,,,,,,,,,,,,,,,,,,,7.402,,,,,,,,,,,50.291979,26.8639866,
12:03:49.812,,-5.7999999999999545,,,,,,,,,,,,,,,,,,,,,,,,,,,,,,,,,,,,,,,,,,,,,,,,,,,,,,,,,,,,,,,,,,,,,,,,,50.291979,26.8639866,
12:03:49.974,,,,,,,,,,,,,,,,,,,,,,,,,,,,,,,,,,0.16,0,,,,0,0,,0.016256667702120836,0.023614536527777782,2.94695,125.302633,8735.678177999998,0,-0.01,,,,,2.746431641239918,,,,22,99,,2,,,,,105,0.16,,,,,,,0.14121576,,50.291979,26.8639866,
12:03:50.074,,,,,,,,,,,,,,,,,,,,0,5.882352941176471,100,,,,,,,,,,5.882352941176471,,,,,,,,,0,,,,,,,,,,,,,0,,,,,,,,,,,,0.16,,17.6470588235294,100,,,,,,50.291979,26.8639866,
12:03:50.161,,,,,,,,,,,,,,,,,,,,,,,0,27.408545,663.57487818,9834.377037130002,0,0.288511,8.605602000000001,121.18336500000002,0,,5.882352941176471,,,0,0,,,,,,,,,,,,0,9.790155923921343,6.8678540857158215,1.387223321770131,,,37,,,,35750,,12000,0,0,,105,0.16,35750,17.6470588235294,,,,,,0,50.291979,26.8639866,
12:03:50.309,,,,,,,,,,,,,,,22,,,,,,,,,,,,,,,,,,,,,,,,,,,,,,,,,,,,,,,,,,,,,,,,,,,,,,,,,47,,,50.291979,26.8639866,
12:03:50.346,,,,,,,,,,,,,,,,,,33.28125,,,,,,,,,,,,,,,,,,,,,,,,,,,,,,,,,,,,,,,,,,,,,,,,,,,,,,,,,50.291979,26.8639866,
12:03:50.390,,,,,,,,,,,,,,,,2144,0.125,,,,,,,,,,,,,,,,,,,,,,,,,,,,,,,,,,,,,,,,,,,,,,,,,,,,,,,,,,50.291979,26.8639866,
12:03:50.750,,,,,,16,15,15,,,,,,,,,,,,,,,,,,,,,,,,,,,,,,,,,,,,,,,,,,,,,,,,,,,,,,,,,,,,,,,-38,,,,50.2919734,26.8639945,
12:03:50.811,,,,,,,,,356.29,59.5,,3.706,,,,,,,,,,,,,,,,,,,,,,,,,,,,,,,,,,,,,,,,,,,,,,,,,,,,7.402,,,,,,,,,,,50.2919734,26.8639945,
12:03:50.861,-5.199999999999818,,-5.199999999999818,,,,,,,,,,3.698,,,,,,,,,,,,,,,,,,,,,,,,,,,,,,,,,,,,,,,,,,,,,,,,,,,7.404,,,,,,,,,,,50.2919734,26.8639945,
12:03:50.921,,-4.699999999999818,,,,,,,,,,,,,,,,,,,,,,,,,,,,,,,,,,,,,,,,,,,,,,,,,,,,,,,,,,,,,,,,,,,,,,,,,50.2919734,26.8639945,
12:03:51.102,,,,,,,,,,,,,,,,,,,,,,,,,,,,,,,,,,0.13,,,,,0,0,,,0.023614536527777782,2.94695,125.302633,8735.678177999998,0,-0.01,,,,,2.649835764872024,,,,22,99,,0,,,,,105,0.13,,,,,,,0.114737805,,50.2919734,26.8639945,
12:03:51.186,,,,,,,,,,,,,,,,,,,,0,5.882352941176471,100,,,,,,,,,,5.882352941176471,,,,,,,,,0,,,,,,,,,,,,,0,,,,,,,,,,,,0.13,,17.6470588235294,100,,,,,,50.2919734,26.8639945,
12:03:51.263,,,,,,,,,,,,,,,,,,,,,,,0,27.408545,663.57487818,9834.377037130002,0,0.288511,8.605602000000001,121.18336500000002,0,,5.882352941176471,,,0,0,,,,,,,,,,,,0,9.790155923921343,6.8678540857158215,1.387223321770131,,,37,,,,35730,,12000,0,0,,105,0.13,35730,17.6470588235294,,,,,,0,50.2919734,26.8639945,
12:03:51.420,,,,,,,,,,,,,,,22,,,,,,,,,,,,,,,,,,,,,,,,,,,,,,,,,,,,,,,,,,,,,,,,,,,,,,,,,47,,,50.2919734,26.8639945,
12:03:51.457,,,,,,,,,,,,,,,,,,33.390625,,,,,,,,,,,,,,,,,,,,,,,,,,,,,,,,,,,,,,,,,,,,,,,,,,,,,,,,,50.2919734,26.8639945,
12:03:51.493,,,,,,,,,,,,,,,,2048,0.125,,,,,,,,,,,,,,,,,,,,,,,,,,,,,,,,,,,,,,,,,,,,,,,,,,,,,,,,,,50.2919734,26.8639945,
12:03:51.654,,,,,,,,,355,59.5,,3.707,,,,,,,,,,,,,,,,,,,,,,,,,,,,,,,,,,,,,,,,,,,,,,,,,,,,7.405,,,,,,,,,,,50.2919734,26.8639945,
12:03:51.726,-3.199999999999818,,-3.1499999999998636,,,,,,,,,,3.701,,,,,,,,,,,,,,,,,,,,,,,,,,,,,,,,,,,,,,,,,,,,,,,,,,,7.408,,,,,,,,,,,50.2919709,26.8639978,
12:03:51.775,,-3,,,,,,,,,,,,,,,,,,,,,,,,,,,,,,,,,,,,,,,,,,,,,,,,,,,,,,,,,,,,,,,,,,,,,,,,,50.2919709,26.8639978,
12:03:51.873,,,,,,,,,,,,,,,,,,,,,,,,,,,,,,,,,,,,,,,,,,,,,,,,,,,,,,,,45,,,,,,,,,104,,,,,,,,,,50.2919709,26.8639978,
12:03:51.945,,,,,,,,,,,,,,,,,,,,,,,,,,,,,,,,,,0.15,,,,,0,0,,,0.023614536527777782,2.94695,125.302633,8735.678177999998,0,-0.01,,,,,2.5818928688714116,,,,22,99,,0,,,,,104,0.15,,,,,,,0.132389775,,50.2919709,26.8639978,
12:03:52.009,,,,,,,,,,,,,,,,,,,,0,5.882352941176471,100,,,,,,,,,,5.882352941176471,,,,,,,,,0,,,,,,,,,,,,,0,,,,,,,,,,,,0.15,,17.6470588235294,100,,,,,,50.2919709,26.8639978,
12:03:52.082,,,,,,,,,,,,,,,,,,,,,,,0,27.408545,663.57487818,9834.377037130002,0,0.288511,8.605602000000001,121.18336500000002,0,,5.882352941176471,,,0,0,,,,,,,,,,,,0,9.790155923921343,6.8678540857158215,1.387223321770131,,,37,,,,35720,,12000,0,0,,104,0.15,35720,17.6470588235294,,,,,,0,50.2919709,26.8639978,
12:03:52.194,,,,,,,,,,,,,,,22,,,,,,,,,,,,,,,,,,,,,,,,,,,,,,,,,,,,,,,,,,,,,,,,,,,,,,,,,47,,,50.2919709,26.8639978,
12:03:52.231,,,,,,,,,,,,,,,,,,0.25,,,,,,,,,,,,,,,,,,,,,,,,,,,,,,,,,,,,,,,,,,,,,,,,,,,,,,,,,50.2919709,26.8639978,
12:03:52.305,,,,,,,,,,,,,,,,0,0,,,,,,,,,,,,,,,,,,,,,,,,,,,,,,,,,,,,,,,,,,,,,,,,,,,,,,,,,,50.2919709,26.8639978,
12:03:52.558,,,,,16,,,,,,60.5,,,63.75,,,,,,,,,,,,,,,,,,,,,,,,,,,,,,,,,,,,,,,,,,,,,,,,,,,,,,,,124,-38,,,,50.2919709,26.8639978,
12:03:52.623,,,,,,,,,357.09000000000003,59.5,,3.709,,,,,,,,,,,,,,,,,,,,,,,,,,,,,,,,,,,,,,,,,,,,,,,,,,,,7.41,,,,,,,,,,,50.2919709,26.8639978,
12:03:52.685,-2.75,,-2.7999999999999545,,,,,,,,,,3.702,,,,,,,,,,,,,,,,,,,,,,,,,,,,,,,,,,,,,,,,,,,,,,,,,,,7.411,,,,,,,,,,,50.2919709,26.8639978,
12:03:52.723,,-2.599999999999909,,,,,,,,,,,,,,,,,,,,,,,,,,,,,,,,,,,,,,,,,,,,,,,,,,,,,,,,,,,,,,,,,,,,,,,,,50.2919709,26.8639978,
12:03:52.862,,,,,,,,,,,,,,,,,,,,,,,,,,,,,,,,,,0.15,,,,,0,0,,0,0.023614536527777782,2.94695,125.302633,8735.678177999998,0,-0.01,,,,,2.5120186349616556,,,,22,99,,0,,,,,104,0.15,,,,,,,0.132389775,,50.2919718,26.8640003,
12:03:52.925,,,,,,,,,,,,,,,,,,,,0,5.882352941176471,100,,,,,,,,,,5.882352941176471,,,,,,,,,0,,,,,,,,,,,,,0,,,,,,,,,,,,0.15,,17.6470588235294,100,,,,,,50.2919718,26.8640003,
12:03:52.997,,,,,,,,,,,,,,,,,,,,,,,0,27.408545,663.57487818,9834.377037130002,0,0.288511,8.605602000000001,121.18336500000002,0,,5.882352941176471,,,0,0,,,,,,,,,,,,0,9.790155923921343,6.8678540857158215,1.387223321770131,,,37,,,,35710,,12000,0,0,,104,0.15,35710,17.6470588235294,,,,,,0,50.2919718,26.8640003,
12:03:53.110,,,,,,,,,,,,,,,22,,,,,,,,,,,,,,,,,,,,,,,,,,,,,,,,,,,,,,,,,,,,,,,,,,,,,,,,,47,,,50.2919718,26.8640003,
12:03:53.147,,,,,,,,,,,,,,,,,,0,,,,,,,,,,,,,,,,,,,,,,,,,,,,,,,,,,,,,,,,,,,,,,,,,,,,,,,,,50.2919718,26.8640003,
12:03:53.214,,,,,,,,,,,,,,,,-32,-0.015625,,,,,,,,,,,,,,,,,,,,,,,,,,,,,,,,,,,,,,,,,,,,,,,,,,,,,,,,,,50.2919718,26.8640003,
12:03:53.333,,,,,,,,,356.45,59.5,,3.71,,,,,,,,,,,,,,,,,,,,,,,,,,,,,,,,,,,,,,,,,,,,,,,,,,,,7.412,,,,,,,,,,,50.2919718,26.8640003,
12:03:53.402,-2.7999999999999545,,-2.75,,,,,,,,,,3.703,,,,,,,,,,,,,,,,,,,,,,,,,,,,,,,,,,,,,,,,,,,,,,,,,,,7.413,,,,,,,,,,,50.2919718,26.8640003,
12:03:53.438,,-2.599999999999909,,,,,,,,,,,,,,,,,,,,,,,,,,,,,,,,,,,,,,,,,,,,,,,,,,,,,,,,,,,,,,,,,,,,,,,,,50.2919718,26.8640003,
12:03:53.594,,,,,,,,,,,,,,,,,,,,,,,,,,,,,,,,,,0.16,,,,,0,0,,-0.015650542863806006,0.023614536527777782,2.94695,125.302633,8735.678177999998,0,-0.01,,,,,2.4589289785133945,,,,22,99,,0,,,,,104,0.16,,,,,,,0.14121576,,50.2919718,26.8640003,
12:03:53.654,,,,,,,,,,,,,,,,,,,,0,5.882352941176471,100,,,,,,,,,,5.882352941176471,,,,,,,,,0,,,,,,,,,,,,,0,,,,,,,,,,,,0.16,,17.6470588235294,100,,,,,,50.2919718,26.8640003,
12:03:53.729,,,,,,,,,,,,,,,,,,,,,,,0,27.408545,663.57487818,9834.377037130002,0,0.288511,8.605602000000001,121.18336500000002,0,,5.882352941176471,,,0,0,,,,,,,,,,,,0,9.790155923921343,6.8678540857158215,1.387223321770131,,,37,,,,35690,,12000,0,0,,104,0.16,35690,17.6470588235294,,,,,,0,50.2919724,26.8640011,
12:03:53.897,,,,,,,,,,,,,,,22,,,,,,,,,,,,,,,,,,,,,,,,,,,,,,,,,,,,,,,,,,,,,,,,,,,,,,,,,47,,,50.2919724,26.8640011,
12:03:53.945,,,,,,,,,,,,,,,,,,0,,,,,,,,,,,,,,,,,,,,,,,,,,,,,,,,,,,,,,,,,,,,,,,,,,,,,,,,,50.2919724,26.8640011,
12:03:53.995,,,,,,,,,,,,,,,,-32,-0.015625,,,,,,,,,,,,,,,,,,,,,,,,,,,,,,,,,,,,,,,,,,,,,,,,,,,,,,,,,,50.2919724,26.8640011,
12:03:54.226,,,,,,,,,356.45,59.5,,3.711,,,,,,,,,,,,,,,,,,,,,,,,,,,,,,,,,,,,,,,,,,,,,,,,,,,,7.414,,,,,,,,,,,50.2919724,26.8640011,
12:03:54.301,-2.849999999999909,,-2.8999999999998636,,,,,,,,,,3.702,,,,,,,,,,,,,,,,,,,,,,,,,,,,,,,,,,,,,,,,,,,,,,,,,,,7.413,,,,,,,,,,,50.2919724,26.8640011,
12:03:54.374,,-2.7999999999999545,,,,,,,,,,,,,,,,,,,,,,,,,,,,,,,,,,,,,,,,,,,,,,,,,,,,,,,,,,,,,,,,,,,,,,,,,50.2919724,26.8640011,
12:03:54.506,,,,,,,,,,,,,,,,,,,,,,,,,,,,,,,,,,0.17,,,,,0,0,,0,0.023614536527777782,2.94695,125.302633,8735.678177999998,0,-0.01,,,,,2.3956589916434123,,,,22,99,,0,,,,,104,0.17,,,,,,,0.150041745,,50.2919724,26.8640011,
12:03:54.581,,,,,,,,,,,,,,,,,,,,0,5.882352941176471,100,,,,,,,,,,5.882352941176471,,,,,,,,,0,,,,,,,,,,,,,0,,,,,,,,,,,,0.17,,17.6470588235294,100,,,,,,50.2919724,26.8640011,
12:03:54.653,,,,,,,,,,,,,,,,,,,,,,,0,27.408545,663.57487818,9834.377037130002,0,0.288511,8.605602000000001,121.18336500000002,0,,5.882352941176471,,,0,0,,,,,,,,,,,,0,9.790155923921343,6.8678540857158215,1.387223321770131,,,37,,,,35680,,12000,0,0,,104,0.17,35680,17.6470588235294,,,,,,0,50.2919724,26.8640011,
12:03:54.781,,,,,,,,,,,,,,,22,,,,,,,,,,,,,,,,,,,,,,,,,,,,,,,,,,,,,,,,,,,,,,,,,,,,,,,,,47,,,50.291972,26.8640013,
12:03:54.841,,,,,,,,,,,,,,,,,,0,,,,,,,,,,,,,,,,,,,,,,,,,,,,,,,,,,,,,,,,,,,,,,,,,,,,,,,,,50.291972,26.8640013,
12:03:54.879,,,,,,,,,,,,,,,,-32,-0.015625,,,,,,,,,,,,,,,,,,,,,,,,,,,,,,,,,,,,,,,,,,,,,,,,,,,,,,,,,,50.291972,26.8640013,
12:03:54.997,,,,,,,,,355,59.5,,3.71,,,,,,,,,,,,,,,,,,,,,,,,,,,,,,,,,,,,,,,,,,,,,,,,,,,,7.412,,,,,,,,,,,50.291972,26.8640013,
12:03:55.082,-2.7999999999999545,,-2.75,,,,,,,,,,3.703,,,,,,,,,,,,,,,,,,,,,,,,,,,,,,,,,,,,,,,,,,,,,,,,,,,7.413,,,,,,,,,,,50.291972,26.8640013,
12:03:55.134,,-2.599999999999909,,,,,,,,,,,,,,,,,,,,,,,,,,,,,,,,,,,,,,,,,,,,,,,,,,,,,,,,,,,,,,,,,,,,,,,,,50.291972,26.8640013,
12:03:55.283,,,,,,,,,,,,,,,,,,,,,,,,,,,,,,,,,,0.15,,,,,0,0,,0,0.023614536527777782,2.94695,125.302633,8735.678177999998,0,-0.01,,,,,2.3443078733892824,,,,22,99,,0,,,,,104,0.15,,,,,,,0.132389775,,50.291972,26.8640013,
12:03:55.358,,,,,,,,,,,,,,,,,,,,0,5.882352941176471,100,,,,,,,,,,5.882352941176471,,,,,,,,,0,,,,,,,,,,,,,0,,,,,,,,,,,,0.15,,17.6470588235294,100,,,,,,50.291972,26.8640013,
12:03:55.421,,,,,,,,,,,,,,,,,,,,,,,0,27.408545,663.57487818,9834.377037130002,0,0.288511,8.605602000000001,121.18336500000002,0,,5.882352941176471,,,0,0,,,,,,,,,,,,0,9.790155923921343,6.8678540857158215,1.387223321770131,,,37,,,,35670,,12000,0,0,,104,0.15,35670,17.6470588235294,,,,,,0,50.291972,26.8640013,
12:03:55.541,,,,,,,,,,,,,,,22,,,,,,,,,,,,,,,,,,,,,,,,,,,,,,,,,,,,,,,,,,,,,,,,,,,,,,,,,47,,,50.291972,26.8640013,
12:03:55.578,,,,,,,,,,,,,,,,,,0,,,,,,,,,,,,,,,,,,,,,,,,,,,,,,,,,,,,,,,,,,,,,,,,,,,,,,,,,50.291972,26.8640013,
12:03:55.626,,,,,,,,,,,,,,,,0,0,,,,,,,,,,,,,,,,,,,,,,,,,,,,,,,,,,,,,,,,,,,,,,,,,,,,,,,,,,50.291972,26.8640013,
12:03:55.757,,,,,,,,,356.13,59.5,,3.71,,,,,,,,,,,,,,,,,,,,,,,,,,,,,,,,,,,,,,,,,,,,,,,,,,,,7.413,,,,,,,,,,,50.2919723,26.8640016,
12:03:55.817,-2.849999999999909,,-2.849999999999909,,,,,,,,,,3.701,,,,,,,,,,,,,,,,,,,,,,,,,,,,,,,,,,,,,,,,,,,,,,,,,,,7.411,,,,,,,,,,,50.2919723,26.8640016,
12:03:55.854,,-2.599999999999909,,,,,,,,,,,,,,,,,,,,,,,,,,,,,,,,,,,,,,,,,,,,,,,,,,,,,,,,,,,,,,,,,,,,,,,,,50.2919723,26.8640016,
12:03:55.990,,,,,,,,,,,,,,,,,,,,,,,,,,,,,,,,,,,,,,,,,,,,,,,,,,,,,,,,45,,,,,,,,,104,,,,,,,,,,50.2919723,26.8640016,
12:03:56.062,,,,,,,,,,,,,,,,,,,,,,,,,,,,,,,,,,0.17,,,,,0,0,,0,0.023614536527777782,2.94695,125.302633,8735.678177999998,0,-0.01,,,,,2.2950412225316095,,,,22,99,,0,,,,,104,0.17,,,,,,,0.150041745,,50.2919723,26.8640016,
12:03:56.176,,,,,,,,,,,,,,,,,,,,0,5.882352941176471,100,,,,,,,,,,5.882352941176471,,,,,,,,,0,,,,,,,,,,,,,0,,,,,,,,,,,,0.17,,17.6470588235294,100,,,,,,50.2919723,26.8640016,
12:03:56.277,,,,,,,,,,,,,,,,,,,,,,,0,27.408545,663.57487818,9834.377037130002,0,0.288511,8.605602000000001,121.18336500000002,0,,5.882352941176471,,,0,0,,,,,,,,,,,,0,9.790155923921343,6.8678540857158215,1.387223321770131,,,37,,,,35650,,12000,0,0,,104,0.17,35650,17.6470588235294,,,,,,0,50.2919723,26.8640016,
12:03:56.413,,,,,,,,,,,,,,,,,,,25,,,,,,,,,,,,,,,,,,,,,,,,,,,,,,,,,,,,,,,,,,,,,,,,,,,,,47,,,50.2919723,26.8640016,
12:03:56.582,,,,,,,,,,,,,,,22,,,,,,,,,,,,,,,,,,,,,,,,,,,,,,,,,,,,,,,,,,,,,,,,,,,,,,,,,47,,,50.2919723,26.8640016,
12:03:56.641,,,,,,,,,,,,,,,,,,0,,,,,,,,,,,,,,,,,,,,,,,,,,,,,,,,,,,,,,,,,,,,,,,,,,,,,,,,,50.2919723,26.8640016,
12:03:56.703,,,,,,,,,,,,,,,,0,0,,,,,,,,,,,,,,,,,,,,,,,,,,,,,,,,,,,,,,,,,,,,,,,,,,,,,,,,,,50.2919723,26.8640016,
12:03:56.896,,,,,,,,,355.81,59.5,,3.712,,,,,,,,,,,,,,,,,,,,,,,,,,,,,,,,,,,,,,,,,,,,,,,,,,,,7.413,,,,,,,,,,,50.2919726,26.8640018,
12:03:56.958,-2.849999999999909,,-2.7999999999999545,,,,,,,,,,3.703,,,,,,,,,,,,,,,,,,,,,,,,,,,,,,,,,,,,,,,,,,,,,,,,,,,7.415,,,,,,,,,,,50.2919726,26.8640018,
12:03:56.993,,-2.7999999999999545,,,,,,,,,,,,,,,,,,,,,,,,,,,,,,,,,,,,,,,,,,,,,,,,,,,,,,,,,,,,,,,,,,,,,,,,,50.2919726,26.8640018,
12:03:57.137,,,,,,,,,,,,,,,,,,,,,,,,,,,,,,,,,,0.16,,,,,0,0,,0,0.023614536527777782,2.94695,125.302633,8735.678177999998,0,-0.01,,,,,2.2303511641577263,,,,22,99,,0,,,,,104,0.16,,,,,,,0.14121576,,50.2919726,26.8640018,
12:03:57.197,,,,,,,,,,,,,,,,,,,,0,5.882352941176471,100,,,,,,,,,,5.882352941176471,,,,,,,,,0,,,,,,,,,,,,,0,,,,,,,,,,,,0.16,,17.6470588235294,100,,,,,,50.2919726,26.8640018,
12:03:57.269,,,,,,,,,,,,,,,,,,,,,,,0,27.408545,663.57487818,9834.377037130002,0,0.288511,8.605602000000001,121.18336500000002,0,,5.882352941176471,,,0,0,,,,,,,,,,,,0,9.790155923921343,6.8678540857158215,1.387223321770131,,,37,,,,35640,,12000,0,0,,104,0.16,35640,17.6470588235294,,,,,,0,50.2919726,26.8640018,
12:03:57.403,,,,,,,,,,,,,,,22,,,,,,,,,,,,,,,,,,,,,,,,,,,,,,,,,,,,,,,,,,,,,,,,,,,,,,,,,47,,,50.2919726,26.8640018,
12:03:57.453,,,,,,,,,,,,,,,,,,0,,,,,,,,,,,,,,,,,,,,,,,,,,,,,,,,,,,,,,,,,,,,,,,,,,,,,,,,,50.2919726,26.8640018,
12:03:57.502,,,,,,,,,,,,,,,,0,0,,,,,,,,,,,,,,,,,,,,,,,,,,,,,,,,,,,,,,,,,,,,,,,,,,,,,,,,,,50.2919726,26.8640018,
12:03:57.586,,,,-100,,,,,,,,,,,,,,,,,,,,,,,,,,,,,,,,,,,,,,,,,,,,,,,,,,,,,,,,,,,,,,,,,,,-38,,,,50.2919726,26.8640018,
12:03:57.709,,,,,,,,,355.64,59.5,,3.71,,,,,,,,,,,,,,,,,,,,,,,,,,,,,,,,,,,,,,,,,,,,,,,,,,,,7.413,,,,,,,,,,,50.2919726,26.8640018,
12:03:57.761,-2.849999999999909,,-2.849999999999909,,,,,,,,,,3.704,,,,,,,,,,,,,,,,,,,,,,,,,,,,,,,,,,,,,,,,,,,,,,,,,,,7.414,,,,,,,,,,,50.2919726,26.864002,
12:03:57.810,,-2.7999999999999545,,,,,,,,,,,,,,,,,,,,,,,,,,,,,,,,,,,,,,,,,,,,,,,,,,,,,,,,,,,,,,,,,,,,,,,,,50.2919726,26.864002,
12:03:57.958,,,,,,,,,,,,,,,,,,,,,,,,,,,,,,,,,,0.16,,,,,0,0,,0,0.023614536527777782,2.94695,125.302633,8735.678177999998,0,-0.01,,,,,2.1832151492845098,,,,22,99,,0,,,,,104,0.16,,,,,,,0.14121576,,50.2919726,26.864002,
12:03:58.045,,,,,,,,,,,,,,,,,,,,0,5.882352941176471,100,,,,,,,,,,5.882352941176471,,,,,,,,,0,,,,,,,,,,,,,0,,,,,,,,,,,,0.16,,17.6470588235294,100,,,,,,50.2919726,26.864002,
12:03:58.190,,,,,,,,,,,,,,,,,,,,,,,0,27.408545,663.57487818,9834.377037130002,0,0.288511,8.605602000000001,121.18336500000002,0,,5.882352941176471,,,0,0,,,,,,,,,,,,0,9.790155923921343,6.8678540857158215,1.387223321770131,,,37,,,,35620,,12000,0,0,,104,0.16,35620,17.6470588235294,,,,,,0,50.2919726,26.864002,
12:03:58.326,,,,,,,,,,,,,,,22,,,,,,,,,,,,,,,,,,,,,,,,,,,,,,,,,,,,,,,,,,,,,,,,,,,,,,,,,47,,,50.2919726,26.864002,
12:03:58.362,,,,,,,,,,,,,,,,,,0,,,,,,,,,,,,,,,,,,,,,,,,,,,,,,,,,,,,,,,,,,,,,,,,,,,,,,,,,50.2919726,26.864002,
12:03:58.406,,,,,,,,,,,,,,,,0,0,,,,,,,,,,,,,,,,,,,,,,,,,,,,,,,,,,,,,,,,,,,,,,,,,,,,,,,,,,50.2919726,26.864002,
12:03:58.538,,,,,,,,,355.81,59.5,,3.712,,,,,,,,,,,,,,,,,,,,,,,,,,,,,,,,,,,,,,,,,,,,,,,,,,,,7.416,,,,,,,,,,,50.2919726,26.864002,
12:03:58.601,-2.7999999999999545,,-2.949999999999818,,,,,,,,,,3.703,,,,,,,,,,,,,,,,,,,,,,,,,,,,,,,,,,,,,,,,,,,,,,,,,,,7.415,,,,,,,,,,,50.2919726,26.864002,
12:03:58.650,,-2.7999999999999545,,,,,,,,,,,,,,,,,,,,,,,,,,,,,,,,,,,,,,,,,,,,,,,,,,,,,,,,,,,,,,,,,,,,,,,,,50.2919726,26.864002,
12:03:58.782,,,,,,,,,,,,,,,,,,,,,,,,,,,,,,,,,,0.18,,,,,0,0,,0,0.023614536527777782,2.94695,125.302633,8735.678177999998,0,-0.01,,,,,2.138067950976063,,,,22,99,,0,,,,,104,0.18,,,,,,,0.15886772999999998,,50.2919722,26.8640018,
12:03:58.859,,,,,,,,,,,,,,,,,,,,0,5.882352941176471,100,,,,,,,,,,5.882352941176471,,,,,,,,,0,,,,,,,,,,,,,0,,,,,,,,,,,,0.18,,17.6470588235294,100,,,,,,50.2919722,26.8640018,
12:03:58.934,,,,,,,,,,,,,,,,,,,,,,,0,27.408545,663.57487818,9834.377037130002,0,0.288511,8.605602000000001,121.18336500000002,0,,5.882352941176471,,,0,0,,,,,,,,,,,,0,9.790155923921343,6.8678540857158215,1.387223321770131,,,37,,,,35610,,12000,0,0,,104,0.18,35610,17.6470588235294,,,,,,0,50.2919722,26.8640018,
12:03:59.058,,,,,,,,,,,,,,,22,,,,,,,,,,,,,,,,,,,,,,,,,,,,,,,,,,,,,,,,,,,,,,,,,,,,,,,,,47,,,50.2919722,26.8640018,
12:03:59.093,,,,,,,,,,,,,,,,,,43.46875,,,,,,,,,,,,,,,,,,,,,,,,,,,,,,,,,,,,,,,,,,,,,,,,,,,,,,,,,50.2919722,26.8640018,
12:03:59.129,,,,,,,,,,,,,,,,2880,0.171875,,,,,,,,,,,,,,,,,,,,,,,,,,,,,,,,,,,,,,,,,,,,,,,,,,,,,,,,,,50.2919722,26.8640018,
12:03:59.274,,,,,,16,15,15,,,,,,,,,,,,,,,,,,,,,,,,,,,,,,,,,,,,,,,,,,,,,,,,,,,,,,,,,,,,,,,-38,,,,50.2919722,26.8640018,
12:03:59.338,,,,,16,,,,,,60.5,,,63.75,,,,,,,,,,,,,,,,,,,,,,,,,,,,,,,,,,,,,,,,,,,,,,,,,,,,,,,,124.25,-38,,,,50.2919722,26.8640018,
12:03:59.390,,,,,,,,,355,59.5,,3.704,,,,,,,,,,,,,,,,,,,,,,,,,,,,,,,,,,,,,,,,,,,,,,,,,,,,7.407,,,,,,,,,,,50.2919722,26.8640018,
12:03:59.446,-8.299999999999955,,-8.25,,,,,,,,,,3.696,,,,,,,,,,,,,,,,,,,,,,,,,,,,,,,,,,,,,,,,,,,,,,,,,,,7.4,,,,,,,,,,,50.2919722,26.8640018,
12:03:59.487,,-9,,,,,,,,,,,,,,,,,,,,,,,,,,,,,,,,,,,,,,,,,,,,,,,,,,,,,,,,,,,,,,,,,,,,,,,,,50.2919722,26.8640018,
12:03:59.610,,,,,,,,,,,,,,,,,,,,,,,,,,,,,,,,,,0.2,,,,,0,0,,0,0.023614536527777782,2.94695,125.302633,8735.678177999998,0,-0.01,,,,,2.0944177308596403,,,,22,99,,0,,,,,104,0.2,,,,,,,0.1765197,,50.2919722,26.8640018,
12:03:59.686,,,,,,,,,,,,,,,,,,,,0,5.882352941176471,100,,,,,,,,,,5.882352941176471,,,,,,,,,7.450980392156863,,,,,,,,,,,,,0,,,,,,,,,,,,0.2,,17.6470588235294,100,,,,,,50.2919722,26.8640018,
12:03:59.749,,,,,,,,,,,,,,,,,,,,,,,0,27.408545,663.57487818,9834.377037130002,0,0.288511,8.605602000000001,121.18336500000002,0,,5.882352941176471,,,0,0,,,,,,,,,,,,0,9.790155923921343,6.8678540857158215,1.387223321770131,,,37,,,,35600,,12000,0,0,,104,0.2,35600,17.6470588235294,,,,,,0,50.2919722,26.8640016,
12:04:00.007,,,,,,,,,,,,,,,22,,,,,,,,,,,,,,,,,,,,,,,,,,,,,,,,,,,,,,,,,,,,,,,,,,,,,,,,,47,,,50.2919722,26.8640016,
12:04:00.066,,,,,,,,,,,,,,,,,,102.359375,,,,,,,,,,,,,,,,,,,,,,,,,,,,,,,,,,,,,,,,,,,,,,,,,,,,,,,,,50.2919722,26.8640016,
12:04:00.101,,,,,,,,,,,,,,,,6592,0.390625,,,,,,,,,,,,,,,,,,,,,,,,,,,,,,,,,,,,,,,,,,,,,,,,,,,,,,,,,,50.2919722,26.8640016,
12:04:00.209,,,,,,,,,354.68,59.5,,3.69,,,,,,,,,,,,,,,,,,,,,,,,,,,,,,,,,,,,,,,,,,,,,,,,,,,,7.386,,,,,,,,,,,50.2919722,26.8640016,
12:04:00.258,-14.349999999999909,,-14.199999999999818,,,,,,,,,,3.68,,,,,,,,,,,,,,,,,,,,,,,,,,,,,,,,,,,,,,,,,,,,,,,,,,,7.37,,,,,,,,,,,50.2919722,26.8640016,
12:04:00.295,,-14.349999999999909,,,,,,,,,,,,,,,,,,,,,,,,,,,,,,,,,,,,,,,,,,,,,,,,,,,,,,,,,,,,,,,,,,,,,,,,,50.2919722,26.8640016,
12:04:00.394,,,,,,,,,,,,,,,,,,,,,,,,,,,,,,,,,,,,,,,,,,,,,,,,,,,,,,,,45,,,,,,,,,104,,,,,,,,,,50.2919722,26.8640016,
12:04:00.464,,,,,,,,,,,,,,,,,,,,,,,,,,,,,,,,,,0.19,0,,,,0,0,,0.025541527709086884,0.024325716611111114,2.947661,125.303344,8735.678888999999,0,-0.01,,,,,2.113065789121682,,,,22,99,,3,,,,,104,0.19,,,,,,,0.167693715,,50.2919722,26.8640016,
12:04:00.558,,,,,,,,,,,,,,,,,,,,0,5.882352941176471,100,,,,,,,,,,5.882352941176471,,,,,,,,,7.450980392156863,,,,,,,,,,,,,0,,,,,,,,,,,,0.19,,17.6470588235294,100,,,,,,50.2919722,26.8640016,
12:04:00.634,,,,,,,,,,,,,,,,,,,,,,,0,27.408545,663.57487818,9834.377037130002,0,0.288511,8.605602000000001,121.18336500000002,0,,5.882352941176471,,,0,0,,,,,,,,,,,,0,9.787794458046568,6.8678151159317835,1.3872232088635332,,,37,,,,35590,,12000,0,0,,104,0.19,35590,17.6470588235294,,,,,,0,50.2919722,26.8640016,
12:04:00.766,,,,,,,,,,,,,,,22,,,,,,,,,,,,,,,,,,,,,,,,,,,,,,,,,,,,,,,,,,,,,,,,,,,,,,,,,47,,,50.2919657,26.8640094,
12:04:00.801,,,,,,,,,,,,,,,,,,108.15625,,,,,,,,,,,,,,,,,,,,,,,,,,,,,,,,,,,,,,,,,,,,,,,,,,,,,,,,,50.2919657,26.8640094,
12:04:00.854,,,,,,,,,,,,,,,,6976,0.421875,,,,,,,,,,,,,,,,,,,,,,,,,,,,,,,,,,,,,,,,,,,,,,,,,,,,,,,,,,50.2919657,26.8640094,
12:04:00.974,,,,,,,,,352.26,59.5,,3.676,,,,,,,,,,,,,,,,,,,,,,,,,,,,,,,,,,,,,,,,,,,,,,,,,,,,7.356,,,,,,,,,,,50.2919657,26.8640094,
12:04:01.038,-21.09999999999991,,-21.449999999999818,,,,,,,,,,3.667,,,,,,,,,,,,,,,,,,,,,,,,,,,,,,,,,,,,,,,,,,,,,,,,,,,7.343,,,,,,,,,,,50.2919657,26.8640094,
12:04:01.075,,-21.799999999999955,,,,,,,,,,,,,,,,,,,,,,,,,,,,,,,,,,,,,,,,,,,,,,,,,,,,,,,,,,,,,,,,,,,,,,,,,50.2919657,26.8640094,
12:04:01.225,,,,,,,,,,,,,,,,,,,,,,,,,,,,,,,,,,0.19,0,,,,0,0,,0.04335442336579382,0.025383849111111113,2.948719,125.304402,8735.679946999999,0,-0.01,,,,,2.1651784384368487,,,,22,99,,5,,,,,104,0.19,,,,,,,0.167693715,,50.2919657,26.8640094,
12:04:01.302,,,,,,,,,,,,,,,,,,,,0,5.882352941176471,100,,,,,,,,,,5.882352941176471,,,,,,,,,10.196078431372548,,,,,,,,,,,,,0,,,,,,,,,,,,0.19,,17.6470588235294,100,,,,,,50.2919657,26.8640094,
12:04:01.391,,,,,,,,,,,,,,,,,,,,,,,0,27.408545,663.57487818,9834.377037130002,0,0.288511,8.605602000000001,121.18336500000002,0,,5.882352941176471,,,0,0,,,,,,,,,,,,0,9.784282598647074,6.867757127957884,1.3872230408534683,,,37,,,,35580,,12000,0,0,,104,0.19,35580,17.6470588235294,,,,,,0,50.2919657,26.8640094,
12:04:01.538,,,,,,,,,,,,,,,22,,,,,,,,,,,,,,,,,,,,,,,,,,,,,,,,,,,,,,,,,,,,,,,,,,,,,,,,,47,,,50.2919657,26.8640094,
12:04:01.587,,,,,,,,,,,,,,,,,,107.96875,,,,,,,,,,,,,,,,,,,,,,,,,,,,,,,,,,,,,,,,,,,,,,,,,,,,,,,,,50.2919657,26.8640094,
12:04:01.730,,,,,,,,,,,,,,,,6912,0.421875,,,,,,,,,,,,,,,,,,,,,,,,,,,,,,,,,,,,,,,,,,,,,,,,,,,,,,,,,,50.2919513,26.8640226,
12:04:01.946,,,,,,,,,351.78000000000003,59.5,,3.659,,,,,,,,,,,,,,,,,,,,,,,,,,,,,,,,,,,,,,,,,,,,,,,,,,,,7.326,,,,,,,,,,,50.2919513,26.8640226,
12:04:02.014,-29.09999999999991,,-29.449999999999818,,,,,,,,,,3.649,,,,,,,,,,,,,,,,,,,,,,,,,,,,,,,,,,,,,,,,,,,,,,,,,,,7.308,,,,,,,,,,,50.2919513,26.8640226,
12:04:02.078,,-30.34999999999991,,,,,,,,,,,,,,,,,,,,,,,,,,,,,,,,,,,,,,,,,,,,,,,,,,,,,,,,,,,,,,,,,,,,,,,,,50.2919513,26.8640226,
12:04:02.258,,,,,,,,,,,,,,,,,,,,,,,,,,,,,,,,,,0.15,0,,,,0,0,,0.07334038342392492,0.027964225361111112,2.951299,125.306982,8735.682526999999,0,-0.01,,,,,2.328337357836963,,,,22,99,,9,,,,,104,0.15,,,,,,,0.132389775,,50.2919513,26.8640226,
12:04:02.394,,,,,,,,,,,,,,,,,,,,0,5.882352941176471,100,,,,,,,,,,5.882352941176471,,,,,,,,,15.686274509803921,,,,,,,,,,,,,0,,,,,,,,,,,,0.15,,17.6470588235294,100,,,,,,50.2919513,26.8640226,
12:04:02.506,,,,,,,,,,,,,,,,,,,,,,,0,27.408545,663.57487818,9834.377037130002,0,0.288511,8.605602000000001,121.18336500000002,0,,5.882352941176471,,,0,0,,,,,,,,,,,,0,9.77572926362256,6.867615724716761,1.387222631150456,,,37,,,,35560,,12000,0,0,,104,0.15,35560,17.6470588235294,,,,,,0,50.2919513,26.8640226,
12:04:02.654,,,,,,,,,,,,,,,22,,,,,,,,,,,,,,,,,,,,,,,,,,,,,,,,,,,,,,,,,,,,,,,,,,,,,,,,,47,,,50.2919513,26.8640226,
12:04:02.702,,,,,,,,,,,,,,,,,,116.4375,,,,,,,,,,,,,,,,,,,,,,,,,,,,,,,,,,,,,,,,,,,,,,,,,,,,,,,,,50.2919513,26.8640226,
12:04:02.749,,,,,,,,,,,,,,,,7424,0.453125,,,,,,,,,,,,,,,,,,,,,,,,,,,,,,,,,,,,,,,,,,,,,,,,,,,,,,,,,,50.2919263,26.864033,
12:04:02.893,,,,,,,,,347.92,59,,3.643,,,,,,,,,,,,,,,,,,,,,,,,,,,,,,,,,,,,,,,,,,,,,,,,,,,,7.292,,,,,,,,,,,50.2919263,26.864033,
12:04:02.946,-36.799999999999955,,-1600,,,,,,,,,,3.63,,,,,,,,,,,,,,,,,,,,,,,,,,,,,,,,,,,,,,,,,,,,,,,,,,,7.273,,,,,,,,,,,50.2919263,26.864033,
12:04:02.985,,-37.649999999999864,,,,,,,,,,,,,,,,,,,,,,,,,,,,,,,,,,,,,,,,,,,,,,,,,,,,,,,,,,,,,,,,,,,,,,,,,50.2919263,26.864033,
12:04:03.102,,,,,,,,,,,,,,,,,,,,,,,,,,,,,,,,,,0.15,0,,,,0,0,,0.09732668389694087,0.03078173902777778,2.954117,125.3098,8735.685344999998,0,-0.01,,,,,2.5137848097690547,,,,22,99,,12,,,,,104,0.15,,,,,,,0.132389775,,50.2919263,26.864033,
12:04:03.190,,,,,,,,,,,,,,,,,,,,0,5.882352941176471,100,,,,,,,,,,5.882352941176471,,,,,,,,,18.03921568627451,,,,,,,,,,,,,0,,,,,,,,,,,,0.15,,17.6470588235294,100,,,,,,50.2919263,26.864033,
12:04:03.290,,,,,,,,,,,,,,,,,,,,,,,0,27.408545,663.57487818,9834.377037130002,0,0.288511,8.605602000000001,121.18336500000002,0,,5.882352941176471,,,0,0,,,,,,,,,,,,0,9.766403971135876,6.86746128395385,1.3872221836534115,,,37,,,,35540,,12000,0,0,,104,0.15,35540,17.6470588235294,,,,,,0,50.2919263,26.864033,
12:04:03.366,,,,,,,,,,,,,,,,,,,25,,,,,,,,,,,,,,,,,,,,,,,,,,,,,,,,,,,,,,,,,,,,,,,,,,,,,47,,,50.2919263,26.864033,
12:04:03.473,,,,,,,,,,,,,,,22,,,,,,,,,,,,,,,,,,,,,,,,,,,,,,,,,,,,,,,,,,,,,,,,,,,,,,,,,47,,,50.2919263,26.864033,
12:04:03.510,,,,,,,,,,,,,,,,,,117.390625,,,,,,,,,,,,,,,,,,,,,,,,,,,,,,,,,,,,,,,,,,,,,,,,,,,,,,,,,50.2919263,26.864033,
12:04:03.554,,,,,,,,,,,,,,,,7584,0.453125,,,,,,,,,,,,,,,,,,,,,,,,,,,,,,,,,,,,,,,,,,,,,,,,,,,,,,,,,,50.2919263,26.864033,
12:04:03.679,,,,,,,,,346.63,59,,3.624,,,,,,,,,,,,,,,,,,,,,,,,,,,,,,,,,,,,,,,,,,,,,,,,,,,,7.254,,,,,,,,,,,50.2919263,26.864033,
12:04:03.765,-47.649999999999864,,-1600,,,,,,,,,,3.602,,,,,,,,,,,,,,,,,,,,,,,,,,,,,,,,,,,,,,,,,,,,,,,,,,,7.226,,,,,,,,,,,50.2918921,26.864024,
12:04:03.855,,-49.149999999999864,,,,,,,,,,,,,,,,,,,,,,,,,,,,,,,,,,,,,,,,,,,,,,,,,,,,,,,,,,,,,,,,,,,,,,,,,50.2918921,26.864024,
12:04:04.090,,,,,,,,,,,,,,,,,,,,,,,,,,,,,,,,,,0,0,,,,0,0,,0.10156010070720509,0.03516904925,2.958504,125.314187,8735.689731999999,0,-0.01,,,,,2.809167813412502,,,,22,99,,16,,,,,104,0,,,,,,,0,,50.2918921,26.864024,
12:04:04.205,,,,,,,,,,,,,,,,,,,,0,5.882352941176471,100,,,,,,,,,,5.882352941176471,,,,,,,,,21.568627450980394,,,,,,,,,,,,,0,,,,,,,,,,,,0,,17.6470588235294,100,,,,,,50.2918921,26.864024,
12:04:04.330,,,,,,,,,,,,,,,,,,,,,,,0,27.408545,663.57487818,9834.377037130002,0,0.288511,8.605602000000001,121.18336500000002,0,,5.882352941176471,,,0,0,,,,,,,,,,,,0,9.751921917293336,6.8672208678176245,1.387221487000496,,,37,,,,35530,,12000,0,0,,104,0,35530,17.6470588235294,,,,,,0,50.2918921,26.864024,
12:04:04.561,,,,,,,,,,,,,,,22,,,,,,,,,,,,,,,,,,,,,,,,,,,,,,,,,,,,,,,,,,,,,,,,,,,,,,,,,47,,,50.2918921,26.864024,
12:04:04.633,,,,,,,,,,,,,,,,,,122.859375,,,,,,,,,,,,,,,,,,,,,,,,,,,,,,,,,,,,,,,,,,,,,,,,,,,,,,,,,50.2918921,26.864024,
12:04:04.684,,,,,,,,,,,,,,,,7776,0.46875,,,,,,,,,,,,,,,,,,,,,,,,,,,,,,,,,,,,,,,,,,,,,,,,,,,,,,,,,,50.2918921,26.864024,
12:04:04.878,,,,,,,,,343.25,58.5,,3.589,,,,,,,,,,,,,,,,,,,,,,,,,,,,,,,,,,,,,,,,,,,,,,,,,,,,7.191,,,,,,,,,,,50.2918555,26.8639668,
12:04:04.942,-62.399999999999864,,-1600,,,,,,,,,,3.574,,,,,,,,,,,,,,,,,,,,,,,,,,,,,,,,,,,,,,,,,,,,,,,,,,,7.163,,,,,,,,,,,50.2918555,26.8639668,
12:04:04.983,,-63.5,,,,,,,,,,,,,,,,,,,,,,,,,,,,,,,,,,,,,,,,,,,,,,,,,,,,,,,,,,,,,,,,,,,,,,,,,50.2918555,26.8639668,
12:04:05.082,,,,,,,,,,,,,,,,,,,,,,,,,,,,,,,,,,,,,,,,,,,,,,,,,,,,,,,,44,,,,,,,,,103,,,,,,,,,,50.2918555,26.8639668,
12:04:05.153,,,,,,,,,,,,,,,,,,,,,,,,,,,,,,,,,,0.17,0,,,,0,0,,0.10815849303305429,0.04107896813888889,2.964414,125.320097,8735.695641999999,0,-0.01,,,,,3.2055680451722113,,,,22,99,,20,,,,,103,0.17,,,,,,,0.150041745,,50.2918555,26.8639668,
12:04:05.229,,,,,,,,,,,,,,,,,,,,0,5.882352941176471,100,,,,,,,,,,5.882352941176471,,,,,,,,,25.098039215686274,,,,,,,,,,,,,0,,,,,,,,,,,,0.17,,17.6470588235294,100,,,,,,50.2918555,26.8639668,
12:04:05.317,,,,,,,,,,,,,,,,,,,,,,,0,27.408545,663.57487818,9834.377037130002,0,0.288511,8.605602000000001,121.18336500000002,0,,5.882352941176471,,,0,0,,,,,,,,,,,,0,9.732480011226503,6.866897014929697,1.3872205484972189,,,37,,,,35510,,12000,0,0,,103,0.17,35510,17.6470588235294,,,,,,0,50.2918555,26.8639668,
12:04:05.597,,,,,,,,,,,,,,,22,,,,,,,,,,,,,,,,,,,,,,,,,,,,,,,,,,,,,,,,,,,,,,,,,,,,,,,,,47,,,50.2918555,26.8639668,
12:04:05.643,,,,,,,,,,,,,,,,,,122.015625,,,,,,,,,,,,,,,,,,,,,,,,,,,,,,,,,,,,,,,,,,,,,,,,,,,,,,,,,50.2918555,26.8639668,
12:04:05.686,,,,,,,,,,,,,,,,7904,0.46875,,,,,,,,,,,,,,,,,,,,,,,,,,,,,,,,,,,,,,,,,,,,,,,,,,,,,,,,,,50.2918555,26.8639668,
12:04:05.794,,,,,,,,,340.99,58.5,,3.561,,,,,,,,,,,,,,,,,,,,,,,,,,,,,,,,,,,,,,,,,,,,,,,,,,,,7.135,,,,,,,,,,,50.2918176,26.8639082,
12:04:05.861,-70.75,,-1600,,,,,,,,,,3.544,,,,,,,,,,,,,,,,,,,,,,,,,,,,,,,,,,,,,,,,,,,,,,,,,,,7.105,,,,,,,,,,,50.2918176,26.8639082,
12:04:05.898,,-70.75,,,,,,,,,,,,,,,,,,,,,,,,,,,,,,,,,,,,,,,,,,,,,,,,,,,,,,,,,,,,,,,,,,,,,,,,,50.2918176,26.8639082,
12:04:06.010,,,,,,,,,,,,,,,,,,,,,,,,,,,,,,,,,,0.04,0,,,,0,0,,0.11323247599089138,0.046786732138888884,2.970122,125.325805,8735.70135,0,-0.01,,,,,3.584447775947777,,,,22,99,,24,,,,,103,0.04,,,,,,,0.03530394,,50.2918176,26.8639082,
12:04:06.093,,,,,,,,,,,,,,,,,,,,0,5.882352941176471,100,,,,,,,,,,5.882352941176471,,,,,,,,,25.098039215686274,,,,,,,,,,,,,0,,,,,,,,,,,,0.04,,17.6470588235294,100,,,,,,50.2918176,26.8639082,
12:04:06.166,,,,,,,,,,,,,,,,,,,,,,,0,27.408545,663.57487818,9834.377037130002,0,0.288511,8.605602000000001,121.18336500000002,0,,5.882352941176471,,,0,0,,,,,,,,,,,,0,9.713776067111048,6.8665842601210505,1.3872196420725857,,,37,,,,35500,,12000,0,0,,103,0.04,35500,17.6470588235294,,,,,,0,50.2918176,26.8639082,
12:04:06.302,,,,,,,,,,,,,,,22,,,,,,,,,,,,,,,,,,,,,,,,,,,,,,,,,,,,,,,,,,,,,,,,,,,,,,,,,47,,,50.2918176,26.8639082,
12:04:06.350,,,,,,,,,,,,,,,,,,110.546875,,,,,,,,,,,,,,,,,,,,,,,,,,,,,,,,,,,,,,,,,,,,,,,,,,,,,,,,,50.2918176,26.8639082,
12:04:06.397,,,,,,,,,,,,,,,,7136,0.421875,,,,,,,,,,,,,,,,,,,,,,,,,,,,,,,,,,,,,,,,,,,,,,,,,,,,,,,,,,50.2918176,26.8639082,
12:04:06.482,,,,-100,,,,,,,,,,,,,,,,,,,,,,,,,,,,,,,,,,,,,,,,,,,,,,,,,,,,,,,,,,,,,,,,,,,-38,,,,50.2918176,26.8639082,
12:04:06.593,,,,,16,,,,,,63.75,,,63.5,,,,,,,,,,,,,,,,,,,,,,,,,,,,,,,,,,,,,,,,,,,,,,,,,,,,,,,,124,-38,,,,50.2918176,26.8639082,
12:04:06.655,,,,,,,,,342.28000000000003,58,,3.56,,,,,,,,,,,,,,,,,,,,,,,,,,,,,,,,,,,,,,,,,,,,,,,,,,,,7.104,,,,,,,,,,,50.2918176,26.8639082,
12:04:06.707,-62,,-1600,,,,,,,,,,3.549,,,,,,,,,,,,,,,,,,,,,,,,,,,,,,,,,,,,,,,,,,,,,,,,,,,7.109,,,,,,,,,,,50.2918176,26.8639082,
12:04:06.742,,-62,,,,,,,,,,,,,,,,,,,,,,,,,,,,,,,,,,,,,,,,,,,,,,,,,,,,,,,,,,,,,,,,,,,,,,,,,50.2917717,26.8638362,
12:04:06.882,,,,,,,,,,,,,,,,,,,,,,,,,,,,,,,,,,0.2,0,,,,0,0,,0.11242626169233588,0.05332539788888888,2.976661,125.332344,8735.707889,0,-0.01,,,,,4.010973760132579,,,,22,99,,27,,,,,103,0.2,,,,,,,0.1765197,,50.2917717,26.8638362,
12:04:06.966,,,,,,,,,,,,,,,,,,,,0,5.882352941176471,100,,,,,,,,,,5.882352941176471,,,,,,,,,21.568627450980394,,,,,,,,,,,,,0,,,,,,,,,,,,0.2,,17.6470588235294,100,,,,,,50.2917717,26.8638362,
12:04:07.042,,,,,,,,,,,,,,,,,,,,,,,0,27.408545,663.57487818,9834.377037130002,0,0.288511,8.605602000000001,121.18336500000002,0,,5.882352941176471,,,0,0,,,,,,,,,,,,0,9.692437264438242,6.866226007869127,1.387218603687448,,,37,,,,35490,,12000,0,0,,103,0.2,35490,17.6470588235294,,,,,,0,50.2917717,26.8638362,
12:04:07.166,,,,,,,,,,,,,,,22,,,,,,,,,,,,,,,,,,,,,,,,,,,,,,,,,,,,,,,,,,,,,,,,,,,,,,,,,47,,,50.2917717,26.8638362,
12:04:07.205,,,,,,,,,,,,,,,,,,88.9375,,,,,,,,,,,,,,,,,,,,,,,,,,,,,,,,,,,,,,,,,,,,,,,,,,,,,,,,,50.2917717,26.8638362,
12:04:07.286,,,,,,,,,,,,,,,,5824,0.34375,,,,,,,,,,,,,,,,,,,,,,,,,,,,,,,,,,,,,,,,,,,,,,,,,,,,,,,,,,50.2917717,26.8638362,
12:04:07.527,,,,,,,,,338.90000000000003,57.5,,3.549,,,,,,,,,,,,,,,,,,,,,,,,,,,,,,,,,,,,,,,,,,,,,,,,,,,,7.098,,,,,,,,,,,50.2917717,26.8638362,
12:04:07.590,-69.89999999999986,,-1600,,,,,,,,,,3.523,,,,,,,,,,,,,,,,,,,,,,,,,,,,,,,,,,,,,,,,,,,,,,,,,,,7.072,,,,,,,,,,,50.2917717,26.8638362,
12:04:07.629,,-71.59999999999991,,,,,,,,,,,,,,,,,,,,,,,,,,,,,,,,,,,,,,,,,,,,,,,,,,,,,,,,,,,,,,,,,,,,,,,,,50.2917717,26.8638362,
12:04:07.764,,,,,,,,,,,,,,,,,,,,,,,,,,,,,,,,,,0.18,0,,,,0,0,,0.10793612695704359,0.06067779955555555,2.984013,125.339696,8735.715240999998,0,-0.01,,,,,4.4813882927281,,,,22,99,,30,,,,,103,0.18,,,,,,,0.15886772999999998,,50.2917184,26.8637598,
12:04:07.865,,,,,,,,,,,,,,,,,,,,0,5.882352941176471,100,,,,,,,,,,5.882352941176471,,,,,,,,,25.098039215686274,,,,,,,,,,,,,0,,,,,,,,,,,,0.18,,17.6470588235294,100,,,,,,50.2917184,26.8637598,
12:04:07.937,,,,,,,,,,,,,,,,,,,,,,,0,27.408545,663.57487818,9834.377037130002,0,0.288511,8.605602000000001,121.18336500000002,0,,5.882352941176471,,,0,0,,,,,,,,,,,,0,9.668557073980576,6.865823258419264,1.3872174362007694,,,37,,,,35470,,12000,0,0,,103,0.18,35470,17.6470588235294,,,,,,0,50.2917184,26.8637598,
12:04:08.062,,,,,,,,,,,,,,,22,,,,,,,,,,,,,,,,,,,,,,,,,,,,,,,,,,,,,,,,,,,,,,,,,,,,,,,,,47,,,50.2917184,26.8637598,
12:04:08.104,,,,,,,,,,,,,,,,,,96.1875,,,,,,,,,,,,,,,,,,,,,,,,,,,,,,,,,,,,,,,,,,,,,,,,,,,,,,,,,50.2917184,26.8637598,
12:04:08.143,,,,,,,,,,,,,,,,6112,0.359375,,,,,,,,,,,,,,,,,,,,,,,,,,,,,,,,,,,,,,,,,,,,,,,,,,,,,,,,,,50.2917184,26.8637598,
12:04:08.265,,,,,,16,15,15,,,,,,,,,,,,,,,,,,,,,,,,,,,,,,,,,,,,,,,,,,,,,,,,,,,,,,,,,,,,,,,-38,,,,50.2917184,26.8637598,
12:04:08.325,,,,,,,,,337.61,57.5,,3.534,,,,,,,,,,,,,,,,,,,,,,,,,,,,,,,,,,,,,,,,,,,,,,,,,,,,7.057,,,,,,,,,,,50.2917184,26.8637598,
12:04:08.403,-72.04999999999995,,-1600,,,,,,,,,,3.512,,,,,,,,,,,,,,,,,,,,,,,,,,,,,,,,,,,,,,,,,,,,,,,,,,,7.046,,,,,,,,,,,50.2917184,26.8637598,
12:04:08.446,,-72.04999999999995,,,,,,,,,,,,,,,,,,,,,,,,,,,,,,,,,,,,,,,,,,,,,,,,,,,,,,,,,,,,,,,,,,,,,,,,,50.2917184,26.8637598,
12:04:08.566,,,,,,,,,,,,,,,,,,,,,,,,,,,,,,,,,,0.02,0,,,,0,0,,0.10791168894734436,0.06802493697222221,2.99136,125.347043,8735.722587999999,0,-0.01,,,,,4.942740104217536,,,,22,99,,33,,,,,103,0.02,,,,,,,0.01765197,,50.2917184,26.8637598,
12:04:08.650,,,,,,,,,,,,,,,,,,,,0,5.882352941176471,100,,,,,,,,,,5.882352941176471,,,,,,,,,25.098039215686274,,,,,,,,,,,,,0,,,,,,,,,,,,0.02,,17.6470588235294,100,,,,,,50.2917184,26.8637598,
12:04:08.715,,,,,,,,,,,,,,,,,,,,,,,0,27.408545,663.57487818,9834.377037130002,0,0.288511,8.605602000000001,121.18336500000002,0,,5.882352941176471,,,0,0,,,,,,,,,,,,0,9.644810387248612,6.865420830070959,1.387216269510046,,,37,,,,35460,,12000,0,0,,103,0.02,35460,17.6470588235294,,,,,,0,50.2917184,26.8637598,
12:04:08.849,,,,,,,,,,,,,,,22,,,,,,,,,,,,,,,,,,,,,,,,,,,,,,,,,,,,,,,,,,,,,,,,,,,,,,,,,47,,,50.2916615,26.8636726,
12:04:08.886,,,,,,,,,,,,,,,,,,89.828125,,,,,,,,,,,,,,,,,,,,,,,,,,,,,,,,,,,,,,,,,,,,,,,,,,,,,,,,,50.2916615,26.8636726,
12:04:08.931,,,,,,,,,,,,,,,,5632,0.34375,,,,,,,,,,,,,,,,,,,,,,,,,,,,,,,,,,,,,,,,,,,,,,,,,,,,,,,,,,50.2916615,26.8636726,
12:04:09.074,,,,,,,,,339.38,57,,3.529,,,,,,,,,,,,,,,,,,,,,,,,,,,,,,,,,,,,,,,,,,,,,,,,,,,,7.041,,,,,,,,,,,50.2916615,26.8636726,
12:04:09.160,-72.25,,-1600,,,,,,,,,,3.509,,,,,,,,,,,,,,,,,,,,,,,,,,,,,,,,,,,,,,,,,,,,,,,,,,,7.038,,,,,,,,,,,50.2916615,26.8636726,
12:04:09.257,,-71.79999999999995,,,,,,,,,,,,,,,,,,,,,,,,,,,,,,,,,,,,,,,,,,,,,,,,,,,,,,,,,,,,,,,,,,,,,,,,,50.2916615,26.8636726,
12:04:09.342,,,,,,,,,,,,,,,,,,,,,,,,,,,,,,,,,,,,,,,,,,,,,,,,,,,,,,,,44,,,,,,,,,103,,,,,,,,,,50.2916615,26.8636726,
12:04:09.402,,,,,,,,,,,,,,,,,,,,,,,,,,,,,,,,,,0.07,0,,,,0,0,,0.09185854618055926,0.07615532905555555,2.99949,125.355173,8735.730717999999,0,-0.01,,,,,5.441651289794481,,,,22,99,,35,,,,,103,0.07,,,,,,,0.061781895,,50.2916615,26.8636726,
12:04:09.485,,,,,,,,,,,,,,,,,,,,0,5.882352941176471,100,,,,,,,,,,5.882352941176471,,,,,,,,,25.098039215686274,,,,,,,,,,,,,0,,,,,,,,,,,,0.07,,17.6470588235294,100,,,,,,50.2916615,26.8636726,
12:04:09.554,,,,,,,,,,,,,,,,,,,,,,,0,27.408545,663.57487818,9834.377037130002,0,0.288511,8.605602000000001,121.18336500000002,0,,5.882352941176471,,,0,0,,,,,,,,,,,,0,9.61866850697952,6.864975568259957,1.3872149784825825,,,37,,,,35440,,12000,0,0,,103,0.07,35440,17.6470588235294,,,,,,0,50.2916615,26.8636726,
12:04:09.702,,,,,,,,,,,,,,,22,,,,,,,,,,,,,,,,,,,,,,,,,,,,,,,,,,,,,,,,,,,,,,,,,,,,,,,,,47,,,50.2916615,26.8636726,
12:04:09.740,,,,,,,,,,,,,,,,,,83.859375,,,,,,,,,,,,,,,,,,,,,,,,,,,,,,,,,,,,,,,,,,,,,,,,,,,,,,,,,50.2915955,26.8635755,
12:04:09.777,,,,,,,,,,,,,,,,5376,0.328125,,,,,,,,,,,,,,,,,,,,,,,,,,,,,,,,,,,,,,,,,,,,,,,,,,,,,,,,,,50.2915955,26.8635755,
12:04:09.911,,,,,,,,,337.13,56.5,,3.519,,,,,,,,,,,,,,,,,,,,,,,,,,,,,,,,,,,,,,,,,,,,,,,,,,,,7.028,,,,,,,,,,,50.2915955,26.8635755,
12:04:09.972,-75.89999999999986,,-1600,,,,,,,,,,3.49,,,,,,,,,,,,,,,,,,,,,,,,,,,,,,,,,,,,,,,,,,,,,,,,,,,7.009,,,,,,,,,,,50.2915955,26.8635755,
12:04:10.023,,-75.44999999999982,,,,,,,,,,,,,,,,,,,,,,,,,,,,,,,,,,,,,,,,,,,,,,,,,,,,,,,,,,,,,,,,,,,,,,,,,50.2915955,26.8635755,
12:04:10.136,,,,,,,,,,,,,,,,,,,,,,,,,,,,,,,,,,0,0,,,,0,0,,0.09574613190101858,0.08389538966666667,3.00723,125.36291299999999,8735.738457999998,0,-0.01,,,,,5.908717286023733,,,,22,99,,38,,,,,103,0,,,,,,,0,,50.2915955,26.8635755,
12:04:10.217,,,,,,,,,,,,,,,,,,,,0,5.882352941176471,100,,,,,,,,,,5.882352941176471,,,,,,,,,25.88235294117647,,,,,,,,,,,,,0,,,,,,,,,,,,0,,17.6470588235294,100,,,,,,50.2915955,26.8635755,
12:04:10.294,,,,,,,,,,,,,,,,,,,,,,,0,27.408545,663.57487818,9834.377037130002,0,0.288511,8.605602000000001,121.18336500000002,0,,5.882352941176471,,,0,0,,,,,,,,,,,,0,9.59391200540032,6.86455171953447,1.3872137493885586,,,37,,,,35440,,12000,0,0,,103,0,35440,17.6470588235294,,,,,,0,50.2915955,26.8635755,
12:04:10.369,,,,,,,,,,,,,,,,,,,26,,,,,,,,,,,,,,,,,,,,,,,,,,,,,,,,,,,,,,,,,,,,,,,,,,,,,48,,,50.2915955,26.8635755,
12:04:10.514,,,,,,,,,,,,,,,22,,,,,,,,,,,,,,,,,,,,,,,,,,,,,,,,,,,,,,,,,,,,,,,,,,,,,,,,,48,,,50.2915955,26.8635755,
12:04:10.563,,,,,,,,,,,,,,,,,,83.390625,,,,,,,,,,,,,,,,,,,,,,,,,,,,,,,,,,,,,,,,,,,,,,,,,,,,,,,,,50.2915955,26.8635755,
12:04:10.614,,,,,,,,,,,,,,,,5408,0.328125,,,,,,,,,,,,,,,,,,,,,,,,,,,,,,,,,,,,,,,,,,,,,,,,,,,,,,,,,,50.2915955,26.8635755,
12:04:10.734,,,,,,,,,331.98,56.5,,3.509,,,,,,,,,,,,,,,,,,,,,,,,,,,,,,,,,,,,,,,,,,,,,,,,,,,,6.999,,,,,,,,,,,50.2915243,26.8634698,
12:04:10.810,-134.8499999999999,,-1600,,,,,,,,,,3.416,,,,,,,,,,,,,,,,,,,,,,,,,,,,,,,,,,,,,,,,,,,,,,,,,,,6.925,,,,,,,,,,,50.2915243,26.8634698,
12:04:10.885,,-123.29999999999995,,,,,,,,,,,,,,,,,,,,,,,,,,,,,,,,,,,,,,,,,,,,,,,,,,,,,,,,,,,,,,,,,,,,,,,,,50.2915243,26.8634698,
12:04:11.141,,,,,,,,,,,,,,,,,,,,,,,,,,,,,,,,,,4.19,0,,,,1617,1.6,,0.08388984172955272,0.09540628966666667,3.018741,125.374424,8735.749968999999,15.686274509803921,-0.67,,,,,6.58594326651801,,,,22,33,,40,,,,,103,4.19,,,,,,,3.698087715,,50.2915243,26.8634698,
12:04:11.254,,,,,,,,,,,,,,,,,,,,23.529411764705884,5.490196078431373,100,,,,,,,,,,3.9215686274509802,,,,,,,,,26.274509803921568,,,,,,,,,,,,,17.77774728,,,,,,,,,,,,21.96774728,,15.6862745098039,100,,,,,,50.2915243,26.8634698,
12:04:11.354,,,,,,,,,,,,,,,,,,,,,,,0,27.408545,663.57487818,9834.377037130002,0,0.288511,8.605602000000001,121.18336500000002,0,,7.450980392156863,,,0,0,0,,,,,,,,,,,0,9.557328700938571,6.86392146455644,1.387211921472521,,,37,,,,31360,,22000,0,0,,103,21.96774728,31360,16.8627450980392,,,,,,0,50.2915243,26.8634698,
12:04:11.489,,,,,,,,,,,,,,,22,,,,,,,,,,,,,,,,,,,,,,,,,,,,,,,,,,,,,,,,,,,,,,,,,,,,,,,,,48,,,50.2915243,26.8634698,
12:04:11.539,,,,,,,,,,,,,,,,,,76.421875,,,,,,,,,,,,,,,,,,,,,,,,,,,,,,,,,,,,,,,,,,,,,,,,,,,,,,,,,50.2915243,26.8634698,
12:04:11.580,,,,,,,,,,,,,,,,4896,0.296875,,,,,,,,,,,,,,,,,,,,,,,,,,,,,,,,,,,,,,,,,,,,,,,,,,,,,,,,,,50.2915243,26.8634698,
12:04:11.750,,,,,,,,,335.68,56,,3.519,,,,,,,,,,,,,,,,,,,,,,,,,,,,,,,,,,,,,,,,,,,,,,,,,,,,6.935,,,,,,,,,,,50.2914489,26.863355,
12:04:11.830,-61.149999999999864,,-1600,,,,,,,,,,3.497,,,,,,,,,,,,,,,,,,,,,,,,,,,,,,,,,,,,,,,,,,,,,,,,,,,7.016,,,,,,,,,,,50.2914489,26.863355,
12:04:11.869,,-61.799999999999955,,,,,,,,,,,,,,,,,,,,,,,,,,,,,,,,,,,,,,,,,,,,,,,,,,,,,,,,,,,,,,,,,,,,,,,,,50.2914489,26.863355,
12:04:11.994,,,,,,,,,,,,,,,,,,,,,,,,,,,,,,,,,,12.05,0,,,,1512,1.5,,0.08261693613699501,0.10542867233333333,3.028763,125.384446,8735.759990999999,40,-0.34,,,,,7.162551168265044,,,,22,66,,43,,,,,103,29.82774728,,,,,,,10.635311925,,50.2914489,26.863355,
12:04:12.098,,,,,,,,,,,,,,,,,,,,53.72549019607843,9.019607843137255,100,,,,,,,,,,7.450980392156863,,,,,,,,,25.49019607843137,,,,,,,,,,,,,17.318724720000002,,,,,,,,,,,,29.36872472,,20.3921568627451,100,,,,,,50.2914489,26.863355,
12:04:12.181,,,,,,,,,,,,,,,,,,,,,,,0.050225387928972146,27.4588,663.62513318,9834.427292130002,0.0005286882939891805,0.28904,8.606131000000001,121.18389400000002,2.3000000342726707,,9.019607843137255,,,2.3000000342726707,6.618058431950088,22.610749030370133,,,,,,,,,,,0.5014653815592302,9.543169934392358,6.863794732561965,1.387216385578925,,,37,,,,21900,,22000,0,0,,103,31.6687247542727,21900,25.4901960784314,,,,,,0,50.2914489,26.863355,
12:04:12.294,,,,,,,,,,,,,,,22,,,,,,,,,,,,,,,,,,,,,,,,,,,,,,,,,,,,,,,,,,,,,,,,,,,,,,,,,48,,,50.2914489,26.863355,
12:04:12.331,,,,,,,,,,,,,,,,,,64.5625,,,,,,,,,,,,,,,,,,,,,,,,,,,,,,,,,,,,,,,,,,,,,,,,,,,,,,,,,50.2914489,26.863355,
12:04:12.370,,,,,,,,,,,,,,,,4064,0.234375,,,,,,,,,,,,,,,,,,,,,,,,,,,,,,,,,,,,,,,,,,,,,,,,,,,,,,,,,,50.2914489,26.863355,
12:04:12.490,,,,,,,,,340.03000000000003,55.5,,3.551,,,,,,,,,,,,,,,,,,,,,,,,,,,,,,,,,,,,,,,,,,,,,,,,,,,,7.048,,,,,,,,,,,50.2914489,26.863355,
12:04:12.550,-46.59999999999991,,-1600,,,,,,,,,,3.524,,,,,,,,,,,,,,,,,,,,,,,,,,,,,,,,,,,,,,,,,,,,,,,,,,,7.075,,,,,,,,,,,50.2914489,26.863355,
12:04:12.591,,-48.94999999999982,,,,,,,,,,,,,,,,,,,,,,,,,,,,,,,,,,,,,,,,,,,,,,,,,,,,,,,,,,,,,,,,,,,,,,,,,50.2914489,26.863355,
12:04:12.714,,,,,,,,,,,,,,,,,,,,,,,,,,,,,,,,,,11.99,5.227272805165161,,,,1492,1.5,,0.07696691712869191,0.11402781722222222,3.037362,125.393045,8735.768589999998,40,-0.34,,,,,7.645246166253525,,,,22,66,,44,,,,,103,31.6087247542727,,,,,,,10.582356015,,50.2913704,26.8632309,
12:04:12.902,,,,,,,,,,,,,,,,,,,,54.11764705882353,9.019607843137255,100,,,,,,,,,,7.450980392156863,,,,,,,,,23.92156862745098,,,,,,,,,,,,,16.63108392,,,,,,,,,,,,30.9210839542727,,25.4901960784314,100,,,,,,50.2913704,26.8632309,
12:04:13.002,,,,,,,,,,,,,,,,,,,,,,,0.14633769527782378,27.55494,663.72127318,9834.523432130001,0.001540396792398145,0.290052,8.607143,121.18490600000003,4.200000062584877,,9.019607843137255,,,4.200000062584877,12.085150180082769,41.84266833035974,,,,,,,,,,,1.350895623474187,9.549470889541649,6.864131100732103,1.3872266046369717,,,37,,,,22000,,22000,0,0,,103,32.8210839825849,22000,25.4901960784314,,,,,,0,50.2913704,26.8632309,
12:04:13.189,,,,,,,,,,,,,,,22,,,,,,,,,,,,,,,,,,,,,,,,,,,,,,,,,,,,,,,,,,,,,,,,,,,,,,,,,48,,,50.2913704,26.8632309,
12:04:13.249,,,,,,,,,,,,,,,,,,48.125,,,,,,,,,,,,,,,,,,,,,,,,,,,,,,,,,,,,,,,,,,,,,,,,,,,,,,,,,50.2913704,26.8632309,
12:04:13.297,,,,,,,,,,,,,,,,2976,0.171875,,,,,,,,,,,,,,,,,,,,,,,,,,,,,,,,,,,,,,,,,,,,,,,,,,,,,,,,,,50.2913704,26.8632309,
12:04:13.429,,,,,16,,,,,,63.75,,,63.25,,,,,,,,,,,,,,,,,,,,,,,,,,,,,,,,,,,,,,,,,,,,,,,,,,,,,,,,127,-38,,,,50.2913704,26.8632309,
12:04:13.502,,,,,,,,,342.28000000000003,55.5,,3.554,,,,,,,,,,,,,,,,,,,,,,,,,,,,,,,,,,,,,,,,,,,,,,,,,,,,7.078,,,,,,,,,,,50.2913704,26.8632309,
12:04:13.567,-41.049999999999955,,-1600,,,,,,,,,,3.538,,,,,,,,,,,,,,,,,,,,,,,,,,,,,,,,,,,,,,,,,,,,,,,,,,,7.092,,,,,,,,,,,50.2913704,26.8632309,
12:04:13.605,,-42.09999999999991,,,,,,,,,,,,,,,,,,,,,,,,,,,,,,,,,,,,,,,,,,,,,,,,,,,,,,,,,,,,,,,,,,,,,,,,,50.2913704,26.8632309,
12:04:13.718,,,,,,,,,,,,,,,,,,,,,,,,,,,,,,,,,,,,,,,,,,,,,,,,,,,,,,,,44,,,,,,,,,103,,,,,,,,,,50.2912898,26.8631059,
12:04:13.782,,,,,,,,,,,,,,,,,,,,,,,,,,,,,,,,,,12.05,9.130434918662775,,,,1497,1.5,,0.06215126941921579,0.12766987622222223,3.051004,125.406687,8735.782232,40,-0.34,,,,,8.393021602957544,,,,22,66,,46,,,,,103,32.8810839825849,,,,,,,10.635311925,,50.2912898,26.8631059,
12:04:13.856,,,,,,,,,,,,,,,,,,,,54.11764705882353,9.019607843137255,100,,,,,,,,,,7.450980392156863,,,,,,,,,22.745098039215687,,,,,,,,,,,,,15.99345336,,,,,,,,,,,,32.2434534225849,,25.4901960784314,100,,,,,,50.2912898,26.8631059,
12:04:13.942,,,,,,,,,,,,,,,,,,,,,,,0.23944607131107998,27.64804,663.8143731800001,9834.616532130001,0.002520484961169263,0.291032,8.608123,121.18588600000002,3.9500000588595867,,9.019607843137255,,,3.9500000588595867,11.365796002696891,39.220596993692496,,,,,,,,,,,1.9742205724254842,9.538892771035371,6.864165863818729,1.3872356565401165,,,37,,,,21950,,22000,0,0,,103,31.9934534188596,21950,25.4901960784314,,,,,,0,50.2912898,26.8631059,
12:04:14.091,,,,,,,,,,,,,,,22,,,,,,,,,,,,,,,,,,,,,,,,,,,,,,,,,,,,,,,,,,,,,,,,,,,,,,,,,48,,,50.2912898,26.8631059,
12:04:14.141,,,,,,,,,,,,,,,,,,45.25,,,,,,,,,,,,,,,,,,,,,,,,,,,,,,,,,,,,,,,,,,,,,,,,,,,,,,,,,50.2912898,26.8631059,
12:04:14.190,,,,,,,,,,,,,,,,2848,0.171875,,,,,,,,,,,,,,,,,,,,,,,,,,,,,,,,,,,,,,,,,,,,,,,,,,,,,,,,,,50.2912898,26.8631059,
12:04:14.346,,,,,,,,,341.96,55.5,,3.557,,,,,,,,,,,,,,,,,,,,,,,,,,,,,,,,,,,,,,,,,,,,,,,,,,,,7.095,,,,,,,,,,,50.2912898,26.8631059,
12:04:14.397,-39.34999999999991,,-1600,,,,,,,,,,3.549,,,,,,,,,,,,,,,,,,,,,,,,,,,,,,,,,,,,,,,,,,,,,,,,,,,7.106,,,,,,,,,,,50.2912898,26.8631059,
12:04:14.446,,-36.149999999999864,,,,,,,,,,,,,,,,,,,,,,,,,,,,,,,,,,,,,,,,,,,,,,,,,,,,,,,,,,,,,,,,,,,,,,,,,50.2912898,26.8631059,
12:04:14.594,,,,,,,,,,,,,,,,,,,,,,,,,,,,,,,,,,12.09,8.4042554443821,,,,1500,1.5,,0.057423023824604236,0.13856415244444445,3.061898,125.417581,8735.793125999999,40.3921568627451,-0.33,,,,,8.972488110072877,,,,22,67,,47,,,,,103,32.0334534188596,,,,,,,10.670615864999998,,50.2912898,26.8631059,
12:04:14.702,,,,,,,,,,,,,,,,,,,,54.11764705882353,9.019607843137255,100,,,,,,,,,,7.450980392156863,,,,,,,,,22.352941176470587,,,,,,,,,,,,,15.80770104,,,,,,,,,,,,31.8477010988596,,25.4901960784314,100,,,,,,50.2912898,26.8631059,
12:04:14.777,,,,,,,,,,,,,,,,,,,,,,,0.3252471109646151,27.733825,663.9001581800001,9834.70231713,0.0034236537996275274,0.291935,8.609026000000002,121.18678900000002,3.9000000581145287,,9.019607843137255,,,3.9000000581145287,11.221925167219714,38.646685473126546,,,,,,,,,,,2.470807737232181,9.534445628169195,6.86428962459418,1.3872442633665,,,37,,,,21980,,22000,0,0,,103,31.7977010981145,21980,25.4901960784314,,,,,,0,50.291204,26.8629772,
12:04:15.077,,,,,,,,,,,,,,,22,,,,,,,,,,,,,,,,,,,,,,,,,,,,,,,,,,,,,,,,,,,,,,,,,,,,,,,,,48,,,50.291204,26.8629772,
12:04:15.125,,,,,,,,,,,,,,,,,,36.328125,,,,,,,,,,,,,,,,,,,,,,,,,,,,,,,,,,,,,,,,,,,,,,,,,,,,,,,,,50.291204,26.8629772,
12:04:15.162,,,,,,,,,,,,,,,,2240,0.125,,,,,,,,,,,,,,,,,,,,,,,,,,,,,,,,,,,,,,,,,,,,,,,,,,,,,,,,,,50.291204,26.8629772,
12:04:15.266,,,,-100,,,,,,,,,,,,,,,,,,,,,,,,,,,,,,,,,,,,,,,,,,,,,,,,,,,,,,,,,,,,,,,,,,,-38,,,,50.291204,26.8629772,
12:04:15.374,,,,,,,,,341.8,55,,3.583,,,,,,,,,,,,,,,,,,,,,,,,,,,,,,,,,,,,,,,,,,,,,,,,,,,,7.132,,,,,,,,,,,50.291204,26.8629772,
12:04:15.450,-26.75,,-28.649999999999864,,,,,,,,,,3.571,,,,,,,,,,,,,,,,,,,,,,,,,,,,,,,,,,,,,,,,,,,,,,,,,,,7.154,,,,,,,,,,,50.291204,26.8629772,
12:04:15.503,,-27.799999999999955,,,,,,,,,,,,,,,,,,,,,,,,,,,,,,,,,,,,,,,,,,,,,,,,,,,,,,,,,,,,,,,,,,,,,,,,,50.291204,26.8629772,
12:04:15.662,,,,,,,,,,,,,,,,,,,,,,,,,,,,,,,,,,12.120000000000001,8.125000121071935,,,,1501,1.5,,0.03861887513424091,0.15252944577777777,3.075863,125.431546,8735.807090999999,40.3921568627451,-0.33,,,,,9.69415352135905,,,,22,67,,48,,,,,103,31.8277010981145,,,,,,,10.69709382,,50.291204,26.8629772,
12:04:15.770,,,,,,,,,,,,,,,,,,,,54.509803921568626,9.019607843137255,100,,,,,,,,,,7.450980392156863,,,,,,,,,20.784313725490197,,,,,,,,,,,,,15.647846880000001,,,,,,,,,,,,31.6678469381145,,25.4901960784314,100,,,,,,50.2911156,26.8628498,
12:04:15.867,,,,,,,,,,,,,,,,,,,,,,,0.4375355150545093,27.846115,664.0124481800001,9834.814607130002,0.0046056370005737824,0.293117,8.610208000000002,121.18797100000002,3.9000000581145287,,9.019607843137255,,,3.9000000581145287,11.221925167219714,38.620938181005876,,,,,,,,,,,3.0195068087271473,9.529585680506576,6.864467731267541,1.3872555762461036,,,37,,,,21980,,22000,0,0,,103,31.6678469381145,21980,25.4901960784314,,,,,,0,50.2911156,26.8628498,
12:04:16.002,,,,,,,,,,,,,,,22,,,,,,,,,,,,,,,,,,,,,,,,,,,,,,,,,,,,,,,,,,,,,,,,,,,,,,,,,48,,,50.2911156,26.8628498,
12:04:16.049,,,,,,,,,,,,,,,,,,31.90625,,,,,,,,,,,,,,,,,,,,,,,,,,,,,,,,,,,,,,,,,,,,,,,,,,,,,,,,,50.2911156,26.8628498,
12:04:16.098,,,,,,,,,,,,,,,,2016,0.109375,,,,,,,,,,,,,,,,,,,,,,,,,,,,,,,,,,,,,,,,,,,,,,,,,,,,,,,,,,50.2911156,26.8628498,
12:04:16.209,,,,,,,,,346.95,55,,3.588,,,,,,,,,,,,,,,,,,,,,,,,,,,,,,,,,,,,,,,,,,,,,,,,,,,,7.159,,,,,,,,,,,50.2911156,26.8628498,
12:04:16.270,-14.549999999999955,,-11,,,,,,,,,,3.589,,,,,,,,,,,,,,,,,,,,,,,,,,,,,,,,,,,,,,,,,,,,,,,,,,,7.177,,,,,,,,,,,50.2911156,26.8628498,
12:04:16.309,,-7.5,,,,,,,,,,,,,,,,,,,,,,,,,,,,,,,,,,,,,,,,,,,,,,,,,,,,,,,,,,,,,,,,,,,,,,,,,50.2911156,26.8628498,
12:04:16.441,,,,,,,,,,,,,,,,,,,,,,,,,,,,,,,,,,12.07,7.9591837920704664,,,,1501,1.5,,0.038000660108259046,0.16313545358333334,3.086469,125.442152,8735.817696999999,40.3921568627451,-0.33,,,,,10.227532025675396,,,,22,67,,49,,,,,103,31.6178469381145,,,,,,,10.652963895,,50.2911156,26.8628498,
12:04:16.538,,,,,,,,,,,,,,,,,,,,54.509803921568626,9.019607843137255,100,,,,,,,,,,7.450980392156863,,,,,,,,,16.862745098039216,,,,,,,,,,,,,15.57818976,,,,,,,,,,,,31.5481898181145,,25.4901960784314,100,,,,,,50.2911156,26.8628498,
12:04:16.649,,,,,,,,,,,,,,,,,,,,,,,0.5180537803793249,27.926675,664.0930081800001,9834.895167130002,0.00545319768820342,0.293965,8.611056000000001,121.18881900000002,3.9000000581145287,,9.019607843137255,,,3.9000000581145287,11.221925167219714,38.620938181005876,,,,,,,,,,,3.342742223362135,9.524314030045335,6.864563356661804,1.3872635991662,,,37,,,,21980,,22000,0,0,,103,31.5481898181145,21980,25.4901960784314,,,,,,0,50.2911156,26.8628498,
12:04:16.929,,,,,,,,,,,,,,,22,,,,,,,,,,,,,,,,,,,,,,,,,,,,,,,,,,,,,,,,,,,,,,,,,,,,,,,,,48,,,50.2910253,26.8627218,
12:04:16.969,,,,,,,,,,,,,,,,,,10.296875,,,,,,,,,,,,,,,,,,,,,,,,,,,,,,,,,,,,,,,,,,,,,,,,,,,,,,,,,50.2910253,26.8627218,
12:04:17.017,,,,,,,,,,,,,,,,704,0.03125,,,,,,,,,,,,,,,,,,,,,,,,,,,,,,,,,,,,,,,,,,,,,,,,,,,,,,,,,,50.2910253,26.8627218,
12:04:17.138,,,,,,16,15,15,,,,,,,,,,,,,,,,,,,,,,,,,,,,,,,,,,,,,,,,,,,,,,,,,,,,,,,,,,,,,,,-38,,,,50.2910253,26.8627218,
12:04:17.207,,,,,,,,,349.37,55,,3.653,,,,,,,,,,,,,,,,,,,,,,,,,,,,,,,,,,,,,,,,,,,,,,,,,,,,7.242,,,,,,,,,,,50.2910253,26.8627218,
12:04:17.281,21.850000000000136,,25.050000000000182,,,,,,,,,,3.665,,,,,,,,,,,,,,,,,,,,,,,,,,,,,,,,,,,,,,,,,,,,,,,,,,,7.318,,,,,,,,,,,50.2910253,26.8627218,
12:04:17.329,,39.30000000000018,,,,,,,,,,,,,,,,,,,,,,,,,,,,,,,,,,,,,,,,,,,,,,,,,,,,,,,,,,,,,,,,,,,,,,,,,50.2910253,26.8627218,
12:04:17.469,,,,,,,,,,,,,,,,,,,,,,,,,,,,,,,,,,11.96,8.125000121071935,,,,1508,1.5,,,0.17696378825,3.100297,125.45598,8735.831525,40.3921568627451,-0.34,,,,,10.897651952808527,,,,22,66,,48,,,,,103,31.4381898181145,,,,,,,10.55587806,,50.2910253,26.8627218,
12:04:17.553,,,,,,,,,,,,,,,,,,,,54.509803921568626,9.019607843137255,100,,,,,,,,,,7.450980392156863,,,,,,,,,8.235294117647058,,,,,,,,,,,,,15.525053880000002,,,,,,,,,,,,31.3850539381145,,25.4901960784314,100,,,,,,50.2910253,26.8627218,
12:04:17.629,,,,,,,,,,,,,,,,,,,,,,,0.618848327464614,28.02747,664.19380318,9834.995962130002,0.006514192920680148,0.295026,8.612117000000001,121.18988000000002,3.9000000581145287,,9.019607843137255,,,3.9000000581145287,11.221925167219714,38.44166326902507,,,,,,,,,,,3.6810880831040005,9.516056042372716,6.86465244622058,1.3872735486390921,,,37,,,,21990,,22000,0,0,,103,31.3850539381145,21990,25.4901960784314,,,,,,0,50.2910253,26.8627218,
12:04:17.702,,,,,,,,,,,,,,,,,,,28,,,,,,,,,,,,,,,,,,,,,,,,,,,,,,,,,,,,,,,,,,,,,,,,,,,,,50,,,50.2910253,26.8627218,
12:04:17.809,,,,,,,,,,,,,,,22,,,,,,,,,,,,,,,,,,,,,,,,,,,,,,,,,,,,,,,,,,,,,,,,,,,,,,,,,50,,,50.2909345,26.8625953,
12:04:17.846,,,,,,,,,,,,,,,,,,-33.953125,,,,,,,,,,,,,,,,,,,,,,,,,,,,,,,,,,,,,,,,,,,,,,,,,,,,,,,,,50.2909345,26.8625953,
12:04:17.898,,,,,,,,,,,,,,,,-2144,-0.140625,,,,,,,,,,,,,,,,,,,,,,,,,,,,,,,,,,,,,,,,,,,,,,,,,,,,,,,,,,50.2909345,26.8625953,
12:04:18.018,,,,,,,,,355.64,55,,3.708,,,,,,,,,,,,,,,,,,,,,,,,,,,,,,,,,,,,,,,,,,,,,,,,,,,,7.373,,,,,,,,,,,50.2909345,26.8625953,
12:04:18.071,36.5,,-1600,,,,,,,,,,3.7,,,,,,,,,,,,,,,,,,,,,,,,,,,,,,,,,,,,,,,,,,,,,,,,,,,7.408,,,,,,,,,,,50.2909345,26.8625953,
12:04:18.133,,43.80000000000018,,,,,,,,,,,,,,,,,,,,,,,,,,,,,,,,,,,,,,,,,,,,,,,,,,,,,,,,,,,,,,,,,,,,,,,,,50.2909345,26.8625953,
12:04:18.234,,,,,,,,,,,,,,,,,,,,,,,,,,,,,,,,,,,,,,,,,,,,,,,,,,,,,,,,43,,,,,,,,,102,,,,,,,,,,50.2909345,26.8625953,
12:04:18.298,,,,,,,,,,,,,,,,,,,,,,,,,,,,,,,,,,11.94,8.297872464073466,,,,1508,1.5,,,0.18790427591666667,3.111237,125.46692,8735.842464999998,40,-0.33,,,,,11.407853220581954,,,,22,67,,47,,,,,102,31.3650539381145,,,,,,,10.538226089999998,,50.2909345,26.8625953,
12:04:18.397,,,,,,,,,,,,,,,,,,,,54.509803921568626,9.019607843137255,100,,,,,,,,,,7.450980392156863,,,,,,,,,0,,,,,,,,,,,,,15.4964766,,,,,,,,,,,,31.3364766581145,,25.4901960784314,100,,,,,,50.2909345,26.8625953,
12:04:18.490,,,,,,,,,,,,,,,,,,,,,,,0.7075428280779318,28.1162,664.2825331800001,9835.084692130002,0.007447819242925598,0.29596,8.613051000000002,121.19081400000002,3.9000000581145287,,9.019607843137255,,,3.9000000581145287,11.221925167219714,38.44166326902507,,,,,,,,,,,3.9636241413838915,9.51261507882556,6.864798306995982,1.3872825029245768,,,37,,,,21990,,22000,0,0,,102,31.3364766581145,21990,25.4901960784314,,,,,,0,50.2909345,26.8625953,
12:04:18.733,,,,,,,,,,,,,,,22,,,,,,,,,,,,,,,,,,,,,,,,,,,,,,,,,,,,,,,,,,,,,,,,,,,,,,,,,50,,,50.2908485,26.8624729,
12:04:18.769,,,,,,,,,,,,,,,,,,-71.484375,,,,,,,,,,,,,,,,,,,,,,,,,,,,,,,,,,,,,,,,,,,,,,,,,,,,,,,,,50.2908485,26.8624729,
12:04:18.817,,,,,,,,,,,,,,,,-4576,-0.28125,,,,,,,,,,,,,,,,,,,,,,,,,,,,,,,,,,,,,,,,,,,,,,,,,,,,,,,,,,50.2908485,26.8624729,
12:04:18.925,,,,,,,,,363.21,55.5,,3.779,,,,,,,,,,,,,,,,,,,,,,,,,,,,,,,,,,,,,,,,,,,,,,,,,,,,7.479,,,,,,,,,,,50.2908485,26.8624729,
12:04:18.986,65.15000000000009,,-1600,,,,,,,,,,3.761,,,,,,,,,,,,,,,,,,,,,,,,,,,,,,,,,,,,,,,,,,,,,,,,,,,7.54,,,,,,,,,,,50.2908485,26.8624729,
12:04:19.026,,64.95000000000005,,,,,,,,,,,,,,,,,,,,,,,,,,,,,,,,,,,,,,,,,,,,,,,,,,,,,,,,,,,,,,,,,,,,,,,,,50.2908485,26.8624729,
12:04:19.143,,,,,,,,,,,,,,,,,,,,,,,,,,,,,,,,,,11.97,8.86363649571484,,,,1500,1.5,,-0.032544646550218055,0.19828536825,3.121618,125.477301,8735.852845999998,40.3921568627451,-0.32,,,,,11.86810343485179,,,,22,68,,44,,,,,102,31.3664766581145,,,,,,,10.564704045000001,,50.2908485,26.8624729,
12:04:19.273,,,,,,,,,,,,,,,,,,,,54.11764705882353,9.019607843137255,100,,,,,,,,,,7.450980392156863,,,,,,,,,0,,,,,,,,,,,,,15.4741506,,,,,,,,,,,,31.3441506581145,,25.4901960784314,100,,,,,,50.2908485,26.8624729,
12:04:19.406,,,,,,,,,,,,,,,,,,,,,,,0.8018495495665448,28.210535000000004,664.3768681800001,9835.179027130001,0.008440521574384682,0.296953,8.614044000000002,121.19180700000003,3.9000000581145287,,9.019607843137255,,,3.9000000581145287,11.221925167219714,38.646685473126546,,,,,,,,,,,4.256754620312072,9.512791123065028,6.86502174604473,1.387292221336944,,,37,,,,21980,,22000,0,0,,102,31.3441506581145,21980,25.4901960784314,,,,,,0,50.2908485,26.8624729,
12:04:19.554,,,,,,,,,,,,,,,22,,,,,,,,,,,,,,,,,,,,,,,,,,,,,,,,,,,,,,,,,,,,,,,,,,,,,,,,,50,,,50.2908485,26.8624729,
12:04:19.594,,,,,,,,,,,,,,,,,,-74.109375,,,,,,,,,,,,,,,,,,,,,,,,,,,,,,,,,,,,,,,,,,,,,,,,,,,,,,,,,50.2908485,26.8624729,
12:04:19.631,,,,,,,,,,,,,,,,-4704,-0.296875,,,,,,,,,,,,,,,,,,,,,,,,,,,,,,,,,,,,,,,,,,,,,,,,,,,,,,,,,,50.2908485,26.8624729,
12:04:19.737,,,,,,,,,362.73,55.5,,3.788,,,,,,,,,,,,,,,,,,,,,,,,,,,,,,,,,,,,,,,,,,,,,,,,,,,,7.549,,,,,,,,,,,50.2907648,26.8623562,
12:04:19.786,62.80000000000018,,-1600,,,,,,,,,,3.769,,,,,,,,,,,,,,,,,,,,,,,,,,,,,,,,,,,,,,,,,,,,,,,,,,,7.557,,,,,,,,,,,50.2907648,26.8623562,
12:04:19.833,,63,,,,,,,,,,,,,,,,,,,,,,,,,,,,,,,,,,,,,,,,,,,,,,,,,,,,,,,,,,,,,,,,,,,,,,,,,50.2907648,26.8623562,
12:04:19.949,,,,,,,,,,,,,,,,,,,,,,,,,,,,,,,,,,11.91,9.512195263693972,,,,1499,1.5,,-0.06459431194953083,0.20720867544444446,3.130541,125.48622399999999,8735.861769,40.3921568627451,-0.32,,,,,12.242714440283857,,,,22,68,,41,,,,,102,31.2841506581145,,,,,,,10.511748135,,50.2907648,26.8623562,
12:04:20.062,,,,,,,,,,,,,,,,,,,,54.509803921568626,9.019607843137255,100,,,,,,,,,,7.450980392156863,,,,,,,,,0,,,,,,,,,,,,,15.45941544,,,,,,,,,,,,31.2694154981145,,25.4901960784314,100,,,,,,50.2907648,26.8623562,
12:04:20.198,,,,,,,,,,,,,,,,,,,,,,,0.8832578691129565,28.291950000000003,664.4582831800001,9835.260442130002,0.009297451253820595,0.29781,8.614901000000001,121.19266400000002,3.9000000581145287,,9.019607843137255,,,3.9000000581145287,11.221925167219714,38.67246711787179,,,,,,,,,,,4.486999028336229,9.513052216853254,6.8652165356413954,1.3873006144632831,,,37,,,,21990,,22000,0,0,,102,31.2694154981145,21990,25.4901960784314,,,,,,0,50.2907648,26.8623562,
12:04:20.470,,,,,,,,,,,,,,,22,,,,,,,,,,,,,,,,,,,,,,,,,,,,,,,,,,,,,,,,,,,,,,,,,,,,,,,,,50,,,50.2907648,26.8623562,
12:04:20.518,,,,,,,,,,,,,,,,,,-74.265625,,,,,,,,,,,,,,,,,,,,,,,,,,,,,,,,,,,,,,,,,,,,,,,,,,,,,,,,,50.2907648,26.8623562,
12:04:20.555,,,,,,,,,,,,,,,,-4832,-0.296875,,,,,,,,,,,,,,,,,,,,,,,,,,,,,,,,,,,,,,,,,,,,,,,,,,,,,,,,,,50.2907648,26.8623562,
12:04:20.678,,,,,16,,,,,,63.75,,,63.75,,,,,,,,,,,,,,,,,,,,,,,,,,,,,,,,,,,,,,,,,,,,,,,,,,,,,,,,127.5,-38,,,,50.2907648,26.8623562,
12:04:20.746,,,,,,,,,364.66,56,,3.781,,,,,,,,,,,,,,,,,,,,,,,,,,,,,,,,,,,,,,,,,,,,,,,,,,,,7.55,,,,,,,,,,,50.2906907,26.8622488,
12:04:20.806,57.05000000000018,,-1600,,,,,,,,,,3.777,,,,,,,,,,,,,,,,,,,,,,,,,,,,,,,,,,,,,,,,,,,,,,,,,,,7.558,,,,,,,,,,,50.2906907,26.8622488,
12:04:20.857,,56.15000000000009,,,,,,,,,,,,,,,,,,,,,,,,,,,,,,,,,,,,,,,,,,,,,,,,,,,,,,,,,,,,,,,,,,,,,,,,,50.2906907,26.8622488,
12:04:21.002,,,,,,,,,,,,,,,,,,,,,,,,,,,,,,,,,,11.91,10.263158047669814,,,,1505,1.5,,-0.0801616530196337,0.21845651500000002,3.141789,125.497472,8735.873016999998,40.3921568627451,-0.33,,,,,12.685431072061084,,,,22,67,,38,,,,,102,31.2694154981145,,,,,,,10.511748135,,50.2906907,26.8622488,
12:04:21.106,,,,,,,,,,,,,,,,,,,,54.509803921568626,9.019607843137255,100,,,,,,,,,,7.450980392156863,,,,,,,,,0,,,,,,,,,,,,,15.44601984,,,,,,,,,,,,31.2560198981145,,25.4901960784314,100,,,,,,50.2906907,26.8622488,
12:04:21.181,,,,,,,,,,,,,,,,,,,,,,,0.9844520004541999,28.393125,664.5594581800001,9835.361617130002,0.01036265263636,0.298875,8.615966000000002,121.19372900000002,3.9000000581145287,,9.019607843137255,,,3.9000000581145287,11.221925167219714,38.51829116922911,,,,,,,,,,,4.743576833293344,9.512892177036713,6.865449847467845,1.387311019335528,,,37,,,,22000,,22000,0,0,,102,31.2560198981145,22000,25.4901960784314,,,,,,0,50.2906907,26.8622488,
12:04:21.297,,,,,,,,,,,,,,,22,,,,,,,,,,,,,,,,,,,,,,,,,,,,,,,,,,,,,,,,,,,,,,,,,,,,,,,,,50,,,50.2906907,26.8622488,
12:04:21.345,,,,,,,,,,,,,,,,,,-74.046875,,,,,,,,,,,,,,,,,,,,,,,,,,,,,,,,,,,,,,,,,,,,,,,,,,,,,,,,,50.2906907,26.8622488,
12:04:21.374,,,,,,,,,,,,,,,,-4736,-0.296875,,,,,,,,,,,,,,,,,,,,,,,,,,,,,,,,,,,,,,,,,,,,,,,,,,,,,,,,,,50.2906907,26.8622488,
12:04:21.483,,,,,,,,,362.89,56.5,,3.787,,,,,,,,,,,,,,,,,,,,,,,,,,,,,,,,,,,,,,,,,,,,,,,,,,,,7.564,,,,,,,,,,,50.2906907,26.8622488,
12:04:21.545,53.40000000000009,,-1600,,,,,,,,,,3.774,,,,,,,,,,,,,,,,,,,,,,,,,,,,,,,,,,,,,,,,,,,,,,,,,,,7.561,,,,,,,,,,,50.2906907,26.8622488,
12:04:21.593,,56.15000000000009,,,,,,,,,,,,,,,,,,,,,,,,,,,,,,,,,,,,,,,,,,,,,,,,,,,,,,,,,,,,,,,,,,,,,,,,,50.2906907,26.8622488,
12:04:21.717,,,,,,,,,,,,,,,,,,,,,,,,,,,,,,,,,,11.93,11.142857308898654,,,,1498,1.5,,-0.09940694401181566,0.2252742427777778,3.148607,125.50429,8735.879834999998,40.3921568627451,-0.33,,,,,12.935014353346196,,,,21,67,,35,,,,,101,31.2760198981145,,,,,,,10.529400104999999,,50.2906907,26.8622488,
12:04:21.817,,,,,,,,,,,,,,,,,,,,54.11764705882353,9.019607843137255,100,,,,,,,,,,7.450980392156863,,,,,,,,,0,,,,,,,,,,,,,15.440661599999999,,,,,,,,,,,,31.2706616581145,,25.4901960784314,100,,,,,,50.2906237,26.8621483,
12:04:21.894,,,,,,,,,,,,,,,,,,,,,,,1.0577833890052561,28.466465,664.63279818,9835.43495713,0.011134561989529012,0.299647,8.616738000000002,121.19450100000002,3.9000000581145287,,9.019607843137255,,,3.9000000581145287,11.221925167219714,38.698283184038594,,,,,,,,,,,4.942669810908086,9.516811720230566,6.8656920014447325,1.3873187737134212,,,37,,,,21990,,22000,0,0,,101,31.2706616581145,21990,25.4901960784314,,,,,,0,50.2906237,26.8621483,
12:04:22.050,,,,,,,,,,,,,,,22,,,,,,,,,,,,,,,,,,,,,,,,,,,,,,,,,,,,,,,,,,,,,,,,,,,,,,,,,50,,,50.2906237,26.8621483,
12:04:22.105,,,,,,,,,,,,,,,,,,-73.828125,,,,,,,,,,,,,,,,,,,,,,,,,,,,,,,,,,,,,,,,,,,,,,,,,,,,,,,,,50.2906237,26.8621483,
12:04:22.142,,,,,,,,,,,,,,,,-4704,-0.296875,,,,,,,,,,,,,,,,,,,,,,,,,,,,,,,,,,,,,,,,,,,,,,,,,,,,,,,,,,50.2906237,26.8621483,
12:04:22.406,,,,,,,,,364.34000000000003,56.5,,3.791,,,,,,,,,,,,,,,,,,,,,,,,,,,,,,,,,,,,,,,,,,,,,,,,,,,,7.565,,,,,,,,,,,50.2906237,26.8621483,
12:04:22.458,50.40000000000009,,-1600,,,,,,,,,,3.78,,,,,,,,,,,,,,,,,,,,,,,,,,,,,,,,,,,,,,,,,,,,,,,,,,,7.571,,,,,,,,,,,50.2906237,26.8621483,
12:04:22.494,,49.55000000000018,,,,,,,,,,,,,,,,,,,,,,,,,,,,,,,,,,,,,,,,,,,,,,,,,,,,,,,,,,,,,,,,,,,,,,,,,50.2906237,26.8621483,
12:04:22.581,,,,,,,,,,,,,,,,,,,,,,,,,,,,,,,,,,,,,,,,,,,,,,,,,,,,,,,,43,,,,,,,,,101,,,,,,,,,,50.2906237,26.8621483,
12:04:22.653,,,,,,,,,,,,,,,,,,,,,,,,,,,,,,,,,,11.9,12.187500181607902,,,,1500,1.5,,-0.09683161794229049,0.2337466658888889,3.157079,125.512762,8735.888307,40,-0.32,,,,,13.220508276139732,,,,21,68,,32,,,,,101,31.2406616581145,,,,,,,10.50292215,,50.2906237,26.8621483,
12:04:22.765,,,,,,,,,,,,,,,,,,,,54.509803921568626,9.019607843137255,100,,,,,,,,,,7.450980392156863,,,,,,,,,0,,,,,,,,,,,,,15.43262424,,,,,,,,,,,,31.2326242981145,,25.4901960784314,100,,,,,,50.2905627,26.862061,
12:04:22.866,,,,,,,,,,,,,,,,,,,,,,,1.1566791222428063,28.565360000000002,664.7316931800001,9835.533852130002,0.012175569707819014,0.300688,8.617779,121.19554200000002,3.8500000573694706,,9.019607843137255,,,3.8500000573694706,11.078054331742536,38.151215146548,,,,,,,,,,,5.208874172180343,9.524246938388302,6.866057971061142,1.3873293446630606,,,37,,,,21980,,22000,0,0,,101,31.1826242973695,21980,25.4901960784314,,,,,,0,50.2905627,26.862061,
12:04:22.995,,,,,,,,,,,,,,,22,,,,,,,,,,,,,,,,,,,,,,,,,,,,,,,,,,,,,,,,,,,,,,,,,,,,,,,,,50,,,50.2905627,26.862061,
12:04:23.041,,,,,,,,,,,,,,,,,,-73.5625,,,,,,,,,,,,,,,,,,,,,,,,,,,,,,,,,,,,,,,,,,,,,,,,,,,,,,,,,50.2905627,26.862061,
12:04:23.090,,,,,,,,,,,,,,,,-4640,-0.296875,,,,,,,,,,,,,,,,,,,,,,,,,,,,,,,,,,,,,,,,,,,,,,,,,,,,,,,,,,50.2905627,26.862061,
12:04:23.201,,,,,,,,,364.18,56.5,,3.792,,,,,,,,,,,,,,,,,,,,,,,,,,,,,,,,,,,,,,,,,,,,,,,,,,,,7.572,,,,,,,,,,,50.2905627,26.862061,
12:04:23.286,45.5,,-1600,,,,,,,,,,3.783,,,,,,,,,,,,,,,,,,,,,,,,,,,,,,,,,,,,,,,,,,,,,,,,,,,7.575,,,,,,,,,,,50.2905627,26.862061,
12:04:23.333,,44,,,,,,,,,,,,,,,,,,,,,,,,,,,,,,,,,,,,,,,,,,,,,,,,,,,,,,,,,,,,,,,,,,,,,,,,,50.2905627,26.862061,
12:04:23.441,,,,,,,,,,,,,,,,,,,,,,,,,,,,,,,,,,11.93,13.275862266791277,,,,1503,1.5,,-0.09734045542351291,0.2399635191388889,3.163296,125.518979,8735.894524,40,-0.32,,,,,13.409539819344237,,,,21,68,,29,,,,,101,31.2126242973695,,,,,,,10.529400104999999,,50.2905627,26.862061,
12:04:23.545,,,,,,,,,,,,,,,,,,,,54.509803921568626,9.019607843137255,100,,,,,,,,,,7.450980392156863,,,,,,,,,0,,,,,,,,,,,,,15.428605560000001,,,,,,,,,,,,31.2086056173695,,25.4901960784314,100,,,,,,50.2905627,26.862061,
12:04:23.630,,,,,,,,,,,,,,,,,,,,,,,1.2342478812250597,28.642975000000003,664.80930818,9835.611467130002,0.012992082960263787,0.301505,8.618596000000002,121.19635900000003,3.8500000573694706,,9.019607843137255,,,3.8500000573694706,11.078054331742536,38.07506501651497,,,,,,,,,,,5.414190876549063,9.531355902198214,6.866368790332498,1.3873377095732897,,,37,,,,22000,,22000,0,0,,101,31.2086056173695,22000,25.4901960784314,,,,,,0,50.2905627,26.862061,
12:04:23.764,,,,,,,,,,,,,,,22,,,,,,,,,,,,,,,,,,,,,,,,,,,,,,,,,,,,,,,,,,,,,,,,,,,,,,,,,50,,,50.2905085,26.8619836,
12:04:23.802,,,,,,,,,,,,,,,,,,-73.34375,,,,,,,,,,,,,,,,,,,,,,,,,,,,,,,,,,,,,,,,,,,,,,,,,,,,,,,,,50.2905085,26.8619836,
12:04:23.869,,,,,,,,,,,,,,,,-4640,-0.296875,,,,,,,,,,,,,,,,,,,,,,,,,,,,,,,,,,,,,,,,,,,,,,,,,,,,,,,,,,50.2905085,26.8619836,
12:04:23.964,,,,-100,,,,,,,,,,,,,,,,,,,,,,,,,,,,,,,,,,,,,,,,,,,,,,,,,,,,,,,,,,,,,,,,,,,-38,,,,50.2905085,26.8619836,
12:04:24.162,,,,,,,,,364.5,57,,3.794,,,,,,,,,,,,,,,,,,,,,,,,,,,,,,,,,,,,,,,,,,,,,,,,,,,,7.577,,,,,,,,,,,50.2905085,26.8619836,
12:04:24.266,41.200000000000045,,-1600,,,,,,,,,,3.784,,,,,,,,,,,,,,,,,,,,,,,,,,,,,,,,,,,,,,,,,,,,,,,,,,,7.578,,,,,,,,,,,50.2905085,26.8619836,
12:04:24.306,,44.40000000000009,,,,,,,,,,,,,,,,,,,,,,,,,,,,,,,,,,,,,,,,,,,,,,,,,,,,,,,,,,,,,,,,,,,,,,,,,50.2905085,26.8619836,
12:04:24.442,,,,,,,,,,,,,,,,,,,,,,,,,,,,,,,,,,11.94,14.807692528344118,,,,1498,1.5,,-0.09881806987916014,0.24730007202777776,3.170633,125.526316,8735.901860999998,40.3921568627451,-0.32,,,,,13.60498918561993,,,,21,68,,26,,,,,101,31.2186056173695,,,,,,,10.538226089999998,,50.2905085,26.8619836,
12:04:24.558,,,,,,,,,,,,,,,,,,,,54.11764705882353,9.019607843137255,100,,,,,,,,,,7.450980392156863,,,,,,,,,0,,,,,,,,,,,,,15.425479919999999,,,,,,,,,,,,31.2154799773695,,25.4901960784314,100,,,,,,50.2905085,26.8619836,
12:04:24.642,,,,,,,,,,,,,,,,,,,,,,,1.3370602077570828,28.745765,664.91209818,9835.714257130001,0.014074317976390345,0.302587,8.619678000000002,121.19744100000003,3.8500000573694706,,9.019607843137255,,,3.8500000573694706,11.078054331742536,38.202151348345794,,,,,,,,,,,5.691190407259347,9.543425555717107,6.866829422445571,1.3873489300637194,,,37,,,,21960,,22000,0,0,,101,31.2154799773695,21960,25.4901960784314,,,,,,0,50.2905085,26.8619836,
12:04:24.720,,,,,,,,,,,,,,,,,,,29,,,,,,,,,,,,,,,,,,,,,,,,,,,,,,,,,,,,,,,,,,,,,,,,,,,,,51,,,50.2904604,26.8619154,
12:04:24.818,,,,,,,,,,,,,,,22,,,,,,,,,,,,,,,,,,,,,,,,,,,,,,,,,,,,,,,,,,,,,,,,,,,,,,,,,51,,,50.2904604,26.8619154,
12:04:24.857,,,,,,,,,,,,,,,,,,-72.765625,,,,,,,,,,,,,,,,,,,,,,,,,,,,,,,,,,,,,,,,,,,,,,,,,,,,,,,,,50.2904604,26.8619154,
12:04:24.893,,,,,,,,,,,,,,,,-4672,-0.296875,,,,,,,,,,,,,,,,,,,,,,,,,,,,,,,,,,,,,,,,,,,,,,,,,,,,,,,,,,50.2904604,26.8619154,
12:04:25.053,,,,,,,,,365.3,57,,3.79,,,,,,,,,,,,,,,,,,,,,,,,,,,,,,,,,,,,,,,,,,,,,,,,,,,,7.574,,,,,,,,,,,50.2904604,26.8619154,
12:04:25.106,35.450000000000045,,-1600,,,,,,,,,,3.771,,,,,,,,,,,,,,,,,,,,,,,,,,,,,,,,,,,,,,,,,,,,,,,,,,,7.561,,,,,,,,,,,50.2904604,26.8619154,
12:04:25.151,,33.75,,,,,,,,,,,,,,,,,,,,,,,,,,,,,,,,,,,,,,,,,,,,,,,,,,,,,,,,,,,,,,,,,,,,,,,,,50.2904604,26.8619154,
12:04:25.270,,,,,,,,,,,,,,,,,,,,,,,,,,,,,,,,,,11.870000000000001,16.739130684215088,,,,1504,1.5,,-0.09568103258149883,0.2525924493333333,3.175925,125.531608,8735.907152999998,40,-0.32,,,,,13.722433232838233,,,,21,68,,23,,,,,101,31.1454799773695,,,,,,,10.476444195000001,,50.2904604,26.8619154,
12:04:25.365,,,,,,,,,,,,,,,,,,,,54.11764705882353,9.019607843137255,100,,,,,,,,,,7.450980392156863,,,,,,,,,0,,,,,,,,,,,,,15.42324732,,,,,,,,,,,,31.1432473773695,,25.4901960784314,100,,,,,,50.2904604,26.8619154,
12:04:25.438,,,,,,,,,,,,,,,,,,,,,,,1.417943911434566,28.82661,664.99294318,9835.795102130001,0.014925725383521748,0.303438,8.620529000000001,121.19829200000002,3.8500000573694706,,9.019607843137255,,,3.8500000573694706,11.078054331742536,38.04974914881781,,,,,,,,,,,5.9090148668003275,9.554318820501114,6.867217856398367,1.3873578310453918,,,37,,,,21990,,22000,0,0,,101,31.1432473773695,21990,25.4901960784314,,,,,,0,50.2904604,26.8619154,
12:04:25.575,,,,,,,,,,,,,,,22,,,,,,,,,,,,,,,,,,,,,,,,,,,,,,,,,,,,,,,,,,,,,,,,,,,,,,,,,51,,,50.2904604,26.8619154,
12:04:25.610,,,,,,,,,,,,,,,,,,-70.03125,,,,,,,,,,,,,,,,,,,,,,,,,,,,,,,,,,,,,,,,,,,,,,,,,,,,,,,,,50.2904604,26.8619154,
12:04:25.645,,,,,,,,,,,,,,,,-4576,-0.28125,,,,,,,,,,,,,,,,,,,,,,,,,,,,,,,,,,,,,,,,,,,,,,,,,,,,,,,,,,50.2904604,26.8619154,
12:04:25.778,,,,,,16,15,15,,,,,,,,,,,,,,,,,,,,,,,,,,,,,,,,,,,,,,,,,,,,,,,,,,,,,,,,,,,,,,,-38,,,,50.2904182,26.861856,
12:04:25.849,,,,,,,,,360.96,57.5,,3.787,,,,,,,,,,,,,,,,,,,,,,,,,,,,,,,,,,,,,,,,,,,,,,,,,,,,7.558,,,,,,,,,,,50.2904182,26.861856,
12:04:25.982,31.800000000000182,,-1600,,,,,,,,,,3.77,,,,,,,,,,,,,,,,,,,,,,,,,,,,,,,,,,,,,,,,,,,,,,,,,,,7.557,,,,,,,,,,,50.2904182,26.861856,
12:04:26.030,,32.450000000000045,,,,,,,,,,,,,,,,,,,,,,,,,,,,,,,,,,,,,,,,,,,,,,,,,,,,,,,,,,,,,,,,,,,,,,,,,50.2904182,26.861856,
12:04:26.177,,,,,,,,,,,,,,,,,,,,,,,,,,,,,,,,,,11.92,19.250000286847353,,,,1498,1.5,,-0.09646445221577114,0.2576725532222222,3.181005,125.536688,8735.912233,40.3921568627451,-0.33,,,,,13.807879434947207,,,,21,67,,20,,,,,101,31.1932473773695,,,,,,,10.52057412,,50.2904182,26.861856,
12:04:26.287,,,,,,,,,,,,,,,,,,,,54.11764705882353,9.019607843137255,100,,,,,,,,,,7.450980392156863,,,,,,,,,0,,,,,,,,,,,,,15.43039164,,,,,,,,,,,,31.2003916973695,,25.4901960784314,100,,,,,,50.2904182,26.861856,
12:04:26.361,,,,,,,,,,,,,,,,,,,,,,,1.511701090769157,28.920375,665.0867081800001,9835.888867130001,0.01591264306072797,0.304425,8.621516000000002,121.19927900000002,3.8500000573694706,,9.019607843137255,,,3.8500000573694706,11.078054331742536,38.202151348345794,,,,,,,,,,,6.175528926825423,9.570088698383058,6.867726190131766,1.3873683224765982,,,37,,,,21950,,22000,0,0,,101,31.2003916973695,21950,25.4901960784314,,,,,,0,50.2904182,26.861856,
12:04:26.485,,,,,,,,,,,,,,,22,,,,,,,,,,,,,,,,,,,,,,,,,,,,,,,,,,,,,,,,,,,,,,,,,,,,,,,,,51,,,50.2904182,26.861856,
12:04:26.510,,,,,,,,,,,,,,,,,,-110.515625,,,,,,,,,,,,,,,,,,,,,,,,,,,,,,,,,,,,,,,,,,,,,,,,,,,,,,,,,50.2904182,26.861856,
12:04:26.563,,,,,,,,,,,,,,,,-7008,-0.4375,,,,,,,,,,,,,,,,,,,,,,,,,,,,,,,,,,,,,,,,,,,,,,,,,,,,,,,,,,50.2904182,26.861856,
12:04:26.696,,,,,,,,,364.34000000000003,57.5,,3.786,,,,,,,,,,,,,,,,,,,,,,,,,,,,,,,,,,,,,,,,,,,,,,,,,,,,7.556,,,,,,,,,,,50.2904182,26.861856,
12:04:26.758,32.05000000000018,,-1600,,,,,,,,,,3.773,,,,,,,,,,,,,,,,,,,,,,,,,,,,,,,,,,,,,,,,,,,,,,,,,,,7.559,,,,,,,,,,,50.2903848,26.861808,
12:04:26.798,,27.350000000000136,,,,,,,,,,,,,,,,,,,,,,,,,,,,,,,,,,,,,,,,,,,,,,,,,,,,,,,,,,,,,,,,,,,,,,,,,50.2903848,26.861808,
12:04:26.905,,,,,,,,,,,,,,,,,,,,,,,,,,,,,,,,,,,,,,,,,,,,,,,,,,,,,,,,43,,,,,,,,,101,,,,,,,,,,50.2903848,26.861808,
12:04:26.969,,,,,,,,,,,,,,,,,,,,,,,,,,,,,,,,,,11.870000000000001,27.500000409781933,,,,1494,1.5,,-0.12043381146791428,0.26066536705555554,3.183998,125.539681,8735.915226,40.3921568627451,-0.33,,,,,13.810055328311103,,,,21,67,,14,,,,,101,31.1503916973695,,,,,,,10.476444195000001,,50.2903848,26.861808,
12:04:27.077,,,,,,,,,,,,,,,,,,,,54.509803921568626,9.019607843137255,100,,,,,,,,,,7.450980392156863,,,,,,,,,0,,,,,,,,,,,,,15.471024960000001,,,,,,,,,,,,31.1910250173695,,25.4901960784314,100,,,,,,50.2903848,26.861808,
12:04:27.161,,,,,,,,,,,,,,,,,,,,,,,1.5930863697805033,29.00179,665.1681231800001,9835.970282130002,0.016769330208215825,0.305282,8.622373000000001,121.20013600000003,3.8500000573694706,,9.019607843137255,,,3.8500000573694706,11.078054331742536,38.30443287806024,,,,,,,,,,,6.433278957477224,9.58800853518124,6.868245108891109,1.3873776572291114,,,37,,,,21980,,22000,0,0,,101,31.1910250173695,21980,25.4901960784314,,,,,,0,50.2903848,26.861808,
12:04:27.314,,,,,,,,,,,,,,,22,,,,,,,,,,,,,,,,,,,,,,,,,,,,,,,,,,,,,,,,,,,,,,,,,,,,,,,,,51,,,50.2903848,26.861808,
12:04:27.351,,,,,,,,,,,,,,,,,,-57.828125,,,,,,,,,,,,,,,,,,,,,,,,,,,,,,,,,,,,,,,,,,,,,,,,,,,,,,,,,50.2903848,26.861808,
12:04:27.402,,,,,,,,,,,,,,,,-3648,-0.234375,,,,,,,,,,,,,,,,,,,,,,,,,,,,,,,,,,,,,,,,,,,,,,,,,,,,,,,,,,50.2903848,26.861808,
12:04:27.499,,,,,16,,,,,,60.5,,,63.75,,,,,,,,,,,,,,,,,,,,,,,,,,,,,,,,,,,,,,,,,,,,,,,,,,,,,,,,127.5,-38,,,,50.2903848,26.861808,
12:04:27.561,,,,,,,,,361.12,57.5,,3.752,,,,,,,,,,,,,,,,,,,,,,,,,,,,,,,,,,,,,,,,,,,,,,,,,,,,7.525,,,,,,,,,,,50.2903848,26.861808,
12:04:27.609,9.350000000000136,,9.25,,,,,,,,,,3.743,,,,,,,,,,,,,,,,,,,,,,,,,,,,,,,,,,,,,,,,,,,,,,,,,,,7.495,,,,,,,,,,,50.2903848,26.861808,
12:04:27.669,,9.600000000000136,,,,,,,,,,,,,,,,,,,,,,,,,,,,,,,,,,,,,,,,,,,,,,,,,,,,,,,,,,,,,,,,,,,,,,,,,50.2903848,26.861808,
12:04:27.910,,,,,,,,,,,,,,,,,,,,,,,,,,,,,,,,,,11.88,77.00000114738941,,,,1499,1.5,,-0.1715310030298378,0.26202681441666664,3.185359,125.541042,8735.916586999998,40,-0.32,,,,,13.684769703773943,,,,21,68,,5,,,,,101,31.2010250173695,,,,,,,10.48527018,,50.2903677,26.861784,
12:04:28.054,,,,,,,,,,,,,,,,,,,,54.509803921568626,9.019607843137255,100,,,,,,,,,,7.450980392156863,,,,,,,,,0,,,,,,,,,,,,,15.52148172,,,,,,,,,,,,31.2514817773695,,25.4901960784314,100,,,,,,50.2903677,26.861784,
12:04:28.129,,,,,,,,,,,,,,,,,,,,,,,1.691329127501379,29.100019999999997,665.26635318,9836.068512130001,0.017803464500014517,0.306316,8.623407000000002,121.20117000000002,3.8500000573694706,,9.019607843137255,,,3.8500000573694706,11.078054331742536,38.17666625738625,,,,,,,,,,,6.7945200721724675,9.616372911185207,6.868994284753509,1.3873892772781353,,,37,,,,22020,,22000,0,0,,101,31.2514817773695,22020,25.4901960784314,,,,,,0,50.2903677,26.861784,
12:04:28.254,,,,,,,,,,,,,,,22,,,,,,,,,,,,,,,,,,,,,,,,,,,,,,,,,,,,,,,,,,,,,,,,,,,,,,,,,51,,,50.2903677,26.861784,
12:04:28.281,,,,,,,,,,,,,,,,,,-0.03125,,,,,,,,,,,,,,,,,,,,,,,,,,,,,,,,,,,,,,,,,,,,,,,,,,,,,,,,,50.2903677,26.861784,
12:04:28.321,,,,,,,,,,,,,,,,0,0,,,,,,,,,,,,,,,,,,,,,,,,,,,,,,,,,,,,,,,,,,,,,,,,,,,,,,,,,,50.2903677,26.861784,
12:04:28.459,,,,,,,,,357.42,57.5,,3.74,,,,,,,,,,,,,,,,,,,,,,,,,,,,,,,,,,,,,,,,,,,,,,,,,,,,7.483,,,,,,,,,,,50.2903677,26.861784,
12:04:28.522,8.950000000000045,,7.650000000000091,,,,,,,,,,3.74,,,,,,,,,,,,,,,,,,,,,,,,,,,,,,,,,,,,,,,,,,,,,,,,,,,7.48,,,,,,,,,,,50.2903677,26.861784,
12:04:28.585,,7.4500000000000455,,,,,,,,,,,,,,,,,,,,,,,,,,,,,,,,,,,,,,,,,,,,,,,,,,,,,,,,,,,,,,,,,,,,,,,,,50.2903677,26.861784,
12:04:28.706,,,,,,,,,,,,,,,,,,,,,,,,,,,,,,,,,,11.84,,,,,1501,1.5,,-0.18960131935550345,0.26202681441666664,3.185359,125.541042,8735.916586999998,40,-0.32,,,,,13.53588164406576,,,,20,68,,0,,,,,100,31.2114817773695,,,,,,,10.44996624,,50.2903677,26.861784,
12:04:28.810,,,,,,,,,,,,,,,,,,,,54.11764705882353,9.019607843137255,100,,,,,,,,,,7.450980392156863,,,,,,,,,0,,,,,,,,,,,,,15.53085864,,,,,,,,,,,,31.2208586973695,,25.4901960784314,100,,,,,,50.2903635,26.8617795,
12:04:28.906,,,,,,,,,,,,,,,,,,,,,,,1.7702642472262151,29.178965,665.34529818,9836.14745713,0.018634360497118054,0.307147,8.624238000000002,121.20200100000002,3.8500000573694706,,9.019607843137255,,,3.8500000573694706,11.078054331742536,38.125797947916055,,,,,,,,,,,7.111623494947464,9.642461022446764,6.86965621967675,1.3873987897315994,,,37,,,,21970,,22000,0,0,,100,31.2208586973695,21970,25.4901960784314,,,,,,0,50.2903635,26.8617795,
12:04:29.053,,,,,,,,,,,,,,,22,,,,,,,,,,,,,,,,,,,,,,,,,,,,,,,,,,,,,,,,,,,,,,,,,,,,,,,,,51,,,50.2903635,26.8617795,
12:04:29.090,,,,,,,,,,,,,,,,,,0,,,,,,,,,,,,,,,,,,,,,,,,,,,,,,,,,,,,,,,,,,,,,,,,,,,,,,,,,50.2903635,26.8617795,
12:04:29.142,,,,,,,,,,,,,,,,32,0,,,,,,,,,,,,,,,,,,,,,,,,,,,,,,,,,,,,,,,,,,,,,,,,,,,,,,,,,,50.2903635,26.8617795,
12:04:29.261,,,,,,,,,357.25,57.5,,3.747,,,,,,,,,,,,,,,,,,,,,,,,,,,,,,,,,,,,,,,,,,,,,,,,,,,,7.487,,,,,,,,,,,50.2903635,26.8617795,
12:04:29.321,9.650000000000091,,8.350000000000136,,,,,,,,,,3.736,,,,,,,,,,,,,,,,,,,,,,,,,,,,,,,,,,,,,,,,,,,,,,,,,,,7.483,,,,,,,,,,,50.2903635,26.8617795,
12:04:29.357,,7.25,,,,,,,,,,,,,,,,,,,,,,,,,,,,,,,,,,,,,,,,,,,,,,,,,,,,,,,,,,,,,,,,,,,,,,,,,50.2903635,26.8617795,
12:04:29.514,,,,,,,,,,,,,,,,,,,,,,,,,,,,,,,,,,6.47,,,,,1494,1.5,,-0.16978264277450583,0.26202681441666664,3.185359,125.541042,8735.916586999998,23.137254901960784,-0.58,,,,,13.376788053138014,,,,20,42,,0,,,,,100,25.8508586973695,,,,,,,5.710412294999999,,50.2903635,26.8617795,
12:04:29.618,,,,,,,,,,,,,,,,,,,,30.980392156862745,5.098039215686274,100,,,,,,,,,,3.5294117647058822,,,,,,,,,0,,,,,,,,,,,,,15.606767040000001,,,,,,,,,,,,25.9267670973695,,21.5686274509804,100,,,,,,50.2903635,26.8617795,
12:04:29.785,,,,,,,,,,,,,,,,,,,,,,,1.8594341595132837,29.26817,665.4345031800001,9836.23666213,0.019572991152771408,0.308086,8.625177,121.20294000000003,3.8500000573694706,,5.098039215686274,,,3.8500000573694706,11.078054331742536,38.30443287806024,,,,,,,,,,,7.4698428083955815,9.671939646363251,6.870404182243446,1.3874095384606042,,,37,,,,34660,,35000,0,0,,100,25.9267670973695,34660,13.7254901960784,,,,,,0,50.2903622,26.8617784,
12:04:30.042,,,,,,,,,,,,,,,22,,,,,,,,,,,,,,,,,,,,,,,,,,,,,,,,,,,,,,,,,,,,,,,,,,,,,,,,,51,,,50.2903622,26.8617784,
12:04:30.101,,,,,,,,,,,,,,,,,,0,,,,,,,,,,,,,,,,,,,,,,,,,,,,,,,,,,,,,,,,,,,,,,,,,,,,,,,,,50.2903622,26.8617784,
12:04:30.161,,,,,,,,,,,,,,,,32,0,,,,,,,,,,,,,,,,,,,,,,,,,,,,,,,,,,,,,,,,,,,,,,,,,,,,,,,,,,50.2903622,26.8617784,
12:04:30.353,,,,,,,,,359.83,57.5,,3.736,,,,,,,,,,,,,,,,,,,,,,,,,,,,,,,,,,,,,,,,,,,,,,,,,,,,7.472,,,,,,,,,,,50.2903622,26.8617784,
12:04:30.402,8.900000000000091,,5.550000000000182,,,,,,,,,,3.728,,,,,,,,,,,,,,,,,,,,,,,,,,,,,,,,,,,,,,,,,,,,,,,,,,,7.464,,,,,,,,,,,50.2903622,26.8617784,
12:04:30.462,,9.150000000000091,,,,,,,,,,,,,,,,,,,,,,,,,,,,,,,,,,,,,,,,,,,,,,,,,,,,,,,,,,,,,,,,,,,,,,,,,50.2903622,26.8617784,
12:04:30.641,,,,,,,,,,,,,,,,,,,,,,,,,,,,,,,,,,6.29,,,,,1499,1.5,,-0.10798676388624177,0.26202681441666664,3.185359,125.541042,8735.916586999998,22.352941176470587,-0.58,,,,,13.168649750039457,,,,20,42,,0,,,,,100,25.7467670973695,,,,,,,5.5515445649999995,,50.2903622,26.8617784,
12:04:30.733,,,,,,,,,,,,,,,,,,,,30.58823529411765,5.098039215686274,100,,,,,,,,,,3.5294117647058822,,,,,,,,,0,,,,,,,,,,,,,15.61525092,,,,,,,,,,,,25.7552509773695,,13.7254901960784,100,,,,,,50.2903623,26.8617785,
12:04:30.813,,,,,,,,,,,,,,,,,,,,,,,1.9151087980581782,29.32384,665.49017318,9836.29233213,0.02015903997955977,0.308672,8.625763000000001,121.20352600000002,2.0500000305473804,,5.098039215686274,,,2.0500000305473804,5.898704254564208,20.327835279906967,,,,,,,,,,,7.693502676219813,9.690336316879824,6.870870961864408,1.3874162464001105,,,37,,,,34960,,35000,0,0,,100,23.9552509505474,34960,13.7254901960784,,,,,,0,50.2903623,26.8617785,
12:04:30.970,,,,,,,,,,,,,,,22,,,,,,,,,,,,,,,,,,,,,,,,,,,,,,,,,,,,,,,,,,,,,,,,,,,,,,,,,51,,,50.2903623,26.8617785,
12:04:31.005,,,,,,,,,,,,,,,,,,0,,,,,,,,,,,,,,,,,,,,,,,,,,,,,,,,,,,,,,,,,,,,,,,,,,,,,,,,,50.2903623,26.8617785,
12:04:31.041,,,,,,,,,,,,,,,,0,0,,,,,,,,,,,,,,,,,,,,,,,,,,,,,,,,,,,,,,,,,,,,,,,,,,,,,,,,,,50.2903623,26.8617785,
12:04:31.173,,,,,,,,,358.06,57.5,,3.734,,,,,,,,,,,,,,,,,,,,,,,,,,,,,,,,,,,,,,,,,,,,,,,,,,,,7.462,,,,,,,,,,,50.2903623,26.8617785,
12:04:31.250,8.700000000000045,,8.600000000000136,,,,,,,,,,3.726,,,,,,,,,,,,,,,,,,,,,,,,,,,,,,,,,,,,,,,,,,,,,,,,,,,7.46,,,,,,,,,,,50.2903623,26.8617785,
12:04:31.290,,8.300000000000182,,,,,,,,,,,,,,,,,,,,,,,,,,,,,,,,,,,,,,,,,,,,,,,,,,,,,,,,,,,,,,,,,,,,,,,,,50.2903623,26.8617785,
12:04:31.398,,,,,,,,,,,,,,,,,,,,,,,,,,,,,,,,,,,,,,,,,,,,,,,,,,,,,,,,45,,,,,,,,,102,,,,,,,,,,50.2903623,26.8617785,
12:04:31.494,,,,,,,,,,,,,,,,,,,,,,,,,,,,,,,,,,6.2700000000000005,,,,,1500,1.5,,-0.03951736588039916,0.26202681441666664,3.185359,125.541042,8735.916586999998,22.352941176470587,-0.58,,,,,13.015477740717188,,,,20,42,,0,,,,,102,23.9352509505474,,,,,,,5.533892595,,50.2903623,26.8617785,
12:04:31.598,,,,,,,,,,,,,,,,,,,,30.19607843137255,5.098039215686274,100,,,,,,,,,,3.5294117647058822,,,,,,,,,0,,,,,,,,,,,,,15.622395240000001,,,,,,,,,,,,23.9423952705474,,13.7254901960784,100,,,,,,50.2903623,26.8617785,
12:04:31.674,,,,,,,,,,,,,,,,,,,,,,,1.9617058197941948,29.37039,665.5367231800001,9836.338882130001,0.02064953494520205,0.309162,8.626253000000002,121.20401600000002,2.0500000305473804,,5.098039215686274,,,2.0500000305473804,5.898704254564208,20.314283389720366,,,,,,,,,,,7.880695336915336,9.705719198369792,6.871261272468968,1.3874218554280258,,,37,,,,35000,,35000,0,0,,102,23.9423952705474,35000,13.7254901960784,,,,,,0,50.2903623,26.8617785,
12:04:31.749,,,,,,,,,,,,,,,,,,,30,,,,,,,,,,,,,,,,,,,,,,,,,,,,,,,,,,,,,,,,,,,,,,,,,,,,,52,,,50.2903624,26.8617785,
12:04:31.862,,,,,,,,,,,,,,,22,,,,,,,,,,,,,,,,,,,,,,,,,,,,,,,,,,,,,,,,,,,,,,,,,,,,,,,,,52,,,50.2903624,26.8617785,
12:04:31.921,,,,,,,,,,,,,,,,,,0,,,,,,,,,,,,,,,,,,,,,,,,,,,,,,,,,,,,,,,,,,,,,,,,,,,,,,,,,50.2903624,26.8617785,
12:04:31.944,,,,,,,,,,,,,,,,0,0,,,,,,,,,,,,,,,,,,,,,,,,,,,,,,,,,,,,,,,,,,,,,,,,,,,,,,,,,,50.2903624,26.8617785,
12:04:32.065,,,,,,,,,357.09000000000003,58,,3.739,,,,,,,,,,,,,,,,,,,,,,,,,,,,,,,,,,,,,,,,,,,,,,,,,,,,7.465,,,,,,,,,,,50.2903624,26.8617785,
12:04:32.125,8.800000000000182,,6.600000000000136,,,,,,,,,,3.731,,,,,,,,,,,,,,,,,,,,,,,,,,,,,,,,,,,,,,,,,,,,,,,,,,,7.47,,,,,,,,,,,50.2903624,26.8617785,
12:04:32.186,,8.5,,,,,,,,,,,,,,,,,,,,,,,,,,,,,,,,,,,,,,,,,,,,,,,,,,,,,,,,,,,,,,,,,,,,,,,,,50.2903624,26.8617785,
12:04:32.306,,,,,,,,,,,,,,,,,,,,,,,,,,,,,,,,,,6.28,,,,,1499,1.5,,0,0.26202681441666664,3.185359,125.541042,8735.916586999998,22.352941176470587,-0.59,,,,,12.869331255150845,,,,20,41,,0,,,,,102,23.9523952705474,,,,,,,5.54271858,,50.2903624,26.8617785,
12:04:32.394,,,,,,,,,,,,,,,,,,,,30.19607843137255,5.098039215686274,100,,,,,,,,,,3.5294117647058822,,,,,,,,,0,,,,,,,,,,,,,15.62730696,,,,,,,,,,,,23.9573069905474,,13.7254901960784,100,,,,,,50.2903624,26.8617785,
12:04:32.470,,,,,,,,,,,,,,,,,,,,,,,2.004802015478045,29.413520000000002,665.57985318,9836.382012130001,0.021103179110295207,0.309616,8.626707000000001,121.20447000000003,2.0500000305473804,,5.098039215686274,,,2.0500000305473804,5.898704254564208,20.327835279906967,,,,,,,,,,,8.053824245917674,9.719971908974781,6.871622907192375,1.3874270523640941,,,37,,,,35020,,35000,0,0,,102,23.9573069905474,35020,13.7254901960784,,,,,,0,50.2903624,26.8617785,
12:04:32.606,,,,,,,,,,,,,,,22,,,,,,,,,,,,,,,,,,,,,,,,,,,,,,,,,,,,,,,,,,,,,,,,,,,,,,,,,52,,,50.2903624,26.8617785,
12:04:32.641,,,,,,,,,,,,,,,,,,0,,,,,,,,,,,,,,,,,,,,,,,,,,,,,,,,,,,,,,,,,,,,,,,,,,,,,,,,,50.2903624,26.8617785,
12:04:32.677,,,,,,,,,,,,,,,,0,0,,,,,,,,,,,,,,,,,,,,,,,,,,,,,,,,,,,,,,,,,,,,,,,,,,,,,,,,,,50.2903624,26.8617785,
12:04:32.775,,,,-100,,,,,,,,,,,,,,,,,,,,,,,,,,,,,,,,,,,,,,,,,,,,,,,,,,,,,,,,,,,,,,,,,,,-38,,,,50.2903624,26.8617785,
12:04:32.906,,,,,,,,,357.58,58,,3.737,,,,,,,,,,,,,,,,,,,,,,,,,,,,,,,,,,,,,,,,,,,,,,,,,,,,7.468,,,,,,,,,,,50.2903624,26.8617785,
12:04:32.958,6.2000000000000455,,8.100000000000136,,,,,,,,,,3.728,,,,,,,,,,,,,,,,,,,,,,,,,,,,,,,,,,,,,,,,,,,,,,,,,,,7.465,,,,,,,,,,,50.2903624,26.8617785,
12:04:32.993,,7.4500000000000455,,,,,,,,,,,,,,,,,,,,,,,,,,,,,,,,,,,,,,,,,,,,,,,,,,,,,,,,,,,,,,,,,,,,,,,,,50.2903624,26.8617785,
12:04:33.126,,,,,,,,,,,,,,,,,,,,,,,,,,,,,,,,,,6.24,,,,,1499,1.5,,0,0.26202681441666664,3.185359,125.541042,8735.916586999998,22.352941176470587,-0.59,,,,,12.729054419802223,,,,20,41,,0,,,,,102,23.9173069905474,,,,,,,5.5074146399999995,,50.2903624,26.8617785,
12:04:33.202,,,,,,,,,,,,,,,,,,,,30.19607843137255,5.098039215686274,100,,,,,,,,,,3.5294117647058822,,,,,,,,,0,,,,,,,,,,,,,15.617037,,,,,,,,,,,,23.9070370305474,,13.7254901960784,100,,,,,,50.2903624,26.8617785,
12:04:33.291,,,,,,,,,,,,,,,,,,,,,,,2.049139856034563,29.457885,665.6242181800001,9836.426377130001,0.021569893221416454,0.310083,8.627174000000002,121.20493700000003,2.0500000305473804,,5.098039215686274,,,2.0500000305473804,5.898704254564208,20.327835279906967,,,,,,,,,,,8.231941173439106,9.73463273684379,6.871994897095089,1.3874323981111067,,,37,,,,34980,,35000,0,0,,102,23.9070370305474,34980,13.7254901960784,,,,,,0,50.2903624,26.8617785,
12:04:33.558,,,,,,,,,,,,,,,22,,,,,,,,,,,,,,,,,,,,,,,,,,,,,,,,,,,,,,,,,,,,,,,,,,,,,,,,,52,,,50.2903624,26.8617785,
12:04:33.593,,,,,,,,,,,,,,,,,,105.515625,,,,,,,,,,,,,,,,,,,,,,,,,,,,,,,,,,,,,,,,,,,,,,,,,,,,,,,,,50.2903624,26.8617785,
12:04:33.641,,,,,,,,,,,,,,,,6624,0.390625,,,,,,,,,,,,,,,,,,,,,,,,,,,,,,,,,,,,,,,,,,,,,,,,,,,,,,,,,,50.2903624,26.8617785,
12:04:33.750,,,,,,,,,355.16,58,,3.719,,,,,,,,,,,,,,,,,,,,,,,,,,,,,,,,,,,,,,,,,,,,,,,,,,,,7.447,,,,,,,,,,,50.2903613,26.8617778,
12:04:33.797,-4.2999999999999545,,-1.6499999999998636,,,,,,,,,,3.713,,,,,,,,,,,,,,,,,,,,,,,,,,,,,,,,,,,,,,,,,,,,,,,,,,,7.432,,,,,,,,,,,50.2903613,26.8617778,
12:04:33.834,,-5.349999999999909,,,,,,,,,,,,,,,,,,,,,,,,,,,,,,,,,,,,,,,,,,,,,,,,,,,,,,,,,,,,,,,,,,,,,,,,,50.2903613,26.8617778,
12:04:33.978,,,,,,,,,,,,,,,,,,,,,,,,,,,,,,,,,,6.34,,,,,1500,1.5,,0,0.26202681441666664,3.185359,125.541042,8735.916586999998,22.352941176470587,-0.58,,,,,12.58224844032333,,,,20,42,,0,,,,,102,24.0070370305474,,,,,,,5.5956744899999995,,50.2903613,26.8617778,
12:04:34.066,,,,,,,,,,,,,,,,,,,,30.19607843137255,5.098039215686274,100,,,,,,,,,,3.5294117647058822,,,,,,,,,10.588235294117647,,,,,,,,,,,,,15.60006924,,,,,,,,,,,,23.9900692705474,,13.7254901960784,100,,,,,,50.2903613,26.8617778,
12:04:34.138,,,,,,,,,,,,,,,,,,,,,,,2.094984877682985,29.50377,665.6701031800001,9836.47226213,0.022052472396663,0.310566,8.627657000000001,121.20542000000002,2.0500000305473804,,5.098039215686274,,,2.0500000305473804,5.898704254564208,20.314283389720366,,,,,,,,,,,8.416112849273459,9.7497958628839,6.8723796318338675,1.3874379270100514,,,37,,,,35000,,35000,0,0,,102,23.9900692705474,35000,13.7254901960784,,,,,,0,50.2903613,26.8617778,
12:04:34.286,,,,,,,,,,,,,,,22,,,,,,,,,,,,,,,,,,,,,,,,,,,,,,,,,,,,,,,,,,,,,,,,,,,,,,,,,52,,,50.2903613,26.8617778,
12:04:34.334,,,,,,,,,,,,,,,,,,130.859375,,,,,,,,,,,,,,,,,,,,,,,,,,,,,,,,,,,,,,,,,,,,,,,,,,,,,,,,,50.2903613,26.8617778,
12:04:34.377,,,,,,,,,,,,,,,,8352,0.5,,,,,,,,,,,,,,,,,,,,,,,,,,,,,,,,,,,,,,,,,,,,,,,,,,,,,,,,,,50.2903613,26.8617778,
12:04:34.510,,,,,,16,15,15,,,,,,,,,,,,,,,,,,,,,,,,,,,,,,,,,,,,,,,,,,,,,,,,,,,,,,,,,,,,,,,-38,,,,50.2903613,26.8617778,
12:04:34.570,,,,,16,,,,,,61.25,,,63.75,,,,,,,,,,,,,,,,,,,,,,,,,,,,,,,,,,,,,,,,,,,,,,,,,,,,,,,,124.25,-38,,,,50.2903613,26.8617778,
12:04:34.643,,,,,,,,,354.36,58,,3.701,,,,,,,,,,,,,,,,,,,,,,,,,,,,,,,,,,,,,,,,,,,,,,,,,,,,7.414,,,,,,,,,,,50.2903613,26.8617778,
12:04:34.693,-12.149999999999864,,-15.399999999999864,,,,,,,,,,3.686,,,,,,,,,,,,,,,,,,,,,,,,,,,,,,,,,,,,,,,,,,,,,,,,,,,7.387,,,,,,,,,,,50.2903613,26.8617778,
12:04:34.755,,-14.149999999999864,,,,,,,,,,,,,,,,,,,,,,,,,,,,,,,,,,,,,,,,,,,,,,,,,,,,,,,,,,,,,,,,,,,,,,,,,50.2903534,26.8617676,
12:04:34.898,,,,,,,,,,,,,,,,,,,,,,,,,,,,,,,,,,6.3500000000000005,41.00000061094761,,,,1500,1.5,,0.04159656604256021,0.26331597149999997,3.186648,125.542331,8735.917876,22.745098039215687,-0.59,,,,,12.48952223895255,,,,20,41,,5,,,,,102,24.0000692705474,,,,,,,5.604500475,,50.2903534,26.8617676,
12:04:35.010,,,,,,,,,,,,,,,,,,,,30.58823529411765,5.098039215686274,100,,,,,,,,,,3.5294117647058822,,,,,,,,,12.941176470588236,,,,,,,,,,,,,15.592031880000002,,,,,,,,,,,,23.9920319105474,,13.7254901960784,100,,,,,,50.2903534,26.8617676,
12:04:35.106,,,,,,,,,,,,,,,,,,,,,,,2.147339894233969,29.556115,665.72244818,9836.52460713,0.02260357783404178,0.311117,8.628208,121.20597100000002,2.0500000305473804,,5.098039215686274,,,2.0500000305473804,5.898704254564208,20.314283389720366,,,,,,,,,,,8.584203117372159,9.763142964017362,6.8727479657837485,1.3874440295848773,,,37,,,,35020,,35000,0,0,,102,23.9920319105474,35020,13.7254901960784,,,,,,0,50.2903534,26.8617676,
12:04:35.378,,,,,,,,,,,,,,,22,,,,,,,,,,,,,,,,,,,,,,,,,,,,,,,,,,,,,,,,,,,,,,,,,,,,,,,,,52,,,50.2903534,26.8617676,
12:04:35.413,,,,,,,,,,,,,,,,,,103.359375,,,,,,,,,,,,,,,,,,,,,,,,,,,,,,,,,,,,,,,,,,,,,,,,,,,,,,,,,50.2903534,26.8617676,
12:04:35.449,,,,,,,,,,,,,,,,6848,0.40625,,,,,,,,,,,,,,,,,,,,,,,,,,,,,,,,,,,,,,,,,,,,,,,,,,,,,,,,,,50.2903534,26.8617676,
12:04:35.593,,,,,,,,,353.07,57.5,,3.692,,,,,,,,,,,,,,,,,,,,,,,,,,,,,,,,,,,,,,,,,,,,,,,,,,,,7.378,,,,,,,,,,,50.2903534,26.8617676,
12:04:35.666,-7.649999999999864,,-4.149999999999864,,,,,,,,,,3.685,,,,,,,,,,,,,,,,,,,,,,,,,,,,,,,,,,,,,,,,,,,,,,,,,,,7.377,,,,,,,,,,,50.2903534,26.8617676,
12:04:35.742,,-1.949999999999818,,,,,,,,,,,,,,,,,,,,,,,,,,,,,,,,,,,,,,,,,,,,,,,,,,,,,,,,,,,,,,,,,,,,,,,,,50.2903389,26.861747,
12:04:35.898,,,,,,,,,,,,,,,,,,,,,,,,,,,,,,,,,,,,,,,,,,,,,,,,,,,,,,,,47,,,,,,,,,104,,,,,,,,,,50.2903389,26.861747,
12:04:35.969,,,,,,,,,,,,,,,,,,,,,,,,,,,,,,,,,,6.33,22.777778117193115,,,,1499,1.5,,0.06959746814333044,0.2660156775,3.189348,125.545031,8735.920575999999,22.352941176470587,-0.59,,,,,12.440569952894121,,,,20,41,,9,,,,,104,23.9720319105474,,,,,,,5.586848505,,50.2903389,26.861747,
12:04:36.142,,,,,,,,,,,,,,,,,,,,30.19607843137255,5.098039215686274,100,,,,,,,,,,3.5294117647058822,,,,,,,,,1.9607843137254901,,,,,,,,,,,,,15.56881284,,,,,,,,,,,,23.9488128705474,,13.7254901960784,100,,,,,,50.2903389,26.861747,
12:04:36.265,,,,,,,,,,,,,,,,,,,,,,,2.2100525598559604,29.618815,665.7851481800001,9836.587307130001,0.02326371115637853,0.311777,8.628868,121.20663100000003,2.0500000305473804,,5.098039215686274,,,2.0500000305473804,5.898704254564208,20.327835279906967,,,,,,,,,,,8.745240647096272,9.775571684243928,6.873125866686035,1.387451155783036,,,37,,,,35000,,35000,0,0,,104,23.9488128705474,35000,13.7254901960784,,,,,,0,50.2903389,26.861747,
12:04:36.462,,,,,,,,,,,,,,,22,,,,,,,,,,,,,,,,,,,,,,,,,,,,,,,,,,,,,,,,,,,,,,,,,,,,,,,,,52,,,50.2903389,26.861747,
12:04:36.499,,,,,,,,,,,,,,,,,,4.703125,,,,,,,,,,,,,,,,,,,,,,,,,,,,,,,,,,,,,,,,,,,,,,,,,,,,,,,,,50.2903389,26.861747,
12:04:36.546,,,,,,,,,,,,,,,,256,0.015625,,,,,,,,,,,,,,,,,,,,,,,,,,,,,,,,,,,,,,,,,,,,,,,,,,,,,,,,,,50.2903389,26.861747,
12:04:36.655,,,,,,,,,356.45,57.5,,3.725,,,,,,,,,,,,,,,,,,,,,,,,,,,,,,,,,,,,,,,,,,,,,,,,,,,,7.41,,,,,,,,,,,50.2903389,26.861747,
12:04:36.706,5.4500000000000455,,5.850000000000136,,,,,,,,,,3.713,,,,,,,,,,,,,,,,,,,,,,,,,,,,,,,,,,,,,,,,,,,,,,,,,,,7.438,,,,,,,,,,,50.2903389,26.861747,
12:04:36.761,,8.950000000000045,,,,,,,,,,,,,,,,,,,,,,,,,,,,,,,,,,,,,,,,,,,,,,,,,,,,,,,,,,,,,,,,,,,,,,,,,50.2903223,26.8617206,
12:04:36.882,,,,,,,,,,,,,,,,,,,,,,,,,,,,,,,,,,6.28,22.777778117193115,,,,1498,1.5,,0.06788267271221778,0.2682794995,3.191612,125.547295,8735.92284,22.352941176470587,-0.58,,,,,12.400567719461176,,,,20,42,,9,,,,,104,23.8988128705474,,,,,,,5.54271858,,50.2903223,26.8617206,
12:04:37.038,,,,,,,,,,,,,,,,,,,,30.19607843137255,5.098039215686274,100,,,,,,,,,,3.5294117647058822,,,,,,,,,0,,,,,,,,,,,,,15.55720332,,,,,,,,,,,,23.8872033505474,,13.7254901960784,100,,,,,,50.2903223,26.8617206,
12:04:37.125,,,,,,,,,,,,,,,,,,,,,,,2.2565754034797605,29.665365,665.83169818,9836.633857130002,0.02375342529978695,0.312267,8.629358000000002,121.20712100000003,2.0500000305473804,,5.098039215686274,,,2.0500000305473804,5.898704254564208,20.341405263404905,,,,,,,,,,,8.853984499023172,9.783990033876298,6.873392214463881,1.3874564052353744,,,37,,,,35000,,35000,0,0,,104,23.8872033505474,35000,13.7254901960784,,,,,,0,50.2903223,26.8617206,
12:04:37.310,,,,,,,,,,,,,,,23,,,,,,,,,,,,,,,,,,,,,,,,,,,,,,,,,,,,,,,,,,,,,,,,,,,,,,,,,53,,,50.2903223,26.8617206,
12:04:37.345,,,,,,,,,,,,,,,,,,-1.09375,,,,,,,,,,,,,,,,,,,,,,,,,,,,,,,,,,,,,,,,,,,,,,,,,,,,,,,,,50.2903223,26.8617206,
12:04:37.386,,,,,,,,,,,,,,,,0,0,,,,,,,,,,,,,,,,,,,,,,,,,,,,,,,,,,,,,,,,,,,,,,,,,,,,,,,,,,50.2903223,26.8617206,
12:04:37.517,,,,,,,,,356.45,57.5,,3.723,,,,,,,,,,,,,,,,,,,,,,,,,,,,,,,,,,,,,,,,,,,,,,,,,,,,7.436,,,,,,,,,,,50.2903223,26.8617206,
12:04:37.586,5.850000000000136,,5.800000000000182,,,,,,,,,,3.715,,,,,,,,,,,,,,,,,,,,,,,,,,,,,,,,,,,,,,,,,,,,,,,,,,,7.438,,,,,,,,,,,50.2903223,26.8617206,
12:04:37.626,,5.9500000000000455,,,,,,,,,,,,,,,,,,,,,,,,,,,,,,,,,,,,,,,,,,,,,,,,,,,,,,,,,,,,,,,,,,,,,,,,,50.2903223,26.8617206,
12:04:37.754,,,,,,,,,,,,,,,,,,,,,,,,,,,,,,,,,,6.3,22.777778117193115,,,,1500,1.5,,0.06751480203758699,0.27042756625000003,3.19376,125.549443,8735.924987999999,22.352941176470587,-0.59,,,,,12.363461576376874,,,,20,41,,9,,,,,104,23.9072033505474,,,,,,,5.560370549999999,,50.2903091,26.8616912,
12:04:37.862,,,,,,,,,,,,,,,,,,,,30.19607843137255,5.098039215686274,100,,,,,,,,,,3.5294117647058822,,,,,,,,,0,,,,,,,,,,,,,15.538002960000002,,,,,,,,,,,,23.8880029905474,,13.7254901960784,100,,,,,,50.2903091,26.8616912,
12:04:37.937,,,,,,,,,,,,,,,,,,,,,,,2.3004981344050934,29.709255,665.87558818,9836.677747130001,0.024215769835843087,0.312729,8.62982,121.20758300000003,2.0500000305473804,,5.098039215686274,,,2.0500000305473804,5.898704254564208,20.314283389720366,,,,,,,,,,,8.954623292159694,9.791875407043733,6.873642601504812,1.3874613525928325,,,37,,,,35010,,35000,0,0,,104,23.8880029905474,35010,13.7254901960784,,,,,,0,50.2903091,26.8616912,
12:04:38.069,,,,,,,,,,,,,,,23,,,,,,,,,,,,,,,,,,,,,,,,,,,,,,,,,,,,,,,,,,,,,,,,,,,,,,,,,53,,,50.2903091,26.8616912,
12:04:38.108,,,,,,,,,,,,,,,,,,2.53125,,,,,,,,,,,,,,,,,,,,,,,,,,,,,,,,,,,,,,,,,,,,,,,,,,,,,,,,,50.2903091,26.8616912,
12:04:38.145,,,,,,,,,,,,,,,,64,0,,,,,,,,,,,,,,,,,,,,,,,,,,,,,,,,,,,,,,,,,,,,,,,,,,,,,,,,,,50.2903091,26.8616912,
12:04:38.278,,,,,,,,,355.32,58,,3.726,,,,,,,,,,,,,,,,,,,,,,,,,,,,,,,,,,,,,,,,,,,,,,,,,,,,7.441,,,,,,,,,,,50.2903091,26.8616912,
12:04:38.334,4.550000000000182,,6.7000000000000455,,,,,,,,,,3.714,,,,,,,,,,,,,,,,,,,,,,,,,,,,,,,,,,,,,,,,,,,,,,,,,,,7.44,,,,,,,,,,,50.2903091,26.8616912,
12:04:38.375,,5.9500000000000455,,,,,,,,,,,,,,,,,,,,,,,,,,,,,,,,,,,,,,,,,,,,,,,,,,,,,,,,,,,,,,,,,,,,,,,,,50.2903091,26.8616912,
12:04:38.521,,,,,,,,,,,,,,,,,,,,,,,,,,,,,,,,,,6.3,25.625000381842256,,,,1499,1.5,,0.023458950507134285,0.2721427920277778,3.195475,125.551158,8735.926703,22.352941176470587,-0.58,,,,,12.32110554068271,,,,20,42,,8,,,,,104,23.8880029905474,,,,,,,5.560370549999999,,50.2903091,26.8616912,
12:04:38.638,,,,,,,,,,,,,,,,,,,,30.19607843137255,5.098039215686274,100,,,,,,,,,,3.5294117647058822,,,,,,,,,0,,,,,,,,,,,,,15.527286480000003,,,,,,,,,,,,23.8772865105474,,13.7254901960784,100,,,,,,50.2903091,26.8616912,
12:04:38.717,,,,,,,,,,,,,,,,,,,,,,,2.3427329724649972,29.751530000000002,665.91786318,9836.72002213,0.024660347078578917,0.313174,8.630265000000001,121.20802800000003,2.0500000305473804,,5.098039215686274,,,2.0500000305473804,5.898704254564208,20.327835279906967,,,,,,,,,,,9.061547026408775,9.800546084697892,6.873903146317457,1.3874661741195249,,,37,,,,35000,,35000,0,0,,104,23.8772865105474,35000,13.7254901960784,,,,,,0,50.2903091,26.8616912,
12:04:38.822,,,,,,,,,,,,,,,,,,,31,,,,,,,,,,,,,,,,,,,,,,,,,,,,,,,,,,,,,,,,,,,,,,,,,,,,,54,,,50.2903018,26.86166,
12:04:39.053,,,,,,,,,,,,,,,23,,,,,,,,,,,,,,,,,,,,,,,,,,,,,,,,,,,,,,,,,,,,,,,,,,,,,,,,,54,,,50.2903018,26.86166,
12:04:39.093,,,,,,,,,,,,,,,,,,7.140625,,,,,,,,,,,,,,,,,,,,,,,,,,,,,,,,,,,,,,,,,,,,,,,,,,,,,,,,,50.2903018,26.86166,
12:04:39.145,,,,,,,,,,,,,,,,416,0.015625,,,,,,,,,,,,,,,,,,,,,,,,,,,,,,,,,,,,,,,,,,,,,,,,,,,,,,,,,,50.2903018,26.86166,
12:04:39.278,,,,,,,,,355.97,58,,3.727,,,,,,,,,,,,,,,,,,,,,,,,,,,,,,,,,,,,,,,,,,,,,,,,,,,,7.441,,,,,,,,,,,50.2903018,26.86166,
12:04:39.342,4.4500000000000455,,4.900000000000091,,,,,,,,,,3.718,,,,,,,,,,,,,,,,,,,,,,,,,,,,,,,,,,,,,,,,,,,,,,,,,,,7.445,,,,,,,,,,,50.2903018,26.86166,
12:04:39.381,,6.600000000000136,,,,,,,,,,,,,,,,,,,,,,,,,,,,,,,,,,,,,,,,,,,,,,,,,,,,,,,,,,,,,,,,,,,,,,,,,50.2903018,26.86166,
12:04:39.509,,,,,,,,,,,,,,,,,,,,,,,,,,,,,,,,,,6.36,29.285714722105435,,,,1499,1.5,,-0.01600382840546972,0.27406615791666666,3.197398,125.553081,8735.928625999999,22.352941176470587,-0.59,,,,,12.255724875617684,,,,20,41,,7,,,,,104,23.9372865105474,,,,,,,5.61332646,,50.2903018,26.86166,
12:04:39.607,,,,,,,,,,,,,,,,,,,,30.19607843137255,5.098039215686274,100,,,,,,,,,,3.5294117647058822,,,,,,,,,0,,,,,,,,,,,,,15.50362092,,,,,,,,,,,,23.9136209505474,,13.7254901960784,100,,,,,,50.2903018,26.86166,
12:04:39.682,,,,,,,,,,,,,,,,,,,,,,,2.394867872825201,29.803684999999998,665.97001818,9836.772177130002,0.02520913550342317,0.313723,8.630814,121.20857700000002,2.0500000305473804,,5.098039215686274,,,2.0500000305473804,5.898704254564208,20.327835279906967,,,,,,,,,,,9.198193492787361,9.81182198775379,6.874235129283685,1.3874721530949472,,,37,,,,35000,,35000,0,0,,104,23.9136209505474,35000,13.7254901960784,,,,,,0,50.2903018,26.86166,
12:04:39.873,,,,,,,,,,,,,,,23,,,,,,,,,,,,,,,,,,,,,,,,,,,,,,,,,,,,,,,,,,,,,,,,,,,,,,,,,54,,,50.2902988,26.8616325,
12:04:39.921,,,,,,,,,,,,,,,,,,13.796875,,,,,,,,,,,,,,,,,,,,,,,,,,,,,,,,,,,,,,,,,,,,,,,,,,,,,,,,,50.2902988,26.8616325,
12:04:39.969,,,,,,,,,,,,,,,,928,0.046875,,,,,,,,,,,,,,,,,,,,,,,,,,,,,,,,,,,,,,,,,,,,,,,,,,,,,,,,,,50.2902988,26.8616325,
12:04:40.077,,,,,,,,,355.64,58,,3.725,,,,,,,,,,,,,,,,,,,,,,,,,,,,,,,,,,,,,,,,,,,,,,,,,,,,7.443,,,,,,,,,,,50.2902988,26.8616325,
12:04:40.125,3.1000000000001364,,3.7000000000000455,,,,,,,,,,3.715,,,,,,,,,,,,,,,,,,,,,,,,,,,,,,,,,,,,,,,,,,,,,,,,,,,7.44,,,,,,,,,,,50.2902988,26.8616325,
12:04:40.164,,5.300000000000182,,,,,,,,,,,,,,,,,,,,,,,,,,,,,,,,,,,,,,,,,,,,,,,,,,,,,,,,,,,,,,,,,,,,,,,,,50.2902988,26.8616325,
12:04:40.273,,,,,,,,,,,,,,,,,,,,,,,,,,,,,,,,,,,,,,,,,,,,,,,,,,,,,,,,48,,,,,,,,,105,,,,,,,,,,50.2902988,26.8616325,
12:04:40.338,,,,,,,,,,,,,,,,,,,,,,,,,,,,,,,,,,6.36,34.16666717578968,,,,1500,1.5,,-0.02458643185630295,0.27542424525,3.198756,125.554439,8735.929983999999,22.352941176470587,-0.59,,,,,12.193039834760338,,,,20,41,,6,,,,,105,23.9136209505474,,,,,,,5.61332646,,50.2902988,26.8616325,
12:04:40.436,,,,,,,,,,,,,,,,,,,,30.19607843137255,5.098039215686274,100,,,,,,,,,,3.5294117647058822,,,,,,,,,0,,,,,,,,,,,,,15.492011399999999,,,,,,,,,,,,23.9020114305474,,13.7254901960784,100,,,,,,50.2902988,26.8616325,
12:04:40.533,,,,,,,,,,,,,,,,,,,,,,,2.4408763059552245,29.849665,666.01599818,9836.818157130001,0.02569343479952868,0.314207,8.631298000000001,121.20906100000002,2.0500000305473804,,5.098039215686274,,,2.0500000305473804,5.898704254564208,20.314283389720366,,,,,,,,,,,9.328675758449295,9.82278735858565,6.874546267535791,1.3874774777498955,,,37,,,,35040,,35000,0,0,,105,23.9020114305474,35040,13.7254901960784,,,,,,0,50.2902988,26.8616325,
12:04:40.678,,,,,,,,,,,,,,,23,,,,,,,,,,,,,,,,,,,,,,,,,,,,,,,,,,,,,,,,,,,,,,,,,,,,,,,,,54,,,50.2902988,26.8616325,
12:04:40.737,,,,,,,,,,,,,,,,,,16.234375,,,,,,,,,,,,,,,,,,,,,,,,,,,,,,,,,,,,,,,,,,,,,,,,,,,,,,,,,50.2903018,26.8616098,
12:04:40.786,,,,,,,,,,,,,,,,1152,0.0625,,,,,,,,,,,,,,,,,,,,,,,,,,,,,,,,,,,,,,,,,,,,,,,,,,,,,,,,,,50.2903018,26.8616098,
12:04:41.017,,,,,,,,,358.22,58,,3.725,,,,,,,,,,,,,,,,,,,,,,,,,,,,,,,,,,,,,,,,,,,,,,,,,,,,7.44,,,,,,,,,,,50.2903018,26.8616098,
12:04:41.074,6.400000000000091,,4.400000000000091,,,,,,,,,,3.714,,,,,,,,,,,,,,,,,,,,,,,,,,,,,,,,,,,,,,,,,,,,,,,,,,,7.439,,,,,,,,,,,50.2903018,26.8616098,
12:04:41.125,,7.900000000000091,,,,,,,,,,,,,,,,,,,,,,,,,,,,,,,,,,,,,,,,,,,,,,,,,,,,,,,,,,,,,,,,,,,,,,,,,50.2903018,26.8616098,
12:04:41.270,,,,,,,,,,,,,,,,,,,,,,,,,,,,,,,,,,9.370000000000001,68.33333435157935,,,,1521,1.5,,-0.04833747942468422,0.27621489741666666,3.199547,125.55523,8735.930774999999,31.764705882352942,-0.46,,,,,12.087017973936778,,,,20,54,,3,,,,,105,26.9120114305474,,,,,,,8.269947945,,50.2903018,26.8616098,
12:04:41.381,,,,,,,,,,,,,,,,,,,,46.27450980392157,7.8431372549019605,100,,,,,,,,,,6.2745098039215685,,,,,,,,,0,,,,,,,,,,,,,15.43485684,,,,,,,,,,,,26.8548568705474,,16.4705882352941,100,,,,,,50.2903018,26.8616098,
12:04:41.493,,,,,,,,,,,,,,,,,,,,,,,2.4928938748484026,29.901725,666.06805818,9836.870217130001,0.026240988156298974,0.314755,8.631846000000001,121.20960900000003,2.0500000305473804,,7.8431372549019605,,,2.0500000305473804,5.898704254564208,20.033810049033892,,,,,,,,,,,9.500207411591843,9.837486369164136,6.874939419090707,1.38748362506341,,,37,,,,34940,,35000,0,0,,105,26.8548568705474,34940,21.9607843137255,,,,,,0,50.2903018,26.8616098,
12:04:41.641,,,,,,,,,,,,,,,23,,,,,,,,,,,,,,,,,,,,,,,,,,,,,,,,,,,,,,,,,,,,,,,,,,,,,,,,,54,,,50.2903018,26.8616098,
12:04:41.678,,,,,,,,,,,,,,,,,,16.265625,,,,,,,,,,,,,,,,,,,,,,,,,,,,,,,,,,,,,,,,,,,,,,,,,,,,,,,,,50.2903018,26.8616098,
12:04:41.738,,,,,,,,,,,,,,,,1024,0.0625,,,,,,,,,,,,,,,,,,,,,,,,,,,,,,,,,,,,,,,,,,,,,,,,,,,,,,,,,,50.2903028,26.8615975,
12:04:41.822,,,,-100,,,,,,,,,,,,,,,,,,,,,,,,,,,,,,,,,,,,,,,,,,,,,,,,,,,,,,,,,,,,,,,,,,,-38,,,,50.2903028,26.8615975,
12:04:41.930,,,,,16,,,,,,61.75,,,63.75,,,,,,,,,,,,,,,,,,,,,,,,,,,,,,,,,,,,,,,,,,,,,,,,,,,,,,,,125,-38,,,,50.2903028,26.8615975,
12:04:41.994,,,,,,,,,361.76,58,,3.747,,,,,,,,,,,,,,,,,,,,,,,,,,,,,,,,,,,,,,,,,,,,,,,,,,,,7.461,,,,,,,,,,,50.2903028,26.8615975,
12:04:42.046,22.25,,18.300000000000182,,,,,,,,,,3.74,,,,,,,,,,,,,,,,,,,,,,,,,,,,,,,,,,,,,,,,,,,,,,,,,,,7.487,,,,,,,,,,,50.2903028,26.8615975,
12:04:42.089,,21.15000000000009,,,,,,,,,,,,,,,,,,,,,,,,,,,,,,,,,,,,,,,,,,,,,,,,,,,,,,,,,,,,,,,,,,,,,,,,,50.2903028,26.8615975,
12:04:42.242,,,,,,,,,,,,,,,,,,,,,,,,,,,,,,,,,,10.42,,,,,1499,1.5,,-0.06089768939242649,0.27621489741666666,3.199547,125.55523,8735.930774999999,35.294117647058826,-0.38,,,,,11.944381868843594,,,,20,62,,0,,,,,105,27.9048568705474,,,,,,,9.196676369999999,,50.2903028,26.8615975,
12:04:42.357,,,,,,,,,,,,,,,,,,,,47.84313725490196,7.8431372549019605,100,,,,,,,,,,6.2745098039215685,,,,,,,,,0,,,,,,,,,,,,,15.39913524,,,,,,,,,,,,27.8691352705474,,21.9607843137255,100,,,,,,50.2903028,26.8615975,
12:04:42.469,,,,,,,,,,,,,,,,,,,,,,,2.5637655073975276,29.972595,666.13892818,9836.94108713,0.026987005341026608,0.315501,8.632592,121.21035500000002,2.7500000409781933,,7.8431372549019605,,,2.7500000409781933,7.912895951244669,27.269047326704463,,,,,,,,,,,9.770293200484785,9.860802169807162,6.875533579923355,1.3874921645083667,,,37,,,,35000,,35000,0,0,,105,28.5691352809782,35000,21.9607843137255,,,,,,0,50.2903028,26.8615975,
12:04:42.605,,,,,,,,,,,,,,,23,,,,,,,,,,,,,,,,,,,,,,,,,,,,,,,,,,,,,,,,,,,,,,,,,,,,,,,,,54,,,50.2903028,26.8615975,
12:04:42.665,,,,,,,,,,,,,,,,,,1.6875,,,,,,,,,,,,,,,,,,,,,,,,,,,,,,,,,,,,,,,,,,,,,,,,,,,,,,,,,50.2903028,26.8615975,
12:04:42.702,,,,,,,,,,,,,,,,0,0,,,,,,,,,,,,,,,,,,,,,,,,,,,,,,,,,,,,,,,,,,,,,,,,,,,,,,,,,,50.2903028,26.8615975,
12:04:42.982,,,,,,,,,361.76,58,,3.753,,,,,,,,,,,,,,,,,,,,,,,,,,,,,,,,,,,,,,,,,,,,,,,,,,,,7.493,,,,,,,,,,,50.2903036,26.8615949,
12:04:43.058,22.850000000000136,,17.100000000000136,,,,,,,,,,3.745,,,,,,,,,,,,,,,,,,,,,,,,,,,,,,,,,,,,,,,,,,,,,,,,,,,7.498,,,,,,,,,,,50.2903036,26.8615949,
12:04:43.158,,21.15000000000009,,,,,,,,,,,,,,,,,,,,,,,,,,,,,,,,,,,,,,,,,,,,,,,,,,,,,,,,,,,,,,,,,,,,,,,,,50.2903036,26.8615949,
12:04:43.361,,,,,,,,,,,,,,,,,,,,,,,,,,,,,,,,,,10.120000000000001,,,,,1498,1.5,,-0.051464849586031154,0.27621489741666666,3.199547,125.55523,8735.930774999999,34.11764705882353,-0.39,,,,,11.785666266164236,,,,20,61,,0,,,,,105,28.2691352809782,,,,,,,8.93189682,,50.2903036,26.8615949,
12:04:43.486,,,,,,,,,,,,,,,,,,,,44.31372549019608,6.666666666666667,100,,,,,,,,,,5.098039215686274,,,,,,,,,0,,,,,,,,,,,,,15.362074080000001,,,,,,,,,,,,28.2320741209782,,20.7843137254902,100,,,,,,50.2903036,26.8615949,
12:04:43.594,,,,,,,,,,,,,,,,,,,,,,,2.6601174643888394,30.068925,666.2352581800001,9837.03741713,0.02800123646725094,0.316515,8.633606000000002,121.21136900000002,3.250000048428774,,6.666666666666667,,,3.250000048428774,9.351604306016428,32.24856932003217,,,,,,,,,,,10.137482347670565,9.892494156203988,6.876341192636899,1.3875037717432008,,,37,,,,35080,,35000,0,0,,105,28.7320741284288,35080,18.4313725490196,,,,,,0,50.2903036,26.8615949,
12:04:43.801,,,,,,,,,,,,,,,23,,,,,,,,,,,,,,,,,,,,,,,,,,,,,,,,,,,,,,,,,,,,,,,,,,,,,,,,,54,,,50.2903036,26.861595,
12:04:43.837,,,,,,,,,,,,,,,,,,0,,,,,,,,,,,,,,,,,,,,,,,,,,,,,,,,,,,,,,,,,,,,,,,,,,,,,,,,,50.2903036,26.861595,
12:04:43.882,,,,,,,,,,,,,,,,32,0,,,,,,,,,,,,,,,,,,,,,,,,,,,,,,,,,,,,,,,,,,,,,,,,,,,,,,,,,,50.2903036,26.861595,
12:04:43.990,,,,,,16,15,15,,,,,,,,,,,,,,,,,,,,,,,,,,,,,,,,,,,,,,,,,,,,,,,,,,,,,,,,,,,,,,,-38,,,,50.2903036,26.861595,
12:04:44.050,,,,,,,,,361.12,58,,3.743,,,,,,,,,,,,,,,,,,,,,,,,,,,,,,,,,,,,,,,,,,,,,,,,,,,,7.488,,,,,,,,,,,50.2903036,26.861595,
12:04:44.114,17.90000000000009,,13.75,,,,,,,,,,3.734,,,,,,,,,,,,,,,,,,,,,,,,,,,,,,,,,,,,,,,,,,,,,,,,,,,7.477,,,,,,,,,,,50.2903036,26.861595,
12:04:44.149,,15.550000000000182,,,,,,,,,,,,,,,,,,,,,,,,,,,,,,,,,,,,,,,,,,,,,,,,,,,,,,,,,,,,,,,,,,,,,,,,,50.2903036,26.861595,
12:04:44.270,,,,,,,,,,,,,,,,,,,,,,,,,,,,,,,,,,8.92,,,,,1499,1.5,,-0.043219683816225964,0.27621489741666666,3.199547,125.55523,8735.930774999999,31.372549019607842,-0.45,,,,,11.661195815737061,,,,20,55,,0,,,,,105,27.5320741284288,,,,,,,7.872778619999999,,50.2903036,26.861595,
12:04:44.370,,,,,,,,,,,,,,,,,,,,42.35294117647059,6.666666666666667,100,,,,,,,,,,5.098039215686274,,,,,,,,,0,,,,,,,,,,,,,15.3424272,,,,,,,,,,,,27.5124272484288,,18.4313725490196,100,,,,,,50.2903036,26.861595,
12:04:44.447,,,,,,,,,,,,,,,,,,,,,,,2.7311081688841834,30.139889999999998,666.3062231800001,9837.108382130002,0.02874850704088614,0.317262,8.634353,121.21211600000002,3.1500000469386578,,6.666666666666667,,,3.1500000469386578,9.063862635062076,31.235454210588756,,,,,,,,,,,10.40802190966528,9.91584121127147,6.8769361499317885,1.387512322635135,,,37,,,,34990,,35000,0,0,,105,27.4124272469387,34990,18.4313725490196,,,,,,0,50.2903036,26.861595,
12:04:44.727,,,,,,,,,,,,,,,23,,,,,,,,,,,,,,,,,,,,,,,,,,,,,,,,,,,,,,,,,,,,,,,,,,,,,,,,,54,,,50.2903036,26.861595,
12:04:44.773,,,,,,,,,,,,,,,,,,0,,,,,,,,,,,,,,,,,,,,,,,,,,,,,,,,,,,,,,,,,,,,,,,,,,,,,,,,,50.2903036,26.861595,
12:04:44.810,,,,,,,,,,,,,,,,32,0,,,,,,,,,,,,,,,,,,,,,,,,,,,,,,,,,,,,,,,,,,,,,,,,,,,,,,,,,,50.2903036,26.861595,
12:04:44.930,,,,,,,,,357.09000000000003,58,,3.746,,,,,,,,,,,,,,,,,,,,,,,,,,,,,,,,,,,,,,,,,,,,,,,,,,,,7.48,,,,,,,,,,,50.2903036,26.861595,
12:04:44.993,18.15000000000009,,13.75,,,,,,,,,,3.746,,,,,,,,,,,,,,,,,,,,,,,,,,,,,,,,,,,,,,,,,,,,,,,,,,,7.492,,,,,,,,,,,50.2903036,26.861595,
12:04:45.042,,15.150000000000091,,,,,,,,,,,,,,,,,,,,,,,,,,,,,,,,,,,,,,,,,,,,,,,,,,,,,,,,,,,,,,,,,,,,,,,,,50.2903036,26.861595,
12:04:45.138,,,,,,,,,,,,,,,,,,,,,,,,,,,,,,,,,,,,,,,,,,,,,,,,,,,,,,,,49,,,,,,,,,106,,,,,,,,,,50.2903036,26.861595,
12:04:45.209,,,,,,,,,,,,,,,,,,,,,,,,,,,,,,,,,,8.81,,,,,1499,1.5,,-0.021573344468317865,0.27621489741666666,3.199547,125.55523,8735.930774999999,30.980392156862745,-0.46,,,,,11.535750887354672,,,,20,54,,0,,,,,106,27.3024272469387,,,,,,,7.775692785,,50.2903036,26.861595,
12:04:45.289,,,,,,,,,,,,,,,,,,,,41.96078431372549,6.666666666666667,100,,,,,,,,,,5.098039215686274,,,,,,,,,0,,,,,,,,,,,,,15.332603760000001,,,,,,,,,,,,27.2926038069387,,18.4313725490196,100,,,,,,50.2903036,26.861595,
12:04:45.369,,,,,,,,,,,,,,,,,,,,,,,2.802848316515695,30.211615,666.3779481800001,9837.180107130001,0.029503666489638893,0.318017,8.635108,121.21287100000002,2.9500000439584255,,6.666666666666667,,,2.9500000439584255,8.488379293153374,29.252250768646615,,,,,,,,,,,10.681417535974893,9.93943830173459,6.877537478924614,1.387520965102886,,,37,,,,35000,,35000,0,0,,106,27.0926038039584,35000,18.4313725490196,,,,,,0,50.2903036,26.861595,
12:04:45.490,,,,,,,,,,,,,,,23,,,,,,,,,,,,,,,,,,,,,,,,,,,,,,,,,,,,,,,,,,,,,,,,,,,,,,,,,54,,,50.2903036,26.861595,
12:04:45.525,,,,,,,,,,,,,,,,,,0,,,,,,,,,,,,,,,,,,,,,,,,,,,,,,,,,,,,,,,,,,,,,,,,,,,,,,,,,50.2903036,26.861595,
12:04:45.565,,,,,,,,,,,,,,,,32,0,,,,,,,,,,,,,,,,,,,,,,,,,,,,,,,,,,,,,,,,,,,,,,,,,,,,,,,,,,50.2903036,26.861595,
12:04:45.697,,,,,,,,,358.22,58.5,,3.747,,,,,,,,,,,,,,,,,,,,,,,,,,,,,,,,,,,,,,,,,,,,,,,,,,,,7.493,,,,,,,,,,,50.2903036,26.861595,
12:04:45.758,12.700000000000045,,15.050000000000182,,,,,,,,,,3.739,,,,,,,,,,,,,,,,,,,,,,,,,,,,,,,,,,,,,,,,,,,,,,,,,,,7.486,,,,,,,,,,,50.2903036,26.861595,
12:04:45.793,,17.300000000000182,,,,,,,,,,,,,,,,,,,,,,,,,,,,,,,,,,,,,,,,,,,,,,,,,,,,,,,,,,,,,,,,,,,,,,,,,50.2903036,26.861595,
12:04:45.941,,,,,,,,,,,,,,,,,,,,,,,,,,,,,,,,,,8.84,,,,,1500,1.5,,0,0.27621489741666666,3.199547,125.55523,8735.930774999999,31.372549019607842,-0.46,,,,,11.438852863056123,,,,20,54,,0,,,,,106,27.1226038039584,,,,,,,7.802170739999998,,50.2903036,26.861595,
12:04:46.034,,,,,,,,,,,,,,,,,,,,42.35294117647059,6.666666666666667,100,,,,,,,,,,5.098039215686274,,,,,,,,,0,,,,,,,,,,,,,15.31831512,,,,,,,,,,,,27.1083151639584,,18.4313725490196,100,,,,,,50.2903036,26.861595,
12:04:46.154,,,,,,,,,,,,,,,,,,,,,,,2.862947609286244,30.271749999999997,666.43808318,9837.240242130001,0.030136290624065726,0.31865,8.635741000000001,121.21350400000003,2.9000000432133675,,6.666666666666667,,,2.9000000432133675,8.344508457676195,28.737278941555633,,,,,,,,,,,10.910450850377384,9.959222352414264,6.878041639523898,1.3875282110394247,,,37,,,,34990,,35000,0,0,,106,27.0583151632134,34990,18.4313725490196,,,,,,0,50.2903036,26.861595,
12:04:46.242,,,,,,,,,,,,,,,,,,,31,,,,,,,,,,,,,,,,,,,,,,,,,,,,,,,,,,,,,,,,,,,,,,,,,,,,,54,,,50.2903036,26.861595,
12:04:46.353,,,,,,,,,,,,,,,23,,,,,,,,,,,,,,,,,,,,,,,,,,,,,,,,,,,,,,,,,,,,,,,,,,,,,,,,,54,,,50.2903036,26.861595,
12:04:46.389,,,,,,,,,,,,,,,,,,0,,,,,,,,,,,,,,,,,,,,,,,,,,,,,,,,,,,,,,,,,,,,,,,,,,,,,,,,,50.2903036,26.861595,
12:04:46.454,,,,,,,,,,,,,,,,0,0,,,,,,,,,,,,,,,,,,,,,,,,,,,,,,,,,,,,,,,,,,,,,,,,,,,,,,,,,,50.2903036,26.861595,
12:04:46.706,,,,,,,,,360.8,58.5,,3.755,,,,,,,,,,,,,,,,,,,,,,,,,,,,,,,,,,,,,,,,,,,,,,,,,,,,7.494,,,,,,,,,,,50.2903036,26.861595,
12:04:46.769,14.450000000000045,,15.450000000000045,,,,,,,,,,3.738,,,,,,,,,,,,,,,,,,,,,,,,,,,,,,,,,,,,,,,,,,,,,,,,,,,7.493,,,,,,,,,,,50.2903036,26.861595,
12:04:46.805,,17.300000000000182,,,,,,,,,,,,,,,,,,,,,,,,,,,,,,,,,,,,,,,,,,,,,,,,,,,,,,,,,,,,,,,,,,,,,,,,,50.2903036,26.861595,
12:04:46.950,,,,,,,,,,,,,,,,,,,,,,,,,,,,,,,,,,9.97,,,,,1512,1.5,,0,0.27621489741666666,3.199547,125.55523,8735.930774999999,34.11764705882353,-0.41000000000000003,,,,,11.303858447502963,,,,20,59,,0,,,,,106,28.1883151632134,,,,,,,8.799507045,,50.2903036,26.861595,
12:04:47.070,,,,,,,,,,,,,,,,,,,,46.27450980392157,7.450980392156863,100,,,,,,,,,,5.882352941176471,,,,,,,,,0,,,,,,,,,,,,,15.299561279999999,,,,,,,,,,,,28.1695613232134,,19.2156862745098,100,,,,,,50.2903036,26.861595,
12:04:47.153,,,,,,,,,,,,,,,,,,,,,,,2.93942520128696,30.348225,666.51455818,9837.316717130001,0.030941317908283788,0.319455,8.636546000000001,121.21430900000003,2.9000000432133675,,7.450980392156863,,,2.9000000432133675,8.344508457676195,28.509205299162335,,,,,,,,,,,11.201900475921544,9.984382164100106,6.878682791628832,1.3875374258560336,,,37,,,,34940,,35000,0,0,,106,28.1695613232134,34940,20.7843137254902,,,,,,0,50.2903036,26.861595,
12:04:47.265,,,,,,,,,,,,,,,23,,,,,,,,,,,,,,,,,,,,,,,,,,,,,,,,,,,,,,,,,,,,,,,,,,,,,,,,,54,,,50.2903036,26.861595,
12:04:47.314,,,,,,,,,,,,,,,,,,48.546875,,,,,,,,,,,,,,,,,,,,,,,,,,,,,,,,,,,,,,,,,,,,,,,,,,,,,,,,,50.2903036,26.861595,
12:04:47.362,,,,,,,,,,,,,,,,3072,0.1875,,,,,,,,,,,,,,,,,,,,,,,,,,,,,,,,,,,,,,,,,,,,,,,,,,,,,,,,,,50.2903036,26.861595,
12:04:47.482,,,,,,,,,362.08,58.5,,3.76,,,,,,,,,,,,,,,,,,,,,,,,,,,,,,,,,,,,,,,,,,,,,,,,,,,,7.498,,,,,,,,,,,50.2903036,26.861595,
12:04:47.554,16,,16.90000000000009,,,,,,,,,,3.752,,,,,,,,,,,,,,,,,,,,,,,,,,,,,,,,,,,,,,,,,,,,,,,,,,,7.512,,,,,,,,,,,50.2903036,26.861595,
12:04:47.605,,11.300000000000182,,,,,,,,,,,,,,,,,,,,,,,,,,,,,,,,,,,,,,,,,,,,,,,,,,,,,,,,,,,,,,,,,,,,,,,,,50.2903036,26.861595,
12:04:47.726,,,,,,,,,,,,,,,,,,,,,,,,,,,,,,,,,,10.43,,,,,1500,1.5,,0,0.27621489741666666,3.199547,125.55523,8735.930774999999,35.294117647058826,-0.38,,,,,11.207522526077742,,,,20,62,,0,,,,,106,28.6295613232134,,,,,,,9.205502355,,50.2903036,26.861595,
12:04:47.814,,,,,,,,,,,,,,,,,,,,47.84313725490196,7.8431372549019605,100,,,,,,,,,,6.2745098039215685,,,,,,,,,9.019607843137255,,,,,,,,,,,,,15.29331,,,,,,,,,,,,28.6233100432134,,21.1764705882353,100,,,,,,50.2903036,26.861595,
12:04:47.913,,,,,,,,,,,,,,,,,,,,,,,3.002438740225935,30.41121,666.57754318,9837.379702130002,0.031604618318167736,0.320118,8.637209000000002,121.21497200000002,3.1500000469386578,,7.8431372549019605,,,3.1500000469386578,9.063862635062076,31.214630574448368,,,,,,,,,,,11.44203973563836,10.005103847513414,6.879210846095382,1.3875450152018864,,,37,,,,35000,,35000,0,0,,106,28.8733100469387,35000,21.9607843137255,,,,,,0,50.2903036,26.861595,
12:04:48.033,,,,,,,,,,,,,,,23,,,,,,,,,,,,,,,,,,,,,,,,,,,,,,,,,,,,,,,,,,,,,,,,,,,,,,,,,54,,,50.2903036,26.861595,
12:04:48.069,,,,,,,,,,,,,,,,,,127.46875,,,,,,,,,,,,,,,,,,,,,,,,,,,,,,,,,,,,,,,,,,,,,,,,,,,,,,,,,50.2903036,26.861595,
12:04:48.118,,,,,,,,,,,,,,,,8192,0.5,,,,,,,,,,,,,,,,,,,,,,,,,,,,,,,,,,,,,,,,,,,,,,,,,,,,,,,,,,50.2903036,26.861595,
12:04:48.230,,,,,,,,,356.29,58.5,,3.74,,,,,,,,,,,,,,,,,,,,,,,,,,,,,,,,,,,,,,,,,,,,,,,,,,,,7.492,,,,,,,,,,,50.2903036,26.861595,
12:04:48.293,7.5,,4.400000000000091,,,,,,,,,,3.734,,,,,,,,,,,,,,,,,,,,,,,,,,,,,,,,,,,,,,,,,,,,,,,,,,,7.474,,,,,,,,,,,50.2903036,26.861595,
12:04:48.354,,6.150000000000091,,,,,,,,,,,,,,,,,,,,,,,,,,,,,,,,,,,,,,,,,,,,,,,,,,,,,,,,,,,,,,,,,,,,,,,,,50.2903036,26.861595,
12:04:48.646,,,,,,,,,,,,,,,,,,,,,,,,,,,,,,,,,,10.4,105.00000156462194,,,,1500,1.5,,0.024727829734363174,0.2769662945,3.200298,125.555981,8735.931525999998,35.294117647058826,-0.38,,,,,11.124950771931847,,,,20,62,,3,,,,,106,28.8433100469387,,,,,,,9.1790244,,50.2903036,26.861595,
12:04:48.831,,,,,,,,,,,,,,,,,,,,49.411764705882355,8.235294117647058,100,,,,,,,,,,6.666666666666667,,,,,,,,,12.549019607843137,,,,,,,,,,,,,15.28259352,,,,,,,,,,,,28.8325935669387,,22.3529411764706,100,,,,,,50.2903071,26.861581,
12:04:48.931,,,,,,,,,,,,,,,,,,,,,,,3.089806149270866,30.49861,666.66494318,9837.467102130002,0.0325242752554828,0.321038,8.638129000000001,121.21589200000003,3.250000048428774,,8.627450980392156,,,3.250000048428774,9.351604306016428,32.20557122760546,,,,,,,,,,,11.743044515289496,10.031503316253673,6.879902439693415,1.3875554271371706,,,37,,,,34960,,35000,0,0,,106,28.9325935684288,34960,23.5294117647059,,,,,,0,50.2903071,26.861581,
12:04:49.175,,,,,,,,,,,,,,,23,,,,,,,,,,,,,,,,,,,,,,,,,,,,,,,,,,,,,,,,,,,,,,,,,,,,,,,,,54,,,50.2903071,26.861581,
12:04:49.237,,,,,,,,,,,,,,,,,,126.9375,,,,,,,,,,,,,,,,,,,,,,,,,,,,,,,,,,,,,,,,,,,,,,,,,,,,,,,,,50.2903071,26.861581,
12:04:49.297,,,,,,,,,,,,,,,,8000,0.484375,,,,,,,,,,,,,,,,,,,,,,,,,,,,,,,,,,,,,,,,,,,,,,,,,,,,,,,,,,50.2903071,26.861581,
12:04:49.466,,,,,16,,,,,,61,,,63.75,,,,,,,,,,,,,,,,,,,,,,,,,,,,,,,,,,,,,,,,,,,,,,,,,,,,,,,,125.5,-38,,,,50.2903071,26.861581,
12:04:49.525,,,,,,,,,355,58.5,,3.732,,,,,,,,,,,,,,,,,,,,,,,,,,,,,,,,,,,,,,,,,,,,,,,,,,,,7.466,,,,,,,,,,,50.2903071,26.861581,
12:04:49.597,-4.649999999999864,,0,,,,,,,,,,3.72,,,,,,,,,,,,,,,,,,,,,,,,,,,,,,,,,,,,,,,,,,,,,,,,,,,7.452,,,,,,,,,,,50.2903071,26.861581,
12:04:49.634,,-4.949999999999818,,,,,,,,,,,,,,,,,,,,,,,,,,,,,,,,,,,,,,,,,,,,,,,,,,,,,,,,,,,,,,,,,,,,,,,,,50.2903071,26.861581,
12:04:49.733,,,,,,,,,,,,,,,,,,,,,,,,,,,,,,,,,,,,,,,,,,,,,,,,,,,,,,,,50,,,,,,,,,107,,,,,,,,,,50.2903167,26.8615558,
12:04:49.785,,,,,,,,,,,,,,,,,,,,,,,,,,,,,,,,,,12.3,40.62500060535967,,,,1504,1.5,,0.05894093124930186,0.2795363980555555,3.202868,125.558551,8735.934095999999,42.745098039215684,-0.28,,,,,11.085139448797262,,,,20,72,,8,,,,,107,30.8325935684288,,,,,,,10.85596155,,50.2903167,26.8615558,
12:04:49.938,,,,,,,,,,,,,,,,,,,,58.03921568627451,10.196078431372548,100,,,,,,,,,,8.627450980392156,,,,,,,,,14.117647058823529,,,,,,,,,,,,,15.256248840000001,,,,,,,,,,,,30.8062488884288,,25.4901960784314,100,,,,,,50.2903167,26.8615558,
12:04:50.038,,,,,,,,,,,,,,,,,,,,,,,3.199338409757191,30.608145,666.7744781800001,9837.576637130001,0.033677246418496745,0.322191,8.639282000000001,121.21704500000003,3.7500000558793545,,13.72549019607843,,,3.7500000558793545,10.790312660788187,37.061443976121254,,,,,,,,,,,12.047535366683688,10.059452965279867,6.880679914823166,1.3875682172957644,,,37,,,,34980,,35000,0,0,,107,31.3062488958794,34980,32.5490196078431,,,,,,0,50.2903167,26.8615558,
12:04:50.321,,,,,,,,,,,,,,,23,,,,,,,,,,,,,,,,,,,,,,,,,,,,,,,,,,,,,,,,,,,,,,,,,,,,,,,,,54,,,50.2903167,26.8615558,
12:04:50.370,,,,,,,,,,,,,,,,,,100.546875,,,,,,,,,,,,,,,,,,,,,,,,,,,,,,,,,,,,,,,,,,,,,,,,,,,,,,,,,50.2903167,26.8615558,
12:04:50.418,,,,,,,,,,,,,,,,6432,0.390625,,,,,,,,,,,,,,,,,,,,,,,,,,,,,,,,,,,,,,,,,,,,,,,,,,,,,,,,,,50.2903167,26.8615558,
12:04:50.538,,,,,,,,,356.29,58.5,,3.742,,,,,,,,,,,,,,,,,,,,,,,,,,,,,,,,,,,,,,,,,,,,,,,,,,,,7.462,,,,,,,,,,,50.2903167,26.8615558,
12:04:50.590,8.900000000000091,,6.600000000000136,,,,,,,,,,3.732,,,,,,,,,,,,,,,,,,,,,,,,,,,,,,,,,,,,,,,,,,,,,,,,,,,7.474,,,,,,,,,,,50.2903167,26.8615558,
12:04:50.617,,2.3500000000001364,,,,,,,,,,,,,,,,,,,,,,,,,,,,,,,,,,,,,,,,,,,,,,,,,,,,,,,,,,,,,,,,,,,,,,,,,50.2903167,26.8615558,
12:04:50.750,,,,,,,,,,,,,,,,,,,,,,,,,,,,,,,,,,15.44,31.25000046566129,,,,1623,1.6,,0.08944484091622903,0.28275526938888884,3.206087,125.56177,8735.937315,50.19607843137255,-0.19,,,,,11.094768529157149,,,,20,81,,12,,,,,107,34.4462488958794,,,,,,,13.62732084,,50.2903366,26.861523,
12:04:50.863,,,,,,,,,,,,,,,,,,,,69.01960784313725,14.509803921568627,100,,,,,,,,,,12.549019607843137,,,,,,,,,16.470588235294116,,,,,,,,,,,,,15.163372679999998,,,,,,,,,,,,34.3533727358794,,36.4705882352941,100,,,,,,50.2903366,26.861523,
12:04:50.934,,,,,,,,,,,,,,,,,,,,,,,3.3130470021182474,30.72186,666.88819318,9837.690352130001,0.03487417896966576,0.323388,8.640479000000001,121.21824200000002,4.800000071525574,,14.509803921568627,,,4.800000071525574,13.811600205808878,43.96039866131272,,,,,,,,,,,12.333697279997068,10.0866882277368,6.881456831964062,1.3875814080289108,,,37,,,,35060,,35000,0,0,,107,35.4033727515256,35060,41.5686274509804,,,,,,0,50.2903366,26.861523,
12:04:51.058,,,,,,,,,,,,,,,23,,,,,,,,,,,,,,,,,,,,,,,,,,,,,,,,,,,,,,,,,,,,,,,,,,,,,,,,,54,,,50.2903366,26.861523,
12:04:51.094,,,,,,,,,,,,,,,,,,98.34375,,,,,,,,,,,,,,,,,,,,,,,,,,,,,,,,,,,,,,,,,,,,,,,,,,,,,,,,,50.2903366,26.861523,
12:04:51.141,,,,,,,,,,,,,,,,6240,0.375,,,,,,,,,,,,,,,,,,,,,,,,,,,,,,,,,,,,,,,,,,,,,,,,,,,,,,,,,,50.2903366,26.861523,
12:04:51.226,,,,-100,,,,,,,,,,,,,,,,,,,,,,,,,,,,,,,,,,,,,,,,,,,,,,,,,,,,,,,,,,,,,,,,,,,-38,,,,50.2903366,26.861523,
12:04:51.333,,,,,,,,,356.61,58.5,,3.726,,,,,,,,,,,,,,,,,,,,,,,,,,,,,,,,,,,,,,,,,,,,,,,,,,,,7.458,,,,,,,,,,,50.2903366,26.861523,
12:04:51.392,0.900000000000091,,6.600000000000136,,,,,,,,,,3.718,,,,,,,,,,,,,,,,,,,,,,,,,,,,,,,,,,,,,,,,,,,,,,,,,,,7.444,,,,,,,,,,,50.2903366,26.861523,
12:04:51.429,,6.150000000000091,,,,,,,,,,,,,,,,,,,,,,,,,,,,,,,,,,,,,,,,,,,,,,,,,,,,,,,,,,,,,,,,,,,,,,,,,50.2903366,26.861523,
12:04:51.562,,,,,,,,,,,,,,,,,,,,,,,,,,,,,,,,,,15.56,32.00000047683716,,,,1627,1.6,,0.11076574151553649,0.2860671331388888,3.209399,125.565082,8735.940626999998,50.19607843137255,-0.19,,,,,11.128310552448871,,,,20,81,,15,,,,,107,35.5233727515256,,,,,,,13.73323266,,50.2903366,26.861523,
12:04:51.674,,,,,,,,,,,,,,,,,,,,69.41176470588235,14.509803921568627,100,,,,,,,,,,12.941176470588236,,,,,,,,,18.03921568627451,,,,,,,,,,,,,15.13836756,,,,,,,,,,,,35.4983676315256,,41.9607843137255,100,,,,,,50.2903366,26.861523,
12:04:51.758,,,,,,,,,,,,,,,,,,,,,,,3.4247026738723245,30.833485,666.99981818,9837.80197713,0.036049501830234996,0.324563,8.641654,121.21941700000002,5.15000007674098,,14.901960784313726,,,5.15000007674098,14.81869605414911,47.0498865742995,,,,,,,,,,,12.601762892045537,10.112890295036546,6.882211091137583,1.38759433214724,,,37,,,,34960,,35000,0,0,,107,35.848367636741,34960,42.3529411764706,,,,,,0,50.2903672,26.8614873,
12:04:51.890,,,,,,,,,,,,,,,23,,,,,,,,,,,,,,,,,,,,,,,,,,,,,,,,,,,,,,,,,,,,,,,,,,,,,,,,,54,,,50.2903672,26.8614873,
12:04:51.937,,,,,,,,,,,,,,,,,,96.328125,,,,,,,,,,,,,,,,,,,,,,,,,,,,,,,,,,,,,,,,,,,,,,,,,,,,,,,,,50.2903672,26.8614873,
12:04:51.974,,,,,,,,,,,,,,,,6240,0.375,,,,,,,,,,,,,,,,,,,,,,,,,,,,,,,,,,,,,,,,,,,,,,,,,,,,,,,,,,50.2903672,26.8614873,
12:04:52.178,,,,,,,,,359.19,58.5,,3.728,,,,,,,,,,,,,,,,,,,,,,,,,,,,,,,,,,,,,,,,,,,,,,,,,,,,7.446,,,,,,,,,,,50.2903672,26.8614873,
12:04:52.271,3.75,,3.9500000000000455,,,,,,,,,,3.721,,,,,,,,,,,,,,,,,,,,,,,,,,,,,,,,,,,,,,,,,,,,,,,,,,,7.449,,,,,,,,,,,50.2903672,26.8614873,
12:04:52.309,,-1.949999999999818,,,,,,,,,,,,,,,,,,,,,,,,,,,,,,,,,,,,,,,,,,,,,,,,,,,,,,,,,,,,,,,,,,,,,,,,,50.2903672,26.8614873,
12:04:52.417,,,,,,,,,,,,,,,,,,,,,,,,,,,,,,,,,,16.35,28.61111153744989,,,,1673,1.7,,0.11267239242572205,0.2903474141388888,3.213679,125.569362,8735.944907,50.19607843137255,-0.17,,,,,11.191293885333097,,,,20,83,,18,,,,,107,36.638367636741,,,,,,,14.430485475000001,,50.2903672,26.8614873,
12:04:52.498,,,,,,,,,,,,,,,,,,,,70.98039215686275,15.294117647058824,100,,,,,,,,,,13.333333333333334,,,,,,,,,18.03921568627451,,,,,,,,,,,,,15.11202288,,,,,,,,,,,,36.612022956741,,42.7450980392157,100,,,,,,50.2903672,26.8614873,
12:04:52.613,,,,,,,,,,,,,,,,,,,,,,,3.5408930816314745,30.94967,667.11600318,9837.918162130001,0.03727255875401552,0.325786,8.642877000000002,121.22064000000002,5.15000007674098,,15.294117647058824,,,5.15000007674098,14.81869605414911,45.75622561648851,,,,,,,,,,,12.837227727534039,10.137477949726778,6.882950476406818,1.3876076519537972,,,37,,,,35010,,35000,0,0,,107,36.612022956741,35010,43.921568627451,,,,,,0,50.2903672,26.8614873,
12:04:52.750,,,,,,,,,,,,,,,23,,,,,,,,,,,,,,,,,,,,,,,,,,,,,,,,,,,,,,,,,,,,,,,,,,,,,,,,,54,,,50.2904047,26.8614449,
12:04:52.789,,,,,,,,,,,,,,,,,,85.421875,,,,,,,,,,,,,,,,,,,,,,,,,,,,,,,,,,,,,,,,,,,,,,,,,,,,,,,,,50.2904047,26.8614449,
12:04:52.842,,,,,,,,,,,,,,,,5664,0.34375,,,,,,,,,,,,,,,,,,,,,,,,,,,,,,,,,,,,,,,,,,,,,,,,,,,,,,,,,,50.2904047,26.8614449,
12:04:52.937,,,,,,16,15,15,,,,,,,,,,,,,,,,,,,,,,,,,,,,,,,,,,,,,,,,,,,,,,,,,,,,,,,,,,,,,,,-38,,,,50.2904047,26.8614449,
12:04:52.996,,,,,,,,,357.42,58.5,,3.711,,,,,,,,,,,,,,,,,,,,,,,,,,,,,,,,,,,,,,,,,,,,,,,,,,,,7.432,,,,,,,,,,,50.2904047,26.8614449,
12:04:53.069,-2.599999999999909,,1.650000000000091,,,,,,,,,,3.7,,,,,,,,,,,,,,,,,,,,,,,,,,,,,,,,,,,,,,,,,,,,,,,,,,,7.411,,,,,,,,,,,50.2904047,26.8614449,
12:04:53.113,,7.650000000000091,,,,,,,,,,,,,,,,,,,,,,,,,,,,,,,,,,,,,,,,,,,,,,,,,,,,,,,,,,,,,,,,,,,,,,,,,50.2904047,26.8614449,
12:04:53.242,,,,,,,,,,,,,,,,,,,,,,,,,,,,,,,,,,21.82,25.7500003837049,,,,2002,2,,0.09832511352290621,0.2950431858055555,3.218375,125.574058,8735.949603,45.490196078431374,-0.11,,,,,11.270296020793413,,,,20,89,,20,,,,,107,42.082022956741,,,,,,,19.258299270000002,,50.2904047,26.8614449,
12:04:53.357,,,,,,,,,,,,,,,,,,,,78.82352941176471,23.529411764705884,100,,,,,,,,,,20.784313725490197,,,,,,,,,18.03921568627451,,,,,,,,,,,,,15.071389560000002,,,,,,,,,,,,42.041389636741,,51.3725490196078,100,,,,,,50.2904047,26.8614449,
12:04:53.469,,,,,,,,,,,,,,,,,,,,,,,3.661977815178833,31.070795,667.23712818,9838.039287130001,0.038547134896619296,0.327061,8.644152000000002,121.22191500000002,5.350000079721212,,23.137254901960784,,,5.350000079721212,15.394179396057813,39.721771935992294,,,,,,,,,,,13.064912782640336,10.162302404163592,6.883708416908851,1.387621500911262,,,38,,,,35000,,35000,0,0,,108,42.2413896397212,35000,67.4509803921569,,,,,,0,50.2904047,26.8614449,
12:04:53.553,,,,,,,,,,,,,,,,,,,31,,,,,,,,,,,,,,,,,,,,,,,,,,,,,,,,,,,,,,,,,,,,,,,,,,,,,54,,,50.2904047,26.8614449,
12:04:53.637,,,,,,,,,,,,,,,23,,,,,,,,,,,,,,,,,,,,,,,,,,,,,,,,,,,,,,,,,,,,,,,,,,,,,,,,,54,,,50.2904047,26.8614449,
12:04:53.673,,,,,,,,,,,,,,,,,,76.375,,,,,,,,,,,,,,,,,,,,,,,,,,,,,,,,,,,,,,,,,,,,,,,,,,,,,,,,,50.2904047,26.8614449,
12:04:53.726,,,,,,,,,,,,,,,,4800,0.28125,,,,,,,,,,,,,,,,,,,,,,,,,,,,,,,,,,,,,,,,,,,,,,,,,,,,,,,,,,50.2904496,26.861395,
12:04:53.846,,,,,,,,,362.41,58.5,,3.758,,,,,,,,,,,,,,,,,,,,,,,,,,,,,,,,,,,,,,,,,,,,,,,,,,,,7.458,,,,,,,,,,,50.2904496,26.861395,
12:04:53.897,18.200000000000045,,15.25,,,,,,,,,,3.737,,,,,,,,,,,,,,,,,,,,,,,,,,,,,,,,,,,,,,,,,,,,,,,,,,,7.495,,,,,,,,,,,50.2904496,26.861395,
12:04:53.946,,18.800000000000182,,,,,,,,,,,,,,,,,,,,,,,,,,,,,,,,,,,,,,,,,,,,,,,,,,,,,,,,,,,,,,,,,,,,,,,,,50.2904496,26.861395,
12:04:54.186,,,,,,,,,,,,,,,,,,,,,,,,,,,,,,,,,,,,,,,,,,,,,,,,,,,,,,,,51,,,,,,,,,109,,,,,,,,,,50.2904496,26.861395,
12:04:54.251,,,,,,,,,,,,,,,,,,,,,,,,,,,,,,,,,,21.900000000000002,23.260869911831357,,,,1999,2,,0.08901342128368357,0.3015367176666666,3.224869,125.580552,8735.956096999998,46.27450980392157,-0.09,,,,,11.39544615570406,,,,20,91,,23,,,,,109,42.3213896397212,,,,,,,19.32890715,,50.2904496,26.861395,
12:04:54.396,,,,,,,,,,,,,,,,,,,,80,23.137254901960784,100,,,,,,,,,,20.784313725490197,,,,,,,,,18.03921568627451,,,,,,,,,,,,,15.05397528,,,,,,,,,,,,42.3039753597212,,67.4509803921569,100,,,,,,50.2904496,26.861395,
12:04:54.485,,,,,,,,,,,,,,,,,,,,,,,3.8429239260001404,31.251769999999997,667.41810318,9838.220262130002,0.040451830800001476,0.328966,8.646057,121.22382000000002,6.750000100582838,,22.745098039215687,,,6.750000100582838,19.422562789418734,50.191466299227336,,,,,,,,,,,13.415225552968609,10.20091048659651,6.884869402389632,1.387642275830911,,,38,,,,34980,,35000,0,0,,109,43.7039753805828,34980,66.6666666666667,,,,,,0,50.2904496,26.861395,
12:04:54.621,,,,,,,,,,,,,,,23,,,,,,,,,,,,,,,,,,,,,,,,,,,,,,,,,,,,,,,,,,,,,,,,,,,,,,,,,54,,,50.2904496,26.861395,
12:04:54.669,,,,,,,,,,,,,,,,,,68.03125,,,,,,,,,,,,,,,,,,,,,,,,,,,,,,,,,,,,,,,,,,,,,,,,,,,,,,,,,50.2904496,26.861395,
12:04:54.706,,,,,,,,,,,,,,,,4448,0.265625,,,,,,,,,,,,,,,,,,,,,,,,,,,,,,,,,,,,,,,,,,,,,,,,,,,,,,,,,,50.2904496,26.861395,
12:04:54.806,,,,,,,,,358.22,58.5,,3.759,,,,,,,,,,,,,,,,,,,,,,,,,,,,,,,,,,,,,,,,,,,,,,,,,,,,7.496,,,,,,,,,,,50.2904997,26.8613381,
12:04:54.861,19.15000000000009,,16.600000000000136,,,,,,,,,,3.747,,,,,,,,,,,,,,,,,,,,,,,,,,,,,,,,,,,,,,,,,,,,,,,,,,,7.506,,,,,,,,,,,50.2904997,26.8613381,
12:04:54.922,,19,,,,,,,,,,,,,,,,,,,,,,,,,,,,,,,,,,,,,,,,,,,,,,,,,,,,,,,,,,,,,,,,,,,,,,,,,50.2904997,26.8613381,
12:04:55.034,,,,,,,,,,,,,,,,,,,,,,,,,,,,,,,,,,22,27.000000402331352,,,,2000,2,,0.08158100512334393,0.30677570377777774,3.230108,125.585791,8735.961335999998,46.27450980392157,-0.09,,,,,11.50234101509658,,,,20,91,,25,,,,,109,43.8039753805828,,,,,,,19.417167,,50.2904997,26.8613381,
12:04:55.126,,,,,,,,,,,,,,,,,,,,80,23.137254901960784,100,,,,,,,,,,20.392156862745097,,,,,,,,,18.03921568627451,,,,,,,,,,,,,15.045044879999999,,,,,,,,,,,,43.7950449805828,,66.2745098039216,100,,,,,,50.2904997,26.8613381,
12:04:55.190,,,,,,,,,,,,,,,,,,,,,,,3.9788946202484836,31.387715,667.55404818,9838.356207130002,0.04188310126577351,0.330397,8.647488000000001,121.22525100000003,7.300000108778477,,22.745098039215687,,,7.300000108778477,21.00514197966767,54.254000760350735,,,,,,,,,,,13.652678732378625,10.228667276759785,6.885721649832186,1.3876578242218545,,,38,,,,35020,,35000,0,0,,109,44.3450449887785,35020,66.2745098039216,,,,,,0,50.2904997,26.8613381,
12:04:55.337,,,,,,,,,,,,,,,23,,,,,,,,,,,,,,,,,,,,,,,,,,,,,,,,,,,,,,,,,,,,,,,,,,,,,,,,,54,,,50.2904997,26.8613381,
12:04:55.374,,,,,,,,,,,,,,,,,,63.046875,,,,,,,,,,,,,,,,,,,,,,,,,,,,,,,,,,,,,,,,,,,,,,,,,,,,,,,,,50.2904997,26.8613381,
12:04:55.434,,,,,,,,,,,,,,,,4032,0.234375,,,,,,,,,,,,,,,,,,,,,,,,,,,,,,,,,,,,,,,,,,,,,,,,,,,,,,,,,,50.2904997,26.8613381,
12:04:55.565,,,,,,,,,360.96,58.5,,3.762,,,,,,,,,,,,,,,,,,,,,,,,,,,,,,,,,,,,,,,,,,,,,,,,,,,,7.509,,,,,,,,,,,50.2904997,26.8613381,
12:04:55.665,20.65000000000009,,18.100000000000136,,,,,,,,,,3.751,,,,,,,,,,,,,,,,,,,,,,,,,,,,,,,,,,,,,,,,,,,,,,,,,,,7.513,,,,,,,,,,,50.2904997,26.8613381,
12:04:55.762,,20.5,,,,,,,,,,,,,,,,,,,,,,,,,,,,,,,,,,,,,,,,,,,,,,,,,,,,,,,,,,,,,,,,,,,,,,,,,50.2905549,26.8612743,
12:04:55.933,,,,,,,,,,,,,,,,,,,,,,,,,,,,,,,,,,21.88,26.071428959923132,,,,2000,2,,0.08055583971067022,0.3139545973333333,3.237287,125.59297,8735.968514999999,46.666666666666664,-0.1,,,,,11.65942506640814,,,,20,90,,28,,,,,109,44.2250449887785,,,,,,,19.311255179999996,,50.2905549,26.8612743,
12:04:56.050,,,,,,,,,,,,,,,,,,,,79.6078431372549,23.137254901960784,100,,,,,,,,,,20.392156862745097,,,,,,,,,17.647058823529413,,,,,,,,,,,,,15.03522144,,,,,,,,,,,,44.2152215487785,,66.2745098039216,100,,,,,,50.2905549,26.8612743,
12:04:56.134,,,,,,,,,,,,,,,,,,,,,,,4.161877203350136,31.570684999999997,667.7370181800001,9838.539177130002,0.04380923371947512,0.332323,8.649414000000002,121.22717700000003,7.350000109523535,,22.745098039215687,,,7.350000109523535,21.149012815144843,54.62560350528464,,,,,,,,,,,13.954002932774953,10.265478470089306,6.886861581504125,1.387678730662184,,,38,,,,35000,,35000,0,0,,109,44.2652215495235,35000,66.2745098039216,,,,,,0,50.2905549,26.8612743,
12:04:56.258,,,,,,,,,,,,,,,23,,,,,,,,,,,,,,,,,,,,,,,,,,,,,,,,,,,,,,,,,,,,,,,,,,,,,,,,,54,,,50.2905549,26.8612743,
12:04:56.318,,,,,,,,,,,,,,,,,,55.21875,,,,,,,,,,,,,,,,,,,,,,,,,,,,,,,,,,,,,,,,,,,,,,,,,,,,,,,,,50.2905549,26.8612743,
12:04:56.357,,,,,,,,,,,,,,,,3392,0.203125,,,,,,,,,,,,,,,,,,,,,,,,,,,,,,,,,,,,,,,,,,,,,,,,,,,,,,,,,,50.2905549,26.8612743,
12:04:56.477,,,,,16,,,,,,60.5,,,63.75,,,,,,,,,,,,,,,,,,,,,,,,,,,,,,,,,,,,,,,,,,,,,,,,,,,,,,,,124.75,-38,,,,50.2905549,26.8612743,
12:04:56.549,,,,,,,,,361.76,59,,3.768,,,,,,,,,,,,,,,,,,,,,,,,,,,,,,,,,,,,,,,,,,,,,,,,,,,,7.519,,,,,,,,,,,50.2905549,26.8612743,
12:04:56.635,22.75,,22.25,,,,,,,,,,3.754,,,,,,,,,,,,,,,,,,,,,,,,,,,,,,,,,,,,,,,,,,,,,,,,,,,7.522,,,,,,,,,,,50.2905549,26.8612743,
12:04:56.686,,22.40000000000009,,,,,,,,,,,,,,,,,,,,,,,,,,,,,,,,,,,,,,,,,,,,,,,,,,,,,,,,,,,,,,,,,,,,,,,,,50.2905549,26.8612743,
12:04:56.793,,,,,,,,,,,,,,,,,,,,,,,,,,,,,,,,,,21.92,24.50000036507845,,,,2000,2,,0.07977504600334222,0.3210600398333333,3.244392,125.600075,8735.97562,46.666666666666664,-0.09,,,,,11.819340286997164,,,,20,91,,30,,,,,109,44.3052215495235,,,,,,,19.346559120000002,,50.2906142,26.8612046,
12:04:56.906,,,,,,,,,,,,,,,,,,,,80,23.137254901960784,100,,,,,,,,,,20.392156862745097,,,,,,,,,17.647058823529413,,,,,,,,,,,,,15.02584452,,,,,,,,,,,,44.2958446295235,,66.2745098039216,100,,,,,,50.2906142,26.8612046,
12:04:57.002,,,,,,,,,,,,,,,,,,,,,,,4.329026810451971,31.73779,667.90412318,9838.70628213,0.045568703267915484,0.334082,8.651173000000002,121.22893600000002,7.300000108778477,,22.745098039215687,,,7.300000108778477,21.00514197966767,54.254000760350735,,,,,,,,,,,14.193203019463532,10.29721439332855,6.8878724793755115,1.3876977371875956,,,38,,,,34970,,35000,0,0,,109,44.2458446287785,34970,66.2745098039216,,,,,,0,50.2906142,26.8612046,
12:04:57.126,,,,,,,,,,,,,,,23,,,,,,,,,,,,,,,,,,,,,,,,,,,,,,,,,,,,,,,,,,,,,,,,,,,,,,,,,54,,,50.2906142,26.8612046,
12:04:57.162,,,,,,,,,,,,,,,,,,50.859375,,,,,,,,,,,,,,,,,,,,,,,,,,,,,,,,,,,,,,,,,,,,,,,,,,,,,,,,,50.2906142,26.8612046,
12:04:57.198,,,,,,,,,,,,,,,,3232,0.1875,,,,,,,,,,,,,,,,,,,,,,,,,,,,,,,,,,,,,,,,,,,,,,,,,,,,,,,,,,50.2906142,26.8612046,
12:04:57.333,,,,,,,,,361.12,59,,3.778,,,,,,,,,,,,,,,,,,,,,,,,,,,,,,,,,,,,,,,,,,,,,,,,,,,,7.532,,,,,,,,,,,50.2906142,26.8612046,
12:04:57.396,19.600000000000136,,22.75,,,,,,,,,,3.759,,,,,,,,,,,,,,,,,,,,,,,,,,,,,,,,,,,,,,,,,,,,,,,,,,,7.537,,,,,,,,,,,50.2906142,26.8612046,
12:04:57.446,,23.25,,,,,,,,,,,,,,,,,,,,,,,,,,,,,,,,,,,,,,,,,,,,,,,,,,,,,,,,,,,,,,,,,,,,,,,,,50.2906142,26.8612046,
12:04:57.578,,,,,,,,,,,,,,,,,,,,,,,,,,,,,,,,,,21.85,23.548387447672503,,,,2000,2,,0.06810011305280021,0.32766716455555556,3.250999,125.606682,8735.982226999999,46.666666666666664,-0.09,,,,,11.968663416266315,,,,20,91,,31,,,,,109,44.1758446287785,,,,,,,19.284777225000003,,50.2906142,26.8612046,
12:04:57.750,,,,,,,,,,,,,,,,,,,,80,23.137254901960784,100,,,,,,,,,,20.392156862745097,,,,,,,,,17.647058823529413,,,,,,,,,,,,,15.021825840000002,,,,,,,,,,,,44.1718259487785,,66.2745098039216,100,,,,,,50.2906774,26.8611296,
12:04:57.885,,,,,,,,,,,,,,,,,,,,,,,4.499025912776822,31.907745,668.07407818,9838.876237130002,0.04735816750291391,0.335871,8.652962,121.23072500000002,7.300000108778477,,22.745098039215687,,,7.300000108778477,21.00514197966767,54.254000760350735,,,,,,,,,,,14.453131905099509,10.33131661990668,6.8889344597129,1.3877171661970236,,,38,,,,35010,,35000,0,0,,109,44.1718259487785,35010,66.2745098039216,,,,,,0,50.2906774,26.8611296,
12:04:58.014,,,,,,,,,,,,,,,23,,,,,,,,,,,,,,,,,,,,,,,,,,,,,,,,,,,,,,,,,,,,,,,,,,,,,,,,,54,,,50.2906774,26.8611296,
12:04:58.049,,,,,,,,,,,,,,,,,,46.75,,,,,,,,,,,,,,,,,,,,,,,,,,,,,,,,,,,,,,,,,,,,,,,,,,,,,,,,,50.2906774,26.8611296,
12:04:58.085,,,,,,,,,,,,,,,,3072,0.1875,,,,,,,,,,,,,,,,,,,,,,,,,,,,,,,,,,,,,,,,,,,,,,,,,,,,,,,,,,50.2906774,26.8611296,
12:04:58.217,,,,,,,,,360.31,59,,3.773,,,,,,,,,,,,,,,,,,,,,,,,,,,,,,,,,,,,,,,,,,,,,,,,,,,,7.532,,,,,,,,,,,50.2906774,26.8611296,
12:04:58.293,20.550000000000182,,21.90000000000009,,,,,,,,,,3.765,,,,,,,,,,,,,,,,,,,,,,,,,,,,,,,,,,,,,,,,,,,,,,,,,,,7.538,,,,,,,,,,,50.2906774,26.8611296,
12:04:58.329,,22.40000000000009,,,,,,,,,,,,,,,,,,,,,,,,,,,,,,,,,,,,,,,,,,,,,,,,,,,,,,,,,,,,,,,,,,,,,,,,,50.2906774,26.8611296,
12:04:58.434,,,,,,,,,,,,,,,,,,,,,,,,,,,,,,,,,,,,,,,,,,,,,,,,,,,,,,,,52,,,,,,,,,110,,,,,,,,,,50.2906774,26.8611296,
12:04:58.505,,,,,,,,,,,,,,,,,,,,,,,,,,,,,,,,,,22.080000000000002,22.121212450843867,,,,1998,2,,0.06527750214222149,0.3361745544722222,3.259506,125.615189,8735.990733999999,46.666666666666664,-0.09,,,,,12.164860049755381,,,,20,91,,33,,,,,110,44.4018259487785,,,,,,,19.48777488,,50.2906774,26.8611296,
12:04:58.609,,,,,,,,,,,,,,,,,,,,80,23.137254901960784,100,,,,,,,,,,20.392156862745097,,,,,,,,,17.254901960784313,,,,,,,,,,,,,15.012895440000001,,,,,,,,,,,,44.3928955487785,,66.2745098039216,100,,,,,,50.2906774,26.8611296,
12:04:58.686,,,,,,,,,,,,,,,,,,,,,,,4.653303485450737,32.062025,668.22835818,9839.03051713,0.04898214195211301,0.337495,8.654586000000002,121.23234900000003,7.300000108778477,,22.745098039215687,,,7.300000108778477,21.00514197966767,54.30830906942015,,,,,,,,,,,14.570448982675863,10.35417636905715,6.889760759743793,1.387734404618475,,,38,,,,34960,,35000,0,0,,110,44.3928955487785,34960,66.2745098039216,,,,,,0,50.2906774,26.8611296,
12:04:58.834,,,,,,,,,,,,,,,23,,,,,,,,,,,,,,,,,,,,,,,,,,,,,,,,,,,,,,,,,,,,,,,,,,,,,,,,,54,,,50.2907441,26.8610502,
12:04:58.882,,,,,,,,,,,,,,,,,,41.546875,,,,,,,,,,,,,,,,,,,,,,,,,,,,,,,,,,,,,,,,,,,,,,,,,,,,,,,,,50.2907441,26.8610502,
12:04:58.930,,,,,,,,,,,,,,,,2720,0.15625,,,,,,,,,,,,,,,,,,,,,,,,,,,,,,,,,,,,,,,,,,,,,,,,,,,,,,,,,,50.2907441,26.8610502,
12:04:59.085,,,,,,,,,363.69,59,,3.786,,,,,,,,,,,,,,,,,,,,,,,,,,,,,,,,,,,,,,,,,,,,,,,,,,,,7.551,,,,,,,,,,,50.2907441,26.8610502,
12:04:59.145,26.65000000000009,,24.050000000000182,,,,,,,,,,3.769,,,,,,,,,,,,,,,,,,,,,,,,,,,,,,,,,,,,,,,,,,,,,,,,,,,7.555,,,,,,,,,,,50.2907441,26.8610502,
12:04:59.181,,27.75,,,,,,,,,,,,,,,,,,,,,,,,,,,,,,,,,,,,,,,,,,,,,,,,,,,,,,,,,,,,,,,,,,,,,,,,,50.2907441,26.8610502,
12:04:59.341,,,,,,,,,,,,,,,,,,,,,,,,,,,,,,,,,,21.93,21.470588555230815,,,,1998,2,,0.04986850041421096,0.3440570625277778,3.267389,125.623072,8735.998617,46.666666666666664,-0.09,,,,,12.346518464157924,,,,20,91,,34,,,,,110,44.2428955487785,,,,,,,19.355385105,,50.2907441,26.8610502,
12:04:59.465,,,,,,,,,,,,,,,,,,,,80,23.137254901960784,100,,,,,,,,,,20.392156862745097,,,,,,,,,17.254901960784313,,,,,,,,,,,,,15.286612199999999,,,,,,,,,,,,44.5166123087785,,66.2745098039216,100,,,,,,50.2907441,26.8610502,
12:04:59.577,,,,,,,,,,,,,,,,,,,,,,,4.825180566539682,32.23388,668.40021318,9839.202372130001,0.05079137438462823,0.339304,8.656395000000002,121.23415800000002,7.300000108778477,,22.745098039215687,,,7.300000108778477,21.00514197966767,54.30830906942015,,,,,,,,,,,14.762485621270322,10.384560883323044,6.890768441007398,1.3877538598058141,,,38,,,,35030,,35000,0,0,,110,44.5166123087785,35030,66.2745098039216,,,,,,0,50.2907441,26.8610502,
12:04:59.729,,,,,,,,,,,,,,,23,,,,,,,,,,,,,,,,,,,,,,,,,,,,,,,,,,,,,,,,,,,,,,,,,,,,,,,,,54,,,50.2908143,26.8609664,
12:04:59.770,,,,,,,,,,,,,,,,,,37.140625,,,,,,,,,,,,,,,,,,,,,,,,,,,,,,,,,,,,,,,,,,,,,,,,,,,,,,,,,50.2908143,26.8609664,
12:04:59.806,,,,,,,,,,,,,,,,2304,0.140625,,,,,,,,,,,,,,,,,,,,,,,,,,,,,,,,,,,,,,,,,,,,,,,,,,,,,,,,,,50.2908143,26.8609664,
12:04:59.929,,,,-100,,,,,,,,,,,,,,,,,,,,,,,,,,,,,,,,,,,,,,,,,,,,,,,,,,,,,,,,,,,,,,,,,,,-38,,,,50.2908143,26.8609664,
12:05:00.038,,,,,,,,,364.18,59.5,,3.785,,,,,,,,,,,,,,,,,,,,,,,,,,,,,,,,,,,,,,,,,,,,,,,,,,,,7.554,,,,,,,,,,,50.2908143,26.8609664,
12:05:00.087,26.75,,25.100000000000136,,,,,,,,,,3.776,,,,,,,,,,,,,,,,,,,,,,,,,,,,,,,,,,,,,,,,,,,,,,,,,,,7.561,,,,,,,,,,,50.2908143,26.8609664,
12:05:00.137,,26.700000000000045,,,,,,,,,,,,,,,,,,,,,,,,,,,,,,,,,,,,,,,,,,,,,,,,,,,,,,,,,,,,,,,,,,,,,,,,,50.2908143,26.8609664,
12:05:00.259,,,,,,,,,,,,,,,,,,,,,,,,,,,,,,,,,,21.97,20.277778079940212,,,,1999,2,,0.04903277491376789,0.3532622065277778,3.276594,125.632277,8736.007822,46.666666666666664,-0.09,,,,,12.561583782495845,,,,20,91,,36,,,,,110,44.5566123087785,,,,,,,19.390689045,,50.2908143,26.8609664,
12:05:00.354,,,,,,,,,,,,,,,,,,,,80.3921568627451,23.137254901960784,100,,,,,,,,,,20.392156862745097,,,,,,,,,15.686274509803921,,,,,,,,,,,,,14.8959072,,,,,,,,,,,,44.1659073087785,,66.2745098039216,100,,,,,,50.2908143,26.8609664,
12:05:00.489,,,,,,,,,,,,,,,,,,,,,,,5.000872591185475,32.409535,668.57586818,9839.378027130002,0.052640764117741844,0.341153,8.658244000000002,121.23600700000003,7.300000108778477,,22.745098039215687,,,7.300000108778477,21.00514197966767,54.28114133101624,,,,,,,,,,,14.901329138814226,10.411817881617313,6.891735314166121,1.3877735628245416,,,38,,,,34950,,35000,0,0,,110,44.1659073087785,34950,66.2745098039216,,,,,,0,50.2908143,26.8609664,
12:05:00.577,,,,,,,,,,,,,,,,,,,32,,,,,,,,,,,,,,,,,,,,,,,,,,,,,,,,,,,,,,,,,,,,,,,,,,,,,55,,,50.2908143,26.8609664,
12:05:00.674,,,,,,,,,,,,,,,23,,,,,,,,,,,,,,,,,,,,,,,,,,,,,,,,,,,,,,,,,,,,,,,,,,,,,,,,,55,,,50.2908143,26.8609664,
12:05:00.712,,,,,,,,,,,,,,,,,,-0.125,,,,,,,,,,,,,,,,,,,,,,,,,,,,,,,,,,,,,,,,,,,,,,,,,,,,,,,,,50.2908143,26.8609664,
12:05:00.761,,,,,,,,,,,,,,,,64,0,,,,,,,,,,,,,,,,,,,,,,,,,,,,,,,,,,,,,,,,,,,,,,,,,,,,,,,,,,50.2908867,26.8608785,
12:05:00.881,,,,,,,,,368.52,59.5,,3.83,,,,,,,,,,,,,,,,,,,,,,,,,,,,,,,,,,,,,,,,,,,,,,,,,,,,7.606,,,,,,,,,,,50.2908867,26.8608785,
12:05:00.941,61.75,,-1600,,,,,,,,,,3.812,,,,,,,,,,,,,,,,,,,,,,,,,,,,,,,,,,,,,,,,,,,,,,,,,,,7.642,,,,,,,,,,,50.2908867,26.8608785,
12:05:00.978,,64.5,,,,,,,,,,,,,,,,,,,,,,,,,,,,,,,,,,,,,,,,,,,,,,,,,,,,,,,,,,,,,,,,,,,,,,,,,50.2908867,26.8608785,
12:05:01.194,,,,,,,,,,,,,,,,,,,,,,,,,,,,,,,,,,21.96,20.277778079940212,,,,1999,2,,0.039172657801342076,0.3626871595277778,3.286019,125.641702,8736.017246999998,46.666666666666664,-0.08,,,,,12.77776991793168,,,,20,92,,36,,,,,110,44.1559073087785,,,,,,,19.38186306,,50.2908867,26.8608785,
12:05:01.270,,,,,,,,,,,,,,,,,,,,80,23.137254901960784,100,,,,,,,,,,20.392156862745097,,,,,,,,,7.0588235294117645,,,,,,,,,,,,,14.913768,,,,,,,,,,,,44.1737681087785,,66.2745098039216,100,,,,,,50.2908867,26.8608785,
12:05:01.371,,,,,,,,,,,,,,,,,,,,,,,5.171831250920458,32.580535,668.7468681800001,9839.54902713,0.05444032895705745,0.342953,8.660044000000001,121.23780700000002,7.350000109523535,,22.745098039215687,,,7.350000109523535,21.149012815144843,54.65292997026976,,,,,,,,,,,15.010271945645743,10.436732106539857,6.892650976663784,1.3877926699564818,,,39,,,,35020,,35000,0,0,,111,44.2237681095235,35020,66.2745098039216,,,,,,0,50.2908867,26.8608785,
12:05:01.519,,,,,,,,,,,,,,,23,,,,,,,,,,,,,,,,,,,,,,,,,,,,,,,,,,,,,,,,,,,,,,,,,,,,,,,,,55,,,50.2908867,26.8608785,
12:05:01.563,,,,,,,,,,,,,,,,,,-32.65625,,,,,,,,,,,,,,,,,,,,,,,,,,,,,,,,,,,,,,,,,,,,,,,,,,,,,,,,,50.2908867,26.8608785,
12:05:01.602,,,,,,,,,,,,,,,,-2048,-0.125,,,,,,,,,,,,,,,,,,,,,,,,,,,,,,,,,,,,,,,,,,,,,,,,,,,,,,,,,,50.2908867,26.8608785,
12:05:01.721,,,,,,16,15,15,,,,,,,,,,,,,,,,,,,,,,,,,,,,,,,,,,,,,,,,,,,,,,,,,,,,,,,,,,,,,,,-38,,,,50.2909599,26.8607932,
12:05:01.770,,,,,,,,,373.19,60,,3.888,,,,,,,,,,,,,,,,,,,,,,,,,,,,,,,,,,,,,,,,,,,,,,,,,,,,7.7,,,,,,,,,,,50.2909599,26.8607932,
12:05:01.830,85.65000000000009,,-1600,,,,,,,,,,3.873,,,,,,,,,,,,,,,,,,,,,,,,,,,,,,,,,,,,,,,,,,,,,,,,,,,7.761,,,,,,,,,,,50.2909599,26.8607932,
12:05:01.882,,85.85000000000014,,,,,,,,,,,,,,,,,,,,,,,,,,,,,,,,,,,,,,,,,,,,,,,,,,,,,,,,,,,,,,,,,,,,,,,,,50.2909599,26.8607932,
12:05:02.017,,,,,,,,,,,,,,,,,,,,,,,,,,,,,,,,,,21.900000000000002,21.000000312924385,,,,2000,2,,,0.37060115244444447,3.293933,125.649616,8736.025161,46.666666666666664,-0.08,,,,,12.95339727773381,,,,20,92,,35,,,,,111,44.1637681095235,,,,,,,19.32890715,,50.2909599,26.8607932,
12:05:02.096,,,,,,,,,,,,,,,,,,,,80.3921568627451,23.137254901960784,100,,,,,,,,,,20.392156862745097,,,,,,,,,0,,,,,,,,,,,,,14.928056640000001,,,,,,,,,,,,44.1780567495235,,66.2745098039216,100,,,,,,50.2909599,26.8607932,
12:05:02.174,,,,,,,,,,,,,,,,,,,,,,,5.326455862557878,32.735195000000004,668.90152818,9839.70368713,0.05606795644797766,0.344581,8.661672000000001,121.23943500000003,7.300000108778477,,22.745098039215687,,,7.300000108778477,21.00514197966767,54.254000760350735,,,,,,,,,,,15.128921234637177,10.461081023809532,6.89351251180903,1.3878100482270352,,,39,,,,35020,,35000,0,0,,111,44.1280567487785,35020,66.2745098039216,,,,,,0,50.2909599,26.8607932,
12:05:02.289,,,,,,,,,,,,,,,23,,,,,,,,,,,,,,,,,,,,,,,,,,,,,,,,,,,,,,,,,,,,,,,,,,,,,,,,,55,,,50.2909599,26.8607932,
12:05:02.313,,,,,,,,,,,,,,,,,,-70.546875,,,,,,,,,,,,,,,,,,,,,,,,,,,,,,,,,,,,,,,,,,,,,,,,,,,,,,,,,50.2909599,26.8607932,
12:05:02.366,,,,,,,,,,,,,,,,-4768,-0.296875,,,,,,,,,,,,,,,,,,,,,,,,,,,,,,,,,,,,,,,,,,,,,,,,,,,,,,,,,,50.2909599,26.8607932,
12:05:02.474,,,,,,,,,377.22,60,,3.922,,,,,,,,,,,,,,,,,,,,,,,,,,,,,,,,,,,,,,,,,,,,,,,,,,,,7.795,,,,,,,,,,,50.2909599,26.8607932,
12:05:02.521,92.70000000000005,,-1600,,,,,,,,,,3.906,,,,,,,,,,,,,,,,,,,,,,,,,,,,,,,,,,,,,,,,,,,,,,,,,,,7.828,,,,,,,,,,,50.2909599,26.8607932,
12:05:02.561,,95.70000000000005,,,,,,,,,,,,,,,,,,,,,,,,,,,,,,,,,,,,,,,,,,,,,,,,,,,,,,,,,,,,,,,,,,,,,,,,,50.2909599,26.8607932,
12:05:02.669,,,,,,,,,,,,,,,,,,,,,,,,,,,,,,,,,,,,,,,,,,,,,,,,,,,,,,,,54,,,,,,,,,113,,,,,,,,,,50.2909599,26.8607932,
12:05:02.741,,,,,,,,,,,,,,,,,,,,,,,,,,,,,,,,,,21.84,22.121212450843867,,,,1999,2,,-0.00833179481493753,0.37722105694444447,3.300553,125.65623599999999,8736.031780999998,46.666666666666664,-0.08,,,,,13.092976582775565,,,,20,92,,33,,,,,113,44.0680567487785,,,,,,,19.275951239999998,,50.2910304,26.8607142,
12:05:02.826,,,,,,,,,,,,,,,,,,,,80.3921568627451,23.137254901960784,100,,,,,,,,,,20.392156862745097,,,,,,,,,0,,,,,,,,,,,,,14.94100572,,,,,,,,,,,,44.0810058287785,,66.2745098039216,100,,,,,,50.2910304,26.8607142,
12:05:02.914,,,,,,,,,,,,,,,,,,,,,,,5.468967263625907,32.877695,669.04402818,9839.84618713,0.057568076459220074,0.346081,8.663172000000001,121.24093500000002,7.300000108778477,,22.745098039215687,,,7.300000108778477,21.00514197966767,54.28114133101624,,,,,,,,,,,15.261098339931342,10.485545907004068,6.894343071043447,1.3878261668379805,,,39,,,,35040,,35000,0,0,,113,44.0810058287785,35040,66.2745098039216,,,,,,0,50.2910304,26.8607142,
12:05:03.038,,,,,,,,,,,,,,,23,,,,,,,,,,,,,,,,,,,,,,,,,,,,,,,,,,,,,,,,,,,,,,,,,,,,,,,,,55,,,50.2910304,26.8607142,
12:05:03.133,,,,,,,,,,,,,,,,,,-73.484375,,,,,,,,,,,,,,,,,,,,,,,,,,,,,,,,,,,,,,,,,,,,,,,,,,,,,,,,,50.2910304,26.8607142,
12:05:03.218,,,,,,,,,,,,,,,,-4544,-0.28125,,,,,,,,,,,,,,,,,,,,,,,,,,,,,,,,,,,,,,,,,,,,,,,,,,,,,,,,,,50.2910304,26.8607142,
12:05:03.361,,,,,16,,,,,,56,,,63.75,,,,,,,,,,,,,,,,,,,,,,,,,,,,,,,,,,,,,,,,,,,,,,,,,,,,,,,,124.25,-38,,,,50.2910304,26.8607142,
12:05:03.424,,,,,,,,,377.86,60.5,,3.927,,,,,,,,,,,,,,,,,,,,,,,,,,,,,,,,,,,,,,,,,,,,,,,,,,,,7.833,,,,,,,,,,,50.2910304,26.8607142,
12:05:03.486,92.70000000000005,,-1600,,,,,,,,,,3.911,,,,,,,,,,,,,,,,,,,,,,,,,,,,,,,,,,,,,,,,,,,,,,,,,,,7.838,,,,,,,,,,,50.2910304,26.8607142,
12:05:03.525,,89.10000000000014,,,,,,,,,,,,,,,,,,,,,,,,,,,,,,,,,,,,,,,,,,,,,,,,,,,,,,,,,,,,,,,,,,,,,,,,,50.2910304,26.8607142,
12:05:03.682,,,,,,,,,,,,,,,,,,,,,,,,,,,,,,,,,,21.900000000000002,23.548387447672503,,,,1999,2,,-0.0413734643575397,0.38549133855555556,3.308823,125.664506,8736.040050999998,46.666666666666664,-0.09,,,,,13.257270505475422,,,,20,91,,31,,,,,113,44.1410058287785,,,,,,,19.32890715,,50.2910304,26.8607142,
12:05:03.781,,,,,,,,,,,,,,,,,,,,80.3921568627451,23.137254901960784,100,,,,,,,,,,20.784313725490197,,,,,,,,,0,,,,,,,,,,,,,14.94993612,,,,,,,,,,,,44.1499362287785,,66.6666666666667,100,,,,,,50.2910964,26.8606444,
12:05:03.846,,,,,,,,,,,,,,,,,,,,,,,5.6473661624995355,33.056105,669.22243818,9840.024597130001,0.05944595960525827,0.347959,8.66505,121.24281300000003,7.250000108033419,,22.745098039215687,,,7.250000108033419,20.861271144190496,53.909352691762706,,,,,,,,,,,15.420828864275801,10.516095904797568,6.895383808694557,1.387846350202133,,,39,,,,34970,,35000,0,0,,113,44.0999362280334,34970,66.6666666666667,,,,,,0,50.2910964,26.8606444,
12:05:03.973,,,,,,,,,,,,,,,23,,,,,,,,,,,,,,,,,,,,,,,,,,,,,,,,,,,,,,,,,,,,,,,,,,,,,,,,,55,,,50.2910964,26.8606444,
12:05:04.026,,,,,,,,,,,,,,,,,,-73.5,,,,,,,,,,,,,,,,,,,,,,,,,,,,,,,,,,,,,,,,,,,,,,,,,,,,,,,,,50.2910964,26.8606444,
12:05:04.062,,,,,,,,,,,,,,,,-4832,-0.296875,,,,,,,,,,,,,,,,,,,,,,,,,,,,,,,,,,,,,,,,,,,,,,,,,,,,,,,,,,50.2910964,26.8606444,
12:05:04.205,,,,,,,,,377.06,61,,3.932,,,,,,,,,,,,,,,,,,,,,,,,,,,,,,,,,,,,,,,,,,,,,,,,,,,,7.843,,,,,,,,,,,50.2910964,26.8606444,
12:05:04.257,88.45000000000005,,-1600,,,,,,,,,,3.918,,,,,,,,,,,,,,,,,,,,,,,,,,,,,,,,,,,,,,,,,,,,,,,,,,,7.85,,,,,,,,,,,50.2910964,26.8606444,
12:05:04.293,,89.10000000000014,,,,,,,,,,,,,,,,,,,,,,,,,,,,,,,,,,,,,,,,,,,,,,,,,,,,,,,,,,,,,,,,,,,,,,,,,50.2910964,26.8606444,
12:05:04.470,,,,,,,,,,,,,,,,,,,,,,,,,,,,,,,,,,22.02,25.892857528690783,,,,1998,2,,-0.0691621652357918,0.39148183200000003,3.314813,125.670496,8736.046041,46.666666666666664,-0.09,,,,,13.364951295037967,,,,20,91,,28,,,,,113,44.2199362280334,,,,,,,19.43481897,,50.2910964,26.8606444,
12:05:04.550,,,,,,,,,,,,,,,,,,,,80,23.137254901960784,100,,,,,,,,,,20.784313725490197,,,,,,,,,0,,,,,,,,,,,,,15.21338292,,,,,,,,,,,,44.4833830280334,,66.6666666666667,100,,,,,,50.2910964,26.8606444,
12:05:04.649,,,,,,,,,,,,,,,,,,,,,,,5.80087597009951,33.209625,669.37595818,9840.17811713,0.061061852316836945,0.349575,8.666666000000001,121.24442900000003,7.250000108033419,,22.745098039215687,,,7.250000108033419,20.861271144190496,53.9363343497666,,,,,,,,,,,15.597620968739346,10.545843762528989,6.89634104730517,1.3878638966756336,,,39,,,,34990,,35000,0,0,,113,44.4833830280334,34990,66.6666666666667,,,,,,0,50.2910964,26.8606444,
12:05:04.770,,,,,,,,,,,,,,,23,,,,,,,,,,,,,,,,,,,,,,,,,,,,,,,,,,,,,,,,,,,,,,,,,,,,,,,,,55,,,50.291158,26.8605847,
12:05:04.818,,,,,,,,,,,,,,,,,,-73.3125,,,,,,,,,,,,,,,,,,,,,,,,,,,,,,,,,,,,,,,,,,,,,,,,,,,,,,,,,50.291158,26.8605847,
12:05:04.853,,,,,,,,,,,,,,,,-4640,-0.296875,,,,,,,,,,,,,,,,,,,,,,,,,,,,,,,,,,,,,,,,,,,,,,,,,,,,,,,,,,50.291158,26.8605847,
12:05:05.086,,,,,,,,,378.02,61.5,,3.935,,,,,,,,,,,,,,,,,,,,,,,,,,,,,,,,,,,,,,,,,,,,,,,,,,,,7.853,,,,,,,,,,,50.291158,26.8605847,
12:05:05.175,86.30000000000018,,-1600,,,,,,,,,,3.919,,,,,,,,,,,,,,,,,,,,,,,,,,,,,,,,,,,,,,,,,,,,,,,,,,,7.854,,,,,,,,,,,50.291158,26.8605847,
12:05:05.213,,81.60000000000014,,,,,,,,,,,,,,,,,,,,,,,,,,,,,,,,,,,,,,,,,,,,,,,,,,,,,,,,,,,,,,,,,,,,,,,,,50.291158,26.8605847,
12:05:05.334,,,,,,,,,,,,,,,,,,,,,,,,,,,,,,,,,,21.72,27.884615800128532,,,,2000,2,,-0.0768484515488902,0.39782686405555556,3.321158,125.676841,8736.052386,46.666666666666664,-0.08,,,,,13.469348743454335,,,,20,92,,26,,,,,113,44.1833830280334,,,,,,,19.17003942,,50.291158,26.8605847,
12:05:05.430,,,,,,,,,,,,,,,,,,,,80,23.137254901960784,100,,,,,,,,,,20.392156862745097,,,,,,,,,0,,,,,,,,,,,,,15.16649832,,,,,,,,,,,,44.1364984280334,,66.2745098039216,100,,,,,,50.291158,26.8605847,
12:05:05.519,,,,,,,,,,,,,,,,,,,,,,,5.965124018810886,33.37388,669.54021318,9840.34237213,0.06279077914537774,0.351304,8.668395000000002,121.24615800000002,7.1500001065433025,,22.745098039215687,,,7.1500001065433025,20.573529473236142,53.13919252554901,,,,,,,,,,,15.783443708469411,10.577756312707796,6.89736862498,1.3878826802172524,,,39,,,,34970,,35000,0,0,,113,44.0364984265433,34970,66.2745098039216,,,,,,0,50.291158,26.8605847,
12:05:05.655,,,,,,,,,,,,,,,23,,,,,,,,,,,,,,,,,,,,,,,,,,,,,,,,,,,,,,,,,,,,,,,,,,,,,,,,,55,,,50.291158,26.8605847,
12:05:05.707,,,,,,,,,,,,,,,,,,-73.109375,,,,,,,,,,,,,,,,,,,,,,,,,,,,,,,,,,,,,,,,,,,,,,,,,,,,,,,,,50.291158,26.8605847,
12:05:05.745,,,,,,,,,,,,,,,,-4544,-0.28125,,,,,,,,,,,,,,,,,,,,,,,,,,,,,,,,,,,,,,,,,,,,,,,,,,,,,,,,,,50.2912131,26.8605311,
12:05:05.845,,,,,,,,,377.22,61.5,,3.936,,,,,,,,,,,,,,,,,,,,,,,,,,,,,,,,,,,,,,,,,,,,,,,,,,,,7.855,,,,,,,,,,,50.2912131,26.8605311,
12:05:05.905,82.90000000000009,,-1600,,,,,,,,,,3.921,,,,,,,,,,,,,,,,,,,,,,,,,,,,,,,,,,,,,,,,,,,,,,,,,,,7.857,,,,,,,,,,,50.2912131,26.8605311,
12:05:05.941,,82.65000000000009,,,,,,,,,,,,,,,,,,,,,,,,,,,,,,,,,,,,,,,,,,,,,,,,,,,,,,,,,,,,,,,,,,,,,,,,,50.2912131,26.8605311,
12:05:06.077,,,,,,,,,,,,,,,,,,,,,,,,,,,,,,,,,,21.7,29.791667110597096,,,,2001,2,,-0.07640621030008035,0.40269032005555555,3.326021,125.681704,8736.057249,46.666666666666664,-0.08,,,,,13.541107013490702,,,,20,92,,24,,,,,113,44.0164984265433,,,,,,,19.15238745,,50.2912131,26.8605311,
12:05:06.189,,,,,,,,,,,,,,,,,,,,80.3921568627451,23.137254901960784,100,,,,,,,,,,20.784313725490197,,,,,,,,,5.098039215686274,,,,,,,,,,,,,15.114702,,,,,,,,,,,,43.9647021065433,,66.6666666666667,100,,,,,,50.2912131,26.8605311,
12:05:06.289,,,,,,,,,,,,,,,,,,,,,,,6.109415496655441,33.518185,669.68451818,9840.486677130002,0.06430963680689937,0.352823,8.669914000000002,121.24767700000002,7.1000001057982445,,22.745098039215687,,,7.1000001057982445,20.42965863775897,52.74121917102959,,,,,,,,,,,15.969998185709343,10.607960683351067,6.898310353907998,1.387899295347212,,,39,,,,34970,,35000,0,0,,113,43.9147021057982,34970,66.6666666666667,,,,,,0,50.2912131,26.8605311,
12:05:06.429,,,,,,,,,,,,,,,23,,,,,,,,,,,,,,,,,,,,,,,,,,,,,,,,,,,,,,,,,,,,,,,,,,,,,,,,,55,,,50.2912131,26.8605311,
12:05:06.478,,,,,,,,,,,,,,,,,,-28.140625,,,,,,,,,,,,,,,,,,,,,,,,,,,,,,,,,,,,,,,,,,,,,,,,,,,,,,,,,50.2912131,26.8605311,
12:05:06.526,,,,,,,,,,,,,,,,-2016,-0.125,,,,,,,,,,,,,,,,,,,,,,,,,,,,,,,,,,,,,,,,,,,,,,,,,,,,,,,,,,50.2912131,26.8605311,
12:05:06.637,,,,,,,,,374.32,62,,3.913,,,,,,,,,,,,,,,,,,,,,,,,,,,,,,,,,,,,,,,,,,,,,,,,,,,,7.834,,,,,,,,,,,50.2912131,26.8605311,
12:05:06.697,57.90000000000009,,-1600,,,,,,,,,,3.894,,,,,,,,,,,,,,,,,,,,,,,,,,,,,,,,,,,,,,,,,,,,,,,,,,,7.807,,,,,,,,,,,50.2912131,26.8605311,
12:05:06.746,,58.950000000000045,,,,,,,,,,,,,,,,,,,,,,,,,,,,,,,,,,,,,,,,,,,,,,,,,,,,,,,,,,,,,,,,,,,,,,,,,50.291261,26.8604788,
12:05:06.830,,,,,,,,,,,,,,,,,,,,,,,,,,,,,,,,,,,,,,,,,,,,,,,,,,,,,,,,55,,,,,,,,,114,,,,,,,,,,50.291261,26.8604788,
12:05:06.890,,,,,,,,,,,,,,,,,,,,,,,,,,,,,,,,,,21.77,32.27272775362839,,,,2001,2,,-0.07946694240053966,0.4076611846111111,3.330992,125.686675,8736.062219999998,46.666666666666664,-0.08,,,,,13.604892007098648,,,,20,92,,22,,,,,114,43.9847021057982,,,,,,,19.214169345,,50.291261,26.8604788,
12:05:07.018,,,,,,,,,,,,,,,,,,,,80.3921568627451,23.137254901960784,100,,,,,,,,,,20.784313725490197,,,,,,,,,9.019607843137255,,,,,,,,,,,,,15.087464279999999,,,,,,,,,,,,43.9574643857982,,66.6666666666667,100,,,,,,50.291261,26.8604788,
12:05:07.117,,,,,,,,,,,,,,,,,,,,,,,6.264652423413095,33.673415000000006,669.83974818,9840.64190713,0.06594370972013784,0.354457,8.671548000000001,121.24931100000002,7.1000001057982445,,23.137254901960784,,,7.1000001057982445,20.42965863775897,52.74121917102959,,,,,,,,,,,16.176107073584873,10.641184367900014,6.899337578943832,1.3879172096830608,,,40,,,,34950,,35000,0,0,,115,43.9574643857982,34950,67.0588235294118,,,,,,0,50.291261,26.8604788,
12:05:07.206,,,,,,,,,,,,,,,,,,,32,,,,,,,,,,,,,,,,,,,,,,,,,,,,,,,,,,,,,,,,,,,,,,,,,,,,,55,,,50.291261,26.8604788,
12:05:07.307,,,,,,,,,,,,,,,23,,,,,,,,,,,,,,,,,,,,,,,,,,,,,,,,,,,,,,,,,,,,,,,,,,,,,,,,,55,,,50.291261,26.8604788,
12:05:07.343,,,,,,,,,,,,,,,,,,7.140625,,,,,,,,,,,,,,,,,,,,,,,,,,,,,,,,,,,,,,,,,,,,,,,,,,,,,,,,,50.291261,26.8604788,
12:05:07.381,,,,,,,,,,,,,,,,512,0.03125,,,,,,,,,,,,,,,,,,,,,,,,,,,,,,,,,,,,,,,,,,,,,,,,,,,,,,,,,,50.291261,26.8604788,
12:05:07.503,,,,,,,,,372.55,62.5,,3.894,,,,,,,,,,,,,,,,,,,,,,,,,,,,,,,,,,,,,,,,,,,,,,,,,,,,7.788,,,,,,,,,,,50.291261,26.8604788,
12:05:07.557,50.200000000000045,,-1600,,,,,,,,,,3.878,,,,,,,,,,,,,,,,,,,,,,,,,,,,,,,,,,,,,,,,,,,,,,,,,,,7.772,,,,,,,,,,,50.291261,26.8604788,
12:05:07.609,,50.40000000000009,,,,,,,,,,,,,,,,,,,,,,,,,,,,,,,,,,,,,,,,,,,,,,,,,,,,,,,,,,,,,,,,,,,,,,,,,50.291261,26.8604788,
12:05:07.741,,,,,,,,,,,,,,,,,,,,,,,,,,,,,,,,,,21.85,32.27272775362839,,,,2000,2,,-0.051950286418356306,0.41292428800000003,3.336255,125.691938,8736.067482999999,46.666666666666664,-0.09,,,,,13.671386801885495,,,,20,91,,22,,,,,115,44.0374643857982,,,,,,,19.284777225000003,,50.2913043,26.8604229,
12:05:07.842,,,,,,,,,,,,,,,,,,,,80,23.137254901960784,100,,,,,,,,,,20.784313725490197,,,,,,,,,10.196078431372548,,,,,,,,,,,,,15.050849640000001,,,,,,,,,,,,44.0008497457982,,67.0588235294118,100,,,,,,50.2913043,26.8604229,
12:05:07.942,,,,,,,,,,,,,,,,,,,,,,,6.41922618550809,33.827980000000004,669.9943131800001,9840.796472130001,0.06757080195271674,0.356084,8.673175,121.25093800000002,7.1000001057982445,,23.137254901960784,,,7.1000001057982445,20.42965863775897,52.76758978061511,,,,,,,,,,,16.36396887187143,10.673164970903004,6.9003431230410355,1.3879349974796897,,,40,,,,34980,,35000,0,0,,115,44.0008497457982,34980,67.0588235294118,,,,,,0,50.2913043,26.8604229,
12:05:08.090,,,,,,,,,,,,,,,23,,,,,,,,,,,,,,,,,,,,,,,,,,,,,,,,,,,,,,,,,,,,,,,,,,,,,,,,,55,,,50.2913043,26.8604229,
12:05:08.126,,,,,,,,,,,,,,,,,,4.5,,,,,,,,,,,,,,,,,,,,,,,,,,,,,,,,,,,,,,,,,,,,,,,,,,,,,,,,,50.2913043,26.8604229,
12:05:08.161,,,,,,,,,,,,,,,,288,0.015625,,,,,,,,,,,,,,,,,,,,,,,,,,,,,,,,,,,,,,,,,,,,,,,,,,,,,,,,,,50.2913043,26.8604229,
12:05:08.249,,,,-100,,,,,,,,,,,,,,,,,,,,,,,,,,,,,,,,,,,,,,,,,,,,,,,,,,,,,,,,,,,,,,,,,,,-38,,,,50.2913043,26.8604229,
12:05:08.373,,,,,,,,,373.03000000000003,62.5,,3.9,,,,,,,,,,,,,,,,,,,,,,,,,,,,,,,,,,,,,,,,,,,,,,,,,,,,7.778,,,,,,,,,,,50.2913043,26.8604229,
12:05:08.434,54.05000000000018,,-1600,,,,,,,,,,3.887,,,,,,,,,,,,,,,,,,,,,,,,,,,,,,,,,,,,,,,,,,,,,,,,,,,7.787,,,,,,,,,,,50.2913043,26.8604229,
12:05:08.481,,55.75,,,,,,,,,,,,,,,,,,,,,,,,,,,,,,,,,,,,,,,,,,,,,,,,,,,,,,,,,,,,,,,,,,,,,,,,,50.2913043,26.8604229,
12:05:08.603,,,,,,,,,,,,,,,,,,,,,,,,,,,,,,,,,,21.8,32.27272775362839,,,,1998,2,,-0.03466477551610213,0.41812478550000004,3.341455,125.697138,8736.072682999999,46.666666666666664,-0.09,,,,,13.736064014922157,,,,20,91,,22,,,,,115,43.9508497457982,,,,,,,19.2406473,,50.2913043,26.8604229,
12:05:08.770,,,,,,,,,,,,,,,,,,,,80,23.137254901960784,100,,,,,,,,,,20.784313725490197,,,,,,,,,6.666666666666667,,,,,,,,,,,,,15.01602108,,,,,,,,,,,,43.9160211857982,,67.0588235294118,100,,,,,,50.2913481,26.8603653,
12:05:08.890,,,,,,,,,,,,,,,,,,,,,,,6.596651127346372,34.00544,670.1717731800001,9840.973932130002,0.0694384329194355,0.357952,8.675043,121.25280600000002,7.1000001057982445,,22.745098039215687,,,7.1000001057982445,20.42965863775897,52.82041019080591,,,,,,,,,,,16.60710757349626,10.712459093418886,6.901543772619549,1.3879555539407598,,,40,,,,34970,,35000,0,0,,115,43.9160211857982,34970,66.6666666666667,,,,,,0,50.2913481,26.8603653,
12:05:09.039,,,,,,,,,,,,,,,23,,,,,,,,,,,,,,,,,,,,,,,,,,,,,,,,,,,,,,,,,,,,,,,,,,,,,,,,,55,,,50.2913481,26.8603653,
12:05:09.077,,,,,,,,,,,,,,,,,,-33.203125,,,,,,,,,,,,,,,,,,,,,,,,,,,,,,,,,,,,,,,,,,,,,,,,,,,,,,,,,50.2913481,26.8603653,
12:05:09.115,,,,,,,,,,,,,,,,-2080,-0.140625,,,,,,,,,,,,,,,,,,,,,,,,,,,,,,,,,,,,,,,,,,,,,,,,,,,,,,,,,,50.2913481,26.8603653,
12:05:09.266,,,,,,,,,375.29,63,,3.918,,,,,,,,,,,,,,,,,,,,,,,,,,,,,,,,,,,,,,,,,,,,,,,,,,,,7.805,,,,,,,,,,,50.2913481,26.8603653,
12:05:09.329,69.85000000000014,,-1600,,,,,,,,,,3.912,,,,,,,,,,,,,,,,,,,,,,,,,,,,,,,,,,,,,,,,,,,,,,,,,,,7.83,,,,,,,,,,,50.2913481,26.8603653,
12:05:09.366,,67.30000000000018,,,,,,,,,,,,,,,,,,,,,,,,,,,,,,,,,,,,,,,,,,,,,,,,,,,,,,,,,,,,,,,,,,,,,,,,,50.2913481,26.8603653,
12:05:09.498,,,,,,,,,,,,,,,,,,,,,,,,,,,,,,,,,,21.86,33.80952431332497,,,,1999,2,,-0.024837978742855527,0.42334766575000005,3.346678,125.702361,8736.077905999999,46.666666666666664,-0.09,,,,,13.794932817512036,,,,20,91,,21,,,,,115,43.9760211857982,,,,,,,19.29360321,,50.2913481,26.8603653,
12:05:09.603,,,,,,,,,,,,,,,,,,,,80.3921568627451,23.137254901960784,100,,,,,,,,,,20.784313725490197,,,,,,,,,3.1372549019607843,,,,,,,,,,,,,14.98565772,,,,,,,,,,,,43.9456578257982,,66.6666666666667,100,,,,,,50.2913481,26.8603653,
12:05:09.718,,,,,,,,,,,,,,,,,,,,,,,6.75305662537144,34.161809999999996,670.32814318,9841.130302130001,0.07108480658285726,0.359598,8.676689000000001,121.25445200000003,7.1000001057982445,,23.137254901960784,,,7.1000001057982445,20.42965863775897,52.7939867740021,,,,,,,,,,,16.791118112562135,10.744923772170491,6.902566452192573,1.3879735655370202,,,40,,,,35000,,35000,0,0,,115,43.9456578257982,35000,67.0588235294118,,,,,,0,50.2913481,26.8603653,
12:05:09.870,,,,,,,,,,,,,,,23,,,,,,,,,,,,,,,,,,,,,,,,,,,,,,,,,,,,,,,,,,,,,,,,,,,,,,,,,55,,,50.2913907,26.8603122,
12:05:09.919,,,,,,,,,,,,,,,,,,-50.484375,,,,,,,,,,,,,,,,,,,,,,,,,,,,,,,,,,,,,,,,,,,,,,,,,,,,,,,,,50.2913907,26.8603122,
12:05:09.969,,,,,,,,,,,,,,,,-3104,-0.203125,,,,,,,,,,,,,,,,,,,,,,,,,,,,,,,,,,,,,,,,,,,,,,,,,,,,,,,,,,50.2913907,26.8603122,
12:05:10.077,,,,,,16,15,15,,,,,,,,,,,,,,,,,,,,,,,,,,,,,,,,,,,,,,,,,,,,,,,,,,,,,,,,,,,,,,,-38,,,,50.2913907,26.8603122,
12:05:10.137,,,,,16,,,,,,51,,,63.75,,,,,,,,,,,,,,,,,,,,,,,,,,,,,,,,,,,,,,,,,,,,,,,,,,,,,,,,119.75,-38,,,,50.2913907,26.8603122,
12:05:10.185,,,,,,,,,375.29,63,,3.936,,,,,,,,,,,,,,,,,,,,,,,,,,,,,,,,,,,,,,,,,,,,,,,,,,,,7.848,,,,,,,,,,,50.2913907,26.8603122,
12:05:10.262,70.5,,-1600,,,,,,,,,,3.922,,,,,,,,,,,,,,,,,,,,,,,,,,,,,,,,,,,,,,,,,,,,,,,,,,,7.858,,,,,,,,,,,50.2913907,26.8603122,
12:05:10.301,,70.05000000000018,,,,,,,,,,,,,,,,,,,,,,,,,,,,,,,,,,,,,,,,,,,,,,,,,,,,,,,,,,,,,,,,,,,,,,,,,50.2913907,26.8603122,
12:05:10.438,,,,,,,,,,,,,,,,,,,,,,,,,,,,,,,,,,22.06,35.50000052899122,,,,2000,2,,-0.0159678647451179,0.4286356724166667,3.351966,125.707649,8736.083193999999,47.05882352941177,-0.09,,,,,13.847936401305716,,,,19,91,,20,,,,,114,44.1456578257982,,,,,,,19.470122909999997,,50.2913907,26.8603122,
12:05:10.585,,,,,,,,,,,,,,,,,,,,80,23.529411764705884,100,,,,,,,,,,21.176470588235293,,,,,,,,,5.098039215686274,,,,,,,,,,,,,14.9539548,,,,,,,,,,,,44.1139549057982,,67.4509803921569,100,,,,,,50.2913907,26.8603122,
12:05:10.733,,,,,,,,,,,,,,,,,,,,,,,6.941871605310002,34.35067,670.5170031800001,9841.319162130001,0.0730723326874737,0.361586,8.678677000000002,121.25644000000003,7.1000001057982445,,23.137254901960784,,,7.1000001057982445,20.42965863775897,52.76758978061511,,,,,,,,,,,17.047655477550126,10.787281255239462,6.903857536942722,1.3879954815824072,,,40,,,,34950,,35000,0,0,,114,44.1139549057982,34950,67.843137254902,,,,,,0,50.2914322,26.860269,
12:05:10.962,,,,,,,,,,,,,,,23,,,,,,,,,,,,,,,,,,,,,,,,,,,,,,,,,,,,,,,,,,,,,,,,,,,,,,,,,55,,,50.2914322,26.860269,
12:05:11.007,,,,,,,,,,,,,,,,,,-20.890625,,,,,,,,,,,,,,,,,,,,,,,,,,,,,,,,,,,,,,,,,,,,,,,,,,,,,,,,,50.2914322,26.860269,
12:05:11.045,,,,,,,,,,,,,,,,-1216,-0.078125,,,,,,,,,,,,,,,,,,,,,,,,,,,,,,,,,,,,,,,,,,,,,,,,,,,,,,,,,,50.2914322,26.860269,
12:05:11.170,,,,,,,,,375.13,63.5,,3.931,,,,,,,,,,,,,,,,,,,,,,,,,,,,,,,,,,,,,,,,,,,,,,,,,,,,7.853,,,,,,,,,,,50.2914322,26.860269,
12:05:11.221,57.450000000000045,,-1600,,,,,,,,,,3.912,,,,,,,,,,,,,,,,,,,,,,,,,,,,,,,,,,,,,,,,,,,,,,,,,,,7.843,,,,,,,,,,,50.2914322,26.860269,
12:05:11.258,,60.850000000000136,,,,,,,,,,,,,,,,,,,,,,,,,,,,,,,,,,,,,,,,,,,,,,,,,,,,,,,,,,,,,,,,,,,,,,,,,50.2914322,26.860269,
12:05:11.390,,,,,,,,,,,,,,,,,,,,,,,,,,,,,,,,,,,,,,,,,,,,,,,,,,,,,,,,57,,,,,,,,,116,,,,,,,,,,50.2914322,26.860269,
12:05:11.453,,,,,,,,,,,,,,,,,,,,,,,,,,,,,,,,,,21.79,39.44444503221247,,,,1998,2,,-0.030527173937243388,0.43373718141666673,3.357068,125.712751,8736.088295999998,46.666666666666664,-0.08,,,,,13.885609247799167,,,,19,92,,18,,,,,116,43.8439549057982,,,,,,,19.231821314999998,,50.2914322,26.860269,
12:05:11.561,,,,,,,,,,,,,,,,,,,,80.3921568627451,23.529411764705884,100,,,,,,,,,,21.176470588235293,,,,,,,,,5.098039215686274,,,,,,,,,,,,,14.924037960000001,,,,,,,,,,,,43.8140380657982,,67.843137254902,100,,,,,,50.2914322,26.860269,
12:05:11.657,,,,,,,,,,,,,,,,,,,,,,,7.115325166033551,34.52414,670.69047318,9841.49263213,0.07489815964245843,0.363412,8.680503000000002,121.25826600000002,7.1000001057982445,,23.529411764705884,,,7.1000001057982445,20.42965863775897,52.82041019080591,,,,,,,,,,,17.268097560330666,10.825279678576663,6.90502986447254,1.3880155727766703,,,41,,,,34970,,35000,0,0,,117,43.8140380657982,34970,68.2352941176471,,,,,,0,50.2914322,26.860269,
12:05:11.810,,,,,,,,,,,,,,,23,,,,,,,,,,,,,,,,,,,,,,,,,,,,,,,,,,,,,,,,,,,,,,,,,,,,,,,,,55,,,50.2914725,26.8602307,
12:05:11.870,,,,,,,,,,,,,,,,,,-42.28125,,,,,,,,,,,,,,,,,,,,,,,,,,,,,,,,,,,,,,,,,,,,,,,,,,,,,,,,,50.2914725,26.8602307,
12:05:11.917,,,,,,,,,,,,,,,,-2816,-0.171875,,,,,,,,,,,,,,,,,,,,,,,,,,,,,,,,,,,,,,,,,,,,,,,,,,,,,,,,,,50.2914725,26.8602307,
12:05:12.062,,,,,,,,,376.90000000000003,63.5,,3.938,,,,,,,,,,,,,,,,,,,,,,,,,,,,,,,,,,,,,,,,,,,,,,,,,,,,7.85,,,,,,,,,,,50.2914725,26.8602307,
12:05:12.126,68.80000000000018,,-1600,,,,,,,,,,3.923,,,,,,,,,,,,,,,,,,,,,,,,,,,,,,,,,,,,,,,,,,,,,,,,,,,7.861,,,,,,,,,,,50.2914725,26.8602307,
12:05:12.162,,69.20000000000005,,,,,,,,,,,,,,,,,,,,,,,,,,,,,,,,,,,,,,,,,,,,,,,,,,,,,,,,,,,,,,,,,,,,,,,,,50.2914725,26.8602307,
12:05:12.286,,,,,,,,,,,,,,,,,,,,,,,,,,,,,,,,,,21.93,41.76470650469556,,,,1999,2,,-0.03845291231075021,0.4376298178055556,3.360961,125.716644,8736.092188999999,46.666666666666664,-0.09,,,,,13.908273131023487,,,,19,91,,17,,,,,117,43.9540380657982,,,,,,,19.355385105,,50.2914725,26.8602307,
12:05:12.406,,,,,,,,,,,,,,,,,,,,80.3921568627451,23.529411764705884,100,,,,,,,,,,21.176470588235293,,,,,,,,,0.7843137254901961,,,,,,,,,,,,,14.901711960000002,,,,,,,,,,,,43.9317120657982,,68.2352941176471,100,,,,,,50.2914725,26.8602307,
12:05:12.501,,,,,,,,,,,,,,,,,,,,,,,7.274436141258656,34.683265,670.84959818,9841.651757130001,0.07657301201324901,0.365087,8.682178000000002,121.25994100000003,7.1500001065433025,,23.529411764705884,,,7.1500001065433025,20.573529473236142,53.16577541325563,,,,,,,,,,,17.497210861274393,10.862577697271702,6.906148401479761,1.3880341275780468,,,41,,,,34970,,35000,0,0,,117,43.9817120665433,34970,68.2352941176471,,,,,,0,50.2914725,26.8602307,
12:05:12.794,,,,,,,,,,,,,,,23,,,,,,,,,,,,,,,,,,,,,,,,,,,,,,,,,,,,,,,,,,,,,,,,,,,,,,,,,55,,,50.2915081,26.8601938,
12:05:12.842,,,,,,,,,,,,,,,,,,-42.171875,,,,,,,,,,,,,,,,,,,,,,,,,,,,,,,,,,,,,,,,,,,,,,,,,,,,,,,,,50.2915081,26.8601938,
12:05:12.891,,,,,,,,,,,,,,,,-2592,-0.171875,,,,,,,,,,,,,,,,,,,,,,,,,,,,,,,,,,,,,,,,,,,,,,,,,,,,,,,,,,50.2915081,26.8601938,
12:05:13.013,,,,,,,,,377.38,64,,3.939,,,,,,,,,,,,,,,,,,,,,,,,,,,,,,,,,,,,,,,,,,,,,,,,,,,,7.862,,,,,,,,,,,50.2915081,26.8601938,
12:05:13.062,59.80000000000018,,-1600,,,,,,,,,,3.916,,,,,,,,,,,,,,,,,,,,,,,,,,,,,,,,,,,,,,,,,,,,,,,,,,,7.855,,,,,,,,,,,50.2915081,26.8601938,
12:05:13.097,,60.850000000000136,,,,,,,,,,,,,,,,,,,,,,,,,,,,,,,,,,,,,,,,,,,,,,,,,,,,,,,,,,,,,,,,,,,,,,,,,50.2915081,26.8601938,
12:05:13.229,,,,,,,,,,,,,,,,,,,,,,,,,,,,,,,,,,22,47.66666737695535,,,,1999,2,,-0.04555017563889586,0.44155999113888894,3.364891,125.720574,8736.096118999998,47.05882352941177,-0.09,,,,,13.917288829300178,,,,19,91,,15,,,,,117,44.0517120665433,,,,,,,19.417167,,50.2915081,26.8601938,
12:05:13.333,,,,,,,,,,,,,,,,,,,,80.7843137254902,23.529411764705884,100,,,,,,,,,,21.176470588235293,,,,,,,,,6.2745098039215685,,,,,,,,,,,,,14.882065079999999,,,,,,,,,,,,44.0320651865433,,68.2352941176471,100,,,,,,50.2915081,26.8601938,
12:05:13.409,,,,,,,,,,,,,,,,,,,,,,,7.445768107193645,34.854549999999996,671.02088318,9841.823042130001,0.07837650639151206,0.36689,8.683981000000001,121.26174400000002,7.1500001065433025,,23.529411764705884,,,7.1500001065433025,20.573529473236142,53.16577541325563,,,,,,,,,,,17.74991121576941,10.90347354490829,6.907366649471391,1.3880541416694094,,,41,,,,34950,,35000,0,0,,117,44.0320651865433,34950,68.2352941176471,,,,,,0,50.2915081,26.8601938,
12:05:13.541,,,,,,,,,,,,,,,23,,,,,,,,,,,,,,,,,,,,,,,,,,,,,,,,,,,,,,,,,,,,,,,,,,,,,,,,,55,,,50.2915081,26.8601938,
12:05:13.589,,,,,,,,,,,,,,,,,,17.421875,,,,,,,,,,,,,,,,,,,,,,,,,,,,,,,,,,,,,,,,,,,,,,,,,,,,,,,,,50.2915081,26.8601938,
12:05:13.625,,,,,,,,,,,,,,,,1088,0.0625,,,,,,,,,,,,,,,,,,,,,,,,,,,,,,,,,,,,,,,,,,,,,,,,,,,,,,,,,,50.2915081,26.8601938,
12:05:13.733,,,,,,,,,376.25,64.5,,3.913,,,,,,,,,,,,,,,,,,,,,,,,,,,,,,,,,,,,,,,,,,,,,,,,,,,,7.829,,,,,,,,,,,50.2915354,26.8601524,
12:05:13.816,44.850000000000136,,-1600,,,,,,,,,,3.903,,,,,,,,,,,,,,,,,,,,,,,,,,,,,,,,,,,,,,,,,,,,,,,,,,,7.816,,,,,,,,,,,50.2915354,26.8601524,
12:05:13.866,,46.55000000000018,,,,,,,,,,,,,,,,,,,,,,,,,,,,,,,,,,,,,,,,,,,,,,,,,,,,,,,,,,,,,,,,,,,,,,,,,50.2915354,26.8601524,
12:05:13.973,,,,,,,,,,,,,,,,,,,,,,,,,,,,,,,,,,21.81,47.66666737695535,,,,1999,2,,-0.04006674803399237,0.4447159265555556,3.368047,125.72373,8736.099274999999,46.666666666666664,-0.08,,,,,13.924421364761843,,,,19,92,,15,,,,,117,43.8420651865433,,,,,,,19.249473284999997,,50.2915354,26.8601524,
12:05:14.074,,,,,,,,,,,,,,,,,,,,80.3921568627451,23.529411764705884,100,,,,,,,,,,21.176470588235293,,,,,,,,,9.019607843137255,,,,,,,,,,,,,14.87670684,,,,,,,,,,,,43.8367069465433,,68.2352941176471,100,,,,,,50.2915354,26.8601524,
12:05:14.152,,,,,,,,,,,,,,,,,,,,,,,7.585828591350154,34.99458,671.1609131800001,9841.963072130002,0.07985082727737004,0.368364,8.685455000000001,121.26321800000002,7.1500001065433025,,23.529411764705884,,,7.1500001065433025,20.573529473236142,53.16577541325563,,,,,,,,,,,17.955468313409902,10.93702077197854,6.908365668120092,1.3880705127403676,,,41,,,,35000,,35000,0,0,,117,43.8367069465433,35000,68.2352941176471,,,,,,0,50.2915354,26.8601524,
12:05:14.335,,,,,,,,,,,,,,,,,,,32,,,,,,,,,,,,,,,,,,,,,,,,,,,,,,,,,,,,,,,,,,,,,,,,,,,,,55,,,50.2915354,26.8601524,
12:05:14.457,,,,,,,,,,,,,,,23,,,,,,,,,,,,,,,,,,,,,,,,,,,,,,,,,,,,,,,,,,,,,,,,,,,,,,,,,55,,,50.2915354,26.8601524,
12:05:14.494,,,,,,,,,,,,,,,,,,25.109375,,,,,,,,,,,,,,,,,,,,,,,,,,,,,,,,,,,,,,,,,,,,,,,,,,,,,,,,,50.2915354,26.8601524,
12:05:14.557,,,,,,,,,,,,,,,,1568,0.09375,,,,,,,,,,,,,,,,,,,,,,,,,,,,,,,,,,,,,,,,,,,,,,,,,,,,,,,,,,50.2915354,26.8601524,
12:05:14.678,,,,,,,,,375.61,64.5,,3.912,,,,,,,,,,,,,,,,,,,,,,,,,,,,,,,,,,,,,,,,,,,,,,,,,,,,7.815,,,,,,,,,,,50.2915354,26.8601524,
12:05:14.726,44,,-1600,,,,,,,,,,3.897,,,,,,,,,,,,,,,,,,,,,,,,,,,,,,,,,,,,,,,,,,,,,,,,,,,7.809,,,,,,,,,,,50.2915354,26.8601524,
12:05:14.761,,44,,,,,,,,,,,,,,,,,,,,,,,,,,,,,,,,,,,,,,,,,,,,,,,,,,,,,,,,,,,,,,,,,,,,,,,,,50.2915543,26.8601009,
12:05:14.871,,,,,,,,,,,,,,,,,,,,,,,,,,,,,,,,,,21.91,47.66666737695535,,,,1999,2,,-0.02486388823699563,0.4483606523888889,3.371692,125.727375,8736.10292,46.666666666666664,-0.08,,,,,13.93254253581923,,,,19,92,,15,,,,,117,43.9367069465433,,,,,,,19.337733134999997,,50.2915543,26.8601009,
12:05:14.938,,,,,,,,,,,,,,,,,,,,80.7843137254902,23.529411764705884,100,,,,,,,,,,21.176470588235293,,,,,,,,,9.019607843137255,,,,,,,,,,,,,14.855273879999999,,,,,,,,,,,,43.9152739865433,,68.2352941176471,100,,,,,,50.2915543,26.8601009,
12:05:15.041,,,,,,,,,,,,,,,,,,,,,,,7.753686136879204,35.162445,671.3287781800001,9842.130937130001,0.08161774880925478,0.370131,8.687222000000002,121.26498500000002,7.1500001065433025,,23.529411764705884,,,7.1500001065433025,20.573529473236142,53.16577541325563,,,,,,,,,,,18.20359310621732,10.977604122796508,6.909570807471326,1.3880901600000841,,,41,,,,34970,,34050,0,0,,117,43.9152739865433,34970,68.2352941176471,,,,,,0,50.2915543,26.8601009,
12:05:15.166,,,,,,,,,,,,,,,23,,,,,,,,,,,,,,,,,,,,,,,,,,,,,,,,,,,,,,,,,,,,,,,,,,,,,,,,,55,,,50.2915543,26.8601009,
12:05:15.202,,,,,,,,,,,,,,,,,,22.625,,,,,,,,,,,,,,,,,,,,,,,,,,,,,,,,,,,,,,,,,,,,,,,,,,,,,,,,,50.2915543,26.8601009,
12:05:15.238,,,,,,,,,,,,,,,,1568,0.09375,,,,,,,,,,,,,,,,,,,,,,,,,,,,,,,,,,,,,,,,,,,,,,,,,,,,,,,,,,50.2915543,26.8601009,
12:05:15.358,,,,,,,,,373.03000000000003,64.5,,3.914,,,,,,,,,,,,,,,,,,,,,,,,,,,,,,,,,,,,,,,,,,,,,,,,,,,,7.811,,,,,,,,,,,50.2915543,26.8601009,
12:05:15.445,43.15000000000009,,-1600,,,,,,,,,,3.897,,,,,,,,,,,,,,,,,,,,,,,,,,,,,,,,,,,,,,,,,,,,,,,,,,,7.811,,,,,,,,,,,50.2915543,26.8601009,
12:05:15.481,,42.90000000000009,,,,,,,,,,,,,,,,,,,,,,,,,,,,,,,,,,,,,,,,,,,,,,,,,,,,,,,,,,,,,,,,,,,,,,,,,50.2915543,26.8601009,
12:05:15.601,,,,,,,,,,,,,,,,,,,,,,,,,,,,,,,,,,,,,,,,,,,,,,,,,,,,,,,,59,,,,,,,,,119,,,,,,,,,,50.2915543,26.8601009,
12:05:15.663,,,,,,,,,,,,,,,,,,,,,,,,,,,,,,,,,,21.85,44.68750066589564,,,,2000,2,,,0.45201374394444443,3.375345,125.731028,8736.106573,47.05882352941177,-0.09,,,,,13.947107508210653,,,,19,91,,16,,,,,119,43.8552739865433,,,,,,,19.284777225000003,,50.2915543,26.8601009,
12:05:15.782,,,,,,,,,,,,,,,,,,,,80.3921568627451,23.529411764705884,100,,,,,,,,,,21.176470588235293,,,,,,,,,9.411764705882353,,,,,,,,,,,,,14.845896960000001,,,,,,,,,,,,43.8458970665433,,68.2352941176471,100,,,,,,50.2915572,26.8600387,
12:05:15.863,,,,,,,,,,,,,,,,,,,,,,,7.908613271666965,35.317389999999996,671.4837231800001,9842.285882130001,0.0832485607543891,0.371762,8.688853000000002,121.26661600000003,7.1500001065433025,,23.529411764705884,,,7.1500001065433025,20.573529473236142,53.13919252554901,,,,,,,,,,,18.417263162825627,11.014044490266922,6.910667269816646,1.3881082492146932,,,41,,,,34030,,34060,0,0,,119,43.8458970665433,34030,68.2352941176471,,,,,,0,50.2915572,26.8600387,
12:05:15.989,,,,,,,,,,,,,,,23,,,,,,,,,,,,,,,,,,,,,,,,,,,,,,,,,,,,,,,,,,,,,,,,,,,,,,,,,55,,,50.2915572,26.8600387,
12:05:16.087,,,,,,,,,,,,,,,,,,70.1875,,,,,,,,,,,,,,,,,,,,,,,,,,,,,,,,,,,,,,,,,,,,,,,,,,,,,,,,,50.2915572,26.8600387,
12:05:16.139,,,,,,,,,,,,,,,,4512,0.265625,,,,,,,,,,,,,,,,,,,,,,,,,,,,,,,,,,,,,,,,,,,,,,,,,,,,,,,,,,50.2915572,26.8600387,
12:05:16.310,,,,,,,,,374.32,65,,3.888,,,,,,,,,,,,,,,,,,,,,,,,,,,,,,,,,,,,,,,,,,,,,,,,,,,,7.785,,,,,,,,,,,50.2915572,26.8600387,
12:05:16.357,24.75,,27.5,,,,,,,,,,3.864,,,,,,,,,,,,,,,,,,,,,,,,,,,,,,,,,,,,,,,,,,,,,,,,,,,7.752,,,,,,,,,,,50.2915572,26.8600387,
12:05:16.394,,28.600000000000136,,,,,,,,,,,,,,,,,,,,,,,,,,,,,,,,,,,,,,,,,,,,,,,,,,,,,,,,,,,,,,,,,,,,,,,,,50.2915572,26.8600387,
12:05:16.501,,,,,,,,,,,,,,,,,,,,,,,,,,,,,,,,,,21.93,42.05882415613708,,,,2000,2,,0.017313697331552712,0.4558322981111111,3.379164,125.734847,8736.110391999999,47.05882352941177,-0.09,,,,,13.968120816576086,,,,19,91,,17,,,,,119,43.9258970665433,,,,,,,19.355385105,,50.2915572,26.8600387,
12:05:16.579,,,,,,,,,,,,,,,,,,,,80.3921568627451,23.529411764705884,100,,,,,,,,,,21.176470588235293,,,,,,,,,16.07843137254902,,,,,,,,,,,,,14.836520040000002,,,,,,,,,,,,43.9165201465433,,68.2352941176471,100,,,,,,50.2915572,26.8600387,
12:05:16.653,,,,,,,,,,,,,,,,,,,,,,,8.057895970947005,35.466635000000004,671.63296818,9842.435127130002,0.08481995758891585,0.373333,8.690424000000002,121.26818700000003,7.1500001065433025,,23.529411764705884,,,7.1500001065433025,20.573529473236142,53.13919252554901,,,,,,,,,,,18.607711200016947,11.048087633509354,6.911706823805179,1.388125625233057,,,42,,,,34050,,34060,0,0,,120,43.9165201465433,34050,68.2352941176471,,,,,,0,50.2915572,26.8600387,
12:05:16.778,,,,,,,,,,,,,,,23,,,,,,,,,,,,,,,,,,,,,,,,,,,,,,,,,,,,,,,,,,,,,,,,,,,,,,,,,55,,,50.291544,26.8599741,
12:05:16.814,,,,,,,,,,,,,,,,,,83.25,,,,,,,,,,,,,,,,,,,,,,,,,,,,,,,,,,,,,,,,,,,,,,,,,,,,,,,,,50.291544,26.8599741,
12:05:16.849,,,,,,,,,,,,,,,,5056,0.296875,,,,,,,,,,,,,,,,,,,,,,,,,,,,,,,,,,,,,,,,,,,,,,,,,,,,,,,,,,50.291544,26.8599741,
12:05:16.958,,,,-100,,,,,,,,,,,,,,,,,,,,,,,,,,,,,,,,,,,,,,,,,,,,,,,,,,,,,,,,,,,,,,,,,,,-38,,,,50.291544,26.8599741,
12:05:17.101,,,,,16,,,,,,49.5,,,63.75,,,,,,,,,,,,,,,,,,,,,,,,,,,,,,,,,,,,,,,,,,,,,,,,,,,,,,,,114.75,-38,,,,50.291544,26.8599741,
12:05:17.161,,,,,,,,,369.17,65,,3.861,,,,,,,,,,,,,,,,,,,,,,,,,,,,,,,,,,,,,,,,,,,,,,,,,,,,7.725,,,,,,,,,,,50.291544,26.8599741,
12:05:17.214,14.75,,10.400000000000091,,,,,,,,,,3.849,,,,,,,,,,,,,,,,,,,,,,,,,,,,,,,,,,,,,,,,,,,,,,,,,,,7.71,,,,,,,,,,,50.291544,26.8599741,
12:05:17.253,,10.450000000000045,,,,,,,,,,,,,,,,,,,,,,,,,,,,,,,,,,,,,,,,,,,,,,,,,,,,,,,,,,,,,,,,,,,,,,,,,50.291544,26.8599741,
12:05:17.374,,,,,,,,,,,,,,,,,,,,,,,,,,,,,,,,,,21.77,37.63157950812265,,,,1999,2,,0.03331524050751038,0.46043986038888884,3.383772,125.73945499999999,8736.114999999998,47.05882352941177,-0.09,,,,,14.005237176072086,,,,19,91,,19,,,,,120,43.7565201465433,,,,,,,19.214169345,,50.291544,26.8599741,
12:05:17.469,,,,,,,,,,,,,,,,,,,,80.7843137254902,23.529411764705884,100,,,,,,,,,,21.176470588235293,,,,,,,,,20.784313725490197,,,,,,,,,,,,,14.812854479999999,,,,,,,,,,,,43.7328545865433,,68.2352941176471,100,,,,,,50.291544,26.8599741,
12:05:17.546,,,,,,,,,,,,,,,,,,,,,,,8.22633136955411,35.63507,671.8014031800001,9842.603562130002,0.08659296178478011,0.375106,8.692197000000002,121.26996000000003,7.1500001065433025,,23.137254901960784,,,7.1500001065433025,20.573529473236142,53.16577541325563,,,,,,,,,,,18.80657372097269,11.085439562712853,6.9128635876463775,1.3881451881070712,,,42,,,,34000,,33990,0,0,,120,43.7328545865433,34000,67.843137254902,,,,,,0,50.291544,26.8599741,
12:05:17.681,,,,,,,,,,,,,,,23,,,,,,,,,,,,,,,,,,,,,,,,,,,,,,,,,,,,,,,,,,,,,,,,,,,,,,,,,55,,,50.291544,26.8599741,
12:05:17.730,,,,,,,,,,,,,,,,,,111.453125,,,,,,,,,,,,,,,,,,,,,,,,,,,,,,,,,,,,,,,,,,,,,,,,,,,,,,,,,50.291544,26.8599741,
12:05:17.779,,,,,,,,,,,,,,,,6880,0.40625,,,,,,,,,,,,,,,,,,,,,,,,,,,,,,,,,,,,,,,,,,,,,,,,,,,,,,,,,,50.2915163,26.8599079,
12:05:17.914,,,,,,,,,367.72,65,,3.842,,,,,,,,,,,,,,,,,,,,,,,,,,,,,,,,,,,,,,,,,,,,,,,,,,,,7.691,,,,,,,,,,,50.2915163,26.8599079,
12:05:17.990,2.800000000000182,,4.9500000000000455,,,,,,,,,,3.824,,,,,,,,,,,,,,,,,,,,,,,,,,,,,,,,,,,,,,,,,,,,,,,,,,,7.666,,,,,,,,,,,50.2915163,26.8599079,
12:05:18.025,,1.7000000000000455,,,,,,,,,,,,,,,,,,,,,,,,,,,,,,,,,,,,,,,,,,,,,,,,,,,,,,,,,,,,,,,,,,,,,,,,,50.2915163,26.8599079,
12:05:18.299,,,,,,,,,,,,,,,,,,,,,,,,,,,,,,,,,,18.32,31.08695698497088,,,,1984,2,,0.06610403369209635,0.46656107016666665,3.389893,125.745576,8736.121120999998,41.96078431372549,-0.04,,,,,14.077466767100722,,,,19,96,,23,,,,,120,40.2828545865433,,,,,,,16.169204519999997,,50.2915163,26.8599079,
12:05:18.426,,,,,,,,,,,,,,,,,,,,68.62745098039215,90.19607843137256,100,,,,,,,,,,87.45098039215686,,,,,,,,,22.352941176470587,,,,,,,,,,,,,14.813301,,,,,,,,,,,,40.2833011065433,,134.117647058824,100,,,,,,50.2915163,26.8599079,
12:05:18.502,,,,,,,,,,,,,,,,,,,,,,,8.408006237261278,35.81671,671.9830431800001,9842.78520213,0.08850532881327661,0.377018,8.694109000000001,121.27187200000003,7.200000107288361,,88.62745098039215,,,7.200000107288361,20.71740030871332,53.94233394201907,,,,,,,,,,,18.96972003722051,11.121825969138259,6.914047616275583,1.388166101640752,,,42,,,,33110,,32660,74.50980392156863,74.50980392156863,,120,40.3333011072884,33110,266.274509803921,,,,,,77.25490196078431,50.2915163,26.8599079,
12:05:18.626,,,,,,,,,,,,,,,23,,,,,,,,,,,,,,,,,,,,,,,,,,,,,,,,,,,,,,,,,,,,,,,,,,,,,,,,,55,,,50.2915163,26.8599079,
12:05:18.666,,,,,,,,,,,,,,,,,,102.796875,,,,,,,,,,,,,,,,,,,,,,,,,,,,,,,,,,,,,,,,,,,,,,,,,,,,,,,,,50.2915163,26.8599079,
12:05:18.703,,,,,,,,,,,,,,,,6560,0.390625,,,,,,,,,,,,,,,,,,,,,,,,,,,,,,,,,,,,,,,,,,,,,,,,,,,,,,,,,,50.2915163,26.8599079,
12:05:18.825,,,,,,16,15,15,,,,,,,,,,,,,,,,,,,,,,,,,,,,,,,,,,,,,,,,,,,,,,,,,,,,,,,,,,,,,,,-38,,,,50.2914784,26.8598361,
12:05:18.885,,,,,,,,,364.98,65,,3.814,,,,,,,,,,,,,,,,,,,,,,,,,,,,,,,,,,,,,,,,,,,,,,,,,,,,7.638,,,,,,,,,,,50.2914784,26.8598361,
12:05:18.945,-8.25,,-9.199999999999818,,,,,,,,,,3.8,,,,,,,,,,,,,,,,,,,,,,,,,,,,,,,,,,,,,,,,,,,,,,,,,,,7.614,,,,,,,,,,,50.2914784,26.8598361,
12:05:18.994,,-10.299999999999955,,,,,,,,,,,,,,,,,,,,,,,,,,,,,,,,,,,,,,,,,,,,,,,,,,,,,,,,,,,,,,,,,,,,,,,,,50.2914784,26.8598361,
12:05:19.117,,,,,,,,,,,,,,,,,,,,,,,,,,,,,,,,,,18.23,27.692308104955234,,,,2003,2,,0.08200127986691139,0.4724497899444444,3.395782,125.751465,8736.127009999998,39.6078431372549,-0.02,,,,,14.158390200191304,,,,19,98,,26,,,,,120,40.2433011072884,,,,,,,16.089770655,,50.2914784,26.8598361,
12:05:19.278,,,,,,,,,,,,,,,,,,,,68.23529411764706,90.19607843137256,100,,,,,,,,,,87.45098039215686,,,,,,,,,22.745098039215687,,,,,,,,,,,,,14.81598012,,,,,,,,,,,,40.2459802272884,,266.274509803921,100,,,,,,50.2914784,26.8598361,
12:05:19.378,,,,,,,,,,,,,,,,,,,,,,,8.55575074612951,35.964435,672.13076818,9842.932927130001,0.09006053416978431,0.378573,8.695664,121.27342700000003,6.400000095367432,,88.62745098039215,,,6.400000095367432,18.415466941078503,47.49391048581165,,,,,,,,,,,19.062456177697648,11.148330487646145,6.914960394298389,1.3881829655313134,,,42,,,,32510,,32570,68.62745098039215,68.62745098039215,,120,39.4459802153674,32661.7647058824,266.274509803921,,,,,,68.23529411764706,50.2914784,26.8598361,
12:05:19.498,,,,,,,,,,,,,,,23,,,,,,,,,,,,,,,,,,,,,,,,,,,,,,,,,,,,,,,,,,,,,,,,,,,,,,,,,55,,,50.2914784,26.8598361,
12:05:19.545,,,,,,,,,,,,,,,,,,99.40625,,,,,,,,,,,,,,,,,,,,,,,,,,,,,,,,,,,,,,,,,,,,,,,,,,,,,,,,,50.2914784,26.8598361,
12:05:19.594,,,,,,,,,,,,,,,,6272,0.375,,,,,,,,,,,,,,,,,,,,,,,,,,,,,,,,,,,,,,,,,,,,,,,,,,,,,,,,,,50.2914784,26.8598361,
12:05:19.713,,,,,,,,,364.5,65,,3.805,,,,,,,,,,,,,,,,,,,,,,,,,,,,,,,,,,,,,,,,,,,,,,,,,,,,7.605,,,,,,,,,,,50.2914784,26.8598361,
12:05:19.774,-12.549999999999955,,-11.649999999999864,,,,,,,,,,3.784,,,,,,,,,,,,,,,,,,,,,,,,,,,,,,,,,,,,,,,,,,,,,,,,,,,7.589,,,,,,,,,,,50.2914338,26.8597541,
12:05:19.813,,-13.899999999999864,,,,,,,,,,,,,,,,,,,,,,,,,,,,,,,,,,,,,,,,,,,,,,,,,,,,,,,,,,,,,,,,,,,,,,,,,50.2914338,26.8597541,
12:05:19.938,,,,,,,,,,,,,,,,,,,,,,,,,,,,,,,,,,,,,,,,,,,,,,,,,,,,,,,,60,,,,,,,,,121,,,,,,,,,,50.2914338,26.8597541,
12:05:20.069,,,,,,,,,,,,,,,,,,,,,,,,,,,,,,,,,,18.17,22.068965846094592,,,,2002,2,,0.09526809423200971,0.48001968330555556,3.403352,125.759035,8736.134579999998,40,-0.01,,,,,14.273588721846696,,,,19,99,,29,,,,,121,39.3859802153674,,,,,,,16.036814745,,50.2914338,26.8597541,
12:05:20.186,,,,,,,,,,,,,,,,,,,,68.62745098039215,90.19607843137256,100,,,,,,,,,,87.45098039215686,,,,,,,,,23.529411764705884,,,,,,,,,,,,,14.80704972,,,,,,,,,,,,39.3770498153674,,266.274509803921,100,,,,,,50.2914338,26.8597541,
12:05:20.269,,,,,,,,,,,,,,,,,,,,,,,8.692320950025675,36.101045,672.26737818,9843.06953713,0.09149811526342816,0.380011,8.697102000000001,121.27486500000002,5.800000086426735,,88.62745098039215,,,5.800000086426735,16.68901691535239,43.062855556776675,,,,,,,,,,,19.061325700926563,11.16578596630616,6.915687608448969,1.38819822301776,,,42,,,,32540,,32560,68.62745098039215,68.62745098039215,,121,38.7770498064267,32676.862745098,266.274509803921,,,,,,69.01960784313725,50.2914338,26.8597541,
12:05:20.382,,,,,,,,,,,,,,,24,,,,,,,,,,,,,,,,,,,,,,,,,,,,,,,,,,,,,,,,,,,,,,,,,,,,,,,,,56,,,50.2914338,26.8597541,
12:05:20.417,,,,,,,,,,,,,,,,,,92.21875,,,,,,,,,,,,,,,,,,,,,,,,,,,,,,,,,,,,,,,,,,,,,,,,,,,,,,,,,50.2914338,26.8597541,
12:05:20.454,,,,,,,,,,,,,,,,6112,0.359375,,,,,,,,,,,,,,,,,,,,,,,,,,,,,,,,,,,,,,,,,,,,,,,,,,,,,,,,,,50.2914338,26.8597541,
12:05:20.541,,,,,,,,,364.5,65,,3.798,,,,,,,,,,,,,,,,,,,,,,,,,,,,,,,,,,,,,,,,,,,,,,,,,,,,7.582,,,,,,,,,,,50.2914338,26.8597541,
12:05:20.601,-14.949999999999818,,-12.049999999999955,,,,,,,,,,3.778,,,,,,,,,,,,,,,,,,,,,,,,,,,,,,,,,,,,,,,,,,,,,,,,,,,7.576,,,,,,,,,,,50.2914338,26.8597541,
12:05:20.643,,-13.899999999999864,,,,,,,,,,,,,,,,,,,,,,,,,,,,,,,,,,,,,,,,,,,,,,,,,,,,,,,,,,,,,,,,,,,,,,,,,50.2914338,26.8597541,
12:05:20.766,,,,,,,,,,,,,,,,,,,,,,,,,,,,,,,,,,18.21,18.125000270083547,,,,2000,2,,0.10854373504910252,0.48605769219444445,3.40939,125.765073,8736.140618,40,-0.01,,,,,14.372491577968875,,,,19,99,,32,,,,,121,38.8170498064267,,,,,,,16.072118685,,50.2913841,26.8596609,
12:05:20.870,,,,,,,,,,,,,,,,,,,,69.01960784313725,90.19607843137256,100,,,,,,,,,,87.45098039215686,,,,,,,,,23.92156862745098,,,,,,,,,,,,,14.79588672,,,,,,,,,,,,38.8058868064267,,266.274509803921,100,,,,,,50.2913841,26.8596609,
12:05:20.962,,,,,,,,,,,,,,,,,,,,,,,8.79847272399635,36.20716,672.3734931800001,9843.175652130001,0.0926155023578563,0.381128,8.698219000000002,121.27598200000003,5.800000086426735,,88.62745098039215,,,5.800000086426735,16.68901691535239,43.10591841233345,,,,,,,,,,,19.054425811001472,11.178773915568474,6.916243749168739,1.3882100495283034,,,43,,,,32540,,32570,70.98039215686275,70.98039215686275,,122,38.8058868064267,32677.6470588235,266.274509803921,,,,,,70.58823529411765,50.2913841,26.8596609,
12:05:21.050,,,,,,,,,,,,,,,,,,,32,,,,,,,,,,,,,,,,,,,,,,,,,,,,,,,,,,,,,,,,,,,,,,,,,,,,,56,,,50.2913841,26.8596609,
12:05:21.146,,,,,,,,,,,,,,,24,,,,,,,,,,,,,,,,,,,,,,,,,,,,,,,,,,,,,,,,,,,,,,,,,,,,,,,,,56,,,50.2913841,26.8596609,
12:05:21.182,,,,,,,,,,,,,,,,,,87.90625,,,,,,,,,,,,,,,,,,,,,,,,,,,,,,,,,,,,,,,,,,,,,,,,,,,,,,,,,50.2913841,26.8596609,
12:05:21.217,,,,,,,,,,,,,,,,5632,0.34375,,,,,,,,,,,,,,,,,,,,,,,,,,,,,,,,,,,,,,,,,,,,,,,,,,,,,,,,,,50.2913841,26.8596609,
12:05:21.350,,,,,,,,,363.69,65,,3.787,,,,,,,,,,,,,,,,,,,,,,,,,,,,,,,,,,,,,,,,,,,,,,,,,,,,7.565,,,,,,,,,,,50.2913841,26.8596609,
12:05:21.422,-15.099999999999909,,-11.75,,,,,,,,,,3.77,,,,,,,,,,,,,,,,,,,,,,,,,,,,,,,,,,,,,,,,,,,,,,,,,,,7.557,,,,,,,,,,,50.2913841,26.8596609,
12:05:21.461,,-12.199999999999818,,,,,,,,,,,,,,,,,,,,,,,,,,,,,,,,,,,,,,,,,,,,,,,,,,,,,,,,,,,,,,,,,,,,,,,,,50.2913841,26.8596609,
12:05:21.574,,,,,,,,,,,,,,,,,,,,,,,,,,,,,,,,,,18.2,17.058823783608045,,,,1999,2,,0.09512000360889403,0.4937962130833333,3.417129,125.772812,8736.148356999998,40.3921568627451,-0.01,,,,,14.503704132707853,,,,19,99,,34,,,,,122,38.7958868064267,,,,,,,16.063292699999998,,50.2913841,26.8596609,
12:05:21.691,,,,,,,,,,,,,,,,,,,,69.01960784313725,90.19607843137256,100,,,,,,,,,,87.45098039215686,,,,,,,,,23.529411764705884,,,,,,,,,,,,,14.78025852,,,,,,,,,,,,38.7802586064267,,266.274509803921,100,,,,,,50.2913841,26.8596609,
12:05:21.865,,,,,,,,,,,,,,,,,,,,,,,8.936471747441583,36.345195000000004,672.51152818,9843.313687130001,0.09406812365727982,0.382581,8.699672000000001,121.27743500000003,5.800000086426735,,88.62745098039215,,,5.800000086426735,16.68901691535239,43.12748215341015,,,,,,,,,,,19.049988874946035,11.195977675996428,6.916973439378935,1.3882254518128034,,,43,,,,32560,,32550,70.58823529411765,70.58823529411765,,122,38.7802586064267,32701.568627451,266.274509803921,,,,,,70.98039215686275,50.2913289,26.8595591,
12:05:22.009,,,,,,,,,,,,,,,24,,,,,,,,,,,,,,,,,,,,,,,,,,,,,,,,,,,,,,,,,,,,,,,,,,,,,,,,,56,,,50.2913289,26.8595591,
12:05:22.046,,,,,,,,,,,,,,,,,,76.28125,,,,,,,,,,,,,,,,,,,,,,,,,,,,,,,,,,,,,,,,,,,,,,,,,,,,,,,,,50.2913289,26.8595591,
12:05:22.085,,,,,,,,,,,,,,,,4928,0.296875,,,,,,,,,,,,,,,,,,,,,,,,,,,,,,,,,,,,,,,,,,,,,,,,,,,,,,,,,,50.2913289,26.8595591,
12:05:22.204,,,,,,,,,363.21,65,,3.789,,,,,,,,,,,,,,,,,,,,,,,,,,,,,,,,,,,,,,,,,,,,,,,,,,,,7.559,,,,,,,,,,,50.2913289,26.8595591,
12:05:22.266,0.25,,-1.849999999999909,,,,,,,,,,3.786,,,,,,,,,,,,,,,,,,,,,,,,,,,,,,,,,,,,,,,,,,,,,,,,,,,7.575,,,,,,,,,,,50.2913289,26.8595591,
12:05:22.306,,-2.7999999999999545,,,,,,,,,,,,,,,,,,,,,,,,,,,,,,,,,,,,,,,,,,,,,,,,,,,,,,,,,,,,,,,,,,,,,,,,,50.2913289,26.8595591,
12:05:22.449,,,,,,,,,,,,,,,,,,,,,,,,,,,,,,,,,,18.240000000000002,16.5714288183621,,,,1998,2,,0.07650372427577314,0.5022652991944444,3.425598,125.78128099999999,8736.156825999999,40.3921568627451,0,,,,,14.648347776488883,,,,19,100,,35,,,,,122,38.8202586064267,,,,,,,16.09859664,,50.2913289,26.8595591,
12:05:22.578,,,,,,,,,,,,,,,,,,,,69.01960784313725,90.19607843137256,100,,,,,,,,,,87.45098039215686,,,,,,,,,20,,,,,,,,,,,,,14.7731142,,,,,,,,,,,,38.8131142864267,,266.274509803921,100,,,,,,50.2913289,26.8595591,
12:05:22.690,,,,,,,,,,,,,,,,,,,,,,,9.062760153434537,36.47145,672.63778318,9843.43994213,0.09539747529931092,0.38391,8.701001000000002,121.27876400000002,5.800000086426735,,88.62745098039215,,,5.800000086426735,16.68901691535239,43.14906747981326,,,,,,,,,,,18.993443395813657,11.207094352577272,6.91756430752204,1.3882393186790996,,,43,,,,32540,,32550,72.54901960784314,72.54901960784314,,122,38.8131142864267,32681.568627451,266.274509803921,,,,,,72.15686274509804,50.2913289,26.8595591,
12:05:22.923,,,,,,,,,,,,,,,24,,,,,,,,,,,,,,,,,,,,,,,,,,,,,,,,,,,,,,,,,,,,,,,,,,,,,,,,,56,,,50.2912703,26.8594523,
12:05:22.985,,,,,,,,,,,,,,,,,,51.375,,,,,,,,,,,,,,,,,,,,,,,,,,,,,,,,,,,,,,,,,,,,,,,,,,,,,,,,,50.2912703,26.8594523,
12:05:23.045,,,,,,,,,,,,,,,,3424,0.203125,,,,,,,,,,,,,,,,,,,,,,,,,,,,,,,,,,,,,,,,,,,,,,,,,,,,,,,,,,50.2912703,26.8594523,
12:05:23.237,,,,,,,,,365.79,65,,3.815,,,,,,,,,,,,,,,,,,,,,,,,,,,,,,,,,,,,,,,,,,,,,,,,,,,,7.601,,,,,,,,,,,50.2912703,26.8594523,
12:05:23.286,11.550000000000182,,12.400000000000091,,,,,,,,,,3.808,,,,,,,,,,,,,,,,,,,,,,,,,,,,,,,,,,,,,,,,,,,,,,,,,,,7.623,,,,,,,,,,,50.2912703,26.8594523,
12:05:23.325,,12.350000000000136,,,,,,,,,,,,,,,,,,,,,,,,,,,,,,,,,,,,,,,,,,,,,,,,,,,,,,,,,,,,,,,,,,,,,,,,,50.2912703,26.8594523,
12:05:23.497,,,,,,,,,,,,,,,,,,,,,,,,,,,,,,,,,,18.240000000000002,15.675675909261445,,,,2000,2,,0.06610558799037046,0.5129687660833333,3.436301,125.791984,8736.167528999998,40.3921568627451,0,,,,,14.835346721235018,,,,19,100,,37,,,,,122,38.8131142864267,,,,,,,16.09859664,,50.2912703,26.8594523,
12:05:23.625,,,,,,,,,,,,,,,,,,,,69.41176470588235,90.19607843137256,100,,,,,,,,,,87.45098039215686,,,,,,,,,18.431372549019606,,,,,,,,,,,,,0,,,,,,,,,,,,24.0400000864267,,266.274509803921,100,,,,,,50.2912703,26.8594523,
12:05:23.738,,,,,,,,,,,,,,,,,,,,,,,9.223064667378816,36.631715,672.79804818,9843.60020713,0.09708489123556649,0.385597,8.702688000000002,121.28045100000003,5.800000086426735,,2.7450980392156863,,,5.800000086426735,16.68901691535239,43.10591841233345,,,,,,,,,,,18.926082376679197,11.221281255629236,6.918316830108985,1.3882569284231963,,,43,,,,33520,,12000,0,0,,122,24.0400000864267,33664.7058823529,180.392156862745,,,,,,31.372549019607842,50.2912092,26.8593402,
12:05:23.882,,,,,,,,,,,,,,,24,,,,,,,,,,,,,,,,,,,,,,,,,,,,,,,,,,,,,,,,,,,,,,,,,,,,,,,,,56,,,50.2912092,26.8593402,
12:05:23.923,,,,,,,,,,,,,,,,,,44.90625,,,,,,,,,,,,,,,,,,,,,,,,,,,,,,,,,,,,,,,,,,,,,,,,,,,,,,,,,50.2912092,26.8593402,
12:05:23.954,,,,,,,,,,,,,,,,2848,0.171875,,,,,,,,,,,,,,,,,,,,,,,,,,,,,,,,,,,,,,,,,,,,,,,,,,,,,,,,,,50.2912092,26.8593402,
12:05:24.078,,,,,16,,,,,,53.5,,,63.75,,,,,,,,,,,,,,,,,,,,,,,,,,,,,,,,,,,,,,,,,,,,,,,,,,,,,,,,113.25,-38,,,,50.2912092,26.8593402,
12:05:24.137,,,,,,,,,361.12,65,,3.744,,,,,,,,,,,,,,,,,,,,,,,,,,,,,,,,,,,,,,,,,,,,,,,,,,,,7.552,,,,,,,,,,,50.2912092,26.8593402,
12:05:24.198,-21.34999999999991,,-22.049999999999955,,,,,,,,,,3.747,,,,,,,,,,,,,,,,,,,,,,,,,,,,,,,,,,,,,,,,,,,,,,,,,,,7.491,,,,,,,,,,,50.2912092,26.8593402,
12:05:24.234,,-23.09999999999991,,,,,,,,,,,,,,,,,,,,,,,,,,,,,,,,,,,,,,,,,,,,,,,,,,,,,,,,,,,,,,,,,,,,,,,,,50.2912092,26.8593402,
12:05:24.326,,,,,,,,,,,,,,,,,,,,,,,,,,,,,,,,,,,,,,,,,,,,,,,,,,,,,,,,62,,,,,,,,,124,,,,,,,,,,50.2912092,26.8593402,
12:05:24.398,,,,,,,,,,,,,,,,,,,,,,,,,,,,,,,,,,2.7,15.26315812217562,,,,1043,1,,0.04679552716298471,0.5226296095277777,3.445962,125.801645,8736.177189999999,10.196078431372548,-0.71,,,,,15.004422944600908,,,,19,29,,38,,,,,124,8.50000008642674,,,,,,,2.38301595,,50.2912092,26.8593402,
12:05:24.497,,,,,,,,,,,,,,,,,,,,15.294117647058824,1.1764705882352942,100,,,,,,,,,,0,,,,,,,,,18.03921568627451,,,,,,,,,,,,,0,,,,,,,,,,,,8.50000008642674,,92.9411764705883,100,,,,,,50.2912092,26.8593402,
12:05:24.582,,,,,,,,,,,,,,,,,,,,,,,9.33352336352478,36.7422,672.9085331800001,9843.710692130002,0.09824761435289242,0.38676,8.703851000000002,121.28161400000002,4.950000073760748,,0.7843137254901961,,,4.950000073760748,14.243212712240405,70.54395349656184,,,,,,,,,,,18.798708026065363,11.223571240773984,6.918710005739593,1.3882687056625513,,,43,,,,33550,,12000,0,0,,124,7.65000007376075,33581.3725490196,1.96078431372549,,,,,,0,50.2912092,26.8593402,
12:05:24.729,,,,,,,,,,,,,,,24,,,,,,,,,,,,,,,,,,,,,,,,,,,,,,,,,,,,,,,,,,,,,,,,,,,,,,,,,56,,,50.2911469,26.8592259,
12:05:24.766,,,,,,,,,,,,,,,,,,44.328125,,,,,,,,,,,,,,,,,,,,,,,,,,,,,,,,,,,,,,,,,,,,,,,,,,,,,,,,,50.2911469,26.8592259,
12:05:24.794,,,,,,,,,,,,,,,,2976,0.171875,,,,,,,,,,,,,,,,,,,,,,,,,,,,,,,,,,,,,,,,,,,,,,,,,,,,,,,,,,50.2911469,26.8592259,
12:05:24.901,,,,,,,,,357.42,64.5,,3.726,,,,,,,,,,,,,,,,,,,,,,,,,,,,,,,,,,,,,,,,,,,,,,,,,,,,7.473,,,,,,,,,,,50.2911469,26.8592259,
12:05:24.962,-42.09999999999991,,-1600,,,,,,,,,,3.708,,,,,,,,,,,,,,,,,,,,,,,,,,,,,,,,,,,,,,,,,,,,,,,,,,,7.434,,,,,,,,,,,50.2911469,26.8592259,
12:05:25.010,,-44.049999999999955,,,,,,,,,,,,,,,,,,,,,,,,,,,,,,,,,,,,,,,,,,,,,,,,,,,,,,,,,,,,,,,,,,,,,,,,,50.2911469,26.8592259,
12:05:25.141,,,,,,,,,,,,,,,,,,,,,,,,,,,,,,,,,,0,12.692307881437817,,,,394,0.4,,0.03970742152991742,0.5308362885277778,3.454169,125.80985199999999,8736.185397,46.27450980392157,-0.02,,,,,15.148516158626126,,,,19,98,,39,,,,,124,4.95000007376075,,,,,,,0,,50.2911469,26.8592259,
12:05:25.265,,,,,,,,,,,,,,,,,,,,62.745098039215684,0.39215686274509803,100,,,,,,,,,,0.39215686274509803,,,,,,,,,19.215686274509803,,,,,,,,,,,,,0,,,,,,,,,,,,4.95000007376075,,2.35294117647059,100,,,,,,50.2911469,26.8592259,
12:05:25.391,,,,,,,,,,,,,,,,,,,,,,,9.33352336352478,36.7422,672.9085331800001,9843.710692130002,0.09824761435289242,0.38676,8.703851000000002,121.28161400000002,0,,0.7843137254901961,,,0,0,0,,,,,,,,,,,18.508081771382383,11.19690437844819,6.918258675004246,1.3882674014867868,,,43,,,,33550,,12000,0,0,,124,0,33550,1.56862745098039,,,,,,0,50.2911469,26.8592259,
12:05:25.646,,,,,,,,,,,,,,,24,,,,,,,,,,,,,,,,,,,,,,,,,,,,,,,,,,,,,,,,,,,,,,,,,,,,,,,,,56,,,50.2911469,26.8592259,
12:05:25.695,,,,,,,,,,,,,,,,,,47.546875,,,,,,,,,,,,,,,,,,,,,,,,,,,,,,,,,,,,,,,,,,,,,,,,,,,,,,,,,50.2911469,26.8592259,
12:05:25.734,,,,,,,,,,,,,,,,3040,0.171875,,,,,,,,,,,,,,,,,,,,,,,,,,,,,,,,,,,,,,,,,,,,,,,,,,,,,,,,,,50.2910813,26.8591108,
12:05:25.842,,,,-100,,,,,,,,,,,,,,,,,,,,,,,,,,,,,,,,,,,,,,,,,,,,,,,,,,,,,,,,,,,,,,,,,,,-38,,,,50.2910813,26.8591108,
12:05:25.950,,,,,,,,,355,64.5,,3.71,,,,,,,,,,,,,,,,,,,,,,,,,,,,,,,,,,,,,,,,,,,,,,,,,,,,7.418,,,,,,,,,,,50.2910813,26.8591108,
12:05:26.026,-41.69999999999982,,-1600,,,,,,,,,,3.699,,,,,,,,,,,,,,,,,,,,,,,,,,,,,,,,,,,,,,,,,,,,,,,,,,,7.409,,,,,,,,,,,50.2910813,26.8591108,
12:05:26.057,,-38.5,,,,,,,,,,,,,,,,,,,,,,,,,,,,,,,,,,,,,,,,,,,,,,,,,,,,,,,,,,,,,,,,,,,,,,,,,50.2910813,26.8591108,
12:05:26.177,,,,,,,,,,,,,,,,,,,,,,,,,,,,,,,,,,0,0,,,,394,0.4,,0.03039747037024631,0.5420347896944444,3.465368,125.821051,8736.196595999998,46.666666666666664,-0.01,,,,,15.342370711452435,,,,19,99,,39,,,,,124,0,,,,,,,0,,50.2910813,26.8591108,
12:05:26.313,,,,,,,,,,,,,,,,,,,,62.745098039215684,2.3529411764705883,100,,,,,,,,,,2.3529411764705883,,,,,,,,,19.607843137254903,,,,,,,,,,,,,0,,,,,,,,,,,,0,,3.52941176470589,100,,,,,,50.2910813,26.8591108,
12:05:26.378,,,,,,,,,,,,,,,,,,,,,,,9.33352336352478,36.7422,672.9085331800001,9843.710692130002,0.09824761435289242,0.38676,8.703851000000002,121.28161400000002,0,,2.3529411764705883,,,0,0,0,,,,,,,,,,,18.125702670907256,11.160719438743593,6.917642899040799,1.3882656218557476,,,44,,,,33570,,12000,0,0,,125,0,33570,7.05882352941177,,,,,,0,50.2910813,26.8591108,
12:05:26.514,,,,,,,,,,,,,,,24,,,,,,,,,,,,,,,,,,,,,,,,,,,,,,,,,,,,,,,,,,,,,,,,,,,,,,,,,56,,,50.2910813,26.8591108,
12:05:26.566,,,,,,,,,,,,,,,,,,44.859375,,,,,,,,,,,,,,,,,,,,,,,,,,,,,,,,,,,,,,,,,,,,,,,,,,,,,,,,,50.2910813,26.8591108,
12:05:26.613,,,,,,,,,,,,,,,,3040,0.171875,,,,,,,,,,,,,,,,,,,,,,,,,,,,,,,,,,,,,,,,,,,,,,,,,,,,,,,,,,50.2910813,26.8591108,
12:05:26.724,,,,,,,,,354.36,64.5,,3.706,,,,,,,,,,,,,,,,,,,,,,,,,,,,,,,,,,,,,,,,,,,,,,,,,,,,7.405,,,,,,,,,,,50.2910152,26.8589901,
12:05:26.787,-39.34999999999991,,-1600,,,,,,,,,,3.698,,,,,,,,,,,,,,,,,,,,,,,,,,,,,,,,,,,,,,,,,,,,,,,,,,,7.404,,,,,,,,,,,50.2910152,26.8589901,
12:05:26.824,,-38.899999999999864,,,,,,,,,,,,,,,,,,,,,,,,,,,,,,,,,,,,,,,,,,,,,,,,,,,,,,,,,,,,,,,,,,,,,,,,,50.2910152,26.8589901,
12:05:26.933,,,,,,,,,,,,,,,,,,,,,,,,,,,,,,,,,,0,0,,,,0,0,,0.024729104880728606,0.5502686641388889,3.473602,125.829285,8736.204829999999,0,-0.01,,,,,15.485206749104554,,,,19,99,,40,,,,,125,0,,,,,,,0,,50.2910152,26.8589901,
12:05:27.053,,,,,,,,,,,,,,,,,,,,0,5.882352941176471,100,,,,,,,,,,5.882352941176471,,,,,,,,,19.607843137254903,,,,,,,,,,,,,0,,,,,,,,,,,,0,,10.5882352941176,100,,,,,,50.2910152,26.8589901,
12:05:27.134,,,,,,,,,,,,,,,,,,,,,,,9.33352336352478,36.7422,672.9085331800001,9843.710692130002,0.09824761435289242,0.38676,8.703851000000002,121.28161400000002,0,,5.882352941176471,,,0,0,,,,,,,,,,,,17.85448104820567,11.134263510903091,6.9171902232457265,1.3882643133952257,,,44,,,,33570,,12000,0,0,,125,0,33570,17.6470588235294,,,,,,0,50.2910152,26.8589901,
12:05:27.284,,,,,,,,,,,,,,,24,,,,,,,,,,,,,,,,,,,,,,,,,,,,,,,,,,,,,,,,,,,,,,,,,,,,,,,,,56,,,50.2910152,26.8589901,
12:05:27.324,,,,,,,,,,,,,,,,,,42.5625,,,,,,,,,,,,,,,,,,,,,,,,,,,,,,,,,,,,,,,,,,,,,,,,,,,,,,,,,50.2910152,26.8589901,
12:05:27.361,,,,,,,,,,,,,,,,2400,0.140625,,,,,,,,,,,,,,,,,,,,,,,,,,,,,,,,,,,,,,,,,,,,,,,,,,,,,,,,,,50.2910152,26.8589901,
12:05:27.613,,,,,,17,16,15,,,,,,,,,,,,,,,,,,,,,,,,,,,,,,,,,,,,,,,,,,,,,,,,,,,,,,,,,,,,,,,-37,,,,50.2910152,26.8589901,
12:05:27.685,,,,,,,,,354.36,64,,3.702,,,,,,,,,,,,,,,,,,,,,,,,,,,,,,,,,,,,,,,,,,,,,,,,,,,,7.4,,,,,,,,,,,50.2910152,26.8589901,
12:05:27.733,-39.549999999999955,,-1600,,,,,,,,,,3.689,,,,,,,,,,,,,,,,,,,,,,,,,,,,,,,,,,,,,,,,,,,,,,,,,,,7.391,,,,,,,,,,,50.29095,26.8588653,
12:05:27.773,,-37.649999999999864,,,,,,,,,,,,,,,,,,,,,,,,,,,,,,,,,,,,,,,,,,,,,,,,,,,,,,,,,,,,,,,,,,,,,,,,,50.29095,26.8588653,
12:05:27.910,,,,,,,,,,,,,,,,,,,,,,,,,,,,,,,,,,0,0,,,,0,0,,0.024196167843960538,0.5612412003055556,3.484575,125.840258,8736.215803,0,-0.01,,,,,15.675927931823004,,,,19,99,,41,,,,,125,0,,,,,,,0,,50.29095,26.8588653,
12:05:27.994,,,,,,,,,,,,,,,,,,,,0,5.882352941176471,100,,,,,,,,,,5.882352941176471,,,,,,,,,18.823529411764707,,,,,,,,,,,,,0,,,,,,,,,,,,0,,17.6470588235294,100,,,,,,50.29095,26.8588653,
12:05:28.082,,,,,,,,,,,,,,,,,,,,,,,9.33352336352478,36.7422,672.9085331800001,9843.710692130002,0.09824761435289242,0.38676,8.703851000000002,121.28161400000002,0,,5.882352941176471,,,0,0,,,,,,,,,,,,17.505417332049685,11.099201480811864,6.916587059126978,1.388262569685517,,,44,,,,33580,,12000,0,0,,125,0,33580,17.6470588235294,,,,,,0,50.29095,26.8588653,
12:05:28.153,,,,,,,,,,,,,,,,,,,33,,,,,,,,,,,,,,,,,,,,,,,,,,,,,,,,,,,,,,,,,,,,,,,,,,,,,57,,,50.29095,26.8588653,
12:05:28.262,,,,,,,,,,,,,,,24,,,,,,,,,,,,,,,,,,,,,,,,,,,,,,,,,,,,,,,,,,,,,,,,,,,,,,,,,57,,,50.29095,26.8588653,
12:05:28.296,,,,,,,,,,,,,,,,,,33.171875,,,,,,,,,,,,,,,,,,,,,,,,,,,,,,,,,,,,,,,,,,,,,,,,,,,,,,,,,50.29095,26.8588653,
12:05:28.333,,,,,,,,,,,,,,,,2176,0.125,,,,,,,,,,,,,,,,,,,,,,,,,,,,,,,,,,,,,,,,,,,,,,,,,,,,,,,,,,50.29095,26.8588653,
12:05:28.453,,,,,,,,,356.61,64,,3.706,,,,,,,,,,,,,,,,,,,,,,,,,,,,,,,,,,,,,,,,,,,,,,,,,,,,7.395,,,,,,,,,,,50.29095,26.8588653,
12:05:28.512,-31.199999999999818,,-1600,,,,,,,,,,3.696,,,,,,,,,,,,,,,,,,,,,,,,,,,,,,,,,,,,,,,,,,,,,,,,,,,7.402,,,,,,,,,,,50.29095,26.8588653,
12:05:28.549,,-30.149999999999864,,,,,,,,,,,,,,,,,,,,,,,,,,,,,,,,,,,,,,,,,,,,,,,,,,,,,,,,,,,,,,,,,,,,,,,,,50.29095,26.8588653,
12:05:28.645,,,,,,,,,,,,,,,,,,,,,,,,,,,,,,,,,,,,,,,,,,,,,,,,,,,,,,,,62,,,,,,,,,125,,,,,,,,,,50.29095,26.8588653,
12:05:28.704,,,,,,,,,,,,,,,,,,,,,,,,,,,,,,,,,,0,0,,,,0,0,,0.023846972943690894,0.5704940243055556,3.493828,125.84951099999999,8736.225056,0,-0.01,,,,,15.8369174630337,,,,19,99,,42,,,,,125,0,,,,,,,0,,50.29095,26.8588653,
12:05:28.785,,,,,,,,,,,,,,,,,,,,0,5.882352941176471,100,,,,,,,,,,5.882352941176471,,,,,,,,,18.03921568627451,,,,,,,,,,,,,0,,,,,,,,,,,,0,,17.6470588235294,100,,,,,,50.2908832,26.8587377,
12:05:28.858,,,,,,,,,,,,,,,,,,,,,,,9.33352336352478,36.7422,672.9085331800001,9843.710692130002,0.09824761435289242,0.38676,8.703851000000002,121.28161400000002,0,,5.882352941176471,,,0,0,,,,,,,,,,,,17.22149753846872,11.069806527396311,6.91607852175127,1.388261099302889,,,44,,,,33580,,12000,0,0,,125,0,33580,17.6470588235294,,,,,,0,50.2908832,26.8587377,
12:05:28.966,,,,,,,,,,,,,,,24,,,,,,,,,,,,,,,,,,,,,,,,,,,,,,,,,,,,,,,,,,,,,,,,,,,,,,,,,57,,,50.2908832,26.8587377,
12:05:29.000,,,,,,,,,,,,,,,,,,28.953125,,,,,,,,,,,,,,,,,,,,,,,,,,,,,,,,,,,,,,,,,,,,,,,,,,,,,,,,,50.2908832,26.8587377,
12:05:29.038,,,,,,,,,,,,,,,,1696,0.09375,,,,,,,,,,,,,,,,,,,,,,,,,,,,,,,,,,,,,,,,,,,,,,,,,,,,,,,,,,50.2908832,26.8587377,
12:05:29.156,,,,,,,,,356.13,64,,3.707,,,,,,,,,,,,,,,,,,,,,,,,,,,,,,,,,,,,,,,,,,,,,,,,,,,,7.403,,,,,,,,,,,50.2908832,26.8587377,
12:05:29.206,-28.299999999999955,,-28.59999999999991,,,,,,,,,,3.699,,,,,,,,,,,,,,,,,,,,,,,,,,,,,,,,,,,,,,,,,,,,,,,,,,,7.406,,,,,,,,,,,50.2908832,26.8587377,
12:05:29.253,,-28,,,,,,,,,,,,,,,,,,,,,,,,,,,,,,,,,,,,,,,,,,,,,,,,,,,,,,,,,,,,,,,,,,,,,,,,,50.2908832,26.8587377,
12:05:29.497,,,,,,,,,,,,,,,,,,,,,,,,,,,,,,,,,,0.04,0,,,,0,0,,0.025588018548193696,0.5797473779722223,3.503081,125.858764,8736.234309,0,-0.01,,,,,15.995958891764761,,,,19,99,,42,,,,,125,0.04,,,,,,,0.03530394,,50.2908832,26.8587377,
12:05:29.593,,,,,,,,,,,,,,,,,,,,0,5.882352941176471,100,,,,,,,,,,5.882352941176471,,,,,,,,,17.647058823529413,,,,,,,,,,,,,0,,,,,,,,,,,,0.04,,17.6470588235294,100,,,,,,50.2908832,26.8587377,
12:05:29.653,,,,,,,,,,,,,,,,,,,,,,,9.33352336352478,36.7422,672.9085331800001,9843.710692130002,0.09824761435289242,0.38676,8.703851000000002,121.28161400000002,0,,5.882352941176471,,,0,0,,,,,,,,,,,,16.946625044951872,11.04056686100036,6.915570059149796,1.3882596289233757,,,44,,,,33580,,12000,0,0,,125,0.04,33580,17.6470588235294,,,,,,0,50.2908832,26.8587377,
12:05:29.798,,,,,,,,,,,,,,,24,,,,,,,,,,,,,,,,,,,,,,,,,,,,,,,,,,,,,,,,,,,,,,,,,,,,,,,,,57,,,50.2908148,26.8586096,
12:05:29.846,,,,,,,,,,,,,,,,,,15.046875,,,,,,,,,,,,,,,,,,,,,,,,,,,,,,,,,,,,,,,,,,,,,,,,,,,,,,,,,50.2908148,26.8586096,
12:05:29.881,,,,,,,,,,,,,,,,1152,0.0625,,,,,,,,,,,,,,,,,,,,,,,,,,,,,,,,,,,,,,,,,,,,,,,,,,,,,,,,,,50.2908148,26.8586096,
12:05:30.001,,,,,,,,,357.09000000000003,63.5,,3.721,,,,,,,,,,,,,,,,,,,,,,,,,,,,,,,,,,,,,,,,,,,,,,,,,,,,7.42,,,,,,,,,,,50.2908148,26.8586096,
12:05:30.074,-12.399999999999864,,-13.349999999999909,,,,,,,,,,3.714,,,,,,,,,,,,,,,,,,,,,,,,,,,,,,,,,,,,,,,,,,,,,,,,,,,7.435,,,,,,,,,,,50.2908148,26.8586096,
12:05:30.122,,-12.849999999999909,,,,,,,,,,,,,,,,,,,,,,,,,,,,,,,,,,,,,,,,,,,,,,,,,,,,,,,,,,,,,,,,,,,,,,,,,50.2908148,26.8586096,
12:05:30.241,,,,,,,,,,,,,,,,,,,,,,,,,,,,,,,,,,0,0,,,,0,0,,0.017129628167795726,0.588417505638889,3.511751,125.867434,8736.242978999999,0,-0.01,,,,,16.143231485529068,,,,19,99,,42,,,,,125,0,,,,,,,0,,50.2908148,26.8586096,
12:05:30.313,,,,,,,,,,,,,,,,,,,,0,5.882352941176471,100,,,,,,,,,,5.882352941176471,,,,,,,,,17.254901960784313,,,,,,,,,,,,,0,,,,,,,,,,,,0,,17.6470588235294,100,,,,,,50.2908148,26.8586096,
12:05:30.374,,,,,,,,,,,,,,,,,,,,,,,9.33352336352478,36.7422,672.9085331800001,9843.710692130002,0.09824761435289242,0.38676,8.703851000000002,121.28161400000002,0,,5.882352941176471,,,0,0,,,,,,,,,,,,16.696922408217212,11.013309314925802,6.915093700885331,1.3882582511902917,,,44,,,,33590,,12000,0,0,,125,0,33590,17.6470588235294,,,,,,0,50.2908148,26.8586096,
12:05:30.493,,,,,,,,,,,,,,,24,,,,,,,,,,,,,,,,,,,,,,,,,,,,,,,,,,,,,,,,,,,,,,,,,,,,,,,,,57,,,50.2908148,26.8586096,
12:05:30.530,,,,,,,,,,,,,,,,,,20.828125,,,,,,,,,,,,,,,,,,,,,,,,,,,,,,,,,,,,,,,,,,,,,,,,,,,,,,,,,50.2908148,26.8586096,
12:05:30.565,,,,,,,,,,,,,,,,1472,0.078125,,,,,,,,,,,,,,,,,,,,,,,,,,,,,,,,,,,,,,,,,,,,,,,,,,,,,,,,,,50.2908148,26.8586096,
12:05:30.685,,,,,16,,,,,,57,,,63.75,,,,,,,,,,,,,,,,,,,,,,,,,,,,,,,,,,,,,,,,,,,,,,,,,,,,,,,,117.25,-36,,,,50.2908148,26.8586096,
12:05:30.757,,,,,,,,,355.81,63.5,,3.717,,,,,,,,,,,,,,,,,,,,,,,,,,,,,,,,,,,,,,,,,,,,,,,,,,,,7.431,,,,,,,,,,,50.2907457,26.8584819,
12:05:30.805,-19.25,,-19.149999999999864,,,,,,,,,,3.705,,,,,,,,,,,,,,,,,,,,,,,,,,,,,,,,,,,,,,,,,,,,,,,,,,,7.422,,,,,,,,,,,50.2907457,26.8584819,
12:05:30.854,,-19.699999999999818,,,,,,,,,,,,,,,,,,,,,,,,,,,,,,,,,,,,,,,,,,,,,,,,,,,,,,,,,,,,,,,,,,,,,,,,,50.2907457,26.8584819,
12:05:30.974,,,,,,,,,,,,,,,,,,,,,,,,,,,,,,,,,,0,0,,,,0,0,,0.009245373253202384,0.5969683241388889,3.520302,125.875985,8736.25153,0,-0.01,,,,,16.286852677102182,,,,19,99,,42,,,,,125,0,,,,,,,0,,50.2907457,26.8584819,
12:05:31.058,,,,,,,,,,,,,,,,,,,,0,5.882352941176471,100,,,,,,,,,,5.882352941176471,,,,,,,,,17.254901960784313,,,,,,,,,,,,,0,,,,,,,,,,,,0,,17.6470588235294,100,,,,,,50.2907457,26.8584819,
12:05:31.178,,,,,,,,,,,,,,,,,,,,,,,9.33352336352478,36.7422,672.9085331800001,9843.710692130002,0.09824761435289242,0.38676,8.703851000000002,121.28161400000002,0,,5.882352941176471,,,0,0,,,,,,,,,,,,16.457760048594206,10.986557403313693,6.914623945147283,1.3882568923699479,,,44,,,,33600,,12000,0,0,,125,0,33600,17.6470588235294,,,,,,0,50.2907457,26.8584819,
12:05:31.345,,,,,,,,,,,,,,,24,,,,,,,,,,,,,,,,,,,,,,,,,,,,,,,,,,,,,,,,,,,,,,,,,,,,,,,,,57,,,50.2907457,26.8584819,
12:05:31.394,,,,,,,,,,,,,,,,,,17.546875,,,,,,,,,,,,,,,,,,,,,,,,,,,,,,,,,,,,,,,,,,,,,,,,,,,,,,,,,50.2907457,26.8584819,
12:05:31.430,,,,,,,,,,,,,,,,960,0.046875,,,,,,,,,,,,,,,,,,,,,,,,,,,,,,,,,,,,,,,,,,,,,,,,,,,,,,,,,,50.2907457,26.8584819,
12:05:31.527,,,,,,,,,357.09000000000003,63.5,,3.722,,,,,,,,,,,,,,,,,,,,,,,,,,,,,,,,,,,,,,,,,,,,,,,,,,,,7.427,,,,,,,,,,,50.2907457,26.8584819,
12:05:31.602,-16.649999999999864,,-16.84999999999991,,,,,,,,,,3.714,,,,,,,,,,,,,,,,,,,,,,,,,,,,,,,,,,,,,,,,,,,,,,,,,,,7.436,,,,,,,,,,,50.2907457,26.8584819,
12:05:31.643,,-18.84999999999991,,,,,,,,,,,,,,,,,,,,,,,,,,,,,,,,,,,,,,,,,,,,,,,,,,,,,,,,,,,,,,,,,,,,,,,,,50.2907457,26.8584819,
12:05:31.761,,,,,,,,,,,,,,,,,,,,,,,,,,,,,,,,,,0,0,,,,0,0,,0,0.6061669716388889,3.529501,125.885184,8736.260729,0,-0.01,,,,,16.439584129687283,,,,19,99,,42,,,,,125,0,,,,,,,0,,50.2906721,26.8583593,
12:05:31.837,,,,,,,,,,,,,,,,,,,,0,5.882352941176471,100,,,,,,,,,,5.882352941176471,,,,,,,,,16.470588235294116,,,,,,,,,,,,,0,,,,,,,,,,,,0,,17.6470588235294,100,,,,,,50.2906721,26.8583593,
12:05:31.909,,,,,,,,,,,,,,,,,,,,,,,9.33352336352478,36.7422,672.9085331800001,9843.710692130002,0.09824761435289242,0.38676,8.703851000000002,121.28161400000002,0,,5.882352941176471,,,0,0,,,,,,,,,,,,16.208011810221386,10.957922947181485,6.914118662288329,1.3882554305803392,,,44,,,,33600,,12000,0,0,,125,0,33600,17.6470588235294,,,,,,0,50.2906721,26.8583593,
12:05:32.045,,,,,,,,,,,,,,,24,,,,,,,,,,,,,,,,,,,,,,,,,,,,,,,,,,,,,,,,,,,,,,,,,,,,,,,,,57,,,50.2906721,26.8583593,
12:05:32.086,,,,,,,,,,,,,,,,,,17,,,,,,,,,,,,,,,,,,,,,,,,,,,,,,,,,,,,,,,,,,,,,,,,,,,,,,,,,50.2906721,26.8583593,
12:05:32.133,,,,,,,,,,,,,,,,992,0.046875,,,,,,,,,,,,,,,,,,,,,,,,,,,,,,,,,,,,,,,,,,,,,,,,,,,,,,,,,,50.2906721,26.8583593,
12:05:32.290,,,,,,,,,357.42,63.5,,3.719,,,,,,,,,,,,,,,,,,,,,,,,,,,,,,,,,,,,,,,,,,,,,,,,,,,,7.433,,,,,,,,,,,50.2906721,26.8583593,
12:05:32.354,-17.799999999999955,,-18.399999999999864,,,,,,,,,,3.709,,,,,,,,,,,,,,,,,,,,,,,,,,,,,,,,,,,,,,,,,,,,,,,,,,,7.428,,,,,,,,,,,50.2906721,26.8583593,
12:05:32.389,,-17.549999999999955,,,,,,,,,,,,,,,,,,,,,,,,,,,,,,,,,,,,,,,,,,,,,,,,,,,,,,,,,,,,,,,,,,,,,,,,,50.2906721,26.8583593,
12:05:32.513,,,,,,,,,,,,,,,,,,,,,,,,,,,,,,,,,,,,,,,,,,,,,,,,,,,,,,,,63,,,,,,,,,126,,,,,,,,,,50.2906721,26.8583593,
12:05:32.574,,,,,,,,,,,,,,,,,,,,,,,,,,,,,,,,,,0,0,,,,0,0,,0,0.6156549618055556,3.538989,125.894672,8736.270217,0,-0.01,,,,,16.595230412697354,,,,19,99,,42,,,,,126,0,,,,,,,0,,50.2906721,26.8583593,
12:05:32.650,,,,,,,,,,,,,,,,,,,,0,5.882352941176471,100,,,,,,,,,,5.882352941176471,,,,,,,,,16.07843137254902,,,,,,,,,,,,,0,,,,,,,,,,,,0,,17.6470588235294,100,,,,,,50.2906721,26.8583593,
12:05:32.725,,,,,,,,,,,,,,,,,,,,,,,9.33352336352478,36.7422,672.9085331800001,9843.710692130002,0.09824761435289242,0.38676,8.703851000000002,121.28161400000002,0,,5.882352941176471,,,0,0,,,,,,,,,,,,15.958226676961681,10.928544847130071,6.913597582588723,1.3882539228697033,,,44,,,,33600,,12000,0,0,,126,0,33600,17.6470588235294,,,,,,0,50.2905934,26.8582438,
12:05:32.881,,,,,,,,,,,,,,,24,,,,,,,,,,,,,,,,,,,,,,,,,,,,,,,,,,,,,,,,,,,,,,,,,,,,,,,,,57,,,50.2905934,26.8582438,
12:05:32.941,,,,,,,,,,,,,,,,,,14.5625,,,,,,,,,,,,,,,,,,,,,,,,,,,,,,,,,,,,,,,,,,,,,,,,,,,,,,,,,50.2905934,26.8582438,
12:05:33.026,,,,,,,,,,,,,,,,832,0.046875,,,,,,,,,,,,,,,,,,,,,,,,,,,,,,,,,,,,,,,,,,,,,,,,,,,,,,,,,,50.2905934,26.8582438,
12:05:33.183,,,,,,,,,356.13,63.5,,3.718,,,,,,,,,,,,,,,,,,,,,,,,,,,,,,,,,,,,,,,,,,,,,,,,,,,,7.427,,,,,,,,,,,50.2905934,26.8582438,
12:05:33.247,-16.699999999999818,,-16.549999999999955,,,,,,,,,,3.709,,,,,,,,,,,,,,,,,,,,,,,,,,,,,,,,,,,,,,,,,,,,,,,,,,,7.427,,,,,,,,,,,50.2905934,26.8582438,
12:05:33.286,,-16.899999999999864,,,,,,,,,,,,,,,,,,,,,,,,,,,,,,,,,,,,,,,,,,,,,,,,,,,,,,,,,,,,,,,,,,,,,,,,,50.2905934,26.8582438,
12:05:33.394,,,,,,,,,,,,,,,,,,,,,,,,,,,,,,,,,,0,0,,,,0,0,,0.008981670821210678,0.6254427854444444,3.548777,125.90446,8736.280004999999,0,-0.01,,,,,16.756253967076532,,,,19,99,,43,,,,,126,0,,,,,,,0,,50.2905934,26.8582438,
12:05:33.470,,,,,,,,,,,,,,,,,,,,0,5.882352941176471,100,,,,,,,,,,5.882352941176471,,,,,,,,,16.07843137254902,,,,,,,,,,,,,0,,,,,,,,,,,,0,,17.6470588235294,100,,,,,,50.2905934,26.8582438,
12:05:33.546,,,,,,,,,,,,,,,,,,,,,,,9.33352336352478,36.7422,672.9085331800001,9843.710692130002,0.09824761435289242,0.38676,8.703851000000002,121.28161400000002,0,,5.882352941176471,,,0,0,,,,,,,,,,,,15.708489511646842,10.89840246372201,6.913060109228857,1.3882523674903668,,,44,,,,33600,,12000,0,0,,126,0,33600,17.6470588235294,,,,,,0,50.2905934,26.8582438,
12:05:33.693,,,,,,,,,,,,,,,24,,,,,,,,,,,,,,,,,,,,,,,,,,,,,,,,,,,,,,,,,,,,,,,,,,,,,,,,,57,,,50.2905934,26.8582438,
12:05:33.729,,,,,,,,,,,,,,,,,,15.640625,,,,,,,,,,,,,,,,,,,,,,,,,,,,,,,,,,,,,,,,,,,,,,,,,,,,,,,,,50.2905094,26.8581357,
12:05:33.773,,,,,,,,,,,,,,,,992,0.046875,,,,,,,,,,,,,,,,,,,,,,,,,,,,,,,,,,,,,,,,,,,,,,,,,,,,,,,,,,50.2905094,26.8581357,
12:05:33.882,,,,-100,,,,,,,,,,,,,,,,,,,,,,,,,,,,,,,,,,,,,,,,,,,,,,,,,,,,,,,,,,,,,,,,,,,-36,,,,50.2905094,26.8581357,
12:05:34.013,,,,,,,,,355.32,63.5,,3.717,,,,,,,,,,,,,,,,,,,,,,,,,,,,,,,,,,,,,,,,,,,,,,,,,,,,7.426,,,,,,,,,,,50.2905094,26.8581357,
12:05:34.073,-18.09999999999991,,-18.75,,,,,,,,,,3.705,,,,,,,,,,,,,,,,,,,,,,,,,,,,,,,,,,,,,,,,,,,,,,,,,,,7.422,,,,,,,,,,,50.2905094,26.8581357,
12:05:34.109,,-18.199999999999818,,,,,,,,,,,,,,,,,,,,,,,,,,,,,,,,,,,,,,,,,,,,,,,,,,,,,,,,,,,,,,,,,,,,,,,,,50.2905094,26.8581357,
12:05:34.241,,,,,,,,,,,,,,,,,,,,,,,,,,,,,,,,,,0,0,,,,0,0,,0.008668073088917044,0.6355678939166667,3.558902,125.914585,8736.29013,0,-0.01,,,,,16.920772677201576,,,,19,99,,43,,,,,126,0,,,,,,,0,,50.2905094,26.8581357,
12:05:34.317,,,,,,,,,,,,,,,,,,,,0,5.882352941176471,100,,,,,,,,,,5.882352941176471,,,,,,,,,17.647058823529413,,,,,,,,,,,,,0,,,,,,,,,,,,0,,17.6470588235294,100,,,,,,50.2905094,26.8581357,
12:05:34.402,,,,,,,,,,,,,,,,,,,,,,,9.33352336352478,36.7422,672.9085331800001,9843.710692130002,0.09824761435289242,0.38676,8.703851000000002,121.28161400000002,0,,5.882352941176471,,,0,0,,,,,,,,,,,,15.45824062122532,10.867396742028863,6.912504218633609,1.3882507585631205,,,44,,,,33600,,12000,0,0,,126,0,33600,17.6470588235294,,,,,,0,50.2905094,26.8581357,
12:05:34.465,,,,,,,,,,,,,,,,,,,33,,,,,,,,,,,,,,,,,,,,,,,,,,,,,,,,,,,,,,,,,,,,,,,,,,,,,57,,,50.2905094,26.8581357,
12:05:34.562,,,,,,,,,,,,,,,24,,,,,,,,,,,,,,,,,,,,,,,,,,,,,,,,,,,,,,,,,,,,,,,,,,,,,,,,,57,,,50.2905094,26.8581357,
12:05:34.603,,,,,,,,,,,,,,,,,,21.9375,,,,,,,,,,,,,,,,,,,,,,,,,,,,,,,,,,,,,,,,,,,,,,,,,,,,,,,,,50.2905094,26.8581357,
12:05:34.677,,,,,,,,,,,,,,,,1312,0.078125,,,,,,,,,,,,,,,,,,,,,,,,,,,,,,,,,,,,,,,,,,,,,,,,,,,,,,,,,,50.2905094,26.8581357,
12:05:34.918,,,,,,,,,356.29,63,,3.706,,,,,,,,,,,,,,,,,,,,,,,,,,,,,,,,,,,,,,,,,,,,,,,,,,,,7.411,,,,,,,,,,,50.2904211,26.8580312,
12:05:34.990,-20.549999999999955,,-21.25,,,,,,,,,,3.703,,,,,,,,,,,,,,,,,,,,,,,,,,,,,,,,,,,,,,,,,,,,,,,,,,,7.409,,,,,,,,,,,50.2904211,26.8580312,
12:05:35.038,,-19.699999999999818,,,,,,,,,,,,,,,,,,,,,,,,,,,,,,,,,,,,,,,,,,,,,,,,,,,,,,,,,,,,,,,,,,,,,,,,,50.2904211,26.8580312,
12:05:35.182,,,,,,,,,,,,,,,,,,,,,,,,,,,,,,,,,,0,0,,,,0,0,,0.016560423147600256,0.64706045925,3.570395,125.926078,8736.301623,0,-0.01,,,,,17.1077759751907,,,,19,99,,44,,,,,126,0,,,,,,,0,,50.2904211,26.8580312,
12:05:35.268,,,,,,,,,,,,,,,,,,,,0,5.882352941176471,100,,,,,,,,,,5.882352941176471,,,,,,,,,16.862745098039216,,,,,,,,,,,,,0,,,,,,,,,,,,0,,17.6470588235294,100,,,,,,50.2904211,26.8580312,
12:05:35.332,,,,,,,,,,,,,,,,,,,,,,,9.33352336352478,36.7422,672.9085331800001,9843.710692130002,0.09824761435289242,0.38676,8.703851000000002,121.28161400000002,0,,5.882352941176471,,,0,0,,,,,,,,,,,,15.1836838348568,10.832414900872314,6.911873329367093,1.3882489322564457,,,45,,,,33600,,12000,0,0,,127,0,33600,17.6470588235294,,,,,,0,50.2904211,26.8580312,
12:05:35.466,,,,,,,,,,,,,,,24,,,,,,,,,,,,,,,,,,,,,,,,,,,,,,,,,,,,,,,,,,,,,,,,,,,,,,,,,57,,,50.2904211,26.8580312,
12:05:35.517,,,,,,,,,,,,,,,,,,23.578125,,,,,,,,,,,,,,,,,,,,,,,,,,,,,,,,,,,,,,,,,,,,,,,,,,,,,,,,,50.2904211,26.8580312,
12:05:35.553,,,,,,,,,,,,,,,,1696,0.09375,,,,,,,,,,,,,,,,,,,,,,,,,,,,,,,,,,,,,,,,,,,,,,,,,,,,,,,,,,50.2904211,26.8580312,
12:05:35.661,,,,,,17,16,15,,,,,,,,,,,,,,,,,,,,,,,,,,,,,,,,,,,,,,,,,,,,,,,,,,,,,,,,,,,,,,,-36,,,,50.2904211,26.8580312,
12:05:35.733,,,,,,,,,356.77,63,,3.704,,,,,,,,,,,,,,,,,,,,,,,,,,,,,,,,,,,,,,,,,,,,,,,,,,,,7.407,,,,,,,,,,,50.2903311,26.8579283,
12:05:35.786,-16.399999999999864,,-15.199999999999818,,,,,,,,,,3.7,,,,,,,,,,,,,,,,,,,,,,,,,,,,,,,,,,,,,,,,,,,,,,,,,,,7.404,,,,,,,,,,,50.2903311,26.8579283,
12:05:35.822,,-13.699999999999818,,,,,,,,,,,,,,,,,,,,,,,,,,,,,,,,,,,,,,,,,,,,,,,,,,,,,,,,,,,,,,,,,,,,,,,,,50.2903311,26.8579283,
12:05:35.934,,,,,,,,,,,,,,,,,,,,,,,,,,,,,,,,,,0,0,,,,0,0,,0.01686252655240039,0.6562521448055556,3.579587,125.93527,8736.310814999999,0,-0.01,,,,,17.255491383142658,,,,19,99,,44,,,,,127,0,,,,,,,0,,50.2903311,26.8579283,
12:05:36.029,,,,,,,,,,,,,,,,,,,,0,5.882352941176471,100,,,,,,,,,,5.882352941176471,,,,,,,,,18.03921568627451,,,,,,,,,,,,,0,,,,,,,,,,,,0,,17.6470588235294,100,,,,,,50.2903311,26.8579283,
12:05:36.103,,,,,,,,,,,,,,,,,,,,,,,9.33352336352478,36.7422,672.9085331800001,9843.710692130002,0.09824761435289242,0.38676,8.703851000000002,121.28161400000002,0,,5.882352941176471,,,0,0,,,,,,,,,,,,14.971016114850599,10.804598407581658,6.911368832575657,1.3882474715959388,,,45,,,,33610,,12000,0,0,,127,0,33610,17.6470588235294,,,,,,0,50.2903311,26.8579283,
12:05:36.262,,,,,,,,,,,,,,,24,,,,,,,,,,,,,,,,,,,,,,,,,,,,,,,,,,,,,,,,,,,,,,,,,,,,,,,,,57,,,50.2903311,26.8579283,
12:05:36.297,,,,,,,,,,,,,,,,,,27.375,,,,,,,,,,,,,,,,,,,,,,,,,,,,,,,,,,,,,,,,,,,,,,,,,,,,,,,,,50.2903311,26.8579283,
12:05:36.333,,,,,,,,,,,,,,,,2048,0.125,,,,,,,,,,,,,,,,,,,,,,,,,,,,,,,,,,,,,,,,,,,,,,,,,,,,,,,,,,50.2903311,26.8579283,
12:05:36.490,,,,,,,,,354.68,63,,3.7,,,,,,,,,,,,,,,,,,,,,,,,,,,,,,,,,,,,,,,,,,,,,,,,,,,,7.4,,,,,,,,,,,50.2903311,26.8579283,
12:05:36.589,-24.34999999999991,,-25.09999999999991,,,,,,,,,,3.687,,,,,,,,,,,,,,,,,,,,,,,,,,,,,,,,,,,,,,,,,,,,,,,,,,,7.387,,,,,,,,,,,50.2903311,26.8579283,
12:05:36.673,,-27.799999999999955,,,,,,,,,,,,,,,,,,,,,,,,,,,,,,,,,,,,,,,,,,,,,,,,,,,,,,,,,,,,,,,,,,,,,,,,,50.2903311,26.8579283,
12:05:36.774,,,,,,,,,,,,,,,,,,,,,,,,,,,,,,,,,,,,,,,,,,,,,,,,,,,,,,,,64,,,,,,,,,128,,,,,,,,,,50.2902391,26.8578254,
12:05:36.837,,,,,,,,,,,,,,,,,,,,,,,,,,,,,,,,,,0,0,,,,0,0,,0.01645469370764393,0.6675397985555556,3.590875,125.946558,8736.322102999999,0,-0.01,,,,,17.437281309267146,,,,19,99,,45,,,,,128,0,,,,,,,0,,50.2902391,26.8578254,
12:05:36.910,,,,,,,,,,,,,,,,,,,,0,5.882352941176471,100,,,,,,,,,,5.882352941176471,,,,,,,,,18.431372549019606,,,,,,,,,,,,,0,,,,,,,,,,,,0,,17.6470588235294,100,,,,,,50.2902391,26.8578254,
12:05:36.998,,,,,,,,,,,,,,,,,,,,,,,9.33352336352478,36.7422,672.9085331800001,9843.710692130002,0.09824761435289242,0.38676,8.703851000000002,121.28161400000002,0,,5.882352941176471,,,0,0,,,,,,,,,,,,14.71786619546637,10.770633898423087,6.91074939896333,1.388245677873446,,,45,,,,33610,,12000,0,0,,128,0,33610,17.6470588235294,,,,,,0,50.2902391,26.8578254,
12:05:37.145,,,,,,,,,,,,,,,24,,,,,,,,,,,,,,,,,,,,,,,,,,,,,,,,,,,,,,,,,,,,,,,,,,,,,,,,,57,,,50.2902391,26.8578254,
12:05:37.182,,,,,,,,,,,,,,,,,,25.875,,,,,,,,,,,,,,,,,,,,,,,,,,,,,,,,,,,,,,,,,,,,,,,,,,,,,,,,,50.2902391,26.8578254,
12:05:37.218,,,,,,,,,,,,,,,,1824,0.109375,,,,,,,,,,,,,,,,,,,,,,,,,,,,,,,,,,,,,,,,,,,,,,,,,,,,,,,,,,50.2902391,26.8578254,
12:05:37.349,,,,,16,,,,,,58.5,,,63.75,,,,,,,,,,,,,,,,,,,,,,,,,,,,,,,,,,,,,,,,,,,,,,,,,,,,,,,,120.75,-36,,,,50.2902391,26.8578254,
12:05:37.410,,,,,,,,,354.52,63,,3.692,,,,,,,,,,,,,,,,,,,,,,,,,,,,,,,,,,,,,,,,,,,,,,,,,,,,7.379,,,,,,,,,,,50.2902391,26.8578254,
12:05:37.473,-27.699999999999818,,-27.699999999999818,,,,,,,,,,3.682,,,,,,,,,,,,,,,,,,,,,,,,,,,,,,,,,,,,,,,,,,,,,,,,,,,7.374,,,,,,,,,,,50.2902391,26.8578254,
12:05:37.510,,-28.25,,,,,,,,,,,,,,,,,,,,,,,,,,,,,,,,,,,,,,,,,,,,,,,,,,,,,,,,,,,,,,,,,,,,,,,,,50.2902391,26.8578254,
12:05:37.630,,,,,,,,,,,,,,,,,,,,,,,,,,,,,,,,,,0,0,,,,0,0,,0.016717771591299398,0.6774513960555556,3.600787,125.95647,8736.332014999998,0,-0.01,,,,,17.594956458495627,,,,19,99,,45,,,,,128,0,,,,,,,0,,50.2902391,26.8578254,
12:05:37.694,,,,,,,,,,,,,,,,,,,,0,5.882352941176471,100,,,,,,,,,,5.882352941176471,,,,,,,,,18.431372549019606,,,,,,,,,,,,,0,,,,,,,,,,,,0,,17.6470588235294,100,,,,,,50.2902391,26.8578254,
12:05:37.766,,,,,,,,,,,,,,,,,,,,,,,9.33352336352478,36.7422,672.9085331800001,9843.710692130002,0.09824761435289242,0.38676,8.703851000000002,121.28161400000002,0,,5.882352941176471,,,0,0,,,,,,,,,,,,14.502533307176984,10.740985234616767,6.9102055654624195,1.3882441028084034,,,45,,,,33610,,12000,0,0,,128,0,33610,17.6470588235294,,,,,,0,50.2901462,26.8577216,
12:05:37.906,,,,,,,,,,,,,,,24,,,,,,,,,,,,,,,,,,,,,,,,,,,,,,,,,,,,,,,,,,,,,,,,,,,,,,,,,57,,,50.2901462,26.8577216,
12:05:37.942,,,,,,,,,,,,,,,,,,21.578125,,,,,,,,,,,,,,,,,,,,,,,,,,,,,,,,,,,,,,,,,,,,,,,,,,,,,,,,,50.2901462,26.8577216,
12:05:37.989,,,,,,,,,,,,,,,,1536,0.09375,,,,,,,,,,,,,,,,,,,,,,,,,,,,,,,,,,,,,,,,,,,,,,,,,,,,,,,,,,50.2901462,26.8577216,
12:05:38.125,,,,,,,,,354.36,63,,3.695,,,,,,,,,,,,,,,,,,,,,,,,,,,,,,,,,,,,,,,,,,,,,,,,,,,,7.377,,,,,,,,,,,50.2901462,26.8577216,
12:05:38.185,-21.899999999999864,,-21.699999999999818,,,,,,,,,,3.687,,,,,,,,,,,,,,,,,,,,,,,,,,,,,,,,,,,,,,,,,,,,,,,,,,,7.382,,,,,,,,,,,50.2901462,26.8577216,
12:05:38.224,,-20.949999999999818,,,,,,,,,,,,,,,,,,,,,,,,,,,,,,,,,,,,,,,,,,,,,,,,,,,,,,,,,,,,,,,,,,,,,,,,,50.2901462,26.8577216,
12:05:38.342,,,,,,,,,,,,,,,,,,,,,,,,,,,,,,,,,,0,0,,,,0,0,,0.00896396116430653,0.6863556235555556,3.609691,125.965374,8736.340918999998,0,-0.01,,,,,17.735075798424383,,,,19,99,,45,,,,,128,0,,,,,,,0,,50.2901462,26.8577216,
12:05:38.406,,,,,,,,,,,,,,,,,,,,0,5.882352941176471,100,,,,,,,,,,5.882352941176471,,,,,,,,,16.862745098039216,,,,,,,,,,,,,0,,,,,,,,,,,,0,,17.6470588235294,100,,,,,,50.2901462,26.8577216,
12:05:38.495,,,,,,,,,,,,,,,,,,,,,,,9.33352336352478,36.7422,672.9085331800001,9843.710692130002,0.09824761435289242,0.38676,8.703851000000002,121.28161400000002,0,,5.882352941176471,,,0,0,,,,,,,,,,,,14.314389069027564,10.71449052010269,6.909717110036923,1.3882426879225138,,,45,,,,33620,,12000,0,0,,128,0,33620,17.6470588235294,,,,,,0,50.2901462,26.8577216,
12:05:38.774,,,,,,,,,,,,,,,24,,,,,,,,,,,,,,,,,,,,,,,,,,,,,,,,,,,,,,,,,,,,,,,,,,,,,,,,,57,,,50.2900524,26.8576175,
12:05:38.837,,,,,,,,,,,,,,,,,,13.53125,,,,,,,,,,,,,,,,,,,,,,,,,,,,,,,,,,,,,,,,,,,,,,,,,,,,,,,,,50.2900524,26.8576175,
12:05:38.873,,,,,,,,,,,,,,,,800,0.046875,,,,,,,,,,,,,,,,,,,,,,,,,,,,,,,,,,,,,,,,,,,,,,,,,,,,,,,,,,50.2900524,26.8576175,
12:05:38.982,,,,,,,,,354.52,62.5,,3.705,,,,,,,,,,,,,,,,,,,,,,,,,,,,,,,,,,,,,,,,,,,,,,,,,,,,7.392,,,,,,,,,,,50.2900524,26.8576175,
12:05:39.033,-16.34999999999991,,-16.299999999999955,,,,,,,,,,3.694,,,,,,,,,,,,,,,,,,,,,,,,,,,,,,,,,,,,,,,,,,,,,,,,,,,7.399,,,,,,,,,,,50.2900524,26.8576175,
12:05:39.081,,-17.34999999999991,,,,,,,,,,,,,,,,,,,,,,,,,,,,,,,,,,,,,,,,,,,,,,,,,,,,,,,,,,,,,,,,,,,,,,,,,50.2900524,26.8576175,
12:05:39.205,,,,,,,,,,,,,,,,,,,,,,,,,,,,,,,,,,0,0,,,,0,0,,0.008658204806401953,0.6971452723055556,3.620481,125.976164,8736.351708999999,0,-0.01,,,,,17.90295641494869,,,,19,99,,45,,,,,128,0,,,,,,,0,,50.2900524,26.8576175,
12:05:39.270,,,,,,,,,,,,,,,,,,,,0,5.882352941176471,100,,,,,,,,,,5.882352941176471,,,,,,,,,16.470588235294116,,,,,,,,,,,,,0,,,,,,,,,,,,0,,17.6470588235294,100,,,,,,50.2900524,26.8576175,
12:05:39.346,,,,,,,,,,,,,,,,,,,,,,,9.33352336352478,36.7422,672.9085331800001,9843.710692130002,0.09824761435289242,0.38676,8.703851000000002,121.28161400000002,0,,5.882352941176471,,,0,0,,,,,,,,,,,,14.092846678565863,10.682558477727131,6.90912528500233,1.3882409733465557,,,45,,,,33620,,12000,0,0,,128,0,33620,17.6470588235294,,,,,,0,50.2900524,26.8576175,
12:05:39.482,,,,,,,,,,,,,,,24,,,,,,,,,,,,,,,,,,,,,,,,,,,,,,,,,,,,,,,,,,,,,,,,,,,,,,,,,57,,,50.2900524,26.8576175,
12:05:39.518,,,,,,,,,,,,,,,,,,13.703125,,,,,,,,,,,,,,,,,,,,,,,,,,,,,,,,,,,,,,,,,,,,,,,,,,,,,,,,,50.2900524,26.8576175,
12:05:39.552,,,,,,,,,,,,,,,,992,0.046875,,,,,,,,,,,,,,,,,,,,,,,,,,,,,,,,,,,,,,,,,,,,,,,,,,,,,,,,,,50.2900524,26.8576175,
12:05:39.711,,,,,,,,,355.97,62.5,,3.705,,,,,,,,,,,,,,,,,,,,,,,,,,,,,,,,,,,,,,,,,,,,,,,,,,,,7.399,,,,,,,,,,,50.2900524,26.8576175,
12:05:39.774,-16.649999999999864,,-16.899999999999864,,,,,,,,,,3.695,,,,,,,,,,,,,,,,,,,,,,,,,,,,,,,,,,,,,,,,,,,,,,,,,,,7.4,,,,,,,,,,,50.2899585,26.8575122,
12:05:39.823,,-17.09999999999991,,,,,,,,,,,,,,,,,,,,,,,,,,,,,,,,,,,,,,,,,,,,,,,,,,,,,,,,,,,,,,,,,,,,,,,,,50.2899585,26.8575122,
12:05:39.934,,,,,,,,,,,,,,,,,,,,,,,,,,,,,,,,,,0,0,,,,0,0,,0,0.7062574948055556,3.629593,125.985276,8736.360820999998,0,-0.01,,,,,18.043135315162527,,,,19,99,,45,,,,,128,0,,,,,,,0,,50.2899585,26.8575122,
12:05:40.002,,,,,,,,,,,,,,,,,,,,0,5.882352941176471,100,,,,,,,,,,5.882352941176471,,,,,,,,,16.470588235294116,,,,,,,,,,,,,0,,,,,,,,,,,,0,,17.6470588235294,100,,,,,,50.2899585,26.8575122,
12:05:40.097,,,,,,,,,,,,,,,,,,,,,,,9.33352336352478,36.7422,672.9085331800001,9843.710692130002,0.09824761435289242,0.38676,8.703851000000002,121.28161400000002,0,,5.882352941176471,,,0,0,,,,,,,,,,,,13.91101900871744,10.655740189051501,6.9086255762141615,1.3882395254150877,,,45,,,,33620,,12000,0,0,,128,0,33620,17.6470588235294,,,,,,0,50.2899585,26.8575122,
12:05:40.244,,,,,,,,,,,,,,,24,,,,,,,,,,,,,,,,,,,,,,,,,,,,,,,,,,,,,,,,,,,,,,,,,,,,,,,,,57,,,50.2899585,26.8575122,
12:05:40.293,,,,,,,,,,,,,,,,,,12.34375,,,,,,,,,,,,,,,,,,,,,,,,,,,,,,,,,,,,,,,,,,,,,,,,,,,,,,,,,50.2899585,26.8575122,
12:05:40.365,,,,,,,,,,,,,,,,736,0.03125,,,,,,,,,,,,,,,,,,,,,,,,,,,,,,,,,,,,,,,,,,,,,,,,,,,,,,,,,,50.2899585,26.8575122,
12:05:40.594,,,,,,,,,356.61,62.5,,3.707,,,,,,,,,,,,,,,,,,,,,,,,,,,,,,,,,,,,,,,,,,,,,,,,,,,,7.402,,,,,,,,,,,50.2899585,26.8575122,
12:05:40.657,-13.75,,-14.049999999999955,,,,,,,,,,3.701,,,,,,,,,,,,,,,,,,,,,,,,,,,,,,,,,,,,,,,,,,,,,,,,,,,7.408,,,,,,,,,,,50.2899585,26.8575122,
12:05:40.693,,-11.799999999999955,,,,,,,,,,,,,,,,,,,,,,,,,,,,,,,,,,,,,,,,,,,,,,,,,,,,,,,,,,,,,,,,,,,,,,,,,50.2899585,26.8575122,
12:05:40.830,,,,,,,,,,,,,,,,,,,,,,,,,,,,,,,,,,,,,,,,,,,,,,,,,,,,,,,,64,,,,,,,,,128,,,,,,,,,,50.2898652,26.8574078,
12:05:40.894,,,,,,,,,,,,,,,,,,,,,,,,,,,,,,,,,,0,0,,,,0,0,,0,0.7182563285555555,3.641592,125.997275,8736.372819999999,0,-0.01,,,,,18.22552339395961,,,,19,99,,45,,,,,128,0,,,,,,,0,,50.2898652,26.8574078,
12:05:40.957,,,,,,,,,,,,,,,,,,,,0,5.882352941176471,100,,,,,,,,,,5.882352941176471,,,,,,,,,15.686274509803921,,,,,,,,,,,,,0,,,,,,,,,,,,0,,17.6470588235294,100,,,,,,50.2898652,26.8574078,
12:05:41.053,,,,,,,,,,,,,,,,,,,,,,,9.33352336352478,36.7422,672.9085331800001,9843.710692130002,0.09824761435289242,0.38676,8.703851000000002,121.28161400000002,0,,5.882352941176471,,,0,0,,,,,,,,,,,,13.67862842927853,10.620629658676755,6.907967652475025,1.3882376187329428,,,45,,,,33620,,12000,0,0,,128,0,33620,17.6470588235294,,,,,,0,50.2898652,26.8574078,
12:05:41.141,,,,,,,,,,,,,,,,,,,33,,,,,,,,,,,,,,,,,,,,,,,,,,,,,,,,,,,,,,,,,,,,,,,,,,,,,57,,,50.2898652,26.8574078,
12:05:41.237,,,,,,,,,,,,,,,24,,,,,,,,,,,,,,,,,,,,,,,,,,,,,,,,,,,,,,,,,,,,,,,,,,,,,,,,,57,,,50.2898652,26.8574078,
12:05:41.274,,,,,,,,,,,,,,,,,,1.484375,,,,,,,,,,,,,,,,,,,,,,,,,,,,,,,,,,,,,,,,,,,,,,,,,,,,,,,,,50.2898652,26.8574078,
12:05:41.333,,,,,,,,,,,,,,,,96,0,,,,,,,,,,,,,,,,,,,,,,,,,,,,,,,,,,,,,,,,,,,,,,,,,,,,,,,,,,50.2898652,26.8574078,
12:05:41.454,,,,,,,,,357.09000000000003,62.5,,3.724,,,,,,,,,,,,,,,,,,,,,,,,,,,,,,,,,,,,,,,,,,,,,,,,,,,,7.425,,,,,,,,,,,50.2898652,26.8574078,
12:05:41.517,-3.5499999999999545,,-3,,,,,,,,,,3.718,,,,,,,,,,,,,,,,,,,,,,,,,,,,,,,,,,,,,,,,,,,,,,,,,,,7.442,,,,,,,,,,,50.2898652,26.8574078,
12:05:41.554,,-2.349999999999909,,,,,,,,,,,,,,,,,,,,,,,,,,,,,,,,,,,,,,,,,,,,,,,,,,,,,,,,,,,,,,,,,,,,,,,,,50.2898652,26.8574078,
12:05:41.687,,,,,,,,,,,,,,,,,,,,,,,,,,,,,,,,,,0,0,,,,0,0,,0,0.7281655660555555,3.651501,126.007184,8736.382728999999,0,-0.01,,,,,18.374298180427452,,,,19,99,,45,,,,,128,0,,,,,,,0,,50.2898652,26.8574078,
12:05:41.749,,,,,,,,,,,,,,,,,,,,0,5.882352941176471,100,,,,,,,,,,5.882352941176471,,,,,,,,,13.72549019607843,,,,,,,,,,,,,0,,,,,,,,,,,,0,,17.6470588235294,100,,,,,,50.2897717,26.8573045,
12:05:41.821,,,,,,,,,,,,,,,,,,,,,,,9.33352336352478,36.7422,672.9085331800001,9843.710692130002,0.09824761435289242,0.38676,8.703851000000002,121.28161400000002,0,,5.882352941176471,,,0,0,,,,,,,,,,,,13.492482882031338,10.591808683607098,6.907424421134594,1.3882360441628958,,,45,,,,33630,,12000,0,0,,128,0,33630,17.6470588235294,,,,,,0,50.2897717,26.8573045,
12:05:41.943,,,,,,,,,,,,,,,24,,,,,,,,,,,,,,,,,,,,,,,,,,,,,,,,,,,,,,,,,,,,,,,,,,,,,,,,,57,,,50.2897717,26.8573045,
12:05:41.971,,,,,,,,,,,,,,,,,,-2.015625,,,,,,,,,,,,,,,,,,,,,,,,,,,,,,,,,,,,,,,,,,,,,,,,,,,,,,,,,50.2897717,26.8573045,
12:05:42.021,,,,,,,,,,,,,,,,-128,-0.015625,,,,,,,,,,,,,,,,,,,,,,,,,,,,,,,,,,,,,,,,,,,,,,,,,,,,,,,,,,50.2897717,26.8573045,
12:05:42.150,,,,-100,,,,,,,,,,,,,,,,,,,,,,,,,,,,,,,,,,,,,,,,,,,,,,,,,,,,,,,,,,,,,,,,,,,-36,,,,50.2897717,26.8573045,
12:05:42.406,,,,,,,,,359.03000000000003,62.5,,3.734,,,,,,,,,,,,,,,,,,,,,,,,,,,,,,,,,,,,,,,,,,,,,,,,,,,,7.452,,,,,,,,,,,50.2897717,26.8573045,
12:05:42.469,-0.599999999999909,,-0.5,,,,,,,,,,3.726,,,,,,,,,,,,,,,,,,,,,,,,,,,,,,,,,,,,,,,,,,,,,,,,,,,7.46,,,,,,,,,,,50.2897717,26.8573045,
12:05:42.505,,-3.25,,,,,,,,,,,,,,,,,,,,,,,,,,,,,,,,,,,,,,,,,,,,,,,,,,,,,,,,,,,,,,,,,,,,,,,,,50.2897717,26.8573045,
12:05:42.650,,,,,,,,,,,,,,,,,,,,,,,,,,,,,,,,,,0,0,,,,0,0,,0,0.7402135323055555,3.663549,126.019232,8736.394777,0,-0.01,,,,,18.55297110257558,,,,19,99,,45,,,,,128,0,,,,,,,0,,50.2897717,26.8573045,
12:05:42.725,,,,,,,,,,,,,,,,,,,,0,5.882352941176471,100,,,,,,,,,,5.882352941176471,,,,,,,,,13.72549019607843,,,,,,,,,,,,,0,,,,,,,,,,,,0,,17.6470588235294,100,,,,,,50.2896793,26.8572031,
12:05:42.798,,,,,,,,,,,,,,,,,,,,,,,9.33352336352478,36.7422,672.9085331800001,9843.710692130002,0.09824761435289242,0.38676,8.703851000000002,121.28161400000002,0,,5.882352941176471,,,0,0,,,,,,,,,,,,13.27287465913774,10.55697630903804,6.906764040587076,1.3882341297040959,,,45,,,,33630,,12000,0,0,,128,0,33630,17.6470588235294,,,,,,0,50.2896793,26.8572031,
12:05:42.933,,,,,,,,,,,,,,,24,,,,,,,,,,,,,,,,,,,,,,,,,,,,,,,,,,,,,,,,,,,,,,,,,,,,,,,,,57,,,50.2896793,26.8572031,
12:05:42.982,,,,,,,,,,,,,,,,,,-0.453125,,,,,,,,,,,,,,,,,,,,,,,,,,,,,,,,,,,,,,,,,,,,,,,,,,,,,,,,,50.2896793,26.8572031,
12:05:43.030,,,,,,,,,,,,,,,,-32,-0.015625,,,,,,,,,,,,,,,,,,,,,,,,,,,,,,,,,,,,,,,,,,,,,,,,,,,,,,,,,,50.2896793,26.8572031,
12:05:43.174,,,,,,,,,357.09000000000003,62.5,,3.73,,,,,,,,,,,,,,,,,,,,,,,,,,,,,,,,,,,,,,,,,,,,,,,,,,,,7.456,,,,,,,,,,,50.2896793,26.8572031,
12:05:43.237,-2.699999999999818,,-3.8999999999998636,,,,,,,,,,3.721,,,,,,,,,,,,,,,,,,,,,,,,,,,,,,,,,,,,,,,,,,,,,,,,,,,7.451,,,,,,,,,,,50.2896793,26.8572031,
12:05:43.290,,-1.5,,,,,,,,,,,,,,,,,,,,,,,,,,,,,,,,,,,,,,,,,,,,,,,,,,,,,,,,,,,,,,,,,,,,,,,,,50.2896793,26.8572031,
12:05:43.421,,,,,,,,,,,,,,,,,,,,,,,,,,,,,,,,,,0.01,0,,,,0,0,,-0.008122005510918358,0.7496352168611111,3.672971,126.028654,8736.404198999999,0,-0.01,,,,,18.688816454752544,,,,19,99,,44,,,,,128,0.01,,,,,,,0.008825985,,50.2896793,26.8572031,
12:05:43.514,,,,,,,,,,,,,,,,,,,,0,5.882352941176471,100,,,,,,,,,,5.882352941176471,,,,,,,,,14.117647058823529,,,,,,,,,,,,,0,,,,,,,,,,,,0.01,,17.6470588235294,100,,,,,,50.2896793,26.8572031,
12:05:43.601,,,,,,,,,,,,,,,,,,,,,,,9.33352336352478,36.7422,672.9085331800001,9843.710692130002,0.09824761435289242,0.38676,8.703851000000002,121.28161400000002,0,,5.882352941176471,,,0,0,,,,,,,,,,,,13.106056404910774,10.529895280959202,6.9062476855461785,1.388232632527263,,,45,,,,33630,,12000,0,0,,128,0.01,33630,17.6470588235294,,,,,,0,50.2896793,26.8572031,
12:05:43.738,,,,,,,,,,,,,,,24,,,,,,,,,,,,,,,,,,,,,,,,,,,,,,,,,,,,,,,,,,,,,,,,,,,,,,,,,57,,,50.2895882,26.8571028,
12:05:43.781,,,,,,,,,,,,,,,,,,2.71875,,,,,,,,,,,,,,,,,,,,,,,,,,,,,,,,,,,,,,,,,,,,,,,,,,,,,,,,,50.2895882,26.8571028,
12:05:43.829,,,,,,,,,,,,,,,,32,0,,,,,,,,,,,,,,,,,,,,,,,,,,,,,,,,,,,,,,,,,,,,,,,,,,,,,,,,,,50.2895882,26.8571028,
12:05:43.961,,,,,,17,16,15,,,,,,,,,,,,,,,,,,,,,,,,,,,,,,,,,,,,,,,,,,,,,,,,,,,,,,,,,,,,,,,-36,,,,50.2895882,26.8571028,
12:05:44.022,,,,,17,,,,,,59,,,63.75,,,,,,,,,,,,,,,,,,,,,,,,,,,,,,,,,,,,,,,,,,,,,,,,,,,,,,,,122.25,-35,,,,50.2895882,26.8571028,
12:05:44.142,,,,,,,,,358.7,62.5,,3.729,,,,,,,,,,,,,,,,,,,,,,,,,,,,,,,,,,,,,,,,,,,,,,,,,,,,7.45,,,,,,,,,,,50.2895882,26.8571028,
12:05:44.230,-5.199999999999818,,-5.2999999999999545,,,,,,,,,,3.721,,,,,,,,,,,,,,,,,,,,,,,,,,,,,,,,,,,,,,,,,,,,,,,,,,,7.45,,,,,,,,,,,50.2895882,26.8571028,
12:05:44.280,,-5.349999999999909,,,,,,,,,,,,,,,,,,,,,,,,,,,,,,,,,,,,,,,,,,,,,,,,,,,,,,,,,,,,,,,,,,,,,,,,,50.2895882,26.8571028,
12:05:44.402,,,,,,,,,,,,,,,,,,,,,,,,,,,,,,,,,,0,0,,,,0,0,,-0.00807479376834186,0.7616244053055555,3.68496,126.040643,8736.416188,0,-0.01,,,,,18.859598080806016,,,,19,99,,44,,,,,128,0,,,,,,,0,,50.2895882,26.8571028,
12:05:44.466,,,,,,,,,,,,,,,,,,,,0,5.882352941176471,100,,,,,,,,,,5.882352941176471,,,,,,,,,14.509803921568627,,,,,,,,,,,,,0,,,,,,,,,,,,0,,17.6470588235294,100,,,,,,50.2895882,26.8571028,
12:05:44.531,,,,,,,,,,,,,,,,,,,,,,,9.33352336352478,36.7422,672.9085331800001,9843.710692130002,0.09824761435289242,0.38676,8.703851000000002,121.28161400000002,0,,5.882352941176471,,,0,0,,,,,,,,,,,,12.899746078052281,10.495636316269378,6.905590762497143,1.3882307274530685,,,45,,,,33640,,12000,0,0,,128,0,33640,17.6470588235294,,,,,,0,50.2895882,26.8571028,
12:05:44.653,,,,,,,,,,,,,,,24,,,,,,,,,,,,,,,,,,,,,,,,,,,,,,,,,,,,,,,,,,,,,,,,,,,,,,,,,57,,,50.2895882,26.8571028,
12:05:44.694,,,,,,,,,,,,,,,,,,-5.734375,,,,,,,,,,,,,,,,,,,,,,,,,,,,,,,,,,,,,,,,,,,,,,,,,,,,,,,,,50.2895882,26.8571028,
12:05:44.740,,,,,,,,,,,,,,,,-256,-0.015625,,,,,,,,,,,,,,,,,,,,,,,,,,,,,,,,,,,,,,,,,,,,,,,,,,,,,,,,,,50.2894981,26.8570022,
12:05:44.850,,,,,,,,,360.8,62.5,,3.773,,,,,,,,,,,,,,,,,,,,,,,,,,,,,,,,,,,,,,,,,,,,,,,,,,,,7.494,,,,,,,,,,,50.2894981,26.8570022,
12:05:44.913,30.100000000000136,,-1600,,,,,,,,,,3.764,,,,,,,,,,,,,,,,,,,,,,,,,,,,,,,,,,,,,,,,,,,,,,,,,,,7.537,,,,,,,,,,,50.2894981,26.8570022,
12:05:44.950,,32.90000000000009,,,,,,,,,,,,,,,,,,,,,,,,,,,,,,,,,,,,,,,,,,,,,,,,,,,,,,,,,,,,,,,,,,,,,,,,,50.2894981,26.8570022,
12:05:45.073,,,,,,,,,,,,,,,,,,,,,,,,,,,,,,,,,,,,,,,,,,,,,,,,,,,,,,,,64,,,,,,,,,128,,,,,,,,,,50.2894981,26.8570022,
12:05:45.150,,,,,,,,,,,,,,,,,,,,,,,,,,,,,,,,,,0,0,,,,0,0,,-0.016358513287159655,0.7705517798333333,3.693887,126.04957,8736.425114999998,0,-0.01,,,,,18.98306891786985,,,,19,99,,43,,,,,128,0,,,,,,,0,,50.2894981,26.8570022,
12:05:45.237,,,,,,,,,,,,,,,,,,,,0,5.882352941176471,100,,,,,,,,,,5.882352941176471,,,,,,,,,1.9607843137254901,,,,,,,,,,,,,0,,,,,,,,,,,,0,,17.6470588235294,100,,,,,,50.2894981,26.8570022,
12:05:45.314,,,,,,,,,,,,,,,,,,,,,,,9.33352336352478,36.7422,672.9085331800001,9843.710692130002,0.09824761435289242,0.38676,8.703851000000002,121.28161400000002,0,,5.882352941176471,,,0,0,,,,,,,,,,,,12.75029361091644,10.470271559471094,6.905101699275929,1.3882293089397133,,,45,,,,33650,,12000,0,0,,128,0,33650,17.6470588235294,,,,,,0,50.2894981,26.8570022,
12:05:45.486,,,,,,,,,,,,,,,24,,,,,,,,,,,,,,,,,,,,,,,,,,,,,,,,,,,,,,,,,,,,,,,,,,,,,,,,,57,,,50.2894981,26.8570022,
12:05:45.525,,,,,,,,,,,,,,,,,,4.921875,,,,,,,,,,,,,,,,,,,,,,,,,,,,,,,,,,,,,,,,,,,,,,,,,,,,,,,,,50.2894981,26.8570022,
12:05:45.573,,,,,,,,,,,,,,,,128,0,,,,,,,,,,,,,,,,,,,,,,,,,,,,,,,,,,,,,,,,,,,,,,,,,,,,,,,,,,50.2894981,26.8570022,
12:05:45.673,,,,,,,,,356.77,62.5,,3.732,,,,,,,,,,,,,,,,,,,,,,,,,,,,,,,,,,,,,,,,,,,,,,,,,,,,7.496,,,,,,,,,,,50.2894981,26.8570022,
12:05:45.734,-15.5,,-15.899999999999864,,,,,,,,,,3.721,,,,,,,,,,,,,,,,,,,,,,,,,,,,,,,,,,,,,,,,,,,,,,,,,,,7.453,,,,,,,,,,,50.2894101,26.856903,
12:05:45.769,,-16.049999999999955,,,,,,,,,,,,,,,,,,,,,,,,,,,,,,,,,,,,,,,,,,,,,,,,,,,,,,,,,,,,,,,,,,,,,,,,,50.2894101,26.856903,
12:05:45.890,,,,,,,,,,,,,,,,,,,,,,,,,,,,,,,,,,0,0,,,,0,0,,-0.026230371970083377,0.7791872878333334,3.702523,126.058206,8736.433750999999,0,-0.01,,,,,19.0990684787209,,,,19,99,,42,,,,,128,0,,,,,,,0,,50.2894101,26.856903,
12:05:45.982,,,,,,,,,,,,,,,,,,,,0,5.882352941176471,100,,,,,,,,,,5.882352941176471,,,,,,,,,16.07843137254902,,,,,,,,,,,,,0,,,,,,,,,,,,0,,17.6470588235294,100,,,,,,50.2894101,26.856903,
12:05:46.058,,,,,,,,,,,,,,,,,,,,,,,9.33352336352478,36.7422,672.9085331800001,9843.710692130002,0.09824761435289242,0.38676,8.703851000000002,121.28161400000002,0,,5.882352941176471,,,0,0,,,,,,,,,,,,12.608985783904036,10.445850032531872,6.904628644326417,1.388227936669442,,,45,,,,33650,,12000,0,0,,128,0,33650,17.6470588235294,,,,,,0,50.2894101,26.856903,
12:05:46.289,,,,,,,,,,,,,,,24,,,,,,,,,,,,,,,,,,,,,,,,,,,,,,,,,,,,,,,,,,,,,,,,,,,,,,,,,57,,,50.2894101,26.856903,
12:05:46.330,,,,,,,,,,,,,,,,,,21.953125,,,,,,,,,,,,,,,,,,,,,,,,,,,,,,,,,,,,,,,,,,,,,,,,,,,,,,,,,50.2894101,26.856903,
12:05:46.389,,,,,,,,,,,,,,,,1408,0.078125,,,,,,,,,,,,,,,,,,,,,,,,,,,,,,,,,,,,,,,,,,,,,,,,,,,,,,,,,,50.2894101,26.856903,
12:05:46.547,,,,,,,,,356.29,62.5,,3.706,,,,,,,,,,,,,,,,,,,,,,,,,,,,,,,,,,,,,,,,,,,,,,,,,,,,7.427,,,,,,,,,,,50.2894101,26.856903,
12:05:46.609,-23,,-23,,,,,,,,,,3.695,,,,,,,,,,,,,,,,,,,,,,,,,,,,,,,,,,,,,,,,,,,,,,,,,,,7.401,,,,,,,,,,,50.2894101,26.856903,
12:05:46.661,,-23.549999999999955,,,,,,,,,,,,,,,,,,,,,,,,,,,,,,,,,,,,,,,,,,,,,,,,,,,,,,,,,,,,,,,,,,,,,,,,,50.2894101,26.856903,
12:05:46.809,,,,,,,,,,,,,,,,,,,,,,,,,,,,,,,,,,0.01,0,,,,0,0,,,0.7901680855555556,3.713504,126.069187,8736.444731999998,0,-0.01,,,,,19.247744394202627,,,,19,99,,43,,,,,128,0.01,,,,,,,0.008825985,,50.2893212,26.8568062,
12:05:46.909,,,,,,,,,,,,,,,,,,,,0,5.882352941176471,100,,,,,,,,,,5.882352941176471,,,,,,,,,17.254901960784313,,,,,,,,,,,,,0,,,,,,,,,,,,0.01,,17.6470588235294,100,,,,,,50.2893212,26.8568062,
12:05:46.970,,,,,,,,,,,,,,,,,,,,,,,9.33352336352478,36.7422,672.9085331800001,9843.710692130002,0.09824761435289242,0.38676,8.703851000000002,121.28161400000002,0,,5.882352941176471,,,0,0,,,,,,,,,,,,12.433761391896251,10.414961179522091,6.904027230698333,1.3882261917799088,,,45,,,,33650,,12000,0,0,,128,0.01,33650,17.6470588235294,,,,,,0,50.2893212,26.8568062,
12:05:47.100,,,,,,,,,,,,,,,24,,,,,,,,,,,,,,,,,,,,,,,,,,,,,,,,,,,,,,,,,,,,,,,,,,,,,,,,,57,,,50.2893212,26.8568062,
12:05:47.151,,,,,,,,,,,,,,,,,,17.125,,,,,,,,,,,,,,,,,,,,,,,,,,,,,,,,,,,,,,,,,,,,,,,,,,,,,,,,,50.2893212,26.8568062,
12:05:47.193,,,,,,,,,,,,,,,,1056,0.0625,,,,,,,,,,,,,,,,,,,,,,,,,,,,,,,,,,,,,,,,,,,,,,,,,,,,,,,,,,50.2893212,26.8568062,
12:05:47.314,,,,,,,,,356.77,62.5,,3.71,,,,,,,,,,,,,,,,,,,,,,,,,,,,,,,,,,,,,,,,,,,,,,,,,,,,7.405,,,,,,,,,,,50.2893212,26.8568062,
12:05:47.365,-20.699999999999818,,-19.899999999999864,,,,,,,,,,3.698,,,,,,,,,,,,,,,,,,,,,,,,,,,,,,,,,,,,,,,,,,,,,,,,,,,7.408,,,,,,,,,,,50.2893212,26.8568062,
12:05:47.414,,-19.449999999999818,,,,,,,,,,,,,,,,,,,,,,,,,,,,,,,,,,,,,,,,,,,,,,,,,,,,,,,,,,,,,,,,,,,,,,,,,50.2893212,26.8568062,
12:05:47.538,,,,,,,,,,,,,,,,,,,,,,,,,,,,,,,,,,0,0,,,,0,0,,,0.7988704100277778,3.722206,126.077889,8736.453434,0,-0.01,,,,,19.36426327871627,,,,19,99,,43,,,,,128,0,,,,,,,0,,50.2893212,26.8568062,
12:05:47.605,,,,,,,,,,,,,,,,,,,,0,5.882352941176471,100,,,,,,,,,,5.882352941176471,,,,,,,,,16.470588235294116,,,,,,,,,,,,,0,,,,,,,,,,,,0,,17.6470588235294,100,,,,,,50.2893212,26.8568062,
12:05:47.682,,,,,,,,,,,,,,,,,,,,,,,9.33352336352478,36.7422,672.9085331800001,9843.710692130002,0.09824761435289242,0.38676,8.703851000000002,121.28161400000002,0,,5.882352941176471,,,0,0,,,,,,,,,,,,12.29831686336664,10.39061244863933,6.903550709038285,1.3882248090283822,,,45,,,,33650,,12000,0,0,,128,0,33650,17.6470588235294,,,,,,0,50.2893212,26.8568062,
12:05:47.762,,,,,,,,,,,,,,,,,,,33,,,,,,,,,,,,,,,,,,,,,,,,,,,,,,,,,,,,,,,,,,,,,,,,,,,,,57,,,50.2892319,26.8567075,
12:05:47.915,,,,,,,,,,,,,,,24,,,,,,,,,,,,,,,,,,,,,,,,,,,,,,,,,,,,,,,,,,,,,,,,,,,,,,,,,57,,,50.2892319,26.8567075,
12:05:47.989,,,,,,,,,,,,,,,,,,19.25,,,,,,,,,,,,,,,,,,,,,,,,,,,,,,,,,,,,,,,,,,,,,,,,,,,,,,,,,50.2892319,26.8567075,
12:05:48.054,,,,,,,,,,,,,,,,1440,0.078125,,,,,,,,,,,,,,,,,,,,,,,,,,,,,,,,,,,,,,,,,,,,,,,,,,,,,,,,,,50.2892319,26.8567075,
12:05:48.149,,,,,,,,,355.48,62.5,,3.704,,,,,,,,,,,,,,,,,,,,,,,,,,,,,,,,,,,,,,,,,,,,,,,,,,,,7.402,,,,,,,,,,,50.2892319,26.8567075,
12:05:48.216,-20.149999999999864,,-20.649999999999864,,,,,,,,,,3.695,,,,,,,,,,,,,,,,,,,,,,,,,,,,,,,,,,,,,,,,,,,,,,,,,,,7.399,,,,,,,,,,,50.2892319,26.8567075,
12:05:48.254,,-18.399999999999864,,,,,,,,,,,,,,,,,,,,,,,,,,,,,,,,,,,,,,,,,,,,,,,,,,,,,,,,,,,,,,,,,,,,,,,,,50.2892319,26.8567075,
12:05:48.373,,,,,,,,,,,,,,,,,,,,,,,,,,,,,,,,,,0,0,,,,0,0,,,0.8088444774166667,3.73218,126.087863,8736.463408,0,-0.01,,,,,19.496411905163022,,,,19,99,,43,,,,,128,0,,,,,,,0,,50.2892319,26.8567075,
12:05:48.439,,,,,,,,,,,,,,,,,,,,,,100,,,,,,,,,,,,,,,,,,,,,,,,,,,,,,,,,,,,,,,,,,,,,,,100,,,,,,50.2892319,26.8567075,
12:05:48.562,,,,,,,,,,,,,,,,,,,,0,5.882352941176471,100,,,,,,,,,,5.882352941176471,,,,,,,,,17.254901960784313,,,,,,,,,,,,,0,,,,,,,,,,,,0,,17.6470588235294,100,,,,,,50.2892319,26.8567075,
12:05:48.625,,,,,,,,,,,,,,,,,,,,,,,9.33352336352478,36.7422,672.9085331800001,9843.710692130002,0.09824761435289242,0.38676,8.703851000000002,121.28161400000002,0,,5.882352941176471,,,0,0,,,,,,,,,,,,12.146663183839893,10.362844235808563,6.903004613536833,1.388223224158899,,,45,,,,33660,,12000,0,0,,128,0,33660,17.6470588235294,,,,,,0,50.2892319,26.8567075,
12:05:48.778,,,,,,,,,,,,,,,24,,,,,,,,,,,,,,,,,,,,,,,,,,,,,,,,,,,,,,,,,,,,,,,,,,,,,,,,,57,,,50.2891431,26.8566052,
12:05:48.821,,,,,,,,,,,,,,,,,,20.484375,,,,,,,,,,,,,,,,,,,,,,,,,,,,,,,,,,,,,,,,,,,,,,,,,,,,,,,,,50.2891431,26.8566052,
12:05:48.866,,,,,,,,,,,,,,,,1568,0.09375,,,,,,,,,,,,,,,,,,,,,,,,,,,,,,,,,,,,,,,,,,,,,,,,,,,,,,,,,,50.2891431,26.8566052,
12:05:49.033,,,,,,,,,354.03000000000003,62,,3.703,,,,,,,,,,,,,,,,,,,,,,,,,,,,,,,,,,,,,,,,,,,,,,,,,,,,7.398,,,,,,,,,,,50.2891431,26.8566052,
12:05:49.109,-18.84999999999991,,-18.949999999999818,,,,,,,,,,3.693,,,,,,,,,,,,,,,,,,,,,,,,,,,,,,,,,,,,,,,,,,,,,,,,,,,7.396,,,,,,,,,,,50.2891431,26.8566052,
12:05:49.161,,-18.199999999999818,,,,,,,,,,,,,,,,,,,,,,,,,,,,,,,,,,,,,,,,,,,,,,,,,,,,,,,,,,,,,,,,,,,,,,,,,50.2891431,26.8566052,
12:05:49.280,,,,,,,,,,,,,,,,,,,,,,,,,,,,,,,,,,,,,,,,,,,,,,,,,,,,,,,,64,,,,,,,,,128,,,,,,,,,,50.2891431,26.8566052,
12:05:49.342,,,,,,,,,,,,,,,,,,,,,,,,,,,,,,,,,,0,0,,,,0,0,,0.016413361405576785,0.8206985430833333,3.744034,126.099717,8736.475261999998,0,-0.01,,,,,19.65450862663308,,,,19,99,,44,,,,,128,0,,,,,,,0,,50.2891431,26.8566052,
12:05:49.435,,,,,,,,,,,,,,,,,,,,0,5.882352941176471,100,,,,,,,,,,5.882352941176471,,,,,,,,,16.862745098039216,,,,,,,,,,,,,0,,,,,,,,,,,,0,,17.6470588235294,100,,,,,,50.2891431,26.8566052,
12:05:49.534,,,,,,,,,,,,,,,,,,,,,,,9.33352336352478,36.7422,672.9085331800001,9843.710692130002,0.09824761435289242,0.38676,8.703851000000002,121.28161400000002,0,,5.882352941176471,,,0,0,,,,,,,,,,,,11.971218321380206,10.330034396055165,6.902355696801447,1.388221340561956,,,45,,,,33670,,12000,0,0,,128,0,33670,17.6470588235294,,,,,,0,50.2891431,26.8566052,
12:05:49.829,,,,,,,,,,,,,,,24,,,,,,,,,,,,,,,,,,,,,,,,,,,,,,,,,,,,,,,,,,,,,,,,,,,,,,,,,57,,,50.2890542,26.8564989,
12:05:49.865,,,,,,,,,,,,,,,,,,10.65625,,,,,,,,,,,,,,,,,,,,,,,,,,,,,,,,,,,,,,,,,,,,,,,,,,,,,,,,,50.2890542,26.8564989,
12:05:49.902,,,,,,,,,,,,,,,,672,0.03125,,,,,,,,,,,,,,,,,,,,,,,,,,,,,,,,,,,,,,,,,,,,,,,,,,,,,,,,,,50.2890542,26.8564989,
12:05:50.009,,,,,,,,,355,62,,3.709,,,,,,,,,,,,,,,,,,,,,,,,,,,,,,,,,,,,,,,,,,,,,,,,,,,,7.402,,,,,,,,,,,50.2890542,26.8564989,
12:05:50.082,-10.649999999999864,,-10.899999999999864,,,,,,,,,,3.706,,,,,,,,,,,,,,,,,,,,,,,,,,,,,,,,,,,,,,,,,,,,,,,,,,,7.415,,,,,,,,,,,50.2890542,26.8564989,
12:05:50.121,,-8.799999999999955,,,,,,,,,,,,,,,,,,,,,,,,,,,,,,,,,,,,,,,,,,,,,,,,,,,,,,,,,,,,,,,,,,,,,,,,,50.2890542,26.8564989,
12:05:50.242,,,,,,,,,,,,,,,,,,,,,,,,,,,,,,,,,,0,0,,,,0,0,,0.00825040543886566,0.8316905790833333,3.755026,126.110709,8736.486254,0,-0.01,,,,,19.799296432193184,,,,19,99,,44,,,,,128,0,,,,,,,0,,50.2890542,26.8564989,
12:05:50.330,,,,,,,,,,,,,,,,,,,,0,5.882352941176471,100,,,,,,,,,,5.882352941176471,,,,,,,,,15.686274509803921,,,,,,,,,,,,,0,,,,,,,,,,,,0,,17.6470588235294,100,,,,,,50.2890542,26.8564989,
12:05:50.465,,,,,,,,,,,,,,,,,,,,,,,9.33352336352478,36.7422,672.9085331800001,9843.710692130002,0.09824761435289242,0.38676,8.703851000000002,121.28161400000002,0,,5.882352941176471,,,0,0,,,,,,,,,,,,11.813000750973789,10.29979552738117,6.901754077046702,1.388219593941114,,,45,,,,33670,,12000,0,0,,128,0,33670,17.6470588235294,,,,,,0,50.2890542,26.8564989,
12:05:50.597,,,,,,,,,,,,,,,24,,,,,,,,,,,,,,,,,,,,,,,,,,,,,,,,,,,,,,,,,,,,,,,,,,,,,,,,,57,,,50.2890542,26.8564989,
12:05:50.645,,,,,,,,,,,,,,,,,,9.671875,,,,,,,,,,,,,,,,,,,,,,,,,,,,,,,,,,,,,,,,,,,,,,,,,,,,,,,,,50.2890542,26.8564989,
12:05:50.682,,,,,,,,,,,,,,,,704,0.03125,,,,,,,,,,,,,,,,,,,,,,,,,,,,,,,,,,,,,,,,,,,,,,,,,,,,,,,,,,50.2890542,26.8564989,
12:05:50.792,,,,-100,,,,,,,,,,,,,,,,,,,,,,,,,,,,,,,,,,,,,,,,,,,,,,,,,,,,,,,,,,,,,,,,,,,-35,,,,50.2889642,26.8563913,
12:05:50.938,,,,,17,,,,,,59.75,,,63.75,,,,,,,,,,,,,,,,,,,,,,,,,,,,,,,,,,,,,,,,,,,,,,,,,,,,,,,,122.75,-35,,,,50.2889642,26.8563913,
12:05:51.030,,,,,,,,,356.29,62,,3.712,,,,,,,,,,,,,,,,,,,,,,,,,,,,,,,,,,,,,,,,,,,,,,,,,,,,7.418,,,,,,,,,,,50.2889642,26.8563913,
12:05:51.093,-17.59999999999991,,-18.59999999999991,,,,,,,,,,3.695,,,,,,,,,,,,,,,,,,,,,,,,,,,,,,,,,,,,,,,,,,,,,,,,,,,7.407,,,,,,,,,,,50.2889642,26.8563913,
12:05:51.129,,-15.599999999999909,,,,,,,,,,,,,,,,,,,,,,,,,,,,,,,,,,,,,,,,,,,,,,,,,,,,,,,,,,,,,,,,,,,,,,,,,50.2889642,26.8563913,
12:05:51.262,,,,,,,,,,,,,,,,,,,,,,,,,,,,,,,,,,0,0,,,,0,0,,0.015213341423979959,0.8444438165833333,3.767779,126.123462,8736.499006999999,0,-0.01,,,,,19.968180363674357,,,,19,99,,45,,,,,128,0,,,,,,,0,,50.2889642,26.8563913,
12:05:51.353,,,,,,,,,,,,,,,,,,,,0,5.882352941176471,100,,,,,,,,,,5.882352941176471,,,,,,,,,16.470588235294116,,,,,,,,,,,,,0,,,,,,,,,,,,0,,17.6470588235294,100,,,,,,50.2889642,26.8563913,
12:05:51.442,,,,,,,,,,,,,,,,,,,,,,,9.33352336352478,36.7422,672.9085331800001,9843.710692130002,0.09824761435289242,0.38676,8.703851000000002,121.28161400000002,0,,5.882352941176471,,,0,0,,,,,,,,,,,,11.63459456076163,10.264933267052022,6.90105620475277,1.3882175675041548,,,45,,,,33680,,12000,0,0,,128,0,33680,17.6470588235294,,,,,,0,50.2889642,26.8563913,
12:05:51.733,,,,,,,,,,,,,,,24,,,,,,,,,,,,,,,,,,,,,,,,,,,,,,,,,,,,,,,,,,,,,,,,,,,,,,,,,57,,,50.2888744,26.8562833,
12:05:51.806,,,,,,,,,,,,,,,,,,18.125,,,,,,,,,,,,,,,,,,,,,,,,,,,,,,,,,,,,,,,,,,,,,,,,,,,,,,,,,50.2888744,26.8562833,
12:05:51.845,,,,,,,,,,,,,,,,1056,0.0625,,,,,,,,,,,,,,,,,,,,,,,,,,,,,,,,,,,,,,,,,,,,,,,,,,,,,,,,,,50.2888744,26.8562833,
12:05:51.974,,,,,,,,,355,62,,3.695,,,,,,,,,,,,,,,,,,,,,,,,,,,,,,,,,,,,,,,,,,,,,,,,,,,,7.39,,,,,,,,,,,50.2888744,26.8562833,
12:05:52.029,-21.399999999999864,,-22.649999999999864,,,,,,,,,,3.684,,,,,,,,,,,,,,,,,,,,,,,,,,,,,,,,,,,,,,,,,,,,,,,,,,,7.379,,,,,,,,,,,50.2888744,26.8562833,
12:05:52.065,,-22.649999999999864,,,,,,,,,,,,,,,,,,,,,,,,,,,,,,,,,,,,,,,,,,,,,,,,,,,,,,,,,,,,,,,,,,,,,,,,,50.2888744,26.8562833,
12:05:52.173,,,,,,,,,,,,,,,,,,,,,,,,,,,,,,,,,,0,0,,,,0,0,,0.014906137092180171,0.8558411890833333,3.779176,126.134859,8736.510403999999,0,-0.01,,,,,20.11720535834482,,,,19,99,,45,,,,,128,0,,,,,,,0,,50.2888744,26.8562833,
12:05:52.286,,,,,,,,,,,,,,,,,,,,0,5.882352941176471,100,,,,,,,,,,5.882352941176471,,,,,,,,,18.03921568627451,,,,,,,,,,,,,0,,,,,,,,,,,,0,,17.6470588235294,100,,,,,,50.2888744,26.8562833,
12:05:52.362,,,,,,,,,,,,,,,,,,,,,,,9.33352336352478,36.7422,672.9085331800001,9843.710692130002,0.09824761435289242,0.38676,8.703851000000002,121.28161400000002,0,,5.882352941176471,,,0,0,,,,,,,,,,,,11.479654824526802,10.23397693042081,6.900432655179011,1.3882157565390343,,,45,,,,33680,,12000,0,0,,128,0,33680,17.6470588235294,,,,,,0,50.2888744,26.8562833,
12:05:52.510,,,,,,,,,,,,,,,24,,,,,,,,,,,,,,,,,,,,,,,,,,,,,,,,,,,,,,,,,,,,,,,,,,,,,,,,,57,,,50.2888744,26.8562833,
12:05:52.562,,,,,,,,,,,,,,,,,,21.515625,,,,,,,,,,,,,,,,,,,,,,,,,,,,,,,,,,,,,,,,,,,,,,,,,,,,,,,,,50.2888744,26.8562833,
12:05:52.597,,,,,,,,,,,,,,,,1184,0.0625,,,,,,,,,,,,,,,,,,,,,,,,,,,,,,,,,,,,,,,,,,,,,,,,,,,,,,,,,,50.2888744,26.8562833,
12:05:52.706,,,,,,17,16,16,,,,,,,,,,,,,,,,,,,,,,,,,,,,,,,,,,,,,,,,,,,,,,,,,,,,,,,,,,,,,,,-35,,,,50.2888744,26.8562833,
12:05:52.765,,,,,,,,,354.84000000000003,62,,3.69,,,,,,,,,,,,,,,,,,,,,,,,,,,,,,,,,,,,,,,,,,,,,,,,,,,,7.374,,,,,,,,,,,50.2887833,26.8561746,
12:05:52.837,-25.399999999999864,,-24.399999999999864,,,,,,,,,,3.681,,,,,,,,,,,,,,,,,,,,,,,,,,,,,,,,,,,,,,,,,,,,,,,,,,,7.371,,,,,,,,,,,50.2887833,26.8561746,
12:05:52.874,,-24.399999999999864,,,,,,,,,,,,,,,,,,,,,,,,,,,,,,,,,,,,,,,,,,,,,,,,,,,,,,,,,,,,,,,,,,,,,,,,,50.2887833,26.8561746,
12:05:53.025,,,,,,,,,,,,,,,,,,,,,,,,,,,,,,,,,,0,0,,,,0,0,,0.007689634185145206,0.8664812790833333,3.789816,126.145499,8736.521044,0,-0.01,,,,,20.254735960741414,,,,19,99,,45,,,,,128,0,,,,,,,0,,50.2887833,26.8561746,
12:05:53.102,,,,,,,,,,,,,,,,,,,,0,5.882352941176471,100,,,,,,,,,,5.882352941176471,,,,,,,,,17.647058823529413,,,,,,,,,,,,,0,,,,,,,,,,,,0,,17.6470588235294,100,,,,,,50.2887833,26.8561746,
12:05:53.191,,,,,,,,,,,,,,,,,,,,,,,9.33352336352478,36.7422,672.9085331800001,9843.710692130002,0.09824761435289242,0.38676,8.703851000000002,121.28161400000002,0,,5.882352941176471,,,0,0,,,,,,,,,,,,11.338688639277978,10.205244792887044,6.89985062407974,1.3882140658642708,,,45,,,,33690,,12000,0,0,,128,0,33690,17.6470588235294,,,,,,0,50.2887833,26.8561746,
12:05:53.337,,,,,,,,,,,,,,,24,,,,,,,,,,,,,,,,,,,,,,,,,,,,,,,,,,,,,,,,,,,,,,,,,,,,,,,,,57,,,50.2887833,26.8561746,
12:05:53.373,,,,,,,,,,,,,,,,,,20.609375,,,,,,,,,,,,,,,,,,,,,,,,,,,,,,,,,,,,,,,,,,,,,,,,,,,,,,,,,50.2887833,26.8561746,
12:05:53.449,,,,,,,,,,,,,,,,1344,0.078125,,,,,,,,,,,,,,,,,,,,,,,,,,,,,,,,,,,,,,,,,,,,,,,,,,,,,,,,,,50.2887833,26.8561746,
12:05:53.689,,,,,,,,,354.03000000000003,61.5,,3.694,,,,,,,,,,,,,,,,,,,,,,,,,,,,,,,,,,,,,,,,,,,,,,,,,,,,7.375,,,,,,,,,,,50.2887833,26.8561746,
12:05:53.749,-16.5,,-16.149999999999864,,,,,,,,,,3.683,,,,,,,,,,,,,,,,,,,,,,,,,,,,,,,,,,,,,,,,,,,,,,,,,,,7.377,,,,,,,,,,,50.2886905,26.8560688,
12:05:53.797,,-15.849999999999909,,,,,,,,,,,,,,,,,,,,,,,,,,,,,,,,,,,,,,,,,,,,,,,,,,,,,,,,,,,,,,,,,,,,,,,,,50.2886905,26.8560688,
12:05:53.907,,,,,,,,,,,,,,,,,,,,,,,,,,,,,,,,,,,,,,,,,,,,,,,,,,,,,,,,64,,,,,,,,,128,,,,,,,,,,50.2886905,26.8560688,
12:05:53.978,,,,,,,,,,,,,,,,,,,,,,,,,,,,,,,,,,0,0,,,,0,0,,0.007581785855575073,0.8783871865833333,3.801722,126.157405,8736.532949999999,0,-0.01,,,,,20.40683686052358,,,,19,99,,45,,,,,128,0,,,,,,,0,,50.2886905,26.8560688,
12:05:54.070,,,,,,,,,,,,,,,,,,,,0,5.882352941176471,100,,,,,,,,,,5.882352941176471,,,,,,,,,13.72549019607843,,,,,,,,,,,,,0,,,,,,,,,,,,0,,17.6470588235294,100,,,,,,50.2886905,26.8560688,
12:05:54.181,,,,,,,,,,,,,,,,,,,,,,,9.33352336352478,36.7422,672.9085331800001,9843.710692130002,0.09824761435289242,0.38676,8.703851000000002,121.28161400000002,0,,5.882352941176471,,,0,0,,,,,,,,,,,,11.185000857656705,10.17328463259544,6.899199456425092,1.3882121740295164,,,45,,,,33700,,12000,0,0,,128,0,33700,17.6470588235294,,,,,,0,50.2886905,26.8560688,
12:05:54.364,,,,,,,,,,,,,,,24,,,,,,,,,,,,,,,,,,,,,,,,,,,,,,,,,,,,,,,,,,,,,,,,,,,,,,,,,57,,,50.2886905,26.8560688,
12:05:54.402,,,,,,,,,,,,,,,,,,-7.78125,,,,,,,,,,,,,,,,,,,,,,,,,,,,,,,,,,,,,,,,,,,,,,,,,,,,,,,,,50.2886905,26.8560688,
12:05:54.437,,,,,,,,,,,,,,,,-608,-0.046875,,,,,,,,,,,,,,,,,,,,,,,,,,,,,,,,,,,,,,,,,,,,,,,,,,,,,,,,,,50.2886905,26.8560688,
12:05:54.545,,,,,,,,,357.74,61.5,,3.732,,,,,,,,,,,,,,,,,,,,,,,,,,,,,,,,,,,,,,,,,,,,,,,,,,,,7.415,,,,,,,,,,,50.2886905,26.8560688,
12:05:54.610,6.400000000000091,,6.2000000000000455,,,,,,,,,,3.726,,,,,,,,,,,,,,,,,,,,,,,,,,,,,,,,,,,,,,,,,,,,,,,,,,,7.458,,,,,,,,,,,50.2886905,26.8560688,
12:05:54.662,,5.550000000000182,,,,,,,,,,,,,,,,,,,,,,,,,,,,,,,,,,,,,,,,,,,,,,,,,,,,,,,,,,,,,,,,,,,,,,,,,50.2886905,26.8560688,
12:05:54.794,,,,,,,,,,,,,,,,,,,,,,,,,,,,,,,,,,0,0,,,,0,0,,0,0.8885954365833333,3.81193,126.167613,8736.543157999999,0,-0.01,,,,,20.535768664459013,,,,19,99,,45,,,,,128,0,,,,,,,0,,50.288598,26.8559652,
12:05:54.873,,,,,,,,,,,,,,,,,,,,0,5.882352941176471,100,,,,,,,,,,5.882352941176471,,,,,,,,,10.980392156862745,,,,,,,,,,,,,0,,,,,,,,,,,,0,,17.6470588235294,100,,,,,,50.288598,26.8559652,
12:05:54.953,,,,,,,,,,,,,,,,,,,,,,,9.33352336352478,36.7422,672.9085331800001,9843.710692130002,0.09824761435289242,0.38676,8.703851000000002,121.28161400000002,0,,5.882352941176471,,,0,0,,,,,,,,,,,,11.056506741769507,10.146041506533436,6.8986412543130236,1.3882105520069823,,,46,,,,33700,,12000,0,0,,129,0,33700,17.6470588235294,,,,,,0,50.288598,26.8559652,
12:05:55.029,,,,,,,,,,,,,,,,,,,33,,,,,,,,,,,,,,,,,,,,,,,,,,,,,,,,,,,,,,,,,,,,,,,,,,,,,57,,,50.288598,26.8559652,
12:05:55.139,,,,,,,,,,,,,,,24,,,,,,,,,,,,,,,,,,,,,,,,,,,,,,,,,,,,,,,,,,,,,,,,,,,,,,,,,57,,,50.288598,26.8559652,
12:05:55.177,,,,,,,,,,,,,,,,,,-30.375,,,,,,,,,,,,,,,,,,,,,,,,,,,,,,,,,,,,,,,,,,,,,,,,,,,,,,,,,50.288598,26.8559652,
12:05:55.261,,,,,,,,,,,,,,,,-1888,-0.125,,,,,,,,,,,,,,,,,,,,,,,,,,,,,,,,,,,,,,,,,,,,,,,,,,,,,,,,,,50.288598,26.8559652,
12:05:55.538,,,,,,,,,363.37,62,,3.791,,,,,,,,,,,,,,,,,,,,,,,,,,,,,,,,,,,,,,,,,,,,,,,,,,,,7.517,,,,,,,,,,,50.288598,26.8559652,
12:05:55.603,46.75,,-1600,,,,,,,,,,3.793,,,,,,,,,,,,,,,,,,,,,,,,,,,,,,,,,,,,,,,,,,,,,,,,,,,7.584,,,,,,,,,,,50.288598,26.8559652,
12:05:55.653,,48.25,,,,,,,,,,,,,,,,,,,,,,,,,,,,,,,,,,,,,,,,,,,,,,,,,,,,,,,,,,,,,,,,,,,,,,,,,50.288598,26.8559652,
12:05:55.790,,,,,,,,,,,,,,,,,,,,,,,,,,,,,,,,,,0,0,,,,0,0,,-0.015664451471290565,0.9004884183888888,3.823823,126.179506,8736.555051,0,-0.01,,,,,20.678445549400585,,,,20,99,,43,,,,,130,0,,,,,,,0,,50.2885077,26.8558643,
12:05:55.869,,,,,,,,,,,,,,,,,,,,0,5.882352941176471,100,,,,,,,,,,5.882352941176471,,,,,,,,,7.450980392156863,,,,,,,,,,,,,0,,,,,,,,,,,,0,,17.6470588235294,100,,,,,,50.2885077,26.8558643,
12:05:55.954,,,,,,,,,,,,,,,,,,,,,,,9.33352336352478,36.7422,672.9085331800001,9843.710692130002,0.09824761435289242,0.38676,8.703851000000002,121.28161400000002,0,,5.882352941176471,,,0,0,,,,,,,,,,,,10.910480617693272,10.114484901628554,6.897991025579068,1.3882086622474605,,,46,,,,33710,,12000,0,0,,130,0,33710,17.6470588235294,,,,,,0,50.2885077,26.8558643,
12:05:56.106,,,,,,,,,,,,,,,24,,,,,,,,,,,,,,,,,,,,,,,,,,,,,,,,,,,,,,,,,,,,,,,,,,,,,,,,,57,,,50.2885077,26.8558643,
12:05:56.142,,,,,,,,,,,,,,,,,,-27.828125,,,,,,,,,,,,,,,,,,,,,,,,,,,,,,,,,,,,,,,,,,,,,,,,,,,,,,,,,50.2885077,26.8558643,
12:05:56.185,,,,,,,,,,,,,,,,-1856,-0.125,,,,,,,,,,,,,,,,,,,,,,,,,,,,,,,,,,,,,,,,,,,,,,,,,,,,,,,,,,50.2885077,26.8558643,
12:05:56.318,,,,,,,,,360.47,62,,3.767,,,,,,,,,,,,,,,,,,,,,,,,,,,,,,,,,,,,,,,,,,,,,,,,,,,,7.56,,,,,,,,,,,50.2885077,26.8558643,
12:05:56.391,17.600000000000136,,18,,,,,,,,,,3.759,,,,,,,,,,,,,,,,,,,,,,,,,,,,,,,,,,,,,,,,,,,,,,,,,,,7.526,,,,,,,,,,,50.2885077,26.8558643,
12:05:56.442,,19.200000000000045,,,,,,,,,,,,,,,,,,,,,,,,,,,,,,,,,,,,,,,,,,,,,,,,,,,,,,,,,,,,,,,,,,,,,,,,,50.2885077,26.8558643,
12:05:56.574,,,,,,,,,,,,,,,,,,,,,,,,,,,,,,,,,,0,0,,,,0,0,,-0.03192585065527176,0.909414167361111,3.832749,126.188432,8736.563976999998,0,-0.01,,,,,20.779531727728944,,,,20,99,,41,,,,,130,0,,,,,,,0,,50.2885077,26.8558643,
12:05:56.693,,,,,,,,,,,,,,,,,,,,0,5.882352941176471,100,,,,,,,,,,5.882352941176471,,,,,,,,,0,,,,,,,,,,,,,0,,,,,,,,,,,,0,,17.6470588235294,100,,,,,,50.2885077,26.8558643,
12:05:56.793,,,,,,,,,,,,,,,,,,,,,,,9.33352336352478,36.7422,672.9085331800001,9843.710692130002,0.09824761435289242,0.38676,8.703851000000002,121.28161400000002,0,,5.882352941176471,,,0,0,,,,,,,,,,,,10.803396062982177,10.090929512994459,6.8975030928350085,1.3882072439380941,,,46,,,,33720,,12000,0,0,,130,0,33720,17.6470588235294,,,,,,0,50.2884216,26.8557681,
12:05:56.942,,,,,,,,,,,,,,,24,,,,,,,,,,,,,,,,,,,,,,,,,,,,,,,,,,,,,,,,,,,,,,,,,,,,,,,,,57,,,50.2884216,26.8557681,
12:05:56.980,,,,,,,,,,,,,,,,,,-67.03125,,,,,,,,,,,,,,,,,,,,,,,,,,,,,,,,,,,,,,,,,,,,,,,,,,,,,,,,,50.2884216,26.8557681,
12:05:57.017,,,,,,,,,,,,,,,,-4288,-0.265625,,,,,,,,,,,,,,,,,,,,,,,,,,,,,,,,,,,,,,,,,,,,,,,,,,,,,,,,,,50.2884216,26.8557681,
12:05:57.214,,,,,,,,,365.63,62,,3.815,,,,,,,,,,,,,,,,,,,,,,,,,,,,,,,,,,,,,,,,,,,,,,,,,,,,7.574,,,,,,,,,,,50.2884216,26.8557681,
12:05:57.309,46.75,,-1600,,,,,,,,,,3.808,,,,,,,,,,,,,,,,,,,,,,,,,,,,,,,,,,,,,,,,,,,,,,,,,,,7.623,,,,,,,,,,,50.2884216,26.8557681,
12:05:57.345,,44.850000000000136,,,,,,,,,,,,,,,,,,,,,,,,,,,,,,,,,,,,,,,,,,,,,,,,,,,,,,,,,,,,,,,,,,,,,,,,,50.2884216,26.8557681,
12:05:57.478,,,,,,,,,,,,,,,,,,,,,,,,,,,,,,,,,,0,0,,,,0,0,,-0.04856496237353645,0.9192052072777777,3.84254,126.198223,8736.573767999998,0,-0.01,,,,,20.883455194839257,,,,20,99,,39,,,,,130,0,,,,,,,0,,50.2884216,26.8557681,
12:05:57.566,,,,,,,,,,,,,,,,,,,,0,5.882352941176471,100,,,,,,,,,,5.882352941176471,,,,,,,,,1.5686274509803921,,,,,,,,,,,,,0,,,,,,,,,,,,0,,17.6470588235294,100,,,,,,50.2884216,26.8557681,
12:05:57.634,,,,,,,,,,,,,,,,,,,,,,,9.33352336352478,36.7422,672.9085331800001,9843.710692130002,0.09824761435289242,0.38676,8.703851000000002,121.28161400000002,0,,5.882352941176471,,,0,0,,,,,,,,,,,,10.688322213040145,10.065217278154554,6.89696795492913,1.388205688186665,,,46,,,,33720,,12000,0,0,,130,0,33720,17.6470588235294,,,,,,0,50.2884216,26.8557681,
12:05:57.781,,,,,,,,,,,,,,,24,,,,,,,,,,,,,,,,,,,,,,,,,,,,,,,,,,,,,,,,,,,,,,,,,,,,,,,,,57,,,50.2883414,26.8556779,
12:05:57.842,,,,,,,,,,,,,,,,,,-46.046875,,,,,,,,,,,,,,,,,,,,,,,,,,,,,,,,,,,,,,,,,,,,,,,,,,,,,,,,,50.2883414,26.8556779,
12:05:57.890,,,,,,,,,,,,,,,,-2848,-0.1875,,,,,,,,,,,,,,,,,,,,,,,,,,,,,,,,,,,,,,,,,,,,,,,,,,,,,,,,,,50.2883414,26.8556779,
12:05:58.118,,,,,17,,,,,,58,,,63.75,,,,,,,,,,,,,,,,,,,,,,,,,,,,,,,,,,,,,,,,,,,,,,,,,,,,,,,,123.5,-34,,,,50.2883414,26.8556779,
12:05:58.177,,,,,,,,,364.34000000000003,62,,3.79,,,,,,,,,,,,,,,,,,,,,,,,,,,,,,,,,,,,,,,,,,,,,,,,,,,,7.598,,,,,,,,,,,50.2883414,26.8556779,
12:05:58.238,22.850000000000136,,22.050000000000182,,,,,,,,,,3.78,,,,,,,,,,,,,,,,,,,,,,,,,,,,,,,,,,,,,,,,,,,,,,,,,,,7.57,,,,,,,,,,,50.2883414,26.8556779,
12:05:58.302,,21.350000000000136,,,,,,,,,,,,,,,,,,,,,,,,,,,,,,,,,,,,,,,,,,,,,,,,,,,,,,,,,,,,,,,,,,,,,,,,,50.2883414,26.8556779,
12:05:58.469,,,,,,,,,,,,,,,,,,,,,,,,,,,,,,,,,,,,,,,,,,,,,,,,,,,,,,,,64,,,,,,,,,130,,,,,,,,,,50.2883414,26.8556779,
12:05:58.531,,,,,,,,,,,,,,,,,,,,,,,,,,,,,,,,,,0,0,,,,0,0,,-0.0682329021235444,0.9297302612777777,3.853065,126.208748,8736.584292999998,0,-0.01,,,,,20.98319973105375,,,,20,99,,36,,,,,130,0,,,,,,,0,,50.2883414,26.8556779,
12:05:58.644,,,,,,,,,,,,,,,,,,,,0,5.882352941176471,100,,,,,,,,,,5.882352941176471,,,,,,,,,6.666666666666667,,,,,,,,,,,,,0,,,,,,,,,,,,0,,17.6470588235294,100,,,,,,50.2883414,26.8556779,
12:05:58.741,,,,,,,,,,,,,,,,,,,,,,,9.33352336352478,36.7422,672.9085331800001,9843.710692130002,0.09824761435289242,0.38676,8.703851000000002,121.28161400000002,0,,5.882352941176471,,,0,0,,,,,,,,,,,,10.567324571953321,10.037723215154688,6.896392792043228,1.3882040158094089,,,46,,,,33730,,12000,0,0,,130,0,33730,17.6470588235294,,,,,,0,50.2882676,26.8555955,
12:05:58.885,,,,,,,,,,,,,,,24,,,,,,,,,,,,,,,,,,,,,,,,,,,,,,,,,,,,,,,,,,,,,,,,,,,,,,,,,57,,,50.2882676,26.8555955,
12:05:58.937,,,,,,,,,,,,,,,,,,-35.78125,,,,,,,,,,,,,,,,,,,,,,,,,,,,,,,,,,,,,,,,,,,,,,,,,,,,,,,,,50.2882676,26.8555955,
12:05:59.033,,,,,,,,,,,,,,,,-2176,-0.140625,,,,,,,,,,,,,,,,,,,,,,,,,,,,,,,,,,,,,,,,,,,,,,,,,,,,,,,,,,50.2882676,26.8555955,
12:05:59.237,,,,,,,,,363.53000000000003,62.5,,3.785,,,,,,,,,,,,,,,,,,,,,,,,,,,,,,,,,,,,,,,,,,,,,,,,,,,,7.565,,,,,,,,,,,50.2882676,26.8555955,
12:05:59.314,21.550000000000182,,20.950000000000045,,,,,,,,,,3.78,,,,,,,,,,,,,,,,,,,,,,,,,,,,,,,,,,,,,,,,,,,,,,,,,,,7.565,,,,,,,,,,,50.2882676,26.8555955,
12:05:59.362,,22.65000000000009,,,,,,,,,,,,,,,,,,,,,,,,,,,,,,,,,,,,,,,,,,,,,,,,,,,,,,,,,,,,,,,,,,,,,,,,,50.2882676,26.8555955,
12:05:59.494,,,,,,,,,,,,,,,,,,,,,,,,,,,,,,,,,,0,0,,,,0,0,,-0.06882365306132543,0.9388328017222222,3.862168,126.217851,8736.593395999998,0,-0.01,,,,,21.061378075736975,,,,20,99,,34,,,,,130,0,,,,,,,0,,50.2882676,26.8555955,
12:05:59.577,,,,,,,,,,,,,,,,,,,,0,5.882352941176471,100,,,,,,,,,,5.882352941176471,,,,,,,,,0,,,,,,,,,,,,,0,,,,,,,,,,,,0,,17.6470588235294,100,,,,,,50.2882676,26.8555955,
12:05:59.645,,,,,,,,,,,,,,,,,,,,,,,9.33352336352478,36.7422,672.9085331800001,9843.710692130002,0.09824761435289242,0.38676,8.703851000000002,121.28161400000002,0,,5.882352941176471,,,0,0,,,,,,,,,,,,10.464868097137654,10.014064639342463,6.895895414983735,1.3882025693850895,,,46,,,,33740,,12000,0,0,,130,0,33740,17.6470588235294,,,,,,0,50.2882676,26.8555955,
12:05:59.793,,,,,,,,,,,,,,,24,,,,,,,,,,,,,,,,,,,,,,,,,,,,,,,,,,,,,,,,,,,,,,,,,,,,,,,,,57,,,50.2881979,26.8555166,
12:05:59.818,,,,,,,,,,,,,,,,,,-68.1875,,,,,,,,,,,,,,,,,,,,,,,,,,,,,,,,,,,,,,,,,,,,,,,,,,,,,,,,,50.2881979,26.8555166,
12:05:59.854,,,,,,,,,,,,,,,,-4224,-0.265625,,,,,,,,,,,,,,,,,,,,,,,,,,,,,,,,,,,,,,,,,,,,,,,,,,,,,,,,,,50.2881979,26.8555166,
12:05:59.961,,,,-100,,,,,,,,,,,,,,,,,,,,,,,,,,,,,,,,,,,,,,,,,,,,,,,,,,,,,,,,,,,,,,,,,,,-34,,,,50.2881979,26.8555166,
12:06:00.082,,,,,,,,,366.43,62.5,,3.817,,,,,,,,,,,,,,,,,,,,,,,,,,,,,,,,,,,,,,,,,,,,,,,,,,,,7.597,,,,,,,,,,,50.2881979,26.8555166,
12:06:00.154,36.100000000000136,,-1600,,,,,,,,,,3.806,,,,,,,,,,,,,,,,,,,,,,,,,,,,,,,,,,,,,,,,,,,,,,,,,,,7.623,,,,,,,,,,,50.2881979,26.8555166,
12:06:00.182,,35.450000000000045,,,,,,,,,,,,,,,,,,,,,,,,,,,,,,,,,,,,,,,,,,,,,,,,,,,,,,,,,,,,,,,,,,,,,,,,,50.2881979,26.8555166,
12:06:00.332,,,,,,,,,,,,,,,,,,,,,,,,,,,,,,,,,,0,0,,,,0,0,,-0.07536381214857577,0.9460484977777778,3.869384,126.225067,8736.600611999998,0,-0.01,,,,,21.113005370044146,,,,20,99,,31,,,,,130,0,,,,,,,0,,50.2881979,26.8555166,
12:06:00.402,,,,,,,,,,,,,,,,,,,,0,5.882352941176471,100,,,,,,,,,,5.882352941176471,,,,,,,,,0,,,,,,,,,,,,,0,,,,,,,,,,,,0,,17.6470588235294,100,,,,,,50.2881979,26.8555166,
12:06:00.474,,,,,,,,,,,,,,,,,,,,,,,9.33352336352478,36.7422,672.9085331800001,9843.710692130002,0.09824761435289242,0.38676,8.703851000000002,121.28161400000002,0,,5.882352941176471,,,0,0,,,,,,,,,,,,10.385050511011997,9.995389447002417,6.895501192326562,1.3882014227984267,,,46,,,,33750,,12000,0,0,,130,0,33750,17.6470588235294,,,,,,0,50.2881979,26.8555166,
12:06:00.633,,,,,,,,,,,,,,,24,,,,,,,,,,,,,,,,,,,,,,,,,,,,,,,,,,,,,,,,,,,,,,,,,,,,,,,,,57,,,50.2881979,26.8555166,
12:06:00.673,,,,,,,,,,,,,,,,,,-73.265625,,,,,,,,,,,,,,,,,,,,,,,,,,,,,,,,,,,,,,,,,,,,,,,,,,,,,,,,,50.2881979,26.8555166,
12:06:00.721,,,,,,,,,,,,,,,,-4608,-0.28125,,,,,,,,,,,,,,,,,,,,,,,,,,,,,,,,,,,,,,,,,,,,,,,,,,,,,,,,,,50.2881351,26.8554438,
12:06:00.890,,,,,,,,,367.08,62.5,,3.816,,,,,,,,,,,,,,,,,,,,,,,,,,,,,,,,,,,,,,,,,,,,,,,,,,,,7.622,,,,,,,,,,,50.2881351,26.8554438,
12:06:00.974,33.100000000000136,,-1600,,,,,,,,,,3.806,,,,,,,,,,,,,,,,,,,,,,,,,,,,,,,,,,,,,,,,,,,,,,,,,,,7.622,,,,,,,,,,,50.2881351,26.8554438,
12:06:01.058,,32.450000000000045,,,,,,,,,,,,,,,,,,,,,,,,,,,,,,,,,,,,,,,,,,,,,,,,,,,,,,,,,,,,,,,,,,,,,,,,,50.2881351,26.8554438,
12:06:01.205,,,,,,,,,,,,,,,,,,,,,,,,,,,,,,,,,,0,0,,,,0,0,,-0.08358519032815229,0.9528346998888889,3.87617,126.231853,8736.607397999998,0,-0.01,,,,,21.150055731938536,,,,20,99,,28,,,,,130,0,,,,,,,0,,50.2881351,26.8554438,
12:06:01.278,,,,,,,,,,,,,,,,,,,,0,5.882352941176471,100,,,,,,,,,,5.882352941176471,,,,,,,,,0,,,,,,,,,,,,,0,,,,,,,,,,,,0,,17.6470588235294,100,,,,,,50.2881351,26.8554438,
12:06:01.353,,,,,,,,,,,,,,,,,,,,,,,9.33352336352478,36.7422,672.9085331800001,9843.710692130002,0.09824761435289242,0.38676,8.703851000000002,121.28161400000002,0,,5.882352941176471,,,0,0,,,,,,,,,,,,10.311086945547762,9.977890546596253,6.89513050244141,1.3882003445383624,,,46,,,,33760,,12000,0,0,,130,0,33760,17.6470588235294,,,,,,0,50.2881351,26.8554438,
12:06:01.510,,,,,,,,,,,,,,,24,,,,,,,,,,,,,,,,,,,,,,,,,,,,,,,,,,,,,,,,,,,,,,,,,,,,,,,,,57,,,50.2881351,26.8554438,
12:06:01.562,,,,,,,,,,,,,,,,,,-73.28125,,,,,,,,,,,,,,,,,,,,,,,,,,,,,,,,,,,,,,,,,,,,,,,,,,,,,,,,,50.2881351,26.8554438,
12:06:01.610,,,,,,,,,,,,,,,,-4736,-0.296875,,,,,,,,,,,,,,,,,,,,,,,,,,,,,,,,,,,,,,,,,,,,,,,,,,,,,,,,,,50.2881351,26.8554438,
12:06:01.743,,,,,,17,16,16,,,,,,,,,,,,,,,,,,,,,,,,,,,,,,,,,,,,,,,,,,,,,,,,,,,,,,,,,,,,,,,-34,,,,50.288079,26.8553792,
12:06:01.826,,,,,,,,,365.3,63,,3.816,,,,,,,,,,,,,,,,,,,,,,,,,,,,,,,,,,,,,,,,,,,,,,,,,,,,7.622,,,,,,,,,,,50.288079,26.8553792,
12:06:01.879,29.25,,28.40000000000009,,,,,,,,,,3.804,,,,,,,,,,,,,,,,,,,,,,,,,,,,,,,,,,,,,,,,,,,,,,,,,,,7.62,,,,,,,,,,,50.288079,26.8553792,
12:06:01.918,,29.450000000000045,,,,,,,,,,,,,,,,,,,,,,,,,,,,,,,,,,,,,,,,,,,,,,,,,,,,,,,,,,,,,,,,,,,,,,,,,50.288079,26.8553792,
12:06:02.046,,,,,,,,,,,,,,,,,,,,,,,,,,,,,,,,,,0,0,,,,0,0,,-0.0886395740695377,0.9586773672500001,3.882013,126.237696,8736.613241,0,-0.01,,,,,21.169924568233238,,,,20,99,,25,,,,,130,0,,,,,,,0,,50.288079,26.8553792,
12:06:02.145,,,,,,,,,,,,,,,,,,,,0,5.882352941176471,100,,,,,,,,,,5.882352941176471,,,,,,,,,1.5686274509803921,,,,,,,,,,,,,0,,,,,,,,,,,,0,,17.6470588235294,100,,,,,,50.288079,26.8553792,
12:06:02.238,,,,,,,,,,,,,,,,,,,,,,,9.33352336352478,36.7422,672.9085331800001,9843.710692130002,0.09824761435289242,0.38676,8.703851000000002,121.28161400000002,0,,5.882352941176471,,,0,0,,,,,,,,,,,,10.248245938539174,9.96287235514152,6.8948113565063815,1.3881994161174296,,,46,,,,33770,,12000,0,0,,130,0,33770,17.6470588235294,,,,,,0,50.288079,26.8553792,
12:06:02.298,,,,,,,,,,,,,,,,,,,32,,,,,,,,,,,,,,,,,,,,,,,,,,,,,,,,,,,,,,,,,,,,,,,,,,,,,56,,,50.288079,26.8553792,
12:06:02.429,,,,,,,,,,,,,,,24,,,,,,,,,,,,,,,,,,,,,,,,,,,,,,,,,,,,,,,,,,,,,,,,,,,,,,,,,56,,,50.288079,26.8553792,
12:06:02.479,,,,,,,,,,,,,,,,,,-17.65625,,,,,,,,,,,,,,,,,,,,,,,,,,,,,,,,,,,,,,,,,,,,,,,,,,,,,,,,,50.288079,26.8553792,
12:06:02.518,,,,,,,,,,,,,,,,-1056,-0.078125,,,,,,,,,,,,,,,,,,,,,,,,,,,,,,,,,,,,,,,,,,,,,,,,,,,,,,,,,,50.288079,26.8553792,
12:06:02.614,,,,,,,,,363.05,63,,3.778,,,,,,,,,,,,,,,,,,,,,,,,,,,,,,,,,,,,,,,,,,,,,,,,,,,,7.582,,,,,,,,,,,50.288079,26.8553792,
12:06:02.674,1.2000000000000455,,1.300000000000182,,,,,,,,,,3.765,,,,,,,,,,,,,,,,,,,,,,,,,,,,,,,,,,,,,,,,,,,,,,,,,,,7.543,,,,,,,,,,,50.288079,26.8553792,
12:06:02.715,,0.40000000000009095,,,,,,,,,,,,,,,,,,,,,,,,,,,,,,,,,,,,,,,,,,,,,,,,,,,,,,,,,,,,,,,,,,,,,,,,,50.288079,26.8553792,
12:06:02.837,,,,,,,,,,,,,,,,,,,,,,,,,,,,,,,,,,,,,,,,,,,,,,,,,,,,,,,,64,,,,,,,,,130,,,,,,,,,,50.2880283,26.8553211,
12:06:03.017,,,,,,,,,,,,,,,,,,,,,,,,,,,,,,,,,,0,0,,,,0,0,,-0.08844603182197691,0.9648817066944445,3.888217,126.2439,8736.619444999998,0,-0.01,,,,,21.180761446663727,,,,20,99,,23,,,,,130,0,,,,,,,0,,50.2880283,26.8553211,
12:06:03.117,,,,,,,,,,,,,,,,,,,,0,5.882352941176471,100,,,,,,,,,,5.882352941176471,,,,,,,,,0,,,,,,,,,,,,,0,,,,,,,,,,,,0,,17.6470588235294,100,,,,,,50.2880283,26.8553211,
12:06:03.210,,,,,,,,,,,,,,,,,,,,,,,9.33352336352478,36.7422,672.9085331800001,9843.710692130002,0.09824761435289242,0.38676,8.703851000000002,121.28161400000002,0,,5.882352941176471,,,0,0,,,,,,,,,,,,10.182348123219745,9.946975696058116,6.894472525009131,1.388198430336919,,,46,,,,33780,,12000,0,0,,130,0,33780,17.6470588235294,,,,,,0,50.2880283,26.8553211,
12:06:03.353,,,,,,,,,,,,,,,24,,,,,,,,,,,,,,,,,,,,,,,,,,,,,,,,,,,,,,,,,,,,,,,,,,,,,,,,,56,,,50.2880283,26.8553211,
12:06:03.390,,,,,,,,,,,,,,,,,,-39.34375,,,,,,,,,,,,,,,,,,,,,,,,,,,,,,,,,,,,,,,,,,,,,,,,,,,,,,,,,50.2880283,26.8553211,
12:06:03.426,,,,,,,,,,,,,,,,-2624,-0.171875,,,,,,,,,,,,,,,,,,,,,,,,,,,,,,,,,,,,,,,,,,,,,,,,,,,,,,,,,,50.2880283,26.8553211,
12:06:03.561,,,,,,,,,361.76,63,,3.788,,,,,,,,,,,,,,,,,,,,,,,,,,,,,,,,,,,,,,,,,,,,,,,,,,,,7.553,,,,,,,,,,,50.2880283,26.8553211,
12:06:03.622,-3.449999999999818,,-4,,,,,,,,,,3.764,,,,,,,,,,,,,,,,,,,,,,,,,,,,,,,,,,,,,,,,,,,,,,,,,,,7.552,,,,,,,,,,,50.2880283,26.8553211,
12:06:03.669,,-2.599999999999909,,,,,,,,,,,,,,,,,,,,,,,,,,,,,,,,,,,,,,,,,,,,,,,,,,,,,,,,,,,,,,,,,,,,,,,,,50.2880283,26.8553211,
12:06:03.782,,,,,,,,,,,,,,,,,,,,,,,,,,,,,,,,,,0,0,,,,0,0,,-0.07390359258791787,0.9695563064166667,3.892892,126.248575,8736.624119999999,0,-0.01,,,,,21.18456490482506,,,,20,99,,22,,,,,130,0,,,,,,,0,,50.287981,26.8552675,
12:06:03.917,,,,,,,,,,,,,,,,,,,,0,5.882352941176471,100,,,,,,,,,,5.882352941176471,,,,,,,,,13.72549019607843,,,,,,,,,,,,,0,,,,,,,,,,,,0,,17.6470588235294,100,,,,,,50.287981,26.8552675,
12:06:03.995,,,,,,,,,,,,,,,,,,,,,,,9.33352336352478,36.7422,672.9085331800001,9843.710692130002,0.09824761435289242,0.38676,8.703851000000002,121.28161400000002,0,,5.882352941176471,,,0,0,,,,,,,,,,,,10.13325515008001,9.935030306517623,6.894217221857753,1.3881976875067854,,,46,,,,33790,,12000,0,0,,130,0,33790,17.6470588235294,,,,,,0,50.287981,26.8552675,
12:06:04.118,,,,,,,,,,,,,,,24,,,,,,,,,,,,,,,,,,,,,,,,,,,,,,,,,,,,,,,,,,,,,,,,,,,,,,,,,56,,,50.287981,26.8552675,
12:06:04.166,,,,,,,,,,,,,,,,,,43.578125,,,,,,,,,,,,,,,,,,,,,,,,,,,,,,,,,,,,,,,,,,,,,,,,,,,,,,,,,50.287981,26.8552675,
12:06:04.198,,,,,,,,,,,,,,,,2784,0.15625,,,,,,,,,,,,,,,,,,,,,,,,,,,,,,,,,,,,,,,,,,,,,,,,,,,,,,,,,,50.287981,26.8552675,
12:06:04.350,,,,,,,,,358.38,63,,3.73,,,,,,,,,,,,,,,,,,,,,,,,,,,,,,,,,,,,,,,,,,,,,,,,,,,,7.494,,,,,,,,,,,50.287981,26.8552675,
12:06:04.413,-27.399999999999864,,-27.649999999999864,,,,,,,,,,3.715,,,,,,,,,,,,,,,,,,,,,,,,,,,,,,,,,,,,,,,,,,,,,,,,,,,7.445,,,,,,,,,,,50.287981,26.8552675,
12:06:04.450,,-27.799999999999955,,,,,,,,,,,,,,,,,,,,,,,,,,,,,,,,,,,,,,,,,,,,,,,,,,,,,,,,,,,,,,,,,,,,,,,,,50.287981,26.8552675,
12:06:04.594,,,,,,,,,,,,,,,,,,,,,,,,,,,,,,,,,,0,0,,,,0,0,,-0.05015442630283178,0.9745186209166666,3.897854,126.253537,8736.629082,0,-0.01,,,,,21.18856400594964,,,,20,99,,22,,,,,130,0,,,,,,,0,,50.287981,26.8552675,
12:06:04.694,,,,,,,,,,,,,,,,,,,,0,5.882352941176471,100,,,,,,,,,,5.882352941176471,,,,,,,,,10.588235294117647,,,,,,,,,,,,,0,,,,,,,,,,,,0,,17.6470588235294,100,,,,,,50.287981,26.8552675,
12:06:04.805,,,,,,,,,,,,,,,,,,,,,,,9.33352336352478,36.7422,672.9085331800001,9843.710692130002,0.09824761435289242,0.38676,8.703851000000002,121.28161400000002,0,,5.882352941176471,,,0,0,,,,,,,,,,,,10.08165593187714,9.922382931736283,6.893946266234112,1.3881968990749014,,,46,,,,33800,,12000,0,0,,130,0,33800,17.6470588235294,,,,,,0,50.2879336,26.8552145,
12:06:04.937,,,,,,,,,,,,,,,24,,,,,,,,,,,,,,,,,,,,,,,,,,,,,,,,,,,,,,,,,,,,,,,,,,,,,,,,,56,,,50.2879336,26.8552145,
12:06:04.985,,,,,,,,,,,,,,,,,,-42.53125,,,,,,,,,,,,,,,,,,,,,,,,,,,,,,,,,,,,,,,,,,,,,,,,,,,,,,,,,50.2879336,26.8552145,
12:06:05.021,,,,,,,,,,,,,,,,-2688,-0.171875,,,,,,,,,,,,,,,,,,,,,,,,,,,,,,,,,,,,,,,,,,,,,,,,,,,,,,,,,,50.2879336,26.8552145,
12:06:05.162,,,,,17,,,,,,57,,,63.75,,,,,,,,,,,,,,,,,,,,,,,,,,,,,,,,,,,,,,,,,,,,,,,,,,,,,,,,121.75,-34,,,,50.2879336,26.8552145,
12:06:05.222,,,,,,,,,364.82,63,,3.789,,,,,,,,,,,,,,,,,,,,,,,,,,,,,,,,,,,,,,,,,,,,,,,,,,,,7.504,,,,,,,,,,,50.2879336,26.8552145,
12:06:05.298,20.050000000000182,,20.300000000000182,,,,,,,,,,3.783,,,,,,,,,,,,,,,,,,,,,,,,,,,,,,,,,,,,,,,,,,,,,,,,,,,7.572,,,,,,,,,,,50.2879336,26.8552145,
12:06:05.338,,21.75,,,,,,,,,,,,,,,,,,,,,,,,,,,,,,,,,,,,,,,,,,,,,,,,,,,,,,,,,,,,,,,,,,,,,,,,,50.2879336,26.8552145,
12:06:05.481,,,,,,,,,,,,,,,,,,,,,,,,,,,,,,,,,,0,0,,,,0,0,,-0.02473824847994112,0.9799375111944444,3.903273,126.258956,8736.634500999999,0,-0.01,,,,,21.19288649274012,,,,20,99,,22,,,,,130,0,,,,,,,0,,50.2879336,26.8552145,
12:06:05.569,,,,,,,,,,,,,,,,,,,,0,5.882352941176471,100,,,,,,,,,,5.882352941176471,,,,,,,,,0,,,,,,,,,,,,,0,,,,,,,,,,,,0,,17.6470588235294,100,,,,,,50.2879336,26.8552145,
12:06:05.633,,,,,,,,,,,,,,,,,,,,,,,9.33352336352478,36.7422,672.9085331800001,9843.710692130002,0.09824761435289242,0.38676,8.703851000000002,121.28161400000002,0,,5.882352941176471,,,0,0,,,,,,,,,,,,10.025906063452815,9.908607468655152,6.893650379938198,1.3881960380294962,,,46,,,,33810,,12000,0,0,,130,0,33810,17.6470588235294,,,,,,0,50.2879336,26.8552145,
12:06:05.745,,,,,,,,,,,,,,,24,,,,,,,,,,,,,,,,,,,,,,,,,,,,,,,,,,,,,,,,,,,,,,,,,,,,,,,,,56,,,50.2878879,26.8551641,
12:06:05.794,,,,,,,,,,,,,,,,,,-68.5,,,,,,,,,,,,,,,,,,,,,,,,,,,,,,,,,,,,,,,,,,,,,,,,,,,,,,,,,50.2878879,26.8551641,
12:06:05.830,,,,,,,,,,,,,,,,-4352,-0.265625,,,,,,,,,,,,,,,,,,,,,,,,,,,,,,,,,,,,,,,,,,,,,,,,,,,,,,,,,,50.2878879,26.8551641,
12:06:05.972,,,,,,,,,363.37,63,,3.795,,,,,,,,,,,,,,,,,,,,,,,,,,,,,,,,,,,,,,,,,,,,,,,,,,,,7.578,,,,,,,,,,,50.2878879,26.8551641,
12:06:06.045,19.90000000000009,,19.800000000000182,,,,,,,,,,3.787,,,,,,,,,,,,,,,,,,,,,,,,,,,,,,,,,,,,,,,,,,,,,,,,,,,7.582,,,,,,,,,,,50.2878879,26.8551641,
12:06:06.086,,18.800000000000182,,,,,,,,,,,,,,,,,,,,,,,,,,,,,,,,,,,,,,,,,,,,,,,,,,,,,,,,,,,,,,,,,,,,,,,,,50.2878879,26.8551641,
12:06:06.221,,,,,,,,,,,,,,,,,,,,,,,,,,,,,,,,,,0,0,,,,0,0,,-0.026520220705115508,0.9840539728611111,3.907389,126.263072,8736.638616999999,0,-0.01,,,,,21.187600141079525,,,,20,99,,20,,,,,130,0,,,,,,,0,,50.2878879,26.8551641,
12:06:06.333,,,,,,,,,,,,,,,,,,,,0,5.882352941176471,100,,,,,,,,,,5.882352941176471,,,,,,,,,7.450980392156863,,,,,,,,,,,,,0,,,,,,,,,,,,0,,17.6470588235294,100,,,,,,50.2878879,26.8551641,
12:06:06.422,,,,,,,,,,,,,,,,,,,,,,,9.33352336352478,36.7422,672.9085331800001,9843.710692130002,0.09824761435289242,0.38676,8.703851000000002,121.28161400000002,0,,5.882352941176471,,,0,0,,,,,,,,,,,,9.98396602853399,9.898169852041864,6.893425656553012,1.3881953840234027,,,46,,,,33820,,12000,0,0,,130,0,33820,17.6470588235294,,,,,,0,50.2878879,26.8551641,
12:06:06.665,,,,,,,,,,,,,,,24,,,,,,,,,,,,,,,,,,,,,,,,,,,,,,,,,,,,,,,,,,,,,,,,,,,,,,,,,56,,,50.2878879,26.8551641,
12:06:06.730,,,,,,,,,,,,,,,,,,29.875,,,,,,,,,,,,,,,,,,,,,,,,,,,,,,,,,,,,,,,,,,,,,,,,,,,,,,,,,50.2878459,26.8551178,
12:06:06.779,,,,,,,,,,,,,,,,1696,0.09375,,,,,,,,,,,,,,,,,,,,,,,,,,,,,,,,,,,,,,,,,,,,,,,,,,,,,,,,,,50.2878459,26.8551178,
12:06:06.910,,,,,,,,,359.19,63,,3.74,,,,,,,,,,,,,,,,,,,,,,,,,,,,,,,,,,,,,,,,,,,,,,,,,,,,7.527,,,,,,,,,,,50.2878459,26.8551178,
12:06:06.986,-20.049999999999955,,-20.199999999999818,,,,,,,,,,3.725,,,,,,,,,,,,,,,,,,,,,,,,,,,,,,,,,,,,,,,,,,,,,,,,,,,7.465,,,,,,,,,,,50.2878459,26.8551178,
12:06:07.026,,-22.649999999999864,,,,,,,,,,,,,,,,,,,,,,,,,,,,,,,,,,,,,,,,,,,,,,,,,,,,,,,,,,,,,,,,,,,,,,,,,50.2878459,26.8551178,
12:06:07.133,,,,,,,,,,,,,,,,,,,,,,,,,,,,,,,,,,,,,,,,,,,,,,,,,,,,,,,,64,,,,,,,,,130,,,,,,,,,,50.2878459,26.8551178,
12:06:07.206,,,,,,,,,,,,,,,,,,,,,,,,,,,,,,,,,,0,0,,,,0,0,,-0.0248211492170002,0.9892481279444444,3.912583,126.268266,8736.643810999998,0,-0.01,,,,,21.174799158198795,,,,20,99,,19,,,,,130,0,,,,,,,0,,50.2878459,26.8551178,
12:06:07.305,,,,,,,,,,,,,,,,,,,,0,5.882352941176471,100,,,,,,,,,,5.882352941176471,,,,,,,,,16.862745098039216,,,,,,,,,,,,,0,,,,,,,,,,,,0,,17.6470588235294,100,,,,,,50.2878459,26.8551178,
12:06:07.377,,,,,,,,,,,,,,,,,,,,,,,9.33352336352478,36.7422,672.9085331800001,9843.710692130002,0.09824761435289242,0.38676,8.703851000000002,121.28161400000002,0,,5.882352941176471,,,0,0,,,,,,,,,,,,9.93154412705747,9.885029915020333,6.893142097951992,1.3881945587308784,,,46,,,,33840,,12000,0,0,,130,0,33840,17.6470588235294,,,,,,0,50.2878459,26.8551178,
12:06:07.519,,,,,,,,,,,,,,,24,,,,,,,,,,,,,,,,,,,,,,,,,,,,,,,,,,,,,,,,,,,,,,,,,,,,,,,,,56,,,50.2878459,26.8551178,
12:06:07.553,,,,,,,,,,,,,,,,,,80.859375,,,,,,,,,,,,,,,,,,,,,,,,,,,,,,,,,,,,,,,,,,,,,,,,,,,,,,,,,50.2878459,26.8551178,
12:06:07.601,,,,,,,,,,,,,,,,5280,0.3125,,,,,,,,,,,,,,,,,,,,,,,,,,,,,,,,,,,,,,,,,,,,,,,,,,,,,,,,,,50.2878459,26.8551178,
12:06:07.721,,,,,,,,,354.84000000000003,63,,3.694,,,,,,,,,,,,,,,,,,,,,,,,,,,,,,,,,,,,,,,,,,,,,,,,,,,,7.419,,,,,,,,,,,50.2878018,26.8550699,
12:06:07.794,-45.549999999999955,,-1600,,,,,,,,,,3.673,,,,,,,,,,,,,,,,,,,,,,,,,,,,,,,,,,,,,,,,,,,,,,,,,,,7.367,,,,,,,,,,,50.2878018,26.8550699,
12:06:07.830,,-45.549999999999955,,,,,,,,,,,,,,,,,,,,,,,,,,,,,,,,,,,,,,,,,,,,,,,,,,,,,,,,,,,,,,,,,,,,,,,,,50.2878018,26.8550699,
12:06:07.965,,,,,,,,,,,,,,,,,,,,,,,,,,,,,,,,,,0,0,,,,0,0,,,0.9936811532777777,3.917016,126.272699,8736.648243999998,0,-0.01,,,,,21.174012879744303,,,,20,99,,21,,,,,130,0,,,,,,,0,,50.2878018,26.8550699,
12:06:08.049,,,,,,,,,,,,,,,,,,,,0,5.882352941176471,100,,,,,,,,,,5.882352941176471,,,,,,,,,20,,,,,,,,,,,,,0,,,,,,,,,,,,0,,17.6470588235294,100,,,,,,50.2878018,26.8550699,
12:06:08.138,,,,,,,,,,,,,,,,,,,,,,,9.33352336352478,36.7422,672.9085331800001,9843.710692130002,0.09824761435289242,0.38676,8.703851000000002,121.28161400000002,0,,5.882352941176471,,,0,0,,,,,,,,,,,,9.887237372753901,9.873842741515482,6.892900103449916,1.3881938543570378,,,46,,,,33840,,12000,0,0,,130,0,33840,17.6470588235294,,,,,,0,50.2878018,26.8550699,
12:06:08.309,,,,,,,,,,,,,,,24,,,,,,,,,,,,,,,,,,,,,,,,,,,,,,,,,,,,,,,,,,,,,,,,,,,,,,,,,56,,,50.2878018,26.8550699,
12:06:08.410,,,,,,,,,,,,,,,,,,91.671875,,,,,,,,,,,,,,,,,,,,,,,,,,,,,,,,,,,,,,,,,,,,,,,,,,,,,,,,,50.2878018,26.8550699,
12:06:08.481,,,,,,,,,,,,,,,,5856,0.34375,,,,,,,,,,,,,,,,,,,,,,,,,,,,,,,,,,,,,,,,,,,,,,,,,,,,,,,,,,50.2878018,26.8550699,
12:06:08.581,,,,-100,,,,,,,,,,,,,,,,,,,,,,,,,,,,,,,,,,,,,,,,,,,,,,,,,,,,,,,,,,,,,,,,,,,-34,,,,50.2878018,26.8550699,
12:06:08.693,,,,,,,,,351.62,62.5,,3.659,,,,,,,,,,,,,,,,,,,,,,,,,,,,,,,,,,,,,,,,,,,,,,,,,,,,7.332,,,,,,,,,,,50.2878018,26.8550699,
12:06:08.766,-58.549999999999955,,-1600,,,,,,,,,,3.648,,,,,,,,,,,,,,,,,,,,,,,,,,,,,,,,,,,,,,,,,,,,,,,,,,,7.307,,,,,,,,,,,50.2877529,26.8550161,
12:06:08.801,,-60.5,,,,,,,,,,,,,,,,,,,,,,,,,,,,,,,,,,,,,,,,,,,,,,,,,,,,,,,,,,,,,,,,,,,,,,,,,50.2877529,26.8550161,
12:06:08.921,,,,,,,,,,,,,,,,,,,,,,,,,,,,,,,,,,0.06,0,,,,0,0,,,1.0003122914722222,3.923647,126.27933,8736.654874999998,0,-0.01,,,,,21.19551592459783,,,,20,99,,25,,,,,130,0.06,,,,,,,0.052955909999999995,,50.2877529,26.8550161,
12:06:09.010,,,,,,,,,,,,,,,,,,,,0,5.882352941176471,100,,,,,,,,,,5.882352941176471,,,,,,,,,22.745098039215687,,,,,,,,,,,,,0,,,,,,,,,,,,0.06,,17.6470588235294,100,,,,,,50.2877529,26.8550161,
12:06:09.073,,,,,,,,,,,,,,,,,,,,,,,9.33352336352478,36.7422,672.9085331800001,9843.710692130002,0.09824761435289242,0.38676,8.703851000000002,121.28161400000002,0,,5.882352941176471,,,0,0,,,,,,,,,,,,9.821694203946576,9.857155855254055,6.892538153314562,1.3881928007371362,,,46,,,,33860,,12000,0,0,,130,0.06,33860,17.6470588235294,,,,,,0,50.2877529,26.8550161,
12:06:09.133,,,,,,,,,,,,,,,,,,,33,,,,,,,,,,,,,,,,,,,,,,,,,,,,,,,,,,,,,,,,,,,,,,,,,,,,,57,,,50.2877529,26.8550161,
12:06:09.230,,,,,,,,,,,,,,,24,,,,,,,,,,,,,,,,,,,,,,,,,,,,,,,,,,,,,,,,,,,,,,,,,,,,,,,,,57,,,50.2877529,26.8550161,
12:06:09.278,,,,,,,,,,,,,,,,,,103.21875,,,,,,,,,,,,,,,,,,,,,,,,,,,,,,,,,,,,,,,,,,,,,,,,,,,,,,,,,50.2877529,26.8550161,
12:06:09.315,,,,,,,,,,,,,,,,6688,0.40625,,,,,,,,,,,,,,,,,,,,,,,,,,,,,,,,,,,,,,,,,,,,,,,,,,,,,,,,,,50.2877529,26.8550161,
12:06:09.437,,,,,,,,,347.92,62.5,,3.641,,,,,,,,,,,,,,,,,,,,,,,,,,,,,,,,,,,,,,,,,,,,,,,,,,,,7.289,,,,,,,,,,,50.2877529,26.8550161,
12:06:09.513,-67.09999999999991,,-1600,,,,,,,,,,3.622,,,,,,,,,,,,,,,,,,,,,,,,,,,,,,,,,,,,,,,,,,,,,,,,,,,7.263,,,,,,,,,,,50.2877529,26.8550161,
12:06:09.561,,-66.69999999999982,,,,,,,,,,,,,,,,,,,,,,,,,,,,,,,,,,,,,,,,,,,,,,,,,,,,,,,,,,,,,,,,,,,,,,,,,50.2877529,26.8550161,
12:06:09.685,,,,,,,,,,,,,,,,,,,,,,,,,,,,,,,,,,0,0,,,,0,0,,,1.0060477004722221,3.929382,126.285065,8736.660609999999,0,-0.01,,,,,21.221524841489078,,,,20,99,,27,,,,,130,0,,,,,,,0,,50.2877529,26.8550161,
12:06:09.762,,,,,,,,,,,,,,,,,,,,0,5.882352941176471,100,,,,,,,,,,5.882352941176471,,,,,,,,,23.92156862745098,,,,,,,,,,,,,0,,,,,,,,,,,,0,,17.6470588235294,100,,,,,,50.2876965,26.8549553,
12:06:09.826,,,,,,,,,,,,,,,,,,,,,,,9.33352336352478,36.7422,672.9085331800001,9843.710692130002,0.09824761435289242,0.38676,8.703851000000002,121.28161400000002,0,,5.882352941176471,,,0,0,,,,,,,,,,,,9.765701398330975,9.842769168281425,6.892225141587409,1.3881918894867091,,,46,,,,33870,,12000,0,0,,130,0,33870,17.6470588235294,,,,,,0,50.2876965,26.8549553,
12:06:09.960,,,,,,,,,,,,,,,24,,,,,,,,,,,,,,,,,,,,,,,,,,,,,,,,,,,,,,,,,,,,,,,,,,,,,,,,,57,,,50.2876965,26.8549553,
12:06:09.997,,,,,,,,,,,,,,,,,,98.921875,,,,,,,,,,,,,,,,,,,,,,,,,,,,,,,,,,,,,,,,,,,,,,,,,,,,,,,,,50.2876965,26.8549553,
12:06:10.073,,,,,,,,,,,,,,,,6560,0.390625,,,,,,,,,,,,,,,,,,,,,,,,,,,,,,,,,,,,,,,,,,,,,,,,,,,,,,,,,,50.2876965,26.8549553,
12:06:10.313,,,,,,17,16,16,,,,,,,,,,,,,,,,,,,,,,,,,,,,,,,,,,,,,,,,,,,,,,,,,,,,,,,,,,,,,,,-34,,,,50.2876965,26.8549553,
12:06:10.389,,,,,,,,,346.15000000000003,62,,3.621,,,,,,,,,,,,,,,,,,,,,,,,,,,,,,,,,,,,,,,,,,,,,,,,,,,,7.243,,,,,,,,,,,50.2876965,26.8549553,
12:06:10.462,-67.34999999999991,,-1600,,,,,,,,,,3.606,,,,,,,,,,,,,,,,,,,,,,,,,,,,,,,,,,,,,,,,,,,,,,,,,,,7.227,,,,,,,,,,,50.2876965,26.8549553,
12:06:10.511,,-66.25,,,,,,,,,,,,,,,,,,,,,,,,,,,,,,,,,,,,,,,,,,,,,,,,,,,,,,,,,,,,,,,,,,,,,,,,,50.2876965,26.8549553,
12:06:10.634,,,,,,,,,,,,,,,,,,,,,,,,,,,,,,,,,,0,0,,,,0,0,,0.09914965842216171,1.0142162486944444,3.937551,126.293234,8736.668779,0,-0.01,,,,,21.27557600947281,,,,20,99,,31,,,,,130,0,,,,,,,0,,50.2876965,26.8549553,
12:06:10.722,,,,,,,,,,,,,,,,,,,,0,5.882352941176471,100,,,,,,,,,,5.882352941176471,,,,,,,,,23.529411764705884,,,,,,,,,,,,,0,,,,,,,,,,,,0,,17.6470588235294,100,,,,,,50.2876323,26.8548879,
12:06:10.794,,,,,,,,,,,,,,,,,,,,,,,9.33352336352478,36.7422,672.9085331800001,9843.710692130002,0.09824761435289242,0.38676,8.703851000000002,121.28161400000002,0,,5.882352941176471,,,0,0,,,,,,,,,,,,9.687047952481754,9.822348967670514,6.891779333166812,1.3881905914931794,,,46,,,,33880,,12000,0,0,,130,0,33880,17.6470588235294,,,,,,0,50.2876323,26.8548879,
12:06:10.946,,,,,,,,,,,,,,,24,,,,,,,,,,,,,,,,,,,,,,,,,,,,,,,,,,,,,,,,,,,,,,,,,,,,,,,,,57,,,50.2876323,26.8548879,
12:06:10.997,,,,,,,,,,,,,,,,,,86.234375,,,,,,,,,,,,,,,,,,,,,,,,,,,,,,,,,,,,,,,,,,,,,,,,,,,,,,,,,50.2876323,26.8548879,
12:06:11.034,,,,,,,,,,,,,,,,5600,0.328125,,,,,,,,,,,,,,,,,,,,,,,,,,,,,,,,,,,,,,,,,,,,,,,,,,,,,,,,,,50.2876323,26.8548879,
12:06:11.158,,,,,,,,,345.82,61.5,,3.618,,,,,,,,,,,,,,,,,,,,,,,,,,,,,,,,,,,,,,,,,,,,,,,,,,,,7.224,,,,,,,,,,,50.2876323,26.8548879,
12:06:11.218,-63.5,,-1600,,,,,,,,,,3.602,,,,,,,,,,,,,,,,,,,,,,,,,,,,,,,,,,,,,,,,,,,,,,,,,,,7.22,,,,,,,,,,,50.2876323,26.8548879,
12:06:11.255,,-62.649999999999864,,,,,,,,,,,,,,,,,,,,,,,,,,,,,,,,,,,,,,,,,,,,,,,,,,,,,,,,,,,,,,,,,,,,,,,,,50.2876323,26.8548879,
12:06:11.373,,,,,,,,,,,,,,,,,,,,,,,,,,,,,,,,,,,,,,,,,,,,,,,,,,,,,,,,64,,,,,,,,,130,,,,,,,,,,50.2876323,26.8548879,
12:06:11.434,,,,,,,,,,,,,,,,,,,,,,,,,,,,,,,,,,0.04,0,,,,0,0,,0.097994312420383,1.0215453717777776,3.94488,126.300563,8736.676107999998,0,-0.01,,,,,21.32994630485127,,,,20,99,,33,,,,,130,0.04,,,,,,,0.03530394,,50.2876323,26.8548879,
12:06:11.522,,,,,,,,,,,,,,,,,,,,0,5.882352941176471,100,,,,,,,,,,5.882352941176471,,,,,,,,,21.568627450980394,,,,,,,,,,,,,0,,,,,,,,,,,,0.04,,17.6470588235294,100,,,,,,50.2876323,26.8548879,
12:06:11.635,,,,,,,,,,,,,,,,,,,,,,,9.33352336352478,36.7422,672.9085331800001,9843.710692130002,0.09824761435289242,0.38676,8.703851000000002,121.28161400000002,0,,5.882352941176471,,,0,0,,,,,,,,,,,,9.61754779250909,9.804100504958326,6.891379415307913,1.3881894269714874,,,46,,,,33890,,12000,0,0,,130,0.04,33890,17.6470588235294,,,,,,0,50.2876323,26.8548879,
12:06:11.770,,,,,,,,,,,,,,,24,,,,,,,,,,,,,,,,,,,,,,,,,,,,,,,,,,,,,,,,,,,,,,,,,,,,,,,,,57,,,50.2875619,26.8548144,
12:06:11.807,,,,,,,,,,,,,,,,,,71.5625,,,,,,,,,,,,,,,,,,,,,,,,,,,,,,,,,,,,,,,,,,,,,,,,,,,,,,,,,50.2875619,26.8548144,
12:06:11.846,,,,,,,,,,,,,,,,4576,0.265625,,,,,,,,,,,,,,,,,,,,,,,,,,,,,,,,,,,,,,,,,,,,,,,,,,,,,,,,,,50.2875619,26.8548144,
12:06:11.997,,,,,17,,,,,,61.5,,,63.75,,,,,,,,,,,,,,,,,,,,,,,,,,,,,,,,,,,,,,,,,,,,,,,,,,,,,,,,120.75,-34,,,,50.2875619,26.8548144,
12:06:12.107,,,,,,,,,347.59000000000003,61.5,,3.625,,,,,,,,,,,,,,,,,,,,,,,,,,,,,,,,,,,,,,,,,,,,,,,,,,,,7.227,,,,,,,,,,,50.2875619,26.8548144,
12:06:12.194,-52.799999999999955,,-1600,,,,,,,,,,3.611,,,,,,,,,,,,,,,,,,,,,,,,,,,,,,,,,,,,,,,,,,,,,,,,,,,7.236,,,,,,,,,,,50.2875619,26.8548144,
12:06:12.257,,-51.299999999999955,,,,,,,,,,,,,,,,,,,,,,,,,,,,,,,,,,,,,,,,,,,,,,,,,,,,,,,,,,,,,,,,,,,,,,,,,50.2875619,26.8548144,
12:06:12.365,,,,,,,,,,,,,,,,,,,,,,,,,,,,,,,,,,0,0,,,,0,0,,0.09047111332694112,1.0308638647777777,3.954198,126.309881,8736.685425999998,0,-0.01,,,,,21.408807990666734,,,,20,99,,36,,,,,130,0,,,,,,,0,,50.2875619,26.8548144,
12:06:12.465,,,,,,,,,,,,,,,,,,,,0,5.882352941176471,100,,,,,,,,,,5.882352941176471,,,,,,,,,20.392156862745097,,,,,,,,,,,,,0,,,,,,,,,,,,0,,17.6470588235294,100,,,,,,50.2875619,26.8548144,
12:06:12.562,,,,,,,,,,,,,,,,,,,,,,,9.33352336352478,36.7422,672.9085331800001,9843.710692130002,0.09824761435289242,0.38676,8.703851000000002,121.28161400000002,0,,5.882352941176471,,,0,0,,,,,,,,,,,,9.530609977688137,9.78099730969466,6.8908710316970385,1.3881879464158249,,,46,,,,33900,,12000,0,0,,130,0,33900,17.6470588235294,,,,,,0,50.2875619,26.8548144,
12:06:12.685,,,,,,,,,,,,,,,24,,,,,,,,,,,,,,,,,,,,,,,,,,,,,,,,,,,,,,,,,,,,,,,,,,,,,,,,,57,,,50.2875619,26.8548144,
12:06:12.721,,,,,,,,,,,,,,,,,,52.984375,,,,,,,,,,,,,,,,,,,,,,,,,,,,,,,,,,,,,,,,,,,,,,,,,,,,,,,,,50.2875619,26.8548144,
12:06:12.757,,,,,,,,,,,,,,,,3456,0.203125,,,,,,,,,,,,,,,,,,,,,,,,,,,,,,,,,,,,,,,,,,,,,,,,,,,,,,,,,,50.2874867,26.8547347,
12:06:12.866,,,,,,,,,347.59000000000003,61,,3.638,,,,,,,,,,,,,,,,,,,,,,,,,,,,,,,,,,,,,,,,,,,,,,,,,,,,7.249,,,,,,,,,,,50.2874867,26.8547347,
12:06:12.941,-44.049999999999955,,-1600,,,,,,,,,,3.621,,,,,,,,,,,,,,,,,,,,,,,,,,,,,,,,,,,,,,,,,,,,,,,,,,,7.259,,,,,,,,,,,50.2874867,26.8547347,
12:06:12.971,,-44.049999999999955,,,,,,,,,,,,,,,,,,,,,,,,,,,,,,,,,,,,,,,,,,,,,,,,,,,,,,,,,,,,,,,,,,,,,,,,,50.2874867,26.8547347,
12:06:13.086,,,,,,,,,,,,,,,,,,,,,,,,,,,,,,,,,,0,0,,,,0,0,,0.08328825310716262,1.038269390111111,3.961604,126.317287,8736.692831999999,0,-0.01,,,,,21.473347128906966,,,,20,99,,37,,,,,130,0,,,,,,,0,,50.2874867,26.8547347,
12:06:13.186,,,,,,,,,,,,,,,,,,,,0,5.882352941176471,100,,,,,,,,,,5.882352941176471,,,,,,,,,19.215686274509803,,,,,,,,,,,,,0,,,,,,,,,,,,0,,17.6470588235294,100,,,,,,50.2874867,26.8547347,
12:06:13.261,,,,,,,,,,,,,,,,,,,,,,,9.33352336352478,36.7422,672.9085331800001,9843.710692130002,0.09824761435289242,0.38676,8.703851000000002,121.28161400000002,0,,5.882352941176471,,,0,0,,,,,,,,,,,,9.462632269490136,9.762712275128964,6.890467018975797,1.3881867696639199,,,46,,,,33910,,12000,0,0,,130,0,33910,17.6470588235294,,,,,,0,50.2874867,26.8547347,
12:06:13.410,,,,,,,,,,,,,,,24,,,,,,,,,,,,,,,,,,,,,,,,,,,,,,,,,,,,,,,,,,,,,,,,,,,,,,,,,57,,,50.2874867,26.8547347,
12:06:13.457,,,,,,,,,,,,,,,,,,49.265625,,,,,,,,,,,,,,,,,,,,,,,,,,,,,,,,,,,,,,,,,,,,,,,,,,,,,,,,,50.2874867,26.8547347,
12:06:13.505,,,,,,,,,,,,,,,,3168,0.1875,,,,,,,,,,,,,,,,,,,,,,,,,,,,,,,,,,,,,,,,,,,,,,,,,,,,,,,,,,50.2874867,26.8547347,
12:06:13.630,,,,,,,,,348.72,61,,3.638,,,,,,,,,,,,,,,,,,,,,,,,,,,,,,,,,,,,,,,,,,,,,,,,,,,,7.259,,,,,,,,,,,50.2874867,26.8547347,
12:06:13.697,-41.899999999999864,,-1600,,,,,,,,,,3.62,,,,,,,,,,,,,,,,,,,,,,,,,,,,,,,,,,,,,,,,,,,,,,,,,,,7.258,,,,,,,,,,,50.2874867,26.8547347,
12:06:13.735,,-42.09999999999991,,,,,,,,,,,,,,,,,,,,,,,,,,,,,,,,,,,,,,,,,,,,,,,,,,,,,,,,,,,,,,,,,,,,,,,,,50.2874076,26.8546513,
12:06:13.846,,,,,,,,,,,,,,,,,,,,,,,,,,,,,,,,,,0,0,,,,0,0,,0.06172536022054416,1.0462975308333333,3.969632,126.325315,8736.700859999999,0,-0.01,,,,,21.545244417065668,,,,20,99,,38,,,,,130,0,,,,,,,0,,50.2874076,26.8546513,
12:06:13.933,,,,,,,,,,,,,,,,,,,,0,5.882352941176471,100,,,,,,,,,,5.882352941176471,,,,,,,,,19.607843137254903,,,,,,,,,,,,,0,,,,,,,,,,,,0,,17.6470588235294,100,,,,,,50.2874076,26.8546513,
12:06:14.042,,,,,,,,,,,,,,,,,,,,,,,9.33352336352478,36.7422,672.9085331800001,9843.710692130002,0.09824761435289242,0.38676,8.703851000000002,121.28161400000002,0,,5.882352941176471,,,0,0,,,,,,,,,,,,9.390026398575383,9.742968617745928,6.890029128365919,1.3881854940836333,,,46,,,,33920,,12000,0,0,,130,0,33920,17.6470588235294,,,,,,0,50.2874076,26.8546513,
12:06:14.263,,,,,,,,,,,,,,,24,,,,,,,,,,,,,,,,,,,,,,,,,,,,,,,,,,,,,,,,,,,,,,,,,,,,,,,,,57,,,50.2874076,26.8546513,
12:06:14.310,,,,,,,,,,,,,,,,,,47.671875,,,,,,,,,,,,,,,,,,,,,,,,,,,,,,,,,,,,,,,,,,,,,,,,,,,,,,,,,50.2874076,26.8546513,
12:06:14.345,,,,,,,,,,,,,,,,3168,0.1875,,,,,,,,,,,,,,,,,,,,,,,,,,,,,,,,,,,,,,,,,,,,,,,,,,,,,,,,,,50.2874076,26.8546513,
12:06:14.454,,,,,,,,,347.76,61,,3.637,,,,,,,,,,,,,,,,,,,,,,,,,,,,,,,,,,,,,,,,,,,,,,,,,,,,7.257,,,,,,,,,,,50.2874076,26.8546513,
12:06:14.529,-43.59999999999991,,-1600,,,,,,,,,,3.618,,,,,,,,,,,,,,,,,,,,,,,,,,,,,,,,,,,,,,,,,,,,,,,,,,,7.255,,,,,,,,,,,50.2874076,26.8546513,
12:06:14.589,,-42.549999999999955,,,,,,,,,,,,,,,,,,,,,,,,,,,,,,,,,,,,,,,,,,,,,,,,,,,,,,,,,,,,,,,,,,,,,,,,,50.2874076,26.8546513,
12:06:14.721,,,,,,,,,,,,,,,,,,,,,,,,,,,,,,,,,,0,0,,,,0,0,,0.05170516548538332,1.0557853760833333,3.97912,126.334803,8736.710347999999,0,-0.01,,,,,21.632249132540274,,,,20,99,,39,,,,,130,0,,,,,,,0,,50.2874076,26.8546513,
12:06:14.805,,,,,,,,,,,,,,,,,,,,0,5.882352941176471,100,,,,,,,,,,5.882352941176471,,,,,,,,,20,,,,,,,,,,,,,0,,,,,,,,,,,,0,,17.6470588235294,100,,,,,,50.2873248,26.8545652,
12:06:14.874,,,,,,,,,,,,,,,,,,,,,,,9.33352336352478,36.7422,672.9085331800001,9843.710692130002,0.09824761435289242,0.38676,8.703851000000002,121.28161400000002,0,,5.882352941176471,,,0,0,,,,,,,,,,,,9.305642659814387,9.719737027282415,6.889511673200616,1.3881839865249022,,,46,,,,33930,,12000,0,0,,130,0,33930,17.6470588235294,,,,,,0,50.2873248,26.8545652,
12:06:14.994,,,,,,,,,,,,,,,24,,,,,,,,,,,,,,,,,,,,,,,,,,,,,,,,,,,,,,,,,,,,,,,,,,,,,,,,,57,,,50.2873248,26.8545652,
12:06:15.041,,,,,,,,,,,,,,,,,,37.390625,,,,,,,,,,,,,,,,,,,,,,,,,,,,,,,,,,,,,,,,,,,,,,,,,,,,,,,,,50.2873248,26.8545652,
12:06:15.090,,,,,,,,,,,,,,,,2560,0.15625,,,,,,,,,,,,,,,,,,,,,,,,,,,,,,,,,,,,,,,,,,,,,,,,,,,,,,,,,,50.2873248,26.8545652,
12:06:15.233,,,,,,,,,350.33,60.5,,3.646,,,,,,,,,,,,,,,,,,,,,,,,,,,,,,,,,,,,,,,,,,,,,,,,,,,,7.264,,,,,,,,,,,50.2873248,26.8545652,
12:06:15.299,-31.449999999999818,,-30.449999999999818,,,,,,,,,,3.638,,,,,,,,,,,,,,,,,,,,,,,,,,,,,,,,,,,,,,,,,,,,,,,,,,,7.284,,,,,,,,,,,50.2873248,26.8545652,
12:06:15.337,,-28,,,,,,,,,,,,,,,,,,,,,,,,,,,,,,,,,,,,,,,,,,,,,,,,,,,,,,,,,,,,,,,,,,,,,,,,,50.2873248,26.8545652,
12:06:15.433,,,,,,,,,,,,,,,,,,,,,,,,,,,,,,,,,,,,,,,,,,,,,,,,,,,,,,,,64,,,,,,,,,130,,,,,,,,,,50.2873248,26.8545652,
12:06:15.493,,,,,,,,,,,,,,,,,,,,,,,,,,,,,,,,,,0,0,,,,0,0,,0.036222169457335966,1.0643586016388888,3.987693,126.343376,8736.718920999998,0,-0.01,,,,,21.712557954454056,,,,20,99,,40,,,,,130,0,,,,,,,0,,50.2873248,26.8545652,
12:06:15.582,,,,,,,,,,,,,,,,,,,,0,5.882352941176471,100,,,,,,,,,,5.882352941176471,,,,,,,,,16.862745098039216,,,,,,,,,,,,,0,,,,,,,,,,,,0,,17.6470588235294,100,,,,,,50.2873248,26.8545652,
12:06:15.706,,,,,,,,,,,,,,,,,,,,,,,9.33352336352478,36.7422,672.9085331800001,9843.710692130002,0.09824761435289242,0.38676,8.703851000000002,121.28161400000002,0,,5.882352941176471,,,0,0,,,,,,,,,,,,9.230687307981702,9.698840908766046,6.889044187009853,1.388182624354341,,,46,,,,33940,,12000,0,0,,130,0,33940,17.6470588235294,,,,,,0,50.2873248,26.8545652,
12:06:15.818,,,,,,,,,,,,,,,,,,,33,,,,,,,,,,,,,,,,,,,,,,,,,,,,,,,,,,,,,,,,,,,,,,,,,,,,,57,,,50.2872389,26.8544781,
12:06:16.070,,,,,,,,,,,,,,,24,,,,,,,,,,,,,,,,,,,,,,,,,,,,,,,,,,,,,,,,,,,,,,,,,,,,,,,,,57,,,50.2872389,26.8544781,
12:06:16.122,,,,,,,,,,,,,,,,,,-4.140625,,,,,,,,,,,,,,,,,,,,,,,,,,,,,,,,,,,,,,,,,,,,,,,,,,,,,,,,,50.2872389,26.8544781,
12:06:16.161,,,,,,,,,,,,,,,,-448,-0.03125,,,,,,,,,,,,,,,,,,,,,,,,,,,,,,,,,,,,,,,,,,,,,,,,,,,,,,,,,,50.2872389,26.8544781,
12:06:16.282,,,,,,,,,354.36,60.5,,3.701,,,,,,,,,,,,,,,,,,,,,,,,,,,,,,,,,,,,,,,,,,,,,,,,,,,,7.339,,,,,,,,,,,50.2872389,26.8544781,
12:06:16.345,1.050000000000182,,1,,,,,,,,,,3.69,,,,,,,,,,,,,,,,,,,,,,,,,,,,,,,,,,,,,,,,,,,,,,,,,,,7.391,,,,,,,,,,,50.2872389,26.8544781,
12:06:16.386,,1.050000000000182,,,,,,,,,,,,,,,,,,,,,,,,,,,,,,,,,,,,,,,,,,,,,,,,,,,,,,,,,,,,,,,,,,,,,,,,,50.2872389,26.8544781,
12:06:16.518,,,,,,,,,,,,,,,,,,,,,,,,,,,,,,,,,,0,0,,,,0,0,,0.024760612199497056,1.0757190560833332,3.999053,126.354736,8736.730280999998,0,-0.01,,,,,21.817900247021374,,,,20,99,,40,,,,,130,0,,,,,,,0,,50.2872389,26.8544781,
12:06:16.590,,,,,,,,,,,,,,,,,,,,0,5.882352941176471,100,,,,,,,,,,5.882352941176471,,,,,,,,,11.372549019607844,,,,,,,,,,,,,0,,,,,,,,,,,,0,,17.6470588235294,100,,,,,,50.2872389,26.8544781,
12:06:16.653,,,,,,,,,,,,,,,,,,,,,,,9.33352336352478,36.7422,672.9085331800001,9843.710692130002,0.09824761435289242,0.38676,8.703851000000002,121.28161400000002,0,,5.882352941176471,,,0,0,,,,,,,,,,,,9.133203859993852,9.671289677831227,6.888424823268992,1.388180819359325,,,46,,,,33960,,12000,0,0,,130,0,33960,17.6470588235294,,,,,,0,50.2872389,26.8544781,
12:06:16.755,,,,,,,,,,,,,,,24,,,,,,,,,,,,,,,,,,,,,,,,,,,,,,,,,,,,,,,,,,,,,,,,,,,,,,,,,57,,,50.2871526,26.8543902,
12:06:16.797,,,,,,,,,,,,,,,,,,-6.34375,,,,,,,,,,,,,,,,,,,,,,,,,,,,,,,,,,,,,,,,,,,,,,,,,,,,,,,,,50.2871526,26.8543902,
12:06:16.847,,,,,,,,,,,,,,,,-416,-0.03125,,,,,,,,,,,,,,,,,,,,,,,,,,,,,,,,,,,,,,,,,,,,,,,,,,,,,,,,,,50.2871526,26.8543902,
12:06:16.935,,,,-100,,,,,,,,,,,,,,,,,,,,,,,,,,,,,,,,,,,,,,,,,,,,,,,,,,,,,,,,,,,,,,,,,,,-34,,,,50.2871526,26.8543902,
12:06:17.065,,,,,,,,,355,60.5,,3.703,,,,,,,,,,,,,,,,,,,,,,,,,,,,,,,,,,,,,,,,,,,,,,,,,,,,7.393,,,,,,,,,,,50.2871526,26.8543902,
12:06:17.115,-1.25,,-2.1499999999998636,,,,,,,,,,3.695,,,,,,,,,,,,,,,,,,,,,,,,,,,,,,,,,,,,,,,,,,,,,,,,,,,7.398,,,,,,,,,,,50.2871526,26.8543902,
12:06:17.178,,-1.949999999999818,,,,,,,,,,,,,,,,,,,,,,,,,,,,,,,,,,,,,,,,,,,,,,,,,,,,,,,,,,,,,,,,,,,,,,,,,50.2871526,26.8543902,
12:06:17.334,,,,,,,,,,,,,,,,,,,,,,,,,,,,,,,,,,0,0,,,,0,0,,0.016242219368369774,1.084806834972222,4.008141,126.363824,8736.739368999999,0,-0.01,,,,,21.901298942395577,,,,20,99,,40,,,,,130,0,,,,,,,0,,50.2871526,26.8543902,
12:06:17.411,,,,,,,,,,,,,,,,,,,,0,5.882352941176471,100,,,,,,,,,,5.882352941176471,,,,,,,,,12.941176470588236,,,,,,,,,,,,,0,,,,,,,,,,,,0,,17.6470588235294,100,,,,,,50.2871526,26.8543902,
12:06:17.477,,,,,,,,,,,,,,,,,,,,,,,9.33352336352478,36.7422,672.9085331800001,9843.710692130002,0.09824761435289242,0.38676,8.703851000000002,121.28161400000002,0,,5.882352941176471,,,0,0,,,,,,,,,,,,9.05669204742872,9.649361137744405,6.887929412455896,1.3881793753666918,,,46,,,,33970,,12000,0,0,,130,0,33970,17.6470588235294,,,,,,0,50.2871526,26.8543902,
12:06:17.602,,,,,,,,,,,,,,,24,,,,,,,,,,,,,,,,,,,,,,,,,,,,,,,,,,,,,,,,,,,,,,,,,,,,,,,,,57,,,50.2871526,26.8543902,
12:06:17.686,,,,,,,,,,,,,,,,,,8.59375,,,,,,,,,,,,,,,,,,,,,,,,,,,,,,,,,,,,,,,,,,,,,,,,,,,,,,,,,50.2871526,26.8543902,
12:06:17.770,,,,,,,,,,,,,,,,768,0.046875,,,,,,,,,,,,,,,,,,,,,,,,,,,,,,,,,,,,,,,,,,,,,,,,,,,,,,,,,,50.287067,26.8543046,
12:06:17.949,,,,,,,,,353.71,60.5,,3.69,,,,,,,,,,,,,,,,,,,,,,,,,,,,,,,,,,,,,,,,,,,,,,,,,,,,7.385,,,,,,,,,,,50.287067,26.8543046,
12:06:18.006,-10.5,,-9.699999999999818,,,,,,,,,,3.682,,,,,,,,,,,,,,,,,,,,,,,,,,,,,,,,,,,,,,,,,,,,,,,,,,,7.372,,,,,,,,,,,50.287067,26.8543046,
12:06:18.053,,-11.149999999999864,,,,,,,,,,,,,,,,,,,,,,,,,,,,,,,,,,,,,,,,,,,,,,,,,,,,,,,,,,,,,,,,,,,,,,,,,50.287067,26.8543046,
12:06:18.186,,,,,,,,,,,,,,,,,,,,,,,,,,,,,,,,,,0,0,,,,0,0,,0.008175509409262238,1.0942668505277775,4.017601,126.373284,8736.748828999998,0,-0.01,,,,,21.98730479781846,,,,20,99,,40,,,,,130,0,,,,,,,0,,50.287067,26.8543046,
12:06:18.253,,,,,,,,,,,,,,,,,,,,0,5.882352941176471,100,,,,,,,,,,5.882352941176471,,,,,,,,,16.07843137254902,,,,,,,,,,,,,0,,,,,,,,,,,,0,,17.6470588235294,100,,,,,,50.287067,26.8543046,
12:06:18.317,,,,,,,,,,,,,,,,,,,,,,,9.33352336352478,36.7422,672.9085331800001,9843.710692130002,0.09824761435289242,0.38676,8.703851000000002,121.28161400000002,0,,5.882352941176471,,,0,0,,,,,,,,,,,,8.978396293875344,9.626640375686884,6.88741379863168,1.388177872270157,,,46,,,,33980,,12000,0,0,,130,0,33980,17.6470588235294,,,,,,0,50.287067,26.8543046,
12:06:18.458,,,,,,,,,,,,,,,24,,,,,,,,,,,,,,,,,,,,,,,,,,,,,,,,,,,,,,,,,,,,,,,,,,,,,,,,,57,,,50.287067,26.8543046,
12:06:18.495,,,,,,,,,,,,,,,,,,20.015625,,,,,,,,,,,,,,,,,,,,,,,,,,,,,,,,,,,,,,,,,,,,,,,,,,,,,,,,,50.287067,26.8543046,
12:06:18.533,,,,,,,,,,,,,,,,1120,0.0625,,,,,,,,,,,,,,,,,,,,,,,,,,,,,,,,,,,,,,,,,,,,,,,,,,,,,,,,,,50.287067,26.8543046,
12:06:18.631,,,,,,17,16,16,,,,,,,,,,,,,,,,,,,,,,,,,,,,,,,,,,,,,,,,,,,,,,,,,,,,,,,,,,,,,,,-34,,,,50.287067,26.8543046,
12:06:18.694,,,,,17,,,,,,62.5,,,63.75,,,,,,,,,,,,,,,,,,,,,,,,,,,,,,,,,,,,,,,,,,,,,,,,,,,,,,,,125.25,-34,,,,50.287067,26.8543046,
12:06:18.754,,,,,,,,,353.07,60.5,,3.679,,,,,,,,,,,,,,,,,,,,,,,,,,,,,,,,,,,,,,,,,,,,,,,,,,,,7.361,,,,,,,,,,,50.2869825,26.8542196,
12:06:18.830,-24.75,,-26.299999999999955,,,,,,,,,,3.657,,,,,,,,,,,,,,,,,,,,,,,,,,,,,,,,,,,,,,,,,,,,,,,,,,,7.336,,,,,,,,,,,50.2869825,26.8542196,
12:06:18.881,,-27.59999999999991,,,,,,,,,,,,,,,,,,,,,,,,,,,,,,,,,,,,,,,,,,,,,,,,,,,,,,,,,,,,,,,,,,,,,,,,,50.2869825,26.8542196,
12:06:18.994,,,,,,,,,,,,,,,,,,,,,,,,,,,,,,,,,,0,0,,,,0,0,,0,1.103249416083333,4.026584,126.382267,8736.757811999998,0,-0.01,,,,,22.068216742394508,,,,20,99,,40,,,,,130,0,,,,,,,0,,50.2869825,26.8542196,
12:06:19.073,,,,,,,,,,,,,,,,,,,,0,5.882352941176471,100,,,,,,,,,,5.882352941176471,,,,,,,,,17.254901960784313,,,,,,,,,,,,,0,,,,,,,,,,,,0,,17.6470588235294,100,,,,,,50.2869825,26.8542196,
12:06:19.158,,,,,,,,,,,,,,,,,,,,,,,9.33352336352478,36.7422,672.9085331800001,9843.710692130002,0.09824761435289242,0.38676,8.703851000000002,121.28161400000002,0,,5.882352941176471,,,0,0,,,,,,,,,,,,8.905294933369026,9.605164079527462,6.886924254966879,1.3881764449670206,,,46,,,,34000,,12000,0,0,,130,0,34000,17.6470588235294,,,,,,0,50.2869825,26.8542196,
12:06:19.295,,,,,,,,,,,,,,,24,,,,,,,,,,,,,,,,,,,,,,,,,,,,,,,,,,,,,,,,,,,,,,,,,,,,,,,,,57,,,50.2869825,26.8542196,
12:06:19.333,,,,,,,,,,,,,,,,,,30.1875,,,,,,,,,,,,,,,,,,,,,,,,,,,,,,,,,,,,,,,,,,,,,,,,,,,,,,,,,50.2869825,26.8542196,
12:06:19.369,,,,,,,,,,,,,,,,1952,0.109375,,,,,,,,,,,,,,,,,,,,,,,,,,,,,,,,,,,,,,,,,,,,,,,,,,,,,,,,,,50.2869825,26.8542196,
12:06:19.502,,,,,,,,,351.78000000000003,60.5,,3.663,,,,,,,,,,,,,,,,,,,,,,,,,,,,,,,,,,,,,,,,,,,,,,,,,,,,7.32,,,,,,,,,,,50.2869825,26.8542196,
12:06:19.590,-27.149999999999864,,-27.899999999999864,,,,,,,,,,3.651,,,,,,,,,,,,,,,,,,,,,,,,,,,,,,,,,,,,,,,,,,,,,,,,,,,7.314,,,,,,,,,,,50.2869825,26.8542196,
12:06:19.690,,-26.75,,,,,,,,,,,,,,,,,,,,,,,,,,,,,,,,,,,,,,,,,,,,,,,,,,,,,,,,,,,,,,,,,,,,,,,,,50.2869825,26.8542196,
12:06:19.850,,,,,,,,,,,,,,,,,,,,,,,,,,,,,,,,,,,,,,,,,,,,,,,,,,,,,,,,64,,,,,,,,,130,,,,,,,,,,50.2868971,26.8541333,
12:06:19.909,,,,,,,,,,,,,,,,,,,,,,,,,,,,,,,,,,0,0,,,,0,0,,0,1.1134020949722219,4.036737,126.39242,8736.767965,0,-0.01,,,,,22.158797991270237,,,,20,99,,40,,,,,130,0,,,,,,,0,,50.2868971,26.8541333,
12:06:19.970,,,,,,,,,,,,,,,,,,,,0,5.882352941176471,100,,,,,,,,,,5.882352941176471,,,,,,,,,17.254901960784313,,,,,,,,,,,,,0,,,,,,,,,,,,0,,17.6470588235294,100,,,,,,50.2868971,26.8541333,
12:06:20.045,,,,,,,,,,,,,,,,,,,,,,,9.33352336352478,36.7422,672.9085331800001,9843.710692130002,0.09824761435289242,0.38676,8.703851000000002,121.28161400000002,0,,5.882352941176471,,,0,0,,,,,,,,,,,,8.824091026642408,9.581005648869374,6.886371033959159,1.3881748317668643,,,46,,,,34010,,12000,0,0,,130,0,34010,17.6470588235294,,,,,,0,50.2868971,26.8541333,
12:06:20.153,,,,,,,,,,,,,,,24,,,,,,,,,,,,,,,,,,,,,,,,,,,,,,,,,,,,,,,,,,,,,,,,,,,,,,,,,57,,,50.2868971,26.8541333,
12:06:20.202,,,,,,,,,,,,,,,,,,28.53125,,,,,,,,,,,,,,,,,,,,,,,,,,,,,,,,,,,,,,,,,,,,,,,,,,,,,,,,,50.2868971,26.8541333,
12:06:20.238,,,,,,,,,,,,,,,,1824,0.109375,,,,,,,,,,,,,,,,,,,,,,,,,,,,,,,,,,,,,,,,,,,,,,,,,,,,,,,,,,50.2868971,26.8541333,
12:06:20.381,,,,,,,,,351.62,60,,3.665,,,,,,,,,,,,,,,,,,,,,,,,,,,,,,,,,,,,,,,,,,,,,,,,,,,,7.316,,,,,,,,,,,50.2868971,26.8541333,
12:06:20.442,-24.549999999999955,,-24.199999999999818,,,,,,,,,,3.655,,,,,,,,,,,,,,,,,,,,,,,,,,,,,,,,,,,,,,,,,,,,,,,,,,,7.32,,,,,,,,,,,50.2868971,26.8541333,
12:06:20.494,,-23.75,,,,,,,,,,,,,,,,,,,,,,,,,,,,,,,,,,,,,,,,,,,,,,,,,,,,,,,,,,,,,,,,,,,,,,,,,50.2868971,26.8541333,
12:06:20.614,,,,,,,,,,,,,,,,,,,,,,,,,,,,,,,,,,0,0,,,,0,0,,0.008634803977518592,1.1214416016111108,4.044777,126.40046,8736.776004999998,0,-0.01,,,,,22.23203941675027,,,,20,99,,41,,,,,130,0,,,,,,,0,,50.2868971,26.8541333,
12:06:20.710,,,,,,,,,,,,,,,,,,,,0,5.882352941176471,100,,,,,,,,,,5.882352941176471,,,,,,,,,14.509803921568627,,,,,,,,,,,,,0,,,,,,,,,,,,0,,17.6470588235294,100,,,,,,50.2868971,26.8541333,
12:06:20.785,,,,,,,,,,,,,,,,,,,,,,,9.33352336352478,36.7422,672.9085331800001,9843.710692130002,0.09824761435289242,0.38676,8.703851000000002,121.28161400000002,0,,5.882352941176471,,,0,0,,,,,,,,,,,,8.760831969470877,9.561961017875646,6.885933010053921,1.3881735543018543,,,46,,,,34020,,12000,0,0,,130,0,34020,17.6470588235294,,,,,,0,50.2868108,26.8540453,
12:06:20.917,,,,,,,,,,,,,,,24,,,,,,,,,,,,,,,,,,,,,,,,,,,,,,,,,,,,,,,,,,,,,,,,,,,,,,,,,57,,,50.2868108,26.8540453,
12:06:20.954,,,,,,,,,,,,,,,,,,4.421875,,,,,,,,,,,,,,,,,,,,,,,,,,,,,,,,,,,,,,,,,,,,,,,,,,,,,,,,,50.2868108,26.8540453,
12:06:21.013,,,,,,,,,,,,,,,,224,0,,,,,,,,,,,,,,,,,,,,,,,,,,,,,,,,,,,,,,,,,,,,,,,,,,,,,,,,,,50.2868108,26.8540453,
12:06:21.125,,,,,,,,,353.39,60,,3.693,,,,,,,,,,,,,,,,,,,,,,,,,,,,,,,,,,,,,,,,,,,,,,,,,,,,7.348,,,,,,,,,,,50.2868108,26.8540453,
12:06:21.186,-4,,-3.849999999999909,,,,,,,,,,3.688,,,,,,,,,,,,,,,,,,,,,,,,,,,,,,,,,,,,,,,,,,,,,,,,,,,7.381,,,,,,,,,,,50.2868108,26.8540453,
12:06:21.225,,-3.449999999999818,,,,,,,,,,,,,,,,,,,,,,,,,,,,,,,,,,,,,,,,,,,,,,,,,,,,,,,,,,,,,,,,,,,,,,,,,50.2868108,26.8540453,
12:06:21.362,,,,,,,,,,,,,,,,,,,,,,,,,,,,,,,,,,0,0,,,,0,0,,0.008918158006813148,1.129955741333333,4.053291,126.408974,8736.784518999999,0,-0.01,,,,,22.308986543426567,,,,20,99,,41,,,,,130,0,,,,,,,0,,50.2868108,26.8540453,
12:06:21.449,,,,,,,,,,,,,,,,,,,,0,5.882352941176471,100,,,,,,,,,,5.882352941176471,,,,,,,,,12.941176470588236,,,,,,,,,,,,,0,,,,,,,,,,,,0,,17.6470588235294,100,,,,,,50.2868108,26.8540453,
12:06:21.558,,,,,,,,,,,,,,,,,,,,,,,9.33352336352478,36.7422,672.9085331800001,9843.710692130002,0.09824761435289242,0.38676,8.703851000000002,121.28161400000002,0,,5.882352941176471,,,0,0,,,,,,,,,,,,8.69481969594327,9.541875971895431,6.885469223094875,1.3881722015261715,,,46,,,,34030,,12000,0,0,,130,0,34030,17.6470588235294,,,,,,0,50.2868108,26.8540453,
12:06:21.754,,,,,,,,,,,,,,,24,,,,,,,,,,,,,,,,,,,,,,,,,,,,,,,,,,,,,,,,,,,,,,,,,,,,,,,,,57,,,50.2867244,26.8539568,
12:06:21.805,,,,,,,,,,,,,,,,,,-6.390625,,,,,,,,,,,,,,,,,,,,,,,,,,,,,,,,,,,,,,,,,,,,,,,,,,,,,,,,,50.2867244,26.8539568,
12:06:21.854,,,,,,,,,,,,,,,,-160,-0.015625,,,,,,,,,,,,,,,,,,,,,,,,,,,,,,,,,,,,,,,,,,,,,,,,,,,,,,,,,,50.2867244,26.8539568,
12:06:21.985,,,,,,,,,356.93,60,,3.709,,,,,,,,,,,,,,,,,,,,,,,,,,,,,,,,,,,,,,,,,,,,,,,,,,,,7.397,,,,,,,,,,,50.2867244,26.8539568,
12:06:22.050,2.550000000000182,,3.150000000000091,,,,,,,,,,3.702,,,,,,,,,,,,,,,,,,,,,,,,,,,,,,,,,,,,,,,,,,,,,,,,,,,7.411,,,,,,,,,,,50.2867244,26.8539568,
12:06:22.093,,3.400000000000091,,,,,,,,,,,,,,,,,,,,,,,,,,,,,,,,,,,,,,,,,,,,,,,,,,,,,,,,,,,,,,,,,,,,,,,,,50.2867244,26.8539568,
12:06:22.214,,,,,,,,,,,,,,,,,,,,,,,,,,,,,,,,,,0,0,,,,0,0,,,1.139432781333333,4.062768,126.418451,8736.793995999999,0,-0.01,,,,,22.391354271402435,,,,20,99,,40,,,,,130,0,,,,,,,0,,50.2867244,26.8539568,
12:06:22.300,,,,,,,,,,,,,,,,,,,,0,5.882352941176471,100,,,,,,,,,,5.882352941176471,,,,,,,,,11.372549019607844,,,,,,,,,,,,,0,,,,,,,,,,,,0,,17.6470588235294,100,,,,,,50.2867244,26.8539568,
12:06:22.373,,,,,,,,,,,,,,,,,,,,,,,9.33352336352478,36.7422,672.9085331800001,9843.710692130002,0.09824761435289242,0.38676,8.703851000000002,121.28161400000002,0,,5.882352941176471,,,0,0,,,,,,,,,,,,8.62250199945325,9.519618151959452,6.884953051671232,1.3881706957440783,,,46,,,,34050,,12000,0,0,,130,0,34050,17.6470588235294,,,,,,0,50.2867244,26.8539568,
12:06:22.446,,,,,,,,,,,,,,,,,,,34,,,,,,,,,,,,,,,,,,,,,,,,,,,,,,,,,,,,,,,,,,,,,,,,,,,,,58,,,50.2867244,26.8539568,
12:06:22.529,,,,,,,,,,,,,,,24,,,,,,,,,,,,,,,,,,,,,,,,,,,,,,,,,,,,,,,,,,,,,,,,,,,,,,,,,58,,,50.2867244,26.8539568,
12:06:22.566,,,,,,,,,,,,,,,,,,-6.265625,,,,,,,,,,,,,,,,,,,,,,,,,,,,,,,,,,,,,,,,,,,,,,,,,,,,,,,,,50.2867244,26.8539568,
12:06:22.601,,,,,,,,,,,,,,,,-224,-0.015625,,,,,,,,,,,,,,,,,,,,,,,,,,,,,,,,,,,,,,,,,,,,,,,,,,,,,,,,,,50.2867244,26.8539568,
12:06:22.730,,,,,,,,,355,60,,3.714,,,,,,,,,,,,,,,,,,,,,,,,,,,,,,,,,,,,,,,,,,,,,,,,,,,,7.416,,,,,,,,,,,50.2866384,26.853871,
12:06:22.778,1.550000000000182,,1.8500000000001364,,,,,,,,,,3.704,,,,,,,,,,,,,,,,,,,,,,,,,,,,,,,,,,,,,,,,,,,,,,,,,,,7.418,,,,,,,,,,,50.2866384,26.853871,
12:06:22.821,,2.1000000000001364,,,,,,,,,,,,,,,,,,,,,,,,,,,,,,,,,,,,,,,,,,,,,,,,,,,,,,,,,,,,,,,,,,,,,,,,,50.2866384,26.853871,
12:06:22.940,,,,,,,,,,,,,,,,,,,,,,,,,,,,,,,,,,0,0,,,,0,0,,0,1.147490412444444,4.070826,126.426509,8736.802053999998,0,-0.01,,,,,22.460784597146255,,,,20,99,,40,,,,,130,0,,,,,,,0,,50.2866384,26.853871,
12:06:23.003,,,,,,,,,,,,,,,,,,,,0,5.882352941176471,100,,,,,,,,,,5.882352941176471,,,,,,,,,11.764705882352942,,,,,,,,,,,,,0,,,,,,,,,,,,0,,17.6470588235294,100,,,,,,50.2866384,26.853871,
12:06:23.077,,,,,,,,,,,,,,,,,,,,,,,9.33352336352478,36.7422,672.9085331800001,9843.710692130002,0.09824761435289242,0.38676,8.703851000000002,121.28161400000002,0,,5.882352941176471,,,0,0,,,,,,,,,,,,8.561955140313566,9.500774535683913,6.884514227945662,1.388169415426704,,,46,,,,34060,,12000,0,0,,130,0,34060,17.6470588235294,,,,,,0,50.2866384,26.853871,
12:06:23.333,,,,,,,,,,,,,,,24,,,,,,,,,,,,,,,,,,,,,,,,,,,,,,,,,,,,,,,,,,,,,,,,,,,,,,,,,58,,,50.2866384,26.853871,
12:06:23.371,,,,,,,,,,,,,,,,,,-0.796875,,,,,,,,,,,,,,,,,,,,,,,,,,,,,,,,,,,,,,,,,,,,,,,,,,,,,,,,,50.2866384,26.853871,
12:06:23.421,,,,,,,,,,,,,,,,-32,-0.015625,,,,,,,,,,,,,,,,,,,,,,,,,,,,,,,,,,,,,,,,,,,,,,,,,,,,,,,,,,50.2866384,26.853871,
12:06:23.553,,,,,,,,,355.64,60,,3.707,,,,,,,,,,,,,,,,,,,,,,,,,,,,,,,,,,,,,,,,,,,,,,,,,,,,7.411,,,,,,,,,,,50.2866384,26.853871,
12:06:23.613,-2.3999999999998636,,-2.3999999999998636,,,,,,,,,,3.7,,,,,,,,,,,,,,,,,,,,,,,,,,,,,,,,,,,,,,,,,,,,,,,,,,,7.407,,,,,,,,,,,50.2866384,26.853871,
12:06:23.674,,-1.099999999999909,,,,,,,,,,,,,,,,,,,,,,,,,,,,,,,,,,,,,,,,,,,,,,,,,,,,,,,,,,,,,,,,,,,,,,,,,50.2866384,26.853871,
12:06:23.773,,,,,,,,,,,,,,,,,,,,,,,,,,,,,,,,,,,,,,,,,,,,,,,,,,,,,,,,64,,,,,,,,,130,,,,,,,,,,50.286553,26.8537865,
12:06:23.834,,,,,,,,,,,,,,,,,,,,,,,,,,,,,,,,,,0,0,,,,0,0,,-0.008797390075756983,1.1574184768888884,4.080754,126.436437,8736.811982,0,-0.01,,,,,22.545582636325943,,,,20,99,,40,,,,,130,0,,,,,,,0,,50.286553,26.8537865,
12:06:23.894,,,,,,,,,,,,,,,,,,,,0,5.882352941176471,100,,,,,,,,,,5.882352941176471,,,,,,,,,12.549019607843137,,,,,,,,,,,,,0,,,,,,,,,,,,0,,17.6470588235294,100,,,,,,50.286553,26.8537865,
12:06:23.970,,,,,,,,,,,,,,,,,,,,,,,9.33352336352478,36.7422,672.9085331800001,9843.710692130002,0.09824761435289242,0.38676,8.703851000000002,121.28161400000002,0,,5.882352941176471,,,0,0,,,,,,,,,,,,8.488512695682855,9.477660255923293,6.88397364440126,1.3881678379925109,,,46,,,,34070,,12000,0,0,,130,0,34070,17.6470588235294,,,,,,0,50.286553,26.8537865,
12:06:24.110,,,,,,,,,,,,,,,24,,,,,,,,,,,,,,,,,,,,,,,,,,,,,,,,,,,,,,,,,,,,,,,,,,,,,,,,,58,,,50.286553,26.8537865,
12:06:24.145,,,,,,,,,,,,,,,,,,0.15625,,,,,,,,,,,,,,,,,,,,,,,,,,,,,,,,,,,,,,,,,,,,,,,,,,,,,,,,,50.286553,26.8537865,
12:06:24.193,,,,,,,,,,,,,,,,0,0,,,,,,,,,,,,,,,,,,,,,,,,,,,,,,,,,,,,,,,,,,,,,,,,,,,,,,,,,,50.286553,26.8537865,
12:06:24.338,,,,,,,,,354.52,60,,3.709,,,,,,,,,,,,,,,,,,,,,,,,,,,,,,,,,,,,,,,,,,,,,,,,,,,,7.409,,,,,,,,,,,50.286553,26.8537865,
12:06:24.402,-2.6499999999998636,,-2.6499999999998636,,,,,,,,,,3.7,,,,,,,,,,,,,,,,,,,,,,,,,,,,,,,,,,,,,,,,,,,,,,,,,,,7.409,,,,,,,,,,,50.286553,26.8537865,
12:06:24.441,,-2.1499999999998636,,,,,,,,,,,,,,,,,,,,,,,,,,,,,,,,,,,,,,,,,,,,,,,,,,,,,,,,,,,,,,,,,,,,,,,,,50.286553,26.8537865,
12:06:24.573,,,,,,,,,,,,,,,,,,,,,,,,,,,,,,,,,,0,0,,,,0,0,,-0.017641558479075833,1.1654316303055552,4.088767,126.44445,8736.819994999998,0,-0.01,,,,,22.61117566778014,,,,20,99,,39,,,,,130,0,,,,,,,0,,50.286553,26.8537865,
12:06:24.674,,,,,,,,,,,,,,,,,,,,0,5.882352941176471,100,,,,,,,,,,5.882352941176471,,,,,,,,,12.549019607843137,,,,,,,,,,,,,0,,,,,,,,,,,,0,,17.6470588235294,100,,,,,,50.286553,26.8537865,
12:06:24.761,,,,,,,,,,,,,,,,,,,,,,,9.33352336352478,36.7422,672.9085331800001,9843.710692130002,0.09824761435289242,0.38676,8.703851000000002,121.28161400000002,0,,5.882352941176471,,,0,0,,,,,,,,,,,,8.430148264221527,9.459086321132999,6.88353739527516,1.3881665648303203,,,46,,,,34080,,12000,0,0,,130,0,34080,17.6470588235294,,,,,,0,50.2864685,26.8537008,
12:06:24.893,,,,,,,,,,,,,,,24,,,,,,,,,,,,,,,,,,,,,,,,,,,,,,,,,,,,,,,,,,,,,,,,,,,,,,,,,58,,,50.2864685,26.8537008,
12:06:24.934,,,,,,,,,,,,,,,,,,3.25,,,,,,,,,,,,,,,,,,,,,,,,,,,,,,,,,,,,,,,,,,,,,,,,,,,,,,,,,50.2864685,26.8537008,
12:06:24.971,,,,,,,,,,,,,,,,-32,-0.015625,,,,,,,,,,,,,,,,,,,,,,,,,,,,,,,,,,,,,,,,,,,,,,,,,,,,,,,,,,50.2864685,26.8537008,
12:06:25.173,,,,-100,,,,,,,,,,,,,,,,,,,,,,,,,,,,,,,,,,,,,,,,,,,,,,,,,,,,,,,,,,,,,,,,,,,-34,,,,50.2864685,26.8537008,
12:06:25.354,,,,,17,,,,,,62.5,,,63.75,,,,,,,,,,,,,,,,,,,,,,,,,,,,,,,,,,,,,,,,,,,,,,,,,,,,,,,,126.25,-34,,,,50.2864685,26.8537008,
12:06:25.422,,,,,,,,,355.16,60,,3.708,,,,,,,,,,,,,,,,,,,,,,,,,,,,,,,,,,,,,,,,,,,,,,,,,,,,7.408,,,,,,,,,,,50.2864685,26.8537008,
12:06:25.493,-1.699999999999818,,-0.75,,,,,,,,,,3.702,,,,,,,,,,,,,,,,,,,,,,,,,,,,,,,,,,,,,,,,,,,,,,,,,,,7.41,,,,,,,,,,,50.2864685,26.8537008,
12:06:25.542,,0.8500000000001364,,,,,,,,,,,,,,,,,,,,,,,,,,,,,,,,,,,,,,,,,,,,,,,,,,,,,,,,,,,,,,,,,,,,,,,,,50.2864685,26.8537008,
12:06:25.662,,,,,,,,,,,,,,,,,,,,,,,,,,,,,,,,,,0,0,,,,0,0,,-0.008217108051700266,1.177228066472222,4.100563,126.456246,8736.831790999999,0,-0.01,,,,,22.706791360765646,,,,20,99,,39,,,,,130,0,,,,,,,0,,50.2864685,26.8537008,
12:06:25.737,,,,,,,,,,,,,,,,,,,,0,5.882352941176471,100,,,,,,,,,,5.882352941176471,,,,,,,,,11.372549019607844,,,,,,,,,,,,,0,,,,,,,,,,,,0,,17.6470588235294,100,,,,,,50.2863851,26.8536154,
12:06:25.813,,,,,,,,,,,,,,,,,,,,,,,9.33352336352478,36.7422,672.9085331800001,9843.710692130002,0.09824761435289242,0.38676,8.703851000000002,121.28161400000002,0,,5.882352941176471,,,0,0,,,,,,,,,,,,8.3456738036589,9.431875574158964,6.882895290122722,1.3881646906025462,,,46,,,,34100,,12000,0,0,,130,0,34100,17.6470588235294,,,,,,0,50.2863851,26.8536154,
12:06:25.962,,,,,,,,,,,,,,,24,,,,,,,,,,,,,,,,,,,,,,,,,,,,,,,,,,,,,,,,,,,,,,,,,,,,,,,,,58,,,50.2863851,26.8536154,
12:06:26.000,,,,,,,,,,,,,,,,,,-50.6875,,,,,,,,,,,,,,,,,,,,,,,,,,,,,,,,,,,,,,,,,,,,,,,,,,,,,,,,,50.2863851,26.8536154,
12:06:26.038,,,,,,,,,,,,,,,,-3360,-0.21875,,,,,,,,,,,,,,,,,,,,,,,,,,,,,,,,,,,,,,,,,,,,,,,,,,,,,,,,,,50.2863851,26.8536154,
12:06:26.166,,,,,,,,,363.05,60,,3.776,,,,,,,,,,,,,,,,,,,,,,,,,,,,,,,,,,,,,,,,,,,,,,,,,,,,7.478,,,,,,,,,,,50.2863851,26.8536154,
12:06:26.229,37.15000000000009,,-1600,,,,,,,,,,3.765,,,,,,,,,,,,,,,,,,,,,,,,,,,,,,,,,,,,,,,,,,,,,,,,,,,7.541,,,,,,,,,,,50.2863851,26.8536154,
12:06:26.269,,39.30000000000018,,,,,,,,,,,,,,,,,,,,,,,,,,,,,,,,,,,,,,,,,,,,,,,,,,,,,,,,,,,,,,,,,,,,,,,,,50.2863851,26.8536154,
12:06:26.429,,,,,,,,,,,,,,,,,,,,,,,,,,,,,,,,,,0,0,,,,0,0,,-0.016239552413804398,1.185324213472222,4.108659,126.464342,8736.839886999998,0,-0.01,,,,,22.76938172570087,,,,20,99,,38,,,,,130,0,,,,,,,0,,50.2863851,26.8536154,
12:06:26.518,,,,,,,,,,,,,,,,,,,,0,5.882352941176471,100,,,,,,,,,,5.882352941176471,,,,,,,,,0,,,,,,,,,,,,,0,,,,,,,,,,,,0,,17.6470588235294,100,,,,,,50.2863851,26.8536154,
12:06:26.605,,,,,,,,,,,,,,,,,,,,,,,9.33352336352478,36.7422,672.9085331800001,9843.710692130002,0.09824761435289242,0.38676,8.703851000000002,121.28161400000002,0,,5.882352941176471,,,0,0,,,,,,,,,,,,8.288670157601134,9.413290321732712,6.8824546606188814,1.3881634042585729,,,46,,,,34120,,12000,0,0,,130,0,34120,17.6470588235294,,,,,,0,50.2863851,26.8536154,
12:06:26.741,,,,,,,,,,,,,,,24,,,,,,,,,,,,,,,,,,,,,,,,,,,,,,,,,,,,,,,,,,,,,,,,,,,,,,,,,58,,,50.2863046,26.8535323,
12:06:26.782,,,,,,,,,,,,,,,,,,-72.125,,,,,,,,,,,,,,,,,,,,,,,,,,,,,,,,,,,,,,,,,,,,,,,,,,,,,,,,,50.2863046,26.8535323,
12:06:26.829,,,,,,,,,,,,,,,,-4544,-0.28125,,,,,,,,,,,,,,,,,,,,,,,,,,,,,,,,,,,,,,,,,,,,,,,,,,,,,,,,,,50.2863046,26.8535323,
12:06:27.106,,,,,,17,16,16,,,,,,,,,,,,,,,,,,,,,,,,,,,,,,,,,,,,,,,,,,,,,,,,,,,,,,,,,,,,,,,-34,,,,50.2863046,26.8535323,
12:06:27.165,,,,,,,,,364.98,60.5,,3.795,,,,,,,,,,,,,,,,,,,,,,,,,,,,,,,,,,,,,,,,,,,,,,,,,,,,7.56,,,,,,,,,,,50.2863046,26.8535323,
12:06:27.225,43.55000000000018,,-1600,,,,,,,,,,3.787,,,,,,,,,,,,,,,,,,,,,,,,,,,,,,,,,,,,,,,,,,,,,,,,,,,7.582,,,,,,,,,,,50.2863046,26.8535323,
12:06:27.261,,43.15000000000009,,,,,,,,,,,,,,,,,,,,,,,,,,,,,,,,,,,,,,,,,,,,,,,,,,,,,,,,,,,,,,,,,,,,,,,,,50.2863046,26.8535323,
12:06:27.385,,,,,,,,,,,,,,,,,,,,,,,,,,,,,,,,,,0,0,,,,0,0,,-0.03988685235413037,1.194621198333333,4.117956,126.473639,8736.849183999999,0,-0.01,,,,,22.831472373904564,,,,20,99,,35,,,,,130,0,,,,,,,0,,50.2863046,26.8535323,
12:06:27.474,,,,,,,,,,,,,,,,,,,,0,5.882352941176471,100,,,,,,,,,,5.882352941176471,,,,,,,,,0,,,,,,,,,,,,,0,,,,,,,,,,,,0,,17.6470588235294,100,,,,,,50.2863046,26.8535323,
12:06:27.542,,,,,,,,,,,,,,,,,,,,,,,9.33352336352478,36.7422,672.9085331800001,9843.710692130002,0.09824761435289242,0.38676,8.703851000000002,121.28161400000002,0,,5.882352941176471,,,0,0,,,,,,,,,,,,8.224164654868158,9.392038185934963,6.881948735578014,1.3881619270950214,,,47,,,,34130,,12000,0,0,,131,0,34130,17.6470588235294,,,,,,0,50.2863046,26.8535323,
12:06:27.655,,,,,,,,,,,,,,,24,,,,,,,,,,,,,,,,,,,,,,,,,,,,,,,,,,,,,,,,,,,,,,,,,,,,,,,,,58,,,50.2863046,26.8535323,
12:06:27.693,,,,,,,,,,,,,,,,,,-73.78125,,,,,,,,,,,,,,,,,,,,,,,,,,,,,,,,,,,,,,,,,,,,,,,,,,,,,,,,,50.2863046,26.8535323,
12:06:27.734,,,,,,,,,,,,,,,,-4640,-0.296875,,,,,,,,,,,,,,,,,,,,,,,,,,,,,,,,,,,,,,,,,,,,,,,,,,,,,,,,,,50.2862298,26.8534557,
12:06:27.894,,,,,,,,,364.34000000000003,60.5,,3.799,,,,,,,,,,,,,,,,,,,,,,,,,,,,,,,,,,,,,,,,,,,,,,,,,,,,7.586,,,,,,,,,,,50.2862298,26.8534557,
12:06:27.954,40.15000000000009,,-1600,,,,,,,,,,3.787,,,,,,,,,,,,,,,,,,,,,,,,,,,,,,,,,,,,,,,,,,,,,,,,,,,7.586,,,,,,,,,,,50.2862298,26.8534557,
12:06:27.993,,39.5,,,,,,,,,,,,,,,,,,,,,,,,,,,,,,,,,,,,,,,,,,,,,,,,,,,,,,,,,,,,,,,,,,,,,,,,,50.2862298,26.8534557,
12:06:28.093,,,,,,,,,,,,,,,,,,,,,,,,,,,,,,,,,,,,,,,,,,,,,,,,,,,,,,,,64,,,,,,,,,131,,,,,,,,,,50.2862298,26.8534557,
12:06:28.153,,,,,,,,,,,,,,,,,,,,,,,,,,,,,,,,,,0,0,,,,0,0,,-0.04746968989447904,1.201660552083333,4.124995,126.480678,8736.856222999999,0,-0.01,,,,,22.872759407507534,,,,20,99,,33,,,,,131,0,,,,,,,0,,50.2862298,26.8534557,
12:06:28.242,,,,,,,,,,,,,,,,,,,,0,5.882352941176471,100,,,,,,,,,,5.882352941176471,,,,,,,,,0,,,,,,,,,,,,,0,,,,,,,,,,,,0,,17.6470588235294,100,,,,,,50.2862298,26.8534557,
12:06:28.330,,,,,,,,,,,,,,,,,,,,,,,9.33352336352478,36.7422,672.9085331800001,9843.710692130002,0.09824761435289242,0.38676,8.703851000000002,121.28161400000002,0,,5.882352941176471,,,0,0,,,,,,,,,,,,8.175987318761473,9.37601136486226,6.881565736072353,1.3881608086982484,,,47,,,,34140,,12000,0,0,,131,0,34140,17.6470588235294,,,,,,0,50.2862298,26.8534557,
12:06:28.485,,,,,,,,,,,,,,,24,,,,,,,,,,,,,,,,,,,,,,,,,,,,,,,,,,,,,,,,,,,,,,,,,,,,,,,,,58,,,50.2862298,26.8534557,
12:06:28.522,,,,,,,,,,,,,,,,,,-73.640625,,,,,,,,,,,,,,,,,,,,,,,,,,,,,,,,,,,,,,,,,,,,,,,,,,,,,,,,,50.2862298,26.8534557,
12:06:28.561,,,,,,,,,,,,,,,,-4704,-0.296875,,,,,,,,,,,,,,,,,,,,,,,,,,,,,,,,,,,,,,,,,,,,,,,,,,,,,,,,,,50.2862298,26.8534557,
12:06:28.669,,,,,,,,,364.34000000000003,60.5,,3.802,,,,,,,,,,,,,,,,,,,,,,,,,,,,,,,,,,,,,,,,,,,,,,,,,,,,7.589,,,,,,,,,,,50.2862298,26.8534557,
12:06:28.721,37.15000000000009,,-1600,,,,,,,,,,3.789,,,,,,,,,,,,,,,,,,,,,,,,,,,,,,,,,,,,,,,,,,,,,,,,,,,7.591,,,,,,,,,,,50.2862298,26.8534557,
12:06:28.770,,37.350000000000136,,,,,,,,,,,,,,,,,,,,,,,,,,,,,,,,,,,,,,,,,,,,,,,,,,,,,,,,,,,,,,,,,,,,,,,,,50.2861615,26.8533866,
12:06:28.901,,,,,,,,,,,,,,,,,,,,,,,,,,,,,,,,,,0,0,,,,0,0,,-0.07868766927402618,1.2079011754166664,4.131236,126.486919,8736.862463999998,0,-0.01,,,,,22.9008686205214,,,,20,99,,30,,,,,131,0,,,,,,,0,,50.2861615,26.8533866,
12:06:29.009,,,,,,,,,,,,,,,,,,,,0,5.882352941176471,100,,,,,,,,,,5.882352941176471,,,,,,,,,0,,,,,,,,,,,,,0,,,,,,,,,,,,0,,17.6470588235294,100,,,,,,50.2861615,26.8533866,
12:06:29.121,,,,,,,,,,,,,,,,,,,,,,,9.33352336352478,36.7422,672.9085331800001,9843.710692130002,0.09824761435289242,0.38676,8.703851000000002,121.28161400000002,0,,5.882352941176471,,,0,0,,,,,,,,,,,,8.133746067347094,9.361847156637868,6.88122619225155,1.388159817093809,,,47,,,,34150,,12000,0,0,,131,0,34150,17.6470588235294,,,,,,0,50.2861615,26.8533866,
12:06:29.197,,,,,,,,,,,,,,,,,,,34,,,,,,,,,,,,,,,,,,,,,,,,,,,,,,,,,,,,,,,,,,,,,,,,,,,,,58,,,50.2861615,26.8533866,
12:06:29.295,,,,,,,,,,,,,,,24,,,,,,,,,,,,,,,,,,,,,,,,,,,,,,,,,,,,,,,,,,,,,,,,,,,,,,,,,58,,,50.2861615,26.8533866,
12:06:29.345,,,,,,,,,,,,,,,,,,-65.484375,,,,,,,,,,,,,,,,,,,,,,,,,,,,,,,,,,,,,,,,,,,,,,,,,,,,,,,,,50.2861615,26.8533866,
12:06:29.397,,,,,,,,,,,,,,,,-4160,-0.265625,,,,,,,,,,,,,,,,,,,,,,,,,,,,,,,,,,,,,,,,,,,,,,,,,,,,,,,,,,50.2861615,26.8533866,
12:06:29.518,,,,,,,,,361.44,61,,3.786,,,,,,,,,,,,,,,,,,,,,,,,,,,,,,,,,,,,,,,,,,,,,,,,,,,,7.575,,,,,,,,,,,50.2861615,26.8533866,
12:06:29.586,19,,18.25,,,,,,,,,,3.768,,,,,,,,,,,,,,,,,,,,,,,,,,,,,,,,,,,,,,,,,,,,,,,,,,,7.554,,,,,,,,,,,50.2861615,26.8533866,
12:06:29.622,,16.850000000000136,,,,,,,,,,,,,,,,,,,,,,,,,,,,,,,,,,,,,,,,,,,,,,,,,,,,,,,,,,,,,,,,,,,,,,,,,50.2861615,26.8533866,
12:06:29.745,,,,,,,,,,,,,,,,,,,,,,,,,,,,,,,,,,0,0,,,,0,0,,-0.08542956259974632,1.2144537906388886,4.137789,126.493472,8736.869016999999,0,-0.01,,,,,22.923392891318976,,,,20,99,,28,,,,,131,0,,,,,,,0,,50.2860996,26.8533251,
12:06:29.830,,,,,,,,,,,,,,,,,,,,0,5.882352941176471,100,,,,,,,,,,5.882352941176471,,,,,,,,,0.7843137254901961,,,,,,,,,,,,,0,,,,,,,,,,,,0,,17.6470588235294,100,,,,,,50.2860996,26.8533251,
12:06:29.918,,,,,,,,,,,,,,,,,,,,,,,9.33352336352478,36.7422,672.9085331800001,9843.710692130002,0.09824761435289242,0.38676,8.703851000000002,121.28161400000002,0,,5.882352941176471,,,0,0,,,,,,,,,,,,8.089860240891275,9.347020836490213,6.880869710019503,1.3881587759186163,,,47,,,,34170,,12000,0,0,,131,0,34170,17.6470588235294,,,,,,0,50.2860996,26.8533251,
12:06:30.042,,,,,,,,,,,,,,,24,,,,,,,,,,,,,,,,,,,,,,,,,,,,,,,,,,,,,,,,,,,,,,,,,,,,,,,,,58,,,50.2860996,26.8533251,
12:06:30.077,,,,,,,,,,,,,,,,,,-65.328125,,,,,,,,,,,,,,,,,,,,,,,,,,,,,,,,,,,,,,,,,,,,,,,,,,,,,,,,,50.2860996,26.8533251,
12:06:30.114,,,,,,,,,,,,,,,,-4224,-0.265625,,,,,,,,,,,,,,,,,,,,,,,,,,,,,,,,,,,,,,,,,,,,,,,,,,,,,,,,,,50.2860996,26.8533251,
12:06:30.257,,,,,,,,,364.98,61,,3.788,,,,,,,,,,,,,,,,,,,,,,,,,,,,,,,,,,,,,,,,,,,,,,,,,,,,7.556,,,,,,,,,,,50.2860996,26.8533251,
12:06:30.314,29.25,,28.200000000000045,,,,,,,,,,3.783,,,,,,,,,,,,,,,,,,,,,,,,,,,,,,,,,,,,,,,,,,,,,,,,,,,7.571,,,,,,,,,,,50.2860996,26.8533251,
12:06:30.365,,30.550000000000182,,,,,,,,,,,,,,,,,,,,,,,,,,,,,,,,,,,,,,,,,,,,,,,,,,,,,,,,,,,,,,,,,,,,,,,,,50.2860996,26.8533251,
12:06:30.485,,,,,,,,,,,,,,,,,,,,,,,,,,,,,,,,,,0,0,,,,0,0,,-0.08221976888992162,1.219809184694444,4.143144,126.498827,8736.874371999998,0,-0.01,,,,,22.935308131566167,,,,20,99,,26,,,,,131,0,,,,,,,0,,50.2860996,26.8533251,
12:06:30.574,,,,,,,,,,,,,,,,,,,,0,5.882352941176471,100,,,,,,,,,,5.882352941176471,,,,,,,,,0,,,,,,,,,,,,,0,,,,,,,,,,,,0,,17.6470588235294,100,,,,,,50.2860996,26.8533251,
12:06:30.733,,,,,,,,,,,,,,,,,,,,,,,9.33352336352478,36.7422,672.9085331800001,9843.710692130002,0.09824761435289242,0.38676,8.703851000000002,121.28161400000002,0,,5.882352941176471,,,0,0,,,,,,,,,,,,8.054342891138578,9.334939842786058,6.880578426233155,1.3881579250891403,,,47,,,,34180,,12000,0,0,,131,0,34180,17.6470588235294,,,,,,0,50.286044,26.8532686,
12:06:30.930,,,,,,,,,,,,,,,24,,,,,,,,,,,,,,,,,,,,,,,,,,,,,,,,,,,,,,,,,,,,,,,,,,,,,,,,,58,,,50.286044,26.8532686,
12:06:30.966,,,,,,,,,,,,,,,,,,-72.734375,,,,,,,,,,,,,,,,,,,,,,,,,,,,,,,,,,,,,,,,,,,,,,,,,,,,,,,,,50.286044,26.8532686,
12:06:31.001,,,,,,,,,,,,,,,,-4864,-0.296875,,,,,,,,,,,,,,,,,,,,,,,,,,,,,,,,,,,,,,,,,,,,,,,,,,,,,,,,,,50.286044,26.8532686,
12:06:31.098,,,,,,,,,362.73,61,,3.794,,,,,,,,,,,,,,,,,,,,,,,,,,,,,,,,,,,,,,,,,,,,,,,,,,,,7.577,,,,,,,,,,,50.286044,26.8532686,
12:06:31.161,27.350000000000136,,26.950000000000045,,,,,,,,,,3.783,,,,,,,,,,,,,,,,,,,,,,,,,,,,,,,,,,,,,,,,,,,,,,,,,,,7.577,,,,,,,,,,,50.286044,26.8532686,
12:06:31.206,,25.600000000000136,,,,,,,,,,,,,,,,,,,,,,,,,,,,,,,,,,,,,,,,,,,,,,,,,,,,,,,,,,,,,,,,,,,,,,,,,50.286044,26.8532686,
12:06:31.325,,,,,,,,,,,,,,,,,,,,,,,,,,,,,,,,,,0,0,,,,0,0,,-0.08931415844965196,1.2251675055555553,4.148502,126.50418499999999,8736.879729999999,0,-0.01,,,,,22.935590271802983,,,,20,99,,23,,,,,131,0,,,,,,,0,,50.286044,26.8532686,
12:06:31.412,,,,,,,,,,,,,,,,,,,,0,5.882352941176471,100,,,,,,,,,,5.882352941176471,,,,,,,,,1.5686274509803921,,,,,,,,,,,,,0,,,,,,,,,,,,0,,17.6470588235294,100,,,,,,50.286044,26.8532686,
12:06:31.490,,,,,,,,,,,,,,,,,,,,,,,9.33352336352478,36.7422,672.9085331800001,9843.710692130002,0.09824761435289242,0.38676,8.703851000000002,121.28161400000002,0,,5.882352941176471,,,0,0,,,,,,,,,,,,8.019116888701825,9.322883296187396,6.880287003943785,1.3881570737840527,,,47,,,,34190,,12000,0,0,,131,0,34190,17.6470588235294,,,,,,0,50.286044,26.8532686,
12:06:31.638,,,,,,,,,,,,,,,24,,,,,,,,,,,,,,,,,,,,,,,,,,,,,,,,,,,,,,,,,,,,,,,,,,,,,,,,,58,,,50.286044,26.8532686,
12:06:31.673,,,,,,,,,,,,,,,,,,-37.96875,,,,,,,,,,,,,,,,,,,,,,,,,,,,,,,,,,,,,,,,,,,,,,,,,,,,,,,,,50.286044,26.8532686,
12:06:31.710,,,,,,,,,,,,,,,,-2688,-0.171875,,,,,,,,,,,,,,,,,,,,,,,,,,,,,,,,,,,,,,,,,,,,,,,,,,,,,,,,,,50.286044,26.8532686,
12:06:31.858,,,,,17,,,,,,59,,,63.75,,,,,,,,,,,,,,,,,,,,,,,,,,,,,,,,,,,,,,,,,,,,,,,,,,,,,,,,126.25,-34,,,,50.2859952,26.8532195,
12:06:31.918,,,,,,,,,360.31,61,,3.768,,,,,,,,,,,,,,,,,,,,,,,,,,,,,,,,,,,,,,,,,,,,,,,,,,,,7.551,,,,,,,,,,,50.2859952,26.8532195,
12:06:31.965,8,,8,,,,,,,,,,3.757,,,,,,,,,,,,,,,,,,,,,,,,,,,,,,,,,,,,,,,,,,,,,,,,,,,7.525,,,,,,,,,,,50.2859952,26.8532195,
12:06:32.001,,7.650000000000091,,,,,,,,,,,,,,,,,,,,,,,,,,,,,,,,,,,,,,,,,,,,,,,,,,,,,,,,,,,,,,,,,,,,,,,,,50.2859952,26.8532195,
12:06:32.110,,,,,,,,,,,,,,,,,,,,,,,,,,,,,,,,,,,,,,,,,,,,,,,,,,,,,,,,64,,,,,,,,,131,,,,,,,,,,50.2859952,26.8532195,
12:06:32.170,,,,,,,,,,,,,,,,,,,,,,,,,,,,,,,,,,0,0,,,,0,0,,-0.07798969853135185,1.2300993240555553,4.153434,126.509117,8736.884661999999,0,-0.01,,,,,22.92711779275057,,,,20,99,,21,,,,,131,0,,,,,,,0,,50.2859952,26.8532195,
12:06:32.261,,,,,,,,,,,,,,,,,,,,0,5.882352941176471,100,,,,,,,,,,5.882352941176471,,,,,,,,,6.666666666666667,,,,,,,,,,,,,0,,,,,,,,,,,,0,,17.6470588235294,100,,,,,,50.2859952,26.8532195,
12:06:32.325,,,,,,,,,,,,,,,,,,,,,,,9.33352336352478,36.7422,672.9085331800001,9843.710692130002,0.09824761435289242,0.38676,8.703851000000002,121.28161400000002,0,,5.882352941176471,,,0,0,,,,,,,,,,,,7.986965965396729,9.311812827650567,6.880018773666724,1.3881562901648392,,,47,,,,34210,,12000,0,0,,131,0,34210,17.6470588235294,,,,,,0,50.2859952,26.8532195,
12:06:32.617,,,,,,,,,,,,,,,24,,,,,,,,,,,,,,,,,,,,,,,,,,,,,,,,,,,,,,,,,,,,,,,,,,,,,,,,,58,,,50.2859952,26.8532195,
12:06:32.657,,,,,,,,,,,,,,,,,,-19.359375,,,,,,,,,,,,,,,,,,,,,,,,,,,,,,,,,,,,,,,,,,,,,,,,,,,,,,,,,50.2859952,26.8532195,
12:06:32.694,,,,,,,,,,,,,,,,-1152,-0.078125,,,,,,,,,,,,,,,,,,,,,,,,,,,,,,,,,,,,,,,,,,,,,,,,,,,,,,,,,,50.2859952,26.8532195,
12:06:32.838,,,,,,,,,361.12,61,,3.758,,,,,,,,,,,,,,,,,,,,,,,,,,,,,,,,,,,,,,,,,,,,,,,,,,,,7.515,,,,,,,,,,,50.2859481,26.8531809,
12:06:32.890,4.850000000000136,,4.850000000000136,,,,,,,,,,3.751,,,,,,,,,,,,,,,,,,,,,,,,,,,,,,,,,,,,,,,,,,,,,,,,,,,7.509,,,,,,,,,,,50.2859481,26.8531809,
12:06:32.926,,5.100000000000136,,,,,,,,,,,,,,,,,,,,,,,,,,,,,,,,,,,,,,,,,,,,,,,,,,,,,,,,,,,,,,,,,,,,,,,,,50.2859481,26.8531809,
12:06:33.061,,,,,,,,,,,,,,,,,,,,,,,,,,,,,,,,,,0.03,0,,,,0,0,,-0.06833337425952393,1.2350477046111108,4.158382,126.514065,8736.889609999998,0,-0.01,,,,,22.913681346103996,,,,20,99,,20,,,,,131,0.03,,,,,,,0.026477954999999997,,50.2859481,26.8531809,
12:06:33.159,,,,,,,,,,,,,,,,,,,,0,5.882352941176471,100,,,,,,,,,,5.882352941176471,,,,,,,,,6.666666666666667,,,,,,,,,,,,,0,,,,,,,,,,,,0.03,,17.6470588235294,100,,,,,,50.2859481,26.8531809,
12:06:33.234,,,,,,,,,,,,,,,,,,,,,,,9.33352336352478,36.7422,672.9085331800001,9843.710692130002,0.09824761435289242,0.38676,8.703851000000002,121.28161400000002,0,,5.882352941176471,,,0,0,,,,,,,,,,,,7.9549651390857345,9.300732833106725,6.879749694233603,1.3881555040043598,,,47,,,,34230,,12000,0,0,,131,0.03,34230,17.6470588235294,,,,,,0,50.2859481,26.8531809,
12:06:33.354,,,,,,,,,,,,,,,24,,,,,,,,,,,,,,,,,,,,,,,,,,,,,,,,,,,,,,,,,,,,,,,,,,,,,,,,,58,,,50.2859481,26.8531809,
12:06:33.401,,,,,,,,,,,,,,,,,,-17.828125,,,,,,,,,,,,,,,,,,,,,,,,,,,,,,,,,,,,,,,,,,,,,,,,,,,,,,,,,50.2859481,26.8531809,
12:06:33.450,,,,,,,,,,,,,,,,-1184,-0.078125,,,,,,,,,,,,,,,,,,,,,,,,,,,,,,,,,,,,,,,,,,,,,,,,,,,,,,,,,,50.2859481,26.8531809,
12:06:33.556,,,,-100,,,,,,,,,,,,,,,,,,,,,,,,,,,,,,,,,,,,,,,,,,,,,,,,,,,,,,,,,,,,,,,,,,,-34,,,,50.2859481,26.8531809,
12:06:33.682,,,,,,,,,361.44,61,,3.757,,,,,,,,,,,,,,,,,,,,,,,,,,,,,,,,,,,,,,,,,,,,,,,,,,,,7.508,,,,,,,,,,,50.2859481,26.8531809,
12:06:33.742,3.8500000000001364,,3.900000000000091,,,,,,,,,,3.747,,,,,,,,,,,,,,,,,,,,,,,,,,,,,,,,,,,,,,,,,,,,,,,,,,,7.504,,,,,,,,,,,50.2859017,26.8531618,
12:06:33.782,,4.7000000000000455,,,,,,,,,,,,,,,,,,,,,,,,,,,,,,,,,,,,,,,,,,,,,,,,,,,,,,,,,,,,,,,,,,,,,,,,,50.2859017,26.8531618,
12:06:33.913,,,,,,,,,,,,,,,,,,,,,,,,,,,,,,,,,,0.07,0,,,,0,0,,-0.05784420518905574,1.239547725833333,4.162882,126.518565,8736.89411,0,-0.01,,,,,22.89655938929375,,,,20,99,,19,,,,,131,0.07,,,,,,,0.061781895,,50.2859017,26.8531618,
12:06:34.001,,,,,,,,,,,,,,,,,,,,0,5.882352941176471,100,,,,,,,,,,5.882352941176471,,,,,,,,,6.2745098039215685,,,,,,,,,,,,,0,,,,,,,,,,,,0.07,,17.6470588235294,100,,,,,,50.2859017,26.8531618,
12:06:34.077,,,,,,,,,,,,,,,,,,,,,,,9.33352336352478,36.7422,672.9085331800001,9843.710692130002,0.09824761435289242,0.38676,8.703851000000002,121.28161400000002,0,,5.882352941176471,,,0,0,,,,,,,,,,,,7.926085644410484,9.290678909467049,6.879504995966404,1.388154789024907,,,47,,,,34240,,12000,0,0,,131,0.07,34240,17.6470588235294,,,,,,0,50.2859017,26.8531618,
12:06:34.201,,,,,,,,,,,,,,,24,,,,,,,,,,,,,,,,,,,,,,,,,,,,,,,,,,,,,,,,,,,,,,,,,,,,,,,,,58,,,50.2859017,26.8531618,
12:06:34.237,,,,,,,,,,,,,,,,,,-18.453125,,,,,,,,,,,,,,,,,,,,,,,,,,,,,,,,,,,,,,,,,,,,,,,,,,,,,,,,,50.2859017,26.8531618,
12:06:34.286,,,,,,,,,,,,,,,,-1120,-0.078125,,,,,,,,,,,,,,,,,,,,,,,,,,,,,,,,,,,,,,,,,,,,,,,,,,,,,,,,,,50.2859017,26.8531618,
12:06:34.469,,,,,,,,,361.28000000000003,61.5,,3.754,,,,,,,,,,,,,,,,,,,,,,,,,,,,,,,,,,,,,,,,,,,,,,,,,,,,7.501,,,,,,,,,,,50.2859017,26.8531618,
12:06:34.543,4.350000000000136,,4.150000000000091,,,,,,,,,,3.748,,,,,,,,,,,,,,,,,,,,,,,,,,,,,,,,,,,,,,,,,,,,,,,,,,,7.502,,,,,,,,,,,50.2859017,26.8531618,
12:06:34.618,,4.25,,,,,,,,,,,,,,,,,,,,,,,,,,,,,,,,,,,,,,,,,,,,,,,,,,,,,,,,,,,,,,,,,,,,,,,,,50.2859017,26.8531618,
12:06:34.793,,,,,,,,,,,,,,,,,,,,,,,,,,,,,,,,,,0,0,,,,0,0,,-0.04083892260503172,1.243945631333333,4.16728,126.522963,8736.898507999998,0,-0.01,,,,,22.874559739913135,,,,20,99,,18,,,,,131,0,,,,,,,0,,50.2858548,26.8531623,
12:06:34.891,,,,,,,,,,,,,,,,,,,,0,5.882352941176471,100,,,,,,,,,,5.882352941176471,,,,,,,,,6.666666666666667,,,,,,,,,,,,,0,,,,,,,,,,,,0,,17.6470588235294,100,,,,,,50.2858548,26.8531623,
12:06:34.965,,,,,,,,,,,,,,,,,,,,,,,9.33352336352478,36.7422,672.9085331800001,9843.710692130002,0.09824761435289242,0.38676,8.703851000000002,121.28161400000002,0,,5.882352941176471,,,0,0,,,,,,,,,,,,7.898063378186788,9.28087385536849,6.879265861012124,1.3881540902523672,,,47,,,,34260,,12000,0,0,,131,0,34260,17.6470588235294,,,,,,0,50.2858548,26.8531623,
12:06:35.114,,,,,,,,,,,,,,,24,,,,,,,,,,,,,,,,,,,,,,,,,,,,,,,,,,,,,,,,,,,,,,,,,,,,,,,,,58,,,50.2858548,26.8531623,
12:06:35.150,,,,,,,,,,,,,,,,,,-4.96875,,,,,,,,,,,,,,,,,,,,,,,,,,,,,,,,,,,,,,,,,,,,,,,,,,,,,,,,,50.2858548,26.8531623,
12:06:35.206,,,,,,,,,,,,,,,,-416,-0.03125,,,,,,,,,,,,,,,,,,,,,,,,,,,,,,,,,,,,,,,,,,,,,,,,,,,,,,,,,,50.2858548,26.8531623,
12:06:35.325,,,,,,17,16,16,,,,,,,,,,,,,,,,,,,,,,,,,,,,,,,,,,,,,,,,,,,,,,,,,,,,,,,,,,,,,,,-34,,,,50.2858548,26.8531623,
12:06:35.374,,,,,,,,,357.90000000000003,61.5,,3.742,,,,,,,,,,,,,,,,,,,,,,,,,,,,,,,,,,,,,,,,,,,,,,,,,,,,7.49,,,,,,,,,,,50.2858548,26.8531623,
12:06:35.433,-3.7999999999999545,,-3.75,,,,,,,,,,3.736,,,,,,,,,,,,,,,,,,,,,,,,,,,,,,,,,,,,,,,,,,,,,,,,,,,7.478,,,,,,,,,,,50.2858548,26.8531623,
12:06:35.482,,-3.449999999999818,,,,,,,,,,,,,,,,,,,,,,,,,,,,,,,,,,,,,,,,,,,,,,,,,,,,,,,,,,,,,,,,,,,,,,,,,50.2858548,26.8531623,
12:06:35.604,,,,,,,,,,,,,,,,,,,,,,,,,,,,,,,,,,0,0,,,,0,0,,-0.024742532119792895,1.248003696833333,4.171338,126.527021,8736.902565999999,0,-0.01,,,,,22.854434708977635,,,,20,99,,18,,,,,131,0,,,,,,,0,,50.2858548,26.8531623,
12:06:35.678,,,,,,,,,,,,,,,,,,,,0,5.882352941176471,100,,,,,,,,,,5.882352941176471,,,,,,,,,8.235294117647058,,,,,,,,,,,,,0,,,,,,,,,,,,0,,17.6470588235294,100,,,,,,50.2858548,26.8531623,
12:06:35.753,,,,,,,,,,,,,,,,,,,,,,,9.33352336352478,36.7422,672.9085331800001,9843.710692130002,0.09824761435289242,0.38676,8.703851000000002,121.28161400000002,0,,5.882352941176471,,,0,0,,,,,,,,,,,,7.872381676607572,9.271845148966591,6.879045227817386,1.388153445501066,,,47,,,,34270,,12000,0,0,,131,0,34270,17.6470588235294,,,,,,0,50.2858132,26.8531846,
12:06:35.826,,,,,,,,,,,,,,,,,,,34,,,,,,,,,,,,,,,,,,,,,,,,,,,,,,,,,,,,,,,,,,,,,,,,,,,,,58,,,50.2858132,26.8531846,
12:06:35.934,,,,,,,,,,,,,,,24,,,,,,,,,,,,,,,,,,,,,,,,,,,,,,,,,,,,,,,,,,,,,,,,,,,,,,,,,58,,,50.2858132,26.8531846,
12:06:35.982,,,,,,,,,,,,,,,,,,13.3125,,,,,,,,,,,,,,,,,,,,,,,,,,,,,,,,,,,,,,,,,,,,,,,,,,,,,,,,,50.2858132,26.8531846,
12:06:36.017,,,,,,,,,,,,,,,,864,0.046875,,,,,,,,,,,,,,,,,,,,,,,,,,,,,,,,,,,,,,,,,,,,,,,,,,,,,,,,,,50.2858132,26.8531846,
12:06:36.222,,,,,,,,,357.74,61,,3.734,,,,,,,,,,,,,,,,,,,,,,,,,,,,,,,,,,,,,,,,,,,,,,,,,,,,7.47,,,,,,,,,,,50.2858132,26.8531846,
12:06:36.309,-10,,-10.5,,,,,,,,,,3.725,,,,,,,,,,,,,,,,,,,,,,,,,,,,,,,,,,,,,,,,,,,,,,,,,,,7.459,,,,,,,,,,,50.2858132,26.8531846,
12:06:36.362,,-10.299999999999955,,,,,,,,,,,,,,,,,,,,,,,,,,,,,,,,,,,,,,,,,,,,,,,,,,,,,,,,,,,,,,,,,,,,,,,,,50.2858132,26.8531846,
12:06:36.470,,,,,,,,,,,,,,,,,,,,,,,,,,,,,,,,,,,,,,,,,,,,,,,,,,,,,,,,64,,,,,,,,,131,,,,,,,,,,50.2858132,26.8531846,
12:06:36.529,,,,,,,,,,,,,,,,,,,,,,,,,,,,,,,,,,0.01,0,,,,0,0,,-0.016331516711660318,1.252628011333333,4.175962,126.531645,8736.907189999998,0,-0.01,,,,,22.83170312435095,,,,20,99,,18,,,,,131,0.01,,,,,,,0.008825985,,50.2858132,26.8531846,
12:06:36.594,,,,,,,,,,,,,,,,,,,,0,5.882352941176471,100,,,,,,,,,,5.882352941176471,,,,,,,,,10.588235294117647,,,,,,,,,,,,,0,,,,,,,,,,,,0.01,,17.6470588235294,100,,,,,,50.2858132,26.8531846,
12:06:36.682,,,,,,,,,,,,,,,,,,,,,,,9.33352336352478,36.7422,672.9085331800001,9843.710692130002,0.09824761435289242,0.38676,8.703851000000002,121.28161400000002,0,,5.882352941176471,,,0,0,,,,,,,,,,,,7.843319282658773,9.261578529689686,6.87879383848997,1.3881527108221468,,,47,,,,34290,,12000,0,0,,131,0.01,34290,17.6470588235294,,,,,,0,50.2858132,26.8531846,
12:06:36.806,,,,,,,,,,,,,,,24,,,,,,,,,,,,,,,,,,,,,,,,,,,,,,,,,,,,,,,,,,,,,,,,,,,,,,,,,58,,,50.2857741,26.8532271,
12:06:36.846,,,,,,,,,,,,,,,,,,38.46875,,,,,,,,,,,,,,,,,,,,,,,,,,,,,,,,,,,,,,,,,,,,,,,,,,,,,,,,,50.2857741,26.8532271,
12:06:36.893,,,,,,,,,,,,,,,,2496,0.140625,,,,,,,,,,,,,,,,,,,,,,,,,,,,,,,,,,,,,,,,,,,,,,,,,,,,,,,,,,50.2857741,26.8532271,
12:06:37.001,,,,,,,,,356.29,61,,3.713,,,,,,,,,,,,,,,,,,,,,,,,,,,,,,,,,,,,,,,,,,,,,,,,,,,,7.438,,,,,,,,,,,50.2857741,26.8532271,
12:06:37.051,-20.09999999999991,,-19.899999999999864,,,,,,,,,,3.705,,,,,,,,,,,,,,,,,,,,,,,,,,,,,,,,,,,,,,,,,,,,,,,,,,,7.418,,,,,,,,,,,50.2857741,26.8532271,
12:06:37.089,,-19.899999999999864,,,,,,,,,,,,,,,,,,,,,,,,,,,,,,,,,,,,,,,,,,,,,,,,,,,,,,,,,,,,,,,,,,,,,,,,,50.2857741,26.8532271,
12:06:37.209,,,,,,,,,,,,,,,,,,,,,,,,,,,,,,,,,,0.12,0,,,,0,0,,,1.256219545444444,4.179554,126.535237,8736.910781999999,0,-0.01,,,,,22.818546614937052,,,,20,99,,19,,,,,131,0.12,,,,,,,0.10591181999999999,,50.2857741,26.8532271,
12:06:37.298,,,,,,,,,,,,,,,,,,,,0,5.882352941176471,100,,,,,,,,,,5.882352941176471,,,,,,,,,14.509803921568627,,,,,,,,,,,,,0,,,,,,,,,,,,0.12,,17.6470588235294,100,,,,,,50.2857741,26.8532271,
12:06:37.374,,,,,,,,,,,,,,,,,,,,,,,9.33352336352478,36.7422,672.9085331800001,9843.710692130002,0.09824761435289242,0.38676,8.703851000000002,121.28161400000002,0,,5.882352941176471,,,0,0,,,,,,,,,,,,7.820895217653449,9.253618926804151,6.878598567764963,1.3881521401118966,,,47,,,,34300,,12000,0,0,,131,0.12,34300,17.6470588235294,,,,,,0,50.2857741,26.8532271,
12:06:37.498,,,,,,,,,,,,,,,24,,,,,,,,,,,,,,,,,,,,,,,,,,,,,,,,,,,,,,,,,,,,,,,,,,,,,,,,,58,,,50.2857741,26.8532271,
12:06:37.545,,,,,,,,,,,,,,,,,,57.859375,,,,,,,,,,,,,,,,,,,,,,,,,,,,,,,,,,,,,,,,,,,,,,,,,,,,,,,,,50.2857741,26.8532271,
12:06:37.594,,,,,,,,,,,,,,,,3648,0.21875,,,,,,,,,,,,,,,,,,,,,,,,,,,,,,,,,,,,,,,,,,,,,,,,,,,,,,,,,,50.2857741,26.8532271,
12:06:37.726,,,,,,,,,354.68,61,,3.696,,,,,,,,,,,,,,,,,,,,,,,,,,,,,,,,,,,,,,,,,,,,,,,,,,,,7.401,,,,,,,,,,,50.2857429,26.8532855,
12:06:37.773,-33.34999999999991,,-1600,,,,,,,,,,3.675,,,,,,,,,,,,,,,,,,,,,,,,,,,,,,,,,,,,,,,,,,,,,,,,,,,7.371,,,,,,,,,,,50.2857429,26.8532855,
12:06:37.810,,-34.649999999999864,,,,,,,,,,,,,,,,,,,,,,,,,,,,,,,,,,,,,,,,,,,,,,,,,,,,,,,,,,,,,,,,,,,,,,,,,50.2857429,26.8532855,
12:06:38.027,,,,,,,,,,,,,,,,,,,,,,,,,,,,,,,,,,0.1,0,,,,0,0,,0.017517525277478605,1.260757705444444,4.184092,126.53977499999999,8736.915319999998,0,-0.01,,,,,22.806977207197423,,,,20,99,,20,,,,,131,0.1,,,,,,,0.08825985,,50.2857429,26.8532855,
12:06:38.127,,,,,,,,,,,,,,,,,,,,0,5.882352941176471,100,,,,,,,,,,5.882352941176471,,,,,,,,,16.862745098039216,,,,,,,,,,,,,0,,,,,,,,,,,,0.1,,17.6470588235294,100,,,,,,50.2857429,26.8532855,
12:06:38.201,,,,,,,,,,,,,,,,,,,,,,,9.33352336352478,36.7422,672.9085331800001,9843.710692130002,0.09824761435289242,0.38676,8.703851000000002,121.28161400000002,0,,5.882352941176471,,,0,0,,,,,,,,,,,,7.792743516745593,9.243582598088189,6.8783518858003365,1.3881514190983375,,,47,,,,34320,,12000,0,0,,131,0.1,34320,17.6470588235294,,,,,,0,50.2857429,26.8532855,
12:06:38.336,,,,,,,,,,,,,,,24,,,,,,,,,,,,,,,,,,,,,,,,,,,,,,,,,,,,,,,,,,,,,,,,,,,,,,,,,58,,,50.2857429,26.8532855,
12:06:38.386,,,,,,,,,,,,,,,,,,70.984375,,,,,,,,,,,,,,,,,,,,,,,,,,,,,,,,,,,,,,,,,,,,,,,,,,,,,,,,,50.2857429,26.8532855,
12:06:38.424,,,,,,,,,,,,,,,,4416,0.265625,,,,,,,,,,,,,,,,,,,,,,,,,,,,,,,,,,,,,,,,,,,,,,,,,,,,,,,,,,50.2857429,26.8532855,
12:06:38.546,,,,,17,,,,,,60.5,,,63.75,,,,,,,,,,,,,,,,,,,,,,,,,,,,,,,,,,,,,,,,,,,,,,,,,,,,,,,,122.75,-34,,,,50.2857429,26.8532855,
12:06:38.605,,,,,,,,,353.07,61,,3.674,,,,,,,,,,,,,,,,,,,,,,,,,,,,,,,,,,,,,,,,,,,,,,,,,,,,7.349,,,,,,,,,,,50.2857429,26.8532855,
12:06:38.670,-35.69999999999982,,-1600,,,,,,,,,,3.664,,,,,,,,,,,,,,,,,,,,,,,,,,,,,,,,,,,,,,,,,,,,,,,,,,,7.338,,,,,,,,,,,50.2857429,26.8532855,
12:06:38.730,,-34.44999999999982,,,,,,,,,,,,,,,,,,,,,,,,,,,,,,,,,,,,,,,,,,,,,,,,,,,,,,,,,,,,,,,,,,,,,,,,,50.2857129,26.8533585,
12:06:38.838,,,,,,,,,,,,,,,,,,,,,,,,,,,,,,,,,,0.12,0,,,,0,0,,0.03503400840351141,1.2657223177222219,4.189057,126.54474,8736.920284999998,0,-0.01,,,,,22.803696324254915,,,,20,99,,22,,,,,131,0.12,,,,,,,0.10591181999999999,,50.2857129,26.8533585,
12:06:38.926,,,,,,,,,,,,,,,,,,,,0,5.882352941176471,100,,,,,,,,,,5.882352941176471,,,,,,,,,15.294117647058824,,,,,,,,,,,,,0,,,,,,,,,,,,0.12,,17.6470588235294,100,,,,,,50.2857129,26.8533585,
12:06:39.001,,,,,,,,,,,,,,,,,,,,,,,9.33352336352478,36.7422,672.9085331800001,9843.710692130002,0.09824761435289242,0.38676,8.703851000000002,121.28161400000002,0,,5.882352941176471,,,0,0,,,,,,,,,,,,7.762177610148931,9.232626817921075,6.878082012733206,1.3881506302423594,,,47,,,,34340,,12000,0,0,,131,0.12,34340,17.6470588235294,,,,,,0,50.2857129,26.8533585,
12:06:39.149,,,,,,,,,,,,,,,24,,,,,,,,,,,,,,,,,,,,,,,,,,,,,,,,,,,,,,,,,,,,,,,,,,,,,,,,,58,,,50.2857129,26.8533585,
12:06:39.201,,,,,,,,,,,,,,,,,,41.328125,,,,,,,,,,,,,,,,,,,,,,,,,,,,,,,,,,,,,,,,,,,,,,,,,,,,,,,,,50.2857129,26.8533585,
12:06:39.251,,,,,,,,,,,,,,,,2624,0.15625,,,,,,,,,,,,,,,,,,,,,,,,,,,,,,,,,,,,,,,,,,,,,,,,,,,,,,,,,,50.2857129,26.8533585,
12:06:39.369,,,,,,,,,352.91,61,,3.691,,,,,,,,,,,,,,,,,,,,,,,,,,,,,,,,,,,,,,,,,,,,,,,,,,,,7.355,,,,,,,,,,,50.2857129,26.8533585,
12:06:39.426,-22.449999999999818,,-22.299999999999955,,,,,,,,,,3.681,,,,,,,,,,,,,,,,,,,,,,,,,,,,,,,,,,,,,,,,,,,,,,,,,,,7.372,,,,,,,,,,,50.2857129,26.8533585,
12:06:39.466,,-22.25,,,,,,,,,,,,,,,,,,,,,,,,,,,,,,,,,,,,,,,,,,,,,,,,,,,,,,,,,,,,,,,,,,,,,,,,,50.2857129,26.8533585,
12:06:39.578,,,,,,,,,,,,,,,,,,,,,,,,,,,,,,,,,,0,0,,,,0,0,,0.0464543844558147,1.2704429188611108,4.193778,126.549461,8736.925006,0,-0.01,,,,,22.804419529833837,,,,20,99,,23,,,,,131,0,,,,,,,0,,50.2857129,26.8533585,
12:06:39.673,,,,,,,,,,,,,,,,,,,,0,5.882352941176471,100,,,,,,,,,,5.882352941176471,,,,,,,,,13.72549019607843,,,,,,,,,,,,,0,,,,,,,,,,,,0,,17.6470588235294,100,,,,,,50.2857129,26.8533585,
12:06:39.741,,,,,,,,,,,,,,,,,,,,,,,9.33352336352478,36.7422,672.9085331800001,9843.710692130002,0.09824761435289242,0.38676,8.703851000000002,121.28161400000002,0,,5.882352941176471,,,0,0,,,,,,,,,,,,7.733335586691808,9.222233508783727,6.877825421951028,1.3881498801547574,,,47,,,,34350,,12000,0,0,,131,0,34350,17.6470588235294,,,,,,0,50.2856831,26.853437,
12:06:39.887,,,,,,,,,,,,,,,24,,,,,,,,,,,,,,,,,,,,,,,,,,,,,,,,,,,,,,,,,,,,,,,,,,,,,,,,,58,,,50.2856831,26.853437,
12:06:39.973,,,,,,,,,,,,,,,,,,36.609375,,,,,,,,,,,,,,,,,,,,,,,,,,,,,,,,,,,,,,,,,,,,,,,,,,,,,,,,,50.2856831,26.853437,
12:06:40.033,,,,,,,,,,,,,,,,2368,0.140625,,,,,,,,,,,,,,,,,,,,,,,,,,,,,,,,,,,,,,,,,,,,,,,,,,,,,,,,,,50.2856831,26.853437,
12:06:40.202,,,,,,,,,352.75,60.5,,3.689,,,,,,,,,,,,,,,,,,,,,,,,,,,,,,,,,,,,,,,,,,,,,,,,,,,,7.37,,,,,,,,,,,50.2856831,26.853437,
12:06:40.321,-21.299999999999955,,-21.34999999999991,,,,,,,,,,3.68,,,,,,,,,,,,,,,,,,,,,,,,,,,,,,,,,,,,,,,,,,,,,,,,,,,7.369,,,,,,,,,,,50.2856831,26.853437,
12:06:40.359,,-21.399999999999864,,,,,,,,,,,,,,,,,,,,,,,,,,,,,,,,,,,,,,,,,,,,,,,,,,,,,,,,,,,,,,,,,,,,,,,,,50.2856831,26.853437,
12:06:40.462,,,,,,,,,,,,,,,,,,,,,,,,,,,,,,,,,,,,,,,,,,,,,,,,,,,,,,,,64,,,,,,,,,131,,,,,,,,,,50.2856831,26.853437,
12:06:40.521,,,,,,,,,,,,,,,,,,,,,,,,,,,,,,,,,,0.02,0,,,,0,0,,0.04276994694511773,1.2767289795277774,4.200064,126.555747,8736.931292,0,-0.01,,,,,22.810014180545792,,,,20,99,,24,,,,,131,0.02,,,,,,,0.01765197,,50.2856831,26.853437,
12:06:40.598,,,,,,,,,,,,,,,,,,,,0,5.882352941176471,100,,,,,,,,,,5.882352941176471,,,,,,,,,13.72549019607843,,,,,,,,,,,,,0,,,,,,,,,,,,0.02,,17.6470588235294,100,,,,,,50.2856831,26.853437,
12:06:40.662,,,,,,,,,,,,,,,,,,,,,,,9.33352336352478,36.7422,672.9085331800001,9843.710692130002,0.09824761435289242,0.38676,8.703851000000002,121.28161400000002,0,,5.882352941176471,,,0,0,,,,,,,,,,,,7.6952599908268065,9.208431109621186,6.877483801664102,1.388148881416201,,,47,,,,34370,,12000,0,0,,131,0.02,34370,17.6470588235294,,,,,,0,50.2856831,26.853437,
12:06:40.785,,,,,,,,,,,,,,,24,,,,,,,,,,,,,,,,,,,,,,,,,,,,,,,,,,,,,,,,,,,,,,,,,,,,,,,,,58,,,50.285652,26.8535202,
12:06:40.825,,,,,,,,,,,,,,,,,,26.21875,,,,,,,,,,,,,,,,,,,,,,,,,,,,,,,,,,,,,,,,,,,,,,,,,,,,,,,,,50.285652,26.8535202,
12:06:40.869,,,,,,,,,,,,,,,,1792,0.109375,,,,,,,,,,,,,,,,,,,,,,,,,,,,,,,,,,,,,,,,,,,,,,,,,,,,,,,,,,50.285652,26.8535202,
12:06:40.990,,,,,,,,,353.55,60.5,,3.696,,,,,,,,,,,,,,,,,,,,,,,,,,,,,,,,,,,,,,,,,,,,,,,,,,,,7.376,,,,,,,,,,,50.285652,26.8535202,
12:06:41.042,-14,,-13.699999999999818,,,,,,,,,,3.689,,,,,,,,,,,,,,,,,,,,,,,,,,,,,,,,,,,,,,,,,,,,,,,,,,,7.385,,,,,,,,,,,50.285652,26.8535202,
12:06:41.094,,-13.049999999999955,,,,,,,,,,,,,,,,,,,,,,,,,,,,,,,,,,,,,,,,,,,,,,,,,,,,,,,,,,,,,,,,,,,,,,,,,50.285652,26.8535202,
12:06:41.241,,,,,,,,,,,,,,,,,,,,,,,,,,,,,,,,,,0,0,,,,0,0,,0.044063673508970454,1.2817295031388884,4.205065,126.560748,8736.936292999999,0,-0.01,,,,,22.817812381096598,,,,20,99,,25,,,,,131,0,,,,,,,0,,50.285652,26.8535202,
12:06:41.334,,,,,,,,,,,,,,,,,,,,0,5.882352941176471,100,,,,,,,,,,5.882352941176471,,,,,,,,,12.549019607843137,,,,,,,,,,,,,0,,,,,,,,,,,,0,,17.6470588235294,100,,,,,,50.285652,26.8535202,
12:06:41.413,,,,,,,,,,,,,,,,,,,,,,,9.33352336352478,36.7422,672.9085331800001,9843.710692130002,0.09824761435289242,0.38676,8.703851000000002,121.28161400000002,0,,5.882352941176471,,,0,0,,,,,,,,,,,,7.665237798793674,9.197479706021191,6.8772120404977395,1.3881480868433298,,,47,,,,34380,,12000,0,0,,131,0,34380,17.6470588235294,,,,,,0,50.285652,26.8535202,
12:06:41.562,,,,,,,,,,,,,,,24,,,,,,,,,,,,,,,,,,,,,,,,,,,,,,,,,,,,,,,,,,,,,,,,,,,,,,,,,58,,,50.285652,26.8535202,
12:06:41.610,,,,,,,,,,,,,,,,,,18.84375,,,,,,,,,,,,,,,,,,,,,,,,,,,,,,,,,,,,,,,,,,,,,,,,,,,,,,,,,50.285652,26.8535202,
12:06:41.648,,,,,,,,,,,,,,,,1024,0.0625,,,,,,,,,,,,,,,,,,,,,,,,,,,,,,,,,,,,,,,,,,,,,,,,,,,,,,,,,,50.285652,26.8535202,
12:06:41.749,,,,-100,,,,,,,,,,,,,,,,,,,,,,,,,,,,,,,,,,,,,,,,,,,,,,,,,,,,,,,,,,,,,,,,,,,-34,,,,50.2856205,26.8536058,
12:06:42.018,,,,,,,,,355.32,60.5,,3.7,,,,,,,,,,,,,,,,,,,,,,,,,,,,,,,,,,,,,,,,,,,,,,,,,,,,7.389,,,,,,,,,,,50.2856205,26.8536058,
12:06:42.069,-12.849999999999909,,-12.75,,,,,,,,,,3.692,,,,,,,,,,,,,,,,,,,,,,,,,,,,,,,,,,,,,,,,,,,,,,,,,,,7.392,,,,,,,,,,,50.2856205,26.8536058,
12:06:42.105,,-12.199999999999818,,,,,,,,,,,,,,,,,,,,,,,,,,,,,,,,,,,,,,,,,,,,,,,,,,,,,,,,,,,,,,,,,,,,,,,,,50.2856205,26.8536058,
12:06:42.250,,,,,,,,,,,,,,,,,,,,,,,,,,,,,,,,,,0.1,0,,,,0,0,,0.024906751332982865,1.2887397600833328,4.212075,126.567758,8736.943302999998,0,-0.01,,,,,22.82865167642018,,,,20,99,,25,,,,,131,0.1,,,,,,,0.08825985,,50.2856205,26.8536058,
12:06:42.314,,,,,,,,,,,,,,,,,,,,0,5.882352941176471,100,,,,,,,,,,5.882352941176471,,,,,,,,,12.549019607843137,,,,,,,,,,,,,0,,,,,,,,,,,,0.1,,17.6470588235294,100,,,,,,50.2856205,26.8536058,
12:06:42.377,,,,,,,,,,,,,,,,,,,,,,,9.33352336352478,36.7422,672.9085331800001,9843.710692130002,0.09824761435289242,0.38676,8.703851000000002,121.28161400000002,0,,5.882352941176471,,,0,0,,,,,,,,,,,,7.62354180385802,9.182172682110362,6.876831143678789,1.3881469730764493,,,47,,,,34400,,12000,0,0,,131,0.1,34400,17.6470588235294,,,,,,0,50.2856205,26.8536058,
12:06:42.454,,,,,,,,,,,,,,,,,,,34,,,,,,,,,,,,,,,,,,,,,,,,,,,,,,,,,,,,,,,,,,,,,,,,,,,,,58,,,50.2856205,26.8536058,
12:06:42.574,,,,,,,,,,,,,,,24,,,,,,,,,,,,,,,,,,,,,,,,,,,,,,,,,,,,,,,,,,,,,,,,,,,,,,,,,58,,,50.2856205,26.8536058,
12:06:42.625,,,,,,,,,,,,,,,,,,18.46875,,,,,,,,,,,,,,,,,,,,,,,,,,,,,,,,,,,,,,,,,,,,,,,,,,,,,,,,,50.2856205,26.8536058,
12:06:42.677,,,,,,,,,,,,,,,,1120,0.0625,,,,,,,,,,,,,,,,,,,,,,,,,,,,,,,,,,,,,,,,,,,,,,,,,,,,,,,,,,50.2856205,26.8536058,
12:06:42.825,,,,,,,,,355.97,60.5,,3.701,,,,,,,,,,,,,,,,,,,,,,,,,,,,,,,,,,,,,,,,,,,,,,,,,,,,7.393,,,,,,,,,,,50.2855869,26.8536916,
12:06:42.874,-12.099999999999909,,-12.399999999999864,,,,,,,,,,3.69,,,,,,,,,,,,,,,,,,,,,,,,,,,,,,,,,,,,,,,,,,,,,,,,,,,7.391,,,,,,,,,,,50.2855869,26.8536916,
12:06:42.913,,-12.199999999999818,,,,,,,,,,,,,,,,,,,,,,,,,,,,,,,,,,,,,,,,,,,,,,,,,,,,,,,,,,,,,,,,,,,,,,,,,50.2855869,26.8536916,
12:06:43.034,,,,,,,,,,,,,,,,,,,,,,,,,,,,,,,,,,0,0,,,,0,0,,0.016392361773063416,1.2941838718888883,4.217519,126.573202,8736.948746999999,0,-0.01,,,,,22.836995392273675,,,,20,99,,25,,,,,131,0,,,,,,,0,,50.2855869,26.8536916,
12:06:43.097,,,,,,,,,,,,,,,,,,,,0,5.882352941176471,100,,,,,,,,,,5.882352941176471,,,,,,,,,12.549019607843137,,,,,,,,,,,,,0,,,,,,,,,,,,0,,17.6470588235294,100,,,,,,50.2855869,26.8536916,
12:06:43.174,,,,,,,,,,,,,,,,,,,,,,,9.33352336352478,36.7422,672.9085331800001,9843.710692130002,0.09824761435289242,0.38676,8.703851000000002,121.28161400000002,0,,5.882352941176471,,,0,0,,,,,,,,,,,,7.591472625099089,9.170320275972674,6.876535366467226,1.3881461081209208,,,47,,,,34410,,12000,0,0,,131,0,34410,17.6470588235294,,,,,,0,50.2855869,26.8536916,
12:06:43.294,,,,,,,,,,,,,,,24,,,,,,,,,,,,,,,,,,,,,,,,,,,,,,,,,,,,,,,,,,,,,,,,,,,,,,,,,58,,,50.2855869,26.8536916,
12:06:43.333,,,,,,,,,,,,,,,,,,16.703125,,,,,,,,,,,,,,,,,,,,,,,,,,,,,,,,,,,,,,,,,,,,,,,,,,,,,,,,,50.2855869,26.8536916,
12:06:43.373,,,,,,,,,,,,,,,,1088,0.0625,,,,,,,,,,,,,,,,,,,,,,,,,,,,,,,,,,,,,,,,,,,,,,,,,,,,,,,,,,50.2855869,26.8536916,
12:06:43.486,,,,,,17,16,16,,,,,,,,,,,,,,,,,,,,,,,,,,,,,,,,,,,,,,,,,,,,,,,,,,,,,,,,,,,,,,,-34,,,,50.2855869,26.8536916,
12:06:43.534,,,,,,,,,356.13,60.5,,3.702,,,,,,,,,,,,,,,,,,,,,,,,,,,,,,,,,,,,,,,,,,,,,,,,,,,,7.392,,,,,,,,,,,50.2855869,26.8536916,
12:06:43.598,-11.75,,-12.049999999999955,,,,,,,,,,3.692,,,,,,,,,,,,,,,,,,,,,,,,,,,,,,,,,,,,,,,,,,,,,,,,,,,7.394,,,,,,,,,,,50.2855869,26.8536916,
12:06:43.661,,-10.049999999999955,,,,,,,,,,,,,,,,,,,,,,,,,,,,,,,,,,,,,,,,,,,,,,,,,,,,,,,,,,,,,,,,,,,,,,,,,50.2855869,26.8536916,
12:06:43.902,,,,,,,,,,,,,,,,,,,,,,,,,,,,,,,,,,0,0,,,,0,0,,0.008376558158619594,1.3002104864722217,4.223546,126.579229,8736.954773999998,0,-0.01,,,,,22.846157393680816,,,,20,99,,25,,,,,131,0,,,,,,,0,,50.2855524,26.8537772,
12:06:43.977,,,,,,,,,,,,,,,,,,,,0,5.882352941176471,100,,,,,,,,,,5.882352941176471,,,,,,,,,11.372549019607844,,,,,,,,,,,,,0,,,,,,,,,,,,0,,17.6470588235294,100,,,,,,50.2855524,26.8537772,
12:06:44.062,,,,,,,,,,,,,,,,,,,,,,,9.33352336352478,36.7422,672.9085331800001,9843.710692130002,0.09824761435289242,0.38676,8.703851000000002,121.28161400000002,0,,5.882352941176471,,,0,0,,,,,,,,,,,,7.556285338034876,9.157234229247178,6.876207944037961,1.3881451505382378,,,47,,,,34430,,12000,0,0,,131,0,34430,17.6470588235294,,,,,,0,50.2855524,26.8537772,
12:06:44.202,,,,,,,,,,,,,,,24,,,,,,,,,,,,,,,,,,,,,,,,,,,,,,,,,,,,,,,,,,,,,,,,,,,,,,,,,58,,,50.2855524,26.8537772,
12:06:44.243,,,,,,,,,,,,,,,,,,14.234375,,,,,,,,,,,,,,,,,,,,,,,,,,,,,,,,,,,,,,,,,,,,,,,,,,,,,,,,,50.2855524,26.8537772,
12:06:44.277,,,,,,,,,,,,,,,,864,0.046875,,,,,,,,,,,,,,,,,,,,,,,,,,,,,,,,,,,,,,,,,,,,,,,,,,,,,,,,,,50.2855524,26.8537772,
12:06:44.389,,,,,,,,,354.36,60.5,,3.701,,,,,,,,,,,,,,,,,,,,,,,,,,,,,,,,,,,,,,,,,,,,,,,,,,,,7.393,,,,,,,,,,,50.2855524,26.8537772,
12:06:44.438,-10.25,,-10.199999999999818,,,,,,,,,,3.693,,,,,,,,,,,,,,,,,,,,,,,,,,,,,,,,,,,,,,,,,,,,,,,,,,,7.394,,,,,,,,,,,50.2855524,26.8537772,
12:06:44.486,,-10.299999999999955,,,,,,,,,,,,,,,,,,,,,,,,,,,,,,,,,,,,,,,,,,,,,,,,,,,,,,,,,,,,,,,,,,,,,,,,,50.2855524,26.8537772,
12:06:44.581,,,,,,,,,,,,,,,,,,,,,,,,,,,,,,,,,,,,,,,,,,,,,,,,,,,,,,,,63,,,,,,,,,130,,,,,,,,,,50.2855524,26.8537772,
12:06:44.653,,,,,,,,,,,,,,,,,,,,,,,,,,,,,,,,,,0,0,,,,0,0,,0.00830089112217267,1.305636619305555,4.228972,126.584655,8736.9602,0,-0.01,,,,,22.857680429807683,,,,20,99,,26,,,,,130,0,,,,,,,0,,50.2855524,26.8537772,
12:06:44.734,,,,,,,,,,,,,,,,,,,,0,5.882352941176471,100,,,,,,,,,,5.882352941176471,,,,,,,,,11.372549019607844,,,,,,,,,,,,,0,,,,,,,,,,,,0,,17.6470588235294,100,,,,,,50.2855163,26.8538623,
12:06:44.805,,,,,,,,,,,,,,,,,,,,,,,9.33352336352478,36.7422,672.9085331800001,9843.710692130002,0.09824761435289242,0.38676,8.703851000000002,121.28161400000002,0,,5.882352941176471,,,0,0,,,,,,,,,,,,7.524881954149584,9.145485002028863,6.875913198167662,1.3881442884448534,,,47,,,,34440,,12000,0,0,,130,0,34440,17.6470588235294,,,,,,0,50.2855163,26.8538623,
12:06:44.953,,,,,,,,,,,,,,,24,,,,,,,,,,,,,,,,,,,,,,,,,,,,,,,,,,,,,,,,,,,,,,,,,,,,,,,,,58,,,50.2855163,26.8538623,
12:06:44.990,,,,,,,,,,,,,,,,,,13.65625,,,,,,,,,,,,,,,,,,,,,,,,,,,,,,,,,,,,,,,,,,,,,,,,,,,,,,,,,50.2855163,26.8538623,
12:06:45.053,,,,,,,,,,,,,,,,800,0.046875,,,,,,,,,,,,,,,,,,,,,,,,,,,,,,,,,,,,,,,,,,,,,,,,,,,,,,,,,,50.2855163,26.8538623,
12:06:45.162,,,,,17,,,,,,62.25,,,63.75,,,,,,,,,,,,,,,,,,,,,,,,,,,,,,,,,,,,,,,,,,,,,,,,,,,,,,,,124.25,-34,,,,50.2855163,26.8538623,
12:06:45.226,,,,,,,,,354.36,60.5,,3.702,,,,,,,,,,,,,,,,,,,,,,,,,,,,,,,,,,,,,,,,,,,,,,,,,,,,7.395,,,,,,,,,,,50.2855163,26.8538623,
12:06:45.278,-9.449999999999818,,-9.299999999999955,,,,,,,,,,3.695,,,,,,,,,,,,,,,,,,,,,,,,,,,,,,,,,,,,,,,,,,,,,,,,,,,7.397,,,,,,,,,,,50.2855163,26.8538623,
12:06:45.337,,-9.449999999999818,,,,,,,,,,,,,,,,,,,,,,,,,,,,,,,,,,,,,,,,,,,,,,,,,,,,,,,,,,,,,,,,,,,,,,,,,50.2855163,26.8538623,
12:06:45.477,,,,,,,,,,,,,,,,,,,,,,,,,,,,,,,,,,0,0,,,,0,0,,0.008777193912817035,1.311586729416666,4.234922,126.590605,8736.966149999998,0,-0.01,,,,,22.870219788607603,,,,20,99,,26,,,,,130,0,,,,,,,0,,50.2855163,26.8538623,
12:06:45.578,,,,,,,,,,,,,,,,,,,,0,5.882352941176471,100,,,,,,,,,,5.882352941176471,,,,,,,,,10.980392156862745,,,,,,,,,,,,,0,,,,,,,,,,,,0,,17.6470588235294,100,,,,,,50.2855163,26.8538623,
12:06:45.689,,,,,,,,,,,,,,,,,,,,,,,9.33352336352478,36.7422,672.9085331800001,9843.710692130002,0.09824761435289242,0.38676,8.703851000000002,121.28161400000002,0,,5.882352941176471,,,0,0,,,,,,,,,,,,7.490744771151235,9.132635736856546,6.87559001712647,1.3881433430985657,,,47,,,,34460,,12000,0,0,,130,0,34460,17.6470588235294,,,,,,0,50.2855163,26.8538623,
12:06:45.834,,,,,,,,,,,,,,,24,,,,,,,,,,,,,,,,,,,,,,,,,,,,,,,,,,,,,,,,,,,,,,,,,,,,,,,,,58,,,50.2854784,26.8539465,
12:06:45.882,,,,,,,,,,,,,,,,,,8.984375,,,,,,,,,,,,,,,,,,,,,,,,,,,,,,,,,,,,,,,,,,,,,,,,,,,,,,,,,50.2854784,26.8539465,
12:06:45.921,,,,,,,,,,,,,,,,704,0.03125,,,,,,,,,,,,,,,,,,,,,,,,,,,,,,,,,,,,,,,,,,,,,,,,,,,,,,,,,,50.2854784,26.8539465,
12:06:46.029,,,,,,,,,355.81,60.5,,3.709,,,,,,,,,,,,,,,,,,,,,,,,,,,,,,,,,,,,,,,,,,,,,,,,,,,,7.404,,,,,,,,,,,50.2854784,26.8539465,
12:06:46.095,-1.949999999999818,,-2.099999999999909,,,,,,,,,,3.701,,,,,,,,,,,,,,,,,,,,,,,,,,,,,,,,,,,,,,,,,,,,,,,,,,,7.41,,,,,,,,,,,50.2854784,26.8539465,
12:06:46.134,,-2.349999999999909,,,,,,,,,,,,,,,,,,,,,,,,,,,,,,,,,,,,,,,,,,,,,,,,,,,,,,,,,,,,,,,,,,,,,,,,,50.2854784,26.8539465,
12:06:46.274,,,,,,,,,,,,,,,,,,,,,,,,,,,,,,,,,,0,0,,,,0,0,,0.008743096762888796,1.3173433157499994,4.240679,126.596362,8736.971907,0,-0.01,,,,,22.882256431911003,,,,20,99,,26,,,,,130,0,,,,,,,0,,50.2854784,26.8539465,
12:06:46.349,,,,,,,,,,,,,,,,,,,,0,5.882352941176471,100,,,,,,,,,,5.882352941176471,,,,,,,,,8.627450980392156,,,,,,,,,,,,,0,,,,,,,,,,,,0,,17.6470588235294,100,,,,,,50.2854784,26.8539465,
12:06:46.430,,,,,,,,,,,,,,,,,,,,,,,9.33352336352478,36.7422,672.9085331800001,9843.710692130002,0.09824761435289242,0.38676,8.703851000000002,121.28161400000002,0,,5.882352941176471,,,0,0,,,,,,,,,,,,7.458011376249128,9.120237584594355,6.875277348017317,1.388142428417677,,,47,,,,34480,,12000,0,0,,130,0,34480,17.6470588235294,,,,,,0,50.2854784,26.8539465,
12:06:46.589,,,,,,,,,,,,,,,24,,,,,,,,,,,,,,,,,,,,,,,,,,,,,,,,,,,,,,,,,,,,,,,,,,,,,,,,,58,,,50.2854784,26.8539465,
12:06:46.626,,,,,,,,,,,,,,,,,,-52.28125,,,,,,,,,,,,,,,,,,,,,,,,,,,,,,,,,,,,,,,,,,,,,,,,,,,,,,,,,50.2854784,26.8539465,
12:06:46.689,,,,,,,,,,,,,,,,-3264,-0.203125,,,,,,,,,,,,,,,,,,,,,,,,,,,,,,,,,,,,,,,,,,,,,,,,,,,,,,,,,,50.2854784,26.8539465,
12:06:46.832,,,,,,,,,359.35,60.5,,3.751,,,,,,,,,,,,,,,,,,,,,,,,,,,,,,,,,,,,,,,,,,,,,,,,,,,,7.452,,,,,,,,,,,50.2854405,26.8540284,
12:06:46.881,23.75,,23.850000000000136,,,,,,,,,,3.747,,,,,,,,,,,,,,,,,,,,,,,,,,,,,,,,,,,,,,,,,,,,,,,,,,,7.498,,,,,,,,,,,50.2854405,26.8540284,
12:06:46.929,,25,,,,,,,,,,,,,,,,,,,,,,,,,,,,,,,,,,,,,,,,,,,,,,,,,,,,,,,,,,,,,,,,,,,,,,,,,50.2854405,26.8540284,
12:06:47.073,,,,,,,,,,,,,,,,,,,,,,,,,,,,,,,,,,0,0,,,,0,0,,0,1.3228892976944437,4.246225,126.601908,8736.977453,0,-0.01,,,,,22.890385512294955,,,,20,99,,25,,,,,130,0,,,,,,,0,,50.2854405,26.8540284,
12:06:47.158,,,,,,,,,,,,,,,,,,,,0,5.882352941176471,100,,,,,,,,,,5.882352941176471,,,,,,,,,0,,,,,,,,,,,,,0,,,,,,,,,,,,0,,17.6470588235294,100,,,,,,50.2854405,26.8540284,
12:06:47.221,,,,,,,,,,,,,,,,,,,,,,,9.33352336352478,36.7422,672.9085331800001,9843.710692130002,0.09824761435289242,0.38676,8.703851000000002,121.28161400000002,0,,5.882352941176471,,,0,0,,,,,,,,,,,,7.426744968314447,9.108325630412898,6.874976165446102,1.3881415472619285,,,47,,,,34500,,12000,0,0,,130,0,34500,17.6470588235294,,,,,,0,50.2854405,26.8540284,
12:06:47.498,,,,,,,,,,,,,,,24,,,,,,,,,,,,,,,,,,,,,,,,,,,,,,,,,,,,,,,,,,,,,,,,,,,,,,,,,58,,,50.2854405,26.8540284,
12:06:47.541,,,,,,,,,,,,,,,,,,-71.40625,,,,,,,,,,,,,,,,,,,,,,,,,,,,,,,,,,,,,,,,,,,,,,,,,,,,,,,,,50.2854405,26.8540284,
12:06:47.590,,,,,,,,,,,,,,,,-4800,-0.296875,,,,,,,,,,,,,,,,,,,,,,,,,,,,,,,,,,,,,,,,,,,,,,,,,,,,,,,,,,50.2854405,26.8540284,
12:06:47.698,,,,,,,,,361.92,60.5,,3.763,,,,,,,,,,,,,,,,,,,,,,,,,,,,,,,,,,,,,,,,,,,,,,,,,,,,7.51,,,,,,,,,,,50.2854405,26.8540284,
12:06:47.750,23.90000000000009,,24.200000000000045,,,,,,,,,,3.752,,,,,,,,,,,,,,,,,,,,,,,,,,,,,,,,,,,,,,,,,,,,,,,,,,,7.515,,,,,,,,,,,50.2854052,26.8541039,
12:06:47.787,,24.550000000000182,,,,,,,,,,,,,,,,,,,,,,,,,,,,,,,,,,,,,,,,,,,,,,,,,,,,,,,,,,,,,,,,,,,,,,,,,50.2854052,26.8541039,
12:06:47.909,,,,,,,,,,,,,,,,,,,,,,,,,,,,,,,,,,0,0,,,,0,0,,-0.03479545570650129,1.327994097027777,4.25133,126.607013,8736.982557999998,0,-0.01,,,,,22.886824909884496,,,,20,99,,22,,,,,130,0,,,,,,,0,,50.2854052,26.8541039,
12:06:47.973,,,,,,,,,,,,,,,,,,,,0,5.882352941176471,100,,,,,,,,,,5.882352941176471,,,,,,,,,0,,,,,,,,,,,,,0,,,,,,,,,,,,0,,17.6470588235294,100,,,,,,50.2854052,26.8541039,
12:06:48.062,,,,,,,,,,,,,,,,,,,,,,,9.33352336352478,36.7422,672.9085331800001,9843.710692130002,0.09824761435289242,0.38676,8.703851000000002,121.28161400000002,0,,5.882352941176471,,,0,0,,,,,,,,,,,,7.398196616444555,9.09738834670562,6.874698955262456,1.388140736173827,,,47,,,,34510,,12000,0,0,,130,0,34510,17.6470588235294,,,,,,0,50.2854052,26.8541039,
12:06:48.197,,,,,,,,,,,,,,,24,,,,,,,,,,,,,,,,,,,,,,,,,,,,,,,,,,,,,,,,,,,,,,,,,,,,,,,,,58,,,50.2854052,26.8541039,
12:06:48.235,,,,,,,,,,,,,,,,,,-69.4375,,,,,,,,,,,,,,,,,,,,,,,,,,,,,,,,,,,,,,,,,,,,,,,,,,,,,,,,,50.2854052,26.8541039,
12:06:48.275,,,,,,,,,,,,,,,,-4448,-0.28125,,,,,,,,,,,,,,,,,,,,,,,,,,,,,,,,,,,,,,,,,,,,,,,,,,,,,,,,,,50.2854052,26.8541039,
12:06:48.386,,,,,,,,,361.6,60.5,,3.761,,,,,,,,,,,,,,,,,,,,,,,,,,,,,,,,,,,,,,,,,,,,,,,,,,,,7.513,,,,,,,,,,,50.2854052,26.8541039,
12:06:48.458,21,,21.050000000000182,,,,,,,,,,3.754,,,,,,,,,,,,,,,,,,,,,,,,,,,,,,,,,,,,,,,,,,,,,,,,,,,7.515,,,,,,,,,,,50.2854052,26.8541039,
12:06:48.505,,20.90000000000009,,,,,,,,,,,,,,,,,,,,,,,,,,,,,,,,,,,,,,,,,,,,,,,,,,,,,,,,,,,,,,,,,,,,,,,,,50.2854052,26.8541039,
12:06:48.601,,,,,,,,,,,,,,,,,,,,,,,,,,,,,,,,,,,,,,,,,,,,,,,,,,,,,,,,63,,,,,,,,,130,,,,,,,,,,50.2854052,26.8541039,
12:06:48.674,,,,,,,,,,,,,,,,,,,,,,,,,,,,,,,,,,0.02,0,,,,0,0,,-0.05316396320861612,1.3322464548055548,4.255582,126.611265,8736.986809999999,0,-0.01,,,,,22.876285381488955,,,,20,99,,20,,,,,130,0.02,,,,,,,0.01765197,,50.2854052,26.8541039,
12:06:48.758,,,,,,,,,,,,,,,,,,,,0,5.882352941176471,100,,,,,,,,,,5.882352941176471,,,,,,,,,0,,,,,,,,,,,,,0,,,,,,,,,,,,0.02,,17.6470588235294,100,,,,,,50.2853747,26.8541714,
12:06:48.846,,,,,,,,,,,,,,,,,,,,,,,9.33352336352478,36.7422,672.9085331800001,9843.710692130002,0.09824761435289242,0.38676,8.703851000000002,121.28161400000002,0,,5.882352941176471,,,0,0,,,,,,,,,,,,7.374582533021785,9.088298615794502,6.874468081493382,1.3881400606120413,,,47,,,,34530,,12000,0,0,,130,0.02,34530,17.6470588235294,,,,,,0,50.2853747,26.8541714,
12:06:48.926,,,,,,,,,,,,,,,,,,,34,,,,,,,,,,,,,,,,,,,,,,,,,,,,,,,,,,,,,,,,,,,,,,,,,,,,,58,,,50.2853747,26.8541714,
12:06:49.033,,,,,,,,,,,,,,,24,,,,,,,,,,,,,,,,,,,,,,,,,,,,,,,,,,,,,,,,,,,,,,,,,,,,,,,,,58,,,50.2853747,26.8541714,
12:06:49.082,,,,,,,,,,,,,,,,,,-66.4375,,,,,,,,,,,,,,,,,,,,,,,,,,,,,,,,,,,,,,,,,,,,,,,,,,,,,,,,,50.2853747,26.8541714,
12:06:49.121,,,,,,,,,,,,,,,,-4224,-0.265625,,,,,,,,,,,,,,,,,,,,,,,,,,,,,,,,,,,,,,,,,,,,,,,,,,,,,,,,,,50.2853747,26.8541714,
12:06:49.242,,,,,,,,,361.44,60.5,,3.76,,,,,,,,,,,,,,,,,,,,,,,,,,,,,,,,,,,,,,,,,,,,,,,,,,,,7.514,,,,,,,,,,,50.2853747,26.8541714,
12:06:49.345,17.550000000000182,,17.5,,,,,,,,,,3.751,,,,,,,,,,,,,,,,,,,,,,,,,,,,,,,,,,,,,,,,,,,,,,,,,,,7.511,,,,,,,,,,,50.2853747,26.8541714,
12:06:49.454,,17.300000000000182,,,,,,,,,,,,,,,,,,,,,,,,,,,,,,,,,,,,,,,,,,,,,,,,,,,,,,,,,,,,,,,,,,,,,,,,,50.2853747,26.8541714,
12:06:49.584,,,,,,,,,,,,,,,,,,,,,,,,,,,,,,,,,,0.02,0,,,,0,0,,-0.06844820977972957,1.3368018793055547,4.260137,126.61582,8736.991364999998,0,-0.01,,,,,22.85518631789088,,,,20,99,,18,,,,,130,0.02,,,,,,,0.01765197,,50.2853747,26.8541714,
12:06:49.669,,,,,,,,,,,,,,,,,,,,0,5.882352941176471,100,,,,,,,,,,5.882352941176471,,,,,,,,,0,,,,,,,,,,,,,0,,,,,,,,,,,,0.02,,17.6470588235294,100,,,,,,50.2853747,26.8541714,
12:06:49.741,,,,,,,,,,,,,,,,,,,,,,,9.33352336352478,36.7422,672.9085331800001,9843.710692130002,0.09824761435289242,0.38676,8.703851000000002,121.28161400000002,0,,5.882352941176471,,,0,0,,,,,,,,,,,,7.349452141998062,9.07858127567259,6.874220772728085,1.3881393369100583,,,47,,,,34550,,12000,0,0,,130,0.02,34550,17.6470588235294,,,,,,0,50.2853479,26.8542304,
12:06:49.865,,,,,,,,,,,,,,,24,,,,,,,,,,,,,,,,,,,,,,,,,,,,,,,,,,,,,,,,,,,,,,,,,,,,,,,,,58,,,50.2853479,26.8542304,
12:06:49.901,,,,,,,,,,,,,,,,,,-59.8125,,,,,,,,,,,,,,,,,,,,,,,,,,,,,,,,,,,,,,,,,,,,,,,,,,,,,,,,,50.2853479,26.8542304,
12:06:49.942,,,,,,,,,,,,,,,,-3872,-0.25,,,,,,,,,,,,,,,,,,,,,,,,,,,,,,,,,,,,,,,,,,,,,,,,,,,,,,,,,,50.2853479,26.8542304,
12:06:50.026,,,,-100,,,,,,,,,,,,,,,,,,,,,,,,,,,,,,,,,,,,,,,,,,,,,,,,,,,,,,,,,,,,,,,,,,,-34,,,,50.2853479,26.8542304,
12:06:50.145,,,,,,,,,361.12,60.5,,3.759,,,,,,,,,,,,,,,,,,,,,,,,,,,,,,,,,,,,,,,,,,,,,,,,,,,,7.51,,,,,,,,,,,50.2853479,26.8542304,
12:06:50.218,12.800000000000182,,12.700000000000045,,,,,,,,,,3.748,,,,,,,,,,,,,,,,,,,,,,,,,,,,,,,,,,,,,,,,,,,,,,,,,,,7.507,,,,,,,,,,,50.2853479,26.8542304,
12:06:50.246,,12.800000000000182,,,,,,,,,,,,,,,,,,,,,,,,,,,,,,,,,,,,,,,,,,,,,,,,,,,,,,,,,,,,,,,,,,,,,,,,,50.2853479,26.8542304,
12:06:50.390,,,,,,,,,,,,,,,,,,,,,,,,,,,,,,,,,,0,0,,,,0,0,,-0.07685954270994558,1.3403736561944437,4.263709,126.619392,8736.994937,0,-0.01,,,,,22.829121966141898,,,,20,99,,16,,,,,130,0,,,,,,,0,,50.2853479,26.8542304,
12:06:50.465,,,,,,,,,,,,,,,,,,,,0,5.882352941176471,100,,,,,,,,,,5.882352941176471,,,,,,,,,0,,,,,,,,,,,,,0,,,,,,,,,,,,0,,17.6470588235294,100,,,,,,50.2853479,26.8542304,
12:06:50.525,,,,,,,,,,,,,,,,,,,,,,,9.33352336352478,36.7422,672.9085331800001,9843.710692130002,0.09824761435289242,0.38676,8.703851000000002,121.28161400000002,0,,5.882352941176471,,,0,0,,,,,,,,,,,,7.329867600638665,9.070975528583212,6.8740268473252515,1.3881387693884162,,,47,,,,34570,,12000,0,0,,130,0,34570,17.6470588235294,,,,,,0,50.2853479,26.8542304,
12:06:50.674,,,,,,,,,,,,,,,24,,,,,,,,,,,,,,,,,,,,,,,,,,,,,,,,,,,,,,,,,,,,,,,,,,,,,,,,,58,,,50.2853479,26.8542304,
12:06:50.722,,,,,,,,,,,,,,,,,,-51.140625,,,,,,,,,,,,,,,,,,,,,,,,,,,,,,,,,,,,,,,,,,,,,,,,,,,,,,,,,50.2853254,26.8542836,
12:06:50.770,,,,,,,,,,,,,,,,-3200,-0.203125,,,,,,,,,,,,,,,,,,,,,,,,,,,,,,,,,,,,,,,,,,,,,,,,,,,,,,,,,,50.2853254,26.8542836,
12:06:50.902,,,,,,,,,360.47,61,,3.753,,,,,,,,,,,,,,,,,,,,,,,,,,,,,,,,,,,,,,,,,,,,,,,,,,,,7.501,,,,,,,,,,,50.2853254,26.8542836,
12:06:50.953,9.200000000000045,,9.150000000000091,,,,,,,,,,3.743,,,,,,,,,,,,,,,,,,,,,,,,,,,,,,,,,,,,,,,,,,,,,,,,,,,7.496,,,,,,,,,,,50.2853254,26.8542836,
12:06:50.991,,8.950000000000045,,,,,,,,,,,,,,,,,,,,,,,,,,,,,,,,,,,,,,,,,,,,,,,,,,,,,,,,,,,,,,,,,,,,,,,,,50.2853254,26.8542836,
12:06:51.114,,,,,,,,,,,,,,,,,,,,,,,,,,,,,,,,,,0,0,,,,0,0,,-0.07071486154789627,1.3431910791944437,4.266526,126.622209,8736.997753999998,0,-0.01,,,,,22.798962834839227,,,,20,99,,14,,,,,130,0,,,,,,,0,,50.2853254,26.8542836,
12:06:51.209,,,,,,,,,,,,,,,,,,,,0,5.882352941176471,100,,,,,,,,,,5.882352941176471,,,,,,,,,0,,,,,,,,,,,,,0,,,,,,,,,,,,0,,17.6470588235294,100,,,,,,50.2853254,26.8542836,
12:06:51.319,,,,,,,,,,,,,,,,,,,,,,,9.33352336352478,36.7422,672.9085331800001,9843.710692130002,0.09824761435289242,0.38676,8.703851000000002,121.28161400000002,0,,5.882352941176471,,,0,0,,,,,,,,,,,,7.314492768356888,9.0649863612691,6.87387391891102,1.3881383218219843,,,47,,,,34580,,12000,0,0,,130,0,34580,17.6470588235294,,,,,,0,50.2853254,26.8542836,
12:06:51.501,,,,,,,,,,,,,,,24,,,,,,,,,,,,,,,,,,,,,,,,,,,,,,,,,,,,,,,,,,,,,,,,,,,,,,,,,58,,,50.2853254,26.8542836,
12:06:51.550,,,,,,,,,,,,,,,,,,-43.296875,,,,,,,,,,,,,,,,,,,,,,,,,,,,,,,,,,,,,,,,,,,,,,,,,,,,,,,,,50.2853254,26.8542836,
12:06:51.586,,,,,,,,,,,,,,,,-2816,-0.171875,,,,,,,,,,,,,,,,,,,,,,,,,,,,,,,,,,,,,,,,,,,,,,,,,,,,,,,,,,50.2853254,26.8542836,
12:06:51.714,,,,,,17,16,16,,,,,,,,,,,,,,,,,,,,,,,,,,,,,,,,,,,,,,,,,,,,,,,,,,,,,,,,,,,,,,,-34,,,,50.2853254,26.8542836,
12:06:51.773,,,,,17,,,,,,60.5,,,63.75,,,,,,,,,,,,,,,,,,,,,,,,,,,,,,,,,,,,,,,,,,,,,,,,,,,,,,,,126,-34,,,,50.2853055,26.8543295,
12:06:51.833,,,,,,,,,358.7,61,,3.749,,,,,,,,,,,,,,,,,,,,,,,,,,,,,,,,,,,,,,,,,,,,,,,,,,,,7.492,,,,,,,,,,,50.2853055,26.8543295,
12:06:51.894,6.2000000000000455,,6.150000000000091,,,,,,,,,,3.74,,,,,,,,,,,,,,,,,,,,,,,,,,,,,,,,,,,,,,,,,,,,,,,,,,,7.489,,,,,,,,,,,50.2853055,26.8543295,
12:06:51.933,,6.400000000000091,,,,,,,,,,,,,,,,,,,,,,,,,,,,,,,,,,,,,,,,,,,,,,,,,,,,,,,,,,,,,,,,,,,,,,,,,50.2853055,26.8543295,
12:06:52.042,,,,,,,,,,,,,,,,,,,,,,,,,,,,,,,,,,0,0,,,,0,0,,-0.05888062241195488,1.3465444187222215,4.269879,126.625562,8737.001106999998,0,-0.01,,,,,22.756246475492365,,,,20,99,,13,,,,,130,0,,,,,,,0,,50.2853055,26.8543295,
12:06:52.119,,,,,,,,,,,,,,,,,,,,0,5.882352941176471,100,,,,,,,,,,5.882352941176471,,,,,,,,,0,,,,,,,,,,,,,0,,,,,,,,,,,,0,,17.6470588235294,100,,,,,,50.2853055,26.8543295,
12:06:52.206,,,,,,,,,,,,,,,,,,,,,,,9.33352336352478,36.7422,672.9085331800001,9843.710692130002,0.09824761435289242,0.38676,8.703851000000002,121.28161400000002,0,,5.882352941176471,,,0,0,,,,,,,,,,,,7.296277269941283,9.057867916163431,6.873691901166055,1.388137789095968,,,47,,,,34600,,12000,0,0,,130,0,34600,17.6470588235294,,,,,,0,50.2853055,26.8543295,
12:06:52.342,,,,,,,,,,,,,,,24,,,,,,,,,,,,,,,,,,,,,,,,,,,,,,,,,,,,,,,,,,,,,,,,,,,,,,,,,58,,,50.2853055,26.8543295,
12:06:52.378,,,,,,,,,,,,,,,,,,-36.59375,,,,,,,,,,,,,,,,,,,,,,,,,,,,,,,,,,,,,,,,,,,,,,,,,,,,,,,,,50.2853055,26.8543295,
12:06:52.430,,,,,,,,,,,,,,,,-2304,-0.140625,,,,,,,,,,,,,,,,,,,,,,,,,,,,,,,,,,,,,,,,,,,,,,,,,,,,,,,,,,50.2853055,26.8543295,
12:06:52.525,,,,,,,,,358.22,61,,3.747,,,,,,,,,,,,,,,,,,,,,,,,,,,,,,,,,,,,,,,,,,,,,,,,,,,,7.487,,,,,,,,,,,50.2853055,26.8543295,
12:06:52.597,4.5,,4.300000000000182,,,,,,,,,,3.737,,,,,,,,,,,,,,,,,,,,,,,,,,,,,,,,,,,,,,,,,,,,,,,,,,,7.484,,,,,,,,,,,50.2853055,26.8543295,
12:06:52.645,,4.4500000000000455,,,,,,,,,,,,,,,,,,,,,,,,,,,,,,,,,,,,,,,,,,,,,,,,,,,,,,,,,,,,,,,,,,,,,,,,,50.2853055,26.8543295,
12:06:52.768,,,,,,,,,,,,,,,,,,,,,,,,,,,,,,,,,,,,,,,,,,,,,,,,,,,,,,,,63,,,,,,,,,130,,,,,,,,,,50.2852878,26.8543684,
12:06:52.842,,,,,,,,,,,,,,,,,,,,,,,,,,,,,,,,,,0.08,0,,,,0,0,,-0.0608679412533203,1.3489874019999992,4.272322,126.628005,8737.00355,0,-0.01,,,,,22.712287306772062,,,,20,99,,11,,,,,130,0.08,,,,,,,0.07060788,,50.2852878,26.8543684,
12:06:52.933,,,,,,,,,,,,,,,,,,,,0,5.882352941176471,100,,,,,,,,,,5.882352941176471,,,,,,,,,0,,,,,,,,,,,,,0,,,,,,,,,,,,0.08,,17.6470588235294,100,,,,,,50.2852878,26.8543684,
12:06:53.030,,,,,,,,,,,,,,,,,,,,,,,9.33352336352478,36.7422,672.9085331800001,9843.710692130002,0.09824761435289242,0.38676,8.703851000000002,121.28161400000002,0,,5.882352941176471,,,0,0,,,,,,,,,,,,7.2830638897910545,9.052688444363511,6.8735592888792665,1.3881374009513827,,,47,,,,34610,,12000,0,0,,130,0.08,34610,17.6470588235294,,,,,,0,50.2852878,26.8543684,
12:06:53.174,,,,,,,,,,,,,,,24,,,,,,,,,,,,,,,,,,,,,,,,,,,,,,,,,,,,,,,,,,,,,,,,,,,,,,,,,58,,,50.2852878,26.8543684,
12:06:53.209,,,,,,,,,,,,,,,,,,-28.046875,,,,,,,,,,,,,,,,,,,,,,,,,,,,,,,,,,,,,,,,,,,,,,,,,,,,,,,,,50.2852878,26.8543684,
12:06:53.257,,,,,,,,,,,,,,,,-1664,-0.109375,,,,,,,,,,,,,,,,,,,,,,,,,,,,,,,,,,,,,,,,,,,,,,,,,,,,,,,,,,50.2852878,26.8543684,
12:06:53.378,,,,,,,,,359.67,61,,3.74,,,,,,,,,,,,,,,,,,,,,,,,,,,,,,,,,,,,,,,,,,,,,,,,,,,,7.477,,,,,,,,,,,50.2852878,26.8543684,
12:06:53.429,2.2000000000000455,,1.9500000000000455,,,,,,,,,,3.734,,,,,,,,,,,,,,,,,,,,,,,,,,,,,,,,,,,,,,,,,,,,,,,,,,,7.474,,,,,,,,,,,50.2852878,26.8543684,
12:06:53.467,,1.4500000000000455,,,,,,,,,,,,,,,,,,,,,,,,,,,,,,,,,,,,,,,,,,,,,,,,,,,,,,,,,,,,,,,,,,,,,,,,,50.2852878,26.8543684,
12:06:53.606,,,,,,,,,,,,,,,,,,,,,,,,,,,,,,,,,,0,0,,,,0,0,,-0.04403512462495808,1.3513235233333325,4.274658,126.630341,8737.005885999999,0,-0.01,,,,,22.670557412047636,,,,20,99,,11,,,,,130,0,,,,,,,0,,50.2852878,26.8543684,
12:06:53.670,,,,,,,,,,,,,,,,,,,,0,5.882352941176471,100,,,,,,,,,,5.882352941176471,,,,,,,,,1.9607843137254901,,,,,,,,,,,,,0,,,,,,,,,,,,0,,17.6470588235294,100,,,,,,50.2852878,26.8543684,
12:06:53.733,,,,,,,,,,,,,,,,,,,,,,,9.33352336352478,36.7422,672.9085331800001,9843.710692130002,0.09824761435289242,0.38676,8.703851000000002,121.28161400000002,0,,5.882352941176471,,,0,0,,,,,,,,,,,,7.270473181029467,9.047741363168704,6.873432489611634,1.3881370298071931,,,47,,,,34630,,12000,0,0,,130,0,34630,17.6470588235294,,,,,,0,50.2852711,26.854405,
12:06:53.842,,,,,,,,,,,,,,,24,,,,,,,,,,,,,,,,,,,,,,,,,,,,,,,,,,,,,,,,,,,,,,,,,,,,,,,,,58,,,50.2852711,26.854405,
12:06:53.889,,,,,,,,,,,,,,,,,,-13.96875,,,,,,,,,,,,,,,,,,,,,,,,,,,,,,,,,,,,,,,,,,,,,,,,,,,,,,,,,50.2852711,26.854405,
12:06:53.926,,,,,,,,,,,,,,,,-704,-0.046875,,,,,,,,,,,,,,,,,,,,,,,,,,,,,,,,,,,,,,,,,,,,,,,,,,,,,,,,,,50.2852711,26.854405,
12:06:54.053,,,,,,,,,360.15000000000003,61,,3.736,,,,,,,,,,,,,,,,,,,,,,,,,,,,,,,,,,,,,,,,,,,,,,,,,,,,7.47,,,,,,,,,,,50.2852711,26.854405,
12:06:54.139,-0.8999999999998636,,-0.7999999999999545,,,,,,,,,,3.729,,,,,,,,,,,,,,,,,,,,,,,,,,,,,,,,,,,,,,,,,,,,,,,,,,,7.465,,,,,,,,,,,50.2852711,26.854405,
12:06:54.177,,-0.4499999999998181,,,,,,,,,,,,,,,,,,,,,,,,,,,,,,,,,,,,,,,,,,,,,,,,,,,,,,,,,,,,,,,,,,,,,,,,,50.2852711,26.854405,
12:06:54.275,,,,,,,,,,,,,,,,,,,,,,,,,,,,,,,,,,0,0,,,,0,0,,-0.02688423321706854,1.3533684276111102,4.276703,126.632386,8737.007930999998,0,-0.01,,,,,22.63427280676399,,,,21,99,,11,,,,,131,0,,,,,,,0,,50.2852711,26.854405,
12:06:54.358,,,,,,,,,,,,,,,,,,,,0,5.882352941176471,100,,,,,,,,,,5.882352941176471,,,,,,,,,4.313725490196078,,,,,,,,,,,,,0,,,,,,,,,,,,0,,17.6470588235294,100,,,,,,50.2852711,26.854405,
12:06:54.434,,,,,,,,,,,,,,,,,,,,,,,9.33352336352478,36.7422,672.9085331800001,9843.710692130002,0.09824761435289242,0.38676,8.703851000000002,121.28161400000002,0,,5.882352941176471,,,0,0,,,,,,,,,,,,7.259487686314182,9.043414985796302,6.873321489812253,1.3881367048973101,,,47,,,,34640,,12000,0,0,,131,0,34640,17.6470588235294,,,,,,0,50.2852711,26.854405,
12:06:54.570,,,,,,,,,,,,,,,24,,,,,,,,,,,,,,,,,,,,,,,,,,,,,,,,,,,,,,,,,,,,,,,,,,,,,,,,,58,,,50.2852711,26.854405,
12:06:54.605,,,,,,,,,,,,,,,,,,3.515625,,,,,,,,,,,,,,,,,,,,,,,,,,,,,,,,,,,,,,,,,,,,,,,,,,,,,,,,,50.2852711,26.854405,
12:06:54.641,,,,,,,,,,,,,,,,224,0,,,,,,,,,,,,,,,,,,,,,,,,,,,,,,,,,,,,,,,,,,,,,,,,,,,,,,,,,,50.2852711,26.854405,
12:06:54.898,,,,,,,,,357.42,61,,3.733,,,,,,,,,,,,,,,,,,,,,,,,,,,,,,,,,,,,,,,,,,,,,,,,,,,,7.462,,,,,,,,,,,50.2852544,26.8544416,
12:06:54.974,-3.349999999999909,,-3.2999999999999545,,,,,,,,,,3.723,,,,,,,,,,,,,,,,,,,,,,,,,,,,,,,,,,,,,,,,,,,,,,,,,,,7.456,,,,,,,,,,,50.2852544,26.8544416,
12:06:55.009,,-3,,,,,,,,,,,,,,,,,,,,,,,,,,,,,,,,,,,,,,,,,,,,,,,,,,,,,,,,,,,,,,,,,,,,,,,,,50.2852544,26.8544416,
12:06:55.133,,,,,,,,,,,,,,,,,,,,,,,,,,,,,,,,,,0,0,,,,0,0,,-0.018326208348691253,1.3559911270555547,4.279326,126.635009,8737.010553999999,0,-0.01,,,,,22.58806479741398,,,,21,99,,11,,,,,131,0,,,,,,,0,,50.2852544,26.8544416,
12:06:55.218,,,,,,,,,,,,,,,,,,,,0,5.882352941176471,100,,,,,,,,,,5.882352941176471,,,,,,,,,4.313725490196078,,,,,,,,,,,,,0,,,,,,,,,,,,0,,17.6470588235294,100,,,,,,50.2852544,26.8544416,
12:06:55.281,,,,,,,,,,,,,,,,,,,,,,,9.33352336352478,36.7422,672.9085331800001,9843.710692130002,0.09824761435289242,0.38676,8.703851000000002,121.28161400000002,0,,5.882352941176471,,,0,0,,,,,,,,,,,,7.2454466989198245,9.037871851782267,6.873179122212565,1.3881362881549295,,,47,,,,34660,,12000,0,0,,131,0,34660,17.6470588235294,,,,,,0,50.2852544,26.8544416,
12:06:55.341,,,,,,,,,,,,,,,,,,,34,,,,,,,,,,,,,,,,,,,,,,,,,,,,,,,,,,,,,,,,,,,,,,,,,,,,,58,,,50.2852544,26.8544416,
12:06:55.442,,,,,,,,,,,,,,,24,,,,,,,,,,,,,,,,,,,,,,,,,,,,,,,,,,,,,,,,,,,,,,,,,,,,,,,,,58,,,50.2852544,26.8544416,
12:06:55.477,,,,,,,,,,,,,,,,,,-0.5,,,,,,,,,,,,,,,,,,,,,,,,,,,,,,,,,,,,,,,,,,,,,,,,,,,,,,,,,50.2852544,26.8544416,
12:06:55.518,,,,,,,,,,,,,,,,-32,-0.015625,,,,,,,,,,,,,,,,,,,,,,,,,,,,,,,,,,,,,,,,,,,,,,,,,,,,,,,,,,50.2852544,26.8544416,
12:06:55.638,,,,,,,,,357.25,61,,3.733,,,,,,,,,,,,,,,,,,,,,,,,,,,,,,,,,,,,,,,,,,,,,,,,,,,,7.456,,,,,,,,,,,50.2852544,26.8544416,
12:06:55.702,-2.349999999999909,,-2.699999999999818,,,,,,,,,,3.723,,,,,,,,,,,,,,,,,,,,,,,,,,,,,,,,,,,,,,,,,,,,,,,,,,,7.456,,,,,,,,,,,50.2852544,26.8544416,
12:06:55.738,,-2.1499999999998636,,,,,,,,,,,,,,,,,,,,,,,,,,,,,,,,,,,,,,,,,,,,,,,,,,,,,,,,,,,,,,,,,,,,,,,,,50.2852374,26.85448,
12:06:55.886,,,,,,,,,,,,,,,,,,,,,,,,,,,,,,,,,,0,0,,,,0,0,,0.00930427601647657,1.3585029290555546,4.281838,126.63752099999999,8737.013066,0,-0.01,,,,,22.551274672546704,,,,21,99,,12,,,,,131,0,,,,,,,0,,50.2852374,26.85448,
12:06:55.973,,,,,,,,,,,,,,,,,,,,0,5.882352941176471,100,,,,,,,,,,5.882352941176471,,,,,,,,,4.705882352941177,,,,,,,,,,,,,0,,,,,,,,,,,,0,,17.6470588235294,100,,,,,,50.2852374,26.85448,
12:06:56.046,,,,,,,,,,,,,,,,,,,,,,,9.33352336352478,36.7422,672.9085331800001,9843.710692130002,0.09824761435289242,0.38676,8.703851000000002,121.28161400000002,0,,5.882352941176471,,,0,0,,,,,,,,,,,,7.2320502408629475,9.03256965817016,6.873042784847314,1.3881358890484694,,,47,,,,34680,,12000,0,0,,131,0,34680,17.6470588235294,,,,,,0,50.2852374,26.85448,
12:06:56.169,,,,,,,,,,,,,,,24,,,,,,,,,,,,,,,,,,,,,,,,,,,,,,,,,,,,,,,,,,,,,,,,,,,,,,,,,58,,,50.2852374,26.85448,
12:06:56.207,,,,,,,,,,,,,,,,,,-1.640625,,,,,,,,,,,,,,,,,,,,,,,,,,,,,,,,,,,,,,,,,,,,,,,,,,,,,,,,,50.2852374,26.85448,
12:06:56.254,,,,,,,,,,,,,,,,-128,-0.015625,,,,,,,,,,,,,,,,,,,,,,,,,,,,,,,,,,,,,,,,,,,,,,,,,,,,,,,,,,50.2852374,26.85448,
12:06:56.361,,,,,,,,,358.86,61,,3.731,,,,,,,,,,,,,,,,,,,,,,,,,,,,,,,,,,,,,,,,,,,,,,,,,,,,7.454,,,,,,,,,,,50.2852374,26.85448,
12:06:56.425,-3.0499999999999545,,-2.7999999999999545,,,,,,,,,,3.724,,,,,,,,,,,,,,,,,,,,,,,,,,,,,,,,,,,,,,,,,,,,,,,,,,,7.455,,,,,,,,,,,50.2852374,26.85448,
12:06:56.465,,-2.7999999999999545,,,,,,,,,,,,,,,,,,,,,,,,,,,,,,,,,,,,,,,,,,,,,,,,,,,,,,,,,,,,,,,,,,,,,,,,,50.2852374,26.85448,
12:06:56.721,,,,,,,,,,,,,,,,,,,,,,,,,,,,,,,,,,,,,,,,,,,,,,,,,,,,,,,,63,,,,,,,,,131,,,,,,,,,,50.2852191,26.8545214,
12:06:56.781,,,,,,,,,,,,,,,,,,,,,,,,,,,,,,,,,,0.07,0,,,,0,0,,0.008919485192976178,1.3614837677222213,4.284819,126.640502,8737.016047,0,-0.01,,,,,22.507944987617627,,,,21,99,,12,,,,,131,0.07,,,,,,,0.061781895,,50.2852191,26.8545214,
12:06:56.846,,,,,,,,,,,,,,,,,,,,0,5.882352941176471,100,,,,,,,,,,5.882352941176471,,,,,,,,,5.490196078431373,,,,,,,,,,,,,0,,,,,,,,,,,,0.07,,17.6470588235294,100,,,,,,50.2852191,26.8545214,
12:06:56.922,,,,,,,,,,,,,,,,,,,,,,,9.33352336352478,36.7422,672.9085331800001,9843.710692130002,0.09824761435289242,0.38676,8.703851000000002,121.28161400000002,0,,5.882352941176471,,,0,0,,,,,,,,,,,,7.216216357633249,9.026285591059974,6.872880999792627,1.3881354154276058,,,47,,,,34700,,12000,0,0,,131,0.07,34700,17.6470588235294,,,,,,0,50.2852191,26.8545214,
12:06:57.074,,,,,,,,,,,,,,,24,,,,,,,,,,,,,,,,,,,,,,,,,,,,,,,,,,,,,,,,,,,,,,,,,,,,,,,,,58,,,50.2852191,26.8545214,
12:06:57.122,,,,,,,,,,,,,,,,,,-16.4375,,,,,,,,,,,,,,,,,,,,,,,,,,,,,,,,,,,,,,,,,,,,,,,,,,,,,,,,,50.2852191,26.8545214,
12:06:57.161,,,,,,,,,,,,,,,,-480,-0.03125,,,,,,,,,,,,,,,,,,,,,,,,,,,,,,,,,,,,,,,,,,,,,,,,,,,,,,,,,,50.2852191,26.8545214,
12:06:57.297,,,,,,,,,357.74,61,,3.739,,,,,,,,,,,,,,,,,,,,,,,,,,,,,,,,,,,,,,,,,,,,,,,,,,,,7.463,,,,,,,,,,,50.2852191,26.8545214,
12:06:57.358,3.25,,3.7000000000000455,,,,,,,,,,3.731,,,,,,,,,,,,,,,,,,,,,,,,,,,,,,,,,,,,,,,,,,,,,,,,,,,7.47,,,,,,,,,,,50.2852191,26.8545214,
12:06:57.398,,4.25,,,,,,,,,,,,,,,,,,,,,,,,,,,,,,,,,,,,,,,,,,,,,,,,,,,,,,,,,,,,,,,,,,,,,,,,,50.2852191,26.8545214,
12:06:57.526,,,,,,,,,,,,,,,,,,,,,,,,,,,,,,,,,,0,0,,,,0,0,,0.017423152883289435,1.364174422138888,4.28751,126.643193,8737.018737999999,0,-0.01,,,,,22.47552288835108,,,,21,99,,13,,,,,131,0,,,,,,,0,,50.2852191,26.8545214,
12:06:57.602,,,,,,,,,,,,,,,,,,,,0,5.882352941176471,100,,,,,,,,,,5.882352941176471,,,,,,,,,0,,,,,,,,,,,,,0,,,,,,,,,,,,0,,17.6470588235294,100,,,,,,50.2852191,26.8545214,
12:06:57.665,,,,,,,,,,,,,,,,,,,,,,,9.33352336352478,36.7422,672.9085331800001,9843.710692130002,0.09824761435289242,0.38676,8.703851000000002,121.28161400000002,0,,5.882352941176471,,,0,0,,,,,,,,,,,,7.20198332108075,9.020620360069131,6.872734960180609,1.3881349878821794,,,47,,,,34710,,12000,0,0,,131,0,34710,17.6470588235294,,,,,,0,50.2852191,26.8545214,
12:06:57.785,,,,,,,,,,,,,,,24,,,,,,,,,,,,,,,,,,,,,,,,,,,,,,,,,,,,,,,,,,,,,,,,,,,,,,,,,58,,,50.2852037,26.854565,
12:06:57.835,,,,,,,,,,,,,,,,,,-29.109375,,,,,,,,,,,,,,,,,,,,,,,,,,,,,,,,,,,,,,,,,,,,,,,,,,,,,,,,,50.2852037,26.854565,
12:06:57.885,,,,,,,,,,,,,,,,-1760,-0.109375,,,,,,,,,,,,,,,,,,,,,,,,,,,,,,,,,,,,,,,,,,,,,,,,,,,,,,,,,,50.2852037,26.854565,
12:06:57.993,,,,-100,,,,,,,,,,,,,,,,,,,,,,,,,,,,,,,,,,,,,,,,,,,,,,,,,,,,,,,,,,,,,,,,,,,-34,,,,50.2852037,26.854565,
12:06:58.114,,,,,17,,,,,,61,,,63.75,,,,,,,,,,,,,,,,,,,,,,,,,,,,,,,,,,,,,,,,,,,,,,,,,,,,,,,,124.25,-34,,,,50.2852037,26.854565,
12:06:58.167,,,,,,,,,359.67,61,,3.743,,,,,,,,,,,,,,,,,,,,,,,,,,,,,,,,,,,,,,,,,,,,,,,,,,,,7.474,,,,,,,,,,,50.2852037,26.854565,
12:06:58.217,3.7000000000000455,,3.650000000000091,,,,,,,,,,3.733,,,,,,,,,,,,,,,,,,,,,,,,,,,,,,,,,,,,,,,,,,,,,,,,,,,7.476,,,,,,,,,,,50.2852037,26.854565,
12:06:58.257,,3.800000000000182,,,,,,,,,,,,,,,,,,,,,,,,,,,,,,,,,,,,,,,,,,,,,,,,,,,,,,,,,,,,,,,,,,,,,,,,,50.2852037,26.854565,
12:06:58.366,,,,,,,,,,,,,,,,,,,,,,,,,,,,,,,,,,0.02,0,,,,0,0,,,1.366974211138888,4.29031,126.645993,8737.021537999999,0,-0.01,,,,,22.435409122133432,,,,21,99,,12,,,,,131,0.02,,,,,,,0.01765197,,50.2852037,26.854565,
12:06:58.446,,,,,,,,,,,,,,,,,,,,0,5.882352941176471,100,,,,,,,,,,5.882352941176471,,,,,,,,,0.7843137254901961,,,,,,,,,,,,,0,,,,,,,,,,,,0.02,,17.6470588235294,100,,,,,,50.2852037,26.854565,
12:06:58.522,,,,,,,,,,,,,,,,,,,,,,,9.33352336352478,36.7422,672.9085331800001,9843.710692130002,0.09824761435289242,0.38676,8.703851000000002,121.28161400000002,0,,5.882352941176471,,,0,0,,,,,,,,,,,,7.18723246951659,9.014733201097357,6.872583011765719,1.388134543019139,,,47,,,,34730,,12000,0,0,,131,0.02,34730,17.6470588235294,,,,,,0,50.2852037,26.854565,
12:06:58.706,,,,,,,,,,,,,,,24,,,,,,,,,,,,,,,,,,,,,,,,,,,,,,,,,,,,,,,,,,,,,,,,,,,,,,,,,58,,,50.2852037,26.854565,
12:06:58.778,,,,,,,,,,,,,,,,,,-19.828125,,,,,,,,,,,,,,,,,,,,,,,,,,,,,,,,,,,,,,,,,,,,,,,,,,,,,,,,,50.2851902,26.8546076,
12:06:58.838,,,,,,,,,,,,,,,,-1184,-0.078125,,,,,,,,,,,,,,,,,,,,,,,,,,,,,,,,,,,,,,,,,,,,,,,,,,,,,,,,,,50.2851902,26.8546076,
12:06:58.980,,,,,,,,,359.03000000000003,61,,3.737,,,,,,,,,,,,,,,,,,,,,,,,,,,,,,,,,,,,,,,,,,,,,,,,,,,,7.47,,,,,,,,,,,50.2851902,26.8546076,
12:06:59.053,-0.34999999999990905,,-0.34999999999990905,,,,,,,,,,3.728,,,,,,,,,,,,,,,,,,,,,,,,,,,,,,,,,,,,,,,,,,,,,,,,,,,7.465,,,,,,,,,,,50.2851902,26.8546076,
12:06:59.105,,-0.8999999999998636,,,,,,,,,,,,,,,,,,,,,,,,,,,,,,,,,,,,,,,,,,,,,,,,,,,,,,,,,,,,,,,,,,,,,,,,,50.2851902,26.8546076,
12:06:59.227,,,,,,,,,,,,,,,,,,,,,,,,,,,,,,,,,,0,0,,,,0,0,,,1.3696726963055548,4.293008,126.648691,8737.024236,0,-0.01,,,,,22.389551908742682,,,,21,99,,11,,,,,131,0,,,,,,,0,,50.2851902,26.8546076,
12:06:59.342,,,,,,,,,,,,,,,,,,,,0,5.882352941176471,100,,,,,,,,,,5.882352941176471,,,,,,,,,4.313725490196078,,,,,,,,,,,,,0,,,,,,,,,,,,0,,17.6470588235294,100,,,,,,50.2851902,26.8546076,
12:06:59.430,,,,,,,,,,,,,,,,,,,,,,,9.33352336352478,36.7422,672.9085331800001,9843.710692130002,0.09824761435289242,0.38676,8.703851000000002,121.28161400000002,0,,5.882352941176471,,,0,0,,,,,,,,,,,,7.173072414884056,9.009067767868125,6.872436604970518,1.388134114362093,,,47,,,,34750,,12000,0,0,,131,0,34750,17.6470588235294,,,,,,0,50.2851902,26.8546076,
12:06:59.578,,,,,,,,,,,,,,,24,,,,,,,,,,,,,,,,,,,,,,,,,,,,,,,,,,,,,,,,,,,,,,,,,,,,,,,,,58,,,50.2851902,26.8546076,
12:06:59.616,,,,,,,,,,,,,,,,,,15.484375,,,,,,,,,,,,,,,,,,,,,,,,,,,,,,,,,,,,,,,,,,,,,,,,,,,,,,,,,50.2851902,26.8546076,
12:06:59.666,,,,,,,,,,,,,,,,1056,0.0625,,,,,,,,,,,,,,,,,,,,,,,,,,,,,,,,,,,,,,,,,,,,,,,,,,,,,,,,,,50.2851902,26.8546076,
12:06:59.799,,,,,,17,16,16,,,,,,,,,,,,,,,,,,,,,,,,,,,,,,,,,,,,,,,,,,,,,,,,,,,,,,,,,,,,,,,-34,,,,50.2851783,26.8546483,
12:06:59.874,,,,,,,,,358.06,61,,3.725,,,,,,,,,,,,,,,,,,,,,,,,,,,,,,,,,,,,,,,,,,,,,,,,,,,,7.453,,,,,,,,,,,50.2851783,26.8546483,
12:06:59.925,-7.2999999999999545,,-7,,,,,,,,,,3.715,,,,,,,,,,,,,,,,,,,,,,,,,,,,,,,,,,,,,,,,,,,,,,,,,,,7.44,,,,,,,,,,,50.2851783,26.8546483,
12:06:59.961,,-6.649999999999864,,,,,,,,,,,,,,,,,,,,,,,,,,,,,,,,,,,,,,,,,,,,,,,,,,,,,,,,,,,,,,,,,,,,,,,,,50.2851783,26.8546483,
12:07:00.085,,,,,,,,,,,,,,,,,,,,,,,,,,,,,,,,,,0,0,,,,0,0,,-0.008574553050543776,1.3722264639444437,4.295562,126.651245,8737.026789999998,0,-0.01,,,,,22.346491426722224,,,,21,99,,11,,,,,131,0,,,,,,,0,,50.2851783,26.8546483,
12:07:00.174,,,,,,,,,,,,,,,,,,,,0,5.882352941176471,100,,,,,,,,,,5.882352941176471,,,,,,,,,5.490196078431373,,,,,,,,,,,,,0,,,,,,,,,,,,0,,17.6470588235294,100,,,,,,50.2851783,26.8546483,
12:07:00.250,,,,,,,,,,,,,,,,,,,,,,,9.33352336352478,36.7422,672.9085331800001,9843.710692130002,0.09824761435289242,0.38676,8.703851000000002,121.28161400000002,0,,5.882352941176471,,,0,0,,,,,,,,,,,,7.159723043853941,9.00371127223865,6.872298018073176,1.3881337085839478,,,47,,,,34760,,12000,0,0,,131,0,34760,17.6470588235294,,,,,,0,50.2851783,26.8546483,
12:07:00.385,,,,,,,,,,,,,,,24,,,,,,,,,,,,,,,,,,,,,,,,,,,,,,,,,,,,,,,,,,,,,,,,,,,,,,,,,58,,,50.2851783,26.8546483,
12:07:00.424,,,,,,,,,,,,,,,,,,-7.140625,,,,,,,,,,,,,,,,,,,,,,,,,,,,,,,,,,,,,,,,,,,,,,,,,,,,,,,,,50.2851783,26.8546483,
12:07:00.505,,,,,,,,,,,,,,,,-384,-0.03125,,,,,,,,,,,,,,,,,,,,,,,,,,,,,,,,,,,,,,,,,,,,,,,,,,,,,,,,,,50.2851783,26.8546483,
12:07:00.738,,,,,,,,,357.25,61,,3.737,,,,,,,,,,,,,,,,,,,,,,,,,,,,,,,,,,,,,,,,,,,,,,,,,,,,7.452,,,,,,,,,,,50.2851683,26.854691,
12:07:00.810,-0.049999999999954525,,0,,,,,,,,,,3.725,,,,,,,,,,,,,,,,,,,,,,,,,,,,,,,,,,,,,,,,,,,,,,,,,,,7.462,,,,,,,,,,,50.2851683,26.854691,
12:07:00.849,,-0.25,,,,,,,,,,,,,,,,,,,,,,,,,,,,,,,,,,,,,,,,,,,,,,,,,,,,,,,,,,,,,,,,,,,,,,,,,50.2851683,26.854691,
12:07:00.970,,,,,,,,,,,,,,,,,,,,,,,,,,,,,,,,,,,,,,,,,,,,,,,,,,,,,,,,63,,,,,,,,,131,,,,,,,,,,50.2851683,26.854691,
12:07:01.029,,,,,,,,,,,,,,,,,,,,,,,,,,,,,,,,,,0.05,0,,,,0,0,,-0.016171111768949923,1.3751132904999992,4.298449,126.654132,8737.029676999999,0,-0.01,,,,,22.29820544908918,,,,21,99,,11,,,,,131,0.05,,,,,,,0.044129925,,50.2851683,26.854691,
12:07:01.093,,,,,,,,,,,,,,,,,,,,0,5.882352941176471,100,,,,,,,,,,5.882352941176471,,,,,,,,,1.9607843137254901,,,,,,,,,,,,,0,,,,,,,,,,,,0.05,,17.6470588235294,100,,,,,,50.2851683,26.854691,
12:07:01.154,,,,,,,,,,,,,,,,,,,,,,,9.33352336352478,36.7422,672.9085331800001,9843.710692130002,0.09824761435289242,0.38676,8.703851000000002,121.28161400000002,0,,5.882352941176471,,,0,0,,,,,,,,,,,,7.144692370558721,8.997664041146004,6.872141368431629,1.3881332498992272,,,47,,,,34780,,12000,0,0,,131,0.05,34780,17.6470588235294,,,,,,0,50.2851683,26.854691,
12:07:01.291,,,,,,,,,,,,,,,24,,,,,,,,,,,,,,,,,,,,,,,,,,,,,,,,,,,,,,,,,,,,,,,,,,,,,,,,,58,,,50.2851683,26.854691,
12:07:01.338,,,,,,,,,,,,,,,,,,-10.859375,,,,,,,,,,,,,,,,,,,,,,,,,,,,,,,,,,,,,,,,,,,,,,,,,,,,,,,,,50.2851683,26.854691,
12:07:01.387,,,,,,,,,,,,,,,,-576,-0.046875,,,,,,,,,,,,,,,,,,,,,,,,,,,,,,,,,,,,,,,,,,,,,,,,,,,,,,,,,,50.2851683,26.854691,
12:07:01.497,,,,,,,,,356.77,61,,3.733,,,,,,,,,,,,,,,,,,,,,,,,,,,,,,,,,,,,,,,,,,,,,,,,,,,,7.458,,,,,,,,,,,50.2851683,26.854691,
12:07:01.573,-1.699999999999818,,-1.949999999999818,,,,,,,,,,3.724,,,,,,,,,,,,,,,,,,,,,,,,,,,,,,,,,,,,,,,,,,,,,,,,,,,7.457,,,,,,,,,,,50.2851683,26.854691,
12:07:01.611,,-2.349999999999909,,,,,,,,,,,,,,,,,,,,,,,,,,,,,,,,,,,,,,,,,,,,,,,,,,,,,,,,,,,,,,,,,,,,,,,,,50.2851683,26.854691,
12:07:01.757,,,,,,,,,,,,,,,,,,,,,,,,,,,,,,,,,,0,0,,,,0,0,,-0.00835263265354689,1.3773347713611104,4.30067,126.656353,8737.031898,0,-0.01,,,,,22.261327148568665,,,,21,99,,11,,,,,131,0,,,,,,,0,,50.2851609,26.8547333,
12:07:01.834,,,,,,,,,,,,,,,,,,,,0,5.882352941176471,100,,,,,,,,,,5.882352941176471,,,,,,,,,3.9215686274509802,,,,,,,,,,,,,0,,,,,,,,,,,,0,,17.6470588235294,100,,,,,,50.2851609,26.8547333,
12:07:01.926,,,,,,,,,,,,,,,,,,,,,,,9.33352336352478,36.7422,672.9085331800001,9843.710692130002,0.09824761435289242,0.38676,8.703851000000002,121.28161400000002,0,,5.882352941176471,,,0,0,,,,,,,,,,,,7.133168812386994,8.99301736706141,6.872020861045954,1.3881328970283684,,,47,,,,34790,,12000,0,0,,131,0,34790,17.6470588235294,,,,,,0,50.2851609,26.8547333,
12:07:02.003,,,,,,,,,,,,,,,,,,,34,,,,,,,,,,,,,,,,,,,,,,,,,,,,,,,,,,,,,,,,,,,,,,,,,,,,,58,,,50.2851609,26.8547333,
12:07:02.090,,,,,,,,,,,,,,,24,,,,,,,,,,,,,,,,,,,,,,,,,,,,,,,,,,,,,,,,,,,,,,,,,,,,,,,,,58,,,50.2851609,26.8547333,
12:07:02.126,,,,,,,,,,,,,,,,,,6.203125,,,,,,,,,,,,,,,,,,,,,,,,,,,,,,,,,,,,,,,,,,,,,,,,,,,,,,,,,50.2851609,26.8547333,
12:07:02.160,,,,,,,,,,,,,,,,512,0.03125,,,,,,,,,,,,,,,,,,,,,,,,,,,,,,,,,,,,,,,,,,,,,,,,,,,,,,,,,,50.2851609,26.8547333,
12:07:02.330,,,,,,,,,357.90000000000003,61,,3.727,,,,,,,,,,,,,,,,,,,,,,,,,,,,,,,,,,,,,,,,,,,,,,,,,,,,7.451,,,,,,,,,,,50.2851609,26.8547333,
12:07:02.413,-5.349999999999909,,-6.0499999999999545,,,,,,,,,,3.715,,,,,,,,,,,,,,,,,,,,,,,,,,,,,,,,,,,,,,,,,,,,,,,,,,,7.442,,,,,,,,,,,50.2851609,26.8547333,
12:07:02.486,,-4.699999999999818,,,,,,,,,,,,,,,,,,,,,,,,,,,,,,,,,,,,,,,,,,,,,,,,,,,,,,,,,,,,,,,,,,,,,,,,,50.2851609,26.8547333,
12:07:02.605,,,,,,,,,,,,,,,,,,,,,,,,,,,,,,,,,,0,0,,,,0,0,,0,1.3799238551111104,4.303259,126.658942,8737.034486999999,0,-0.01,,,,,22.218649005513253,,,,21,99,,11,,,,,131,0,,,,,,,0,,50.2851609,26.8547333,
12:07:02.680,,,,,,,,,,,,,,,,,,,,0,5.882352941176471,100,,,,,,,,,,5.882352941176471,,,,,,,,,4.313725490196078,,,,,,,,,,,,,0,,,,,,,,,,,,0,,17.6470588235294,100,,,,,,50.2851609,26.8547333,
12:07:02.741,,,,,,,,,,,,,,,,,,,,,,,9.33352336352478,36.7422,672.9085331800001,9843.710692130002,0.09824761435289242,0.38676,8.703851000000002,121.28161400000002,0,,5.882352941176471,,,0,0,,,,,,,,,,,,7.119785196044864,8.98760683472689,6.871880391990012,1.388132485690165,,,47,,,,34810,,12000,0,0,,131,0,34810,17.6470588235294,,,,,,0,50.2851551,26.8547757,
12:07:02.862,,,,,,,,,,,,,,,25,,,,,,,,,,,,,,,,,,,,,,,,,,,,,,,,,,,,,,,,,,,,,,,,,,,,,,,,,59,,,50.2851551,26.8547757,
12:07:02.910,,,,,,,,,,,,,,,,,,11.34375,,,,,,,,,,,,,,,,,,,,,,,,,,,,,,,,,,,,,,,,,,,,,,,,,,,,,,,,,50.2851551,26.8547757,
12:07:02.948,,,,,,,,,,,,,,,,736,0.03125,,,,,,,,,,,,,,,,,,,,,,,,,,,,,,,,,,,,,,,,,,,,,,,,,,,,,,,,,,50.2851551,26.8547757,
12:07:03.046,,,,,,,,,357.58,61,,3.723,,,,,,,,,,,,,,,,,,,,,,,,,,,,,,,,,,,,,,,,,,,,,,,,,,,,7.438,,,,,,,,,,,50.2851551,26.8547757,
12:07:03.106,-5.899999999999864,,-6.149999999999864,,,,,,,,,,3.713,,,,,,,,,,,,,,,,,,,,,,,,,,,,,,,,,,,,,,,,,,,,,,,,,,,7.436,,,,,,,,,,,50.2851551,26.8547757,
12:07:03.154,,-6.199999999999818,,,,,,,,,,,,,,,,,,,,,,,,,,,,,,,,,,,,,,,,,,,,,,,,,,,,,,,,,,,,,,,,,,,,,,,,,50.2851551,26.8547757,
12:07:03.299,,,,,,,,,,,,,,,,,,,,,,,,,,,,,,,,,,0,0,,,,0,0,,0,1.3820447776388882,4.30538,126.661063,8737.036607999999,0,-0.01,,,,,22.18392826185465,,,,21,99,,11,,,,,131,0,,,,,,,0,,50.2851551,26.8547757,
12:07:03.361,,,,,,,,,,,,,,,,,,,,0,5.882352941176471,100,,,,,,,,,,5.882352941176471,,,,,,,,,5.490196078431373,,,,,,,,,,,,,0,,,,,,,,,,,,0,,17.6470588235294,100,,,,,,50.2851551,26.8547757,
12:07:03.421,,,,,,,,,,,,,,,,,,,,,,,9.33352336352478,36.7422,672.9085331800001,9843.710692130002,0.09824761435289242,0.38676,8.703851000000002,121.28161400000002,0,,5.882352941176471,,,0,0,,,,,,,,,,,,7.108858985071419,8.98317918511258,6.871765319070472,1.3881321487076004,,,47,,,,34820,,12000,0,0,,131,0,34820,17.6470588235294,,,,,,0,50.2851551,26.8547757,
12:07:03.529,,,,,,,,,,,,,,,25,,,,,,,,,,,,,,,,,,,,,,,,,,,,,,,,,,,,,,,,,,,,,,,,,,,,,,,,,59,,,50.2851551,26.8547757,
12:07:03.565,,,,,,,,,,,,,,,,,,22.546875,,,,,,,,,,,,,,,,,,,,,,,,,,,,,,,,,,,,,,,,,,,,,,,,,,,,,,,,,50.2851551,26.8547757,
12:07:03.600,,,,,,,,,,,,,,,,1344,0.078125,,,,,,,,,,,,,,,,,,,,,,,,,,,,,,,,,,,,,,,,,,,,,,,,,,,,,,,,,,50.2851551,26.8547757,
12:07:03.734,,,,,,,,,357.58,61,,3.719,,,,,,,,,,,,,,,,,,,,,,,,,,,,,,,,,,,,,,,,,,,,,,,,,,,,7.432,,,,,,,,,,,50.28515,26.8548191,
12:07:03.794,-9.649999999999864,,-9.399999999999864,,,,,,,,,,3.707,,,,,,,,,,,,,,,,,,,,,,,,,,,,,,,,,,,,,,,,,,,,,,,,,,,7.426,,,,,,,,,,,50.28515,26.8548191,
12:07:03.829,,-10.299999999999955,,,,,,,,,,,,,,,,,,,,,,,,,,,,,,,,,,,,,,,,,,,,,,,,,,,,,,,,,,,,,,,,,,,,,,,,,50.28515,26.8548191,
12:07:03.949,,,,,,,,,,,,,,,,,,,,,,,,,,,,,,,,,,0,0,,,,0,0,,0,1.3840302968888882,4.307366,126.663049,8737.038593999998,0,-0.01,,,,,22.15161835894689,,,,21,99,,11,,,,,131,0,,,,,,,0,,50.28515,26.8548191,
12:07:04.009,,,,,,,,,,,,,,,,,,,,0,5.882352941176471,100,,,,,,,,,,5.882352941176471,,,,,,,,,7.0588235294117645,,,,,,,,,,,,,0,,,,,,,,,,,,0,,17.6470588235294,100,,,,,,50.28515,26.8548191,
12:07:04.154,,,,,,,,,,,,,,,,,,,,,,,9.33352336352478,36.7422,672.9085331800001,9843.710692130002,0.09824761435289242,0.38676,8.703851000000002,121.28161400000002,0,,5.882352941176471,,,0,0,,,,,,,,,,,,7.098660670488188,8.979037304932993,6.871657573946449,1.3881318331738624,,,47,,,,34830,,12000,0,0,,131,0,34830,17.6470588235294,,,,,,0,50.28515,26.8548191,
12:07:04.405,,,,,,,,,,,,,,,25,,,,,,,,,,,,,,,,,,,,,,,,,,,,,,,,,,,,,,,,,,,,,,,,,,,,,,,,,59,,,50.28515,26.8548191,
12:07:04.442,,,,,,,,,,,,,,,,,,31.59375,,,,,,,,,,,,,,,,,,,,,,,,,,,,,,,,,,,,,,,,,,,,,,,,,,,,,,,,,50.28515,26.8548191,
12:07:04.477,,,,,,,,,,,,,,,,2176,0.125,,,,,,,,,,,,,,,,,,,,,,,,,,,,,,,,,,,,,,,,,,,,,,,,,,,,,,,,,,50.28515,26.8548191,
12:07:04.621,,,,,17,,,,,,61.5,,,63.75,,,,,,,,,,,,,,,,,,,,,,,,,,,,,,,,,,,,,,,,,,,,,,,,,,,,,,,,124.75,-34,,,,50.28515,26.8548191,
12:07:04.681,,,,,,,,,357.09000000000003,61,,3.714,,,,,,,,,,,,,,,,,,,,,,,,,,,,,,,,,,,,,,,,,,,,,,,,,,,,7.421,,,,,,,,,,,50.28515,26.8548191,
12:07:04.766,-8.949999999999818,,-8.699999999999818,,,,,,,,,,3.705,,,,,,,,,,,,,,,,,,,,,,,,,,,,,,,,,,,,,,,,,,,,,,,,,,,7.419,,,,,,,,,,,50.2851453,26.8548651,
12:07:04.802,,-7.949999999999818,,,,,,,,,,,,,,,,,,,,,,,,,,,,,,,,,,,,,,,,,,,,,,,,,,,,,,,,,,,,,,,,,,,,,,,,,50.2851453,26.8548651,
12:07:04.908,,,,,,,,,,,,,,,,,,,,,,,,,,,,,,,,,,,,,,,,,,,,,,,,,,,,,,,,63,,,,,,,,,131,,,,,,,,,,50.2851453,26.8548651,
12:07:04.974,,,,,,,,,,,,,,,,,,,,,,,,,,,,,,,,,,0,0,,,,0,0,,0.008804849879928939,1.3874518585555549,4.310788,126.666471,8737.042016,0,-0.01,,,,,22.105501379449944,,,,21,99,,12,,,,,131,0,,,,,,,0,,50.2851453,26.8548651,
12:07:05.042,,,,,,,,,,,,,,,,,,,,0,5.882352941176471,100,,,,,,,,,,5.882352941176471,,,,,,,,,4.705882352941177,,,,,,,,,,,,,0,,,,,,,,,,,,0,,17.6470588235294,100,,,,,,50.2851453,26.8548651,
12:07:05.114,,,,,,,,,,,,,,,,,,,,,,,9.33352336352478,36.7422,672.9085331800001,9843.710692130002,0.09824761435289242,0.38676,8.703851000000002,121.28161400000002,0,,5.882352941176471,,,0,0,,,,,,,,,,,,7.081154834098231,8.97190954414831,6.871471930405326,1.3881312894901847,,,47,,,,34850,,12000,0,0,,131,0,34850,17.6470588235294,,,,,,0,50.2851453,26.8548651,
12:07:05.245,,,,,,,,,,,,,,,25,,,,,,,,,,,,,,,,,,,,,,,,,,,,,,,,,,,,,,,,,,,,,,,,,,,,,,,,,59,,,50.2851453,26.8548651,
12:07:05.282,,,,,,,,,,,,,,,,,,-9.640625,,,,,,,,,,,,,,,,,,,,,,,,,,,,,,,,,,,,,,,,,,,,,,,,,,,,,,,,,50.2851453,26.8548651,
12:07:05.318,,,,,,,,,,,,,,,,-288,-0.03125,,,,,,,,,,,,,,,,,,,,,,,,,,,,,,,,,,,,,,,,,,,,,,,,,,,,,,,,,,50.2851453,26.8548651,
12:07:05.450,,,,,,,,,358.54,60.5,,3.724,,,,,,,,,,,,,,,,,,,,,,,,,,,,,,,,,,,,,,,,,,,,,,,,,,,,7.429,,,,,,,,,,,50.2851453,26.8548651,
12:07:05.498,1.7000000000000455,,1.550000000000182,,,,,,,,,,3.721,,,,,,,,,,,,,,,,,,,,,,,,,,,,,,,,,,,,,,,,,,,,,,,,,,,7.445,,,,,,,,,,,50.2851453,26.8548651,
12:07:05.545,,1.900000000000091,,,,,,,,,,,,,,,,,,,,,,,,,,,,,,,,,,,,,,,,,,,,,,,,,,,,,,,,,,,,,,,,,,,,,,,,,50.2851453,26.8548651,
12:07:05.665,,,,,,,,,,,,,,,,,,,,,,,,,,,,,,,,,,0,0,,,,0,0,,0.009255858868939941,1.3897508252222215,4.313087,126.66877,8737.044315,0,-0.01,,,,,22.07474974933176,,,,21,99,,12,,,,,131,0,,,,,,,0,,50.2851453,26.8548651,
12:07:05.738,,,,,,,,,,,,,,,,,,,,0,5.882352941176471,100,,,,,,,,,,5.882352941176471,,,,,,,,,0.7843137254901961,,,,,,,,,,,,,0,,,,,,,,,,,,0,,17.6470588235294,100,,,,,,50.2851401,26.8549118,
12:07:05.809,,,,,,,,,,,,,,,,,,,,,,,9.33352336352478,36.7422,672.9085331800001,9843.710692130002,0.09824761435289242,0.38676,8.703851000000002,121.28161400000002,0,,5.882352941176471,,,0,0,,,,,,,,,,,,7.06944097962184,8.967127257113061,6.871347215260717,1.388130924227778,,,47,,,,34860,,12000,0,0,,131,0,34860,17.6470588235294,,,,,,0,50.2851401,26.8549118,
12:07:05.917,,,,,,,,,,,,,,,25,,,,,,,,,,,,,,,,,,,,,,,,,,,,,,,,,,,,,,,,,,,,,,,,,,,,,,,,,59,,,50.2851401,26.8549118,
12:07:05.989,,,,,,,,,,,,,,,,,,-11.03125,,,,,,,,,,,,,,,,,,,,,,,,,,,,,,,,,,,,,,,,,,,,,,,,,,,,,,,,,50.2851401,26.8549118,
12:07:06.073,,,,,,,,,,,,,,,,-544,-0.046875,,,,,,,,,,,,,,,,,,,,,,,,,,,,,,,,,,,,,,,,,,,,,,,,,,,,,,,,,,50.2851401,26.8549118,
12:07:06.265,,,,-100,,,,,,,,,,,,,,,,,,,,,,,,,,,,,,,,,,,,,,,,,,,,,,,,,,,,,,,,,,,,,,,,,,,-34,,,,50.2851401,26.8549118,
12:07:06.385,,,,,,,,,356.13,60.5,,3.722,,,,,,,,,,,,,,,,,,,,,,,,,,,,,,,,,,,,,,,,,,,,,,,,,,,,7.443,,,,,,,,,,,50.2851401,26.8549118,
12:07:06.445,-3.25,,-3.5,,,,,,,,,,3.717,,,,,,,,,,,,,,,,,,,,,,,,,,,,,,,,,,,,,,,,,,,,,,,,,,,7.439,,,,,,,,,,,50.2851401,26.8549118,
12:07:06.492,,-3.449999999999818,,,,,,,,,,,,,,,,,,,,,,,,,,,,,,,,,,,,,,,,,,,,,,,,,,,,,,,,,,,,,,,,,,,,,,,,,50.2851401,26.8549118,
12:07:06.614,,,,,,,,,,,,,,,,,,,,,,,,,,,,,,,,,,0,0,,,,0,0,,,1.3926482829722215,4.315984,126.671667,8737.047212,0,-0.01,,,,,22.02860695042638,,,,21,99,,11,,,,,131,0,,,,,,,0,,50.2851401,26.8549118,
12:07:06.694,,,,,,,,,,,,,,,,,,,,0,5.882352941176471,100,,,,,,,,,,5.882352941176471,,,,,,,,,5.098039215686274,,,,,,,,,,,,,0,,,,,,,,,,,,0,,17.6470588235294,100,,,,,,50.2851401,26.8549118,
12:07:06.758,,,,,,,,,,,,,,,,,,,,,,,9.33352336352478,36.7422,672.9085331800001,9843.710692130002,0.09824761435289242,0.38676,8.703851000000002,121.28161400000002,0,,5.882352941176471,,,0,0,,,,,,,,,,,,7.054732738635927,8.961108289558071,6.87119006652056,1.3881304639561107,,,47,,,,34870,,12000,0,0,,131,0,34870,17.6470588235294,,,,,,0,50.2851366,26.8549566,
12:07:06.886,,,,,,,,,,,,,,,25,,,,,,,,,,,,,,,,,,,,,,,,,,,,,,,,,,,,,,,,,,,,,,,,,,,,,,,,,59,,,50.2851366,26.8549566,
12:07:06.921,,,,,,,,,,,,,,,,,,16.25,,,,,,,,,,,,,,,,,,,,,,,,,,,,,,,,,,,,,,,,,,,,,,,,,,,,,,,,,50.2851366,26.8549566,
12:07:06.949,,,,,,,,,,,,,,,,992,0.046875,,,,,,,,,,,,,,,,,,,,,,,,,,,,,,,,,,,,,,,,,,,,,,,,,,,,,,,,,,50.2851366,26.8549566,
12:07:07.069,,,,,,,,,355.97,60.5,,3.718,,,,,,,,,,,,,,,,,,,,,,,,,,,,,,,,,,,,,,,,,,,,,,,,,,,,7.435,,,,,,,,,,,50.2851366,26.8549566,
12:07:07.129,-6.5499999999999545,,-6.699999999999818,,,,,,,,,,3.709,,,,,,,,,,,,,,,,,,,,,,,,,,,,,,,,,,,,,,,,,,,,,,,,,,,7.427,,,,,,,,,,,50.2851366,26.8549566,
12:07:07.165,,-6.449999999999818,,,,,,,,,,,,,,,,,,,,,,,,,,,,,,,,,,,,,,,,,,,,,,,,,,,,,,,,,,,,,,,,,,,,,,,,,50.2851366,26.8549566,
12:07:07.273,,,,,,,,,,,,,,,,,,,,,,,,,,,,,,,,,,0,0,,,,0,0,,0,1.3946644723611104,4.318,126.673683,8737.049227999998,0,-0.01,,,,,21.99672480177803,,,,21,99,,11,,,,,131,0,,,,,,,0,,50.2851366,26.8549566,
12:07:07.346,,,,,,,,,,,,,,,,,,,,0,5.882352941176471,100,,,,,,,,,,5.882352941176471,,,,,,,,,5.098039215686274,,,,,,,,,,,,,0,,,,,,,,,,,,0,,17.6470588235294,100,,,,,,50.2851366,26.8549566,
12:07:07.416,,,,,,,,,,,,,,,,,,,,,,,9.33352336352478,36.7422,672.9085331800001,9843.710692130002,0.09824761435289242,0.38676,8.703851000000002,121.28161400000002,0,,5.882352941176471,,,0,0,,,,,,,,,,,,7.044534101206665,8.9569245020843,6.871080712163396,1.3881301436567808,,,47,,,,34880,,12000,0,0,,131,0,34880,17.6470588235294,,,,,,0,50.2851366,26.8549566,
12:07:07.538,,,,,,,,,,,,,,,25,,,,,,,,,,,,,,,,,,,,,,,,,,,,,,,,,,,,,,,,,,,,,,,,,,,,,,,,,59,,,50.2851366,26.8549566,
12:07:07.574,,,,,,,,,,,,,,,,,,10.640625,,,,,,,,,,,,,,,,,,,,,,,,,,,,,,,,,,,,,,,,,,,,,,,,,,,,,,,,,50.2851366,26.8549566,
12:07:07.610,,,,,,,,,,,,,,,,672,0.03125,,,,,,,,,,,,,,,,,,,,,,,,,,,,,,,,,,,,,,,,,,,,,,,,,,,,,,,,,,50.2851366,26.8549566,
12:07:07.740,,,,,,17,16,16,,,,,,,,,,,,,,,,,,,,,,,,,,,,,,,,,,,,,,,,,,,,,,,,,,,,,,,,,,,,,,,-34,,,,50.2851318,26.8550023,
12:07:07.812,,,,,,,,,357.74,60.5,,3.72,,,,,,,,,,,,,,,,,,,,,,,,,,,,,,,,,,,,,,,,,,,,,,,,,,,,7.429,,,,,,,,,,,50.2851318,26.8550023,
12:07:07.897,-4.0499999999999545,,-4.149999999999864,,,,,,,,,,3.712,,,,,,,,,,,,,,,,,,,,,,,,,,,,,,,,,,,,,,,,,,,,,,,,,,,7.432,,,,,,,,,,,50.2851318,26.8550023,
12:07:07.970,,-3.6499999999998636,,,,,,,,,,,,,,,,,,,,,,,,,,,,,,,,,,,,,,,,,,,,,,,,,,,,,,,,,,,,,,,,,,,,,,,,,50.2851318,26.8550023,
12:07:08.090,,,,,,,,,,,,,,,,,,,,,,,,,,,,,,,,,,0.01,0,,,,0,0,,-0.00908900640160647,1.397161436305555,4.320497,126.67618,8737.051725,0,-0.01,,,,,21.957494726630195,,,,21,99,,11,,,,,131,0.01,,,,,,,0.008825985,,50.2851318,26.8550023,
12:07:08.166,,,,,,,,,,,,,,,,,,,,0,5.882352941176471,100,,,,,,,,,,5.882352941176471,,,,,,,,,1.5686274509803921,,,,,,,,,,,,,0,,,,,,,,,,,,0.01,,17.6470588235294,100,,,,,,50.2851318,26.8550023,
12:07:08.238,,,,,,,,,,,,,,,,,,,,,,,9.33352336352478,36.7422,672.9085331800001,9843.710692130002,0.09824761435289242,0.38676,8.703851000000002,121.28161400000002,0,,5.882352941176471,,,0,0,,,,,,,,,,,,7.031944326539941,8.951747912335087,6.870945271636705,1.3881297469370313,,,47,,,,34890,,12000,0,0,,131,0.01,34890,17.6470588235294,,,,,,0,50.2851318,26.8550023,
12:07:08.297,,,,,,,,,,,,,,,,,,,34,,,,,,,,,,,,,,,,,,,,,,,,,,,,,,,,,,,,,,,,,,,,,,,,,,,,,59,,,50.2851318,26.8550023,
12:07:08.418,,,,,,,,,,,,,,,24,,,,,,,,,,,,,,,,,,,,,,,,,,,,,,,,,,,,,,,,,,,,,,,,,,,,,,,,,58,,,50.2851318,26.8550023,
12:07:08.453,,,,,,,,,,,,,,,,,,-17.390625,,,,,,,,,,,,,,,,,,,,,,,,,,,,,,,,,,,,,,,,,,,,,,,,,,,,,,,,,50.2851318,26.8550023,
12:07:08.488,,,,,,,,,,,,,,,,-1024,-0.0625,,,,,,,,,,,,,,,,,,,,,,,,,,,,,,,,,,,,,,,,,,,,,,,,,,,,,,,,,,50.2851318,26.8550023,
12:07:08.610,,,,,,,,,358.38,60.5,,3.728,,,,,,,,,,,,,,,,,,,,,,,,,,,,,,,,,,,,,,,,,,,,,,,,,,,,7.44,,,,,,,,,,,50.2851318,26.8550023,
12:07:08.681,0.8000000000001819,,1,,,,,,,,,,3.72,,,,,,,,,,,,,,,,,,,,,,,,,,,,,,,,,,,,,,,,,,,,,,,,,,,7.448,,,,,,,,,,,50.2851318,26.8550023,
12:07:08.717,,0.8500000000001364,,,,,,,,,,,,,,,,,,,,,,,,,,,,,,,,,,,,,,,,,,,,,,,,,,,,,,,,,,,,,,,,,,,,,,,,,50.285127,26.8550478,
12:07:08.812,,,,,,,,,,,,,,,,,,,,,,,,,,,,,,,,,,,,,,,,,,,,,,,,,,,,,,,,62,,,,,,,,,130,,,,,,,,,,50.285127,26.8550478,
12:07:08.874,,,,,,,,,,,,,,,,,,,,,,,,,,,,,,,,,,0,0,,,,0,0,,-0.00882882499309072,1.3995549259999993,4.32289,126.678573,8737.054117999998,0,-0.01,,,,,21.920152194351193,,,,21,99,,11,,,,,130,0,,,,,,,0,,50.285127,26.8550478,
12:07:08.933,,,,,,,,,,,,,,,,,,,,0,5.882352941176471,100,,,,,,,,,,5.882352941176471,,,,,,,,,3.1372549019607843,,,,,,,,,,,,,0,,,,,,,,,,,,0,,17.6470588235294,100,,,,,,50.285127,26.8550478,
12:07:08.994,,,,,,,,,,,,,,,,,,,,,,,9.33352336352478,36.7422,672.9085331800001,9843.710692130002,0.09824761435289242,0.38676,8.703851000000002,121.28161400000002,0,,5.882352941176471,,,0,0,,,,,,,,,,,,7.0199184417641405,8.946792539250362,6.87081547721571,1.3881293667408647,,,47,,,,34900,,12000,0,0,,130,0,34900,17.6470588235294,,,,,,0,50.285127,26.8550478,
12:07:09.114,,,,,,,,,,,,,,,25,,,,,,,,,,,,,,,,,,,,,,,,,,,,,,,,,,,,,,,,,,,,,,,,,,,,,,,,,59,,,50.285127,26.8550478,
12:07:09.163,,,,,,,,,,,,,,,,,,2.859375,,,,,,,,,,,,,,,,,,,,,,,,,,,,,,,,,,,,,,,,,,,,,,,,,,,,,,,,,50.285127,26.8550478,
12:07:09.197,,,,,,,,,,,,,,,,0,0,,,,,,,,,,,,,,,,,,,,,,,,,,,,,,,,,,,,,,,,,,,,,,,,,,,,,,,,,,50.285127,26.8550478,
12:07:09.327,,,,,,,,,357.90000000000003,60.5,,3.725,,,,,,,,,,,,,,,,,,,,,,,,,,,,,,,,,,,,,,,,,,,,,,,,,,,,7.445,,,,,,,,,,,50.285127,26.8550478,
12:07:09.389,-4.5499999999999545,,-4.899999999999864,,,,,,,,,,3.714,,,,,,,,,,,,,,,,,,,,,,,,,,,,,,,,,,,,,,,,,,,,,,,,,,,7.439,,,,,,,,,,,50.285127,26.8550478,
12:07:09.425,,-5.149999999999864,,,,,,,,,,,,,,,,,,,,,,,,,,,,,,,,,,,,,,,,,,,,,,,,,,,,,,,,,,,,,,,,,,,,,,,,,50.285127,26.8550478,
12:07:09.569,,,,,,,,,,,,,,,,,,,,,,,,,,,,,,,,,,0.04,0,,,,0,0,,0,1.401683022055555,4.325018,126.680701,8737.056245999998,0,-0.01,,,,,21.8871633653832,,,,21,99,,11,,,,,130,0.04,,,,,,,0.03530394,,50.285127,26.8550478,
12:07:09.638,,,,,,,,,,,,,,,,,,,,0,5.882352941176471,100,,,,,,,,,,5.882352941176471,,,,,,,,,5.098039215686274,,,,,,,,,,,,,0,,,,,,,,,,,,0.04,,17.6470588235294,100,,,,,,50.285127,26.8550478,
12:07:09.713,,,,,,,,,,,,,,,,,,,,,,,9.33352336352478,36.7422,672.9085331800001,9843.710692130002,0.09824761435289242,0.38676,8.703851000000002,121.28161400000002,0,,5.882352941176471,,,0,0,,,,,,,,,,,,7.009260496628776,8.942390528779303,6.870700060303583,1.3881290286476662,,,47,,,,34910,,12000,0,0,,130,0.04,34910,17.6470588235294,,,,,,0,50.285127,26.8550478,
12:07:09.982,,,,,,,,,,,,,,,25,,,,,,,,,,,,,,,,,,,,,,,,,,,,,,,,,,,,,,,,,,,,,,,,,,,,,,,,,59,,,50.2851224,26.8550921,
12:07:10.021,,,,,,,,,,,,,,,,,,3.59375,,,,,,,,,,,,,,,,,,,,,,,,,,,,,,,,,,,,,,,,,,,,,,,,,,,,,,,,,50.2851224,26.8550921,
12:07:10.058,,,,,,,,,,,,,,,,224,0,,,,,,,,,,,,,,,,,,,,,,,,,,,,,,,,,,,,,,,,,,,,,,,,,,,,,,,,,,50.2851224,26.8550921,
12:07:10.202,,,,,,,,,358.06,60.5,,3.72,,,,,,,,,,,,,,,,,,,,,,,,,,,,,,,,,,,,,,,,,,,,,,,,,,,,7.434,,,,,,,,,,,50.2851224,26.8550921,
12:07:10.266,-3.099999999999909,,-3.0499999999999545,,,,,,,,,,3.714,,,,,,,,,,,,,,,,,,,,,,,,,,,,,,,,,,,,,,,,,,,,,,,,,,,7.434,,,,,,,,,,,50.2851224,26.8550921,
12:07:10.301,,-2.599999999999909,,,,,,,,,,,,,,,,,,,,,,,,,,,,,,,,,,,,,,,,,,,,,,,,,,,,,,,,,,,,,,,,,,,,,,,,,50.2851224,26.8550921,
12:07:10.422,,,,,,,,,,,,,,,,,,,,,,,,,,,,,,,,,,0,0,,,,0,0,,0,1.4042880371666662,4.327623,126.683306,8737.058850999998,0,-0.01,,,,,21.84705186152265,,,,21,99,,11,,,,,130,0,,,,,,,0,,50.2851224,26.8550921,
12:07:10.497,,,,,,,,,,,,,,,,,,,,0,5.882352941176471,100,,,,,,,,,,5.882352941176471,,,,,,,,,1.9607843137254901,,,,,,,,,,,,,0,,,,,,,,,,,,0,,17.6470588235294,100,,,,,,50.2851224,26.8550921,
12:07:10.581,,,,,,,,,,,,,,,,,,,,,,,9.33352336352478,36.7422,672.9085331800001,9843.710692130002,0.09824761435289242,0.38676,8.703851000000002,121.28161400000002,0,,5.882352941176471,,,0,0,,,,,,,,,,,,6.996258014924043,8.937007682970536,6.870558777491962,1.3881286147697034,,,47,,,,34920,,12000,0,0,,130,0,34920,17.6470588235294,,,,,,0,50.2851224,26.8550921,
12:07:10.690,,,,,,,,,,,,,,,25,,,,,,,,,,,,,,,,,,,,,,,,,,,,,,,,,,,,,,,,,,,,,,,,,,,,,,,,,59,,,50.2851224,26.8550921,
12:07:10.726,,,,,,,,,,,,,,,,,,-15.453125,,,,,,,,,,,,,,,,,,,,,,,,,,,,,,,,,,,,,,,,,,,,,,,,,,,,,,,,,50.2851173,26.8551372,
12:07:10.774,,,,,,,,,,,,,,,,-1024,-0.0625,,,,,,,,,,,,,,,,,,,,,,,,,,,,,,,,,,,,,,,,,,,,,,,,,,,,,,,,,,50.2851173,26.8551372,
12:07:10.906,,,,,17,,,,,,61.75,,,63.75,,,,,,,,,,,,,,,,,,,,,,,,,,,,,,,,,,,,,,,,,,,,,,,,,,,,,,,,125.25,-34,,,,50.2851173,26.8551372,
12:07:10.958,,,,,,,,,356.61,60.5,,3.731,,,,,,,,,,,,,,,,,,,,,,,,,,,,,,,,,,,,,,,,,,,,,,,,,,,,7.445,,,,,,,,,,,50.2851173,26.8551372,
12:07:11.022,0.6000000000001364,,0.40000000000009095,,,,,,,,,,3.721,,,,,,,,,,,,,,,,,,,,,,,,,,,,,,,,,,,,,,,,,,,,,,,,,,,7.452,,,,,,,,,,,50.2851173,26.8551372,
12:07:11.063,,0.20000000000004547,,,,,,,,,,,,,,,,,,,,,,,,,,,,,,,,,,,,,,,,,,,,,,,,,,,,,,,,,,,,,,,,,,,,,,,,,50.2851173,26.8551372,
12:07:11.170,,,,,,,,,,,,,,,,,,,,,,,,,,,,,,,,,,0,0,,,,0,0,,0,1.4065717386111105,4.329907,126.68559,8737.061134999998,0,-0.01,,,,,21.812130227807096,,,,21,99,,11,,,,,130,0,,,,,,,0,,50.2851173,26.8551372,
12:07:11.234,,,,,,,,,,,,,,,,,,,,0,5.882352941176471,100,,,,,,,,,,5.882352941176471,,,,,,,,,3.1372549019607843,,,,,,,,,,,,,0,,,,,,,,,,,,0,,17.6470588235294,100,,,,,,50.2851173,26.8551372,
12:07:11.309,,,,,,,,,,,,,,,,,,,,,,,9.33352336352478,36.7422,672.9085331800001,9843.710692130002,0.09824761435289242,0.38676,8.703851000000002,121.28161400000002,0,,5.882352941176471,,,0,0,,,,,,,,,,,,6.9848989323434685,8.932293464963566,6.870434908974258,1.3881282518918765,,,47,,,,34940,,12000,0,0,,130,0,34940,17.6470588235294,,,,,,0,50.2851173,26.8551372,
12:07:11.457,,,,,,,,,,,,,,,25,,,,,,,,,,,,,,,,,,,,,,,,,,,,,,,,,,,,,,,,,,,,,,,,,,,,,,,,,59,,,50.2851173,26.8551372,
12:07:11.508,,,,,,,,,,,,,,,,,,-4.609375,,,,,,,,,,,,,,,,,,,,,,,,,,,,,,,,,,,,,,,,,,,,,,,,,,,,,,,,,50.2851173,26.8551372,
12:07:11.545,,,,,,,,,,,,,,,,-256,-0.015625,,,,,,,,,,,,,,,,,,,,,,,,,,,,,,,,,,,,,,,,,,,,,,,,,,,,,,,,,,50.2851173,26.8551372,
12:07:11.670,,,,,,,,,356.29,60.5,,3.734,,,,,,,,,,,,,,,,,,,,,,,,,,,,,,,,,,,,,,,,,,,,,,,,,,,,7.455,,,,,,,,,,,50.2851173,26.8551372,
12:07:11.758,-1.0499999999999545,,-1,,,,,,,,,,3.719,,,,,,,,,,,,,,,,,,,,,,,,,,,,,,,,,,,,,,,,,,,,,,,,,,,7.453,,,,,,,,,,,50.2851115,26.8551812,
12:07:11.857,,-1.2999999999999545,,,,,,,,,,,,,,,,,,,,,,,,,,,,,,,,,,,,,,,,,,,,,,,,,,,,,,,,,,,,,,,,,,,,,,,,,50.2851115,26.8551812,
12:07:12.041,,,,,,,,,,,,,,,,,,,,,,,,,,,,,,,,,,0,0,,,,0,0,,0,1.4092380719999995,4.332573,126.688256,8737.063800999998,0,-0.01,,,,,21.77164096867247,,,,21,99,,11,,,,,130,0,,,,,,,0,,50.2851115,26.8551812,
12:07:12.106,,,,,,,,,,,,,,,,,,,,0,5.882352941176471,100,,,,,,,,,,5.882352941176471,,,,,,,,,3.5294117647058822,,,,,,,,,,,,,0,,,,,,,,,,,,0,,17.6470588235294,100,,,,,,50.2851115,26.8551812,
12:07:12.193,,,,,,,,,,,,,,,,,,,,,,,9.33352336352478,36.7422,672.9085331800001,9843.710692130002,0.09824761435289242,0.38676,8.703851000000002,121.28161400000002,0,,5.882352941176471,,,0,0,,,,,,,,,,,,6.971683231170359,8.926797078779746,6.8702903290420245,1.3881278283228144,,,47,,,,34950,,12000,0,0,,130,0,34950,17.6470588235294,,,,,,0,50.2851115,26.8551812,
12:07:12.318,,,,,,,,,,,,,,,25,,,,,,,,,,,,,,,,,,,,,,,,,,,,,,,,,,,,,,,,,,,,,,,,,,,,,,,,,59,,,50.2851115,26.8551812,
12:07:12.354,,,,,,,,,,,,,,,,,,-10.125,,,,,,,,,,,,,,,,,,,,,,,,,,,,,,,,,,,,,,,,,,,,,,,,,,,,,,,,,50.2851115,26.8551812,
12:07:12.413,,,,,,,,,,,,,,,,-608,-0.046875,,,,,,,,,,,,,,,,,,,,,,,,,,,,,,,,,,,,,,,,,,,,,,,,,,,,,,,,,,50.2851115,26.8551812,
12:07:12.558,,,,,,,,,359.03000000000003,60.5,,3.729,,,,,,,,,,,,,,,,,,,,,,,,,,,,,,,,,,,,,,,,,,,,,,,,,,,,7.448,,,,,,,,,,,50.2851115,26.8551812,
12:07:12.606,1.550000000000182,,1.8500000000001364,,,,,,,,,,3.721,,,,,,,,,,,,,,,,,,,,,,,,,,,,,,,,,,,,,,,,,,,,,,,,,,,7.45,,,,,,,,,,,50.2851115,26.8551812,
12:07:12.641,,2.1000000000001364,,,,,,,,,,,,,,,,,,,,,,,,,,,,,,,,,,,,,,,,,,,,,,,,,,,,,,,,,,,,,,,,,,,,,,,,,50.2851115,26.8551812,
12:07:12.749,,,,,,,,,,,,,,,,,,,,,,,,,,,,,,,,,,,,,,,,,,,,,,,,,,,,,,,,62,,,,,,,,,130,,,,,,,,,,50.2851045,26.8552246,
12:07:12.810,,,,,,,,,,,,,,,,,,,,,,,,,,,,,,,,,,0,0,,,,0,0,,0,1.4115850659166662,4.33492,126.690603,8737.066147999998,0,-0.01,,,,,21.73625111752261,,,,21,99,,11,,,,,130,0,,,,,,,0,,50.2851045,26.8552246,
12:07:12.874,,,,,,,,,,,,,,,,,,,,0,5.882352941176471,100,,,,,,,,,,5.882352941176471,,,,,,,,,2.3529411764705883,,,,,,,,,,,,,0,,,,,,,,,,,,0,,17.6470588235294,100,,,,,,50.2851045,26.8552246,
12:07:12.938,,,,,,,,,,,,,,,,,,,,,,,9.33352336352478,36.7422,672.9085331800001,9843.710692130002,0.09824761435289242,0.38676,8.703851000000002,121.28161400000002,0,,5.882352941176471,,,0,0,,,,,,,,,,,,6.960091653356478,8.92196395781237,6.87016305384544,1.388127455436086,,,47,,,,34960,,12000,0,0,,130,0,34960,17.6470588235294,,,,,,0,50.2851045,26.8552246,
12:07:13.065,,,,,,,,,,,,,,,25,,,,,,,,,,,,,,,,,,,,,,,,,,,,,,,,,,,,,,,,,,,,,,,,,,,,,,,,,59,,,50.2851045,26.8552246,
12:07:13.114,,,,,,,,,,,,,,,,,,-4.3125,,,,,,,,,,,,,,,,,,,,,,,,,,,,,,,,,,,,,,,,,,,,,,,,,,,,,,,,,50.2851045,26.8552246,
12:07:13.165,,,,,,,,,,,,,,,,-256,-0.015625,,,,,,,,,,,,,,,,,,,,,,,,,,,,,,,,,,,,,,,,,,,,,,,,,,,,,,,,,,50.2851045,26.8552246,
12:07:13.322,,,,,,,,,358.38,60.5,,3.728,,,,,,,,,,,,,,,,,,,,,,,,,,,,,,,,,,,,,,,,,,,,,,,,,,,,7.449,,,,,,,,,,,50.2851045,26.8552246,
12:07:13.374,-1.5,,-1.449999999999818,,,,,,,,,,3.718,,,,,,,,,,,,,,,,,,,,,,,,,,,,,,,,,,,,,,,,,,,,,,,,,,,7.446,,,,,,,,,,,50.2851045,26.8552246,
12:07:13.409,,-1.2999999999999545,,,,,,,,,,,,,,,,,,,,,,,,,,,,,,,,,,,,,,,,,,,,,,,,,,,,,,,,,,,,,,,,,,,,,,,,,50.2851045,26.8552246,
12:07:13.698,,,,,,,,,,,,,,,,,,,,,,,,,,,,,,,,,,0,0,,,,0,0,,0,1.4143009763055552,4.337636,126.693319,8737.068863999999,0,-0.01,,,,,21.69558759586933,,,,21,99,,11,,,,,130,0,,,,,,,0,,50.2851045,26.8552246,
12:07:13.761,,,,,,,,,,,,,,,,,,,,0,5.882352941176471,100,,,,,,,,,,5.882352941176471,,,,,,,,,3.1372549019607843,,,,,,,,,,,,,0,,,,,,,,,,,,0,,17.6470588235294,100,,,,,,50.285097,26.855267,
12:07:13.833,,,,,,,,,,,,,,,,,,,,,,,9.33352336352478,36.7422,672.9085331800001,9843.710692130002,0.09824761435289242,0.38676,8.703851000000002,121.28161400000002,0,,5.882352941176471,,,0,0,,,,,,,,,,,,6.946726050457476,8.916377492256151,6.870015774075665,1.3881270239236154,,,47,,,,34970,,12000,0,0,,130,0,34970,17.6470588235294,,,,,,0,50.285097,26.855267,
12:07:13.978,,,,,,,,,,,,,,,25,,,,,,,,,,,,,,,,,,,,,,,,,,,,,,,,,,,,,,,,,,,,,,,,,,,,,,,,,59,,,50.285097,26.855267,
12:07:14.001,,,,,,,,,,,,,,,,,,2.765625,,,,,,,,,,,,,,,,,,,,,,,,,,,,,,,,,,,,,,,,,,,,,,,,,,,,,,,,,50.285097,26.855267,
12:07:14.038,,,,,,,,,,,,,,,,128,0,,,,,,,,,,,,,,,,,,,,,,,,,,,,,,,,,,,,,,,,,,,,,,,,,,,,,,,,,,50.285097,26.855267,
12:07:14.150,,,,-100,,,,,,,,,,,,,,,,,,,,,,,,,,,,,,,,,,,,,,,,,,,,,,,,,,,,,,,,,,,,,,,,,,,-34,,,,50.285097,26.855267,
12:07:14.257,,,,,,,,,356.13,60.5,,3.725,,,,,,,,,,,,,,,,,,,,,,,,,,,,,,,,,,,,,,,,,,,,,,,,,,,,7.443,,,,,,,,,,,50.285097,26.855267,
12:07:14.317,-2.6499999999998636,,-2.599999999999909,,,,,,,,,,3.715,,,,,,,,,,,,,,,,,,,,,,,,,,,,,,,,,,,,,,,,,,,,,,,,,,,7.44,,,,,,,,,,,50.285097,26.855267,
12:07:14.353,,-1.949999999999818,,,,,,,,,,,,,,,,,,,,,,,,,,,,,,,,,,,,,,,,,,,,,,,,,,,,,,,,,,,,,,,,,,,,,,,,,50.285097,26.855267,
12:07:14.461,,,,,,,,,,,,,,,,,,,,,,,,,,,,,,,,,,0,0,,,,0,0,,0,1.4166285148888884,4.339964,126.695647,8737.071192,0,-0.01,,,,,21.660983218515504,,,,21,99,,11,,,,,130,0,,,,,,,0,,50.285097,26.855267,
12:07:14.521,,,,,,,,,,,,,,,,,,,,0,5.882352941176471,100,,,,,,,,,,5.882352941176471,,,,,,,,,3.1372549019607843,,,,,,,,,,,,,0,,,,,,,,,,,,0,,17.6470588235294,100,,,,,,50.285097,26.855267,
12:07:14.593,,,,,,,,,,,,,,,,,,,,,,,9.33352336352478,36.7422,672.9085331800001,9843.710692130002,0.09824761435289242,0.38676,8.703851000000002,121.28161400000002,0,,5.882352941176471,,,0,0,,,,,,,,,,,,6.935312491616644,8.911594658388871,6.869889539298854,1.3881266540559973,,,47,,,,34980,,12000,0,0,,130,0,34980,17.6470588235294,,,,,,0,50.285097,26.855267,
12:07:14.654,,,,,,,,,,,,,,,,,,,34,,,,,,,,,,,,,,,,,,,,,,,,,,,,,,,,,,,,,,,,,,,,,,,,,,,,,59,,,50.285097,26.855267,
12:07:14.750,,,,,,,,,,,,,,,25,,,,,,,,,,,,,,,,,,,,,,,,,,,,,,,,,,,,,,,,,,,,,,,,,,,,,,,,,59,,,50.2850887,26.8553089,
12:07:14.785,,,,,,,,,,,,,,,,,,-3.046875,,,,,,,,,,,,,,,,,,,,,,,,,,,,,,,,,,,,,,,,,,,,,,,,,,,,,,,,,50.2850887,26.8553089,
12:07:14.830,,,,,,,,,,,,,,,,-192,-0.015625,,,,,,,,,,,,,,,,,,,,,,,,,,,,,,,,,,,,,,,,,,,,,,,,,,,,,,,,,,50.2850887,26.8553089,
12:07:14.949,,,,,,,,,358.54,60.5,,3.728,,,,,,,,,,,,,,,,,,,,,,,,,,,,,,,,,,,,,,,,,,,,,,,,,,,,7.443,,,,,,,,,,,50.2850887,26.8553089,
12:07:15.021,-1.0499999999999545,,-1,,,,,,,,,,3.718,,,,,,,,,,,,,,,,,,,,,,,,,,,,,,,,,,,,,,,,,,,,,,,,,,,7.446,,,,,,,,,,,50.2850887,26.8553089,
12:07:15.058,,-0.8999999999998636,,,,,,,,,,,,,,,,,,,,,,,,,,,,,,,,,,,,,,,,,,,,,,,,,,,,,,,,,,,,,,,,,,,,,,,,,50.2850887,26.8553089,
12:07:15.310,,,,,,,,,,,,,,,,,,,,,,,,,,,,,,,,,,0,0,,,,0,0,,0,1.4192260053888883,4.342561,126.698244,8737.073788999998,0,-0.01,,,,,21.622628793661995,,,,21,99,,11,,,,,130,0,,,,,,,0,,50.2850887,26.8553089,
12:07:15.422,,,,,,,,,,,,,,,,,,,,0,5.882352941176471,100,,,,,,,,,,5.882352941176471,,,,,,,,,3.1372549019607843,,,,,,,,,,,,,0,,,,,,,,,,,,0,,17.6470588235294,100,,,,,,50.2850887,26.8553089,
12:07:15.486,,,,,,,,,,,,,,,,,,,,,,,9.33352336352478,36.7422,672.9085331800001,9843.710692130002,0.09824761435289242,0.38676,8.703851000000002,121.28161400000002,0,,5.882352941176471,,,0,0,,,,,,,,,,,,6.922619369983371,8.906265219993456,6.8697487235892565,1.388126241450472,,,47,,,,34990,,12000,0,0,,130,0,34990,17.6470588235294,,,,,,0,50.2850887,26.8553089,
12:07:15.613,,,,,,,,,,,,,,,25,,,,,,,,,,,,,,,,,,,,,,,,,,,,,,,,,,,,,,,,,,,,,,,,,,,,,,,,,59,,,50.2850887,26.8553089,
12:07:15.662,,,,,,,,,,,,,,,,,,-0.578125,,,,,,,,,,,,,,,,,,,,,,,,,,,,,,,,,,,,,,,,,,,,,,,,,,,,,,,,,50.2850887,26.8553089,
12:07:15.710,,,,,,,,,,,,,,,,0,0,,,,,,,,,,,,,,,,,,,,,,,,,,,,,,,,,,,,,,,,,,,,,,,,,,,,,,,,,,50.2850887,26.8553089,
12:07:15.818,,,,,,17,16,16,,,,,,,,,,,,,,,,,,,,,,,,,,,,,,,,,,,,,,,,,,,,,,,,,,,,,,,,,,,,,,,-34,,,,50.2850791,26.85535,
12:07:15.865,,,,,,,,,356.61,60.5,,3.728,,,,,,,,,,,,,,,,,,,,,,,,,,,,,,,,,,,,,,,,,,,,,,,,,,,,7.446,,,,,,,,,,,50.2850791,26.85535,
12:07:15.925,-2.6499999999998636,,-2.7999999999999545,,,,,,,,,,3.718,,,,,,,,,,,,,,,,,,,,,,,,,,,,,,,,,,,,,,,,,,,,,,,,,,,7.446,,,,,,,,,,,50.2850791,26.85535,
12:07:15.961,,-3.449999999999818,,,,,,,,,,,,,,,,,,,,,,,,,,,,,,,,,,,,,,,,,,,,,,,,,,,,,,,,,,,,,,,,,,,,,,,,,50.2850791,26.85535,
12:07:16.081,,,,,,,,,,,,,,,,,,,,,,,,,,,,,,,,,,0,0,,,,0,0,,-0.008658727000745665,1.4213632562222216,4.344698,126.700381,8737.075926,0,-0.01,,,,,21.58490590532816,,,,21,99,,10,,,,,130,0,,,,,,,0,,50.2850791,26.85535,
12:07:16.149,,,,,,,,,,,,,,,,,,,,0,5.882352941176471,100,,,,,,,,,,5.882352941176471,,,,,,,,,3.5294117647058822,,,,,,,,,,,,,0,,,,,,,,,,,,0,,17.6470588235294,100,,,,,,50.2850791,26.85535,
12:07:16.233,,,,,,,,,,,,,,,,,,,,,,,9.33352336352478,36.7422,672.9085331800001,9843.710692130002,0.09824761435289242,0.38676,8.703851000000002,121.28161400000002,0,,5.882352941176471,,,0,0,,,,,,,,,,,,6.912210085831289,8.901884549858242,6.869632854537353,1.388125901928897,,,47,,,,35000,,12000,0,0,,130,0,35000,17.6470588235294,,,,,,0,50.2850791,26.85535,
12:07:16.366,,,,,,,,,,,,,,,25,,,,,,,,,,,,,,,,,,,,,,,,,,,,,,,,,,,,,,,,,,,,,,,,,,,,,,,,,59,,,50.2850791,26.85535,
12:07:16.401,,,,,,,,,,,,,,,,,,5.4375,,,,,,,,,,,,,,,,,,,,,,,,,,,,,,,,,,,,,,,,,,,,,,,,,,,,,,,,,50.2850791,26.85535,
12:07:16.450,,,,,,,,,,,,,,,,416,0.015625,,,,,,,,,,,,,,,,,,,,,,,,,,,,,,,,,,,,,,,,,,,,,,,,,,,,,,,,,,50.2850791,26.85535,
12:07:16.549,,,,,,,,,358.22,60.5,,3.724,,,,,,,,,,,,,,,,,,,,,,,,,,,,,,,,,,,,,,,,,,,,,,,,,,,,7.442,,,,,,,,,,,50.2850791,26.85535,
12:07:16.609,-2.8999999999998636,,-3,,,,,,,,,,3.716,,,,,,,,,,,,,,,,,,,,,,,,,,,,,,,,,,,,,,,,,,,,,,,,,,,7.44,,,,,,,,,,,50.2850791,26.85535,
12:07:16.634,,-2.599999999999909,,,,,,,,,,,,,,,,,,,,,,,,,,,,,,,,,,,,,,,,,,,,,,,,,,,,,,,,,,,,,,,,,,,,,,,,,50.2850791,26.85535,
12:07:16.741,,,,,,,,,,,,,,,,,,,,,,,,,,,,,,,,,,,,,,,,,,,,,,,,,,,,,,,,62,,,,,,,,,130,,,,,,,,,,50.2850685,26.8553895,
12:07:16.801,,,,,,,,,,,,,,,,,,,,,,,,,,,,,,,,,,0,0,,,,0,0,,-0.009130743318851385,1.4233618814999993,4.346697,126.70238,8737.077925,0,-0.01,,,,,21.549850675336113,,,,21,99,,10,,,,,130,0,,,,,,,0,,50.2850685,26.8553895,
12:07:16.874,,,,,,,,,,,,,,,,,,,,0,5.882352941176471,100,,,,,,,,,,5.882352941176471,,,,,,,,,3.1372549019607843,,,,,,,,,,,,,0,,,,,,,,,,,,0,,17.6470588235294,100,,,,,,50.2850685,26.8553895,
12:07:16.945,,,,,,,,,,,,,,,,,,,,,,,9.33352336352478,36.7422,672.9085331800001,9843.710692130002,0.09824761435289242,0.38676,8.703851000000002,121.28161400000002,0,,5.882352941176471,,,0,0,,,,,,,,,,,,6.902504249260553,8.89779066725838,6.869524471442448,1.3881255843325906,,,47,,,,35010,,12000,0,0,,130,0,35010,17.6470588235294,,,,,,0,50.2850685,26.8553895,
12:07:17.077,,,,,,,,,,,,,,,25,,,,,,,,,,,,,,,,,,,,,,,,,,,,,,,,,,,,,,,,,,,,,,,,,,,,,,,,,59,,,50.2850685,26.8553895,
12:07:17.137,,,,,,,,,,,,,,,,,,-9.1875,,,,,,,,,,,,,,,,,,,,,,,,,,,,,,,,,,,,,,,,,,,,,,,,,,,,,,,,,50.2850685,26.8553895,
12:07:17.233,,,,,,,,,,,,,,,,-800,-0.0625,,,,,,,,,,,,,,,,,,,,,,,,,,,,,,,,,,,,,,,,,,,,,,,,,,,,,,,,,,50.2850685,26.8553895,
12:07:17.485,,,,,17,,,,,,61.75,,,63.75,,,,,,,,,,,,,,,,,,,,,,,,,,,,,,,,,,,,,,,,,,,,,,,,,,,,,,,,125.5,-34,,,,50.2850685,26.8553895,
12:07:17.544,,,,,,,,,358.7,60.5,,3.729,,,,,,,,,,,,,,,,,,,,,,,,,,,,,,,,,,,,,,,,,,,,,,,,,,,,7.445,,,,,,,,,,,50.2850685,26.8553895,
12:07:17.606,0.650000000000091,,0.3000000000001819,,,,,,,,,,3.721,,,,,,,,,,,,,,,,,,,,,,,,,,,,,,,,,,,,,,,,,,,,,,,,,,,7.45,,,,,,,,,,,50.2850685,26.8553895,
12:07:17.653,,-2.1499999999998636,,,,,,,,,,,,,,,,,,,,,,,,,,,,,,,,,,,,,,,,,,,,,,,,,,,,,,,,,,,,,,,,,,,,,,,,,50.2850685,26.8553895,
12:07:17.774,,,,,,,,,,,,,,,,,,,,,,,,,,,,,,,,,,0,0,,,,0,0,,-0.008550194263814323,1.4260664384444437,4.349402,126.705085,8737.080629999999,0,-0.01,,,,,21.502750042021507,,,,21,99,,10,,,,,130,0,,,,,,,0,,50.2850576,26.8554263,
12:07:17.834,,,,,,,,,,,,,,,,,,,,0,5.882352941176471,100,,,,,,,,,,5.882352941176471,,,,,,,,,5.490196078431373,,,,,,,,,,,,,0,,,,,,,,,,,,0,,17.6470588235294,100,,,,,,50.2850576,26.8554263,
12:07:17.894,,,,,,,,,,,,,,,,,,,,,,,9.33352336352478,36.7422,672.9085331800001,9843.710692130002,0.09824761435289242,0.38676,8.703851000000002,121.28161400000002,0,,5.882352941176471,,,0,0,,,,,,,,,,,,6.889413543737915,8.892256912559473,6.869377815420748,1.3881251545689357,,,47,,,,35030,,12000,0,0,,130,0,35030,17.6470588235294,,,,,,0,50.2850576,26.8554263,
12:07:18.013,,,,,,,,,,,,,,,25,,,,,,,,,,,,,,,,,,,,,,,,,,,,,,,,,,,,,,,,,,,,,,,,,,,,,,,,,59,,,50.2850576,26.8554263,
12:07:18.061,,,,,,,,,,,,,,,,,,26.890625,,,,,,,,,,,,,,,,,,,,,,,,,,,,,,,,,,,,,,,,,,,,,,,,,,,,,,,,,50.2850576,26.8554263,
12:07:18.098,,,,,,,,,,,,,,,,1664,0.09375,,,,,,,,,,,,,,,,,,,,,,,,,,,,,,,,,,,,,,,,,,,,,,,,,,,,,,,,,,50.2850576,26.8554263,
12:07:18.240,,,,,,,,,355.32,60.5,,3.718,,,,,,,,,,,,,,,,,,,,,,,,,,,,,,,,,,,,,,,,,,,,,,,,,,,,7.439,,,,,,,,,,,50.2850576,26.8554263,
12:07:18.290,-5.75,,-5.7999999999999545,,,,,,,,,,3.708,,,,,,,,,,,,,,,,,,,,,,,,,,,,,,,,,,,,,,,,,,,,,,,,,,,7.426,,,,,,,,,,,50.2850576,26.8554263,
12:07:18.337,,-4.699999999999818,,,,,,,,,,,,,,,,,,,,,,,,,,,,,,,,,,,,,,,,,,,,,,,,,,,,,,,,,,,,,,,,,,,,,,,,,50.2850576,26.8554263,
12:07:18.458,,,,,,,,,,,,,,,,,,,,,,,,,,,,,,,,,,0,0,,,,0,0,,-0.008999118929733457,1.427964916777777,4.3513,126.706983,8737.082527999999,0,-0.01,,,,,21.469916318126664,,,,21,99,,10,,,,,130,0,,,,,,,0,,50.2850576,26.8554263,
12:07:18.517,,,,,,,,,,,,,,,,,,,,0,5.882352941176471,100,,,,,,,,,,5.882352941176471,,,,,,,,,1.5686274509803921,,,,,,,,,,,,,0,,,,,,,,,,,,0,,17.6470588235294,100,,,,,,50.2850576,26.8554263,
12:07:18.613,,,,,,,,,,,,,,,,,,,,,,,9.33352336352478,36.7422,672.9085331800001,9843.710692130002,0.09824761435289242,0.38676,8.703851000000002,121.28161400000002,0,,5.882352941176471,,,0,0,,,,,,,,,,,,6.880254073369642,8.888378185829522,6.869274915968919,1.3881248530195873,,,47,,,,35040,,12000,0,0,,130,0,35040,17.6470588235294,,,,,,0,50.2850576,26.8554263,
12:07:18.733,,,,,,,,,,,,,,,25,,,,,,,,,,,,,,,,,,,,,,,,,,,,,,,,,,,,,,,,,,,,,,,,,,,,,,,,,59,,,50.2850466,26.8554634,
12:07:18.782,,,,,,,,,,,,,,,,,,-4.765625,,,,,,,,,,,,,,,,,,,,,,,,,,,,,,,,,,,,,,,,,,,,,,,,,,,,,,,,,50.2850466,26.8554634,
12:07:18.818,,,,,,,,,,,,,,,,-480,-0.03125,,,,,,,,,,,,,,,,,,,,,,,,,,,,,,,,,,,,,,,,,,,,,,,,,,,,,,,,,,50.2850466,26.8554634,
12:07:18.950,,,,,,,,,358.38,60.5,,3.728,,,,,,,,,,,,,,,,,,,,,,,,,,,,,,,,,,,,,,,,,,,,,,,,,,,,7.436,,,,,,,,,,,50.2850466,26.8554634,
12:07:19.083,-0.049999999999954525,,0.3000000000001819,,,,,,,,,,3.719,,,,,,,,,,,,,,,,,,,,,,,,,,,,,,,,,,,,,,,,,,,,,,,,,,,7.447,,,,,,,,,,,50.2850466,26.8554634,
12:07:19.181,,0.40000000000009095,,,,,,,,,,,,,,,,,,,,,,,,,,,,,,,,,,,,,,,,,,,,,,,,,,,,,,,,,,,,,,,,,,,,,,,,,50.2850466,26.8554634,
12:07:19.325,,,,,,,,,,,,,,,,,,,,,,,,,,,,,,,,,,0,0,,,,0,0,,0,1.4303746003888882,4.35371,126.709393,8737.084937999998,0,-0.01,,,,,21.428510395544503,,,,21,99,,10,,,,,130,0,,,,,,,0,,50.2850466,26.8554634,
12:07:19.397,,,,,,,,,,,,,,,,,,,,0,5.882352941176471,100,,,,,,,,,,5.882352941176471,,,,,,,,,0,,,,,,,,,,,,,0,,,,,,,,,,,,0,,17.6470588235294,100,,,,,,50.2850466,26.8554634,
12:07:19.470,,,,,,,,,,,,,,,,,,,,,,,9.33352336352478,36.7422,672.9085331800001,9843.710692130002,0.09824761435289242,0.38676,8.703851000000002,121.28161400000002,0,,5.882352941176471,,,0,0,,,,,,,,,,,,6.868663238719494,8.883458016266585,6.869144263046072,1.3881244701251874,,,47,,,,35050,,12000,0,0,,130,0,35050,17.6470588235294,,,,,,0,50.2850466,26.8554634,
12:07:19.602,,,,,,,,,,,,,,,25,,,,,,,,,,,,,,,,,,,,,,,,,,,,,,,,,,,,,,,,,,,,,,,,,,,,,,,,,59,,,50.2850466,26.8554634,
12:07:19.637,,,,,,,,,,,,,,,,,,-9.328125,,,,,,,,,,,,,,,,,,,,,,,,,,,,,,,,,,,,,,,,,,,,,,,,,,,,,,,,,50.2850466,26.8554634,
12:07:19.697,,,,,,,,,,,,,,,,-416,-0.03125,,,,,,,,,,,,,,,,,,,,,,,,,,,,,,,,,,,,,,,,,,,,,,,,,,,,,,,,,,50.2850466,26.8554634,
12:07:19.806,,,,,,,,,357.58,60.5,,3.726,,,,,,,,,,,,,,,,,,,,,,,,,,,,,,,,,,,,,,,,,,,,,,,,,,,,7.445,,,,,,,,,,,50.2850365,26.8554992,
12:07:19.877,-0.09999999999990905,,-0.25,,,,,,,,,,3.718,,,,,,,,,,,,,,,,,,,,,,,,,,,,,,,,,,,,,,,,,,,,,,,,,,,7.444,,,,,,,,,,,50.2850365,26.8554992,
12:07:19.912,,0,,,,,,,,,,,,,,,,,,,,,,,,,,,,,,,,,,,,,,,,,,,,,,,,,,,,,,,,,,,,,,,,,,,,,,,,,50.2850365,26.8554992,
12:07:20.033,,,,,,,,,,,,,,,,,,,,,,,,,,,,,,,,,,0,0,,,,0,0,,-0.008764018140656096,1.4321435871388881,4.355479,126.711162,8737.086706999999,0,-0.01,,,,,21.39202102224189,,,,21,99,,9,,,,,130,0,,,,,,,0,,50.2850365,26.8554992,
12:07:20.125,,,,,,,,,,,,,,,,,,,,0,5.882352941176471,100,,,,,,,,,,5.882352941176471,,,,,,,,,0,,,,,,,,,,,,,0,,,,,,,,,,,,0,,17.6470588235294,100,,,,,,50.2850365,26.8554992,
12:07:20.209,,,,,,,,,,,,,,,,,,,,,,,9.33352336352478,36.7422,672.9085331800001,9843.710692130002,0.09824761435289242,0.38676,8.703851000000002,121.28161400000002,0,,5.882352941176471,,,0,0,,,,,,,,,,,,6.860179051541181,8.879849954505579,6.869048363710848,1.3881241890712994,,,47,,,,35060,,12000,0,0,,130,0,35060,17.6470588235294,,,,,,0,50.2850365,26.8554992,
12:07:20.354,,,,,,,,,,,,,,,25,,,,,,,,,,,,,,,,,,,,,,,,,,,,,,,,,,,,,,,,,,,,,,,,,,,,,,,,,59,,,50.2850365,26.8554992,
12:07:20.414,,,,,,,,,,,,,,,,,,-3.859375,,,,,,,,,,,,,,,,,,,,,,,,,,,,,,,,,,,,,,,,,,,,,,,,,,,,,,,,,50.2850365,26.8554992,
12:07:20.462,,,,,,,,,,,,,,,,-352,-0.03125,,,,,,,,,,,,,,,,,,,,,,,,,,,,,,,,,,,,,,,,,,,,,,,,,,,,,,,,,,50.2850365,26.8554992,
12:07:20.558,,,,,,,,,358.54,60.5,,3.726,,,,,,,,,,,,,,,,,,,,,,,,,,,,,,,,,,,,,,,,,,,,,,,,,,,,7.444,,,,,,,,,,,50.2850365,26.8554992,
12:07:20.605,-1.099999999999909,,-1.1499999999998636,,,,,,,,,,3.719,,,,,,,,,,,,,,,,,,,,,,,,,,,,,,,,,,,,,,,,,,,,,,,,,,,7.445,,,,,,,,,,,50.2850365,26.8554992,
12:07:20.641,,-0.8999999999998636,,,,,,,,,,,,,,,,,,,,,,,,,,,,,,,,,,,,,,,,,,,,,,,,,,,,,,,,,,,,,,,,,,,,,,,,,50.2850365,26.8554992,
12:07:20.761,,,,,,,,,,,,,,,,,,,,,,,,,,,,,,,,,,,,,,,,,,,,,,,,,,,,,,,,62,,,,,,,,,130,,,,,,,,,,50.2850271,26.8555331,
12:07:20.905,,,,,,,,,,,,,,,,,,,,,,,,,,,,,,,,,,0,0,,,,0,0,,-0.009048117221517358,1.434323126388888,4.357659,126.713342,8737.088886999998,0,-0.01,,,,,21.34735662976819,,,,21,99,,9,,,,,130,0,,,,,,,0,,50.2850271,26.8555331,
12:07:21.002,,,,,,,,,,,,,,,,,,,,0,5.882352941176471,100,,,,,,,,,,5.882352941176471,,,,,,,,,0,,,,,,,,,,,,,0,,,,,,,,,,,,0,,17.6470588235294,100,,,,,,50.2850271,26.8555331,
12:07:21.086,,,,,,,,,,,,,,,,,,,,,,,9.33352336352478,36.7422,672.9085331800001,9843.710692130002,0.09824761435289242,0.38676,8.703851000000002,121.28161400000002,0,,5.882352941176471,,,0,0,,,,,,,,,,,,6.849754601687607,8.875407644333805,6.868930187319976,1.3881238427190108,,,47,,,,35070,,12000,0,0,,130,0,35070,17.6470588235294,,,,,,0,50.2850271,26.8555331,
12:07:21.174,,,,,,,,,,,,,,,,,,,33,,,,,,,,,,,,,,,,,,,,,,,,,,,,,,,,,,,,,,,,,,,,,,,,,,,,,58,,,50.2850271,26.8555331,
12:07:21.271,,,,,,,,,,,,,,,25,,,,,,,,,,,,,,,,,,,,,,,,,,,,,,,,,,,,,,,,,,,,,,,,,,,,,,,,,58,,,50.2850271,26.8555331,
12:07:21.310,,,,,,,,,,,,,,,,,,-0.734375,,,,,,,,,,,,,,,,,,,,,,,,,,,,,,,,,,,,,,,,,,,,,,,,,,,,,,,,,50.2850271,26.8555331,
12:07:21.374,,,,,,,,,,,,,,,,-32,-0.015625,,,,,,,,,,,,,,,,,,,,,,,,,,,,,,,,,,,,,,,,,,,,,,,,,,,,,,,,,,50.2850271,26.8555331,
12:07:21.482,,,,,,,,,356.29,60.5,,3.727,,,,,,,,,,,,,,,,,,,,,,,,,,,,,,,,,,,,,,,,,,,,,,,,,,,,7.446,,,,,,,,,,,50.2850271,26.8555331,
12:07:21.542,-1.449999999999818,,-1.5,,,,,,,,,,3.718,,,,,,,,,,,,,,,,,,,,,,,,,,,,,,,,,,,,,,,,,,,,,,,,,,,7.445,,,,,,,,,,,50.2850271,26.8555331,
12:07:21.590,,-1.2999999999999545,,,,,,,,,,,,,,,,,,,,,,,,,,,,,,,,,,,,,,,,,,,,,,,,,,,,,,,,,,,,,,,,,,,,,,,,,50.2850271,26.8555331,
12:07:21.709,,,,,,,,,,,,,,,,,,,,,,,,,,,,,,,,,,0,0,,,,0,0,,-0.017422969087222243,1.4361137257222214,4.35945,126.715133,8737.090677999999,0,-0.01,,,,,21.30304104675578,,,,21,99,,8,,,,,130,0,,,,,,,0,,50.2850271,26.8555331,
12:07:21.786,,,,,,,,,,,,,,,,,,,,0,5.882352941176471,100,,,,,,,,,,5.882352941176471,,,,,,,,,0,,,,,,,,,,,,,0,,,,,,,,,,,,0,,17.6470588235294,100,,,,,,50.285019,26.8555661,
12:07:21.858,,,,,,,,,,,,,,,,,,,,,,,9.33352336352478,36.7422,672.9085331800001,9843.710692130002,0.09824761435289242,0.38676,8.703851000000002,121.28161400000002,0,,5.882352941176471,,,0,0,,,,,,,,,,,,6.841214076098584,8.871761346041358,6.8688331014102335,1.3881235581700808,,,47,,,,35080,,12000,0,0,,130,0,35080,17.6470588235294,,,,,,0,50.285019,26.8555661,
12:07:21.989,,,,,,,,,,,,,,,25,,,,,,,,,,,,,,,,,,,,,,,,,,,,,,,,,,,,,,,,,,,,,,,,,,,,,,,,,58,,,50.285019,26.8555661,
12:07:22.037,,,,,,,,,,,,,,,,,,0.171875,,,,,,,,,,,,,,,,,,,,,,,,,,,,,,,,,,,,,,,,,,,,,,,,,,,,,,,,,50.285019,26.8555661,
12:07:22.073,,,,,,,,,,,,,,,,96,0,,,,,,,,,,,,,,,,,,,,,,,,,,,,,,,,,,,,,,,,,,,,,,,,,,,,,,,,,,50.285019,26.8555661,
12:07:22.158,,,,-100,,,,,,,,,,,,,,,,,,,,,,,,,,,,,,,,,,,,,,,,,,,,,,,,,,,,,,,,,,,,,,,,,,,-34,,,,50.285019,26.8555661,
12:07:22.290,,,,,,,,,356.29,60.5,,3.726,,,,,,,,,,,,,,,,,,,,,,,,,,,,,,,,,,,,,,,,,,,,,,,,,,,,7.444,,,,,,,,,,,50.285019,26.8555661,
12:07:22.349,-2.0499999999999545,,-2.0499999999999545,,,,,,,,,,3.716,,,,,,,,,,,,,,,,,,,,,,,,,,,,,,,,,,,,,,,,,,,,,,,,,,,7.442,,,,,,,,,,,50.285019,26.8555661,
12:07:22.386,,-1.75,,,,,,,,,,,,,,,,,,,,,,,,,,,,,,,,,,,,,,,,,,,,,,,,,,,,,,,,,,,,,,,,,,,,,,,,,50.285019,26.8555661,
12:07:22.517,,,,,,,,,,,,,,,,,,,,,,,,,,,,,,,,,,0,0,,,,0,0,,-0.01775011534916147,1.4379061752777769,4.361242,126.716925,8737.09247,0,-0.01,,,,,21.25897342363629,,,,21,99,,8,,,,,130,0,,,,,,,0,,50.285019,26.8555661,
12:07:22.577,,,,,,,,,,,,,,,,,,,,0,5.882352941176471,100,,,,,,,,,,5.882352941176471,,,,,,,,,0,,,,,,,,,,,,,0,,,,,,,,,,,,0,,17.6470588235294,100,,,,,,50.285019,26.8555661,
12:07:22.653,,,,,,,,,,,,,,,,,,,,,,,9.33352336352478,36.7422,672.9085331800001,9843.710692130002,0.09824761435289242,0.38676,8.703851000000002,121.28161400000002,0,,5.882352941176471,,,0,0,,,,,,,,,,,,6.8326860293170935,8.868116009155191,6.868735964039533,1.3881232734623905,,,47,,,,35090,,12000,0,0,,130,0,35090,17.6470588235294,,,,,,0,50.285019,26.8555661,
12:07:22.777,,,,,,,,,,,,,,,25,,,,,,,,,,,,,,,,,,,,,,,,,,,,,,,,,,,,,,,,,,,,,,,,,,,,,,,,,58,,,50.2850115,26.8555987,
12:07:22.839,,,,,,,,,,,,,,,,,,1.625,,,,,,,,,,,,,,,,,,,,,,,,,,,,,,,,,,,,,,,,,,,,,,,,,,,,,,,,,50.2850115,26.8555987,
12:07:22.914,,,,,,,,,,,,,,,,128,0,,,,,,,,,,,,,,,,,,,,,,,,,,,,,,,,,,,,,,,,,,,,,,,,,,,,,,,,,,50.2850115,26.8555987,
12:07:23.093,,,,,,,,,357.09000000000003,60.5,,3.726,,,,,,,,,,,,,,,,,,,,,,,,,,,,,,,,,,,,,,,,,,,,,,,,,,,,7.442,,,,,,,,,,,50.2850115,26.8555987,
12:07:23.158,-1.599999999999909,,-1.6499999999998636,,,,,,,,,,3.716,,,,,,,,,,,,,,,,,,,,,,,,,,,,,,,,,,,,,,,,,,,,,,,,,,,7.442,,,,,,,,,,,50.2850115,26.8555987,
12:07:23.197,,-1.5,,,,,,,,,,,,,,,,,,,,,,,,,,,,,,,,,,,,,,,,,,,,,,,,,,,,,,,,,,,,,,,,,,,,,,,,,50.2850115,26.8555987,
12:07:23.325,,,,,,,,,,,,,,,,,,,,,,,,,,,,,,,,,,0,0,,,,0,0,,,1.4399290790277768,4.363265,126.718948,8737.094492999999,0,-0.01,,,,,21.21837045955242,,,,21,99,,9,,,,,130,0,,,,,,,0,,50.2850115,26.8555987,
12:07:23.405,,,,,,,,,,,,,,,,,,,,0,5.882352941176471,100,,,,,,,,,,5.882352941176471,,,,,,,,,0,,,,,,,,,,,,,0,,,,,,,,,,,,0,,17.6470588235294,100,,,,,,50.2850115,26.8555987,
12:07:23.478,,,,,,,,,,,,,,,,,,,,,,,9.33352336352478,36.7422,672.9085331800001,9843.710692130002,0.09824761435289242,0.38676,8.703851000000002,121.28161400000002,0,,5.882352941176471,,,0,0,,,,,,,,,,,,6.823087038371922,8.864004363704703,6.868626308356034,1.3881229520542402,,,47,,,,35110,,12000,0,0,,130,0,35110,17.6470588235294,,,,,,0,50.2850115,26.8555987,
12:07:23.641,,,,,,,,,,,,,,,25,,,,,,,,,,,,,,,,,,,,,,,,,,,,,,,,,,,,,,,,,,,,,,,,,,,,,,,,,58,,,50.2850115,26.8555987,
12:07:23.713,,,,,,,,,,,,,,,,,,0.03125,,,,,,,,,,,,,,,,,,,,,,,,,,,,,,,,,,,,,,,,,,,,,,,,,,,,,,,,,50.2850115,26.8555987,
12:07:23.761,,,,,,,,,,,,,,,,0,0,,,,,,,,,,,,,,,,,,,,,,,,,,,,,,,,,,,,,,,,,,,,,,,,,,,,,,,,,,50.2850025,26.8556318,
12:07:23.881,,,,,,17,16,16,,,,,,,,,,,,,,,,,,,,,,,,,,,,,,,,,,,,,,,,,,,,,,,,,,,,,,,,,,,,,,,-34,,,,50.2850025,26.8556318,
12:07:23.943,,,,,17,,,,,,62,,,63.75,,,,,,,,,,,,,,,,,,,,,,,,,,,,,,,,,,,,,,,,,,,,,,,,,,,,,,,,125.5,-34,,,,50.2850025,26.8556318,
12:07:24.005,,,,,,,,,356.13,60.5,,3.724,,,,,,,,,,,,,,,,,,,,,,,,,,,,,,,,,,,,,,,,,,,,,,,,,,,,7.44,,,,,,,,,,,50.2850025,26.8556318,
12:07:24.070,-1.449999999999818,,-1.3999999999998636,,,,,,,,,,3.716,,,,,,,,,,,,,,,,,,,,,,,,,,,,,,,,,,,,,,,,,,,,,,,,,,,7.44,,,,,,,,,,,50.2850025,26.8556318,
12:07:24.109,,-1.2999999999999545,,,,,,,,,,,,,,,,,,,,,,,,,,,,,,,,,,,,,,,,,,,,,,,,,,,,,,,,,,,,,,,,,,,,,,,,,50.2850025,26.8556318,
12:07:24.229,,,,,,,,,,,,,,,,,,,,,,,,,,,,,,,,,,0,0,,,,0,0,,,1.4419376019166656,4.365274,126.720957,8737.096501999999,0,-0.01,,,,,21.16964769964554,,,,21,99,,8,,,,,130,0,,,,,,,0,,50.2850025,26.8556318,
12:07:24.314,,,,,,,,,,,,,,,,,,,,0,5.882352941176471,100,,,,,,,,,,5.882352941176471,,,,,,,,,0,,,,,,,,,,,,,0,,,,,,,,,,,,0,,17.6470588235294,100,,,,,,50.2850025,26.8556318,
12:07:24.386,,,,,,,,,,,,,,,,,,,,,,,9.33352336352478,36.7422,672.9085331800001,9843.710692130002,0.09824761435289242,0.38676,8.703851000000002,121.28161400000002,0,,5.882352941176471,,,0,0,,,,,,,,,,,,6.813582933290513,8.859924944001223,6.868517415000269,1.3881226328705147,,,47,,,,35120,,12000,0,0,,130,0,35120,17.6470588235294,,,,,,0,50.2850025,26.8556318,
12:07:24.533,,,,,,,,,,,,,,,25,,,,,,,,,,,,,,,,,,,,,,,,,,,,,,,,,,,,,,,,,,,,,,,,,,,,,,,,,58,,,50.2850025,26.8556318,
12:07:24.569,,,,,,,,,,,,,,,,,,0,,,,,,,,,,,,,,,,,,,,,,,,,,,,,,,,,,,,,,,,,,,,,,,,,,,,,,,,,50.2850025,26.8556318,
12:07:24.617,,,,,,,,,,,,,,,,0,0,,,,,,,,,,,,,,,,,,,,,,,,,,,,,,,,,,,,,,,,,,,,,,,,,,,,,,,,,,50.2850025,26.8556318,
12:07:24.750,,,,,,,,,356.45,60.5,,3.726,,,,,,,,,,,,,,,,,,,,,,,,,,,,,,,,,,,,,,,,,,,,,,,,,,,,7.442,,,,,,,,,,,50.284995,26.8556626,
12:07:24.833,-1.6499999999998636,,-1.5499999999999545,,,,,,,,,,3.717,,,,,,,,,,,,,,,,,,,,,,,,,,,,,,,,,,,,,,,,,,,,,,,,,,,7.443,,,,,,,,,,,50.284995,26.8556626,
12:07:24.897,,-1.75,,,,,,,,,,,,,,,,,,,,,,,,,,,,,,,,,,,,,,,,,,,,,,,,,,,,,,,,,,,,,,,,,,,,,,,,,50.284995,26.8556626,
12:07:25.054,,,,,,,,,,,,,,,,,,,,,,,,,,,,,,,,,,,,,,,,,,,,,,,,,,,,,,,,62,,,,,,,,,130,,,,,,,,,,50.284995,26.8556626,
12:07:25.126,,,,,,,,,,,,,,,,,,,,,,,,,,,,,,,,,,0,0,,,,0,0,,,1.4439312059166656,4.367268,126.722951,8737.098495999999,0,-0.01,,,,,21.121640738520558,,,,21,99,,8,,,,,130,0,,,,,,,0,,50.284995,26.8556626,
12:07:25.189,,,,,,,,,,,,,,,,,,,,0,5.882352941176471,100,,,,,,,,,,5.882352941176471,,,,,,,,,0,,,,,,,,,,,,,0,,,,,,,,,,,,0,,17.6470588235294,100,,,,,,50.284995,26.8556626,
12:07:25.270,,,,,,,,,,,,,,,,,,,,,,,9.33352336352478,36.7422,672.9085331800001,9843.710692130002,0.09824761435289242,0.38676,8.703851000000002,121.28161400000002,0,,5.882352941176471,,,0,0,,,,,,,,,,,,6.804175569467029,8.855879694124566,6.868409338100091,1.3881223160700882,,,47,,,,35130,,12000,0,0,,130,0,35130,17.6470588235294,,,,,,0,50.284995,26.8556626,
12:07:25.406,,,,,,,,,,,,,,,25,,,,,,,,,,,,,,,,,,,,,,,,,,,,,,,,,,,,,,,,,,,,,,,,,,,,,,,,,58,,,50.284995,26.8556626,
12:07:25.454,,,,,,,,,,,,,,,,,,7.4375,,,,,,,,,,,,,,,,,,,,,,,,,,,,,,,,,,,,,,,,,,,,,,,,,,,,,,,,,50.284995,26.8556626,
12:07:25.500,,,,,,,,,,,,,,,,320,0.015625,,,,,,,,,,,,,,,,,,,,,,,,,,,,,,,,,,,,,,,,,,,,,,,,,,,,,,,,,,50.284995,26.8556626,
12:07:25.622,,,,,,,,,356.45,60.5,,3.722,,,,,,,,,,,,,,,,,,,,,,,,,,,,,,,,,,,,,,,,,,,,,,,,,,,,7.439,,,,,,,,,,,50.284995,26.8556626,
12:07:25.698,-2.699999999999818,,-2.8999999999998636,,,,,,,,,,3.714,,,,,,,,,,,,,,,,,,,,,,,,,,,,,,,,,,,,,,,,,,,,,,,,,,,7.436,,,,,,,,,,,50.284995,26.8556626,
12:07:25.737,,-3,,,,,,,,,,,,,,,,,,,,,,,,,,,,,,,,,,,,,,,,,,,,,,,,,,,,,,,,,,,,,,,,,,,,,,,,,50.2849879,26.8556916,
12:07:25.870,,,,,,,,,,,,,,,,,,,,,,,,,,,,,,,,,,0,0,,,,0,0,,-0.00844679150497931,1.4453783695833322,4.368715,126.724398,8737.099943,0,-0.01,,,,,21.079063789654928,,,,21,99,,7,,,,,130,0,,,,,,,0,,50.2849879,26.8556916,
12:07:25.950,,,,,,,,,,,,,,,,,,,,0,5.882352941176471,100,,,,,,,,,,5.882352941176471,,,,,,,,,0,,,,,,,,,,,,,0,,,,,,,,,,,,0,,17.6470588235294,100,,,,,,50.2849879,26.8556916,
12:07:26.026,,,,,,,,,,,,,,,,,,,,,,,9.33352336352478,36.7422,672.9085331800001,9843.710692130002,0.09824761435289242,0.38676,8.703851000000002,121.28161400000002,0,,5.882352941176471,,,0,0,,,,,,,,,,,,6.797362989541266,8.852946461373653,6.8683309113056525,1.3881220861753858,,,47,,,,35140,,12000,0,0,,130,0,35140,17.6470588235294,,,,,,0,50.2849879,26.8556916,
12:07:26.174,,,,,,,,,,,,,,,25,,,,,,,,,,,,,,,,,,,,,,,,,,,,,,,,,,,,,,,,,,,,,,,,,,,,,,,,,58,,,50.2849879,26.8556916,
12:07:26.223,,,,,,,,,,,,,,,,,,12.609375,,,,,,,,,,,,,,,,,,,,,,,,,,,,,,,,,,,,,,,,,,,,,,,,,,,,,,,,,50.2849879,26.8556916,
12:07:26.273,,,,,,,,,,,,,,,,736,0.03125,,,,,,,,,,,,,,,,,,,,,,,,,,,,,,,,,,,,,,,,,,,,,,,,,,,,,,,,,,50.2849879,26.8556916,
12:07:26.398,,,,,,,,,357.42,60.5,,3.72,,,,,,,,,,,,,,,,,,,,,,,,,,,,,,,,,,,,,,,,,,,,,,,,,,,,7.434,,,,,,,,,,,50.2849879,26.8556916,
12:07:26.462,-4.25,,-4.199999999999818,,,,,,,,,,3.712,,,,,,,,,,,,,,,,,,,,,,,,,,,,,,,,,,,,,,,,,,,,,,,,,,,7.432,,,,,,,,,,,50.2849879,26.8556916,
12:07:26.549,,-4.2999999999999545,,,,,,,,,,,,,,,,,,,,,,,,,,,,,,,,,,,,,,,,,,,,,,,,,,,,,,,,,,,,,,,,,,,,,,,,,50.2849879,26.8556916,
12:07:26.814,,,,,,,,,,,,,,,,,,,,,,,,,,,,,,,,,,0,0,,,,0,0,,-0.024351408458054367,1.4469527864166656,4.370289,126.725972,8737.101517,0,-0.01,,,,,21.021578883873495,,,,21,99,,6,,,,,130,0,,,,,,,0,,50.2849813,26.8557176,
12:07:26.957,,,,,,,,,,,,,,,,,,,,0,5.882352941176471,100,,,,,,,,,,5.882352941176471,,,,,,,,,0,,,,,,,,,,,,,0,,,,,,,,,,,,0,,17.6470588235294,100,,,,,,50.2849813,26.8557176,
12:07:27.034,,,,,,,,,,,,,,,,,,,,,,,9.33352336352478,36.7422,672.9085331800001,9843.710692130002,0.09824761435289242,0.38676,8.703851000000002,121.28161400000002,0,,5.882352941176471,,,0,0,,,,,,,,,,,,6.789966837563487,8.849757990833101,6.868245603198058,1.3881218361034187,,,47,,,,35150,,12000,0,0,,130,0,35150,17.6470588235294,,,,,,0,50.2849813,26.8557176,
12:07:27.174,,,,,,,,,,,,,,,25,,,,,,,,,,,,,,,,,,,,,,,,,,,,,,,,,,,,,,,,,,,,,,,,,,,,,,,,,58,,,50.2849813,26.8557176,
12:07:27.209,,,,,,,,,,,,,,,,,,17.078125,,,,,,,,,,,,,,,,,,,,,,,,,,,,,,,,,,,,,,,,,,,,,,,,,,,,,,,,,50.2849813,26.8557176,
12:07:27.258,,,,,,,,,,,,,,,,1024,0.0625,,,,,,,,,,,,,,,,,,,,,,,,,,,,,,,,,,,,,,,,,,,,,,,,,,,,,,,,,,50.2849813,26.8557176,
12:07:27.401,,,,,,,,,355.64,60.5,,3.721,,,,,,,,,,,,,,,,,,,,,,,,,,,,,,,,,,,,,,,,,,,,,,,,,,,,7.433,,,,,,,,,,,50.2849813,26.8557176,
12:07:27.489,-4.849999999999909,,-4.7999999999999545,,,,,,,,,,3.709,,,,,,,,,,,,,,,,,,,,,,,,,,,,,,,,,,,,,,,,,,,,,,,,,,,7.43,,,,,,,,,,,50.2849813,26.8557176,
12:07:27.543,,-4.699999999999818,,,,,,,,,,,,,,,,,,,,,,,,,,,,,,,,,,,,,,,,,,,,,,,,,,,,,,,,,,,,,,,,,,,,,,,,,50.2849813,26.8557176,
12:07:27.673,,,,,,,,,,,,,,,,,,,,,,,,,,,,,,,,,,0,0,,,,0,0,,-0.016449464323942852,1.448383310249999,4.37172,126.727403,8737.102947999998,0,-0.01,,,,,20.969726505119272,,,,21,99,,6,,,,,130,0,,,,,,,0,,50.2849813,26.8557176,
12:07:27.749,,,,,,,,,,,,,,,,,,,,0,5.882352941176471,100,,,,,,,,,,5.882352941176471,,,,,,,,,0,,,,,,,,,,,,,0,,,,,,,,,,,,0,,17.6470588235294,100,,,,,,50.2849769,26.8557433,
12:07:27.834,,,,,,,,,,,,,,,,,,,,,,,9.33352336352478,36.7422,672.9085331800001,9843.710692130002,0.09824761435289242,0.38676,8.703851000000002,121.28161400000002,0,,5.882352941176471,,,0,0,,,,,,,,,,,,6.783260595286364,8.846861189646182,6.868168047284929,1.3881216087509016,,,47,,,,35170,,12000,0,0,,130,0,35170,17.6470588235294,,,,,,0,50.2849769,26.8557433,
12:07:27.897,,,,,,,,,,,,,,,,,,,33,,,,,,,,,,,,,,,,,,,,,,,,,,,,,,,,,,,,,,,,,,,,,,,,,,,,,58,,,50.2849769,26.8557433,
12:07:27.994,,,,,,,,,,,,,,,25,,,,,,,,,,,,,,,,,,,,,,,,,,,,,,,,,,,,,,,,,,,,,,,,,,,,,,,,,58,,,50.2849769,26.8557433,
12:07:28.042,,,,,,,,,,,,,,,,,,16.59375,,,,,,,,,,,,,,,,,,,,,,,,,,,,,,,,,,,,,,,,,,,,,,,,,,,,,,,,,50.2849769,26.8557433,
12:07:28.089,,,,,,,,,,,,,,,,1056,0.0625,,,,,,,,,,,,,,,,,,,,,,,,,,,,,,,,,,,,,,,,,,,,,,,,,,,,,,,,,,50.2849769,26.8557433,
12:07:28.214,,,,,,,,,356.93,60.5,,3.717,,,,,,,,,,,,,,,,,,,,,,,,,,,,,,,,,,,,,,,,,,,,,,,,,,,,7.426,,,,,,,,,,,50.2849769,26.8557433,
12:07:28.265,-4.7999999999999545,,-4.75,,,,,,,,,,3.71,,,,,,,,,,,,,,,,,,,,,,,,,,,,,,,,,,,,,,,,,,,,,,,,,,,7.427,,,,,,,,,,,50.2849769,26.8557433,
12:07:28.306,,-4.5,,,,,,,,,,,,,,,,,,,,,,,,,,,,,,,,,,,,,,,,,,,,,,,,,,,,,,,,,,,,,,,,,,,,,,,,,50.2849769,26.8557433,
12:07:28.474,,,,,,,,,,,,,,,,,,,,,,,,,,,,,,,,,,0,0,,,,0,0,,-0.02537849829278936,1.449495843999999,4.372833,126.728516,8737.104060999998,0,-0.01,,,,,20.918445903609697,,,,21,99,,5,,,,,130,0,,,,,,,0,,50.2849769,26.8557433,
12:07:28.594,,,,,,,,,,,,,,,,,,,,0,5.882352941176471,100,,,,,,,,,,5.882352941176471,,,,,,,,,0,,,,,,,,,,,,,0,,,,,,,,,,,,0,,17.6470588235294,100,,,,,,50.2849769,26.8557433,
12:07:28.719,,,,,,,,,,,,,,,,,,,,,,,9.33352336352478,36.7422,672.9085331800001,9843.710692130002,0.09824761435289242,0.38676,8.703851000000002,121.28161400000002,0,,5.882352941176471,,,0,0,,,,,,,,,,,,6.778054228963522,8.844609432832216,6.8681077272300755,1.3881214319212176,,,47,,,,35180,,12000,0,0,,130,0,35180,17.6470588235294,,,,,,0,50.284975,26.8557654,
12:07:28.865,,,,,,,,,,,,,,,25,,,,,,,,,,,,,,,,,,,,,,,,,,,,,,,,,,,,,,,,,,,,,,,,,,,,,,,,,58,,,50.284975,26.8557654,
12:07:28.925,,,,,,,,,,,,,,,,,,22.4375,,,,,,,,,,,,,,,,,,,,,,,,,,,,,,,,,,,,,,,,,,,,,,,,,,,,,,,,,50.284975,26.8557654,
12:07:28.973,,,,,,,,,,,,,,,,1440,0.078125,,,,,,,,,,,,,,,,,,,,,,,,,,,,,,,,,,,,,,,,,,,,,,,,,,,,,,,,,,50.284975,26.8557654,
12:07:29.082,,,,,,,,,357.58,60.5,,3.717,,,,,,,,,,,,,,,,,,,,,,,,,,,,,,,,,,,,,,,,,,,,,,,,,,,,7.427,,,,,,,,,,,50.284975,26.8557654,
12:07:29.157,-5.649999999999864,,-5.5,,,,,,,,,,3.709,,,,,,,,,,,,,,,,,,,,,,,,,,,,,,,,,,,,,,,,,,,,,,,,,,,7.426,,,,,,,,,,,50.284975,26.8557654,
12:07:29.210,,-5.349999999999909,,,,,,,,,,,,,,,,,,,,,,,,,,,,,,,,,,,,,,,,,,,,,,,,,,,,,,,,,,,,,,,,,,,,,,,,,50.284975,26.8557654,
12:07:29.330,,,,,,,,,,,,,,,,,,,,,,,,,,,,,,,,,,,,,,,,,,,,,,,,,,,,,,,,62,,,,,,,,,130,,,,,,,,,,50.284975,26.8557654,
12:07:29.402,,,,,,,,,,,,,,,,,,,,,,,,,,,,,,,,,,0.13,0,,,,0,0,,-0.01603967013704003,1.4507842983055546,4.374121,126.729804,8737.105349,0,-0.01,,,,,20.85946654657458,,,,21,99,,5,,,,,130,0.13,,,,,,,0.114737805,,50.284975,26.8557654,
12:07:29.465,,,,,,,,,,,,,,,,,,,,0,5.882352941176471,100,,,,,,,,,,5.882352941176471,,,,,,,,,0,,,,,,,,,,,,,0,,,,,,,,,,,,0.13,,17.6470588235294,100,,,,,,50.284975,26.8557654,
12:07:29.543,,,,,,,,,,,,,,,,,,,,,,,9.33352336352478,36.7422,672.9085331800001,9843.710692130002,0.09824761435289242,0.38676,8.703851000000002,121.28161400000002,0,,5.882352941176471,,,0,0,,,,,,,,,,,,6.772034579340351,8.842005056558794,6.868037924212367,1.3881212272881802,,,47,,,,35190,,12000,0,0,,130,0.13,35190,17.6470588235294,,,,,,0,50.284975,26.8557654,
12:07:29.678,,,,,,,,,,,,,,,25,,,,,,,,,,,,,,,,,,,,,,,,,,,,,,,,,,,,,,,,,,,,,,,,,,,,,,,,,58,,,50.284975,26.8557654,
12:07:29.714,,,,,,,,,,,,,,,,,,22.921875,,,,,,,,,,,,,,,,,,,,,,,,,,,,,,,,,,,,,,,,,,,,,,,,,,,,,,,,,50.284975,26.8557654,
12:07:29.749,,,,,,,,,,,,,,,,1472,0.078125,,,,,,,,,,,,,,,,,,,,,,,,,,,,,,,,,,,,,,,,,,,,,,,,,,,,,,,,,,50.2849769,26.8557861,
12:07:29.869,,,,,,,,,357.09000000000003,60.5,,3.717,,,,,,,,,,,,,,,,,,,,,,,,,,,,,,,,,,,,,,,,,,,,,,,,,,,,7.426,,,,,,,,,,,50.2849769,26.8557861,
12:07:29.931,-5.75,,-5.949999999999818,,,,,,,,,,3.707,,,,,,,,,,,,,,,,,,,,,,,,,,,,,,,,,,,,,,,,,,,,,,,,,,,7.424,,,,,,,,,,,50.2849769,26.8557861,
12:07:29.969,,-5.599999999999909,,,,,,,,,,,,,,,,,,,,,,,,,,,,,,,,,,,,,,,,,,,,,,,,,,,,,,,,,,,,,,,,,,,,,,,,,50.2849769,26.8557861,
12:07:30.065,,,,,,,,,,,,,,,,,,,,,,,,,,,,,,,,,,0,0,,,,0,0,,-0.008714164850641437,1.451703230249999,4.37504,126.730723,8737.106268,0,-0.01,,,,,20.817668482746583,,,,21,99,,5,,,,,130,0,,,,,,,0,,50.2849769,26.8557861,
12:07:30.113,,,,,,,,,,,,,,,,,,,,0,5.882352941176471,100,,,,,,,,,,5.882352941176471,,,,,,,,,3.1372549019607843,,,,,,,,,,,,,0,,,,,,,,,,,,0,,17.6470588235294,100,,,,,,50.2849769,26.8557861,
12:07:30.199,,,,,,,,,,,,,,,,,,,,,,,9.33352336352478,36.7422,672.9085331800001,9843.710692130002,0.09824761435289242,0.38676,8.703851000000002,121.28161400000002,0,,5.882352941176471,,,0,0,,,,,,,,,,,,6.767747863726467,8.840147747220596,6.8679881199762445,1.3881210812806384,,,47,,,,35200,,12000,0,0,,130,0,35200,17.6470588235294,,,,,,0,50.2849769,26.8557861,
12:07:30.429,,,,,,,,,,,,,,,25,,,,,,,,,,,,,,,,,,,,,,,,,,,,,,,,,,,,,,,,,,,,,,,,,,,,,,,,,58,,,50.2849769,26.8557861,
12:07:30.471,,,,,,,,,,,,,,,,,,52.703125,,,,,,,,,,,,,,,,,,,,,,,,,,,,,,,,,,,,,,,,,,,,,,,,,,,,,,,,,50.2849769,26.8557861,
12:07:30.511,,,,,,,,,,,,,,,,3456,0.203125,,,,,,,,,,,,,,,,,,,,,,,,,,,,,,,,,,,,,,,,,,,,,,,,,,,,,,,,,,50.2849769,26.8557861,
12:07:30.598,,,,-100,,,,,,,,,,,,,,,,,,,,,,,,,,,,,,,,,,,,,,,,,,,,,,,,,,,,,,,,,,,,,,,,,,,-34,,,,50.2849769,26.8557861,
12:07:30.766,,,,,17,,,,,,62.25,,,63.75,,,,,,,,,,,,,,,,,,,,,,,,,,,,,,,,,,,,,,,,,,,,,,,,,,,,,,,,125.75,-34,,,,50.2849813,26.8558075,
12:07:30.831,,,,,,,,,356.29,60.5,,3.706,,,,,,,,,,,,,,,,,,,,,,,,,,,,,,,,,,,,,,,,,,,,,,,,,,,,7.413,,,,,,,,,,,50.2849813,26.8558075,
12:07:30.905,-11.199999999999818,,-11.199999999999818,,,,,,,,,,3.695,,,,,,,,,,,,,,,,,,,,,,,,,,,,,,,,,,,,,,,,,,,,,,,,,,,7.401,,,,,,,,,,,50.2849813,26.8558075,
12:07:30.953,,-10.899999999999864,,,,,,,,,,,,,,,,,,,,,,,,,,,,,,,,,,,,,,,,,,,,,,,,,,,,,,,,,,,,,,,,,,,,,,,,,50.2849813,26.8558075,
12:07:31.075,,,,,,,,,,,,,,,,,,,,,,,,,,,,,,,,,,0,0,,,,0,0,,,1.453388912749999,4.376726,126.732409,8737.107954,0,-0.01,,,,,20.75821018601317,,,,21,99,,6,,,,,130,0,,,,,,,0,,50.2849813,26.8558075,
12:07:31.153,,,,,,,,,,,,,,,,,,,,0,5.882352941176471,100,,,,,,,,,,5.882352941176471,,,,,,,,,5.098039215686274,,,,,,,,,,,,,0,,,,,,,,,,,,0,,17.6470588235294,100,,,,,,50.2849813,26.8558075,
12:07:31.238,,,,,,,,,,,,,,,,,,,,,,,9.33352336352478,36.7422,672.9085331800001,9843.710692130002,0.09824761435289242,0.38676,8.703851000000002,121.28161400000002,0,,5.882352941176471,,,0,0,,,,,,,,,,,,6.759898433998322,8.836742350332191,6.86789675086189,1.3881208134148693,,,47,,,,35220,,12000,0,0,,130,0,35220,17.6470588235294,,,,,,0,50.2849813,26.8558075,
12:07:31.358,,,,,,,,,,,,,,,25,,,,,,,,,,,,,,,,,,,,,,,,,,,,,,,,,,,,,,,,,,,,,,,,,,,,,,,,,58,,,50.2849813,26.8558075,
12:07:31.418,,,,,,,,,,,,,,,,,,49.140625,,,,,,,,,,,,,,,,,,,,,,,,,,,,,,,,,,,,,,,,,,,,,,,,,,,,,,,,,50.2849813,26.8558075,
12:07:31.465,,,,,,,,,,,,,,,,3104,0.1875,,,,,,,,,,,,,,,,,,,,,,,,,,,,,,,,,,,,,,,,,,,,,,,,,,,,,,,,,,50.2849813,26.8558075,
12:07:31.609,,,,,,,,,354.2,60.5,,3.704,,,,,,,,,,,,,,,,,,,,,,,,,,,,,,,,,,,,,,,,,,,,,,,,,,,,7.399,,,,,,,,,,,50.2849813,26.8558075,
12:07:31.669,-10.199999999999818,,-9.649999999999864,,,,,,,,,,3.698,,,,,,,,,,,,,,,,,,,,,,,,,,,,,,,,,,,,,,,,,,,,,,,,,,,7.402,,,,,,,,,,,50.2849813,26.8558075,
12:07:31.706,,-9,,,,,,,,,,,,,,,,,,,,,,,,,,,,,,,,,,,,,,,,,,,,,,,,,,,,,,,,,,,,,,,,,,,,,,,,,50.2849813,26.8558075,
12:07:31.822,,,,,,,,,,,,,,,,,,,,,,,,,,,,,,,,,,0,0,,,,0,0,,0.008461283235436328,1.454638220749999,4.377975,126.733658,8737.109202999998,0,-0.01,,,,,20.71445088335699,,,,21,99,,6,,,,,130,0,,,,,,,0,,50.2849822,26.8558328,
12:07:31.889,,,,,,,,,,,,,,,,,,,,0,5.882352941176471,100,,,,,,,,,,5.882352941176471,,,,,,,,,0,,,,,,,,,,,,,0,,,,,,,,,,,,0,,17.6470588235294,100,,,,,,50.2849822,26.8558328,
12:07:31.962,,,,,,,,,,,,,,,,,,,,,,,9.33352336352478,36.7422,672.9085331800001,9843.710692130002,0.09824761435289242,0.38676,8.703851000000002,121.28161400000002,0,,5.882352941176471,,,0,0,,,,,,,,,,,,6.754092732572143,8.834221300943929,6.867829065582564,1.3881206149781948,,,47,,,,35230,,12000,0,0,,130,0,35230,17.6470588235294,,,,,,0,50.2849822,26.8558328,
12:07:32.237,,,,,,,,,,,,,,,25,,,,,,,,,,,,,,,,,,,,,,,,,,,,,,,,,,,,,,,,,,,,,,,,,,,,,,,,,58,,,50.2849822,26.8558328,
12:07:32.290,,,,,,,,,,,,,,,,,,16.546875,,,,,,,,,,,,,,,,,,,,,,,,,,,,,,,,,,,,,,,,,,,,,,,,,,,,,,,,,50.2849822,26.8558328,
12:07:32.318,,,,,,,,,,,,,,,,1216,0.0625,,,,,,,,,,,,,,,,,,,,,,,,,,,,,,,,,,,,,,,,,,,,,,,,,,,,,,,,,,50.2849822,26.8558328,
12:07:32.438,,,,,,17,16,16,,,,,,,,,,,,,,,,,,,,,,,,,,,,,,,,,,,,,,,,,,,,,,,,,,,,,,,,,,,,,,,-34,,,,50.2849822,26.8558328,
12:07:32.496,,,,,,,,,357.09000000000003,60.5,,3.712,,,,,,,,,,,,,,,,,,,,,,,,,,,,,,,,,,,,,,,,,,,,,,,,,,,,7.41,,,,,,,,,,,50.2849822,26.8558328,
12:07:32.546,-5.149999999999864,,-5.199999999999818,,,,,,,,,,3.704,,,,,,,,,,,,,,,,,,,,,,,,,,,,,,,,,,,,,,,,,,,,,,,,,,,7.416,,,,,,,,,,,50.2849822,26.8558328,
12:07:32.581,,-4.949999999999818,,,,,,,,,,,,,,,,,,,,,,,,,,,,,,,,,,,,,,,,,,,,,,,,,,,,,,,,,,,,,,,,,,,,,,,,,50.2849822,26.8558328,
12:07:32.749,,,,,,,,,,,,,,,,,,,,,,,,,,,,,,,,,,0,0,,,,0,0,,0.008462385633161464,1.4561775749166657,4.379514,126.735197,8737.110741999999,0,-0.01,,,,,20.66088774682896,,,,21,99,,6,,,,,130,0,,,,,,,0,,50.2849817,26.8558596,
12:07:32.809,,,,,,,,,,,,,,,,,,,,0,5.882352941176471,100,,,,,,,,,,5.882352941176471,,,,,,,,,0,,,,,,,,,,,,,0,,,,,,,,,,,,0,,17.6470588235294,100,,,,,,50.2849817,26.8558596,
12:07:32.917,,,,,,,,,,,,,,,,,,,,,,,9.33352336352478,36.7422,672.9085331800001,9843.710692130002,0.09824761435289242,0.38676,8.703851000000002,121.28161400000002,0,,5.882352941176471,,,0,0,,,,,,,,,,,,6.746952847321176,8.831116877352144,6.867745666580691,1.3881203704674303,,,47,,,,35250,,12000,0,0,,130,0,35250,17.6470588235294,,,,,,0,50.2849817,26.8558596,
12:07:33.061,,,,,,,,,,,,,,,25,,,,,,,,,,,,,,,,,,,,,,,,,,,,,,,,,,,,,,,,,,,,,,,,,,,,,,,,,58,,,50.2849817,26.8558596,
12:07:33.097,,,,,,,,,,,,,,,,,,17.9375,,,,,,,,,,,,,,,,,,,,,,,,,,,,,,,,,,,,,,,,,,,,,,,,,,,,,,,,,50.2849817,26.8558596,
12:07:33.133,,,,,,,,,,,,,,,,1312,0.078125,,,,,,,,,,,,,,,,,,,,,,,,,,,,,,,,,,,,,,,,,,,,,,,,,,,,,,,,,,50.2849817,26.8558596,
12:07:33.265,,,,,,,,,356.29,60.5,,3.714,,,,,,,,,,,,,,,,,,,,,,,,,,,,,,,,,,,,,,,,,,,,,,,,,,,,7.418,,,,,,,,,,,50.2849817,26.8558596,
12:07:33.314,-5.449999999999818,,-5.2999999999999545,,,,,,,,,,3.704,,,,,,,,,,,,,,,,,,,,,,,,,,,,,,,,,,,,,,,,,,,,,,,,,,,7.418,,,,,,,,,,,50.2849817,26.8558596,
12:07:33.361,,-4.949999999999818,,,,,,,,,,,,,,,,,,,,,,,,,,,,,,,,,,,,,,,,,,,,,,,,,,,,,,,,,,,,,,,,,,,,,,,,,50.2849817,26.8558596,
12:07:33.493,,,,,,,,,,,,,,,,,,,,,,,,,,,,,,,,,,,,,,,,,,,,,,,,,,,,,,,,62,,,,,,,,,130,,,,,,,,,,50.2849817,26.8558596,
12:07:33.554,,,,,,,,,,,,,,,,,,,,,,,,,,,,,,,,,,0.04,0,,,,0,0,,0,1.457295729638888,4.380632,126.736315,8737.111859999999,0,-0.01,,,,,20.6113533258842,,,,21,99,,5,,,,,130,0.04,,,,,,,0.03530394,,50.2849817,26.8558596,
12:07:33.617,,,,,,,,,,,,,,,,,,,,0,5.882352941176471,100,,,,,,,,,,5.882352941176471,,,,,,,,,0,,,,,,,,,,,,,0,,,,,,,,,,,,0.04,,17.6470588235294,100,,,,,,50.2849817,26.8558596,
12:07:33.701,,,,,,,,,,,,,,,,,,,,,,,9.33352336352478,36.7422,672.9085331800001,9843.710692130002,0.09824761435289242,0.38676,8.703851000000002,121.28161400000002,0,,5.882352941176471,,,0,0,,,,,,,,,,,,6.74177604138302,8.828863049897823,6.867685083000876,1.38812019284368,,,47,,,,35260,,12000,0,0,,130,0.04,35260,17.6470588235294,,,,,,0,50.2849817,26.8558596,
12:07:33.893,,,,,,,,,,,,,,,25,,,,,,,,,,,,,,,,,,,,,,,,,,,,,,,,,,,,,,,,,,,,,,,,,,,,,,,,,58,,,50.2849787,26.8558812,
12:07:34.049,,,,,,,,,,,,,,,,,,18.0625,,,,,,,,,,,,,,,,,,,,,,,,,,,,,,,,,,,,,,,,,,,,,,,,,,,,,,,,,50.2849787,26.8558812,
12:07:34.110,,,,,,,,,,,,,,,,1152,0.0625,,,,,,,,,,,,,,,,,,,,,,,,,,,,,,,,,,,,,,,,,,,,,,,,,,,,,,,,,,50.2849787,26.8558812,
12:07:34.254,,,,,,,,,356.29,60,,3.714,,,,,,,,,,,,,,,,,,,,,,,,,,,,,,,,,,,,,,,,,,,,,,,,,,,,7.418,,,,,,,,,,,50.2849787,26.8558812,
12:07:34.325,-4.849999999999909,,-4.7999999999999545,,,,,,,,,,3.704,,,,,,,,,,,,,,,,,,,,,,,,,,,,,,,,,,,,,,,,,,,,,,,,,,,7.418,,,,,,,,,,,50.2849787,26.8558812,
12:07:34.361,,-4.099999999999909,,,,,,,,,,,,,,,,,,,,,,,,,,,,,,,,,,,,,,,,,,,,,,,,,,,,,,,,,,,,,,,,,,,,,,,,,50.2849787,26.8558812,
12:07:34.469,,,,,,,,,,,,,,,,,,,,,,,,,,,,,,,,,,0,0,,,,0,0,,-0.016691442399954962,1.4583116914166658,4.381648,126.737331,8737.112876,0,-0.01,,,,,20.551893466704485,,,,21,99,,4,,,,,130,0,,,,,,,0,,50.2849787,26.8558812,
12:07:34.533,,,,,,,,,,,,,,,,,,,,0,5.882352941176471,100,,,,,,,,,,5.882352941176471,,,,,,,,,0,,,,,,,,,,,,,0,,,,,,,,,,,,0,,17.6470588235294,100,,,,,,50.2849787,26.8558812,
12:07:34.618,,,,,,,,,,,,,,,,,,,,,,,9.33352336352478,36.7422,672.9085331800001,9843.710692130002,0.09824761435289242,0.38676,8.703851000000002,121.28161400000002,0,,5.882352941176471,,,0,0,,,,,,,,,,,,6.737079249323615,8.826815846457771,6.867630027651444,1.3881200314253561,,,47,,,,35280,,12000,0,0,,130,0,35280,17.6470588235294,,,,,,0,50.2849787,26.8558812,
12:07:34.689,,,,,,,,,,,,,,,,,,,33,,,,,,,,,,,,,,,,,,,,,,,,,,,,,,,,,,,,,,,,,,,,,,,,,,,,,58,,,50.2849787,26.8558812,
12:07:34.773,,,,,,,,,,,,,,,25,,,,,,,,,,,,,,,,,,,,,,,,,,,,,,,,,,,,,,,,,,,,,,,,,,,,,,,,,58,,,50.2849764,26.8558951,
12:07:34.809,,,,,,,,,,,,,,,,,,18.0625,,,,,,,,,,,,,,,,,,,,,,,,,,,,,,,,,,,,,,,,,,,,,,,,,,,,,,,,,50.2849764,26.8558951,
12:07:34.845,,,,,,,,,,,,,,,,1056,0.0625,,,,,,,,,,,,,,,,,,,,,,,,,,,,,,,,,,,,,,,,,,,,,,,,,,,,,,,,,,50.2849764,26.8558951,
12:07:34.958,,,,,,,,,355.16,60,,3.714,,,,,,,,,,,,,,,,,,,,,,,,,,,,,,,,,,,,,,,,,,,,,,,,,,,,7.418,,,,,,,,,,,50.2849764,26.8558951,
12:07:35.018,-3.6499999999998636,,-3.699999999999818,,,,,,,,,,3.707,,,,,,,,,,,,,,,,,,,,,,,,,,,,,,,,,,,,,,,,,,,,,,,,,,,7.421,,,,,,,,,,,50.2849764,26.8558951,
12:07:35.065,,-3.25,,,,,,,,,,,,,,,,,,,,,,,,,,,,,,,,,,,,,,,,,,,,,,,,,,,,,,,,,,,,,,,,,,,,,,,,,50.2849764,26.8558951,
12:07:35.185,,,,,,,,,,,,,,,,,,,,,,,,,,,,,,,,,,0.09,,,,,0,0,,-0.05053011541435628,1.4583116914166658,4.381648,126.737331,8737.112876,0,-0.01,,,,,20.494401310430675,,,,21,99,,0,,,,,130,0.09,,,,,,,0.07943386499999999,,50.2849764,26.8558951,
12:07:35.262,,,,,,,,,,,,,,,,,,,,0,5.882352941176471,100,,,,,,,,,,5.882352941176471,,,,,,,,,0,,,,,,,,,,,,,0,,,,,,,,,,,,0.09,,17.6470588235294,100,,,,,,50.2849764,26.8558951,
12:07:35.333,,,,,,,,,,,,,,,,,,,,,,,9.33352336352478,36.7422,672.9085331800001,9843.710692130002,0.09824761435289242,0.38676,8.703851000000002,121.28161400000002,0,,5.882352941176471,,,0,0,,,,,,,,,,,,6.737079249323615,8.826815846457771,6.867630027651444,1.3881200314253561,,,47,,,,35290,,12000,0,0,,130,0.09,35290,17.6470588235294,,,,,,0,50.2849764,26.8558951,
12:07:35.481,,,,,,,,,,,,,,,25,,,,,,,,,,,,,,,,,,,,,,,,,,,,,,,,,,,,,,,,,,,,,,,,,,,,,,,,,58,,,50.2849764,26.8558951,
12:07:35.518,,,,,,,,,,,,,,,,,,18.0625,,,,,,,,,,,,,,,,,,,,,,,,,,,,,,,,,,,,,,,,,,,,,,,,,,,,,,,,,50.2849764,26.8558951,
12:07:35.553,,,,,,,,,,,,,,,,1248,0.0625,,,,,,,,,,,,,,,,,,,,,,,,,,,,,,,,,,,,,,,,,,,,,,,,,,,,,,,,,,50.2849764,26.8558951,
12:07:35.698,,,,,,,,,355.16,60,,3.715,,,,,,,,,,,,,,,,,,,,,,,,,,,,,,,,,,,,,,,,,,,,,,,,,,,,7.422,,,,,,,,,,,50.2849764,26.8558951,
12:07:35.771,-3.5,,-3.5,,,,,,,,,,3.707,,,,,,,,,,,,,,,,,,,,,,,,,,,,,,,,,,,,,,,,,,,,,,,,,,,7.422,,,,,,,,,,,50.2849756,26.8558988,
12:07:35.834,,-3.449999999999818,,,,,,,,,,,,,,,,,,,,,,,,,,,,,,,,,,,,,,,,,,,,,,,,,,,,,,,,,,,,,,,,,,,,,,,,,50.2849756,26.8558988,
12:07:36.146,,,,,,,,,,,,,,,,,,,,,,,,,,,,,,,,,,0,,,,,0,0,,-0.0500376674046886,1.4583116914166658,4.381648,126.737331,8737.112876,0,-0.01,,,,,20.417843654753067,,,,21,99,,0,,,,,130,0,,,,,,,0,,50.2849756,26.8558988,
12:07:36.205,,,,,,,,,,,,,,,,,,,,0,5.882352941176471,100,,,,,,,,,,5.882352941176471,,,,,,,,,0,,,,,,,,,,,,,0,,,,,,,,,,,,0,,17.6470588235294,100,,,,,,50.2849756,26.8558988,
12:07:36.277,,,,,,,,,,,,,,,,,,,,,,,9.33352336352478,36.7422,672.9085331800001,9843.710692130002,0.09824761435289242,0.38676,8.703851000000002,121.28161400000002,0,,5.882352941176471,,,0,0,,,,,,,,,,,,6.737079249323615,8.826815846457771,6.867630027651444,1.3881200314253561,,,47,,,,35300,,12000,0,0,,130,0,35300,17.6470588235294,,,,,,0,50.2849756,26.8558988,
12:07:36.457,,,,,,,,,,,,,,,25,,,,,,,,,,,,,,,,,,,,,,,,,,,,,,,,,,,,,,,,,,,,,,,,,,,,,,,,,58,,,50.2849756,26.8558988,
12:07:36.530,,,,,,,,,,,,,,,,,,0.0625,,,,,,,,,,,,,,,,,,,,,,,,,,,,,,,,,,,,,,,,,,,,,,,,,,,,,,,,,50.2849756,26.8558988,
12:07:36.638,,,,,,,,,,,,,,,,32,0,,,,,,,,,,,,,,,,,,,,,,,,,,,,,,,,,,,,,,,,,,,,,,,,,,,,,,,,,,50.2849756,26.8558988,
12:07:36.757,,,,,,,,,357.74,60,,3.717,,,,,,,,,,,,,,,,,,,,,,,,,,,,,,,,,,,,,,,,,,,,,,,,,,,,7.424,,,,,,,,,,,50.2849756,26.8558989,
12:07:36.806,-2.699999999999818,,-2.699999999999818,,,,,,,,,,3.707,,,,,,,,,,,,,,,,,,,,,,,,,,,,,,,,,,,,,,,,,,,,,,,,,,,7.424,,,,,,,,,,,50.2849756,26.8558989,
12:07:36.854,,-2.349999999999909,,,,,,,,,,,,,,,,,,,,,,,,,,,,,,,,,,,,,,,,,,,,,,,,,,,,,,,,,,,,,,,,,,,,,,,,,50.2849756,26.8558989,
12:07:36.973,,,,,,,,,,,,,,,,,,,,,,,,,,,,,,,,,,0.13,,,,,0,0,,-0.04142399638747255,1.4583116914166658,4.381648,126.737331,8737.112876,0,-0.01,,,,,20.352349519690495,,,,21,99,,0,,,,,130,0.13,,,,,,,0.114737805,,50.2849756,26.8558989,
12:07:37.046,,,,,,,,,,,,,,,,,,,,0,5.882352941176471,100,,,,,,,,,,5.882352941176471,,,,,,,,,0,,,,,,,,,,,,,0,,,,,,,,,,,,0.13,,17.6470588235294,100,,,,,,50.2849756,26.8558989,
12:07:37.116,,,,,,,,,,,,,,,,,,,,,,,9.33352336352478,36.7422,672.9085331800001,9843.710692130002,0.09824761435289242,0.38676,8.703851000000002,121.28161400000002,0,,5.882352941176471,,,0,0,,,,,,,,,,,,6.737079249323615,8.826815846457771,6.867630027651444,1.3881200314253561,,,47,,,,35300,,12000,0,0,,130,0.13,35300,17.6470588235294,,,,,,0,50.2849756,26.8558989,
12:07:37.238,,,,,,,,,,,,,,,25,,,,,,,,,,,,,,,,,,,,,,,,,,,,,,,,,,,,,,,,,,,,,,,,,,,,,,,,,58,,,50.2849756,26.8558989,
12:07:37.274,,,,,,,,,,,,,,,,,,0,,,,,,,,,,,,,,,,,,,,,,,,,,,,,,,,,,,,,,,,,,,,,,,,,,,,,,,,,50.2849756,26.8558989,
12:07:37.310,,,,,,,,,,,,,,,,32,0,,,,,,,,,,,,,,,,,,,,,,,,,,,,,,,,,,,,,,,,,,,,,,,,,,,,,,,,,,50.2849756,26.8558989,
12:07:37.429,,,,,17,,,,,,62.5,,,63.75,,,,,,,,,,,,,,,,,,,,,,,,,,,,,,,,,,,,,,,,,,,,,,,,,,,,,,,,126,-34,,,,50.2849756,26.8558989,
12:07:37.489,,,,,,,,,357.25,60,,3.717,,,,,,,,,,,,,,,,,,,,,,,,,,,,,,,,,,,,,,,,,,,,,,,,,,,,7.424,,,,,,,,,,,50.2849756,26.8558989,
12:07:37.549,-2.599999999999909,,-2.5499999999999545,,,,,,,,,,3.709,,,,,,,,,,,,,,,,,,,,,,,,,,,,,,,,,,,,,,,,,,,,,,,,,,,7.426,,,,,,,,,,,50.2849756,26.8558989,
12:07:37.585,,-2.599999999999909,,,,,,,,,,,,,,,,,,,,,,,,,,,,,,,,,,,,,,,,,,,,,,,,,,,,,,,,,,,,,,,,,,,,,,,,,50.2849756,26.8558989,
12:07:37.716,,,,,,,,,,,,,,,,,,,,,,,,,,,,,,,,,,,,,,,,,,,,,,,,,,,,,,,,61,,,,,,,,,129,,,,,,,,,,50.2849756,26.8558989,
12:07:37.849,,,,,,,,,,,,,,,,,,,,,,,,,,,,,,,,,,0.13,,,,,0,0,,-0.03352312945006315,1.4583116914166658,4.381648,126.737331,8737.112876,0,-0.01,,,,,20.28351264773883,,,,21,99,,0,,,,,129,0.13,,,,,,,0.114737805,,50.2849756,26.8558989,
12:07:37.933,,,,,,,,,,,,,,,,,,,,0,5.882352941176471,100,,,,,,,,,,5.882352941176471,,,,,,,,,0,,,,,,,,,,,,,0,,,,,,,,,,,,0.13,,17.6470588235294,100,,,,,,50.2849756,26.8558989,
12:07:38.030,,,,,,,,,,,,,,,,,,,,,,,9.33352336352478,36.7422,672.9085331800001,9843.710692130002,0.09824761435289242,0.38676,8.703851000000002,121.28161400000002,0,,5.882352941176471,,,0,0,,,,,,,,,,,,6.737079249323615,8.826815846457771,6.867630027651444,1.3881200314253561,,,47,,,,35320,,12000,0,0,,129,0.13,35320,17.6470588235294,,,,,,0,50.2849756,26.8558989,
12:07:38.162,,,,,,,,,,,,,,,25,,,,,,,,,,,,,,,,,,,,,,,,,,,,,,,,,,,,,,,,,,,,,,,,,,,,,,,,,58,,,50.2849756,26.8558989,
12:07:38.197,,,,,,,,,,,,,,,,,,0,,,,,,,,,,,,,,,,,,,,,,,,,,,,,,,,,,,,,,,,,,,,,,,,,,,,,,,,,50.2849756,26.8558989,
12:07:38.234,,,,,,,,,,,,,,,,32,0,,,,,,,,,,,,,,,,,,,,,,,,,,,,,,,,,,,,,,,,,,,,,,,,,,,,,,,,,,50.2849756,26.8558989,
12:07:38.365,,,,,,,,,355.32,60,,3.715,,,,,,,,,,,,,,,,,,,,,,,,,,,,,,,,,,,,,,,,,,,,,,,,,,,,7.424,,,,,,,,,,,50.2849756,26.8558989,
12:07:38.425,-2.949999999999818,,-2.8999999999998636,,,,,,,,,,3.709,,,,,,,,,,,,,,,,,,,,,,,,,,,,,,,,,,,,,,,,,,,,,,,,,,,7.424,,,,,,,,,,,50.2849756,26.8558989,
12:07:38.473,,-2.7999999999999545,,,,,,,,,,,,,,,,,,,,,,,,,,,,,,,,,,,,,,,,,,,,,,,,,,,,,,,,,,,,,,,,,,,,,,,,,50.2849756,26.8558989,
12:07:38.593,,,,,,,,,,,,,,,,,,,,,,,,,,,,,,,,,,0.13,,,,,0,0,,0,1.4583116914166658,4.381648,126.737331,8737.112876,0,-0.01,,,,,20.225315637097857,,,,21,99,,0,,,,,129,0.13,,,,,,,0.114737805,,50.2849756,26.8558989,
12:07:38.665,,,,,,,,,,,,,,,,,,,,0,5.882352941176471,100,,,,,,,,,,5.882352941176471,,,,,,,,,0,,,,,,,,,,,,,0,,,,,,,,,,,,0.13,,17.6470588235294,100,,,,,,50.2849756,26.8558989,
12:07:38.726,,,,,,,,,,,,,,,,,,,,,,,9.33352336352478,36.7422,672.9085331800001,9843.710692130002,0.09824761435289242,0.38676,8.703851000000002,121.28161400000002,0,,5.882352941176471,,,0,0,,,,,,,,,,,,6.737079249323615,8.826815846457771,6.867630027651444,1.3881200314253561,,,47,,,,35310,,12000,0,0,,129,0.13,35310,17.6470588235294,,,,,,0,50.2849756,26.8558989,
12:07:38.857,,,,,,,,,,,,,,,25,,,,,,,,,,,,,,,,,,,,,,,,,,,,,,,,,,,,,,,,,,,,,,,,,,,,,,,,,58,,,50.2849756,26.8558989,
12:07:38.893,,,,,,,,,,,,,,,,,,0,,,,,,,,,,,,,,,,,,,,,,,,,,,,,,,,,,,,,,,,,,,,,,,,,,,,,,,,,50.2849756,26.8558989,
12:07:38.954,,,,,,,,,,,,,,,,32,0,,,,,,,,,,,,,,,,,,,,,,,,,,,,,,,,,,,,,,,,,,,,,,,,,,,,,,,,,,50.2849756,26.8558989,
12:07:39.026,,,,-100,,,,,,,,,,,,,,,,,,,,,,,,,,,,,,,,,,,,,,,,,,,,,,,,,,,,,,,,,,,,,,,,,,,-34,,,,50.2849756,26.8558989,
12:07:39.146,,,,,,,,,357.90000000000003,60,,3.717,,,,,,,,,,,,,,,,,,,,,,,,,,,,,,,,,,,,,,,,,,,,,,,,,,,,7.426,,,,,,,,,,,50.2849756,26.8558989,
12:07:39.205,-2.5,,-2.6499999999998636,,,,,,,,,,3.709,,,,,,,,,,,,,,,,,,,,,,,,,,,,,,,,,,,,,,,,,,,,,,,,,,,7.426,,,,,,,,,,,50.2849756,26.8558989,
12:07:39.240,,-2.599999999999909,,,,,,,,,,,,,,,,,,,,,,,,,,,,,,,,,,,,,,,,,,,,,,,,,,,,,,,,,,,,,,,,,,,,,,,,,50.2849756,26.8558989,
12:07:39.385,,,,,,,,,,,,,,,,,,,,,,,,,,,,,,,,,,0.11,,,,,0,0,,0,1.4583116914166658,4.381648,126.737331,8737.112876,0,-0.01,,,,,20.163844596092613,,,,21,99,,0,,,,,129,0.11,,,,,,,0.097085835,,50.2849756,26.8558989,
12:07:39.445,,,,,,,,,,,,,,,,,,,,0,5.882352941176471,100,,,,,,,,,,5.882352941176471,,,,,,,,,0,,,,,,,,,,,,,0,,,,,,,,,,,,0.11,,17.6470588235294,100,,,,,,50.2849756,26.8558989,
12:07:39.516,,,,,,,,,,,,,,,,,,,,,,,9.33352336352478,36.7422,672.9085331800001,9843.710692130002,0.09824761435289242,0.38676,8.703851000000002,121.28161400000002,0,,5.882352941176471,,,0,0,,,,,,,,,,,,6.737079249323615,8.826815846457771,6.867630027651444,1.3881200314253561,,,47,,,,35330,,12000,0,0,,129,0.11,35330,17.6470588235294,,,,,,0,50.2849756,26.8558989,
12:07:39.686,,,,,,,,,,,,,,,25,,,,,,,,,,,,,,,,,,,,,,,,,,,,,,,,,,,,,,,,,,,,,,,,,,,,,,,,,58,,,50.2849756,26.8558989,
12:07:39.770,,,,,,,,,,,,,,,,,,0,,,,,,,,,,,,,,,,,,,,,,,,,,,,,,,,,,,,,,,,,,,,,,,,,,,,,,,,,50.2849756,26.8558989,
12:07:39.842,,,,,,,,,,,,,,,,0,0,,,,,,,,,,,,,,,,,,,,,,,,,,,,,,,,,,,,,,,,,,,,,,,,,,,,,,,,,,50.2849756,26.8558989,
12:07:39.985,,,,,,,,,356.45,60,,3.716,,,,,,,,,,,,,,,,,,,,,,,,,,,,,,,,,,,,,,,,,,,,,,,,,,,,7.425,,,,,,,,,,,50.2849756,26.8558989,
12:07:40.033,-2.5,,-2.5,,,,,,,,,,3.71,,,,,,,,,,,,,,,,,,,,,,,,,,,,,,,,,,,,,,,,,,,,,,,,,,,7.426,,,,,,,,,,,50.2849756,26.8558989,
12:07:40.069,,-2.1499999999998636,,,,,,,,,,,,,,,,,,,,,,,,,,,,,,,,,,,,,,,,,,,,,,,,,,,,,,,,,,,,,,,,,,,,,,,,,50.2849756,26.8558989,
12:07:40.189,,,,,,,,,,,,,,,,,,,,,,,,,,,,,,,,,,0.13,,,,,0,0,,0,1.4583116914166658,4.381648,126.737331,8737.112876,0,-0.01,,,,,20.101716590197448,,,,21,99,,0,,,,,129,0.13,,,,,,,0.114737805,,50.2849756,26.8558989,
12:07:40.261,,,,,,,,,,,,,,,,,,,,0,5.882352941176471,100,,,,,,,,,,5.882352941176471,,,,,,,,,0,,,,,,,,,,,,,0,,,,,,,,,,,,0.13,,17.6470588235294,100,,,,,,50.2849756,26.8558989,
12:07:40.346,,,,,,,,,,,,,,,,,,,,,,,9.33352336352478,36.7422,672.9085331800001,9843.710692130002,0.09824761435289242,0.38676,8.703851000000002,121.28161400000002,0,,5.882352941176471,,,0,0,,,,,,,,,,,,6.737079249323615,8.826815846457771,6.867630027651444,1.3881200314253561,,,47,,,,35340,,12000,0,0,,129,0.13,35340,17.6470588235294,,,,,,0,50.2849756,26.8558989,
12:07:40.465,,,,,,,,,,,,,,,25,,,,,,,,,,,,,,,,,,,,,,,,,,,,,,,,,,,,,,,,,,,,,,,,,,,,,,,,,58,,,50.2849756,26.8558989,
12:07:40.501,,,,,,,,,,,,,,,,,,0,,,,,,,,,,,,,,,,,,,,,,,,,,,,,,,,,,,,,,,,,,,,,,,,,,,,,,,,,50.2849756,26.8558989,
12:07:40.538,,,,,,,,,,,,,,,,0,0,,,,,,,,,,,,,,,,,,,,,,,,,,,,,,,,,,,,,,,,,,,,,,,,,,,,,,,,,,50.2849756,26.8558989,
12:07:40.657,,,,,,18,16,16,,,,,,,,,,,,,,,,,,,,,,,,,,,,,,,,,,,,,,,,,,,,,,,,,,,,,,,,,,,,,,,-33,,,,50.2849756,26.8558989,
12:07:40.729,,,,,,,,,356.29,60,,3.718,,,,,,,,,,,,,,,,,,,,,,,,,,,,,,,,,,,,,,,,,,,,,,,,,,,,7.428,,,,,,,,,,,50.2849756,26.8558989,
12:07:40.803,-2.5,,-2.3999999999998636,,,,,,,,,,3.709,,,,,,,,,,,,,,,,,,,,,,,,,,,,,,,,,,,,,,,,,,,,,,,,,,,7.427,,,,,,,,,,,50.2849756,26.8558989,
12:07:40.846,,-2.349999999999909,,,,,,,,,,,,,,,,,,,,,,,,,,,,,,,,,,,,,,,,,,,,,,,,,,,,,,,,,,,,,,,,,,,,,,,,,50.2849756,26.8558989,
12:07:40.955,,,,,,,,,,,,,,,,,,,,,,,,,,,,,,,,,,0.04,,,,,0,0,,0,1.4583116914166658,4.381648,126.737331,8737.112876,0,-0.01,,,,,20.042846519379992,,,,21,99,,0,,,,,129,0.04,,,,,,,0.03530394,,50.2849756,26.8558989,
12:07:41.022,,,,,,,,,,,,,,,,,,,,0,5.882352941176471,100,,,,,,,,,,5.882352941176471,,,,,,,,,0,,,,,,,,,,,,,0,,,,,,,,,,,,0.04,,17.6470588235294,100,,,,,,50.2849756,26.8558989,
12:07:41.098,,,,,,,,,,,,,,,,,,,,,,,9.33352336352478,36.7422,672.9085331800001,9843.710692130002,0.09824761435289242,0.38676,8.703851000000002,121.28161400000002,0,,5.882352941176471,,,0,0,,,,,,,,,,,,6.737079249323615,8.826815846457771,6.867630027651444,1.3881200314253561,,,47,,,,35340,,12000,0,0,,129,0.04,35340,17.6470588235294,,,,,,0,50.2849756,26.8558989,
12:07:41.169,,,,,,,,,,,,,,,,,,,33,,,,,,,,,,,,,,,,,,,,,,,,,,,,,,,,,,,,,,,,,,,,,,,,,,,,,58,,,50.2849756,26.8558989,
12:07:41.265,,,,,,,,,,,,,,,25,,,,,,,,,,,,,,,,,,,,,,,,,,,,,,,,,,,,,,,,,,,,,,,,,,,,,,,,,58,,,50.2849756,26.8558989,
12:07:41.350,,,,,,,,,,,,,,,,,,0,,,,,,,,,,,,,,,,,,,,,,,,,,,,,,,,,,,,,,,,,,,,,,,,,,,,,,,,,50.2849756,26.8558989,
12:07:41.422,,,,,,,,,,,,,,,,0,0,,,,,,,,,,,,,,,,,,,,,,,,,,,,,,,,,,,,,,,,,,,,,,,,,,,,,,,,,,50.2849756,26.8558989,
12:07:41.638,,,,,,,,,356.29,60,,3.715,,,,,,,,,,,,,,,,,,,,,,,,,,,,,,,,,,,,,,,,,,,,,,,,,,,,7.424,,,,,,,,,,,50.2849756,26.8558989,
12:07:41.697,-2.5,,-2.599999999999909,,,,,,,,,,3.709,,,,,,,,,,,,,,,,,,,,,,,,,,,,,,,,,,,,,,,,,,,,,,,,,,,7.424,,,,,,,,,,,50.2849756,26.8558989,
12:07:41.757,,-2.349999999999909,,,,,,,,,,,,,,,,,,,,,,,,,,,,,,,,,,,,,,,,,,,,,,,,,,,,,,,,,,,,,,,,,,,,,,,,,50.2849756,26.8558989,
12:07:41.937,,,,,,,,,,,,,,,,,,,,,,,,,,,,,,,,,,,,,,,,,,,,,,,,,,,,,,,,61,,,,,,,,,129,,,,,,,,,,50.2849756,26.8558989,
12:07:42.021,,,,,,,,,,,,,,,,,,,,,,,,,,,,,,,,,,0.13,,,,,0,0,,0,1.4583116914166658,4.381648,126.737331,8737.112876,0,-0.01,,,,,19.9616087513983,,,,21,99,,0,,,,,129,0.13,,,,,,,0.114737805,,50.2849756,26.8558989,
12:07:42.122,,,,,,,,,,,,,,,,,,,,0,5.882352941176471,100,,,,,,,,,,5.882352941176471,,,,,,,,,0,,,,,,,,,,,,,0,,,,,,,,,,,,0.13,,17.6470588235294,100,,,,,,50.2849756,26.8558989,
12:07:42.197,,,,,,,,,,,,,,,,,,,,,,,9.33352336352478,36.7422,672.9085331800001,9843.710692130002,0.09824761435289242,0.38676,8.703851000000002,121.28161400000002,0,,5.882352941176471,,,0,0,,,,,,,,,,,,6.737079249323615,8.826815846457771,6.867630027651444,1.3881200314253561,,,47,,,,35350,,12000,0,0,,129,0.13,35350,17.6470588235294,,,,,,0,50.2849756,26.8558989,
12:07:42.465,,,,,,,,,,,,,,,25,,,,,,,,,,,,,,,,,,,,,,,,,,,,,,,,,,,,,,,,,,,,,,,,,,,,,,,,,58,,,50.2849756,26.8558989,
12:07:42.514,,,,,,,,,,,,,,,,,,0,,,,,,,,,,,,,,,,,,,,,,,,,,,,,,,,,,,,,,,,,,,,,,,,,,,,,,,,,50.2849756,26.8558989,
12:07:42.566,,,,,,,,,,,,,,,,0,0,,,,,,,,,,,,,,,,,,,,,,,,,,,,,,,,,,,,,,,,,,,,,,,,,,,,,,,,,,50.2849756,26.8558989,
12:07:42.686,,,,,,,,,356.45,60,,3.718,,,,,,,,,,,,,,,,,,,,,,,,,,,,,,,,,,,,,,,,,,,,,,,,,,,,7.427,,,,,,,,,,,50.2849756,26.8558989,
12:07:42.737,-2.5,,-2.449999999999818,,,,,,,,,,3.709,,,,,,,,,,,,,,,,,,,,,,,,,,,,,,,,,,,,,,,,,,,,,,,,,,,7.427,,,,,,,,,,,50.2849756,26.8558989,
12:07:42.774,,-2.349999999999909,,,,,,,,,,,,,,,,,,,,,,,,,,,,,,,,,,,,,,,,,,,,,,,,,,,,,,,,,,,,,,,,,,,,,,,,,50.2849756,26.8558989,
12:07:42.929,,,,,,,,,,,,,,,,,,,,,,,,,,,,,,,,,,0.09,,,,,0,0,,0,1.4583116914166658,4.381648,126.737331,8737.112876,0,-0.01,,,,,19.89303167568856,,,,21,99,,0,,,,,129,0.09,,,,,,,0.07943386499999999,,50.2849756,26.8558989,
12:07:43.001,,,,,,,,,,,,,,,,,,,,0,5.882352941176471,100,,,,,,,,,,5.882352941176471,,,,,,,,,0,,,,,,,,,,,,,0,,,,,,,,,,,,0.09,,17.6470588235294,100,,,,,,50.2849756,26.8558989,
12:07:43.086,,,,,,,,,,,,,,,,,,,,,,,9.33352336352478,36.7422,672.9085331800001,9843.710692130002,0.09824761435289242,0.38676,8.703851000000002,121.28161400000002,0,,5.882352941176471,,,0,0,,,,,,,,,,,,6.737079249323615,8.826815846457771,6.867630027651444,1.3881200314253561,,,47,,,,35360,,12000,0,0,,129,0.09,35360,17.6470588235294,,,,,,0,50.2849756,26.8558989,
12:07:43.365,,,,,,,,,,,,,,,25,,,,,,,,,,,,,,,,,,,,,,,,,,,,,,,,,,,,,,,,,,,,,,,,,,,,,,,,,58,,,50.2849756,26.8558989,
12:07:43.404,,,,,,,,,,,,,,,,,,0,,,,,,,,,,,,,,,,,,,,,,,,,,,,,,,,,,,,,,,,,,,,,,,,,,,,,,,,,50.2849756,26.8558989,
12:07:43.441,,,,,,,,,,,,,,,,0,0,,,,,,,,,,,,,,,,,,,,,,,,,,,,,,,,,,,,,,,,,,,,,,,,,,,,,,,,,,50.2849756,26.8558989,
12:07:43.598,,,,,,,,,356.29,60,,3.717,,,,,,,,,,,,,,,,,,,,,,,,,,,,,,,,,,,,,,,,,,,,,,,,,,,,7.426,,,,,,,,,,,50.2849756,26.8558989,
12:07:43.649,-2.5499999999999545,,-2.5,,,,,,,,,,3.709,,,,,,,,,,,,,,,,,,,,,,,,,,,,,,,,,,,,,,,,,,,,,,,,,,,7.426,,,,,,,,,,,50.2849756,26.8558989,
12:07:43.698,,-2.599999999999909,,,,,,,,,,,,,,,,,,,,,,,,,,,,,,,,,,,,,,,,,,,,,,,,,,,,,,,,,,,,,,,,,,,,,,,,,50.2849756,26.8558989,
12:07:43.827,,,,,,,,,,,,,,,,,,,,,,,,,,,,,,,,,,0.13,,,,,0,0,,0,1.4583116914166658,4.381648,126.737331,8737.112876,0,-0.01,,,,,19.82561039551406,,,,21,99,,0,,,,,129,0.13,,,,,,,0.114737805,,50.2849807,26.8558841,
