"SECONDS";"PID";"VALUE";"UNITS";
"63154.8862754";"Витрати палива";"0";"L/h";
"63154.8862754";"Миттєва витрата палива (л/год)";"0";"L/h";
"63154.8862754";"Моментальна потужність двигуна (від витрати пального)";"0";"hp";
"63155.0666073";"Швидкість автомобіля";"0";"km/h";
"63155.150648";"Оберти двигуна";"0";"rpm";
"63155.150648";"Оберти двигуна x1000";"0";"rpm";
"63155.2377419";"Вартість палива";"0";"грн.";
"63155.2377419";"Вартість палива (Сьогодні)";"0";"грн.";
"63155.2377419";"Вартість палива (Тиждень)";"0";"грн.";
"63155.2377419";"Вартість палива(загальний)";"0";"грн.";
"63155.2377419";"Використане паливо";"0";"L";
"63155.2377419";"Використане паливо (Сьогодні)";"0";"L";
"63155.2377419";"Використане паливо (Тиждень)";"0";"L";
"63155.2377419";"Використане паливо(загальний)";"0";"L";
"63155.2377419";"Витрати палива";"0";"L/h";
"63155.2377419";"Миттєва витрата палива (л/год)";"0";"L/h";
"63155.2377419";"Моментальна потужність двигуна (від витрати пального)";"0";"hp";
"63155.3713566";"Пройдений шлях";"0";"km";
"63155.3713566";"Пройдений шлях (Сьогодні)";"0";"km";
"63155.3713566";"Пройдений шлях (Тиждень)";"0";"km";
"63155.3713566";"Пройдений шлях(загальний)";"0";"km";
"63155.3713566";"Середня швидкість";"0";"km/h";
"63155.3713566";"Швидкість автомобіля";"0";"km/h";
"63155.5548447";"Оберти двигуна";"0";"rpm";
"63155.5548447";"Оберти двигуна x1000";"0";"rpm";
"63155.5920416";"Вартість палива";"0";"грн.";
"63155.5920416";"Вартість палива (Сьогодні)";"0";"грн.";
"63155.5920416";"Вартість палива (Тиждень)";"0";"грн.";
"63155.5920416";"Вартість палива(загальний)";"0";"грн.";
"63155.5920416";"Використане паливо";"0";"L";
"63155.5920416";"Використане паливо (Сьогодні)";"0";"L";
"63155.5920416";"Використане паливо (Тиждень)";"0";"L";
"63155.5920416";"Використане паливо(загальний)";"0";"L";
"63155.5920416";"Витрати палива";"0";"L/h";
"63155.5920416";"Миттєва витрата палива (л/год)";"0";"L/h";
"63155.5920416";"Моментальна потужність двигуна (від витрати пального)";"0";"hp";
"63155.6836575";"Пройдений шлях";"0";"km";
"63155.6836575";"Пройдений шлях (Сьогодні)";"0";"km";
"63155.6836575";"Пройдений шлях (Тиждень)";"0";"km";
"63155.6836575";"Пройдений шлях(загальний)";"0";"km";
"63155.6836575";"Середня швидкість";"0";"km/h";
"63155.6836575";"Швидкість автомобіля";"0";"km/h";
"63155.7750079";"Оберти двигуна";"0";"rpm";
"63155.7750079";"Оберти двигуна x1000";"0";"rpm";
"63155.827836";"Вартість палива";"0";"грн.";
"63155.827836";"Вартість палива (Сьогодні)";"0";"грн.";
"63155.827836";"Вартість палива (Тиждень)";"0";"грн.";
"63155.827836";"Вартість палива(загальний)";"0";"грн.";
"63155.827836";"Використане паливо";"0";"L";
"63155.827836";"Використане паливо (Сьогодні)";"0";"L";
"63155.827836";"Використане паливо (Тиждень)";"0";"L";
"63155.827836";"Використане паливо(загальний)";"0";"L";
"63155.827836";"Витрати палива";"0";"L/h";
"63155.827836";"Миттєва витрата палива (л/год)";"0";"L/h";
"63155.827836";"Моментальна потужність двигуна (від витрати пального)";"0";"hp";
"63155.9181193";"Пройдений шлях";"0";"km";
"63155.9181193";"Пройдений шлях (Сьогодні)";"0";"km";
"63155.9181193";"Пройдений шлях (Тиждень)";"0";"km";
"63155.9181193";"Пройдений шлях(загальний)";"0";"km";
"63155.9181193";"Середня швидкість";"0";"km/h";
"63155.9181193";"Швидкість автомобіля";"0";"km/h";
"63155.9873529";"Оберти двигуна";"0";"rpm";
"63155.9873529";"Оберти двигуна x1000";"0";"rpm";
"63156.0465915";"Вартість палива";"0";"грн.";
"63156.0465915";"Вартість палива (Сьогодні)";"0";"грн.";
"63156.0465915";"Вартість палива (Тиждень)";"0";"грн.";
"63156.0465915";"Вартість палива(загальний)";"0";"грн.";
"63156.0465915";"Використане паливо";"0";"L";
"63156.0465915";"Використане паливо (Сьогодні)";"0";"L";
"63156.0465915";"Використане паливо (Тиждень)";"0";"L";
"63156.0465915";"Використане паливо(загальний)";"0";"L";
"63156.0465915";"Витрати палива";"0";"L/h";
"63156.0465915";"Миттєва витрата палива (л/год)";"0";"L/h";
"63156.0465915";"Моментальна потужність двигуна (від витрати пального)";"0";"hp";
"63156.134053";"Прискорення";"0";"g";
"63156.134053";"Пройдений шлях";"0";"km";
"63156.134053";"Пройдений шлях (Сьогодні)";"0";"km";
"63156.134053";"Пройдений шлях (Тиждень)";"0";"km";
"63156.134053";"Пройдений шлях(загальний)";"0";"km";
"63156.134053";"Середня швидкість";"0";"km/h";
"63156.134053";"Швидкість автомобіля";"0";"km/h";
"63156.2340829";"Оберти двигуна";"0";"rpm";
"63156.2340829";"Оберти двигуна x1000";"0";"rpm";
"63156.295277";"Вартість палива";"0";"грн.";
"63156.295277";"Вартість палива (Сьогодні)";"0";"грн.";
"63156.295277";"Вартість палива (Тиждень)";"0";"грн.";
"63156.295277";"Вартість палива(загальний)";"0";"грн.";
"63156.295277";"Використане паливо";"0";"L";
"63156.295277";"Використане паливо (Сьогодні)";"0";"L";
"63156.295277";"Використане паливо (Тиждень)";"0";"L";
"63156.295277";"Використане паливо(загальний)";"0";"L";
"63156.295277";"Витрати палива";"0";"L/h";
"63156.295277";"Миттєва витрата палива (л/год)";"0";"L/h";
"63156.295277";"Моментальна потужність двигуна (від витрати пального)";"0";"hp";
"63170.3072189";"Розрахункове значення навантаження на двигун";"0";"%";
"63170.4067091";"Температура охолодної рідини";"27";"℃";
"63170.5160284";"Оберти двигуна";"0";"rpm";
"63170.5160284";"Оберти двигуна x1000";"0";"rpm";
"63170.6159705";"Температура олії у двигуні";"26";"℃";
"63170.6800902";"Прискорення";"0";"g";
"63170.6800902";"Пройдений шлях";"0";"km";
"63170.6800902";"Пройдений шлях (Сьогодні)";"0";"km";
"63170.6800902";"Пройдений шлях (Тиждень)";"0";"km";
"63170.6800902";"Пройдений шлях(загальний)";"0";"km";
"63170.6800902";"Середня швидкість";"0";"km/h";
"63170.6800902";"Швидкість автомобіля";"0";"km/h";
"63170.7917553";"Розрахунковий наддув";"-0.03325000000000003";"bar";
"63170.7917553";"Тиск у впускному колекторі (абсолютний)";"98";"kPa";
"63170.9514473";"[BMS] HV State of charge";"58";"%";
"63171.0474674";"[BMS] HV Battery voltage";"355.81";"V";
"63171.1269287";"[BMS] Max Cell Voltage";"3.707";"V";
"63171.2467072";"[BMS] Min Cell Voltage";"3.7";"V";
"63171.3344579";"[BMS] HV Battery Current";"-1.349999999999909";"A";
"63171.4247202";"[BMS] HV Battery Current (Low)";"-1.349999999999909";"A";
"63171.5145687";"[BMS] HV Battery Current (High)";"-1.2999999999999545";"A";
"63171.6028532";"[BMS] HV Battery Temperature Sensor 1";"23";"℃";
"63171.6783756";"[BMS] HV Battery Temperature Sensor 2";"23";"℃";
"63171.7988751";"[BMS] HV Battery Temperature Sensor 3";"23";"℃";
"63171.8918879";"[BMS] HV Battery Temperature Sensor 4";"22";"℃";
"63171.9634018";"[BMS] HV Battery Intake Air Temperature";"23";"℃";
"63172.0493138";"[VCM] Traction motor temperature";"27";"℃";
"63172.1145676";"[VCM] HV Coolant Temperature";"23";"℃";
"63172.1943816";"[VCM] Target Motor Torque";"0";"N⋅m";
"63172.2941558";"[VCM] Available Motor Maximum Output";"100";"%";
"63172.4087739";"[VCM] Motor RPM";"0";"rpm";
"63172.4087739";"[VCM] Motor Torque";"0";"N⋅m";
"63172.5078392";"[VCM] Vehicle Speed";"0";"km/h";
"63172.6664296";"Розрахункове значення навантаження на двигун";"0";"%";
"63172.7192952";"Оберти двигуна";"0";"rpm";
"63172.7192952";"Оберти двигуна x1000";"0";"rpm";
"63172.8024993";"Температура олії у двигуні";"26";"℃";
"63172.8770131";"Прискорення";"0";"g";
"63172.8770131";"Пройдений шлях";"0";"km";
"63172.8770131";"Пройдений шлях (Сьогодні)";"0";"km";
"63172.8770131";"Пройдений шлях (Тиждень)";"0";"km";
"63172.8770131";"Пройдений шлях(загальний)";"0";"km";
"63172.8770131";"Середня швидкість";"0";"km/h";
"63172.8770131";"Швидкість автомобіля";"0";"km/h";
"63172.9664666";"Розрахунковий наддув";"-0.03325000000000003";"bar";
"63172.9664666";"Тиск у впускному колекторі (абсолютний)";"98";"kPa";
"63173.0759026";"Атмосферний тиск (абсолютний)";"99";"kPa";
"63173.2225242";"[BMS] HV State of charge";"58";"%";
"63173.3037522";"[BMS] HV Battery voltage";"357.25";"V";
"63173.4241481";"[BMS] Max Cell Voltage";"3.706";"V";
"63173.5114558";"[BMS] Min Cell Voltage";"3.7";"V";
"63173.5989754";"[BMS] HV Battery Current";"-1.2999999999999545";"A";
"63173.6991413";"[BMS] HV Battery Current (Low)";"-1.2999999999999545";"A";
"63173.7846539";"[BMS] HV Battery Current (High)";"-1.2999999999999545";"A";
"63173.8729589";"[BMS] HV Battery Temperature Sensor 1";"23";"℃";
"63173.9814997";"[BMS] HV Battery Temperature Sensor 2";"23";"℃";
"63174.0674894";"[BMS] HV Battery Temperature Sensor 3";"23";"℃";
"63174.151317";"[BMS] HV Battery Temperature Sensor 4";"22";"℃";
"63174.2506197";"[BMS] HV Battery Intake Air Temperature";"23";"℃";
"63174.3993293";"[VCM] Traction motor temperature";"27";"℃";
"63174.4873599";"[VCM] HV Coolant Temperature";"23";"℃";
"63174.590795";"[VCM] Target Motor Torque";"0";"N⋅m";
"63174.6681828";"[VCM] Available Motor Maximum Output";"100";"%";
"63174.7585456";"[VCM] Motor RPM";"0";"rpm";
"63174.7585456";"[VCM] Motor Torque";"0";"N⋅m";
"63174.8631103";"[VCM] Vehicle Speed";"0";"km/h";
"63174.9745322";"Розрахункове значення навантаження на двигун";"0";"%";
"63175.0768582";"Температура охолодної рідини";"27";"℃";
"63175.1379932";"Оберти двигуна";"0";"rpm";
"63175.1379932";"Оберти двигуна x1000";"0";"rpm";
"63175.2436584";"Температура олії у двигуні";"26";"℃";
"63175.3091812";"Прискорення";"0";"g";
"63175.3091812";"Пройдений шлях";"0";"km";
"63175.3091812";"Пройдений шлях (Сьогодні)";"0";"km";
"63175.3091812";"Пройдений шлях (Тиждень)";"0";"km";
"63175.3091812";"Пройдений шлях(загальний)";"0";"km";
"63175.3091812";"Середня швидкість";"0";"km/h";
"63175.3091812";"Швидкість автомобіля";"0";"km/h";
"63175.3949823";"Розрахунковий наддув";"-0.01";"bar";
"63175.3949823";"Тиск у впускному колекторі (абсолютний)";"98";"kPa";
"63175.4911667";"[BMS] HV State of charge";"58";"%";
"63175.5508824";"[BMS] HV Battery voltage";"358.06";"V";
"63175.6263209";"[BMS] Max Cell Voltage";"3.71";"V";
"63175.6752517";"[BMS] Min Cell Voltage";"3.7";"V";
"63175.7116865";"[BMS] HV Battery Current";"-1.349999999999909";"A";
"63175.7708868";"[BMS] HV Battery Current (Low)";"-1.2999999999999545";"A";
"63175.8318781";"[BMS] HV Battery Current (High)";"-1.2999999999999545";"A";
"63175.9033407";"[BMS] HV Battery Temperature Sensor 1";"23";"℃";
"63175.9631909";"[BMS] HV Battery Temperature Sensor 2";"23";"℃";
"63176.0239127";"[BMS] HV Battery Temperature Sensor 3";"23";"℃";
"63176.0714544";"[BMS] HV Battery Temperature Sensor 4";"22";"℃";
"63176.1298795";"[BMS] HV Battery Intake Air Temperature";"23";"℃";
"63176.2300507";"[VCM] Traction motor temperature";"27";"℃";
"63176.2909359";"[VCM] HV Coolant Temperature";"23";"℃";
"63176.3509069";"[VCM] Target Motor Torque";"0";"N⋅m";
"63176.4110887";"[VCM] Available Motor Maximum Output";"100";"%";
"63176.4718605";"[VCM] Motor RPM";"0";"rpm";
"63176.4718605";"[VCM] Motor Torque";"0";"N⋅m";
"63176.5318137";"[VCM] Vehicle Speed";"0";"km/h";
"63176.6506862";"Розрахункове значення навантаження на двигун";"0";"%";
"63176.7272754";"Оберти двигуна";"0";"rpm";
"63176.7272754";"Оберти двигуна x1000";"0";"rpm";
"63176.8113852";"Температура олії у двигуні";"26";"℃";
"63176.8755928";"Прискорення";"0";"g";
"63176.8755928";"Пройдений шлях";"0";"km";
"63176.8755928";"Пройдений шлях (Сьогодні)";"0";"km";
"63176.8755928";"Пройдений шлях (Тиждень)";"0";"km";
"63176.8755928";"Пройдений шлях(загальний)";"0";"km";
"63176.8755928";"Середня швидкість";"0";"km/h";
"63176.8755928";"Швидкість автомобіля";"0";"km/h";
"63176.9393422";"Розрахунковий наддув";"-0.01";"bar";
"63176.9393422";"Тиск у впускному колекторі (абсолютний)";"98";"kPa";
"63177.0587731";"[BMS] HV State of charge";"58";"%";
"63177.1191357";"[BMS] HV Battery voltage";"358.06";"V";
"63177.1668108";"[BMS] Max Cell Voltage";"3.706";"V";
"63177.2308598";"[BMS] Min Cell Voltage";"3.7";"V";
"63177.3066995";"[BMS] HV Battery Current";"-1.2999999999999545";"A";
"63177.3570729";"[BMS] HV Battery Current (Low)";"-1.2999999999999545";"A";
"63177.4195278";"[BMS] HV Battery Current (High)";"-1.2999999999999545";"A";
"63177.4709582";"[BMS] HV Battery Temperature Sensor 1";"23";"℃";
"63177.5539675";"[BMS] HV Battery Temperature Sensor 2";"23";"℃";
"63177.6152319";"[BMS] HV Battery Temperature Sensor 3";"23";"℃";
"63177.674267";"[BMS] HV Battery Temperature Sensor 4";"22";"℃";
"63177.7349127";"[BMS] HV Battery Intake Air Temperature";"23";"℃";
"63177.8570754";"[VCM] Traction motor temperature";"27";"℃";
"63177.907239";"[VCM] HV Coolant Temperature";"23";"℃";
"63177.971864";"[VCM] Target Motor Torque";"0";"N⋅m";
"63178.0265833";"[VCM] Available Motor Maximum Output";"13";"%";
"63178.1039608";"[VCM] Motor RPM";"0";"rpm";
"63178.1039608";"[VCM] Motor Torque";"0";"N⋅m";
"63178.1864835";"[VCM] Vehicle Speed";"0";"km/h";
"63178.2994318";"Розрахункове значення навантаження на двигун";"0";"%";
"63178.3840701";"Температура охолодної рідини";"27";"℃";
"63178.434536";"Оберти двигуна";"0";"rpm";
"63178.434536";"Оберти двигуна x1000";"0";"rpm";
"63178.4947402";"Температура олії у двигуні";"26";"℃";
"63178.5440353";"Прискорення";"0";"g";
"63178.5440353";"Пройдений шлях";"0";"km";
"63178.5440353";"Пройдений шлях (Сьогодні)";"0";"km";
"63178.5440353";"Пройдений шлях (Тиждень)";"0";"km";
"63178.5440353";"Пройдений шлях(загальний)";"0";"km";
"63178.5440353";"Середня швидкість";"0";"km/h";
"63178.5440353";"Швидкість автомобіля";"0";"km/h";
"63178.5834906";"Розрахунковий наддув";"-0.01";"bar";
"63178.5834906";"Тиск у впускному колекторі (абсолютний)";"98";"kPa";
"63178.7019321";"[BMS] HV State of charge";"58";"%";
"63178.7938012";"[BMS] HV Battery voltage";"358.38";"V";
"63178.8544077";"[BMS] Max Cell Voltage";"3.704";"V";
"63178.9268199";"[BMS] Min Cell Voltage";"3.699";"V";
"63178.9866321";"[BMS] HV Battery Current";"-1.2999999999999545";"A";
"63179.0351775";"[BMS] HV Battery Current (Low)";"-1.3999999999998636";"A";
"63179.0698698";"[BMS] HV Battery Current (High)";"-1.2999999999999545";"A";
"63179.10666";"[BMS] HV Battery Temperature Sensor 1";"23";"℃";
"63179.1680669";"[BMS] HV Battery Temperature Sensor 2";"23";"℃";
"63179.226963";"[BMS] HV Battery Temperature Sensor 3";"23";"℃";
"63179.2872757";"[BMS] HV Battery Temperature Sensor 4";"22";"℃";
"63179.3464435";"[BMS] HV Battery Intake Air Temperature";"23";"℃";
"63179.5021847";"[VCM] Traction motor temperature";"27";"℃";
"63179.5397337";"[VCM] HV Coolant Temperature";"23";"℃";
"63179.6051648";"[VCM] Target Motor Torque";"0";"N⋅m";
"63179.6541292";"[VCM] Available Motor Maximum Output";"13";"%";
"63179.6901778";"[VCM] Motor RPM";"0";"rpm";
"63179.6901778";"[VCM] Motor Torque";"0";"N⋅m";
"63179.7752999";"[VCM] Vehicle Speed";"0";"km/h";
"63179.863716";"Розрахункове значення навантаження на двигун";"0";"%";
"63179.9234247";"Оберти двигуна";"0";"rpm";
"63179.9234247";"Оберти двигуна x1000";"0";"rpm";
"63179.9829354";"Температура олії у двигуні";"26";"℃";
"63180.0567612";"Прискорення";"0";"g";
"63180.0567612";"Пройдений шлях";"0";"km";
"63180.0567612";"Пройдений шлях (Сьогодні)";"0";"km";
"63180.0567612";"Пройдений шлях (Тиждень)";"0";"km";
"63180.0567612";"Пройдений шлях(загальний)";"0";"km";
"63180.0567612";"Середня швидкість";"0";"km/h";
"63180.0567612";"Швидкість автомобіля";"0";"km/h";
"63180.1588117";"Розрахунковий наддув";"-0.01";"bar";
"63180.1588117";"Тиск у впускному колекторі (абсолютний)";"98";"kPa";
"63180.2659218";"[BMS] HV State of charge";"58";"%";
"63180.3260228";"[BMS] HV Battery voltage";"355.81";"V";
"63180.3749121";"[BMS] Max Cell Voltage";"3.706";"V";
"63180.409626";"[BMS] Min Cell Voltage";"3.699";"V";
"63180.4460896";"[BMS] HV Battery Current";"-1.449999999999818";"A";
"63180.5091376";"[BMS] HV Battery Current (Low)";"-1.349999999999909";"A";
"63180.5643547";"[BMS] HV Battery Current (High)";"-1.099999999999909";"A";
"63180.6148882";"[BMS] HV Battery Temperature Sensor 1";"23";"℃";
"63180.7403369";"[BMS] HV Battery Temperature Sensor 2";"23";"℃";
"63180.7981645";"[BMS] HV Battery Temperature Sensor 3";"23";"℃";
"63180.859638";"[BMS] HV Battery Temperature Sensor 4";"22";"℃";
"63180.9079314";"[BMS] HV Battery Intake Air Temperature";"23";"℃";
"63181.018684";"[VCM] Traction motor temperature";"27";"℃";
"63181.0777172";"[VCM] HV Coolant Temperature";"23";"℃";
"63181.1388488";"[VCM] Target Motor Torque";"0";"N⋅m";
"63181.1870639";"[VCM] Available Motor Maximum Output";"100";"%";
"63181.2468042";"[VCM] Motor RPM";"0";"rpm";
"63181.2468042";"[VCM] Motor Torque";"0";"N⋅m";
"63181.311316";"[VCM] Vehicle Speed";"0";"km/h";
"63181.4072651";"Розрахункове значення навантаження на двигун";"0";"%";
"63181.455124";"Температура охолодної рідини";"27";"℃";
"63181.495226";"Оберти двигуна";"0";"rpm";
"63181.495226";"Оберти двигуна x1000";"0";"rpm";
"63181.5499626";"Температура олії у двигуні";"26";"℃";
"63181.6104872";"Прискорення";"0";"g";
"63181.6104872";"Пройдений шлях";"0";"km";
"63181.6104872";"Пройдений шлях (Сьогодні)";"0";"km";
"63181.6104872";"Пройдений шлях (Тиждень)";"0";"km";
"63181.6104872";"Пройдений шлях(загальний)";"0";"km";
"63181.6104872";"Середня швидкість";"0";"km/h";
"63181.6104872";"Швидкість автомобіля";"0";"km/h";
"63181.670814";"Розрахунковий наддув";"-0.01";"bar";
"63181.670814";"Тиск у впускному колекторі (абсолютний)";"98";"kPa";
"63181.7545715";"[BMS] HV State of charge";"58";"%";
"63181.8151692";"[BMS] HV Battery voltage";"355.64";"V";
"63181.8753426";"[BMS] Max Cell Voltage";"3.71";"V";
"63181.9218662";"[BMS] Min Cell Voltage";"3.697";"V";
"63181.9821247";"[BMS] HV Battery Current";"-1.349999999999909";"A";
"63182.0437671";"[BMS] HV Battery Current (Low)";"-1.3999999999998636";"A";
"63182.1041245";"[BMS] HV Battery Current (High)";"-1.2999999999999545";"A";
"63182.1555024";"[BMS] HV Battery Temperature Sensor 1";"23";"℃";
"63182.2263852";"[BMS] HV Battery Temperature Sensor 2";"23";"℃";
"63182.2749587";"[BMS] HV Battery Temperature Sensor 3";"23";"℃";
"63182.3361052";"[BMS] HV Battery Temperature Sensor 4";"22";"℃";
"63182.3865264";"[BMS] HV Battery Intake Air Temperature";"23";"℃";
"63182.5193159";"[VCM] Traction motor temperature";"27";"℃";
"63182.580067";"[VCM] HV Coolant Temperature";"23";"℃";
"63182.6318361";"[VCM] Target Motor Torque";"0";"N⋅m";
"63182.684133";"[VCM] Available Motor Maximum Output";"100";"%";
"63182.7474669";"[VCM] Motor RPM";"0";"rpm";
"63182.7474669";"[VCM] Motor Torque";"0";"N⋅m";
"63182.7999406";"[VCM] Vehicle Speed";"0";"km/h";
"63182.8875051";"Розрахункове значення навантаження на двигун";"0";"%";
"63182.9464557";"Оберти двигуна";"0";"rpm";
"63182.9464557";"Оберти двигуна x1000";"0";"rpm";
"63183.0114887";"Температура олії у двигуні";"26";"℃";
"63183.062651";"Прискорення";"0";"g";
"63183.062651";"Пройдений шлях";"0";"km";
"63183.062651";"Пройдений шлях (Сьогодні)";"0";"km";
"63183.062651";"Пройдений шлях (Тиждень)";"0";"km";
"63183.062651";"Пройдений шлях(загальний)";"0";"km";
"63183.062651";"Середня швидкість";"0";"km/h";
"63183.062651";"Швидкість автомобіля";"0";"km/h";
"63183.1165771";"Розрахунковий наддув";"-0.01";"bar";
"63183.1165771";"Тиск у впускному колекторі (абсолютний)";"98";"kPa";
"63183.2516402";"[BMS] HV State of charge";"58";"%";
"63183.3275868";"[BMS] HV Battery voltage";"356.13";"V";
"63183.3797065";"[BMS] Max Cell Voltage";"3.706";"V";
"63183.4313449";"[BMS] Min Cell Voltage";"3.7";"V";
"63183.4663767";"[BMS] HV Battery Current";"-1.25";"A";
"63183.527569";"[BMS] HV Battery Current (Low)";"-1.2999999999999545";"A";
"63183.5792481";"[BMS] HV Battery Current (High)";"-1.2999999999999545";"A";
"63183.6427091";"[BMS] HV Battery Temperature Sensor 1";"23";"℃";
"63183.7042546";"[BMS] HV Battery Temperature Sensor 2";"23";"℃";
"63183.7472025";"[BMS] HV Battery Temperature Sensor 3";"23";"℃";
"63183.8078451";"[BMS] HV Battery Temperature Sensor 4";"22";"℃";
"63183.8696365";"[BMS] HV Battery Intake Air Temperature";"23";"℃";
"63183.9619171";"[VCM] Traction motor temperature";"27";"℃";
"63184.0275518";"[VCM] HV Coolant Temperature";"23";"℃";
"63184.0762435";"[VCM] Target Motor Torque";"0";"N⋅m";
"63184.1743452";"[VCM] Available Motor Maximum Output";"13";"%";
"63184.2350673";"[VCM] Motor RPM";"0";"rpm";
"63184.2350673";"[VCM] Motor Torque";"0";"N⋅m";
"63184.2952769";"[VCM] Vehicle Speed";"0";"km/h";
"63184.4201706";"Розрахункове значення навантаження на двигун";"0";"%";
"63184.4829117";"Температура охолодної рідини";"27";"℃";
"63184.5606981";"Оберти двигуна";"0";"rpm";
"63184.5606981";"Оберти двигуна x1000";"0";"rpm";
"63184.6272314";"Температура олії у двигуні";"26";"℃";
"63184.6771271";"Прискорення";"0";"g";
"63184.6771271";"Пройдений шлях";"0";"km";
"63184.6771271";"Пройдений шлях (Сьогодні)";"0";"km";
"63184.6771271";"Пройдений шлях (Тиждень)";"0";"km";
"63184.6771271";"Пройдений шлях(загальний)";"0";"km";
"63184.6771271";"Середня швидкість";"0";"km/h";
"63184.6771271";"Швидкість автомобіля";"0";"km/h";
"63184.738819";"Розрахунковий наддув";"-0.01";"bar";
"63184.738819";"Тиск у впускному колекторі (абсолютний)";"98";"kPa";
"63184.8171446";"[BMS] HV State of charge";"58";"%";
"63184.8798178";"[BMS] HV Battery voltage";"356.45";"V";
"63184.9318409";"[BMS] Max Cell Voltage";"3.706";"V";
"63184.9832128";"[BMS] Min Cell Voltage";"3.699";"V";
"63185.0481763";"[BMS] HV Battery Current";"-1.449999999999818";"A";
"63185.0984733";"[BMS] HV Battery Current (Low)";"-1.2999999999999545";"A";
"63185.1610782";"[BMS] HV Battery Current (High)";"-1.2999999999999545";"A";
"63185.2232972";"[BMS] HV Battery Temperature Sensor 1";"23";"℃";
"63185.2843562";"[BMS] HV Battery Temperature Sensor 2";"23";"℃";
"63185.3359182";"[BMS] HV Battery Temperature Sensor 3";"23";"℃";
"63185.3752178";"[BMS] HV Battery Temperature Sensor 4";"22";"℃";
"63185.4481273";"[BMS] HV Battery Intake Air Temperature";"23";"℃";
"63185.5539461";"[VCM] Traction motor temperature";"27";"℃";
"63185.616503";"[VCM] HV Coolant Temperature";"23";"℃";
"63185.6677574";"[VCM] Target Motor Torque";"0";"N⋅m";
"63185.7311943";"[VCM] Available Motor Maximum Output";"100";"%";
"63185.7789227";"[VCM] Motor RPM";"0";"rpm";
"63185.7789227";"[VCM] Motor Torque";"0";"N⋅m";
"63185.8754292";"[VCM] Vehicle Speed";"0";"km/h";
"63185.9671489";"Розрахункове значення навантаження на двигун";"0";"%";
"63186.0149659";"Оберти двигуна";"0";"rpm";
"63186.0149659";"Оберти двигуна x1000";"0";"rpm";
"63186.0830662";"Температура олії у двигуні";"26";"℃";
"63186.1432836";"Прискорення";"0";"g";
"63186.1432836";"Пройдений шлях";"0";"km";
"63186.1432836";"Пройдений шлях (Сьогодні)";"0";"km";
"63186.1432836";"Пройдений шлях (Тиждень)";"0";"km";
"63186.1432836";"Пройдений шлях(загальний)";"0";"km";
"63186.1432836";"Середня швидкість";"0";"km/h";
"63186.1432836";"Швидкість автомобіля";"0";"km/h";
"63186.1954855";"Розрахунковий наддув";"-0.01";"bar";
"63186.1954855";"Тиск у впускному колекторі (абсолютний)";"98";"kPa";
"63186.3124453";"[BMS] HV State of charge";"58";"%";
"63186.3771862";"[BMS] HV Battery voltage";"355.64";"V";
"63186.4275627";"[BMS] Max Cell Voltage";"3.704";"V";
"63186.4800537";"[BMS] Min Cell Voltage";"3.699";"V";
"63186.531816";"[BMS] HV Battery Current";"-1.5499999999999545";"A";
"63186.5722124";"[BMS] HV Battery Current (Low)";"-1.449999999999818";"A";
"63186.6245134";"[BMS] HV Battery Current (High)";"-1.5";"A";
"63186.6755731";"[BMS] HV Battery Temperature Sensor 1";"23";"℃";
"63186.7364632";"[BMS] HV Battery Temperature Sensor 2";"23";"℃";
"63186.7884175";"[BMS] HV Battery Temperature Sensor 3";"23";"℃";
"63186.8525052";"[BMS] HV Battery Temperature Sensor 4";"22";"℃";
"63186.9030871";"[BMS] HV Battery Intake Air Temperature";"23";"℃";
"63187.0164659";"[VCM] Traction motor temperature";"27";"℃";
"63187.1043923";"[VCM] HV Coolant Temperature";"23";"℃";
"63187.1663988";"[VCM] Target Motor Torque";"0";"N⋅m";
"63187.2144472";"[VCM] Available Motor Maximum Output";"13";"%";
"63187.2880342";"[VCM] Motor RPM";"0";"rpm";
"63187.2880342";"[VCM] Motor Torque";"0";"N⋅m";
"63187.3391145";"[VCM] Vehicle Speed";"0";"km/h";
"63187.459386";"Розрахункове значення навантаження на двигун";"0";"%";
"63187.5442275";"Температура охолодної рідини";"27";"℃";
"63187.6073534";"Оберти двигуна";"0";"rpm";
"63187.6073534";"Оберти двигуна x1000";"0";"rpm";
"63187.6718268";"Температура олії у двигуні";"26";"℃";
"63187.747653";"Прискорення";"0";"g";
"63187.747653";"Пройдений шлях";"0";"km";
"63187.747653";"Пройдений шлях (Сьогодні)";"0";"km";
"63187.747653";"Пройдений шлях (Тиждень)";"0";"km";
"63187.747653";"Пройдений шлях(загальний)";"0";"km";
"63187.747653";"Середня швидкість";"0";"km/h";
"63187.747653";"Швидкість автомобіля";"0";"km/h";
"63187.8001207";"Розрахунковий наддув";"-0.01";"bar";
"63187.8001207";"Тиск у впускному колекторі (абсолютний)";"98";"kPa";
"63187.9000239";"[BMS] HV State of charge";"58";"%";
"63187.9518282";"[BMS] HV Battery voltage";"356.77";"V";
"63188.0139872";"[BMS] Max Cell Voltage";"3.706";"V";
"63188.0624127";"[BMS] Min Cell Voltage";"3.698";"V";
"63188.1117617";"[BMS] HV Battery Current";"-1.75";"A";
"63188.1591334";"[BMS] HV Battery Current (Low)";"-1.599999999999909";"A";
"63188.2225971";"[BMS] HV Battery Current (High)";"-1.75";"A";
"63188.2722877";"[BMS] HV Battery Temperature Sensor 1";"23";"℃";
"63188.310515";"[BMS] HV Battery Temperature Sensor 2";"23";"℃";
"63188.3967277";"[BMS] HV Battery Temperature Sensor 3";"23";"℃";
"63188.4602778";"[BMS] HV Battery Temperature Sensor 4";"22";"℃";
"63188.5104672";"[BMS] HV Battery Intake Air Temperature";"23";"℃";
"63188.5951057";"[VCM] Traction motor temperature";"27";"℃";
"63188.6434719";"[VCM] HV Coolant Temperature";"23";"℃";
"63188.7066722";"[VCM] Target Motor Torque";"0";"N⋅m";
"63188.758936";"[VCM] Available Motor Maximum Output";"100";"%";
"63188.8204911";"[VCM] Motor RPM";"0";"rpm";
"63188.8204911";"[VCM] Motor Torque";"0";"N⋅m";
"63188.8675524";"[VCM] Vehicle Speed";"0";"km/h";
"63188.9916812";"Розрахункове значення навантаження на двигун";"0";"%";
"63189.051091";"Оберти двигуна";"0";"rpm";
"63189.051091";"Оберти двигуна x1000";"0";"rpm";
"63189.1114824";"Температура олії у двигуні";"26";"℃";
"63189.1757595";"Прискорення";"0";"g";
"63189.1757595";"Пройдений шлях";"0";"km";
"63189.1757595";"Пройдений шлях (Сьогодні)";"0";"km";
"63189.1757595";"Пройдений шлях (Тиждень)";"0";"km";
"63189.1757595";"Пройдений шлях(загальний)";"0";"km";
"63189.1757595";"Середня швидкість";"0";"km/h";
"63189.1757595";"Швидкість автомобіля";"0";"km/h";
"63189.2638781";"Розрахунковий наддув";"-0.01";"bar";
"63189.2638781";"Тиск у впускному колекторі (абсолютний)";"98";"kPa";
"63189.3751137";"[BMS] HV State of charge";"57.5";"%";
"63189.4273259";"[BMS] HV Battery voltage";"358.06";"V";
"63189.4793095";"[BMS] Max Cell Voltage";"3.704";"V";
"63189.5424447";"[BMS] Min Cell Voltage";"3.698";"V";
"63189.6044205";"[BMS] HV Battery Current";"-1.449999999999818";"A";
"63189.6556937";"[BMS] HV Battery Current (Low)";"-1.3999999999998636";"A";
"63189.707252";"[BMS] HV Battery Current (High)";"-1.2999999999999545";"A";
"63189.7669703";"[BMS] HV Battery Temperature Sensor 1";"23";"℃";
"63189.814906";"[BMS] HV Battery Temperature Sensor 2";"23";"℃";
"63189.863105";"[BMS] HV Battery Temperature Sensor 3";"23";"℃";
"63189.9244234";"[BMS] HV Battery Temperature Sensor 4";"22";"℃";
"63189.9764022";"[BMS] HV Battery Intake Air Temperature";"23";"℃";
"63190.1004227";"[VCM] Traction motor temperature";"27";"℃";
"63190.1513897";"[VCM] HV Coolant Temperature";"23";"℃";
"63190.210876";"[VCM] Target Motor Torque";"0";"N⋅m";
"63190.2594731";"[VCM] Available Motor Maximum Output";"13";"%";
"63190.3124807";"[VCM] Motor RPM";"0";"rpm";
"63190.3124807";"[VCM] Motor Torque";"0";"N⋅m";
"63190.3630041";"[VCM] Vehicle Speed";"0";"km/h";
"63190.4591352";"Розрахункове значення навантаження на двигун";"0";"%";
"63190.5231612";"Температура охолодної рідини";"27";"℃";
"63190.5755351";"Оберти двигуна";"0";"rpm";
"63190.5755351";"Оберти двигуна x1000";"0";"rpm";
"63190.6475838";"Температура олії у двигуні";"26";"℃";
"63190.6993855";"Прискорення";"0";"g";
"63190.6993855";"Пройдений шлях";"0";"km";
"63190.6993855";"Пройдений шлях (Сьогодні)";"0";"km";
"63190.6993855";"Пройдений шлях (Тиждень)";"0";"km";
"63190.6993855";"Пройдений шлях(загальний)";"0";"km";
"63190.6993855";"Середня швидкість";"0";"km/h";
"63190.6993855";"Швидкість автомобіля";"0";"km/h";
"63190.7519282";"Розрахунковий наддув";"-0.01";"bar";
"63190.7519282";"Тиск у впускному колекторі (абсолютний)";"98";"kPa";
"63190.8630648";"[BMS] HV State of charge";"57.5";"%";
"63190.9623903";"[BMS] HV Battery voltage";"355";"V";
"63191.0276181";"[BMS] Max Cell Voltage";"3.704";"V";
"63191.082404";"[BMS] Min Cell Voltage";"3.698";"V";
"63191.1467438";"[BMS] HV Battery Current";"-2.3999999999998636";"A";
"63191.1990486";"[BMS] HV Battery Current (Low)";"-2.3999999999998636";"A";
"63191.2506763";"[BMS] HV Battery Current (High)";"-2.349999999999909";"A";
"63191.3150683";"[BMS] HV Battery Temperature Sensor 1";"23";"℃";
"63191.3663608";"[BMS] HV Battery Temperature Sensor 2";"23";"℃";
"63191.4229877";"[BMS] HV Battery Temperature Sensor 3";"23";"℃";
"63191.4754917";"[BMS] HV Battery Temperature Sensor 4";"22";"℃";
"63191.5465063";"[BMS] HV Battery Intake Air Temperature";"23";"℃";
"63191.6582008";"[VCM] Traction motor temperature";"27";"℃";
"63191.7027448";"[VCM] HV Coolant Temperature";"23";"℃";
"63191.75448";"[VCM] Target Motor Torque";"-36.734375";"N⋅m";
"63191.8137229";"[VCM] Available Motor Maximum Output";"13";"%";
"63191.8621228";"[VCM] Motor RPM";"-2368";"rpm";
"63191.8621228";"[VCM] Motor Torque";"-0.15625";"N⋅m";
"63191.928885";"[VCM] Vehicle Speed";"0";"km/h";
"63192.0400344";"Розрахункове значення навантаження на двигун";"0";"%";
"63192.0915186";"Оберти двигуна";"0";"rpm";
"63192.0915186";"Оберти двигуна x1000";"0";"rpm";
"63192.1552098";"Температура олії у двигуні";"26";"℃";
"63192.2423327";"Прискорення";"0";"g";
"63192.2423327";"Пройдений шлях";"0";"km";
"63192.2423327";"Пройдений шлях (Сьогодні)";"0";"km";
"63192.2423327";"Пройдений шлях (Тиждень)";"0";"km";
"63192.2423327";"Пройдений шлях(загальний)";"0";"km";
"63192.2423327";"Середня швидкість";"0";"km/h";
"63192.2423327";"Швидкість автомобіля";"0";"km/h";
"63192.2946154";"Розрахунковий наддув";"-0.01";"bar";
"63192.2946154";"Тиск у впускному колекторі (абсолютний)";"98";"kPa";
"63192.3951197";"[BMS] HV State of charge";"57.5";"%";
"63192.4590274";"[BMS] HV Battery voltage";"356.61";"V";
"63192.5100913";"[BMS] Max Cell Voltage";"3.703";"V";
"63192.5708604";"[BMS] Min Cell Voltage";"3.693";"V";
"63192.6512612";"[BMS] HV Battery Current";"-3.849999999999909";"A";
"63192.7105669";"[BMS] HV Battery Current (Low)";"-3.849999999999909";"A";
"63192.7646238";"[BMS] HV Battery Current (High)";"-3.849999999999909";"A";
"63192.8140329";"[BMS] HV Battery Temperature Sensor 1";"23";"℃";
"63192.8642172";"[BMS] HV Battery Temperature Sensor 2";"23";"℃";
"63192.910492";"[BMS] HV Battery Temperature Sensor 3";"23";"℃";
"63192.9657831";"[BMS] HV Battery Temperature Sensor 4";"22";"℃";
"63193.0280417";"[BMS] HV Battery Intake Air Temperature";"23";"℃";
"63193.1313072";"[VCM] Traction motor temperature";"27";"℃";
"63193.192797";"[VCM] HV Coolant Temperature";"23";"℃";
"63193.2481502";"[VCM] Target Motor Torque";"-31.734375";"N⋅m";
"63193.2994786";"[VCM] Available Motor Maximum Output";"13";"%";
"63193.3637332";"[VCM] Motor RPM";"-2080";"rpm";
"63193.3637332";"[VCM] Motor Torque";"-0.140625";"N⋅m";
"63193.4265365";"[VCM] Vehicle Speed";"1";"km/h";
"63193.5641421";"Розрахункове значення навантаження на двигун";"0";"%";
"63193.606337";"Температура охолодної рідини";"27";"℃";
"63193.6705639";"Оберти двигуна";"0";"rpm";
"63193.6705639";"Оберти двигуна x1000";"0";"rpm";
"63193.7250872";"Температура олії у двигуні";"26";"℃";
"63193.8153337";"Прискорення";"0";"g";
"63193.8153337";"Пройдений шлях";"0";"km";
"63193.8153337";"Пройдений шлях (Сьогодні)";"0";"km";
"63193.8153337";"Пройдений шлях (Тиждень)";"0";"km";
"63193.8153337";"Пройдений шлях(загальний)";"0";"km";
"63193.8153337";"Середня швидкість";"0";"km/h";
"63193.8153337";"Швидкість автомобіля";"0";"km/h";
"63193.8749063";"Розрахунковий наддув";"-0.01";"bar";
"63193.8749063";"Тиск у впускному колекторі (абсолютний)";"98";"kPa";
"63193.9625658";"[BMS] HV State of charge";"57.5";"%";
"63194.022523";"[BMS] HV Battery voltage";"356.93";"V";
"63194.0881343";"[BMS] Max Cell Voltage";"3.7";"V";
"63194.1521704";"[BMS] Min Cell Voltage";"3.693";"V";
"63194.209463";"[BMS] HV Battery Current";"-3.8999999999998636";"A";
"63194.2716289";"[BMS] HV Battery Current (Low)";"-3.849999999999909";"A";
"63194.3555083";"[BMS] HV Battery Current (High)";"-3.849999999999909";"A";
"63194.4041593";"[BMS] HV Battery Temperature Sensor 1";"23";"℃";
"63194.461738";"[BMS] HV Battery Temperature Sensor 2";"23";"℃";
"63194.5148739";"[BMS] HV Battery Temperature Sensor 3";"23";"℃";
"63194.5836439";"[BMS] HV Battery Temperature Sensor 4";"22";"℃";
"63194.6591949";"[BMS] HV Battery Intake Air Temperature";"23";"℃";
"63194.7681472";"[VCM] Traction motor temperature";"27";"℃";
"63194.8367384";"[VCM] HV Coolant Temperature";"23";"℃";
"63194.9000536";"[VCM] Target Motor Torque";"-29.34375";"N⋅m";
"63194.9641264";"[VCM] Available Motor Maximum Output";"100";"%";
"63195.0268289";"[VCM] Motor RPM";"-1824";"rpm";
"63195.0268289";"[VCM] Motor Torque";"-0.125";"N⋅m";
"63195.1018788";"[VCM] Vehicle Speed";"2";"km/h";
"63195.207933";"Розрахункове значення навантаження на двигун";"0";"%";
"63195.2943387";"Оберти двигуна";"0";"rpm";
"63195.2943387";"Оберти двигуна x1000";"0";"rpm";
"63195.3635835";"Температура олії у двигуні";"26";"℃";
"63195.4253268";"Прискорення";"0";"g";
"63195.4253268";"Пройдений шлях";"0";"km";
"63195.4253268";"Пройдений шлях (Сьогодні)";"0";"km";
"63195.4253268";"Пройдений шлях (Тиждень)";"0";"km";
"63195.4253268";"Пройдений шлях(загальний)";"0";"km";
"63195.4253268";"Середня швидкість";"0";"km/h";
"63195.4253268";"Швидкість автомобіля";"0";"km/h";
"63195.4829566";"Розрахунковий наддув";"-0.01";"bar";
"63195.4829566";"Тиск у впускному колекторі (абсолютний)";"98";"kPa";
"63195.5960948";"[BMS] HV State of charge";"57.5";"%";
"63195.6602171";"[BMS] HV Battery voltage";"356.45";"V";
"63195.7168823";"[BMS] Max Cell Voltage";"3.7";"V";
"63195.7673724";"[BMS] Min Cell Voltage";"3.692";"V";
"63195.8404239";"[BMS] HV Battery Current";"-4.199999999999818";"A";
"63195.9050176";"[BMS] HV Battery Current (Low)";"-4.349999999999909";"A";
"63195.972206";"[BMS] HV Battery Current (High)";"-4.2999999999999545";"A";
"63196.0589323";"[BMS] HV Battery Temperature Sensor 1";"23";"℃";
"63196.1029823";"[BMS] HV Battery Temperature Sensor 2";"23";"℃";
"63196.1549697";"[BMS] HV Battery Temperature Sensor 3";"23";"℃";
"63196.2025879";"[BMS] HV Battery Temperature Sensor 4";"22";"℃";
"63196.2388906";"[BMS] HV Battery Intake Air Temperature";"23";"℃";
"63196.3528075";"[VCM] Traction motor temperature";"27";"℃";
"63196.4158435";"[VCM] HV Coolant Temperature";"23";"℃";
"63196.4605507";"[VCM] Target Motor Torque";"-24.6875";"N⋅m";
"63196.523285";"[VCM] Available Motor Maximum Output";"100";"%";
"63196.600473";"[VCM] Motor RPM";"-1632";"rpm";
"63196.600473";"[VCM] Motor Torque";"-0.109375";"N⋅m";
"63196.6591175";"[VCM] Vehicle Speed";"3";"km/h";
"63196.7794589";"Розрахункове значення навантаження на двигун";"0";"%";
"63196.8471978";"Температура охолодної рідини";"27";"℃";
"63196.9039879";"Оберти двигуна";"0";"rpm";
"63196.9039879";"Оберти двигуна x1000";"0";"rpm";
"63196.9584225";"Температура олії у двигуні";"26";"℃";
"63197.0287303";"Прискорення";"0.008950515813421323";"g";
"63197.0287303";"Пройдений шлях";"0.0008908045";"km";
"63197.0287303";"Пройдений шлях (Сьогодні)";"0.000891";"km";
"63197.0287303";"Пройдений шлях (Тиждень)";"0.000891";"km";
"63197.0287303";"Пройдений шлях(загальний)";"0.000891";"km";
"63197.0287303";"Середня швидкість";"0.07643527296988441";"km/h";
"63197.0287303";"Швидкість автомобіля";"2";"km/h";
"63197.1082825";"Розрахунковий наддув";"-0.01";"bar";
"63197.1082825";"Тиск у впускному колекторі (абсолютний)";"98";"kPa";
"63197.232819";"[BMS] HV State of charge";"57.5";"%";
"63197.2869548";"[BMS] HV Battery voltage";"356.61";"V";
"63197.3508904";"[BMS] Max Cell Voltage";"3.7";"V";
"63197.4122416";"[BMS] Min Cell Voltage";"3.691";"V";
"63197.4687996";"[BMS] HV Battery Current";"-3.699999999999818";"A";
"63197.5215362";"[BMS] HV Battery Current (Low)";"-3.7999999999999545";"A";
"63197.578893";"[BMS] HV Battery Current (High)";"-3.6499999999998636";"A";
"63197.6355323";"[BMS] HV Battery Temperature Sensor 1";"23";"℃";
"63197.6855925";"[BMS] HV Battery Temperature Sensor 2";"23";"℃";
"63197.7882269";"[BMS] HV Battery Temperature Sensor 3";"23";"℃";
"63197.8461542";"[BMS] HV Battery Temperature Sensor 4";"22";"℃";
"63197.8886221";"[BMS] HV Battery Intake Air Temperature";"23";"℃";
"63198.0034108";"[VCM] Traction motor temperature";"27";"℃";
"63198.0662518";"[VCM] HV Coolant Temperature";"23";"℃";
"63198.1189231";"[VCM] Target Motor Torque";"-24.21875";"N⋅m";
"63198.1709731";"[VCM] Available Motor Maximum Output";"13";"%";
"63198.2317638";"[VCM] Motor RPM";"-1600";"rpm";
"63198.2317638";"[VCM] Motor Torque";"-0.109375";"N⋅m";
"63198.2868996";"[VCM] Vehicle Speed";"3";"km/h";
"63198.3832024";"Розрахункове значення навантаження на двигун";"0";"%";
"63198.4387416";"Оберти двигуна";"0";"rpm";
"63198.4387416";"Оберти двигуна x1000";"0";"rpm";
"63198.5164825";"Температура олії у двигуні";"26";"℃";
"63198.5734612";"Прискорення";"0.008947993999205137";"g";
"63198.5734612";"Пройдений шлях";"0.0017490647777777778";"km";
"63198.5734612";"Пройдений шлях (Сьогодні)";"0.001749";"km";
"63198.5734612";"Пройдений шлях (Тиждень)";"0.001749";"km";
"63198.5734612";"Пройдений шлях(загальний)";"0.001749";"km";
"63198.5734612";"Середня швидкість";"0.14474826119096823";"km/h";
"63198.5734612";"Швидкість автомобіля";"2";"km/h";
"63198.6436304";"Розрахунковий наддув";"-0.01";"bar";
"63198.6436304";"Тиск у впускному колекторі (абсолютний)";"98";"kPa";
"63198.7557833";"[BMS] HV State of charge";"57.5";"%";
"63198.8085761";"[BMS] HV Battery voltage";"356.61";"V";
"63198.8684634";"[BMS] Max Cell Voltage";"3.698";"V";
"63198.9309732";"[BMS] Min Cell Voltage";"3.692";"V";
"63198.9825201";"[BMS] HV Battery Current";"-3.6499999999998636";"A";
"63199.0346493";"[BMS] HV Battery Current (Low)";"-3.7999999999999545";"A";
"63199.0913436";"[BMS] HV Battery Current (High)";"-3.449999999999818";"A";
"63199.1442893";"[BMS] HV Battery Temperature Sensor 1";"23";"℃";
"63199.1999273";"[BMS] HV Battery Temperature Sensor 2";"23";"℃";
"63199.2568388";"[BMS] HV Battery Temperature Sensor 3";"23";"℃";
"63199.3253826";"[BMS] HV Battery Temperature Sensor 4";"22";"℃";
"63199.3755323";"[BMS] HV Battery Intake Air Temperature";"23";"℃";
"63199.5154952";"[VCM] Traction motor temperature";"27";"℃";
"63199.569413";"[VCM] HV Coolant Temperature";"23";"℃";
"63199.6286155";"[VCM] Target Motor Torque";"-27.015625";"N⋅m";
"63199.6800433";"[VCM] Available Motor Maximum Output";"100";"%";
"63199.7469591";"[VCM] Motor RPM";"-1696";"rpm";
"63199.7469591";"[VCM] Motor Torque";"-0.109375";"N⋅m";
"63199.7879995";"[VCM] Vehicle Speed";"2";"km/h";
"63199.9329415";"Розрахункове значення навантаження на двигун";"0";"%";
"63199.9870328";"Температура охолодної рідини";"27";"℃";
"63200.0475498";"Оберти двигуна";"0";"rpm";
"63200.0475498";"Оберти двигуна x1000";"0";"rpm";
"63200.1065836";"Температура олії у двигуні";"26";"℃";
"63200.1773211";"Прискорення";"0.008904591782277975";"g";
"63200.1773211";"Пройдений шлях";"0.002640071388888889";"km";
"63200.1773211";"Пройдений шлях (Сьогодні)";"0.00264";"km";
"63200.1773211";"Пройдений шлях (Тиждень)";"0.00264";"km";
"63200.1773211";"Пройдений шлях(загальний)";"0.00264";"km";
"63200.1773211";"Середня швидкість";"0.21071688960235183";"km/h";
"63200.1773211";"Швидкість автомобіля";"2";"km/h";
"63200.2238768";"Розрахунковий наддув";"-0.01";"bar";
"63200.2238768";"Тиск у впускному колекторі (абсолютний)";"98";"kPa";
"63200.3481432";"[BMS] HV State of charge";"57.5";"%";
"63200.4001323";"[BMS] HV Battery voltage";"355.81";"V";
"63200.4608374";"[BMS] Max Cell Voltage";"3.696";"V";
"63200.5164083";"[BMS] Min Cell Voltage";"3.691";"V";
"63200.5748035";"[BMS] HV Battery Current";"-4.399999999999864";"A";
"63200.6354745";"[BMS] HV Battery Current (Low)";"-4.399999999999864";"A";
"63200.6931063";"[BMS] HV Battery Current (High)";"-4.2999999999999545";"A";
"63200.7489499";"[BMS] HV Battery Temperature Sensor 1";"23";"℃";
"63200.8090186";"[BMS] HV Battery Temperature Sensor 2";"23";"℃";
"63200.8687311";"[BMS] HV Battery Temperature Sensor 3";"23";"℃";
"63200.920368";"[BMS] HV Battery Temperature Sensor 4";"22";"℃";
"63200.977177";"[BMS] HV Battery Intake Air Temperature";"23";"℃";
"63201.0873718";"[VCM] Traction motor temperature";"27";"℃";
"63201.191909";"[VCM] HV Coolant Temperature";"23";"℃";
"63201.247433";"[VCM] Target Motor Torque";"-29.34375";"N⋅m";
"63201.2966909";"[VCM] Available Motor Maximum Output";"13";"%";
"63201.3559622";"[VCM] Motor RPM";"-1824";"rpm";
"63201.3559622";"[VCM] Motor Torque";"-0.125";"N⋅m";
"63201.4129567";"[VCM] Vehicle Speed";"2";"km/h";
"63201.5317033";"Розрахункове значення навантаження на двигун";"0";"%";
"63201.5926643";"Оберти двигуна";"0";"rpm";
"63201.5926643";"Оберти двигуна x1000";"0";"rpm";
"63201.6476862";"Температура олії у двигуні";"26";"℃";
"63201.7127933";"Прискорення";"0";"g";
"63201.7127933";"Пройдений шлях";"0.002640071388888889";"km";
"63201.7127933";"Пройдений шлях (Сьогодні)";"0.00264";"km";
"63201.7127933";"Пройдений шлях (Тиждень)";"0.00264";"km";
"63201.7127933";"Пройдений шлях(загальний)";"0.00264";"km";
"63201.7127933";"Середня швидкість";"0.2037798851501551";"km/h";
"63201.7127933";"Швидкість автомобіля";"0";"km/h";
"63201.787303";"Розрахунковий наддув";"-0.01";"bar";
"63201.787303";"Тиск у впускному колекторі (абсолютний)";"98";"kPa";
"63201.905823";"[BMS] HV State of charge";"57.5";"%";
"63201.9610603";"[BMS] HV Battery voltage";"356.29";"V";
"63202.024038";"[BMS] Max Cell Voltage";"3.698";"V";
"63202.081574";"[BMS] Min Cell Voltage";"3.691";"V";
"63202.1370767";"[BMS] HV Battery Current";"-3.949999999999818";"A";
"63202.2205407";"[BMS] HV Battery Current (Low)";"-3.849999999999909";"A";
"63202.2928048";"[BMS] HV Battery Current (High)";"-3.849999999999909";"A";
"63202.3862783";"[BMS] HV Battery Temperature Sensor 1";"23";"℃";
"63202.4463992";"[BMS] HV Battery Temperature Sensor 2";"23";"℃";
"63202.5050899";"[BMS] HV Battery Temperature Sensor 3";"23";"℃";
"63202.559026";"[BMS] HV Battery Temperature Sensor 4";"22";"℃";
"63202.614959";"[BMS] HV Battery Intake Air Temperature";"23";"℃";
"63202.7276692";"[VCM] Traction motor temperature";"27";"℃";
"63202.7806916";"[VCM] HV Coolant Temperature";"23";"℃";
"63202.8662073";"[VCM] Target Motor Torque";"-27.6875";"N⋅m";
"63202.920244";"[VCM] Available Motor Maximum Output";"100";"%";
"63202.9828708";"[VCM] Motor RPM";"-1824";"rpm";
"63202.9828708";"[VCM] Motor Torque";"-0.125";"N⋅m";
"63203.0310941";"[VCM] Vehicle Speed";"2";"km/h";
"63203.1512731";"Розрахункове значення навантаження на двигун";"0";"%";
"63203.206513";"Температура охолодної рідини";"27";"℃";
"63203.2603406";"Оберти двигуна";"0";"rpm";
"63203.2603406";"Оберти двигуна x1000";"0";"rpm";
"63203.3164592";"Температура олії у двигуні";"26";"℃";
"63203.3809298";"Прискорення";"-0.008918312581491816";"g";
"63203.3809298";"Пройдений шлях";"0.002640071388888889";"km";
"63203.3809298";"Пройдений шлях (Сьогодні)";"0.00264";"km";
"63203.3809298";"Пройдений шлях (Тиждень)";"0.00264";"km";
"63203.3809298";"Пройдений шлях(загальний)";"0.00264";"km";
"63203.3809298";"Середня швидкість";"0.19674312283955464";"km/h";
"63203.3809298";"Швидкість автомобіля";"0";"km/h";
"63203.4389351";"Розрахунковий наддув";"-0.01";"bar";
"63203.4389351";"Тиск у впускному колекторі (абсолютний)";"98";"kPa";
"63203.5467882";"[BMS] HV State of charge";"57.5";"%";
"63203.6163068";"[BMS] HV Battery voltage";"355.97";"V";
"63203.6738259";"[BMS] Max Cell Voltage";"3.701";"V";
"63203.7308512";"[BMS] Min Cell Voltage";"3.691";"V";
"63203.7894535";"[BMS] HV Battery Current";"-3.2999999999999545";"A";
"63203.8472905";"[BMS] HV Battery Current (Low)";"-3.349999999999909";"A";
"63203.9051521";"[BMS] HV Battery Current (High)";"-3.25";"A";
"63203.961479";"[BMS] HV Battery Temperature Sensor 1";"23";"℃";
"63204.0153766";"[BMS] HV Battery Temperature Sensor 2";"23";"℃";
"63204.0791642";"[BMS] HV Battery Temperature Sensor 3";"23";"℃";
"63204.1350212";"[BMS] HV Battery Temperature Sensor 4";"22";"℃";
"63204.1851488";"[BMS] HV Battery Intake Air Temperature";"23";"℃";
"63204.3053707";"[VCM] Traction motor temperature";"27";"℃";
"63204.3603841";"[VCM] HV Coolant Temperature";"23";"℃";
"63204.4124075";"[VCM] Target Motor Torque";"-1.265625";"N⋅m";
"63204.4689936";"[VCM] Available Motor Maximum Output";"100";"%";
"63204.564726";"[VCM] Motor RPM";"-64";"rpm";
"63204.564726";"[VCM] Motor Torque";"-0.015625";"N⋅m";
"63204.6317676";"[VCM] Vehicle Speed";"0";"km/h";
"63204.7415733";"Розрахункове значення навантаження на двигун";"0";"%";
"63204.7958131";"Оберти двигуна";"0";"rpm";
"63204.7958131";"Оберти двигуна x1000";"0";"rpm";
"63204.8659188";"Температура олії у двигуні";"26";"℃";
"63204.908756";"Прискорення";"-0.008942109783937283";"g";
"63204.908756";"Пройдений шлях";"0.002640071388888889";"km";
"63204.908756";"Пройдений шлях (Сьогодні)";"0.00264";"km";
"63204.908756";"Пройдений шлях (Тиждень)";"0.00264";"km";
"63204.908756";"Пройдений шлях(загальний)";"0.00264";"km";
"63204.908756";"Середня швидкість";"0.1907119028445607";"km/h";
"63204.908756";"Швидкість автомобіля";"0";"km/h";
"63204.97183";"Розрахунковий наддув";"-0.01";"bar";
"63204.97183";"Тиск у впускному колекторі (абсолютний)";"98";"kPa";
"63205.0917202";"[BMS] HV State of charge";"57.5";"%";
"63205.1543234";"[BMS] HV Battery voltage";"354.68";"V";
"63205.2131902";"[BMS] Max Cell Voltage";"3.7";"V";
"63205.2701791";"[BMS] Min Cell Voltage";"3.693";"V";
"63205.3281506";"[BMS] HV Battery Current";"-2.25";"A";
"63205.3795367";"[BMS] HV Battery Current (Low)";"-2.5";"A";
"63205.4399154";"[BMS] HV Battery Current (High)";"-2.7999999999999545";"A";
"63205.4917533";"[BMS] HV Battery Temperature Sensor 1";"23";"℃";
"63205.5564888";"[BMS] HV Battery Temperature Sensor 2";"23";"℃";
"63205.6231589";"[BMS] HV Battery Temperature Sensor 3";"23";"℃";
"63205.683961";"[BMS] HV Battery Temperature Sensor 4";"22";"℃";
"63205.7367423";"[BMS] HV Battery Intake Air Temperature";"23";"℃";
"63205.8484146";"[VCM] Traction motor temperature";"27";"℃";
"63205.9109473";"[VCM] HV Coolant Temperature";"23";"℃";
"63205.9631759";"[VCM] Target Motor Torque";"29.765625";"N⋅m";
"63206.0219454";"[VCM] Available Motor Maximum Output";"13";"%";
"63206.0779187";"[VCM] Motor RPM";"2432";"rpm";
"63206.0779187";"[VCM] Motor Torque";"0.140625";"N⋅m";
"63206.1315514";"[VCM] Vehicle Speed";"0";"km/h";
"63206.2728155";"Розрахункове значення навантаження на двигун";"0";"%";
"63206.341162";"Температура охолодної рідини";"27";"℃";
"63206.3953356";"Оберти двигуна";"0";"rpm";
"63206.3953356";"Оберти двигуна x1000";"0";"rpm";
"63206.4424195";"Температура олії у двигуні";"26";"℃";
"63206.4798598";"Прискорення";"-0.008988584349509193";"g";
"63206.4798598";"Пройдений шлях";"0.002640071388888889";"km";
"63206.4798598";"Пройдений шлях (Сьогодні)";"0.00264";"km";
"63206.4798598";"Пройдений шлях (Тиждень)";"0.00264";"km";
"63206.4798598";"Пройдений шлях(загальний)";"0.00264";"km";
"63206.4798598";"Середня швидкість";"0.18488282570195508";"km/h";
"63206.4798598";"Швидкість автомобіля";"0";"km/h";
"63206.5414988";"Розрахунковий наддув";"-0.01";"bar";
"63206.5414988";"Тиск у впускному колекторі (абсолютний)";"98";"kPa";
"63206.6608614";"[BMS] HV State of charge";"57.5";"%";
"63206.7078142";"[BMS] HV Battery voltage";"355.32";"V";
"63206.7751245";"[BMS] Max Cell Voltage";"3.688";"V";
"63206.8667057";"[BMS] Min Cell Voltage";"3.676";"V";
"63206.9338531";"[BMS] HV Battery Current";"-17.899999999999864";"A";
"63206.9796591";"[BMS] HV Battery Current (Low)";"-21.5";"A";
"63207.0455279";"[BMS] HV Battery Current (High)";"-22.25";"A";
"63207.0986276";"[BMS] HV Battery Temperature Sensor 1";"23";"℃";
"63207.1510313";"[BMS] HV Battery Temperature Sensor 2";"23";"℃";
"63207.2094498";"[BMS] HV Battery Temperature Sensor 3";"23";"℃";
"63207.2641134";"[BMS] HV Battery Temperature Sensor 4";"22";"℃";
"63207.3209739";"[BMS] HV Battery Intake Air Temperature";"23";"℃";
"63207.4407824";"[VCM] Traction motor temperature";"27";"℃";
"63207.4946621";"[VCM] HV Coolant Temperature";"23";"℃";
"63207.580996";"[VCM] Target Motor Torque";"121.078125";"N⋅m";
"63207.6321003";"[VCM] Available Motor Maximum Output";"13";"%";
"63207.6836837";"[VCM] Motor RPM";"7648";"rpm";
"63207.6836837";"[VCM] Motor Torque";"0.453125";"N⋅m";
"63207.7411114";"[VCM] Vehicle Speed";"6";"km/h";
"63207.8476688";"Розрахункове значення навантаження на двигун";"0";"%";
"63207.9031461";"Оберти двигуна";"0";"rpm";
"63207.9031461";"Оберти двигуна x1000";"0";"rpm";
"63207.9898017";"Температура олії у двигуні";"26";"℃";
"63208.0525643";"Прискорення";"0.026807388179003317";"g";
"63208.0525643";"Пройдений шлях";"0.005261126722222223";"km";
"63208.0525643";"Пройдений шлях (Сьогодні)";"0.005261";"km";
"63208.0525643";"Пройдений шлях (Тиждень)";"0.005261";"km";
"63208.0525643";"Пройдений шлях(загальний)";"0.005261";"km";
"63208.0525643";"Середня швидкість";"0.3574974559242808";"km/h";
"63208.0525643";"Швидкість автомобіля";"6";"km/h";
"63208.1078921";"Розрахунковий наддув";"-0.01";"bar";
"63208.1078921";"Тиск у впускному колекторі (абсолютний)";"98";"kPa";
"63208.2192554";"[BMS] HV State of charge";"57";"%";
"63208.2851863";"[BMS] HV Battery voltage";"353.23";"V";
"63208.3309768";"[BMS] Max Cell Voltage";"3.646";"V";
"63208.3904551";"[BMS] Min Cell Voltage";"3.635";"V";
"63208.4447655";"[BMS] HV Battery Current";"-40.399999999999864";"A";
"63208.5077557";"[BMS] HV Battery Current (Low)";"-1600";"A";
"63208.6365016";"[BMS] HV Battery Current (High)";"-41.5";"A";
"63208.6926008";"[BMS] HV Battery Temperature Sensor 1";"23";"℃";
"63208.7471262";"[BMS] HV Battery Temperature Sensor 2";"23";"℃";
"63208.8158928";"[BMS] HV Battery Temperature Sensor 3";"23";"℃";
"63208.880943";"[BMS] HV Battery Temperature Sensor 4";"22";"℃";
"63208.9310994";"[BMS] HV Battery Intake Air Temperature";"23";"℃";
"63209.0568083";"[VCM] Traction motor temperature";"27";"℃";
"63209.1171944";"[VCM] HV Coolant Temperature";"23";"℃";
"63209.1646869";"[VCM] Target Motor Torque";"98.921875";"N⋅m";
"63209.2315356";"[VCM] Available Motor Maximum Output";"13";"%";
"63209.2809915";"[VCM] Motor RPM";"6272";"rpm";
"63209.2809915";"[VCM] Motor Torque";"0.375";"N⋅m";
"63209.3375497";"[VCM] Vehicle Speed";"13";"km/h";
"63209.4487427";"Розрахункове значення навантаження на двигун";"0";"%";
"63209.5045526";"Температура охолодної рідини";"27";"℃";
"63209.5690135";"Оберти двигуна";"0";"rpm";
"63209.5690135";"Оберти двигуна x1000";"0";"rpm";
"63209.6270024";"Температура олії у двигуні";"26";"℃";
"63209.6977303";"Прискорення";"0.058293887021835515";"g";
"63209.6977303";"Пройдений шлях";"0.01120183025";"km";
"63209.6977303";"Пройдений шлях (Сьогодні)";"0.011202";"km";
"63209.6977303";"Пройдений шлях (Тиждень)";"0.011202";"km";
"63209.6977303";"Пройдений шлях(загальний)";"0.011202";"km";
"63209.6977303";"Середня швидкість";"0.738248608393045";"km/h";
"63209.6977303";"Швидкість автомобіля";"13";"km/h";
"63209.7674543";"Розрахунковий наддув";"-0.01";"bar";
"63209.7674543";"Тиск у впускному колекторі (абсолютний)";"98";"kPa";
"63209.8759027";"[BMS] HV State of charge";"57";"%";
"63209.9389384";"[BMS] HV Battery voltage";"351.3";"V";
"63209.9948509";"[BMS] Max Cell Voltage";"3.641";"V";
"63210.0649482";"[BMS] Min Cell Voltage";"3.634";"V";
"63210.1324948";"[BMS] HV Battery Current";"-31.649999999999864";"A";
"63210.1861447";"[BMS] HV Battery Current (Low)";"-1600";"A";
"63210.2478823";"[BMS] HV Battery Current (High)";"-30.799999999999955";"A";
"63210.3048905";"[BMS] HV Battery Temperature Sensor 1";"23";"℃";
"63210.3531845";"[BMS] HV Battery Temperature Sensor 2";"23";"℃";
"63210.4100115";"[BMS] HV Battery Temperature Sensor 3";"23";"℃";
"63210.4670922";"[BMS] HV Battery Temperature Sensor 4";"22";"℃";
"63210.5205078";"[BMS] HV Battery Intake Air Temperature";"23";"℃";
"63210.6440617";"[VCM] Traction motor temperature";"27";"℃";
"63210.7074654";"[VCM] HV Coolant Temperature";"23";"℃";
"63210.7539521";"[VCM] Target Motor Torque";"57.765625";"N⋅m";
"63210.8150436";"[VCM] Available Motor Maximum Output";"13";"%";
"63210.8679059";"[VCM] Motor RPM";"3744";"rpm";
"63210.8679059";"[VCM] Motor Torque";"0.21875";"N⋅m";
"63210.9217656";"[VCM] Vehicle Speed";"16";"km/h";
"63211.0354101";"Розрахункове значення навантаження на двигун";"0";"%";
"63211.1003906";"Оберти двигуна";"0";"rpm";
"63211.1003906";"Оберти двигуна x1000";"0";"rpm";
"63211.1520613";"Температура олії у двигуні";"26";"℃";
"63211.1912551";"Прискорення";"0.07213804547428716";"g";
"63211.1912551";"Пройдений шлях";"0.01783959025";"km";
"63211.1912551";"Пройдений шлях (Сьогодні)";"0.01784";"km";
"63211.1912551";"Пройдений шлях (Тиждень)";"0.01784";"km";
"63211.1912551";"Пройдений шлях(загальний)";"0.01784";"km";
"63211.1912551";"Середня швидкість";"1.1444158982727752";"km/h";
"63211.1912551";"Швидкість автомобіля";"16";"km/h";
"63211.2459945";"Розрахунковий наддув";"-0.01";"bar";
"63211.2459945";"Тиск у впускному колекторі (абсолютний)";"98";"kPa";
"63211.4106168";"[BMS] HV State of charge";"56.5";"%";
"63211.4713554";"[BMS] HV Battery voltage";"349.85";"V";
"63211.5232105";"[BMS] Max Cell Voltage";"3.646";"V";
"63211.5780151";"[BMS] Min Cell Voltage";"3.64";"V";
"63211.6349266";"[BMS] HV Battery Current";"-24.549999999999955";"A";
"63211.6919508";"[BMS] HV Battery Current (Low)";"-23.449999999999818";"A";
"63211.7569149";"[BMS] HV Battery Current (High)";"-22.25";"A";
"63211.8035809";"[BMS] HV Battery Temperature Sensor 1";"23";"℃";
"63211.8596929";"[BMS] HV Battery Temperature Sensor 2";"23";"℃";
"63211.9144317";"[BMS] HV Battery Temperature Sensor 3";"23";"℃";
"63211.9737704";"[BMS] HV Battery Temperature Sensor 4";"22";"℃";
"63212.0281259";"[BMS] HV Battery Intake Air Temperature";"23";"℃";
"63212.1489507";"[VCM] Traction motor temperature";"27";"℃";
"63212.2032695";"[VCM] HV Coolant Temperature";"23";"℃";
"63212.2575879";"[VCM] Target Motor Torque";"45.28125";"N⋅m";
"63212.3136714";"[VCM] Available Motor Maximum Output";"100";"%";
"63212.3956145";"[VCM] Motor RPM";"2976";"rpm";
"63212.3956145";"[VCM] Motor Torque";"0.171875";"N⋅m";
"63212.4486464";"[VCM] Vehicle Speed";"17";"km/h";
"63212.5673042";"Розрахункове значення навантаження на двигун";"0";"%";
"63212.6229647";"Температура охолодної рідини";"27";"℃";
"63212.7009047";"Оберти двигуна";"0";"rpm";
"63212.7009047";"Оберти двигуна x1000";"0";"rpm";
"63212.7725862";"Температура олії у двигуні";"26";"℃";
"63212.8620217";"Прискорення";"0.07544977135858401";"g";
"63212.8620217";"Пройдений шлях";"0.02572967936111111";"km";
"63212.8620217";"Пройдений шлях (Сьогодні)";"0.02573";"km";
"63212.8620217";"Пройдений шлях (Тиждень)";"0.02573";"km";
"63212.8620217";"Пройдений шлях(загальний)";"0.02573";"km";
"63212.8620217";"Середня швидкість";"1.6028453039034938";"km/h";
"63212.8620217";"Швидкість автомобіля";"17";"km/h";
"63212.9411889";"Розрахунковий наддув";"-0.01";"bar";
"63212.9411889";"Тиск у впускному колекторі (абсолютний)";"98";"kPa";
"63213.0950264";"[BMS] HV State of charge";"56.5";"%";
"63213.1636745";"[BMS] HV Battery voltage";"350.33";"V";
"63213.212524";"[BMS] Max Cell Voltage";"3.651";"V";
"63213.2942071";"[BMS] Min Cell Voltage";"3.644";"V";
"63213.3580178";"[BMS] HV Battery Current";"-18.25";"A";
"63213.4153592";"[BMS] HV Battery Current (Low)";"-16.799999999999955";"A";
"63213.4645686";"[BMS] HV Battery Current (High)";"-15.849999999999909";"A";
"63213.517614";"[BMS] HV Battery Temperature Sensor 1";"23";"℃";
"63213.5833704";"[BMS] HV Battery Temperature Sensor 2";"23";"℃";
"63213.641842";"[BMS] HV Battery Temperature Sensor 3";"23";"℃";
"63213.6951065";"[BMS] HV Battery Temperature Sensor 4";"22";"℃";
"63213.7480764";"[BMS] HV Battery Intake Air Temperature";"23";"℃";
"63213.8689966";"[VCM] Traction motor temperature";"28";"℃";
"63213.9209274";"[VCM] HV Coolant Temperature";"23";"℃";
"63213.9719327";"[VCM] Target Motor Torque";"29.265625";"N⋅m";
"63214.0365997";"[VCM] Available Motor Maximum Output";"13";"%";
"63214.0838108";"[VCM] Motor RPM";"1728";"rpm";
"63214.0838108";"[VCM] Motor Torque";"0.09375";"N⋅m";
"63214.1402825";"[VCM] Vehicle Speed";"18";"km/h";
"63214.2554347";"Розрахункове значення навантаження на двигун";"0";"%";
"63214.3094952";"Оберти двигуна";"0";"rpm";
"63214.3094952";"Оберти двигуна x1000";"0";"rpm";
"63214.3663808";"Температура олії у двигуні";"26";"℃";
"63214.450136";"Прискорення";"0.04870284673253104";"g";
"63214.450136";"Пройдений шлях";"0.03323006425";"km";
"63214.450136";"Пройдений шлях (Сьогодні)";"0.03323";"km";
"63214.450136";"Пройдений шлях (Тиждень)";"0.03323";"km";
"63214.450136";"Пройдений шлях(загальний)";"0.03323";"km";
"63214.450136";"Середня швидкість";"2.0147122601338063";"km/h";
"63214.450136";"Швидкість автомобіля";"17";"km/h";
"63214.5290128";"Розрахунковий наддув";"-0.01";"bar";
"63214.5290128";"Тиск у впускному колекторі (абсолютний)";"98";"kPa";
"63214.6186078";"[BMS] HV State of charge";"56";"%";
"63214.6772785";"[BMS] HV Battery voltage";"353.07";"V";
"63214.7687707";"[BMS] Max Cell Voltage";"3.659";"V";
"63214.8666577";"[BMS] Min Cell Voltage";"3.654";"V";
"63214.9118004";"[BMS] HV Battery Current";"-15";"A";
"63214.9674618";"[BMS] HV Battery Current (Low)";"-14.899999999999864";"A";
"63215.0367669";"[BMS] HV Battery Current (High)";"-14.549999999999955";"A";
"63215.1041236";"[BMS] HV Battery Temperature Sensor 1";"23";"℃";
"63215.1507206";"[BMS] HV Battery Temperature Sensor 2";"23";"℃";
"63215.2287144";"[BMS] HV Battery Temperature Sensor 3";"23";"℃";
"63215.2834641";"[BMS] HV Battery Temperature Sensor 4";"22";"℃";
"63215.3351918";"[BMS] HV Battery Intake Air Temperature";"23";"℃";
"63215.45147";"[VCM] Traction motor temperature";"28";"℃";
"63215.5031858";"[VCM] HV Coolant Temperature";"23";"℃";
"63215.5567724";"[VCM] Target Motor Torque";"30.953125";"N⋅m";
"63215.6236438";"[VCM] Available Motor Maximum Output";"13";"%";
"63215.6890002";"[VCM] Motor RPM";"1984";"rpm";
"63215.6890002";"[VCM] Motor Torque";"0.109375";"N⋅m";
"63215.748055";"[VCM] Vehicle Speed";"17";"km/h";
"63215.858963";"Розрахункове значення навантаження на двигун";"0";"%";
"63215.9246844";"Температура охолодної рідини";"27";"℃";
"63215.9821311";"Оберти двигуна";"0";"rpm";
"63215.9821311";"Оберти двигуна x1000";"0";"rpm";
"63216.0439867";"Температура олії у двигуні";"26";"℃";
"63216.0850344";"Прискорення";"0.01773859513624724";"g";
"63216.0850344";"Пройдений шлях";"0.04094980438888889";"km";
"63216.0850344";"Пройдений шлях (Сьогодні)";"0.04095";"km";
"63216.0850344";"Пройдений шлях (Тиждень)";"0.04095";"km";
"63216.0850344";"Пройдений шлях(загальний)";"0.04095";"km";
"63216.0850344";"Середня швидкість";"2.4162306088782053";"km/h";
"63216.0850344";"Швидкість автомобіля";"17";"km/h";
"63216.1566021";"Розрахунковий наддув";"-0.01";"bar";
"63216.1566021";"Тиск у впускному колекторі (абсолютний)";"98";"kPa";
"63216.2596184";"[BMS] HV State of charge";"56";"%";
"63216.3163534";"[BMS] HV Battery voltage";"353.71";"V";
"63216.3849197";"[BMS] Max Cell Voltage";"3.679";"V";
"63216.4697857";"[BMS] Min Cell Voltage";"3.674";"V";
"63216.5406685";"[BMS] HV Battery Current";"2.3500000000001364";"A";
"63216.5966686";"[BMS] HV Battery Current (Low)";"2.300000000000182";"A";
"63216.6432338";"[BMS] HV Battery Current (High)";"3.2000000000000455";"A";
"63216.7081113";"[BMS] HV Battery Temperature Sensor 1";"23";"℃";
"63216.7650401";"[BMS] HV Battery Temperature Sensor 2";"23";"℃";
"63216.8152266";"[BMS] HV Battery Temperature Sensor 3";"23";"℃";
"63216.8798972";"[BMS] HV Battery Temperature Sensor 4";"22";"℃";
"63216.9361807";"[BMS] HV Battery Intake Air Temperature";"23";"℃";
"63217.0432093";"[VCM] Traction motor temperature";"28";"℃";
"63217.1100756";"[VCM] HV Coolant Temperature";"23";"℃";
"63217.1731576";"[VCM] Target Motor Torque";"3.921875";"N⋅m";
"63217.2378246";"[VCM] Available Motor Maximum Output";"100";"%";
"63217.2880436";"[VCM] Motor RPM";"416";"rpm";
"63217.2880436";"[VCM] Motor Torque";"0.015625";"N⋅m";
"63217.3510073";"[VCM] Vehicle Speed";"16";"km/h";
"63217.4672193";"Розрахункове значення навантаження на двигун";"0";"%";
"63217.5234946";"Оберти двигуна";"0";"rpm";
"63217.5234946";"Оберти двигуна x1000";"0";"rpm";
"63217.59134";"Температура олії у двигуні";"26";"℃";
"63217.6476064";"Прискорення";"-0.004387222603655103";"g";
"63217.6476064";"Пройдений шлях";"0.04746004480555556";"km";
"63217.6476064";"Пройдений шлях (Сьогодні)";"0.04746";"km";
"63217.6476064";"Пройдений шлях (Тиждень)";"0.04746";"km";
"63217.6476064";"Пройдений шлях(загальний)";"0.04746";"km";
"63217.6476064";"Середня швидкість";"2.730441513570824";"km/h";
"63217.6476064";"Швидкість автомобіля";"15";"km/h";
"63217.7029062";"Розрахунковий наддув";"-0.01";"bar";
"63217.7029062";"Тиск у впускному колекторі (абсолютний)";"98";"kPa";
"63217.812727";"[BMS] HV State of charge";"56";"%";
"63217.8728742";"[BMS] HV Battery voltage";"353.71";"V";
"63217.9346055";"[BMS] Max Cell Voltage";"3.682";"V";
"63217.9878958";"[BMS] Min Cell Voltage";"3.674";"V";
"63218.0406649";"[BMS] HV Battery Current";"1.25";"A";
"63218.0959872";"[BMS] HV Battery Current (Low)";"0.8000000000001819";"A";
"63218.1719557";"[BMS] HV Battery Current (High)";"2.1000000000001364";"A";
"63218.2400636";"[BMS] HV Battery Temperature Sensor 1";"23";"℃";
"63218.2888203";"[BMS] HV Battery Temperature Sensor 2";"23";"℃";
"63218.3535884";"[BMS] HV Battery Temperature Sensor 3";"23";"℃";
"63218.4085304";"[BMS] HV Battery Temperature Sensor 4";"22";"℃";
"63218.4646872";"[BMS] HV Battery Intake Air Temperature";"23";"℃";
"63218.5581562";"[VCM] Traction motor temperature";"28";"℃";
"63218.6081014";"[VCM] HV Coolant Temperature";"23";"℃";
"63218.6657396";"[VCM] Target Motor Torque";"-42.375";"N⋅m";
"63218.7184365";"[VCM] Available Motor Maximum Output";"100";"%";
"63218.7789512";"[VCM] Motor RPM";"-2880";"rpm";
"63218.7789512";"[VCM] Motor Torque";"-0.1875";"N⋅m";
"63218.8515999";"[VCM] Vehicle Speed";"14";"km/h";
"63218.9567914";"Розрахункове значення навантаження на двигун";"0";"%";
"63219.0234401";"Температура охолодної рідини";"27";"℃";
"63219.0960006";"Оберти двигуна";"0";"rpm";
"63219.0960006";"Оберти двигуна x1000";"0";"rpm";
"63219.1513067";"Температура олії у двигуні";"26";"℃";
"63219.2078741";"Прискорення";"-0.0178544650134859";"g";
"63219.2078741";"Пройдений шлях";"0.05309473591666667";"km";
"63219.2078741";"Пройдений шлях (Сьогодні)";"0.053095";"km";
"63219.2078741";"Пройдений шлях (Тиждень)";"0.053095";"km";
"63219.2078741";"Пройдений шлях(загальний)";"0.053095";"km";
"63219.2078741";"Середня швидкість";"2.9802955707576544";"km/h";
"63219.2078741";"Швидкість автомобіля";"13";"km/h";
"63219.2689819";"Розрахунковий наддув";"-0.01";"bar";
"63219.2689819";"Тиск у впускному колекторі (абсолютний)";"98";"kPa";
"63219.380405";"[BMS] HV State of charge";"56";"%";
"63219.4326995";"[BMS] HV Battery voltage";"355";"V";
"63219.4934409";"[BMS] Max Cell Voltage";"3.697";"V";
"63219.5527984";"[BMS] Min Cell Voltage";"3.684";"V";
"63219.6050782";"[BMS] HV Battery Current";"0.3000000000001819";"A";
"63219.6599545";"[BMS] HV Battery Current (Low)";"1.2000000000000455";"A";
"63219.7160644";"[BMS] HV Battery Current (High)";"0.8500000000001364";"A";
"63219.7811902";"[BMS] HV Battery Temperature Sensor 1";"23";"℃";
"63219.8367726";"[BMS] HV Battery Temperature Sensor 2";"23";"℃";
"63219.8991521";"[BMS] HV Battery Temperature Sensor 3";"23";"℃";
"63219.960037";"[BMS] HV Battery Temperature Sensor 4";"22";"℃";
"63220.0158593";"[BMS] HV Battery Intake Air Temperature";"23";"℃";
"63220.1350041";"[VCM] Traction motor temperature";"28";"℃";
"63220.1866622";"[VCM] HV Coolant Temperature";"23";"℃";
"63220.2564694";"[VCM] Target Motor Torque";"-40.875";"N⋅m";
"63220.3137244";"[VCM] Available Motor Maximum Output";"13";"%";
"63220.3853925";"[VCM] Motor RPM";"-2784";"rpm";
"63220.3853925";"[VCM] Motor Torque";"-0.171875";"N⋅m";
"63220.4523371";"[VCM] Vehicle Speed";"11";"km/h";
"63220.5729116";"Розрахункове значення навантаження на двигун";"0";"%";
"63220.6279803";"Оберти двигуна";"0";"rpm";
"63220.6279803";"Оберти двигуна x1000";"0";"rpm";
"63220.6940414";"Температура олії у двигуні";"26";"℃";
"63220.7464727";"Прискорення";"-0.031491033909207246";"g";
"63220.7464727";"Пройдений шлях";"0.05736825869444445";"km";
"63220.7464727";"Пройдений шлях (Сьогодні)";"0.057369";"km";
"63220.7464727";"Пройдений шлях (Тиждень)";"0.057369";"km";
"63220.7464727";"Пройдений шлях(загальний)";"0.057369";"km";
"63220.7464727";"Середня швидкість";"3.144739504702991";"km/h";
"63220.7464727";"Швидкість автомобіля";"10";"km/h";
"63220.8114339";"Розрахунковий наддув";"-0.01";"bar";
"63220.8114339";"Тиск у впускному колекторі (абсолютний)";"98";"kPa";
"63220.9117377";"[BMS] HV State of charge";"56";"%";
"63220.9762473";"[BMS] HV Battery voltage";"354.36";"V";
"63221.0369372";"[BMS] Max Cell Voltage";"3.69";"V";
"63221.092891";"[BMS] Min Cell Voltage";"3.684";"V";
"63221.1496327";"[BMS] HV Battery Current";"0.20000000000004547";"A";
"63221.2058555";"[BMS] HV Battery Current (Low)";"0.15000000000009095";"A";
"63221.2555996";"[BMS] HV Battery Current (High)";"0.40000000000009095";"A";
"63221.3084939";"[BMS] HV Battery Temperature Sensor 1";"23";"℃";
"63221.3849141";"[BMS] HV Battery Temperature Sensor 2";"23";"℃";
"63221.4422971";"[BMS] HV Battery Temperature Sensor 3";"23";"℃";
"63221.4858158";"[BMS] HV Battery Temperature Sensor 4";"22";"℃";
"63221.5721412";"[BMS] HV Battery Intake Air Temperature";"23";"℃";
"63221.7113479";"[VCM] Traction motor temperature";"28";"℃";
"63221.7753821";"[VCM] HV Coolant Temperature";"23";"℃";
"63221.8333933";"[VCM] Target Motor Torque";"-32.140625";"N⋅m";
"63221.8792769";"[VCM] Available Motor Maximum Output";"100";"%";
"63221.9451478";"[VCM] Motor RPM";"-2048";"rpm";
"63221.9451478";"[VCM] Motor Torque";"-0.125";"N⋅m";
"63222.0006017";"[VCM] Vehicle Speed";"11";"km/h";
"63222.1216101";"Розрахункове значення навантаження на двигун";"0";"%";
"63222.1850756";"Температура охолодної рідини";"27";"℃";
"63222.2605514";"Оберти двигуна";"0";"rpm";
"63222.2605514";"Оберти двигуна x1000";"0";"rpm";
"63222.3177744";"Температура олії у двигуні";"26";"℃";
"63222.3845759";"Прискорення";"-0.03147501330429938";"g";
"63222.3845759";"Пройдений шлях";"0.06191872119444445";"km";
"63222.3845759";"Пройдений шлях (Сьогодні)";"0.061919";"km";
"63222.3845759";"Пройдений шлях (Тиждень)";"0.061919";"km";
"63222.3845759";"Пройдений шлях(загальний)";"0.061919";"km";
"63222.3845759";"Середня швидкість";"3.311576482253603";"km/h";
"63222.3845759";"Швидкість автомобіля";"10";"km/h";
"63222.4409857";"Розрахунковий наддув";"-0.01";"bar";
"63222.4409857";"Тиск у впускному колекторі (абсолютний)";"98";"kPa";
"63222.5440665";"[BMS] HV State of charge";"56";"%";
"63222.6045334";"[BMS] HV Battery voltage";"358.22";"V";
"63222.6650512";"[BMS] Max Cell Voltage";"3.707";"V";
"63222.7441793";"[BMS] Min Cell Voltage";"3.699";"V";
"63222.8087045";"[BMS] HV Battery Current";"10.200000000000045";"A";
"63222.855063";"[BMS] HV Battery Current (Low)";"10.050000000000182";"A";
"63222.9418668";"[BMS] HV Battery Current (High)";"10.25";"A";
"63222.9903185";"[BMS] HV Battery Temperature Sensor 1";"23";"℃";
"63223.0489931";"[BMS] HV Battery Temperature Sensor 2";"23";"℃";
"63223.1017318";"[BMS] HV Battery Temperature Sensor 3";"23";"℃";
"63223.1557195";"[BMS] HV Battery Temperature Sensor 4";"22";"℃";
"63223.2205222";"[BMS] HV Battery Intake Air Temperature";"23";"℃";
"63223.3602464";"[VCM] Traction motor temperature";"28";"℃";
"63223.4256403";"[VCM] HV Coolant Temperature";"23";"℃";
"63223.473815";"[VCM] Target Motor Torque";"-48.71875";"N⋅m";
"63223.5353904";"[VCM] Available Motor Maximum Output";"13";"%";
"63223.591663";"[VCM] Motor RPM";"-3040";"rpm";
"63223.591663";"[VCM] Motor Torque";"-0.1875";"N⋅m";
"63223.6490093";"[VCM] Vehicle Speed";"9";"km/h";
"63223.7675917";"Розрахункове значення навантаження на двигун";"0";"%";
"63223.8249727";"Оберти двигуна";"0";"rpm";
"63223.8249727";"Оберти двигуна x1000";"0";"rpm";
"63223.8921405";"Температура олії у двигуні";"26";"℃";
"63223.9507613";"Прискорення";"-0.031456969671407896";"g";
"63223.9507613";"Пройдений шлях";"0.06539897008333334";"km";
"63223.9507613";"Пройдений шлях (Сьогодні)";"0.065399";"km";
"63223.9507613";"Пройдений шлях (Тиждень)";"0.065399";"km";
"63223.9507613";"Пройдений шлях(загальний)";"0.065399";"km";
"63223.9507613";"Середня швидкість";"3.418179907785857";"km/h";
"63223.9507613";"Швидкість автомобіля";"8";"km/h";
"63224.0079387";"Розрахунковий наддув";"-0.01";"bar";
"63224.0079387";"Тиск у впускному колекторі (абсолютний)";"98";"kPa";
"63224.1129143";"[BMS] HV State of charge";"56.5";"%";
"63224.1734304";"[BMS] HV Battery voltage";"356.93";"V";
"63224.2467669";"[BMS] Max Cell Voltage";"3.703";"V";
"63224.2976838";"[BMS] Min Cell Voltage";"3.693";"V";
"63224.3571491";"[BMS] HV Battery Current";"3.050000000000182";"A";
"63224.4157354";"[BMS] HV Battery Current (Low)";"3.150000000000091";"A";
"63224.46751";"[BMS] HV Battery Current (High)";"3.6000000000001364";"A";
"63224.5349926";"[BMS] HV Battery Temperature Sensor 1";"23";"℃";
"63224.5910291";"[BMS] HV Battery Temperature Sensor 2";"23";"℃";
"63224.6442287";"[BMS] HV Battery Temperature Sensor 3";"23";"℃";
"63224.7032328";"[BMS] HV Battery Temperature Sensor 4";"22";"℃";
"63224.7689849";"[BMS] HV Battery Intake Air Temperature";"23";"℃";
"63224.8762118";"[VCM] Traction motor temperature";"29";"℃";
"63224.9377642";"[VCM] HV Coolant Temperature";"23";"℃";
"63225.0082851";"[VCM] Target Motor Torque";"10.75";"N⋅m";
"63225.0622103";"[VCM] Available Motor Maximum Output";"13";"%";
"63225.1175006";"[VCM] Motor RPM";"768";"rpm";
"63225.1175006";"[VCM] Motor Torque";"0.046875";"N⋅m";
"63225.1775091";"[VCM] Vehicle Speed";"6";"km/h";
"63225.2881211";"Розрахункове значення навантаження на двигун";"0";"%";
"63225.3455035";"Температура охолодної рідини";"27";"℃";
"63225.4122967";"Оберти двигуна";"0";"rpm";
"63225.4122967";"Оберти двигуна x1000";"0";"rpm";
"63225.458856";"Температура олії у двигуні";"26";"℃";
"63225.5294614";"Прискорення";"-0.031365248354635694";"g";
"63225.5294614";"Пройдений шлях";"0.06803040708333334";"km";
"63225.5294614";"Пройдений шлях (Сьогодні)";"0.06803";"km";
"63225.5294614";"Пройдений шлях (Тиждень)";"0.06803";"km";
"63225.5294614";"Пройдений шлях(загальний)";"0.06803";"km";
"63225.5294614";"Середня швидкість";"3.476035973177531";"km/h";
"63225.5294614";"Швидкість автомобіля";"6";"km/h";
"63225.6000818";"Розрахунковий наддув";"-0.01";"bar";
"63225.6000818";"Тиск у впускному колекторі (абсолютний)";"98";"kPa";
"63225.7116467";"[BMS] HV State of charge";"56.5";"%";
"63225.7726883";"[BMS] HV Battery voltage";"353.07";"V";
"63225.8325402";"[BMS] Max Cell Voltage";"3.675";"V";
"63225.8915431";"[BMS] Min Cell Voltage";"3.668";"V";
"63225.9380551";"[BMS] HV Battery Current";"-18.899999999999864";"A";
"63225.9955338";"[BMS] HV Battery Current (Low)";"-19.399999999999864";"A";
"63226.0552696";"[BMS] HV Battery Current (High)";"-19.699999999999818";"A";
"63226.1088259";"[BMS] HV Battery Temperature Sensor 1";"23";"℃";
"63226.1718602";"[BMS] HV Battery Temperature Sensor 2";"23";"℃";
"63226.2231946";"[BMS] HV Battery Temperature Sensor 3";"23";"℃";
"63226.2749656";"[BMS] HV Battery Temperature Sensor 4";"22";"℃";
"63226.3394914";"[BMS] HV Battery Intake Air Temperature";"23";"℃";
"63226.4597127";"[VCM] Traction motor temperature";"29";"℃";
"63226.5126932";"[VCM] HV Coolant Temperature";"24";"℃";
"63226.5688295";"[VCM] Target Motor Torque";"56.75";"N⋅m";
"63226.633061";"[VCM] Available Motor Maximum Output";"13";"%";
"63226.7167109";"[VCM] Motor RPM";"3648";"rpm";
"63226.7167109";"[VCM] Motor Torque";"0.21875";"N⋅m";
"63226.7802509";"[VCM] Vehicle Speed";"11";"km/h";
"63226.8835174";"Розрахункове значення навантаження на двигун";"0";"%";
"63226.9488075";"Оберти двигуна";"0";"rpm";
"63226.9488075";"Оберти двигуна x1000";"0";"rpm";
"63226.9962545";"Температура олії у двигуні";"26";"℃";
"63227.0595746";"Пройдений шлях";"0.07228191013888889";"km";
"63227.0595746";"Пройдений шлях (Сьогодні)";"0.072282";"km";
"63227.0595746";"Пройдений шлях (Тиждень)";"0.072282";"km";
"63227.0595746";"Пройдений шлях(загальний)";"0.072282";"km";
"63227.0595746";"Середня швидкість";"3.61474412759384";"km/h";
"63227.0595746";"Швидкість автомобіля";"10";"km/h";
"63227.1179994";"Розрахунковий наддув";"-0.01";"bar";
"63227.1179994";"Тиск у впускному колекторі (абсолютний)";"98";"kPa";
"63227.2289852";"[BMS] HV State of charge";"56";"%";
"63227.2887914";"[BMS] HV Battery voltage";"356.45";"V";
"63227.3441247";"[BMS] Max Cell Voltage";"3.688";"V";
"63227.4054525";"[BMS] Min Cell Voltage";"3.682";"V";
"63227.4634028";"[BMS] HV Battery Current";"-1.5499999999999545";"A";
"63227.5186101";"[BMS] HV Battery Current (Low)";"-1.5";"A";
"63227.5685571";"[BMS] HV Battery Current (High)";"-2.1499999999998636";"A";
"63227.6234412";"[BMS] HV Battery Temperature Sensor 1";"23";"℃";
"63227.6853422";"[BMS] HV Battery Temperature Sensor 2";"23";"℃";
"63227.7593819";"[BMS] HV Battery Temperature Sensor 3";"23";"℃";
"63227.8263745";"[BMS] HV Battery Temperature Sensor 4";"22";"℃";
"63227.8792887";"[BMS] HV Battery Intake Air Temperature";"23";"℃";
"63227.9709301";"[VCM] Traction motor temperature";"29";"℃";
"63228.0491653";"[VCM] HV Coolant Temperature";"23";"℃";
"63228.1061721";"[VCM] Target Motor Torque";"34.96875";"N⋅m";
"63228.2081291";"[VCM] Available Motor Maximum Output";"100";"%";
"63228.2760489";"[VCM] Motor RPM";"992";"rpm";
"63228.2760489";"[VCM] Motor Torque";"0.046875";"N⋅m";
"63228.3224805";"[VCM] Vehicle Speed";"12";"km/h";
"63228.4647027";"Розрахункове значення навантаження на двигун";"0";"%";
"63228.5309047";"Температура охолодної рідини";"27";"℃";
"63228.5846375";"Оберти двигуна";"0";"rpm";
"63228.5846375";"Оберти двигуна x1000";"0";"rpm";
"63228.6450412";"Температура олії у двигуні";"26";"℃";
"63228.7203061";"Пройдений шлях";"0.0778157871388889";"km";
"63228.7203061";"Пройдений шлях (Сьогодні)";"0.077816";"km";
"63228.7203061";"Пройдений шлях (Тиждень)";"0.077816";"km";
"63228.7203061";"Пройдений шлях(загальний)";"0.077816";"km";
"63228.7203061";"Середня швидкість";"3.8037653550417474";"km/h";
"63228.7203061";"Швидкість автомобіля";"12";"km/h";
"63228.7846662";"Розрахунковий наддув";"-0.01";"bar";
"63228.7846662";"Тиск у впускному колекторі (абсолютний)";"98";"kPa";
"63228.8950091";"[BMS] HV State of charge";"56";"%";
"63228.9556583";"[BMS] HV Battery voltage";"355.64";"V";
"63229.0079907";"[BMS] Max Cell Voltage";"3.69";"V";
"63229.0583018";"[BMS] Min Cell Voltage";"3.684";"V";
"63229.1231194";"[BMS] HV Battery Current";"0.650000000000091";"A";
"63229.1701562";"[BMS] HV Battery Current (Low)";"0.5";"A";
"63229.2312079";"[BMS] HV Battery Current (High)";"2.1000000000001364";"A";
"63229.2881639";"[BMS] HV Battery Temperature Sensor 1";"23";"℃";
"63229.3526436";"[BMS] HV Battery Temperature Sensor 2";"23";"℃";
"63229.4193575";"[BMS] HV Battery Temperature Sensor 3";"23";"℃";
"63229.4731466";"[BMS] HV Battery Temperature Sensor 4";"22";"℃";
"63229.5284289";"[BMS] HV Battery Intake Air Temperature";"23";"℃";
"63229.6271266";"[VCM] Traction motor temperature";"29";"℃";
"63229.6793091";"[VCM] HV Coolant Temperature";"23";"℃";
"63229.7357602";"[VCM] Target Motor Torque";"-52.21875";"N⋅m";
"63229.7948002";"[VCM] Available Motor Maximum Output";"100";"%";
"63229.8478609";"[VCM] Motor RPM";"-3296";"rpm";
"63229.8478609";"[VCM] Motor Torque";"-0.203125";"N⋅m";
"63229.9065154";"[VCM] Vehicle Speed";"11";"km/h";
"63229.9992781";"Розрахункове значення навантаження на двигун";"0";"%";
"63230.0739921";"Оберти двигуна";"0";"rpm";
"63230.0739921";"Оберти двигуна x1000";"0";"rpm";
"63230.1305683";"Температура олії у двигуні";"26";"℃";
"63230.1836489";"Пройдений шлях";"0.0818801821388889";"km";
"63230.1836489";"Пройдений шлях (Сьогодні)";"0.08188";"km";
"63230.1836489";"Пройдений шлях (Тиждень)";"0.08188";"km";
"63230.1836489";"Пройдений шлях(загальний)";"0.08188";"km";
"63230.1836489";"Середня швидкість";"3.924470571966855";"km/h";
"63230.1836489";"Швидкість автомобіля";"10";"km/h";
"63230.2193812";"Розрахунковий наддув";"-0.01";"bar";
"63230.2193812";"Тиск у впускному колекторі (абсолютний)";"98";"kPa";
"63230.3349522";"[BMS] HV State of charge";"56";"%";
"63230.3871453";"[BMS] HV Battery voltage";"358.06";"V";
"63230.4506468";"[BMS] Max Cell Voltage";"3.703";"V";
"63230.50292";"[BMS] Min Cell Voltage";"3.695";"V";
"63230.6392545";"[BMS] HV Battery Current";"3.8500000000001364";"A";
"63230.6923044";"[BMS] HV Battery Current (Low)";"3.3500000000001364";"A";
"63230.7588438";"[BMS] HV Battery Current (High)";"3.400000000000091";"A";
"63230.8116856";"[BMS] HV Battery Temperature Sensor 1";"23";"℃";
"63230.8641265";"[BMS] HV Battery Temperature Sensor 2";"23";"℃";
"63230.9181401";"[BMS] HV Battery Temperature Sensor 3";"23";"℃";
"63230.9782489";"[BMS] HV Battery Temperature Sensor 4";"22";"℃";
"63231.0376835";"[BMS] HV Battery Intake Air Temperature";"23";"℃";
"63231.125025";"[VCM] Traction motor temperature";"29";"℃";
"63231.1809986";"[VCM] HV Coolant Temperature";"23";"℃";
"63231.247745";"[VCM] Target Motor Torque";"-25.71875";"N⋅m";
"63231.2959412";"[VCM] Available Motor Maximum Output";"13";"%";
"63231.3547755";"[VCM] Motor RPM";"-1696";"rpm";
"63231.3547755";"[VCM] Motor Torque";"-0.109375";"N⋅m";
"63231.4095256";"[VCM] Vehicle Speed";"7";"km/h";
"63231.5983062";"Розрахункове значення навантаження на двигун";"0";"%";
"63231.672588";"Температура охолодної рідини";"27";"℃";
"63231.7102129";"Оберти двигуна";"0";"rpm";
"63231.7102129";"Оберти двигуна x1000";"0";"rpm";
"63231.7748342";"Температура олії у двигуні";"26";"℃";
"63231.8227126";"Пройдений шлях";"0.08415668061111112";"km";
"63231.8227126";"Пройдений шлях (Сьогодні)";"0.084156";"km";
"63231.8227126";"Пройдений шлях (Тиждень)";"0.084156";"km";
"63231.8227126";"Пройдений шлях(загальний)";"0.084156";"km";
"63231.8227126";"Середня швидкість";"3.947439809341206";"km/h";
"63231.8227126";"Швидкість автомобіля";"5";"km/h";
"63231.8948226";"Розрахунковий наддув";"-0.01";"bar";
"63231.8948226";"Тиск у впускному колекторі (абсолютний)";"98";"kPa";
"63232.0065226";"[BMS] HV State of charge";"56";"%";
"63232.0673467";"[BMS] HV Battery voltage";"357.09000000000003";"V";
"63232.1185075";"[BMS] Max Cell Voltage";"3.7";"V";
"63232.1787288";"[BMS] Min Cell Voltage";"3.687";"V";
"63232.2674652";"[BMS] HV Battery Current";"-0.75";"A";
"63232.315968";"[BMS] HV Battery Current (Low)";"-0.849999999999909";"A";
"63232.3516554";"[BMS] HV Battery Current (High)";"-0.6499999999998636";"A";
"63232.4142754";"[BMS] HV Battery Temperature Sensor 1";"23";"℃";
"63232.4677842";"[BMS] HV Battery Temperature Sensor 2";"23";"℃";
"63232.5272934";"[BMS] HV Battery Temperature Sensor 3";"23";"℃";
"63232.5744753";"[BMS] HV Battery Temperature Sensor 4";"22";"℃";
"63232.6357057";"[BMS] HV Battery Intake Air Temperature";"23";"℃";
"63232.752018";"[VCM] Traction motor temperature";"29";"℃";
"63232.827507";"[VCM] HV Coolant Temperature";"23";"℃";
"63232.8878947";"[VCM] Target Motor Torque";"0";"N⋅m";
"63232.9396382";"[VCM] Available Motor Maximum Output";"13";"%";
"63232.9947243";"[VCM] Motor RPM";"0";"rpm";
"63232.9947243";"[VCM] Motor Torque";"0";"N⋅m";
"63233.031137";"[VCM] Vehicle Speed";"2";"km/h";
"63233.1481114";"Розрахункове значення навантаження на двигун";"0";"%";
"63233.2118115";"Оберти двигуна";"0";"rpm";
"63233.2118115";"Оберти двигуна x1000";"0";"rpm";
"63233.275588";"Температура олії у двигуні";"26";"℃";
"63233.3271475";"Прискорення";"-0.04519365121464802";"g";
"63233.3271475";"Пройдений шлях";"0.08415668061111112";"km";
"63233.3271475";"Пройдений шлях (Сьогодні)";"0.084156";"km";
"63233.3271475";"Пройдений шлях (Тиждень)";"0.084156";"km";
"63233.3271475";"Пройдений шлях(загальний)";"0.084156";"km";
"63233.3271475";"Середня швидкість";"3.8715502360504224";"km/h";
"63233.3271475";"Швидкість автомобіля";"0";"km/h";
"63233.4157238";"Розрахунковий наддув";"-0.01";"bar";
"63233.4157238";"Тиск у впускному колекторі (абсолютний)";"98";"kPa";
"63233.5019849";"[BMS] HV State of charge";"56";"%";
"63233.5627238";"[BMS] HV Battery voltage";"355.48";"V";
"63233.6153092";"[BMS] Max Cell Voltage";"3.693";"V";
"63233.6783107";"[BMS] Min Cell Voltage";"3.687";"V";
"63233.731048";"[BMS] HV Battery Current";"-1.5499999999999545";"A";
"63233.78433";"[BMS] HV Battery Current (Low)";"-1.449999999999818";"A";
"63233.8462256";"[BMS] HV Battery Current (High)";"-1.5";"A";
"63233.9080705";"[BMS] HV Battery Temperature Sensor 1";"23";"℃";
"63233.9949116";"[BMS] HV Battery Temperature Sensor 2";"23";"℃";
"63234.0724599";"[BMS] HV Battery Temperature Sensor 3";"23";"℃";
"63234.1238565";"[BMS] HV Battery Temperature Sensor 4";"22";"℃";
"63234.1818263";"[BMS] HV Battery Intake Air Temperature";"23";"℃";
"63234.2591174";"[VCM] Traction motor temperature";"29";"℃";
"63234.3184474";"[VCM] HV Coolant Temperature";"23";"℃";
"63234.3726733";"[VCM] Target Motor Torque";"0";"N⋅m";
"63234.4505874";"[VCM] Available Motor Maximum Output";"100";"%";
"63234.5103413";"[VCM] Motor RPM";"64";"rpm";
"63234.5103413";"[VCM] Motor Torque";"0";"N⋅m";
"63234.6002695";"[VCM] Vehicle Speed";"0";"km/h";
"63234.7280607";"Розрахункове значення навантаження на двигун";"0";"%";
"63234.7916918";"Температура охолодної рідини";"27";"℃";
"63234.8557459";"Оберти двигуна";"0";"rpm";
"63234.8557459";"Оберти двигуна x1000";"0";"rpm";
"63234.9121734";"Температура олії у двигуні";"26";"℃";
"63234.9643349";"Прискорення";"-0.054436873245359806";"g";
"63234.9643349";"Пройдений шлях";"0.08415668061111112";"km";
"63234.9643349";"Пройдений шлях (Сьогодні)";"0.084156";"km";
"63234.9643349";"Пройдений шлях (Тиждень)";"0.084156";"km";
"63234.9643349";"Пройдений шлях(загальний)";"0.084156";"km";
"63234.9643349";"Середня швидкість";"3.792209084192523";"km/h";
"63234.9643349";"Швидкість автомобіля";"0";"km/h";
"63235.0312529";"Розрахунковий наддув";"-0.01";"bar";
"63235.0312529";"Тиск у впускному колекторі (абсолютний)";"98";"kPa";
"63235.172114";"[BMS] HV State of charge";"56";"%";
"63235.2164651";"[BMS] HV Battery voltage";"355.48";"V";
"63235.2791322";"[BMS] Max Cell Voltage";"3.692";"V";
"63235.3200404";"[BMS] Min Cell Voltage";"3.685";"V";
"63235.3836969";"[BMS] HV Battery Current";"-1.5";"A";
"63235.4390112";"[BMS] HV Battery Current (Low)";"-1.599999999999909";"A";
"63235.4871887";"[BMS] HV Battery Current (High)";"-1.5";"A";
"63235.5403219";"[BMS] HV Battery Temperature Sensor 1";"23";"℃";
"63235.5920859";"[BMS] HV Battery Temperature Sensor 2";"23";"℃";
"63235.6554194";"[BMS] HV Battery Temperature Sensor 3";"23";"℃";
"63235.7545885";"[BMS] HV Battery Temperature Sensor 4";"22";"℃";
"63235.8074516";"[BMS] HV Battery Intake Air Temperature";"23";"℃";
"63235.924609";"[VCM] Traction motor temperature";"29";"℃";
"63235.9806214";"[VCM] HV Coolant Temperature";"23";"℃";
"63236.0361691";"[VCM] Target Motor Torque";"0";"N⋅m";
"63236.0920025";"[VCM] Available Motor Maximum Output";"13";"%";
"63236.1449251";"[VCM] Motor RPM";"0";"rpm";
"63236.1449251";"[VCM] Motor Torque";"0";"N⋅m";
"63236.2067522";"[VCM] Vehicle Speed";"0";"km/h";
"63236.3398405";"Розрахункове значення навантаження на двигун";"0";"%";
"63236.4029699";"Оберти двигуна";"0";"rpm";
"63236.4029699";"Оберти двигуна x1000";"0";"rpm";
"63236.4599045";"Температура олії у двигуні";"26";"℃";
"63236.5193542";"Прискорення";"-0.04470765134940542";"g";
"63236.5193542";"Пройдений шлях";"0.08415668061111112";"km";
"63236.5193542";"Пройдений шлях (Сьогодні)";"0.084156";"km";
"63236.5193542";"Пройдений шлях (Тиждень)";"0.084156";"km";
"63236.5193542";"Пройдений шлях(загальний)";"0.084156";"km";
"63236.5193542";"Середня швидкість";"3.7197977809605782";"km/h";
"63236.5193542";"Швидкість автомобіля";"0";"km/h";
"63236.5883377";"Розрахунковий наддув";"-0.01";"bar";
"63236.5883377";"Тиск у впускному колекторі (абсолютний)";"98";"kPa";
"63236.7039046";"[BMS] HV State of charge";"56";"%";
"63236.7589586";"[BMS] HV Battery voltage";"356.13";"V";
"63236.8242559";"[BMS] Max Cell Voltage";"3.691";"V";
"63236.8763427";"[BMS] Min Cell Voltage";"3.685";"V";
"63236.9453308";"[BMS] HV Battery Current";"-1.5499999999999545";"A";
"63237.0117717";"[BMS] HV Battery Current (Low)";"-1.3999999999998636";"A";
"63237.0627044";"[BMS] HV Battery Current (High)";"-1.2999999999999545";"A";
"63237.1307497";"[BMS] HV Battery Temperature Sensor 1";"23";"℃";
"63237.1911568";"[BMS] HV Battery Temperature Sensor 2";"23";"℃";
"63237.242698";"[BMS] HV Battery Temperature Sensor 3";"23";"℃";
"63237.3003232";"[BMS] HV Battery Temperature Sensor 4";"22";"℃";
"63237.3650545";"[BMS] HV Battery Intake Air Temperature";"23";"℃";
"63237.5069566";"[VCM] Traction motor temperature";"29";"℃";
"63237.5601131";"[VCM] HV Coolant Temperature";"23";"℃";
"63237.5986423";"[VCM] Target Motor Torque";"0";"N⋅m";
"63237.6545957";"[VCM] Available Motor Maximum Output";"13";"%";
"63237.708176";"[VCM] Motor RPM";"0";"rpm";
"63237.708176";"[VCM] Motor Torque";"0";"N⋅m";
"63237.772444";"[VCM] Vehicle Speed";"0";"km/h";
"63237.8908736";"Розрахункове значення навантаження на двигун";"0";"%";
"63237.9516738";"Температура охолодної рідини";"27";"℃";
"63238.0153153";"Оберти двигуна";"0";"rpm";
"63238.0153153";"Оберти двигуна x1000";"0";"rpm";
"63238.0959258";"Температура олії у двигуні";"26";"℃";
"63238.1510669";"Прискорення";"-0.022379791820835635";"g";
"63238.1510669";"Пройдений шлях";"0.08415668061111112";"km";
"63238.1510669";"Пройдений шлях (Сьогодні)";"0.084156";"km";
"63238.1510669";"Пройдений шлях (Тиждень)";"0.084156";"km";
"63238.1510669";"Пройдений шлях(загальний)";"0.084156";"km";
"63238.1510669";"Середня швидкість";"3.6467459472872594";"km/h";
"63238.1510669";"Швидкість автомобіля";"0";"km/h";
"63238.2065127";"Розрахунковий наддув";"-0.01";"bar";
"63238.2065127";"Тиск у впускному колекторі (абсолютний)";"98";"kPa";
"63238.3323187";"[BMS] HV State of charge";"56";"%";
"63238.3833568";"[BMS] HV Battery voltage";"356.93";"V";
"63238.4479801";"[BMS] Max Cell Voltage";"3.696";"V";
"63238.5160922";"[BMS] Min Cell Voltage";"3.685";"V";
"63238.5665065";"[BMS] HV Battery Current";"-1.3999999999998636";"A";
"63238.6761417";"[BMS] HV Battery Current (Low)";"-1.449999999999818";"A";
"63238.7263144";"[BMS] HV Battery Current (High)";"-2.1499999999998636";"A";
"63238.7870729";"[BMS] HV Battery Temperature Sensor 1";"23";"℃";
"63238.8349793";"[BMS] HV Battery Temperature Sensor 2";"23";"℃";
"63238.9022057";"[BMS] HV Battery Temperature Sensor 3";"23";"℃";
"63238.9498887";"[BMS] HV Battery Temperature Sensor 4";"22";"℃";
"63239.0099739";"[BMS] HV Battery Intake Air Temperature";"23";"℃";
"63239.11909";"[VCM] Traction motor temperature";"29";"℃";
"63239.1801724";"[VCM] HV Coolant Temperature";"23";"℃";
"63239.2549632";"[VCM] Target Motor Torque";"68.53125";"N⋅m";
"63239.2913873";"[VCM] Available Motor Maximum Output";"13";"%";
"63239.35123";"[VCM] Motor RPM";"5024";"rpm";
"63239.35123";"[VCM] Motor Torque";"0.296875";"N⋅m";
"63239.4026116";"[VCM] Vehicle Speed";"1";"km/h";
"63239.5220317";"Розрахункове значення навантаження на двигун";"0";"%";
"63239.607659";"Оберти двигуна";"0";"rpm";
"63239.607659";"Оберти двигуна x1000";"0";"rpm";
"63239.670911";"Температура олії у двигуні";"26";"℃";
"63239.7323114";"Прискорення";"0";"g";
"63239.7323114";"Пройдений шлях";"0.08415668061111112";"km";
"63239.7323114";"Пройдений шлях (Сьогодні)";"0.084156";"km";
"63239.7323114";"Пройдений шлях (Тиждень)";"0.084156";"km";
"63239.7323114";"Пройдений шлях(загальний)";"0.084156";"km";
"63239.7323114";"Середня швидкість";"3.578634032247423";"km/h";
"63239.7323114";"Швидкість автомобіля";"0";"km/h";
"63239.7954367";"Розрахунковий наддув";"-0.01";"bar";
"63239.7954367";"Тиск у впускному колекторі (абсолютний)";"98";"kPa";
"63239.9027351";"[BMS] HV State of charge";"56";"%";
"63239.9521108";"[BMS] HV Battery voltage";"355.16";"V";
"63240.0034216";"[BMS] Max Cell Voltage";"3.671";"V";
"63240.0433717";"[BMS] Min Cell Voltage";"3.665";"V";
"63240.0958293";"[BMS] HV Battery Current";"-16.59999999999991";"A";
"63240.1352385";"[BMS] HV Battery Current (Low)";"-16.199999999999818";"A";
"63240.1867624";"[BMS] HV Battery Current (High)";"-16.25";"A";
"63240.24631";"[BMS] HV Battery Temperature Sensor 1";"23";"℃";
"63240.3064765";"[BMS] HV Battery Temperature Sensor 2";"23";"℃";
"63240.3681135";"[BMS] HV Battery Temperature Sensor 3";"23";"℃";
"63240.4553716";"[BMS] HV Battery Temperature Sensor 4";"22";"℃";
"63240.5161383";"[BMS] HV Battery Intake Air Temperature";"23";"℃";
"63240.6188596";"[VCM] Traction motor temperature";"29";"℃";
"63240.6729359";"[VCM] HV Coolant Temperature";"23";"℃";
"63240.722739";"[VCM] Target Motor Torque";"72.234375";"N⋅m";
"63240.7838814";"[VCM] Available Motor Maximum Output";"13";"%";
"63240.8584454";"[VCM] Motor RPM";"4448";"rpm";
"63240.8584454";"[VCM] Motor Torque";"0.265625";"N⋅m";
"63240.9122975";"[VCM] Vehicle Speed";"8";"km/h";
"63241.0466545";"Розрахункове значення навантаження на двигун";"0";"%";
"63241.1079113";"Температура охолодної рідини";"27";"℃";
"63241.1624938";"Оберти двигуна";"0";"rpm";
"63241.1624938";"Оберти двигуна x1000";"0";"rpm";
"63241.2019222";"Температура олії у двигуні";"26";"℃";
"63241.26401";"Прискорення";"0.03597068091400207";"g";
"63241.26401";"Пройдений шлях";"0.0875605395";"km";
"63241.26401";"Пройдений шлях (Сьогодні)";"0.08756";"km";
"63241.26401";"Пройдений шлях (Тиждень)";"0.08756";"km";
"63241.26401";"Пройдений шлях(загальний)";"0.08756";"km";
"63241.26401";"Середня швидкість";"3.657208105884693";"km/h";
"63241.26401";"Швидкість автомобіля";"8";"km/h";
"63241.3189475";"Розрахунковий наддув";"-0.01";"bar";
"63241.3189475";"Тиск у впускному колекторі (абсолютний)";"98";"kPa";
"63241.4280664";"[BMS] HV State of charge";"55.5";"%";
"63241.4921165";"[BMS] HV Battery voltage";"354.36";"V";
"63241.5446257";"[BMS] Max Cell Voltage";"3.674";"V";
"63241.6361277";"[BMS] Min Cell Voltage";"3.662";"V";
"63241.6921392";"[BMS] HV Battery Current";"-16.449999999999818";"A";
"63241.7470875";"[BMS] HV Battery Current (Low)";"-17.549999999999955";"A";
"63241.8164667";"[BMS] HV Battery Current (High)";"-17.34999999999991";"A";
"63241.8800952";"[BMS] HV Battery Temperature Sensor 1";"23";"℃";
"63241.924453";"[BMS] HV Battery Temperature Sensor 2";"23";"℃";
"63241.9638984";"[BMS] HV Battery Temperature Sensor 3";"23";"℃";
"63242.0142109";"[BMS] HV Battery Temperature Sensor 4";"22";"℃";
"63242.0725404";"[BMS] HV Battery Intake Air Temperature";"23";"℃";
"63242.2076148";"[VCM] Traction motor temperature";"29";"℃";
"63242.2785183";"[VCM] HV Coolant Temperature";"23";"℃";
"63242.3278009";"[VCM] Target Motor Torque";"48.875";"N⋅m";
"63242.38382";"[VCM] Available Motor Maximum Output";"13";"%";
"63242.4475925";"[VCM] Motor RPM";"3456";"rpm";
"63242.4475925";"[VCM] Motor Torque";"0.203125";"N⋅m";
"63242.516522";"[VCM] Vehicle Speed";"12";"km/h";
"63242.5948674";"Розрахункове значення навантаження на двигун";"0";"%";
"63242.6581517";"Оберти двигуна";"0";"rpm";
"63242.6581517";"Оберти двигуна x1000";"0";"rpm";
"63242.7181304";"Температура олії у двигуні";"26";"℃";
"63242.7998845";"Прискорення";"0.054120494303797256";"g";
"63242.7998845";"Пройдений шлях";"0.09267988283333334";"km";
"63242.7998845";"Пройдений шлях (Сьогодні)";"0.092679";"km";
"63242.7998845";"Пройдений шлях (Тиждень)";"0.092679";"km";
"63242.7998845";"Пройдений шлях(загальний)";"0.092679";"km";
"63242.7998845";"Середня швидкість";"3.803262716523476";"km/h";
"63242.7998845";"Швидкість автомобіля";"12";"km/h";
"63242.8550987";"Розрахунковий наддув";"-0.01";"bar";
"63242.8550987";"Тиск у впускному колекторі (абсолютний)";"98";"kPa";
"63242.9727373";"[BMS] HV State of charge";"55.5";"%";
"63243.0241253";"[BMS] HV Battery voltage";"349.37";"V";
"63243.086898";"[BMS] Max Cell Voltage";"3.644";"V";
"63243.1419383";"[BMS] Min Cell Voltage";"3.635";"V";
"63243.1954658";"[BMS] HV Battery Current";"-32.94999999999982";"A";
"63243.2774273";"[BMS] HV Battery Current (Low)";"-1600";"A";
"63243.3514598";"[BMS] HV Battery Current (High)";"-29.09999999999991";"A";
"63243.4202097";"[BMS] HV Battery Temperature Sensor 1";"23";"℃";
"63243.4756262";"[BMS] HV Battery Temperature Sensor 2";"23";"℃";
"63243.5336216";"[BMS] HV Battery Temperature Sensor 3";"23";"℃";
"63243.5908158";"[BMS] HV Battery Temperature Sensor 4";"22";"℃";
"63243.6504623";"[BMS] HV Battery Intake Air Temperature";"23";"℃";
"63243.7632173";"[VCM] Traction motor temperature";"29";"℃";
"63243.8265329";"[VCM] HV Coolant Temperature";"23";"℃";
"63243.8726806";"[VCM] Target Motor Torque";"-6.9375";"N⋅m";
"63243.9614718";"[VCM] Available Motor Maximum Output";"100";"%";
"63244.0243905";"[VCM] Motor RPM";"-352";"rpm";
"63244.0243905";"[VCM] Motor Torque";"-0.03125";"N⋅m";
"63244.0760259";"[VCM] Vehicle Speed";"17";"km/h";
"63244.1865667";"Розрахункове значення навантаження на двигун";"0";"%";
"63244.250775";"Температура охолодної рідини";"27";"℃";
"63244.3067857";"Оберти двигуна";"0";"rpm";
"63244.3067857";"Оберти двигуна x1000";"0";"rpm";
"63244.3551258";"Температура олії у двигуні";"26";"℃";
"63244.4237842";"Прискорення";"0.07225053897582283";"g";
"63244.4237842";"Пройдений шлях";"0.09989721572222222";"km";
"63244.4237842";"Пройдений шлях (Сьогодні)";"0.099896";"km";
"63244.4237842";"Пройдений шлях (Тиждень)";"0.099896";"km";
"63244.4237842";"Пройдений шлях(загальний)";"0.099896";"km";
"63244.4237842";"Середня швидкість";"4.024932037591719";"km/h";
"63244.4237842";"Швидкість автомобіля";"16";"km/h";
"63244.5301599";"Розрахунковий наддув";"-0.01";"bar";
"63244.5301599";"Тиск у впускному колекторі (абсолютний)";"98";"kPa";
"63244.6187102";"[BMS] HV State of charge";"55.5";"%";
"63244.690653";"[BMS] HV Battery voltage";"354.2";"V";
"63244.7433509";"[BMS] Max Cell Voltage";"3.688";"V";
"63244.8176316";"[BMS] Min Cell Voltage";"3.68";"V";
"63244.8669255";"[BMS] HV Battery Current";"2.9500000000000455";"A";
"63244.9315391";"[BMS] HV Battery Current (Low)";"2.7000000000000455";"A";
"63244.9777167";"[BMS] HV Battery Current (High)";"2.9500000000000455";"A";
"63245.0324447";"[BMS] HV Battery Temperature Sensor 1";"23";"℃";
"63245.0700733";"[BMS] HV Battery Temperature Sensor 2";"23";"℃";
"63245.1430049";"[BMS] HV Battery Temperature Sensor 3";"23";"℃";
"63245.1916228";"[BMS] HV Battery Temperature Sensor 4";"22";"℃";
"63245.2548463";"[BMS] HV Battery Intake Air Temperature";"23";"℃";
"63245.3367339";"[VCM] Traction motor temperature";"29";"℃";
"63245.4046336";"[VCM] HV Coolant Temperature";"23";"℃";
"63245.460092";"[VCM] Target Motor Torque";"6.828125";"N⋅m";
"63245.5246381";"[VCM] Available Motor Maximum Output";"100";"%";
"63245.595523";"[VCM] Motor RPM";"1088";"rpm";
"63245.595523";"[VCM] Motor Torque";"0.0625";"N⋅m";
"63245.6923794";"[VCM] Vehicle Speed";"16";"km/h";
"63245.8285763";"Розрахункове значення навантаження на двигун";"0";"%";
"63245.8795318";"Оберти двигуна";"0";"rpm";
"63245.8795318";"Оберти двигуна x1000";"0";"rpm";
"63245.9441888";"Температура олії у двигуні";"26";"℃";
"63245.998229";"Прискорення";"0.07232894440998844";"g";
"63245.998229";"Пройдений шлях";"0.10689493794444445";"km";
"63245.998229";"Пройдений шлях (Сьогодні)";"0.106894";"km";
"63245.998229";"Пройдений шлях (Тиждень)";"0.106894";"km";
"63245.998229";"Пройдений шлях(загальний)";"0.106894";"km";
"63245.998229";"Середня швидкість";"4.232296157978724";"km/h";
"63245.998229";"Швидкість автомобіля";"16";"km/h";
"63246.0555987";"Розрахунковий наддув";"-0.01";"bar";
"63246.0555987";"Тиск у впускному колекторі (абсолютний)";"98";"kPa";
"63246.1507971";"[BMS] HV State of charge";"55.5";"%";
"63246.2027996";"[BMS] HV Battery voltage";"352.1";"V";
"63246.2755196";"[BMS] Max Cell Voltage";"3.657";"V";
"63246.3269019";"[BMS] Min Cell Voltage";"3.648";"V";
"63246.3913478";"[BMS] HV Battery Current";"-36.149999999999864";"A";
"63246.4482487";"[BMS] HV Battery Current (Low)";"-1600";"A";
"63246.4998982";"[BMS] HV Battery Current (High)";"-25.25";"A";
"63246.5518945";"[BMS] HV Battery Temperature Sensor 1";"23";"℃";
"63246.6147813";"[BMS] HV Battery Temperature Sensor 2";"23";"℃";
"63246.6670277";"[BMS] HV Battery Temperature Sensor 3";"23";"℃";
"63246.7310856";"[BMS] HV Battery Temperature Sensor 4";"22";"℃";
"63246.7919284";"[BMS] HV Battery Intake Air Temperature";"23";"℃";
"63246.9242926";"[VCM] Traction motor temperature";"29";"℃";
"63246.9761459";"[VCM] HV Coolant Temperature";"23";"℃";
"63247.0321257";"[VCM] Target Motor Torque";"45.734375";"N⋅m";
"63247.0839243";"[VCM] Available Motor Maximum Output";"100";"%";
"63247.1483354";"[VCM] Motor RPM";"3168";"rpm";
"63247.1483354";"[VCM] Motor Torque";"0.1875";"N⋅m";
"63247.2001414";"[VCM] Vehicle Speed";"20";"km/h";
"63247.3404637";"Розрахункове значення навантаження на двигун";"0";"%";
"63247.3916436";"Температура охолодної рідини";"27";"℃";
"63247.4810583";"Оберти двигуна";"0";"rpm";
"63247.4810583";"Оберти двигуна x1000";"0";"rpm";
"63247.5224116";"Температура олії у двигуні";"26";"℃";
"63247.5547496";"Прискорення";"0.054032661648556565";"g";
"63247.5547496";"Пройдений шлях";"0.11554226905555556";"km";
"63247.5547496";"Пройдений шлях (Сьогодні)";"0.115541";"km";
"63247.5547496";"Пройдений шлях (Тиждень)";"0.115541";"km";
"63247.5547496";"Пройдений шлях(загальний)";"0.115541";"km";
"63247.5547496";"Середня швидкість";"4.497675929044996";"km/h";
"63247.5547496";"Швидкість автомобіля";"20";"km/h";
"63247.6231528";"Розрахунковий наддув";"-0.01";"bar";
"63247.6231528";"Тиск у впускному колекторі (абсолютний)";"98";"kPa";
"63247.7344785";"[BMS] HV State of charge";"55";"%";
"63247.7853738";"[BMS] HV Battery voltage";"350.49";"V";
"63247.8395895";"[BMS] Max Cell Voltage";"3.62";"V";
"63247.903454";"[BMS] Min Cell Voltage";"3.611";"V";
"63247.9601674";"[BMS] HV Battery Current";"-44.899999999999864";"A";
"63248.0438375";"[BMS] HV Battery Current (Low)";"-1600";"A";
"63248.0839782";"[BMS] HV Battery Current (High)";"-44.69999999999982";"A";
"63248.1534949";"[BMS] HV Battery Temperature Sensor 1";"23";"℃";
"63248.2067314";"[BMS] HV Battery Temperature Sensor 2";"23";"℃";
"63248.2529646";"[BMS] HV Battery Temperature Sensor 3";"23";"℃";
"63248.3150949";"[BMS] HV Battery Temperature Sensor 4";"22";"℃";
"63248.3716054";"[BMS] HV Battery Intake Air Temperature";"23";"℃";
"63248.479602";"[VCM] Traction motor temperature";"29";"℃";
"63248.560206";"[VCM] HV Coolant Temperature";"23";"℃";
"63248.651937";"[VCM] Target Motor Torque";"61.109375";"N⋅m";
"63248.7054284";"[VCM] Available Motor Maximum Output";"13";"%";
"63248.767187";"[VCM] Motor RPM";"3968";"rpm";
"63248.767187";"[VCM] Motor Torque";"0.234375";"N⋅m";
"63248.821191";"[VCM] Vehicle Speed";"26";"km/h";
"63248.9352706";"Розрахункове значення навантаження на двигун";"0";"%";
"63248.9897557";"Оберти двигуна";"0";"rpm";
"63248.9897557";"Оберти двигуна x1000";"0";"rpm";
"63249.0561367";"Температура олії у двигуні";"26";"℃";
"63249.1068627";"Прискорення";"0.0628758008148771";"g";
"63249.1068627";"Пройдений шлях";"0.1267520795";"km";
"63249.1068627";"Пройдений шлях (Сьогодні)";"0.126751";"km";
"63249.1068627";"Пройдений шлях (Тиждень)";"0.126751";"km";
"63249.1068627";"Пройдений шлях(загальний)";"0.126751";"km";
"63249.1068627";"Середня швидкість";"4.8525949480844615";"km/h";
"63249.1068627";"Швидкість автомобіля";"26";"km/h";
"63249.1679036";"Розрахунковий наддув";"-0.01";"bar";
"63249.1679036";"Тиск у впускному колекторі (абсолютний)";"98";"kPa";
"63249.2865433";"[BMS] HV State of charge";"54.5";"%";
"63249.3395676";"[BMS] HV Battery voltage";"349.2";"V";
"63249.3986142";"[BMS] Max Cell Voltage";"3.634";"V";
"63249.4494664";"[BMS] Min Cell Voltage";"3.627";"V";
"63249.5027349";"[BMS] HV Battery Current";"-25";"A";
"63249.5678952";"[BMS] HV Battery Current (Low)";"-24.199999999999818";"A";
"63249.6220047";"[BMS] HV Battery Current (High)";"-22.449999999999818";"A";
"63249.6826818";"[BMS] HV Battery Temperature Sensor 1";"23";"℃";
"63249.7318431";"[BMS] HV Battery Temperature Sensor 2";"23";"℃";
"63249.8077968";"[BMS] HV Battery Temperature Sensor 3";"23";"℃";
"63249.8641571";"[BMS] HV Battery Temperature Sensor 4";"22";"℃";
"63249.9154804";"[BMS] HV Battery Intake Air Temperature";"23";"℃";
"63250.0308088";"[VCM] Traction motor temperature";"29";"℃";
"63250.0878305";"[VCM] HV Coolant Temperature";"23";"℃";
"63250.1479224";"[VCM] Target Motor Torque";"-12.3125";"N⋅m";
"63250.1988942";"[VCM] Available Motor Maximum Output";"100";"%";
"63250.2602693";"[VCM] Motor RPM";"-800";"rpm";
"63250.2602693";"[VCM] Motor Torque";"-0.0625";"N⋅m";
"63250.3106158";"[VCM] Vehicle Speed";"28";"km/h";
"63250.4601995";"Розрахункове значення навантаження на двигун";"0";"%";
"63250.5271317";"Температура охолодної рідини";"27";"℃";
"63250.5827188";"Оберти двигуна";"0";"rpm";
"63250.5827188";"Оберти двигуна x1000";"0";"rpm";
"63250.6354655";"Температура олії у двигуні";"26";"℃";
"63250.699273";"Прискорення";"0.05416397274519494";"g";
"63250.699273";"Пройдений шлях";"0.13913736772222224";"km";
"63250.699273";"Пройдений шлях (Сьогодні)";"0.139136";"km";
"63250.699273";"Пройдений шлях (Тиждень)";"0.139136";"km";
"63250.699273";"Пройдений шлях(загальний)";"0.139136";"km";
"63250.699273";"Середня швидкість";"5.238052406991343";"km/h";
"63250.699273";"Швидкість автомобіля";"28";"km/h";
"63250.7511051";"Розрахунковий наддув";"-0.01";"bar";
"63250.7511051";"Тиск у впускному колекторі (абсолютний)";"98";"kPa";
"63250.8397852";"[BMS] HV State of charge";"54.5";"%";
"63250.9044414";"[BMS] HV Battery voltage";"353.55";"V";
"63250.9983121";"[BMS] Max Cell Voltage";"3.691";"V";
"63251.0562143";"[BMS] Min Cell Voltage";"3.678";"V";
"63251.1186332";"[BMS] HV Battery Current";"11.25";"A";
"63251.1747742";"[BMS] HV Battery Current (Low)";"10.700000000000045";"A";
"63251.2274686";"[BMS] HV Battery Current (High)";"11.100000000000136";"A";
"63251.2956754";"[BMS] HV Battery Temperature Sensor 1";"23";"℃";
"63251.3395705";"[BMS] HV Battery Temperature Sensor 2";"23";"℃";
"63251.4043616";"[BMS] HV Battery Temperature Sensor 3";"23";"℃";
"63251.455679";"[BMS] HV Battery Temperature Sensor 4";"22";"℃";
"63251.5371941";"[BMS] HV Battery Intake Air Temperature";"23";"℃";
"63251.656466";"[VCM] Traction motor temperature";"30";"℃";
"63251.7154303";"[VCM] HV Coolant Temperature";"23";"℃";
"63251.7642824";"[VCM] Target Motor Torque";"10.65625";"N⋅m";
"63251.8202417";"[VCM] Available Motor Maximum Output";"13";"%";
"63251.8800975";"[VCM] Motor RPM";"224";"rpm";
"63251.8800975";"[VCM] Motor Torque";"0";"N⋅m";
"63251.9358242";"[VCM] Vehicle Speed";"28";"km/h";
"63252.0518677";"Розрахункове значення навантаження на двигун";"0";"%";
"63252.1281428";"Оберти двигуна";"0";"rpm";
"63252.1281428";"Оберти двигуна x1000";"0";"rpm";
"63252.1917027";"Температура олії у двигуні";"26";"℃";
"63252.2430917";"Пройдений шлях";"0.15071597047222224";"km";
"63252.2430917";"Пройдений шлях (Сьогодні)";"0.150715";"km";
"63252.2430917";"Пройдений шлях (Тиждень)";"0.150715";"km";
"63252.2430917";"Пройдений шлях(загальний)";"0.150715";"km";
"63252.2430917";"Середня швидкість";"5.583801327813878";"km/h";
"63252.2430917";"Швидкість автомобіля";"27";"km/h";
"63252.2971409";"Розрахунковий наддув";"-0.01";"bar";
"63252.2971409";"Тиск у впускному колекторі (абсолютний)";"98";"kPa";
"63252.4246075";"[BMS] HV State of charge";"54.5";"%";
"63252.4923562";"[BMS] HV Battery voltage";"354.03000000000003";"V";
"63252.5362303";"[BMS] Max Cell Voltage";"3.694";"V";
"63252.600723";"[BMS] Min Cell Voltage";"3.683";"V";
"63252.7410406";"[BMS] HV Battery Current";"9.800000000000182";"A";
"63252.7907456";"[BMS] HV Battery Current (Low)";"10.150000000000091";"A";
"63252.8570228";"[BMS] HV Battery Current (High)";"10.850000000000136";"A";
"63252.9074055";"[BMS] HV Battery Temperature Sensor 1";"23";"℃";
"63252.9715761";"[BMS] HV Battery Temperature Sensor 2";"23";"℃";
"63253.0244539";"[BMS] HV Battery Temperature Sensor 3";"23";"℃";
"63253.0750543";"[BMS] HV Battery Temperature Sensor 4";"22";"℃";
"63253.1325684";"[BMS] HV Battery Intake Air Temperature";"23";"℃";
"63253.2438314";"[VCM] Traction motor temperature";"30";"℃";
"63253.3225676";"[VCM] HV Coolant Temperature";"23";"℃";
"63253.3821532";"[VCM] Target Motor Torque";"57.21875";"N⋅m";
"63253.4366097";"[VCM] Available Motor Maximum Output";"100";"%";
"63253.4896343";"[VCM] Motor RPM";"3648";"rpm";
"63253.4896343";"[VCM] Motor Torque";"0.21875";"N⋅m";
"63253.5500331";"[VCM] Vehicle Speed";"28";"km/h";
"63253.6871063";"Розрахункове значення навантаження на двигун";"0";"%";
"63253.7395349";"Температура охолодної рідини";"27";"℃";
"63253.7945224";"Оберти двигуна";"0";"rpm";
"63253.7945224";"Оберти двигуна x1000";"0";"rpm";
"63253.8838353";"Температура олії у двигуні";"26";"℃";
"63253.9352711";"Пройдений шлях";"0.16387732380555559";"km";
"63253.9352711";"Пройдений шлях (Сьогодні)";"0.163876";"km";
"63253.9352711";"Пройдений шлях (Тиждень)";"0.163876";"km";
"63253.9352711";"Пройдений шлях(загальний)";"0.163876";"km";
"63253.9352711";"Середня швидкість";"5.967488435946222";"km/h";
"63253.9352711";"Швидкість автомобіля";"28";"km/h";
"63253.9999525";"Розрахунковий наддув";"-0.01";"bar";
"63253.9999525";"Тиск у впускному колекторі (абсолютний)";"98";"kPa";
"63254.1156317";"[BMS] HV State of charge";"54.5";"%";
"63254.170614";"[BMS] HV Battery voltage";"352.59000000000003";"V";
"63254.2237969";"[BMS] Max Cell Voltage";"3.667";"V";
"63254.2834249";"[BMS] Min Cell Voltage";"3.661";"V";
"63254.3386321";"[BMS] HV Battery Current";"-0.849999999999909";"A";
"63254.3875288";"[BMS] HV Battery Current (Low)";"2.6000000000001364";"A";
"63254.4751491";"[BMS] HV Battery Current (High)";"5.300000000000182";"A";
"63254.5314017";"[BMS] HV Battery Temperature Sensor 1";"23";"℃";
"63254.584841";"[BMS] HV Battery Temperature Sensor 2";"23";"℃";
"63254.6498198";"[BMS] HV Battery Temperature Sensor 3";"23";"℃";
"63254.6996239";"[BMS] HV Battery Temperature Sensor 4";"22";"℃";
"63254.752059";"[BMS] HV Battery Intake Air Temperature";"23";"℃";
"63254.8461071";"[VCM] Traction motor temperature";"30";"℃";
"63254.9033045";"[VCM] HV Coolant Temperature";"23";"℃";
"63254.9715981";"[VCM] Target Motor Torque";"-0.046875";"N⋅m";
"63255.0522231";"[VCM] Available Motor Maximum Output";"13";"%";
"63255.1069329";"[VCM] Motor RPM";"-32";"rpm";
"63255.1069329";"[VCM] Motor Torque";"-0.015625";"N⋅m";
"63255.170292";"[VCM] Vehicle Speed";"29";"km/h";
"63255.2742452";"Розрахункове значення навантаження на двигун";"0";"%";
"63255.3354085";"Оберти двигуна";"0";"rpm";
"63255.3354085";"Оберти двигуна x1000";"0";"rpm";
"63255.3879405";"Температура олії у двигуні";"26";"℃";
"63255.4439072";"Пройдений шлях";"0.17603046738888892";"km";
"63255.4439072";"Пройдений шлях (Сьогодні)";"0.176029";"km";
"63255.4439072";"Пройдений шлях (Тиждень)";"0.176029";"km";
"63255.4439072";"Пройдений шлях(загальний)";"0.176029";"km";
"63255.4439072";"Середня швидкість";"6.3136885793581765";"km/h";
"63255.4439072";"Швидкість автомобіля";"29";"km/h";
"63255.4996915";"Розрахунковий наддув";"-0.01";"bar";
"63255.4996915";"Тиск у впускному колекторі (абсолютний)";"98";"kPa";
"63255.6518596";"[BMS] HV State of charge";"54.5";"%";
"63255.7040171";"[BMS] HV Battery voltage";"353.87";"V";
"63255.7667785";"[BMS] Max Cell Voltage";"3.693";"V";
"63255.8195902";"[BMS] Min Cell Voltage";"3.682";"V";
"63255.8753273";"[BMS] HV Battery Current";"10.5";"A";
"63255.9335362";"[BMS] HV Battery Current (Low)";"10.800000000000182";"A";
"63255.9957603";"[BMS] HV Battery Current (High)";"11.300000000000182";"A";
"63256.0472272";"[BMS] HV Battery Temperature Sensor 1";"23";"℃";
"63256.0951997";"[BMS] HV Battery Temperature Sensor 2";"23";"℃";
"63256.159066";"[BMS] HV Battery Temperature Sensor 3";"23";"℃";
"63256.2468411";"[BMS] HV Battery Temperature Sensor 4";"22";"℃";
"63256.2885058";"[BMS] HV Battery Intake Air Temperature";"23";"℃";
"63256.3957113";"[VCM] Traction motor temperature";"30";"℃";
"63256.4592349";"[VCM] HV Coolant Temperature";"23";"℃";
"63256.5163394";"[VCM] Target Motor Torque";"0.59375";"N⋅m";
"63256.5705054";"[VCM] Available Motor Maximum Output";"100";"%";
"63256.6234196";"[VCM] Motor RPM";"288";"rpm";
"63256.6234196";"[VCM] Motor Torque";"0.015625";"N⋅m";
"63256.679694";"[VCM] Vehicle Speed";"28";"km/h";
"63256.8147326";"Розрахункове значення навантаження на двигун";"0";"%";
"63256.8639348";"Температура охолодної рідини";"27";"℃";
"63256.9275444";"Оберти двигуна";"0";"rpm";
"63256.9275444";"Оберти двигуна x1000";"0";"rpm";
"63256.9800663";"Температура олії у двигуні";"26";"℃";
"63257.0364236";"Пройдений шлях";"0.1884168771666667";"km";
"63257.0364236";"Пройдений шлях (Сьогодні)";"0.188415";"km";
"63257.0364236";"Пройдений шлях (Тиждень)";"0.188415";"km";
"63257.0364236";"Пройдений шлях(загальний)";"0.188415";"km";
"63257.0364236";"Середня швидкість";"6.6524014917474386";"km/h";
"63257.0364236";"Швидкість автомобіля";"28";"km/h";
"63257.0992601";"Розрахунковий наддув";"-0.01";"bar";
"63257.0992601";"Тиск у впускному колекторі (абсолютний)";"98";"kPa";
"63257.2144581";"[BMS] HV State of charge";"54.5";"%";
"63257.2637941";"[BMS] HV Battery voltage";"354.03000000000003";"V";
"63257.3210059";"[BMS] Max Cell Voltage";"3.676";"V";
"63257.4121288";"[BMS] Min Cell Voltage";"3.668";"V";
"63257.4639013";"[BMS] HV Battery Current";"2.75";"A";
"63257.5263226";"[BMS] HV Battery Current (Low)";"5.2000000000000455";"A";
"63257.5831121";"[BMS] HV Battery Current (High)";"7.25";"A";
"63257.639182";"[BMS] HV Battery Temperature Sensor 1";"23";"℃";
"63257.7009213";"[BMS] HV Battery Temperature Sensor 2";"23";"℃";
"63257.7515139";"[BMS] HV Battery Temperature Sensor 3";"23";"℃";
"63257.8032937";"[BMS] HV Battery Temperature Sensor 4";"22";"℃";
"63257.8675918";"[BMS] HV Battery Intake Air Temperature";"23";"℃";
"63258.0064348";"[VCM] Traction motor temperature";"30";"℃";
"63258.0590597";"[VCM] HV Coolant Temperature";"23";"℃";
"63258.1159536";"[VCM] Target Motor Torque";"74.25";"N⋅m";
"63258.1791003";"[VCM] Available Motor Maximum Output";"13";"%";
"63258.2314486";"[VCM] Motor RPM";"4896";"rpm";
"63258.2314486";"[VCM] Motor Torque";"0.296875";"N⋅m";
"63258.2839921";"[VCM] Vehicle Speed";"30";"km/h";
"63258.4179158";"Розрахункове значення навантаження на двигун";"0";"%";
"63258.4648967";"Оберти двигуна";"0";"rpm";
"63258.4648967";"Оберти двигуна x1000";"0";"rpm";
"63258.5202327";"Температура олії у двигуні";"26";"℃";
"63258.5906204";"Пройдений шлях";"0.20136800883333336";"km";
"63258.5906204";"Пройдений шлях (Сьогодні)";"0.201366";"km";
"63258.5906204";"Пройдений шлях (Тиждень)";"0.201366";"km";
"63258.5906204";"Пройдений шлях(загальний)";"0.201366";"km";
"63258.5906204";"Середня швидкість";"7.00292545038607";"km/h";
"63258.5906204";"Швидкість автомобіля";"30";"km/h";
"63258.6480144";"Розрахунковий наддув";"-0.01";"bar";
"63258.6480144";"Тиск у впускному колекторі (абсолютний)";"98";"kPa";
"63258.777432";"[BMS] HV State of charge";"54.5";"%";
"63258.8272239";"[BMS] HV Battery voltage";"352.26";"V";
"63258.8839518";"[BMS] Max Cell Voltage";"3.661";"V";
"63258.9363463";"[BMS] Min Cell Voltage";"3.659";"V";
"63258.9994775";"[BMS] HV Battery Current";"-0.849999999999909";"A";
"63259.0512744";"[BMS] HV Battery Current (Low)";"3.75";"A";
"63259.1171898";"[BMS] HV Battery Current (High)";"7.25";"A";
"63259.1798475";"[BMS] HV Battery Temperature Sensor 1";"23";"℃";
"63259.2360609";"[BMS] HV Battery Temperature Sensor 2";"23";"℃";
"63259.2994568";"[BMS] HV Battery Temperature Sensor 3";"23";"℃";
"63259.3467342";"[BMS] HV Battery Temperature Sensor 4";"22";"℃";
"63259.4030629";"[BMS] HV Battery Intake Air Temperature";"23";"℃";
"63259.5239568";"[VCM] Traction motor temperature";"30";"℃";
"63259.5748932";"[VCM] HV Coolant Temperature";"23";"℃";
"63259.6295985";"[VCM] Target Motor Torque";"-67.765625";"N⋅m";
"63259.691079";"[VCM] Available Motor Maximum Output";"100";"%";
"63259.7587958";"[VCM] Motor RPM";"-5376";"rpm";
"63259.7587958";"[VCM] Motor Torque";"-0.328125";"N⋅m";
"63259.8143419";"[VCM] Vehicle Speed";"31";"km/h";
"63259.9355619";"Розрахункове значення навантаження на двигун";"0";"%";
"63260.0014504";"Температура охолодної рідини";"27";"℃";
"63260.0790421";"Оберти двигуна";"0";"rpm";
"63260.0790421";"Оберти двигуна x1000";"0";"rpm";
"63260.1353164";"Температура олії у двигуні";"26";"℃";
"63260.197664";"Пройдений шлях";"0.21431373450000002";"km";
"63260.197664";"Пройдений шлях (Сьогодні)";"0.214312";"km";
"63260.197664";"Пройдений шлях (Тиждень)";"0.214312";"km";
"63260.197664";"Пройдений шлях(загальний)";"0.214312";"km";
"63260.197664";"Середня швидкість";"7.339198415487676";"km/h";
"63260.197664";"Швидкість автомобіля";"29";"km/h";
"63260.2674544";"Розрахунковий наддув";"-0.01";"bar";
"63260.2674544";"Тиск у впускному колекторі (абсолютний)";"98";"kPa";
"63260.4025996";"[BMS] HV State of charge";"54.5";"%";
"63260.453134";"[BMS] HV Battery voltage";"364.34000000000003";"V";
"63260.5085729";"[BMS] Max Cell Voltage";"3.783";"V";
"63260.5682489";"[BMS] Min Cell Voltage";"3.774";"V";
"63260.6321658";"[BMS] HV Battery Current";"73.90000000000009";"A";
"63260.6889406";"[BMS] HV Battery Current (Low)";"-1600";"A";
"63260.7505896";"[BMS] HV Battery Current (High)";"58.75";"A";
"63260.8198074";"[BMS] HV Battery Temperature Sensor 1";"23";"℃";
"63260.9030299";"[BMS] HV Battery Temperature Sensor 2";"23";"℃";
"63260.9570762";"[BMS] HV Battery Temperature Sensor 3";"23";"℃";
"63261.0193921";"[BMS] HV Battery Temperature Sensor 4";"22";"℃";
"63261.070993";"[BMS] HV Battery Intake Air Temperature";"23";"℃";
"63261.1630383";"[VCM] Traction motor temperature";"30";"℃";
"63261.2232275";"[VCM] HV Coolant Temperature";"23";"℃";
"63261.2890734";"[VCM] Target Motor Torque";"-108.671875";"N⋅m";
"63261.3439676";"[VCM] Available Motor Maximum Output";"13";"%";
"63261.4009955";"[VCM] Motor RPM";"-7040";"rpm";
"63261.4009955";"[VCM] Motor Torque";"-0.4375";"N⋅m";
"63261.4428824";"[VCM] Vehicle Speed";"20";"km/h";
"63261.5764573";"Розрахункове значення навантаження на двигун";"0";"%";
"63261.6283966";"Оберти двигуна";"0";"rpm";
"63261.6283966";"Оберти двигуна x1000";"0";"rpm";
"63261.6928576";"Температура олії у двигуні";"26";"℃";
"63261.7446725";"Пройдений шлях";"0.222048811";"km";
"63261.7446725";"Пройдений шлях (Сьогодні)";"0.222047";"km";
"63261.7446725";"Пройдений шлях (Тиждень)";"0.222047";"km";
"63261.7446725";"Пройдений шлях(загальний)";"0.222047";"km";
"63261.7446725";"Середня швидкість";"7.493807878334962";"km/h";
"63261.7446725";"Швидкість автомобіля";"18";"km/h";
"63261.8001296";"Розрахунковий наддув";"-0.01";"bar";
"63261.8001296";"Тиск у впускному колекторі (абсолютний)";"98";"kPa";
"63261.9081604";"[BMS] HV State of charge";"55";"%";
"63261.9720941";"[BMS] HV Battery voltage";"360.31";"V";
"63262.0276262";"[BMS] Max Cell Voltage";"3.747";"V";
"63262.0954758";"[BMS] Min Cell Voltage";"3.723";"V";
"63262.1523379";"[BMS] HV Battery Current";"13.650000000000091";"A";
"63262.2087846";"[BMS] HV Battery Current (Low)";"7.900000000000091";"A";
"63262.270146";"[BMS] HV Battery Current (High)";"4.7000000000000455";"A";
"63262.3200175";"[BMS] HV Battery Temperature Sensor 1";"23";"℃";
"63262.38486";"[BMS] HV Battery Temperature Sensor 2";"23";"℃";
"63262.436613";"[BMS] HV Battery Temperature Sensor 3";"23";"℃";
"63262.5039626";"[BMS] HV Battery Temperature Sensor 4";"22";"℃";
"63262.5588266";"[BMS] HV Battery Intake Air Temperature";"23";"℃";
"63262.6715664";"[VCM] Traction motor temperature";"30";"℃";
"63262.7411614";"[VCM] HV Coolant Temperature";"23";"℃";
"63262.7935262";"[VCM] Target Motor Torque";"-7.4375";"N⋅m";
"63262.8483276";"[VCM] Available Motor Maximum Output";"100";"%";
"63262.9025054";"[VCM] Motor RPM";"-352";"rpm";
"63262.9025054";"[VCM] Motor Torque";"-0.03125";"N⋅m";
"63262.9544855";"[VCM] Vehicle Speed";"12";"km/h";
"63263.073851";"Розрахункове значення навантаження на двигун";"0";"%";
"63263.1334843";"Температура охолодної рідини";"27";"℃";
"63263.1841919";"Оберти двигуна";"0";"rpm";
"63263.1841919";"Оберти двигуна x1000";"0";"rpm";
"63263.2750656";"Температура олії у двигуні";"26";"℃";
"63263.3245621";"Прискорення";"-0.07657793417375686";"g";
"63263.3245621";"Пройдений шлях";"0.22687626397222224";"km";
"63263.3245621";"Пройдений шлях (Сьогодні)";"0.226874";"km";
"63263.3245621";"Пройдений шлях (Тиждень)";"0.226874";"km";
"63263.3245621";"Пройдений шлях(загальний)";"0.226874";"km";
"63263.3245621";"Середня швидкість";"7.544979606530274";"km/h";
"63263.3245621";"Швидкість автомобіля";"11";"km/h";
"63263.3839882";"Розрахунковий наддув";"-0.01";"bar";
"63263.3839882";"Тиск у впускному колекторі (абсолютний)";"98";"kPa";
"63263.5003325";"[BMS] HV State of charge";"55";"%";
"63263.5537076";"[BMS] HV Battery voltage";"355.97";"V";
"63263.6089321";"[BMS] Max Cell Voltage";"3.698";"V";
"63263.6749221";"[BMS] Min Cell Voltage";"3.692";"V";
"63263.7213278";"[BMS] HV Battery Current";"-4.899999999999864";"A";
"63263.783879";"[BMS] HV Battery Current (Low)";"-16.25";"A";
"63263.8653264";"[BMS] HV Battery Current (High)";"-30.149999999999864";"A";
"63263.9366803";"[BMS] HV Battery Temperature Sensor 1";"23";"℃";
"63263.9941596";"[BMS] HV Battery Temperature Sensor 2";"23";"℃";
"63264.03442";"[BMS] HV Battery Temperature Sensor 3";"23";"℃";
"63264.0884174";"[BMS] HV Battery Temperature Sensor 4";"22";"℃";
"63264.1513719";"[BMS] HV Battery Intake Air Temperature";"23";"℃";
"63264.264789";"[VCM] Traction motor temperature";"30";"℃";
"63264.3209624";"[VCM] HV Coolant Temperature";"23";"℃";
"63264.3727518";"[VCM] Target Motor Torque";"27.28125";"N⋅m";
"63264.4490917";"[VCM] Available Motor Maximum Output";"100";"%";
"63264.5115295";"[VCM] Motor RPM";"1888";"rpm";
"63264.5115295";"[VCM] Motor Torque";"0.109375";"N⋅m";
"63264.56756";"[VCM] Vehicle Speed";"13";"km/h";
"63264.6835469";"Розрахункове значення навантаження на двигун";"0";"%";
"63264.7376303";"Оберти двигуна";"0";"rpm";
"63264.7376303";"Оберти двигуна x1000";"0";"rpm";
"63264.8034546";"Температура олії у двигуні";"26";"℃";
"63264.8508547";"Пройдений шлях";"0.2323878208888889";"km";
"63264.8508547";"Пройдений шлях (Сьогодні)";"0.232386";"km";
"63264.8508547";"Пройдений шлях (Тиждень)";"0.232386";"km";
"63264.8508547";"Пройдений шлях(загальний)";"0.232386";"km";
"63264.8508547";"Середня швидкість";"7.6208226609291305";"km/h";
"63264.8508547";"Швидкість автомобіля";"13";"km/h";
"63264.9146451";"Розрахунковий наддув";"-0.01";"bar";
"63264.9146451";"Тиск у впускному колекторі (абсолютний)";"98";"kPa";
"63265.0605655";"[BMS] HV State of charge";"55";"%";
"63265.1159664";"[BMS] HV Battery voltage";"348.72";"V";
"63265.2143316";"[BMS] Max Cell Voltage";"3.621";"V";
"63265.2666159";"[BMS] Min Cell Voltage";"3.614";"V";
"63265.3198819";"[BMS] HV Battery Current";"-59";"A";
"63265.3838669";"[BMS] HV Battery Current (Low)";"-1600";"A";
"63265.4362109";"[BMS] HV Battery Current (High)";"-60.899999999999864";"A";
"63265.4882278";"[BMS] HV Battery Temperature Sensor 1";"23";"℃";
"63265.5763998";"[BMS] HV Battery Temperature Sensor 2";"23";"℃";
"63265.6459809";"[BMS] HV Battery Temperature Sensor 3";"23";"℃";
"63265.6988335";"[BMS] HV Battery Temperature Sensor 4";"22";"℃";
"63265.7611765";"[BMS] HV Battery Intake Air Temperature";"23";"℃";
"63265.8836545";"[VCM] Traction motor temperature";"30";"℃";
"63265.9386891";"[VCM] HV Coolant Temperature";"23";"℃";
"63265.991602";"[VCM] Target Motor Torque";"94.34375";"N⋅m";
"63266.0487026";"[VCM] Available Motor Maximum Output";"13";"%";
"63266.1154233";"[VCM] Motor RPM";"5920";"rpm";
"63266.1154233";"[VCM] Motor Torque";"0.359375";"N⋅m";
"63266.1956128";"[VCM] Vehicle Speed";"21";"km/h";
"63266.3097594";"Розрахункове значення навантаження на двигун";"0";"%";
"63266.3641414";"Температура охолодної рідини";"27";"℃";
"63266.4166768";"Оберти двигуна";"0";"rpm";
"63266.4166768";"Оберти двигуна x1000";"0";"rpm";
"63266.4799895";"Температура олії у двигуні";"26";"℃";
"63266.5424614";"Пройдений шлях";"0.24225560947222224";"km";
"63266.5424614";"Пройдений шлях (Сьогодні)";"0.242254";"km";
"63266.5424614";"Пройдений шлях (Тиждень)";"0.242254";"km";
"63266.5424614";"Пройдений шлях(загальний)";"0.242254";"km";
"63266.5424614";"Середня швидкість";"7.823860608231429";"km/h";
"63266.5424614";"Швидкість автомобіля";"21";"km/h";
"63266.591428";"Розрахунковий наддув";"-0.01";"bar";
"63266.591428";"Тиск у впускному колекторі (абсолютний)";"98";"kPa";
"63266.7031606";"[BMS] HV State of charge";"54.5";"%";
"63266.7916754";"[BMS] HV Battery voltage";"346.15000000000003";"V";
"63266.8470798";"[BMS] Max Cell Voltage";"3.577";"V";
"63266.908432";"[BMS] Min Cell Voltage";"3.568";"V";
"63266.9719909";"[BMS] HV Battery Current";"-76.29999999999995";"A";
"63267.0233103";"[BMS] HV Battery Current (Low)";"-1600";"A";
"63267.0803524";"[BMS] HV Battery Current (High)";"-85.5";"A";
"63267.1441666";"[BMS] HV Battery Temperature Sensor 1";"23";"℃";
"63267.1987814";"[BMS] HV Battery Temperature Sensor 2";"23";"℃";
"63267.2638588";"[BMS] HV Battery Temperature Sensor 3";"23";"℃";
"63267.3400947";"[BMS] HV Battery Temperature Sensor 4";"22";"℃";
"63267.3958165";"[BMS] HV Battery Intake Air Temperature";"23";"℃";
"63267.5079659";"[VCM] Traction motor temperature";"30";"℃";
"63267.5613158";"[VCM] HV Coolant Temperature";"23";"℃";
"63267.6392601";"[VCM] Target Motor Torque";"92.984375";"N⋅m";
"63267.6890156";"[VCM] Available Motor Maximum Output";"13";"%";
"63267.752272";"[VCM] Motor RPM";"5696";"rpm";
"63267.752272";"[VCM] Motor Torque";"0.34375";"N⋅m";
"63267.8134903";"[VCM] Vehicle Speed";"30";"km/h";
"63267.9542901";"Розрахункове значення навантаження на двигун";"0";"%";
"63268.0049938";"Оберти двигуна";"0";"rpm";
"63268.0049938";"Оберти двигуна x1000";"0";"rpm";
"63268.0717261";"Температура олії у двигуні";"26";"℃";
"63268.1250709";"Пройдений шлях";"0.2554439569722222";"km";
"63268.1250709";"Пройдений шлях (Сьогодні)";"0.255442";"km";
"63268.1250709";"Пройдений шлях (Тиждень)";"0.255442";"km";
"63268.1250709";"Пройдений шлях(загальний)";"0.255442";"km";
"63268.1250709";"Середня швидкість";"8.134302079786677";"km/h";
"63268.1250709";"Швидкість автомобіля";"30";"km/h";
"63268.1823326";"Розрахунковий наддув";"-0.01";"bar";
"63268.1823326";"Тиск у впускному колекторі (абсолютний)";"98";"kPa";
"63268.2990202";"[BMS] HV State of charge";"53.5";"%";
"63268.353511";"[BMS] HV Battery voltage";"341.64";"V";
"63268.4344317";"[BMS] Max Cell Voltage";"3.548";"V";
"63268.5102219";"[BMS] Min Cell Voltage";"3.545";"V";
"63268.6040156";"[BMS] HV Battery Current";"-74.79999999999995";"A";
"63268.6840677";"[BMS] HV Battery Current (Low)";"-1600";"A";
"63268.7508496";"[BMS] HV Battery Current (High)";"-80.59999999999991";"A";
"63268.8739017";"[BMS] HV Battery Temperature Sensor 1";"23";"℃";
"63268.9348534";"[BMS] HV Battery Temperature Sensor 2";"23";"℃";
"63269.010646";"[BMS] HV Battery Temperature Sensor 3";"23";"℃";
"63269.1048161";"[BMS] HV Battery Temperature Sensor 4";"22";"℃";
"63269.1602152";"[BMS] HV Battery Intake Air Temperature";"23";"℃";
"63269.2672493";"[VCM] Traction motor temperature";"31";"℃";
"63269.331044";"[VCM] HV Coolant Temperature";"23";"℃";
"63269.3860925";"[VCM] Target Motor Torque";"70.28125";"N⋅m";
"63269.4391679";"[VCM] Available Motor Maximum Output";"100";"%";
"63269.5037161";"[VCM] Motor RPM";"3968";"rpm";
"63269.5037161";"[VCM] Motor Torque";"0.234375";"N⋅m";
"63269.5601592";"[VCM] Vehicle Speed";"37";"km/h";
"63269.7045389";"Розрахункове значення навантаження на двигун";"40.3921568627451";"%";
"63269.7824081";"Температура охолодної рідини";"27";"℃";
"63269.8256973";"Оберти двигуна";"1488";"rpm";
"63269.8256973";"Оберти двигуна x1000";"1.5";"rpm";
"63269.888716";"Температура олії у двигуні";"26";"℃";
"63269.9392977";"Прискорення";"0.11133653012116587";"g";
"63269.9392977";"Пройдений шлях";"0.274089923";"km";
"63269.9392977";"Пройдений шлях (Сьогодні)";"0.274088";"km";
"63269.9392977";"Пройдений шлях (Тиждень)";"0.274088";"km";
"63269.9392977";"Пройдений шлях(загальний)";"0.274088";"km";
"63269.9392977";"Середня швидкість";"8.590208671906733";"km/h";
"63269.9392977";"Швидкість автомобіля";"37";"km/h";
"63270.0027953";"Розрахунковий наддув";"-0.35000000000000003";"bar";
"63270.0027953";"Тиск у впускному колекторі (абсолютний)";"64";"kPa";
"63270.1156026";"[BMS] HV State of charge";"53";"%";
"63270.1690402";"[BMS] HV Battery voltage";"341.48";"V";
"63270.2231714";"[BMS] Max Cell Voltage";"3.563";"V";
"63270.2995044";"[BMS] Min Cell Voltage";"3.548";"V";
"63270.3582841";"[BMS] HV Battery Current";"-56.44999999999982";"A";
"63270.4215947";"[BMS] HV Battery Current (Low)";"-1600";"A";
"63270.4721533";"[BMS] HV Battery Current (High)";"-54.94999999999982";"A";
"63270.5284592";"[BMS] HV Battery Temperature Sensor 1";"23";"℃";
"63270.6049022";"[BMS] HV Battery Temperature Sensor 2";"23";"℃";
"63270.6679541";"[BMS] HV Battery Temperature Sensor 3";"23";"℃";
"63270.71963";"[BMS] HV Battery Temperature Sensor 4";"22";"℃";
"63270.7783397";"[BMS] HV Battery Intake Air Temperature";"23";"℃";
"63270.9050833";"[VCM] Traction motor temperature";"31";"℃";
"63270.9590631";"[VCM] HV Coolant Temperature";"23";"℃";
"63271.0238266";"[VCM] Target Motor Torque";"85.984375";"N⋅m";
"63271.080228";"[VCM] Available Motor Maximum Output";"100";"%";
"63271.1324353";"[VCM] Motor RPM";"5568";"rpm";
"63271.1324353";"[VCM] Motor Torque";"0.328125";"N⋅m";
"63271.1846296";"[VCM] Vehicle Speed";"42";"km/h";
"63271.2992033";"Розрахункове значення навантаження на двигун";"40.78431372549019";"%";
"63271.3558135";"Оберти двигуна";"1496";"rpm";
"63271.3558135";"Оберти двигуна x1000";"1.5";"rpm";
"63271.4477134";"Температура олії у двигуні";"26";"℃";
"63271.5004115";"Прискорення";"0.1235327534091358";"g";
"63271.5004115";"Пройдений шлях";"0.29230350066666666";"km";
"63271.5004115";"Пройдений шлях (Сьогодні)";"0.292302";"km";
"63271.5004115";"Пройдений шлях (Тиждень)";"0.292302";"km";
"63271.5004115";"Пройдений шлях(загальний)";"0.292302";"km";
"63271.5004115";"Середня швидкість";"9.038197892463472";"km/h";
"63271.5004115";"Швидкість автомобіля";"42";"km/h";
"63271.5753803";"Розрахунковий наддув";"-0.35000000000000003";"bar";
"63271.5753803";"Тиск у впускному колекторі (абсолютний)";"64";"kPa";
"63271.683862";"[BMS] HV State of charge";"52.5";"%";
"63271.738318";"[BMS] HV Battery voltage";"343.09000000000003";"V";
"63271.8039594";"[BMS] Max Cell Voltage";"3.577";"V";
"63271.8505931";"[BMS] Min Cell Voltage";"3.565";"V";
"63271.907947";"[BMS] HV Battery Current";"-31.84999999999991";"A";
"63271.9719471";"[BMS] HV Battery Current (Low)";"-1600";"A";
"63272.0494633";"[BMS] HV Battery Current (High)";"-33.799999999999955";"A";
"63272.1045598";"[BMS] HV Battery Temperature Sensor 1";"23";"℃";
"63272.1673171";"[BMS] HV Battery Temperature Sensor 2";"23";"℃";
"63272.2325262";"[BMS] HV Battery Temperature Sensor 3";"23";"℃";
"63272.2856019";"[BMS] HV Battery Temperature Sensor 4";"22";"℃";
"63272.3390726";"[BMS] HV Battery Intake Air Temperature";"23";"℃";
"63272.4521132";"[VCM] Traction motor temperature";"31";"℃";
"63272.5043256";"[VCM] HV Coolant Temperature";"23";"℃";
"63272.5609479";"[VCM] Target Motor Torque";"38.78125";"N⋅m";
"63272.6311239";"[VCM] Available Motor Maximum Output";"100";"%";
"63272.696937";"[VCM] Motor RPM";"2560";"rpm";
"63272.696937";"[VCM] Motor Torque";"0.15625";"N⋅m";
"63272.7508771";"[VCM] Vehicle Speed";"45";"km/h";
"63272.8837415";"Розрахункове значення навантаження на двигун";"40.78431372549019";"%";
"63272.9361279";"Температура охолодної рідини";"27";"℃";
"63272.9930741";"Оберти двигуна";"1495";"rpm";
"63272.9930741";"Оберти двигуна x1000";"1.5";"rpm";
"63273.0444597";"Температура олії у двигуні";"26";"℃";
"63273.1117568";"Прискорення";"0.09917126854905232";"g";
"63273.1117568";"Пройдений шлях";"0.311997512";"km";
"63273.1117568";"Пройдений шлях (Сьогодні)";"0.311996";"km";
"63273.1117568";"Пройдений шлях (Тиждень)";"0.311996";"km";
"63273.1117568";"Пройдений шлях(загальний)";"0.311996";"km";
"63273.1117568";"Середня швидкість";"9.515456551971745";"km/h";
"63273.1117568";"Швидкість автомобіля";"44";"km/h";
"63273.1912537";"Розрахунковий наддув";"-0.35000000000000003";"bar";
"63273.1912537";"Тиск у впускному колекторі (абсолютний)";"64";"kPa";
"63273.3076033";"[BMS] HV State of charge";"52";"%";
"63273.3568771";"[BMS] HV Battery voltage";"338.74";"V";
"63273.4195964";"[BMS] Max Cell Voltage";"3.509";"V";
"63273.4753836";"[BMS] Min Cell Voltage";"3.495";"V";
"63273.5338762";"[BMS] HV Battery Current";"-105.34999999999991";"A";
"63273.572791";"[BMS] HV Battery Current (Low)";"-1600";"A";
"63273.6294752";"[BMS] HV Battery Current (High)";"-115.19999999999982";"A";
"63273.6896997";"[BMS] HV Battery Temperature Sensor 1";"23";"℃";
"63273.7730337";"[BMS] HV Battery Temperature Sensor 2";"23";"℃";
"63273.8369265";"[BMS] HV Battery Temperature Sensor 3";"23";"℃";
"63273.8877914";"[BMS] HV Battery Temperature Sensor 4";"22";"℃";
"63273.9526736";"[BMS] HV Battery Intake Air Temperature";"23";"℃";
"63274.0667052";"[VCM] Traction motor temperature";"31";"℃";
"63274.1288954";"[VCM] HV Coolant Temperature";"23";"℃";
"63274.1870654";"[VCM] Target Motor Torque";"86.03125";"N⋅m";
"63274.2434919";"[VCM] Available Motor Maximum Output";"100";"%";
"63274.296215";"[VCM] Motor RPM";"5472";"rpm";
"63274.296215";"[VCM] Motor Torque";"0.328125";"N⋅m";
"63274.3836726";"[VCM] Vehicle Speed";"50";"km/h";
"63274.480502";"Розрахункове значення навантаження на двигун";"40.3921568627451";"%";
"63274.5354887";"Оберти двигуна";"1501";"rpm";
"63274.5354887";"Оберти двигуна x1000";"1.5";"rpm";
"63274.604612";"Температура олії у двигуні";"26";"℃";
"63274.6555634";"Прискорення";"0.08674828234010837";"g";
"63274.6555634";"Пройдений шлях";"0.3334393092222222";"km";
"63274.6555634";"Пройдений шлях (Сьогодні)";"0.333438";"km";
"63274.6555634";"Пройдений шлях (Тиждень)";"0.333438";"km";
"63274.6555634";"Пройдений шлях(загальний)";"0.333438";"km";
"63274.6555634";"Середня швидкість";"10.038112233477817";"km/h";
"63274.6555634";"Швидкість автомобіля";"50";"km/h";
"63274.7156034";"Розрахунковий наддув";"-0.34";"bar";
"63274.7156034";"Тиск у впускному колекторі (абсолютний)";"65";"kPa";
"63274.8225739";"[BMS] HV State of charge";"51";"%";
"63274.8759368";"[BMS] HV Battery voltage";"337.93";"V";
"63274.9672399";"[BMS] Max Cell Voltage";"3.495";"V";
"63275.0198013";"[BMS] Min Cell Voltage";"3.482";"V";
"63275.0873846";"[BMS] HV Battery Current";"-86.79999999999995";"A";
"63275.1403674";"[BMS] HV Battery Current (Low)";"-1600";"A";
"63275.1989166";"[BMS] HV Battery Current (High)";"-67.34999999999991";"A";
"63275.2488333";"[BMS] HV Battery Temperature Sensor 1";"23";"℃";
"63275.3127352";"[BMS] HV Battery Temperature Sensor 2";"23";"℃";
"63275.3674282";"[BMS] HV Battery Temperature Sensor 3";"23";"℃";
"63275.4424431";"[BMS] HV Battery Temperature Sensor 4";"22";"℃";
"63275.535808";"[BMS] HV Battery Intake Air Temperature";"23";"℃";
"63275.6491043";"[VCM] Traction motor temperature";"32";"℃";
"63275.6995253";"[VCM] HV Coolant Temperature";"23";"℃";
"63275.7523723";"[VCM] Target Motor Torque";"56.609375";"N⋅m";
"63275.8149557";"[VCM] Available Motor Maximum Output";"13";"%";
"63275.8801906";"[VCM] Motor RPM";"3584";"rpm";
"63275.8801906";"[VCM] Motor Torque";"0.21875";"N⋅m";
"63275.9388222";"[VCM] Vehicle Speed";"54";"km/h";
"63276.0400327";"Розрахункове значення навантаження на двигун";"40.3921568627451";"%";
"63276.1093313";"Температура охолодної рідини";"27";"℃";
"63276.1723328";"Оберти двигуна";"1509";"rpm";
"63276.1723328";"Оберти двигуна x1000";"1.5";"rpm";
"63276.3508065";"Температура олії у двигуні";"26";"℃";
"63276.4062666";"Прискорення";"0.07446033274235571";"g";
"63276.4062666";"Пройдений шлях";"0.3596998137222222";"km";
"63276.4062666";"Пройдений шлях (Сьогодні)";"0.359699";"km";
"63276.4062666";"Пройдений шлях (Тиждень)";"0.359699";"km";
"63276.4062666";"Пройдений шлях(загальний)";"0.359699";"km";
"63276.4062666";"Середня швидкість";"10.672432896058524";"km/h";
"63276.4062666";"Швидкість автомобіля";"54";"km/h";
"63276.4635958";"Розрахунковий наддув";"-0.33";"bar";
"63276.4635958";"Тиск у впускному колекторі (абсолютний)";"66";"kPa";
"63276.5865928";"[BMS] HV State of charge";"50.5";"%";
"63276.6398771";"[BMS] HV Battery voltage";"332.78000000000003";"V";
"63276.7471624";"[BMS] Max Cell Voltage";"3.476";"V";
"63276.7989962";"[BMS] Min Cell Voltage";"3.465";"V";
"63276.8638994";"[BMS] HV Battery Current";"-101.94999999999982";"A";
"63276.9117907";"[BMS] HV Battery Current (Low)";"-1600";"A";
"63276.9637781";"[BMS] HV Battery Current (High)";"-98.94999999999982";"A";
"63277.0279715";"[BMS] HV Battery Temperature Sensor 1";"23";"℃";
"63277.0800815";"[BMS] HV Battery Temperature Sensor 2";"23";"℃";
"63277.1339249";"[BMS] HV Battery Temperature Sensor 3";"23";"℃";
"63277.188809";"[BMS] HV Battery Temperature Sensor 4";"22";"℃";
"63277.2871307";"[BMS] HV Battery Intake Air Temperature";"23";"℃";
"63277.3968286";"[VCM] Traction motor temperature";"32";"℃";
"63277.4600229";"[VCM] HV Coolant Temperature";"23";"℃";
"63277.5084094";"[VCM] Target Motor Torque";"75.375";"N⋅m";
"63277.5719938";"[VCM] Available Motor Maximum Output";"13";"%";
"63277.6225199";"[VCM] Motor RPM";"4672";"rpm";
"63277.6225199";"[VCM] Motor Torque";"0.28125";"N⋅m";
"63277.6764167";"[VCM] Vehicle Speed";"59";"km/h";
"63277.8042464";"Розрахункове значення навантаження на двигун";"40.3921568627451";"%";
"63277.8996989";"Оберти двигуна";"1494";"rpm";
"63277.8996989";"Оберти двигуна x1000";"1.5";"rpm";
"63277.9717566";"Температура олії у двигуні";"26";"℃";
"63278.0257496";"Прискорення";"0.07379428448749133";"g";
"63278.0257496";"Пройдений шлях";"0.3862413341111111";"km";
"63278.0257496";"Пройдений шлях (Сьогодні)";"0.386241";"km";
"63278.0257496";"Пройдений шлях (Тиждень)";"0.386241";"km";
"63278.0257496";"Пройдений шлях(загальний)";"0.386241";"km";
"63278.0257496";"Середня швидкість";"11.30898444025318";"km/h";
"63278.0257496";"Швидкість автомобіля";"59";"km/h";
"63278.0834873";"Розрахунковий наддув";"-0.33";"bar";
"63278.0834873";"Тиск у впускному колекторі (абсолютний)";"66";"kPa";
"63278.2037046";"[BMS] HV State of charge";"49.5";"%";
"63278.262437";"[BMS] HV Battery voltage";"337.13";"V";
"63278.3114629";"[BMS] Max Cell Voltage";"3.491";"V";
"63278.3748108";"[BMS] Min Cell Voltage";"3.479";"V";
"63278.4516622";"[BMS] HV Battery Current";"-76.75";"A";
"63278.5168532";"[BMS] HV Battery Current (Low)";"-1600";"A";
"63278.5741771";"[BMS] HV Battery Current (High)";"-67.34999999999991";"A";
"63278.6305263";"[BMS] HV Battery Temperature Sensor 1";"23";"℃";
"63278.6849216";"[BMS] HV Battery Temperature Sensor 2";"23";"℃";
"63278.7399067";"[BMS] HV Battery Temperature Sensor 3";"23";"℃";
"63278.7967659";"[BMS] HV Battery Temperature Sensor 4";"22";"℃";
"63278.8500557";"[BMS] HV Battery Intake Air Temperature";"23";"℃";
"63278.9629441";"[VCM] Traction motor temperature";"32";"℃";
"63279.03923";"[VCM] HV Coolant Temperature";"23";"℃";
"63279.102063";"[VCM] Target Motor Torque";"56.390625";"N⋅m";
"63279.1553856";"[VCM] Available Motor Maximum Output";"100";"%";
"63279.2068294";"[VCM] Motor RPM";"3616";"rpm";
"63279.2068294";"[VCM] Motor Torque";"0.21875";"N⋅m";
"63279.2824731";"[VCM] Vehicle Speed";"62";"km/h";
"63279.3958891";"Розрахункове значення навантаження на двигун";"40.3921568627451";"%";
"63279.4471794";"Температура охолодної рідини";"27";"℃";
"63279.5112562";"Оберти двигуна";"1503";"rpm";
"63279.5112562";"Оберти двигуна x1000";"1.5";"rpm";
"63279.5661111";"Температура олії у двигуні";"26";"℃";
"63279.6593267";"Прискорення";"0.07786982258699737";"g";
"63279.6593267";"Пройдений шлях";"0.41437524805555553";"km";
"63279.6593267";"Пройдений шлях (Сьогодні)";"0.414375";"km";
"63279.6593267";"Пройдений шлях (Тиждень)";"0.414375";"km";
"63279.6593267";"Пройдений шлях(загальний)";"0.414375";"km";
"63279.6593267";"Середня швидкість";"11.973648435981866";"km/h";
"63279.6593267";"Швидкість автомобіля";"62";"km/h";
"63279.7164823";"Розрахунковий наддув";"-0.34";"bar";
"63279.7164823";"Тиск у впускному колекторі (абсолютний)";"65";"kPa";
"63279.8325256";"[BMS] HV State of charge";"49";"%";
"63279.8909328";"[BMS] HV Battery voltage";"339.06";"V";
"63279.9441062";"[BMS] Max Cell Voltage";"3.507";"V";
"63279.9984583";"[BMS] Min Cell Voltage";"3.504";"V";
"63280.0510307";"[BMS] HV Battery Current";"-57.94999999999982";"A";
"63280.1160952";"[BMS] HV Battery Current (Low)";"-1600";"A";
"63280.1753063";"[BMS] HV Battery Current (High)";"-51.299999999999955";"A";
"63280.2406971";"[BMS] HV Battery Temperature Sensor 1";"23";"℃";
"63280.2907504";"[BMS] HV Battery Temperature Sensor 2";"23";"℃";
"63280.3449237";"[BMS] HV Battery Temperature Sensor 3";"23";"℃";
"63280.4071479";"[BMS] HV Battery Temperature Sensor 4";"22";"℃";
"63280.4669974";"[BMS] HV Battery Intake Air Temperature";"23";"℃";
"63280.5724446";"[VCM] Traction motor temperature";"32";"℃";
"63280.6302713";"[VCM] HV Coolant Temperature";"24";"℃";
"63280.680547";"[VCM] Target Motor Torque";"44.765625";"N⋅m";
"63280.7362448";"[VCM] Available Motor Maximum Output";"13";"%";
"63280.818878";"[VCM] Motor RPM";"3296";"rpm";
"63280.818878";"[VCM] Motor Torque";"0.1875";"N⋅m";
"63280.8706361";"[VCM] Vehicle Speed";"64";"km/h";
"63280.984789";"Розрахункове значення навантаження на двигун";"40.3921568627451";"%";
"63281.030355";"Оберти двигуна";"1492";"rpm";
"63281.030355";"Оберти двигуна x1000";"1.5";"rpm";
"63281.0863072";"Температура олії у двигуні";"26";"℃";
"63281.1513798";"Прискорення";"0.05668738646715356";"g";
"63281.1513798";"Пройдений шлях";"0.44048565930555555";"km";
"63281.1513798";"Пройдений шлях (Сьогодні)";"0.440485";"km";
"63281.1513798";"Пройдений шлях (Тиждень)";"0.440485";"km";
"63281.1513798";"Пройдений шлях(загальний)";"0.440485";"km";
"63281.1513798";"Середня швидкість";"12.577500053090072";"km/h";
"63281.1513798";"Швидкість автомобіля";"63";"km/h";
"63281.2030397";"Розрахунковий наддув";"-0.32";"bar";
"63281.2030397";"Тиск у впускному колекторі (абсолютний)";"67";"kPa";
"63281.3155578";"[BMS] HV State of charge";"48.5";"%";
"63281.4024938";"[BMS] HV Battery voltage";"339.87";"V";
"63281.4675138";"[BMS] Max Cell Voltage";"3.547";"V";
"63281.5246518";"[BMS] Min Cell Voltage";"3.518";"V";
"63281.5841468";"[BMS] HV Battery Current";"-41.25";"A";
"63281.6402831";"[BMS] HV Battery Current (Low)";"-1600";"A";
"63281.694943";"[BMS] HV Battery Current (High)";"-41.5";"A";
"63281.7562937";"[BMS] HV Battery Temperature Sensor 1";"23";"℃";
"63281.8105427";"[BMS] HV Battery Temperature Sensor 2";"23";"℃";
"63281.8646912";"[BMS] HV Battery Temperature Sensor 3";"23";"℃";
"63281.9245003";"[BMS] HV Battery Temperature Sensor 4";"22";"℃";
"63281.9950582";"[BMS] HV Battery Intake Air Temperature";"23";"℃";
"63282.116079";"[VCM] Traction motor temperature";"33";"℃";
"63282.1620412";"[VCM] HV Coolant Temperature";"24";"℃";
"63282.2189534";"[VCM] Target Motor Torque";"-17.421875";"N⋅m";
"63282.283087";"[VCM] Available Motor Maximum Output";"100";"%";
"63282.335812";"[VCM] Motor RPM";"-960";"rpm";
"63282.335812";"[VCM] Motor Torque";"-0.0625";"N⋅m";
"63282.3914383";"[VCM] Vehicle Speed";"64";"km/h";
"63282.5077693";"Розрахункове значення навантаження на двигун";"40.3921568627451";"%";
"63282.5736867";"Температура охолодної рідини";"27";"℃";
"63282.6278322";"Оберти двигуна";"1498";"rpm";
"63282.6278322";"Оберти двигуна x1000";"1.5";"rpm";
"63282.6879504";"Температура олії у двигуні";"26";"℃";
"63282.739595";"Прискорення";"0.04025198712962399";"g";
"63282.739595";"Пройдений шлях";"0.46827949705555555";"km";
"63282.739595";"Пройдений шлях (Сьогодні)";"0.468279";"km";
"63282.739595";"Пройдений шлях (Тиждень)";"0.468279";"km";
"63282.739595";"Пройдений шлях(загальний)";"0.468279";"km";
"63282.739595";"Середня швидкість";"13.204775398236151";"km/h";
"63282.739595";"Швидкість автомобіля";"63";"km/h";
"63282.8042591";"Розрахунковий наддув";"-0.33";"bar";
"63282.8042591";"Тиск у впускному колекторі (абсолютний)";"66";"kPa";
"63282.9245491";"[BMS] HV State of charge";"48.5";"%";
"63282.9865172";"[BMS] HV Battery voltage";"340.51";"V";
"63283.036882";"[BMS] Max Cell Voltage";"3.551";"V";
"63283.0929721";"[BMS] Min Cell Voltage";"3.533";"V";
"63283.1626769";"[BMS] HV Battery Current";"-52.799999999999955";"A";
"63283.2114436";"[BMS] HV Battery Current (Low)";"-1600";"A";
"63283.2773537";"[BMS] HV Battery Current (High)";"-45.75";"A";
"63283.3309099";"[BMS] HV Battery Temperature Sensor 1";"23";"℃";
"63283.3849957";"[BMS] HV Battery Temperature Sensor 2";"23";"℃";
"63283.4363887";"[BMS] HV Battery Temperature Sensor 3";"23";"℃";
"63283.49876";"[BMS] HV Battery Temperature Sensor 4";"22";"℃";
"63283.5491805";"[BMS] HV Battery Intake Air Temperature";"23";"℃";
"63283.6639764";"[VCM] Traction motor temperature";"33";"℃";
"63283.7395261";"[VCM] HV Coolant Temperature";"24";"℃";
"63283.7997589";"[VCM] Target Motor Torque";"31.859375";"N⋅m";
"63283.8551713";"[VCM] Available Motor Maximum Output";"13";"%";
"63283.9074767";"[VCM] Motor RPM";"2304";"rpm";
"63283.9074767";"[VCM] Motor Torque";"0.140625";"N⋅m";
"63283.963813";"[VCM] Vehicle Speed";"64";"km/h";
"63284.0790042";"Розрахункове значення навантаження на двигун";"40.3921568627451";"%";
"63284.1393761";"Оберти двигуна";"1504";"rpm";
"63284.1393761";"Оберти двигуна x1000";"1.5";"rpm";
"63284.1963376";"Температура олії у двигуні";"26";"℃";
"63284.252436";"Прискорення";"0.02274520390210916";"g";
"63284.252436";"Пройдений шлях";"0.4951746597222222";"km";
"63284.252436";"Пройдений шлях (Сьогодні)";"0.495174";"km";
"63284.252436";"Пройдений шлях (Тиждень)";"0.495174";"km";
"63284.252436";"Пройдений шлях(загальний)";"0.495174";"km";
"63284.252436";"Середня швидкість";"13.7996518880731";"km/h";
"63284.252436";"Швидкість автомобіля";"64";"km/h";
"63284.3346477";"Розрахунковий наддув";"-0.33";"bar";
"63284.3346477";"Тиск у впускному колекторі (абсолютний)";"66";"kPa";
"63284.4524276";"[BMS] HV State of charge";"48.5";"%";
"63284.5161983";"[BMS] HV Battery voltage";"343.09000000000003";"V";
"63284.567781";"[BMS] Max Cell Voltage";"3.559";"V";
"63284.6226054";"[BMS] Min Cell Voltage";"3.533";"V";
"63284.6878192";"[BMS] HV Battery Current";"-56.44999999999982";"A";
"63284.750298";"[BMS] HV Battery Current (Low)";"-1600";"A";
"63284.8051262";"[BMS] HV Battery Current (High)";"-66.25";"A";
"63284.8921296";"[BMS] HV Battery Temperature Sensor 1";"23";"℃";
"63284.9471623";"[BMS] HV Battery Temperature Sensor 2";"23";"℃";
"63285.0000344";"[BMS] HV Battery Temperature Sensor 3";"23";"℃";
"63285.0558361";"[BMS] HV Battery Temperature Sensor 4";"22";"℃";
"63285.1315845";"[BMS] HV Battery Intake Air Temperature";"23";"℃";
"63285.224361";"[VCM] Traction motor temperature";"33";"℃";
"63285.2801608";"[VCM] HV Coolant Temperature";"24";"℃";
"63285.3436292";"[VCM] Target Motor Torque";"46.140625";"N⋅m";
"63285.3943219";"[VCM] Available Motor Maximum Output";"100";"%";
"63285.4764116";"[VCM] Motor RPM";"3232";"rpm";
"63285.4764116";"[VCM] Motor Torque";"0.1875";"N⋅m";
"63285.5317625";"[VCM] Vehicle Speed";"66";"km/h";
"63285.6484719";"Розрахункове значення навантаження на двигун";"40.3921568627451";"%";
"63285.710926";"Температура охолодної рідини";"28";"℃";
"63285.7631446";"Оберти двигуна";"1496";"rpm";
"63285.7631446";"Оберти двигуна x1000";"1.5";"rpm";
"63285.8278101";"Температура олії у двигуні";"26";"℃";
"63285.8789152";"Прискорення";"0.013662696668998922";"g";
"63285.8789152";"Пройдений шлях";"0.5245416254166666";"km";
"63285.8789152";"Пройдений шлях (Сьогодні)";"0.524541";"km";
"63285.8789152";"Пройдений шлях (Тиждень)";"0.524541";"km";
"63285.8789152";"Пройдений шлях(загальний)";"0.524541";"km";
"63285.8789152";"Середня швидкість";"14.436292513807816";"km/h";
"63285.8789152";"Швидкість автомобіля";"65";"km/h";
"63285.9335425";"Розрахунковий наддув";"-0.32";"bar";
"63285.9335425";"Тиск у впускному колекторі (абсолютний)";"67";"kPa";
"63286.0540662";"[BMS] HV State of charge";"48";"%";
"63286.1171811";"[BMS] HV Battery voltage";"351.62";"V";
"63286.1723807";"[BMS] Max Cell Voltage";"3.651";"V";
"63286.2283947";"[BMS] Min Cell Voltage";"3.645";"V";
"63286.2836024";"[BMS] HV Battery Current";"50";"A";
"63286.3439002";"[BMS] HV Battery Current (Low)";"-1600";"A";
"63286.3991558";"[BMS] HV Battery Current (High)";"46.75";"A";
"63286.4508079";"[BMS] HV Battery Temperature Sensor 1";"23";"℃";
"63286.5018743";"[BMS] HV Battery Temperature Sensor 2";"23";"℃";
"63286.5600348";"[BMS] HV Battery Temperature Sensor 3";"23";"℃";
"63286.648042";"[BMS] HV Battery Temperature Sensor 4";"22";"℃";
"63286.7085293";"[BMS] HV Battery Intake Air Temperature";"23";"℃";
"63286.8144831";"[VCM] Traction motor temperature";"33";"℃";
"63286.8735853";"[VCM] HV Coolant Temperature";"24";"℃";
"63286.9371942";"[VCM] Target Motor Torque";"-31.296875";"N⋅m";
"63286.9985633";"[VCM] Available Motor Maximum Output";"100";"%";
"63287.0528428";"[VCM] Motor RPM";"-2048";"rpm";
"63287.0528428";"[VCM] Motor Torque";"-0.125";"N⋅m";
"63287.1080526";"[VCM] Vehicle Speed";"63";"km/h";
"63287.2611918";"Розрахункове значення навантаження на двигун";"40.3921568627451";"%";
"63287.3160466";"Оберти двигуна";"1501";"rpm";
"63287.3160466";"Оберти двигуна x1000";"1.5";"rpm";
"63287.3775305";"Температура олії у двигуні";"26";"℃";
"63287.4269717";"Пройдений шлях";"0.5512023711388888";"km";
"63287.4269717";"Пройдений шлях (Сьогодні)";"0.551202";"km";
"63287.4269717";"Пройдений шлях (Тиждень)";"0.551202";"km";
"63287.4269717";"Пройдений шлях(загальний)";"0.551202";"km";
"63287.4269717";"Середня швидкість";"14.992609679048812";"km/h";
"63287.4269717";"Швидкість автомобіля";"62";"km/h";
"63287.4973043";"Розрахунковий наддув";"-0.32";"bar";
"63287.4973043";"Тиск у впускному колекторі (абсолютний)";"67";"kPa";
"63287.6043218";"[BMS] HV State of charge";"48.5";"%";
"63287.660605";"[BMS] HV Battery voltage";"355.64";"V";
"63287.7168643";"[BMS] Max Cell Voltage";"3.683";"V";
"63287.7721462";"[BMS] Min Cell Voltage";"3.676";"V";
"63287.852762";"[BMS] HV Battery Current";"52.100000000000136";"A";
"63287.898773";"[BMS] HV Battery Current (Low)";"-1600";"A";
"63287.9646606";"[BMS] HV Battery Current (High)";"52.100000000000136";"A";
"63288.0117845";"[BMS] HV Battery Temperature Sensor 1";"23";"℃";
"63288.0769429";"[BMS] HV Battery Temperature Sensor 2";"23";"℃";
"63288.1346712";"[BMS] HV Battery Temperature Sensor 3";"23";"℃";
"63288.1811866";"[BMS] HV Battery Temperature Sensor 4";"22";"℃";
"63288.2475742";"[BMS] HV Battery Intake Air Temperature";"23";"℃";
"63288.3598082";"[VCM] Traction motor temperature";"33";"℃";
"63288.4355652";"[VCM] HV Coolant Temperature";"24";"℃";
"63288.4906739";"[VCM] Target Motor Torque";"-31.46875";"N⋅m";
"63288.5452742";"[VCM] Available Motor Maximum Output";"13";"%";
"63288.5969947";"[VCM] Motor RPM";"-1856";"rpm";
"63288.5969947";"[VCM] Motor Torque";"-0.125";"N⋅m";
"63288.6524749";"[VCM] Vehicle Speed";"60";"km/h";
"63288.7683958";"Розрахункове значення навантаження на двигун";"40.3921568627451";"%";
"63288.8240698";"Температура охолодної рідини";"30";"℃";
"63288.887082";"Оберти двигуна";"1494";"rpm";
"63288.887082";"Оберти двигуна x1000";"1.5";"rpm";
"63288.9351063";"Температура олії у двигуні";"26";"℃";
"63289.0119526";"Пройдений шлях";"0.5771786666111111";"km";
"63289.0119526";"Пройдений шлях (Сьогодні)";"0.577178";"km";
"63289.0119526";"Пройдений шлях (Тиждень)";"0.577178";"km";
"63289.0119526";"Пройдений шлях(загальний)";"0.577178";"km";
"63289.0119526";"Середня швидкість";"15.513380935307584";"km/h";
"63289.0119526";"Швидкість автомобіля";"59";"km/h";
"63289.0691486";"Розрахунковий наддув";"-0.33";"bar";
"63289.0691486";"Тиск у впускному колекторі (абсолютний)";"66";"kPa";
"63289.1787437";"[BMS] HV State of charge";"49";"%";
"63289.2442762";"[BMS] HV Battery voltage";"356.13";"V";
"63289.2971197";"[BMS] Max Cell Voltage";"3.695";"V";
"63289.3585325";"[BMS] Min Cell Voltage";"3.687";"V";
"63289.4085553";"[BMS] HV Battery Current";"47.65000000000009";"A";
"63289.4627962";"[BMS] HV Battery Current (Low)";"-1600";"A";
"63289.5265981";"[BMS] HV Battery Current (High)";"39.30000000000018";"A";
"63289.6110651";"[BMS] HV Battery Temperature Sensor 1";"23";"℃";
"63289.6724417";"[BMS] HV Battery Temperature Sensor 2";"23";"℃";
"63289.7427442";"[BMS] HV Battery Temperature Sensor 3";"23";"℃";
"63289.7938814";"[BMS] HV Battery Temperature Sensor 4";"22";"℃";
"63289.8560273";"[BMS] HV Battery Intake Air Temperature";"23";"℃";
"63289.9593496";"[VCM] Traction motor temperature";"33";"℃";
"63290.0153712";"[VCM] HV Coolant Temperature";"24";"℃";
"63290.0810792";"[VCM] Target Motor Torque";"-26.5625";"N⋅m";
"63290.1589645";"[VCM] Available Motor Maximum Output";"13";"%";
"63290.2115079";"[VCM] Motor RPM";"-1984";"rpm";
"63290.2115079";"[VCM] Motor Torque";"-0.125";"N⋅m";
"63290.2684461";"[VCM] Vehicle Speed";"57";"km/h";
"63290.4043173";"Розрахункове значення навантаження на двигун";"40.3921568627451";"%";
"63290.4560464";"Оберти двигуна";"1508";"rpm";
"63290.4560464";"Оберти двигуна x1000";"1.5";"rpm";
"63290.516684";"Температура олії у двигуні";"26";"℃";
"63290.5808018";"Прискорення";"-0.035807601843114704";"g";
"63290.5808018";"Пройдений шлях";"0.6015829035";"km";
"63290.5808018";"Пройдений шлях (Сьогодні)";"0.601582";"km";
"63290.5808018";"Пройдений шлях (Тиждень)";"0.601582";"km";
"63290.5808018";"Пройдений шлях(загальний)";"0.601582";"km";
"63290.5808018";"Середня швидкість";"15.982116073869715";"km/h";
"63290.5808018";"Швидкість автомобіля";"56";"km/h";
"63290.6405747";"Розрахунковий наддув";"-0.33";"bar";
"63290.6405747";"Тиск у впускному колекторі (абсолютний)";"66";"kPa";
"63290.7717828";"[BMS] HV State of charge";"49";"%";
"63290.8349072";"[BMS] HV Battery voltage";"347.11";"V";
"63290.8848638";"[BMS] Max Cell Voltage";"3.608";"V";
"63290.9429516";"[BMS] Min Cell Voltage";"3.607";"V";
"63291.0123221";"[BMS] HV Battery Current";"-35.049999999999955";"A";
"63291.0629326";"[BMS] HV Battery Current (Low)";"-1600";"A";
"63291.116947";"[BMS] HV Battery Current (High)";"-38.5";"A";
"63291.1762042";"[BMS] HV Battery Temperature Sensor 1";"23";"℃";
"63291.2285482";"[BMS] HV Battery Temperature Sensor 2";"23";"℃";
"63291.3275402";"[BMS] HV Battery Temperature Sensor 3";"23";"℃";
"63291.3872238";"[BMS] HV Battery Temperature Sensor 4";"22";"℃";
"63291.4765509";"[BMS] HV Battery Intake Air Temperature";"23";"℃";
"63291.6309749";"[VCM] Traction motor temperature";"33";"℃";
"63291.6762671";"[VCM] HV Coolant Temperature";"24";"℃";
"63291.7306668";"[VCM] Target Motor Torque";"3";"N⋅m";
"63291.7854825";"[VCM] Available Motor Maximum Output";"13";"%";
"63291.8434994";"[VCM] Motor RPM";"160";"rpm";
"63291.8434994";"[VCM] Motor Torque";"0";"N⋅m";
"63291.9368076";"[VCM] Vehicle Speed";"57";"km/h";
"63292.0561659";"Розрахункове значення навантаження на двигун";"40.3921568627451";"%";
"63292.1105117";"Температура охолодної рідини";"31";"℃";
"63292.1656272";"Оберти двигуна";"1497";"rpm";
"63292.1656272";"Оберти двигуна x1000";"1.5";"rpm";
"63292.2316995";"Температура олії у двигуні";"26";"℃";
"63292.300253";"Пройдений шлях";"0.6288072118333333";"km";
"63292.300253";"Пройдений шлях (Сьогодні)";"0.628806";"km";
"63292.300253";"Пройдений шлях (Тиждень)";"0.628806";"km";
"63292.300253";"Пройдений шлях(загальний)";"0.628806";"km";
"63292.300253";"Середня швидкість";"16.496062719671027";"km/h";
"63292.300253";"Швидкість автомобіля";"57";"km/h";
"63292.351466";"Розрахунковий наддув";"-0.31";"bar";
"63292.351466";"Тиск у впускному колекторі (абсолютний)";"68";"kPa";
"63292.49587";"[BMS] HV State of charge";"49";"%";
"63292.5479111";"[BMS] HV Battery voltage";"347.76";"V";
"63292.6082343";"[BMS] Max Cell Voltage";"3.613";"V";
"63292.6668176";"[BMS] Min Cell Voltage";"3.604";"V";
"63292.7185452";"[BMS] HV Battery Current";"-27.799999999999955";"A";
"63292.7708072";"[BMS] HV Battery Current (Low)";"-28.5";"A";
"63292.8302928";"[BMS] HV Battery Current (High)";"-27.59999999999991";"A";
"63292.8916967";"[BMS] HV Battery Temperature Sensor 1";"23";"℃";
"63292.9583235";"[BMS] HV Battery Temperature Sensor 2";"23";"℃";
"63293.0115194";"[BMS] HV Battery Temperature Sensor 3";"23";"℃";
"63293.0789948";"[BMS] HV Battery Temperature Sensor 4";"22";"℃";
"63293.1367053";"[BMS] HV Battery Intake Air Temperature";"23";"℃";
"63293.2477443";"[VCM] Traction motor temperature";"34";"℃";
"63293.3003275";"[VCM] HV Coolant Temperature";"24";"℃";
"63293.3696915";"[VCM] Target Motor Torque";"28.890625";"N⋅m";
"63293.4247803";"[VCM] Available Motor Maximum Output";"13";"%";
"63293.4801117";"[VCM] Motor RPM";"1440";"rpm";
"63293.4801117";"[VCM] Motor Torque";"0.078125";"N⋅m";
"63293.5520809";"[VCM] Vehicle Speed";"58";"km/h";
"63293.7073664";"Розрахункове значення навантаження на двигун";"40.3921568627451";"%";
"63293.7637721";"Оберти двигуна";"1501";"rpm";
"63293.7637721";"Оберти двигуна x1000";"1.5";"rpm";
"63293.8152668";"Температура олії у двигуні";"26";"℃";
"63293.8731538";"Пройдений шлях";"0.6537133776666667";"km";
"63293.8731538";"Пройдений шлях (Сьогодні)";"0.653712";"km";
"63293.8731538";"Пройдений шлях (Тиждень)";"0.653712";"km";
"63293.8731538";"Пройдений шлях(загальний)";"0.653712";"km";
"63293.8731538";"Середня швидкість";"16.95509379338752";"km/h";
"63293.8731538";"Швидкість автомобіля";"57";"km/h";
"63293.9280888";"Розрахунковий наддув";"-0.32";"bar";
"63293.9280888";"Тиск у впускному колекторі (абсолютний)";"67";"kPa";
"63294.0382526";"[BMS] HV State of charge";"48.5";"%";
"63294.0985902";"[BMS] HV Battery voltage";"352.26";"V";
"63294.1620668";"[BMS] Max Cell Voltage";"3.671";"V";
"63294.2482146";"[BMS] Min Cell Voltage";"3.673";"V";
"63294.302879";"[BMS] HV Battery Current";"39.100000000000136";"A";
"63294.3620791";"[BMS] HV Battery Current (Low)";"-1600";"A";
"63294.4110599";"[BMS] HV Battery Current (High)";"42.5";"A";
"63294.4709804";"[BMS] HV Battery Temperature Sensor 1";"23";"℃";
"63294.5284618";"[BMS] HV Battery Temperature Sensor 2";"23";"℃";
"63294.5865153";"[BMS] HV Battery Temperature Sensor 3";"23";"℃";
"63294.6389747";"[BMS] HV Battery Temperature Sensor 4";"22";"℃";
"63294.6934097";"[BMS] HV Battery Intake Air Temperature";"23";"℃";
"63294.8403911";"[VCM] Traction motor temperature";"33";"℃";
"63294.8944328";"[VCM] HV Coolant Temperature";"24";"℃";
"63294.9530254";"[VCM] Target Motor Torque";"-23.328125";"N⋅m";
"63295.0023297";"[VCM] Available Motor Maximum Output";"100";"%";
"63295.0544147";"[VCM] Motor RPM";"-1344";"rpm";
"63295.0544147";"[VCM] Motor Torque";"-0.09375";"N⋅m";
"63295.1107175";"[VCM] Vehicle Speed";"56";"km/h";
"63295.2265302";"Розрахункове значення навантаження на двигун";"40.3921568627451";"%";
"63295.2842283";"Температура охолодної рідини";"33";"℃";
"63295.341605";"Оберти двигуна";"1502";"rpm";
"63295.341605";"Оберти двигуна x1000";"1.5";"rpm";
"63295.4324875";"Температура олії у двигуні";"26";"℃";
"63295.4828363";"Пройдений шлях";"0.6787511238888889";"km";
"63295.4828363";"Пройдений шлях (Сьогодні)";"0.67875";"km";
"63295.4828363";"Пройдений шлях (Тиждень)";"0.67875";"km";
"63295.4828363";"Пройдений шлях(загальний)";"0.67875";"km";
"63295.4828363";"Середня швидкість";"17.402680495647203";"km/h";
"63295.4828363";"Швидкість автомобіля";"56";"km/h";
"63295.5360961";"Розрахунковий наддув";"-0.32";"bar";
"63295.5360961";"Тиск у впускному колекторі (абсолютний)";"67";"kPa";
"63295.6128448";"[BMS] HV State of charge";"49";"%";
"63295.6670707";"[BMS] HV Battery voltage";"356.45";"V";
"63295.7319967";"[BMS] Max Cell Voltage";"3.701";"V";
"63295.7846367";"[BMS] Min Cell Voltage";"3.69";"V";
"63295.8442617";"[BMS] HV Battery Current";"23.450000000000045";"A";
"63295.8935517";"[BMS] HV Battery Current (Low)";"25.200000000000045";"A";
"63295.9477047";"[BMS] HV Battery Current (High)";"28.200000000000045";"A";
"63296.0465548";"[BMS] HV Battery Temperature Sensor 1";"23";"℃";
"63296.0964199";"[BMS] HV Battery Temperature Sensor 2";"23";"℃";
"63296.1654935";"[BMS] HV Battery Temperature Sensor 3";"23";"℃";
"63296.2148485";"[BMS] HV Battery Temperature Sensor 4";"22";"℃";
"63296.2709849";"[BMS] HV Battery Intake Air Temperature";"23";"℃";
"63296.3683091";"[VCM] Traction motor temperature";"33";"℃";
"63296.4269122";"[VCM] HV Coolant Temperature";"24";"℃";
"63296.4783556";"[VCM] Target Motor Torque";"-35.5625";"N⋅m";
"63296.5321154";"[VCM] Available Motor Maximum Output";"13";"%";
"63296.6158965";"[VCM] Motor RPM";"-2368";"rpm";
"63296.6158965";"[VCM] Motor Torque";"-0.15625";"N⋅m";
"63296.6840992";"[VCM] Vehicle Speed";"53";"km/h";
"63296.7910983";"Розрахункове значення навантаження на двигун";"40.3921568627451";"%";
"63296.8499691";"Оберти двигуна";"1501";"rpm";
"63296.8499691";"Оберти двигуна x1000";"1.5";"rpm";
"63296.9027053";"Температура олії у двигуні";"26";"℃";
"63296.9565243";"Прискорення";"-0.01777081757275227";"g";
"63296.9565243";"Пройдений шлях";"0.7000377268888889";"km";
"63296.9565243";"Пройдений шлях (Сьогодні)";"0.700037";"km";
"63296.9565243";"Пройдений шлях (Тиждень)";"0.700037";"km";
"63296.9565243";"Пройдений шлях(загальний)";"0.700037";"km";
"63296.9565243";"Середня швидкість";"17.762029638823392";"km/h";
"63296.9565243";"Швидкість автомобіля";"52";"km/h";
"63297.0229803";"Розрахунковий наддув";"-0.31";"bar";
"63297.0229803";"Тиск у впускному колекторі (абсолютний)";"68";"kPa";
"63297.1839496";"[BMS] HV State of charge";"49.5";"%";
"63297.2369926";"[BMS] HV Battery voltage";"363.05";"V";
"63297.2906525";"[BMS] Max Cell Voltage";"3.78";"V";
"63297.3436205";"[BMS] Min Cell Voltage";"3.774";"V";
"63297.4003732";"[BMS] HV Battery Current";"93.15000000000009";"A";
"63297.455054";"[BMS] HV Battery Current (Low)";"-1600";"A";
"63297.5090592";"[BMS] HV Battery Current (High)";"94";"A";
"63297.5649385";"[BMS] HV Battery Temperature Sensor 1";"23";"℃";
"63297.6203033";"[BMS] HV Battery Temperature Sensor 2";"23";"℃";
"63297.6719383";"[BMS] HV Battery Temperature Sensor 3";"23";"℃";
"63297.7687256";"[BMS] HV Battery Temperature Sensor 4";"22";"℃";
"63297.820609";"[BMS] HV Battery Intake Air Temperature";"23";"℃";
"63297.9032682";"[VCM] Traction motor temperature";"34";"℃";
"63297.9810423";"[VCM] HV Coolant Temperature";"24";"℃";
"63298.0351574";"[VCM] Target Motor Torque";"-100.953125";"N⋅m";
"63298.0867842";"[VCM] Available Motor Maximum Output";"100";"%";
"63298.1486634";"[VCM] Motor RPM";"-6688";"rpm";
"63298.1486634";"[VCM] Motor Torque";"-0.421875";"N⋅m";
"63298.1924618";"[VCM] Vehicle Speed";"47";"km/h";
"63298.3022695";"Розрахункове значення навантаження на двигун";"40.3921568627451";"%";
"63298.5004875";"Температура охолодної рідини";"35";"℃";
"63298.5550692";"Оберти двигуна";"1497";"rpm";
"63298.5550692";"Оберти двигуна x1000";"1.5";"rpm";
"63298.6113755";"Температура олії у двигуні";"26";"℃";
"63298.673081";"Прискорення";"-0.05778138915509317";"g";
"63298.673081";"Пройдений шлях";"0.7210188164444444";"km";
"63298.673081";"Пройдений шлях (Сьогодні)";"0.721018";"km";
"63298.673081";"Пройдений шлях (Тиждень)";"0.721018";"km";
"63298.673081";"Пройдений шлях(загальний)";"0.721018";"km";
"63298.673081";"Середня швидкість";"18.075685770807656";"km/h";
"63298.673081";"Швидкість автомобіля";"44";"km/h";
"63298.7164129";"Розрахунковий наддув";"-0.31";"bar";
"63298.7164129";"Тиск у впускному колекторі (абсолютний)";"68";"kPa";
"63298.8298306";"[BMS] HV State of charge";"50.5";"%";
"63298.8804049";"[BMS] HV Battery voltage";"368.85";"V";
"63298.9632415";"[BMS] Max Cell Voltage";"3.813";"V";
"63299.0161362";"[BMS] Min Cell Voltage";"3.809";"V";
"63299.0716809";"[BMS] HV Battery Current";"98.05000000000018";"A";
"63299.1240515";"[BMS] HV Battery Current (Low)";"-1600";"A";
"63299.1785669";"[BMS] HV Battery Current (High)";"54.90000000000009";"A";
"63299.2551224";"[BMS] HV Battery Temperature Sensor 1";"23";"℃";
"63299.3118651";"[BMS] HV Battery Temperature Sensor 2";"23";"℃";
"63299.3767487";"[BMS] HV Battery Temperature Sensor 3";"23";"℃";
"63299.4307285";"[BMS] HV Battery Temperature Sensor 4";"22";"℃";
"63299.5173085";"[BMS] HV Battery Intake Air Temperature";"23";"℃";
"63299.6254403";"[VCM] Traction motor temperature";"34";"℃";
"63299.6883717";"[VCM] HV Coolant Temperature";"24";"℃";
"63299.7529485";"[VCM] Target Motor Torque";"-110.671875";"N⋅m";
"63299.812634";"[VCM] Available Motor Maximum Output";"13";"%";
"63299.87985";"[VCM] Motor RPM";"-6848";"rpm";
"63299.87985";"[VCM] Motor Torque";"-0.421875";"N⋅m";
"63299.9427927";"[VCM] Vehicle Speed";"34";"km/h";
"63300.0328078";"Розрахункове значення навантаження на двигун";"43.13725490196079";"%";
"63300.1328768";"Оберти двигуна";"1997";"rpm";
"63300.1328768";"Оберти двигуна x1000";"2";"rpm";
"63300.1882977";"Температура олії у двигуні";"26";"℃";
"63300.2467996";"Прискорення";"-0.106659646611042";"g";
"63300.2467996";"Пройдений шлях";"0.7354438158611111";"km";
"63300.2467996";"Пройдений шлях (Сьогодні)";"0.735443";"km";
"63300.2467996";"Пройдений шлях (Тиждень)";"0.735443";"km";
"63300.2467996";"Пройдений шлях(загальний)";"0.735443";"km";
"63300.2467996";"Середня швидкість";"18.237460662052694";"km/h";
"63300.2467996";"Швидкість автомобіля";"33";"km/h";
"63300.3279566";"Розрахунковий наддув";"-0.11";"bar";
"63300.3279566";"Тиск у впускному колекторі (абсолютний)";"88";"kPa";
"63300.4406957";"[BMS] HV State of charge";"51.5";"%";
"63300.5040845";"[BMS] HV Battery voltage";"366.27";"V";
"63300.5481173";"[BMS] Max Cell Voltage";"3.817";"V";
"63300.6071987";"[BMS] Min Cell Voltage";"3.808";"V";
"63300.6833875";"[BMS] HV Battery Current";"87.15000000000009";"A";
"63300.7480637";"[BMS] HV Battery Current (Low)";"-1600";"A";
"63300.8001485";"[BMS] HV Battery Current (High)";"89.10000000000014";"A";
"63300.8537285";"[BMS] HV Battery Temperature Sensor 1";"23";"℃";
"63300.9087674";"[BMS] HV Battery Temperature Sensor 2";"23";"℃";
"63300.9604074";"[BMS] HV Battery Temperature Sensor 3";"23";"℃";
"63301.0400531";"[BMS] HV Battery Temperature Sensor 4";"23";"℃";
"63301.0926618";"[BMS] HV Battery Intake Air Temperature";"23";"℃";
"63301.1982678";"[VCM] Traction motor temperature";"34";"℃";
"63301.2733627";"[VCM] HV Coolant Temperature";"24";"℃";
"63301.3368762";"[VCM] Target Motor Torque";"-109.71875";"N⋅m";
"63301.4341243";"[VCM] Available Motor Maximum Output";"100";"%";
"63301.4875314";"[VCM] Motor RPM";"-6720";"rpm";
"63301.4875314";"[VCM] Motor Torque";"-0.421875";"N⋅m";
"63301.5521592";"[VCM] Vehicle Speed";"27";"km/h";
"63301.6672754";"Розрахункове значення навантаження на двигун";"46.666666666666664";"%";
"63301.7234338";"Температура охолодної рідини";"38";"℃";
"63301.7843854";"Оберти двигуна";"2000";"rpm";
"63301.7843854";"Оберти двигуна x1000";"2";"rpm";
"63301.8513166";"Температура олії у двигуні";"26";"℃";
"63301.9127103";"Прискорення";"-0.13215865673494384";"g";
"63301.9127103";"Пройдений шлях";"0.7474750724722222";"km";
"63301.9127103";"Пройдений шлях (Сьогодні)";"0.747474";"km";
"63301.9127103";"Пройдений шлях (Тиждень)";"0.747474";"km";
"63301.9127103";"Пройдений шлях(загальний)";"0.747474";"km";
"63301.9127103";"Середня швидкість";"18.32552522267553";"km/h";
"63301.9127103";"Швидкість автомобіля";"26";"km/h";
"63301.9602938";"Розрахунковий наддув";"-0.1";"bar";
"63301.9602938";"Тиск у впускному колекторі (абсолютний)";"89";"kPa";
"63302.051365";"[BMS] HV State of charge";"52";"%";
"63302.1155791";"[BMS] HV Battery voltage";"363.37";"V";
"63302.1690499";"[BMS] Max Cell Voltage";"3.786";"V";
"63302.224415";"[BMS] Min Cell Voltage";"3.751";"V";
"63302.2885436";"[BMS] HV Battery Current";"13.300000000000182";"A";
"63302.3628086";"[BMS] HV Battery Current (Low)";"7.5";"A";
"63302.4393172";"[BMS] HV Battery Current (High)";"6.800000000000182";"A";
"63302.5027024";"[BMS] HV Battery Temperature Sensor 1";"23";"℃";
"63302.55671";"[BMS] HV Battery Temperature Sensor 2";"23";"℃";
"63302.6109754";"[BMS] HV Battery Temperature Sensor 3";"23";"℃";
"63302.6721785";"[BMS] HV Battery Temperature Sensor 4";"23";"℃";
"63302.7313708";"[BMS] HV Battery Intake Air Temperature";"23";"℃";
"63302.8319976";"[VCM] Traction motor temperature";"34";"℃";
"63302.9009305";"[VCM] HV Coolant Temperature";"24";"℃";
"63302.9561011";"[VCM] Target Motor Torque";"97.484375";"N⋅m";
"63303.0325126";"[VCM] Available Motor Maximum Output";"100";"%";
"63303.0845642";"[VCM] Motor RPM";"5568";"rpm";
"63303.0845642";"[VCM] Motor Torque";"0.328125";"N⋅m";
"63303.1480232";"[VCM] Vehicle Speed";"30";"km/h";
"63303.254128";"Розрахункове значення навантаження на двигун";"52.94117647058823";"%";
"63303.3081077";"Оберти двигуна";"2014";"rpm";
"63303.3081077";"Оберти двигуна x1000";"2";"rpm";
"63303.3625191";"Температура олії у двигуні";"26";"℃";
"63303.4222548";"Пройдений шлях";"0.7600550683055556";"km";
"63303.4222548";"Пройдений шлях (Сьогодні)";"0.760054";"km";
"63303.4222548";"Пройдений шлях (Тиждень)";"0.760054";"km";
"63303.4222548";"Пройдений шлях(загальний)";"0.760054";"km";
"63303.4222548";"Середня швидкість";"18.44432463490081";"km/h";
"63303.4222548";"Швидкість автомобіля";"30";"km/h";
"63303.4745946";"Розрахунковий наддув";"0.06";"bar";
"63303.4745946";"Тиск у впускному колекторі (абсолютний)";"105";"kPa";
"63303.6300915";"[BMS] HV State of charge";"52";"%";
"63303.6841433";"[BMS] HV Battery voltage";"355";"V";
"63303.7415362";"[BMS] Max Cell Voltage";"3.692";"V";
"63303.7963822";"[BMS] Min Cell Voltage";"3.673";"V";
"63303.8618129";"[BMS] HV Battery Current";"-21.899999999999864";"A";
"63303.9081773";"[BMS] HV Battery Current (Low)";"-19.449999999999818";"A";
"63303.9719304";"[BMS] HV Battery Current (High)";"-16.899999999999864";"A";
"63304.026719";"[BMS] HV Battery Temperature Sensor 1";"23";"℃";
"63304.082076";"[BMS] HV Battery Temperature Sensor 2";"23";"℃";
"63304.1403208";"[BMS] HV Battery Temperature Sensor 3";"23";"℃";
"63304.2280748";"[BMS] HV Battery Temperature Sensor 4";"23";"℃";
"63304.2800504";"[BMS] HV Battery Intake Air Temperature";"23";"℃";
"63304.3874916";"[VCM] Traction motor temperature";"34";"℃";
"63304.4280644";"[VCM] HV Coolant Temperature";"24";"℃";
"63304.4837509";"[VCM] Target Motor Torque";"74.140625";"N⋅m";
"63304.5442126";"[VCM] Available Motor Maximum Output";"13";"%";
"63304.6006076";"[VCM] Motor RPM";"4800";"rpm";
"63304.6006076";"[VCM] Motor Torque";"0.28125";"N⋅m";
"63304.6561571";"[VCM] Vehicle Speed";"37";"km/h";
"63304.783955";"Розрахункове значення навантаження на двигун";"56.07843137254902";"%";
"63304.8517075";"Температура охолодної рідини";"40";"℃";
"63304.9072036";"Оберти двигуна";"1996";"rpm";
"63304.9072036";"Оберти двигуна x1000";"2";"rpm";
"63304.962661";"Температура олії у двигуні";"27";"℃";
"63305.0230632";"Пройдений шлях";"0.77695233725";"km";
"63305.0230632";"Пройдений шлях (Сьогодні)";"0.776951";"km";
"63305.0230632";"Пройдений шлях (Тиждень)";"0.776951";"km";
"63305.0230632";"Пройдений шлях(загальний)";"0.776951";"km";
"63305.0230632";"Середня швидкість";"18.653091797717188";"km/h";
"63305.0230632";"Швидкість автомобіля";"38";"km/h";
"63305.0734436";"Розрахунковий наддув";"-0.02";"bar";
"63305.0734436";"Тиск у впускному колекторі (абсолютний)";"97";"kPa";
"63305.2082421";"[BMS] HV State of charge";"52";"%";
"63305.2559843";"[BMS] HV Battery voltage";"357.90000000000003";"V";
"63305.3031885";"[BMS] Max Cell Voltage";"3.721";"V";
"63305.3947634";"[BMS] Min Cell Voltage";"3.706";"V";
"63305.4486075";"[BMS] HV Battery Current";"14.350000000000136";"A";
"63305.5096903";"[BMS] HV Battery Current (Low)";"11.450000000000045";"A";
"63305.5624948";"[BMS] HV Battery Current (High)";"10";"A";
"63305.6268646";"[BMS] HV Battery Temperature Sensor 1";"23";"℃";
"63305.6840513";"[BMS] HV Battery Temperature Sensor 2";"23";"℃";
"63305.7413256";"[BMS] HV Battery Temperature Sensor 3";"23";"℃";
"63305.7960331";"[BMS] HV Battery Temperature Sensor 4";"23";"℃";
"63305.8585357";"[BMS] HV Battery Intake Air Temperature";"23";"℃";
"63305.9802745";"[VCM] Traction motor temperature";"34";"℃";
"63306.0270705";"[VCM] HV Coolant Temperature";"24";"℃";
"63306.0928124";"[VCM] Target Motor Torque";"35.234375";"N⋅m";
"63306.1673742";"[VCM] Available Motor Maximum Output";"100";"%";
"63306.2187419";"[VCM] Motor RPM";"2912";"rpm";
"63306.2187419";"[VCM] Motor Torque";"0.171875";"N⋅m";
"63306.2834856";"[VCM] Vehicle Speed";"41";"km/h";
"63306.3967625";"Розрахункове значення навантаження на двигун";"48.627450980392155";"%";
"63306.4511184";"Оберти двигуна";"2004";"rpm";
"63306.4511184";"Оберти двигуна x1000";"2";"rpm";
"63306.539898";"Температура олії у двигуні";"27";"℃";
"63306.5963772";"Пройдений шлях";"0.7948708565277778";"km";
"63306.5963772";"Пройдений шлях (Сьогодні)";"0.79487";"km";
"63306.5963772";"Пройдений шлях (Тиждень)";"0.79487";"km";
"63306.5963772";"Пройдений шлях(загальний)";"0.79487";"km";
"63306.5963772";"Середня швидкість";"18.885129793922513";"km/h";
"63306.5963772";"Швидкість автомобіля";"41";"km/h";
"63306.65468";"Розрахунковий наддув";"-0.07";"bar";
"63306.65468";"Тиск у впускному колекторі (абсолютний)";"92";"kPa";
"63306.7743877";"[BMS] HV State of charge";"52";"%";
"63306.8248816";"[BMS] HV Battery voltage";"358.86";"V";
"63306.886849";"[BMS] Max Cell Voltage";"3.718";"V";
"63306.9387365";"[BMS] Min Cell Voltage";"3.707";"V";
"63306.9929631";"[BMS] HV Battery Current";"16.75";"A";
"63307.0571105";"[BMS] HV Battery Current (Low)";"18.200000000000045";"A";
"63307.1428914";"[BMS] HV Battery Current (High)";"18.15000000000009";"A";
"63307.1989987";"[BMS] HV Battery Temperature Sensor 1";"23";"℃";
"63307.2531376";"[BMS] HV Battery Temperature Sensor 2";"23";"℃";
"63307.3118316";"[BMS] HV Battery Temperature Sensor 3";"23";"℃";
"63307.3720637";"[BMS] HV Battery Temperature Sensor 4";"23";"℃";
"63307.4503764";"[BMS] HV Battery Intake Air Temperature";"23";"℃";
"63307.5561";"[VCM] Traction motor temperature";"34";"℃";
"63307.6133403";"[VCM] HV Coolant Temperature";"24";"℃";
"63307.706288";"[VCM] Target Motor Torque";"24.625";"N⋅m";
"63307.7595903";"[VCM] Available Motor Maximum Output";"100";"%";
"63307.8158539";"[VCM] Motor RPM";"1600";"rpm";
"63307.8158539";"[VCM] Motor Torque";"0.09375";"N⋅m";
"63307.8699832";"[VCM] Vehicle Speed";"44";"km/h";
"63307.9598726";"Розрахункове значення навантаження на двигун";"47.05882352941177";"%";
"63308.0236091";"Температура охолодної рідини";"42";"℃";
"63308.0803625";"Оберти двигуна";"1999";"rpm";
"63308.0803625";"Оберти двигуна x1000";"2";"rpm";
"63308.134809";"Температура олії у двигуні";"27";"℃";
"63308.198734";"Прискорення";"0.07660369720344296";"g";
"63308.198734";"Пройдений шлях";"0.8140099224166667";"km";
"63308.198734";"Пройдений шлях (Сьогодні)";"0.814009";"km";
"63308.198734";"Пройдений шлях (Тиждень)";"0.814009";"km";
"63308.198734";"Пройдений шлях(загальний)";"0.814009";"km";
"63308.198734";"Середня швидкість";"19.137473286378";"km/h";
"63308.198734";"Швидкість автомобіля";"43";"km/h";
"63308.2469826";"Розрахунковий наддув";"-0.1";"bar";
"63308.2469826";"Тиск у впускному колекторі (абсолютний)";"89";"kPa";
"63308.376867";"[BMS] HV State of charge";"52.5";"%";
"63308.4314853";"[BMS] HV Battery voltage";"359.83";"V";
"63308.4875985";"[BMS] Max Cell Voltage";"3.739";"V";
"63308.5526729";"[BMS] Min Cell Voltage";"3.733";"V";
"63308.6074286";"[BMS] HV Battery Current";"35";"A";
"63308.6633825";"[BMS] HV Battery Current (Low)";"-1600";"A";
"63308.7186395";"[BMS] HV Battery Current (High)";"46.350000000000136";"A";
"63308.7731786";"[BMS] HV Battery Temperature Sensor 1";"23";"℃";
"63308.827312";"[BMS] HV Battery Temperature Sensor 2";"23";"℃";
"63308.9039552";"[BMS] HV Battery Temperature Sensor 3";"23";"℃";
"63308.9554324";"[BMS] HV Battery Temperature Sensor 4";"23";"℃";
"63309.0107712";"[BMS] HV Battery Intake Air Temperature";"23";"℃";
"63309.1316154";"[VCM] Traction motor temperature";"34";"℃";
"63309.1834139";"[VCM] HV Coolant Temperature";"24";"℃";
"63309.240077";"[VCM] Target Motor Torque";"-18.109375";"N⋅m";
"63309.3085871";"[VCM] Available Motor Maximum Output";"13";"%";
"63309.3604324";"[VCM] Motor RPM";"-1088";"rpm";
"63309.3604324";"[VCM] Motor Torque";"-0.078125";"N⋅m";
"63309.4163762";"[VCM] Vehicle Speed";"44";"km/h";
"63309.5480282";"Розрахункове значення навантаження на двигун";"46.27450980392157";"%";
"63309.6027532";"Оберти двигуна";"1997";"rpm";
"63309.6027532";"Оберти двигуна x1000";"2";"rpm";
"63309.6585634";"Температура олії у двигуні";"27";"℃";
"63309.7078039";"Прискорення";"0.05858372098095203";"g";
"63309.7078039";"Пройдений шлях";"0.8320351413888889";"km";
"63309.7078039";"Пройдений шлях (Сьогодні)";"0.832034";"km";
"63309.7078039";"Пройдений шлях (Тиждень)";"0.832034";"km";
"63309.7078039";"Пройдений шлях(загальний)";"0.832034";"km";
"63309.7078039";"Середня швидкість";"19.370349053620803";"km/h";
"63309.7078039";"Швидкість автомобіля";"43";"km/h";
"63309.7732049";"Розрахунковий наддув";"-0.1";"bar";
"63309.7732049";"Тиск у впускному колекторі (абсолютний)";"89";"kPa";
"63309.8806851";"[BMS] HV State of charge";"53";"%";
"63309.946896";"[BMS] HV Battery voltage";"366.11";"V";
"63310.0491978";"[BMS] Max Cell Voltage";"3.8";"V";
"63310.0988614";"[BMS] Min Cell Voltage";"3.791";"V";
"63310.1627141";"[BMS] HV Battery Current";"73.25";"A";
"63310.2164692";"[BMS] HV Battery Current (Low)";"-1600";"A";
"63310.2706063";"[BMS] HV Battery Current (High)";"72";"A";
"63310.3326094";"[BMS] HV Battery Temperature Sensor 1";"23";"℃";
"63310.3760282";"[BMS] HV Battery Temperature Sensor 2";"23";"℃";
"63310.43993";"[BMS] HV Battery Temperature Sensor 3";"23";"℃";
"63310.4882236";"[BMS] HV Battery Temperature Sensor 4";"23";"℃";
"63310.546742";"[BMS] HV Battery Intake Air Temperature";"23";"℃";
"63310.6830721";"[VCM] Traction motor temperature";"35";"℃";
"63310.7349427";"[VCM] HV Coolant Temperature";"24";"℃";
"63310.7948143";"[VCM] Target Motor Torque";"-27.21875";"N⋅m";
"63310.8615431";"[VCM] Available Motor Maximum Output";"13";"%";
"63310.9282644";"[VCM] Motor RPM";"-1888";"rpm";
"63310.9282644";"[VCM] Motor Torque";"-0.125";"N⋅m";
"63310.9938632";"[VCM] Vehicle Speed";"41";"km/h";
"63311.1052971";"Розрахункове значення навантаження на двигун";"45.88235294117647";"%";
"63311.1600846";"Температура охолодної рідини";"44";"℃";
"63311.2481627";"Оберти двигуна";"1996";"rpm";
"63311.2481627";"Оберти двигуна x1000";"2";"rpm";
"63311.306991";"Температура олії у двигуні";"27";"℃";
"63311.3649186";"Пройдений шлях";"0.8504482769444445";"km";
"63311.3649186";"Пройдений шлях (Сьогодні)";"0.850447";"km";
"63311.3649186";"Пройдений шлях (Тиждень)";"0.850447";"km";
"63311.3649186";"Пройдений шлях(загальний)";"0.850447";"km";
"63311.3649186";"Середня швидкість";"19.58908791575989";"km/h";
"63311.3649186";"Швидкість автомобіля";"40";"km/h";
"63311.4193409";"Розрахунковий наддув";"-0.12";"bar";
"63311.4193409";"Тиск у впускному колекторі (абсолютний)";"87";"kPa";
"63311.540621";"[BMS] HV State of charge";"53.5";"%";
"63311.5954825";"[BMS] HV Battery voltage";"364.5";"V";
"63311.6509025";"[BMS] Max Cell Voltage";"3.8";"V";
"63311.7138679";"[BMS] Min Cell Voltage";"3.794";"V";
"63311.7618887";"[BMS] HV Battery Current";"65.55000000000018";"A";
"63311.8282285";"[BMS] HV Battery Current (Low)";"-1600";"A";
"63311.8833588";"[BMS] HV Battery Current (High)";"66";"A";
"63311.9482728";"[BMS] HV Battery Temperature Sensor 1";"23";"℃";
"63312.0038542";"[BMS] HV Battery Temperature Sensor 2";"23";"℃";
"63312.051353";"[BMS] HV Battery Temperature Sensor 3";"23";"℃";
"63312.1200225";"[BMS] HV Battery Temperature Sensor 4";"23";"℃";
"63312.1730553";"[BMS] HV Battery Intake Air Temperature";"23";"℃";
"63312.2754524";"[VCM] Traction motor temperature";"35";"℃";
"63312.3399286";"[VCM] HV Coolant Temperature";"24";"℃";
"63312.4040787";"[VCM] Target Motor Torque";"-26.015625";"N⋅m";
"63312.4839063";"[VCM] Available Motor Maximum Output";"13";"%";
"63312.5353562";"[VCM] Motor RPM";"-2112";"rpm";
"63312.5353562";"[VCM] Motor Torque";"-0.140625";"N⋅m";
"63312.5868948";"[VCM] Vehicle Speed";"38";"km/h";
"63312.7039105";"Розрахункове значення навантаження на двигун";"45.490196078431374";"%";
"63312.7596305";"Оберти двигуна";"1996";"rpm";
"63312.7596305";"Оберти двигуна x1000";"2";"rpm";
"63312.8119066";"Температура олії у двигуні";"28";"℃";
"63312.8774347";"Прискорення";"-0.018038650568314656";"g";
"63312.8774347";"Пройдений шлях";"0.8659926717222223";"km";
"63312.8774347";"Пройдений шлях (Сьогодні)";"0.865991";"km";
"63312.8774347";"Пройдений шлях (Тиждень)";"0.865991";"km";
"63312.8774347";"Пройдений шлях(загальний)";"0.865991";"km";
"63312.8774347";"Середня швидкість";"19.75595761560681";"km/h";
"63312.8774347";"Швидкість автомобіля";"37";"km/h";
"63312.9289251";"Розрахунковий наддув";"-0.12";"bar";
"63312.9289251";"Тиск у впускному колекторі (абсолютний)";"87";"kPa";
"63313.0518469";"[BMS] HV State of charge";"54";"%";
"63313.1190061";"[BMS] HV Battery voltage";"369.65000000000003";"V";
"63313.1762263";"[BMS] Max Cell Voltage";"3.855";"V";
"63313.2357866";"[BMS] Min Cell Voltage";"3.84";"V";
"63313.2905729";"[BMS] HV Battery Current";"97";"A";
"63313.3368966";"[BMS] HV Battery Current (Low)";"-1600";"A";
"63313.3994067";"[BMS] HV Battery Current (High)";"68.80000000000018";"A";
"63313.4513351";"[BMS] HV Battery Temperature Sensor 1";"23";"℃";
"63313.5160462";"[BMS] HV Battery Temperature Sensor 2";"23";"℃";
"63313.5789749";"[BMS] HV Battery Temperature Sensor 3";"23";"℃";
"63313.6317694";"[BMS] HV Battery Temperature Sensor 4";"23";"℃";
"63313.693465";"[BMS] HV Battery Intake Air Temperature";"23";"℃";
"63313.8355552";"[VCM] Traction motor temperature";"35";"℃";
"63313.8874104";"[VCM] HV Coolant Temperature";"24";"℃";
"63313.9551274";"[VCM] Target Motor Torque";"13.453125";"N⋅m";
"63313.9997965";"[VCM] Available Motor Maximum Output";"100";"%";
"63314.0654771";"[VCM] Motor RPM";"1152";"rpm";
"63314.0654771";"[VCM] Motor Torque";"0.0625";"N⋅m";
"63314.1504361";"[VCM] Vehicle Speed";"34";"km/h";
"63314.2757595";"Розрахункове значення навантаження на двигун";"45.09803921568628";"%";
"63314.3430247";"Температура охолодної рідини";"44";"℃";
"63314.4100408";"Оберти двигуна";"2001";"rpm";
"63314.4100408";"Оберти двигуна x1000";"2";"rpm";
"63314.4565617";"Температура олії у двигуні";"28";"℃";
"63314.5240104";"Прискорення";"-0.04030322742014595";"g";
"63314.5240104";"Пройдений шлях";"0.881543638";"km";
"63314.5240104";"Пройдений шлях (Сьогодні)";"0.881542";"km";
"63314.5240104";"Пройдений шлях (Тиждень)";"0.881542";"km";
"63314.5240104";"Пройдений шлях(загальний)";"0.881542";"km";
"63314.5240104";"Середня швидкість";"19.90304909590049";"km/h";
"63314.5240104";"Швидкість автомобіля";"34";"km/h";
"63314.5800843";"Розрахунковий наддув";"-0.12";"bar";
"63314.5800843";"Тиск у впускному колекторі (абсолютний)";"87";"kPa";
"63314.7197221";"[BMS] HV State of charge";"54.5";"%";
"63314.7847397";"[BMS] HV Battery voltage";"363.21";"V";
"63314.8361696";"[BMS] Max Cell Voltage";"3.743";"V";
"63314.8927064";"[BMS] Min Cell Voltage";"3.726";"V";
"63314.9493018";"[BMS] HV Battery Current";"0.15000000000009095";"A";
"63315.0157857";"[BMS] HV Battery Current (Low)";"-14.199999999999818";"A";
"63315.0913576";"[BMS] HV Battery Current (High)";"-25.649999999999864";"A";
"63315.1548924";"[BMS] HV Battery Temperature Sensor 1";"23";"℃";
"63315.207267";"[BMS] HV Battery Temperature Sensor 2";"23";"℃";
"63315.2652863";"[BMS] HV Battery Temperature Sensor 3";"23";"℃";
"63315.3442317";"[BMS] HV Battery Temperature Sensor 4";"23";"℃";
"63315.4054604";"[BMS] HV Battery Intake Air Temperature";"23";"℃";
"63315.5202404";"[VCM] Traction motor temperature";"35";"℃";
"63315.5604474";"[VCM] HV Coolant Temperature";"24";"℃";
"63315.6235009";"[VCM] Target Motor Torque";"74.53125";"N⋅m";
"63315.6705734";"[VCM] Available Motor Maximum Output";"100";"%";
"63315.7271018";"[VCM] Motor RPM";"4480";"rpm";
"63315.7271018";"[VCM] Motor Torque";"0.265625";"N⋅m";
"63315.7848574";"[VCM] Vehicle Speed";"38";"km/h";
"63315.9297993";"Розрахункове значення навантаження на двигун";"50.19607843137255";"%";
"63315.9827697";"Оберти двигуна";"2001";"rpm";
"63315.9827697";"Оберти двигуна x1000";"2";"rpm";
"63316.0378932";"Температура олії у двигуні";"28";"℃";
"63316.0881607";"Пройдений шлях";"0.8980543688333333";"km";
"63316.0881607";"Пройдений шлях (Сьогодні)";"0.898053";"km";
"63316.0881607";"Пройдений шлях (Тиждень)";"0.898053";"km";
"63316.0881607";"Пройдений шлях(загальний)";"0.898053";"km";
"63316.0881607";"Середня швидкість";"20.078851310911894";"km/h";
"63316.0881607";"Швидкість автомобіля";"38";"km/h";
"63316.1444146";"Розрахунковий наддув";"-0.02";"bar";
"63316.1444146";"Тиск у впускному колекторі (абсолютний)";"97";"kPa";
"63316.2606515";"[BMS] HV State of charge";"54.5";"%";
"63316.3120378";"[BMS] HV Battery voltage";"356.45";"V";
"63316.3806489";"[BMS] Max Cell Voltage";"3.706";"V";
"63316.4269088";"[BMS] Min Cell Voltage";"3.701";"V";
"63316.5120818";"[BMS] HV Battery Current";"-10.199999999999818";"A";
"63316.5677858";"[BMS] HV Battery Current (Low)";"-8.449999999999818";"A";
"63316.6308014";"[BMS] HV Battery Current (High)";"-7.699999999999818";"A";
"63316.6827335";"[BMS] HV Battery Temperature Sensor 1";"23";"℃";
"63316.7403414";"[BMS] HV Battery Temperature Sensor 2";"23";"℃";
"63316.7942429";"[BMS] HV Battery Temperature Sensor 3";"23";"℃";
"63316.8508954";"[BMS] HV Battery Temperature Sensor 4";"23";"℃";
"63316.9188431";"[BMS] HV Battery Intake Air Temperature";"23";"℃";
"63317.0667484";"[VCM] Traction motor temperature";"35";"℃";
"63317.1190478";"[VCM] HV Coolant Temperature";"24";"℃";
"63317.173933";"[VCM] Target Motor Torque";"56.625";"N⋅m";
"63317.2287739";"[VCM] Available Motor Maximum Output";"13";"%";
"63317.2730974";"[VCM] Motor RPM";"3936";"rpm";
"63317.2730974";"[VCM] Motor Torque";"0.234375";"N⋅m";
"63317.3401476";"[VCM] Vehicle Speed";"43";"km/h";
"63317.4474704";"Розрахункове значення навантаження на двигун";"45.09803921568628";"%";
"63317.5004013";"Температура охолодної рідини";"44";"℃";
"63317.5785607";"Оберти двигуна";"2001";"rpm";
"63317.5785607";"Оберти двигуна x1000";"2";"rpm";
"63317.6687989";"Температура олії у двигуні";"28";"℃";
"63317.7324508";"Пройдений шлях";"0.9172376436666667";"km";
"63317.7324508";"Пройдений шлях (Сьогодні)";"0.917236";"km";
"63317.7324508";"Пройдений шлях (Тиждень)";"0.917236";"km";
"63317.7324508";"Пройдений шлях(загальний)";"0.917236";"km";
"63317.7324508";"Середня швидкість";"20.30044658202818";"km/h";
"63317.7324508";"Швидкість автомобіля";"42";"km/h";
"63317.7874725";"Розрахунковий наддув";"-0.13";"bar";
"63317.7874725";"Тиск у впускному колекторі (абсолютний)";"86";"kPa";
"63317.8996149";"[BMS] HV State of charge";"54.5";"%";
"63317.9507647";"[BMS] HV Battery voltage";"355.32";"V";
"63318.0072236";"[BMS] Max Cell Voltage";"3.7";"V";
"63318.0659926";"[BMS] Min Cell Voltage";"3.692";"V";
"63318.1259801";"[BMS] HV Battery Current";"-8.649999999999864";"A";
"63318.1953218";"[BMS] HV Battery Current (Low)";"-2.599999999999909";"A";
"63318.2592099";"[BMS] HV Battery Current (High)";"-0.6499999999998636";"A";
"63318.3147709";"[BMS] HV Battery Temperature Sensor 1";"23";"℃";
"63318.3683368";"[BMS] HV Battery Temperature Sensor 2";"23";"℃";
"63318.4342651";"[BMS] HV Battery Temperature Sensor 3";"23";"℃";
"63318.4864152";"[BMS] HV Battery Temperature Sensor 4";"23";"℃";
"63318.5566713";"[BMS] HV Battery Intake Air Temperature";"23";"℃";
"63318.6604716";"[VCM] Traction motor temperature";"35";"℃";
"63318.7148117";"[VCM] HV Coolant Temperature";"24";"℃";
"63318.7759627";"[VCM] Target Motor Torque";"28.75";"N⋅m";
"63318.8521812";"[VCM] Available Motor Maximum Output";"13";"%";
"63318.931285";"[VCM] Motor RPM";"1792";"rpm";
"63318.931285";"[VCM] Motor Torque";"0.109375";"N⋅m";
"63318.9850576";"[VCM] Vehicle Speed";"45";"km/h";
"63319.0992192";"Розрахункове значення навантаження на двигун";"44.705882352941174";"%";
"63319.1653747";"Оберти двигуна";"2001";"rpm";
"63319.1653747";"Оберти двигуна x1000";"2";"rpm";
"63319.216239";"Температура олії у двигуні";"28";"℃";
"63319.2778035";"Пройдений шлях";"0.9365544024166668";"km";
"63319.2778035";"Пройдений шлях (Сьогодні)";"0.936553";"km";
"63319.2778035";"Пройдений шлях (Тиждень)";"0.936553";"km";
"63319.2778035";"Пройдений шлях(загальний)";"0.936553";"km";
"63319.2778035";"Середня швидкість";"20.532895771442774";"km/h";
"63319.2778035";"Швидкість автомобіля";"45";"km/h";
"63319.3267274";"Розрахунковий наддув";"-0.13";"bar";
"63319.3267274";"Тиск у впускному колекторі (абсолютний)";"86";"kPa";
"63319.4714395";"[BMS] HV State of charge";"54.5";"%";
"63319.5286991";"[BMS] HV Battery voltage";"362.57";"V";
"63319.5833842";"[BMS] Max Cell Voltage";"3.763";"V";
"63319.6409881";"[BMS] Min Cell Voltage";"3.754";"V";
"63319.6964406";"[BMS] HV Battery Current";"47.200000000000045";"A";
"63319.7453478";"[BMS] HV Battery Current (Low)";"-1600";"A";
"63319.8014143";"[BMS] HV Battery Current (High)";"44.65000000000009";"A";
"63319.8543288";"[BMS] HV Battery Temperature Sensor 1";"23";"℃";
"63319.9200168";"[BMS] HV Battery Temperature Sensor 2";"23";"℃";
"63319.995408";"[BMS] HV Battery Temperature Sensor 3";"23";"℃";
"63320.046986";"[BMS] HV Battery Temperature Sensor 4";"23";"℃";
"63320.1005014";"[BMS] HV Battery Intake Air Temperature";"23";"℃";
"63320.2225202";"[VCM] Traction motor temperature";"35";"℃";
"63320.2807348";"[VCM] HV Coolant Temperature";"24";"℃";
"63320.3321181";"[VCM] Target Motor Torque";"30.578125";"N⋅m";
"63320.3868579";"[VCM] Available Motor Maximum Output";"13";"%";
"63320.4447139";"[VCM] Motor RPM";"2240";"rpm";
"63320.4447139";"[VCM] Motor Torque";"0.125";"N⋅m";
"63320.5019295";"[VCM] Vehicle Speed";"45";"km/h";
"63320.6248798";"Розрахункове значення навантаження на двигун";"44.705882352941174";"%";
"63320.6801415";"Температура охолодної рідини";"44";"℃";
"63320.7257156";"Оберти двигуна";"2000";"rpm";
"63320.7257156";"Оберти двигуна x1000";"2";"rpm";
"63320.7912435";"Температура олії у двигуні";"29";"℃";
"63320.8435588";"Прискорення";"0.04930414868971936";"g";
"63320.8435588";"Пройдений шлях";"0.9561500699166667";"km";
"63320.8435588";"Пройдений шлях (Сьогодні)";"0.956149";"km";
"63320.8435588";"Пройдений шлях (Тиждень)";"0.956149";"km";
"63320.8435588";"Пройдений шлях(загальний)";"0.956149";"km";
"63320.8435588";"Середня швидкість";"20.76427309388541";"km/h";
"63320.8435588";"Швидкість автомобіля";"45";"km/h";
"63320.931633";"Розрахунковий наддув";"-0.13";"bar";
"63320.931633";"Тиск у впускному колекторі (абсолютний)";"86";"kPa";
"63321.0363403";"[BMS] HV State of charge";"55";"%";
"63321.0918029";"[BMS] HV Battery voltage";"367.08";"V";
"63321.1799204";"[BMS] Max Cell Voltage";"3.793";"V";
"63321.2390436";"[BMS] Min Cell Voltage";"3.787";"V";
"63321.3804095";"[BMS] HV Battery Current";"65.15000000000009";"A";
"63321.4317995";"[BMS] HV Battery Current (Low)";"-1600";"A";
"63321.4993363";"[BMS] HV Battery Current (High)";"29.450000000000045";"A";
"63321.5557158";"[BMS] HV Battery Temperature Sensor 1";"23";"℃";
"63321.6009142";"[BMS] HV Battery Temperature Sensor 2";"23";"℃";
"63321.6671024";"[BMS] HV Battery Temperature Sensor 3";"23";"℃";
"63321.7474553";"[BMS] HV Battery Temperature Sensor 4";"23";"℃";
"63321.8138181";"[BMS] HV Battery Intake Air Temperature";"23";"℃";
"63321.9171476";"[VCM] Traction motor temperature";"35";"℃";
"63321.9795964";"[VCM] HV Coolant Temperature";"24";"℃";
"63322.0358036";"[VCM] Target Motor Torque";"-7";"N⋅m";
"63322.1003246";"[VCM] Available Motor Maximum Output";"13";"%";
"63322.1488433";"[VCM] Motor RPM";"-544";"rpm";
"63322.1488433";"[VCM] Motor Torque";"-0.046875";"N⋅m";
"63322.2134834";"[VCM] Vehicle Speed";"45";"km/h";
"63322.3504456";"Розрахункове значення навантаження на двигун";"44.31372549019608";"%";
"63322.4062266";"Оберти двигуна";"2000";"rpm";
"63322.4062266";"Оберти двигуна x1000";"2";"rpm";
"63322.4604732";"Температура олії у двигуні";"29";"℃";
"63322.5187856";"Пройдений шлях";"0.97660178325";"km";
"63322.5187856";"Пройдений шлях (Сьогодні)";"0.976601";"km";
"63322.5187856";"Пройдений шлях (Тиждень)";"0.976601";"km";
"63322.5187856";"Пройдений шлях(загальний)";"0.976601";"km";
"63322.5187856";"Середня швидкість";"20.99647304257664";"km/h";
"63322.5187856";"Швидкість автомобіля";"44";"km/h";
"63322.5835998";"Розрахунковий наддув";"-0.14";"bar";
"63322.5835998";"Тиск у впускному колекторі (абсолютний)";"85";"kPa";
"63322.6872969";"[BMS] HV State of charge";"55";"%";
"63322.7527405";"[BMS] HV Battery voltage";"370.46";"V";
"63322.8127375";"[BMS] Max Cell Voltage";"3.845";"V";
"63322.8753599";"[BMS] Min Cell Voltage";"3.837";"V";
"63322.9403876";"[BMS] HV Battery Current";"108.30000000000018";"A";
"63322.9951406";"[BMS] HV Battery Current (Low)";"-1600";"A";
"63323.0511169";"[BMS] HV Battery Current (High)";"113.45000000000005";"A";
"63323.1044483";"[BMS] HV Battery Temperature Sensor 1";"23";"℃";
"63323.1640139";"[BMS] HV Battery Temperature Sensor 2";"23";"℃";
"63323.2240594";"[BMS] HV Battery Temperature Sensor 3";"23";"℃";
"63323.2800038";"[BMS] HV Battery Temperature Sensor 4";"23";"℃";
"63323.3312696";"[BMS] HV Battery Intake Air Temperature";"23";"℃";
"63323.4484346";"[VCM] Traction motor temperature";"35";"℃";
"63323.52981";"[VCM] HV Coolant Temperature";"24";"℃";
"63323.5849204";"[VCM] Target Motor Torque";"-20.953125";"N⋅m";
"63323.6306982";"[VCM] Available Motor Maximum Output";"100";"%";
"63323.6910445";"[VCM] Motor RPM";"-1312";"rpm";
"63323.6910445";"[VCM] Motor Torque";"-0.09375";"N⋅m";
"63323.7518062";"[VCM] Vehicle Speed";"40";"km/h";
"63323.8726508";"Розрахункове значення навантаження на двигун";"44.31372549019608";"%";
"63323.9268336";"Температура охолодної рідини";"46";"℃";
"63323.9856005";"Оберти двигуна";"2000";"rpm";
"63323.9856005";"Оберти двигуна x1000";"2";"rpm";
"63324.0891337";"Температура олії у двигуні";"29";"℃";
"63324.1452007";"Прискорення";"-0.008834104183759921";"g";
"63324.1452007";"Пройдений шлях";"0.9946735176944445";"km";
"63324.1452007";"Пройдений шлях (Сьогодні)";"0.994673";"km";
"63324.1452007";"Пройдений шлях (Тиждень)";"0.994673";"km";
"63324.1452007";"Пройдений шлях(загальний)";"0.994673";"km";
"63324.1452007";"Середня швидкість";"21.179285083416804";"km/h";
"63324.1452007";"Швидкість автомобіля";"40";"km/h";
"63324.2022074";"Розрахунковий наддув";"-0.14";"bar";
"63324.2022074";"Тиск у впускному колекторі (абсолютний)";"85";"kPa";
"63324.3115026";"[BMS] HV State of charge";"56";"%";
"63324.3650945";"[BMS] HV Battery voltage";"370.62";"V";
"63324.4320324";"[BMS] Max Cell Voltage";"3.846";"V";
"63324.484778";"[BMS] Min Cell Voltage";"3.834";"V";
"63324.5528387";"[BMS] HV Battery Current";"99.75";"A";
"63324.6087963";"[BMS] HV Battery Current (Low)";"-1600";"A";
"63324.7019292";"[BMS] HV Battery Current (High)";"112.60000000000014";"A";
"63324.7596265";"[BMS] HV Battery Temperature Sensor 1";"23";"℃";
"63324.8164412";"[BMS] HV Battery Temperature Sensor 2";"23";"℃";
"63324.8778831";"[BMS] HV Battery Temperature Sensor 3";"23";"℃";
"63324.9202146";"[BMS] HV Battery Temperature Sensor 4";"23";"℃";
"63324.9760137";"[BMS] HV Battery Intake Air Temperature";"23";"℃";
"63325.0917641";"[VCM] Traction motor temperature";"35";"℃";
"63325.1684962";"[VCM] HV Coolant Temperature";"24";"℃";
"63325.259082";"[VCM] Target Motor Torque";"-116.75";"N⋅m";
"63325.3430349";"[VCM] Available Motor Maximum Output";"100";"%";
"63325.3939092";"[VCM] Motor RPM";"-7392";"rpm";
"63325.3939092";"[VCM] Motor Torque";"-0.453125";"N⋅m";
"63325.4534231";"[VCM] Vehicle Speed";"34";"km/h";
"63325.5363999";"Розрахункове значення навантаження на двигун";"44.31372549019608";"%";
"63325.6004316";"Оберти двигуна";"2001";"rpm";
"63325.6004316";"Оберти двигуна x1000";"2";"rpm";
"63325.6475298";"Температура олії у двигуні";"30";"℃";
"63325.7062881";"Прискорення";"-0.05287488899226188";"g";
"63325.7062881";"Пройдений шлях";"1.0089844232777778";"km";
"63325.7062881";"Пройдений шлях (Сьогодні)";"1.008984";"km";
"63325.7062881";"Пройдений шлях (Тиждень)";"1.008984";"km";
"63325.7062881";"Пройдений шлях(загальний)";"1.008984";"km";
"63325.7062881";"Середня швидкість";"21.287437403988836";"km/h";
"63325.7062881";"Швидкість автомобіля";"33";"km/h";
"63325.7761501";"Розрахунковий наддув";"-0.14";"bar";
"63325.7761501";"Тиск у впускному колекторі (абсолютний)";"85";"kPa";
"63325.9018084";"[BMS] HV State of charge";"57";"%";
"63325.9477639";"[BMS] HV Battery voltage";"374.32";"V";
"63326.0120538";"[BMS] Max Cell Voltage";"3.899";"V";
"63326.0784214";"[BMS] Min Cell Voltage";"3.886";"V";
"63326.1368596";"[BMS] HV Battery Current";"112.80000000000018";"A";
"63326.185205";"[BMS] HV Battery Current (Low)";"-1600";"A";
"63326.2405545";"[BMS] HV Battery Current (High)";"110.25";"A";
"63326.2957851";"[BMS] HV Battery Temperature Sensor 1";"23";"℃";
"63326.3484902";"[BMS] HV Battery Temperature Sensor 2";"23";"℃";
"63326.4284277";"[BMS] HV Battery Temperature Sensor 3";"23";"℃";
"63326.4946312";"[BMS] HV Battery Temperature Sensor 4";"23";"℃";
"63326.562167";"[BMS] HV Battery Intake Air Temperature";"23";"℃";
"63326.6762089";"[VCM] Traction motor temperature";"35";"℃";
"63326.7271173";"[VCM] HV Coolant Temperature";"24";"℃";
"63326.784823";"[VCM] Target Motor Torque";"-141.0625";"N⋅m";
"63326.8371046";"[VCM] Available Motor Maximum Output";"100";"%";
"63326.9065292";"[VCM] Motor RPM";"-8960";"rpm";
"63326.9065292";"[VCM] Motor Torque";"-0.546875";"N⋅m";
"63326.9467672";"[VCM] Vehicle Speed";"25";"km/h";
"63327.0962901";"Розрахункове значення навантаження на двигун";"44.31372549019608";"%";
"63327.1520538";"Температура охолодної рідини";"47";"℃";
"63327.2088616";"Оберти двигуна";"1998";"rpm";
"63327.2088616";"Оберти двигуна x1000";"2";"rpm";
"63327.2696619";"Температура олії у двигуні";"30";"℃";
"63327.3234259";"Прискорення";"-0.09616862480573964";"g";
"63327.3234259";"Пройдений шлях";"1.0193153447777779";"km";
"63327.3234259";"Пройдений шлях (Сьогодні)";"1.019315";"km";
"63327.3234259";"Пройдений шлях (Тиждень)";"1.019315";"km";
"63327.3234259";"Пройдений шлях(загальний)";"1.019315";"km";
"63327.3234259";"Середня швидкість";"21.303514232100245";"km/h";
"63327.3234259";"Швидкість автомобіля";"23";"km/h";
"63327.3838762";"Розрахунковий наддув";"-0.14";"bar";
"63327.3838762";"Тиск у впускному колекторі (абсолютний)";"85";"kPa";
"63327.5007208";"[BMS] HV State of charge";"58";"%";
"63327.5509497";"[BMS] HV Battery voltage";"372.23";"V";
"63327.6157012";"[BMS] Max Cell Voltage";"3.886";"V";
"63327.6902889";"[BMS] Min Cell Voltage";"3.874";"V";
"63327.7350679";"[BMS] HV Battery Current";"82.90000000000009";"A";
"63327.7998666";"[BMS] HV Battery Current (Low)";"-1600";"A";
"63327.8693938";"[BMS] HV Battery Current (High)";"83.75";"A";
"63327.9234176";"[BMS] HV Battery Temperature Sensor 1";"23";"℃";
"63327.9749909";"[BMS] HV Battery Temperature Sensor 2";"23";"℃";
"63328.0366871";"[BMS] HV Battery Temperature Sensor 3";"23";"℃";
"63328.0911228";"[BMS] HV Battery Temperature Sensor 4";"23";"℃";
"63328.1791039";"[BMS] HV Battery Intake Air Temperature";"23";"℃";
"63328.3004082";"[VCM] Traction motor temperature";"35";"℃";
"63328.3661637";"[VCM] HV Coolant Temperature";"24";"℃";
"63328.4162252";"[VCM] Target Motor Torque";"-143.234375";"N⋅m";
"63328.4905617";"[VCM] Available Motor Maximum Output";"100";"%";
"63328.5455345";"[VCM] Motor RPM";"-9120";"rpm";
"63328.5455345";"[VCM] Motor Torque";"-0.5625";"N⋅m";
"63328.606309";"[VCM] Vehicle Speed";"12";"km/h";
"63328.7231627";"Розрахункове значення навантаження на двигун";"44.31372549019608";"%";
"63328.8033999";"Оберти двигуна";"1997";"rpm";
"63328.8033999";"Оберти двигуна x1000";"2";"rpm";
"63328.8641869";"Температура олії у двигуні";"30";"℃";
"63328.9182479";"Прискорення";"-0.15049159868586653";"g";
"63328.9182479";"Пройдений шлях";"1.023745445888889";"km";
"63328.9182479";"Пройдений шлях (Сьогодні)";"1.023745";"km";
"63328.9182479";"Пройдений шлях (Тиждень)";"1.023745";"km";
"63328.9182479";"Пройдений шлях(загальний)";"1.023745";"km";
"63328.9182479";"Середня швидкість";"21.1998169788736";"km/h";
"63328.9182479";"Швидкість автомобіля";"10";"km/h";
"63328.9709668";"Розрахунковий наддув";"-0.13";"bar";
"63328.9709668";"Тиск у впускному колекторі (абсолютний)";"86";"kPa";
"63329.1018201";"[BMS] HV State of charge";"58.5";"%";
"63329.1454013";"[BMS] HV Battery voltage";"369.01";"V";
"63329.2227033";"[BMS] Max Cell Voltage";"3.847";"V";
"63329.2701281";"[BMS] Min Cell Voltage";"3.839";"V";
"63329.3612051";"[BMS] HV Battery Current";"44";"A";
"63329.4083376";"[BMS] HV Battery Current (Low)";"-1600";"A";
"63329.4480906";"[BMS] HV Battery Current (High)";"39.30000000000018";"A";
"63329.5004897";"[BMS] HV Battery Temperature Sensor 1";"23";"℃";
"63329.5674261";"[BMS] HV Battery Temperature Sensor 2";"23";"℃";
"63329.6321417";"[BMS] HV Battery Temperature Sensor 3";"23";"℃";
"63329.6873418";"[BMS] HV Battery Temperature Sensor 4";"23";"℃";
"63329.7607171";"[BMS] HV Battery Intake Air Temperature";"23";"℃";
"63329.865642";"[VCM] Traction motor temperature";"36";"℃";
"63329.9310962";"[VCM] HV Coolant Temperature";"24";"℃";
"63329.9849343";"[VCM] Target Motor Torque";"-0.015625";"N⋅m";
"63330.0523038";"[VCM] Available Motor Maximum Output";"100";"%";
"63330.1082321";"[VCM] Motor RPM";"0";"rpm";
"63330.1082321";"[VCM] Motor Torque";"0";"N⋅m";
"63330.1623542";"[VCM] Vehicle Speed";"5";"km/h";
"63330.2890191";"Розрахункове значення навантаження на двигун";"49.01960784313726";"%";
"63330.3440772";"Температура охолодної рідини";"48";"℃";
"63330.4004557";"Оберти двигуна";"1587";"rpm";
"63330.4004557";"Оберти двигуна x1000";"1.6";"rpm";
"63330.4868281";"Температура олії у двигуні";"31";"℃";
"63330.552487";"Прискорення";"-0.15914946909394828";"g";
"63330.552487";"Пройдений шлях";"1.0255612275555557";"km";
"63330.552487";"Пройдений шлях (Сьогодні)";"1.025561";"km";
"63330.552487";"Пройдений шлях (Тиждень)";"1.025561";"km";
"63330.552487";"Пройдений шлях(загальний)";"1.025561";"km";
"63330.552487";"Середня швидкість";"21.039638508732214";"km/h";
"63330.552487";"Швидкість автомобіля";"4";"km/h";
"63330.615614";"Розрахунковий наддув";"-0.36";"bar";
"63330.615614";"Тиск у впускному колекторі (абсолютний)";"63";"kPa";
"63330.7556061";"[BMS] HV State of charge";"58.5";"%";
"63330.8094842";"[BMS] HV Battery voltage";"365.47";"V";
"63330.8648148";"[BMS] Max Cell Voltage";"3.784";"V";
"63330.9161621";"[BMS] Min Cell Voltage";"3.781";"V";
"63330.9757278";"[BMS] HV Battery Current";"12.150000000000091";"A";
"63331.0327417";"[BMS] HV Battery Current (Low)";"7.75";"A";
"63331.1465212";"[BMS] HV Battery Current (High)";"11.950000000000045";"A";
"63331.1936669";"[BMS] HV Battery Temperature Sensor 1";"23";"℃";
"63331.2437997";"[BMS] HV Battery Temperature Sensor 2";"23";"℃";
"63331.3123798";"[BMS] HV Battery Temperature Sensor 3";"23";"℃";
"63331.3677976";"[BMS] HV Battery Temperature Sensor 4";"23";"℃";
"63331.4214844";"[BMS] HV Battery Intake Air Temperature";"23";"℃";
"63331.5168757";"[VCM] Traction motor temperature";"36";"℃";
"63331.5808675";"[VCM] HV Coolant Temperature";"24";"℃";
"63331.6365121";"[VCM] Target Motor Torque";"0";"N⋅m";
"63331.7361738";"[VCM] Available Motor Maximum Output";"100";"%";
"63331.7874596";"[VCM] Motor RPM";"0";"rpm";
"63331.7874596";"[VCM] Motor Torque";"0";"N⋅m";
"63331.8454444";"[VCM] Vehicle Speed";"1";"km/h";
"63331.9569205";"Розрахункове значення навантаження на двигун";"29.41176470588235";"%";
"63332.0199063";"Оберти двигуна";"1499";"rpm";
"63332.0199063";"Оберти двигуна x1000";"1.5";"rpm";
"63332.0895457";"Температура олії у двигуні";"31";"℃";
"63332.1425726";"Прискорення";"-0.14522973027317768";"g";
"63332.1425726";"Пройдений шлях";"1.0255612275555557";"km";
"63332.1425726";"Пройдений шлях (Сьогодні)";"1.025561";"km";
"63332.1425726";"Пройдений шлях (Тиждень)";"1.025561";"km";
"63332.1425726";"Пройдений шлях(загальний)";"1.025561";"km";
"63332.1425726";"Середня швидкість";"20.850700222617608";"km/h";
"63332.1425726";"Швидкість автомобіля";"0";"km/h";
"63332.2040997";"Розрахунковий наддув";"-0.48";"bar";
"63332.2040997";"Тиск у впускному колекторі (абсолютний)";"51";"kPa";
"63332.3303499";"[BMS] HV State of charge";"59";"%";
"63332.3942313";"[BMS] HV Battery voltage";"363.05";"V";
"63332.4476381";"[BMS] Max Cell Voltage";"3.783";"V";
"63332.4997927";"[BMS] Min Cell Voltage";"3.772";"V";
"63332.5634971";"[BMS] HV Battery Current";"13.650000000000091";"A";
"63332.6170778";"[BMS] HV Battery Current (Low)";"9.100000000000136";"A";
"63332.6720936";"[BMS] HV Battery Current (High)";"13";"A";
"63332.7409704";"[BMS] HV Battery Temperature Sensor 1";"23";"℃";
"63332.7951275";"[BMS] HV Battery Temperature Sensor 2";"23";"℃";
"63332.9039356";"[BMS] HV Battery Temperature Sensor 3";"23";"℃";
"63332.9582297";"[BMS] HV Battery Temperature Sensor 4";"23";"℃";
"63333.0094437";"[BMS] HV Battery Intake Air Temperature";"23";"℃";
"63333.1268257";"[VCM] Traction motor temperature";"36";"℃";
"63333.1789296";"[VCM] HV Coolant Temperature";"24";"℃";
"63333.2442479";"[VCM] Target Motor Torque";"0";"N⋅m";
"63333.2963301";"[VCM] Available Motor Maximum Output";"13";"%";
"63333.3515573";"[VCM] Motor RPM";"0";"rpm";
"63333.3515573";"[VCM] Motor Torque";"0";"N⋅m";
"63333.4411999";"[VCM] Vehicle Speed";"0";"km/h";
"63333.5642017";"Розрахункове значення навантаження на двигун";"28.627450980392158";"%";
"63333.6202807";"Температура охолодної рідини";"49";"℃";
"63333.6680038";"Оберти двигуна";"1496";"rpm";
"63333.6680038";"Оберти двигуна x1000";"1.5";"rpm";
"63333.7253251";"Температура олії у двигуні";"31";"℃";
"63333.7866366";"Прискорення";"-0.10079902830515089";"g";
"63333.7866366";"Пройдений шлях";"1.0255612275555557";"km";
"63333.7866366";"Пройдений шлях (Сьогодні)";"1.025561";"km";
"63333.7866366";"Пройдений шлях (Тиждень)";"1.025561";"km";
"63333.7866366";"Пройдений шлях(загальний)";"1.025561";"km";
"63333.7866366";"Середня швидкість";"20.65888929925729";"km/h";
"63333.7866366";"Швидкість автомобіля";"0";"km/h";
"63333.8387123";"Розрахунковий наддув";"-0.51";"bar";
"63333.8387123";"Тиск у впускному колекторі (абсолютний)";"48";"kPa";
"63333.9502021";"[BMS] HV State of charge";"59";"%";
"63334.0396988";"[BMS] HV Battery voltage";"364.5";"V";
"63334.1120979";"[BMS] Max Cell Voltage";"3.773";"V";
"63334.1708806";"[BMS] Min Cell Voltage";"3.762";"V";
"63334.2250745";"[BMS] HV Battery Current";"7.25";"A";
"63334.2933644";"[BMS] HV Battery Current (Low)";"10.950000000000045";"A";
"63334.3486914";"[BMS] HV Battery Current (High)";"7.650000000000091";"A";
"63334.4041499";"[BMS] HV Battery Temperature Sensor 1";"23";"℃";
"63334.4630373";"[BMS] HV Battery Temperature Sensor 2";"23";"℃";
"63334.5161793";"[BMS] HV Battery Temperature Sensor 3";"23";"℃";
"63334.5809009";"[BMS] HV Battery Temperature Sensor 4";"23";"℃";
"63334.6407595";"[BMS] HV Battery Intake Air Temperature";"23";"℃";
"63334.7598405";"[VCM] Traction motor temperature";"37";"℃";
"63334.8164233";"[VCM] HV Coolant Temperature";"24";"℃";
"63334.864297";"[VCM] Target Motor Torque";"0";"N⋅m";
"63334.9219221";"[VCM] Available Motor Maximum Output";"100";"%";
"63334.9823871";"[VCM] Motor RPM";"0";"rpm";
"63334.9823871";"[VCM] Motor Torque";"0";"N⋅m";
"63335.0366732";"[VCM] Vehicle Speed";"0";"km/h";
"63335.1453146";"Розрахункове значення навантаження на двигун";"28.235294117647058";"%";
"63335.2260682";"Оберти двигуна";"1499";"rpm";
"63335.2260682";"Оберти двигуна x1000";"1.5";"rpm";
"63335.2821776";"Температура олії у двигуні";"32";"℃";
"63335.3394258";"Прискорення";"-0.04411254570675889";"g";
"63335.3394258";"Пройдений шлях";"1.0255612275555557";"km";
"63335.3394258";"Пройдений шлях (Сьогодні)";"1.025561";"km";
"63335.3394258";"Пройдений шлях (Тиждень)";"1.025561";"km";
"63335.3394258";"Пройдений шлях(загальний)";"1.025561";"km";
"63335.3394258";"Середня швидкість";"20.48093445515142";"km/h";
"63335.3394258";"Швидкість автомобіля";"0";"km/h";
"63335.3950623";"Розрахунковий наддув";"-0.5";"bar";
"63335.3950623";"Тиск у впускному колекторі (абсолютний)";"49";"kPa";
"63335.4898865";"[BMS] HV State of charge";"59";"%";
"63335.5441841";"[BMS] HV Battery voltage";"362.41";"V";
"63335.6039359";"[BMS] Max Cell Voltage";"3.765";"V";
"63335.6607978";"[BMS] Min Cell Voltage";"3.761";"V";
"63335.7100752";"[BMS] HV Battery Current";"7.550000000000182";"A";
"63335.7886914";"[BMS] HV Battery Current (Low)";"8.900000000000091";"A";
"63335.8544226";"[BMS] HV Battery Current (High)";"9.600000000000136";"A";
"63335.9083402";"[BMS] HV Battery Temperature Sensor 1";"23";"℃";
"63335.9629417";"[BMS] HV Battery Temperature Sensor 2";"23";"℃";
"63336.0153674";"[BMS] HV Battery Temperature Sensor 3";"23";"℃";
"63336.0733533";"[BMS] HV Battery Temperature Sensor 4";"23";"℃";
"63336.1335954";"[BMS] HV Battery Intake Air Temperature";"23";"℃";
"63336.2490579";"[VCM] Traction motor temperature";"37";"℃";
"63336.3045079";"[VCM] HV Coolant Temperature";"24";"℃";
"63336.4045896";"[VCM] Target Motor Torque";"0";"N⋅m";
"63336.4592412";"[VCM] Available Motor Maximum Output";"13";"%";
"63336.5186117";"[VCM] Motor RPM";"0";"rpm";
"63336.5186117";"[VCM] Motor Torque";"0";"N⋅m";
"63336.5719323";"[VCM] Vehicle Speed";"0";"km/h";
"63336.6885089";"Розрахункове значення навантаження на двигун";"27.84313725490196";"%";
"63336.7345285";"Температура охолодної рідини";"50";"℃";
"63336.7875839";"Оберти двигуна";"1499";"rpm";
"63336.7875839";"Оберти двигуна x1000";"1.5";"rpm";
"63336.8539374";"Температура олії у двигуні";"32";"℃";
"63336.9080307";"Прискорення";"-0.017827239775251965";"g";
"63336.9080307";"Пройдений шлях";"1.0255612275555557";"km";
"63336.9080307";"Пройдений шлях (Сьогодні)";"1.025561";"km";
"63336.9080307";"Пройдений шлях (Тиждень)";"1.025561";"km";
"63336.9080307";"Пройдений шлях(загальний)";"1.025561";"km";
"63336.9080307";"Середня швидкість";"20.304230814051618";"km/h";
"63336.9080307";"Швидкість автомобіля";"0";"km/h";
"63336.9918539";"Розрахунковий наддув";"-0.5";"bar";
"63336.9918539";"Тиск у впускному колекторі (абсолютний)";"49";"kPa";
"63337.1120659";"[BMS] HV State of charge";"59";"%";
"63337.1975884";"[BMS] HV Battery voltage";"362.89";"V";
"63337.2643261";"[BMS] Max Cell Voltage";"3.756";"V";
"63337.3083702";"[BMS] Min Cell Voltage";"3.747";"V";
"63337.3659946";"[BMS] HV Battery Current";"3.7000000000000455";"A";
"63337.4188398";"[BMS] HV Battery Current (Low)";"-1.75";"A";
"63337.4790183";"[BMS] HV Battery Current (High)";"1.25";"A";
"63337.5681577";"[BMS] HV Battery Temperature Sensor 1";"23";"℃";
"63337.6239857";"[BMS] HV Battery Temperature Sensor 2";"23";"℃";
"63337.6882429";"[BMS] HV Battery Temperature Sensor 3";"23";"℃";
"63337.7517159";"[BMS] HV Battery Temperature Sensor 4";"23";"℃";
"63337.8116102";"[BMS] HV Battery Intake Air Temperature";"23";"℃";
"63337.9261539";"[VCM] Traction motor temperature";"37";"℃";
"63337.9748685";"[VCM] HV Coolant Temperature";"24";"℃";
"63338.0307816";"[VCM] Target Motor Torque";"113.046875";"N⋅m";
"63338.0852605";"[VCM] Available Motor Maximum Output";"100";"%";
"63338.1717307";"[VCM] Motor RPM";"6816";"rpm";
"63338.1717307";"[VCM] Motor Torque";"0.40625";"N⋅m";
"63338.2225433";"[VCM] Vehicle Speed";"6";"km/h";
"63338.3401585";"Розрахункове значення навантаження на двигун";"34.90196078431372";"%";
"63338.406856";"Оберти двигуна";"1489";"rpm";
"63338.406856";"Оберти двигуна x1000";"1.5";"rpm";
"63338.4731072";"Температура олії у двигуні";"32";"℃";
"63338.5244756";"Прискорення";"0.02663041136209498";"g";
"63338.5244756";"Пройдений шлях";"1.0282549277222224";"km";
"63338.5244756";"Пройдений шлях (Сьогодні)";"1.028255";"km";
"63338.5244756";"Пройдений шлях (Тиждень)";"1.028255";"km";
"63338.5244756";"Пройдений шлях(загальний)";"1.028255";"km";
"63338.5244756";"Середня швидкість";"20.178209403218457";"km/h";
"63338.5244756";"Швидкість автомобіля";"6";"km/h";
"63338.5840765";"Розрахунковий наддув";"-0.47000000000000003";"bar";
"63338.5840765";"Тиск у впускному колекторі (абсолютний)";"52";"kPa";
"63338.7162217";"[BMS] HV State of charge";"59";"%";
"63338.7757786";"[BMS] HV Battery voltage";"359.67";"V";
"63338.8246232";"[BMS] Max Cell Voltage";"3.754";"V";
"63338.8903514";"[BMS] Min Cell Voltage";"3.746";"V";
"63338.9443394";"[BMS] HV Battery Current";"7.900000000000091";"A";
"63339.0088478";"[BMS] HV Battery Current (Low)";"10.5";"A";
"63339.0616002";"[BMS] HV Battery Current (High)";"6.400000000000091";"A";
"63339.1149102";"[BMS] HV Battery Temperature Sensor 1";"24";"℃";
"63339.182494";"[BMS] HV Battery Temperature Sensor 2";"23";"℃";
"63339.2362809";"[BMS] HV Battery Temperature Sensor 3";"23";"℃";
"63339.3153657";"[BMS] HV Battery Temperature Sensor 4";"23";"℃";
"63339.3802894";"[BMS] HV Battery Intake Air Temperature";"23";"℃";
"63339.4968795";"[VCM] Traction motor temperature";"37";"℃";
"63339.5528031";"[VCM] HV Coolant Temperature";"24";"℃";
"63339.6042544";"[VCM] Target Motor Torque";"69.453125";"N⋅m";
"63339.6805421";"[VCM] Available Motor Maximum Output";"13";"%";
"63339.7381214";"[VCM] Motor RPM";"4288";"rpm";
"63339.7381214";"[VCM] Motor Torque";"0.25";"N⋅m";
"63339.7995244";"[VCM] Vehicle Speed";"10";"km/h";
"63339.9305542";"Розрахункове значення навантаження на двигун";"44.31372549019608";"%";
"63339.9898922";"Температура охолодної рідини";"51";"℃";
"63340.0480531";"Оберти двигуна";"1609";"rpm";
"63340.0480531";"Оберти двигуна x1000";"1.6";"rpm";
"63340.1095214";"Температура олії у двигуні";"33";"℃";
"63340.1657275";"Прискорення";"0.04440358478117628";"g";
"63340.1657275";"Пройдений шлях";"1.0328139816111113";"km";
"63340.1657275";"Пройдений шлях (Сьогодні)";"1.032814";"km";
"63340.1657275";"Пройдений шлях (Тиждень)";"1.032814";"km";
"63340.1657275";"Пройдений шлях(загальний)";"1.032814";"km";
"63340.1657275";"Середня швидкість";"20.08795679438341";"km/h";
"63340.1657275";"Швидкість автомобіля";"10";"km/h";
"63340.2210737";"Розрахунковий наддув";"-0.22";"bar";
"63340.2210737";"Тиск у впускному колекторі (абсолютний)";"77";"kPa";
"63340.340611";"[BMS] HV State of charge";"59";"%";
"63340.4001315";"[BMS] HV Battery voltage";"358.86";"V";
"63340.4720482";"[BMS] Max Cell Voltage";"3.742";"V";
"63340.531019";"[BMS] Min Cell Voltage";"3.732";"V";
"63340.5848095";"[BMS] HV Battery Current";"-0.2999999999999545";"A";
"63340.6392015";"[BMS] HV Battery Current (Low)";"0.5";"A";
"63340.7283204";"[BMS] HV Battery Current (High)";"-3";"A";
"63340.7708326";"[BMS] HV Battery Temperature Sensor 1";"24";"℃";
"63340.8275083";"[BMS] HV Battery Temperature Sensor 2";"23";"℃";
"63340.8867328";"[BMS] HV Battery Temperature Sensor 3";"23";"℃";
"63340.9493945";"[BMS] HV Battery Temperature Sensor 4";"23";"℃";
"63341.0117532";"[BMS] HV Battery Intake Air Temperature";"23";"℃";
"63341.1209524";"[VCM] Traction motor temperature";"37";"℃";
"63341.1817213";"[VCM] HV Coolant Temperature";"24";"℃";
"63341.244262";"[VCM] Target Motor Torque";"60.84375";"N⋅m";
"63341.2846154";"[VCM] Available Motor Maximum Output";"13";"%";
"63341.3232636";"[VCM] Motor RPM";"3776";"rpm";
"63341.3232636";"[VCM] Motor Torque";"0.21875";"N⋅m";
"63341.3797978";"[VCM] Vehicle Speed";"16";"km/h";
"63341.467655";"Розрахункове значення навантаження на двигун";"48.23529411764706";"%";
"63341.5201976";"Оберти двигуна";"1589";"rpm";
"63341.5201976";"Оберти двигуна x1000";"1.6";"rpm";
"63341.5645961";"Температура олії у двигуні";"33";"℃";
"63341.6564797";"Прискорення";"0.07174344448255668";"g";
"63341.6564797";"Пройдений шлях";"1.0394395536111112";"km";
"63341.6564797";"Пройдений шлях (Сьогодні)";"1.03944";"km";
"63341.6564797";"Пройдений шлях (Тиждень)";"1.03944";"km";
"63341.6564797";"Пройдений шлях(загальний)";"1.03944";"km";
"63341.6564797";"Середня швидкість";"20.05529503998942";"km/h";
"63341.6564797";"Швидкість автомобіля";"16";"km/h";
"63341.7293005";"Розрахунковий наддув";"-0.21";"bar";
"63341.7293005";"Тиск у впускному колекторі (абсолютний)";"78";"kPa";
"63341.8420781";"[BMS] HV State of charge";"59";"%";
"63341.8908807";"[BMS] HV Battery voltage";"361.12";"V";
"63341.943958";"[BMS] Max Cell Voltage";"3.744";"V";
"63342.0260509";"[BMS] Min Cell Voltage";"3.733";"V";
"63342.0809431";"[BMS] HV Battery Current";"-0.3999999999998636";"A";
"63342.1362068";"[BMS] HV Battery Current (Low)";"-0.8999999999998636";"A";
"63342.2265826";"[BMS] HV Battery Current (High)";"1.050000000000182";"A";
"63342.2847986";"[BMS] HV Battery Temperature Sensor 1";"24";"℃";
"63342.3389769";"[BMS] HV Battery Temperature Sensor 2";"23";"℃";
"63342.3929162";"[BMS] HV Battery Temperature Sensor 3";"23";"℃";
"63342.4510733";"[BMS] HV Battery Temperature Sensor 4";"23";"℃";
"63342.5024105";"[BMS] HV Battery Intake Air Temperature";"23";"℃";
"63342.6147837";"[VCM] Traction motor temperature";"37";"℃";
"63342.6739557";"[VCM] HV Coolant Temperature";"24";"℃";
"63342.7347701";"[VCM] Target Motor Torque";"66.171875";"N⋅m";
"63342.8114587";"[VCM] Available Motor Maximum Output";"13";"%";
"63342.867058";"[VCM] Motor RPM";"3392";"rpm";
"63342.867058";"[VCM] Motor Torque";"0.203125";"N⋅m";
"63342.9191165";"[VCM] Vehicle Speed";"21";"km/h";
"63343.0366873";"Розрахункове значення навантаження на двигун";"45.490196078431374";"%";
"63343.0927232";"Температура охолодної рідини";"52";"℃";
"63343.1644715";"Оберти двигуна";"1968";"rpm";
"63343.1644715";"Оберти двигуна x1000";"2";"rpm";
"63343.2558384";"Температура олії у двигуні";"33";"℃";
"63343.3093429";"Прискорення";"0.08849888733906154";"g";
"63343.3093429";"Пройдений шлях";"1.0486222941666667";"km";
"63343.3093429";"Пройдений шлях (Сьогодні)";"1.048623";"km";
"63343.3093429";"Пройдений шлях (Тиждень)";"1.048623";"km";
"63343.3093429";"Пройдений шлях(загальний)";"1.048623";"km";
"63343.3093429";"Середня швидкість";"20.054809496707932";"km/h";
"63343.3093429";"Швидкість автомобіля";"20";"km/h";
"63343.3907142";"Розрахунковий наддув";"-0.14";"bar";
"63343.3907142";"Тиск у впускному колекторі (абсолютний)";"85";"kPa";
"63343.5063788";"[BMS] HV State of charge";"59";"%";
"63343.5594226";"[BMS] HV Battery voltage";"365.3";"V";
"63343.619544";"[BMS] Max Cell Voltage";"3.78";"V";
"63343.6777552";"[BMS] Min Cell Voltage";"3.772";"V";
"63343.7376079";"[BMS] HV Battery Current";"28.800000000000182";"A";
"63343.7845066";"[BMS] HV Battery Current (Low)";"20.100000000000136";"A";
"63343.8394593";"[BMS] HV Battery Current (High)";"18.15000000000009";"A";
"63343.895224";"[BMS] HV Battery Temperature Sensor 1";"24";"℃";
"63343.9749587";"[BMS] HV Battery Temperature Sensor 2";"23";"℃";
"63344.0270959";"[BMS] HV Battery Temperature Sensor 3";"23";"℃";
"63344.0874378";"[BMS] HV Battery Temperature Sensor 4";"23";"℃";
"63344.1442771";"[BMS] HV Battery Intake Air Temperature";"23";"℃";
"63344.3317982";"[VCM] Traction motor temperature";"37";"℃";
"63344.3908266";"[VCM] HV Coolant Temperature";"24";"℃";
"63344.4492643";"[VCM] Target Motor Torque";"57";"N⋅m";
"63344.5034333";"[VCM] Available Motor Maximum Output";"13";"%";
"63344.5920335";"[VCM] Motor RPM";"3552";"rpm";
"63344.5920335";"[VCM] Motor Torque";"0.203125";"N⋅m";
"63344.6497981";"[VCM] Vehicle Speed";"23";"km/h";
"63344.7696063";"Розрахункове значення навантаження на двигун";"44.705882352941174";"%";
"63344.8288174";"Оберти двигуна";"2002";"rpm";
"63344.8288174";"Оберти двигуна x1000";"2";"rpm";
"63344.8822504";"Температура олії у двигуні";"33";"℃";
"63344.9471111";"Прискорення";"0.07497430861964159";"g";
"63344.9471111";"Пройдений шлях";"1.0590855199722222";"km";
"63344.9471111";"Пройдений шлях (Сьогодні)";"1.059086";"km";
"63344.9471111";"Пройдений шлях (Тиждень)";"1.059086";"km";
"63344.9471111";"Пройдений шлях(загальний)";"1.059086";"km";
"63344.9471111";"Середня швидкість";"20.080212696955762";"km/h";
"63344.9471111";"Швидкість автомобіля";"23";"km/h";
"63344.9983892";"Розрахунковий наддув";"-0.13";"bar";
"63344.9983892";"Тиск у впускному колекторі (абсолютний)";"86";"kPa";
"63345.1633289";"[BMS] HV State of charge";"59.5";"%";
"63345.2271087";"[BMS] HV Battery voltage";"358.7";"V";
"63345.286072";"[BMS] Max Cell Voltage";"3.761";"V";
"63345.355843";"[BMS] Min Cell Voltage";"3.747";"V";
"63345.4067337";"[BMS] HV Battery Current";"15.900000000000091";"A";
"63345.4667176";"[BMS] HV Battery Current (Low)";"16.300000000000182";"A";
"63345.5264618";"[BMS] HV Battery Current (High)";"17.300000000000182";"A";
"63345.5714086";"[BMS] HV Battery Temperature Sensor 1";"24";"℃";
"63345.6269203";"[BMS] HV Battery Temperature Sensor 2";"24";"℃";
"63345.6837367";"[BMS] HV Battery Temperature Sensor 3";"23";"℃";
"63345.7683172";"[BMS] HV Battery Temperature Sensor 4";"23";"℃";
"63345.8143555";"[BMS] HV Battery Intake Air Temperature";"23";"℃";
"63345.9278429";"[VCM] Traction motor temperature";"37";"℃";
"63345.9907746";"[VCM] HV Coolant Temperature";"24";"℃";
"63346.0452984";"[VCM] Target Motor Torque";"47.4375";"N⋅m";
"63346.0973836";"[VCM] Available Motor Maximum Output";"13";"%";
"63346.1558978";"[VCM] Motor RPM";"2976";"rpm";
"63346.1558978";"[VCM] Motor Torque";"0.171875";"N⋅m";
"63346.2140383";"[VCM] Vehicle Speed";"27";"km/h";
"63346.3348168";"Розрахункове значення навантаження на двигун";"44.705882352941174";"%";
"63346.390885";"Температура охолодної рідини";"52";"℃";
"63346.4566135";"Оберти двигуна";"2001";"rpm";
"63346.4566135";"Оберти двигуна x1000";"2";"rpm";
"63346.503675";"Температура олії у двигуні";"34";"℃";
"63346.5647945";"Прискорення";"0.07525044762439058";"g";
"63346.5647945";"Пройдений шлях";"1.0712181019722222";"km";
"63346.5647945";"Пройдений шлях (Сьогодні)";"1.071219";"km";
"63346.5647945";"Пройдений шлях (Тиждень)";"1.071219";"km";
"63346.5647945";"Пройдений шлях(загальний)";"1.071219";"km";
"63346.5647945";"Середня швидкість";"20.138669503758862";"km/h";
"63346.5647945";"Швидкість автомобіля";"27";"km/h";
"63346.6352202";"Розрахунковий наддув";"-0.13";"bar";
"63346.6352202";"Тиск у впускному колекторі (абсолютний)";"86";"kPa";
"63346.7386575";"[BMS] HV State of charge";"59.5";"%";
"63346.8004901";"[BMS] HV Battery voltage";"362.41";"V";
"63346.8552488";"[BMS] Max Cell Voltage";"3.789";"V";
"63346.9245863";"[BMS] Min Cell Voltage";"3.79";"V";
"63346.9796675";"[BMS] HV Battery Current";"51.90000000000009";"A";
"63347.0403414";"[BMS] HV Battery Current (Low)";"-1600";"A";
"63347.0998139";"[BMS] HV Battery Current (High)";"55.100000000000136";"A";
"63347.1535872";"[BMS] HV Battery Temperature Sensor 1";"24";"℃";
"63347.2121054";"[BMS] HV Battery Temperature Sensor 2";"24";"℃";
"63347.2754045";"[BMS] HV Battery Temperature Sensor 3";"23";"℃";
"63347.3283056";"[BMS] HV Battery Temperature Sensor 4";"23";"℃";
"63347.3868979";"[BMS] HV Battery Intake Air Temperature";"23";"℃";
"63347.5117779";"[VCM] Traction motor temperature";"37";"℃";
"63347.5640936";"[VCM] HV Coolant Temperature";"24";"℃";
"63347.623391";"[VCM] Target Motor Torque";"-15.828125";"N⋅m";
"63347.6761765";"[VCM] Available Motor Maximum Output";"100";"%";
"63347.7394893";"[VCM] Motor RPM";"-1088";"rpm";
"63347.7394893";"[VCM] Motor Torque";"-0.078125";"N⋅m";
"63347.7896456";"[VCM] Vehicle Speed";"28";"km/h";
"63347.8811322";"Розрахункове значення навантаження на двигун";"44.705882352941174";"%";
"63347.9449163";"Оберти двигуна";"2003";"rpm";
"63347.9449163";"Оберти двигуна x1000";"2";"rpm";
"63347.9918987";"Температура олії у двигуні";"34";"℃";
"63348.068895";"Прискорення";"0.04859010831152468";"g";
"63348.068895";"Пройдений шлях";"1.0824989359722221";"km";
"63348.068895";"Пройдений шлях (Сьогодні)";"1.0825";"km";
"63348.068895";"Пройдений шлях (Тиждень)";"1.0825";"km";
"63348.068895";"Пройдений шлях(загальний)";"1.0825";"km";
"63348.068895";"Середня швидкість";"20.192143263945475";"km/h";
"63348.068895";"Швидкість автомобіля";"27";"km/h";
"63348.1258741";"Розрахунковий наддув";"-0.12";"bar";
"63348.1258741";"Тиск у впускному колекторі (абсолютний)";"87";"kPa";
"63348.2376437";"[BMS] HV State of charge";"60";"%";
"63348.2954707";"[BMS] HV Battery voltage";"366.43";"V";
"63348.3807975";"[BMS] Max Cell Voltage";"3.833";"V";
"63348.4364082";"[BMS] Min Cell Voltage";"3.824";"V";
"63348.494049";"[BMS] HV Battery Current";"62.350000000000136";"A";
"63348.5467172";"[BMS] HV Battery Current (Low)";"-1600";"A";
"63348.6004329";"[BMS] HV Battery Current (High)";"62.600000000000136";"A";
"63348.687808";"[BMS] HV Battery Temperature Sensor 1";"24";"℃";
"63348.7414728";"[BMS] HV Battery Temperature Sensor 2";"24";"℃";
"63348.7968234";"[BMS] HV Battery Temperature Sensor 3";"24";"℃";
"63348.8487271";"[BMS] HV Battery Temperature Sensor 4";"23";"℃";
"63348.9126062";"[BMS] HV Battery Intake Air Temperature";"23";"℃";
"63349.0249916";"[VCM] Traction motor temperature";"37";"℃";
"63349.0805431";"[VCM] HV Coolant Temperature";"24";"℃";
"63349.1388025";"[VCM] Target Motor Torque";"-16.390625";"N⋅m";
"63349.1957573";"[VCM] Available Motor Maximum Output";"100";"%";
"63349.2633341";"[VCM] Motor RPM";"-1120";"rpm";
"63349.2633341";"[VCM] Motor Torque";"-0.078125";"N⋅m";
"63349.3144491";"[VCM] Vehicle Speed";"25";"km/h";
"63349.4289143";"Розрахункове значення навантаження на двигун";"44.705882352941174";"%";
"63349.4883085";"Температура охолодної рідини";"53";"℃";
"63349.54834";"Оберти двигуна";"1997";"rpm";
"63349.54834";"Оберти двигуна x1000";"2";"rpm";
"63349.6306437";"Температура олії у двигуні";"34";"℃";
"63349.6959735";"Пройдений шлях";"1.0937979713888888";"km";
"63349.6959735";"Пройдений шлях (Сьогодні)";"1.093799";"km";
"63349.6959735";"Пройдений шлях (Тиждень)";"1.093799";"km";
"63349.6959735";"Пройдений шлях(загальний)";"1.093799";"km";
"63349.6959735";"Середня швидкість";"20.232337318986524";"km/h";
"63349.6959735";"Швидкість автомобіля";"25";"km/h";
"63349.7613043";"Розрахунковий наддув";"-0.12";"bar";
"63349.7613043";"Тиск у впускному колекторі (абсолютний)";"87";"kPa";
"63349.8876439";"[BMS] HV State of charge";"60.5";"%";
"63349.9481627";"[BMS] HV Battery voltage";"371.74";"V";
"63350.0044392";"[BMS] Max Cell Voltage";"3.841";"V";
"63350.0517206";"[BMS] Min Cell Voltage";"3.831";"V";
"63350.1196167";"[BMS] HV Battery Current";"59.15000000000009";"A";
"63350.1716467";"[BMS] HV Battery Current (Low)";"-1600";"A";
"63350.2268112";"[BMS] HV Battery Current (High)";"57.05000000000018";"A";
"63350.284827";"[BMS] HV Battery Temperature Sensor 1";"24";"℃";
"63350.3363498";"[BMS] HV Battery Temperature Sensor 2";"24";"℃";
"63350.42733";"[BMS] HV Battery Temperature Sensor 3";"24";"℃";
"63350.47887";"[BMS] HV Battery Temperature Sensor 4";"23";"℃";
"63350.526927";"[BMS] HV Battery Intake Air Temperature";"23";"℃";
"63350.6484225";"[VCM] Traction motor temperature";"37";"℃";
"63350.7070897";"[VCM] HV Coolant Temperature";"24";"℃";
"63350.7654646";"[VCM] Target Motor Torque";"49.453125";"N⋅m";
"63350.8148102";"[VCM] Available Motor Maximum Output";"13";"%";
"63350.8692732";"[VCM] Motor RPM";"3200";"rpm";
"63350.8692732";"[VCM] Motor Torque";"0.1875";"N⋅m";
"63350.9327492";"[VCM] Vehicle Speed";"24";"km/h";
"63351.0764567";"Розрахункове значення навантаження на двигун";"44.705882352941174";"%";
"63351.1383945";"Оберти двигуна";"2000";"rpm";
"63351.1383945";"Оберти двигуна x1000";"2";"rpm";
"63351.2007225";"Температура олії у двигуні";"35";"℃";
"63351.2716175";"Прискорення";"0.0044786815869927825";"g";
"63351.2716175";"Пройдений шлях";"1.1043023067222222";"km";
"63351.2716175";"Пройдений шлях (Сьогодні)";"1.104303";"km";
"63351.2716175";"Пройдений шлях (Тиждень)";"1.104303";"km";
"63351.2716175";"Пройдений шлях(загальний)";"1.104303";"km";
"63351.2716175";"Середня швидкість";"20.262595055385244";"km/h";
"63351.2716175";"Швидкість автомобіля";"24";"km/h";
"63351.3343247";"Розрахунковий наддув";"-0.12";"bar";
"63351.3343247";"Тиск у впускному колекторі (абсолютний)";"87";"kPa";
"63351.442448";"[BMS] HV State of charge";"60.5";"%";
"63351.4966851";"[BMS] HV Battery voltage";"367.72";"V";
"63351.5793894";"[BMS] Max Cell Voltage";"3.844";"V";
"63351.6449519";"[BMS] Min Cell Voltage";"3.834";"V";
"63351.6954725";"[BMS] HV Battery Current";"54.700000000000045";"A";
"63351.7480408";"[BMS] HV Battery Current (Low)";"-1600";"A";
"63351.8032611";"[BMS] HV Battery Current (High)";"55.75";"A";
"63351.8687669";"[BMS] HV Battery Temperature Sensor 1";"24";"℃";
"63351.924291";"[BMS] HV Battery Temperature Sensor 2";"24";"℃";
"63351.9743932";"[BMS] HV Battery Temperature Sensor 3";"24";"℃";
"63352.0265127";"[BMS] HV Battery Temperature Sensor 4";"23";"℃";
"63352.0838632";"[BMS] HV Battery Intake Air Temperature";"23";"℃";
"63352.2493963";"[VCM] Traction motor temperature";"37";"℃";
"63352.3160691";"[VCM] HV Coolant Temperature";"24";"℃";
"63352.3705888";"[VCM] Target Motor Torque";"-23.546875";"N⋅m";
"63352.4229923";"[VCM] Available Motor Maximum Output";"13";"%";
"63352.4755423";"[VCM] Motor RPM";"-2272";"rpm";
"63352.4755423";"[VCM] Motor Torque";"-0.140625";"N⋅m";
"63352.5356038";"[VCM] Vehicle Speed";"23";"km/h";
"63352.6538285";"Розрахункове значення навантаження на двигун";"44.31372549019608";"%";
"63352.7000096";"Температура охолодної рідини";"54";"℃";
"63352.7846473";"Оберти двигуна";"1998";"rpm";
"63352.7846473";"Оберти двигуна x1000";"2";"rpm";
"63352.8333832";"Температура олії у двигуні";"35";"℃";
"63352.88901";"Прискорення";"-0.02239443798246439";"g";
"63352.88901";"Пройдений шлях";"1.1141863921666666";"km";
"63352.88901";"Пройдений шлях (Сьогодні)";"1.114187";"km";
"63352.88901";"Пройдений шлях (Тиждень)";"1.114187";"km";
"63352.88901";"Пройдений шлях(загальний)";"1.114187";"km";
"63352.88901";"Середня швидкість";"20.27680055271305";"km/h";
"63352.88901";"Швидкість автомобіля";"22";"km/h";
"63352.9566279";"Розрахунковий наддув";"-0.14";"bar";
"63352.9566279";"Тиск у впускному колекторі (абсолютний)";"85";"kPa";
"63353.0624405";"[BMS] HV State of charge";"61.5";"%";
"63353.1263073";"[BMS] HV Battery voltage";"372.55";"V";
"63353.1760385";"[BMS] Max Cell Voltage";"3.884";"V";
"63353.2338378";"[BMS] Min Cell Voltage";"3.876";"V";
"63353.2895404";"[BMS] HV Battery Current";"82.90000000000009";"A";
"63353.3563205";"[BMS] HV Battery Current (Low)";"-1600";"A";
"63353.4190199";"[BMS] HV Battery Current (High)";"83.5";"A";
"63353.4948632";"[BMS] HV Battery Temperature Sensor 1";"24";"℃";
"63353.5536633";"[BMS] HV Battery Temperature Sensor 2";"24";"℃";
"63353.6082008";"[BMS] HV Battery Temperature Sensor 3";"24";"℃";
"63353.6657732";"[BMS] HV Battery Temperature Sensor 4";"23";"℃";
"63353.7160353";"[BMS] HV Battery Intake Air Temperature";"23";"℃";
"63353.8318695";"[VCM] Traction motor temperature";"37";"℃";
"63353.9250815";"[VCM] HV Coolant Temperature";"24";"℃";
"63353.9851917";"[VCM] Target Motor Torque";"-88.9375";"N⋅m";
"63354.0439232";"[VCM] Available Motor Maximum Output";"100";"%";
"63354.0984118";"[VCM] Motor RPM";"-4608";"rpm";
"63354.0984118";"[VCM] Motor Torque";"-0.28125";"N⋅m";
"63354.1511155";"[VCM] Vehicle Speed";"14";"km/h";
"63354.2846403";"Розрахункове значення навантаження на двигун";"44.31372549019608";"%";
"63354.3429654";"Оберти двигуна";"2001";"rpm";
"63354.3429654";"Оберти двигуна x1000";"2";"rpm";
"63354.3897838";"Температура олії у двигуні";"35";"℃";
"63354.455428";"Прискорення";"-0.062092579032625696";"g";
"63354.455428";"Пройдений шлях";"1.1198429102777776";"km";
"63354.455428";"Пройдений шлях (Сьогодні)";"1.119844";"km";
"63354.455428";"Пройдений шлях (Тиждень)";"1.119844";"km";
"63354.455428";"Пройдений шлях(загальний)";"1.119844";"km";
"63354.455428";"Середня швидкість";"20.21963131139204";"km/h";
"63354.455428";"Швидкість автомобіля";"13";"km/h";
"63354.5277575";"Розрахунковий наддув";"-0.13";"bar";
"63354.5277575";"Тиск у впускному колекторі (абсолютний)";"86";"kPa";
"63354.6486614";"[BMS] HV State of charge";"62";"%";
"63354.7044038";"[BMS] HV Battery voltage";"371.26";"V";
"63354.7696721";"[BMS] Max Cell Voltage";"3.862";"V";
"63354.8298065";"[BMS] Min Cell Voltage";"3.852";"V";
"63354.8869784";"[BMS] HV Battery Current";"52.950000000000045";"A";
"63354.9384148";"[BMS] HV Battery Current (Low)";"-1600";"A";
"63354.9969905";"[BMS] HV Battery Current (High)";"31.15000000000009";"A";
"63355.0923982";"[BMS] HV Battery Temperature Sensor 1";"24";"℃";
"63355.1486867";"[BMS] HV Battery Temperature Sensor 2";"24";"℃";
"63355.2047115";"[BMS] HV Battery Temperature Sensor 3";"24";"℃";
"63355.256169";"[BMS] HV Battery Temperature Sensor 4";"23";"℃";
"63355.3208396";"[BMS] HV Battery Intake Air Temperature";"23";"℃";
"63355.4329977";"[VCM] Traction motor temperature";"37";"℃";
"63355.499481";"[VCM] HV Coolant Temperature";"24";"℃";
"63355.5544368";"[VCM] Target Motor Torque";"-6.953125";"N⋅m";
"63355.6083965";"[VCM] Available Motor Maximum Output";"100";"%";
"63355.6829085";"[VCM] Motor RPM";"-288";"rpm";
"63355.6829085";"[VCM] Motor Torque";"-0.03125";"N⋅m";
"63355.7387432";"[VCM] Vehicle Speed";"12";"km/h";
"63355.8638238";"Розрахункове значення навантаження на двигун";"36.07843137254902";"%";
"63355.9073688";"Температура охолодної рідини";"55";"℃";
"63355.964356";"Оберти двигуна";"240";"rpm";
"63355.964356";"Оберти двигуна x1000";"0.2";"rpm";
"63356.0191892";"Температура олії у двигуні";"36";"℃";
"63356.0781206";"Прискорення";"-0.06213524991408802";"g";
"63356.0781206";"Пройдений шлях";"1.1248011645555553";"km";
"63356.0781206";"Пройдений шлях (Сьогодні)";"1.124802";"km";
"63356.0781206";"Пройдений шлях (Тиждень)";"1.124802";"km";
"63356.0781206";"Пройдений шлях(загальний)";"1.124802";"km";
"63356.0781206";"Середня швидкість";"20.145201738334165";"km/h";
"63356.0781206";"Швидкість автомобіля";"11";"km/h";
"63356.1360922";"Розрахунковий наддув";"-0.06";"bar";
"63356.1360922";"Тиск у впускному колекторі (абсолютний)";"93";"kPa";
"63356.259467";"[BMS] HV State of charge";"62";"%";
"63356.3162411";"[BMS] HV Battery voltage";"363.69";"V";
"63356.3723565";"[BMS] Max Cell Voltage";"3.789";"V";
"63356.427061";"[BMS] Min Cell Voltage";"3.779";"V";
"63356.4915977";"[BMS] HV Battery Current";"-4.349999999999909";"A";
"63356.5458462";"[BMS] HV Battery Current (Low)";"-4.75";"A";
"63356.6005406";"[BMS] HV Battery Current (High)";"-4.099999999999909";"A";
"63356.6548965";"[BMS] HV Battery Temperature Sensor 1";"24";"℃";
"63356.7093695";"[BMS] HV Battery Temperature Sensor 2";"24";"℃";
"63356.7638912";"[BMS] HV Battery Temperature Sensor 3";"24";"℃";
"63356.8723668";"[BMS] HV Battery Temperature Sensor 4";"23";"℃";
"63356.9198583";"[BMS] HV Battery Intake Air Temperature";"23";"℃";
"63357.0285939";"[VCM] Traction motor temperature";"37";"℃";
"63357.078201";"[VCM] HV Coolant Temperature";"24";"℃";
"63357.1447746";"[VCM] Target Motor Torque";"-3.8125";"N⋅m";
"63357.2036541";"[VCM] Available Motor Maximum Output";"100";"%";
"63357.2544163";"[VCM] Motor RPM";"-320";"rpm";
"63357.2544163";"[VCM] Motor Torque";"-0.03125";"N⋅m";
"63357.307888";"[VCM] Vehicle Speed";"11";"km/h";
"63357.4609813";"Розрахункове значення навантаження на двигун";"0";"%";
"63357.51872";"Оберти двигуна";"0";"rpm";
"63357.51872";"Оберти двигуна x1000";"0";"rpm";
"63357.5754809";"Температура олії у двигуні";"36";"℃";
"63357.6279578";"Прискорення";"-0.062387519599441846";"g";
"63357.6279578";"Пройдений шлях";"1.1291064417777776";"km";
"63357.6279578";"Пройдений шлях (Сьогодні)";"1.129107";"km";
"63357.6279578";"Пройдений шлях (Тиждень)";"1.129107";"km";
"63357.6279578";"Пройдений шлях(загальний)";"1.129107";"km";
"63357.6279578";"Середня швидкість";"20.067573134002565";"km/h";
"63357.6279578";"Швидкість автомобіля";"10";"km/h";
"63357.6803929";"Розрахунковий наддув";"-0.01";"bar";
"63357.6803929";"Тиск у впускному колекторі (абсолютний)";"98";"kPa";
"63357.7993608";"[BMS] HV State of charge";"62";"%";
"63357.860058";"[BMS] HV Battery voltage";"361.12";"V";
"63357.9145166";"[BMS] Max Cell Voltage";"3.752";"V";
"63357.9689141";"[BMS] Min Cell Voltage";"3.743";"V";
"63358.0479156";"[BMS] HV Battery Current";"-27.799999999999955";"A";
"63358.1109332";"[BMS] HV Battery Current (Low)";"-29.799999999999955";"A";
"63358.1646801";"[BMS] HV Battery Current (High)";"-31";"A";
"63358.2193728";"[BMS] HV Battery Temperature Sensor 1";"24";"℃";
"63358.2727941";"[BMS] HV Battery Temperature Sensor 2";"24";"℃";
"63358.3269077";"[BMS] HV Battery Temperature Sensor 3";"24";"℃";
"63358.3926463";"[BMS] HV Battery Temperature Sensor 4";"23";"℃";
"63358.4487331";"[BMS] HV Battery Intake Air Temperature";"23";"℃";
"63358.556791";"[VCM] Traction motor temperature";"37";"℃";
"63358.6485446";"[VCM] HV Coolant Temperature";"24";"℃";
"63358.6996921";"[VCM] Target Motor Torque";"60.40625";"N⋅m";
"63358.756215";"[VCM] Available Motor Maximum Output";"100";"%";
"63358.8200294";"[VCM] Motor RPM";"3552";"rpm";
"63358.8200294";"[VCM] Motor Torque";"0.203125";"N⋅m";
"63358.8742698";"[VCM] Vehicle Speed";"14";"km/h";
"63358.9914361";"Розрахункове значення навантаження на двигун";"0";"%";
"63359.0448138";"Температура охолодної рідини";"55";"℃";
"63359.1001266";"Оберти двигуна";"0";"rpm";
"63359.1001266";"Оберти двигуна x1000";"0";"rpm";
"63359.1908702";"Температура олії у двигуні";"36";"℃";
"63359.2619753";"Пройдений шлях";"1.1354607442777775";"km";
"63359.2619753";"Пройдений шлях (Сьогодні)";"1.135461";"km";
"63359.2619753";"Пройдений шлях (Тиждень)";"1.135461";"km";
"63359.2619753";"Пройдений шлях(загальний)";"1.135461";"km";
"63359.2619753";"Середня швидкість";"20.019019075300232";"km/h";
"63359.2619753";"Швидкість автомобіля";"14";"km/h";
"63359.3160688";"Розрахунковий наддув";"-0.01";"bar";
"63359.3160688";"Тиск у впускному колекторі (абсолютний)";"98";"kPa";
"63359.4318247";"[BMS] HV State of charge";"62";"%";
"63359.4875622";"[BMS] HV Battery voltage";"360.47";"V";
"63359.5398625";"[BMS] Max Cell Voltage";"3.734";"V";
"63359.5923148";"[BMS] Min Cell Voltage";"3.736";"V";
"63359.6485243";"[BMS] HV Battery Current";"-12.5";"A";
"63359.704086";"[BMS] HV Battery Current (Low)";"-8.399999999999864";"A";
"63359.8163621";"[BMS] HV Battery Current (High)";"-4.5";"A";
"63359.9218562";"[BMS] HV Battery Temperature Sensor 1";"24";"℃";
"63359.9923097";"[BMS] HV Battery Temperature Sensor 2";"24";"℃";
"63360.0441733";"[BMS] HV Battery Temperature Sensor 3";"24";"℃";
"63360.1002635";"[BMS] HV Battery Temperature Sensor 4";"23";"℃";
"63360.1514558";"[BMS] HV Battery Intake Air Temperature";"23";"℃";
"63360.2741855";"[VCM] Traction motor temperature";"37";"℃";
"63360.319541";"[VCM] HV Coolant Temperature";"24";"℃";
"63360.3956112";"[VCM] Target Motor Torque";"-10.078125";"N⋅m";
"63360.44825";"[VCM] Available Motor Maximum Output";"100";"%";
"63360.5150415";"[VCM] Motor RPM";"-544";"rpm";
"63360.5150415";"[VCM] Motor Torque";"-0.046875";"N⋅m";
"63360.5703627";"[VCM] Vehicle Speed";"16";"km/h";
"63360.679467";"Розрахункове значення навантаження на двигун";"0";"%";
"63360.7679617";"Оберти двигуна";"0";"rpm";
"63360.7679617";"Оберти двигуна x1000";"0";"rpm";
"63360.8191827";"Температура олії у двигуні";"36";"℃";
"63360.8699468";"Пройдений шлях";"1.1421604392777776";"km";
"63360.8699468";"Пройдений шлях (Сьогодні)";"1.142161";"km";
"63360.8699468";"Пройдений шлях (Тиждень)";"1.142161";"km";
"63360.8699468";"Пройдений шлях(загальний)";"1.142161";"km";
"63360.8699468";"Середня швидкість";"19.979804569905152";"km/h";
"63360.8699468";"Швидкість автомобіля";"15";"km/h";
"63360.943304";"Розрахунковий наддув";"-0.01";"bar";
"63360.943304";"Тиск у впускному колекторі (абсолютний)";"98";"kPa";
"63361.0511594";"[BMS] HV State of charge";"61.5";"%";
"63361.1190738";"[BMS] HV Battery voltage";"360.47";"V";
"63361.1757173";"[BMS] Max Cell Voltage";"3.74";"V";
"63361.2356015";"[BMS] Min Cell Voltage";"3.73";"V";
"63361.2910972";"[BMS] HV Battery Current";"-17.399999999999864";"A";
"63361.3463599";"[BMS] HV Battery Current (Low)";"-13.099999999999909";"A";
"63361.4038833";"[BMS] HV Battery Current (High)";"-9.199999999999818";"A";
"63361.4662175";"[BMS] HV Battery Temperature Sensor 1";"24";"℃";
"63361.5604328";"[BMS] HV Battery Temperature Sensor 2";"24";"℃";
"63361.6068362";"[BMS] HV Battery Temperature Sensor 3";"24";"℃";
"63361.6644375";"[BMS] HV Battery Temperature Sensor 4";"23";"℃";
"63361.7200147";"[BMS] HV Battery Intake Air Temperature";"23";"℃";
"63361.8403319";"[VCM] Traction motor temperature";"37";"℃";
"63361.9046197";"[VCM] HV Coolant Temperature";"24";"℃";
"63361.9667263";"[VCM] Target Motor Torque";"31.34375";"N⋅m";
"63362.0325866";"[VCM] Available Motor Maximum Output";"13";"%";
"63362.11148";"[VCM] Motor RPM";"3296";"rpm";
"63362.11148";"[VCM] Motor Torque";"0.1875";"N⋅m";
"63362.1645127";"[VCM] Vehicle Speed";"17";"km/h";
"63362.2768207";"Розрахункове значення навантаження на двигун";"0";"%";
"63362.3452981";"Температура охолодної рідини";"55";"℃";
"63362.3988624";"Оберти двигуна";"0";"rpm";
"63362.3988624";"Оберти двигуна x1000";"0";"rpm";
"63362.4551831";"Температура олії у двигуні";"36";"℃";
"63362.5113928";"Пройдений шлях";"1.1499118674166664";"km";
"63362.5113928";"Пройдений шлях (Сьогодні)";"1.149912";"km";
"63362.5113928";"Пройдений шлях (Тиждень)";"1.149912";"km";
"63362.5113928";"Пройдений шлях(загальний)";"1.149912";"km";
"63362.5113928";"Середня швидкість";"19.956225079055553";"km/h";
"63362.5113928";"Швидкість автомобіля";"17";"km/h";
"63362.5748833";"Розрахунковий наддув";"-0.01";"bar";
"63362.5748833";"Тиск у впускному колекторі (абсолютний)";"98";"kPa";
"63362.7199981";"[BMS] HV State of charge";"61.5";"%";
"63362.7788812";"[BMS] HV Battery voltage";"355";"V";
"63362.8348275";"[BMS] Max Cell Voltage";"3.684";"V";
"63362.8921245";"[BMS] Min Cell Voltage";"3.667";"V";
"63362.9432394";"[BMS] HV Battery Current";"-65.39999999999986";"A";
"63363.0134292";"[BMS] HV Battery Current (Low)";"-1600";"A";
"63363.0675846";"[BMS] HV Battery Current (High)";"-69.25";"A";
"63363.1278161";"[BMS] HV Battery Temperature Sensor 1";"24";"℃";
"63363.182952";"[BMS] HV Battery Temperature Sensor 2";"24";"℃";
"63363.2843309";"[BMS] HV Battery Temperature Sensor 3";"24";"℃";
"63363.337282";"[BMS] HV Battery Temperature Sensor 4";"23";"℃";
"63363.3904875";"[BMS] HV Battery Intake Air Temperature";"23";"℃";
"63363.5002572";"[VCM] Traction motor temperature";"37";"℃";
"63363.5600668";"[VCM] HV Coolant Temperature";"24";"℃";
"63363.6133255";"[VCM] Target Motor Torque";"89.546875";"N⋅m";
"63363.6762267";"[VCM] Available Motor Maximum Output";"100";"%";
"63363.7360912";"[VCM] Motor RPM";"5376";"rpm";
"63363.7360912";"[VCM] Motor Torque";"0.328125";"N⋅m";
"63363.7910261";"[VCM] Vehicle Speed";"24";"km/h";
"63363.9301116";"Розрахункове значення навантаження на двигун";"0";"%";
"63363.9843023";"Оберти двигуна";"0";"rpm";
"63363.9843023";"Оберти двигуна x1000";"0";"rpm";
"63364.0379424";"Температура олії у двигуні";"37";"℃";
"63364.0866027";"Прискорення";"0.061399304527018056";"g";
"63364.0866027";"Пройдений шлях";"1.1604131694166664";"km";
"63364.0866027";"Пройдений шлях (Сьогодні)";"1.160413";"km";
"63364.0866027";"Пройдений шлях (Тиждень)";"1.160413";"km";
"63364.0866027";"Пройдений шлях(загальний)";"1.160413";"km";
"63364.0866027";"Середня швидкість";"19.986700332992918";"km/h";
"63364.0866027";"Швидкість автомобіля";"24";"km/h";
"63364.1473938";"Розрахунковий наддув";"-0.01";"bar";
"63364.1473938";"Тиск у впускному колекторі (абсолютний)";"98";"kPa";
"63364.2669821";"[BMS] HV State of charge";"61";"%";
"63364.3274858";"[BMS] HV Battery voltage";"351.3";"V";
"63364.385127";"[BMS] Max Cell Voltage";"3.648";"V";
"63364.4793324";"[BMS] Min Cell Voltage";"3.645";"V";
"63364.5374613";"[BMS] HV Battery Current";"-34";"A";
"63364.5888694";"[BMS] HV Battery Current (Low)";"-26.84999999999991";"A";
"63364.6516155";"[BMS] HV Battery Current (High)";"-24.399999999999864";"A";
"63364.6993157";"[BMS] HV Battery Temperature Sensor 1";"24";"℃";
"63364.7641035";"[BMS] HV Battery Temperature Sensor 2";"24";"℃";
"63364.8135032";"[BMS] HV Battery Temperature Sensor 3";"24";"℃";
"63364.8761573";"[BMS] HV Battery Temperature Sensor 4";"23";"℃";
"63364.9326765";"[BMS] HV Battery Intake Air Temperature";"23";"℃";
"63365.0840731";"[VCM] Traction motor temperature";"37";"℃";
"63365.1350391";"[VCM] HV Coolant Temperature";"25";"℃";
"63365.2015424";"[VCM] Target Motor Torque";"116.109375";"N⋅m";
"63365.2544201";"[VCM] Available Motor Maximum Output";"13";"%";
"63365.3159464";"[VCM] Motor RPM";"7072";"rpm";
"63365.3159464";"[VCM] Motor Torque";"0.421875";"N⋅m";
"63365.37469";"[VCM] Vehicle Speed";"31";"km/h";
"63365.4752562";"Розрахункове значення навантаження на двигун";"18.03921568627451";"%";
"63365.5347248";"Температура охолодної рідини";"55";"℃";
"63365.6343459";"Оберти двигуна";"1612";"rpm";
"63365.6343459";"Оберти двигуна x1000";"1.6";"rpm";
"63365.6910136";"Температура олії у двигуні";"37";"℃";
"63365.7472051";"Прискорення";"0.07425066974935354";"g";
"63365.7472051";"Пройдений шлях";"1.1747127486666664";"km";
"63365.7472051";"Пройдений шлях (Сьогодні)";"1.174713";"km";
"63365.7472051";"Пройдений шлях (Тиждень)";"1.174713";"km";
"63365.7472051";"Пройдений шлях(загальний)";"1.174713";"km";
"63365.7472051";"Середня швидкість";"20.07351051551805";"km/h";
"63365.7472051";"Швидкість автомобіля";"31";"km/h";
"63365.8110423";"Розрахунковий наддув";"-0.29";"bar";
"63365.8110423";"Тиск у впускному колекторі (абсолютний)";"70";"kPa";
"63365.9059925";"[BMS] HV State of charge";"60";"%";
"63365.9530749";"[BMS] HV Battery voltage";"358.06";"V";
"63366.008472";"[BMS] Max Cell Voltage";"3.739";"V";
"63366.2475164";"[BMS] Min Cell Voltage";"3.749";"V";
"63366.3162614";"[BMS] HV Battery Current";"52.350000000000136";"A";
"63366.3800608";"[BMS] HV Battery Current (Low)";"-1600";"A";
"63366.4303554";"[BMS] HV Battery Current (High)";"58.950000000000045";"A";
"63366.4851651";"[BMS] HV Battery Temperature Sensor 1";"24";"℃";
"63366.5523054";"[BMS] HV Battery Temperature Sensor 2";"24";"℃";
"63366.6048698";"[BMS] HV Battery Temperature Sensor 3";"24";"℃";
"63366.6614715";"[BMS] HV Battery Temperature Sensor 4";"23";"℃";
"63366.718903";"[BMS] HV Battery Intake Air Temperature";"23";"℃";
"63366.8633094";"[VCM] Traction motor temperature";"37";"℃";
"63366.9227696";"[VCM] HV Coolant Temperature";"25";"℃";
"63366.9784874";"[VCM] Target Motor Torque";"-36.625";"N⋅m";
"63367.0270926";"[VCM] Available Motor Maximum Output";"13";"%";
"63367.0786771";"[VCM] Motor RPM";"-2688";"rpm";
"63367.0786771";"[VCM] Motor Torque";"-0.171875";"N⋅m";
"63367.1318037";"[VCM] Vehicle Speed";"32";"km/h";
"63367.2473558";"Розрахункове значення навантаження на двигун";"43.92156862745098";"%";
"63367.3028567";"Оберти двигуна";"1997";"rpm";
"63367.3028567";"Оберти двигуна x1000";"2";"rpm";
"63367.384343";"Температура олії у двигуні";"37";"℃";
"63367.4379078";"Прискорення";"0.06900272485904957";"g";
"63367.4379078";"Пройдений шлях";"1.1892715938333331";"km";
"63367.4379078";"Пройдений шлях (Сьогодні)";"1.189272";"km";
"63367.4379078";"Пройдений шлях (Тиждень)";"1.189272";"km";
"63367.4379078";"Пройдений шлях(загальний)";"1.189272";"km";
"63367.4379078";"Середня швидкість";"20.160499875596532";"km/h";
"63367.4379078";"Швидкість автомобіля";"31";"km/h";
"63367.5010158";"Розрахунковий наддув";"-0.3";"bar";
"63367.5010158";"Тиск у впускному колекторі (абсолютний)";"69";"kPa";
"63367.6070415";"[BMS] HV State of charge";"61";"%";
"63367.6794445";"[BMS] HV Battery voltage";"365.95";"V";
"63367.7372999";"[BMS] Max Cell Voltage";"3.803";"V";
"63367.7970376";"[BMS] Min Cell Voltage";"3.815";"V";
"63367.8559997";"[BMS] HV Battery Current";"75.40000000000009";"A";
"63367.9124186";"[BMS] HV Battery Current (Low)";"-1600";"A";
"63367.9967716";"[BMS] HV Battery Current (High)";"56.600000000000136";"A";
"63368.0521014";"[BMS] HV Battery Temperature Sensor 1";"24";"℃";
"63368.1043782";"[BMS] HV Battery Temperature Sensor 2";"24";"℃";
"63368.1547307";"[BMS] HV Battery Temperature Sensor 3";"24";"℃";
"63368.2090914";"[BMS] HV Battery Temperature Sensor 4";"23";"℃";
"63368.2669936";"[BMS] HV Battery Intake Air Temperature";"23";"℃";
"63368.3599008";"[VCM] Traction motor temperature";"37";"℃";
"63368.4266991";"[VCM] HV Coolant Temperature";"25";"℃";
"63368.4740623";"[VCM] Target Motor Torque";"-87.09375";"N⋅m";
"63368.551872";"[VCM] Available Motor Maximum Output";"13";"%";
"63368.6068269";"[VCM] Motor RPM";"-5472";"rpm";
"63368.6068269";"[VCM] Motor Torque";"-0.34375";"N⋅m";
"63368.6639833";"[VCM] Vehicle Speed";"25";"km/h";
"63368.7593139";"Розрахункове значення навантаження на двигун";"96.86274509803921";"%";
"63368.8148516";"Температура охолодної рідини";"56";"℃";
"63368.880104";"Оберти двигуна";"209";"rpm";
"63368.880104";"Оберти двигуна x1000";"0.2";"rpm";
"63368.935833";"Температура олії у двигуні";"37";"℃";
"63368.9958556";"Пройдений шлях";"1.1996579824999998";"km";
"63368.9958556";"Пройдений шлях (Сьогодні)";"1.199658";"km";
"63368.9958556";"Пройдений шлях (Тиждень)";"1.199658";"km";
"63368.9958556";"Пройдений шлях(загальний)";"1.199658";"km";
"63368.9958556";"Середня швидкість";"20.18846223452739";"km/h";
"63368.9958556";"Швидкість автомобіля";"24";"km/h";
"63369.0481304";"Розрахунковий наддув";"-0.01";"bar";
"63369.0481304";"Тиск у впускному колекторі (абсолютний)";"98";"kPa";
"63369.1857054";"[BMS] HV State of charge";"61";"%";
"63369.2476407";"[BMS] HV Battery voltage";"364.18";"V";
"63369.3043619";"[BMS] Max Cell Voltage";"3.786";"V";
"63369.3609263";"[BMS] Min Cell Voltage";"3.776";"V";
"63369.4123612";"[BMS] HV Battery Current";"26.25";"A";
"63369.4755376";"[BMS] HV Battery Current (Low)";"26.050000000000182";"A";
"63369.5329289";"[BMS] HV Battery Current (High)";"26.050000000000182";"A";
"63369.5937683";"[BMS] HV Battery Temperature Sensor 1";"24";"℃";
"63369.6472823";"[BMS] HV Battery Temperature Sensor 2";"24";"℃";
"63369.748314";"[BMS] HV Battery Temperature Sensor 3";"24";"℃";
"63369.8009931";"[BMS] HV Battery Temperature Sensor 4";"23";"℃";
"63369.8616678";"[BMS] HV Battery Intake Air Temperature";"23";"℃";
"63369.9766213";"[VCM] Traction motor temperature";"37";"℃";
"63370.0276878";"[VCM] HV Coolant Temperature";"25";"℃";
"63370.0841453";"[VCM] Target Motor Torque";"-94.9375";"N⋅m";
"63370.1542187";"[VCM] Available Motor Maximum Output";"100";"%";
"63370.2104694";"[VCM] Motor RPM";"-6528";"rpm";
"63370.2104694";"[VCM] Motor Torque";"-0.40625";"N⋅m";
"63370.3026278";"[VCM] Vehicle Speed";"18";"km/h";
"63370.4124429";"Розрахункове значення навантаження на двигун";"0";"%";
"63370.464917";"Оберти двигуна";"0";"rpm";
"63370.464917";"Оберти двигуна x1000";"0";"rpm";
"63370.5266218";"Температура олії у двигуні";"37";"℃";
"63370.5786488";"Прискорення";"-0.03490480495571097";"g";
"63370.5786488";"Пройдений шлях";"1.206692504722222";"km";
"63370.5786488";"Пройдений шлях (Сьогодні)";"1.206693";"km";
"63370.5786488";"Пройдений шлях (Тиждень)";"1.206693";"km";
"63370.5786488";"Пройдений шлях(загальний)";"1.206693";"km";
"63370.5786488";"Середня швидкість";"20.157700303358908";"km/h";
"63370.5786488";"Швидкість автомобіля";"16";"km/h";
"63370.6361911";"Розрахунковий наддув";"-0.01";"bar";
"63370.6361911";"Тиск у впускному колекторі (абсолютний)";"98";"kPa";
"63370.7604687";"[BMS] HV State of charge";"61.5";"%";
"63370.8196293";"[BMS] HV Battery voltage";"365.47";"V";
"63370.8866289";"[BMS] Max Cell Voltage";"3.794";"V";
"63370.9436742";"[BMS] Min Cell Voltage";"3.782";"V";
"63371.0033511";"[BMS] HV Battery Current";"22.65000000000009";"A";
"63371.0587239";"[BMS] HV Battery Current (Low)";"21.5";"A";
"63371.1124396";"[BMS] HV Battery Current (High)";"20.25";"A";
"63371.1701315";"[BMS] HV Battery Temperature Sensor 1";"24";"℃";
"63371.2272569";"[BMS] HV Battery Temperature Sensor 2";"24";"℃";
"63371.2802882";"[BMS] HV Battery Temperature Sensor 3";"24";"℃";
"63371.3223261";"[BMS] HV Battery Temperature Sensor 4";"23";"℃";
"63371.3760908";"[BMS] HV Battery Intake Air Temperature";"23";"℃";
"63371.5240214";"[VCM] Traction motor temperature";"38";"℃";
"63371.5924729";"[VCM] HV Coolant Temperature";"25";"℃";
"63371.6481958";"[VCM] Target Motor Torque";"-72.96875";"N⋅m";
"63371.7032964";"[VCM] Available Motor Maximum Output";"13";"%";
"63371.7543729";"[VCM] Motor RPM";"-4096";"rpm";
"63371.7543729";"[VCM] Motor Torque";"-0.25";"N⋅m";
"63371.8154636";"[VCM] Vehicle Speed";"8";"km/h";
"63371.9340471";"Розрахункове значення навантаження на двигун";"0";"%";
"63371.9944648";"Температура охолодної рідини";"56";"℃";
"63372.0818271";"Оберти двигуна";"0";"rpm";
"63372.0818271";"Оберти двигуна x1000";"0";"rpm";
"63372.1374409";"Температура олії у двигуні";"37";"℃";
"63372.2094404";"Прискорення";"-0.10958069864965304";"g";
"63372.2094404";"Пройдений шлях";"1.2094105453888886";"km";
"63372.2094404";"Пройдений шлях (Сьогодні)";"1.209411";"km";
"63372.2094404";"Пройдений шлях (Тиждень)";"1.209411";"km";
"63372.2094404";"Пройдений шлях(загальний)";"1.209411";"km";
"63372.2094404";"Середня швидкість";"20.051367403425086";"km/h";
"63372.2094404";"Швидкість автомобіля";"6";"km/h";
"63372.2879992";"Розрахунковий наддув";"-0.01";"bar";
"63372.2879992";"Тиск у впускному колекторі (абсолютний)";"98";"kPa";
"63372.3734997";"[BMS] HV State of charge";"61.5";"%";
"63372.435245";"[BMS] HV Battery voltage";"363.37";"V";
"63372.4834363";"[BMS] Max Cell Voltage";"3.758";"V";
"63372.5420866";"[BMS] Min Cell Voltage";"3.748";"V";
"63372.5985586";"[BMS] HV Battery Current";"-3.5";"A";
"63372.6677469";"[BMS] HV Battery Current (Low)";"-3.5";"A";
"63372.7367623";"[BMS] HV Battery Current (High)";"-3.449999999999818";"A";
"63372.8011993";"[BMS] HV Battery Temperature Sensor 1";"24";"℃";
"63372.85524";"[BMS] HV Battery Temperature Sensor 2";"24";"℃";
"63372.9116781";"[BMS] HV Battery Temperature Sensor 3";"24";"℃";
"63372.9637671";"[BMS] HV Battery Temperature Sensor 4";"23";"℃";
"63373.0199013";"[BMS] HV Battery Intake Air Temperature";"23";"℃";
"63373.1369702";"[VCM] Traction motor temperature";"37";"℃";
"63373.2382158";"[VCM] HV Coolant Temperature";"25";"℃";
"63373.2957281";"[VCM] Target Motor Torque";"0";"N⋅m";
"63373.3456908";"[VCM] Available Motor Maximum Output";"13";"%";
"63373.404791";"[VCM] Motor RPM";"-64";"rpm";
"63373.404791";"[VCM] Motor Torque";"-0.015625";"N⋅m";
"63373.4584133";"[VCM] Vehicle Speed";"1";"km/h";
"63373.5698487";"Розрахункове значення навантаження на двигун";"0";"%";
"63373.6273484";"Оберти двигуна";"0";"rpm";
"63373.6273484";"Оберти двигуна x1000";"0";"rpm";
"63373.6848812";"Температура олії у двигуні";"37";"℃";
"63373.7469649";"Прискорення";"-0.1391791114357545";"g";
"63373.7469649";"Пройдений шлях";"1.2094105453888886";"km";
"63373.7469649";"Пройдений шлях (Сьогодні)";"1.209411";"km";
"63373.7469649";"Пройдений шлях (Тиждень)";"1.209411";"km";
"63373.7469649";"Пройдений шлях(загальний)";"1.209411";"km";
"63373.7469649";"Середня швидкість";"19.910385459157013";"km/h";
"63373.7469649";"Швидкість автомобіля";"0";"km/h";
"63373.8080345";"Розрахунковий наддув";"-0.01";"bar";
"63373.8080345";"Тиск у впускному колекторі (абсолютний)";"98";"kPa";
"63373.9191211";"[BMS] HV State of charge";"61.5";"%";
"63374.0067999";"[BMS] HV Battery voltage";"361.44";"V";
"63374.0650287";"[BMS] Max Cell Voltage";"3.754";"V";
"63374.1197529";"[BMS] Min Cell Voltage";"3.744";"V";
"63374.1765259";"[BMS] HV Battery Current";"-3.599999999999909";"A";
"63374.2283409";"[BMS] HV Battery Current (Low)";"-3.6499999999998636";"A";
"63374.2884916";"[BMS] HV Battery Current (High)";"-3.449999999999818";"A";
"63374.3460476";"[BMS] HV Battery Temperature Sensor 1";"24";"℃";
"63374.4308851";"[BMS] HV Battery Temperature Sensor 2";"24";"℃";
"63374.4714577";"[BMS] HV Battery Temperature Sensor 3";"24";"℃";
"63374.512582";"[BMS] HV Battery Temperature Sensor 4";"23";"℃";
"63374.5705974";"[BMS] HV Battery Intake Air Temperature";"23";"℃";
"63374.6833824";"[VCM] Traction motor temperature";"38";"℃";
"63374.7372007";"[VCM] HV Coolant Temperature";"25";"℃";
"63374.7907331";"[VCM] Target Motor Torque";"0";"N⋅m";
"63374.8583228";"[VCM] Available Motor Maximum Output";"100";"%";
"63374.9051658";"[VCM] Motor RPM";"64";"rpm";
"63374.9051658";"[VCM] Motor Torque";"0";"N⋅m";
"63374.9883488";"[VCM] Vehicle Speed";"0";"km/h";
"63375.1117421";"Розрахункове значення навантаження на двигун";"0";"%";
"63375.1630537";"Температура охолодної рідини";"56";"℃";
"63375.2159697";"Оберти двигуна";"0";"rpm";
"63375.2159697";"Оберти двигуна x1000";"0";"rpm";
"63375.287794";"Температура олії у двигуні";"38";"℃";
"63375.3428383";"Прискорення";"-0.1071077141350885";"g";
"63375.3428383";"Пройдений шлях";"1.2094105453888886";"km";
"63375.3428383";"Пройдений шлях (Сьогодні)";"1.209411";"km";
"63375.3428383";"Пройдений шлях (Тиждень)";"1.209411";"km";
"63375.3428383";"Пройдений шлях(загальний)";"1.209411";"km";
"63375.3428383";"Середня швидкість";"19.766131703456743";"km/h";
"63375.3428383";"Швидкість автомобіля";"0";"km/h";
"63375.3942734";"Розрахунковий наддув";"-0.01";"bar";
"63375.3942734";"Тиск у впускному колекторі (абсолютний)";"98";"kPa";
"63375.5102251";"[BMS] HV State of charge";"61.5";"%";
"63375.5958581";"[BMS] HV Battery voltage";"362.41";"V";
"63375.6522023";"[BMS] Max Cell Voltage";"3.75";"V";
"63375.7086";"[BMS] Min Cell Voltage";"3.742";"V";
"63375.7657766";"[BMS] HV Battery Current";"-3.2999999999999545";"A";
"63375.814418";"[BMS] HV Battery Current (Low)";"-3.2999999999999545";"A";
"63375.8799456";"[BMS] HV Battery Current (High)";"-3";"A";
"63375.9347484";"[BMS] HV Battery Temperature Sensor 1";"24";"℃";
"63375.9885104";"[BMS] HV Battery Temperature Sensor 2";"24";"℃";
"63376.0405383";"[BMS] HV Battery Temperature Sensor 3";"24";"℃";
"63376.0935444";"[BMS] HV Battery Temperature Sensor 4";"23";"℃";
"63376.1763116";"[BMS] HV Battery Intake Air Temperature";"23";"℃";
"63376.2871197";"[VCM] Traction motor temperature";"38";"℃";
"63376.3416069";"[VCM] HV Coolant Temperature";"25";"℃";
"63376.4048137";"[VCM] Target Motor Torque";"0";"N⋅m";
"63376.4558901";"[VCM] Available Motor Maximum Output";"13";"%";
"63376.5127158";"[VCM] Motor RPM";"0";"rpm";
"63376.5127158";"[VCM] Motor Torque";"0";"N⋅m";
"63376.5847464";"[VCM] Vehicle Speed";"0";"km/h";
"63376.6912954";"Розрахункове значення навантаження на двигун";"0";"%";
"63376.7582178";"Оберти двигуна";"0";"rpm";
"63376.7582178";"Оберти двигуна x1000";"0";"rpm";
"63376.8251651";"Температура олії у двигуні";"38";"℃";
"63376.8803933";"Прискорення";"-0.07191773734526498";"g";
"63376.8803933";"Пройдений шлях";"1.2094105453888886";"km";
"63376.8803933";"Пройдений шлях (Сьогодні)";"1.209411";"km";
"63376.8803933";"Пройдений шлях (Тиждень)";"1.209411";"km";
"63376.8803933";"Пройдений шлях(загальний)";"1.209411";"km";
"63376.8803933";"Середня швидкість";"19.629116382727343";"km/h";
"63376.8803933";"Швидкість автомобіля";"0";"km/h";
"63376.9337969";"Розрахунковий наддув";"-0.01";"bar";
"63376.9337969";"Тиск у впускному колекторі (абсолютний)";"98";"kPa";
"63377.051885";"[BMS] HV State of charge";"62";"%";
"63377.1052484";"[BMS] HV Battery voltage";"362.08";"V";
"63377.1602454";"[BMS] Max Cell Voltage";"3.748";"V";
"63377.223904";"[BMS] Min Cell Voltage";"3.742";"V";
"63377.2813006";"[BMS] HV Battery Current";"-3.1499999999998636";"A";
"63377.3388432";"[BMS] HV Battery Current (Low)";"-3.199999999999818";"A";
"63377.4035671";"[BMS] HV Battery Current (High)";"-3";"A";
"63377.4571823";"[BMS] HV Battery Temperature Sensor 1";"24";"℃";
"63377.5079623";"[BMS] HV Battery Temperature Sensor 2";"24";"℃";
"63377.5760952";"[BMS] HV Battery Temperature Sensor 3";"24";"℃";
"63377.6240812";"[BMS] HV Battery Temperature Sensor 4";"23";"℃";
"63377.6641236";"[BMS] HV Battery Intake Air Temperature";"23";"℃";
"63377.7729684";"[VCM] Traction motor temperature";"38";"℃";
"63377.8450146";"[VCM] HV Coolant Temperature";"25";"℃";
"63377.9395492";"[VCM] Target Motor Torque";"0";"N⋅m";
"63377.9971974";"[VCM] Available Motor Maximum Output";"100";"%";
"63378.0521923";"[VCM] Motor RPM";"0";"rpm";
"63378.0521923";"[VCM] Motor Torque";"0";"N⋅m";
"63378.1039607";"[VCM] Vehicle Speed";"0";"km/h";
"63378.2304066";"Розрахункове значення навантаження на двигун";"0";"%";
"63378.2877054";"Температура охолодної рідини";"56";"℃";
"63378.3401341";"Оберти двигуна";"0";"rpm";
"63378.3401341";"Оберти двигуна x1000";"0";"rpm";
"63378.4052784";"Температура олії у двигуні";"38";"℃";
"63378.496205";"Прискорення";"-0.027033412729178384";"g";
"63378.496205";"Пройдений шлях";"1.2094105453888886";"km";
"63378.496205";"Пройдений шлях (Сьогодні)";"1.209411";"km";
"63378.496205";"Пройдений шлях (Тиждень)";"1.209411";"km";
"63378.496205";"Пройдений шлях(загальний)";"1.209411";"km";
"63378.496205";"Середня швидкість";"19.487154756875405";"km/h";
"63378.496205";"Швидкість автомобіля";"0";"km/h";
"63378.546894";"Розрахунковий наддув";"-0.01";"bar";
"63378.546894";"Тиск у впускному колекторі (абсолютний)";"98";"kPa";
"63378.6674086";"[BMS] HV State of charge";"62";"%";
"63378.7229533";"[BMS] HV Battery voltage";"360.64";"V";
"63378.7785539";"[BMS] Max Cell Voltage";"3.747";"V";
"63378.8311355";"[BMS] Min Cell Voltage";"3.74";"V";
"63378.8841649";"[BMS] HV Battery Current";"-3.1499999999998636";"A";
"63378.9501915";"[BMS] HV Battery Current (Low)";"-3.1499999999998636";"A";
"63379.0089162";"[BMS] HV Battery Current (High)";"-3";"A";
"63379.0968136";"[BMS] HV Battery Temperature Sensor 1";"24";"℃";
"63379.154097";"[BMS] HV Battery Temperature Sensor 2";"24";"℃";
"63379.2257285";"[BMS] HV Battery Temperature Sensor 3";"24";"℃";
"63379.2699646";"[BMS] HV Battery Temperature Sensor 4";"23";"℃";
"63379.3200636";"[BMS] HV Battery Intake Air Temperature";"23";"℃";
"63379.4318702";"[VCM] Traction motor temperature";"38";"℃";
"63379.4940709";"[VCM] HV Coolant Temperature";"25";"℃";
"63379.5584756";"[VCM] Target Motor Torque";"0";"N⋅m";
"63379.6118607";"[VCM] Available Motor Maximum Output";"13";"%";
"63379.6882377";"[VCM] Motor RPM";"0";"rpm";
"63379.6882377";"[VCM] Motor Torque";"0";"N⋅m";
"63379.7439048";"[VCM] Vehicle Speed";"0";"km/h";
"63379.8662844";"Розрахункове значення навантаження на двигун";"0";"%";
"63379.9178328";"Оберти двигуна";"0";"rpm";
"63379.9178328";"Оберти двигуна x1000";"0";"rpm";
"63379.9712613";"Температура олії у двигуні";"38";"℃";
"63380.0274377";"Прискорення";"0";"g";
"63380.0274377";"Пройдений шлях";"1.2094105453888886";"km";
"63380.0274377";"Пройдений шлях (Сьогодні)";"1.209411";"km";
"63380.0274377";"Пройдений шлях (Тиждень)";"1.209411";"km";
"63380.0274377";"Пройдений шлях(загальний)";"1.209411";"km";
"63380.0274377";"Середня швидкість";"19.3545102249185";"km/h";
"63380.0274377";"Швидкість автомобіля";"0";"km/h";
"63380.0845146";"Розрахунковий наддув";"-0.01";"bar";
"63380.0845146";"Тиск у впускному колекторі (абсолютний)";"98";"kPa";
"63380.2050424";"[BMS] HV State of charge";"62";"%";
"63380.2718586";"[BMS] HV Battery voltage";"362.25";"V";
"63380.3265454";"[BMS] Max Cell Voltage";"3.745";"V";
"63380.4042098";"[BMS] Min Cell Voltage";"3.738";"V";
"63380.4572648";"[BMS] HV Battery Current";"-3";"A";
"63380.5069634";"[BMS] HV Battery Current (Low)";"-3";"A";
"63380.563627";"[BMS] HV Battery Current (High)";"-2.7999999999999545";"A";
"63380.6289602";"[BMS] HV Battery Temperature Sensor 1";"24";"℃";
"63380.6790817";"[BMS] HV Battery Temperature Sensor 2";"24";"℃";
"63380.7359093";"[BMS] HV Battery Temperature Sensor 3";"24";"℃";
"63380.8314401";"[BMS] HV Battery Temperature Sensor 4";"23";"℃";
"63380.8788702";"[BMS] HV Battery Intake Air Temperature";"23";"℃";
"63380.9911781";"[VCM] Traction motor temperature";"38";"℃";
"63381.0444384";"[VCM] HV Coolant Temperature";"25";"℃";
"63381.1048074";"[VCM] Target Motor Torque";"0";"N⋅m";
"63381.1517437";"[VCM] Available Motor Maximum Output";"100";"%";
"63381.2112566";"[VCM] Motor RPM";"0";"rpm";
"63381.2112566";"[VCM] Motor Torque";"0";"N⋅m";
"63381.2706213";"[VCM] Vehicle Speed";"0";"km/h";
"63381.4109078";"Розрахункове значення навантаження на двигун";"0";"%";
"63381.4766226";"Температура охолодної рідини";"57";"℃";
"63381.5248249";"Оберти двигуна";"0";"rpm";
"63381.5248249";"Оберти двигуна x1000";"0";"rpm";
"63381.5908837";"Температура олії у двигуні";"38";"℃";
"63381.6560176";"Прискорення";"0";"g";
"63381.6560176";"Пройдений шлях";"1.2094105453888886";"km";
"63381.6560176";"Пройдений шлях (Сьогодні)";"1.209411";"km";
"63381.6560176";"Пройдений шлях (Тиждень)";"1.209411";"km";
"63381.6560176";"Пройдений шлях(загальний)";"1.209411";"km";
"63381.6560176";"Середня швидкість";"19.215397601863426";"km/h";
"63381.6560176";"Швидкість автомобіля";"0";"km/h";
"63381.7129047";"Розрахунковий наддув";"-0.01";"bar";
"63381.7129047";"Тиск у впускному колекторі (абсолютний)";"98";"kPa";
"63381.8304182";"[BMS] HV State of charge";"62.5";"%";
"63381.8787848";"[BMS] HV Battery voltage";"361.12";"V";
"63381.9376101";"[BMS] Max Cell Voltage";"3.744";"V";
"63382.0276482";"[BMS] Min Cell Voltage";"3.737";"V";
"63382.0963146";"[BMS] HV Battery Current";"-3.0499999999999545";"A";
"63382.1520747";"[BMS] HV Battery Current (Low)";"-3";"A";
"63382.2078269";"[BMS] HV Battery Current (High)";"-2.7999999999999545";"A";
"63382.2684534";"[BMS] HV Battery Temperature Sensor 1";"24";"℃";
"63382.3287172";"[BMS] HV Battery Temperature Sensor 2";"24";"℃";
"63382.3732018";"[BMS] HV Battery Temperature Sensor 3";"24";"℃";
"63382.4323547";"[BMS] HV Battery Temperature Sensor 4";"23";"℃";
"63382.492324";"[BMS] HV Battery Intake Air Temperature";"23";"℃";
"63382.6064534";"[VCM] Traction motor temperature";"38";"℃";
"63382.6672882";"[VCM] HV Coolant Temperature";"25";"℃";
"63382.7247496";"[VCM] Target Motor Torque";"0";"N⋅m";
"63382.7899612";"[VCM] Available Motor Maximum Output";"13";"%";
"63382.8760818";"[VCM] Motor RPM";"0";"rpm";
"63382.8760818";"[VCM] Motor Torque";"0";"N⋅m";
"63382.9565215";"[VCM] Vehicle Speed";"0";"km/h";
"63383.0625182";"Розрахункове значення навантаження на двигун";"0";"%";
"63383.1249188";"Оберти двигуна";"0";"rpm";
"63383.1249188";"Оберти двигуна x1000";"0";"rpm";
"63383.1888896";"Температура олії у двигуні";"38";"℃";
"63383.2445436";"Прискорення";"0";"g";
"63383.2445436";"Пройдений шлях";"1.2094105453888886";"km";
"63383.2445436";"Пройдений шлях (Сьогодні)";"1.209411";"km";
"63383.2445436";"Пройдений шлях (Тиждень)";"1.209411";"km";
"63383.2445436";"Пройдений шлях(загальний)";"1.209411";"km";
"63383.2445436";"Середня швидкість";"19.081619431890104";"km/h";
"63383.2445436";"Швидкість автомобіля";"0";"km/h";
"63383.3122306";"Розрахунковий наддув";"-0.01";"bar";
"63383.3122306";"Тиск у впускному колекторі (абсолютний)";"98";"kPa";
"63383.4355636";"[BMS] HV State of charge";"62.5";"%";
"63383.4921596";"[BMS] HV Battery voltage";"360.64";"V";
"63383.5491531";"[BMS] Max Cell Voltage";"3.746";"V";
"63383.597899";"[BMS] Min Cell Voltage";"3.736";"V";
"63383.6553135";"[BMS] HV Battery Current";"-2.949999999999818";"A";
"63383.7081644";"[BMS] HV Battery Current (Low)";"-2.8999999999998636";"A";
"63383.7761486";"[BMS] HV Battery Current (High)";"-2.7999999999999545";"A";
"63383.837502";"[BMS] HV Battery Temperature Sensor 1";"24";"℃";
"63383.894717";"[BMS] HV Battery Temperature Sensor 2";"24";"℃";
"63383.9487263";"[BMS] HV Battery Temperature Sensor 3";"24";"℃";
"63384.0189454";"[BMS] HV Battery Temperature Sensor 4";"24";"℃";
"63384.0787098";"[BMS] HV Battery Intake Air Temperature";"23";"℃";
"63384.1887342";"[VCM] Traction motor temperature";"38";"℃";
"63384.2353146";"[VCM] HV Coolant Temperature";"25";"℃";
"63384.3445879";"[VCM] Target Motor Torque";"0";"N⋅m";
"63384.4160489";"[VCM] Available Motor Maximum Output";"100";"%";
"63384.4950738";"[VCM] Motor RPM";"0";"rpm";
"63384.4950738";"[VCM] Motor Torque";"0";"N⋅m";
"63384.5525125";"[VCM] Vehicle Speed";"0";"km/h";
"63384.6855361";"Розрахункове значення навантаження на двигун";"0";"%";
"63384.7749807";"Температура охолодної рідини";"57";"℃";
"63384.8274661";"Оберти двигуна";"0";"rpm";
"63384.8274661";"Оберти двигуна x1000";"0";"rpm";
"63384.8804116";"Температура олії у двигуні";"38";"℃";
"63384.9429986";"Прискорення";"0";"g";
"63384.9429986";"Пройдений шлях";"1.2094105453888886";"km";
"63384.9429986";"Пройдений шлях (Сьогодні)";"1.209411";"km";
"63384.9429986";"Пройдений шлях (Тиждень)";"1.209411";"km";
"63384.9429986";"Пройдений шлях(загальний)";"1.209411";"km";
"63384.9429986";"Середня швидкість";"18.940630259376473";"km/h";
"63384.9429986";"Швидкість автомобіля";"0";"km/h";
"63385.0075097";"Розрахунковий наддув";"-0.01";"bar";
"63385.0075097";"Тиск у впускному колекторі (абсолютний)";"98";"kPa";
"63385.1482165";"[BMS] HV State of charge";"62.5";"%";
"63385.2226113";"[BMS] HV Battery voltage";"361.28000000000003";"V";
"63385.2836423";"[BMS] Max Cell Voltage";"3.742";"V";
"63385.3717772";"[BMS] Min Cell Voltage";"3.735";"V";
"63385.4246246";"[BMS] HV Battery Current";"-2.949999999999818";"A";
"63385.4761406";"[BMS] HV Battery Current (Low)";"-2.949999999999818";"A";
"63385.5740821";"[BMS] HV Battery Current (High)";"-2.7999999999999545";"A";
"63385.634515";"[BMS] HV Battery Temperature Sensor 1";"24";"℃";
"63385.7071608";"[BMS] HV Battery Temperature Sensor 2";"24";"℃";
"63385.7584044";"[BMS] HV Battery Temperature Sensor 3";"24";"℃";
"63385.8423589";"[BMS] HV Battery Temperature Sensor 4";"24";"℃";
"63385.9146101";"[BMS] HV Battery Intake Air Temperature";"23";"℃";
"63386.048182";"[VCM] Traction motor temperature";"38";"℃";
"63386.1232866";"[VCM] HV Coolant Temperature";"25";"℃";
"63386.1748906";"[VCM] Target Motor Torque";"0";"N⋅m";
"63386.2702737";"[VCM] Available Motor Maximum Output";"100";"%";
"63386.3261751";"[VCM] Motor RPM";"0";"rpm";
"63386.3261751";"[VCM] Motor Torque";"0";"N⋅m";
"63386.387992";"[VCM] Vehicle Speed";"0";"km/h";
"63386.4880337";"Розрахункове значення навантаження на двигун";"0";"%";
"63386.5799999";"Оберти двигуна";"0";"rpm";
"63386.5799999";"Оберти двигуна x1000";"0";"rpm";
"63386.6437738";"Температура олії у двигуні";"38";"℃";
"63386.7156068";"Прискорення";"0";"g";
"63386.7156068";"Пройдений шлях";"1.2094105453888886";"km";
"63386.7156068";"Пройдений шлях (Сьогодні)";"1.209411";"km";
"63386.7156068";"Пройдений шлях (Тиждень)";"1.209411";"km";
"63386.7156068";"Пройдений шлях(загальний)";"1.209411";"km";
"63386.7156068";"Середня швидкість";"18.795695875842203";"km/h";
"63386.7156068";"Швидкість автомобіля";"0";"km/h";
"63386.7785324";"Розрахунковий наддув";"-0.01";"bar";
"63386.7785324";"Тиск у впускному колекторі (абсолютний)";"98";"kPa";
"63386.8881786";"[BMS] HV State of charge";"62.5";"%";
"63386.9273607";"[BMS] HV Battery voltage";"359.99";"V";
"63386.9866981";"[BMS] Max Cell Voltage";"3.742";"V";
"63387.0589552";"[BMS] Min Cell Voltage";"3.735";"V";
"63387.1068161";"[BMS] HV Battery Current";"-2.849999999999909";"A";
"63387.1796755";"[BMS] HV Battery Current (Low)";"-2.949999999999818";"A";
"63387.2476498";"[BMS] HV Battery Current (High)";"-3";"A";
"63387.3196644";"[BMS] HV Battery Temperature Sensor 1";"24";"℃";
"63387.3805375";"[BMS] HV Battery Temperature Sensor 2";"24";"℃";
"63387.4749847";"[BMS] HV Battery Temperature Sensor 3";"24";"℃";
"63387.5415256";"[BMS] HV Battery Temperature Sensor 4";"24";"℃";
"63387.6330453";"[BMS] HV Battery Intake Air Temperature";"23";"℃";
"63387.7736129";"[VCM] Traction motor temperature";"38";"℃";
"63387.8510259";"[VCM] HV Coolant Temperature";"25";"℃";
"63387.919907";"[VCM] Target Motor Torque";"0";"N⋅m";
"63387.9836669";"[VCM] Available Motor Maximum Output";"13";"%";
"63388.0710202";"[VCM] Motor RPM";"0";"rpm";
"63388.0710202";"[VCM] Motor Torque";"0";"N⋅m";
"63388.1355191";"[VCM] Vehicle Speed";"0";"km/h";
"63388.2802897";"Розрахункове значення навантаження на двигун";"0";"%";
"63388.3350776";"Температура охолодної рідини";"57";"℃";
"63388.4003033";"Оберти двигуна";"0";"rpm";
"63388.4003033";"Оберти двигуна x1000";"0";"rpm";
"63388.4797545";"Температура олії у двигуні";"39";"℃";
"63388.5549356";"Прискорення";"0";"g";
"63388.5549356";"Пройдений шлях";"1.2094105453888886";"km";
"63388.5549356";"Пройдений шлях (Сьогодні)";"1.209411";"km";
"63388.5549356";"Пройдений шлях (Тиждень)";"1.209411";"km";
"63388.5549356";"Пройдений шлях(загальний)";"1.209411";"km";
"63388.5549356";"Середня швидкість";"18.647621680598178";"km/h";
"63388.5549356";"Швидкість автомобіля";"0";"km/h";
"63388.608132";"Розрахунковий наддув";"-0.01";"bar";
"63388.608132";"Тиск у впускному колекторі (абсолютний)";"98";"kPa";
"63388.7554486";"[BMS] HV State of charge";"62.5";"%";
"63388.8488844";"[BMS] HV Battery voltage";"361.44";"V";
"63388.914455";"[BMS] Max Cell Voltage";"3.741";"V";
"63389.0053127";"[BMS] Min Cell Voltage";"3.734";"V";
"63389.0528596";"[BMS] HV Battery Current";"-3.099999999999909";"A";
"63389.1198475";"[BMS] HV Battery Current (Low)";"-2.8999999999998636";"A";
"63389.1736512";"[BMS] HV Battery Current (High)";"-2.7999999999999545";"A";
"63389.2268231";"[BMS] HV Battery Temperature Sensor 1";"24";"℃";
"63389.3380096";"[BMS] HV Battery Temperature Sensor 2";"24";"℃";
"63389.4407423";"[BMS] HV Battery Temperature Sensor 3";"24";"℃";
"63389.5761298";"[BMS] HV Battery Temperature Sensor 4";"24";"℃";
"63389.632839";"[BMS] HV Battery Intake Air Temperature";"23";"℃";
"63389.7931122";"[VCM] Traction motor temperature";"38";"℃";
"63389.8859615";"[VCM] HV Coolant Temperature";"25";"℃";
"63389.9310494";"[VCM] Target Motor Torque";"0";"N⋅m";
"63390.0248629";"[VCM] Available Motor Maximum Output";"13";"%";
"63390.0700444";"[VCM] Motor RPM";"0";"rpm";
"63390.0700444";"[VCM] Motor Torque";"0";"N⋅m";
"63390.1274862";"[VCM] Vehicle Speed";"0";"km/h";
"63390.2537529";"Розрахункове значення навантаження на двигун";"0";"%";
"63390.3560997";"Оберти двигуна";"0";"rpm";
"63390.3560997";"Оберти двигуна x1000";"0";"rpm";
"63390.4190894";"Температура олії у двигуні";"39";"℃";
"63390.5010599";"Прискорення";"0";"g";
"63390.5010599";"Пройдений шлях";"1.2094105453888886";"km";
"63390.5010599";"Пройдений шлях (Сьогодні)";"1.209411";"km";
"63390.5010599";"Пройдений шлях (Тиждень)";"1.209411";"km";
"63390.5010599";"Пройдений шлях(загальний)";"1.209411";"km";
"63390.5010599";"Середня швидкість";"18.493412487742468";"km/h";
"63390.5010599";"Швидкість автомобіля";"0";"km/h";
"63390.5474588";"Розрахунковий наддув";"-0.01";"bar";
"63390.5474588";"Тиск у впускному колекторі (абсолютний)";"98";"kPa";
"63390.7037434";"[BMS] HV State of charge";"62.5";"%";
"63390.7728352";"[BMS] HV Battery voltage";"360.64";"V";
"63390.8270777";"[BMS] Max Cell Voltage";"3.742";"V";
"63390.8879436";"[BMS] Min Cell Voltage";"3.734";"V";
"63390.9529514";"[BMS] HV Battery Current";"-3.0499999999999545";"A";
"63391.0083791";"[BMS] HV Battery Current (Low)";"-2.949999999999818";"A";
"63391.0909581";"[BMS] HV Battery Current (High)";"-2.7999999999999545";"A";
"63391.1386128";"[BMS] HV Battery Temperature Sensor 1";"24";"℃";
"63391.2241641";"[BMS] HV Battery Temperature Sensor 2";"24";"℃";
"63391.2752161";"[BMS] HV Battery Temperature Sensor 3";"24";"℃";
"63391.3381805";"[BMS] HV Battery Temperature Sensor 4";"24";"℃";
"63391.4036396";"[BMS] HV Battery Intake Air Temperature";"23";"℃";
"63391.5603047";"[VCM] Traction motor temperature";"38";"℃";
"63391.6260166";"[VCM] HV Coolant Temperature";"25";"℃";
"63391.7083711";"[VCM] Target Motor Torque";"0";"N⋅m";
"63391.763404";"[VCM] Available Motor Maximum Output";"100";"%";
"63391.8562275";"[VCM] Motor RPM";"0";"rpm";
"63391.8562275";"[VCM] Motor Torque";"0";"N⋅m";
"63391.930086";"[VCM] Vehicle Speed";"0";"km/h";
"63392.1489425";"Розрахункове значення навантаження на двигун";"0";"%";
"63392.2101323";"Температура охолодної рідини";"57";"℃";
"63392.299992";"Оберти двигуна";"0";"rpm";
"63392.299992";"Оберти двигуна x1000";"0";"rpm";
"63392.3651307";"Температура олії у двигуні";"39";"℃";
"63392.4510753";"Прискорення";"0";"g";
"63392.4510753";"Пройдений шлях";"1.2094105453888886";"km";
"63392.4510753";"Пройдений шлях (Сьогодні)";"1.209411";"km";
"63392.4510753";"Пройдений шлях (Тиждень)";"1.209411";"km";
"63392.4510753";"Пройдений шлях(загальний)";"1.209411";"km";
"63392.4510753";"Середня швидкість";"18.34155972072466";"km/h";
"63392.4510753";"Швидкість автомобіля";"0";"km/h";
"63392.5086287";"Розрахунковий наддув";"-0.01";"bar";
"63392.5086287";"Тиск у впускному колекторі (абсолютний)";"98";"kPa";
"63392.6628184";"[BMS] HV State of charge";"62.5";"%";
"63392.7468818";"[BMS] HV Battery voltage";"359.35";"V";
"63392.8239305";"[BMS] Max Cell Voltage";"3.739";"V";
"63392.8768919";"[BMS] Min Cell Voltage";"3.732";"V";
"63392.9264509";"[BMS] HV Battery Current";"-2.949999999999818";"A";
"63392.9861599";"[BMS] HV Battery Current (Low)";"-3";"A";
"63393.079229";"[BMS] HV Battery Current (High)";"-3";"A";
"63393.1358009";"[BMS] HV Battery Temperature Sensor 1";"24";"℃";
"63393.1953896";"[BMS] HV Battery Temperature Sensor 2";"24";"℃";
"63393.2567232";"[BMS] HV Battery Temperature Sensor 3";"24";"℃";
"63393.3541301";"[BMS] HV Battery Temperature Sensor 4";"24";"℃";
"63393.4041507";"[BMS] HV Battery Intake Air Temperature";"23";"℃";
"63393.5347848";"[VCM] Traction motor temperature";"37";"℃";
"63393.5840573";"[VCM] HV Coolant Temperature";"25";"℃";
"63393.6604831";"[VCM] Target Motor Torque";"0";"N⋅m";
"63393.7106578";"[VCM] Available Motor Maximum Output";"100";"%";
"63393.7731642";"[VCM] Motor RPM";"0";"rpm";
"63393.7731642";"[VCM] Motor Torque";"0";"N⋅m";
"63393.8264611";"[VCM] Vehicle Speed";"0";"km/h";
"63393.9632314";"Розрахункове значення навантаження на двигун";"0";"%";
"63394.0238909";"Оберти двигуна";"0";"rpm";
"63394.0238909";"Оберти двигуна x1000";"0";"rpm";
"63394.0755248";"Температура олії у двигуні";"39";"℃";
"63394.1363237";"Прискорення";"0";"g";
"63394.1363237";"Пройдений шлях";"1.2094105453888886";"km";
"63394.1363237";"Пройдений шлях (Сьогодні)";"1.209411";"km";
"63394.1363237";"Пройдений шлях (Тиждень)";"1.209411";"km";
"63394.1363237";"Пройдений шлях(загальний)";"1.209411";"km";
"63394.1363237";"Середня швидкість";"18.212219445805275";"km/h";
"63394.1363237";"Швидкість автомобіля";"0";"km/h";
"63394.2149726";"Розрахунковий наддув";"-0.01";"bar";
"63394.2149726";"Тиск у впускному колекторі (абсолютний)";"98";"kPa";
"63394.3197486";"[BMS] HV State of charge";"62.5";"%";
"63394.378397";"[BMS] HV Battery voltage";"359.51";"V";
"63394.4790583";"[BMS] Max Cell Voltage";"3.739";"V";
"63394.5150335";"[BMS] Min Cell Voltage";"3.732";"V";
"63394.5726454";"[BMS] HV Battery Current";"-2.8999999999998636";"A";
"63394.6363786";"[BMS] HV Battery Current (Low)";"-3.099999999999909";"A";
"63394.6873772";"[BMS] HV Battery Current (High)";"-2.7999999999999545";"A";
"63394.7599802";"[BMS] HV Battery Temperature Sensor 1";"24";"℃";
"63394.8147912";"[BMS] HV Battery Temperature Sensor 2";"24";"℃";
"63394.8742715";"[BMS] HV Battery Temperature Sensor 3";"24";"℃";
"63394.9296363";"[BMS] HV Battery Temperature Sensor 4";"24";"℃";
"63395.0066095";"[BMS] HV Battery Intake Air Temperature";"23";"℃";
"63395.1183124";"[VCM] Traction motor temperature";"37";"℃";
"63395.1715429";"[VCM] HV Coolant Temperature";"25";"℃";
"63395.2316609";"[VCM] Target Motor Torque";"0";"N⋅m";
"63395.2951979";"[VCM] Available Motor Maximum Output";"13";"%";
"63395.3601439";"[VCM] Motor RPM";"0";"rpm";
"63395.3601439";"[VCM] Motor Torque";"0";"N⋅m";
"63395.4235833";"[VCM] Vehicle Speed";"0";"km/h";
"63395.548267";"Розрахункове значення навантаження на двигун";"0";"%";
"63395.5872949";"Температура охолодної рідини";"57";"℃";
"63395.6436615";"Оберти двигуна";"0";"rpm";
"63395.6436615";"Оберти двигуна x1000";"0";"rpm";
"63395.6961152";"Температура олії у двигуні";"39";"℃";
"63395.7579304";"Прискорення";"0";"g";
"63395.7579304";"Пройдений шлях";"1.2094105453888886";"km";
"63395.7579304";"Пройдений шлях (Сьогодні)";"1.209411";"km";
"63395.7579304";"Пройдений шлях (Тиждень)";"1.209411";"km";
"63395.7579304";"Пройдений шлях(загальний)";"1.209411";"km";
"63395.7579304";"Середня швидкість";"18.089557319102862";"km/h";
"63395.7579304";"Швидкість автомобіля";"0";"km/h";
"63395.8674472";"Розрахунковий наддув";"-0.01";"bar";
"63395.8674472";"Тиск у впускному колекторі (абсолютний)";"98";"kPa";
"63395.9780279";"[BMS] HV State of charge";"62.5";"%";
"63396.0344186";"[BMS] HV Battery voltage";"360.31";"V";
"63396.1222155";"[BMS] Max Cell Voltage";"3.739";"V";
"63396.1849287";"[BMS] Min Cell Voltage";"3.731";"V";
"63396.2351388";"[BMS] HV Battery Current";"-3.0499999999999545";"A";
"63396.2895854";"[BMS] HV Battery Current (Low)";"-3.0499999999999545";"A";
"63396.3745999";"[BMS] HV Battery Current (High)";"-2.7999999999999545";"A";
"63396.4351905";"[BMS] HV Battery Temperature Sensor 1";"24";"℃";
"63396.483623";"[BMS] HV Battery Temperature Sensor 2";"24";"℃";
"63396.5464073";"[BMS] HV Battery Temperature Sensor 3";"24";"℃";
"63396.5953157";"[BMS] HV Battery Temperature Sensor 4";"24";"℃";
"63396.6823239";"[BMS] HV Battery Intake Air Temperature";"23";"℃";
"63396.8043511";"[VCM] Traction motor temperature";"37";"℃";
"63396.8561729";"[VCM] HV Coolant Temperature";"25";"℃";
"63396.9197984";"[VCM] Target Motor Torque";"0";"N⋅m";
"63396.9834715";"[VCM] Available Motor Maximum Output";"13";"%";
"63397.039826";"[VCM] Motor RPM";"0";"rpm";
"63397.039826";"[VCM] Motor Torque";"0";"N⋅m";
"63397.0911118";"[VCM] Vehicle Speed";"0";"km/h";
"63397.2350726";"Розрахункове значення навантаження на двигун";"0";"%";
"63397.2920576";"Оберти двигуна";"0";"rpm";
"63397.2920576";"Оберти двигуна x1000";"0";"rpm";
"63397.3558812";"Температура олії у двигуні";"39";"℃";
"63397.4083096";"Прискорення";"0";"g";
"63397.4083096";"Пройдений шлях";"1.2094105453888886";"km";
"63397.4083096";"Пройдений шлях (Сьогодні)";"1.209411";"km";
"63397.4083096";"Пройдений шлях (Тиждень)";"1.209411";"km";
"63397.4083096";"Пройдений шлях(загальний)";"1.209411";"km";
"63397.4083096";"Середня швидкість";"17.966361822206533";"km/h";
"63397.4083096";"Швидкість автомобіля";"0";"km/h";
"63397.4995778";"Розрахунковий наддув";"-0.01";"bar";
"63397.4995778";"Тиск у впускному колекторі (абсолютний)";"98";"kPa";
"63397.6124323";"[BMS] HV State of charge";"62.5";"%";
"63397.6702752";"[BMS] HV Battery voltage";"361.12";"V";
"63397.7558265";"[BMS] Max Cell Voltage";"3.739";"V";
"63397.8060729";"[BMS] Min Cell Voltage";"3.732";"V";
"63397.8751174";"[BMS] HV Battery Current";"-2.949999999999818";"A";
"63397.9278555";"[BMS] HV Battery Current (Low)";"-3.0499999999999545";"A";
"63397.9780094";"[BMS] HV Battery Current (High)";"-2.7999999999999545";"A";
"63398.04239";"[BMS] HV Battery Temperature Sensor 1";"24";"℃";
"63398.1026454";"[BMS] HV Battery Temperature Sensor 2";"24";"℃";
"63398.1602321";"[BMS] HV Battery Temperature Sensor 3";"24";"℃";
"63398.210592";"[BMS] HV Battery Temperature Sensor 4";"24";"℃";
"63398.3123489";"[BMS] HV Battery Intake Air Temperature";"23";"℃";
"63398.4180971";"[VCM] Traction motor temperature";"37";"℃";
"63398.4589236";"[VCM] HV Coolant Temperature";"25";"℃";
"63398.5122491";"[VCM] Target Motor Torque";"0";"N⋅m";
"63398.5752881";"[VCM] Available Motor Maximum Output";"100";"%";
"63398.6392133";"[VCM] Motor RPM";"0";"rpm";
"63398.6392133";"[VCM] Motor Torque";"0";"N⋅m";
"63398.6986472";"[VCM] Vehicle Speed";"0";"km/h";
"63398.8077222";"Розрахункове значення навантаження на двигун";"0";"%";
"63398.8814288";"Температура охолодної рідини";"57";"℃";
"63398.9305";"Оберти двигуна";"0";"rpm";
"63398.9305";"Оберти двигуна x1000";"0";"rpm";
"63398.9983325";"Температура олії у двигуні";"39";"℃";
"63399.0522082";"Прискорення";"0";"g";
"63399.0522082";"Пройдений шлях";"1.2094105453888886";"km";
"63399.0522082";"Пройдений шлях (Сьогодні)";"1.209411";"km";
"63399.0522082";"Пройдений шлях (Тиждень)";"1.209411";"km";
"63399.0522082";"Пройдений шлях(загальний)";"1.209411";"km";
"63399.0522082";"Середня швидкість";"17.845306188258952";"km/h";
"63399.0522082";"Швидкість автомобіля";"0";"km/h";
"63399.1272053";"Розрахунковий наддув";"-0.01";"bar";
"63399.1272053";"Тиск у впускному колекторі (абсолютний)";"98";"kPa";
"63399.235518";"[BMS] HV State of charge";"62.5";"%";
"63399.2965778";"[BMS] HV Battery voltage";"359.19";"V";
"63399.3469983";"[BMS] Max Cell Voltage";"3.739";"V";
"63399.4226871";"[BMS] Min Cell Voltage";"3.731";"V";
"63399.4751456";"[BMS] HV Battery Current";"-3";"A";
"63399.5298771";"[BMS] HV Battery Current (Low)";"-3";"A";
"63399.6070945";"[BMS] HV Battery Current (High)";"-2.7999999999999545";"A";
"63399.6951115";"[BMS] HV Battery Temperature Sensor 1";"24";"℃";
"63399.7634811";"[BMS] HV Battery Temperature Sensor 2";"24";"℃";
"63399.8257603";"[BMS] HV Battery Temperature Sensor 3";"24";"℃";
"63399.8669535";"[BMS] HV Battery Temperature Sensor 4";"24";"℃";
"63399.9756353";"[BMS] HV Battery Intake Air Temperature";"23";"℃";
"63400.0953703";"[VCM] Traction motor temperature";"37";"℃";
"63400.1495811";"[VCM] HV Coolant Temperature";"25";"℃";
"63400.2218356";"[VCM] Target Motor Torque";"0";"N⋅m";
"63400.2905313";"[VCM] Available Motor Maximum Output";"100";"%";
"63400.3457023";"[VCM] Motor RPM";"0";"rpm";
"63400.3457023";"[VCM] Motor Torque";"0";"N⋅m";
"63400.3946822";"[VCM] Vehicle Speed";"0";"km/h";
"63400.5195128";"Розрахункове значення навантаження на двигун";"0";"%";
"63400.5828482";"Оберти двигуна";"0";"rpm";
"63400.5828482";"Оберти двигуна x1000";"0";"rpm";
"63400.6364396";"Температура олії у двигуні";"39";"℃";
"63400.6956591";"Прискорення";"0";"g";
"63400.6956591";"Пройдений шлях";"1.2094105453888886";"km";
"63400.6956591";"Пройдений шлях (Сьогодні)";"1.209411";"km";
"63400.6956591";"Пройдений шлях (Тиждень)";"1.209411";"km";
"63400.6956591";"Пройдений шлях(загальний)";"1.209411";"km";
"63400.6956591";"Середня швидкість";"17.72590468977288";"km/h";
"63400.6956591";"Швидкість автомобіля";"0";"km/h";
"63400.7830791";"Розрахунковий наддув";"-0.01";"bar";
"63400.7830791";"Тиск у впускному колекторі (абсолютний)";"98";"kPa";
"63400.9162819";"[BMS] HV State of charge";"62.5";"%";
"63400.9679513";"[BMS] HV Battery voltage";"359.99";"V";
"63401.056036";"[BMS] Max Cell Voltage";"3.737";"V";
"63401.1125541";"[BMS] Min Cell Voltage";"3.729";"V";
"63401.169588";"[BMS] HV Battery Current";"-2.949999999999818";"A";
"63401.231722";"[BMS] HV Battery Current (Low)";"-3.0499999999999545";"A";
"63401.291739";"[BMS] HV Battery Current (High)";"-2.7999999999999545";"A";
"63401.3540815";"[BMS] HV Battery Temperature Sensor 1";"24";"℃";
"63401.4188141";"[BMS] HV Battery Temperature Sensor 2";"24";"℃";
"63401.4669639";"[BMS] HV Battery Temperature Sensor 3";"24";"℃";
"63401.5298027";"[BMS] HV Battery Temperature Sensor 4";"24";"℃";
"63401.6032797";"[BMS] HV Battery Intake Air Temperature";"23";"℃";
"63401.7280607";"[VCM] Traction motor temperature";"37";"℃";
"63401.7808451";"[VCM] HV Coolant Temperature";"25";"℃";
"63401.83425";"[VCM] Target Motor Torque";"0";"N⋅m";
"63401.9129297";"[VCM] Available Motor Maximum Output";"13";"%";
"63401.9671064";"[VCM] Motor RPM";"0";"rpm";
"63401.9671064";"[VCM] Motor Torque";"0";"N⋅m";
"63402.0190812";"[VCM] Vehicle Speed";"0";"km/h";
"63402.1730416";"Розрахункове значення навантаження на двигун";"0";"%";
"63402.2254549";"Температура охолодної рідини";"57";"℃";
"63402.2930256";"Оберти двигуна";"0";"rpm";
"63402.2930256";"Оберти двигуна x1000";"0";"rpm";
"63402.3488214";"Температура олії у двигуні";"39";"℃";
"63402.4239976";"Прискорення";"0";"g";
"63402.4239976";"Пройдений шлях";"1.2094105453888886";"km";
"63402.4239976";"Пройдений шлях (Сьогодні)";"1.209411";"km";
"63402.4239976";"Пройдений шлях (Тиждень)";"1.209411";"km";
"63402.4239976";"Пройдений шлях(загальний)";"1.209411";"km";
"63402.4239976";"Середня швидкість";"17.602045624450987";"km/h";
"63402.4239976";"Швидкість автомобіля";"0";"km/h";
"63402.4869714";"Розрахунковий наддув";"-0.01";"bar";
"63402.4869714";"Тиск у впускному колекторі (абсолютний)";"98";"kPa";
"63402.613657";"[BMS] HV State of charge";"62.5";"%";
"63402.6516203";"[BMS] HV Battery voltage";"360.31";"V";
"63402.7200362";"[BMS] Max Cell Voltage";"3.738";"V";
"63402.7798484";"[BMS] Min Cell Voltage";"3.729";"V";
"63402.8425231";"[BMS] HV Battery Current";"-3.099999999999909";"A";
"63402.8932639";"[BMS] HV Battery Current (Low)";"-2.849999999999909";"A";
"63402.9659642";"[BMS] HV Battery Current (High)";"-2.7999999999999545";"A";
"63403.0070167";"[BMS] HV Battery Temperature Sensor 1";"24";"℃";
"63403.0623063";"[BMS] HV Battery Temperature Sensor 2";"24";"℃";
"63403.1199035";"[BMS] HV Battery Temperature Sensor 3";"24";"℃";
"63403.1721264";"[BMS] HV Battery Temperature Sensor 4";"24";"℃";
"63403.2521396";"[BMS] HV Battery Intake Air Temperature";"23";"℃";
"63403.3647525";"[VCM] Traction motor temperature";"37";"℃";
"63403.4515533";"[VCM] HV Coolant Temperature";"25";"℃";
"63403.5193285";"[VCM] Target Motor Torque";"0";"N⋅m";
"63403.5718483";"[VCM] Available Motor Maximum Output";"13";"%";
"63403.6341133";"[VCM] Motor RPM";"0";"rpm";
"63403.6341133";"[VCM] Motor Torque";"0";"N⋅m";
"63403.6971835";"[VCM] Vehicle Speed";"0";"km/h";
"63403.8274473";"Розрахункове значення навантаження на двигун";"0";"%";
"63403.8792377";"Оберти двигуна";"0";"rpm";
"63403.8792377";"Оберти двигуна x1000";"0";"rpm";
"63403.9358546";"Температура олії у двигуні";"39";"℃";
"63403.9873583";"Прискорення";"0";"g";
"63403.9873583";"Пройдений шлях";"1.2094105453888886";"km";
"63403.9873583";"Пройдений шлях (Сьогодні)";"1.209411";"km";
"63403.9873583";"Пройдений шлях (Тиждень)";"1.209411";"km";
"63403.9873583";"Пройдений шлях(загальний)";"1.209411";"km";
"63403.9873583";"Середня швидкість";"17.491493523134803";"km/h";
"63403.9873583";"Швидкість автомобіля";"0";"km/h";
"63404.079559";"Розрахунковий наддув";"-0.01";"bar";
"63404.079559";"Тиск у впускному колекторі (абсолютний)";"98";"kPa";
"63404.2037381";"[BMS] HV State of charge";"62.5";"%";
"63404.2609876";"[BMS] HV Battery voltage";"359.67";"V";
"63404.3187159";"[BMS] Max Cell Voltage";"3.737";"V";
"63404.3782343";"[BMS] Min Cell Voltage";"3.729";"V";
"63404.4156744";"[BMS] HV Battery Current";"-2.8999999999998636";"A";
"63404.5001217";"[BMS] HV Battery Current (Low)";"-2.8999999999998636";"A";
"63404.5511558";"[BMS] HV Battery Current (High)";"-2.7999999999999545";"A";
"63404.6522536";"[BMS] HV Battery Temperature Sensor 1";"24";"℃";
"63404.719879";"[BMS] HV Battery Temperature Sensor 2";"24";"℃";
"63404.780168";"[BMS] HV Battery Temperature Sensor 3";"24";"℃";
"63404.8466108";"[BMS] HV Battery Temperature Sensor 4";"24";"℃";
"63404.922608";"[BMS] HV Battery Intake Air Temperature";"23";"℃";
"63405.0199319";"[VCM] Traction motor temperature";"37";"℃";
"63405.0768733";"[VCM] HV Coolant Temperature";"25";"℃";
"63405.1293648";"[VCM] Target Motor Torque";"0";"N⋅m";
"63405.2025592";"[VCM] Available Motor Maximum Output";"100";"%";
"63405.2549897";"[VCM] Motor RPM";"0";"rpm";
"63405.2549897";"[VCM] Motor Torque";"0";"N⋅m";
"63405.3195936";"[VCM] Vehicle Speed";"0";"km/h";
"63405.4471565";"Розрахункове значення навантаження на двигун";"0";"%";
"63405.5104725";"Температура охолодної рідини";"57";"℃";
"63405.595522";"Оберти двигуна";"0";"rpm";
"63405.595522";"Оберти двигуна x1000";"0";"rpm";
"63405.6434683";"Температура олії у двигуні";"39";"℃";
"63405.719806";"Прискорення";"0";"g";
"63405.719806";"Пройдений шлях";"1.2094105453888886";"km";
"63405.719806";"Пройдений шлях (Сьогодні)";"1.209411";"km";
"63405.719806";"Пройдений шлях (Тиждень)";"1.209411";"km";
"63405.719806";"Пройдений шлях(загальний)";"1.209411";"km";
"63405.719806";"Середня швидкість";"17.370593194967707";"km/h";
"63405.719806";"Швидкість автомобіля";"0";"km/h";
"63405.7879292";"Розрахунковий наддув";"-0.01";"bar";
"63405.7879292";"Тиск у впускному колекторі (абсолютний)";"98";"kPa";
"63405.8810152";"[BMS] HV State of charge";"62.5";"%";
"63405.9531317";"[BMS] HV Battery voltage";"359.03000000000003";"V";
"63406.0883634";"[BMS] Max Cell Voltage";"3.736";"V";
"63406.1514703";"[BMS] Min Cell Voltage";"3.728";"V";
"63406.2396848";"[BMS] HV Battery Current";"-2.849999999999909";"A";
"63406.32863";"[BMS] HV Battery Current (Low)";"-2.8999999999998636";"A";
"63406.402461";"[BMS] HV Battery Current (High)";"-2.7999999999999545";"A";
"63406.4559189";"[BMS] HV Battery Temperature Sensor 1";"24";"℃";
"63406.5580453";"[BMS] HV Battery Temperature Sensor 2";"24";"℃";
"63406.6122495";"[BMS] HV Battery Temperature Sensor 3";"24";"℃";
"63406.667495";"[BMS] HV Battery Temperature Sensor 4";"24";"℃";
"63406.7280322";"[BMS] HV Battery Intake Air Temperature";"23";"℃";
"63406.848517";"[VCM] Traction motor temperature";"36";"℃";
"63406.9072052";"[VCM] HV Coolant Temperature";"25";"℃";
"63406.9672373";"[VCM] Target Motor Torque";"0";"N⋅m";
"63407.0144215";"[VCM] Available Motor Maximum Output";"13";"%";
"63407.050672";"[VCM] Motor RPM";"0";"rpm";
"63407.050672";"[VCM] Motor Torque";"0";"N⋅m";
"63407.1279787";"[VCM] Vehicle Speed";"0";"km/h";
"63407.2523464";"Розрахункове значення навантаження на двигун";"0";"%";
"63407.3093747";"Оберти двигуна";"0";"rpm";
"63407.3093747";"Оберти двигуна x1000";"0";"rpm";
"63407.4198409";"Температура олії у двигуні";"39";"℃";
"63407.47624";"Прискорення";"0";"g";
"63407.47624";"Пройдений шлях";"1.2094105453888886";"km";
"63407.47624";"Пройдений шлях (Сьогодні)";"1.209411";"km";
"63407.47624";"Пройдений шлях (Тиждень)";"1.209411";"km";
"63407.47624";"Пройдений шлях(загальний)";"1.209411";"km";
"63407.47624";"Середня швидкість";"17.24970045346767";"km/h";
"63407.47624";"Швидкість автомобіля";"0";"km/h";
"63407.5301696";"Розрахунковий наддув";"-0.01";"bar";
"63407.5301696";"Тиск у впускному колекторі (абсолютний)";"98";"kPa";
"63407.644078";"[BMS] HV State of charge";"62.5";"%";
"63407.7067675";"[BMS] HV Battery voltage";"359.03000000000003";"V";
"63407.7559121";"[BMS] Max Cell Voltage";"3.742";"V";
"63407.8178787";"[BMS] Min Cell Voltage";"3.729";"V";
"63407.8679162";"[BMS] HV Battery Current";"-2.949999999999818";"A";
"63407.9485699";"[BMS] HV Battery Current (Low)";"-2.949999999999818";"A";
"63408.0258202";"[BMS] HV Battery Current (High)";"-2.7999999999999545";"A";
"63408.0733932";"[BMS] HV Battery Temperature Sensor 1";"24";"℃";
"63408.1425054";"[BMS] HV Battery Temperature Sensor 2";"24";"℃";
"63408.2386552";"[BMS] HV Battery Temperature Sensor 3";"24";"℃";
"63408.2929778";"[BMS] HV Battery Temperature Sensor 4";"24";"℃";
"63408.3526291";"[BMS] HV Battery Intake Air Temperature";"23";"℃";
"63408.4909993";"[VCM] Traction motor temperature";"36";"℃";
"63408.567445";"[VCM] HV Coolant Temperature";"25";"℃";
"63408.6386206";"[VCM] Target Motor Torque";"0";"N⋅m";
"63408.6936524";"[VCM] Available Motor Maximum Output";"13";"%";
"63408.7670094";"[VCM] Motor RPM";"0";"rpm";
"63408.7670094";"[VCM] Motor Torque";"0";"N⋅m";
"63408.8370542";"[VCM] Vehicle Speed";"0";"km/h";
"63408.9499738";"Розрахункове значення навантаження на двигун";"0";"%";
"63409.0240774";"Температура охолодної рідини";"57";"℃";
"63409.0869328";"Оберти двигуна";"0";"rpm";
"63409.0869328";"Оберти двигуна x1000";"0";"rpm";
"63409.1435503";"Температура олії у двигуні";"39";"℃";
"63409.1939633";"Прискорення";"0";"g";
"63409.1939633";"Пройдений шлях";"1.2094105453888886";"km";
"63409.1939633";"Пройдений шлях (Сьогодні)";"1.209411";"km";
"63409.1939633";"Пройдений шлях (Тиждень)";"1.209411";"km";
"63409.1939633";"Пройдений шлях(загальний)";"1.209411";"km";
"63409.1939633";"Середня швидкість";"17.13311122896858";"km/h";
"63409.1939633";"Швидкість автомобіля";"0";"km/h";
"63409.2567692";"Розрахунковий наддув";"-0.01";"bar";
"63409.2567692";"Тиск у впускному колекторі (абсолютний)";"98";"kPa";
"63409.3947191";"[BMS] HV State of charge";"62.5";"%";
"63409.4472664";"[BMS] HV Battery voltage";"359.03000000000003";"V";
"63409.5083572";"[BMS] Max Cell Voltage";"3.737";"V";
"63409.5945096";"[BMS] Min Cell Voltage";"3.728";"V";
"63409.6598726";"[BMS] HV Battery Current";"-3.0499999999999545";"A";
"63409.7086697";"[BMS] HV Battery Current (Low)";"-3.0499999999999545";"A";
"63409.7780786";"[BMS] HV Battery Current (High)";"-3";"A";
"63409.864891";"[BMS] HV Battery Temperature Sensor 1";"24";"℃";
"63409.919506";"[BMS] HV Battery Temperature Sensor 2";"24";"℃";
"63409.9759883";"[BMS] HV Battery Temperature Sensor 3";"24";"℃";
"63410.0316945";"[BMS] HV Battery Temperature Sensor 4";"24";"℃";
"63410.1277944";"[BMS] HV Battery Intake Air Temperature";"23";"℃";
"63410.2382812";"[VCM] Traction motor temperature";"36";"℃";
"63410.2912486";"[VCM] HV Coolant Temperature";"25";"℃";
"63410.3508692";"[VCM] Target Motor Torque";"0";"N⋅m";
"63410.4266989";"[VCM] Available Motor Maximum Output";"13";"%";
"63410.4865441";"[VCM] Motor RPM";"0";"rpm";
"63410.4865441";"[VCM] Motor Torque";"0";"N⋅m";
"63410.5630499";"[VCM] Vehicle Speed";"0";"km/h";
"63410.7065711";"Розрахункове значення навантаження на двигун";"0";"%";
"63410.7727505";"Оберти двигуна";"0";"rpm";
"63410.7727505";"Оберти двигуна x1000";"0";"rpm";
"63410.8269604";"Температура олії у двигуні";"39";"℃";
"63410.8780154";"Прискорення";"0";"g";
"63410.8780154";"Пройдений шлях";"1.2094105453888886";"km";
"63410.8780154";"Пройдений шлях (Сьогодні)";"1.209411";"km";
"63410.8780154";"Пройдений шлях (Тиждень)";"1.209411";"km";
"63410.8780154";"Пройдений шлях(загальний)";"1.209411";"km";
"63410.8780154";"Середня швидкість";"17.020322200641886";"km/h";
"63410.8780154";"Швидкість автомобіля";"0";"km/h";
"63410.9449518";"Розрахунковий наддув";"-0.01";"bar";
"63410.9449518";"Тиск у впускному колекторі (абсолютний)";"98";"kPa";
"63411.0570028";"[BMS] HV State of charge";"62";"%";
"63411.1183141";"[BMS] HV Battery voltage";"360.8";"V";
"63411.2267578";"[BMS] Max Cell Voltage";"3.74";"V";
"63411.2756999";"[BMS] Min Cell Voltage";"3.729";"V";
"63411.3444806";"[BMS] HV Battery Current";"-3";"A";
"63411.3994386";"[BMS] HV Battery Current (Low)";"-2.849999999999909";"A";
"63411.4581694";"[BMS] HV Battery Current (High)";"-2.7999999999999545";"A";
"63411.5251274";"[BMS] HV Battery Temperature Sensor 1";"24";"℃";
"63411.5870298";"[BMS] HV Battery Temperature Sensor 2";"24";"℃";
"63411.6382518";"[BMS] HV Battery Temperature Sensor 3";"24";"℃";
"63411.6911766";"[BMS] HV Battery Temperature Sensor 4";"24";"℃";
"63411.7773027";"[BMS] HV Battery Intake Air Temperature";"23";"℃";
"63411.8754899";"[VCM] Traction motor temperature";"36";"℃";
"63411.9413556";"[VCM] HV Coolant Temperature";"24";"℃";
"63411.9954808";"[VCM] Target Motor Torque";"0";"N⋅m";
"63412.075408";"[VCM] Available Motor Maximum Output";"100";"%";
"63412.1278547";"[VCM] Motor RPM";"0";"rpm";
"63412.1278547";"[VCM] Motor Torque";"0";"N⋅m";
"63412.1899";"[VCM] Vehicle Speed";"0";"km/h";
"63412.3274548";"Розрахункове значення навантаження на двигун";"0";"%";
"63412.4223602";"Температура охолодної рідини";"57";"℃";
"63412.4709422";"Оберти двигуна";"0";"rpm";
"63412.4709422";"Оберти двигуна x1000";"0";"rpm";
"63412.5355131";"Температура олії у двигуні";"39";"℃";
"63412.5983661";"Прискорення";"0";"g";
"63412.5983661";"Пройдений шлях";"1.2094105453888886";"km";
"63412.5983661";"Пройдений шлях (Сьогодні)";"1.209411";"km";
"63412.5983661";"Пройдений шлях (Тиждень)";"1.209411";"km";
"63412.5983661";"Пройдений шлях(загальний)";"1.209411";"km";
"63412.5983661";"Середня швидкість";"16.906620684225928";"km/h";
"63412.5983661";"Швидкість автомобіля";"0";"km/h";
"63412.6504926";"Розрахунковий наддув";"-0.01";"bar";
"63412.6504926";"Тиск у впускному колекторі (абсолютний)";"98";"kPa";
"63412.7665392";"[BMS] HV State of charge";"62";"%";
"63412.8265552";"[BMS] HV Battery voltage";"360.64";"V";
"63412.8920618";"[BMS] Max Cell Voltage";"3.736";"V";
"63412.959328";"[BMS] Min Cell Voltage";"3.726";"V";
"63413.0155524";"[BMS] HV Battery Current";"-3";"A";
"63413.0669518";"[BMS] HV Battery Current (Low)";"-2.949999999999818";"A";
"63413.1425209";"[BMS] HV Battery Current (High)";"-2.7999999999999545";"A";
"63413.2078031";"[BMS] HV Battery Temperature Sensor 1";"24";"℃";
"63413.2551377";"[BMS] HV Battery Temperature Sensor 2";"24";"℃";
"63413.3190571";"[BMS] HV Battery Temperature Sensor 3";"24";"℃";
"63413.3676022";"[BMS] HV Battery Temperature Sensor 4";"24";"℃";
"63413.4455141";"[BMS] HV Battery Intake Air Temperature";"23";"℃";
"63413.5620362";"[VCM] Traction motor temperature";"36";"℃";
"63413.6176247";"[VCM] HV Coolant Temperature";"24";"℃";
"63413.7072182";"[VCM] Target Motor Torque";"0";"N⋅m";
"63413.76613";"[VCM] Available Motor Maximum Output";"100";"%";
"63413.8229021";"[VCM] Motor RPM";"0";"rpm";
"63413.8229021";"[VCM] Motor Torque";"0";"N⋅m";
"63413.874593";"[VCM] Vehicle Speed";"0";"km/h";
"63413.9774631";"Розрахункове значення навантаження на двигун";"0";"%";
"63414.0260643";"Оберти двигуна";"0";"rpm";
"63414.0260643";"Оберти двигуна x1000";"0";"rpm";
"63414.0880359";"Температура олії у двигуні";"40";"℃";
"63414.1412947";"Прискорення";"0";"g";
"63414.1412947";"Пройдений шлях";"1.2094105453888886";"km";
"63414.1412947";"Пройдений шлях (Сьогодні)";"1.209411";"km";
"63414.1412947";"Пройдений шлях (Тиждень)";"1.209411";"km";
"63414.1412947";"Пройдений шлях(загальний)";"1.209411";"km";
"63414.1412947";"Середня швидкість";"16.80593003000452";"km/h";
"63414.1412947";"Швидкість автомобіля";"0";"km/h";
"63414.1955171";"Розрахунковий наддув";"-0.01";"bar";
"63414.1955171";"Тиск у впускному колекторі (абсолютний)";"98";"kPa";
"63414.3156193";"[BMS] HV State of charge";"62";"%";
"63414.3655371";"[BMS] HV Battery voltage";"360.31";"V";
"63414.4235043";"[BMS] Max Cell Voltage";"3.734";"V";
"63414.4789635";"[BMS] Min Cell Voltage";"3.729";"V";
"63414.5451311";"[BMS] HV Battery Current";"-3";"A";
"63414.6113195";"[BMS] HV Battery Current (Low)";"-2.8999999999998636";"A";
"63414.6706794";"[BMS] HV Battery Current (High)";"-2.7999999999999545";"A";
"63414.7222325";"[BMS] HV Battery Temperature Sensor 1";"25";"℃";
"63414.8067461";"[BMS] HV Battery Temperature Sensor 2";"24";"℃";
"63414.8560497";"[BMS] HV Battery Temperature Sensor 3";"24";"℃";
"63414.8956969";"[BMS] HV Battery Temperature Sensor 4";"24";"℃";
"63414.971163";"[BMS] HV Battery Intake Air Temperature";"23";"℃";
"63415.0918494";"[VCM] Traction motor temperature";"36";"℃";
"63415.1480848";"[VCM] HV Coolant Temperature";"24";"℃";
"63415.2128151";"[VCM] Target Motor Torque";"0";"N⋅m";
"63415.2629808";"[VCM] Available Motor Maximum Output";"13";"%";
"63415.3507438";"[VCM] Motor RPM";"0";"rpm";
"63415.3507438";"[VCM] Motor Torque";"0";"N⋅m";
"63415.4060122";"[VCM] Vehicle Speed";"0";"km/h";
"63415.5281815";"Розрахункове значення навантаження на двигун";"0";"%";
"63415.587909";"Температура охолодної рідини";"57";"℃";
"63415.6545461";"Оберти двигуна";"0";"rpm";
"63415.6545461";"Оберти двигуна x1000";"0";"rpm";
"63415.7069621";"Температура олії у двигуні";"40";"℃";
"63415.7690103";"Прискорення";"0";"g";
"63415.7690103";"Пройдений шлях";"1.2094105453888886";"km";
"63415.7690103";"Пройдений шлях (Сьогодні)";"1.209411";"km";
"63415.7690103";"Пройдений шлях (Тиждень)";"1.209411";"km";
"63415.7690103";"Пройдений шлях(загальний)";"1.209411";"km";
"63415.7690103";"Середня швидкість";"16.700997826704672";"km/h";
"63415.7690103";"Швидкість автомобіля";"0";"km/h";
"63415.8182047";"Розрахунковий наддув";"-0.01";"bar";
"63415.8182047";"Тиск у впускному колекторі (абсолютний)";"98";"kPa";
"63415.9546217";"[BMS] HV State of charge";"62";"%";
"63416.0145916";"[BMS] HV Battery voltage";"360.31";"V";
"63416.0738968";"[BMS] Max Cell Voltage";"3.736";"V";
"63416.1275761";"[BMS] Min Cell Voltage";"3.727";"V";
"63416.2213685";"[BMS] HV Battery Current";"-3";"A";
"63416.2755824";"[BMS] HV Battery Current (Low)";"-3";"A";
"63416.3350665";"[BMS] HV Battery Current (High)";"-2.7999999999999545";"A";
"63416.3955736";"[BMS] HV Battery Temperature Sensor 1";"25";"℃";
"63416.4742062";"[BMS] HV Battery Temperature Sensor 2";"24";"℃";
"63416.5350162";"[BMS] HV Battery Temperature Sensor 3";"24";"℃";
"63416.5874686";"[BMS] HV Battery Temperature Sensor 4";"24";"℃";
"63416.647462";"[BMS] HV Battery Intake Air Temperature";"23";"℃";
"63416.7663843";"[VCM] Traction motor temperature";"36";"℃";
"63416.8322744";"[VCM] HV Coolant Temperature";"24";"℃";
"63416.8881124";"[VCM] Target Motor Torque";"0";"N⋅m";
"63416.9396398";"[VCM] Available Motor Maximum Output";"13";"%";
"63417.0274686";"[VCM] Motor RPM";"0";"rpm";
"63417.0274686";"[VCM] Motor Torque";"0";"N⋅m";
"63417.083161";"[VCM] Vehicle Speed";"0";"km/h";
"63417.2044306";"Розрахункове значення навантаження на двигун";"0";"%";
"63417.2782111";"Оберти двигуна";"0";"rpm";
"63417.2782111";"Оберти двигуна x1000";"0";"rpm";
"63417.336137";"Температура олії у двигуні";"40";"℃";
"63417.3879862";"Прискорення";"0";"g";
"63417.3879862";"Пройдений шлях";"1.2094105453888886";"km";
"63417.3879862";"Пройдений шлях (Сьогодні)";"1.209411";"km";
"63417.3879862";"Пройдений шлях (Тиждень)";"1.209411";"km";
"63417.3879862";"Пройдений шлях(загальний)";"1.209411";"km";
"63417.3879862";"Середня швидкість";"16.597890771421298";"km/h";
"63417.3879862";"Швидкість автомобіля";"0";"km/h";
"63417.4593668";"Розрахунковий наддув";"-0.01";"bar";
"63417.4593668";"Тиск у впускному колекторі (абсолютний)";"98";"kPa";
"63417.6114813";"[BMS] HV State of charge";"62";"%";
"63417.664602";"[BMS] HV Battery voltage";"360.8";"V";
"63417.7201008";"[BMS] Max Cell Voltage";"3.736";"V";
"63417.7868311";"[BMS] Min Cell Voltage";"3.726";"V";
"63417.8451921";"[BMS] HV Battery Current";"-3.099999999999909";"A";
"63417.8986214";"[BMS] HV Battery Current (Low)";"-2.949999999999818";"A";
"63417.9635838";"[BMS] HV Battery Current (High)";"-2.7999999999999545";"A";
"63418.0187551";"[BMS] HV Battery Temperature Sensor 1";"25";"℃";
"63418.1059208";"[BMS] HV Battery Temperature Sensor 2";"24";"℃";
"63418.1683732";"[BMS] HV Battery Temperature Sensor 3";"24";"℃";
"63418.2180919";"[BMS] HV Battery Temperature Sensor 4";"24";"℃";
"63418.2794481";"[BMS] HV Battery Intake Air Temperature";"23";"℃";
"63418.3988709";"[VCM] Traction motor temperature";"36";"℃";
"63418.4599981";"[VCM] HV Coolant Temperature";"24";"℃";
"63418.510883";"[VCM] Target Motor Torque";"0";"N⋅m";
"63418.5714824";"[VCM] Available Motor Maximum Output";"100";"%";
"63418.6480815";"[VCM] Motor RPM";"0";"rpm";
"63418.6480815";"[VCM] Motor Torque";"0";"N⋅m";
"63418.7116451";"[VCM] Vehicle Speed";"0";"km/h";
"63418.8327565";"Розрахункове значення навантаження на двигун";"0";"%";
"63418.9284752";"Температура охолодної рідини";"57";"℃";
"63418.9793265";"Оберти двигуна";"0";"rpm";
"63418.9793265";"Оберти двигуна x1000";"0";"rpm";
"63419.0429765";"Температура олії у двигуні";"40";"℃";
"63419.0906418";"Прискорення";"0";"g";
"63419.0906418";"Пройдений шлях";"1.2094105453888886";"km";
"63419.0906418";"Пройдений шлях (Сьогодні)";"1.209411";"km";
"63419.0906418";"Пройдений шлях (Тиждень)";"1.209411";"km";
"63419.0906418";"Пройдений шлях(загальний)";"1.209411";"km";
"63419.0906418";"Середня швидкість";"16.49088141757087";"km/h";
"63419.0906418";"Швидкість автомобіля";"0";"km/h";
"63419.1548828";"Розрахунковий наддув";"-0.01";"bar";
"63419.1548828";"Тиск у впускному колекторі (абсолютний)";"98";"kPa";
"63419.2743975";"[BMS] HV State of charge";"62";"%";
"63419.3397671";"[BMS] HV Battery voltage";"360.8";"V";
"63419.4021201";"[BMS] Max Cell Voltage";"3.734";"V";
"63419.4761419";"[BMS] Min Cell Voltage";"3.728";"V";
"63419.5274405";"[BMS] HV Battery Current";"-3";"A";
"63419.5668145";"[BMS] HV Battery Current (Low)";"-2.8999999999998636";"A";
"63419.6273403";"[BMS] HV Battery Current (High)";"-2.7999999999999545";"A";
"63419.6755635";"[BMS] HV Battery Temperature Sensor 1";"25";"℃";
"63419.7509049";"[BMS] HV Battery Temperature Sensor 2";"24";"℃";
"63419.8045274";"[BMS] HV Battery Temperature Sensor 3";"24";"℃";
"63419.8677268";"[BMS] HV Battery Temperature Sensor 4";"24";"℃";
"63419.9197266";"[BMS] HV Battery Intake Air Temperature";"23";"℃";
"63420.0555359";"[VCM] Traction motor temperature";"36";"℃";
"63420.1080595";"[VCM] HV Coolant Temperature";"24";"℃";
"63420.1707281";"[VCM] Target Motor Torque";"0";"N⋅m";
"63420.2198545";"[VCM] Available Motor Maximum Output";"13";"%";
"63420.2997315";"[VCM] Motor RPM";"0";"rpm";
"63420.2997315";"[VCM] Motor Torque";"0";"N⋅m";
"63420.3508521";"[VCM] Vehicle Speed";"0";"km/h";
"63420.4718193";"Розрахункове значення навантаження на двигун";"0";"%";
"63420.5317854";"Оберти двигуна";"0";"rpm";
"63420.5317854";"Оберти двигуна x1000";"0";"rpm";
"63420.5945576";"Температура олії у двигуні";"40";"℃";
"63420.6562698";"Прискорення";"0";"g";
"63420.6562698";"Пройдений шлях";"1.2094105453888886";"km";
"63420.6562698";"Пройдений шлях (Сьогодні)";"1.209411";"km";
"63420.6562698";"Пройдений шлях (Тиждень)";"1.209411";"km";
"63420.6562698";"Пройдений шлях(загальний)";"1.209411";"km";
"63420.6562698";"Середня швидкість";"16.39366679839702";"km/h";
"63420.6562698";"Швидкість автомобіля";"0";"km/h";
"63420.7080923";"Розрахунковий наддув";"-0.01";"bar";
"63420.7080923";"Тиск у впускному колекторі (абсолютний)";"98";"kPa";
"63420.7988543";"[BMS] HV State of charge";"62";"%";
"63420.8759209";"[BMS] HV Battery voltage";"359.03000000000003";"V";
"63420.9873835";"[BMS] Max Cell Voltage";"3.734";"V";
"63421.0365139";"[BMS] Min Cell Voltage";"3.728";"V";
"63421.1250066";"[BMS] HV Battery Current";"-2.949999999999818";"A";
"63421.1739408";"[BMS] HV Battery Current (Low)";"-2.8999999999998636";"A";
"63421.2472654";"[BMS] HV Battery Current (High)";"-3";"A";
"63421.2997601";"[BMS] HV Battery Temperature Sensor 1";"25";"℃";
"63421.3641111";"[BMS] HV Battery Temperature Sensor 2";"24";"℃";
"63421.4317373";"[BMS] HV Battery Temperature Sensor 3";"24";"℃";
"63421.4825655";"[BMS] HV Battery Temperature Sensor 4";"24";"℃";
"63421.5428772";"[BMS] HV Battery Intake Air Temperature";"23";"℃";
"63421.6799547";"[VCM] Traction motor temperature";"36";"℃";
"63421.739767";"[VCM] HV Coolant Temperature";"24";"℃";
"63421.7876659";"[VCM] Target Motor Torque";"0";"N⋅m";
"63421.8391517";"[VCM] Available Motor Maximum Output";"100";"%";
"63421.899198";"[VCM] Motor RPM";"0";"rpm";
"63421.899198";"[VCM] Motor Torque";"0";"N⋅m";
"63421.9704481";"[VCM] Vehicle Speed";"0";"km/h";
"63422.0916271";"Розрахункове значення навантаження на двигун";"0";"%";
"63422.1500954";"Температура охолодної рідини";"57";"℃";
"63422.2344963";"Оберти двигуна";"0";"rpm";
"63422.2344963";"Оберти двигуна x1000";"0";"rpm";
"63422.2860315";"Температура олії у двигуні";"40";"℃";
"63422.3463062";"Прискорення";"0";"g";
"63422.3463062";"Пройдений шлях";"1.2094105453888886";"km";
"63422.3463062";"Пройдений шлях (Сьогодні)";"1.209411";"km";
"63422.3463062";"Пройдений шлях (Тиждень)";"1.209411";"km";
"63422.3463062";"Пройдений шлях(загальний)";"1.209411";"km";
"63422.3463062";"Середня швидкість";"16.29000602204226";"km/h";
"63422.3463062";"Швидкість автомобіля";"0";"km/h";
"63422.3991343";"Розрахунковий наддув";"-0.01";"bar";
"63422.3991343";"Тиск у впускному колекторі (абсолютний)";"98";"kPa";
"63422.5306462";"[BMS] HV State of charge";"62";"%";
"63422.5907248";"[BMS] HV Battery voltage";"359.19";"V";
"63422.6510144";"[BMS] Max Cell Voltage";"3.74";"V";
"63422.7127125";"[BMS] Min Cell Voltage";"3.726";"V";
"63422.7985589";"[BMS] HV Battery Current";"-3";"A";
"63422.8484595";"[BMS] HV Battery Current (Low)";"-2.849999999999909";"A";
"63422.8904334";"[BMS] HV Battery Current (High)";"-2.7999999999999545";"A";
"63422.9381996";"[BMS] HV Battery Temperature Sensor 1";"25";"℃";
"63422.9997587";"[BMS] HV Battery Temperature Sensor 2";"24";"℃";
"63423.0702643";"[BMS] HV Battery Temperature Sensor 3";"24";"℃";
"63423.1073937";"[BMS] HV Battery Temperature Sensor 4";"24";"℃";
"63423.1661729";"[BMS] HV Battery Intake Air Temperature";"23";"℃";
"63423.3239444";"[VCM] Traction motor temperature";"35";"℃";
"63423.3824423";"[VCM] HV Coolant Temperature";"24";"℃";
"63423.4347211";"[VCM] Target Motor Torque";"0";"N⋅m";
"63423.4943618";"[VCM] Available Motor Maximum Output";"13";"%";
"63423.5478561";"[VCM] Motor RPM";"0";"rpm";
"63423.5478561";"[VCM] Motor Torque";"0";"N⋅m";
"63423.6349748";"[VCM] Vehicle Speed";"0";"km/h";
"63423.7207505";"Розрахункове значення навантаження на двигун";"0";"%";
"63423.7733838";"Оберти двигуна";"0";"rpm";
"63423.7733838";"Оберти двигуна x1000";"0";"rpm";
"63423.8358273";"Температура олії у двигуні";"40";"℃";
"63423.9285052";"Прискорення";"0";"g";
"63423.9285052";"Пройдений шлях";"1.2094105453888886";"km";
"63423.9285052";"Пройдений шлях (Сьогодні)";"1.209411";"km";
"63423.9285052";"Пройдений шлях (Тиждень)";"1.209411";"km";
"63423.9285052";"Пройдений шлях(загальний)";"1.209411";"km";
"63423.9285052";"Середня швидкість";"16.194137272484365";"km/h";
"63423.9285052";"Швидкість автомобіля";"0";"km/h";
"63423.9839488";"Розрахунковий наддув";"-0.01";"bar";
"63423.9839488";"Тиск у впускному колекторі (абсолютний)";"98";"kPa";
"63424.0953506";"[BMS] HV State of charge";"62";"%";
"63424.1660007";"[BMS] HV Battery voltage";"360.8";"V";
"63424.2025024";"[BMS] Max Cell Voltage";"3.732";"V";
"63424.2644501";"[BMS] Min Cell Voltage";"3.726";"V";
"63424.3162893";"[BMS] HV Battery Current";"-2.949999999999818";"A";
"63424.3745366";"[BMS] HV Battery Current (Low)";"-2.8999999999998636";"A";
"63424.4485556";"[BMS] HV Battery Current (High)";"-2.7999999999999545";"A";
"63424.5131594";"[BMS] HV Battery Temperature Sensor 1";"25";"℃";
"63424.5646496";"[BMS] HV Battery Temperature Sensor 2";"25";"℃";
"63424.6276114";"[BMS] HV Battery Temperature Sensor 3";"24";"℃";
"63424.7107134";"[BMS] HV Battery Temperature Sensor 4";"24";"℃";
"63424.7672571";"[BMS] HV Battery Intake Air Temperature";"23";"℃";
"63424.8743924";"[VCM] Traction motor temperature";"35";"℃";
"63424.9349494";"[VCM] HV Coolant Temperature";"24";"℃";
"63424.9984286";"[VCM] Target Motor Torque";"0";"N⋅m";
"63425.0544433";"[VCM] Available Motor Maximum Output";"100";"%";
"63425.103318";"[VCM] Motor RPM";"0";"rpm";
"63425.103318";"[VCM] Motor Torque";"0";"N⋅m";
"63425.1700676";"[VCM] Vehicle Speed";"0";"km/h";
"63425.2797031";"Розрахункове значення навантаження на двигун";"0";"%";
"63425.3321697";"Температура охолодної рідини";"57";"℃";
"63425.3949283";"Оберти двигуна";"0";"rpm";
"63425.3949283";"Оберти двигуна x1000";"0";"rpm";
"63425.4444942";"Температура олії у двигуні";"40";"℃";
"63425.5193249";"Прискорення";"0";"g";
"63425.5193249";"Пройдений шлях";"1.2094105453888886";"km";
"63425.5193249";"Пройдений шлях (Сьогодні)";"1.209411";"km";
"63425.5193249";"Пройдений шлях (Тиждень)";"1.209411";"km";
"63425.5193249";"Пройдений шлях(загальний)";"1.209411";"km";
"63425.5193249";"Середня швидкість";"16.09888161506519";"km/h";
"63425.5193249";"Швидкість автомобіля";"0";"km/h";
"63425.5832535";"Розрахунковий наддув";"-0.01";"bar";
"63425.5832535";"Тиск у впускному колекторі (абсолютний)";"98";"kPa";
"63425.6716906";"[BMS] HV State of charge";"62";"%";
"63425.7275099";"[BMS] HV Battery voltage";"358.38";"V";
"63425.8313387";"[BMS] Max Cell Voltage";"3.733";"V";
"63425.8788545";"[BMS] Min Cell Voltage";"3.726";"V";
"63425.9350966";"[BMS] HV Battery Current";"-3";"A";
"63425.9950383";"[BMS] HV Battery Current (Low)";"-3";"A";
"63426.075311";"[BMS] HV Battery Current (High)";"-2.7999999999999545";"A";
"63426.1291251";"[BMS] HV Battery Temperature Sensor 1";"25";"℃";
"63426.1837458";"[BMS] HV Battery Temperature Sensor 2";"25";"℃";
"63426.239105";"[BMS] HV Battery Temperature Sensor 3";"24";"℃";
"63426.3037034";"[BMS] HV Battery Temperature Sensor 4";"24";"℃";
"63426.3793931";"[BMS] HV Battery Intake Air Temperature";"23";"℃";
"63426.5060199";"[VCM] Traction motor temperature";"35";"℃";
"63426.5555185";"[VCM] HV Coolant Temperature";"24";"℃";
"63426.6192021";"[VCM] Target Motor Torque";"0";"N⋅m";
"63426.6780589";"[VCM] Available Motor Maximum Output";"100";"%";
"63426.7319415";"[VCM] Motor RPM";"0";"rpm";
"63426.7319415";"[VCM] Motor Torque";"0";"N⋅m";
"63426.7869001";"[VCM] Vehicle Speed";"0";"km/h";
"63426.9277111";"Розрахункове значення навантаження на двигун";"0";"%";
"63426.9912661";"Оберти двигуна";"0";"rpm";
"63426.9912661";"Оберти двигуна x1000";"0";"rpm";
"63427.0443995";"Температура олії у двигуні";"40";"℃";
"63427.1080695";"Прискорення";"0";"g";
"63427.1080695";"Пройдений шлях";"1.2094105453888886";"km";
"63427.1080695";"Пройдений шлях (Сьогодні)";"1.209411";"km";
"63427.1080695";"Пройдений шлях (Тиждень)";"1.209411";"km";
"63427.1080695";"Пройдений шлях(загальний)";"1.209411";"km";
"63427.1080695";"Середня швидкість";"16.00486082129568";"km/h";
"63427.1080695";"Швидкість автомобіля";"0";"km/h";
"63427.1840174";"Розрахунковий наддув";"-0.01";"bar";
"63427.1840174";"Тиск у впускному колекторі (абсолютний)";"98";"kPa";
"63427.2877406";"[BMS] HV State of charge";"62";"%";
"63427.3275676";"[BMS] HV Battery voltage";"360.64";"V";
"63427.3901574";"[BMS] Max Cell Voltage";"3.732";"V";
"63427.4807139";"[BMS] Min Cell Voltage";"3.726";"V";
"63427.5352563";"[BMS] HV Battery Current";"-3.0499999999999545";"A";
"63427.5874491";"[BMS] HV Battery Current (Low)";"-3";"A";
"63427.6481511";"[BMS] HV Battery Current (High)";"-2.7999999999999545";"A";
"63427.7349138";"[BMS] HV Battery Temperature Sensor 1";"25";"℃";
"63427.7835931";"[BMS] HV Battery Temperature Sensor 2";"25";"℃";
"63427.8480978";"[BMS] HV Battery Temperature Sensor 3";"24";"℃";
"63427.8995109";"[BMS] HV Battery Temperature Sensor 4";"24";"℃";
"63427.9501111";"[BMS] HV Battery Intake Air Temperature";"23";"℃";
"63428.0835874";"[VCM] Traction motor temperature";"35";"℃";
"63428.1384814";"[VCM] HV Coolant Temperature";"24";"℃";
"63428.1990138";"[VCM] Target Motor Torque";"0";"N⋅m";
"63428.2709659";"[VCM] Available Motor Maximum Output";"13";"%";
"63428.3325406";"[VCM] Motor RPM";"0";"rpm";
"63428.3325406";"[VCM] Motor Torque";"0";"N⋅m";
"63428.3849928";"[VCM] Vehicle Speed";"0";"km/h";
"63428.4944614";"Розрахункове значення навантаження на двигун";"0";"%";
"63428.5786259";"Температура охолодної рідини";"57";"℃";
"63428.6310162";"Оберти двигуна";"0";"rpm";
"63428.6310162";"Оберти двигуна x1000";"0";"rpm";
"63428.6967826";"Температура олії у двигуні";"40";"℃";
"63428.748073";"Прискорення";"0";"g";
"63428.748073";"Пройдений шлях";"1.2094105453888886";"km";
"63428.748073";"Пройдений шлях (Сьогодні)";"1.209411";"km";
"63428.748073";"Пройдений шлях (Тиждень)";"1.209411";"km";
"63428.748073";"Пройдений шлях(загальний)";"1.209411";"km";
"63428.748073";"Середня швидкість";"15.90895115124608";"km/h";
"63428.748073";"Швидкість автомобіля";"0";"km/h";
"63428.8365217";"Розрахунковий наддув";"-0.01";"bar";
"63428.8365217";"Тиск у впускному колекторі (абсолютний)";"98";"kPa";
"63428.9422088";"[BMS] HV State of charge";"62";"%";
"63429.0287707";"[BMS] HV Battery voltage";"360.31";"V";
"63429.1199187";"[BMS] Max Cell Voltage";"3.732";"V";
"63429.1998383";"[BMS] Min Cell Voltage";"3.726";"V";
"63429.2995492";"[BMS] HV Battery Current";"-3";"A";
"63429.3826773";"[BMS] HV Battery Current (Low)";"-2.8999999999998636";"A";
"63429.4637796";"[BMS] HV Battery Current (High)";"-2.7999999999999545";"A";
"63429.5242279";"[BMS] HV Battery Temperature Sensor 1";"25";"℃";
"63429.5877652";"[BMS] HV Battery Temperature Sensor 2";"25";"℃";
"63429.6870973";"[BMS] HV Battery Temperature Sensor 3";"24";"℃";
"63429.7345282";"[BMS] HV Battery Temperature Sensor 4";"24";"℃";
"63429.791501";"[BMS] HV Battery Intake Air Temperature";"23";"℃";
"63429.9232462";"[VCM] Traction motor temperature";"35";"℃";
"63429.9868514";"[VCM] HV Coolant Temperature";"24";"℃";
"63430.0384092";"[VCM] Target Motor Torque";"0";"N⋅m";
"63430.1064785";"[VCM] Available Motor Maximum Output";"13";"%";
"63430.1554605";"[VCM] Motor RPM";"0";"rpm";
"63430.1554605";"[VCM] Motor Torque";"0";"N⋅m";
"63430.2348773";"[VCM] Vehicle Speed";"0";"km/h";
"63430.3429249";"Розрахункове значення навантаження на двигун";"0";"%";
"63430.4082058";"Оберти двигуна";"0";"rpm";
"63430.4082058";"Оберти двигуна x1000";"0";"rpm";
"63430.4706944";"Температура олії у двигуні";"40";"℃";
"63430.5347913";"Прискорення";"0";"g";
"63430.5347913";"Пройдений шлях";"1.2094105453888886";"km";
"63430.5347913";"Пройдений шлях (Сьогодні)";"1.209411";"km";
"63430.5347913";"Пройдений шлях (Тиждень)";"1.209411";"km";
"63430.5347913";"Пройдений шлях(загальний)";"1.209411";"km";
"63430.5347913";"Середня швидкість";"15.805762078231036";"km/h";
"63430.5347913";"Швидкість автомобіля";"0";"km/h";
"63430.5879955";"Розрахунковий наддув";"-0.01";"bar";
"63430.5879955";"Тиск у впускному колекторі (абсолютний)";"98";"kPa";
"63430.7109795";"[BMS] HV State of charge";"62";"%";
"63430.7853049";"[BMS] HV Battery voltage";"359.35";"V";
"63430.8350679";"[BMS] Max Cell Voltage";"3.733";"V";
"63430.899987";"[BMS] Min Cell Voltage";"3.724";"V";
"63430.9384383";"[BMS] HV Battery Current";"-3";"A";
"63431.0270613";"[BMS] HV Battery Current (Low)";"-3";"A";
"63431.086337";"[BMS] HV Battery Current (High)";"-2.7999999999999545";"A";
"63431.134071";"[BMS] HV Battery Temperature Sensor 1";"25";"℃";
"63431.1993354";"[BMS] HV Battery Temperature Sensor 2";"25";"℃";
"63431.2487312";"[BMS] HV Battery Temperature Sensor 3";"24";"℃";
"63431.327918";"[BMS] HV Battery Temperature Sensor 4";"24";"℃";
"63431.3921184";"[BMS] HV Battery Intake Air Temperature";"23";"℃";
"63431.5031258";"[VCM] Traction motor temperature";"35";"℃";
"63431.5914449";"[VCM] HV Coolant Temperature";"24";"℃";
"63431.6618007";"[VCM] Target Motor Torque";"0";"N⋅m";
"63431.7159629";"[VCM] Available Motor Maximum Output";"100";"%";
"63431.7714184";"[VCM] Motor RPM";"0";"rpm";
"63431.7714184";"[VCM] Motor Torque";"0";"N⋅m";
"63431.8465684";"[VCM] Vehicle Speed";"0";"km/h";
"63431.9622643";"Розрахункове значення навантаження на двигун";"0";"%";
"63432.0349656";"Температура охолодної рідини";"57";"℃";
"63432.1275723";"Оберти двигуна";"0";"rpm";
"63432.1275723";"Оберти двигуна x1000";"0";"rpm";
"63432.1799189";"Температура олії у двигуні";"40";"℃";
"63432.2156515";"Прискорення";"0";"g";
"63432.2156515";"Пройдений шлях";"1.2094105453888886";"km";
"63432.2156515";"Пройдений шлях (Сьогодні)";"1.209411";"km";
"63432.2156515";"Пройдений шлях (Тиждень)";"1.209411";"km";
"63432.2156515";"Пройдений шлях(загальний)";"1.209411";"km";
"63432.2156515";"Середня швидкість";"15.709900527530403";"km/h";
"63432.2156515";"Швидкість автомобіля";"0";"km/h";
"63432.2701902";"Розрахунковий наддув";"-0.01";"bar";
"63432.2701902";"Тиск у впускному колекторі (абсолютний)";"98";"kPa";
"63432.4282479";"[BMS] HV State of charge";"61.5";"%";
"63432.4795552";"[BMS] HV Battery voltage";"360.8";"V";
"63432.5429399";"[BMS] Max Cell Voltage";"3.732";"V";
"63432.6084971";"[BMS] Min Cell Voltage";"3.725";"V";
"63432.6729272";"[BMS] HV Battery Current";"-2.949999999999818";"A";
"63432.7243105";"[BMS] HV Battery Current (Low)";"-3.25";"A";
"63432.787816";"[BMS] HV Battery Current (High)";"-3";"A";
"63432.8598461";"[BMS] HV Battery Temperature Sensor 1";"25";"℃";
"63432.9099076";"[BMS] HV Battery Temperature Sensor 2";"25";"℃";
"63432.9755453";"[BMS] HV Battery Temperature Sensor 3";"24";"℃";
"63433.0397293";"[BMS] HV Battery Temperature Sensor 4";"24";"℃";
"63433.0952783";"[BMS] HV Battery Intake Air Temperature";"23";"℃";
"63433.223858";"[VCM] Traction motor temperature";"35";"℃";
"63433.3008396";"[VCM] HV Coolant Temperature";"24";"℃";
"63433.3461262";"[VCM] Target Motor Torque";"0";"N⋅m";
"63433.4099874";"[VCM] Available Motor Maximum Output";"100";"%";
"63433.4961951";"[VCM] Motor RPM";"0";"rpm";
"63433.4961951";"[VCM] Motor Torque";"0";"N⋅m";
"63433.547385";"[VCM] Vehicle Speed";"0";"km/h";
"63433.671191";"Розрахункове значення навантаження на двигун";"0";"%";
"63433.7183222";"Оберти двигуна";"0";"rpm";
"63433.7183222";"Оберти двигуна x1000";"0";"rpm";
"63433.7939488";"Температура олії у двигуні";"40";"℃";
"63433.8311812";"Прискорення";"0";"g";
"63433.8311812";"Пройдений шлях";"1.2094105453888886";"km";
"63433.8311812";"Пройдений шлях (Сьогодні)";"1.209411";"km";
"63433.8311812";"Пройдений шлях (Тиждень)";"1.209411";"km";
"63433.8311812";"Пройдений шлях(загальний)";"1.209411";"km";
"63433.8311812";"Середня швидкість";"15.618852021035668";"km/h";
"63433.8311812";"Швидкість автомобіля";"0";"km/h";
"63433.894091";"Розрахунковий наддув";"-0.01";"bar";
"63433.894091";"Тиск у впускному колекторі (абсолютний)";"98";"kPa";
"63434.0144572";"[BMS] HV State of charge";"61.5";"%";
"63434.0925393";"[BMS] HV Battery voltage";"359.03000000000003";"V";
"63434.1669934";"[BMS] Max Cell Voltage";"3.731";"V";
"63434.2231587";"[BMS] Min Cell Voltage";"3.726";"V";
"63434.274741";"[BMS] HV Battery Current";"-3";"A";
"63434.3510544";"[BMS] HV Battery Current (Low)";"-2.949999999999818";"A";
"63434.405049";"[BMS] HV Battery Current (High)";"-2.7999999999999545";"A";
"63434.4630873";"[BMS] HV Battery Temperature Sensor 1";"25";"℃";
"63434.5241611";"[BMS] HV Battery Temperature Sensor 2";"25";"℃";
"63434.6125834";"[BMS] HV Battery Temperature Sensor 3";"24";"℃";
"63434.669135";"[BMS] HV Battery Temperature Sensor 4";"24";"℃";
"63434.7271365";"[BMS] HV Battery Intake Air Temperature";"23";"℃";
"63434.8369511";"[VCM] Traction motor temperature";"35";"℃";
"63434.9079611";"[VCM] HV Coolant Temperature";"24";"℃";
"63434.9585932";"[VCM] Target Motor Torque";"0";"N⋅m";
"63435.0109546";"[VCM] Available Motor Maximum Output";"13";"%";
"63435.0715961";"[VCM] Motor RPM";"0";"rpm";
"63435.0715961";"[VCM] Motor Torque";"0";"N⋅m";
"63435.1583239";"[VCM] Vehicle Speed";"0";"km/h";
"63435.2477225";"Розрахункове значення навантаження на двигун";"0";"%";
"63435.2999955";"Температура охолодної рідини";"57";"℃";
"63435.3626734";"Оберти двигуна";"0";"rpm";
"63435.3626734";"Оберти двигуна x1000";"0";"rpm";
"63435.4595947";"Температура олії у двигуні";"40";"℃";
"63435.521905";"Прискорення";"0";"g";
"63435.521905";"Пройдений шлях";"1.2094105453888886";"km";
"63435.521905";"Пройдений шлях (Сьогодні)";"1.209411";"km";
"63435.521905";"Пройдений шлях (Тиждень)";"1.209411";"km";
"63435.521905";"Пройдений шлях(загальний)";"1.209411";"km";
"63435.521905";"Середня швидкість";"15.524691364986637";"km/h";
"63435.521905";"Швидкість автомобіля";"0";"km/h";
"63435.5760025";"Розрахунковий наддув";"-0.01";"bar";
"63435.5760025";"Тиск у впускному колекторі (абсолютний)";"98";"kPa";
"63435.7000421";"[BMS] HV State of charge";"61.5";"%";
"63435.7593709";"[BMS] HV Battery voltage";"359.19";"V";
"63435.8163574";"[BMS] Max Cell Voltage";"3.731";"V";
"63435.8785513";"[BMS] Min Cell Voltage";"3.725";"V";
"63435.9306022";"[BMS] HV Battery Current";"-2.8999999999998636";"A";
"63436.0031528";"[BMS] HV Battery Current (Low)";"-3.0499999999999545";"A";
"63436.0505514";"[BMS] HV Battery Current (High)";"-2.7999999999999545";"A";
"63436.1077385";"[BMS] HV Battery Temperature Sensor 1";"25";"℃";
"63436.1953162";"[BMS] HV Battery Temperature Sensor 2";"25";"℃";
"63436.2746217";"[BMS] HV Battery Temperature Sensor 3";"24";"℃";
"63436.3344424";"[BMS] HV Battery Temperature Sensor 4";"24";"℃";
"63436.3827109";"[BMS] HV Battery Intake Air Temperature";"23";"℃";
"63436.5223426";"[VCM] Traction motor temperature";"35";"℃";
"63436.5727598";"[VCM] HV Coolant Temperature";"24";"℃";
"63436.6396323";"[VCM] Target Motor Torque";"0";"N⋅m";
"63436.6917732";"[VCM] Available Motor Maximum Output";"13";"%";
"63436.7471152";"[VCM] Motor RPM";"0";"rpm";
"63436.7471152";"[VCM] Motor Torque";"0";"N⋅m";
"63436.8197341";"[VCM] Vehicle Speed";"0";"km/h";
"63436.9368982";"Розрахункове значення навантаження на двигун";"0";"%";
"63437.0002266";"Оберти двигуна";"0";"rpm";
"63437.0002266";"Оберти двигуна x1000";"0";"rpm";
"63437.0901002";"Температура олії у двигуні";"40";"℃";
"63437.13838";"Прискорення";"0";"g";
"63437.13838";"Пройдений шлях";"1.2094105453888886";"km";
"63437.13838";"Пройдений шлях (Сьогодні)";"1.209411";"km";
"63437.13838";"Пройдений шлях (Тиждень)";"1.209411";"km";
"63437.13838";"Пройдений шлях(загальний)";"1.209411";"km";
"63437.13838";"Середня швидкість";"15.435718148104806";"km/h";
"63437.13838";"Швидкість автомобіля";"0";"km/h";
"63437.1945067";"Розрахунковий наддув";"-0.01";"bar";
"63437.1945067";"Тиск у впускному колекторі (абсолютний)";"98";"kPa";
"63437.3065474";"[BMS] HV State of charge";"61.5";"%";
"63437.3788674";"[BMS] HV Battery voltage";"358.38";"V";
"63437.4395749";"[BMS] Max Cell Voltage";"3.731";"V";
"63437.4981747";"[BMS] Min Cell Voltage";"3.723";"V";
"63437.5472987";"[BMS] HV Battery Current";"-3.0499999999999545";"A";
"63437.5836579";"[BMS] HV Battery Current (Low)";"-3";"A";
"63437.6585146";"[BMS] HV Battery Current (High)";"-2.7999999999999545";"A";
"63437.7202436";"[BMS] HV Battery Temperature Sensor 1";"25";"℃";
"63437.7765032";"[BMS] HV Battery Temperature Sensor 2";"25";"℃";
"63437.8259545";"[BMS] HV Battery Temperature Sensor 3";"24";"℃";
"63437.8951844";"[BMS] HV Battery Temperature Sensor 4";"24";"℃";
"63437.9709881";"[BMS] HV Battery Intake Air Temperature";"23";"℃";
"63438.082643";"[VCM] Traction motor temperature";"35";"℃";
"63438.1209106";"[VCM] HV Coolant Temperature";"24";"℃";
"63438.1955139";"[VCM] Target Motor Torque";"0";"N⋅m";
"63438.2580662";"[VCM] Available Motor Maximum Output";"13";"%";
"63438.3206679";"[VCM] Motor RPM";"0";"rpm";
"63438.3206679";"[VCM] Motor Torque";"0";"N⋅m";
"63438.3700336";"[VCM] Vehicle Speed";"0";"km/h";
"63438.5077219";"Розрахункове значення навантаження на двигун";"0";"%";
"63438.5739805";"Температура охолодної рідини";"57";"℃";
"63438.6339826";"Оберти двигуна";"0";"rpm";
"63438.6339826";"Оберти двигуна x1000";"0";"rpm";
"63438.7228991";"Температура олії у двигуні";"40";"℃";
"63438.7773309";"Прискорення";"0";"g";
"63438.7773309";"Пройдений шлях";"1.2094105453888886";"km";
"63438.7773309";"Пройдений шлях (Сьогодні)";"1.209411";"km";
"63438.7773309";"Пройдений шлях (Тиждень)";"1.209411";"km";
"63438.7773309";"Пройдений шлях(загальний)";"1.209411";"km";
"63438.7773309";"Середня швидкість";"15.346552515250297";"km/h";
"63438.7773309";"Швидкість автомобіля";"0";"km/h";
"63438.8455014";"Розрахунковий наддув";"-0.01";"bar";
"63438.8455014";"Тиск у впускному колекторі (абсолютний)";"98";"kPa";
"63438.9568535";"[BMS] HV State of charge";"61.5";"%";
"63439.031246";"[BMS] HV Battery voltage";"358.22";"V";
"63439.0996345";"[BMS] Max Cell Voltage";"3.73";"V";
"63439.1550957";"[BMS] Min Cell Voltage";"3.724";"V";
"63439.2031756";"[BMS] HV Battery Current";"-3";"A";
"63439.3033586";"[BMS] HV Battery Current (Low)";"-2.849999999999909";"A";
"63439.3535996";"[BMS] HV Battery Current (High)";"-2.7999999999999545";"A";
"63439.4077388";"[BMS] HV Battery Temperature Sensor 1";"25";"℃";
"63439.4535182";"[BMS] HV Battery Temperature Sensor 2";"25";"℃";
"63439.5096846";"[BMS] HV Battery Temperature Sensor 3";"24";"℃";
"63439.599913";"[BMS] HV Battery Temperature Sensor 4";"24";"℃";
"63439.6514245";"[BMS] HV Battery Intake Air Temperature";"23";"℃";
"63439.7715795";"[VCM] Traction motor temperature";"35";"℃";
"63439.8561336";"[VCM] HV Coolant Temperature";"24";"℃";
"63439.9086644";"[VCM] Target Motor Torque";"0";"N⋅m";
"63439.9633921";"[VCM] Available Motor Maximum Output";"100";"%";
"63440.0240669";"[VCM] Motor RPM";"0";"rpm";
"63440.0240669";"[VCM] Motor Torque";"0";"N⋅m";
"63440.0995551";"[VCM] Vehicle Speed";"0";"km/h";
"63440.22272";"Розрахункове значення навантаження на двигун";"0";"%";
"63440.2839639";"Оберти двигуна";"0";"rpm";
"63440.2839639";"Оберти двигуна x1000";"0";"rpm";
"63440.3730133";"Температура олії у двигуні";"40";"℃";
"63440.4352034";"Прискорення";"0";"g";
"63440.4352034";"Пройдений шлях";"1.2094105453888886";"km";
"63440.4352034";"Пройдений шлях (Сьогодні)";"1.209411";"km";
"63440.4352034";"Пройдений шлях (Тиждень)";"1.209411";"km";
"63440.4352034";"Пройдений шлях(загальний)";"1.209411";"km";
"63440.4352034";"Середня швидкість";"15.257380009530737";"km/h";
"63440.4352034";"Швидкість автомобіля";"0";"km/h";
"63440.487964";"Розрахунковий наддув";"-0.01";"bar";
"63440.487964";"Тиск у впускному колекторі (абсолютний)";"98";"kPa";
"63440.6531029";"[BMS] HV State of charge";"61.5";"%";
"63440.7050631";"[BMS] HV Battery voltage";"359.35";"V";
"63440.7699884";"[BMS] Max Cell Voltage";"3.731";"V";
"63440.8235743";"[BMS] Min Cell Voltage";"3.724";"V";
"63440.8716316";"[BMS] HV Battery Current";"-2.949999999999818";"A";
"63440.9567504";"[BMS] HV Battery Current (Low)";"-2.949999999999818";"A";
"63441.0074464";"[BMS] HV Battery Current (High)";"-2.7999999999999545";"A";
"63441.0557241";"[BMS] HV Battery Temperature Sensor 1";"25";"℃";
"63441.1234989";"[BMS] HV Battery Temperature Sensor 2";"25";"℃";
"63441.1966196";"[BMS] HV Battery Temperature Sensor 3";"24";"℃";
"63441.2516628";"[BMS] HV Battery Temperature Sensor 4";"24";"℃";
"63441.3197783";"[BMS] HV Battery Intake Air Temperature";"23";"℃";
"63441.5189842";"[VCM] Traction motor temperature";"35";"℃";
"63441.5797829";"[VCM] HV Coolant Temperature";"24";"℃";
"63441.6393139";"[VCM] Target Motor Torque";"0";"N⋅m";
"63441.6873157";"[VCM] Available Motor Maximum Output";"100";"%";
"63441.7742225";"[VCM] Motor RPM";"0";"rpm";
"63441.7742225";"[VCM] Motor Torque";"0";"N⋅m";
"63441.8393702";"[VCM] Vehicle Speed";"0";"km/h";
"63441.9364229";"Розрахункове значення навантаження на двигун";"0";"%";
"63442.0355293";"Температура охолодної рідини";"56";"℃";
"63442.108218";"Оберти двигуна";"0";"rpm";
"63442.108218";"Оберти двигуна x1000";"0";"rpm";
"63442.2099509";"Температура олії у двигуні";"40";"℃";
"63442.2999037";"Прискорення";"0";"g";
"63442.2999037";"Пройдений шлях";"1.2094105453888886";"km";
"63442.2999037";"Пройдений шлях (Сьогодні)";"1.209411";"km";
"63442.2999037";"Пройдений шлях (Тиждень)";"1.209411";"km";
"63442.2999037";"Пройдений шлях(загальний)";"1.209411";"km";
"63442.2999037";"Середня швидкість";"15.158338941835133";"km/h";
"63442.2999037";"Швидкість автомобіля";"0";"km/h";
"63442.3541963";"Розрахунковий наддув";"-0.01";"bar";
"63442.3541963";"Тиск у впускному колекторі (абсолютний)";"98";"kPa";
"63442.4711149";"[BMS] HV State of charge";"61.5";"%";
"63442.5358825";"[BMS] HV Battery voltage";"360.31";"V";
"63442.5952298";"[BMS] Max Cell Voltage";"3.734";"V";
"63442.6542978";"[BMS] Min Cell Voltage";"3.723";"V";
"63442.715283";"[BMS] HV Battery Current";"-2.849999999999909";"A";
"63442.7709645";"[BMS] HV Battery Current (Low)";"-2.8999999999998636";"A";
"63442.8444412";"[BMS] HV Battery Current (High)";"-3";"A";
"63442.9006104";"[BMS] HV Battery Temperature Sensor 1";"25";"℃";
"63442.9657389";"[BMS] HV Battery Temperature Sensor 2";"25";"℃";
"63443.019401";"[BMS] HV Battery Temperature Sensor 3";"24";"℃";
"63443.0741051";"[BMS] HV Battery Temperature Sensor 4";"24";"℃";
"63443.1391583";"[BMS] HV Battery Intake Air Temperature";"23";"℃";
"63443.2587605";"[VCM] Traction motor temperature";"34";"℃";
"63443.3184279";"[VCM] HV Coolant Temperature";"24";"℃";
"63443.4153587";"[VCM] Target Motor Torque";"0";"N⋅m";
"63443.4676377";"[VCM] Available Motor Maximum Output";"13";"%";
"63443.5325654";"[VCM] Motor RPM";"0";"rpm";
"63443.5325654";"[VCM] Motor Torque";"0";"N⋅m";
"63443.5846367";"[VCM] Vehicle Speed";"0";"km/h";
"63443.7075217";"Розрахункове значення навантаження на двигун";"0";"%";
"63443.7584928";"Оберти двигуна";"0";"rpm";
"63443.7584928";"Оберти двигуна x1000";"0";"rpm";
"63443.8185814";"Температура олії у двигуні";"40";"℃";
"63443.8798606";"Прискорення";"0";"g";
"63443.8798606";"Пройдений шлях";"1.2094105453888886";"km";
"63443.8798606";"Пройдений шлях (Сьогодні)";"1.209411";"km";
"63443.8798606";"Пройдений шлях (Тиждень)";"1.209411";"km";
"63443.8798606";"Пройдений шлях(загальний)";"1.209411";"km";
"63443.8798606";"Середня швидкість";"15.075415565824047";"km/h";
"63443.8798606";"Швидкість автомобіля";"0";"km/h";
"63443.9554888";"Розрахунковий наддув";"-0.01";"bar";
"63443.9554888";"Тиск у впускному колекторі (абсолютний)";"98";"kPa";
"63444.0747461";"[BMS] HV State of charge";"61.5";"%";
"63444.126577";"[BMS] HV Battery voltage";"359.35";"V";
"63444.1797201";"[BMS] Max Cell Voltage";"3.73";"V";
"63444.2538402";"[BMS] Min Cell Voltage";"3.723";"V";
"63444.3031975";"[BMS] HV Battery Current";"-2.8999999999998636";"A";
"63444.3753599";"[BMS] HV Battery Current (Low)";"-2.949999999999818";"A";
"63444.4383933";"[BMS] HV Battery Current (High)";"-3";"A";
"63444.5279641";"[BMS] HV Battery Temperature Sensor 1";"25";"℃";
"63444.5858899";"[BMS] HV Battery Temperature Sensor 2";"25";"℃";
"63444.6467425";"[BMS] HV Battery Temperature Sensor 3";"24";"℃";
"63444.7102563";"[BMS] HV Battery Temperature Sensor 4";"24";"℃";
"63444.8039656";"[BMS] HV Battery Intake Air Temperature";"23";"℃";
"63444.9107157";"[VCM] Traction motor temperature";"34";"℃";
"63444.9757402";"[VCM] HV Coolant Temperature";"24";"℃";
"63445.0545499";"[VCM] Target Motor Torque";"0";"N⋅m";
"63445.124225";"[VCM] Available Motor Maximum Output";"100";"%";
"63445.171755";"[VCM] Motor RPM";"0";"rpm";
"63445.171755";"[VCM] Motor Torque";"0";"N⋅m";
"63445.2487374";"[VCM] Vehicle Speed";"0";"km/h";
"63445.3862684";"Розрахункове значення навантаження на двигун";"0";"%";
"63445.4517797";"Температура охолодної рідини";"56";"℃";
"63445.507996";"Оберти двигуна";"0";"rpm";
"63445.507996";"Оберти двигуна x1000";"0";"rpm";
"63445.5656115";"Температура олії у двигуні";"40";"℃";
"63445.6515514";"Прискорення";"0";"g";
"63445.6515514";"Пройдений шлях";"1.2094105453888886";"km";
"63445.6515514";"Пройдений шлях (Сьогодні)";"1.209411";"km";
"63445.6515514";"Пройдений шлях (Тиждень)";"1.209411";"km";
"63445.6515514";"Пройдений шлях(загальний)";"1.209411";"km";
"63445.6515514";"Середня швидкість";"14.983495909749898";"km/h";
"63445.6515514";"Швидкість автомобіля";"0";"km/h";
"63445.7169225";"Розрахунковий наддув";"-0.01";"bar";
"63445.7169225";"Тиск у впускному колекторі (абсолютний)";"98";"kPa";
"63445.8286995";"[BMS] HV State of charge";"61.5";"%";
"63445.8950686";"[BMS] HV Battery voltage";"359.19";"V";
"63445.9527602";"[BMS] Max Cell Voltage";"3.728";"V";
"63446.0148432";"[BMS] Min Cell Voltage";"3.72";"V";
"63446.0648691";"[BMS] HV Battery Current";"-4.849999999999909";"A";
"63446.1547522";"[BMS] HV Battery Current (Low)";"-5.199999999999818";"A";
"63446.2043416";"[BMS] HV Battery Current (High)";"-4.699999999999818";"A";
"63446.2586811";"[BMS] HV Battery Temperature Sensor 1";"25";"℃";
"63446.2966023";"[BMS] HV Battery Temperature Sensor 2";"25";"℃";
"63446.3590284";"[BMS] HV Battery Temperature Sensor 3";"24";"℃";
"63446.4236524";"[BMS] HV Battery Temperature Sensor 4";"24";"℃";
"63446.4827039";"[BMS] HV Battery Intake Air Temperature";"23";"℃";
"63446.6022197";"[VCM] Traction motor temperature";"34";"℃";
"63446.6622841";"[VCM] HV Coolant Temperature";"24";"℃";
"63446.7288359";"[VCM] Target Motor Torque";"102.53125";"N⋅m";
"63446.7837094";"[VCM] Available Motor Maximum Output";"13";"%";
"63446.8352474";"[VCM] Motor RPM";"7104";"rpm";
"63446.8352474";"[VCM] Motor Torque";"0.421875";"N⋅m";
"63446.8918297";"[VCM] Vehicle Speed";"2";"km/h";
"63447.0396156";"Розрахункове значення навантаження на двигун";"0";"%";
"63447.0997687";"Оберти двигуна";"0";"rpm";
"63447.0997687";"Оберти двигуна x1000";"0";"rpm";
"63447.1542828";"Температура олії у двигуні";"40";"℃";
"63447.2091191";"Прискорення";"0.008363095029510924";"g";
"63447.2091191";"Пройдений шлях";"1.2102762732222219";"km";
"63447.2091191";"Пройдений шлях (Сьогодні)";"1.210277";"km";
"63447.2091191";"Пройдений шлях (Тиждень)";"1.210277";"km";
"63447.2091191";"Пройдений шлях(загальний)";"1.210277";"km";
"63447.2091191";"Середня швидкість";"14.914239555578684";"km/h";
"63447.2091191";"Швидкість автомобіля";"2";"km/h";
"63447.304118";"Розрахунковий наддув";"-0.01";"bar";
"63447.304118";"Тиск у впускному колекторі (абсолютний)";"98";"kPa";
"63447.4234952";"[BMS] HV State of charge";"61.5";"%";
"63447.4749608";"[BMS] HV Battery voltage";"355.16";"V";
"63447.5523818";"[BMS] Max Cell Voltage";"3.69";"V";
"63447.6029564";"[BMS] Min Cell Voltage";"3.679";"V";
"63447.6631683";"[BMS] HV Battery Current";"-38.899999999999864";"A";
"63447.7229975";"[BMS] HV Battery Current (Low)";"-1600";"A";
"63447.8100969";"[BMS] HV Battery Current (High)";"-40.399999999999864";"A";
"63447.8591859";"[BMS] HV Battery Temperature Sensor 1";"25";"℃";
"63447.8960317";"[BMS] HV Battery Temperature Sensor 2";"25";"℃";
"63447.94882";"[BMS] HV Battery Temperature Sensor 3";"24";"℃";
"63447.9865783";"[BMS] HV Battery Temperature Sensor 4";"24";"℃";
"63448.0836811";"[BMS] HV Battery Intake Air Temperature";"23";"℃";
"63448.1886839";"[VCM] Traction motor temperature";"34";"℃";
"63448.2436901";"[VCM] HV Coolant Temperature";"24";"℃";
"63448.3058369";"[VCM] Target Motor Torque";"102.125";"N⋅m";
"63448.378231";"[VCM] Available Motor Maximum Output";"13";"%";
"63448.4478514";"[VCM] Motor RPM";"6592";"rpm";
"63448.4478514";"[VCM] Motor Torque";"0.390625";"N⋅m";
"63448.4989654";"[VCM] Vehicle Speed";"13";"km/h";
"63448.627243";"Розрахункове значення навантаження на двигун";"0";"%";
"63448.6810827";"Температура охолодної рідини";"56";"℃";
"63448.7485478";"Оберти двигуна";"0";"rpm";
"63448.7485478";"Оберти двигуна x1000";"0";"rpm";
"63448.7990002";"Температура олії у двигуні";"40";"℃";
"63448.858224";"Прискорення";"0.05614712881383273";"g";
"63448.858224";"Пройдений шлях";"1.216228476333333";"km";
"63448.858224";"Пройдений шлях (Сьогодні)";"1.216229";"km";
"63448.858224";"Пройдений шлях (Тиждень)";"1.216229";"km";
"63448.858224";"Пройдений шлях(загальний)";"1.216229";"km";
"63448.858224";"Середня швидкість";"14.903499568270975";"km/h";
"63448.858224";"Швидкість автомобіля";"13";"km/h";
"63448.9473572";"Розрахунковий наддув";"-0.01";"bar";
"63448.9473572";"Тиск у впускному колекторі (абсолютний)";"98";"kPa";
"63449.0716098";"[BMS] HV State of charge";"61";"%";
"63449.1240759";"[BMS] HV Battery voltage";"350.01";"V";
"63449.2026549";"[BMS] Max Cell Voltage";"3.636";"V";
"63449.25434";"[BMS] Min Cell Voltage";"3.626";"V";
"63449.3156569";"[BMS] HV Battery Current";"-70.09999999999991";"A";
"63449.3750887";"[BMS] HV Battery Current (Low)";"-1600";"A";
"63449.4501698";"[BMS] HV Battery Current (High)";"-71.19999999999982";"A";
"63449.5252685";"[BMS] HV Battery Temperature Sensor 1";"25";"℃";
"63449.5779052";"[BMS] HV Battery Temperature Sensor 2";"25";"℃";
"63449.6323389";"[BMS] HV Battery Temperature Sensor 3";"24";"℃";
"63449.7232045";"[BMS] HV Battery Temperature Sensor 4";"24";"℃";
"63449.768732";"[BMS] HV Battery Intake Air Temperature";"23";"℃";
"63449.8782592";"[VCM] Traction motor temperature";"34";"℃";
"63449.9397911";"[VCM] HV Coolant Temperature";"24";"℃";
"63450.0263383";"[VCM] Target Motor Torque";"91.96875";"N⋅m";
"63450.0787779";"[VCM] Available Motor Maximum Output";"100";"%";
"63450.1323184";"[VCM] Motor RPM";"5920";"rpm";
"63450.1323184";"[VCM] Motor Torque";"0.359375";"N⋅m";
"63450.2000463";"[VCM] Vehicle Speed";"23";"km/h";
"63450.3358017";"Розрахункове значення навантаження на двигун";"0";"%";
"63450.3987037";"Оберти двигуна";"0";"rpm";
"63450.3987037";"Оберти двигуна x1000";"0";"rpm";
"63450.4591323";"Температура олії у двигуні";"40";"℃";
"63450.5470392";"Прискорення";"0.09771530018581685";"g";
"63450.5470392";"Пройдений шлях";"1.227018185222222";"km";
"63450.5470392";"Пройдений шлях (Сьогодні)";"1.227019";"km";
"63450.5470392";"Пройдений шлях (Тиждень)";"1.227019";"km";
"63450.5470392";"Пройдений шлях(загальний)";"1.227019";"km";
"63450.5470392";"Середня швидкість";"14.94977632672935";"km/h";
"63450.5470392";"Швидкість автомобіля";"23";"km/h";
"63450.6351119";"Розрахунковий наддув";"-0.01";"bar";
"63450.6351119";"Тиск у впускному колекторі (абсолютний)";"98";"kPa";
"63450.7483303";"[BMS] HV State of charge";"60.5";"%";
"63450.8228424";"[BMS] HV Battery voltage";"348.72";"V";
"63450.8829559";"[BMS] Max Cell Voltage";"3.626";"V";
"63450.9451604";"[BMS] Min Cell Voltage";"3.62";"V";
"63451.0035648";"[BMS] HV Battery Current";"-65.84999999999991";"A";
"63451.0547004";"[BMS] HV Battery Current (Low)";"-1600";"A";
"63451.1315858";"[BMS] HV Battery Current (High)";"-65";"A";
"63451.1795255";"[BMS] HV Battery Temperature Sensor 1";"25";"℃";
"63451.217418";"[BMS] HV Battery Temperature Sensor 2";"25";"℃";
"63451.2675158";"[BMS] HV Battery Temperature Sensor 3";"24";"℃";
"63451.3042492";"[BMS] HV Battery Temperature Sensor 4";"24";"℃";
"63451.4239863";"[BMS] HV Battery Intake Air Temperature";"23";"℃";
"63451.5436362";"[VCM] Traction motor temperature";"34";"℃";
"63451.5948399";"[VCM] HV Coolant Temperature";"24";"℃";
"63451.6834807";"[VCM] Target Motor Torque";"68.046875";"N⋅m";
"63451.7431366";"[VCM] Available Motor Maximum Output";"13";"%";
"63451.7951094";"[VCM] Motor RPM";"4448";"rpm";
"63451.7951094";"[VCM] Motor Torque";"0.265625";"N⋅m";
"63451.8459865";"[VCM] Vehicle Speed";"29";"km/h";
"63451.9931599";"Розрахункове значення навантаження на двигун";"0";"%";
"63452.0546761";"Температура охолодної рідини";"56";"℃";
"63452.1118362";"Оберти двигуна";"0";"rpm";
"63452.1118362";"Оберти двигуна x1000";"0";"rpm";
"63452.2032074";"Температура олії у двигуні";"40";"℃";
"63452.2635146";"Прискорення";"0.12423512285344272";"g";
"63452.2635146";"Пройдений шлях";"1.2408453715277774";"km";
"63452.2635146";"Пройдений шлях (Сьогодні)";"1.240846";"km";
"63452.2635146";"Пройдений шлях (Тиждень)";"1.240846";"km";
"63452.2635146";"Пройдений шлях(загальний)";"1.240846";"km";
"63452.2635146";"Середня швидкість";"15.030926065886813";"km/h";
"63452.2635146";"Швидкість автомобіля";"29";"km/h";
"63452.3669869";"Розрахунковий наддув";"-0.01";"bar";
"63452.3669869";"Тиск у впускному колекторі (абсолютний)";"98";"kPa";
"63452.571487";"[BMS] HV State of charge";"59.5";"%";
"63452.6450674";"[BMS] HV Battery voltage";"348.88";"V";
"63452.6958693";"[BMS] Max Cell Voltage";"3.619";"V";
"63452.7796113";"[BMS] Min Cell Voltage";"3.607";"V";
"63452.8320974";"[BMS] HV Battery Current";"-61.34999999999991";"A";
"63452.8991987";"[BMS] HV Battery Current (Low)";"-1600";"A";
"63452.9546045";"[BMS] HV Battery Current (High)";"-62.399999999999864";"A";
"63453.0264478";"[BMS] HV Battery Temperature Sensor 1";"25";"℃";
"63453.0800788";"[BMS] HV Battery Temperature Sensor 2";"25";"℃";
"63453.1424975";"[BMS] HV Battery Temperature Sensor 3";"24";"℃";
"63453.1967412";"[BMS] HV Battery Temperature Sensor 4";"24";"℃";
"63453.2512267";"[BMS] HV Battery Intake Air Temperature";"23";"℃";
"63453.4001802";"[VCM] Traction motor temperature";"35";"℃";
"63453.4542447";"[VCM] HV Coolant Temperature";"24";"℃";
"63453.5085027";"[VCM] Target Motor Torque";"79.53125";"N⋅m";
"63453.5707554";"[VCM] Available Motor Maximum Output";"100";"%";
"63453.6228935";"[VCM] Motor RPM";"4960";"rpm";
"63453.6228935";"[VCM] Motor Torque";"0.296875";"N⋅m";
"63453.6794206";"[VCM] Vehicle Speed";"35";"km/h";
"63453.7830569";"Розрахункове значення навантаження на двигун";"0";"%";
"63453.8668382";"Оберти двигуна";"0";"rpm";
"63453.8668382";"Оберти двигуна x1000";"0";"rpm";
"63453.9363169";"Температура олії у двигуні";"40";"℃";
"63453.9869315";"Прискорення";"0.13791173416018923";"g";
"63453.9869315";"Пройдений шлях";"1.2576007426388884";"km";
"63453.9869315";"Пройдений шлях (Сьогодні)";"1.257601";"km";
"63453.9869315";"Пройдений шлях (Тиждень)";"1.257601";"km";
"63453.9869315";"Пройдений шлях(загальний)";"1.257601";"km";
"63453.9869315";"Середня швидкість";"15.146059325484496";"km/h";
"63453.9869315";"Швидкість автомобіля";"35";"km/h";
"63454.1385263";"Розрахунковий наддув";"-0.01";"bar";
"63454.1385263";"Тиск у впускному колекторі (абсолютний)";"98";"kPa";
"63454.2528676";"[BMS] HV State of charge";"59";"%";
"63454.3161905";"[BMS] HV Battery voltage";"348.40000000000003";"V";
"63454.4030302";"[BMS] Max Cell Voltage";"3.621";"V";
"63454.4671198";"[BMS] Min Cell Voltage";"3.611";"V";
"63454.5195643";"[BMS] HV Battery Current";"-48.09999999999991";"A";
"63454.5755919";"[BMS] HV Battery Current (Low)";"-1600";"A";
"63454.6729115";"[BMS] HV Battery Current (High)";"-47.899999999999864";"A";
"63454.7383402";"[BMS] HV Battery Temperature Sensor 1";"25";"℃";
"63454.7963097";"[BMS] HV Battery Temperature Sensor 2";"25";"℃";
"63454.8503407";"[BMS] HV Battery Temperature Sensor 3";"24";"℃";
"63454.9473738";"[BMS] HV Battery Temperature Sensor 4";"24";"℃";
"63455.0043235";"[BMS] HV Battery Intake Air Temperature";"23";"℃";
"63455.1149982";"[VCM] Traction motor temperature";"35";"℃";
"63455.1686362";"[VCM] HV Coolant Temperature";"24";"℃";
"63455.2472127";"[VCM] Target Motor Torque";"49.296875";"N⋅m";
"63455.2991372";"[VCM] Available Motor Maximum Output";"13";"%";
"63455.3352781";"[VCM] Motor RPM";"3360";"rpm";
"63455.3352781";"[VCM] Motor Torque";"0.203125";"N⋅m";
"63455.4083992";"[VCM] Vehicle Speed";"38";"km/h";
"63455.5330657";"Розрахункове значення навантаження на двигун";"0";"%";
"63455.584118";"Температура охолодної рідини";"56";"℃";
"63455.6431313";"Оберти двигуна";"0";"rpm";
"63455.6431313";"Оберти двигуна x1000";"0";"rpm";
"63455.6936743";"Температура олії у двигуні";"40";"℃";
"63455.7729585";"Прискорення";"0.10240975398440103";"g";
"63455.7729585";"Пройдений шлях";"1.2764531970833328";"km";
"63455.7729585";"Пройдений шлях (Сьогодні)";"1.276453";"km";
"63455.7729585";"Пройдений шлях (Тиждень)";"1.276453";"km";
"63455.7729585";"Пройдений шлях(загальний)";"1.276453";"km";
"63455.7729585";"Середня швидкість";"15.28180158066499";"km/h";
"63455.7729585";"Швидкість автомобіля";"38";"km/h";
"63455.8503622";"Розрахунковий наддув";"-0.01";"bar";
"63455.8503622";"Тиск у впускному колекторі (абсолютний)";"98";"kPa";
"63455.98633";"[BMS] HV State of charge";"58.5";"%";
"63456.0469006";"[BMS] HV Battery voltage";"346.95";"V";
"63456.1121847";"[BMS] Max Cell Voltage";"3.609";"V";
"63456.162817";"[BMS] Min Cell Voltage";"3.599";"V";
"63456.2233276";"[BMS] HV Battery Current";"-59.19999999999982";"A";
"63456.2791852";"[BMS] HV Battery Current (Low)";"-1600";"A";
"63456.3514907";"[BMS] HV Battery Current (High)";"-57.69999999999982";"A";
"63456.4053108";"[BMS] HV Battery Temperature Sensor 1";"25";"℃";
"63456.4625214";"[BMS] HV Battery Temperature Sensor 2";"25";"℃";
"63456.526103";"[BMS] HV Battery Temperature Sensor 3";"24";"℃";
"63456.6028519";"[BMS] HV Battery Temperature Sensor 4";"24";"℃";
"63456.6650349";"[BMS] HV Battery Intake Air Temperature";"23";"℃";
"63456.7900282";"[VCM] Traction motor temperature";"35";"℃";
"63456.8818223";"[VCM] HV Coolant Temperature";"24";"℃";
"63456.9314053";"[VCM] Target Motor Torque";"54.71875";"N⋅m";
"63456.9948263";"[VCM] Available Motor Maximum Output";"100";"%";
"63457.0409573";"[VCM] Motor RPM";"3264";"rpm";
"63457.0409573";"[VCM] Motor Torque";"0.1875";"N⋅m";
"63457.107396";"[VCM] Vehicle Speed";"41";"km/h";
"63457.2315272";"Розрахункове значення навантаження на двигун";"0";"%";
"63457.3063014";"Оберти двигуна";"0";"rpm";
"63457.3063014";"Оберти двигуна x1000";"0";"rpm";
"63457.3543455";"Температура олії у двигуні";"40";"℃";
"63457.4623637";"Прискорення";"0.07372873196174153";"g";
"63457.4623637";"Пройдений шлях";"1.295693704416666";"km";
"63457.4623637";"Пройдений шлях (Сьогодні)";"1.295694";"km";
"63457.4623637";"Пройдений шлях (Тиждень)";"1.295694";"km";
"63457.4623637";"Пройдений шлях(загальний)";"1.295694";"km";
"63457.4623637";"Середня швидкість";"15.425486011804464";"km/h";
"63457.4623637";"Швидкість автомобіля";"41";"km/h";
"63457.5392565";"Розрахунковий наддув";"-0.25";"bar";
"63457.5392565";"Тиск у впускному колекторі (абсолютний)";"74";"kPa";
"63457.6550594";"[BMS] HV State of charge";"58";"%";
"63457.7203783";"[BMS] HV Battery voltage";"344.05";"V";
"63457.7791293";"[BMS] Max Cell Voltage";"3.562";"V";
"63457.834414";"[BMS] Min Cell Voltage";"3.568";"V";
"63457.8984009";"[BMS] HV Battery Current";"-67.09999999999991";"A";
"63457.9703705";"[BMS] HV Battery Current (Low)";"-1600";"A";
"63458.0419143";"[BMS] HV Battery Current (High)";"-53.649999999999864";"A";
"63458.0824332";"[BMS] HV Battery Temperature Sensor 1";"25";"℃";
"63458.1435299";"[BMS] HV Battery Temperature Sensor 2";"25";"℃";
"63458.2027287";"[BMS] HV Battery Temperature Sensor 3";"24";"℃";
"63458.2680662";"[BMS] HV Battery Temperature Sensor 4";"24";"℃";
"63458.3322321";"[BMS] HV Battery Intake Air Temperature";"23";"℃";
"63458.4527009";"[VCM] Traction motor temperature";"35";"℃";
"63458.5689458";"[VCM] HV Coolant Temperature";"24";"℃";
"63458.6278267";"[VCM] Target Motor Torque";"28.515625";"N⋅m";
"63458.6729777";"[VCM] Available Motor Maximum Output";"100";"%";
"63458.7354442";"[VCM] Motor RPM";"1024";"rpm";
"63458.7354442";"[VCM] Motor Torque";"0.0625";"N⋅m";
"63458.8006706";"[VCM] Vehicle Speed";"44";"km/h";
"63458.8899087";"Розрахункове значення навантаження на двигун";"43.13725490196079";"%";
"63458.9548962";"Температура охолодної рідини";"55";"℃";
"63459.003359";"Оберти двигуна";"2000";"rpm";
"63459.003359";"Оберти двигуна x1000";"2";"rpm";
"63459.0786106";"Температура олії у двигуні";"40";"℃";
"63459.135096";"Прискорення";"0.06183172848792421";"g";
"63459.135096";"Пройдений шлях";"1.3161382799722217";"km";
"63459.135096";"Пройдений шлях (Сьогодні)";"1.316139";"km";
"63459.135096";"Пройдений шлях (Тиждень)";"1.316139";"km";
"63459.135096";"Пройдений шлях(загальний)";"1.316139";"km";
"63459.135096";"Середня швидкість";"15.582683281090592";"km/h";
"63459.135096";"Швидкість автомобіля";"44";"km/h";
"63459.2228705";"Розрахунковий наддув";"-0.06";"bar";
"63459.2228705";"Тиск у впускному колекторі (абсолютний)";"93";"kPa";
"63459.3833806";"[BMS] HV State of charge";"57.5";"%";
"63459.4435145";"[BMS] HV Battery voltage";"350.98";"V";
"63459.4970898";"[BMS] Max Cell Voltage";"3.652";"V";
"63459.5583977";"[BMS] Min Cell Voltage";"3.641";"V";
"63459.6311279";"[BMS] HV Battery Current";"-18.149999999999864";"A";
"63459.6783626";"[BMS] HV Battery Current (Low)";"-12.649999999999864";"A";
"63459.7385028";"[BMS] HV Battery Current (High)";"-13.25";"A";
"63459.8030139";"[BMS] HV Battery Temperature Sensor 1";"25";"℃";
"63459.851156";"[BMS] HV Battery Temperature Sensor 2";"25";"℃";
"63459.927851";"[BMS] HV Battery Temperature Sensor 3";"24";"℃";
"63459.9755571";"[BMS] HV Battery Temperature Sensor 4";"24";"℃";
"63460.0395896";"[BMS] HV Battery Intake Air Temperature";"23";"℃";
"63460.174918";"[VCM] Traction motor temperature";"35";"℃";
"63460.2473413";"[VCM] HV Coolant Temperature";"24";"℃";
"63460.2927671";"[VCM] Target Motor Torque";"55.890625";"N⋅m";
"63460.3462158";"[VCM] Available Motor Maximum Output";"13";"%";
"63460.4074941";"[VCM] Motor RPM";"3456";"rpm";
"63460.4074941";"[VCM] Motor Torque";"0.203125";"N⋅m";
"63460.4865823";"[VCM] Vehicle Speed";"47";"km/h";
"63460.6061607";"Розрахункове значення навантаження на двигун";"44.705882352941174";"%";
"63460.6598713";"Оберти двигуна";"2004";"rpm";
"63460.6598713";"Оберти двигуна x1000";"2";"rpm";
"63460.7228121";"Температура олії у двигуні";"40";"℃";
"63460.7847981";"Прискорення";"0.050001776193427515";"g";
"63460.7847981";"Пройдений шлях";"1.3376761069999994";"km";
"63460.7847981";"Пройдений шлях (Сьогодні)";"1.337677";"km";
"63460.7847981";"Пройдений шлях (Тиждень)";"1.337677";"km";
"63460.7847981";"Пройдений шлях(загальний)";"1.337677";"km";
"63460.7847981";"Середня швидкість";"15.752220055977231";"km/h";
"63460.7847981";"Швидкість автомобіля";"47";"km/h";
"63460.8650132";"Розрахунковий наддув";"-0.13";"bar";
"63460.8650132";"Тиск у впускному колекторі (абсолютний)";"86";"kPa";
"63461.0158849";"[BMS] HV State of charge";"57.5";"%";
"63461.0841366";"[BMS] HV Battery voltage";"355.16";"V";
"63461.1302105";"[BMS] Max Cell Voltage";"3.683";"V";
"63461.1943842";"[BMS] Min Cell Voltage";"3.668";"V";
"63461.2745307";"[BMS] HV Battery Current";"-9.149999999999864";"A";
"63461.3340321";"[BMS] HV Battery Current (Low)";"-29.59999999999991";"A";
"63461.3875204";"[BMS] HV Battery Current (High)";"-31.84999999999991";"A";
"63461.4548371";"[BMS] HV Battery Temperature Sensor 1";"25";"℃";
"63461.5642064";"[BMS] HV Battery Temperature Sensor 2";"25";"℃";
"63461.6084246";"[BMS] HV Battery Temperature Sensor 3";"24";"℃";
"63461.6587223";"[BMS] HV Battery Temperature Sensor 4";"24";"℃";
"63461.7089678";"[BMS] HV Battery Intake Air Temperature";"23";"℃";
"63461.823194";"[VCM] Traction motor temperature";"35";"℃";
"63461.8957764";"[VCM] HV Coolant Temperature";"24";"℃";
"63461.9541353";"[VCM] Target Motor Torque";"51.265625";"N⋅m";
"63462.0035516";"[VCM] Available Motor Maximum Output";"100";"%";
"63462.1003395";"[VCM] Motor RPM";"2272";"rpm";
"63462.1003395";"[VCM] Motor Torque";"0.125";"N⋅m";
"63462.1613297";"[VCM] Vehicle Speed";"50";"km/h";
"63462.2658649";"Розрахункове значення навантаження на двигун";"45.09803921568628";"%";
"63462.3714015";"Температура охолодної рідини";"54";"℃";
"63462.4354862";"Оберти двигуна";"1998";"rpm";
"63462.4354862";"Оберти двигуна x1000";"2";"rpm";
"63462.4940454";"Температура олії у двигуні";"40";"℃";
"63462.5587239";"Прискорення";"0.050090944687961304";"g";
"63462.5587239";"Пройдений шлях";"1.3623145403333328";"km";
"63462.5587239";"Пройдений шлях (Сьогодні)";"1.362315";"km";
"63462.5587239";"Пройдений шлях (Тиждень)";"1.362315";"km";
"63462.5587239";"Пройдений шлях(загальний)";"1.362315";"km";
"63462.5587239";"Середня швидкість";"15.949804837263004";"km/h";
"63462.5587239";"Швидкість автомобіля";"50";"km/h";
"63462.6141801";"Розрахунковий наддув";"-0.13";"bar";
"63462.6141801";"Тиск у впускному колекторі (абсолютний)";"86";"kPa";
"63462.7317232";"[BMS] HV State of charge";"58";"%";
"63462.7836087";"[BMS] HV Battery voltage";"362.25";"V";
"63462.8383255";"[BMS] Max Cell Voltage";"3.783";"V";
"63462.9353369";"[BMS] Min Cell Voltage";"3.753";"V";
"63462.9867637";"[BMS] HV Battery Current";"39.700000000000045";"A";
"63463.0482263";"[BMS] HV Battery Current (Low)";"17.300000000000182";"A";
"63463.1033667";"[BMS] HV Battery Current (High)";"9.800000000000182";"A";
"63463.1514723";"[BMS] HV Battery Temperature Sensor 1";"25";"℃";
"63463.22343";"[BMS] HV Battery Temperature Sensor 2";"25";"℃";
"63463.2760395";"[BMS] HV Battery Temperature Sensor 3";"24";"℃";
"63463.3340397";"[BMS] HV Battery Temperature Sensor 4";"24";"℃";
"63463.3968576";"[BMS] HV Battery Intake Air Temperature";"23";"℃";
"63463.5263099";"[VCM] Traction motor temperature";"36";"℃";
"63463.6007081";"[VCM] HV Coolant Temperature";"24";"℃";
"63463.664882";"[VCM] Target Motor Torque";"59.421875";"N⋅m";
"63463.7514254";"[VCM] Available Motor Maximum Output";"100";"%";
"63463.8019745";"[VCM] Motor RPM";"3680";"rpm";
"63463.8019745";"[VCM] Motor Torque";"0.21875";"N⋅m";
"63463.8556604";"[VCM] Vehicle Speed";"51";"km/h";
"63463.9826489";"Розрахункове значення навантаження на двигун";"45.09803921568628";"%";
"63464.0527789";"Оберти двигуна";"2000";"rpm";
"63464.0527789";"Оберти двигуна x1000";"2";"rpm";
"63464.1078486";"Температура олії у двигуні";"40";"℃";
"63464.1680431";"Прискорення";"0.03801688658787983";"g";
"63464.1680431";"Пройдений шлях";"1.3846653792222217";"km";
"63464.1680431";"Пройдений шлях (Сьогодні)";"1.384666";"km";
"63464.1680431";"Пройдений шлях (Тиждень)";"1.384666";"km";
"63464.1680431";"Пройдений шлях(загальний)";"1.384666";"km";
"63464.1680431";"Середня швидкість";"16.127082659264637";"km/h";
"63464.1680431";"Швидкість автомобіля";"50";"km/h";
"63464.2441517";"Розрахунковий наддув";"-0.13";"bar";
"63464.2441517";"Тиск у впускному колекторі (абсолютний)";"86";"kPa";
"63464.3908889";"[BMS] HV State of charge";"58";"%";
"63464.4459386";"[BMS] HV Battery voltage";"355.97";"V";
"63464.5034408";"[BMS] Max Cell Voltage";"3.721";"V";
"63464.5711994";"[BMS] Min Cell Voltage";"3.712";"V";
"63464.6339153";"[BMS] HV Battery Current";"27.300000000000182";"A";
"63464.683852";"[BMS] HV Battery Current (Low)";"25.050000000000182";"A";
"63464.74705";"[BMS] HV Battery Current (High)";"23.700000000000045";"A";
"63464.8027852";"[BMS] HV Battery Temperature Sensor 1";"25";"℃";
"63464.9060694";"[BMS] HV Battery Temperature Sensor 2";"25";"℃";
"63464.9583478";"[BMS] HV Battery Temperature Sensor 3";"24";"℃";
"63465.0187134";"[BMS] HV Battery Temperature Sensor 4";"24";"℃";
"63465.0739166";"[BMS] HV Battery Intake Air Temperature";"23";"℃";
"63465.2035958";"[VCM] Traction motor temperature";"36";"℃";
"63465.2634042";"[VCM] HV Coolant Temperature";"24";"℃";
"63465.3114279";"[VCM] Target Motor Torque";"25.109375";"N⋅m";
"63465.3957428";"[VCM] Available Motor Maximum Output";"13";"%";
"63465.4592872";"[VCM] Motor RPM";"1920";"rpm";
"63465.4592872";"[VCM] Motor Torque";"0.109375";"N⋅m";
"63465.5231494";"[VCM] Vehicle Speed";"52";"km/h";
"63465.635258";"Розрахункове значення навантаження на двигун";"45.09803921568628";"%";
"63465.6947346";"Температура охолодної рідини";"54";"℃";
"63465.755597";"Оберти двигуна";"1996";"rpm";
"63465.755597";"Оберти двигуна x1000";"2";"rpm";
"63465.8073111";"Температура олії у двигуні";"40";"℃";
"63465.8501121";"Прискорення";"0.029527576638794073";"g";
"63465.8501121";"Пройдений шлях";"1.408494736805555";"km";
"63465.8501121";"Пройдений шлях (Сьогодні)";"1.408495";"km";
"63465.8501121";"Пройдений шлях (Тиждень)";"1.408495";"km";
"63465.8501121";"Пройдений шлях(загальний)";"1.408495";"km";
"63465.8501121";"Середня швидкість";"16.31583155660988";"km/h";
"63465.8501121";"Швидкість автомобіля";"51";"km/h";
"63465.9500611";"Розрахунковий наддув";"-0.12";"bar";
"63465.9500611";"Тиск у впускному колекторі (абсолютний)";"87";"kPa";
"63466.0663235";"[BMS] HV State of charge";"58";"%";
"63466.1385402";"[BMS] HV Battery voltage";"357.74";"V";
"63466.2350192";"[BMS] Max Cell Voltage";"3.692";"V";
"63466.287035";"[BMS] Min Cell Voltage";"3.685";"V";
"63466.3486771";"[BMS] HV Battery Current";"-11.699999999999818";"A";
"63466.412143";"[BMS] HV Battery Current (Low)";"-13.199999999999818";"A";
"63466.4647055";"[BMS] HV Battery Current (High)";"-10.049999999999955";"A";
"63466.5346266";"[BMS] HV Battery Temperature Sensor 1";"25";"℃";
"63466.5919897";"[BMS] HV Battery Temperature Sensor 2";"25";"℃";
"63466.6423797";"[BMS] HV Battery Temperature Sensor 3";"24";"℃";
"63466.6989227";"[BMS] HV Battery Temperature Sensor 4";"24";"℃";
"63466.7749582";"[BMS] HV Battery Intake Air Temperature";"23";"℃";
"63466.8861525";"[VCM] Traction motor temperature";"36";"℃";
"63466.9238091";"[VCM] HV Coolant Temperature";"24";"℃";
"63466.9829346";"[VCM] Target Motor Torque";"46.34375";"N⋅m";
"63467.0430931";"[VCM] Available Motor Maximum Output";"100";"%";
"63467.1020113";"[VCM] Motor RPM";"2624";"rpm";
"63467.1020113";"[VCM] Motor Torque";"0.15625";"N⋅m";
"63467.1647454";"[VCM] Vehicle Speed";"54";"km/h";
"63467.279237";"Розрахункове значення навантаження на двигун";"45.09803921568628";"%";
"63467.3646895";"Оберти двигуна";"2000";"rpm";
"63467.3646895";"Оберти двигуна x1000";"2";"rpm";
"63467.4192787";"Температура олії у двигуні";"40";"℃";
"63467.4704927";"Прискорення";"0.025420350813360224";"g";
"63467.4704927";"Пройдений шлях";"1.4323502429166661";"km";
"63467.4704927";"Пройдений шлях (Сьогодні)";"1.432351";"km";
"63467.4704927";"Пройдений шлях (Тиждень)";"1.432351";"km";
"63467.4704927";"Пройдений шлях(загальний)";"1.432351";"km";
"63467.4704927";"Середня швидкість";"16.506108831269348";"km/h";
"63467.4704927";"Швидкість автомобіля";"53";"km/h";
"63467.5306699";"Розрахунковий наддув";"-0.12";"bar";
"63467.5306699";"Тиск у впускному колекторі (абсолютний)";"87";"kPa";
"63467.6822305";"[BMS] HV State of charge";"58";"%";
"63467.7343101";"[BMS] HV Battery voltage";"355.64";"V";
"63467.7957349";"[BMS] Max Cell Voltage";"3.714";"V";
"63467.8789879";"[BMS] Min Cell Voltage";"3.706";"V";
"63467.9324033";"[BMS] HV Battery Current";"3.8500000000001364";"A";
"63467.9944058";"[BMS] HV Battery Current (Low)";"3.150000000000091";"A";
"63468.0551649";"[BMS] HV Battery Current (High)";"9.400000000000091";"A";
"63468.1160849";"[BMS] HV Battery Temperature Sensor 1";"25";"℃";
"63468.1826563";"[BMS] HV Battery Temperature Sensor 2";"25";"℃";
"63468.2328065";"[BMS] HV Battery Temperature Sensor 3";"24";"℃";
"63468.2954476";"[BMS] HV Battery Temperature Sensor 4";"24";"℃";
"63468.3430643";"[BMS] HV Battery Intake Air Temperature";"23";"℃";
"63468.4840752";"[VCM] Traction motor temperature";"36";"℃";
"63468.5346091";"[VCM] HV Coolant Temperature";"24";"℃";
"63468.594575";"[VCM] Target Motor Torque";"33.84375";"N⋅m";
"63468.6430156";"[VCM] Available Motor Maximum Output";"13";"%";
"63468.7487954";"[VCM] Motor RPM";"2368";"rpm";
"63468.7487954";"[VCM] Motor Torque";"0.140625";"N⋅m";
"63468.7993511";"[VCM] Vehicle Speed";"55";"km/h";
"63468.9098768";"Розрахункове значення навантаження на двигун";"44.705882352941174";"%";
"63468.9988471";"Температура охолодної рідини";"54";"℃";
"63469.0613511";"Оберти двигуна";"1999";"rpm";
"63469.0613511";"Оберти двигуна x1000";"2";"rpm";
"63469.1073774";"Температура олії у двигуні";"40";"℃";
"63469.1645325";"Прискорення";"0.02143980586214239";"g";
"63469.1645325";"Пройдений шлях";"1.4582314783333328";"km";
"63469.1645325";"Пройдений шлях (Сьогодні)";"1.458232";"km";
"63469.1645325";"Пройдений шлях (Тиждень)";"1.458232";"km";
"63469.1645325";"Пройдений шлях(загальний)";"1.458232";"km";
"63469.1645325";"Середня швидкість";"16.713724873432465";"km/h";
"63469.1645325";"Швидкість автомобіля";"55";"km/h";
"63469.2598056";"Розрахунковий наддув";"-0.12";"bar";
"63469.2598056";"Тиск у впускному колекторі (абсолютний)";"87";"kPa";
"63469.3705158";"[BMS] HV State of charge";"58.5";"%";
"63469.431925";"[BMS] HV Battery voltage";"365.79";"V";
"63469.4837393";"[BMS] Max Cell Voltage";"3.806";"V";
"63469.5601323";"[BMS] Min Cell Voltage";"3.792";"V";
"63469.6130107";"[BMS] HV Battery Current";"48.700000000000045";"A";
"63469.6702505";"[BMS] HV Battery Current (Low)";"26.600000000000136";"A";
"63469.7267201";"[BMS] HV Battery Current (High)";"4.050000000000182";"A";
"63469.8044588";"[BMS] HV Battery Temperature Sensor 1";"25";"℃";
"63469.8581482";"[BMS] HV Battery Temperature Sensor 2";"25";"℃";
"63469.910074";"[BMS] HV Battery Temperature Sensor 3";"24";"℃";
"63469.9698698";"[BMS] HV Battery Temperature Sensor 4";"24";"℃";
"63470.0077585";"[BMS] HV Battery Intake Air Temperature";"23";"℃";
"63470.1317043";"[VCM] Traction motor temperature";"36";"℃";
"63470.1908905";"[VCM] HV Coolant Temperature";"24";"℃";
"63470.2432453";"[VCM] Target Motor Torque";"50.46875";"N⋅m";
"63470.303842";"[VCM] Available Motor Maximum Output";"13";"%";
"63470.3799412";"[VCM] Motor RPM";"3136";"rpm";
"63470.3799412";"[VCM] Motor Torque";"0.1875";"N⋅m";
"63470.4363494";"[VCM] Vehicle Speed";"55";"km/h";
"63470.5503957";"Розрахункове значення навантаження на двигун";"44.705882352941174";"%";
"63470.625818";"Оберти двигуна";"2000";"rpm";
"63470.625818";"Оберти двигуна x1000";"2";"rpm";
"63470.674257";"Температура олії у двигуні";"40";"℃";
"63470.7099336";"Прискорення";"0.021649284989177064";"g";
"63470.7099336";"Пройдений шлях";"1.481841615555555";"km";
"63470.7099336";"Пройдений шлях (Сьогодні)";"1.481842";"km";
"63470.7099336";"Пройдений шлях (Тиждень)";"1.481842";"km";
"63470.7099336";"Пройдений шлях(загальний)";"1.481842";"km";
"63470.7099336";"Середня швидкість";"16.901178627452392";"km/h";
"63470.7099336";"Швидкість автомобіля";"55";"km/h";
"63470.7788105";"Розрахунковий наддув";"-0.13";"bar";
"63470.7788105";"Тиск у впускному колекторі (абсолютний)";"86";"kPa";
"63470.903961";"[BMS] HV State of charge";"58.5";"%";
"63470.9515597";"[BMS] HV Battery voltage";"367.72";"V";
"63471.0177009";"[BMS] Max Cell Voltage";"3.809";"V";
"63471.0664997";"[BMS] Min Cell Voltage";"3.797";"V";
"63471.1277643";"[BMS] HV Battery Current";"80.30000000000018";"A";
"63471.2019442";"[BMS] HV Battery Current (Low)";"-1600";"A";
"63471.2560302";"[BMS] HV Battery Current (High)";"50.40000000000009";"A";
"63471.3158869";"[BMS] HV Battery Temperature Sensor 1";"25";"℃";
"63471.3667025";"[BMS] HV Battery Temperature Sensor 2";"25";"℃";
"63471.4478323";"[BMS] HV Battery Temperature Sensor 3";"24";"℃";
"63471.5098764";"[BMS] HV Battery Temperature Sensor 4";"24";"℃";
"63471.5627661";"[BMS] HV Battery Intake Air Temperature";"23";"℃";
"63471.6707582";"[VCM] Traction motor temperature";"36";"℃";
"63471.7564246";"[VCM] HV Coolant Temperature";"24";"℃";
"63471.8107382";"[VCM] Target Motor Torque";"32.9375";"N⋅m";
"63471.8682079";"[VCM] Available Motor Maximum Output";"13";"%";
"63471.924749";"[VCM] Motor RPM";"2208";"rpm";
"63471.924749";"[VCM] Motor Torque";"0.125";"N⋅m";
"63471.9996915";"[VCM] Vehicle Speed";"55";"km/h";
"63472.1115747";"Розрахункове значення навантаження на двигун";"44.31372549019608";"%";
"63472.1641257";"Температура охолодної рідини";"54";"℃";
"63472.2028975";"Оберти двигуна";"1998";"rpm";
"63472.2028975";"Оберти двигуна x1000";"2";"rpm";
"63472.2742878";"Температура олії у двигуні";"40";"℃";
"63472.3349251";"Прискорення";"0.017471868455544545";"g";
"63472.3349251";"Пройдений шлях";"1.506667995277777";"km";
"63472.3349251";"Пройдений шлях (Сьогодні)";"1.506668";"km";
"63472.3349251";"Пройдений шлях (Тиждень)";"1.506668";"km";
"63472.3349251";"Пройдений шлях(загальний)";"1.506668";"km";
"63472.3349251";"Середня швидкість";"17.096319074814588";"km/h";
"63472.3349251";"Швидкість автомобіля";"55";"km/h";
"63472.3959563";"Розрахунковий наддув";"-0.12";"bar";
"63472.3959563";"Тиск у впускному колекторі (абсолютний)";"87";"kPa";
"63472.5171022";"[BMS] HV State of charge";"59";"%";
"63472.5977298";"[BMS] HV Battery voltage";"355";"V";
"63472.658781";"[BMS] Max Cell Voltage";"3.718";"V";
"63472.7125157";"[BMS] Min Cell Voltage";"3.698";"V";
"63472.7639126";"[BMS] HV Battery Current";"-10.75";"A";
"63472.8514496";"[BMS] HV Battery Current (Low)";"-5.7999999999999545";"A";
"63472.8877276";"[BMS] HV Battery Current (High)";"-7.5";"A";
"63472.9477843";"[BMS] HV Battery Temperature Sensor 1";"25";"℃";
"63472.9954883";"[BMS] HV Battery Temperature Sensor 2";"25";"℃";
"63473.0564505";"[BMS] HV Battery Temperature Sensor 3";"24";"℃";
"63473.1297811";"[BMS] HV Battery Temperature Sensor 4";"24";"℃";
"63473.1906776";"[BMS] HV Battery Intake Air Temperature";"23";"℃";
"63473.3025999";"[VCM] Traction motor temperature";"36";"℃";
"63473.3875316";"[VCM] HV Coolant Temperature";"24";"℃";
"63473.438458";"[VCM] Target Motor Torque";"42.09375";"N⋅m";
"63473.4954468";"[VCM] Available Motor Maximum Output";"13";"%";
"63473.5550438";"[VCM] Motor RPM";"2464";"rpm";
"63473.5550438";"[VCM] Motor Torque";"0.140625";"N⋅m";
"63473.6093551";"[VCM] Vehicle Speed";"57";"km/h";
"63473.7316755";"Розрахункове значення навантаження на двигун";"44.31372549019608";"%";
"63473.7944623";"Оберти двигуна";"2001";"rpm";
"63473.7944623";"Оберти двигуна x1000";"2";"rpm";
"63473.8644914";"Температура олії у двигуні";"40";"℃";
"63473.946713";"Прискорення";"0.01749505053773295";"g";
"63473.946713";"Пройдений шлях";"1.5321880716944438";"km";
"63473.946713";"Пройдений шлях (Сьогодні)";"1.532188";"km";
"63473.946713";"Пройдений шлях (Тиждень)";"1.532188";"km";
"63473.946713";"Пройдений шлях(загальний)";"1.532188";"km";
"63473.946713";"Середня швидкість";"17.298018356063942";"km/h";
"63473.946713";"Швидкість автомобіля";"57";"km/h";
"63474.0111668";"Розрахунковий наддув";"-0.13";"bar";
"63474.0111668";"Тиск у впускному колекторі (абсолютний)";"86";"kPa";
"63474.1198342";"[BMS] HV State of charge";"59";"%";
"63474.2068093";"[BMS] HV Battery voltage";"360.8";"V";
"63474.2638991";"[BMS] Max Cell Voltage";"3.734";"V";
"63474.3162484";"[BMS] Min Cell Voltage";"3.723";"V";
"63474.3761891";"[BMS] HV Battery Current";"8.100000000000136";"A";
"63474.4277769";"[BMS] HV Battery Current (Low)";"7.800000000000182";"A";
"63474.4968839";"[BMS] HV Battery Current (High)";"10";"A";
"63474.5579999";"[BMS] HV Battery Temperature Sensor 1";"25";"℃";
"63474.6096105";"[BMS] HV Battery Temperature Sensor 2";"25";"℃";
"63474.6629833";"[BMS] HV Battery Temperature Sensor 3";"24";"℃";
"63474.7541984";"[BMS] HV Battery Temperature Sensor 4";"24";"℃";
"63474.8062909";"[BMS] HV Battery Intake Air Temperature";"23";"℃";
"63474.9138383";"[VCM] Traction motor temperature";"36";"℃";
"63474.9668697";"[VCM] HV Coolant Temperature";"24";"℃";
"63475.0453444";"[VCM] Target Motor Torque";"50.5";"N⋅m";
"63475.1314709";"[VCM] Available Motor Maximum Output";"13";"%";
"63475.1926774";"[VCM] Motor RPM";"2880";"rpm";
"63475.1926774";"[VCM] Motor Torque";"0.171875";"N⋅m";
"63475.2444117";"[VCM] Vehicle Speed";"59";"km/h";
"63475.4362952";"Розрахункове значення навантаження на двигун";"44.705882352941174";"%";
"63475.5084423";"Температура охолодної рідини";"55";"℃";
"63475.641865";"Оберти двигуна";"2000";"rpm";
"63475.641865";"Оберти двигуна x1000";"2";"rpm";
"63475.7238233";"Температура олії у двигуні";"40";"℃";
"63475.7799593";"Прискорення";"0.017126907283138867";"g";
"63475.7799593";"Пройдений шлях";"1.5622330137222216";"km";
"63475.7799593";"Пройдений шлях (Сьогодні)";"1.562233";"km";
"63475.7799593";"Пройдений шлях (Тиждень)";"1.562233";"km";
"63475.7799593";"Пройдений шлях(загальний)";"1.562233";"km";
"63475.7799593";"Середня швидкість";"17.536398816338043";"km/h";
"63475.7799593";"Швидкість автомобіля";"59";"km/h";
"63475.8429577";"Розрахунковий наддув";"-0.13";"bar";
"63475.8429577";"Тиск у впускному колекторі (абсолютний)";"86";"kPa";
"63475.9668039";"[BMS] HV State of charge";"59";"%";
"63476.0188403";"[BMS] HV Battery voltage";"357.58";"V";
"63476.072533";"[BMS] Max Cell Voltage";"3.737";"V";
"63476.1479238";"[BMS] Min Cell Voltage";"3.71";"V";
"63476.1999147";"[BMS] HV Battery Current";"-2.699999999999818";"A";
"63476.255298";"[BMS] HV Battery Current (Low)";"-3.199999999999818";"A";
"63476.2909329";"[BMS] HV Battery Current (High)";"-3.6499999999998636";"A";
"63476.3550396";"[BMS] HV Battery Temperature Sensor 1";"25";"℃";
"63476.4511693";"[BMS] HV Battery Temperature Sensor 2";"25";"℃";
"63476.5110084";"[BMS] HV Battery Temperature Sensor 3";"24";"℃";
"63476.5607474";"[BMS] HV Battery Temperature Sensor 4";"24";"℃";
"63476.6043946";"[BMS] HV Battery Intake Air Temperature";"23";"℃";
"63476.7275686";"[VCM] Traction motor temperature";"36";"℃";
"63476.7717232";"[VCM] HV Coolant Temperature";"24";"℃";
"63476.8313348";"[VCM] Target Motor Torque";"45.515625";"N⋅m";
"63476.8873534";"[VCM] Available Motor Maximum Output";"100";"%";
"63476.9710569";"[VCM] Motor RPM";"3296";"rpm";
"63476.9710569";"[VCM] Motor Torque";"0.1875";"N⋅m";
"63477.0244013";"[VCM] Vehicle Speed";"61";"km/h";
"63477.1393916";"Розрахункове значення навантаження на двигун";"44.31372549019608";"%";
"63477.2260706";"Оберти двигуна";"2001";"rpm";
"63477.2260706";"Оберти двигуна x1000";"2";"rpm";
"63477.2838418";"Температура олії у двигуні";"40";"℃";
"63477.3394228";"Прискорення";"0.02136322202111255";"g";
"63477.3394228";"Пройдений шлях";"1.5882238770555548";"km";
"63477.3394228";"Пройдений шлях (Сьогодні)";"1.588224";"km";
"63477.3394228";"Пройдений шлях (Тиждень)";"1.588224";"km";
"63477.3394228";"Пройдений шлях(загальний)";"1.588224";"km";
"63477.3394228";"Середня швидкість";"17.741881022197873";"km/h";
"63477.3394228";"Швидкість автомобіля";"60";"km/h";
"63477.4049024";"Розрахунковий наддув";"-0.13";"bar";
"63477.4049024";"Тиск у впускному колекторі (абсолютний)";"86";"kPa";
"63477.5308914";"[BMS] HV State of charge";"59";"%";
"63477.5915173";"[BMS] HV Battery voltage";"358.38";"V";
"63477.6676819";"[BMS] Max Cell Voltage";"3.711";"V";
"63477.7299815";"[BMS] Min Cell Voltage";"3.704";"V";
"63477.8015409";"[BMS] HV Battery Current";"0.25";"A";
"63477.8628358";"[BMS] HV Battery Current (Low)";"2.050000000000182";"A";
"63477.9119385";"[BMS] HV Battery Current (High)";"3.400000000000091";"A";
"63477.9703127";"[BMS] HV Battery Temperature Sensor 1";"25";"℃";
"63478.0543366";"[BMS] HV Battery Temperature Sensor 2";"25";"℃";
"63478.1173459";"[BMS] HV Battery Temperature Sensor 3";"24";"℃";
"63478.1678317";"[BMS] HV Battery Temperature Sensor 4";"24";"℃";
"63478.224157";"[BMS] HV Battery Intake Air Temperature";"23";"℃";
"63478.3474226";"[VCM] Traction motor temperature";"36";"℃";
"63478.4114381";"[VCM] HV Coolant Temperature";"24";"℃";
"63478.4725395";"[VCM] Target Motor Torque";"-13.6875";"N⋅m";
"63478.51887";"[VCM] Available Motor Maximum Output";"100";"%";
"63478.5951302";"[VCM] Motor RPM";"-1248";"rpm";
"63478.5951302";"[VCM] Motor Torque";"-0.078125";"N⋅m";
"63478.6548836";"[VCM] Vehicle Speed";"61";"km/h";
"63478.7753294";"Розрахункове значення навантаження на двигун";"44.31372549019608";"%";
"63478.8278084";"Температура охолодної рідини";"55";"℃";
"63478.9029024";"Оберти двигуна";"1997";"rpm";
"63478.9029024";"Оберти двигуна x1000";"2";"rpm";
"63478.959748";"Температура олії у двигуні";"40";"℃";
"63479.0192283";"Прискорення";"0.02118803556387053";"g";
"63479.0192283";"Пройдений шлях";"1.616220540388888";"km";
"63479.0192283";"Пройдений шлях (Сьогодні)";"1.616221";"km";
"63479.0192283";"Пройдений шлях (Тиждень)";"1.616221";"km";
"63479.0192283";"Пройдений шлях(загальний)";"1.616221";"km";
"63479.0192283";"Середня швидкість";"17.961007704472465";"km/h";
"63479.0192283";"Швидкість автомобіля";"60";"km/h";
"63479.0743473";"Розрахунковий наддув";"-0.13";"bar";
"63479.0743473";"Тиск у впускному колекторі (абсолютний)";"86";"kPa";
"63479.1851074";"[BMS] HV State of charge";"59";"%";
"63479.2473345";"[BMS] HV Battery voltage";"360.31";"V";
"63479.3094219";"[BMS] Max Cell Voltage";"3.74";"V";
"63479.3639163";"[BMS] Min Cell Voltage";"3.73";"V";
"63479.4471409";"[BMS] HV Battery Current";"42.700000000000045";"A";
"63479.5082973";"[BMS] HV Battery Current (Low)";"-1600";"A";
"63479.5587918";"[BMS] HV Battery Current (High)";"56.15000000000009";"A";
"63479.6122186";"[BMS] HV Battery Temperature Sensor 1";"25";"℃";
"63479.6982921";"[BMS] HV Battery Temperature Sensor 2";"25";"℃";
"63479.7502991";"[BMS] HV Battery Temperature Sensor 3";"24";"℃";
"63479.8114936";"[BMS] HV Battery Temperature Sensor 4";"24";"℃";
"63479.8708179";"[BMS] HV Battery Intake Air Temperature";"23";"℃";
"63479.9793232";"[VCM] Traction motor temperature";"36";"℃";
"63480.043534";"[VCM] HV Coolant Temperature";"24";"℃";
"63480.1089728";"[VCM] Target Motor Torque";"-22.515625";"N⋅m";
"63480.159427";"[VCM] Available Motor Maximum Output";"100";"%";
"63480.2580759";"[VCM] Motor RPM";"-384";"rpm";
"63480.2580759";"[VCM] Motor Torque";"-0.03125";"N⋅m";
"63480.3214138";"[VCM] Vehicle Speed";"59";"km/h";
"63480.4319355";"Розрахункове значення навантаження на двигун";"44.31372549019608";"%";
"63480.4856155";"Оберти двигуна";"2002";"rpm";
"63480.4856155";"Оберти двигуна x1000";"2";"rpm";
"63480.5464421";"Температура олії у двигуні";"41";"℃";
"63480.6206085";"Пройдений шлях";"1.6420223092222215";"km";
"63480.6206085";"Пройдений шлях (Сьогодні)";"1.642023";"km";
"63480.6206085";"Пройдений шлях (Тиждень)";"1.642023";"km";
"63480.6206085";"Пройдений шлях(загальний)";"1.642023";"km";
"63480.6206085";"Середня швидкість";"18.157974478951136";"km/h";
"63480.6206085";"Швидкість автомобіля";"58";"km/h";
"63480.6762746";"Розрахунковий наддув";"-0.13";"bar";
"63480.6762746";"Тиск у впускному колекторі (абсолютний)";"86";"kPa";
"63480.7921998";"[BMS] HV State of charge";"59.5";"%";
"63480.8587174";"[BMS] HV Battery voltage";"367.72";"V";
"63480.9102449";"[BMS] Max Cell Voltage";"3.829";"V";
"63480.9708468";"[BMS] Min Cell Voltage";"3.816";"V";
"63481.0193985";"[BMS] HV Battery Current";"46.350000000000136";"A";
"63481.104819";"[BMS] HV Battery Current (Low)";"7.25";"A";
"63481.1609037";"[BMS] HV Battery Current (High)";"-4.699999999999818";"A";
"63481.2103033";"[BMS] HV Battery Temperature Sensor 1";"25";"℃";
"63481.2743636";"[BMS] HV Battery Temperature Sensor 2";"25";"℃";
"63481.3436112";"[BMS] HV Battery Temperature Sensor 3";"24";"℃";
"63481.407815";"[BMS] HV Battery Temperature Sensor 4";"24";"℃";
"63481.4598894";"[BMS] HV Battery Intake Air Temperature";"23";"℃";
"63481.5789246";"[VCM] Traction motor temperature";"36";"℃";
"63481.6636776";"[VCM] HV Coolant Temperature";"24";"℃";
"63481.7151326";"[VCM] Target Motor Torque";"41.40625";"N⋅m";
"63481.7705288";"[VCM] Available Motor Maximum Output";"13";"%";
"63481.826707";"[VCM] Motor RPM";"2784";"rpm";
"63481.826707";"[VCM] Motor Torque";"0.15625";"N⋅m";
"63481.9047006";"[VCM] Vehicle Speed";"58";"km/h";
"63482.0175925";"Розрахункове значення навантаження на двигун";"44.31372549019608";"%";
"63482.0792051";"Температура охолодної рідини";"56";"℃";
"63482.1350429";"Оберти двигуна";"1999";"rpm";
"63482.1350429";"Оберти двигуна x1000";"2";"rpm";
"63482.195224";"Температура олії у двигуні";"41";"℃";
"63482.2639376";"Прискорення";"-0.0043685294140551134";"g";
"63482.2639376";"Пройдений шлях";"1.668496446277777";"km";
"63482.2639376";"Пройдений шлях (Сьогодні)";"1.668497";"km";
"63482.2639376";"Пройдений шлях (Тиждень)";"1.668497";"km";
"63482.2639376";"Пройдений шлях(загальний)";"1.668497";"km";
"63482.2639376";"Середня швидкість";"18.358069812120352";"km/h";
"63482.2639376";"Швидкість автомобіля";"58";"km/h";
"63482.3426368";"Розрахунковий наддув";"-0.14";"bar";
"63482.3426368";"Тиск у впускному колекторі (абсолютний)";"85";"kPa";
"63482.4787516";"[BMS] HV State of charge";"60";"%";
"63482.5266744";"[BMS] HV Battery voltage";"365.63";"V";
"63482.5940578";"[BMS] Max Cell Voltage";"3.775";"V";
"63482.6539314";"[BMS] Min Cell Voltage";"3.771";"V";
"63482.7188552";"[BMS] HV Battery Current";"33.30000000000018";"A";
"63482.8027194";"[BMS] HV Battery Current (Low)";"29";"A";
"63482.856652";"[BMS] HV Battery Current (High)";"30.75";"A";
"63482.9183791";"[BMS] HV Battery Temperature Sensor 1";"25";"℃";
"63483.003796";"[BMS] HV Battery Temperature Sensor 2";"25";"℃";
"63483.055937";"[BMS] HV Battery Temperature Sensor 3";"24";"℃";
"63483.1070834";"[BMS] HV Battery Temperature Sensor 4";"24";"℃";
"63483.1550948";"[BMS] HV Battery Intake Air Temperature";"23";"℃";
"63483.2997945";"[VCM] Traction motor temperature";"36";"℃";
"63483.3644882";"[VCM] HV Coolant Temperature";"24";"℃";
"63483.4201797";"[VCM] Target Motor Torque";"31.59375";"N⋅m";
"63483.4800784";"[VCM] Available Motor Maximum Output";"100";"%";
"63483.5429974";"[VCM] Motor RPM";"2944";"rpm";
"63483.5429974";"[VCM] Motor Torque";"0.171875";"N⋅m";
"63483.6030941";"[VCM] Vehicle Speed";"58";"km/h";
"63483.7246333";"Розрахункове значення навантаження на двигун";"44.705882352941174";"%";
"63483.7889375";"Оберти двигуна";"2002";"rpm";
"63483.7889375";"Оберти двигуна x1000";"2";"rpm";
"63483.8505943";"Температура олії у двигуні";"41";"℃";
"63483.9144076";"Прискорення";"-0.012924189934844111";"g";
"63483.9144076";"Пройдений шлях";"1.694629701777777";"km";
"63483.9144076";"Пройдений шлях (Сьогодні)";"1.69463";"km";
"63483.9144076";"Пройдений шлях (Тиждень)";"1.69463";"km";
"63483.9144076";"Пройдений шлях(загальний)";"1.69463";"km";
"63483.9144076";"Середня швидкість";"18.552021649774083";"km/h";
"63483.9144076";"Швидкість автомобіля";"57";"km/h";
"63483.9918713";"Розрахунковий наддув";"-0.12";"bar";
"63483.9918713";"Тиск у впускному колекторі (абсолютний)";"87";"kPa";
"63484.132452";"[BMS] HV State of charge";"60";"%";
"63484.1836399";"[BMS] HV Battery voltage";"363.05";"V";
"63484.2475662";"[BMS] Max Cell Voltage";"3.752";"V";
"63484.2967479";"[BMS] Min Cell Voltage";"3.709";"V";
"63484.3832878";"[BMS] HV Battery Current";"-32.94999999999982";"A";
"63484.4353958";"[BMS] HV Battery Current (Low)";"-26.949999999999818";"A";
"63484.4962944";"[BMS] HV Battery Current (High)";"-29.09999999999991";"A";
"63484.5503951";"[BMS] HV Battery Temperature Sensor 1";"25";"℃";
"63484.6048331";"[BMS] HV Battery Temperature Sensor 2";"25";"℃";
"63484.6789407";"[BMS] HV Battery Temperature Sensor 3";"24";"℃";
"63484.7348312";"[BMS] HV Battery Temperature Sensor 4";"24";"℃";
"63484.7948214";"[BMS] HV Battery Intake Air Temperature";"23";"℃";
"63484.9259369";"[VCM] Traction motor temperature";"36";"℃";
"63484.9838351";"[VCM] HV Coolant Temperature";"24";"℃";
"63485.0497371";"[VCM] Target Motor Torque";"48.796875";"N⋅m";
"63485.1078749";"[VCM] Available Motor Maximum Output";"13";"%";
"63485.1639691";"[VCM] Motor RPM";"3392";"rpm";
"63485.1639691";"[VCM] Motor Torque";"0.203125";"N⋅m";
"63485.2273419";"[VCM] Vehicle Speed";"59";"km/h";
"63485.364098";"Розрахункове значення навантаження на двигун";"44.705882352941174";"%";
"63485.4164321";"Температура охолодної рідини";"57";"℃";
"63485.5038217";"Оберти двигуна";"1998";"rpm";
"63485.5038217";"Оберти двигуна x1000";"2";"rpm";
"63485.5558708";"Температура олії у двигуні";"41";"℃";
"63485.6189706";"Пройдений шлях";"1.722565687166666";"km";
"63485.6189706";"Пройдений шлях (Сьогодні)";"1.722566";"km";
"63485.6189706";"Пройдений шлях (Тиждень)";"1.722566";"km";
"63485.6189706";"Пройдений шлях(загальний)";"1.722566";"km";
"63485.6189706";"Середня швидкість";"18.76060510291961";"km/h";
"63485.6189706";"Швидкість автомобіля";"59";"km/h";
"63485.6718831";"Розрахунковий наддув";"-0.12";"bar";
"63485.6718831";"Тиск у впускному колекторі (абсолютний)";"87";"kPa";
"63485.7789399";"[BMS] HV State of charge";"60";"%";
"63485.8350868";"[BMS] HV Battery voltage";"357.58";"V";
"63485.896062";"[BMS] Max Cell Voltage";"3.74";"V";
"63485.9460554";"[BMS] Min Cell Voltage";"3.725";"V";
"63486.0193363";"[BMS] HV Battery Current";"-4.199999999999818";"A";
"63486.0798009";"[BMS] HV Battery Current (Low)";"-7.75";"A";
"63486.1393764";"[BMS] HV Battery Current (High)";"-5.349999999999909";"A";
"63486.1870714";"[BMS] HV Battery Temperature Sensor 1";"25";"℃";
"63486.2468256";"[BMS] HV Battery Temperature Sensor 2";"25";"℃";
"63486.3301797";"[BMS] HV Battery Temperature Sensor 3";"25";"℃";
"63486.3912339";"[BMS] HV Battery Temperature Sensor 4";"24";"℃";
"63486.4468139";"[BMS] HV Battery Intake Air Temperature";"23";"℃";
"63486.5799371";"[VCM] Traction motor temperature";"36";"℃";
"63486.6501412";"[VCM] HV Coolant Temperature";"24";"℃";
"63486.7070702";"[VCM] Target Motor Torque";"45.1875";"N⋅m";
"63486.7698687";"[VCM] Available Motor Maximum Output";"100";"%";
"63486.8479642";"[VCM] Motor RPM";"2880";"rpm";
"63486.8479642";"[VCM] Motor Torque";"0.171875";"N⋅m";
"63486.9067859";"[VCM] Vehicle Speed";"61";"km/h";
"63487.0157268";"Розрахункове значення навантаження на двигун";"44.705882352941174";"%";
"63487.0880312";"Оберти двигуна";"2001";"rpm";
"63487.0880312";"Оберти двигуна x1000";"2";"rpm";
"63487.1598717";"Температура олії у двигуні";"42";"℃";
"63487.2106352";"Пройдений шлях";"1.749535449416666";"km";
"63487.2106352";"Пройдений шлях (Сьогодні)";"1.749536";"km";
"63487.2106352";"Пройдений шлях (Тиждень)";"1.749536";"km";
"63487.2106352";"Пройдений шлях(загальний)";"1.749536";"km";
"63487.2106352";"Середня швидкість";"18.96302341811331";"km/h";
"63487.2106352";"Швидкість автомобіля";"61";"km/h";
"63487.2610904";"Розрахунковий наддув";"-0.13";"bar";
"63487.2610904";"Тиск у впускному колекторі (абсолютний)";"86";"kPa";
"63487.4086578";"[BMS] HV State of charge";"60";"%";
"63487.4717724";"[BMS] HV Battery voltage";"360.31";"V";
"63487.5255508";"[BMS] Max Cell Voltage";"3.762";"V";
"63487.5833577";"[BMS] Min Cell Voltage";"3.752";"V";
"63487.6706917";"[BMS] HV Battery Current";"23.75";"A";
"63487.7313197";"[BMS] HV Battery Current (Low)";"26.600000000000136";"A";
"63487.7920442";"[BMS] HV Battery Current (High)";"29.050000000000182";"A";
"63487.8396085";"[BMS] HV Battery Temperature Sensor 1";"25";"℃";
"63487.8988099";"[BMS] HV Battery Temperature Sensor 2";"25";"℃";
"63487.9810439";"[BMS] HV Battery Temperature Sensor 3";"25";"℃";
"63488.0267548";"[BMS] HV Battery Temperature Sensor 4";"24";"℃";
"63488.0887427";"[BMS] HV Battery Intake Air Temperature";"23";"℃";
"63488.2226303";"[VCM] Traction motor temperature";"36";"℃";
"63488.2752632";"[VCM] HV Coolant Temperature";"24";"℃";
"63488.3290601";"[VCM] Target Motor Torque";"19.296875";"N⋅m";
"63488.3952725";"[VCM] Available Motor Maximum Output";"100";"%";
"63488.4428477";"[VCM] Motor RPM";"1280";"rpm";
"63488.4428477";"[VCM] Motor Torque";"0.078125";"N⋅m";
"63488.5205834";"[VCM] Vehicle Speed";"61";"km/h";
"63488.6359736";"Розрахункове значення навантаження на двигун";"44.705882352941174";"%";
"63488.6869237";"Температура охолодної рідини";"58";"℃";
"63488.7752148";"Оберти двигуна";"1997";"rpm";
"63488.7752148";"Оберти двигуна x1000";"2";"rpm";
"63488.8394942";"Температура олії у двигуні";"42";"℃";
"63488.9022057";"Пройдений шлях";"1.7781971279999993";"km";
"63488.9022057";"Пройдений шлях (Сьогодні)";"1.778198";"km";
"63488.9022057";"Пройдений шлях (Тиждень)";"1.778198";"km";
"63488.9022057";"Пройдений шлях(загальний)";"1.778198";"km";
"63488.9022057";"Середня швидкість";"19.176024560168248";"km/h";
"63488.9022057";"Швидкість автомобіля";"61";"km/h";
"63488.9634444";"Розрахунковий наддув";"-0.13";"bar";
"63488.9634444";"Тиск у впускному колекторі (абсолютний)";"86";"kPa";
"63489.1156856";"[BMS] HV State of charge";"60";"%";
"63489.1784118";"[BMS] HV Battery voltage";"364.98";"V";
"63489.2319378";"[BMS] Max Cell Voltage";"3.807";"V";
"63489.3193509";"[BMS] Min Cell Voltage";"3.797";"V";
"63489.3833068";"[BMS] HV Battery Current";"76.70000000000005";"A";
"63489.4431391";"[BMS] HV Battery Current (Low)";"-1600";"A";
"63489.496754";"[BMS] HV Battery Current (High)";"81.80000000000018";"A";
"63489.5589728";"[BMS] HV Battery Temperature Sensor 1";"25";"℃";
"63489.6245609";"[BMS] HV Battery Temperature Sensor 2";"25";"℃";
"63489.6864184";"[BMS] HV Battery Temperature Sensor 3";"24";"℃";
"63489.7484021";"[BMS] HV Battery Temperature Sensor 4";"24";"℃";
"63489.7946181";"[BMS] HV Battery Intake Air Temperature";"23";"℃";
"63489.9266696";"[VCM] Traction motor temperature";"36";"℃";
"63489.9875592";"[VCM] HV Coolant Temperature";"25";"℃";
"63490.0422744";"[VCM] Target Motor Torque";"39.6875";"N⋅m";
"63490.1518497";"[VCM] Available Motor Maximum Output";"13";"%";
"63490.2083019";"[VCM] Motor RPM";"2432";"rpm";
"63490.2083019";"[VCM] Motor Torque";"0.140625";"N⋅m";
"63490.2704535";"[VCM] Vehicle Speed";"60";"km/h";
"63490.3752442";"Розрахункове значення навантаження на двигун";"44.705882352941174";"%";
"63490.4514413";"Оберти двигуна";"2001";"rpm";
"63490.4514413";"Оберти двигуна x1000";"2";"rpm";
"63490.5119273";"Температура олії у двигуні";"42";"℃";
"63490.5677668";"Пройдений шлях";"1.8059564913333326";"km";
"63490.5677668";"Пройдений шлях (Сьогодні)";"1.805957";"km";
"63490.5677668";"Пройдений шлях (Тиждень)";"1.805957";"km";
"63490.5677668";"Пройдений шлях(загальний)";"1.805957";"km";
"63490.5677668";"Середня швидкість";"19.378695178825346";"km/h";
"63490.5677668";"Швидкість автомобіля";"60";"km/h";
"63490.6319247";"Розрахунковий наддув";"-0.13";"bar";
"63490.6319247";"Тиск у впускному колекторі (абсолютний)";"86";"kPa";
"63490.7446639";"[BMS] HV State of charge";"60.5";"%";
"63490.8036721";"[BMS] HV Battery voltage";"365.95";"V";
"63490.8544749";"[BMS] Max Cell Voltage";"3.783";"V";
"63490.9180357";"[BMS] Min Cell Voltage";"3.792";"V";
"63491.0033057";"[BMS] HV Battery Current";"58.5";"A";
"63491.0513116";"[BMS] HV Battery Current (Low)";"-1600";"A";
"63491.1194964";"[BMS] HV Battery Current (High)";"76.25";"A";
"63491.1760901";"[BMS] HV Battery Temperature Sensor 1";"25";"℃";
"63491.2528121";"[BMS] HV Battery Temperature Sensor 2";"25";"℃";
"63491.314474";"[BMS] HV Battery Temperature Sensor 3";"25";"℃";
"63491.3744965";"[BMS] HV Battery Temperature Sensor 4";"24";"℃";
"63491.430777";"[BMS] HV Battery Intake Air Temperature";"23";"℃";
"63491.5878665";"[VCM] Traction motor temperature";"36";"℃";
"63491.6395376";"[VCM] HV Coolant Temperature";"25";"℃";
"63491.6988649";"[VCM] Target Motor Torque";"-23.125";"N⋅m";
"63491.7620407";"[VCM] Available Motor Maximum Output";"100";"%";
"63491.8352487";"[VCM] Motor RPM";"-1632";"rpm";
"63491.8352487";"[VCM] Motor Torque";"-0.109375";"N⋅m";
"63491.8870727";"[VCM] Vehicle Speed";"58";"km/h";
"63492.018285";"Розрахункове значення навантаження на двигун";"44.705882352941174";"%";
"63492.099649";"Температура охолодної рідини";"59";"℃";
"63492.152019";"Оберти двигуна";"1997";"rpm";
"63492.152019";"Оберти двигуна x1000";"2";"rpm";
"63492.2100357";"Температура олії у двигуні";"42";"℃";
"63492.2633505";"Прискорення";"-0.008526138115762468";"g";
"63492.2633505";"Пройдений шлях";"1.8328032728333326";"km";
"63492.2633505";"Пройдений шлях (Сьогодні)";"1.832804";"km";
"63492.2633505";"Пройдений шлях (Тиждень)";"1.832804";"km";
"63492.2633505";"Пройдений шлях(загальний)";"1.832804";"km";
"63492.2633505";"Середня швидкість";"19.567876860488504";"km/h";
"63492.2633505";"Швидкість автомобіля";"57";"km/h";
"63492.3467202";"Розрахунковий наддув";"-0.13";"bar";
"63492.3467202";"Тиск у впускному колекторі (абсолютний)";"86";"kPa";
"63492.4348251";"[BMS] HV State of charge";"61";"%";
"63492.4959129";"[BMS] HV Battery voltage";"373.03000000000003";"V";
"63492.5521891";"[BMS] Max Cell Voltage";"3.867";"V";
"63492.6319522";"[BMS] Min Cell Voltage";"3.853";"V";
"63492.6843227";"[BMS] HV Battery Current";"84.80000000000018";"A";
"63492.739576";"[BMS] HV Battery Current (Low)";"-1600";"A";
"63492.7956769";"[BMS] HV Battery Current (High)";"86.5";"A";
"63492.8609025";"[BMS] HV Battery Temperature Sensor 1";"25";"℃";
"63492.9241651";"[BMS] HV Battery Temperature Sensor 2";"25";"℃";
"63492.9759379";"[BMS] HV Battery Temperature Sensor 3";"25";"℃";
"63493.0429515";"[BMS] HV Battery Temperature Sensor 4";"24";"℃";
"63493.094752";"[BMS] HV Battery Intake Air Temperature";"23";"℃";
"63493.2355759";"[VCM] Traction motor temperature";"36";"℃";
"63493.2992741";"[VCM] HV Coolant Temperature";"25";"℃";
"63493.3475887";"[VCM] Target Motor Torque";"51.1875";"N⋅m";
"63493.4238437";"[VCM] Available Motor Maximum Output";"13";"%";
"63493.4767574";"[VCM] Motor RPM";"2752";"rpm";
"63493.4767574";"[VCM] Motor Torque";"0.15625";"N⋅m";
"63493.5414584";"[VCM] Vehicle Speed";"56";"km/h";
"63493.6586866";"Розрахункове значення навантаження на двигун";"41.568627450980394";"%";
"63493.7237611";"Оберти двигуна";"1995";"rpm";
"63493.7237611";"Оберти двигуна x1000";"2";"rpm";
"63493.7843337";"Температура олії у двигуні";"43";"℃";
"63493.8468394";"Прискорення";"-0.025609926554548763";"g";
"63493.8468394";"Пройдений шлях";"1.856995391027777";"km";
"63493.8468394";"Пройдений шлях (Сьогодні)";"1.856996";"km";
"63493.8468394";"Пройдений шлях (Тиждень)";"1.856996";"km";
"63493.8468394";"Пройдений шлях(загальний)";"1.856996";"km";
"63493.8468394";"Середня швидкість";"19.73349256381489";"km/h";
"63493.8468394";"Швидкість автомобіля";"55";"km/h";
"63493.9192651";"Розрахунковий наддув";"-0.05";"bar";
"63493.9192651";"Тиск у впускному колекторі (абсолютний)";"94";"kPa";
"63494.0679036";"[BMS] HV State of charge";"61.5";"%";
"63494.1190144";"[BMS] HV Battery voltage";"366.11";"V";
"63494.1819496";"[BMS] Max Cell Voltage";"3.801";"V";
"63494.2347387";"[BMS] Min Cell Voltage";"3.816";"V";
"63494.3242057";"[BMS] HV Battery Current";"63.850000000000136";"A";
"63494.3793395";"[BMS] HV Battery Current (Low)";"-1600";"A";
"63494.4363691";"[BMS] HV Battery Current (High)";"70.25";"A";
"63494.497969";"[BMS] HV Battery Temperature Sensor 1";"25";"℃";
"63494.6026481";"[BMS] HV Battery Temperature Sensor 2";"25";"℃";
"63494.6576689";"[BMS] HV Battery Temperature Sensor 3";"25";"℃";
"63494.7117226";"[BMS] HV Battery Temperature Sensor 4";"24";"℃";
"63494.7702533";"[BMS] HV Battery Intake Air Temperature";"23";"℃";
"63494.9112771";"[VCM] Traction motor temperature";"36";"℃";
"63494.9625489";"[VCM] HV Coolant Temperature";"25";"℃";
"63495.0247649";"[VCM] Target Motor Torque";"20.375";"N⋅m";
"63495.1057272";"[VCM] Available Motor Maximum Output";"100";"%";
"63495.1573406";"[VCM] Motor RPM";"2816";"rpm";
"63495.1573406";"[VCM] Motor Torque";"0.171875";"N⋅m";
"63495.2101381";"[VCM] Vehicle Speed";"55";"km/h";
"63495.3238276";"Розрахункове значення навантаження на двигун";"39.6078431372549";"%";
"63495.4001911";"Температура охолодної рідини";"60";"℃";
"63495.4636684";"Оберти двигуна";"2000";"rpm";
"63495.4636684";"Оберти двигуна x1000";"2";"rpm";
"63495.5205733";"Температура олії у двигуні";"43";"℃";
"63495.5833495";"Прискорення";"-0.02967727659498753";"g";
"63495.5833495";"Пройдений шлях";"1.883043063527777";"km";
"63495.5833495";"Пройдений шлях (Сьогодні)";"1.883044";"km";
"63495.5833495";"Пройдений шлях (Тиждень)";"1.883044";"km";
"63495.5833495";"Пройдений шлях(загальний)";"1.883044";"km";
"63495.5833495";"Середня швидкість";"19.90824276351917";"km/h";
"63495.5833495";"Швидкість автомобіля";"54";"km/h";
"63495.6573395";"Розрахунковий наддув";"-0.02";"bar";
"63495.6573395";"Тиск у впускному колекторі (абсолютний)";"97";"kPa";
"63495.7791137";"[BMS] HV State of charge";"62";"%";
"63495.8359416";"[BMS] HV Battery voltage";"360.31";"V";
"63495.9239357";"[BMS] Max Cell Voltage";"3.745";"V";
"63495.9865452";"[BMS] Min Cell Voltage";"3.735";"V";
"63496.0438679";"[BMS] HV Battery Current";"-15.75";"A";
"63496.0965287";"[BMS] HV Battery Current (Low)";"-11.599999999999909";"A";
"63496.1469";"[BMS] HV Battery Current (High)";"-13.049999999999955";"A";
"63496.2205407";"[BMS] HV Battery Temperature Sensor 1";"25";"℃";
"63496.274257";"[BMS] HV Battery Temperature Sensor 2";"25";"℃";
"63496.3452641";"[BMS] HV Battery Temperature Sensor 3";"25";"℃";
"63496.4083903";"[BMS] HV Battery Temperature Sensor 4";"24";"℃";
"63496.4760208";"[BMS] HV Battery Intake Air Temperature";"23";"℃";
"63496.5900072";"[VCM] Traction motor temperature";"36";"℃";
"63496.643139";"[VCM] HV Coolant Temperature";"25";"℃";
"63496.707557";"[VCM] Target Motor Torque";"43.671875";"N⋅m";
"63496.7808627";"[VCM] Available Motor Maximum Output";"13";"%";
"63496.8588318";"[VCM] Motor RPM";"2816";"rpm";
"63496.8588318";"[VCM] Motor Torque";"0.171875";"N⋅m";
"63496.9108184";"[VCM] Vehicle Speed";"57";"km/h";
"63497.0640625";"Розрахункове значення навантаження на двигун";"40";"%";
"63497.1276207";"Оберти двигуна";"1998";"rpm";
"63497.1276207";"Оберти двигуна x1000";"2";"rpm";
"63497.1757362";"Температура олії у двигуні";"43";"℃";
"63497.2469988";"Пройдений шлях";"1.909384316777777";"km";
"63497.2469988";"Пройдений шлях (Сьогодні)";"1.909385";"km";
"63497.2469988";"Пройдений шлях (Тиждень)";"1.909385";"km";
"63497.2469988";"Пройдений шлях(загальний)";"1.909385";"km";
"63497.2469988";"Середня швидкість";"20.088583965663727";"km/h";
"63497.2469988";"Швидкість автомобіля";"57";"km/h";
"63497.3302495";"Розрахунковий наддув";"-0.01";"bar";
"63497.3302495";"Тиск у впускному колекторі (абсолютний)";"98";"kPa";
"63497.4512112";"[BMS] HV State of charge";"62";"%";
"63497.4987141";"[BMS] HV Battery voltage";"372.55";"V";
"63497.5762594";"[BMS] Max Cell Voltage";"3.855";"V";
"63497.6389414";"[BMS] Min Cell Voltage";"3.842";"V";
"63497.6913677";"[BMS] HV Battery Current";"80.95000000000005";"A";
"63497.753399";"[BMS] HV Battery Current (Low)";"-1600";"A";
"63497.8034852";"[BMS] HV Battery Current (High)";"57.05000000000018";"A";
"63497.8759561";"[BMS] HV Battery Temperature Sensor 1";"25";"℃";
"63497.9269558";"[BMS] HV Battery Temperature Sensor 2";"25";"℃";
"63497.9889256";"[BMS] HV Battery Temperature Sensor 3";"25";"℃";
"63498.0509109";"[BMS] HV Battery Temperature Sensor 4";"24";"℃";
"63498.1397433";"[BMS] HV Battery Intake Air Temperature";"23";"℃";
"63498.2398306";"[VCM] Traction motor temperature";"36";"℃";
"63498.3064257";"[VCM] HV Coolant Temperature";"25";"℃";
"63498.3667472";"[VCM] Target Motor Torque";"-11.0625";"N⋅m";
"63498.4595263";"[VCM] Available Motor Maximum Output";"100";"%";
"63498.5343034";"[VCM] Motor RPM";"-576";"rpm";
"63498.5343034";"[VCM] Motor Torque";"-0.046875";"N⋅m";
"63498.6348265";"[VCM] Vehicle Speed";"56";"km/h";
"63498.7633131";"Розрахункове значення навантаження на двигун";"40";"%";
"63498.8124473";"Температура охолодної рідини";"61";"℃";
"63498.8632926";"Оберти двигуна";"2000";"rpm";
"63498.8632926";"Оберти двигуна x1000";"2";"rpm";
"63498.9631997";"Температура олії у двигуні";"43";"℃";
"63498.9995989";"Пройдений шлях";"1.936159913305555";"km";
"63498.9995989";"Пройдений шлях (Сьогодні)";"1.936161";"km";
"63498.9995989";"Пройдений шлях (Тиждень)";"1.936161";"km";
"63498.9995989";"Пройдений шлях(загальний)";"1.936161";"km";
"63498.9995989";"Середня швидкість";"20.266486101130244";"km/h";
"63498.9995989";"Швидкість автомобіля";"55";"km/h";
"63499.0636167";"Розрахунковий наддув";"-0.01";"bar";
"63499.0636167";"Тиск у впускному колекторі (абсолютний)";"98";"kPa";
"63499.172066";"[BMS] HV State of charge";"62.5";"%";
"63499.2442616";"[BMS] HV Battery voltage";"364.02";"V";
"63499.3081564";"[BMS] Max Cell Voltage";"3.792";"V";
"63499.3664786";"[BMS] Min Cell Voltage";"3.78";"V";
"63499.4224007";"[BMS] HV Battery Current";"6.050000000000182";"A";
"63499.5075157";"[BMS] HV Battery Current (Low)";"10.600000000000136";"A";
"63499.5721387";"[BMS] HV Battery Current (High)";"22.850000000000136";"A";
"63499.6263563";"[BMS] HV Battery Temperature Sensor 1";"25";"℃";
"63499.6744479";"[BMS] HV Battery Temperature Sensor 2";"25";"℃";
"63499.7377507";"[BMS] HV Battery Temperature Sensor 3";"25";"℃";
"63499.7979939";"[BMS] HV Battery Temperature Sensor 4";"24";"℃";
"63499.8517678";"[BMS] HV Battery Intake Air Temperature";"23";"℃";
"63499.9715048";"[VCM] Traction motor temperature";"36";"℃";
"63500.0433128";"[VCM] HV Coolant Temperature";"25";"℃";
"63500.1085007";"[VCM] Target Motor Torque";"-20.609375";"N⋅m";
"63500.1623837";"[VCM] Available Motor Maximum Output";"100";"%";
"63500.223815";"[VCM] Motor RPM";"-1312";"rpm";
"63500.223815";"[VCM] Motor Torque";"-0.09375";"N⋅m";
"63500.2765594";"[VCM] Vehicle Speed";"55";"km/h";
"63500.4033259";"Розрахункове значення навантаження на двигун";"40.3921568627451";"%";
"63500.4672023";"Оберти двигуна";"2000";"rpm";
"63500.4672023";"Оберти двигуна x1000";"2";"rpm";
"63500.5183509";"Температура олії у двигуні";"44";"℃";
"63500.6019438";"Пройдений шлях";"1.9606403246944437";"km";
"63500.6019438";"Пройдений шлях (Сьогодні)";"1.960641";"km";
"63500.6019438";"Пройдений шлях (Тиждень)";"1.960641";"km";
"63500.6019438";"Пройдений шлях(загальний)";"1.960641";"km";
"63500.6019438";"Середня швидкість";"20.42755930368012";"km/h";
"63500.6019438";"Швидкість автомобіля";"55";"km/h";
"63500.6634075";"Розрахунковий наддув";"-0.01";"bar";
"63500.6634075";"Тиск у впускному колекторі (абсолютний)";"98";"kPa";
"63500.7944965";"[BMS] HV State of charge";"63";"%";
"63500.8774415";"[BMS] HV Battery voltage";"368.52";"V";
"63500.9318062";"[BMS] Max Cell Voltage";"3.819";"V";
"63500.986016";"[BMS] Min Cell Voltage";"3.806";"V";
"63501.0473304";"[BMS] HV Battery Current";"19.15000000000009";"A";
"63501.1037545";"[BMS] HV Battery Current (Low)";"15.550000000000182";"A";
"63501.1703269";"[BMS] HV Battery Current (High)";"14.300000000000182";"A";
"63501.2308286";"[BMS] HV Battery Temperature Sensor 1";"25";"℃";
"63501.2904475";"[BMS] HV Battery Temperature Sensor 2";"25";"℃";
"63501.3396783";"[BMS] HV Battery Temperature Sensor 3";"25";"℃";
"63501.4323947";"[BMS] HV Battery Temperature Sensor 4";"24";"℃";
"63501.4827447";"[BMS] HV Battery Intake Air Temperature";"23";"℃";
"63501.6029076";"[VCM] Traction motor temperature";"36";"℃";
"63501.6513115";"[VCM] HV Coolant Temperature";"25";"℃";
"63501.7269096";"[VCM] Target Motor Torque";"67.640625";"N⋅m";
"63501.7759189";"[VCM] Available Motor Maximum Output";"13";"%";
"63501.8156324";"[VCM] Motor RPM";"4288";"rpm";
"63501.8156324";"[VCM] Motor Torque";"0.25";"N⋅m";
"63501.8670127";"[VCM] Vehicle Speed";"56";"km/h";
"63502.0154214";"Розрахункове значення навантаження на двигун";"40.3921568627451";"%";
"63502.0552543";"Температура охолодної рідини";"62";"℃";
"63502.1309626";"Оберти двигуна";"2001";"rpm";
"63502.1309626";"Оберти двигуна x1000";"2";"rpm";
"63502.1837454";"Температура олії у двигуні";"44";"℃";
"63502.2742723";"Пройдений шлях";"1.986655092027777";"km";
"63502.2742723";"Пройдений шлях (Сьогодні)";"1.986656";"km";
"63502.2742723";"Пройдений шлях (Тиждень)";"1.986656";"km";
"63502.2742723";"Пройдений шлях(загальний)";"1.986656";"km";
"63502.2742723";"Середня швидкість";"20.598902629752907";"km/h";
"63502.2742723";"Швидкість автомобіля";"56";"km/h";
"63502.3295954";"Розрахунковий наддув";"0";"bar";
"63502.3295954";"Тиск у впускному колекторі (абсолютний)";"99";"kPa";
"63502.4397574";"[BMS] HV State of charge";"63";"%";
"63502.5226227";"[BMS] HV Battery voltage";"361.6";"V";
"63502.5827129";"[BMS] Max Cell Voltage";"3.748";"V";
"63502.6365506";"[BMS] Min Cell Voltage";"3.74";"V";
"63502.6979564";"[BMS] HV Battery Current";"-17.75";"A";
"63502.7592926";"[BMS] HV Battery Current (Low)";"-13.25";"A";
"63502.8343725";"[BMS] HV Battery Current (High)";"-15";"A";
"63502.8866989";"[BMS] HV Battery Temperature Sensor 1";"25";"℃";
"63502.9401897";"[BMS] HV Battery Temperature Sensor 2";"25";"℃";
"63502.991375";"[BMS] HV Battery Temperature Sensor 3";"25";"℃";
"63503.068368";"[BMS] HV Battery Temperature Sensor 4";"24";"℃";
"63503.1372015";"[BMS] HV Battery Intake Air Temperature";"23";"℃";
"63503.2636293";"[VCM] Traction motor temperature";"36";"℃";
"63503.3476588";"[VCM] HV Coolant Temperature";"25";"℃";
"63503.3982098";"[VCM] Target Motor Torque";"52.921875";"N⋅m";
"63503.4518804";"[VCM] Available Motor Maximum Output";"13";"%";
"63503.5033834";"[VCM] Motor RPM";"3328";"rpm";
"63503.5033834";"[VCM] Motor Torque";"0.203125";"N⋅m";
"63503.5681715";"[VCM] Vehicle Speed";"59";"km/h";
"63503.6778826";"Розрахункове значення навантаження на двигун";"40.78431372549019";"%";
"63503.7499344";"Оберти двигуна";"1999";"rpm";
"63503.7499344";"Оберти двигуна x1000";"2";"rpm";
"63503.8049621";"Температура олії у двигуні";"44";"℃";
"63503.846948";"Пройдений шлях";"2.012428922444444";"km";
"63503.846948";"Пройдений шлях (Сьогодні)";"2.01243";"km";
"63503.846948";"Пройдений шлях (Тиждень)";"2.01243";"km";
"63503.846948";"Пройдений шлях(загальний)";"2.01243";"km";
"63503.846948";"Середня швидкість";"20.772055427307414";"km/h";
"63503.846948";"Швидкість автомобіля";"59";"km/h";
"63503.9313139";"Розрахунковий наддув";"0";"bar";
"63503.9313139";"Тиск у впускному колекторі (абсолютний)";"99";"kPa";
"63504.0513473";"[BMS] HV State of charge";"62.5";"%";
"63504.1084877";"[BMS] HV Battery voltage";"360.31";"V";
"63504.1717007";"[BMS] Max Cell Voltage";"3.757";"V";
"63504.2270097";"[BMS] Min Cell Voltage";"3.743";"V";
"63504.2860225";"[BMS] HV Battery Current";"-7.2999999999999545";"A";
"63504.3475286";"[BMS] HV Battery Current (Low)";"-9.5";"A";
"63504.4029327";"[BMS] HV Battery Current (High)";"-6";"A";
"63504.4754305";"[BMS] HV Battery Temperature Sensor 1";"25";"℃";
"63504.5396333";"[BMS] HV Battery Temperature Sensor 2";"25";"℃";
"63504.5944321";"[BMS] HV Battery Temperature Sensor 3";"25";"℃";
"63504.6472119";"[BMS] HV Battery Temperature Sensor 4";"24";"℃";
"63504.7306654";"[BMS] HV Battery Intake Air Temperature";"23";"℃";
"63504.8345777";"[VCM] Traction motor temperature";"36";"℃";
"63504.8940149";"[VCM] HV Coolant Temperature";"25";"℃";
"63504.9474728";"[VCM] Target Motor Torque";"70.671875";"N⋅m";
"63505.028017";"[VCM] Available Motor Maximum Output";"13";"%";
"63505.080814";"[VCM] Motor RPM";"5408";"rpm";
"63505.080814";"[VCM] Motor Torque";"0.328125";"N⋅m";
"63505.1433678";"[VCM] Vehicle Speed";"61";"km/h";
"63505.2913653";"Розрахункове значення навантаження на двигун";"41.1764705882353";"%";
"63505.3449425";"Температура охолодної рідини";"63";"℃";
"63505.3996354";"Оберти двигуна";"2012";"rpm";
"63505.3996354";"Оберти двигуна x1000";"2";"rpm";
"63505.459017";"Температура олії у двигуні";"45";"℃";
"63505.5500568";"Прискорення";"0.02594516364466491";"g";
"63505.5500568";"Пройдений шлях";"2.0412908419999996";"km";
"63505.5500568";"Пройдений шлях (Сьогодні)";"2.041292";"km";
"63505.5500568";"Пройдений шлях (Тиждень)";"2.041292";"km";
"63505.5500568";"Пройдений шлях(загальний)";"2.041292";"km";
"63505.5500568";"Середня швидкість";"20.967564229439606";"km/h";
"63505.5500568";"Швидкість автомобіля";"61";"km/h";
"63505.6351512";"Розрахунковий наддув";"0.04";"bar";
"63505.6351512";"Тиск у впускному колекторі (абсолютний)";"103";"kPa";
"63505.74443";"[BMS] HV State of charge";"62.5";"%";
"63505.8514817";"[BMS] HV Battery voltage";"364.98";"V";
"63505.9058074";"[BMS] Max Cell Voltage";"3.83";"V";
"63505.9708777";"[BMS] Min Cell Voltage";"3.817";"V";
"63506.0244775";"[BMS] HV Battery Current";"75.20000000000005";"A";
"63506.0996834";"[BMS] HV Battery Current (Low)";"-1600";"A";
"63506.1622686";"[BMS] HV Battery Current (High)";"82.05000000000018";"A";
"63506.2206839";"[BMS] HV Battery Temperature Sensor 1";"25";"℃";
"63506.2755415";"[BMS] HV Battery Temperature Sensor 2";"25";"℃";
"63506.3315555";"[BMS] HV Battery Temperature Sensor 3";"25";"℃";
"63506.4037111";"[BMS] HV Battery Temperature Sensor 4";"24";"℃";
"63506.4635118";"[BMS] HV Battery Intake Air Temperature";"23";"℃";
"63506.5546201";"[VCM] Traction motor temperature";"36";"℃";
"63506.61614";"[VCM] HV Coolant Temperature";"25";"℃";
"63506.6834534";"[VCM] Target Motor Torque";"-23.265625";"N⋅m";
"63506.7430321";"[VCM] Available Motor Maximum Output";"13";"%";
"63506.7912084";"[VCM] Motor RPM";"-1472";"rpm";
"63506.7912084";"[VCM] Motor Torque";"-0.09375";"N⋅m";
"63506.8553257";"[VCM] Vehicle Speed";"61";"km/h";
"63506.9883528";"Розрахункове значення навантаження на двигун";"40.78431372549019";"%";
"63507.0432319";"Оберти двигуна";"1998";"rpm";
"63507.0432319";"Оберти двигуна x1000";"2";"rpm";
"63507.0908007";"Температура олії у двигуні";"45";"℃";
"63507.1905304";"Пройдений шлях";"2.0686292719999995";"km";
"63507.1905304";"Пройдений шлях (Сьогодні)";"2.06863";"km";
"63507.1905304";"Пройдений шлях (Тиждень)";"2.06863";"km";
"63507.1905304";"Пройдений шлях(загальний)";"2.06863";"km";
"63507.1905304";"Середня швидкість";"21.149393258784222";"km/h";
"63507.1905304";"Швидкість автомобіля";"60";"km/h";
"63507.2321575";"Розрахунковий наддув";"0.01";"bar";
"63507.2321575";"Тиск у впускному колекторі (абсолютний)";"100";"kPa";
"63507.3500762";"[BMS] HV State of charge";"63";"%";
"63507.4069518";"[BMS] HV Battery voltage";"372.39";"V";
"63507.4758924";"[BMS] Max Cell Voltage";"3.882";"V";
"63507.5393708";"[BMS] Min Cell Voltage";"3.869";"V";
"63507.5992625";"[BMS] HV Battery Current";"58.100000000000136";"A";
"63507.6507168";"[BMS] HV Battery Current (Low)";"-1600";"A";
"63507.7043222";"[BMS] HV Battery Current (High)";"9.150000000000091";"A";
"63507.7799546";"[BMS] HV Battery Temperature Sensor 1";"25";"℃";
"63507.8235828";"[BMS] HV Battery Temperature Sensor 2";"25";"℃";
"63507.8722544";"[BMS] HV Battery Temperature Sensor 3";"25";"℃";
"63507.959";"[BMS] HV Battery Temperature Sensor 4";"24";"℃";
"63508.0228819";"[BMS] HV Battery Intake Air Temperature";"23";"℃";
"63508.144091";"[VCM] Traction motor temperature";"36";"℃";
"63508.1991815";"[VCM] HV Coolant Temperature";"25";"℃";
"63508.2560078";"[VCM] Target Motor Torque";"42.15625";"N⋅m";
"63508.3185173";"[VCM] Available Motor Maximum Output";"100";"%";
"63508.3786191";"[VCM] Motor RPM";"2208";"rpm";
"63508.3786191";"[VCM] Motor Torque";"0.125";"N⋅m";
"63508.4350589";"[VCM] Vehicle Speed";"60";"km/h";
"63508.5763778";"Розрахункове значення навантаження на двигун";"40.78431372549019";"%";
"63508.6286547";"Температура охолодної рідини";"65";"℃";
"63508.6836127";"Оберти двигуна";"2000";"rpm";
"63508.6836127";"Оберти двигуна x1000";"2";"rpm";
"63508.7395847";"Температура олії у двигуні";"45";"℃";
"63508.8021122";"Пройдений шлях";"2.0950401057499994";"km";
"63508.8021122";"Пройдений шлях (Сьогодні)";"2.095041";"km";
"63508.8021122";"Пройдений шлях (Тиждень)";"2.095041";"km";
"63508.8021122";"Пройдений шлях(загальний)";"2.095041";"km";
"63508.8021122";"Середня швидкість";"21.321832111059564";"km/h";
"63508.8021122";"Швидкість автомобіля";"59";"km/h";
"63508.8830113";"Розрахунковий наддув";"0";"bar";
"63508.8830113";"Тиск у впускному колекторі (абсолютний)";"99";"kPa";
"63508.9874919";"[BMS] HV State of charge";"63.5";"%";
"63509.0560466";"[BMS] HV Battery voltage";"366.43";"V";
"63509.1325875";"[BMS] Max Cell Voltage";"3.795";"V";
"63509.1837162";"[BMS] Min Cell Voltage";"3.784";"V";
"63509.2348776";"[BMS] HV Battery Current";"11.850000000000136";"A";
"63509.2962729";"[BMS] HV Battery Current (Low)";"11.900000000000091";"A";
"63509.3467299";"[BMS] HV Battery Current (High)";"12.150000000000091";"A";
"63509.422825";"[BMS] HV Battery Temperature Sensor 1";"25";"℃";
"63509.4838981";"[BMS] HV Battery Temperature Sensor 2";"25";"℃";
"63509.5437254";"[BMS] HV Battery Temperature Sensor 3";"25";"℃";
"63509.5959798";"[BMS] HV Battery Temperature Sensor 4";"24";"℃";
"63509.6999252";"[BMS] HV Battery Intake Air Temperature";"23";"℃";
"63509.8163805";"[VCM] Traction motor temperature";"37";"℃";
"63509.8676134";"[VCM] HV Coolant Temperature";"25";"℃";
"63509.9558163";"[VCM] Target Motor Torque";"22.484375";"N⋅m";
"63510.0071849";"[VCM] Available Motor Maximum Output";"100";"%";
"63510.0616048";"[VCM] Motor RPM";"1728";"rpm";
"63510.0616048";"[VCM] Motor Torque";"0.09375";"N⋅m";
"63510.1156172";"[VCM] Vehicle Speed";"61";"km/h";
"63510.2516712";"Розрахункове значення навантаження на двигун";"41.1764705882353";"%";
"63510.3155696";"Оберти двигуна";"2002";"rpm";
"63510.3155696";"Оберти двигуна x1000";"2";"rpm";
"63510.3773582";"Температура олії у двигуні";"46";"℃";
"63510.428437";"Пройдений шлях";"2.1225979571388884";"km";
"63510.428437";"Пройдений шлях (Сьогодні)";"2.122599";"km";
"63510.428437";"Пройдений шлях (Тиждень)";"2.122599";"km";
"63510.428437";"Пройдений шлях(загальний)";"2.122599";"km";
"63510.428437";"Середня швидкість";"21.50342845297964";"km/h";
"63510.428437";"Швидкість автомобіля";"61";"km/h";
"63510.5292509";"Розрахунковий наддув";"0.05";"bar";
"63510.5292509";"Тиск у впускному колекторі (абсолютний)";"104";"kPa";
"63510.645182";"[BMS] HV State of charge";"63.5";"%";
"63510.696843";"[BMS] HV Battery voltage";"353.71";"V";
"63510.7800569";"[BMS] Max Cell Voltage";"3.7";"V";
"63510.8299918";"[BMS] Min Cell Voltage";"3.699";"V";
"63510.8909861";"[BMS] HV Battery Current";"-38.25";"A";
"63510.9759072";"[BMS] HV Battery Current (Low)";"-26.149999999999864";"A";
"63511.0513698";"[BMS] HV Battery Current (High)";"-22.649999999999864";"A";
"63511.106582";"[BMS] HV Battery Temperature Sensor 1";"25";"℃";
"63511.162045";"[BMS] HV Battery Temperature Sensor 2";"25";"℃";
"63511.2278944";"[BMS] HV Battery Temperature Sensor 3";"25";"℃";
"63511.2749791";"[BMS] HV Battery Temperature Sensor 4";"24";"℃";
"63511.3508988";"[BMS] HV Battery Intake Air Temperature";"23";"℃";
"63511.468387";"[VCM] Traction motor temperature";"37";"℃";
"63511.5197452";"[VCM] HV Coolant Temperature";"25";"℃";
"63511.6084632";"[VCM] Target Motor Torque";"48.609375";"N⋅m";
"63511.6506616";"[VCM] Available Motor Maximum Output";"100";"%";
"63511.6980244";"[VCM] Motor RPM";"3520";"rpm";
"63511.6980244";"[VCM] Motor Torque";"0.203125";"N⋅m";
"63511.7546374";"[VCM] Vehicle Speed";"64";"km/h";
"63511.9027641";"Розрахункове значення навантаження на двигун";"41.96078431372549";"%";
"63511.9590855";"Температура охолодної рідини";"66";"℃";
"63512.0124963";"Оберти двигуна";"1997";"rpm";
"63512.0124963";"Оберти двигуна x1000";"2";"rpm";
"63512.0758126";"Температура олії у двигуні";"46";"℃";
"63512.1459892";"Пройдений шлях";"2.153131466472222";"km";
"63512.1459892";"Пройдений шлях (Сьогодні)";"2.153133";"km";
"63512.1459892";"Пройдений шлях (Тиждень)";"2.153133";"km";
"63512.1459892";"Пройдений шлях(загальний)";"2.153133";"km";
"63512.1459892";"Середня швидкість";"21.70783585749778";"km/h";
"63512.1459892";"Швидкість автомобіля";"64";"km/h";
"63512.2258522";"Розрахунковий наддув";"0.02";"bar";
"63512.2258522";"Тиск у впускному колекторі (абсолютний)";"101";"kPa";
"63512.3357574";"[BMS] HV State of charge";"63";"%";
"63512.4236567";"[BMS] HV Battery voltage";"361.12";"V";
"63512.4884695";"[BMS] Max Cell Voltage";"3.76";"V";
"63512.5426714";"[BMS] Min Cell Voltage";"3.743";"V";
"63512.5909958";"[BMS] HV Battery Current";"7.050000000000182";"A";
"63512.6503261";"[BMS] HV Battery Current (Low)";"11.200000000000045";"A";
"63512.7369774";"[BMS] HV Battery Current (High)";"17.5";"A";
"63512.7802745";"[BMS] HV Battery Temperature Sensor 1";"25";"℃";
"63512.8505223";"[BMS] HV Battery Temperature Sensor 2";"25";"℃";
"63512.8992901";"[BMS] HV Battery Temperature Sensor 3";"25";"℃";
"63512.9821771";"[BMS] HV Battery Temperature Sensor 4";"24";"℃";
"63513.0322036";"[BMS] HV Battery Intake Air Temperature";"23";"℃";
"63513.1506732";"[VCM] Traction motor temperature";"37";"℃";
"63513.1997509";"[VCM] HV Coolant Temperature";"25";"℃";
"63513.2792758";"[VCM] Target Motor Torque";"-20.171875";"N⋅m";
"63513.342908";"[VCM] Available Motor Maximum Output";"13";"%";
"63513.3955219";"[VCM] Motor RPM";"-1536";"rpm";
"63513.3955219";"[VCM] Motor Torque";"-0.09375";"N⋅m";
"63513.4476212";"[VCM] Vehicle Speed";"65";"km/h";
"63513.6035331";"Розрахункове значення навантаження на двигун";"40.78431372549019";"%";
"63513.6593878";"Оберти двигуна";"2001";"rpm";
"63513.6593878";"Оберти двигуна x1000";"2";"rpm";
"63513.7207393";"Температура олії у двигуні";"46";"℃";
"63513.8099723";"Пройдений шлях";"2.1827133171388886";"km";
"63513.8099723";"Пройдений шлях (Сьогодні)";"2.182715";"km";
"63513.8099723";"Пройдений шлях (Тиждень)";"2.182715";"km";
"63513.8099723";"Пройдений шлях(загальний)";"2.182715";"km";
"63513.8099723";"Середня швидкість";"21.904005644264192";"km/h";
"63513.8099723";"Швидкість автомобіля";"64";"km/h";
"63513.859419";"Розрахунковий наддув";"0";"bar";
"63513.859419";"Тиск у впускному колекторі (абсолютний)";"99";"kPa";
"63513.976202";"[BMS] HV State of charge";"63.5";"%";
"63514.0393116";"[BMS] HV Battery voltage";"363.53000000000003";"V";
"63514.0941081";"[BMS] Max Cell Voltage";"3.804";"V";
"63514.1432267";"[BMS] Min Cell Voltage";"3.794";"V";
"63514.2025107";"[BMS] HV Battery Current";"53.200000000000045";"A";
"63514.2556963";"[BMS] HV Battery Current (Low)";"-1600";"A";
"63514.3077547";"[BMS] HV Battery Current (High)";"73.05000000000018";"A";
"63514.3831806";"[BMS] HV Battery Temperature Sensor 1";"25";"℃";
"63514.4312075";"[BMS] HV Battery Temperature Sensor 2";"25";"℃";
"63514.4659572";"[BMS] HV Battery Temperature Sensor 3";"25";"℃";
"63514.5554977";"[BMS] HV Battery Temperature Sensor 4";"24";"℃";
"63514.6237736";"[BMS] HV Battery Intake Air Temperature";"23";"℃";
"63514.7510938";"[VCM] Traction motor temperature";"37";"℃";
"63514.8087588";"[VCM] HV Coolant Temperature";"25";"℃";
"63514.8952481";"[VCM] Target Motor Torque";"30.15625";"N⋅m";
"63514.9542757";"[VCM] Available Motor Maximum Output";"100";"%";
"63515.0142382";"[VCM] Motor RPM";"1920";"rpm";
"63515.0142382";"[VCM] Motor Torque";"0.109375";"N⋅m";
"63515.0711609";"[VCM] Vehicle Speed";"64";"km/h";
"63515.2346263";"Розрахункове значення навантаження на двигун";"40.78431372549019";"%";
"63515.2859488";"Температура охолодної рідини";"67";"℃";
"63515.3460255";"Оберти двигуна";"2000";"rpm";
"63515.3460255";"Оберти двигуна x1000";"2";"rpm";
"63515.398219";"Температура олії у двигуні";"47";"℃";
"63515.4863293";"Пройдений шлях";"2.212049632888889";"km";
"63515.4863293";"Пройдений шлях (Сьогодні)";"2.212051";"km";
"63515.4863293";"Пройдений шлях (Тиждень)";"2.212051";"km";
"63515.4863293";"Пройдений шлях(загальний)";"2.212051";"km";
"63515.4863293";"Середня швидкість";"22.095152274735963";"km/h";
"63515.4863293";"Швидкість автомобіля";"63";"km/h";
"63515.539445";"Розрахунковий наддув";"0";"bar";
"63515.539445";"Тиск у впускному колекторі (абсолютний)";"99";"kPa";
"63515.6485628";"[BMS] HV State of charge";"63.5";"%";
"63515.7298102";"[BMS] HV Battery voltage";"365.47";"V";
"63515.788695";"[BMS] Max Cell Voltage";"3.8";"V";
"63515.8459365";"[BMS] Min Cell Voltage";"3.798";"V";
"63515.8994855";"[BMS] HV Battery Current";"32.90000000000009";"A";
"63515.947976";"[BMS] HV Battery Current (Low)";"-1600";"A";
"63516.0263772";"[BMS] HV Battery Current (High)";"53.40000000000009";"A";
"63516.0996493";"[BMS] HV Battery Temperature Sensor 1";"25";"℃";
"63516.1518647";"[BMS] HV Battery Temperature Sensor 2";"25";"℃";
"63516.2118378";"[BMS] HV Battery Temperature Sensor 3";"25";"℃";
"63516.299198";"[BMS] HV Battery Temperature Sensor 4";"24";"℃";
"63516.3553097";"[BMS] HV Battery Intake Air Temperature";"23";"℃";
"63516.482542";"[VCM] Traction motor temperature";"37";"℃";
"63516.5468214";"[VCM] HV Coolant Temperature";"25";"℃";
"63516.6228879";"[VCM] Target Motor Torque";"-22.703125";"N⋅m";
"63516.67102";"[VCM] Available Motor Maximum Output";"100";"%";
"63516.726023";"[VCM] Motor RPM";"-1664";"rpm";
"63516.726023";"[VCM] Motor Torque";"-0.109375";"N⋅m";
"63516.7835427";"[VCM] Vehicle Speed";"63";"km/h";
"63516.9069949";"Розрахункове значення навантаження на двигун";"40.78431372549019";"%";
"63516.9706853";"Оберти двигуна";"2001";"rpm";
"63516.9706853";"Оберти двигуна x1000";"2";"rpm";
"63517.0253688";"Температура олії у двигуні";"47";"℃";
"63517.1026218";"Прискорення";"0.0042440314748998275";"g";
"63517.1026218";"Пройдений шлях";"2.239886802777778";"km";
"63517.1026218";"Пройдений шлях (Сьогодні)";"2.239888";"km";
"63517.1026218";"Пройдений шлях (Тиждень)";"2.239888";"km";
"63517.1026218";"Пройдений шлях(загальний)";"2.239888";"km";
"63517.1026218";"Середня швидкість";"22.273315409098366";"km/h";
"63517.1026218";"Швидкість автомобіля";"62";"km/h";
"63517.1870635";"Розрахунковий наддув";"0";"bar";
"63517.1870635";"Тиск у впускному колекторі (абсолютний)";"99";"kPa";
"63517.3121444";"[BMS] HV State of charge";"64.5";"%";
"63517.378844";"[BMS] HV Battery voltage";"373.03000000000003";"V";
"63517.440652";"[BMS] Max Cell Voltage";"3.847";"V";
"63517.4884991";"[BMS] Min Cell Voltage";"3.835";"V";
"63517.5515022";"[BMS] HV Battery Current";"13.550000000000182";"A";
"63517.6029033";"[BMS] HV Battery Current (Low)";"15.5";"A";
"63517.6778625";"[BMS] HV Battery Current (High)";"16.200000000000045";"A";
"63517.7408118";"[BMS] HV Battery Temperature Sensor 1";"25";"℃";
"63517.7914853";"[BMS] HV Battery Temperature Sensor 2";"25";"℃";
"63517.8536301";"[BMS] HV Battery Temperature Sensor 3";"25";"℃";
"63517.9236625";"[BMS] HV Battery Temperature Sensor 4";"24";"℃";
"63517.9901275";"[BMS] HV Battery Intake Air Temperature";"23";"℃";
"63518.104244";"[VCM] Traction motor temperature";"37";"℃";
"63518.1589095";"[VCM] HV Coolant Temperature";"25";"℃";
"63518.2229489";"[VCM] Target Motor Torque";"26.65625";"N⋅m";
"63518.278039";"[VCM] Available Motor Maximum Output";"100";"%";
"63518.3307081";"[VCM] Motor RPM";"1504";"rpm";
"63518.3307081";"[VCM] Motor Torque";"0.078125";"N⋅m";
"63518.3996775";"[VCM] Vehicle Speed";"62";"km/h";
"63518.5342299";"Розрахункове значення навантаження на двигун";"40.78431372549019";"%";
"63518.5888745";"Температура охолодної рідини";"68";"℃";
"63518.6520209";"Оберти двигуна";"1998";"rpm";
"63518.6520209";"Оберти двигуна x1000";"2";"rpm";
"63518.7075853";"Температура олії у двигуні";"47";"℃";
"63518.7856351";"Прискорення";"-0.012798325748289381";"g";
"63518.7856351";"Пройдений шлях";"2.2684034233611112";"km";
"63518.7856351";"Пройдений шлях (Сьогодні)";"2.268405";"km";
"63518.7856351";"Пройдений шлях (Тиждень)";"2.268405";"km";
"63518.7856351";"Пройдений шлях(загальний)";"2.268405";"km";
"63518.7856351";"Середня швидкість";"22.452509271761237";"km/h";
"63518.7856351";"Швидкість автомобіля";"61";"km/h";
"63518.8650668";"Розрахунковий наддув";"0";"bar";
"63518.8650668";"Тиск у впускному колекторі (абсолютний)";"99";"kPa";
"63518.9797619";"[BMS] HV State of charge";"64.5";"%";
"63519.0548014";"[BMS] HV Battery voltage";"364.5";"V";
"63519.1221155";"[BMS] Max Cell Voltage";"3.773";"V";
"63519.1797847";"[BMS] Min Cell Voltage";"3.762";"V";
"63519.2366062";"[BMS] HV Battery Current";"-15.149999999999864";"A";
"63519.3240324";"[BMS] HV Battery Current (Low)";"-3.6499999999998636";"A";
"63519.3984782";"[BMS] HV Battery Current (High)";"-0.4499999999998181";"A";
"63519.460544";"[BMS] HV Battery Temperature Sensor 1";"25";"℃";
"63519.5156561";"[BMS] HV Battery Temperature Sensor 2";"25";"℃";
"63519.6029834";"[BMS] HV Battery Temperature Sensor 3";"25";"℃";
"63519.6559734";"[BMS] HV Battery Temperature Sensor 4";"24";"℃";
"63519.7073384";"[BMS] HV Battery Intake Air Temperature";"23";"℃";
"63519.8504828";"[VCM] Traction motor temperature";"37";"℃";
"63519.9233155";"[VCM] HV Coolant Temperature";"25";"℃";
"63519.9828628";"[VCM] Target Motor Torque";"36";"N⋅m";
"63520.0420439";"[VCM] Available Motor Maximum Output";"100";"%";
"63520.1272516";"[VCM] Motor RPM";"2368";"rpm";
"63520.1272516";"[VCM] Motor Torque";"0.140625";"N⋅m";
"63520.190395";"[VCM] Vehicle Speed";"64";"km/h";
"63520.3067813";"Розрахункове значення навантаження на двигун";"40.78431372549019";"%";
"63520.4071256";"Оберти двигуна";"1994";"rpm";
"63520.4071256";"Оберти двигуна x1000";"2";"rpm";
"63520.4722851";"Температура олії у двигуні";"48";"℃";
"63520.5237325";"Пройдений шлях";"2.298820192611111";"km";
"63520.5237325";"Пройдений шлях (Сьогодні)";"2.298822";"km";
"63520.5237325";"Пройдений шлях (Тиждень)";"2.298822";"km";
"63520.5237325";"Пройдений шлях(загальний)";"2.298822";"km";
"63520.5237325";"Середня швидкість";"22.645355279313616";"km/h";
"63520.5237325";"Швидкість автомобіля";"63";"km/h";
"63520.5840138";"Розрахунковий наддув";"0";"bar";
"63520.5840138";"Тиск у впускному колекторі (абсолютний)";"99";"kPa";
"63520.6996461";"[BMS] HV State of charge";"64.5";"%";
"63520.7590186";"[BMS] HV Battery voltage";"364.82";"V";
"63520.8118522";"[BMS] Max Cell Voltage";"3.786";"V";
"63520.8767183";"[BMS] Min Cell Voltage";"3.775";"V";
"63520.9511748";"[BMS] HV Battery Current";"-13.5";"A";
"63521.0102233";"[BMS] HV Battery Current (Low)";"-13.599999999999909";"A";
"63521.0651136";"[BMS] HV Battery Current (High)";"-16.25";"A";
"63521.119028";"[BMS] HV Battery Temperature Sensor 1";"25";"℃";
"63521.175787";"[BMS] HV Battery Temperature Sensor 2";"25";"℃";
"63521.2793535";"[BMS] HV Battery Temperature Sensor 3";"25";"℃";
"63521.33172";"[BMS] HV Battery Temperature Sensor 4";"24";"℃";
"63521.3855975";"[BMS] HV Battery Intake Air Temperature";"23";"℃";
"63521.5237775";"[VCM] Traction motor temperature";"37";"℃";
"63521.5980773";"[VCM] HV Coolant Temperature";"25";"℃";
"63521.6954361";"[VCM] Target Motor Torque";"48.765625";"N⋅m";
"63521.7877298";"[VCM] Available Motor Maximum Output";"100";"%";
"63521.8871329";"[VCM] Motor RPM";"3232";"rpm";
"63521.8871329";"[VCM] Motor Torque";"0.1875";"N⋅m";
"63521.9397123";"[VCM] Vehicle Speed";"66";"km/h";
"63522.0789741";"Розрахункове значення навантаження на двигун";"40.78431372549019";"%";
"63522.1390777";"Температура охолодної рідини";"69";"℃";
"63522.1952668";"Оберти двигуна";"2001";"rpm";
"63522.1952668";"Оберти двигуна x1000";"2";"rpm";
"63522.2466828";"Температура олії у двигуні";"48";"℃";
"63522.3331196";"Пройдений шлях";"2.331992428777778";"km";
"63522.3331196";"Пройдений шлях (Сьогодні)";"2.331994";"km";
"63522.3331196";"Пройдений шлях (Тиждень)";"2.331994";"km";
"63522.3331196";"Пройдений шлях(загальний)";"2.331994";"km";
"63522.3331196";"Середня швидкість";"22.858952518111987";"km/h";
"63522.3331196";"Швидкість автомобіля";"66";"km/h";
"63522.3853537";"Розрахунковий наддув";"0";"bar";
"63522.3853537";"Тиск у впускному колекторі (абсолютний)";"99";"kPa";
"63522.4876202";"[BMS] HV State of charge";"64.5";"%";
"63522.550029";"[BMS] HV Battery voltage";"366.43";"V";
"63522.622944";"[BMS] Max Cell Voltage";"3.792";"V";
"63522.687609";"[BMS] Min Cell Voltage";"3.781";"V";
"63522.735035";"[BMS] HV Battery Current";"10.550000000000182";"A";
"63522.7958278";"[BMS] HV Battery Current (Low)";"6.7000000000000455";"A";
"63522.8717315";"[BMS] HV Battery Current (High)";"25.40000000000009";"A";
"63522.9432163";"[BMS] HV Battery Temperature Sensor 1";"25";"℃";
"63523.0034255";"[BMS] HV Battery Temperature Sensor 2";"25";"℃";
"63523.1035805";"[BMS] HV Battery Temperature Sensor 3";"25";"℃";
"63523.1676742";"[BMS] HV Battery Temperature Sensor 4";"24";"℃";
"63523.2363055";"[BMS] HV Battery Intake Air Temperature";"23";"℃";
"63523.3366765";"[VCM] Traction motor temperature";"37";"℃";
"63523.4235735";"[VCM] HV Coolant Temperature";"25";"℃";
"63523.4873887";"[VCM] Target Motor Torque";"41.515625";"N⋅m";
"63523.5556051";"[VCM] Available Motor Maximum Output";"13";"%";
"63523.6073925";"[VCM] Motor RPM";"2656";"rpm";
"63523.6073925";"[VCM] Motor Torque";"0.15625";"N⋅m";
"63523.6639006";"[VCM] Vehicle Speed";"67";"km/h";
"63523.8386613";"Розрахункове значення навантаження на двигун";"40.78431372549019";"%";
"63523.8882958";"Оберти двигуна";"2001";"rpm";
"63523.8882958";"Оберти двигуна x1000";"2";"rpm";
"63523.9499425";"Температура олії у двигуні";"48";"℃";
"63524.0004251";"Пройдений шлях";"2.3625598447777776";"km";
"63524.0004251";"Пройдений шлях (Сьогодні)";"2.362561";"km";
"63524.0004251";"Пройдений шлях (Тиждень)";"2.362561";"km";
"63524.0004251";"Пройдений шлях(загальний)";"2.362561";"km";
"63524.0004251";"Середня швидкість";"23.05392238089549";"km/h";
"63524.0004251";"Швидкість автомобіля";"66";"km/h";
"63524.0625688";"Розрахунковий наддув";"0";"bar";
"63524.0625688";"Тиск у впускному колекторі (абсолютний)";"99";"kPa";
"63524.2003566";"[BMS] HV State of charge";"64.5";"%";
"63524.2554321";"[BMS] HV Battery voltage";"366.27";"V";
"63524.3087957";"[BMS] Max Cell Voltage";"3.804";"V";
"63524.3951952";"[BMS] Min Cell Voltage";"3.793";"V";
"63524.4516785";"[BMS] HV Battery Current";"20.800000000000182";"A";
"63524.5037471";"[BMS] HV Battery Current (Low)";"24.800000000000182";"A";
"63524.5580289";"[BMS] HV Battery Current (High)";"21.75";"A";
"63524.6205628";"[BMS] HV Battery Temperature Sensor 1";"25";"℃";
"63524.6845552";"[BMS] HV Battery Temperature Sensor 2";"25";"℃";
"63524.7502611";"[BMS] HV Battery Temperature Sensor 3";"25";"℃";
"63524.8061601";"[BMS] HV Battery Temperature Sensor 4";"24";"℃";
"63524.8637931";"[BMS] HV Battery Intake Air Temperature";"23";"℃";
"63524.9871659";"[VCM] Traction motor temperature";"37";"℃";
"63525.052519";"[VCM] HV Coolant Temperature";"25";"℃";
"63525.1204658";"[VCM] Target Motor Torque";"18.015625";"N⋅m";
"63525.1706016";"[VCM] Available Motor Maximum Output";"13";"%";
"63525.2435213";"[VCM] Motor RPM";"1024";"rpm";
"63525.2435213";"[VCM] Motor Torque";"0.0625";"N⋅m";
"63525.3078475";"[VCM] Vehicle Speed";"67";"km/h";
"63525.4197625";"Розрахункове значення навантаження на двигун";"40.78431372549019";"%";
"63525.498707";"Температура охолодної рідини";"70";"℃";
"63525.5461752";"Оберти двигуна";"2001";"rpm";
"63525.5461752";"Оберти двигуна x1000";"2";"rpm";
"63525.6194558";"Температура олії у двигуні";"49";"℃";
"63525.6823723";"Прискорення";"0.020535399232334103";"g";
"63525.6823723";"Пройдений шлях";"2.393395169444444";"km";
"63525.6823723";"Пройдений шлях (Сьогодні)";"2.393396";"km";
"63525.6823723";"Пройдений шлях (Тиждень)";"2.393396";"km";
"63525.6823723";"Пройдений шлях(загальний)";"2.393396";"km";
"63525.6823723";"Середня швидкість";"23.248823650305";"km/h";
"63525.6823723";"Швидкість автомобіля";"66";"km/h";
"63525.7902831";"Розрахунковий наддув";"0";"bar";
"63525.7902831";"Тиск у впускному колекторі (абсолютний)";"99";"kPa";
"63525.9065243";"[BMS] HV State of charge";"65";"%";
"63525.9545116";"[BMS] HV Battery voltage";"373.84000000000003";"V";
"63526.039532";"[BMS] Max Cell Voltage";"3.892";"V";
"63526.0914637";"[BMS] Min Cell Voltage";"3.878";"V";
"63526.1545103";"[BMS] HV Battery Current";"86.75";"A";
"63526.2074662";"[BMS] HV Battery Current (Low)";"-1600";"A";
"63526.2599223";"[BMS] HV Battery Current (High)";"88.45000000000005";"A";
"63526.3595205";"[BMS] HV Battery Temperature Sensor 1";"25";"℃";
"63526.4235476";"[BMS] HV Battery Temperature Sensor 2";"25";"℃";
"63526.4719273";"[BMS] HV Battery Temperature Sensor 3";"25";"℃";
"63526.5482152";"[BMS] HV Battery Temperature Sensor 4";"24";"℃";
"63526.6109949";"[BMS] HV Battery Intake Air Temperature";"23";"℃";
"63526.7264022";"[VCM] Traction motor temperature";"37";"℃";
"63526.7741278";"[VCM] HV Coolant Temperature";"25";"℃";
"63526.8628287";"[VCM] Target Motor Torque";"-31.359375";"N⋅m";
"63526.9169764";"[VCM] Available Motor Maximum Output";"100";"%";
"63526.97621";"[VCM] Motor RPM";"-1792";"rpm";
"63526.97621";"[VCM] Motor Torque";"-0.109375";"N⋅m";
"63527.0299161";"[VCM] Vehicle Speed";"64";"km/h";
"63527.1581549";"Розрахункове значення навантаження на двигун";"40.78431372549019";"%";
"63527.2179133";"Оберти двигуна";"1999";"rpm";
"63527.2179133";"Оберти двигуна x1000";"2";"rpm";
"63527.275298";"Температура олії у двигуні";"49";"℃";
"63527.3359128";"Прискорення";"0";"g";
"63527.3359128";"Пройдений шлях";"2.4223320861944444";"km";
"63527.3359128";"Пройдений шлях (Сьогодні)";"2.422333";"km";
"63527.3359128";"Пройдений шлях (Тиждень)";"2.422333";"km";
"63527.3359128";"Пройдений шлях(загальний)";"2.422333";"km";
"63527.3359128";"Середня швидкість";"23.425392826644973";"km/h";
"63527.3359128";"Швидкість автомобіля";"63";"km/h";
"63527.4440622";"Розрахунковий наддув";"0.01";"bar";
"63527.4440622";"Тиск у впускному колекторі (абсолютний)";"100";"kPa";
"63527.5464402";"[BMS] HV State of charge";"65.5";"%";
"63527.6236159";"[BMS] HV Battery voltage";"377.54";"V";
"63527.7162808";"[BMS] Max Cell Voltage";"3.911";"V";
"63527.7758241";"[BMS] Min Cell Voltage";"3.897";"V";
"63527.8258677";"[BMS] HV Battery Current";"85.65000000000009";"A";
"63527.8869604";"[BMS] HV Battery Current (Low)";"-1600";"A";
"63527.9710576";"[BMS] HV Battery Current (High)";"84.40000000000009";"A";
"63528.0264637";"[BMS] HV Battery Temperature Sensor 1";"25";"℃";
"63528.0839827";"[BMS] HV Battery Temperature Sensor 2";"25";"℃";
"63528.1440407";"[BMS] HV Battery Temperature Sensor 3";"25";"℃";
"63528.1959008";"[BMS] HV Battery Temperature Sensor 4";"24";"℃";
"63528.2708611";"[BMS] HV Battery Intake Air Temperature";"23";"℃";
"63528.3766116";"[VCM] Traction motor temperature";"37";"℃";
"63528.4168823";"[VCM] HV Coolant Temperature";"25";"℃";
"63528.4659603";"[VCM] Target Motor Torque";"-13";"N⋅m";
"63528.5436431";"[VCM] Available Motor Maximum Output";"13";"%";
"63528.6112953";"[VCM] Motor RPM";"-160";"rpm";
"63528.6112953";"[VCM] Motor Torque";"-0.015625";"N⋅m";
"63528.6681433";"[VCM] Vehicle Speed";"61";"km/h";
"63528.8117892";"Розрахункове значення навантаження на двигун";"40.78431372549019";"%";
"63528.8823161";"Температура охолодної рідини";"70";"℃";
"63528.9442245";"Оберти двигуна";"1999";"rpm";
"63528.9442245";"Оберти двигуна x1000";"2";"rpm";
"63528.9958477";"Температура олії у двигуні";"49";"℃";
"63529.0950002";"Прискорення";"-0.025133940129464582";"g";
"63529.0950002";"Пройдений шлях";"2.4516502295277776";"km";
"63529.0950002";"Пройдений шлях (Сьогодні)";"2.451651";"km";
"63529.0950002";"Пройдений шлях (Тиждень)";"2.451651";"km";
"63529.0950002";"Пройдений шлях(загальний)";"2.451651";"km";
"63529.0950002";"Середня швидкість";"23.597409562907707";"km/h";
"63529.0950002";"Швидкість автомобіля";"60";"km/h";
"63529.198546";"Розрахунковий наддув";"0.01";"bar";
"63529.198546";"Тиск у впускному колекторі (абсолютний)";"100";"kPa";
"63529.3383765";"[BMS] HV State of charge";"66";"%";
"63529.3992294";"[BMS] HV Battery voltage";"375.77";"V";
"63529.4507265";"[BMS] Max Cell Voltage";"3.9";"V";
"63529.5060511";"[BMS] Min Cell Voltage";"3.891";"V";
"63529.5676769";"[BMS] HV Battery Current";"78.80000000000018";"A";
"63529.6390493";"[BMS] HV Battery Current (Low)";"-1600";"A";
"63529.6978375";"[BMS] HV Battery Current (High)";"92.5";"A";
"63529.76435";"[BMS] HV Battery Temperature Sensor 1";"25";"℃";
"63529.8037152";"[BMS] HV Battery Temperature Sensor 2";"25";"℃";
"63529.8423761";"[BMS] HV Battery Temperature Sensor 3";"25";"℃";
"63529.9221607";"[BMS] HV Battery Temperature Sensor 4";"24";"℃";
"63529.9848764";"[BMS] HV Battery Intake Air Temperature";"23";"℃";
"63530.0940436";"[VCM] Traction motor temperature";"37";"℃";
"63530.1965291";"[VCM] HV Coolant Temperature";"25";"℃";
"63530.2518169";"[VCM] Target Motor Torque";"-99.390625";"N⋅m";
"63530.3032361";"[VCM] Available Motor Maximum Output";"13";"%";
"63530.3651606";"[VCM] Motor RPM";"-6432";"rpm";
"63530.3651606";"[VCM] Motor Torque";"-0.40625";"N⋅m";
"63530.4378995";"[VCM] Vehicle Speed";"54";"km/h";
"63530.5599766";"Розрахункове значення навантаження на двигун";"8.627450980392156";"%";
"63530.610839";"Оберти двигуна";"1505";"rpm";
"63530.610839";"Оберти двигуна x1000";"1.5";"rpm";
"63530.6665763";"Температура олії у двигуні";"50";"℃";
"63530.7391614";"Прискорення";"-0.05464390329184926";"g";
"63530.7391614";"Пройдений шлях";"2.4758570122777774";"km";
"63530.7391614";"Пройдений шлях (Сьогодні)";"2.475858";"km";
"63530.7391614";"Пройдений шлях (Тиждень)";"2.475858";"km";
"63530.7391614";"Пройдений шлях(загальний)";"2.475858";"km";
"63530.7391614";"Середня швидкість";"23.726100392861916";"km/h";
"63530.7391614";"Швидкість автомобіля";"53";"km/h";
"63530.7994311";"Розрахунковий наддув";"-0.76";"bar";
"63530.7994311";"Тиск у впускному колекторі (абсолютний)";"23";"kPa";
"63530.9148423";"[BMS] HV State of charge";"67";"%";
"63530.9905009";"[BMS] HV Battery voltage";"378.67";"V";
"63531.0556634";"[BMS] Max Cell Voltage";"3.941";"V";
"63531.1077705";"[BMS] Min Cell Voltage";"3.925";"V";
"63531.1672461";"[BMS] HV Battery Current";"69.65000000000009";"A";
"63531.2148354";"[BMS] HV Battery Current (Low)";"-1600";"A";
"63531.2918991";"[BMS] HV Battery Current (High)";"54.05000000000018";"A";
"63531.3492973";"[BMS] HV Battery Temperature Sensor 1";"25";"℃";
"63531.4188462";"[BMS] HV Battery Temperature Sensor 2";"25";"℃";
"63531.4789534";"[BMS] HV Battery Temperature Sensor 3";"25";"℃";
"63531.5717243";"[BMS] HV Battery Temperature Sensor 4";"24";"℃";
"63531.622848";"[BMS] HV Battery Intake Air Temperature";"23";"℃";
"63531.7354741";"[VCM] Traction motor temperature";"37";"℃";
"63531.8257341";"[VCM] HV Coolant Temperature";"25";"℃";
"63531.8745195";"[VCM] Target Motor Torque";"-54.078125";"N⋅m";
"63531.9301448";"[VCM] Available Motor Maximum Output";"13";"%";
"63531.9915276";"[VCM] Motor RPM";"-3680";"rpm";
"63531.9915276";"[VCM] Motor Torque";"-0.234375";"N⋅m";
"63532.0444839";"[VCM] Vehicle Speed";"46";"km/h";
"63532.1789653";"Розрахункове значення навантаження на двигун";"12.156862745098039";"%";
"63532.2345804";"Температура охолодної рідини";"71";"℃";
"63532.2936599";"Оберти двигуна";"312";"rpm";
"63532.2936599";"Оберти двигуна x1000";"0.3";"rpm";
"63532.364005";"Температура олії у двигуні";"50";"℃";
"63532.4274296";"Прискорення";"-0.09238763737870043";"g";
"63532.4274296";"Пройдений шлях";"2.4964905201666663";"km";
"63532.4274296";"Пройдений шлях (Сьогодні)";"2.496492";"km";
"63532.4274296";"Пройдений шлях (Тиждень)";"2.496492";"km";
"63532.4274296";"Пройдений шлях(загальний)";"2.496492";"km";
"63532.4274296";"Середня швидкість";"23.81680120880628";"km/h";
"63532.4274296";"Швидкість автомобіля";"44";"km/h";
"63532.5074448";"Розрахунковий наддув";"-0.34";"bar";
"63532.5074448";"Тиск у впускному колекторі (абсолютний)";"65";"kPa";
"63532.6393176";"[BMS] HV State of charge";"67.5";"%";
"63532.6918751";"[BMS] HV Battery voltage";"382.21";"V";
"63532.7527808";"[BMS] Max Cell Voltage";"3.949";"V";
"63532.8075048";"[BMS] Min Cell Voltage";"3.935";"V";
"63532.8628188";"[BMS] HV Battery Current";"80.55000000000018";"A";
"63532.9387905";"[BMS] HV Battery Current (Low)";"-1600";"A";
"63532.9956541";"[BMS] HV Battery Current (High)";"73.05000000000018";"A";
"63533.049188";"[BMS] HV Battery Temperature Sensor 1";"25";"℃";
"63533.1157185";"[BMS] HV Battery Temperature Sensor 2";"25";"℃";
"63533.2009784";"[BMS] HV Battery Temperature Sensor 3";"25";"℃";
"63533.2514323";"[BMS] HV Battery Temperature Sensor 4";"24";"℃";
"63533.3160022";"[BMS] HV Battery Intake Air Temperature";"23";"℃";
"63533.4033566";"[VCM] Traction motor temperature";"37";"℃";
"63533.4846067";"[VCM] HV Coolant Temperature";"25";"℃";
"63533.5509869";"[VCM] Target Motor Torque";"-32";"N⋅m";
"63533.5992504";"[VCM] Available Motor Maximum Output";"100";"%";
"63533.6634906";"[VCM] Motor RPM";"-2016";"rpm";
"63533.6634906";"[VCM] Motor Torque";"-0.125";"N⋅m";
"63533.7380429";"[VCM] Vehicle Speed";"38";"km/h";
"63533.8560711";"Розрахункове значення навантаження на двигун";"63.13725490196079";"%";
"63533.9075334";"Оберти двигуна";"312";"rpm";
"63533.9075334";"Оберти двигуна x1000";"0.3";"rpm";
"63534.0071483";"Температура олії у двигуні";"50";"℃";
"63534.0425889";"Прискорення";"-0.10981023958693163";"g";
"63534.0425889";"Пройдений шлях";"2.5130914201388883";"km";
"63534.0425889";"Пройдений шлях (Сьогодні)";"2.513093";"km";
"63534.0425889";"Пройдений шлях (Тиждень)";"2.513093";"km";
"63534.0425889";"Пройдений шлях(загальний)";"2.513093";"km";
"63534.0425889";"Середня швидкість";"23.87298994153643";"km/h";
"63534.0425889";"Швидкість автомобіля";"37";"km/h";
"63534.1316437";"Розрахунковий наддув";"-0.01";"bar";
"63534.1316437";"Тиск у впускному колекторі (абсолютний)";"98";"kPa";
"63534.2451022";"[BMS] HV State of charge";"68";"%";
"63534.3223404";"[BMS] HV Battery voltage";"377.7";"V";
"63534.3948329";"[BMS] Max Cell Voltage";"3.919";"V";
"63534.4340443";"[BMS] Min Cell Voltage";"3.91";"V";
"63534.4998568";"[BMS] HV Battery Current";"51.90000000000009";"A";
"63534.5860149";"[BMS] HV Battery Current (Low)";"-1600";"A";
"63534.6477463";"[BMS] HV Battery Current (High)";"50.40000000000009";"A";
"63534.7069932";"[BMS] HV Battery Temperature Sensor 1";"25";"℃";
"63534.7595214";"[BMS] HV Battery Temperature Sensor 2";"25";"℃";
"63534.8535805";"[BMS] HV Battery Temperature Sensor 3";"25";"℃";
"63534.90228";"[BMS] HV Battery Temperature Sensor 4";"24";"℃";
"63534.9555398";"[BMS] HV Battery Intake Air Temperature";"23";"℃";
"63535.0758632";"[VCM] Traction motor temperature";"38";"℃";
"63535.1507756";"[VCM] HV Coolant Temperature";"25";"℃";
"63535.1984032";"[VCM] Target Motor Torque";"-63.703125";"N⋅m";
"63535.2635367";"[VCM] Available Motor Maximum Output";"13";"%";
"63535.3227468";"[VCM] Motor RPM";"-4192";"rpm";
"63535.3227468";"[VCM] Motor Torque";"-0.265625";"N⋅m";
"63535.4186786";"[VCM] Vehicle Speed";"30";"km/h";
"63535.5322973";"Розрахункове значення навантаження на двигун";"0";"%";
"63535.5855133";"Температура охолодної рідини";"71";"℃";
"63535.6619722";"Оберти двигуна";"0";"rpm";
"63535.6619722";"Оберти двигуна x1000";"0";"rpm";
"63535.7287749";"Температура олії у двигуні";"50";"℃";
"63535.7845766";"Прискорення";"-0.13126226664747237";"g";
"63535.7845766";"Пройдений шлях";"2.5271235631388884";"km";
"63535.7845766";"Пройдений шлях (Сьогодні)";"2.527125";"km";
"63535.7845766";"Пройдений шлях (Тиждень)";"2.527125";"km";
"63535.7845766";"Пройдений шлях(загальний)";"2.527125";"km";
"63535.7845766";"Середня швидкість";"23.896448269450833";"km/h";
"63535.7845766";"Швидкість автомобіля";"29";"km/h";
"63535.8625751";"Розрахунковий наддув";"-0.01";"bar";
"63535.8625751";"Тиск у впускному колекторі (абсолютний)";"98";"kPa";
"63536.0004202";"[BMS] HV State of charge";"68.5";"%";
"63536.05301";"[BMS] HV Battery voltage";"377.7";"V";
"63536.114028";"[BMS] Max Cell Voltage";"3.907";"V";
"63536.1747763";"[BMS] Min Cell Voltage";"3.895";"V";
"63536.2396463";"[BMS] HV Battery Current";"38.65000000000009";"A";
"63536.3034913";"[BMS] HV Battery Current (Low)";"-1600";"A";
"63536.3669759";"[BMS] HV Battery Current (High)";"38.200000000000045";"A";
"63536.4189858";"[BMS] HV Battery Temperature Sensor 1";"25";"℃";
"63536.492102";"[BMS] HV Battery Temperature Sensor 2";"25";"℃";
"63536.5588026";"[BMS] HV Battery Temperature Sensor 3";"25";"℃";
"63536.6282253";"[BMS] HV Battery Temperature Sensor 4";"24";"℃";
"63536.6837286";"[BMS] HV Battery Intake Air Temperature";"23";"℃";
"63536.8241908";"[VCM] Traction motor temperature";"38";"℃";
"63536.8764461";"[VCM] HV Coolant Temperature";"25";"℃";
"63536.9400847";"[VCM] Target Motor Torque";"-38.828125";"N⋅m";
"63536.9962952";"[VCM] Available Motor Maximum Output";"100";"%";
"63537.0625986";"[VCM] Motor RPM";"-2272";"rpm";
"63537.0625986";"[VCM] Motor Torque";"-0.140625";"N⋅m";
"63537.1205118";"[VCM] Vehicle Speed";"22";"km/h";
"63537.2406447";"Розрахункове значення навантаження на двигун";"0";"%";
"63537.3158757";"Оберти двигуна";"0";"rpm";
"63537.3158757";"Оберти двигуна x1000";"0";"rpm";
"63537.3811729";"Температура олії у двигуні";"51";"℃";
"63537.4394016";"Прискорення";"-0.1310533555461845";"g";
"63537.4394016";"Пройдений шлях";"2.537236348972222";"km";
"63537.4394016";"Пройдений шлях (Сьогодні)";"2.537238";"km";
"63537.4394016";"Пройдений шлях (Тиждень)";"2.537238";"km";
"63537.4394016";"Пройдений шлях(загальний)";"2.537238";"km";
"63537.4394016";"Середня швидкість";"23.888240741462486";"km/h";
"63537.4394016";"Швидкість автомобіля";"22";"km/h";
"63537.4929368";"Розрахунковий наддув";"-0.01";"bar";
"63537.4929368";"Тиск у впускному колекторі (абсолютний)";"98";"kPa";
"63537.6483145";"[BMS] HV State of charge";"69";"%";
"63537.6992134";"[BMS] HV Battery voltage";"373.03000000000003";"V";
"63537.7635305";"[BMS] Max Cell Voltage";"3.878";"V";
"63537.854436";"[BMS] Min Cell Voltage";"3.87";"V";
"63537.9077854";"[BMS] HV Battery Current";"20.050000000000182";"A";
"63537.9786985";"[BMS] HV Battery Current (Low)";"21";"A";
"63538.0400814";"[BMS] HV Battery Current (High)";"21.550000000000182";"A";
"63538.1029534";"[BMS] HV Battery Temperature Sensor 1";"25";"℃";
"63538.1770682";"[BMS] HV Battery Temperature Sensor 2";"25";"℃";
"63538.2264569";"[BMS] HV Battery Temperature Sensor 3";"25";"℃";
"63538.2798119";"[BMS] HV Battery Temperature Sensor 4";"24";"℃";
"63538.3399873";"[BMS] HV Battery Intake Air Temperature";"23";"℃";
"63538.4807623";"[VCM] Traction motor temperature";"38";"℃";
"63538.535745";"[VCM] HV Coolant Temperature";"25";"℃";
"63538.587356";"[VCM] Target Motor Torque";"-13.53125";"N⋅m";
"63538.6448016";"[VCM] Available Motor Maximum Output";"100";"%";
"63538.7142771";"[VCM] Motor RPM";"-704";"rpm";
"63538.7142771";"[VCM] Motor Torque";"-0.046875";"N⋅m";
"63538.7747947";"[VCM] Vehicle Speed";"18";"km/h";
"63538.879439";"Розрахункове значення навантаження на двигун";"0";"%";
"63538.9222985";"Температура охолодної рідини";"71";"℃";
"63538.9880676";"Оберти двигуна";"0";"rpm";
"63538.9880676";"Оберти двигуна x1000";"0";"rpm";
"63539.0423486";"Температура олії у двигуні";"51";"℃";
"63539.1201862";"Прискорення";"-0.11003862136162972";"g";
"63539.1201862";"Пройдений шлях";"2.5456403304722217";"km";
"63539.1201862";"Пройдений шлях (Сьогодні)";"2.545642";"km";
"63539.1201862";"Пройдений шлях (Тиждень)";"2.545642";"km";
"63539.1201862";"Пройдений шлях(загальний)";"2.545642";"km";
"63539.1201862";"Середня швидкість";"23.862470617701124";"km/h";
"63539.1201862";"Швидкість автомобіля";"18";"km/h";
"63539.2409362";"Розрахунковий наддув";"-0.01";"bar";
"63539.2409362";"Тиск у впускному колекторі (абсолютний)";"98";"kPa";
"63539.3558441";"[BMS] HV State of charge";"69";"%";
"63539.4087322";"[BMS] HV Battery voltage";"367.08";"V";
"63539.4700483";"[BMS] Max Cell Voltage";"3.829";"V";
"63539.5409429";"[BMS] Min Cell Voltage";"3.825";"V";
"63539.5978472";"[BMS] HV Battery Current";"-4.2999999999999545";"A";
"63539.6598687";"[BMS] HV Battery Current (Low)";"-2.7999999999999545";"A";
"63539.7111317";"[BMS] HV Battery Current (High)";"-2.1499999999998636";"A";
"63539.7906558";"[BMS] HV Battery Temperature Sensor 1";"25";"℃";
"63539.8265204";"[BMS] HV Battery Temperature Sensor 2";"25";"℃";
"63539.8845883";"[BMS] HV Battery Temperature Sensor 3";"25";"℃";
"63539.9416551";"[BMS] HV Battery Temperature Sensor 4";"24";"℃";
"63539.9981209";"[BMS] HV Battery Intake Air Temperature";"23";"℃";
"63540.1442163";"[VCM] Traction motor temperature";"38";"℃";
"63540.2076412";"[VCM] HV Coolant Temperature";"25";"℃";
"63540.260263";"[VCM] Target Motor Torque";"-12.109375";"N⋅m";
"63540.3351433";"[VCM] Available Motor Maximum Output";"100";"%";
"63540.3832902";"[VCM] Motor RPM";"-640";"rpm";
"63540.3832902";"[VCM] Motor Torque";"-0.046875";"N⋅m";
"63540.4398744";"[VCM] Vehicle Speed";"18";"km/h";
"63540.551033";"Розрахункове значення навантаження на двигун";"0";"%";
"63540.6389192";"Оберти двигуна";"0";"rpm";
"63540.6389192";"Оберти двигуна x1000";"0";"rpm";
"63540.7029444";"Температура олії у двигуні";"51";"℃";
"63540.7573224";"Прискорення";"-0.0801496525289443";"g";
"63540.7573224";"Пройдений шлях";"2.5538260359722216";"km";
"63540.7573224";"Пройдений шлях (Сьогодні)";"2.553828";"km";
"63540.7573224";"Пройдений шлях (Тиждень)";"2.553828";"km";
"63540.7573224";"Пройдений шлях(загальний)";"2.553828";"km";
"63540.7573224";"Середня швидкість";"23.837585755054256";"km/h";
"63540.7573224";"Швидкість автомобіля";"18";"km/h";
"63540.8440808";"Розрахунковий наддув";"-0.01";"bar";
"63540.8440808";"Тиск у впускному колекторі (абсолютний)";"98";"kPa";
"63540.9501496";"[BMS] HV State of charge";"69";"%";
"63541.0037879";"[BMS] HV Battery voltage";"364.02";"V";
"63541.0566279";"[BMS] Max Cell Voltage";"3.796";"V";
"63541.1224657";"[BMS] Min Cell Voltage";"3.783";"V";
"63541.1910783";"[BMS] HV Battery Current";"-44.44999999999982";"A";
"63541.2580138";"[BMS] HV Battery Current (Low)";"-1600";"A";
"63541.3136518";"[BMS] HV Battery Current (High)";"-54.09999999999991";"A";
"63541.3755712";"[BMS] HV Battery Temperature Sensor 1";"25";"℃";
"63541.4381486";"[BMS] HV Battery Temperature Sensor 2";"25";"℃";
"63541.4943791";"[BMS] HV Battery Temperature Sensor 3";"25";"℃";
"63541.5442415";"[BMS] HV Battery Temperature Sensor 4";"24";"℃";
"63541.60192";"[BMS] HV Battery Intake Air Temperature";"23";"℃";
"63541.7681463";"[VCM] Traction motor temperature";"38";"℃";
"63541.8076466";"[VCM] HV Coolant Temperature";"25";"℃";
"63541.8672759";"[VCM] Target Motor Torque";"92.453125";"N⋅m";
"63541.9179248";"[VCM] Available Motor Maximum Output";"100";"%";
"63542.0278846";"[VCM] Motor RPM";"5824";"rpm";
"63542.0278846";"[VCM] Motor Torque";"0.34375";"N⋅m";
"63542.0683763";"[VCM] Vehicle Speed";"24";"km/h";
"63542.1872064";"Розрахункове значення навантаження на двигун";"0";"%";
"63542.2637157";"Температура охолодної рідини";"71";"℃";
"63542.3276536";"Оберти двигуна";"0";"rpm";
"63542.3276536";"Оберти двигуна x1000";"0";"rpm";
"63542.3833695";"Температура олії у двигуні";"51";"℃";
"63542.4430507";"Пройдений шлях";"2.565064121305555";"km";
"63542.4430507";"Пройдений шлях (Сьогодні)";"2.565066";"km";
"63542.4430507";"Пройдений шлях (Тиждень)";"2.565066";"km";
"63542.4430507";"Пройдений шлях(загальний)";"2.565066";"km";
"63542.4430507";"Середня швидкість";"23.838292531585335";"km/h";
"63542.4430507";"Швидкість автомобіля";"24";"km/h";
"63542.5359628";"Розрахунковий наддув";"-0.01";"bar";
"63542.5359628";"Тиск у впускному колекторі (абсолютний)";"98";"kPa";
"63542.6513216";"[BMS] HV State of charge";"68.5";"%";
"63542.7068264";"[BMS] HV Battery voltage";"359.03000000000003";"V";
"63542.7699585";"[BMS] Max Cell Voltage";"3.729";"V";
"63542.8518431";"[BMS] Min Cell Voltage";"3.72";"V";
"63542.8936989";"[BMS] HV Battery Current";"-68.39999999999986";"A";
"63542.9478877";"[BMS] HV Battery Current (Low)";"-1600";"A";
"63543.0101541";"[BMS] HV Battery Current (High)";"-66.89999999999986";"A";
"63543.0838669";"[BMS] HV Battery Temperature Sensor 1";"25";"℃";
"63543.1468219";"[BMS] HV Battery Temperature Sensor 2";"25";"℃";
"63543.1990382";"[BMS] HV Battery Temperature Sensor 3";"25";"℃";
"63543.2588026";"[BMS] HV Battery Temperature Sensor 4";"24";"℃";
"63543.3205141";"[BMS] HV Battery Intake Air Temperature";"23";"℃";
"63543.444311";"[VCM] Traction motor temperature";"38";"℃";
"63543.4945473";"[VCM] HV Coolant Temperature";"25";"℃";
"63543.5367317";"[VCM] Target Motor Torque";"69.4375";"N⋅m";
"63543.5875418";"[VCM] Available Motor Maximum Output";"100";"%";
"63543.6728556";"[VCM] Motor RPM";"4192";"rpm";
"63543.6728556";"[VCM] Motor Torque";"0.25";"N⋅m";
"63543.7263132";"[VCM] Vehicle Speed";"31";"km/h";
"63543.8342735";"Розрахункове значення навантаження на двигун";"0";"%";
"63543.9147298";"Оберти двигуна";"0";"rpm";
"63543.9147298";"Оберти двигуна x1000";"0";"rpm";
"63543.9660274";"Температура олії у двигуні";"51";"℃";
"63544.0272072";"Пройдений шлях";"2.578706029527777";"km";
"63544.0272072";"Пройдений шлях (Сьогодні)";"2.578708";"km";
"63544.0272072";"Пройдений шлях (Тиждень)";"2.578708";"km";
"63544.0272072";"Пройдений шлях(загальний)";"2.578708";"km";
"63544.0272072";"Середня швидкість";"23.8674623965356";"km/h";
"63544.0272072";"Швидкість автомобіля";"31";"km/h";
"63544.0775443";"Розрахунковий наддув";"-0.01";"bar";
"63544.0775443";"Тиск у впускному колекторі (абсолютний)";"98";"kPa";
"63544.215634";"[BMS] HV State of charge";"67.5";"%";
"63544.2784939";"[BMS] HV Battery voltage";"358.7";"V";
"63544.3263025";"[BMS] Max Cell Voltage";"3.727";"V";
"63544.3987277";"[BMS] Min Cell Voltage";"3.716";"V";
"63544.4863586";"[BMS] HV Battery Current";"-53.649999999999864";"A";
"63544.5404996";"[BMS] HV Battery Current (Low)";"-1600";"A";
"63544.6099257";"[BMS] HV Battery Current (High)";"-51.299999999999955";"A";
"63544.6949831";"[BMS] HV Battery Temperature Sensor 1";"25";"℃";
"63544.7826751";"[BMS] HV Battery Temperature Sensor 2";"25";"℃";
"63544.8591055";"[BMS] HV Battery Temperature Sensor 3";"25";"℃";
"63544.9515238";"[BMS] HV Battery Temperature Sensor 4";"24";"℃";
"63545.0288112";"[BMS] HV Battery Intake Air Temperature";"23";"℃";
"63545.1639043";"[VCM] Traction motor temperature";"38";"℃";
"63545.2189346";"[VCM] HV Coolant Temperature";"25";"℃";
"63545.2950925";"[VCM] Target Motor Torque";"49.5625";"N⋅m";
"63545.3467635";"[VCM] Available Motor Maximum Output";"13";"%";
"63545.4074004";"[VCM] Motor RPM";"3008";"rpm";
"63545.4074004";"[VCM] Motor Torque";"0.171875";"N⋅m";
"63545.4674148";"[VCM] Vehicle Speed";"36";"km/h";
"63545.5981677";"Розрахункове значення навантаження на двигун";"0";"%";
"63545.6675758";"Температура охолодної рідини";"72";"℃";
"63545.723374";"Оберти двигуна";"0";"rpm";
"63545.723374";"Оберти двигуна x1000";"0";"rpm";
"63545.7715621";"Температура олії у двигуні";"51";"℃";
"63545.8696404";"Прискорення";"0.07554064245505424";"g";
"63545.8696404";"Пройдений шлях";"2.597129595527777";"km";
"63545.8696404";"Пройдений шлях (Сьогодні)";"2.597132";"km";
"63545.8696404";"Пройдений шлях (Тиждень)";"2.597132";"km";
"63545.8696404";"Пройдений шлях(загальний)";"2.597132";"km";
"63545.8696404";"Середня швидкість";"23.924659625142905";"km/h";
"63545.8696404";"Швидкість автомобіля";"36";"km/h";
"63545.9560524";"Розрахунковий наддув";"-0.01";"bar";
"63545.9560524";"Тиск у впускному колекторі (абсолютний)";"98";"kPa";
"63546.043693";"[BMS] HV State of charge";"67.5";"%";
"63546.1156708";"[BMS] HV Battery voltage";"363.69";"V";
"63546.1704389";"[BMS] Max Cell Voltage";"3.79";"V";
"63546.2232263";"[BMS] Min Cell Voltage";"3.786";"V";
"63546.2755105";"[BMS] HV Battery Current";"12.350000000000136";"A";
"63546.3224251";"[BMS] HV Battery Current (Low)";"12.900000000000091";"A";
"63546.4228316";"[BMS] HV Battery Current (High)";"13";"A";
"63546.4765272";"[BMS] HV Battery Temperature Sensor 1";"25";"℃";
"63546.5273264";"[BMS] HV Battery Temperature Sensor 2";"25";"℃";
"63546.5913168";"[BMS] HV Battery Temperature Sensor 3";"25";"℃";
"63546.6620989";"[BMS] HV Battery Temperature Sensor 4";"24";"℃";
"63546.7234903";"[BMS] HV Battery Intake Air Temperature";"23";"℃";
"63546.8366251";"[VCM] Traction motor temperature";"38";"℃";
"63546.8889969";"[VCM] HV Coolant Temperature";"25";"℃";
"63546.9707673";"[VCM] Target Motor Torque";"-18.9375";"N⋅m";
"63547.0236886";"[VCM] Available Motor Maximum Output";"13";"%";
"63547.0802978";"[VCM] Motor RPM";"-1088";"rpm";
"63547.0802978";"[VCM] Motor Torque";"-0.078125";"N⋅m";
"63547.1231291";"[VCM] Vehicle Speed";"35";"km/h";
"63547.2746692";"Розрахункове значення навантаження на двигун";"0";"%";
"63547.3234517";"Оберти двигуна";"0";"rpm";
"63547.3234517";"Оберти двигуна x1000";"0";"rpm";
"63547.3881824";"Температура олії у двигуні";"51";"℃";
"63547.4383543";"Пройдений шлях";"2.6119453448611103";"km";
"63547.4383543";"Пройдений шлях (Сьогодні)";"2.611948";"km";
"63547.4383543";"Пройдений шлях (Тиждень)";"2.611948";"km";
"63547.4383543";"Пройдений шлях(загальний)";"2.611948";"km";
"63547.4383543";"Середня швидкість";"23.96494215441589";"km/h";
"63547.4383543";"Швидкість автомобіля";"34";"km/h";
"63547.5177333";"Розрахунковий наддув";"-0.01";"bar";
"63547.5177333";"Тиск у впускному колекторі (абсолютний)";"98";"kPa";
"63547.6203171";"[BMS] HV State of charge";"67.5";"%";
"63547.6840148";"[BMS] HV Battery voltage";"366.43";"V";
"63547.7585817";"[BMS] Max Cell Voltage";"3.805";"V";
"63547.8189183";"[BMS] Min Cell Voltage";"3.798";"V";
"63547.8791583";"[BMS] HV Battery Current";"13.400000000000091";"A";
"63547.9276862";"[BMS] HV Battery Current (Low)";"12.300000000000182";"A";
"63547.9878294";"[BMS] HV Battery Current (High)";"13.200000000000045";"A";
"63548.0864036";"[BMS] HV Battery Temperature Sensor 1";"25";"℃";
"63548.1379448";"[BMS] HV Battery Temperature Sensor 2";"25";"℃";
"63548.2077979";"[BMS] HV Battery Temperature Sensor 3";"25";"℃";
"63548.2673479";"[BMS] HV Battery Temperature Sensor 4";"24";"℃";
"63548.3348687";"[BMS] HV Battery Intake Air Temperature";"23";"℃";
"63548.4357259";"[VCM] Traction motor temperature";"39";"℃";
"63548.4878996";"[VCM] HV Coolant Temperature";"25";"℃";
"63548.53913";"[VCM] Target Motor Torque";"-22.9375";"N⋅m";
"63548.6170359";"[VCM] Available Motor Maximum Output";"13";"%";
"63548.6734023";"[VCM] Motor RPM";"-1568";"rpm";
"63548.6734023";"[VCM] Motor Torque";"-0.109375";"N⋅m";
"63548.7279123";"[VCM] Vehicle Speed";"32";"km/h";
"63548.8639021";"Розрахункове значення навантаження на двигун";"0";"%";
"63548.9145004";"Температура охолодної рідини";"72";"℃";
"63548.9739332";"Оберти двигуна";"0";"rpm";
"63548.9739332";"Оберти двигуна x1000";"0";"rpm";
"63549.0494303";"Температура олії у двигуні";"51";"℃";
"63549.1363684";"Пройдений шлях";"2.6265671329444436";"km";
"63549.1363684";"Пройдений шлях (Сьогодні)";"2.62657";"km";
"63549.1363684";"Пройдений шлях (Тиждень)";"2.62657";"km";
"63549.1363684";"Пройдений шлях(загальний)";"2.62657";"km";
"63549.1363684";"Середня швидкість";"23.99525616160903";"km/h";
"63549.1363684";"Швидкість автомобіля";"31";"km/h";
"63549.2014342";"Розрахунковий наддув";"-0.01";"bar";
"63549.2014342";"Тиск у впускному колекторі (абсолютний)";"98";"kPa";
"63549.3367132";"[BMS] HV State of charge";"67.5";"%";
"63549.4159771";"[BMS] HV Battery voltage";"370.46";"V";
"63549.4875867";"[BMS] Max Cell Voltage";"3.841";"V";
"63549.5390209";"[BMS] Min Cell Voltage";"3.837";"V";
"63549.5981946";"[BMS] HV Battery Current";"46.15000000000009";"A";
"63549.659045";"[BMS] HV Battery Current (Low)";"-1600";"A";
"63549.7244855";"[BMS] HV Battery Current (High)";"46.350000000000136";"A";
"63549.774453";"[BMS] HV Battery Temperature Sensor 1";"25";"℃";
"63549.8306349";"[BMS] HV Battery Temperature Sensor 2";"25";"℃";
"63549.8920707";"[BMS] HV Battery Temperature Sensor 3";"25";"℃";
"63549.9720385";"[BMS] HV Battery Temperature Sensor 4";"24";"℃";
"63550.0290408";"[BMS] HV Battery Intake Air Temperature";"23";"℃";
"63550.1229774";"[VCM] Traction motor temperature";"39";"℃";
"63550.1849065";"[VCM] HV Coolant Temperature";"25";"℃";
"63550.2630455";"[VCM] Target Motor Torque";"-79.171875";"N⋅m";
"63550.323804";"[VCM] Available Motor Maximum Output";"100";"%";
"63550.3758568";"[VCM] Motor RPM";"-5056";"rpm";
"63550.3758568";"[VCM] Motor Torque";"-0.3125";"N⋅m";
"63550.4388169";"[VCM] Vehicle Speed";"26";"km/h";
"63550.5672179";"Розрахункове значення навантаження на двигун";"0";"%";
"63550.6183366";"Оберти двигуна";"0";"rpm";
"63550.6183366";"Оберти двигуна x1000";"0";"rpm";
"63550.6740748";"Температура олії у двигуні";"51";"℃";
"63550.7133594";"Прискорення";"-0.025418611425694015";"g";
"63550.7133594";"Пройдений шлях";"2.6375211878055547";"km";
"63550.7133594";"Пройдений шлях (Сьогодні)";"2.637524";"km";
"63550.7133594";"Пройдений шлях (Тиждень)";"2.637524";"km";
"63550.7133594";"Пройдений шлях(загальний)";"2.637524";"km";
"63550.7133594";"Середня швидкість";"23.999261988560544";"km/h";
"63550.7133594";"Швидкість автомобіля";"25";"km/h";
"63550.8120802";"Розрахунковий наддув";"-0.01";"bar";
"63550.8120802";"Тиск у впускному колекторі (абсолютний)";"98";"kPa";
"63550.9278416";"[BMS] HV State of charge";"68";"%";
"63550.9783637";"[BMS] HV Battery voltage";"369.65000000000003";"V";
"63551.0667449";"[BMS] Max Cell Voltage";"3.819";"V";
"63551.1198749";"[BMS] Min Cell Voltage";"3.81";"V";
"63551.1830554";"[BMS] HV Battery Current";"8.850000000000136";"A";
"63551.2355566";"[BMS] HV Battery Current (Low)";"8.800000000000182";"A";
"63551.2953632";"[BMS] HV Battery Current (High)";"9.400000000000091";"A";
"63551.3845197";"[BMS] HV Battery Temperature Sensor 1";"25";"℃";
"63551.4345423";"[BMS] HV Battery Temperature Sensor 2";"25";"℃";
"63551.4992549";"[BMS] HV Battery Temperature Sensor 3";"25";"℃";
"63551.5592579";"[BMS] HV Battery Temperature Sensor 4";"24";"℃";
"63551.638037";"[BMS] HV Battery Intake Air Temperature";"23";"℃";
"63551.7505265";"[VCM] Traction motor temperature";"39";"℃";
"63551.8035401";"[VCM] HV Coolant Temperature";"25";"℃";
"63551.8948161";"[VCM] Target Motor Torque";"-97.140625";"N⋅m";
"63551.9502917";"[VCM] Available Motor Maximum Output";"13";"%";
"63552.0030248";"[VCM] Motor RPM";"-6240";"rpm";
"63552.0030248";"[VCM] Motor Torque";"-0.390625";"N⋅m";
"63552.0671853";"[VCM] Vehicle Speed";"21";"km/h";
"63552.1928011";"Розрахункове значення навантаження на двигун";"0";"%";
"63552.2491274";"Температура охолодної рідини";"72";"℃";
"63552.3035147";"Оберти двигуна";"0";"rpm";
"63552.3035147";"Оберти двигуна x1000";"0";"rpm";
"63552.3597788";"Температура олії у двигуні";"52";"℃";
"63552.4450043";"Прискорення";"-0.06892503786261445";"g";
"63552.4450043";"Пройдений шлях";"2.647139257249999";"km";
"63552.4450043";"Пройдений шлях (Сьогодні)";"2.647142";"km";
"63552.4450043";"Пройдений шлях (Тиждень)";"2.647142";"km";
"63552.4450043";"Пройдений шлях(загальний)";"2.647142";"km";
"63552.4450043";"Середня швидкість";"23.981838165691457";"km/h";
"63552.4450043";"Швидкість автомобіля";"20";"km/h";
"63552.5194894";"Розрахунковий наддув";"-0.01";"bar";
"63552.5194894";"Тиск у впускному колекторі (абсолютний)";"98";"kPa";
"63552.6436221";"[BMS] HV State of charge";"68";"%";
"63552.7423231";"[BMS] HV Battery voltage";"369.49";"V";
"63552.795798";"[BMS] Max Cell Voltage";"3.843";"V";
"63552.8484997";"[BMS] Min Cell Voltage";"3.833";"V";
"63552.9136029";"[BMS] HV Battery Current";"22.800000000000182";"A";
"63552.9881895";"[BMS] HV Battery Current (Low)";"22.600000000000136";"A";
"63553.0745478";"[BMS] HV Battery Current (High)";"21.350000000000136";"A";
"63553.1229798";"[BMS] HV Battery Temperature Sensor 1";"25";"℃";
"63553.2071938";"[BMS] HV Battery Temperature Sensor 2";"25";"℃";
"63553.2968506";"[BMS] HV Battery Temperature Sensor 3";"25";"℃";
"63553.3588957";"[BMS] HV Battery Temperature Sensor 4";"25";"℃";
"63553.412465";"[BMS] HV Battery Intake Air Temperature";"23";"℃";
"63553.5634576";"[VCM] Traction motor temperature";"39";"℃";
"63553.6266593";"[VCM] HV Coolant Temperature";"25";"℃";
"63553.6800759";"[VCM] Target Motor Torque";"-84.71875";"N⋅m";
"63553.733957";"[VCM] Available Motor Maximum Output";"13";"%";
"63553.8181941";"[VCM] Motor RPM";"-5408";"rpm";
"63553.8181941";"[VCM] Motor Torque";"-0.34375";"N⋅m";
"63553.8774827";"[VCM] Vehicle Speed";"13";"km/h";
"63553.9949574";"Розрахункове значення навантаження на двигун";"0";"%";
"63554.0478114";"Оберти двигуна";"0";"rpm";
"63554.0478114";"Оберти двигуна x1000";"0";"rpm";
"63554.1067434";"Температура олії у двигуні";"52";"℃";
"63554.1771752";"Прискорення";"-0.09247313694461833";"g";
"63554.1771752";"Пройдений шлях";"2.6529132512499993";"km";
"63554.1771752";"Пройдений шлях (Сьогодні)";"2.652916";"km";
"63554.1771752";"Пройдений шлях (Тиждень)";"2.652916";"km";
"63554.1771752";"Пройдений шлях(загальний)";"2.652916";"km";
"63554.1771752";"Середня швидкість";"23.929834354243606";"km/h";
"63554.1771752";"Швидкість автомобіля";"12";"km/h";
"63554.2791417";"Розрахунковий наддув";"-0.01";"bar";
"63554.2791417";"Тиск у впускному колекторі (абсолютний)";"98";"kPa";
"63554.4063721";"[BMS] HV State of charge";"68.5";"%";
"63554.4863025";"[BMS] HV Battery voltage";"368.52";"V";
"63554.5389663";"[BMS] Max Cell Voltage";"3.819";"V";
"63554.5906562";"[BMS] Min Cell Voltage";"3.81";"V";
"63554.6667888";"[BMS] HV Battery Current";"0.5";"A";
"63554.7287908";"[BMS] HV Battery Current (Low)";"2.650000000000091";"A";
"63554.7921888";"[BMS] HV Battery Current (High)";"4.7000000000000455";"A";
"63554.8418769";"[BMS] HV Battery Temperature Sensor 1";"26";"℃";
"63554.9101627";"[BMS] HV Battery Temperature Sensor 2";"25";"℃";
"63554.9636078";"[BMS] HV Battery Temperature Sensor 3";"25";"℃";
"63555.0287858";"[BMS] HV Battery Temperature Sensor 4";"25";"℃";
"63555.0791975";"[BMS] HV Battery Intake Air Temperature";"23";"℃";
"63555.2147639";"[VCM] Traction motor temperature";"39";"℃";
"63555.2760075";"[VCM] HV Coolant Temperature";"25";"℃";
"63555.328013";"[VCM] Target Motor Torque";"-87.453125";"N⋅m";
"63555.3785772";"[VCM] Available Motor Maximum Output";"13";"%";
"63555.4147795";"[VCM] Motor RPM";"-5536";"rpm";
"63555.4147795";"[VCM] Motor Torque";"-0.34375";"N⋅m";
"63555.4878986";"[VCM] Vehicle Speed";"7";"km/h";
"63555.6028097";"Розрахункове значення навантаження на двигун";"0";"%";
"63555.6632269";"Температура охолодної рідини";"72";"℃";
"63555.7548464";"Оберти двигуна";"0";"rpm";
"63555.7548464";"Оберти двигуна x1000";"0";"rpm";
"63555.8023906";"Температура олії у двигуні";"52";"℃";
"63555.8681737";"Прискорення";"-0.10519262329414819";"g";
"63555.8681737";"Пройдений шлях";"2.655731531416666";"km";
"63555.8681737";"Пройдений шлях (Сьогодні)";"2.655734";"km";
"63555.8681737";"Пройдений шлях (Тиждень)";"2.655734";"km";
"63555.8681737";"Пройдений шлях(загальний)";"2.655734";"km";
"63555.8681737";"Середня швидкість";"23.85418771231444";"km/h";
"63555.8681737";"Швидкість автомобіля";"6";"km/h";
"63555.9682301";"Розрахунковий наддув";"-0.01";"bar";
"63555.9682301";"Тиск у впускному колекторі (абсолютний)";"98";"kPa";
"63556.108083";"[BMS] HV State of charge";"68.5";"%";
"63556.1551852";"[BMS] HV Battery voltage";"367.56";"V";
"63556.2166882";"[BMS] Max Cell Voltage";"3.817";"V";
"63556.2836318";"[BMS] Min Cell Voltage";"3.807";"V";
"63556.3592082";"[BMS] HV Battery Current";"-2.849999999999909";"A";
"63556.4122358";"[BMS] HV Battery Current (Low)";"-2.699999999999818";"A";
"63556.466221";"[BMS] HV Battery Current (High)";"-2.599999999999909";"A";
"63556.5238645";"[BMS] HV Battery Temperature Sensor 1";"26";"℃";
"63556.5983899";"[BMS] HV Battery Temperature Sensor 2";"26";"℃";
"63556.6531183";"[BMS] HV Battery Temperature Sensor 3";"25";"℃";
"63556.7071398";"[BMS] HV Battery Temperature Sensor 4";"25";"℃";
"63556.7597662";"[BMS] HV Battery Intake Air Temperature";"23";"℃";
"63556.8925587";"[VCM] Traction motor temperature";"39";"℃";
"63556.9499696";"[VCM] HV Coolant Temperature";"25";"℃";
"63557.0157782";"[VCM] Target Motor Torque";"0";"N⋅m";
"63557.0712637";"[VCM] Available Motor Maximum Output";"100";"%";
"63557.1428123";"[VCM] Motor RPM";"32";"rpm";
"63557.1428123";"[VCM] Motor Torque";"0";"N⋅m";
"63557.203127";"[VCM] Vehicle Speed";"3";"km/h";
"63557.3142242";"Розрахункове значення навантаження на двигун";"0";"%";
"63557.3904182";"Оберти двигуна";"0";"rpm";
"63557.3904182";"Оберти двигуна x1000";"0";"rpm";
"63557.440202";"Температура олії у двигуні";"52";"℃";
"63557.5188196";"Прискорення";"-0.09572980212145744";"g";
"63557.5188196";"Пройдений шлях";"2.656648556694444";"km";
"63557.5188196";"Пройдений шлях (Сьогодні)";"2.656651";"km";
"63557.5188196";"Пройдений шлях (Тиждень)";"2.656651";"km";
"63557.5188196";"Пройдений шлях(загальний)";"2.656651";"km";
"63557.5188196";"Середня швидкість";"23.76455191120299";"km/h";
"63557.5188196";"Швидкість автомобіля";"2";"km/h";
"63557.5999659";"Розрахунковий наддув";"-0.01";"bar";
"63557.5999659";"Тиск у впускному колекторі (абсолютний)";"98";"kPa";
"63557.7163086";"[BMS] HV State of charge";"68.5";"%";
"63557.7800203";"[BMS] HV Battery voltage";"366.75";"V";
"63557.8301243";"[BMS] Max Cell Voltage";"3.809";"V";
"63557.8954349";"[BMS] Min Cell Voltage";"3.798";"V";
"63557.9624069";"[BMS] HV Battery Current";"-5.25";"A";
"63558.0154502";"[BMS] HV Battery Current (Low)";"-5.699999999999818";"A";
"63558.0785335";"[BMS] HV Battery Current (High)";"-5.599999999999909";"A";
"63558.1275034";"[BMS] HV Battery Temperature Sensor 1";"26";"℃";
"63558.2139812";"[BMS] HV Battery Temperature Sensor 2";"26";"℃";
"63558.2693545";"[BMS] HV Battery Temperature Sensor 3";"25";"℃";
"63558.3205827";"[BMS] HV Battery Temperature Sensor 4";"25";"℃";
"63558.3827416";"[BMS] HV Battery Intake Air Temperature";"23";"℃";
"63558.5147635";"[VCM] Traction motor temperature";"40";"℃";
"63558.5705615";"[VCM] HV Coolant Temperature";"25";"℃";
"63558.6342819";"[VCM] Target Motor Torque";"31.78125";"N⋅m";
"63558.6809982";"[VCM] Available Motor Maximum Output";"100";"%";
"63558.7196132";"[VCM] Motor RPM";"1920";"rpm";
"63558.7196132";"[VCM] Motor Torque";"0.109375";"N⋅m";
"63558.7822641";"[VCM] Vehicle Speed";"3";"km/h";
"63558.8786097";"Розрахункове значення навантаження на двигун";"0";"%";
"63558.9291781";"Температура охолодної рідини";"72";"℃";
"63559.0362818";"Оберти двигуна";"0";"rpm";
"63559.0362818";"Оберти двигуна x1000";"0";"rpm";
"63559.0917518";"Температура олії у двигуні";"52";"℃";
"63559.1563662";"Пройдений шлях";"2.6580131776111107";"km";
"63559.1563662";"Пройдений шлях (Сьогодні)";"2.658016";"km";
"63559.1563662";"Пройдений шлях (Тиждень)";"2.658016";"km";
"63559.1563662";"Пройдений шлях(загальний)";"2.658016";"km";
"63559.1563662";"Середня швидкість";"23.680403619560053";"km/h";
"63559.1563662";"Швидкість автомобіля";"3";"km/h";
"63559.2101859";"Розрахунковий наддув";"-0.01";"bar";
"63559.2101859";"Тиск у впускному колекторі (абсолютний)";"98";"kPa";
"63559.3326245";"[BMS] HV State of charge";"68.5";"%";
"63559.3948443";"[BMS] HV Battery voltage";"366.27";"V";
"63559.457022";"[BMS] Max Cell Voltage";"3.786";"V";
"63559.5219069";"[BMS] Min Cell Voltage";"3.776";"V";
"63559.6108351";"[BMS] HV Battery Current";"-24.949999999999818";"A";
"63559.6709838";"[BMS] HV Battery Current (Low)";"-28.149999999999864";"A";
"63559.7376836";"[BMS] HV Battery Current (High)";"-28.649999999999864";"A";
"63559.7886439";"[BMS] HV Battery Temperature Sensor 1";"26";"℃";
"63559.860153";"[BMS] HV Battery Temperature Sensor 2";"26";"℃";
"63559.9228279";"[BMS] HV Battery Temperature Sensor 3";"25";"℃";
"63559.9712933";"[BMS] HV Battery Temperature Sensor 4";"25";"℃";
"63560.0069719";"[BMS] HV Battery Intake Air Temperature";"23";"℃";
"63560.1726978";"[VCM] Traction motor temperature";"40";"℃";
"63560.2352692";"[VCM] HV Coolant Temperature";"25";"℃";
"63560.282784";"[VCM] Target Motor Torque";"74.703125";"N⋅m";
"63560.3412813";"[VCM] Available Motor Maximum Output";"13";"%";
"63560.4426278";"[VCM] Motor RPM";"4704";"rpm";
"63560.4426278";"[VCM] Motor Torque";"0.28125";"N⋅m";
"63560.503671";"[VCM] Vehicle Speed";"10";"km/h";
"63560.6231509";"Розрахункове значення навантаження на двигун";"0";"%";
"63560.6862194";"Оберти двигуна";"0";"rpm";
"63560.6862194";"Оберти двигуна x1000";"0";"rpm";
"63560.7420868";"Температура олії у двигуні";"52";"℃";
"63560.8093922";"Пройдений шлях";"2.663064277083333";"km";
"63560.8093922";"Пройдений шлях (Сьогодні)";"2.663067";"km";
"63560.8093922";"Пройдений шлях (Тиждень)";"2.663067";"km";
"63560.8093922";"Пройдений шлях(загальний)";"2.663067";"km";
"63560.8093922";"Середня швидкість";"23.628739952696847";"km/h";
"63560.8093922";"Швидкість автомобіля";"11";"km/h";
"63560.8834024";"Розрахунковий наддув";"-0.01";"bar";
"63560.8834024";"Тиск у впускному колекторі (абсолютний)";"98";"kPa";
"63561.0241315";"[BMS] HV State of charge";"68";"%";
"63561.0780499";"[BMS] HV Battery voltage";"364.34000000000003";"V";
"63561.1397289";"[BMS] Max Cell Voltage";"3.781";"V";
"63561.1881214";"[BMS] Min Cell Voltage";"3.772";"V";
"63561.266373";"[BMS] HV Battery Current";"-20.199999999999818";"A";
"63561.3228323";"[BMS] HV Battery Current (Low)";"-27.75";"A";
"63561.3891275";"[BMS] HV Battery Current (High)";"-31.84999999999991";"A";
"63561.4401747";"[BMS] HV Battery Temperature Sensor 1";"26";"℃";
"63561.519588";"[BMS] HV Battery Temperature Sensor 2";"26";"℃";
"63561.5722119";"[BMS] HV Battery Temperature Sensor 3";"25";"℃";
"63561.6260156";"[BMS] HV Battery Temperature Sensor 4";"25";"℃";
"63561.6873643";"[BMS] HV Battery Intake Air Temperature";"23";"℃";
"63561.827386";"[VCM] Traction motor temperature";"40";"℃";
"63561.8791646";"[VCM] HV Coolant Temperature";"25";"℃";
"63561.940508";"[VCM] Target Motor Torque";"7.0625";"N⋅m";
"63561.9903856";"[VCM] Available Motor Maximum Output";"100";"%";
"63562.0747005";"[VCM] Motor RPM";"160";"rpm";
"63562.0747005";"[VCM] Motor Torque";"0";"N⋅m";
"63562.1545033";"[VCM] Vehicle Speed";"16";"km/h";
"63562.2634027";"Розрахункове значення навантаження на двигун";"0";"%";
"63562.3512717";"Температура охолодної рідини";"72";"℃";
"63562.404374";"Оберти двигуна";"0";"rpm";
"63562.404374";"Оберти двигуна x1000";"0";"rpm";
"63562.4680793";"Температура олії у двигуні";"52";"℃";
"63562.5227993";"Пройдений шлях";"2.670203187083333";"km";
"63562.5227993";"Пройдений шлях (Сьогодні)";"2.670206";"km";
"63562.5227993";"Пройдений шлях (Тиждень)";"2.670206";"km";
"63562.5227993";"Пройдений шлях(загальний)";"2.670206";"km";
"63562.5227993";"Середня швидкість";"23.592455809784184";"km/h";
"63562.5227993";"Швидкість автомобіля";"15";"km/h";
"63562.5703383";"Розрахунковий наддув";"-0.01";"bar";
"63562.5703383";"Тиск у впускному колекторі (абсолютний)";"98";"kPa";
"63562.7201038";"[BMS] HV State of charge";"68";"%";
"63562.7771713";"[BMS] HV Battery voltage";"359.99";"V";
"63562.8273755";"[BMS] Max Cell Voltage";"3.756";"V";
"63562.9103851";"[BMS] Min Cell Voltage";"3.756";"V";
"63562.9698043";"[BMS] HV Battery Current";"-17.699999999999818";"A";
"63563.030329";"[BMS] HV Battery Current (Low)";"-12.5";"A";
"63563.0952291";"[BMS] HV Battery Current (High)";"-8.349999999999909";"A";
"63563.1704377";"[BMS] HV Battery Temperature Sensor 1";"26";"℃";
"63563.2191413";"[BMS] HV Battery Temperature Sensor 2";"26";"℃";
"63563.2789508";"[BMS] HV Battery Temperature Sensor 3";"25";"℃";
"63563.355752";"[BMS] HV Battery Temperature Sensor 4";"25";"℃";
"63563.4460727";"[BMS] HV Battery Intake Air Temperature";"23";"℃";
"63563.5305118";"[VCM] Traction motor temperature";"40";"℃";
"63563.5821793";"[VCM] HV Coolant Temperature";"25";"℃";
"63563.6371502";"[VCM] Target Motor Torque";"48.109375";"N⋅m";
"63563.7121358";"[VCM] Available Motor Maximum Output";"13";"%";
"63563.7622286";"[VCM] Motor RPM";"3168";"rpm";
"63563.7622286";"[VCM] Motor Torque";"0.1875";"N⋅m";
"63563.8299187";"[VCM] Vehicle Speed";"18";"km/h";
"63563.9151278";"Розрахункове значення навантаження на двигун";"0";"%";
"63563.9923077";"Оберти двигуна";"0";"rpm";
"63563.9923077";"Оберти двигуна x1000";"0";"rpm";
"63564.0471868";"Температура олії у двигуні";"52";"℃";
"63564.1034182";"Прискорення";"0.06882837258568324";"g";
"63564.1034182";"Пройдений шлях";"2.678106264583333";"km";
"63564.1034182";"Пройдений шлях (Сьогодні)";"2.678109";"km";
"63564.1034182";"Пройдений шлях (Тиждень)";"2.678109";"km";
"63564.1034182";"Пройдений шлях(загальний)";"2.678109";"km";
"63564.1034182";"Середня швидкість";"23.57084487060968";"km/h";
"63564.1034182";"Швидкість автомобіля";"18";"km/h";
"63564.1973446";"Розрахунковий наддув";"-0.01";"bar";
"63564.1973446";"Тиск у впускному колекторі (абсолютний)";"98";"kPa";
"63564.3194852";"[BMS] HV State of charge";"67.5";"%";
"63564.3753761";"[BMS] HV Battery voltage";"361.6";"V";
"63564.42817";"[BMS] Max Cell Voltage";"3.751";"V";
"63564.4954228";"[BMS] Min Cell Voltage";"3.743";"V";
"63564.5713498";"[BMS] HV Battery Current";"-28.699999999999818";"A";
"63564.6330645";"[BMS] HV Battery Current (Low)";"-27.25";"A";
"63564.7014736";"[BMS] HV Battery Current (High)";"-26.09999999999991";"A";
"63564.7659071";"[BMS] HV Battery Temperature Sensor 1";"26";"℃";
"63564.8446053";"[BMS] HV Battery Temperature Sensor 2";"26";"℃";
"63564.8997857";"[BMS] HV Battery Temperature Sensor 3";"25";"℃";
"63564.9514308";"[BMS] HV Battery Temperature Sensor 4";"25";"℃";
"63565.0066744";"[BMS] HV Battery Intake Air Temperature";"23";"℃";
"63565.1489121";"[VCM] Traction motor temperature";"40";"℃";
"63565.2161991";"[VCM] HV Coolant Temperature";"25";"℃";
"63565.277858";"[VCM] Target Motor Torque";"42.5";"N⋅m";
"63565.3650498";"[VCM] Available Motor Maximum Output";"13";"%";
"63565.4277558";"[VCM] Motor RPM";"1504";"rpm";
"63565.4277558";"[VCM] Motor Torque";"0.078125";"N⋅m";
"63565.4908895";"[VCM] Vehicle Speed";"22";"km/h";
"63565.5880378";"Розрахункове значення навантаження на двигун";"0";"%";
"63565.675208";"Температура охолодної рідини";"72";"℃";
"63565.7282474";"Оберти двигуна";"0";"rpm";
"63565.7282474";"Оберти двигуна x1000";"0";"rpm";
"63565.7811063";"Температура олії у двигуні";"52";"℃";
"63565.847015";"Прискорення";"0.07620458370030783";"g";
"63565.847015";"Пройдений шлях";"2.68827726925";"km";
"63565.847015";"Пройдений шлях (Сьогодні)";"2.68828";"km";
"63565.847015";"Пройдений шлях (Тиждень)";"2.68828";"km";
"63565.847015";"Пройдений шлях(загальний)";"2.68828";"km";
"63565.847015";"Середня швидкість";"23.559932467226947";"km/h";
"63565.847015";"Швидкість автомобіля";"21";"km/h";
"63565.9381862";"Розрахунковий наддув";"-0.01";"bar";
"63565.9381862";"Тиск у впускному колекторі (абсолютний)";"98";"kPa";
"63566.0588398";"[BMS] HV State of charge";"67.5";"%";
"63566.115465";"[BMS] HV Battery voltage";"358.86";"V";
"63566.190778";"[BMS] Max Cell Voltage";"3.74";"V";
"63566.256047";"[BMS] Min Cell Voltage";"3.731";"V";
"63566.306846";"[BMS] HV Battery Current";"-34.84999999999991";"A";
"63566.375939";"[BMS] HV Battery Current (Low)";"-1600";"A";
"63566.4610345";"[BMS] HV Battery Current (High)";"-34.19999999999982";"A";
"63566.5121457";"[BMS] HV Battery Temperature Sensor 1";"26";"℃";
"63566.5668535";"[BMS] HV Battery Temperature Sensor 2";"26";"℃";
"63566.6238103";"[BMS] HV Battery Temperature Sensor 3";"25";"℃";
"63566.6875598";"[BMS] HV Battery Temperature Sensor 4";"25";"℃";
"63566.763438";"[BMS] HV Battery Intake Air Temperature";"23";"℃";
"63566.8744713";"[VCM] Traction motor temperature";"40";"℃";
"63566.9285436";"[VCM] HV Coolant Temperature";"25";"℃";
"63567.0312127";"[VCM] Target Motor Torque";"28.28125";"N⋅m";
"63567.0879748";"[VCM] Available Motor Maximum Output";"100";"%";
"63567.137953";"[VCM] Motor RPM";"640";"rpm";
"63567.137953";"[VCM] Motor Torque";"0.03125";"N⋅m";
"63567.1981188";"[VCM] Vehicle Speed";"25";"km/h";
"63567.3620385";"Розрахункове значення навантаження на двигун";"0";"%";
"63567.4247275";"Оберти двигуна";"0";"rpm";
"63567.4247275";"Оберти двигуна x1000";"0";"rpm";
"63567.476655";"Температура олії у двигуні";"52";"℃";
"63567.5653633";"Прискорення";"0.058697158288165574";"g";
"63567.5653633";"Пройдений шлях";"2.7002103407777778";"km";
"63567.5653633";"Пройдений шлях (Сьогодні)";"2.700213";"km";
"63567.5653633";"Пройдений шлях (Тиждень)";"2.700213";"km";
"63567.5653633";"Пройдений шлях(загальний)";"2.700213";"km";
"63567.5653633";"Середня швидкість";"23.56593151208341";"km/h";
"63567.5653633";"Швидкість автомобіля";"25";"km/h";
"63567.6491331";"Розрахунковий наддув";"-0.01";"bar";
"63567.6491331";"Тиск у впускному колекторі (абсолютний)";"98";"kPa";
"63567.7906862";"[BMS] HV State of charge";"67";"%";
"63567.8831328";"[BMS] HV Battery voltage";"357.74";"V";
"63567.97505";"[BMS] Max Cell Voltage";"3.721";"V";
"63568.0515365";"[BMS] Min Cell Voltage";"3.711";"V";
"63568.1761744";"[BMS] HV Battery Current";"-51.75";"A";
"63568.2281526";"[BMS] HV Battery Current (Low)";"-1600";"A";
"63568.2913552";"[BMS] HV Battery Current (High)";"-51.09999999999991";"A";
"63568.3425385";"[BMS] HV Battery Temperature Sensor 1";"26";"℃";
"63568.4264365";"[BMS] HV Battery Temperature Sensor 2";"26";"℃";
"63568.4862337";"[BMS] HV Battery Temperature Sensor 3";"25";"℃";
"63568.5674102";"[BMS] HV Battery Temperature Sensor 4";"25";"℃";
"63568.6149305";"[BMS] HV Battery Intake Air Temperature";"23";"℃";
"63568.7562895";"[VCM] Traction motor temperature";"40";"℃";
"63568.808468";"[VCM] HV Coolant Temperature";"25";"℃";
"63568.8582212";"[VCM] Target Motor Torque";"-9.640625";"N⋅m";
"63568.9380377";"[VCM] Available Motor Maximum Output";"100";"%";
"63569.0115093";"[VCM] Motor RPM";"-768";"rpm";
"63569.0115093";"[VCM] Motor Torque";"-0.046875";"N⋅m";
"63569.0629743";"[VCM] Vehicle Speed";"28";"km/h";
"63569.2146419";"Розрахункове значення навантаження на двигун";"0";"%";
"63569.2531419";"Температура охолодної рідини";"72";"℃";
"63569.314513";"Оберти двигуна";"0";"rpm";
"63569.314513";"Оберти двигуна x1000";"0";"rpm";
"63569.3784152";"Температура олії у двигуні";"52";"℃";
"63569.4281481";"Прискорення";"0.05332545326116968";"g";
"63569.4281481";"Пройдений шлях";"2.714698534777778";"km";
"63569.4281481";"Пройдений шлях (Сьогодні)";"2.714701";"km";
"63569.4281481";"Пройдений шлях (Тиждень)";"2.714701";"km";
"63569.4281481";"Пройдений шлях(загальний)";"2.714701";"km";
"63569.4281481";"Середня швидкість";"23.585865253614475";"km/h";
"63569.4281481";"Швидкість автомобіля";"28";"km/h";
"63569.5350582";"Розрахунковий наддув";"-0.01";"bar";
"63569.5350582";"Тиск у впускному колекторі (абсолютний)";"98";"kPa";
"63569.6590637";"[BMS] HV State of charge";"67";"%";
"63569.7060836";"[BMS] HV Battery voltage";"363.69";"V";
"63569.7838507";"[BMS] Max Cell Voltage";"3.774";"V";
"63569.8471583";"[BMS] Min Cell Voltage";"3.77";"V";
"63569.898999";"[BMS] HV Battery Current";"5.800000000000182";"A";
"63569.9603832";"[BMS] HV Battery Current (Low)";"6.7000000000000455";"A";
"63570.0480319";"[BMS] HV Battery Current (High)";"8.5";"A";
"63570.0985317";"[BMS] HV Battery Temperature Sensor 1";"26";"℃";
"63570.1592344";"[BMS] HV Battery Temperature Sensor 2";"26";"℃";
"63570.21251";"[BMS] HV Battery Temperature Sensor 3";"25";"℃";
"63570.3020274";"[BMS] HV Battery Temperature Sensor 4";"25";"℃";
"63570.3638979";"[BMS] HV Battery Intake Air Temperature";"23";"℃";
"63570.4640126";"[VCM] Traction motor temperature";"40";"℃";
"63570.5172625";"[VCM] HV Coolant Temperature";"25";"℃";
"63570.5904235";"[VCM] Target Motor Torque";"-16.65625";"N⋅m";
"63570.638958";"[VCM] Available Motor Maximum Output";"100";"%";
"63570.7077949";"[VCM] Motor RPM";"-1184";"rpm";
"63570.7077949";"[VCM] Motor Torque";"-0.078125";"N⋅m";
"63570.7647338";"[VCM] Vehicle Speed";"27";"km/h";
"63570.8943711";"Розрахункове значення навантаження на двигун";"0";"%";
"63570.9315273";"Оберти двигуна";"0";"rpm";
"63570.9315273";"Оберти двигуна x1000";"0";"rpm";
"63571.0162606";"Температура олії у двигуні";"52";"℃";
"63571.0677267";"Пройдений шлях";"2.726995909777778";"km";
"63571.0677267";"Пройдений шлях (Сьогодні)";"2.726998";"km";
"63571.0677267";"Пройдений шлях (Тиждень)";"2.726998";"km";
"63571.0677267";"Пройдений шлях(загальний)";"2.726998";"km";
"63571.0677267";"Середня швидкість";"23.599322132758186";"km/h";
"63571.0677267";"Швидкість автомобіля";"27";"km/h";
"63571.1664201";"Розрахунковий наддув";"-0.01";"bar";
"63571.1664201";"Тиск у впускному колекторі (абсолютний)";"98";"kPa";
"63571.2781222";"[BMS] HV State of charge";"67";"%";
"63571.340134";"[BMS] HV Battery voltage";"363.69";"V";
"63571.4153347";"[BMS] Max Cell Voltage";"3.78";"V";
"63571.4679943";"[BMS] Min Cell Voltage";"3.773";"V";
"63571.5305041";"[BMS] HV Battery Current";"4.5";"A";
"63571.5920001";"[BMS] HV Battery Current (Low)";"5.650000000000091";"A";
"63571.6438136";"[BMS] HV Battery Current (High)";"4.900000000000091";"A";
"63571.7113789";"[BMS] HV Battery Temperature Sensor 1";"26";"℃";
"63571.7636484";"[BMS] HV Battery Temperature Sensor 2";"26";"℃";
"63571.8228686";"[BMS] HV Battery Temperature Sensor 3";"25";"℃";
"63571.879761";"[BMS] HV Battery Temperature Sensor 4";"25";"℃";
"63571.9710853";"[BMS] HV Battery Intake Air Temperature";"23";"℃";
"63572.0787621";"[VCM] Traction motor temperature";"40";"℃";
"63572.1433478";"[VCM] HV Coolant Temperature";"25";"℃";
"63572.1959325";"[VCM] Target Motor Torque";"61.90625";"N⋅m";
"63572.2604506";"[VCM] Available Motor Maximum Output";"13";"%";
"63572.3245323";"[VCM] Motor RPM";"3936";"rpm";
"63572.3245323";"[VCM] Motor Torque";"0.234375";"N⋅m";
"63572.3797711";"[VCM] Vehicle Speed";"28";"km/h";
"63572.519851";"Розрахункове значення навантаження на двигун";"0";"%";
"63572.5748152";"Температура охолодної рідини";"72";"℃";
"63572.6241195";"Оберти двигуна";"0";"rpm";
"63572.6241195";"Оберти двигуна x1000";"0";"rpm";
"63572.6870255";"Температура олії у двигуні";"52";"℃";
"63572.7547592";"Пройдений шлях";"2.740117241777778";"km";
"63572.7547592";"Пройдений шлях (Сьогодні)";"2.740119";"km";
"63572.7547592";"Пройдений шлях (Тиждень)";"2.740119";"km";
"63572.7547592";"Пройдений шлях(загальний)";"2.740119";"km";
"63572.7547592";"Середня швидкість";"23.617096609836143";"km/h";
"63572.7547592";"Швидкість автомобіля";"28";"km/h";
"63572.8151423";"Розрахунковий наддув";"-0.01";"bar";
"63572.8151423";"Тиск у впускному колекторі (абсолютний)";"98";"kPa";
"63572.9071105";"[BMS] HV State of charge";"66.5";"%";
"63572.9721661";"[BMS] HV Battery voltage";"357.58";"V";
"63573.0603086";"[BMS] Max Cell Voltage";"3.7";"V";
"63573.121793";"[BMS] Min Cell Voltage";"3.688";"V";
"63573.1707438";"[BMS] HV Battery Current";"-66.25";"A";
"63573.2309928";"[BMS] HV Battery Current (Low)";"-1600";"A";
"63573.2830829";"[BMS] HV Battery Current (High)";"-66.69999999999982";"A";
"63573.3658694";"[BMS] HV Battery Temperature Sensor 1";"26";"℃";
"63573.4278486";"[BMS] HV Battery Temperature Sensor 2";"26";"℃";
"63573.4834091";"[BMS] HV Battery Temperature Sensor 3";"25";"℃";
"63573.5461745";"[BMS] HV Battery Temperature Sensor 4";"25";"℃";
"63573.6114237";"[BMS] HV Battery Intake Air Temperature";"23";"℃";
"63573.7451499";"[VCM] Traction motor temperature";"40";"℃";
"63573.7996761";"[VCM] HV Coolant Temperature";"25";"℃";
"63573.8925876";"[VCM] Target Motor Torque";"78.34375";"N⋅m";
"63573.9429852";"[VCM] Available Motor Maximum Output";"13";"%";
"63574.0022361";"[VCM] Motor RPM";"5088";"rpm";
"63574.0022361";"[VCM] Motor Torque";"0.296875";"N⋅m";
"63574.076028";"[VCM] Vehicle Speed";"34";"km/h";
"63574.2025891";"Розрахункове значення навантаження на двигун";"0";"%";
"63574.2509498";"Оберти двигуна";"0";"rpm";
"63574.2509498";"Оберти двигуна x1000";"0";"rpm";
"63574.3175929";"Температура олії у двигуні";"52";"℃";
"63574.3658756";"Пройдений шлях";"2.75533268";"km";
"63574.3658756";"Пройдений шлях (Сьогодні)";"2.755334";"km";
"63574.3658756";"Пройдений шлях (Тиждень)";"2.755334";"km";
"63574.3658756";"Пройдений шлях(загальний)";"2.755334";"km";
"63574.3658756";"Середня швидкість";"23.65699081521073";"km/h";
"63574.3658756";"Швидкість автомобіля";"34";"km/h";
"63574.4407966";"Розрахунковий наддув";"-0.01";"bar";
"63574.4407966";"Тиск у впускному колекторі (абсолютний)";"98";"kPa";
"63574.5488484";"[BMS] HV State of charge";"66";"%";
"63574.6099066";"[BMS] HV Battery voltage";"345.18";"V";
"63574.6593415";"[BMS] Max Cell Voltage";"3.591";"V";
"63574.7424";"[BMS] Min Cell Voltage";"3.585";"V";
"63574.8032607";"[BMS] HV Battery Current";"-141.25";"A";
"63574.8626258";"[BMS] HV Battery Current (Low)";"-1600";"A";
"63574.9463554";"[BMS] HV Battery Current (High)";"-106.64999999999986";"A";
"63575.0202017";"[BMS] HV Battery Temperature Sensor 1";"26";"℃";
"63575.0721743";"[BMS] HV Battery Temperature Sensor 2";"26";"℃";
"63575.1272418";"[BMS] HV Battery Temperature Sensor 3";"25";"℃";
"63575.1992591";"[BMS] HV Battery Temperature Sensor 4";"25";"℃";
"63575.2626126";"[BMS] HV Battery Intake Air Temperature";"23";"℃";
"63575.3838043";"[VCM] Traction motor temperature";"40";"℃";
"63575.4489969";"[VCM] HV Coolant Temperature";"25";"℃";
"63575.5028635";"[VCM] Target Motor Torque";"85.859375";"N⋅m";
"63575.5679116";"[VCM] Available Motor Maximum Output";"100";"%";
"63575.6316258";"[VCM] Motor RPM";"5536";"rpm";
"63575.6316258";"[VCM] Motor Torque";"0.328125";"N⋅m";
"63575.6825751";"[VCM] Vehicle Speed";"41";"km/h";
"63575.8161114";"Розрахункове значення навантаження на двигун";"44.705882352941174";"%";
"63575.876412";"Температура охолодної рідини";"72";"℃";
"63575.9277704";"Оберти двигуна";"1833";"rpm";
"63575.9277704";"Оберти двигуна x1000";"1.8";"rpm";
"63575.9831214";"Температура олії у двигуні";"52";"℃";
"63576.0421593";"Пройдений шлях";"2.774423767388889";"km";
"63576.0421593";"Пройдений шлях (Сьогодні)";"2.774425";"km";
"63576.0421593";"Пройдений шлях (Тиждень)";"2.774425";"km";
"63576.0421593";"Пройдений шлях(загальний)";"2.774425";"km";
"63576.0421593";"Середня швидкість";"23.72605039242094";"km/h";
"63576.0421593";"Швидкість автомобіля";"41";"km/h";
"63576.114816";"Розрахунковий наддув";"-0.09";"bar";
"63576.114816";"Тиск у впускному колекторі (абсолютний)";"90";"kPa";
"63576.249516";"[BMS] HV State of charge";"65.5";"%";
"63576.2983909";"[BMS] HV Battery voltage";"359.35";"V";
"63576.387946";"[BMS] Max Cell Voltage";"3.718";"V";
"63576.4439731";"[BMS] Min Cell Voltage";"3.701";"V";
"63576.5069746";"[BMS] HV Battery Current";"-23.25";"A";
"63576.5562363";"[BMS] HV Battery Current (Low)";"-26";"A";
"63576.6348639";"[BMS] HV Battery Current (High)";"-29.299999999999955";"A";
"63576.6975077";"[BMS] HV Battery Temperature Sensor 1";"26";"℃";
"63576.7499218";"[BMS] HV Battery Temperature Sensor 2";"26";"℃";
"63576.8072931";"[BMS] HV Battery Temperature Sensor 3";"25";"℃";
"63576.8681705";"[BMS] HV Battery Temperature Sensor 4";"25";"℃";
"63576.9384005";"[BMS] HV Battery Intake Air Temperature";"23";"℃";
"63577.0509302";"[VCM] Traction motor temperature";"40";"℃";
"63577.1128114";"[VCM] HV Coolant Temperature";"25";"℃";
"63577.1912363";"[VCM] Target Motor Torque";"56.21875";"N⋅m";
"63577.2440259";"[VCM] Available Motor Maximum Output";"100";"%";
"63577.3055783";"[VCM] Motor RPM";"3968";"rpm";
"63577.3055783";"[VCM] Motor Torque";"0.234375";"N⋅m";
"63577.3680029";"[VCM] Vehicle Speed";"46";"km/h";
"63577.4951598";"Розрахункове значення навантаження на двигун";"42.35294117647059";"%";
"63577.5537081";"Оберти двигуна";"1795";"rpm";
"63577.5537081";"Оберти двигуна x1000";"1.8";"rpm";
"63577.6072837";"Температура олії у двигуні";"52";"℃";
"63577.6643908";"Прискорення";"0.0815841990271207";"g";
"63577.6643908";"Пройдений шлях";"2.7951530604444446";"km";
"63577.6643908";"Пройдений шлях (Сьогодні)";"2.795154";"km";
"63577.6643908";"Пройдений шлях (Тиждень)";"2.795154";"km";
"63577.6643908";"Пройдений шлях(загальний)";"2.795154";"km";
"63577.6643908";"Середня швидкість";"23.811558267717007";"km/h";
"63577.6643908";"Швидкість автомобіля";"46";"km/h";
"63577.7594914";"Розрахунковий наддув";"-0.06";"bar";
"63577.7594914";"Тиск у впускному колекторі (абсолютний)";"93";"kPa";
"63577.8729488";"[BMS] HV State of charge";"65";"%";
"63577.9366146";"[BMS] HV Battery voltage";"358.38";"V";
"63578.0078173";"[BMS] Max Cell Voltage";"3.71";"V";
"63578.0708154";"[BMS] Min Cell Voltage";"3.695";"V";
"63578.1305902";"[BMS] HV Battery Current";"-35.049999999999955";"A";
"63578.1808194";"[BMS] HV Battery Current (Low)";"-30.449999999999818";"A";
"63578.2391923";"[BMS] HV Battery Current (High)";"-27.799999999999955";"A";
"63578.3111701";"[BMS] HV Battery Temperature Sensor 1";"26";"℃";
"63578.3677979";"[BMS] HV Battery Temperature Sensor 2";"26";"℃";
"63578.4269828";"[BMS] HV Battery Temperature Sensor 3";"25";"℃";
"63578.4945953";"[BMS] HV Battery Temperature Sensor 4";"25";"℃";
"63578.5589942";"[BMS] HV Battery Intake Air Temperature";"23";"℃";
"63578.6830771";"[VCM] Traction motor temperature";"40";"℃";
"63578.7360321";"[VCM] HV Coolant Temperature";"25";"℃";
"63578.8350499";"[VCM] Target Motor Torque";"63.96875";"N⋅m";
"63578.8877805";"[VCM] Available Motor Maximum Output";"13";"%";
"63578.9228302";"[VCM] Motor RPM";"4352";"rpm";
"63578.9228302";"[VCM] Motor Torque";"0.265625";"N⋅m";
"63578.9808565";"[VCM] Vehicle Speed";"50";"km/h";
"63579.120289";"Розрахункове значення навантаження на двигун";"41.568627450980394";"%";
"63579.1838076";"Температура охолодної рідини";"72";"℃";
"63579.237148";"Оберти двигуна";"1837";"rpm";
"63579.237148";"Оберти двигуна x1000";"1.8";"rpm";
"63579.2982188";"Температура олії у двигуні";"52";"℃";
"63579.35157";"Прискорення";"0.09446381392823273";"g";
"63579.35157";"Пройдений шлях";"2.818585142388889";"km";
"63579.35157";"Пройдений шлях (Сьогодні)";"2.818586";"km";
"63579.35157";"Пройдений шлях (Тиждень)";"2.818586";"km";
"63579.35157";"Пройдений шлях(загальний)";"2.818586";"km";
"63579.35157";"Середня швидкість";"23.915694622604498";"km/h";
"63579.35157";"Швидкість автомобіля";"50";"km/h";
"63579.4502184";"Розрахунковий наддув";"-0.05";"bar";
"63579.4502184";"Тиск у впускному колекторі (абсолютний)";"94";"kPa";
"63579.5526632";"[BMS] HV State of charge";"65";"%";
"63579.6149594";"[BMS] HV Battery voltage";"357.09000000000003";"V";
"63579.6918164";"[BMS] Max Cell Voltage";"3.721";"V";
"63579.7594955";"[BMS] Min Cell Voltage";"3.705";"V";
"63579.812215";"[BMS] HV Battery Current";"-12.849999999999909";"A";
"63579.867406";"[BMS] HV Battery Current (Low)";"-8.799999999999955";"A";
"63579.9396434";"[BMS] HV Battery Current (High)";"-8.349999999999909";"A";
"63579.9884597";"[BMS] HV Battery Temperature Sensor 1";"26";"℃";
"63580.062803";"[BMS] HV Battery Temperature Sensor 2";"26";"℃";
"63580.1276685";"[BMS] HV Battery Temperature Sensor 3";"25";"℃";
"63580.2085438";"[BMS] HV Battery Temperature Sensor 4";"25";"℃";
"63580.2720321";"[BMS] HV Battery Intake Air Temperature";"23";"℃";
"63580.3547063";"[VCM] Traction motor temperature";"41";"℃";
"63580.4181248";"[VCM] HV Coolant Temperature";"25";"℃";
"63580.489942";"[VCM] Target Motor Torque";"-5.484375";"N⋅m";
"63580.5412568";"[VCM] Available Motor Maximum Output";"13";"%";
"63580.5924644";"[VCM] Motor RPM";"768";"rpm";
"63580.5924644";"[VCM] Motor Torque";"0.046875";"N⋅m";
"63580.6598216";"[VCM] Vehicle Speed";"52";"km/h";
"63580.8006424";"Розрахункове значення навантаження на двигун";"39.6078431372549";"%";
"63580.8581323";"Оберти двигуна";"2001";"rpm";
"63580.8581323";"Оберти двигуна x1000";"2";"rpm";
"63580.9146853";"Температура олії у двигуні";"52";"℃";
"63580.9693626";"Прискорення";"0.0772104354091958";"g";
"63580.9693626";"Пройдений шлях";"2.8419533111666664";"km";
"63580.9693626";"Пройдений шлях (Сьогодні)";"2.841954";"km";
"63580.9693626";"Пройдений шлях (Тиждень)";"2.841954";"km";
"63580.9693626";"Пройдений шлях(загальний)";"2.841954";"km";
"63580.9693626";"Середня швидкість";"24.022374872619615";"km/h";
"63580.9693626";"Швидкість автомобіля";"52";"km/h";
"63581.0673807";"Розрахунковий наддув";"-0.01";"bar";
"63581.0673807";"Тиск у впускному колекторі (абсолютний)";"98";"kPa";
"63581.1866157";"[BMS] HV State of charge";"65";"%";
"63581.2361366";"[BMS] HV Battery voltage";"366.59000000000003";"V";
"63581.3127838";"[BMS] Max Cell Voltage";"3.817";"V";
"63581.3839324";"[BMS] Min Cell Voltage";"3.806";"V";
"63581.4357016";"[BMS] HV Battery Current";"70.05000000000018";"A";
"63581.4993938";"[BMS] HV Battery Current (Low)";"-1600";"A";
"63581.5877188";"[BMS] HV Battery Current (High)";"58.30000000000018";"A";
"63581.6472904";"[BMS] HV Battery Temperature Sensor 1";"26";"℃";
"63581.7027711";"[BMS] HV Battery Temperature Sensor 2";"26";"℃";
"63581.7585432";"[BMS] HV Battery Temperature Sensor 3";"25";"℃";
"63581.814404";"[BMS] HV Battery Temperature Sensor 4";"25";"℃";
"63581.8848892";"[BMS] HV Battery Intake Air Temperature";"23";"℃";
"63581.9956206";"[VCM] Traction motor temperature";"41";"℃";
"63582.0599581";"[VCM] HV Coolant Temperature";"25";"℃";
"63582.1346869";"[VCM] Target Motor Torque";"48.484375";"N⋅m";
"63582.1960338";"[VCM] Available Motor Maximum Output";"100";"%";
"63582.2435136";"[VCM] Motor RPM";"2336";"rpm";
"63582.2435136";"[VCM] Motor Torque";"0.140625";"N⋅m";
"63582.2940459";"[VCM] Vehicle Speed";"53";"km/h";
"63582.4341687";"Розрахункове значення навантаження на двигун";"40.3921568627451";"%";
"63582.507072";"Температура охолодної рідини";"71";"℃";
"63582.5624203";"Оберти двигуна";"2003";"rpm";
"63582.5624203";"Оберти двигуна x1000";"2";"rpm";
"63582.618735";"Температура олії у двигуні";"52";"℃";
"63582.7188293";"Прискорення";"0.05090942106259199";"g";
"63582.7188293";"Пройдений шлях";"2.8677093501666664";"km";
"63582.7188293";"Пройдений шлях (Сьогодні)";"2.86771";"km";
"63582.7188293";"Пройдений шлях (Тиждень)";"2.86771";"km";
"63582.7188293";"Пройдений шлях(загальний)";"2.86771";"km";
"63582.7188293";"Середня швидкість";"24.140920266379617";"km/h";
"63582.7188293";"Швидкість автомобіля";"53";"km/h";
"63582.7905393";"Розрахунковий наддув";"-0.01";"bar";
"63582.7905393";"Тиск у впускному колекторі (абсолютний)";"98";"kPa";
"63582.9278232";"[BMS] HV State of charge";"65.5";"%";
"63582.9864258";"[BMS] HV Battery voltage";"373.03000000000003";"V";
"63583.0269452";"[BMS] Max Cell Voltage";"3.851";"V";
"63583.0794778";"[BMS] Min Cell Voltage";"3.839";"V";
"63583.1325493";"[BMS] HV Battery Current";"45.25";"A";
"63583.1872401";"[BMS] HV Battery Current (Low)";"22.800000000000182";"A";
"63583.2635247";"[BMS] HV Battery Current (High)";"10.450000000000045";"A";
"63583.3168402";"[BMS] HV Battery Temperature Sensor 1";"26";"℃";
"63583.3808163";"[BMS] HV Battery Temperature Sensor 2";"26";"℃";
"63583.4324859";"[BMS] HV Battery Temperature Sensor 3";"25";"℃";
"63583.5228967";"[BMS] HV Battery Temperature Sensor 4";"25";"℃";
"63583.5804074";"[BMS] HV Battery Intake Air Temperature";"23";"℃";
"63583.7077389";"[VCM] Traction motor temperature";"41";"℃";
"63583.7945988";"[VCM] HV Coolant Temperature";"25";"℃";
"63583.8557647";"[VCM] Target Motor Torque";"33.109375";"N⋅m";
"63583.918065";"[VCM] Available Motor Maximum Output";"100";"%";
"63583.9581722";"[VCM] Motor RPM";"2240";"rpm";
"63583.9581722";"[VCM] Motor Torque";"0.125";"N⋅m";
"63584.0165412";"[VCM] Vehicle Speed";"53";"km/h";
"63584.1460763";"Розрахункове значення навантаження на двигун";"40.3921568627451";"%";
"63584.2038312";"Оберти двигуна";"2000";"rpm";
"63584.2038312";"Оберти двигуна x1000";"2";"rpm";
"63584.2694711";"Температура олії у двигуні";"52";"℃";
"63584.3346511";"Прискорення";"0.029725699388895823";"g";
"63584.3346511";"Пройдений шлях";"2.891497768583333";"km";
"63584.3346511";"Пройдений шлях (Сьогодні)";"2.891498";"km";
"63584.3346511";"Пройдений шлях (Тиждень)";"2.891498";"km";
"63584.3346511";"Пройдений шлях(загальний)";"2.891498";"km";
"63584.3346511";"Середня швидкість";"24.249551076618605";"km/h";
"63584.3346511";"Швидкість автомобіля";"53";"km/h";
"63584.4187547";"Розрахунковий наддув";"-0.01";"bar";
"63584.4187547";"Тиск у впускному колекторі (абсолютний)";"98";"kPa";
"63584.5323897";"[BMS] HV State of charge";"65.5";"%";
"63584.6125664";"[BMS] HV Battery voltage";"367.40000000000003";"V";
"63584.6706593";"[BMS] Max Cell Voltage";"3.795";"V";
"63584.7280969";"[BMS] Min Cell Voltage";"3.781";"V";
"63584.787684";"[BMS] HV Battery Current";"16.350000000000136";"A";
"63584.8472536";"[BMS] HV Battery Current (Low)";"17.5";"A";
"63584.9106055";"[BMS] HV Battery Current (High)";"14.300000000000182";"A";
"63584.970657";"[BMS] HV Battery Temperature Sensor 1";"26";"℃";
"63585.0265897";"[BMS] HV Battery Temperature Sensor 2";"26";"℃";
"63585.0871626";"[BMS] HV Battery Temperature Sensor 3";"25";"℃";
"63585.1756796";"[BMS] HV Battery Temperature Sensor 4";"25";"℃";
"63585.2159705";"[BMS] HV Battery Intake Air Temperature";"23";"℃";
"63585.3010185";"[VCM] Traction motor temperature";"41";"℃";
"63585.3588581";"[VCM] HV Coolant Temperature";"25";"℃";
"63585.4397809";"[VCM] Target Motor Torque";"30.921875";"N⋅m";
"63585.4966274";"[VCM] Available Motor Maximum Output";"13";"%";
"63585.564398";"[VCM] Motor RPM";"2304";"rpm";
"63585.564398";"[VCM] Motor Torque";"0.140625";"N⋅m";
"63585.6259316";"[VCM] Vehicle Speed";"55";"km/h";
"63585.7401171";"Розрахункове значення навантаження на двигун";"40.3921568627451";"%";
"63585.7912194";"Температура охолодної рідини";"71";"℃";
"63585.8495182";"Оберти двигуна";"2000";"rpm";
"63585.8495182";"Оберти двигуна x1000";"2";"rpm";
"63585.9159693";"Температура олії у двигуні";"52";"℃";
"63585.9809971";"Прискорення";"0.017090737967688348";"g";
"63585.9809971";"Пройдений шлях";"2.9161929795833332";"km";
"63585.9809971";"Пройдений шлях (Сьогодні)";"2.916193";"km";
"63585.9809971";"Пройдений шлях (Тиждень)";"2.916193";"km";
"63585.9809971";"Пройдений шлях(загальний)";"2.916193";"km";
"63585.9809971";"Середня швидкість";"24.36321715614507";"km/h";
"63585.9809971";"Швидкість автомобіля";"54";"km/h";
"63586.055987";"Розрахунковий наддув";"0";"bar";
"63586.055987";"Тиск у впускному колекторі (абсолютний)";"99";"kPa";
"63586.1774349";"[BMS] HV State of charge";"65.5";"%";
"63586.2621909";"[BMS] HV Battery voltage";"364.66";"V";
"63586.3155429";"[BMS] Max Cell Voltage";"3.792";"V";
"63586.3667682";"[BMS] Min Cell Voltage";"3.782";"V";
"63586.4308111";"[BMS] HV Battery Current";"12.950000000000045";"A";
"63586.4947927";"[BMS] HV Battery Current (Low)";"17.550000000000182";"A";
"63586.5635604";"[BMS] HV Battery Current (High)";"14.950000000000045";"A";
"63586.6246721";"[BMS] HV Battery Temperature Sensor 1";"26";"℃";
"63586.6873049";"[BMS] HV Battery Temperature Sensor 2";"26";"℃";
"63586.7349088";"[BMS] HV Battery Temperature Sensor 3";"25";"℃";
"63586.8078972";"[BMS] HV Battery Temperature Sensor 4";"25";"℃";
"63586.8640763";"[BMS] HV Battery Intake Air Temperature";"23";"℃";
"63586.9788563";"[VCM] Traction motor temperature";"41";"℃";
"63587.0315567";"[VCM] HV Coolant Temperature";"25";"℃";
"63587.1070548";"[VCM] Target Motor Torque";"29.625";"N⋅m";
"63587.1750423";"[VCM] Available Motor Maximum Output";"100";"%";
"63587.2192249";"[VCM] Motor RPM";"1632";"rpm";
"63587.2192249";"[VCM] Motor Torque";"0.09375";"N⋅m";
"63587.3197982";"[VCM] Vehicle Speed";"56";"km/h";
"63587.4430119";"Розрахункове значення навантаження на двигун";"40.3921568627451";"%";
"63587.4966885";"Оберти двигуна";"2001";"rpm";
"63587.4966885";"Оберти двигуна x1000";"2";"rpm";
"63587.5506973";"Температура олії у двигуні";"52";"℃";
"63587.6363018";"Прискорення";"0.012745931608539946";"g";
"63587.6363018";"Пройдений шлях";"2.9414823019444443";"km";
"63587.6363018";"Пройдений шлях (Сьогодні)";"2.941482";"km";
"63587.6363018";"Пройдений шлях (Тиждень)";"2.941482";"km";
"63587.6363018";"Пройдений шлях(загальний)";"2.941482";"km";
"63587.6363018";"Середня швидкість";"24.480455836607156";"km/h";
"63587.6363018";"Швидкість автомобіля";"55";"km/h";
"63587.7333514";"Розрахунковий наддув";"0";"bar";
"63587.7333514";"Тиск у впускному колекторі (абсолютний)";"99";"kPa";
"63587.8486932";"[BMS] HV State of charge";"66";"%";
"63587.9468568";"[BMS] HV Battery voltage";"363.37";"V";
"63587.9989424";"[BMS] Max Cell Voltage";"3.763";"V";
"63588.0578754";"[BMS] Min Cell Voltage";"3.753";"V";
"63588.1258275";"[BMS] HV Battery Current";"-18.149999999999864";"A";
"63588.2051256";"[BMS] HV Battery Current (Low)";"-3.099999999999909";"A";
"63588.2720825";"[BMS] HV Battery Current (High)";"8.100000000000136";"A";
"63588.3301006";"[BMS] HV Battery Temperature Sensor 1";"26";"℃";
"63588.3851141";"[BMS] HV Battery Temperature Sensor 2";"26";"℃";
"63588.4606753";"[BMS] HV Battery Temperature Sensor 3";"25";"℃";
"63588.5238919";"[BMS] HV Battery Temperature Sensor 4";"25";"℃";
"63588.5862022";"[BMS] HV Battery Intake Air Temperature";"23";"℃";
"63588.6707559";"[VCM] Traction motor temperature";"41";"℃";
"63588.7785248";"[VCM] HV Coolant Temperature";"25";"℃";
"63588.8231533";"[VCM] Target Motor Torque";"36.796875";"N⋅m";
"63588.8799597";"[VCM] Available Motor Maximum Output";"100";"%";
"63588.936099";"[VCM] Motor RPM";"3424";"rpm";
"63588.936099";"[VCM] Motor Torque";"0.203125";"N⋅m";
"63589.0401479";"[VCM] Vehicle Speed";"57";"km/h";
"63589.1263292";"Розрахункове значення навантаження на двигун";"40.78431372549019";"%";
"63589.1925629";"Температура охолодної рідини";"71";"℃";
"63589.2431124";"Оберти двигуна";"1999";"rpm";
"63589.2431124";"Оберти двигуна x1000";"2";"rpm";
"63589.3137141";"Температура олії у двигуні";"52";"℃";
"63589.3710601";"Прискорення";"0.017032151296072294";"g";
"63589.3710601";"Пройдений шлях";"2.9689494635277778";"km";
"63589.3710601";"Пройдений шлях (Сьогодні)";"2.968949";"km";
"63589.3710601";"Пройдений шлях (Тиждень)";"2.968949";"km";
"63589.3710601";"Пройдений шлях(загальний)";"2.968949";"km";
"63589.3710601";"Середня швидкість";"24.61035262309491";"km/h";
"63589.3710601";"Швидкість автомобіля";"57";"km/h";
"63589.4509861";"Розрахунковий наддув";"0";"bar";
"63589.4509861";"Тиск у впускному колекторі (абсолютний)";"99";"kPa";
"63589.5925197";"[BMS] HV State of charge";"66";"%";
"63589.6436235";"[BMS] HV Battery voltage";"365.79";"V";
"63589.6989404";"[BMS] Max Cell Voltage";"3.788";"V";
"63589.7557784";"[BMS] Min Cell Voltage";"3.775";"V";
"63589.8555016";"[BMS] HV Battery Current";"6.300000000000182";"A";
"63589.9120373";"[BMS] HV Battery Current (Low)";"3.7000000000000455";"A";
"63589.9605171";"[BMS] HV Battery Current (High)";"3.2000000000000455";"A";
"63590.0300717";"[BMS] HV Battery Temperature Sensor 1";"26";"℃";
"63590.1196937";"[BMS] HV Battery Temperature Sensor 2";"26";"℃";
"63590.1711664";"[BMS] HV Battery Temperature Sensor 3";"25";"℃";
"63590.2343647";"[BMS] HV Battery Temperature Sensor 4";"25";"℃";
"63590.2949202";"[BMS] HV Battery Intake Air Temperature";"23";"℃";
"63590.444528";"[VCM] Traction motor temperature";"41";"℃";
"63590.511587";"[VCM] HV Coolant Temperature";"25";"℃";
"63590.5795344";"[VCM] Target Motor Torque";"49.078125";"N⋅m";
"63590.6599403";"[VCM] Available Motor Maximum Output";"100";"%";
"63590.7032793";"[VCM] Motor RPM";"3136";"rpm";
"63590.7032793";"[VCM] Motor Torque";"0.1875";"N⋅m";
"63590.7890088";"[VCM] Vehicle Speed";"60";"km/h";
"63590.9341106";"Розрахункове значення навантаження на двигун";"40.3921568627451";"%";
"63591.0311104";"Оберти двигуна";"1999";"rpm";
"63591.0311104";"Оберти двигуна x1000";"2";"rpm";
"63591.1340969";"Температура олії у двигуні";"52";"℃";
"63591.2076361";"Прискорення";"0.024727640488519623";"g";
"63591.2076361";"Пройдений шлях";"2.9990497360833333";"km";
"63591.2076361";"Пройдений шлях (Сьогодні)";"2.999049";"km";
"63591.2076361";"Пройдений шлях (Тиждень)";"2.999049";"km";
"63591.2076361";"Пройдений шлях(загальний)";"2.999049";"km";
"63591.2076361";"Середня швидкість";"24.75517258518923";"km/h";
"63591.2076361";"Швидкість автомобіля";"59";"km/h";
"63591.2762927";"Розрахунковий наддув";"0";"bar";
"63591.2762927";"Тиск у впускному колекторі (абсолютний)";"99";"kPa";
"63591.3819006";"[BMS] HV State of charge";"65.5";"%";
"63591.4288766";"[BMS] HV Battery voltage";"366.11";"V";
"63591.5147465";"[BMS] Max Cell Voltage";"3.795";"V";
"63591.5804643";"[BMS] Min Cell Voltage";"3.776";"V";
"63591.632229";"[BMS] HV Battery Current";"4.350000000000136";"A";
"63591.6915276";"[BMS] HV Battery Current (Low)";"2.9500000000000455";"A";
"63591.7680684";"[BMS] HV Battery Current (High)";"4.050000000000182";"A";
"63591.8306396";"[BMS] HV Battery Temperature Sensor 1";"26";"℃";
"63591.8922034";"[BMS] HV Battery Temperature Sensor 2";"26";"℃";
"63591.9424251";"[BMS] HV Battery Temperature Sensor 3";"25";"℃";
"63591.9844978";"[BMS] HV Battery Temperature Sensor 4";"25";"℃";
"63592.0622256";"[BMS] HV Battery Intake Air Temperature";"23";"℃";
"63592.174934";"[VCM] Traction motor temperature";"41";"℃";
"63592.2287948";"[VCM] HV Coolant Temperature";"25";"℃";
"63592.3130123";"[VCM] Target Motor Torque";"32.46875";"N⋅m";
"63592.3636569";"[VCM] Available Motor Maximum Output";"100";"%";
"63592.4150246";"[VCM] Motor RPM";"1824";"rpm";
"63592.4150246";"[VCM] Motor Torque";"0.109375";"N⋅m";
"63592.4748798";"[VCM] Vehicle Speed";"62";"km/h";
"63592.6161761";"Розрахункове значення навантаження на двигун";"40.78431372549019";"%";
"63592.6681822";"Температура охолодної рідини";"71";"℃";
"63592.72451";"Оберти двигуна";"2001";"rpm";
"63592.72451";"Оберти двигуна x1000";"2";"rpm";
"63592.7816418";"Температура олії у двигуні";"53";"℃";
"63592.872761";"Прискорення";"0.02877030545452755";"g";
"63592.872761";"Пройдений шлях";"3.027263291722222";"km";
"63592.872761";"Пройдений шлях (Сьогодні)";"3.027263";"km";
"63592.872761";"Пройдений шлях (Тиждень)";"3.027263";"km";
"63592.872761";"Пройдений шлях(загальний)";"3.027263";"km";
"63592.872761";"Середня швидкість";"24.893020890701486";"km/h";
"63592.872761";"Швидкість автомобіля";"61";"km/h";
"63592.9468376";"Розрахунковий наддув";"0.01";"bar";
"63592.9468376";"Тиск у впускному колекторі (абсолютний)";"100";"kPa";
"63593.0418688";"[BMS] HV State of charge";"65.5";"%";
"63593.0928239";"[BMS] HV Battery voltage";"369.49";"V";
"63593.1614165";"[BMS] Max Cell Voltage";"3.836";"V";
"63593.2255102";"[BMS] Min Cell Voltage";"3.847";"V";
"63593.2883191";"[BMS] HV Battery Current";"75.20000000000005";"A";
"63593.3426418";"[BMS] HV Battery Current (Low)";"-1600";"A";
"63593.406792";"[BMS] HV Battery Current (High)";"79.25";"A";
"63593.4701637";"[BMS] HV Battery Temperature Sensor 1";"26";"℃";
"63593.5280326";"[BMS] HV Battery Temperature Sensor 2";"26";"℃";
"63593.5782472";"[BMS] HV Battery Temperature Sensor 3";"25";"℃";
"63593.6483132";"[BMS] HV Battery Temperature Sensor 4";"25";"℃";
"63593.7156778";"[BMS] HV Battery Intake Air Temperature";"23";"℃";
"63593.8279828";"[VCM] Traction motor temperature";"40";"℃";
"63593.8904595";"[VCM] HV Coolant Temperature";"25";"℃";
"63593.9568937";"[VCM] Target Motor Torque";"40.453125";"N⋅m";
"63594.0236616";"[VCM] Available Motor Maximum Output";"13";"%";
"63594.0795947";"[VCM] Motor RPM";"2912";"rpm";
"63594.0795947";"[VCM] Motor Torque";"0.171875";"N⋅m";
"63594.1710069";"[VCM] Vehicle Speed";"62";"km/h";
"63594.306869";"Розрахункове значення навантаження на двигун";"40.78431372549019";"%";
"63594.3591622";"Оберти двигуна";"2001";"rpm";
"63594.3591622";"Оберти двигуна x1000";"2";"rpm";
"63594.4002394";"Температура олії у двигуні";"53";"℃";
"63594.4626482";"Прискорення";"0.02489658335577404";"g";
"63594.4626482";"Пройдений шлях";"3.054203102972222";"km";
"63594.4626482";"Пройдений шлях (Сьогодні)";"3.054203";"km";
"63594.4626482";"Пройдений шлях (Тиждень)";"3.054203";"km";
"63594.4626482";"Пройдений шлях(загальний)";"3.054203";"km";
"63594.4626482";"Середня швидкість";"25.023670757568276";"km/h";
"63594.4626482";"Швидкість автомобіля";"61";"km/h";
"63594.5355537";"Розрахунковий наддув";"0";"bar";
"63594.5355537";"Тиск у впускному колекторі (абсолютний)";"99";"kPa";
"63594.6426711";"[BMS] HV State of charge";"66";"%";
"63594.7118388";"[BMS] HV Battery voltage";"366.27";"V";
"63594.7914281";"[BMS] Max Cell Voltage";"3.806";"V";
"63594.8432138";"[BMS] Min Cell Voltage";"3.79";"V";
"63594.9103662";"[BMS] HV Battery Current";"22.90000000000009";"A";
"63594.9604302";"[BMS] HV Battery Current (Low)";"-1600";"A";
"63595.0235582";"[BMS] HV Battery Current (High)";"39.950000000000045";"A";
"63595.0955169";"[BMS] HV Battery Temperature Sensor 1";"26";"℃";
"63595.1440601";"[BMS] HV Battery Temperature Sensor 2";"26";"℃";
"63595.2067891";"[BMS] HV Battery Temperature Sensor 3";"25";"℃";
"63595.2575255";"[BMS] HV Battery Temperature Sensor 4";"25";"℃";
"63595.3304624";"[BMS] HV Battery Intake Air Temperature";"23";"℃";
"63595.4676945";"[VCM] Traction motor temperature";"41";"℃";
"63595.5187009";"[VCM] HV Coolant Temperature";"25";"℃";
"63595.5656759";"[VCM] Target Motor Torque";"-15.65625";"N⋅m";
"63595.6384234";"[VCM] Available Motor Maximum Output";"100";"%";
"63595.6883859";"[VCM] Motor RPM";"-1344";"rpm";
"63595.6883859";"[VCM] Motor Torque";"-0.09375";"N⋅m";
"63595.7400827";"[VCM] Vehicle Speed";"62";"km/h";
"63595.8901541";"Розрахункове значення навантаження на двигун";"40.78431372549019";"%";
"63595.9394674";"Температура охолодної рідини";"72";"℃";
"63595.9990524";"Оберти двигуна";"1999";"rpm";
"63595.9990524";"Оберти двигуна x1000";"2";"rpm";
"63596.0517363";"Температура олії у двигуні";"53";"℃";
"63596.1079421";"Прискорення";"0.016818136556643274";"g";
"63596.1079421";"Пройдений шлях";"3.0820816144166665";"km";
"63596.1079421";"Пройдений шлях (Сьогодні)";"3.082082";"km";
"63596.1079421";"Пройдений шлях (Тиждень)";"3.082082";"km";
"63596.1079421";"Пройдений шлях(загальний)";"3.082082";"km";
"63596.1079421";"Середня швидкість";"25.157881266610815";"km/h";
"63596.1079421";"Швидкість автомобіля";"61";"km/h";
"63596.19957";"Розрахунковий наддув";"0";"bar";
"63596.19957";"Тиск у впускному колекторі (абсолютний)";"99";"kPa";
"63596.3144325";"[BMS] HV State of charge";"66.5";"%";
"63596.3800708";"[BMS] HV Battery voltage";"369.17";"V";
"63596.4588379";"[BMS] Max Cell Voltage";"3.826";"V";
"63596.5230877";"[BMS] Min Cell Voltage";"3.815";"V";
"63596.574803";"[BMS] HV Battery Current";"20.200000000000045";"A";
"63596.6347112";"[BMS] HV Battery Current (Low)";"16.800000000000182";"A";
"63596.7240661";"[BMS] HV Battery Current (High)";"19";"A";
"63596.779497";"[BMS] HV Battery Temperature Sensor 1";"26";"℃";
"63596.8438551";"[BMS] HV Battery Temperature Sensor 2";"26";"℃";
"63596.8942734";"[BMS] HV Battery Temperature Sensor 3";"25";"℃";
"63596.9924272";"[BMS] HV Battery Temperature Sensor 4";"25";"℃";
"63597.0302597";"[BMS] HV Battery Intake Air Temperature";"23";"℃";
"63597.1478057";"[VCM] Traction motor temperature";"41";"℃";
"63597.199037";"[VCM] HV Coolant Temperature";"25";"℃";
"63597.2835196";"[VCM] Target Motor Torque";"9.96875";"N⋅m";
"63597.3486657";"[VCM] Available Motor Maximum Output";"13";"%";
"63597.4206224";"[VCM] Motor RPM";"1056";"rpm";
"63597.4206224";"[VCM] Motor Torque";"0.0625";"N⋅m";
"63597.4700894";"[VCM] Vehicle Speed";"61";"km/h";
"63597.6181909";"Розрахункове значення навантаження на двигун";"40.78431372549019";"%";
"63597.666764";"Оберти двигуна";"1998";"rpm";
"63597.666764";"Оберти двигуна x1000";"2";"rpm";
"63597.7245288";"Температура олії у двигуні";"53";"℃";
"63597.8078402";"Прискорення";"0.008583204377118583";"g";
"63597.8078402";"Пройдений шлях";"3.1108854551944445";"km";
"63597.8078402";"Пройдений шлях (Сьогодні)";"3.110886";"km";
"63597.8078402";"Пройдений шлях (Тиждень)";"3.110886";"km";
"63597.8078402";"Пройдений шлях(загальний)";"3.110886";"km";
"63597.8078402";"Середня швидкість";"25.295498703952326";"km/h";
"63597.8078402";"Швидкість автомобіля";"61";"km/h";
"63597.8681231";"Розрахунковий наддув";"0.01";"bar";
"63597.8681231";"Тиск у впускному колекторі (абсолютний)";"100";"kPa";
"63597.9830131";"[BMS] HV State of charge";"66.5";"%";
"63598.0838162";"[BMS] HV Battery voltage";"367.72";"V";
"63598.1490557";"[BMS] Max Cell Voltage";"3.824";"V";
"63598.2514342";"[BMS] Min Cell Voltage";"3.808";"V";
"63598.302698";"[BMS] HV Battery Current";"12.5";"A";
"63598.3899552";"[BMS] HV Battery Current (Low)";"5.150000000000091";"A";
"63598.439656";"[BMS] HV Battery Current (High)";"-1.75";"A";
"63598.5044705";"[BMS] HV Battery Temperature Sensor 1";"26";"℃";
"63598.5589707";"[BMS] HV Battery Temperature Sensor 2";"26";"℃";
"63598.6343762";"[BMS] HV Battery Temperature Sensor 3";"25";"℃";
"63598.6944604";"[BMS] HV Battery Temperature Sensor 4";"25";"℃";
"63598.7479501";"[BMS] HV Battery Intake Air Temperature";"23";"℃";
"63598.861758";"[VCM] Traction motor temperature";"40";"℃";
"63598.9348611";"[VCM] HV Coolant Temperature";"26";"℃";
"63598.9916747";"[VCM] Target Motor Torque";"45.34375";"N⋅m";
"63599.0466299";"[VCM] Available Motor Maximum Output";"100";"%";
"63599.1115786";"[VCM] Motor RPM";"2944";"rpm";
"63599.1115786";"[VCM] Motor Torque";"0.171875";"N⋅m";
"63599.1861634";"[VCM] Vehicle Speed";"63";"km/h";
"63599.3195527";"Розрахункове значення навантаження на двигун";"40.78431372549019";"%";
"63599.383663";"Температура охолодної рідини";"73";"℃";
"63599.4635298";"Оберти двигуна";"2001";"rpm";
"63599.4635298";"Оберти двигуна x1000";"2";"rpm";
"63599.5183283";"Температура олії у двигуні";"54";"℃";
"63599.5705707";"Прискорення";"0.008458123365463192";"g";
"63599.5705707";"Пройдений шлях";"3.1417331671944444";"km";
"63599.5705707";"Пройдений шлях (Сьогодні)";"3.141734";"km";
"63599.5705707";"Пройдений шлях (Тиждень)";"3.141734";"km";
"63599.5705707";"Пройдений шлях(загальний)";"3.141734";"km";
"63599.5705707";"Середня швидкість";"25.445022097287573";"km/h";
"63599.5705707";"Швидкість автомобіля";"63";"km/h";
"63599.6373943";"Розрахунковий наддув";"0";"bar";
"63599.6373943";"Тиск у впускному колекторі (абсолютний)";"99";"kPa";
"63599.7639794";"[BMS] HV State of charge";"66.5";"%";
"63599.819417";"[BMS] HV Battery voltage";"361.44";"V";
"63599.8718023";"[BMS] Max Cell Voltage";"3.764";"V";
"63599.9357086";"[BMS] Min Cell Voltage";"3.734";"V";
"63600.0119229";"[BMS] HV Battery Current";"-52.34999999999991";"A";
"63600.0752038";"[BMS] HV Battery Current (Low)";"-1600";"A";
"63600.1263584";"[BMS] HV Battery Current (High)";"-45.75";"A";
"63600.1754196";"[BMS] HV Battery Temperature Sensor 1";"26";"℃";
"63600.2332971";"[BMS] HV Battery Temperature Sensor 2";"26";"℃";
"63600.3085661";"[BMS] HV Battery Temperature Sensor 3";"25";"℃";
"63600.3675444";"[BMS] HV Battery Temperature Sensor 4";"25";"℃";
"63600.4216691";"[BMS] HV Battery Intake Air Temperature";"23";"℃";
"63600.5819242";"[VCM] Traction motor temperature";"40";"℃";
"63600.6362737";"[VCM] HV Coolant Temperature";"26";"℃";
"63600.6886835";"[VCM] Target Motor Torque";"70.125";"N⋅m";
"63600.7565506";"[VCM] Available Motor Maximum Output";"100";"%";
"63600.8388547";"[VCM] Motor RPM";"4640";"rpm";
"63600.8388547";"[VCM] Motor Torque";"0.28125";"N⋅m";
"63600.8925777";"[VCM] Vehicle Speed";"67";"km/h";
"63601.0064304";"Розрахункове значення навантаження на двигун";"41.1764705882353";"%";
"63601.0700451";"Оберти двигуна";"2046";"rpm";
"63601.0700451";"Оберти двигуна x1000";"2";"rpm";
"63601.1370924";"Температура олії у двигуні";"54";"℃";
"63601.1982686";"Прискорення";"0.02102660829913901";"g";
"63601.1982686";"Пройдений шлях";"3.171574805027778";"km";
"63601.1982686";"Пройдений шлях (Сьогодні)";"3.171576";"km";
"63601.1982686";"Пройдений шлях (Тиждень)";"3.171576";"km";
"63601.1982686";"Пройдений шлях(загальний)";"3.171576";"km";
"63601.1982686";"Середня швидкість";"25.592990492973872";"km/h";
"63601.1982686";"Швидкість автомобіля";"66";"km/h";
"63601.2799539";"Розрахунковий наддув";"0.01";"bar";
"63601.2799539";"Тиск у впускному колекторі (абсолютний)";"100";"kPa";
"63601.4092491";"[BMS] HV State of charge";"66";"%";
"63601.472342";"[BMS] HV Battery voltage";"359.83";"V";
"63601.523083";"[BMS] Max Cell Voltage";"3.75";"V";
"63601.5827362";"[BMS] Min Cell Voltage";"3.738";"V";
"63601.6582399";"[BMS] HV Battery Current";"-34.44999999999982";"A";
"63601.715905";"[BMS] HV Battery Current (Low)";"-28.049999999999955";"A";
"63601.770963";"[BMS] HV Battery Current (High)";"-28";"A";
"63601.8460566";"[BMS] HV Battery Temperature Sensor 1";"26";"℃";
"63601.9440946";"[BMS] HV Battery Temperature Sensor 2";"26";"℃";
"63602.0011357";"[BMS] HV Battery Temperature Sensor 3";"25";"℃";
"63602.0559289";"[BMS] HV Battery Temperature Sensor 4";"25";"℃";
"63602.1100224";"[BMS] HV Battery Intake Air Temperature";"23";"℃";
"63602.2119749";"[VCM] Traction motor temperature";"40";"℃";
"63602.2688929";"[VCM] HV Coolant Temperature";"26";"℃";
"63602.3244131";"[VCM] Target Motor Torque";"45.5";"N⋅m";
"63602.3792327";"[VCM] Available Motor Maximum Output";"13";"%";
"63602.4347036";"[VCM] Motor RPM";"2912";"rpm";
"63602.4347036";"[VCM] Motor Torque";"0.171875";"N⋅m";
"63602.511446";"[VCM] Vehicle Speed";"69";"km/h";
"63602.6237892";"Розрахункове значення навантаження на двигун";"40.3921568627451";"%";
"63602.6795622";"Температура охолодної рідини";"74";"℃";
"63602.7655351";"Оберти двигуна";"2015";"rpm";
"63602.7655351";"Оберти двигуна x1000";"2";"rpm";
"63602.8201188";"Температура олії у двигуні";"54";"℃";
"63602.8752942";"Прискорення";"0.03348482531062394";"g";
"63602.8752942";"Пройдений шлях";"3.2037171210277777";"km";
"63602.8752942";"Пройдений шлях (Сьогодні)";"3.203718";"km";
"63602.8752942";"Пройдений шлях (Тиждень)";"3.203718";"km";
"63602.8752942";"Пройдений шлях(загальний)";"3.203718";"km";
"63602.8752942";"Середня швидкість";"25.75554707505861";"km/h";
"63602.8752942";"Швидкість автомобіля";"69";"km/h";
"63602.9352397";"Розрахунковий наддув";"0";"bar";
"63602.9352397";"Тиск у впускному колекторі (абсолютний)";"99";"kPa";
"63603.0716726";"[BMS] HV State of charge";"66";"%";
"63603.136748";"[BMS] HV Battery voltage";"371.91";"V";
"63603.189043";"[BMS] Max Cell Voltage";"3.858";"V";
"63603.243623";"[BMS] Min Cell Voltage";"3.847";"V";
"63603.3459831";"[BMS] HV Battery Current";"86.10000000000014";"A";
"63603.3955601";"[BMS] HV Battery Current (Low)";"-1600";"A";
"63603.4547216";"[BMS] HV Battery Current (High)";"88.65000000000009";"A";
"63603.5196128";"[BMS] HV Battery Temperature Sensor 1";"26";"℃";
"63603.5844191";"[BMS] HV Battery Temperature Sensor 2";"26";"℃";
"63603.6468838";"[BMS] HV Battery Temperature Sensor 3";"25";"℃";
"63603.707362";"[BMS] HV Battery Temperature Sensor 4";"25";"℃";
"63603.7615291";"[BMS] HV Battery Intake Air Temperature";"23";"℃";
"63603.883762";"[VCM] Traction motor temperature";"40";"℃";
"63603.9387961";"[VCM] HV Coolant Temperature";"26";"℃";
"63603.974596";"[VCM] Target Motor Torque";"-10.8125";"N⋅m";
"63604.0393839";"[VCM] Available Motor Maximum Output";"100";"%";
"63604.1010027";"[VCM] Motor RPM";"-928";"rpm";
"63604.1010027";"[VCM] Motor Torque";"-0.0625";"N⋅m";
"63604.1644612";"[VCM] Vehicle Speed";"68";"km/h";
"63604.2749676";"Розрахункове значення навантаження на двигун";"40.78431372549019";"%";
"63604.3384961";"Оберти двигуна";"2000";"rpm";
"63604.3384961";"Оберти двигуна x1000";"2";"rpm";
"63604.4336059";"Температура олії у двигуні";"54";"℃";
"63604.4963062";"Пройдений шлях";"3.234337566361111";"km";
"63604.4963062";"Пройдений шлях (Сьогодні)";"3.234338";"km";
"63604.4963062";"Пройдений шлях (Тиждень)";"3.234338";"km";
"63604.4963062";"Пройдений шлях(загальний)";"3.234338";"km";
"63604.4963062";"Середня швидкість";"25.90792412160324";"km/h";
"63604.4963062";"Швидкість автомобіля";"68";"km/h";
"63604.5542243";"Розрахунковий наддув";"0.01";"bar";
"63604.5542243";"Тиск у впускному колекторі (абсолютний)";"100";"kPa";
"63604.685309";"[BMS] HV State of charge";"66.5";"%";
"63604.7420027";"[BMS] HV Battery voltage";"365.95";"V";
"63604.7979572";"[BMS] Max Cell Voltage";"3.801";"V";
"63604.8550306";"[BMS] Min Cell Voltage";"3.794";"V";
"63604.9109634";"[BMS] HV Battery Current";"4.4500000000000455";"A";
"63604.990953";"[BMS] HV Battery Current (Low)";"2.650000000000091";"A";
"63605.0280438";"[BMS] HV Battery Current (High)";"0.40000000000009095";"A";
"63605.0834063";"[BMS] HV Battery Temperature Sensor 1";"26";"℃";
"63605.1494945";"[BMS] HV Battery Temperature Sensor 2";"26";"℃";
"63605.1985428";"[BMS] HV Battery Temperature Sensor 3";"25";"℃";
"63605.2629579";"[BMS] HV Battery Temperature Sensor 4";"25";"℃";
"63605.3237316";"[BMS] HV Battery Intake Air Temperature";"23";"℃";
"63605.435169";"[VCM] Traction motor temperature";"41";"℃";
"63605.5061817";"[VCM] HV Coolant Temperature";"26";"℃";
"63605.5677757";"[VCM] Target Motor Torque";"-16.515625";"N⋅m";
"63605.6190184";"[VCM] Available Motor Maximum Output";"13";"%";
"63605.6549188";"[VCM] Motor RPM";"-672";"rpm";
"63605.6549188";"[VCM] Motor Torque";"-0.046875";"N⋅m";
"63605.7121445";"[VCM] Vehicle Speed";"68";"km/h";
"63605.8435845";"Розрахункове значення навантаження на двигун";"40.78431372549019";"%";
"63605.90026";"Температура охолодної рідини";"75";"℃";
"63605.9647367";"Оберти двигуна";"2000";"rpm";
"63605.9647367";"Оберти двигуна x1000";"2";"rpm";
"63606.0196288";"Температура олії у двигуні";"55";"℃";
"63606.080278";"Пройдений шлях";"3.2642557700277774";"km";
"63606.080278";"Пройдений шлях (Сьогодні)";"3.264256";"km";
"63606.080278";"Пройдений шлях (Тиждень)";"3.264256";"km";
"63606.080278";"Пройдений шлях(загальний)";"3.264256";"km";
"63606.080278";"Середня швидкість";"26.055748588278167";"km/h";
"63606.080278";"Швидкість автомобіля";"68";"km/h";
"63606.1186926";"Розрахунковий наддув";"0.01";"bar";
"63606.1186926";"Тиск у впускному колекторі (абсолютний)";"100";"kPa";
"63606.2078471";"[BMS] HV State of charge";"67";"%";
"63606.2650649";"[BMS] HV Battery voltage";"375.61";"V";
"63606.3315895";"[BMS] Max Cell Voltage";"3.913";"V";
"63606.3976218";"[BMS] Min Cell Voltage";"3.896";"V";
"63606.4428716";"[BMS] HV Battery Current";"91.45000000000005";"A";
"63606.4791024";"[BMS] HV Battery Current (Low)";"-1600";"A";
"63606.531448";"[BMS] HV Battery Current (High)";"90.80000000000018";"A";
"63606.5710484";"[BMS] HV Battery Temperature Sensor 1";"26";"℃";
"63606.635066";"[BMS] HV Battery Temperature Sensor 2";"26";"℃";
"63606.699826";"[BMS] HV Battery Temperature Sensor 3";"25";"℃";
"63606.7528424";"[BMS] HV Battery Temperature Sensor 4";"25";"℃";
"63606.807523";"[BMS] HV Battery Intake Air Temperature";"23";"℃";
"63606.9393614";"[VCM] Traction motor temperature";"40";"℃";
"63606.9954235";"[VCM] HV Coolant Temperature";"26";"℃";
"63607.0505272";"[VCM] Target Motor Torque";"-31.375";"N⋅m";
"63607.1104036";"[VCM] Available Motor Maximum Output";"13";"%";
"63607.1833058";"[VCM] Motor RPM";"-1824";"rpm";
"63607.1833058";"[VCM] Motor Torque";"-0.125";"N⋅m";
"63607.2463468";"[VCM] Vehicle Speed";"65";"km/h";
"63607.3522973";"Розрахункове значення навантаження на двигун";"40.78431372549019";"%";
"63607.4341362";"Оберти двигуна";"1999";"rpm";
"63607.4341362";"Оберти двигуна x1000";"2";"rpm";
"63607.4999162";"Температура олії у двигуні";"55";"℃";
"63607.5620019";"Прискорення";"-0.0044510743969264095";"g";
"63607.5620019";"Пройдений шлях";"3.2910091037777773";"km";
"63607.5620019";"Пройдений шлях (Сьогодні)";"3.291009";"km";
"63607.5620019";"Пройдений шлях (Тиждень)";"3.291009";"km";
"63607.5620019";"Пройдений шлях(загальний)";"3.291009";"km";
"63607.5620019";"Середня швидкість";"26.183275783307547";"km/h";
"63607.5620019";"Швидкість автомобіля";"65";"km/h";
"63607.6379391";"Розрахунковий наддув";"0.01";"bar";
"63607.6379391";"Тиск у впускному колекторі (абсолютний)";"100";"kPa";
"63607.7483592";"[BMS] HV State of charge";"67.5";"%";
"63607.8024435";"[BMS] HV Battery voltage";"377.06";"V";
"63607.8645084";"[BMS] Max Cell Voltage";"3.926";"V";
"63607.9280028";"[BMS] Min Cell Voltage";"3.917";"V";
"63608.0117251";"[BMS] HV Battery Current";"86.75";"A";
"63608.0641628";"[BMS] HV Battery Current (Low)";"-1600";"A";
"63608.1394021";"[BMS] HV Battery Current (High)";"40.80000000000018";"A";
"63608.1920219";"[BMS] HV Battery Temperature Sensor 1";"26";"℃";
"63608.2833501";"[BMS] HV Battery Temperature Sensor 2";"26";"℃";
"63608.3469314";"[BMS] HV Battery Temperature Sensor 3";"25";"℃";
"63608.4006131";"[BMS] HV Battery Temperature Sensor 4";"25";"℃";
"63608.4595499";"[BMS] HV Battery Intake Air Temperature";"23";"℃";
"63608.5987124";"[VCM] Traction motor temperature";"41";"℃";
"63608.6499538";"[VCM] HV Coolant Temperature";"26";"℃";
"63608.7005235";"[VCM] Target Motor Torque";"-20.96875";"N⋅m";
"63608.7768947";"[VCM] Available Motor Maximum Output";"100";"%";
"63608.8441812";"[VCM] Motor RPM";"-1216";"rpm";
"63608.8441812";"[VCM] Motor Torque";"-0.078125";"N⋅m";
"63608.8986256";"[VCM] Vehicle Speed";"63";"km/h";
"63609.014592";"Розрахункове значення навантаження на двигун";"40.78431372549019";"%";
"63609.08988";"Температура охолодної рідини";"76";"℃";
"63609.1363335";"Оберти двигуна";"1999";"rpm";
"63609.1363335";"Оберти двигуна x1000";"2";"rpm";
"63609.1958035";"Температура олії у двигуні";"55";"℃";
"63609.258675";"Прискорення";"-0.031061620595074953";"g";
"63609.258675";"Пройдений шлях";"3.3202295367222217";"km";
"63609.258675";"Пройдений шлях (Сьогодні)";"3.320229";"km";
"63609.258675";"Пройдений шлях (Тиждень)";"3.320229";"km";
"63609.258675";"Пройдений шлях(загальний)";"3.320229";"km";
"63609.258675";"Середня швидкість";"26.317073996181964";"km/h";
"63609.258675";"Швидкість автомобіля";"62";"km/h";
"63609.3643634";"Розрахунковий наддув";"0.01";"bar";
"63609.3643634";"Тиск у впускному колекторі (абсолютний)";"100";"kPa";
"63609.4758632";"[BMS] HV State of charge";"68.5";"%";
"63609.5391244";"[BMS] HV Battery voltage";"376.09000000000003";"V";
"63609.5970698";"[BMS] Max Cell Voltage";"3.892";"V";
"63609.6645949";"[BMS] Min Cell Voltage";"3.881";"V";
"63609.7154972";"[BMS] HV Battery Current";"9.5";"A";
"63609.7722624";"[BMS] HV Battery Current (Low)";"8.350000000000136";"A";
"63609.8352521";"[BMS] HV Battery Current (High)";"2.1000000000001364";"A";
"63609.9189858";"[BMS] HV Battery Temperature Sensor 1";"26";"℃";
"63609.9665245";"[BMS] HV Battery Temperature Sensor 2";"26";"℃";
"63610.0382974";"[BMS] HV Battery Temperature Sensor 3";"25";"℃";
"63610.0878193";"[BMS] HV Battery Temperature Sensor 4";"25";"℃";
"63610.1566854";"[BMS] HV Battery Intake Air Temperature";"23";"℃";
"63610.2816279";"[VCM] Traction motor temperature";"41";"℃";
"63610.3308629";"[VCM] HV Coolant Temperature";"26";"℃";
"63610.3929883";"[VCM] Target Motor Torque";"34.515625";"N⋅m";
"63610.4700045";"[VCM] Available Motor Maximum Output";"100";"%";
"63610.5190967";"[VCM] Motor RPM";"2560";"rpm";
"63610.5190967";"[VCM] Motor Torque";"0.15625";"N⋅m";
"63610.5866193";"[VCM] Vehicle Speed";"62";"km/h";
"63610.6955276";"Розрахункове значення навантаження на двигун";"40.78431372549019";"%";
"63610.7826138";"Оберти двигуна";"2000";"rpm";
"63610.7826138";"Оберти двигуна x1000";"2";"rpm";
"63610.8347695";"Температура олії у двигуні";"55";"℃";
"63610.8875706";"Прискорення";"-0.026591405319264846";"g";
"63610.8875706";"Пройдений шлях";"3.348282935055555";"km";
"63610.8875706";"Пройдений шлях (Сьогодні)";"3.348282";"km";
"63610.8875706";"Пройдений шлях (Тиждень)";"3.348282";"km";
"63610.8875706";"Пройдений шлях(загальний)";"3.348282";"km";
"63610.8875706";"Середня швидкість";"26.444591251796574";"km/h";
"63610.8875706";"Швидкість автомобіля";"62";"km/h";
"63610.9509155";"Розрахунковий наддув";"0.01";"bar";
"63610.9509155";"Тиск у впускному колекторі (абсолютний)";"100";"kPa";
"63611.0981072";"[BMS] HV State of charge";"68.5";"%";
"63611.1469648";"[BMS] HV Battery voltage";"371.58";"V";
"63611.2118949";"[BMS] Max Cell Voltage";"3.847";"V";
"63611.2837114";"[BMS] Min Cell Voltage";"3.836";"V";
"63611.3438995";"[BMS] HV Battery Current";"12";"A";
"63611.3956645";"[BMS] HV Battery Current (Low)";"13.450000000000045";"A";
"63611.4599438";"[BMS] HV Battery Current (High)";"12.800000000000182";"A";
"63611.5133021";"[BMS] HV Battery Temperature Sensor 1";"26";"℃";
"63611.581588";"[BMS] HV Battery Temperature Sensor 2";"26";"℃";
"63611.6461265";"[BMS] HV Battery Temperature Sensor 3";"25";"℃";
"63611.6961523";"[BMS] HV Battery Temperature Sensor 4";"25";"℃";
"63611.7618273";"[BMS] HV Battery Intake Air Temperature";"23";"℃";
"63611.8863491";"[VCM] Traction motor temperature";"40";"℃";
"63611.9282051";"[VCM] HV Coolant Temperature";"26";"℃";
"63611.9909789";"[VCM] Target Motor Torque";"28.390625";"N⋅m";
"63612.0609702";"[VCM] Available Motor Maximum Output";"100";"%";
"63612.1355729";"[VCM] Motor RPM";"1440";"rpm";
"63612.1355729";"[VCM] Motor Torque";"0.078125";"N⋅m";
"63612.1993202";"[VCM] Vehicle Speed";"64";"km/h";
"63612.3349628";"Розрахункове значення навантаження на двигун";"40.78431372549019";"%";
"63612.4106585";"Температура охолодної рідини";"76";"℃";
"63612.4701602";"Оберти двигуна";"2002";"rpm";
"63612.4701602";"Оберти двигуна x1000";"2";"rpm";
"63612.5238683";"Температура олії у двигуні";"56";"℃";
"63612.5893984";"Пройдений шлях";"3.378537383055555";"km";
"63612.5893984";"Пройдений шлях (Сьогодні)";"3.378536";"km";
"63612.5893984";"Пройдений шлях (Тиждень)";"3.378536";"km";
"63612.5893984";"Пройдений шлях(загальний)";"3.378536";"km";
"63612.5893984";"Середня швидкість";"26.584285335606328";"km/h";
"63612.5893984";"Швидкість автомобіля";"64";"km/h";
"63612.6623228";"Розрахунковий наддув";"0.01";"bar";
"63612.6623228";"Тиск у впускному колекторі (абсолютний)";"100";"kPa";
"63612.7794657";"[BMS] HV State of charge";"68.5";"%";
"63612.8292989";"[BMS] HV Battery voltage";"371.74";"V";
"63612.8861077";"[BMS] Max Cell Voltage";"3.851";"V";
"63612.9593364";"[BMS] Min Cell Voltage";"3.838";"V";
"63613.0202112";"[BMS] HV Battery Current";"14.600000000000136";"A";
"63613.0838535";"[BMS] HV Battery Current (Low)";"16.450000000000045";"A";
"63613.1300959";"[BMS] HV Battery Current (High)";"20.5";"A";
"63613.2281304";"[BMS] HV Battery Temperature Sensor 1";"26";"℃";
"63613.2909749";"[BMS] HV Battery Temperature Sensor 2";"26";"℃";
"63613.3466224";"[BMS] HV Battery Temperature Sensor 3";"25";"℃";
"63613.4067521";"[BMS] HV Battery Temperature Sensor 4";"25";"℃";
"63613.4878202";"[BMS] HV Battery Intake Air Temperature";"23";"℃";
"63613.6070777";"[VCM] Traction motor temperature";"41";"℃";
"63613.6592945";"[VCM] HV Coolant Temperature";"26";"℃";
"63613.7246822";"[VCM] Target Motor Torque";"-21.421875";"N⋅m";
"63613.7902199";"[VCM] Available Motor Maximum Output";"13";"%";
"63613.8603653";"[VCM] Motor RPM";"-1312";"rpm";
"63613.8603653";"[VCM] Motor Torque";"-0.09375";"N⋅m";
"63613.9477132";"[VCM] Vehicle Speed";"64";"km/h";
"63614.0804045";"Розрахункове значення навантаження на двигун";"41.1764705882353";"%";
"63614.1676261";"Оберти двигуна";"1999";"rpm";
"63614.1676261";"Оберти двигуна x1000";"2";"rpm";
"63614.2312588";"Температура олії у двигуні";"56";"℃";
"63614.2795605";"Пройдений шлях";"3.4081153283055547";"km";
"63614.2795605";"Пройдений шлях (Сьогодні)";"3.408114";"km";
"63614.2795605";"Пройдений шлях (Тиждень)";"3.408114";"km";
"63614.2795605";"Пройдений шлях(загальний)";"3.408114";"km";
"63614.2795605";"Середня швидкість";"26.718318145712683";"km/h";
"63614.2795605";"Швидкість автомобіля";"63";"km/h";
"63614.3635988";"Розрахунковий наддув";"0.01";"bar";
"63614.3635988";"Тиск у впускному колекторі (абсолютний)";"100";"kPa";
"63614.4619327";"[BMS] HV State of charge";"69";"%";
"63614.5181681";"[BMS] HV Battery voltage";"378.83";"V";
"63614.5919407";"[BMS] Max Cell Voltage";"3.946";"V";
"63614.6701157";"[BMS] Min Cell Voltage";"3.936";"V";
"63614.7245703";"[BMS] HV Battery Current";"87.35000000000014";"A";
"63614.7885607";"[BMS] HV Battery Current (Low)";"-1600";"A";
"63614.8629857";"[BMS] HV Battery Current (High)";"66.65000000000009";"A";
"63614.9240521";"[BMS] HV Battery Temperature Sensor 1";"26";"℃";
"63614.9773058";"[BMS] HV Battery Temperature Sensor 2";"26";"℃";
"63615.0443079";"[BMS] HV Battery Temperature Sensor 3";"25";"℃";
"63615.1246937";"[BMS] HV Battery Temperature Sensor 4";"25";"℃";
"63615.1745309";"[BMS] HV Battery Intake Air Temperature";"23";"℃";
"63615.2910662";"[VCM] Traction motor temperature";"40";"℃";
"63615.344284";"[VCM] HV Coolant Temperature";"26";"℃";
"63615.418096";"[VCM] Target Motor Torque";"-15.5625";"N⋅m";
"63615.4792328";"[VCM] Available Motor Maximum Output";"100";"%";
"63615.5303415";"[VCM] Motor RPM";"-768";"rpm";
"63615.5303415";"[VCM] Motor Torque";"-0.046875";"N⋅m";
"63615.5825202";"[VCM] Vehicle Speed";"61";"km/h";
"63615.7155093";"Розрахункове значення навантаження на двигун";"40.78431372549019";"%";
"63615.7951047";"Температура охолодної рідини";"77";"℃";
"63615.8490024";"Оберти двигуна";"1999";"rpm";
"63615.8490024";"Оберти двигуна x1000";"2";"rpm";
"63615.9258998";"Температура олії у двигуні";"56";"℃";
"63615.9921739";"Пройдений шлях";"3.4371346702222216";"km";
"63615.9921739";"Пройдений шлях (Сьогодні)";"3.437133";"km";
"63615.9921739";"Пройдений шлях (Тиждень)";"3.437133";"km";
"63615.9921739";"Пройдений шлях(загальний)";"3.437133";"km";
"63615.9921739";"Середня швидкість";"26.84569718919946";"km/h";
"63615.9921739";"Швидкість автомобіля";"61";"km/h";
"63616.049161";"Розрахунковий наддув";"0.01";"bar";
"63616.049161";"Тиск у впускному колекторі (абсолютний)";"100";"kPa";
"63616.1521411";"[BMS] HV State of charge";"69.5";"%";
"63616.2351401";"[BMS] HV Battery voltage";"374.64";"V";
"63616.2947348";"[BMS] Max Cell Voltage";"3.897";"V";
"63616.3541188";"[BMS] Min Cell Voltage";"3.888";"V";
"63616.4034931";"[BMS] HV Battery Current";"36.75";"A";
"63616.4625365";"[BMS] HV Battery Current (Low)";"-1600";"A";
"63616.5280353";"[BMS] HV Battery Current (High)";"41.450000000000045";"A";
"63616.5931952";"[BMS] HV Battery Temperature Sensor 1";"26";"℃";
"63616.6429451";"[BMS] HV Battery Temperature Sensor 2";"26";"℃";
"63616.7027085";"[BMS] HV Battery Temperature Sensor 3";"25";"℃";
"63616.7908607";"[BMS] HV Battery Temperature Sensor 4";"25";"℃";
"63616.8448703";"[BMS] HV Battery Intake Air Temperature";"23";"℃";
"63616.9622241";"[VCM] Traction motor temperature";"40";"℃";
"63617.0587237";"[VCM] HV Coolant Temperature";"26";"℃";
"63617.0959265";"[VCM] Target Motor Torque";"6.90625";"N⋅m";
"63617.2149653";"[VCM] Available Motor Maximum Output";"100";"%";
"63617.259543";"[VCM] Motor RPM";"672";"rpm";
"63617.259543";"[VCM] Motor Torque";"0.03125";"N⋅m";
"63617.3408128";"[VCM] Vehicle Speed";"61";"km/h";
"63617.4278512";"Розрахункове значення навантаження на двигун";"41.1764705882353";"%";
"63617.4828718";"Оберти двигуна";"2000";"rpm";
"63617.4828718";"Оберти двигуна x1000";"2";"rpm";
"63617.5388537";"Температура олії у двигуні";"56";"℃";
"63617.6091083";"Прискорення";"-0.008428264966957786";"g";
"63617.6091083";"Пройдений шлях";"3.4640877202222216";"km";
"63617.6091083";"Пройдений шлях (Сьогодні)";"3.464086";"km";
"63617.6091083";"Пройдений шлях (Тиждень)";"3.464086";"km";
"63617.6091083";"Пройдений шлях(загальний)";"3.464086";"km";
"63617.6091083";"Середня швидкість";"26.961615916138527";"km/h";
"63617.6091083";"Швидкість автомобіля";"60";"km/h";
"63617.6846227";"Розрахунковий наддув";"0.01";"bar";
"63617.6846227";"Тиск у впускному колекторі (абсолютний)";"100";"kPa";
"63617.7992894";"[BMS] HV State of charge";"70";"%";
"63617.8863372";"[BMS] HV Battery voltage";"373.84000000000003";"V";
"63617.9402416";"[BMS] Max Cell Voltage";"3.9";"V";
"63617.9947107";"[BMS] Min Cell Voltage";"3.889";"V";
"63618.0597394";"[BMS] HV Battery Current";"27.90000000000009";"A";
"63618.1144314";"[BMS] HV Battery Current (Low)";"-1600";"A";
"63618.1963099";"[BMS] HV Battery Current (High)";"30.300000000000182";"A";
"63618.2470486";"[BMS] HV Battery Temperature Sensor 1";"26";"℃";
"63618.3189991";"[BMS] HV Battery Temperature Sensor 2";"26";"℃";
"63618.3727028";"[BMS] HV Battery Temperature Sensor 3";"25";"℃";
"63618.471414";"[BMS] HV Battery Temperature Sensor 4";"25";"℃";
"63618.5201321";"[BMS] HV Battery Intake Air Temperature";"23";"℃";
"63618.6149006";"[VCM] Traction motor temperature";"40";"℃";
"63618.6651772";"[VCM] HV Coolant Temperature";"26";"℃";
"63618.7381944";"[VCM] Target Motor Torque";"27.328125";"N⋅m";
"63618.7943542";"[VCM] Available Motor Maximum Output";"100";"%";
"63618.8469967";"[VCM] Motor RPM";"2752";"rpm";
"63618.8469967";"[VCM] Motor Torque";"0.15625";"N⋅m";
"63618.9108361";"[VCM] Vehicle Speed";"62";"km/h";
"63619.0423135";"Розрахункове значення навантаження на двигун";"40.78431372549019";"%";
"63619.1029914";"Температура охолодної рідини";"78";"℃";
"63619.156057";"Оберти двигуна";"1999";"rpm";
"63619.156057";"Оберти двигуна x1000";"2";"rpm";
"63619.2244255";"Температура олії у двигуні";"57";"℃";
"63619.2834453";"Пройдений шлях";"3.492454014777777";"km";
"63619.2834453";"Пройдений шлях (Сьогодні)";"3.492452";"km";
"63619.2834453";"Пройдений шлях (Тиждень)";"3.492452";"km";
"63619.2834453";"Пройдений шлях(загальний)";"3.492452";"km";
"63619.2834453";"Середня швидкість";"27.084368239582364";"km/h";
"63619.2834453";"Швидкість автомобіля";"61";"km/h";
"63619.3441662";"Розрахунковий наддув";"0.01";"bar";
"63619.3441662";"Тиск у впускному колекторі (абсолютний)";"100";"kPa";
"63619.4367609";"[BMS] HV State of charge";"70";"%";
"63619.4902555";"[BMS] HV Battery voltage";"372.55";"V";
"63619.5789311";"[BMS] Max Cell Voltage";"3.878";"V";
"63619.631104";"[BMS] Min Cell Voltage";"3.859";"V";
"63619.698438";"[BMS] HV Battery Current";"13.300000000000182";"A";
"63619.7734797";"[BMS] HV Battery Current (Low)";"11.900000000000091";"A";
"63619.8385865";"[BMS] HV Battery Current (High)";"18.350000000000136";"A";
"63619.893903";"[BMS] HV Battery Temperature Sensor 1";"26";"℃";
"63619.94518";"[BMS] HV Battery Temperature Sensor 2";"26";"℃";
"63620.0071612";"[BMS] HV Battery Temperature Sensor 3";"26";"℃";
"63620.0883369";"[BMS] HV Battery Temperature Sensor 4";"25";"℃";
"63620.1430407";"[BMS] HV Battery Intake Air Temperature";"23";"℃";
"63620.2594781";"[VCM] Traction motor temperature";"40";"℃";
"63620.3209363";"[VCM] HV Coolant Temperature";"26";"℃";
"63620.3844872";"[VCM] Target Motor Torque";"15.71875";"N⋅m";
"63620.447527";"[VCM] Available Motor Maximum Output";"100";"%";
"63620.4998827";"[VCM] Motor RPM";"1120";"rpm";
"63620.4998827";"[VCM] Motor Torque";"0.0625";"N⋅m";
"63620.5626375";"[VCM] Vehicle Speed";"63";"km/h";
"63620.6955382";"Розрахункове значення навантаження на двигун";"40.78431372549019";"%";
"63620.7603495";"Оберти двигуна";"1998";"rpm";
"63620.7603495";"Оберти двигуна x1000";"2";"rpm";
"63620.8198755";"Температура олії у двигуні";"57";"℃";
"63620.870168";"Пройдений шлях";"3.520222201027777";"km";
"63620.870168";"Пройдений шлях (Сьогодні)";"3.52022";"km";
"63620.870168";"Пройдений шлях (Тиждень)";"3.52022";"km";
"63620.870168";"Пройдений шлях(загальний)";"3.52022";"km";
"63620.870168";"Середня швидкість";"27.206716140351038";"km/h";
"63620.870168";"Швидкість автомобіля";"63";"km/h";
"63620.9470871";"Розрахунковий наддув";"0.01";"bar";
"63620.9470871";"Тиск у впускному колекторі (абсолютний)";"100";"kPa";
"63621.0666625";"[BMS] HV State of charge";"70.5";"%";
"63621.1205639";"[BMS] HV Battery voltage";"376.74";"V";
"63621.219906";"[BMS] Max Cell Voltage";"3.919";"V";
"63621.2727578";"[BMS] Min Cell Voltage";"3.905";"V";
"63621.3351681";"[BMS] HV Battery Current";"76.70000000000005";"A";
"63621.3873497";"[BMS] HV Battery Current (Low)";"-1600";"A";
"63621.4742571";"[BMS] HV Battery Current (High)";"74.35000000000014";"A";
"63621.534379";"[BMS] HV Battery Temperature Sensor 1";"26";"℃";
"63621.5922854";"[BMS] HV Battery Temperature Sensor 2";"26";"℃";
"63621.6501102";"[BMS] HV Battery Temperature Sensor 3";"26";"℃";
"63621.7404755";"[BMS] HV Battery Temperature Sensor 4";"25";"℃";
"63621.7909747";"[BMS] HV Battery Intake Air Temperature";"23";"℃";
"63621.9065586";"[VCM] Traction motor temperature";"40";"℃";
"63621.9667934";"[VCM] HV Coolant Temperature";"26";"℃";
"63622.0404158";"[VCM] Target Motor Torque";"2.484375";"N⋅m";
"63622.0905571";"[VCM] Available Motor Maximum Output";"13";"%";
"63622.1562883";"[VCM] Motor RPM";"608";"rpm";
"63622.1562883";"[VCM] Motor Torque";"0.03125";"N⋅m";
"63622.2131881";"[VCM] Vehicle Speed";"62";"km/h";
"63622.3395476";"Розрахункове значення навантаження на двигун";"41.1764705882353";"%";
"63622.4036978";"Температура охолодної рідини";"79";"℃";
"63622.4675882";"Оберти двигуна";"2000";"rpm";
"63622.4675882";"Оберти двигуна x1000";"2";"rpm";
"63622.5181005";"Температура олії у двигуні";"57";"℃";
"63622.594198";"Пройдений шлях";"3.5494344994999993";"km";
"63622.594198";"Пройдений шлях (Сьогодні)";"3.549432";"km";
"63622.594198";"Пройдений шлях (Тиждень)";"3.549432";"km";
"63622.594198";"Пройдений шлях(загальний)";"3.549432";"km";
"63622.594198";"Середня швидкість";"27.33133044470562";"km/h";
"63622.594198";"Швидкість автомобіля";"61";"km/h";
"63622.6534507";"Розрахунковий наддув";"0.01";"bar";
"63622.6534507";"Тиск у впускному колекторі (абсолютний)";"100";"kPa";
"63622.7453372";"[BMS] HV State of charge";"71";"%";
"63622.835924";"[BMS] HV Battery voltage";"383.01";"V";
"63622.8986342";"[BMS] Max Cell Voltage";"3.967";"V";
"63622.953492";"[BMS] Min Cell Voltage";"3.955";"V";
"63623.0158113";"[BMS] HV Battery Current";"84.80000000000018";"A";
"63623.0672835";"[BMS] HV Battery Current (Low)";"-1600";"A";
"63623.14272";"[BMS] HV Battery Current (High)";"82.45000000000005";"A";
"63623.2048986";"[BMS] HV Battery Temperature Sensor 1";"26";"℃";
"63623.2551593";"[BMS] HV Battery Temperature Sensor 2";"26";"℃";
"63623.307352";"[BMS] HV Battery Temperature Sensor 3";"26";"℃";
"63623.3860392";"[BMS] HV Battery Temperature Sensor 4";"25";"℃";
"63623.4516387";"[BMS] HV Battery Intake Air Temperature";"23";"℃";
"63623.5855267";"[VCM] Traction motor temperature";"40";"℃";
"63623.6597604";"[VCM] HV Coolant Temperature";"26";"℃";
"63623.6955694";"[VCM] Target Motor Torque";"-31.421875";"N⋅m";
"63623.7547424";"[VCM] Available Motor Maximum Output";"100";"%";
"63623.8107153";"[VCM] Motor RPM";"-1888";"rpm";
"63623.8107153";"[VCM] Motor Torque";"-0.125";"N⋅m";
"63623.8633913";"[VCM] Vehicle Speed";"59";"km/h";
"63623.9916554";"Розрахункове значення навантаження на двигун";"40.78431372549019";"%";
"63624.0542354";"Оберти двигуна";"2000";"rpm";
"63624.0542354";"Оберти двигуна x1000";"2";"rpm";
"63624.1191816";"Температура олії у двигуні";"57";"℃";
"63624.165892";"Пройдений шлях";"3.574756137888888";"km";
"63624.165892";"Пройдений шлях (Сьогодні)";"3.574754";"km";
"63624.165892";"Пройдений шлях (Тиждень)";"3.574754";"km";
"63624.165892";"Пройдений шлях(загальний)";"3.574754";"km";
"63624.165892";"Середня швидкість";"27.434085408579797";"km/h";
"63624.165892";"Швидкість автомобіля";"58";"km/h";
"63624.2346901";"Розрахунковий наддув";"0.01";"bar";
"63624.2346901";"Тиск у впускному колекторі (абсолютний)";"100";"kPa";
"63624.35713";"[BMS] HV State of charge";"71.5";"%";
"63624.4075999";"[BMS] HV Battery voltage";"384.62";"V";
"63624.4917752";"[BMS] Max Cell Voltage";"3.987";"V";
"63624.5465831";"[BMS] Min Cell Voltage";"3.97";"V";
"63624.6004641";"[BMS] HV Battery Current";"81.40000000000009";"A";
"63624.6621825";"[BMS] HV Battery Current (Low)";"-1600";"A";
"63624.722342";"[BMS] HV Battery Current (High)";"85.25";"A";
"63624.7886248";"[BMS] HV Battery Temperature Sensor 1";"26";"℃";
"63624.8675651";"[BMS] HV Battery Temperature Sensor 2";"26";"℃";
"63624.9195156";"[BMS] HV Battery Temperature Sensor 3";"26";"℃";
"63624.9790868";"[BMS] HV Battery Temperature Sensor 4";"25";"℃";
"63625.0679845";"[BMS] HV Battery Intake Air Temperature";"23";"℃";
"63625.1721839";"[VCM] Traction motor temperature";"40";"℃";
"63625.2490521";"[VCM] HV Coolant Temperature";"26";"℃";
"63625.3170523";"[VCM] Target Motor Torque";"-31.28125";"N⋅m";
"63625.3796138";"[VCM] Available Motor Maximum Output";"13";"%";
"63625.4321798";"[VCM] Motor RPM";"-2144";"rpm";
"63625.4321798";"[VCM] Motor Torque";"-0.140625";"N⋅m";
"63625.492196";"[VCM] Vehicle Speed";"56";"km/h";
"63625.6234999";"Розрахункове значення навантаження на двигун";"41.1764705882353";"%";
"63625.6626705";"Температура охолодної рідини";"80";"℃";
"63625.723367";"Оберти двигуна";"1999";"rpm";
"63625.723367";"Оберти двигуна x1000";"2";"rpm";
"63625.7834251";"Температура олії у двигуні";"58";"℃";
"63625.863049";"Прискорення";"-0.02583023384265348";"g";
"63625.863049";"Пройдений шлях";"3.60068485511111";"km";
"63625.863049";"Пройдений шлях (Сьогодні)";"3.600683";"km";
"63625.863049";"Пройдений шлях (Тиждень)";"3.600683";"km";
"63625.863049";"Пройдений шлях(загальний)";"3.600683";"km";
"63625.863049";"Середня швидкість";"27.533457949398475";"km/h";
"63625.863049";"Швидкість автомобіля";"55";"km/h";
"63625.9473515";"Розрахунковий наддув";"0.02";"bar";
"63625.9473515";"Тиск у впускному колекторі (абсолютний)";"101";"kPa";
"63626.0661009";"[BMS] HV State of charge";"72.5";"%";
"63626.1551662";"[BMS] HV Battery voltage";"385.27";"V";
"63626.2147237";"[BMS] Max Cell Voltage";"4";"V";
"63626.2789425";"[BMS] Min Cell Voltage";"3.988";"V";
"63626.3310326";"[BMS] HV Battery Current";"80.55000000000018";"A";
"63626.4181948";"[BMS] HV Battery Current (Low)";"-1600";"A";
"63626.4676189";"[BMS] HV Battery Current (High)";"43.15000000000009";"A";
"63626.5315705";"[BMS] HV Battery Temperature Sensor 1";"26";"℃";
"63626.5907996";"[BMS] HV Battery Temperature Sensor 2";"26";"℃";
"63626.6417158";"[BMS] HV Battery Temperature Sensor 3";"26";"℃";
"63626.7166846";"[BMS] HV Battery Temperature Sensor 4";"25";"℃";
"63626.7692035";"[BMS] HV Battery Intake Air Temperature";"23";"℃";
"63626.888932";"[VCM] Traction motor temperature";"40";"℃";
"63626.9635958";"[VCM] HV Coolant Temperature";"26";"℃";
"63627.0222361";"[VCM] Target Motor Torque";"60.828125";"N⋅m";
"63627.0794199";"[VCM] Available Motor Maximum Output";"100";"%";
"63627.1461211";"[VCM] Motor RPM";"3680";"rpm";
"63627.1461211";"[VCM] Motor Torque";"0.21875";"N⋅m";
"63627.2457678";"[VCM] Vehicle Speed";"54";"km/h";
"63627.3633953";"Розрахункове значення навантаження на двигун";"41.1764705882353";"%";
"63627.4237955";"Оберти двигуна";"2000";"rpm";
"63627.4237955";"Оберти двигуна x1000";"2";"rpm";
"63627.4755843";"Температура олії у двигуні";"58";"℃";
"63627.5468957";"Прискорення";"-0.03818173582913709";"g";
"63627.5468957";"Пройдений шлях";"3.6259427761111103";"km";
"63627.5468957";"Пройдений шлях (Сьогодні)";"3.625941";"km";
"63627.5468957";"Пройдений шлях (Тиждень)";"3.625941";"km";
"63627.5468957";"Пройдений шлях(загальний)";"3.625941";"km";
"63627.5468957";"Середня швидкість";"27.627782801046454";"km/h";
"63627.5468957";"Швидкість автомобіля";"54";"km/h";
"63627.6312742";"Розрахунковий наддув";"0.02";"bar";
"63627.6312742";"Тиск у впускному колекторі (абсолютний)";"101";"kPa";
"63627.74708";"[BMS] HV State of charge";"72.5";"%";
"63627.8263106";"[BMS] HV Battery voltage";"376.41";"V";
"63627.8883255";"[BMS] Max Cell Voltage";"3.917";"V";
"63627.9407091";"[BMS] Min Cell Voltage";"3.904";"V";
"63627.9795558";"[BMS] HV Battery Current";"12.050000000000182";"A";
"63628.059779";"[BMS] HV Battery Current (Low)";"16.450000000000045";"A";
"63628.0941196";"[BMS] HV Battery Current (High)";"17.050000000000182";"A";
"63628.1548653";"[BMS] HV Battery Temperature Sensor 1";"26";"℃";
"63628.215487";"[BMS] HV Battery Temperature Sensor 2";"26";"℃";
"63628.2741017";"[BMS] HV Battery Temperature Sensor 3";"26";"℃";
"63628.3580061";"[BMS] HV Battery Temperature Sensor 4";"25";"℃";
"63628.4301247";"[BMS] HV Battery Intake Air Temperature";"23";"℃";
"63628.5392722";"[VCM] Traction motor temperature";"40";"℃";
"63628.6126433";"[VCM] HV Coolant Temperature";"26";"℃";
"63628.6740949";"[VCM] Target Motor Torque";"-17.203125";"N⋅m";
"63628.7370128";"[VCM] Available Motor Maximum Output";"13";"%";
"63628.791477";"[VCM] Motor RPM";"-1056";"rpm";
"63628.791477";"[VCM] Motor Torque";"-0.078125";"N⋅m";
"63628.8330193";"[VCM] Vehicle Speed";"55";"km/h";
"63628.9485342";"Розрахункове значення навантаження на двигун";"9.803921568627452";"%";
"63629.0014473";"Температура охолодної рідини";"81";"℃";
"63629.0519657";"Оберти двигуна";"1337";"rpm";
"63629.0519657";"Оберти двигуна x1000";"1.3";"rpm";
"63629.1186371";"Температура олії у двигуні";"58";"℃";
"63629.1829206";"Прискорення";"-0.03009356510524302";"g";
"63629.1829206";"Пройдений шлях";"3.6504828901111104";"km";
"63629.1829206";"Пройдений шлях (Сьогодні)";"3.650481";"km";
"63629.1829206";"Пройдений шлях (Тиждень)";"3.650481";"km";
"63629.1829206";"Пройдений шлях(загальний)";"3.650481";"km";
"63629.1829206";"Середня швидкість";"27.7187853039911";"km/h";
"63629.1829206";"Швидкість автомобіля";"54";"km/h";
"63629.2670024";"Розрахунковий наддув";"-0.61";"bar";
"63629.2670024";"Тиск у впускному колекторі (абсолютний)";"38";"kPa";
"63629.3799028";"[BMS] HV State of charge";"73";"%";
"63629.4588673";"[BMS] HV Battery voltage";"369.49";"V";
"63629.5263978";"[BMS] Max Cell Voltage";"3.857";"V";
"63629.5851269";"[BMS] Min Cell Voltage";"3.844";"V";
"63629.6273812";"[BMS] HV Battery Current";"-8.349999999999909";"A";
"63629.7067799";"[BMS] HV Battery Current (Low)";"-2.199999999999818";"A";
"63629.7699205";"[BMS] HV Battery Current (High)";"10";"A";
"63629.8199581";"[BMS] HV Battery Temperature Sensor 1";"26";"℃";
"63629.8799863";"[BMS] HV Battery Temperature Sensor 2";"26";"℃";
"63629.9352662";"[BMS] HV Battery Temperature Sensor 3";"26";"℃";
"63630.0306582";"[BMS] HV Battery Temperature Sensor 4";"25";"℃";
"63630.0818763";"[BMS] HV Battery Intake Air Temperature";"23";"℃";
"63630.1760473";"[VCM] Traction motor temperature";"40";"℃";
"63630.2590966";"[VCM] HV Coolant Temperature";"26";"℃";
"63630.2961503";"[VCM] Target Motor Torque";"38.453125";"N⋅m";
"63630.3351115";"[VCM] Available Motor Maximum Output";"13";"%";
"63630.3957308";"[VCM] Motor RPM";"2464";"rpm";
"63630.3957308";"[VCM] Motor Torque";"0.140625";"N⋅m";
"63630.458324";"[VCM] Vehicle Speed";"53";"km/h";
"63630.599762";"Розрахункове значення навантаження на двигун";"67.84313725490196";"%";
"63630.6581254";"Оберти двигуна";"268";"rpm";
"63630.6581254";"Оберти двигуна x1000";"0.3";"rpm";
"63630.7187088";"Температура олії у двигуні";"59";"℃";
"63630.8331";"Прискорення";"-0.021242362890506798";"g";
"63630.8331";"Пройдений шлях";"3.674777205305555";"km";
"63630.8331";"Пройдений шлях (Сьогодні)";"3.674775";"km";
"63630.8331";"Пройдений шлях (Тиждень)";"3.674775";"km";
"63630.8331";"Пройдений шлях(загальний)";"3.674775";"km";
"63630.8331";"Середня швидкість";"27.80647359995441";"km/h";
"63630.8331";"Швидкість автомобіля";"53";"km/h";
"63630.9197809";"Розрахунковий наддув";"0";"bar";
"63630.9197809";"Тиск у впускному колекторі (абсолютний)";"99";"kPa";
"63631.0306347";"[BMS] HV State of charge";"72.5";"%";
"63631.1238219";"[BMS] HV Battery voltage";"371.26";"V";
"63631.1869856";"[BMS] Max Cell Voltage";"3.875";"V";
"63631.265116";"[BMS] Min Cell Voltage";"3.819";"V";
"63631.3136252";"[BMS] HV Battery Current";"-50.25";"A";
"63631.3921021";"[BMS] HV Battery Current (Low)";"-18.649999999999864";"A";
"63631.4469821";"[BMS] HV Battery Current (High)";"-6.449999999999818";"A";
"63631.5108473";"[BMS] HV Battery Temperature Sensor 1";"26";"℃";
"63631.57746";"[BMS] HV Battery Temperature Sensor 2";"26";"℃";
"63631.6398554";"[BMS] HV Battery Temperature Sensor 3";"26";"℃";
"63631.6895139";"[BMS] HV Battery Temperature Sensor 4";"25";"℃";
"63631.7518404";"[BMS] HV Battery Intake Air Temperature";"23";"℃";
"63631.8719344";"[VCM] Traction motor temperature";"40";"℃";
"63631.9356691";"[VCM] HV Coolant Temperature";"26";"℃";
"63631.9981483";"[VCM] Target Motor Torque";"-26.890625";"N⋅m";
"63632.0473771";"[VCM] Available Motor Maximum Output";"13";"%";
"63632.083828";"[VCM] Motor RPM";"-800";"rpm";
"63632.083828";"[VCM] Motor Torque";"-0.0625";"N⋅m";
"63632.1506565";"[VCM] Vehicle Speed";"52";"km/h";
"63632.2819836";"Розрахункове значення навантаження на двигун";"0";"%";
"63632.3475188";"Температура охолодної рідини";"81";"℃";
"63632.3980875";"Оберти двигуна";"0";"rpm";
"63632.3980875";"Оберти двигуна x1000";"0";"rpm";
"63632.4865061";"Температура олії у двигуні";"59";"℃";
"63632.5461834";"Прискорення";"-0.01695339262397477";"g";
"63632.5461834";"Пройдений шлях";"3.6990458627222216";"km";
"63632.5461834";"Пройдений шлях (Сьогодні)";"3.699044";"km";
"63632.5461834";"Пройдений шлях (Тиждень)";"3.699044";"km";
"63632.5461834";"Пройдений шлях(загальний)";"3.699044";"km";
"63632.5461834";"Середня швидкість";"27.88968757977065";"km/h";
"63632.5461834";"Швидкість автомобіля";"51";"km/h";
"63632.611228";"Розрахунковий наддув";"0";"bar";
"63632.611228";"Тиск у впускному колекторі (абсолютний)";"99";"kPa";
"63632.7309839";"[BMS] HV State of charge";"72.5";"%";
"63632.795248";"[BMS] HV Battery voltage";"371.1";"V";
"63632.8481159";"[BMS] Max Cell Voltage";"3.85";"V";
"63632.9107091";"[BMS] Min Cell Voltage";"3.85";"V";
"63632.9603691";"[BMS] HV Battery Current";"2.7000000000000455";"A";
"63633.0402393";"[BMS] HV Battery Current (Low)";"11.150000000000091";"A";
"63633.0949043";"[BMS] HV Battery Current (High)";"-4.949999999999818";"A";
"63633.1520277";"[BMS] HV Battery Temperature Sensor 1";"26";"℃";
"63633.2026374";"[BMS] HV Battery Temperature Sensor 2";"26";"℃";
"63633.2872949";"[BMS] HV Battery Temperature Sensor 3";"26";"℃";
"63633.3478088";"[BMS] HV Battery Temperature Sensor 4";"25";"℃";
"63633.4029557";"[BMS] HV Battery Intake Air Temperature";"23";"℃";
"63633.5231714";"[VCM] Traction motor temperature";"40";"℃";
"63633.5976291";"[VCM] HV Coolant Temperature";"26";"℃";
"63633.649334";"[VCM] Target Motor Torque";"51.390625";"N⋅m";
"63633.7022664";"[VCM] Available Motor Maximum Output";"13";"%";
"63633.7625065";"[VCM] Motor RPM";"3264";"rpm";
"63633.7625065";"[VCM] Motor Torque";"0.1875";"N⋅m";
"63633.8478953";"[VCM] Vehicle Speed";"52";"km/h";
"63633.9610416";"Розрахункове значення навантаження на двигун";"0";"%";
"63634.0329341";"Оберти двигуна";"0";"rpm";
"63634.0329341";"Оберти двигуна x1000";"0";"rpm";
"63634.1117297";"Температура олії у двигуні";"59";"℃";
"63634.1602149";"Пройдений шлях";"3.722359726166666";"km";
"63634.1602149";"Пройдений шлях (Сьогодні)";"3.722358";"km";
"63634.1602149";"Пройдений шлях (Тиждень)";"3.722358";"km";
"63634.1602149";"Пройдений шлях(загальний)";"3.722358";"km";
"63634.1602149";"Середня швидкість";"27.970914890292885";"km/h";
"63634.1602149";"Швидкість автомобіля";"52";"km/h";
"63634.2225495";"Розрахунковий наддув";"0";"bar";
"63634.2225495";"Тиск у впускному колекторі (абсолютний)";"99";"kPa";
"63634.3356688";"[BMS] HV State of charge";"72";"%";
"63634.4118886";"[BMS] HV Battery voltage";"371.1";"V";
"63634.4737981";"[BMS] Max Cell Voltage";"3.858";"V";
"63634.5300922";"[BMS] Min Cell Voltage";"3.856";"V";
"63634.5792628";"[BMS] HV Battery Current";"18.850000000000136";"A";
"63634.6638583";"[BMS] HV Battery Current (Low)";"20.800000000000182";"A";
"63634.7315688";"[BMS] HV Battery Current (High)";"20.25";"A";
"63634.7832466";"[BMS] HV Battery Temperature Sensor 1";"26";"℃";
"63634.8274309";"[BMS] HV Battery Temperature Sensor 2";"26";"℃";
"63634.871554";"[BMS] HV Battery Temperature Sensor 3";"26";"℃";
"63634.9470739";"[BMS] HV Battery Temperature Sensor 4";"25";"℃";
"63635.0074264";"[BMS] HV Battery Intake Air Temperature";"23";"℃";
"63635.1334695";"[VCM] Traction motor temperature";"40";"℃";
"63635.2140664";"[VCM] HV Coolant Temperature";"26";"℃";
"63635.2740541";"[VCM] Target Motor Torque";"42.078125";"N⋅m";
"63635.3231386";"[VCM] Available Motor Maximum Output";"100";"%";
"63635.3906576";"[VCM] Motor RPM";"3072";"rpm";
"63635.3906576";"[VCM] Motor Torque";"0.1875";"N⋅m";
"63635.4479125";"[VCM] Vehicle Speed";"51";"km/h";
"63635.5464791";"Розрахункове значення навантаження на двигун";"0";"%";
"63635.607445";"Температура охолодної рідини";"81";"℃";
"63635.658827";"Оберти двигуна";"0";"rpm";
"63635.658827";"Оберти двигуна x1000";"0";"rpm";
"63635.7591809";"Температура олії у двигуні";"59";"℃";
"63635.8234766";"Пройдений шлях";"3.74545778311111";"km";
"63635.8234766";"Пройдений шлях (Сьогодні)";"3.745456";"km";
"63635.8234766";"Пройдений шлях (Тиждень)";"3.745456";"km";
"63635.8234766";"Пройдений шлях(загальний)";"3.745456";"km";
"63635.8234766";"Середня швидкість";"28.047120207248078";"km/h";
"63635.8234766";"Швидкість автомобіля";"50";"km/h";
"63635.8837866";"Розрахунковий наддув";"-0.01";"bar";
"63635.8837866";"Тиск у впускному колекторі (абсолютний)";"98";"kPa";
"63635.9960223";"[BMS] HV State of charge";"72";"%";
"63636.0593086";"[BMS] HV Battery voltage";"363.86";"V";
"63636.1264678";"[BMS] Max Cell Voltage";"3.783";"V";
"63636.1802979";"[BMS] Min Cell Voltage";"3.773";"V";
"63636.2311579";"[BMS] HV Battery Current";"-51.299999999999955";"A";
"63636.3142142";"[BMS] HV Battery Current (Low)";"-1600";"A";
"63636.3839676";"[BMS] HV Battery Current (High)";"-54.09999999999991";"A";
"63636.4478778";"[BMS] HV Battery Temperature Sensor 1";"26";"℃";
"63636.5040438";"[BMS] HV Battery Temperature Sensor 2";"26";"℃";
"63636.5991442";"[BMS] HV Battery Temperature Sensor 3";"26";"℃";
"63636.6648296";"[BMS] HV Battery Temperature Sensor 4";"25";"℃";
"63636.713932";"[BMS] HV Battery Intake Air Temperature";"23";"℃";
"63636.8185972";"[VCM] Traction motor temperature";"40";"℃";
"63636.8865763";"[VCM] HV Coolant Temperature";"26";"℃";
"63636.9225988";"[VCM] Target Motor Torque";"38.234375";"N⋅m";
"63636.9787431";"[VCM] Available Motor Maximum Output";"13";"%";
"63637.0773791";"[VCM] Motor RPM";"2528";"rpm";
"63637.0773791";"[VCM] Motor Torque";"0.140625";"N⋅m";
"63637.1643446";"[VCM] Vehicle Speed";"52";"km/h";
"63637.2955406";"Розрахункове значення навантаження на двигун";"0";"%";
"63637.3728942";"Оберти двигуна";"0";"rpm";
"63637.3728942";"Оберти двигуна x1000";"0";"rpm";
"63637.446174";"Температура олії у двигуні";"59";"℃";
"63637.4956809";"Пройдений шлях";"3.7691474658611104";"km";
"63637.4956809";"Пройдений шлях (Сьогодні)";"3.769146";"km";
"63637.4956809";"Пройдений шлях (Тиждень)";"3.769146";"km";
"63637.4956809";"Пройдений шлях(загальний)";"3.769146";"km";
"63637.4956809";"Середня швидкість";"28.126681460641297";"km/h";
"63637.4956809";"Швидкість автомобіля";"51";"km/h";
"63637.5556669";"Розрахунковий наддув";"-0.01";"bar";
"63637.5556669";"Тиск у впускному колекторі (абсолютний)";"98";"kPa";
"63637.7029935";"[BMS] HV State of charge";"71.5";"%";
"63637.7594067";"[BMS] HV Battery voltage";"365.3";"V";
"63637.8158494";"[BMS] Max Cell Voltage";"3.784";"V";
"63637.8953576";"[BMS] Min Cell Voltage";"3.773";"V";
"63637.9638504";"[BMS] HV Battery Current";"-42.34999999999991";"A";
"63638.0185836";"[BMS] HV Battery Current (Low)";"-1600";"A";
"63638.083322";"[BMS] HV Battery Current (High)";"-42.09999999999991";"A";
"63638.1322299";"[BMS] HV Battery Temperature Sensor 1";"26";"℃";
"63638.1904754";"[BMS] HV Battery Temperature Sensor 2";"26";"℃";
"63638.2684413";"[BMS] HV Battery Temperature Sensor 3";"26";"℃";
"63638.3300371";"[BMS] HV Battery Temperature Sensor 4";"25";"℃";
"63638.3823413";"[BMS] HV Battery Intake Air Temperature";"23";"℃";
"63638.524411";"[VCM] Traction motor temperature";"40";"℃";
"63638.5752454";"[VCM] HV Coolant Temperature";"26";"℃";
"63638.6373307";"[VCM] Target Motor Torque";"-11.09375";"N⋅m";
"63638.687113";"[VCM] Available Motor Maximum Output";"13";"%";
"63638.7570954";"[VCM] Motor RPM";"-992";"rpm";
"63638.7570954";"[VCM] Motor Torque";"-0.0625";"N⋅m";
"63638.8235747";"[VCM] Vehicle Speed";"52";"km/h";
"63638.9392333";"Розрахункове значення навантаження на двигун";"0";"%";
"63638.9917588";"Температура охолодної рідини";"81";"℃";
"63639.0875249";"Оберти двигуна";"0";"rpm";
"63639.0875249";"Оберти двигуна x1000";"0";"rpm";
"63639.1418297";"Температура олії у двигуні";"59";"℃";
"63639.203406";"Пройдений шлях";"3.793815371749999";"km";
"63639.203406";"Пройдений шлях (Сьогодні)";"3.793814";"km";
"63639.203406";"Пройдений шлях (Тиждень)";"3.793814";"km";
"63639.203406";"Пройдений шлях(загальний)";"3.793814";"km";
"63639.203406";"Середня швидкість";"28.210895094186014";"km/h";
"63639.203406";"Швидкість автомобіля";"52";"km/h";
"63639.2571413";"Розрахунковий наддув";"-0.01";"bar";
"63639.2571413";"Тиск у впускному колекторі (абсолютний)";"98";"kPa";
"63639.4005924";"[BMS] HV State of charge";"71";"%";
"63639.4555469";"[BMS] HV Battery voltage";"368.36";"V";
"63639.5118394";"[BMS] Max Cell Voltage";"3.822";"V";
"63639.5677324";"[BMS] Min Cell Voltage";"3.812";"V";
"63639.6515643";"[BMS] HV Battery Current";"15.900000000000091";"A";
"63639.70285";"[BMS] HV Battery Current (Low)";"3";"A";
"63639.7697214";"[BMS] HV Battery Current (High)";"-6.449999999999818";"A";
"63639.8312513";"[BMS] HV Battery Temperature Sensor 1";"26";"℃";
"63639.9166734";"[BMS] HV Battery Temperature Sensor 2";"26";"℃";
"63639.9780044";"[BMS] HV Battery Temperature Sensor 3";"26";"℃";
"63640.031244";"[BMS] HV Battery Temperature Sensor 4";"25";"℃";
"63640.0911223";"[BMS] HV Battery Intake Air Temperature";"23";"℃";
"63640.2426174";"[VCM] Traction motor temperature";"40";"℃";
"63640.3034539";"[VCM] HV Coolant Temperature";"26";"℃";
"63640.3564165";"[VCM] Target Motor Torque";"-17.09375";"N⋅m";
"63640.4396926";"[VCM] Available Motor Maximum Output";"13";"%";
"63640.4913103";"[VCM] Motor RPM";"-1504";"rpm";
"63640.4913103";"[VCM] Motor Torque";"-0.09375";"N⋅m";
"63640.5549111";"[VCM] Vehicle Speed";"52";"km/h";
"63640.6637916";"Розрахункове значення навантаження на двигун";"0";"%";
"63640.7393425";"Оберти двигуна";"0";"rpm";
"63640.7393425";"Оберти двигуна x1000";"0";"rpm";
"63640.8089806";"Температура олії у двигуні";"59";"℃";
"63640.8600435";"Пройдений шлях";"3.8172883668333326";"km";
"63640.8600435";"Пройдений шлях (Сьогодні)";"3.817287";"km";
"63640.8600435";"Пройдений шлях (Тиждень)";"3.817287";"km";
"63640.8600435";"Пройдений шлях(загальний)";"3.817287";"km";
"63640.8600435";"Середня швидкість";"28.28862398197257";"km/h";
"63640.8600435";"Швидкість автомобіля";"51";"km/h";
"63640.9235335";"Розрахунковий наддув";"-0.01";"bar";
"63640.9235335";"Тиск у впускному колекторі (абсолютний)";"98";"kPa";
"63641.0496193";"[BMS] HV State of charge";"71";"%";
"63641.0952209";"[BMS] HV Battery voltage";"372.07";"V";
"63641.1486541";"[BMS] Max Cell Voltage";"3.858";"V";
"63641.2338671";"[BMS] Min Cell Voltage";"3.847";"V";
"63641.2873191";"[BMS] HV Battery Current";"28.800000000000182";"A";
"63641.3474897";"[BMS] HV Battery Current (Low)";"26.90000000000009";"A";
"63641.3989803";"[BMS] HV Battery Current (High)";"27.75";"A";
"63641.4585145";"[BMS] HV Battery Temperature Sensor 1";"26";"℃";
"63641.5429781";"[BMS] HV Battery Temperature Sensor 2";"26";"℃";
"63641.6041697";"[BMS] HV Battery Temperature Sensor 3";"26";"℃";
"63641.6621006";"[BMS] HV Battery Temperature Sensor 4";"25";"℃";
"63641.7267154";"[BMS] HV Battery Intake Air Temperature";"23";"℃";
"63641.8741809";"[VCM] Traction motor temperature";"40";"℃";
"63641.9319887";"[VCM] HV Coolant Temperature";"26";"℃";
"63641.9838612";"[VCM] Target Motor Torque";"-29.875";"N⋅m";
"63642.0477677";"[VCM] Available Motor Maximum Output";"100";"%";
"63642.1110544";"[VCM] Motor RPM";"-1984";"rpm";
"63642.1110544";"[VCM] Motor Torque";"-0.125";"N⋅m";
"63642.1678469";"[VCM] Vehicle Speed";"49";"km/h";
"63642.2879039";"Розрахункове значення навантаження на двигун";"0";"%";
"63642.3230797";"Температура охолодної рідини";"82";"℃";
"63642.3987041";"Оберти двигуна";"0";"rpm";
"63642.3987041";"Оберти двигуна x1000";"0";"rpm";
"63642.4747373";"Температура олії у двигуні";"60";"℃";
"63642.5279428";"Пройдений шлях";"3.8395224894999993";"km";
"63642.5279428";"Пройдений шлях (Сьогодні)";"3.839521";"km";
"63642.5279428";"Пройдений шлях (Тиждень)";"3.839521";"km";
"63642.5279428";"Пройдений шлях(загальний)";"3.839521";"km";
"63642.5279428";"Середня швидкість";"28.356055712904038";"km/h";
"63642.5279428";"Швидкість автомобіля";"48";"km/h";
"63642.5886206";"Розрахунковий наддув";"-0.01";"bar";
"63642.5886206";"Тиск у впускному колекторі (абсолютний)";"98";"kPa";
"63642.7241887";"[BMS] HV State of charge";"71.5";"%";
"63642.7744644";"[BMS] HV Battery voltage";"373.03000000000003";"V";
"63642.8381009";"[BMS] Max Cell Voltage";"3.866";"V";
"63642.9150588";"[BMS] Min Cell Voltage";"3.857";"V";
"63642.9791143";"[BMS] HV Battery Current";"25.100000000000136";"A";
"63643.0313933";"[BMS] HV Battery Current (Low)";"24.350000000000136";"A";
"63643.0840769";"[BMS] HV Battery Current (High)";"24.350000000000136";"A";
"63643.1344347";"[BMS] HV Battery Temperature Sensor 1";"26";"℃";
"63643.219433";"[BMS] HV Battery Temperature Sensor 2";"26";"℃";
"63643.2721724";"[BMS] HV Battery Temperature Sensor 3";"26";"℃";
"63643.3238801";"[BMS] HV Battery Temperature Sensor 4";"25";"℃";
"63643.3880542";"[BMS] HV Battery Intake Air Temperature";"23";"℃";
"63643.5228302";"[VCM] Traction motor temperature";"40";"℃";
"63643.5710566";"[VCM] HV Coolant Temperature";"26";"℃";
"63643.6332864";"[VCM] Target Motor Torque";"-28.84375";"N⋅m";
"63643.687434";"[VCM] Available Motor Maximum Output";"100";"%";
"63643.7643184";"[VCM] Motor RPM";"-1696";"rpm";
"63643.7643184";"[VCM] Motor Torque";"-0.109375";"N⋅m";
"63643.8186436";"[VCM] Vehicle Speed";"46";"km/h";
"63643.9339691";"Розрахункове значення навантаження на двигун";"0";"%";
"63644.0128861";"Оберти двигуна";"0";"rpm";
"63644.0128861";"Оберти двигуна x1000";"0";"rpm";
"63644.0873471";"Температура олії у двигуні";"60";"℃";
"63644.1388416";"Прискорення";"-0.025583108679425447";"g";
"63644.1388416";"Пройдений шлях";"3.8596589094999993";"km";
"63644.1388416";"Пройдений шлях (Сьогодні)";"3.859657";"km";
"63644.1388416";"Пройдений шлях (Тиждень)";"3.859657";"km";
"63644.1388416";"Пройдений шлях(загальний)";"3.859657";"km";
"63644.1388416";"Середня швидкість";"28.410878579251097";"km/h";
"63644.1388416";"Швидкість автомобіля";"45";"km/h";
"63644.2433411";"Розрахунковий наддув";"-0.01";"bar";
"63644.2433411";"Тиск у впускному колекторі (абсолютний)";"98";"kPa";
"63644.3745103";"[BMS] HV State of charge";"71.5";"%";
"63644.4343452";"[BMS] HV Battery voltage";"373.03000000000003";"V";
"63644.4863676";"[BMS] Max Cell Voltage";"3.88";"V";
"63644.5606644";"[BMS] Min Cell Voltage";"3.897";"V";
"63644.6219642";"[BMS] HV Battery Current";"77.55000000000018";"A";
"63644.6717708";"[BMS] HV Battery Current (Low)";"-1600";"A";
"63644.7303727";"[BMS] HV Battery Current (High)";"65.55000000000018";"A";
"63644.7861853";"[BMS] HV Battery Temperature Sensor 1";"26";"℃";
"63644.8680058";"[BMS] HV Battery Temperature Sensor 2";"26";"℃";
"63644.9272561";"[BMS] HV Battery Temperature Sensor 3";"26";"℃";
"63644.9739418";"[BMS] HV Battery Temperature Sensor 4";"25";"℃";
"63645.0226596";"[BMS] HV Battery Intake Air Temperature";"23";"℃";
"63645.1510556";"[VCM] Traction motor temperature";"40";"℃";
"63645.1988969";"[VCM] HV Coolant Temperature";"26";"℃";
"63645.2503011";"[VCM] Target Motor Torque";"-27.375";"N⋅m";
"63645.3137964";"[VCM] Available Motor Maximum Output";"100";"%";
"63645.3867985";"[VCM] Motor RPM";"-1792";"rpm";
"63645.3867985";"[VCM] Motor Torque";"-0.109375";"N⋅m";
"63645.4492832";"[VCM] Vehicle Speed";"41";"km/h";
"63645.5587749";"Розрахункове значення навантаження на двигун";"0";"%";
"63645.6190894";"Температура охолодної рідини";"82";"℃";
"63645.6868487";"Оберти двигуна";"0";"rpm";
"63645.6868487";"Оберти двигуна x1000";"0";"rpm";
"63645.7505068";"Температура олії у двигуні";"60";"℃";
"63645.8035533";"Прискорення";"-0.051499669458282556";"g";
"63645.8035533";"Пройдений шлях";"3.878156173944444";"km";
"63645.8035533";"Пройдений шлях (Сьогодні)";"3.878154";"km";
"63645.8035533";"Пройдений шлях (Тиждень)";"3.878154";"km";
"63645.8035533";"Пройдений шлях(загальний)";"3.878154";"km";
"63645.8035533";"Середня швидкість";"28.45019355012641";"km/h";
"63645.8035533";"Швидкість автомобіля";"40";"km/h";
"63645.8782708";"Розрахунковий наддув";"-0.01";"bar";
"63645.8782708";"Тиск у впускному колекторі (абсолютний)";"98";"kPa";
"63645.9952922";"[BMS] HV State of charge";"72";"%";
"63646.0623594";"[BMS] HV Battery voltage";"363.86";"V";
"63646.1184315";"[BMS] Max Cell Voltage";"3.779";"V";
"63646.1838517";"[BMS] Min Cell Voltage";"3.768";"V";
"63646.2528351";"[BMS] HV Battery Current";"-63.049999999999955";"A";
"63646.3029671";"[BMS] HV Battery Current (Low)";"-1600";"A";
"63646.3628311";"[BMS] HV Battery Current (High)";"-60.5";"A";
"63646.4245848";"[BMS] HV Battery Temperature Sensor 1";"26";"℃";
"63646.4872418";"[BMS] HV Battery Temperature Sensor 2";"26";"℃";
"63646.5503869";"[BMS] HV Battery Temperature Sensor 3";"26";"℃";
"63646.623788";"[BMS] HV Battery Temperature Sensor 4";"25";"℃";
"63646.6784506";"[BMS] HV Battery Intake Air Temperature";"23";"℃";
"63646.8222016";"[VCM] Traction motor temperature";"40";"℃";
"63646.8706978";"[VCM] HV Coolant Temperature";"26";"℃";
"63646.9439362";"[VCM] Target Motor Torque";"18.078125";"N⋅m";
"63646.9957317";"[VCM] Available Motor Maximum Output";"13";"%";
"63647.0714263";"[VCM] Motor RPM";"288";"rpm";
"63647.0714263";"[VCM] Motor Torque";"0.015625";"N⋅m";
"63647.1221771";"[VCM] Vehicle Speed";"43";"km/h";
"63647.2376332";"Розрахункове значення навантаження на двигун";"0";"%";
"63647.3236046";"Оберти двигуна";"0";"rpm";
"63647.3236046";"Оберти двигуна x1000";"0";"rpm";
"63647.3865941";"Температура олії у двигуні";"60";"℃";
"63647.4354424";"Пройдений шлях";"3.8976474337222218";"km";
"63647.4354424";"Пройдений шлях (Сьогодні)";"3.897645";"km";
"63647.4354424";"Пройдений шлях (Тиждень)";"3.897645";"km";
"63647.4354424";"Пройдений шлях(загальний)";"3.897645";"km";
"63647.4354424";"Середня швидкість";"28.498415729697058";"km/h";
"63647.4354424";"Швидкість автомобіля";"43";"km/h";
"63647.5004312";"Розрахунковий наддув";"-0.01";"bar";
"63647.5004312";"Тиск у впускному колекторі (абсолютний)";"98";"kPa";
"63647.6259879";"[BMS] HV State of charge";"71.5";"%";
"63647.6807872";"[BMS] HV Battery voltage";"367.72";"V";
"63647.7330401";"[BMS] Max Cell Voltage";"3.815";"V";
"63647.7944541";"[BMS] Min Cell Voltage";"3.805";"V";
"63647.8622732";"[BMS] HV Battery Current";"-68.19999999999982";"A";
"63647.9291664";"[BMS] HV Battery Current (Low)";"-1600";"A";
"63647.9672089";"[BMS] HV Battery Current (High)";"-53.84999999999991";"A";
"63648.0321077";"[BMS] HV Battery Temperature Sensor 1";"26";"℃";
"63648.0871167";"[BMS] HV Battery Temperature Sensor 2";"26";"℃";
"63648.171274";"[BMS] HV Battery Temperature Sensor 3";"26";"℃";
"63648.2229122";"[BMS] HV Battery Temperature Sensor 4";"25";"℃";
"63648.2868931";"[BMS] HV Battery Intake Air Temperature";"23";"℃";
"63648.4130232";"[VCM] Traction motor temperature";"40";"℃";
"63648.4764747";"[VCM] HV Coolant Temperature";"26";"℃";
"63648.5315784";"[VCM] Target Motor Torque";"3.921875";"N⋅m";
"63648.5906933";"[VCM] Available Motor Maximum Output";"13";"%";
"63648.6494815";"[VCM] Motor RPM";"96";"rpm";
"63648.6494815";"[VCM] Motor Torque";"0";"N⋅m";
"63648.723193";"[VCM] Vehicle Speed";"45";"km/h";
"63648.8417266";"Розрахункове значення навантаження на двигун";"0";"%";
"63648.890493";"Температура охолодної рідини";"82";"℃";
"63648.9624451";"Оберти двигуна";"0";"rpm";
"63648.9624451";"Оберти двигуна x1000";"0";"rpm";
"63649.0241846";"Температура олії у двигуні";"60";"℃";
"63649.0743296";"Пройдений шлях";"3.917678266277777";"km";
"63649.0743296";"Пройдений шлях (Сьогодні)";"3.917676";"km";
"63649.0743296";"Пройдений шлях (Тиждень)";"3.917676";"km";
"63649.0743296";"Пройдений шлях(загальний)";"3.917676";"km";
"63649.0743296";"Середня швидкість";"28.54984346189202";"km/h";
"63649.0743296";"Швидкість автомобіля";"44";"km/h";
"63649.1442419";"Розрахунковий наддув";"-0.01";"bar";
"63649.1442419";"Тиск у впускному колекторі (абсолютний)";"98";"kPa";
"63649.2938689";"[BMS] HV State of charge";"71";"%";
"63649.3573068";"[BMS] HV Battery voltage";"365.95";"V";
"63649.4133349";"[BMS] Max Cell Voltage";"3.81";"V";
"63649.4678454";"[BMS] Min Cell Voltage";"3.8";"V";
"63649.5478778";"[BMS] HV Battery Current";"-2.0499999999999545";"A";
"63649.5992356";"[BMS] HV Battery Current (Low)";"-1.099999999999909";"A";
"63649.656341";"[BMS] HV Battery Current (High)";"1.900000000000091";"A";
"63649.7075361";"[BMS] HV Battery Temperature Sensor 1";"26";"℃";
"63649.7917899";"[BMS] HV Battery Temperature Sensor 2";"26";"℃";
"63649.8552869";"[BMS] HV Battery Temperature Sensor 3";"26";"℃";
"63649.9029666";"[BMS] HV Battery Temperature Sensor 4";"25";"℃";
"63649.9558879";"[BMS] HV Battery Intake Air Temperature";"23";"℃";
"63650.095645";"[VCM] Traction motor temperature";"40";"℃";
"63650.1459061";"[VCM] HV Coolant Temperature";"26";"℃";
"63650.1979686";"[VCM] Target Motor Torque";"-7.546875";"N⋅m";
"63650.2584764";"[VCM] Available Motor Maximum Output";"13";"%";
"63650.3488327";"[VCM] Motor RPM";"-608";"rpm";
"63650.3488327";"[VCM] Motor Torque";"-0.046875";"N⋅m";
"63650.3998196";"[VCM] Vehicle Speed";"46";"km/h";
"63650.5225011";"Розрахункове значення навантаження на двигун";"0";"%";
"63650.6201682";"Оберти двигуна";"0";"rpm";
"63650.6201682";"Оберти двигуна x1000";"0";"rpm";
"63650.6751558";"Температура олії у двигуні";"60";"℃";
"63650.7342759";"Пройдений шлях";"3.9384275800277773";"km";
"63650.7342759";"Пройдений шлях (Сьогодні)";"3.938425";"km";
"63650.7342759";"Пройдений шлях (Тиждень)";"3.938425";"km";
"63650.7342759";"Пройдений шлях(загальний)";"3.938425";"km";
"63650.7342759";"Середня швидкість";"28.60493429619461";"km/h";
"63650.7342759";"Швидкість автомобіля";"45";"km/h";
"63650.7957821";"Розрахунковий наддув";"-0.01";"bar";
"63650.7957821";"Тиск у впускному колекторі (абсолютний)";"98";"kPa";
"63650.9193141";"[BMS] HV State of charge";"71";"%";
"63650.9786112";"[BMS] HV Battery voltage";"371.1";"V";
"63651.0427127";"[BMS] Max Cell Voltage";"3.851";"V";
"63651.1041731";"[BMS] Min Cell Voltage";"3.839";"V";
"63651.2097379";"[BMS] HV Battery Current";"-7.149999999999864";"A";
"63651.2520395";"[BMS] HV Battery Current (Low)";"-15";"A";
"63651.3160411";"[BMS] HV Battery Current (High)";"-20.549999999999955";"A";
"63651.3684372";"[BMS] HV Battery Temperature Sensor 1";"26";"℃";
"63651.4474458";"[BMS] HV Battery Temperature Sensor 2";"26";"℃";
"63651.4993557";"[BMS] HV Battery Temperature Sensor 3";"26";"℃";
"63651.5643153";"[BMS] HV Battery Temperature Sensor 4";"25";"℃";
"63651.6045238";"[BMS] HV Battery Intake Air Temperature";"23";"℃";
"63651.7521585";"[VCM] Traction motor temperature";"40";"℃";
"63651.8039673";"[VCM] HV Coolant Temperature";"26";"℃";
"63651.8609624";"[VCM] Target Motor Torque";"20.828125";"N⋅m";
"63651.9139041";"[VCM] Available Motor Maximum Output";"100";"%";
"63651.9878177";"[VCM] Motor RPM";"1440";"rpm";
"63651.9878177";"[VCM] Motor Torque";"0.078125";"N⋅m";
"63652.0523355";"[VCM] Vehicle Speed";"46";"km/h";
"63652.1685531";"Розрахункове значення навантаження на двигун";"0";"%";
"63652.2186763";"Температура охолодної рідини";"82";"℃";
"63652.2969377";"Оберти двигуна";"0";"rpm";
"63652.2969377";"Оберти двигуна x1000";"0";"rpm";
"63652.3557134";"Температура олії у двигуні";"60";"℃";
"63652.4139126";"Прискорення";"0.021425045958166";"g";
"63652.4139126";"Пройдений шлях";"3.9594230900277774";"km";
"63652.4139126";"Пройдений шлях (Сьогодні)";"3.959421";"km";
"63652.4139126";"Пройдений шлях (Тиждень)";"3.959421";"km";
"63652.4139126";"Пройдений шлях(загальний)";"3.959421";"km";
"63652.4139126";"Середня швидкість";"28.66030447993829";"km/h";
"63652.4139126";"Швидкість автомобіля";"45";"km/h";
"63652.4988946";"Розрахунковий наддув";"-0.01";"bar";
"63652.4988946";"Тиск у впускному колекторі (абсолютний)";"98";"kPa";
"63652.5938691";"[BMS] HV State of charge";"71";"%";
"63652.647958";"[BMS] HV Battery voltage";"368.2";"V";
"63652.7158672";"[BMS] Max Cell Voltage";"3.823";"V";
"63652.7599798";"[BMS] Min Cell Voltage";"3.811";"V";
"63652.8362915";"[BMS] HV Battery Current";"-18.049999999999955";"A";
"63652.9001693";"[BMS] HV Battery Current (Low)";"-18.84999999999991";"A";
"63652.9515854";"[BMS] HV Battery Current (High)";"-17.549999999999955";"A";
"63653.0227691";"[BMS] HV Battery Temperature Sensor 1";"26";"℃";
"63653.0839269";"[BMS] HV Battery Temperature Sensor 2";"27";"℃";
"63653.1437329";"[BMS] HV Battery Temperature Sensor 3";"26";"℃";
"63653.2083884";"[BMS] HV Battery Temperature Sensor 4";"25";"℃";
"63653.2607299";"[BMS] HV Battery Intake Air Temperature";"23";"℃";
"63653.3876881";"[VCM] Traction motor temperature";"40";"℃";
"63653.4430637";"[VCM] HV Coolant Temperature";"26";"℃";
"63653.5000996";"[VCM] Target Motor Torque";"-2.390625";"N⋅m";
"63653.5626099";"[VCM] Available Motor Maximum Output";"100";"%";
"63653.6441251";"[VCM] Motor RPM";"-96";"rpm";
"63653.6441251";"[VCM] Motor Torque";"-0.015625";"N⋅m";
"63653.7015375";"[VCM] Vehicle Speed";"46";"km/h";
"63653.8143178";"Розрахункове значення навантаження на двигун";"0";"%";
"63653.8796799";"Оберти двигуна";"0";"rpm";
"63653.8796799";"Оберти двигуна x1000";"0";"rpm";
"63653.9439345";"Температура олії у двигуні";"60";"℃";
"63653.9996116";"Прискорення";"0.012945484568175668";"g";
"63653.9996116";"Пройдений шлях";"3.9796861398611107";"km";
"63653.9996116";"Пройдений шлях (Сьогодні)";"3.979684";"km";
"63653.9996116";"Пройдений шлях (Тиждень)";"3.979684";"km";
"63653.9996116";"Пройдений шлях(загальний)";"3.979684";"km";
"63653.9996116";"Середня швидкість";"28.71541756997954";"km/h";
"63653.9996116";"Швидкість автомобіля";"46";"km/h";
"63654.0766003";"Розрахунковий наддув";"-0.01";"bar";
"63654.0766003";"Тиск у впускному колекторі (абсолютний)";"98";"kPa";
"63654.2187183";"[BMS] HV State of charge";"71";"%";
"63654.2731169";"[BMS] HV Battery voltage";"370.3";"V";
"63654.3226253";"[BMS] Max Cell Voltage";"3.851";"V";
"63654.3875099";"[BMS] Min Cell Voltage";"3.842";"V";
"63654.4592256";"[BMS] HV Battery Current";"22.65000000000009";"A";
"63654.5141643";"[BMS] HV Battery Current (Low)";"21.75";"A";
"63654.5748425";"[BMS] HV Battery Current (High)";"23.050000000000182";"A";
"63654.6432043";"[BMS] HV Battery Temperature Sensor 1";"27";"℃";
"63654.6831322";"[BMS] HV Battery Temperature Sensor 2";"27";"℃";
"63654.7783234";"[BMS] HV Battery Temperature Sensor 3";"26";"℃";
"63654.8272524";"[BMS] HV Battery Temperature Sensor 4";"25";"℃";
"63654.8858413";"[BMS] HV Battery Intake Air Temperature";"23";"℃";
"63654.9705423";"[VCM] Traction motor temperature";"40";"℃";
"63655.0396177";"[VCM] HV Coolant Temperature";"26";"℃";
"63655.1041069";"[VCM] Target Motor Torque";"-21.671875";"N⋅m";
"63655.1623994";"[VCM] Available Motor Maximum Output";"100";"%";
"63655.2130493";"[VCM] Motor RPM";"-1280";"rpm";
"63655.2130493";"[VCM] Motor Torque";"-0.078125";"N⋅m";
"63655.2925845";"[VCM] Vehicle Speed";"44";"km/h";
"63655.3827101";"Розрахункове значення навантаження на двигун";"0";"%";
"63655.4453809";"Температура охолодної рідини";"82";"℃";
"63655.5064011";"Оберти двигуна";"0";"rpm";
"63655.5064011";"Оберти двигуна x1000";"0";"rpm";
"63655.6171513";"Температура олії у двигуні";"60";"℃";
"63655.6664865";"Пройдений шлях";"4.000058708194444";"km";
"63655.6664865";"Пройдений шлях (Сьогодні)";"4.000057";"km";
"63655.6664865";"Пройдений шлях (Тиждень)";"4.000057";"km";
"63655.6664865";"Пройдений шлях(загальний)";"4.000057";"km";
"63655.6664865";"Середня швидкість";"28.766311325120814";"km/h";
"63655.6664865";"Швидкість автомобіля";"44";"km/h";
"63655.7187201";"Розрахунковий наддув";"-0.01";"bar";
"63655.7187201";"Тиск у впускному колекторі (абсолютний)";"98";"kPa";
"63655.8675476";"[BMS] HV State of charge";"71";"%";
"63655.9142402";"[BMS] HV Battery voltage";"374";"V";
"63655.9797812";"[BMS] Max Cell Voltage";"3.891";"V";
"63656.0331837";"[BMS] Min Cell Voltage";"3.894";"V";
"63656.1113235";"[BMS] HV Battery Current";"70.90000000000009";"A";
"63656.1766962";"[BMS] HV Battery Current (Low)";"-1600";"A";
"63656.2278992";"[BMS] HV Battery Current (High)";"74.35000000000014";"A";
"63656.2926733";"[BMS] HV Battery Temperature Sensor 1";"27";"℃";
"63656.3429209";"[BMS] HV Battery Temperature Sensor 2";"27";"℃";
"63656.4222236";"[BMS] HV Battery Temperature Sensor 3";"26";"℃";
"63656.4762806";"[BMS] HV Battery Temperature Sensor 4";"25";"℃";
"63656.538495";"[BMS] HV Battery Intake Air Temperature";"23";"℃";
"63656.6626196";"[VCM] Traction motor temperature";"40";"℃";
"63656.7262364";"[VCM] HV Coolant Temperature";"26";"℃";
"63656.7879342";"[VCM] Target Motor Torque";"-79.328125";"N⋅m";
"63656.8743571";"[VCM] Available Motor Maximum Output";"100";"%";
"63656.9756059";"[VCM] Motor RPM";"-1824";"rpm";
"63656.9756059";"[VCM] Motor Torque";"-0.125";"N⋅m";
"63657.0323496";"[VCM] Vehicle Speed";"39";"km/h";
"63657.1467946";"Розрахункове значення навантаження на двигун";"0";"%";
"63657.220996";"Оберти двигуна";"0";"rpm";
"63657.220996";"Оберти двигуна x1000";"0";"rpm";
"63657.2764866";"Температура олії у двигуні";"60";"℃";
"63657.3280746";"Пройдений шлях";"4.0175968671944435";"km";
"63657.3280746";"Пройдений шлях (Сьогодні)";"4.017595";"km";
"63657.3280746";"Пройдений шлях (Тиждень)";"4.017595";"km";
"63657.3280746";"Пройдений шлях(загальний)";"4.017595";"km";
"63657.3280746";"Середня швидкість";"28.79685732685705";"km/h";
"63657.3280746";"Швидкість автомобіля";"38";"km/h";
"63657.3884439";"Розрахунковий наддув";"-0.01";"bar";
"63657.3884439";"Тиск у впускному колекторі (абсолютний)";"98";"kPa";
"63657.5228009";"[BMS] HV State of charge";"71.5";"%";
"63657.5717925";"[BMS] HV Battery voltage";"374.48";"V";
"63657.6262635";"[BMS] Max Cell Voltage";"3.875";"V";
"63657.6819805";"[BMS] Min Cell Voltage";"3.866";"V";
"63657.7674984";"[BMS] HV Battery Current";"16.850000000000136";"A";
"63657.8269114";"[BMS] HV Battery Current (Low)";"16.100000000000136";"A";
"63657.8884744";"[BMS] HV Battery Current (High)";"17.700000000000045";"A";
"63657.9401884";"[BMS] HV Battery Temperature Sensor 1";"27";"℃";
"63657.9934045";"[BMS] HV Battery Temperature Sensor 2";"27";"℃";
"63658.0790299";"[BMS] HV Battery Temperature Sensor 3";"26";"℃";
"63658.1522141";"[BMS] HV Battery Temperature Sensor 4";"25";"℃";
"63658.2017358";"[BMS] HV Battery Intake Air Temperature";"23";"℃";
"63658.3495606";"[VCM] Traction motor temperature";"40";"℃";
"63658.4046194";"[VCM] HV Coolant Temperature";"26";"℃";
"63658.455222";"[VCM] Target Motor Torque";"-25.125";"N⋅m";
"63658.5144342";"[VCM] Available Motor Maximum Output";"100";"%";
"63658.5883387";"[VCM] Motor RPM";"-1856";"rpm";
"63658.5883387";"[VCM] Motor Torque";"-0.125";"N⋅m";
"63658.6448228";"[VCM] Vehicle Speed";"37";"km/h";
"63658.7612781";"Розрахункове значення навантаження на двигун";"0";"%";
"63658.8054426";"Температура охолодної рідини";"82";"℃";
"63658.9112144";"Оберти двигуна";"0";"rpm";
"63658.9112144";"Оберти двигуна x1000";"0";"rpm";
"63658.9666461";"Температура олії у двигуні";"60";"℃";
"63659.0319925";"Прискорення";"-0.03852009300227428";"g";
"63659.0319925";"Пройдений шлях";"4.034636057194444";"km";
"63659.0319925";"Пройдений шлях (Сьогодні)";"4.034634";"km";
"63659.0319925";"Пройдений шлях (Тиждень)";"4.034634";"km";
"63659.0319925";"Пройдений шлях(загальний)";"4.034634";"km";
"63659.0319925";"Середня швидкість";"28.82121166498332";"km/h";
"63659.0319925";"Швидкість автомобіля";"36";"km/h";
"63659.1391386";"Розрахунковий наддув";"-0.01";"bar";
"63659.1391386";"Тиск у впускному колекторі (абсолютний)";"98";"kPa";
"63659.2594156";"[BMS] HV State of charge";"72";"%";
"63659.3076785";"[BMS] HV Battery voltage";"378.83";"V";
"63659.372302";"[BMS] Max Cell Voltage";"3.941";"V";
"63659.4597053";"[BMS] Min Cell Voltage";"3.92";"V";
"63659.5293589";"[BMS] HV Battery Current";"63";"A";
"63659.5803909";"[BMS] HV Battery Current (Low)";"-1600";"A";
"63659.635481";"[BMS] HV Battery Current (High)";"63.200000000000045";"A";
"63659.7236647";"[BMS] HV Battery Temperature Sensor 1";"27";"℃";
"63659.7723873";"[BMS] HV Battery Temperature Sensor 2";"27";"℃";
"63659.8260282";"[BMS] HV Battery Temperature Sensor 3";"26";"℃";
"63659.8903707";"[BMS] HV Battery Temperature Sensor 4";"25";"℃";
"63659.9631245";"[BMS] HV Battery Intake Air Temperature";"23";"℃";
"63660.0824852";"[VCM] Traction motor temperature";"40";"℃";
"63660.1613869";"[VCM] HV Coolant Temperature";"26";"℃";
"63660.239054";"[VCM] Target Motor Torque";"-115.484375";"N⋅m";
"63660.3149034";"[VCM] Available Motor Maximum Output";"100";"%";
"63660.415804";"[VCM] Motor RPM";"-7392";"rpm";
"63660.415804";"[VCM] Motor Torque";"-0.453125";"N⋅m";
"63660.5204495";"[VCM] Vehicle Speed";"28";"km/h";
"63660.6585152";"Розрахункове значення навантаження на двигун";"0";"%";
"63660.7278757";"Оберти двигуна";"0";"rpm";
"63660.7278757";"Оберти двигуна x1000";"0";"rpm";
"63660.8267626";"Температура олії у двигуні";"60";"℃";
"63660.8831702";"Прискорення";"-0.08229885733956854";"g";
"63660.8831702";"Пройдений шлях";"4.048005615416666";"km";
"63660.8831702";"Пройдений шлях (Сьогодні)";"4.048004";"km";
"63660.8831702";"Пройдений шлях (Тиждень)";"4.048004";"km";
"63660.8831702";"Пройдений шлях(загальний)";"4.048004";"km";
"63660.8831702";"Середня швидкість";"28.810886550023422";"km/h";
"63660.8831702";"Швидкість автомобіля";"26";"km/h";
"63660.9912253";"Розрахунковий наддув";"-0.01";"bar";
"63660.9912253";"Тиск у впускному колекторі (абсолютний)";"98";"kPa";
"63661.1270386";"[BMS] HV State of charge";"72.5";"%";
"63661.1765232";"[BMS] HV Battery voltage";"376.74";"V";
"63661.2284325";"[BMS] Max Cell Voltage";"3.915";"V";
"63661.2786907";"[BMS] Min Cell Voltage";"3.905";"V";
"63661.3678965";"[BMS] HV Battery Current";"36.30000000000018";"A";
"63661.443835";"[BMS] HV Battery Current (Low)";"-1600";"A";
"63661.4925733";"[BMS] HV Battery Current (High)";"35";"A";
"63661.5544544";"[BMS] HV Battery Temperature Sensor 1";"27";"℃";
"63661.6432506";"[BMS] HV Battery Temperature Sensor 2";"27";"℃";
"63661.6950941";"[BMS] HV Battery Temperature Sensor 3";"26";"℃";
"63661.7637002";"[BMS] HV Battery Temperature Sensor 4";"25";"℃";
"63661.8264539";"[BMS] HV Battery Intake Air Temperature";"23";"℃";
"63661.9797025";"[VCM] Traction motor temperature";"41";"℃";
"63662.0340423";"[VCM] HV Coolant Temperature";"26";"℃";
"63662.0897609";"[VCM] Target Motor Torque";"-16.421875";"N⋅m";
"63662.1675469";"[VCM] Available Motor Maximum Output";"13";"%";
"63662.2312375";"[VCM] Motor RPM";"-1120";"rpm";
"63662.2312375";"[VCM] Motor Torque";"-0.078125";"N⋅m";
"63662.2834784";"[VCM] Vehicle Speed";"21";"km/h";
"63662.3906792";"Розрахункове значення навантаження на двигун";"0";"%";
"63662.4865989";"Температура охолодної рідини";"82";"℃";
"63662.5391585";"Оберти двигуна";"0";"rpm";
"63662.5391585";"Оберти двигуна x1000";"0";"rpm";
"63662.5947675";"Температура олії у двигуні";"60";"℃";
"63662.6594821";"Прискорення";"-0.09316255668389074";"g";
"63662.6594821";"Пройдений шлях";"4.058367489083333";"km";
"63662.6594821";"Пройдений шлях (Сьогодні)";"4.058366";"km";
"63662.6594821";"Пройдений шлях (Тиждень)";"4.058366";"km";
"63662.6594821";"Пройдений шлях(загальний)";"4.058366";"km";
"63662.6594821";"Середня швидкість";"28.783551973879042";"km/h";
"63662.6594821";"Швидкість автомобіля";"21";"km/h";
"63662.7346393";"Розрахунковий наддув";"-0.01";"bar";
"63662.7346393";"Тиск у впускному колекторі (абсолютний)";"98";"kPa";
"63662.8514195";"[BMS] HV State of charge";"72.5";"%";
"63662.9064784";"[BMS] HV Battery voltage";"374.16";"V";
"63662.9932645";"[BMS] Max Cell Voltage";"3.882";"V";
"63663.0569905";"[BMS] Min Cell Voltage";"3.874";"V";
"63663.1090129";"[BMS] HV Battery Current";"15.400000000000091";"A";
"63663.1579852";"[BMS] HV Battery Current (Low)";"20.550000000000182";"A";
"63663.2218883";"[BMS] HV Battery Current (High)";"23.25";"A";
"63663.3361099";"[BMS] HV Battery Temperature Sensor 1";"27";"℃";
"63663.3871473";"[BMS] HV Battery Temperature Sensor 2";"27";"℃";
"63663.4384473";"[BMS] HV Battery Temperature Sensor 3";"26";"℃";
"63663.4989825";"[BMS] HV Battery Temperature Sensor 4";"25";"℃";
"63663.572689";"[BMS] HV Battery Intake Air Temperature";"23";"℃";
"63663.6902228";"[VCM] Traction motor temperature";"41";"℃";
"63663.7413202";"[VCM] HV Coolant Temperature";"26";"℃";
"63663.850626";"[VCM] Target Motor Torque";"45.546875";"N⋅m";
"63663.8955976";"[VCM] Available Motor Maximum Output";"13";"%";
"63663.9468032";"[VCM] Motor RPM";"2976";"rpm";
"63663.9468032";"[VCM] Motor Torque";"0.171875";"N⋅m";
"63664.000469";"[VCM] Vehicle Speed";"20";"km/h";
"63664.1469909";"Розрахункове значення навантаження на двигун";"0";"%";
"63664.2087645";"Оберти двигуна";"0";"rpm";
"63664.2087645";"Оберти двигуна x1000";"0";"rpm";
"63664.2658105";"Температура олії у двигуні";"60";"℃";
"63664.3551759";"Прискорення";"-0.07658685051963919";"g";
"63664.3551759";"Пройдений шлях";"4.06731705011111";"km";
"63664.3551759";"Пройдений шлях (Сьогодні)";"4.067316";"km";
"63664.3551759";"Пройдений шлях (Тиждень)";"4.067316";"km";
"63664.3551759";"Пройдений шлях(загальний)";"4.067316";"km";
"63664.3551759";"Середня швидкість";"28.750976610911483";"km/h";
"63664.3551759";"Швидкість автомобіля";"19";"km/h";
"63664.4313347";"Розрахунковий наддув";"-0.01";"bar";
"63664.4313347";"Тиск у впускному колекторі (абсолютний)";"98";"kPa";
"63664.5711695";"[BMS] HV State of charge";"72.5";"%";
"63664.6505405";"[BMS] HV Battery voltage";"373.19";"V";
"63664.7071643";"[BMS] Max Cell Voltage";"3.873";"V";
"63664.7667274";"[BMS] Min Cell Voltage";"3.863";"V";
"63664.820409";"[BMS] HV Battery Current";"2.6000000000001364";"A";
"63664.8719367";"[BMS] HV Battery Current (Low)";"3.150000000000091";"A";
"63664.9581983";"[BMS] HV Battery Current (High)";"3.2000000000000455";"A";
"63665.0226922";"[BMS] HV Battery Temperature Sensor 1";"27";"℃";
"63665.0796788";"[BMS] HV Battery Temperature Sensor 2";"27";"℃";
"63665.1285775";"[BMS] HV Battery Temperature Sensor 3";"26";"℃";
"63665.216411";"[BMS] HV Battery Temperature Sensor 4";"25";"℃";
"63665.2724205";"[BMS] HV Battery Intake Air Temperature";"23";"℃";
"63665.387294";"[VCM] Traction motor temperature";"41";"℃";
"63665.4685884";"[VCM] HV Coolant Temperature";"26";"℃";
"63665.5200943";"[VCM] Target Motor Torque";"77.828125";"N⋅m";
"63665.5793002";"[VCM] Available Motor Maximum Output";"13";"%";
"63665.6319804";"[VCM] Motor RPM";"4992";"rpm";
"63665.6319804";"[VCM] Motor Torque";"0.296875";"N⋅m";
"63665.7444303";"[VCM] Vehicle Speed";"20";"km/h";
"63665.8714028";"Розрахункове значення навантаження на двигун";"0";"%";
"63665.9315719";"Температура охолодної рідини";"82";"℃";
"63666.0109539";"Оберти двигуна";"0";"rpm";
"63666.0109539";"Оберти двигуна x1000";"0";"rpm";
"63666.0676815";"Температура олії у двигуні";"60";"℃";
"63666.1381556";"Пройдений шлях";"4.077717656527777";"km";
"63666.1381556";"Пройдений шлях (Сьогодні)";"4.077717";"km";
"63666.1381556";"Пройдений шлях (Тиждень)";"4.077717";"km";
"63666.1381556";"Пройдений шлях(загальний)";"4.077717";"km";
"63666.1381556";"Середня швидкість";"28.72393562097128";"km/h";
"63666.1381556";"Швидкість автомобіля";"21";"km/h";
"63666.179569";"Розрахунковий наддув";"-0.01";"bar";
"63666.179569";"Тиск у впускному колекторі (абсолютний)";"98";"kPa";
"63666.2905524";"Атмосферний тиск (абсолютний)";"99";"kPa";
"63666.3978991";"[BMS] HV State of charge";"72";"%";
"63666.4528757";"[BMS] HV Battery voltage";"363.05";"V";
"63666.5156533";"[BMS] Max Cell Voltage";"3.776";"V";
"63666.5919201";"[BMS] Min Cell Voltage";"3.761";"V";
"63666.6515255";"[BMS] HV Battery Current";"-66.04999999999995";"A";
"63666.7045816";"[BMS] HV Battery Current (Low)";"-1600";"A";
"63666.7690929";"[BMS] HV Battery Current (High)";"-59.649999999999864";"A";
"63666.8513013";"[BMS] HV Battery Temperature Sensor 1";"27";"℃";
"63666.9031287";"[BMS] HV Battery Temperature Sensor 2";"27";"℃";
"63666.9676437";"[BMS] HV Battery Temperature Sensor 3";"26";"℃";
"63667.018168";"[BMS] HV Battery Temperature Sensor 4";"25";"℃";
"63667.1141889";"[BMS] HV Battery Intake Air Temperature";"23";"℃";
"63667.2268795";"[VCM] Traction motor temperature";"41";"℃";
"63667.2784087";"[VCM] HV Coolant Temperature";"26";"℃";
"63667.3437195";"[VCM] Target Motor Torque";"4.390625";"N⋅m";
"63667.4094146";"[VCM] Available Motor Maximum Output";"13";"%";
"63667.4719385";"[VCM] Motor RPM";"0";"rpm";
"63667.4719385";"[VCM] Motor Torque";"0";"N⋅m";
"63667.5362914";"[VCM] Vehicle Speed";"27";"km/h";
"63667.6625871";"Розрахункове значення навантаження на двигун";"0";"%";
"63667.7239299";"Оберти двигуна";"0";"rpm";
"63667.7239299";"Оберти двигуна x1000";"0";"rpm";
"63667.7748552";"Температура олії у двигуні";"60";"℃";
"63667.8388745";"Пройдений шлях";"4.0904734532777764";"km";
"63667.8388745";"Пройдений шлях (Сьогодні)";"4.090473";"km";
"63667.8388745";"Пройдений шлях (Тиждень)";"4.090473";"km";
"63667.8388745";"Пройдений шлях(загальний)";"4.090473";"km";
"63667.8388745";"Середня швидкість";"28.718217560122053";"km/h";
"63667.8388745";"Швидкість автомобіля";"27";"km/h";
"63667.8953525";"Розрахунковий наддув";"-0.01";"bar";
"63667.8953525";"Тиск у впускному колекторі (абсолютний)";"98";"kPa";
"63668.0209314";"[BMS] HV State of charge";"71.5";"%";
"63668.0749089";"[BMS] HV Battery voltage";"364.5";"V";
"63668.1386634";"[BMS] Max Cell Voltage";"3.779";"V";
"63668.2117213";"[BMS] Min Cell Voltage";"3.769";"V";
"63668.2711467";"[BMS] HV Battery Current";"-54.94999999999982";"A";
"63668.3357127";"[BMS] HV Battery Current (Low)";"-1600";"A";
"63668.4081131";"[BMS] HV Battery Current (High)";"-53.649999999999864";"A";
"63668.4958341";"[BMS] HV Battery Temperature Sensor 1";"27";"℃";
"63668.5429727";"[BMS] HV Battery Temperature Sensor 2";"27";"℃";
"63668.6021502";"[BMS] HV Battery Temperature Sensor 3";"26";"℃";
"63668.6544467";"[BMS] HV Battery Temperature Sensor 4";"25";"℃";
"63668.7201427";"[BMS] HV Battery Intake Air Temperature";"23";"℃";
"63668.8580171";"[VCM] Traction motor temperature";"41";"℃";
"63668.9099556";"[VCM] HV Coolant Temperature";"26";"℃";
"63668.9676528";"[VCM] Target Motor Torque";"66.234375";"N⋅m";
"63669.0361857";"[VCM] Available Motor Maximum Output";"13";"%";
"63669.100587";"[VCM] Motor RPM";"4288";"rpm";
"63669.100587";"[VCM] Motor Torque";"0.25";"N⋅m";
"63669.1524653";"[VCM] Vehicle Speed";"32";"km/h";
"63669.2672231";"Розрахункове значення навантаження на двигун";"0";"%";
"63669.3397742";"Температура охолодної рідини";"82";"℃";
"63669.4032066";"Оберти двигуна";"0";"rpm";
"63669.4032066";"Оберти двигуна x1000";"0";"rpm";
"63669.4551324";"Температура олії у двигуні";"61";"℃";
"63669.5072592";"Пройдений шлях";"4.105302959055554";"km";
"63669.5072592";"Пройдений шлях (Сьогодні)";"4.105303";"km";
"63669.5072592";"Пройдений шлях (Тиждень)";"4.105303";"km";
"63669.5072592";"Пройдений шлях(загальний)";"4.105303";"km";
"63669.5072592";"Середня швидкість";"28.728860452575393";"km/h";
"63669.5072592";"Швидкість автомобіля";"32";"km/h";
"63669.5438269";"Розрахунковий наддув";"-0.01";"bar";
"63669.5438269";"Тиск у впускному колекторі (абсолютний)";"98";"kPa";
"63669.6865556";"[BMS] HV State of charge";"71.5";"%";
"63669.739417";"[BMS] HV Battery voltage";"367.56";"V";
"63669.7952167";"[BMS] Max Cell Voltage";"3.817";"V";
"63669.8898362";"[BMS] Min Cell Voltage";"3.806";"V";
"63669.9522424";"[BMS] HV Battery Current";"4.7000000000000455";"A";
"63670.0141655";"[BMS] HV Battery Current (Low)";"7.800000000000182";"A";
"63670.0671962";"[BMS] HV Battery Current (High)";"8.100000000000136";"A";
"63670.1401621";"[BMS] HV Battery Temperature Sensor 1";"27";"℃";
"63670.2028752";"[BMS] HV Battery Temperature Sensor 2";"27";"℃";
"63670.263242";"[BMS] HV Battery Temperature Sensor 3";"26";"℃";
"63670.315333";"[BMS] HV Battery Temperature Sensor 4";"25";"℃";
"63670.3665098";"[BMS] HV Battery Intake Air Temperature";"23";"℃";
"63670.4996453";"[VCM] Traction motor temperature";"41";"℃";
"63670.5512065";"[VCM] HV Coolant Temperature";"26";"℃";
"63670.6111907";"[VCM] Target Motor Torque";"-21.359375";"N⋅m";
"63670.6959733";"[VCM] Available Motor Maximum Output";"13";"%";
"63670.749741";"[VCM] Motor RPM";"-1568";"rpm";
"63670.749741";"[VCM] Motor Torque";"-0.109375";"N⋅m";
"63670.7989522";"[VCM] Vehicle Speed";"31";"km/h";
"63670.9593012";"Розрахункове значення навантаження на двигун";"0";"%";
"63671.0083631";"Оберти двигуна";"0";"rpm";
"63671.0083631";"Оберти двигуна x1000";"0";"rpm";
"63671.0601971";"Температура олії у двигуні";"61";"℃";
"63671.1264559";"Пройдений шлях";"4.118796316555554";"km";
"63671.1264559";"Пройдений шлях (Сьогодні)";"4.118796";"km";
"63671.1264559";"Пройдений шлях (Тиждень)";"4.118796";"km";
"63671.1264559";"Пройдений шлях(загальний)";"4.118796";"km";
"63671.1264559";"Середня швидкість";"28.732848867894415";"km/h";
"63671.1264559";"Швидкість автомобіля";"30";"km/h";
"63671.17926";"Розрахунковий наддув";"-0.01";"bar";
"63671.17926";"Тиск у впускному колекторі (абсолютний)";"98";"kPa";
"63671.3120773";"[BMS] HV State of charge";"71.5";"%";
"63671.3640069";"[BMS] HV Battery voltage";"368.69";"V";
"63671.4155756";"[BMS] Max Cell Voltage";"3.841";"V";
"63671.4865547";"[BMS] Min Cell Voltage";"3.833";"V";
"63671.5445211";"[BMS] HV Battery Current";"9.100000000000136";"A";
"63671.6074909";"[BMS] HV Battery Current (Low)";"10.400000000000091";"A";
"63671.6547793";"[BMS] HV Battery Current (High)";"10.25";"A";
"63671.7195715";"[BMS] HV Battery Temperature Sensor 1";"27";"℃";
"63671.7950959";"[BMS] HV Battery Temperature Sensor 2";"27";"℃";
"63671.8517688";"[BMS] HV Battery Temperature Sensor 3";"26";"℃";
"63671.9153361";"[BMS] HV Battery Temperature Sensor 4";"25";"℃";
"63671.9783401";"[BMS] HV Battery Intake Air Temperature";"23";"℃";
"63672.0925224";"[VCM] Traction motor temperature";"42";"℃";
"63672.1487412";"[VCM] HV Coolant Temperature";"26";"℃";
"63672.2232849";"[VCM] Target Motor Torque";"-21.1875";"N⋅m";
"63672.2708712";"[VCM] Available Motor Maximum Output";"100";"%";
"63672.3649787";"[VCM] Motor RPM";"-672";"rpm";
"63672.3649787";"[VCM] Motor Torque";"-0.046875";"N⋅m";
"63672.4308703";"[VCM] Vehicle Speed";"28";"km/h";
"63672.5308506";"Розрахункове значення навантаження на двигун";"0";"%";
"63672.5778782";"Температура охолодної рідини";"82";"℃";
"63672.6452493";"Оберти двигуна";"0";"rpm";
"63672.6452493";"Оберти двигуна x1000";"0";"rpm";
"63672.6943756";"Температура олії у двигуні";"61";"℃";
"63672.7513381";"Пройдений шлях";"4.131434236333332";"km";
"63672.7513381";"Пройдений шлях (Сьогодні)";"4.131434";"km";
"63672.7513381";"Пройдений шлях (Тиждень)";"4.131434";"km";
"63672.7513381";"Пройдений шлях(загальний)";"4.131434";"km";
"63672.7513381";"Середня швидкість";"28.730548617789736";"km/h";
"63672.7513381";"Швидкість автомобіля";"28";"km/h";
"63672.8117518";"Розрахунковий наддув";"-0.01";"bar";
"63672.8117518";"Тиск у впускному колекторі (абсолютний)";"98";"kPa";
"63672.9226028";"[BMS] HV State of charge";"71.5";"%";
"63672.983298";"[BMS] HV Battery voltage";"367.24";"V";
"63673.0388162";"[BMS] Max Cell Voltage";"3.803";"V";
"63673.0937131";"[BMS] Min Cell Voltage";"3.804";"V";
"63673.1712708";"[BMS] HV Battery Current";"-14.799999999999955";"A";
"63673.2327973";"[BMS] HV Battery Current (Low)";"-25.949999999999818";"A";
"63673.2870997";"[BMS] HV Battery Current (High)";"-35.69999999999982";"A";
"63673.356552";"[BMS] HV Battery Temperature Sensor 1";"27";"℃";
"63673.4351746";"[BMS] HV Battery Temperature Sensor 2";"27";"℃";
"63673.4963405";"[BMS] HV Battery Temperature Sensor 3";"26";"℃";
"63673.5513205";"[BMS] HV Battery Temperature Sensor 4";"25";"℃";
"63673.6128396";"[BMS] HV Battery Intake Air Temperature";"23";"℃";
"63673.7116752";"[VCM] Traction motor temperature";"42";"℃";
"63673.7757247";"[VCM] HV Coolant Temperature";"26";"℃";
"63673.8301281";"[VCM] Target Motor Torque";"74.09375";"N⋅m";
"63673.91135";"[VCM] Available Motor Maximum Output";"13";"%";
"63673.9971996";"[VCM] Motor RPM";"4736";"rpm";
"63673.9971996";"[VCM] Motor Torque";"0.28125";"N⋅m";
"63674.0519923";"[VCM] Vehicle Speed";"31";"km/h";
"63674.161028";"Розрахункове значення навантаження на двигун";"0";"%";
"63674.2238987";"Оберти двигуна";"0";"rpm";
"63674.2238987";"Оберти двигуна x1000";"0";"rpm";
"63674.287133";"Температура олії у двигуні";"61";"℃";
"63674.3519734";"Пройдений шлях";"4.145217593249999";"km";
"63674.3519734";"Пройдений шлях (Сьогодні)";"4.145217";"km";
"63674.3519734";"Пройдений шлях (Тиждень)";"4.145217";"km";
"63674.3519734";"Пройдений шлях(загальний)";"4.145217";"km";
"63674.3519734";"Середня швидкість";"28.737544081525336";"km/h";
"63674.3519734";"Швидкість автомобіля";"31";"km/h";
"63674.4036823";"Розрахунковий наддув";"-0.01";"bar";
"63674.4036823";"Тиск у впускному колекторі (абсолютний)";"98";"kPa";
"63674.5384055";"[BMS] HV State of charge";"71";"%";
"63674.5915744";"[BMS] HV Battery voltage";"354.52";"V";
"63674.6550272";"[BMS] Max Cell Voltage";"3.682";"V";
"63674.7124293";"[BMS] Min Cell Voltage";"3.65";"V";
"63674.803039";"[BMS] HV Battery Current";"-146.39999999999986";"A";
"63674.8449025";"[BMS] HV Battery Current (Low)";"-1600";"A";
"63674.8993716";"[BMS] HV Battery Current (High)";"-113.04999999999995";"A";
"63674.9621575";"[BMS] HV Battery Temperature Sensor 1";"27";"℃";
"63675.0125763";"[BMS] HV Battery Temperature Sensor 2";"27";"℃";
"63675.090215";"[BMS] HV Battery Temperature Sensor 3";"26";"℃";
"63675.1448847";"[BMS] HV Battery Temperature Sensor 4";"25";"℃";
"63675.1972595";"[BMS] HV Battery Intake Air Temperature";"23";"℃";
"63675.318353";"[VCM] Traction motor temperature";"42";"℃";
"63675.3910461";"[VCM] HV Coolant Temperature";"26";"℃";
"63675.4434965";"[VCM] Target Motor Torque";"87.515625";"N⋅m";
"63675.5072283";"[VCM] Available Motor Maximum Output";"13";"%";
"63675.5580392";"[VCM] Motor RPM";"5984";"rpm";
"63675.5580392";"[VCM] Motor Torque";"0.359375";"N⋅m";
"63675.6358212";"[VCM] Vehicle Speed";"38";"km/h";
"63675.7543445";"Розрахункове значення навантаження на двигун";"43.92156862745098";"%";
"63675.8154032";"Температура охолодної рідини";"82";"℃";
"63675.8709416";"Оберти двигуна";"1931";"rpm";
"63675.8709416";"Оберти двигуна x1000";"1.9";"rpm";
"63675.9468615";"Температура олії у двигуні";"61";"℃";
"63676.008108";"Пройдений шлях";"4.1631597739999995";"km";
"63676.008108";"Пройдений шлях (Сьогодні)";"4.163159";"km";
"63676.008108";"Пройдений шлях (Тиждень)";"4.163159";"km";
"63676.008108";"Пройдений шлях(загальний)";"4.163159";"km";
"63676.008108";"Середня швидкість";"28.77017139350339";"km/h";
"63676.008108";"Швидкість автомобіля";"39";"km/h";
"63676.0770146";"Розрахунковий наддув";"-0.07";"bar";
"63676.0770146";"Тиск у впускному колекторі (абсолютний)";"92";"kPa";
"63676.2240736";"[BMS] HV State of charge";"70";"%";
"63676.2800723";"[BMS] HV Battery voltage";"365.95";"V";
"63676.3426859";"[BMS] Max Cell Voltage";"3.784";"V";
"63676.4062162";"[BMS] Min Cell Voltage";"3.772";"V";
"63676.4862292";"[BMS] HV Battery Current";"-7.25";"A";
"63676.5478418";"[BMS] HV Battery Current (Low)";"-4.649999999999864";"A";
"63676.5998908";"[BMS] HV Battery Current (High)";"-10.049999999999955";"A";
"63676.6639694";"[BMS] HV Battery Temperature Sensor 1";"27";"℃";
"63676.7397599";"[BMS] HV Battery Temperature Sensor 2";"27";"℃";
"63676.786553";"[BMS] HV Battery Temperature Sensor 3";"26";"℃";
"63676.8286697";"[BMS] HV Battery Temperature Sensor 4";"26";"℃";
"63676.8938991";"[BMS] HV Battery Intake Air Temperature";"23";"℃";
"63677.0274897";"[VCM] Traction motor temperature";"42";"℃";
"63677.0785409";"[VCM] HV Coolant Temperature";"26";"℃";
"63677.1399007";"[VCM] Target Motor Torque";"64.484375";"N⋅m";
"63677.1959075";"[VCM] Available Motor Maximum Output";"100";"%";
"63677.25193";"[VCM] Motor RPM";"5056";"rpm";
"63677.25193";"[VCM] Motor Torque";"0.296875";"N⋅m";
"63677.3150568";"[VCM] Vehicle Speed";"43";"km/h";
"63677.4468062";"Розрахункове значення навантаження на двигун";"40.78431372549019";"%";
"63677.4990705";"Оберти двигуна";"1865";"rpm";
"63677.4990705";"Оберти двигуна x1000";"1.9";"rpm";
"63677.5933693";"Температура олії у двигуні";"61";"℃";
"63677.6425774";"Пройдений шлях";"4.182681828944444";"km";
"63677.6425774";"Пройдений шлях (Сьогодні)";"4.182681";"km";
"63677.6425774";"Пройдений шлях (Тиждень)";"4.182681";"km";
"63677.6425774";"Пройдений шлях(загальний)";"4.182681";"km";
"63677.6425774";"Середня швидкість";"28.81467709716511";"km/h";
"63677.6425774";"Швидкість автомобіля";"43";"km/h";
"63677.7029824";"Розрахунковий наддув";"-0.05";"bar";
"63677.7029824";"Тиск у впускному колекторі (абсолютний)";"94";"kPa";
"63677.8312873";"[BMS] HV State of charge";"70";"%";
"63677.8793753";"[BMS] HV Battery voltage";"361.44";"V";
"63677.9369445";"[BMS] Max Cell Voltage";"3.764";"V";
"63677.9787316";"[BMS] Min Cell Voltage";"3.753";"V";
"63678.0459905";"[BMS] HV Battery Current";"-32.299999999999955";"A";
"63678.1199933";"[BMS] HV Battery Current (Low)";"-1600";"A";
"63678.1676344";"[BMS] HV Battery Current (High)";"-32.049999999999955";"A";
"63678.223067";"[BMS] HV Battery Temperature Sensor 1";"27";"℃";
"63678.2815088";"[BMS] HV Battery Temperature Sensor 2";"27";"℃";
"63678.3380135";"[BMS] HV Battery Temperature Sensor 3";"26";"℃";
"63678.4147388";"[BMS] HV Battery Temperature Sensor 4";"26";"℃";
"63678.4756285";"[BMS] HV Battery Intake Air Temperature";"23";"℃";
"63678.5834764";"[VCM] Traction motor temperature";"42";"℃";
"63678.6664737";"[VCM] HV Coolant Temperature";"26";"℃";
"63678.7188933";"[VCM] Target Motor Torque";"54.265625";"N⋅m";
"63678.798257";"[VCM] Available Motor Maximum Output";"100";"%";
"63678.8671598";"[VCM] Motor RPM";"3392";"rpm";
"63678.8671598";"[VCM] Motor Torque";"0.203125";"N⋅m";
"63678.9438162";"[VCM] Vehicle Speed";"47";"km/h";
"63679.0268193";"Розрахункове значення навантаження на двигун";"46.27450980392157";"%";
"63679.0917336";"Температура охолодної рідини";"81";"℃";
"63679.1467958";"Оберти двигуна";"1716";"rpm";
"63679.1467958";"Оберти двигуна x1000";"1.7";"rpm";
"63679.2157114";"Температура олії у двигуні";"61";"℃";
"63679.2767791";"Прискорення";"0.07813389263483712";"g";
"63679.2767791";"Пройдений шлях";"4.203563098333333";"km";
"63679.2767791";"Пройдений шлях (Сьогодні)";"4.203562";"km";
"63679.2767791";"Пройдений шлях (Тиждень)";"4.203562";"km";
"63679.2767791";"Пройдений шлях(загальний)";"4.203562";"km";
"63679.2767791";"Середня швидкість";"28.868251788176273";"km/h";
"63679.2767791";"Швидкість автомобіля";"46";"km/h";
"63679.351127";"Розрахунковий наддув";"-0.06";"bar";
"63679.351127";"Тиск у впускному колекторі (абсолютний)";"93";"kPa";
"63679.4432032";"[BMS] HV State of charge";"69.5";"%";
"63679.5268257";"[BMS] HV Battery voltage";"365.47";"V";
"63679.5775028";"[BMS] Max Cell Voltage";"3.788";"V";
"63679.6385553";"[BMS] Min Cell Voltage";"3.776";"V";
"63679.6922156";"[BMS] HV Battery Current";"-15.75";"A";
"63679.7661541";"[BMS] HV Battery Current (Low)";"-11.949999999999818";"A";
"63679.8246974";"[BMS] HV Battery Current (High)";"-13.25";"A";
"63679.8740084";"[BMS] HV Battery Temperature Sensor 1";"27";"℃";
"63679.9476264";"[BMS] HV Battery Temperature Sensor 2";"27";"℃";
"63679.9942346";"[BMS] HV Battery Temperature Sensor 3";"26";"℃";
"63680.0662198";"[BMS] HV Battery Temperature Sensor 4";"26";"℃";
"63680.1401686";"[BMS] HV Battery Intake Air Temperature";"23";"℃";
"63680.2323922";"[VCM] Traction motor temperature";"42";"℃";
"63680.3080853";"[VCM] HV Coolant Temperature";"26";"℃";
"63680.373632";"[VCM] Target Motor Torque";"56.28125";"N⋅m";
"63680.4263878";"[VCM] Available Motor Maximum Output";"13";"%";
"63680.4796457";"[VCM] Motor RPM";"3424";"rpm";
"63680.4796457";"[VCM] Motor Torque";"0.203125";"N⋅m";
"63680.5348211";"[VCM] Vehicle Speed";"49";"km/h";
"63680.6421489";"Розрахункове значення навантаження на двигун";"44.31372549019608";"%";
"63680.7076054";"Оберти двигуна";"1749";"rpm";
"63680.7076054";"Оберти двигуна x1000";"1.7";"rpm";
"63680.7595425";"Температура олії у двигуні";"61";"℃";
"63680.79443";"Прискорення";"0.07474363989172486";"g";
"63680.79443";"Пройдений шлях";"4.223798813";"km";
"63680.79443";"Пройдений шлях (Сьогодні)";"4.223798";"km";
"63680.79443";"Пройдений шлях (Тиждень)";"4.223798";"km";
"63680.79443";"Пройдений шлях(загальний)";"4.223798";"km";
"63680.79443";"Середня швидкість";"28.92348233237389";"km/h";
"63680.79443";"Швидкість автомобіля";"48";"km/h";
"63680.8878385";"Розрахунковий наддув";"-0.05";"bar";
"63680.8878385";"Тиск у впускному колекторі (абсолютний)";"94";"kPa";
"63681.0011128";"[BMS] HV State of charge";"69.5";"%";
"63681.0602666";"[BMS] HV Battery voltage";"363.05";"V";
"63681.1317535";"[BMS] Max Cell Voltage";"3.775";"V";
"63681.2094614";"[BMS] Min Cell Voltage";"3.776";"V";
"63681.2585476";"[BMS] HV Battery Current";"-0.1999999999998181";"A";
"63681.3237426";"[BMS] HV Battery Current (Low)";"20.850000000000136";"A";
"63681.3742102";"[BMS] HV Battery Current (High)";"30.75";"A";
"63681.4519607";"[BMS] HV Battery Temperature Sensor 1";"27";"℃";
"63681.504046";"[BMS] HV Battery Temperature Sensor 2";"27";"℃";
"63681.5675534";"[BMS] HV Battery Temperature Sensor 3";"26";"℃";
"63681.6201341";"[BMS] HV Battery Temperature Sensor 4";"26";"℃";
"63681.6874216";"[BMS] HV Battery Intake Air Temperature";"23";"℃";
"63681.8030776";"[VCM] Traction motor temperature";"42";"℃";
"63681.8673692";"[VCM] HV Coolant Temperature";"26";"℃";
"63681.9186256";"[VCM] Target Motor Torque";"-19.609375";"N⋅m";
"63681.992528";"[VCM] Available Motor Maximum Output";"100";"%";
"63682.0440651";"[VCM] Motor RPM";"-928";"rpm";
"63682.0440651";"[VCM] Motor Torque";"-0.0625";"N⋅m";
"63682.0968617";"[VCM] Vehicle Speed";"49";"km/h";
"63682.251778";"Розрахункове значення навантаження на двигун";"47.05882352941177";"%";
"63682.3106024";"Температура охолодної рідини";"81";"℃";
"63682.3637106";"Оберти двигуна";"1627";"rpm";
"63682.3637106";"Оберти двигуна x1000";"1.6";"rpm";
"63682.4209952";"Температура олії у двигуні";"61";"℃";
"63682.5184964";"Прискорення";"0.03915727258983229";"g";
"63682.5184964";"Пройдений шлях";"4.246786751666667";"km";
"63682.5184964";"Пройдений шлях (Сьогодні)";"4.246786";"km";
"63682.5184964";"Пройдений шлях (Тиждень)";"4.246786";"km";
"63682.5184964";"Пройдений шлях(загальний)";"4.246786";"km";
"63682.5184964";"Середня швидкість";"28.9858390597172";"km/h";
"63682.5184964";"Швидкість автомобіля";"48";"km/h";
"63682.6068708";"Розрахунковий наддув";"-0.09";"bar";
"63682.6068708";"Тиск у впускному колекторі (абсолютний)";"90";"kPa";
"63682.7189784";"[BMS] HV State of charge";"70";"%";
"63682.7949763";"[BMS] HV Battery voltage";"372.87";"V";
"63682.8488053";"[BMS] Max Cell Voltage";"3.88";"V";
"63682.9213043";"[BMS] Min Cell Voltage";"3.875";"V";
"63682.975555";"[BMS] HV Battery Current";"65.35000000000014";"A";
"63683.0232433";"[BMS] HV Battery Current (Low)";"-1600";"A";
"63683.0954204";"[BMS] HV Battery Current (High)";"61.950000000000045";"A";
"63683.1567803";"[BMS] HV Battery Temperature Sensor 1";"27";"℃";
"63683.2323562";"[BMS] HV Battery Temperature Sensor 2";"27";"℃";
"63683.3590398";"[BMS] HV Battery Temperature Sensor 3";"26";"℃";
"63683.4597941";"[BMS] HV Battery Temperature Sensor 4";"26";"℃";
"63683.5202546";"[BMS] HV Battery Intake Air Temperature";"23";"℃";
"63683.6957466";"[VCM] Traction motor temperature";"42";"℃";
"63683.7706604";"[VCM] HV Coolant Temperature";"26";"℃";
"63683.832633";"[VCM] Target Motor Torque";"-28.5625";"N⋅m";
"63683.8945057";"[VCM] Available Motor Maximum Output";"100";"%";
"63683.9429906";"[VCM] Motor RPM";"-1632";"rpm";
"63683.9429906";"[VCM] Motor Torque";"-0.109375";"N⋅m";
"63683.9958621";"[VCM] Vehicle Speed";"44";"km/h";
"63684.1104803";"Розрахункове значення навантаження на двигун";"38.03921568627451";"%";
"63684.198424";"Оберти двигуна";"480";"rpm";
"63684.198424";"Оберти двигуна x1000";"0.5";"rpm";
"63684.2520193";"Температура олії у двигуні";"61";"℃";
"63684.3029084";"Пройдений шлях";"4.2685955032222225";"km";
"63684.3029084";"Пройдений шлях (Сьогодні)";"4.268595";"km";
"63684.3029084";"Пройдений шлях (Тиждень)";"4.268595";"km";
"63684.3029084";"Пройдений шлях(загальний)";"4.268595";"km";
"63684.3029084";"Середня швидкість";"29.03646089358379";"km/h";
"63684.3029084";"Швидкість автомобіля";"44";"km/h";
"63684.3521908";"Розрахунковий наддув";"-0.04";"bar";
"63684.3521908";"Тиск у впускному колекторі (абсолютний)";"95";"kPa";
"63684.4993977";"[BMS] HV State of charge";"70.5";"%";
"63684.5666833";"[BMS] HV Battery voltage";"372.07";"V";
"63684.6238688";"[BMS] Max Cell Voltage";"3.852";"V";
"63684.720157";"[BMS] Min Cell Voltage";"3.844";"V";
"63684.7758685";"[BMS] HV Battery Current";"21.600000000000136";"A";
"63684.8304055";"[BMS] HV Battery Current (Low)";"20.15000000000009";"A";
"63684.8863742";"[BMS] HV Battery Current (High)";"21.75";"A";
"63684.9483734";"[BMS] HV Battery Temperature Sensor 1";"27";"℃";
"63685.0230862";"[BMS] HV Battery Temperature Sensor 2";"27";"℃";
"63685.0755868";"[BMS] HV Battery Temperature Sensor 3";"26";"℃";
"63685.1303021";"[BMS] HV Battery Temperature Sensor 4";"26";"℃";
"63685.2035094";"[BMS] HV Battery Intake Air Temperature";"23";"℃";
"63685.3593084";"[VCM] Traction motor temperature";"42";"℃";
"63685.4116233";"[VCM] HV Coolant Temperature";"26";"℃";
"63685.4614085";"[VCM] Target Motor Torque";"-102.953125";"N⋅m";
"63685.5479417";"[VCM] Available Motor Maximum Output";"100";"%";
"63685.59533";"[VCM] Motor RPM";"-6816";"rpm";
"63685.59533";"[VCM] Motor Torque";"-0.421875";"N⋅m";
"63685.6583673";"[VCM] Vehicle Speed";"39";"km/h";
"63685.7704871";"Розрахункове значення навантаження на двигун";"0";"%";
"63685.8555265";"Температура охолодної рідини";"81";"℃";
"63685.9155844";"Оберти двигуна";"0";"rpm";
"63685.9155844";"Оберти двигуна x1000";"0";"rpm";
"63685.9667264";"Температура олії у двигуні";"61";"℃";
"63686.0343921";"Прискорення";"-0.03353308378032067";"g";
"63686.0343921";"Пройдений шлях";"4.286872473";"km";
"63686.0343921";"Пройдений шлях (Сьогодні)";"4.286872";"km";
"63686.0343921";"Пройдений шлях (Тиждень)";"4.286872";"km";
"63686.0343921";"Пройдений шлях(загальний)";"4.286872";"km";
"63686.0343921";"Середня швидкість";"29.065691660677114";"km/h";
"63686.0343921";"Швидкість автомобіля";"38";"km/h";
"63686.1110338";"Розрахунковий наддув";"0";"bar";
"63686.1110338";"Тиск у впускному колекторі (абсолютний)";"99";"kPa";
"63686.2231014";"[BMS] HV State of charge";"70.5";"%";
"63686.3079456";"[BMS] HV Battery voltage";"373.03000000000003";"V";
"63686.3893831";"[BMS] Max Cell Voltage";"3.862";"V";
"63686.452569";"[BMS] Min Cell Voltage";"3.852";"V";
"63686.5150633";"[BMS] HV Battery Current";"16.90000000000009";"A";
"63686.5668852";"[BMS] HV Battery Current (Low)";"15.800000000000182";"A";
"63686.6384655";"[BMS] HV Battery Current (High)";"16.200000000000045";"A";
"63686.700678";"[BMS] HV Battery Temperature Sensor 1";"27";"℃";
"63686.752034";"[BMS] HV Battery Temperature Sensor 2";"27";"℃";
"63686.8127776";"[BMS] HV Battery Temperature Sensor 3";"26";"℃";
"63686.8640256";"[BMS] HV Battery Temperature Sensor 4";"26";"℃";
"63686.9381775";"[BMS] HV Battery Intake Air Temperature";"23";"℃";
"63687.0666453";"[VCM] Traction motor temperature";"42";"℃";
"63687.1161651";"[VCM] HV Coolant Temperature";"26";"℃";
"63687.1905707";"[VCM] Target Motor Torque";"-17.4375";"N⋅m";
"63687.2437365";"[VCM] Available Motor Maximum Output";"100";"%";
"63687.2980217";"[VCM] Motor RPM";"-1184";"rpm";
"63687.2980217";"[VCM] Motor Torque";"-0.078125";"N⋅m";
"63687.3588576";"[VCM] Vehicle Speed";"35";"km/h";
"63687.4878575";"Розрахункове значення навантаження на двигун";"0";"%";
"63687.5517051";"Оберти двигуна";"0";"rpm";
"63687.5517051";"Оберти двигуна x1000";"0";"rpm";
"63687.6074625";"Температура олії у двигуні";"61";"℃";
"63687.6611818";"Прискорення";"-0.057750202220352875";"g";
"63687.6611818";"Пройдений шлях";"4.302236623444444";"km";
"63687.6611818";"Пройдений шлях (Сьогодні)";"4.302236";"km";
"63687.6611818";"Пройдений шлях (Тиждень)";"4.302236";"km";
"63687.6611818";"Пройдений шлях(загальний)";"4.302236";"km";
"63687.6611818";"Середня швидкість";"29.080763540784996";"km/h";
"63687.6611818";"Швидкість автомобіля";"34";"km/h";
"63687.8481178";"Розрахунковий наддув";"-0.01";"bar";
"63687.8481178";"Тиск у впускному колекторі (абсолютний)";"98";"kPa";
"63687.9632808";"[BMS] HV State of charge";"71";"%";
"63688.0391395";"[BMS] HV Battery voltage";"370.62";"V";
"63688.0906804";"[BMS] Max Cell Voltage";"3.859";"V";
"63688.1557384";"[BMS] Min Cell Voltage";"3.848";"V";
"63688.206599";"[BMS] HV Battery Current";"12.850000000000136";"A";
"63688.2916419";"[BMS] HV Battery Current (Low)";"12.900000000000091";"A";
"63688.3591694";"[BMS] HV Battery Current (High)";"13.200000000000045";"A";
"63688.4103156";"[BMS] HV Battery Temperature Sensor 1";"27";"℃";
"63688.4638263";"[BMS] HV Battery Temperature Sensor 2";"27";"℃";
"63688.5176777";"[BMS] HV Battery Temperature Sensor 3";"26";"℃";
"63688.5983008";"[BMS] HV Battery Temperature Sensor 4";"26";"℃";
"63688.6621259";"[BMS] HV Battery Intake Air Temperature";"23";"℃";
"63688.7668993";"[VCM] Traction motor temperature";"43";"℃";
"63688.8660633";"[VCM] HV Coolant Temperature";"26";"℃";
"63688.9190426";"[VCM] Target Motor Torque";"-22.625";"N⋅m";
"63688.978917";"[VCM] Available Motor Maximum Output";"13";"%";
"63689.0331396";"[VCM] Motor RPM";"-1472";"rpm";
"63689.0331396";"[VCM] Motor Torque";"-0.09375";"N⋅m";
"63689.1203624";"[VCM] Vehicle Speed";"32";"km/h";
"63689.2315584";"Розрахункове значення навантаження на двигун";"0";"%";
"63689.2984298";"Температура охолодної рідини";"81";"℃";
"63689.3513327";"Оберти двигуна";"0";"rpm";
"63689.3513327";"Оберти двигуна x1000";"0";"rpm";
"63689.4125246";"Температура олії у двигуні";"61";"℃";
"63689.4792589";"Прискорення";"-0.06917814767110156";"g";
"63689.4792589";"Пройдений шлях";"4.317892174555555";"km";
"63689.4792589";"Пройдений шлях (Сьогодні)";"4.317892";"km";
"63689.4792589";"Пройдений шлях (Тиждень)";"4.317892";"km";
"63689.4792589";"Пройдений шлях(загальний)";"4.317892";"km";
"63689.4792589";"Середня швидкість";"29.08729284136426";"km/h";
"63689.4792589";"Швидкість автомобіля";"31";"km/h";
"63689.5511981";"Розрахунковий наддув";"-0.01";"bar";
"63689.5511981";"Тиск у впускному колекторі (абсолютний)";"98";"kPa";
"63689.6875235";"[BMS] HV State of charge";"71";"%";
"63689.7512079";"[BMS] HV Battery voltage";"372.07";"V";
"63689.8025558";"[BMS] Max Cell Voltage";"3.857";"V";
"63689.8586433";"[BMS] Min Cell Voltage";"3.847";"V";
"63689.9450703";"[BMS] HV Battery Current";"10.5";"A";
"63689.9947759";"[BMS] HV Battery Current (Low)";"11";"A";
"63690.0523824";"[BMS] HV Battery Current (High)";"11.300000000000182";"A";
"63690.107938";"[BMS] HV Battery Temperature Sensor 1";"27";"℃";
"63690.1746786";"[BMS] HV Battery Temperature Sensor 2";"27";"℃";
"63690.2516553";"[BMS] HV Battery Temperature Sensor 3";"26";"℃";
"63690.3069838";"[BMS] HV Battery Temperature Sensor 4";"26";"℃";
"63690.3598077";"[BMS] HV Battery Intake Air Temperature";"23";"℃";
"63690.4911335";"[VCM] Traction motor temperature";"42";"℃";
"63690.5436659";"[VCM] HV Coolant Temperature";"26";"℃";
"63690.6006046";"[VCM] Target Motor Torque";"52";"N⋅m";
"63690.6626999";"[VCM] Available Motor Maximum Output";"13";"%";
"63690.7126438";"[VCM] Motor RPM";"3328";"rpm";
"63690.7126438";"[VCM] Motor Torque";"0.203125";"N⋅m";
"63690.8015238";"[VCM] Vehicle Speed";"30";"km/h";
"63690.9188541";"Розрахункове значення навантаження на двигун";"0";"%";
"63690.9715461";"Оберти двигуна";"0";"rpm";
"63690.9715461";"Оберти двигуна x1000";"0";"rpm";
"63691.0600284";"Температура олії у двигуні";"61";"℃";
"63691.1271955";"Прискорення";"-0.06226024040041782";"g";
"63691.1271955";"Пройдений шлях";"4.331167874305556";"km";
"63691.1271955";"Пройдений шлях (Сьогодні)";"4.331168";"km";
"63691.1271955";"Пройдений шлях (Тиждень)";"4.331168";"km";
"63691.1271955";"Пройдений шлях(загальний)";"4.331168";"km";
"63691.1271955";"Середня швидкість";"29.08702447237359";"km/h";
"63691.1271955";"Швидкість автомобіля";"29";"km/h";
"63691.197273";"Розрахунковий наддув";"-0.01";"bar";
"63691.197273";"Тиск у впускному колекторі (абсолютний)";"98";"kPa";
"63691.3355087";"[BMS] HV State of charge";"71";"%";
"63691.3962606";"[BMS] HV Battery voltage";"366.75";"V";
"63691.4593661";"[BMS] Max Cell Voltage";"3.824";"V";
"63691.5167338";"[BMS] Min Cell Voltage";"3.82";"V";
"63691.5851744";"[BMS] HV Battery Current";"-4.199999999999818";"A";
"63691.6462752";"[BMS] HV Battery Current (Low)";"1.5";"A";
"63691.6993821";"[BMS] HV Battery Current (High)";"4.050000000000182";"A";
"63691.7636532";"[BMS] HV Battery Temperature Sensor 1";"27";"℃";
"63691.8164842";"[BMS] HV Battery Temperature Sensor 2";"27";"℃";
"63691.8907829";"[BMS] HV Battery Temperature Sensor 3";"26";"℃";
"63691.9379563";"[BMS] HV Battery Temperature Sensor 4";"26";"℃";
"63691.9740331";"[BMS] HV Battery Intake Air Temperature";"23";"℃";
"63692.0831213";"[VCM] Traction motor temperature";"42";"℃";
"63692.1712169";"[VCM] HV Coolant Temperature";"26";"℃";
"63692.2267083";"[VCM] Target Motor Torque";"34.21875";"N⋅m";
"63692.2816083";"[VCM] Available Motor Maximum Output";"100";"%";
"63692.3359898";"[VCM] Motor RPM";"1088";"rpm";
"63692.3359898";"[VCM] Motor Torque";"0.0625";"N⋅m";
"63692.4111229";"[VCM] Vehicle Speed";"31";"km/h";
"63692.5338992";"Розрахункове значення навантаження на двигун";"0";"%";
"63692.5837043";"Температура охолодної рідини";"81";"℃";
"63692.6427019";"Оберти двигуна";"0";"rpm";
"63692.6427019";"Оберти двигуна x1000";"0";"rpm";
"63692.7477428";"Температура олії у двигуні";"61";"℃";
"63692.8025897";"Пройдений шлях";"4.3455940145000005";"km";
"63692.8025897";"Пройдений шлях (Сьогодні)";"4.345594";"km";
"63692.8025897";"Пройдений шлях (Тиждень)";"4.345594";"km";
"63692.8025897";"Пройдений шлях(загальний)";"4.345594";"km";
"63692.8025897";"Середня швидкість";"29.092984345189173";"km/h";
"63692.8025897";"Швидкість автомобіля";"31";"km/h";
"63692.8628683";"Розрахунковий наддув";"-0.01";"bar";
"63692.8628683";"Тиск у впускному колекторі (абсолютний)";"98";"kPa";
"63692.9895745";"[BMS] HV State of charge";"70.5";"%";
"63693.0540069";"[BMS] HV Battery voltage";"371.1";"V";
"63693.1039712";"[BMS] Max Cell Voltage";"3.855";"V";
"63693.160623";"[BMS] Min Cell Voltage";"3.845";"V";
"63693.2405609";"[BMS] HV Battery Current";"29.450000000000045";"A";
"63693.3026347";"[BMS] HV Battery Current (Low)";"-1600";"A";
"63693.356634";"[BMS] HV Battery Current (High)";"33.75";"A";
"63693.4119768";"[BMS] HV Battery Temperature Sensor 1";"27";"℃";
"63693.4662463";"[BMS] HV Battery Temperature Sensor 2";"27";"℃";
"63693.5390628";"[BMS] HV Battery Temperature Sensor 3";"26";"℃";
"63693.5950273";"[BMS] HV Battery Temperature Sensor 4";"26";"℃";
"63693.6543011";"[BMS] HV Battery Intake Air Temperature";"23";"℃";
"63693.7837286";"[VCM] Traction motor temperature";"42";"℃";
"63693.8410525";"[VCM] HV Coolant Temperature";"26";"℃";
"63693.8953919";"[VCM] Target Motor Torque";"-50.375";"N⋅m";
"63693.9550983";"[VCM] Available Motor Maximum Output";"100";"%";
"63694.0675971";"[VCM] Motor RPM";"-2784";"rpm";
"63694.0675971";"[VCM] Motor Torque";"-0.171875";"N⋅m";
"63694.1225948";"[VCM] Vehicle Speed";"26";"km/h";
"63694.2065971";"Розрахункове значення навантаження на двигун";"0";"%";
"63694.2668784";"Оберти двигуна";"0";"rpm";
"63694.2668784";"Оберти двигуна x1000";"0";"rpm";
"63694.3329364";"Температура олії у двигуні";"61";"℃";
"63694.396549";"Пройдений шлях";"4.356663233250001";"km";
"63694.396549";"Пройдений шлях (Сьогодні)";"4.356663";"km";
"63694.396549";"Пройдений шлях (Тиждень)";"4.356663";"km";
"63694.396549";"Пройдений шлях(загальний)";"4.356663";"km";
"63694.396549";"Середня швидкість";"29.080887539315277";"km/h";
"63694.396549";"Швидкість автомобіля";"25";"km/h";
"63694.4467942";"Розрахунковий наддув";"-0.01";"bar";
"63694.4467942";"Тиск у впускному колекторі (абсолютний)";"98";"kPa";
"63694.5672548";"[BMS] HV State of charge";"71";"%";
"63694.6359464";"[BMS] HV Battery voltage";"370.62";"V";
"63694.6998694";"[BMS] Max Cell Voltage";"3.855";"V";
"63694.7559398";"[BMS] Min Cell Voltage";"3.845";"V";
"63694.8098833";"[BMS] HV Battery Current";"17.050000000000182";"A";
"63694.8953676";"[BMS] HV Battery Current (Low)";"21";"A";
"63694.9467361";"[BMS] HV Battery Current (High)";"22.850000000000136";"A";
"63694.9997445";"[BMS] HV Battery Temperature Sensor 1";"27";"℃";
"63695.0628271";"[BMS] HV Battery Temperature Sensor 2";"27";"℃";
"63695.111576";"[BMS] HV Battery Temperature Sensor 3";"26";"℃";
"63695.1928144";"[BMS] HV Battery Temperature Sensor 4";"26";"℃";
"63695.2671491";"[BMS] HV Battery Intake Air Temperature";"23";"℃";
"63695.3827061";"[VCM] Traction motor temperature";"43";"℃";
"63695.4721676";"[VCM] HV Coolant Temperature";"26";"℃";
"63695.5230887";"[VCM] Target Motor Torque";"-86.6875";"N⋅m";
"63695.583445";"[VCM] Available Motor Maximum Output";"13";"%";
"63695.6313367";"[VCM] Motor RPM";"-5664";"rpm";
"63695.6313367";"[VCM] Motor Torque";"-0.359375";"N⋅m";
"63695.7187688";"[VCM] Vehicle Speed";"20";"km/h";
"63695.8274864";"Розрахункове значення навантаження на двигун";"0";"%";
"63695.8835959";"Температура охолодної рідини";"81";"℃";
"63695.949886";"Оберти двигуна";"0";"rpm";
"63695.949886";"Оберти двигуна x1000";"0";"rpm";
"63696.0246962";"Температура олії у двигуні";"61";"℃";
"63696.0712188";"Пройдений шлях";"4.3655018342777785";"km";
"63696.0712188";"Пройдений шлях (Сьогодні)";"4.365502";"km";
"63696.0712188";"Пройдений шлях (Тиждень)";"4.365502";"km";
"63696.0712188";"Пройдений шлях(загальний)";"4.365502";"km";
"63696.0712188";"Середня швидкість";"29.049681697522935";"km/h";
"63696.0712188";"Швидкість автомобіля";"19";"km/h";
"63696.1351496";"Розрахунковий наддув";"-0.01";"bar";
"63696.1351496";"Тиск у впускному колекторі (абсолютний)";"98";"kPa";
"63696.2640033";"[BMS] HV State of charge";"71";"%";
"63696.3231431";"[BMS] HV Battery voltage";"372.39";"V";
"63696.3762494";"[BMS] Max Cell Voltage";"3.858";"V";
"63696.4339382";"[BMS] Min Cell Voltage";"3.848";"V";
"63696.4959208";"[BMS] HV Battery Current";"8.550000000000182";"A";
"63696.5900636";"[BMS] HV Battery Current (Low)";"9.050000000000182";"A";
"63696.6438209";"[BMS] HV Battery Current (High)";"9.600000000000136";"A";
"63696.7077938";"[BMS] HV Battery Temperature Sensor 1";"27";"℃";
"63696.7638977";"[BMS] HV Battery Temperature Sensor 2";"27";"℃";
"63696.8432474";"[BMS] HV Battery Temperature Sensor 3";"26";"℃";
"63696.9000459";"[BMS] HV Battery Temperature Sensor 4";"26";"℃";
"63696.9585082";"[BMS] HV Battery Intake Air Temperature";"23";"℃";
"63697.0915275";"[VCM] Traction motor temperature";"42";"℃";
"63697.1514301";"[VCM] HV Coolant Temperature";"26";"℃";
"63697.2025606";"[VCM] Target Motor Torque";"-15.40625";"N⋅m";
"63697.2670913";"[VCM] Available Motor Maximum Output";"13";"%";
"63697.3223168";"[VCM] Motor RPM";"-672";"rpm";
"63697.3223168";"[VCM] Motor Torque";"-0.046875";"N⋅m";
"63697.3842179";"[VCM] Vehicle Speed";"15";"km/h";
"63697.5025461";"Розрахункове значення навантаження на двигун";"0";"%";
"63697.5649198";"Оберти двигуна";"0";"rpm";
"63697.5649198";"Оберти двигуна x1000";"0";"rpm";
"63697.6432357";"Температура олії у двигуні";"61";"℃";
"63697.6950789";"Прискорення";"-0.06469081887286095";"g";
"63697.6950789";"Пройдений шлях";"4.371816784333334";"km";
"63697.6950789";"Пройдений шлях (Сьогодні)";"4.371817";"km";
"63697.6950789";"Пройдений шлях (Тиждень)";"4.371817";"km";
"63697.6950789";"Пройдений шлях(загальний)";"4.371817";"km";
"63697.6950789";"Середня швидкість";"29.00464414438905";"km/h";
"63697.6950789";"Швидкість автомобіля";"14";"km/h";
"63697.7562276";"Розрахунковий наддув";"-0.01";"bar";
"63697.7562276";"Тиск у впускному колекторі (абсолютний)";"98";"kPa";
"63697.9151212";"[BMS] HV State of charge";"71";"%";
"63697.9758614";"[BMS] HV Battery voltage";"370.3";"V";
"63698.0232394";"[BMS] Max Cell Voltage";"3.856";"V";
"63698.0867454";"[BMS] Min Cell Voltage";"3.844";"V";
"63698.1400936";"[BMS] HV Battery Current";"6.550000000000182";"A";
"63698.2180462";"[BMS] HV Battery Current (Low)";"6.150000000000091";"A";
"63698.2721603";"[BMS] HV Battery Current (High)";"7.050000000000182";"A";
"63698.3318713";"[BMS] HV Battery Temperature Sensor 1";"27";"℃";
"63698.3912734";"[BMS] HV Battery Temperature Sensor 2";"27";"℃";
"63698.4681388";"[BMS] HV Battery Temperature Sensor 3";"26";"℃";
"63698.5280361";"[BMS] HV Battery Temperature Sensor 4";"26";"℃";
"63698.5813402";"[BMS] HV Battery Intake Air Temperature";"23";"℃";
"63698.6669384";"[VCM] Traction motor temperature";"42";"℃";
"63698.7442318";"[VCM] HV Coolant Temperature";"26";"℃";
"63698.799269";"[VCM] Target Motor Torque";"-8.578125";"N⋅m";
"63698.8614158";"[VCM] Available Motor Maximum Output";"13";"%";
"63698.9188453";"[VCM] Motor RPM";"-224";"rpm";
"63698.9188453";"[VCM] Motor Torque";"-0.015625";"N⋅m";
"63698.9789648";"[VCM] Vehicle Speed";"12";"km/h";
"63699.1308162";"Розрахункове значення навантаження на двигун";"0";"%";
"63699.1836359";"Температура охолодної рідини";"81";"℃";
"63699.2474552";"Оберти двигуна";"0";"rpm";
"63699.2474552";"Оберти двигуна x1000";"0";"rpm";
"63699.3107288";"Температура олії у двигуні";"61";"℃";
"63699.3750778";"Прискорення";"-0.08188429660875184";"g";
"63699.3750778";"Пройдений шлях";"4.377416840333334";"km";
"63699.3750778";"Пройдений шлях (Сьогодні)";"4.377417";"km";
"63699.3750778";"Пройдений шлях (Тиждень)";"4.377417";"km";
"63699.3750778";"Пройдений шлях(загальний)";"4.377417";"km";
"63699.3750778";"Середня швидкість";"28.952158357470275";"km/h";
"63699.3750778";"Швидкість автомобіля";"12";"km/h";
"63699.4513694";"Розрахунковий наддув";"-0.01";"bar";
"63699.4513694";"Тиск у впускному колекторі (абсолютний)";"98";"kPa";
"63699.5958869";"[BMS] HV State of charge";"71";"%";
"63699.6555782";"[BMS] HV Battery voltage";"369.49";"V";
"63699.712143";"[BMS] Max Cell Voltage";"3.841";"V";
"63699.7742597";"[BMS] Min Cell Voltage";"3.831";"V";
"63699.8355976";"[BMS] HV Battery Current";"-3.699999999999818";"A";
"63699.9032719";"[BMS] HV Battery Current (Low)";"-3.099999999999909";"A";
"63699.9586186";"[BMS] HV Battery Current (High)";"-4.099999999999909";"A";
"63700.0194868";"[BMS] HV Battery Temperature Sensor 1";"27";"℃";
"63700.0723509";"[BMS] HV Battery Temperature Sensor 2";"27";"℃";
"63700.1479278";"[BMS] HV Battery Temperature Sensor 3";"26";"℃";
"63700.2038692";"[BMS] HV Battery Temperature Sensor 4";"26";"℃";
"63700.2551522";"[BMS] HV Battery Intake Air Temperature";"23";"℃";
"63700.4022402";"[VCM] Traction motor temperature";"43";"℃";
"63700.4550343";"[VCM] HV Coolant Temperature";"26";"℃";
"63700.5163692";"[VCM] Target Motor Torque";"45.984375";"N⋅m";
"63700.5719856";"[VCM] Available Motor Maximum Output";"100";"%";
"63700.6267084";"[VCM] Motor RPM";"2336";"rpm";
"63700.6267084";"[VCM] Motor Torque";"0.140625";"N⋅m";
"63700.6990347";"[VCM] Vehicle Speed";"14";"km/h";
"63700.8085959";"Розрахункове значення навантаження на двигун";"0";"%";
"63700.8587189";"Оберти двигуна";"0";"rpm";
"63700.8587189";"Оберти двигуна x1000";"0";"rpm";
"63700.9558021";"Температура олії у двигуні";"61";"℃";
"63701.0025987";"Пройдений шлях";"4.383293951833334";"km";
"63701.0025987";"Пройдений шлях (Сьогодні)";"4.383294";"km";
"63701.0025987";"Пройдений шлях (Тиждень)";"4.383294";"km";
"63701.0025987";"Пройдений шлях(загальний)";"4.383294";"km";
"63701.0025987";"Середня швидкість";"28.904602235614753";"km/h";
"63701.0025987";"Швидкість автомобіля";"13";"km/h";
"63701.0590902";"Розрахунковий наддув";"-0.01";"bar";
"63701.0590902";"Тиск у впускному колекторі (абсолютний)";"98";"kPa";
"63701.1825675";"[BMS] HV State of charge";"71";"%";
"63701.2427227";"[BMS] HV Battery voltage";"368.36";"V";
"63701.3027512";"[BMS] Max Cell Voltage";"3.819";"V";
"63701.3547605";"[BMS] Min Cell Voltage";"3.808";"V";
"63701.4153834";"[BMS] HV Battery Current";"-21.5";"A";
"63701.4873463";"[BMS] HV Battery Current (Low)";"-16.09999999999991";"A";
"63701.5526246";"[BMS] HV Battery Current (High)";"-10.899999999999864";"A";
"63701.6150075";"[BMS] HV Battery Temperature Sensor 1";"27";"℃";
"63701.6797549";"[BMS] HV Battery Temperature Sensor 2";"27";"℃";
"63701.7666471";"[BMS] HV Battery Temperature Sensor 3";"26";"℃";
"63701.8253481";"[BMS] HV Battery Temperature Sensor 4";"26";"℃";
"63701.8716444";"[BMS] HV Battery Intake Air Temperature";"23";"℃";
"63701.9633729";"[VCM] Traction motor temperature";"43";"℃";
"63702.0370567";"[VCM] HV Coolant Temperature";"26";"℃";
"63702.1043982";"[VCM] Target Motor Torque";"31.25";"N⋅m";
"63702.1574895";"[VCM] Available Motor Maximum Output";"100";"%";
"63702.2222961";"[VCM] Motor RPM";"2432";"rpm";
"63702.2222961";"[VCM] Motor Torque";"0.140625";"N⋅m";
"63702.2673041";"[VCM] Vehicle Speed";"14";"km/h";
"63702.3987526";"Розрахункове значення навантаження на двигун";"0";"%";
"63702.4523029";"Температура охолодної рідини";"81";"℃";
"63702.514167";"Оберти двигуна";"0";"rpm";
"63702.514167";"Оберти двигуна x1000";"0";"rpm";
"63702.590602";"Температура олії у двигуні";"62";"℃";
"63702.6400878";"Пройдений шлях";"4.389661928055556";"km";
"63702.6400878";"Пройдений шлях (Сьогодні)";"4.389662";"km";
"63702.6400878";"Пройдений шлях (Тиждень)";"4.389662";"km";
"63702.6400878";"Пройдений шлях(загальний)";"4.389662";"km";
"63702.6400878";"Середня швидкість";"28.860030504753528";"km/h";
"63702.6400878";"Швидкість автомобіля";"14";"km/h";
"63702.7035809";"Розрахунковий наддув";"-0.01";"bar";
"63702.7035809";"Тиск у впускному колекторі (абсолютний)";"98";"kPa";
"63702.8231075";"[BMS] HV State of charge";"70.5";"%";
"63702.8911203";"[BMS] HV Battery voltage";"365.63";"V";
"63702.9676086";"[BMS] Max Cell Voltage";"3.784";"V";
"63703.0215017";"[BMS] Min Cell Voltage";"3.768";"V";
"63703.0768122";"[BMS] HV Battery Current";"-52.59999999999991";"A";
"63703.1641701";"[BMS] HV Battery Current (Low)";"-1600";"A";
"63703.2268067";"[BMS] HV Battery Current (High)";"-54.69999999999982";"A";
"63703.2738551";"[BMS] HV Battery Temperature Sensor 1";"27";"℃";
"63703.3379463";"[BMS] HV Battery Temperature Sensor 2";"27";"℃";
"63703.4103778";"[BMS] HV Battery Temperature Sensor 3";"26";"℃";
"63703.4741987";"[BMS] HV Battery Temperature Sensor 4";"26";"℃";
"63703.5420156";"[BMS] HV Battery Intake Air Temperature";"23";"℃";
"63703.6507432";"[VCM] Traction motor temperature";"43";"℃";
"63703.7117378";"[VCM] HV Coolant Temperature";"26";"℃";
"63703.7744105";"[VCM] Target Motor Torque";"68.53125";"N⋅m";
"63703.824197";"[VCM] Available Motor Maximum Output";"100";"%";
"63703.8636606";"[VCM] Motor RPM";"4320";"rpm";
"63703.8636606";"[VCM] Motor Torque";"0.25";"N⋅m";
"63703.9278856";"[VCM] Vehicle Speed";"20";"km/h";
"63704.0238114";"Розрахункове значення навантаження на двигун";"0";"%";
"63704.1043014";"Оберти двигуна";"0";"rpm";
"63704.1043014";"Оберти двигуна x1000";"0";"rpm";
"63704.1742137";"Температура олії у двигуні";"62";"℃";
"63704.2716752";"Пройдений шлях";"4.3987263413888895";"km";
"63704.2716752";"Пройдений шлях (Сьогодні)";"4.398726";"km";
"63704.2716752";"Пройдений шлях (Тиждень)";"4.398726";"km";
"63704.2716752";"Пройдений шлях(загальний)";"4.398726";"km";
"63704.2716752";"Середня швидкість";"28.833708529139397";"km/h";
"63704.2716752";"Швидкість автомобіля";"20";"km/h";
"63704.3241989";"Розрахунковий наддув";"-0.01";"bar";
"63704.3241989";"Тиск у впускному колекторі (абсолютний)";"98";"kPa";
"63704.4352106";"[BMS] HV State of charge";"70.5";"%";
"63704.512048";"[BMS] HV Battery voltage";"362.57";"V";
"63704.5771522";"[BMS] Max Cell Voltage";"3.76";"V";
"63704.6270382";"[BMS] Min Cell Voltage";"3.737";"V";
"63704.6786032";"[BMS] HV Battery Current";"-66.5";"A";
"63704.7370796";"[BMS] HV Battery Current (Low)";"-1600";"A";
"63704.8120526";"[BMS] HV Battery Current (High)";"-69.69999999999982";"A";
"63704.8713985";"[BMS] HV Battery Temperature Sensor 1";"27";"℃";
"63704.9062379";"[BMS] HV Battery Temperature Sensor 2";"27";"℃";
"63704.9678187";"[BMS] HV Battery Temperature Sensor 3";"26";"℃";
"63705.0158903";"[BMS] HV Battery Temperature Sensor 4";"26";"℃";
"63705.0919226";"[BMS] HV Battery Intake Air Temperature";"23";"℃";
"63705.2041388";"[VCM] Traction motor temperature";"43";"℃";
"63705.2672156";"[VCM] HV Coolant Temperature";"26";"℃";
"63705.3556071";"[VCM] Target Motor Torque";"87";"N⋅m";
"63705.4126369";"[VCM] Available Motor Maximum Output";"100";"%";
"63705.467717";"[VCM] Motor RPM";"5632";"rpm";
"63705.467717";"[VCM] Motor Torque";"0.34375";"N⋅m";
"63705.5333183";"[VCM] Vehicle Speed";"26";"km/h";
"63705.6432462";"Розрахункове значення навантаження на двигун";"0";"%";
"63705.702608";"Температура охолодної рідини";"81";"℃";
"63705.7583588";"Оберти двигуна";"0";"rpm";
"63705.7583588";"Оберти двигуна x1000";"0";"rpm";
"63705.8193494";"Температура олії у двигуні";"62";"℃";
"63705.8882362";"Прискорення";"0.06088540776882873";"g";
"63705.8882362";"Пройдений шлях";"4.410401847222223";"km";
"63705.8882362";"Пройдений шлях (Сьогодні)";"4.410402";"km";
"63705.8882362";"Пройдений шлях (Тиждень)";"4.410402";"km";
"63705.8882362";"Пройдений шлях(загальний)";"4.410402";"km";
"63705.8882362";"Середня швидкість";"28.82539176104767";"km/h";
"63705.8882362";"Швидкість автомобіля";"26";"km/h";
"63705.9751309";"Розрахунковий наддув";"-0.01";"bar";
"63705.9751309";"Тиск у впускному колекторі (абсолютний)";"98";"kPa";
"63706.0918508";"[BMS] HV State of charge";"69.5";"%";
"63706.1669955";"[BMS] HV Battery voltage";"359.03000000000003";"V";
"63706.2188213";"[BMS] Max Cell Voltage";"3.72";"V";
"63706.2845208";"[BMS] Min Cell Voltage";"3.71";"V";
"63706.3463769";"[BMS] HV Battery Current";"-72.64999999999986";"A";
"63706.4469608";"[BMS] HV Battery Current (Low)";"-1600";"A";
"63706.5116361";"[BMS] HV Battery Current (High)";"-71.39999999999986";"A";
"63706.5704366";"[BMS] HV Battery Temperature Sensor 1";"27";"℃";
"63706.6426554";"[BMS] HV Battery Temperature Sensor 2";"27";"℃";
"63706.7524706";"[BMS] HV Battery Temperature Sensor 3";"26";"℃";
"63706.8043451";"[BMS] HV Battery Temperature Sensor 4";"26";"℃";
"63706.8743334";"[BMS] HV Battery Intake Air Temperature";"23";"℃";
"63706.9862058";"[VCM] Traction motor temperature";"43";"℃";
"63707.0515814";"[VCM] HV Coolant Temperature";"26";"℃";
"63707.1022957";"[VCM] Target Motor Torque";"67.203125";"N⋅m";
"63707.1644164";"[VCM] Available Motor Maximum Output";"100";"%";
"63707.2192718";"[VCM] Motor RPM";"4064";"rpm";
"63707.2192718";"[VCM] Motor Torque";"0.234375";"N⋅m";
"63707.3004774";"[VCM] Vehicle Speed";"32";"km/h";
"63707.410527";"Розрахункове значення навантаження на двигун";"0";"%";
"63707.4714257";"Оберти двигуна";"0";"rpm";
"63707.4714257";"Оберти двигуна x1000";"0";"rpm";
"63707.5486517";"Температура олії у двигуні";"62";"℃";
"63707.6026152";"Прискорення";"0.08154275930211116";"g";
"63707.6026152";"Пройдений шлях";"4.425640362777779";"km";
"63707.6026152";"Пройдений шлях (Сьогодні)";"4.425641";"km";
"63707.6026152";"Пройдений шлях (Тиждень)";"4.425641";"km";
"63707.6026152";"Пройдений шлях(загальний)";"4.425641";"km";
"63707.6026152";"Середня швидкість";"28.835241626521046";"km/h";
"63707.6026152";"Швидкість автомобіля";"32";"km/h";
"63707.6786822";"Розрахунковий наддув";"-0.01";"bar";
"63707.6786822";"Тиск у впускному колекторі (абсолютний)";"98";"kPa";
"63707.8144904";"[BMS] HV State of charge";"69";"%";
"63707.8662614";"[BMS] HV Battery voltage";"362.25";"V";
"63707.9203303";"[BMS] Max Cell Voltage";"3.779";"V";
"63707.9861581";"[BMS] Min Cell Voltage";"3.77";"V";
"63708.0849584";"[BMS] HV Battery Current";"0.650000000000091";"A";
"63708.1358569";"[BMS] HV Battery Current (Low)";"6";"A";
"63708.1880582";"[BMS] HV Battery Current (High)";"5.75";"A";
"63708.2408408";"[BMS] HV Battery Temperature Sensor 1";"27";"℃";
"63708.3021244";"[BMS] HV Battery Temperature Sensor 2";"27";"℃";
"63708.395874";"[BMS] HV Battery Temperature Sensor 3";"26";"℃";
"63708.4533805";"[BMS] HV Battery Temperature Sensor 4";"26";"℃";
"63708.5079186";"[BMS] HV Battery Intake Air Temperature";"23";"℃";
"63708.6352698";"[VCM] Traction motor temperature";"43";"℃";
"63708.7002076";"[VCM] HV Coolant Temperature";"26";"℃";
"63708.7520194";"[VCM] Target Motor Torque";"48.5";"N⋅m";
"63708.8138712";"[VCM] Available Motor Maximum Output";"100";"%";
"63708.8673178";"[VCM] Motor RPM";"2944";"rpm";
"63708.8673178";"[VCM] Motor Torque";"0.171875";"N⋅m";
"63708.9432376";"[VCM] Vehicle Speed";"34";"km/h";
"63709.0547737";"Розрахункове значення навантаження на двигун";"0";"%";
"63709.1157977";"Температура охолодної рідини";"81";"℃";
"63709.1904117";"Оберти двигуна";"0";"rpm";
"63709.1904117";"Оберти двигуна x1000";"0";"rpm";
"63709.2559886";"Температура олії у двигуні";"62";"℃";
"63709.3080058";"Прискорення";"0.08071238381297761";"g";
"63709.3080058";"Пройдений шлях";"4.441273715861112";"km";
"63709.3080058";"Пройдений шлях (Сьогодні)";"4.441274";"km";
"63709.3080058";"Пройдений шлях (Тиждень)";"4.441274";"km";
"63709.3080058";"Пройдений шлях(загальний)";"4.441274";"km";
"63709.3080058";"Середня швидкість";"28.848057170262543";"km/h";
"63709.3080058";"Швидкість автомобіля";"33";"km/h";
"63709.3873333";"Розрахунковий наддув";"-0.01";"bar";
"63709.3873333";"Тиск у впускному колекторі (абсолютний)";"98";"kPa";
"63709.5276412";"[BMS] HV State of charge";"69";"%";
"63709.5782233";"[BMS] HV Battery voltage";"363.53000000000003";"V";
"63709.633658";"[BMS] Max Cell Voltage";"3.783";"V";
"63709.6994605";"[BMS] Min Cell Voltage";"3.776";"V";
"63709.7668434";"[BMS] HV Battery Current";"2.5";"A";
"63709.8372901";"[BMS] HV Battery Current (Low)";"5.9500000000000455";"A";
"63709.8882794";"[BMS] HV Battery Current (High)";"6.400000000000091";"A";
"63709.9378867";"[BMS] HV Battery Temperature Sensor 1";"27";"℃";
"63710.0221751";"[BMS] HV Battery Temperature Sensor 2";"27";"℃";
"63710.0719922";"[BMS] HV Battery Temperature Sensor 3";"26";"℃";
"63710.1319049";"[BMS] HV Battery Temperature Sensor 4";"26";"℃";
"63710.1957805";"[BMS] HV Battery Intake Air Temperature";"23";"℃";
"63710.3108444";"[VCM] Traction motor temperature";"43";"℃";
"63710.3751354";"[VCM] HV Coolant Temperature";"26";"℃";
"63710.4395824";"[VCM] Target Motor Torque";"-21.734375";"N⋅m";
"63710.4903146";"[VCM] Available Motor Maximum Output";"13";"%";
"63710.5683244";"[VCM] Motor RPM";"-1312";"rpm";
"63710.5683244";"[VCM] Motor Torque";"-0.09375";"N⋅m";
"63710.6477423";"[VCM] Vehicle Speed";"32";"km/h";
"63710.7669702";"Розрахункове значення навантаження на двигун";"0";"%";
"63710.8406119";"Оберти двигуна";"0";"rpm";
"63710.8406119";"Оберти двигуна x1000";"0";"rpm";
"63710.8980616";"Температура олії у двигуні";"62";"℃";
"63710.9626145";"Пройдений шлях";"4.455980783416668";"km";
"63710.9626145";"Пройдений шлях (Сьогодні)";"4.455981";"km";
"63710.9626145";"Пройдений шлях (Тиждень)";"4.455981";"km";
"63710.9626145";"Пройдений шлях(загальний)";"4.455981";"km";
"63710.9626145";"Середня швидкість";"28.857438597436786";"km/h";
"63710.9626145";"Швидкість автомобіля";"32";"km/h";
"63711.0225331";"Розрахунковий наддув";"-0.01";"bar";
"63711.0225331";"Тиск у впускному колекторі (абсолютний)";"98";"kPa";
"63711.17874";"[BMS] HV State of charge";"69";"%";
"63711.2362832";"[BMS] HV Battery voltage";"365.95";"V";
"63711.2994911";"[BMS] Max Cell Voltage";"3.814";"V";
"63711.3488694";"[BMS] Min Cell Voltage";"3.798";"V";
"63711.4237236";"[BMS] HV Battery Current";"10.850000000000136";"A";
"63711.4779519";"[BMS] HV Battery Current (Low)";"11";"A";
"63711.5394828";"[BMS] HV Battery Current (High)";"10.850000000000136";"A";
"63711.5902658";"[BMS] HV Battery Temperature Sensor 1";"27";"℃";
"63711.6718687";"[BMS] HV Battery Temperature Sensor 2";"27";"℃";
"63711.7278958";"[BMS] HV Battery Temperature Sensor 3";"26";"℃";
"63711.7800005";"[BMS] HV Battery Temperature Sensor 4";"26";"℃";
"63711.8350172";"[BMS] HV Battery Intake Air Temperature";"23";"℃";
"63711.9994403";"[VCM] Traction motor temperature";"43";"℃";
"63712.0520264";"[VCM] HV Coolant Temperature";"26";"℃";
"63712.1076048";"[VCM] Target Motor Torque";"-66.28125";"N⋅m";
"63712.1707399";"[VCM] Available Motor Maximum Output";"100";"%";
"63712.2439427";"[VCM] Motor RPM";"-4160";"rpm";
"63712.2439427";"[VCM] Motor Torque";"-0.265625";"N⋅m";
"63712.3083183";"[VCM] Vehicle Speed";"28";"km/h";
"63712.4118219";"Розрахункове значення навантаження на двигун";"0";"%";
"63712.488812";"Температура охолодної рідини";"81";"℃";
"63712.5524827";"Оберти двигуна";"0";"rpm";
"63712.5524827";"Оберти двигуна x1000";"0";"rpm";
"63712.606497";"Температура олії у двигуні";"62";"℃";
"63712.6627709";"Пройдений шлях";"4.468731831166668";"km";
"63712.6627709";"Пройдений шлях (Сьогодні)";"4.468732";"km";
"63712.6627709";"Пройдений шлях (Тиждень)";"4.468732";"km";
"63712.6627709";"Пройдений шлях(загальний)";"4.468732";"km";
"63712.6627709";"Середня швидкість";"28.851775098561294";"km/h";
"63712.6627709";"Швидкість автомобіля";"27";"km/h";
"63712.7233435";"Розрахунковий наддув";"-0.01";"bar";
"63712.7233435";"Тиск у впускному колекторі (абсолютний)";"98";"kPa";
"63712.8481276";"[BMS] HV State of charge";"69";"%";
"63712.9070981";"[BMS] HV Battery voltage";"372.07";"V";
"63712.9711214";"[BMS] Max Cell Voltage";"3.85";"V";
"63713.0422217";"[BMS] Min Cell Voltage";"3.836";"V";
"63713.0996539";"[BMS] HV Battery Current";"35.850000000000136";"A";
"63713.1553356";"[BMS] HV Battery Current (Low)";"-1600";"A";
"63713.2315334";"[BMS] HV Battery Current (High)";"36.950000000000045";"A";
"63713.3180954";"[BMS] HV Battery Temperature Sensor 1";"27";"℃";
"63713.3825071";"[BMS] HV Battery Temperature Sensor 2";"27";"℃";
"63713.4434162";"[BMS] HV Battery Temperature Sensor 3";"26";"℃";
"63713.4987584";"[BMS] HV Battery Temperature Sensor 4";"26";"℃";
"63713.5614071";"[BMS] HV Battery Intake Air Temperature";"23";"℃";
"63713.6591395";"[VCM] Traction motor temperature";"43";"℃";
"63713.7109471";"[VCM] HV Coolant Temperature";"26";"℃";
"63713.7786139";"[VCM] Target Motor Torque";"-191.390625";"N⋅m";
"63713.8243777";"[VCM] Available Motor Maximum Output";"13";"%";
"63713.8987836";"[VCM] Motor RPM";"-12160";"rpm";
"63713.8987836";"[VCM] Motor Torque";"-0.75";"N⋅m";
"63713.9603019";"[VCM] Vehicle Speed";"18";"km/h";
"63714.0464715";"Розрахункове значення навантаження на двигун";"0";"%";
"63714.1426998";"Оберти двигуна";"0";"rpm";
"63714.1426998";"Оберти двигуна x1000";"0";"rpm";
"63714.2075373";"Температура олії у двигуні";"62";"℃";
"63714.2642261";"Прискорення";"-0.0680326744643654";"g";
"63714.2642261";"Пройдений шлях";"4.475849422722224";"km";
"63714.2642261";"Пройдений шлях (Сьогодні)";"4.47585";"km";
"63714.2642261";"Пройдений шлях (Тиждень)";"4.47585";"km";
"63714.2642261";"Пройдений шлях(загальний)";"4.47585";"km";
"63714.2642261";"Середня швидкість";"28.814969076089515";"km/h";
"63714.2642261";"Швидкість автомобіля";"16";"km/h";
"63714.3480065";"Розрахунковий наддув";"-0.01";"bar";
"63714.3480065";"Тиск у впускному колекторі (абсолютний)";"98";"kPa";
"63714.4996788";"[BMS] HV State of charge";"69.5";"%";
"63714.552036";"[BMS] HV Battery voltage";"370.94";"V";
"63714.6039091";"[BMS] Max Cell Voltage";"3.845";"V";
"63714.6944043";"[BMS] Min Cell Voltage";"3.835";"V";
"63714.7445335";"[BMS] HV Battery Current";"10.950000000000045";"A";
"63714.7984242";"[BMS] HV Battery Current (Low)";"8.75";"A";
"63714.8647927";"[BMS] HV Battery Current (High)";"7.900000000000091";"A";
"63714.9142508";"[BMS] HV Battery Temperature Sensor 1";"27";"℃";
"63714.9956311";"[BMS] HV Battery Temperature Sensor 2";"27";"℃";
"63715.0571426";"[BMS] HV Battery Temperature Sensor 3";"26";"℃";
"63715.1110241";"[BMS] HV Battery Temperature Sensor 4";"26";"℃";
"63715.164623";"[BMS] HV Battery Intake Air Temperature";"23";"℃";
"63715.2914098";"[VCM] Traction motor temperature";"43";"℃";
"63715.3275342";"[VCM] HV Coolant Temperature";"26";"℃";
"63715.384275";"[VCM] Target Motor Torque";"-51.3125";"N⋅m";
"63715.4364781";"[VCM] Available Motor Maximum Output";"100";"%";
"63715.5112325";"[VCM] Motor RPM";"-3232";"rpm";
"63715.5112325";"[VCM] Motor Torque";"-0.203125";"N⋅m";
"63715.5814205";"[VCM] Vehicle Speed";"8";"km/h";
"63715.6836347";"Розрахункове значення навантаження на двигун";"0";"%";
"63715.7469952";"Температура охолодної рідини";"81";"℃";
"63715.8146872";"Оберти двигуна";"0";"rpm";
"63715.8146872";"Оберти двигуна x1000";"0";"rpm";
"63715.8795572";"Температура олії у двигуні";"62";"℃";
"63715.9275713";"Прискорення";"-0.11553434432115617";"g";
"63715.9275713";"Пройдений шлях";"4.478621685222223";"km";
"63715.9275713";"Пройдений шлях (Сьогодні)";"4.478622";"km";
"63715.9275713";"Пройдений шлях (Тиждень)";"4.478622";"km";
"63715.9275713";"Пройдений шлях(загальний)";"4.478622";"km";
"63715.9275713";"Середня швидкість";"28.747305375160884";"km/h";
"63715.9275713";"Швидкість автомобіля";"6";"km/h";
"63716.0111171";"Розрахунковий наддув";"-0.01";"bar";
"63716.0111171";"Тиск у впускному колекторі (абсолютний)";"98";"kPa";
"63716.1572585";"[BMS] HV State of charge";"69.5";"%";
"63716.2118243";"[BMS] HV Battery voltage";"368.2";"V";
"63716.2759072";"[BMS] Max Cell Voltage";"3.821";"V";
"63716.3401095";"[BMS] Min Cell Voltage";"3.812";"V";
"63716.399516";"[BMS] HV Battery Current";"-2.3999999999998636";"A";
"63716.4561285";"[BMS] HV Battery Current (Low)";"-2.75";"A";
"63716.5104915";"[BMS] HV Battery Current (High)";"-2.599999999999909";"A";
"63716.5732798";"[BMS] HV Battery Temperature Sensor 1";"27";"℃";
"63716.646925";"[BMS] HV Battery Temperature Sensor 2";"27";"℃";
"63716.6993503";"[BMS] HV Battery Temperature Sensor 3";"26";"℃";
"63716.7590805";"[BMS] HV Battery Temperature Sensor 4";"26";"℃";
"63716.8106971";"[BMS] HV Battery Intake Air Temperature";"23";"℃";
"63716.9564451";"[VCM] Traction motor temperature";"43";"℃";
"63717.0213877";"[VCM] HV Coolant Temperature";"25";"℃";
"63717.082532";"[VCM] Target Motor Torque";"0";"N⋅m";
"63717.1641065";"[VCM] Available Motor Maximum Output";"13";"%";
"63717.2193506";"[VCM] Motor RPM";"288";"rpm";
"63717.2193506";"[VCM] Motor Torque";"0.015625";"N⋅m";
"63717.2874923";"[VCM] Vehicle Speed";"3";"km/h";
"63717.3927525";"Розрахункове значення навантаження на двигун";"0";"%";
"63717.4787351";"Оберти двигуна";"0";"rpm";
"63717.4787351";"Оберти двигуна x1000";"0";"rpm";
"63717.526234";"Температура олії у двигуні";"62";"℃";
"63717.5657685";"Прискорення";"-0.12869054666086624";"g";
"63717.5657685";"Пройдений шлях";"4.479531791500001";"km";
"63717.5657685";"Пройдений шлях (Сьогодні)";"4.479532";"km";
"63717.5657685";"Пройдений шлях (Тиждень)";"4.479532";"km";
"63717.5657685";"Пройдений шлях(загальний)";"4.479532";"km";
"63717.5657685";"Середня швидкість";"28.669407028915305";"km/h";
"63717.5657685";"Швидкість автомобіля";"2";"km/h";
"63717.675671";"Розрахунковий наддув";"-0.01";"bar";
"63717.675671";"Тиск у впускному колекторі (абсолютний)";"98";"kPa";
"63717.7926218";"[BMS] HV State of charge";"69.5";"%";
"63717.8574006";"[BMS] HV Battery voltage";"368.2";"V";
"63717.9084074";"[BMS] Max Cell Voltage";"3.815";"V";
"63717.9831197";"[BMS] Min Cell Voltage";"3.803";"V";
"63718.0233987";"[BMS] HV Battery Current";"-6.5";"A";
"63718.0830134";"[BMS] HV Battery Current (Low)";"-6.5499999999999545";"A";
"63718.1394745";"[BMS] HV Battery Current (High)";"-6.649999999999864";"A";
"63718.1890659";"[BMS] HV Battery Temperature Sensor 1";"27";"℃";
"63718.2632261";"[BMS] HV Battery Temperature Sensor 2";"27";"℃";
"63718.3265047";"[BMS] HV Battery Temperature Sensor 3";"26";"℃";
"63718.38653";"[BMS] HV Battery Temperature Sensor 4";"26";"℃";
"63718.438946";"[BMS] HV Battery Intake Air Temperature";"23";"℃";
"63718.5836277";"[VCM] Traction motor temperature";"43";"℃";
"63718.6346083";"[VCM] HV Coolant Temperature";"25";"℃";
"63718.6947764";"[VCM] Target Motor Torque";"32.515625";"N⋅m";
"63718.7459251";"[VCM] Available Motor Maximum Output";"13";"%";
"63718.842802";"[VCM] Motor RPM";"2016";"rpm";
"63718.842802";"[VCM] Motor Torque";"0.109375";"N⋅m";
"63718.9058554";"[VCM] Vehicle Speed";"2";"km/h";
"63719.0107815";"Розрахункове значення навантаження на двигун";"0";"%";
"63719.0907847";"Температура охолодної рідини";"81";"℃";
"63719.1520435";"Оберти двигуна";"0";"rpm";
"63719.1520435";"Оберти двигуна x1000";"0";"rpm";
"63719.2076498";"Температура олії у двигуні";"62";"℃";
"63719.2596797";"Прискорення";"-0.1073436484391675";"g";
"63719.2596797";"Пройдений шлях";"4.480472882722223";"km";
"63719.2596797";"Пройдений шлях (Сьогодні)";"4.480473";"km";
"63719.2596797";"Пройдений шлях (Тиждень)";"4.480473";"km";
"63719.2596797";"Пройдений шлях(загальний)";"4.480473";"km";
"63719.2596797";"Середня швидкість";"28.589332342477213";"km/h";
"63719.2596797";"Швидкість автомобіля";"2";"km/h";
"63719.3635212";"Розрахунковий наддув";"-0.01";"bar";
"63719.3635212";"Тиск у впускному колекторі (абсолютний)";"98";"kPa";
"63719.4793933";"[BMS] HV State of charge";"69.5";"%";
"63719.5300871";"[BMS] HV Battery voltage";"367.24";"V";
"63719.6384642";"[BMS] Max Cell Voltage";"3.81";"V";
"63719.6992909";"[BMS] Min Cell Voltage";"3.8";"V";
"63719.7571577";"[BMS] HV Battery Current";"-6.599999999999909";"A";
"63719.807955";"[BMS] HV Battery Current (Low)";"-6.599999999999909";"A";
"63719.8621106";"[BMS] HV Battery Current (High)";"-6.649999999999864";"A";
"63719.9471631";"[BMS] HV Battery Temperature Sensor 1";"27";"℃";
"63719.998548";"[BMS] HV Battery Temperature Sensor 2";"27";"℃";
"63720.0599168";"[BMS] HV Battery Temperature Sensor 3";"26";"℃";
"63720.1189982";"[BMS] HV Battery Temperature Sensor 4";"26";"℃";
"63720.1921405";"[BMS] HV Battery Intake Air Temperature";"23";"℃";
"63720.2921258";"[VCM] Traction motor temperature";"44";"℃";
"63720.3430679";"[VCM] HV Coolant Temperature";"26";"℃";
"63720.4046228";"[VCM] Target Motor Torque";"29.984375";"N⋅m";
"63720.4950298";"[VCM] Available Motor Maximum Output";"13";"%";
"63720.5550802";"[VCM] Motor RPM";"2080";"rpm";
"63720.5550802";"[VCM] Motor Torque";"0.125";"N⋅m";
"63720.6193343";"[VCM] Vehicle Speed";"3";"km/h";
"63720.7432995";"Розрахункове значення навантаження на двигун";"0";"%";
"63720.8049197";"Оберти двигуна";"0";"rpm";
"63720.8049197";"Оберти двигуна x1000";"0";"rpm";
"63720.8578436";"Температура олії у двигуні";"62";"℃";
"63720.9271493";"Прискорення";"-0.05951686477420085";"g";
"63720.9271493";"Пройдений шлях";"4.4813992199444455";"km";
"63720.9271493";"Пройдений шлях (Сьогодні)";"4.481399";"km";
"63720.9271493";"Пройдений шлях (Тиждень)";"4.481399";"km";
"63720.9271493";"Пройдений шлях(загальний)";"4.481399";"km";
"63720.9271493";"Середня швидкість";"28.51098124534694";"km/h";
"63720.9271493";"Швидкість автомобіля";"2";"km/h";
"63721.0430126";"Розрахунковий наддув";"-0.01";"bar";
"63721.0430126";"Тиск у впускному колекторі (абсолютний)";"98";"kPa";
"63721.1551351";"[BMS] HV State of charge";"69.5";"%";
"63721.215936";"[BMS] HV Battery voltage";"367.08";"V";
"63721.2954444";"[BMS] Max Cell Voltage";"3.81";"V";
"63721.3426842";"[BMS] Min Cell Voltage";"3.799";"V";
"63721.410947";"[BMS] HV Battery Current";"-5.75";"A";
"63721.4585831";"[BMS] HV Battery Current (Low)";"-5.899999999999864";"A";
"63721.5228166";"[BMS] HV Battery Current (High)";"-5.7999999999999545";"A";
"63721.587269";"[BMS] HV Battery Temperature Sensor 1";"27";"℃";
"63721.6437132";"[BMS] HV Battery Temperature Sensor 2";"27";"℃";
"63721.7202939";"[BMS] HV Battery Temperature Sensor 3";"26";"℃";
"63721.7637446";"[BMS] HV Battery Temperature Sensor 4";"26";"℃";
"63721.8369563";"[BMS] HV Battery Intake Air Temperature";"23";"℃";
"63721.951864";"[VCM] Traction motor temperature";"44";"℃";
"63722.005029";"[VCM] HV Coolant Temperature";"26";"℃";
"63722.0704793";"[VCM] Target Motor Torque";"35.703125";"N⋅m";
"63722.1437927";"[VCM] Available Motor Maximum Output";"13";"%";
"63722.1990578";"[VCM] Motor RPM";"2208";"rpm";
"63722.1990578";"[VCM] Motor Torque";"0.125";"N⋅m";
"63722.25216";"[VCM] Vehicle Speed";"1";"km/h";
"63722.3911095";"Розрахункове значення навантаження на двигун";"0";"%";
"63722.4425305";"Температура охолодної рідини";"81";"℃";
"63722.5109505";"Оберти двигуна";"0";"rpm";
"63722.5109505";"Оберти двигуна x1000";"0";"rpm";
"63722.5590331";"Температура олії у двигуні";"62";"℃";
"63722.6203347";"Прискорення";"-0.0253935022061273";"g";
"63722.6203347";"Пройдений шлях";"4.4813992199444455";"km";
"63722.6203347";"Пройдений шлях (Сьогодні)";"4.481399";"km";
"63722.6203347";"Пройдений шлях (Тиждень)";"4.481399";"km";
"63722.6203347";"Пройдений шлях(загальний)";"4.481399";"km";
"63722.6203347";"Середня швидкість";"28.42592046904747";"km/h";
"63722.6203347";"Швидкість автомобіля";"0";"km/h";
"63722.7195423";"Розрахунковий наддув";"-0.01";"bar";
"63722.7195423";"Тиск у впускному колекторі (абсолютний)";"98";"kPa";
"63722.8300464";"[BMS] HV State of charge";"69.5";"%";
"63722.880115";"[BMS] HV Battery voltage";"365.95";"V";
"63722.9701787";"[BMS] Max Cell Voltage";"3.804";"V";
"63723.0361748";"[BMS] Min Cell Voltage";"3.795";"V";
"63723.0861456";"[BMS] HV Battery Current";"-9.199999999999818";"A";
"63723.1401706";"[BMS] HV Battery Current (Low)";"-9.25";"A";
"63723.2155485";"[BMS] HV Battery Current (High)";"-9.449999999999818";"A";
"63723.2682801";"[BMS] HV Battery Temperature Sensor 1";"27";"℃";
"63723.3197496";"[BMS] HV Battery Temperature Sensor 2";"27";"℃";
"63723.3587151";"[BMS] HV Battery Temperature Sensor 3";"26";"℃";
"63723.4236296";"[BMS] HV Battery Temperature Sensor 4";"26";"℃";
"63723.5170203";"[BMS] HV Battery Intake Air Temperature";"23";"℃";
"63723.6303894";"[VCM] Traction motor temperature";"44";"℃";
"63723.6795668";"[VCM] HV Coolant Temperature";"26";"℃";
"63723.7681175";"[VCM] Target Motor Torque";"35.6875";"N⋅m";
"63723.8327179";"[VCM] Available Motor Maximum Output";"13";"%";
"63723.8883573";"[VCM] Motor RPM";"2016";"rpm";
"63723.8883573";"[VCM] Motor Torque";"0.109375";"N⋅m";
"63723.9318792";"[VCM] Vehicle Speed";"4";"km/h";
"63724.0627198";"Розрахункове значення навантаження на двигун";"0";"%";
"63724.1007012";"Оберти двигуна";"0";"rpm";
"63724.1007012";"Оберти двигуна x1000";"0";"rpm";
"63724.1780194";"Температура олії у двигуні";"62";"℃";
"63724.2157869";"Пройдений шлях";"4.4831718797222235";"km";
"63724.2157869";"Пройдений шлях (Сьогодні)";"4.483172";"km";
"63724.2157869";"Пройдений шлях (Тиждень)";"4.483172";"km";
"63724.2157869";"Пройдений шлях(загальний)";"4.483172";"km";
"63724.2157869";"Середня швидкість";"28.357450814637353";"km/h";
"63724.2157869";"Швидкість автомобіля";"4";"km/h";
"63724.26912";"Розрахунковий наддув";"-0.01";"bar";
"63724.26912";"Тиск у впускному колекторі (абсолютний)";"98";"kPa";
"63724.4035801";"[BMS] HV State of charge";"69.5";"%";
"63724.4518488";"[BMS] HV Battery voltage";"366.43";"V";
"63724.5193772";"[BMS] Max Cell Voltage";"3.803";"V";
"63724.5912371";"[BMS] Min Cell Voltage";"3.795";"V";
"63724.6530717";"[BMS] HV Battery Current";"-6.7999999999999545";"A";
"63724.7320052";"[BMS] HV Battery Current (Low)";"-7.099999999999909";"A";
"63724.7847005";"[BMS] HV Battery Current (High)";"-6.849999999999909";"A";
"63724.8717508";"[BMS] HV Battery Temperature Sensor 1";"27";"℃";
"63724.9350309";"[BMS] HV Battery Temperature Sensor 2";"27";"℃";
"63724.9828553";"[BMS] HV Battery Temperature Sensor 3";"26";"℃";
"63725.048444";"[BMS] HV Battery Temperature Sensor 4";"26";"℃";
"63725.1045797";"[BMS] HV Battery Intake Air Temperature";"23";"℃";
"63725.251464";"[VCM] Traction motor temperature";"44";"℃";
"63725.3183716";"[VCM] HV Coolant Temperature";"26";"℃";
"63725.41168";"[VCM] Target Motor Torque";"26.875";"N⋅m";
"63725.4700344";"[VCM] Available Motor Maximum Output";"100";"%";
"63725.5350697";"[VCM] Motor RPM";"1728";"rpm";
"63725.5350697";"[VCM] Motor Torque";"0.09375";"N⋅m";
"63725.5924728";"[VCM] Vehicle Speed";"4";"km/h";
"63725.7196463";"Розрахункове значення навантаження на двигун";"0";"%";
"63725.768859";"Температура охолодної рідини";"81";"℃";
"63725.8301518";"Оберти двигуна";"0";"rpm";
"63725.8301518";"Оберти двигуна x1000";"0";"rpm";
"63725.8850638";"Температура олії у двигуні";"62";"℃";
"63725.9881954";"Пройдений шлях";"4.48464887613889";"km";
"63725.9881954";"Пройдений шлях (Сьогодні)";"4.484649";"km";
"63725.9881954";"Пройдений шлях (Тиждень)";"4.484649";"km";
"63725.9881954";"Пройдений шлях(загальний)";"4.484649";"km";
"63725.9881954";"Середня швидкість";"28.27872897788248";"km/h";
"63725.9881954";"Швидкість автомобіля";"3";"km/h";
"63726.0471379";"Розрахунковий наддув";"-0.01";"bar";
"63726.0471379";"Тиск у впускному колекторі (абсолютний)";"98";"kPa";
"63726.1550516";"[BMS] HV State of charge";"69.5";"%";
"63726.2384375";"[BMS] HV Battery voltage";"364.5";"V";
"63726.3002528";"[BMS] Max Cell Voltage";"3.802";"V";
"63726.3633795";"[BMS] Min Cell Voltage";"3.794";"V";
"63726.4156666";"[BMS] HV Battery Current";"-6.949999999999818";"A";
"63726.4627716";"[BMS] HV Battery Current (Low)";"-6.849999999999909";"A";
"63726.5488963";"[BMS] HV Battery Current (High)";"-6.449999999999818";"A";
"63726.6008412";"[BMS] HV Battery Temperature Sensor 1";"27";"℃";
"63726.6624375";"[BMS] HV Battery Temperature Sensor 2";"27";"℃";
"63726.7257823";"[BMS] HV Battery Temperature Sensor 3";"26";"℃";
"63726.8225118";"[BMS] HV Battery Temperature Sensor 4";"26";"℃";
"63726.8757884";"[BMS] HV Battery Intake Air Temperature";"23";"℃";
"63726.9625367";"[VCM] Traction motor temperature";"44";"℃";
"63727.0271845";"[VCM] HV Coolant Temperature";"26";"℃";
"63727.0878668";"[VCM] Target Motor Torque";"28.375";"N⋅m";
"63727.1422582";"[VCM] Available Motor Maximum Output";"13";"%";
"63727.1790801";"[VCM] Motor RPM";"1888";"rpm";
"63727.1790801";"[VCM] Motor Torque";"0.109375";"N⋅m";
"63727.2328605";"[VCM] Vehicle Speed";"4";"km/h";
"63727.4152023";"Розрахункове значення навантаження на двигун";"0";"%";
"63727.4622728";"Оберти двигуна";"0";"rpm";
"63727.4622728";"Оберти двигуна x1000";"0";"rpm";
"63727.5188677";"Температура олії у двигуні";"62";"℃";
"63727.6170471";"Пройдений шлях";"4.486006268555557";"km";
"63727.6170471";"Пройдений шлях (Сьогодні)";"4.486006";"km";
"63727.6170471";"Пройдений шлях (Тиждень)";"4.486006";"km";
"63727.6170471";"Пройдений шлях(загальний)";"4.486006";"km";
"63727.6170471";"Середня швидкість";"28.20681165373534";"km/h";
"63727.6170471";"Швидкість автомобіля";"3";"km/h";
"63727.6860018";"Розрахунковий наддув";"-0.01";"bar";
"63727.6860018";"Тиск у впускному колекторі (абсолютний)";"98";"kPa";
"63727.7822486";"[BMS] HV State of charge";"69";"%";
"63727.8472484";"[BMS] HV Battery voltage";"367.08";"V";
"63727.92888";"[BMS] Max Cell Voltage";"3.802";"V";
"63727.980478";"[BMS] Min Cell Voltage";"3.792";"V";
"63728.0447958";"[BMS] HV Battery Current";"-6.75";"A";
"63728.0969437";"[BMS] HV Battery Current (Low)";"-6.649999999999864";"A";
"63728.1916867";"[BMS] HV Battery Current (High)";"-6.649999999999864";"A";
"63728.2466897";"[BMS] HV Battery Temperature Sensor 1";"27";"℃";
"63728.2986028";"[BMS] HV Battery Temperature Sensor 2";"27";"℃";
"63728.3558178";"[BMS] HV Battery Temperature Sensor 3";"26";"℃";
"63728.4497917";"[BMS] HV Battery Temperature Sensor 4";"26";"℃";
"63728.4994428";"[BMS] HV Battery Intake Air Temperature";"23";"℃";
"63728.6201408";"[VCM] Traction motor temperature";"44";"℃";
"63728.7196775";"[VCM] HV Coolant Temperature";"26";"℃";
"63728.7830428";"[VCM] Target Motor Torque";"37.15625";"N⋅m";
"63728.8470903";"[VCM] Available Motor Maximum Output";"100";"%";
"63728.8906078";"[VCM] Motor RPM";"5728";"rpm";
"63728.8906078";"[VCM] Motor Torque";"0.34375";"N⋅m";
"63728.9519991";"[VCM] Vehicle Speed";"3";"km/h";
"63729.0791927";"Розрахункове значення навантаження на двигун";"0";"%";
"63729.1316103";"Температура охолодної рідини";"81";"℃";
"63729.1885213";"Оберти двигуна";"0";"rpm";
"63729.1885213";"Оберти двигуна x1000";"0";"rpm";
"63729.2624472";"Температура олії у двигуні";"62";"℃";
"63729.3260238";"Пройдений шлях";"4.487905123444446";"km";
"63729.3260238";"Пройдений шлях (Сьогодні)";"4.487905";"km";
"63729.3260238";"Пройдений шлях (Тиждень)";"4.487905";"km";
"63729.3260238";"Пройдений шлях(загальний)";"4.487905";"km";
"63729.3260238";"Середня швидкість";"28.134772414782613";"km/h";
"63729.3260238";"Швидкість автомобіля";"4";"km/h";
"63729.3802898";"Розрахунковий наддув";"-0.01";"bar";
"63729.3802898";"Тиск у впускному колекторі (абсолютний)";"98";"kPa";
"63729.5471774";"[BMS] HV State of charge";"69";"%";
"63729.631885";"[BMS] HV Battery voltage";"358.06";"V";
"63729.7313177";"[BMS] Max Cell Voltage";"3.716";"V";
"63729.820481";"[BMS] Min Cell Voltage";"3.708";"V";
"63729.8770189";"[BMS] HV Battery Current";"-80.59999999999991";"A";
"63729.9279028";"[BMS] HV Battery Current (Low)";"-1600";"A";
"63729.9907773";"[BMS] HV Battery Current (High)";"-75.64999999999986";"A";
"63730.0508243";"[BMS] HV Battery Temperature Sensor 1";"27";"℃";
"63730.1192042";"[BMS] HV Battery Temperature Sensor 2";"27";"℃";
"63730.1683581";"[BMS] HV Battery Temperature Sensor 3";"26";"℃";
"63730.2319208";"[BMS] HV Battery Temperature Sensor 4";"26";"℃";
"63730.2839195";"[BMS] HV Battery Intake Air Temperature";"23";"℃";
"63730.4186633";"[VCM] Traction motor temperature";"44";"℃";
"63730.4837413";"[VCM] HV Coolant Temperature";"26";"℃";
"63730.5395992";"[VCM] Target Motor Torque";"80.96875";"N⋅m";
"63730.6039674";"[VCM] Available Motor Maximum Output";"100";"%";
"63730.6796015";"[VCM] Motor RPM";"3712";"rpm";
"63730.6796015";"[VCM] Motor Torque";"0.21875";"N⋅m";
"63730.7320008";"[VCM] Vehicle Speed";"18";"km/h";
"63730.8197257";"Розрахункове значення навантаження на двигун";"0";"%";
"63730.880665";"Оберти двигуна";"0";"rpm";
"63730.880665";"Оберти двигуна x1000";"0";"rpm";
"63730.9447639";"Температура олії у двигуні";"62";"℃";
"63731.0064825";"Пройдений шлях";"4.496307407444446";"km";
"63731.0064825";"Пройдений шлях (Сьогодні)";"4.496307";"km";
"63731.0064825";"Пройдений шлях (Тиждень)";"4.496307";"km";
"63731.0064825";"Пройдений шлях(загальний)";"4.496307";"km";
"63731.0064825";"Середня швидкість";"28.105201173504735";"km/h";
"63731.0064825";"Швидкість автомобіля";"18";"km/h";
"63731.0636107";"Розрахунковий наддув";"-0.01";"bar";
"63731.0636107";"Тиск у впускному колекторі (абсолютний)";"98";"kPa";
"63731.2272657";"[BMS] HV State of charge";"68.5";"%";
"63731.2908798";"[BMS] HV Battery voltage";"363.21";"V";
"63731.3466863";"[BMS] Max Cell Voltage";"3.781";"V";
"63731.4000916";"[BMS] Min Cell Voltage";"3.773";"V";
"63731.4890455";"[BMS] HV Battery Current";"-2";"A";
"63731.5431653";"[BMS] HV Battery Current (Low)";"0.7000000000000455";"A";
"63731.608649";"[BMS] HV Battery Current (High)";"1.4500000000000455";"A";
"63731.6655994";"[BMS] HV Battery Temperature Sensor 1";"27";"℃";
"63731.7476916";"[BMS] HV Battery Temperature Sensor 2";"27";"℃";
"63731.7946518";"[BMS] HV Battery Temperature Sensor 3";"26";"℃";
"63731.8634204";"[BMS] HV Battery Temperature Sensor 4";"26";"℃";
"63731.9117635";"[BMS] HV Battery Intake Air Temperature";"23";"℃";
"63732.0451065";"[VCM] Traction motor temperature";"44";"℃";
"63732.0986774";"[VCM] HV Coolant Temperature";"25";"℃";
"63732.1485945";"[VCM] Target Motor Torque";"50.359375";"N⋅m";
"63732.2130948";"[VCM] Available Motor Maximum Output";"13";"%";
"63732.2905246";"[VCM] Motor RPM";"3584";"rpm";
"63732.2905246";"[VCM] Motor Torque";"0.21875";"N⋅m";
"63732.347489";"[VCM] Vehicle Speed";"18";"km/h";
"63732.45871";"Розрахункове значення навантаження на двигун";"0";"%";
"63732.5223495";"Температура охолодної рідини";"81";"℃";
"63732.5960369";"Оберти двигуна";"0";"rpm";
"63732.5960369";"Оберти двигуна x1000";"0";"rpm";
"63732.6462864";"Температура олії у двигуні";"62";"℃";
"63732.7082689";"Прискорення";"0.06322576016578839";"g";
"63732.7082689";"Пройдений шлях";"4.504816364944446";"km";
"63732.7082689";"Пройдений шлях (Сьогодні)";"4.504816";"km";
"63732.7082689";"Пройдений шлях (Тиждень)";"4.504816";"km";
"63732.7082689";"Пройдений шлях(загальний)";"4.504816";"km";
"63732.7082689";"Середня швидкість";"28.07542985044423";"km/h";
"63732.7082689";"Швидкість автомобіля";"18";"km/h";
"63732.7807615";"Розрахунковий наддув";"-0.01";"bar";
"63732.7807615";"Тиск у впускному колекторі (абсолютний)";"98";"kPa";
"63732.9159823";"[BMS] HV State of charge";"68.5";"%";
"63732.9780012";"[BMS] HV Battery voltage";"365.47";"V";
"63733.0379706";"[BMS] Max Cell Voltage";"3.782";"V";
"63733.1168861";"[BMS] Min Cell Voltage";"3.774";"V";
"63733.1546052";"[BMS] HV Battery Current";"-1.1499999999998636";"A";
"63733.215306";"[BMS] HV Battery Current (Low)";"-0.2999999999999545";"A";
"63733.276237";"[BMS] HV Battery Current (High)";"0.8500000000001364";"A";
"63733.3265482";"[BMS] HV Battery Temperature Sensor 1";"27";"℃";
"63733.4196258";"[BMS] HV Battery Temperature Sensor 2";"27";"℃";
"63733.4757533";"[BMS] HV Battery Temperature Sensor 3";"26";"℃";
"63733.5281526";"[BMS] HV Battery Temperature Sensor 4";"26";"℃";
"63733.5799157";"[BMS] HV Battery Intake Air Temperature";"23";"℃";
"63733.7305103";"[VCM] Traction motor temperature";"44";"℃";
"63733.7903705";"[VCM] HV Coolant Temperature";"25";"℃";
"63733.8447287";"[VCM] Target Motor Torque";"-12.3125";"N⋅m";
"63733.8978918";"[VCM] Available Motor Maximum Output";"13";"%";
"63733.9702026";"[VCM] Motor RPM";"-768";"rpm";
"63733.9702026";"[VCM] Motor Torque";"-0.046875";"N⋅m";
"63734.0238353";"[VCM] Vehicle Speed";"18";"km/h";
"63734.1397677";"Розрахункове значення навантаження на двигун";"0";"%";
"63734.2316886";"Оберти двигуна";"0";"rpm";
"63734.2316886";"Оберти двигуна x1000";"0";"rpm";
"63734.2830006";"Температура олії у двигуні";"62";"℃";
"63734.3314656";"Пройдений шлях";"4.512481433083335";"km";
"63734.3314656";"Пройдений шлях (Сьогодні)";"4.512481";"km";
"63734.3314656";"Пройдений шлях (Тиждень)";"4.512481";"km";
"63734.3314656";"Пройдений шлях(загальний)";"4.512481";"km";
"63734.3314656";"Середня швидкість";"28.044394380418733";"km/h";
"63734.3314656";"Швидкість автомобіля";"17";"km/h";
"63734.396094";"Розрахунковий наддув";"-0.01";"bar";
"63734.396094";"Тиск у впускному колекторі (абсолютний)";"98";"kPa";
"63734.5158483";"[BMS] HV State of charge";"68.5";"%";
"63734.5751782";"[BMS] HV Battery voltage";"366.91";"V";
"63734.6208719";"[BMS] Max Cell Voltage";"3.807";"V";
"63734.6788529";"[BMS] Min Cell Voltage";"3.798";"V";
"63734.771714";"[BMS] HV Battery Current";"15.25";"A";
"63734.8184189";"[BMS] HV Battery Current (Low)";"15.950000000000045";"A";
"63734.8795195";"[BMS] HV Battery Current (High)";"16.450000000000045";"A";
"63734.9436591";"[BMS] HV Battery Temperature Sensor 1";"27";"℃";
"63735.0426153";"[BMS] HV Battery Temperature Sensor 2";"27";"℃";
"63735.1074138";"[BMS] HV Battery Temperature Sensor 3";"26";"℃";
"63735.1578882";"[BMS] HV Battery Temperature Sensor 4";"26";"℃";
"63735.2239561";"[BMS] HV Battery Intake Air Temperature";"23";"℃";
"63735.3360202";"[VCM] Traction motor temperature";"44";"℃";
"63735.3992919";"[VCM] HV Coolant Temperature";"25";"℃";
"63735.4562466";"[VCM] Target Motor Torque";"-50.921875";"N⋅m";
"63735.5060423";"[VCM] Available Motor Maximum Output";"13";"%";
"63735.5839343";"[VCM] Motor RPM";"-3104";"rpm";
"63735.5839343";"[VCM] Motor Torque";"-0.203125";"N⋅m";
"63735.6618363";"[VCM] Vehicle Speed";"11";"km/h";
"63735.7781892";"Розрахункове значення навантаження на двигун";"0";"%";
"63735.8265788";"Температура охолодної рідини";"80";"℃";
"63735.8918149";"Оберти двигуна";"0";"rpm";
"63735.8918149";"Оберти двигуна x1000";"0";"rpm";
"63735.9542246";"Температура олії у двигуні";"62";"℃";
"63736.0107618";"Прискорення";"0.025423988518770372";"g";
"63736.0107618";"Пройдений шлях";"4.517146155583335";"km";
"63736.0107618";"Пройдений шлях (Сьогодні)";"4.517146";"km";
"63736.0107618";"Пройдений шлях (Тиждень)";"4.517146";"km";
"63736.0107618";"Пройдений шлях(загальний)";"4.517146";"km";
"63736.0107618";"Середня швидкість";"27.992233905211062";"km/h";
"63736.0107618";"Швидкість автомобіля";"10";"km/h";
"63736.0672642";"Розрахунковий наддув";"-0.01";"bar";
"63736.0672642";"Тиск у впускному колекторі (абсолютний)";"98";"kPa";
"63736.191397";"[BMS] HV State of charge";"68.5";"%";
"63736.2638956";"[BMS] HV Battery voltage";"366.43";"V";
"63736.3156079";"[BMS] Max Cell Voltage";"3.803";"V";
"63736.3794755";"[BMS] Min Cell Voltage";"3.795";"V";
"63736.4567803";"[BMS] HV Battery Current";"1.7000000000000455";"A";
"63736.5111135";"[BMS] HV Battery Current (Low)";"1.6000000000001364";"A";
"63736.5624493";"[BMS] HV Battery Current (High)";"1.25";"A";
"63736.6198204";"[BMS] HV Battery Temperature Sensor 1";"27";"℃";
"63736.6865862";"[BMS] HV Battery Temperature Sensor 2";"27";"℃";
"63736.7467547";"[BMS] HV Battery Temperature Sensor 3";"26";"℃";
"63736.8052037";"[BMS] HV Battery Temperature Sensor 4";"26";"℃";
"63736.8552638";"[BMS] HV Battery Intake Air Temperature";"23";"℃";
"63736.9908466";"[VCM] Traction motor temperature";"44";"℃";
"63737.050142";"[VCM] HV Coolant Temperature";"25";"℃";
"63737.1028648";"[VCM] Target Motor Torque";"10.71875";"N⋅m";
"63737.155895";"[VCM] Available Motor Maximum Output";"100";"%";
"63737.2425124";"[VCM] Motor RPM";"832";"rpm";
"63737.2425124";"[VCM] Motor Torque";"0.046875";"N⋅m";
"63737.2922251";"[VCM] Vehicle Speed";"7";"km/h";
"63737.4151858";"Розрахункове значення навантаження на двигун";"0";"%";
"63737.4641722";"Оберти двигуна";"0";"rpm";
"63737.4641722";"Оберти двигуна x1000";"0";"rpm";
"63737.5628603";"Температура олії у двигуні";"62";"℃";
"63737.6264122";"Прискорення";"-0.05134577249755025";"g";
"63737.6264122";"Пройдений шлях";"4.5198390094166685";"km";
"63737.6264122";"Пройдений шлях (Сьогодні)";"4.519839";"km";
"63737.6264122";"Пройдений шлях (Тиждень)";"4.519839";"km";
"63737.6264122";"Пройдений шлях(загальний)";"4.519839";"km";
"63737.6264122";"Середня швидкість";"27.931238362294753";"km/h";
"63737.6264122";"Швидкість автомобіля";"6";"km/h";
"63737.6998112";"Розрахунковий наддув";"-0.01";"bar";
"63737.6998112";"Тиск у впускному колекторі (абсолютний)";"98";"kPa";
"63737.8627206";"[BMS] HV State of charge";"68.5";"%";
"63737.9104234";"[BMS] HV Battery voltage";"365.3";"V";
"63737.970775";"[BMS] Max Cell Voltage";"3.781";"V";
"63738.0265977";"[BMS] Min Cell Voltage";"3.769";"V";
"63738.0885532";"[BMS] HV Battery Current";"-18.299999999999955";"A";
"63738.1471511";"[BMS] HV Battery Current (Low)";"-14.199999999999818";"A";
"63738.207177";"[BMS] HV Battery Current (High)";"-11.799999999999955";"A";
"63738.2691961";"[BMS] HV Battery Temperature Sensor 1";"27";"℃";
"63738.3478715";"[BMS] HV Battery Temperature Sensor 2";"27";"℃";
"63738.4033965";"[BMS] HV Battery Temperature Sensor 3";"26";"℃";
"63738.4541871";"[BMS] HV Battery Temperature Sensor 4";"26";"℃";
"63738.505444";"[BMS] HV Battery Intake Air Temperature";"23";"℃";
"63738.6157074";"[VCM] Traction motor temperature";"44";"℃";
"63738.6706724";"[VCM] HV Coolant Temperature";"25";"℃";
"63738.7310796";"[VCM] Target Motor Torque";"11.703125";"N⋅m";
"63738.8049031";"[VCM] Available Motor Maximum Output";"100";"%";
"63738.8944128";"[VCM] Motor RPM";"704";"rpm";
"63738.8944128";"[VCM] Motor Torque";"0.03125";"N⋅m";
"63738.9475644";"[VCM] Vehicle Speed";"8";"km/h";
"63739.036394";"Розрахункове значення навантаження на двигун";"0";"%";
"63739.0983785";"Температура охолодної рідини";"80";"℃";
"63739.172569";"Оберти двигуна";"0";"rpm";
"63739.172569";"Оберти двигуна x1000";"0";"rpm";
"63739.2279676";"Температура олії у двигуні";"62";"℃";
"63739.2846558";"Пройдений шлях";"4.5230633758611125";"km";
"63739.2846558";"Пройдений шлях (Сьогодні)";"4.523063";"km";
"63739.2846558";"Пройдений шлях (Тиждень)";"4.523063";"km";
"63739.2846558";"Пройдений шлях(загальний)";"4.523063";"km";
"63739.2846558";"Середня швидкість";"27.871826381593785";"km/h";
"63739.2846558";"Швидкість автомобіля";"7";"km/h";
"63739.3389466";"Розрахунковий наддув";"-0.01";"bar";
"63739.3389466";"Тиск у впускному колекторі (абсолютний)";"98";"kPa";
"63739.4741405";"[BMS] HV State of charge";"68.5";"%";
"63739.5311256";"[BMS] HV Battery voltage";"363.69";"V";
"63739.5858762";"[BMS] Max Cell Voltage";"3.792";"V";
"63739.64392";"[BMS] Min Cell Voltage";"3.783";"V";
"63739.7199066";"[BMS] HV Battery Current";"-6.75";"A";
"63739.7752145";"[BMS] HV Battery Current (Low)";"-11.549999999999955";"A";
"63739.8270497";"[BMS] HV Battery Current (High)";"-12.649999999999864";"A";
"63739.8833853";"[BMS] HV Battery Temperature Sensor 1";"27";"℃";
"63739.9357032";"[BMS] HV Battery Temperature Sensor 2";"27";"℃";
"63739.9991976";"[BMS] HV Battery Temperature Sensor 3";"26";"℃";
"63740.0722736";"[BMS] HV Battery Temperature Sensor 4";"26";"℃";
"63740.1288175";"[BMS] HV Battery Intake Air Temperature";"23";"℃";
"63740.2715525";"[VCM] Traction motor temperature";"44";"℃";
"63740.3228077";"[VCM] HV Coolant Temperature";"25";"℃";
"63740.3833847";"[VCM] Target Motor Torque";"13.46875";"N⋅m";
"63740.4383504";"[VCM] Available Motor Maximum Output";"100";"%";
"63740.4917875";"[VCM] Motor RPM";"864";"rpm";
"63740.4917875";"[VCM] Motor Torque";"0.046875";"N⋅m";
"63740.5663552";"[VCM] Vehicle Speed";"8";"km/h";
"63740.6952608";"Розрахункове значення навантаження на двигун";"0";"%";
"63740.7423887";"Оберти двигуна";"0";"rpm";
"63740.7423887";"Оберти двигуна x1000";"0";"rpm";
"63740.8471139";"Температура олії у двигуні";"62";"℃";
"63740.9037173";"Пройдений шлях";"4.526211405361113";"km";
"63740.9037173";"Пройдений шлях (Сьогодні)";"4.526211";"km";
"63740.9037173";"Пройдений шлях (Тиждень)";"4.526211";"km";
"63740.9037173";"Пройдений шлях(загальний)";"4.526211";"km";
"63740.9037173";"Середня швидкість";"27.814145472832855";"km/h";
"63740.9037173";"Швидкість автомобіля";"7";"km/h";
"63740.9646871";"Розрахунковий наддув";"-0.01";"bar";
"63740.9646871";"Тиск у впускному колекторі (абсолютний)";"98";"kPa";
"63741.0878497";"[BMS] HV State of charge";"68.5";"%";
"63741.1468218";"[BMS] HV Battery voltage";"363.53000000000003";"V";
"63741.2111113";"[BMS] Max Cell Voltage";"3.79";"V";
"63741.2631466";"[BMS] Min Cell Voltage";"3.783";"V";
"63741.3557416";"[BMS] HV Battery Current";"-7.7999999999999545";"A";
"63741.4177248";"[BMS] HV Battery Current (Low)";"-13.699999999999818";"A";
"63741.4805348";"[BMS] HV Battery Current (High)";"-15.849999999999909";"A";
"63741.5313608";"[BMS] HV Battery Temperature Sensor 1";"27";"℃";
"63741.595377";"[BMS] HV Battery Temperature Sensor 2";"27";"℃";
"63741.6723058";"[BMS] HV Battery Temperature Sensor 3";"26";"℃";
"63741.7238683";"[BMS] HV Battery Temperature Sensor 4";"26";"℃";
"63741.7835702";"[BMS] HV Battery Intake Air Temperature";"23";"℃";
"63741.9157295";"[VCM] Traction motor temperature";"44";"℃";
"63741.9798568";"[VCM] HV Coolant Temperature";"25";"℃";
"63742.0333369";"[VCM] Target Motor Torque";"60.609375";"N⋅m";
"63742.090194";"[VCM] Available Motor Maximum Output";"13";"%";
"63742.1506491";"[VCM] Motor RPM";"3808";"rpm";
"63742.1506491";"[VCM] Motor Torque";"0.21875";"N⋅m";
"63742.2154236";"[VCM] Vehicle Speed";"9";"km/h";
"63742.3284146";"Розрахункове значення навантаження на двигун";"0";"%";
"63742.380173";"Температура охолодної рідини";"80";"℃";
"63742.4673097";"Оберти двигуна";"0";"rpm";
"63742.4673097";"Оберти двигуна x1000";"0";"rpm";
"63742.519373";"Температура олії у двигуні";"62";"℃";
"63742.5960608";"Пройдений шлях";"4.530442290611113";"km";
"63742.5960608";"Пройдений шлях (Сьогодні)";"4.530442";"km";
"63742.5960608";"Пройдений шлях (Тиждень)";"4.530442";"km";
"63742.5960608";"Пройдений шлях(загальний)";"4.530442";"km";
"63742.5960608";"Середня швидкість";"27.759951456921737";"km/h";
"63742.5960608";"Швидкість автомобіля";"9";"km/h";
"63742.6461203";"Розрахунковий наддув";"-0.01";"bar";
"63742.6461203";"Тиск у впускному колекторі (абсолютний)";"98";"kPa";
"63742.7674065";"[BMS] HV State of charge";"68";"%";
"63742.831265";"[BMS] HV Battery voltage";"366.11";"V";
"63742.8856632";"[BMS] Max Cell Voltage";"3.792";"V";
"63742.934923";"[BMS] Min Cell Voltage";"3.778";"V";
"63743.0195861";"[BMS] HV Battery Current";"-9.5";"A";
"63743.06646";"[BMS] HV Battery Current (Low)";"-11.199999999999818";"A";
"63743.1277566";"[BMS] HV Battery Current (High)";"-11.799999999999955";"A";
"63743.1798685";"[BMS] HV Battery Temperature Sensor 1";"27";"℃";
"63743.2402924";"[BMS] HV Battery Temperature Sensor 2";"27";"℃";
"63743.3148053";"[BMS] HV Battery Temperature Sensor 3";"26";"℃";
"63743.3760364";"[BMS] HV Battery Temperature Sensor 4";"26";"℃";
"63743.4243644";"[BMS] HV Battery Intake Air Temperature";"23";"℃";
"63743.5731187";"[VCM] Traction motor temperature";"44";"℃";
"63743.6227084";"[VCM] HV Coolant Temperature";"25";"℃";
"63743.6761634";"[VCM] Target Motor Torque";"11.703125";"N⋅m";
"63743.7395529";"[VCM] Available Motor Maximum Output";"13";"%";
"63743.7917814";"[VCM] Motor RPM";"512";"rpm";
"63743.7917814";"[VCM] Motor Torque";"0.03125";"N⋅m";
"63743.8747318";"[VCM] Vehicle Speed";"10";"km/h";
"63743.9996321";"Розрахункове значення навантаження на двигун";"0";"%";
"63744.0519865";"Оберти двигуна";"0";"rpm";
"63744.0519865";"Оберти двигуна x1000";"0";"rpm";
"63744.1431254";"Температура олії у двигуні";"62";"℃";
"63744.1913926";"Прискорення";"0.012943884962930585";"g";
"63744.1913926";"Пройдений шлях";"4.534430738861113";"km";
"63744.1913926";"Пройдений шлях (Сьогодні)";"4.53443";"km";
"63744.1913926";"Пройдений шлях (Тиждень)";"4.53443";"km";
"63744.1913926";"Пройдений шлях(загальний)";"4.53443";"km";
"63744.1913926";"Середня швидкість";"27.709147965310006";"km/h";
"63744.1913926";"Швидкість автомобіля";"9";"km/h";
"63744.2805255";"Розрахунковий наддув";"-0.01";"bar";
"63744.2805255";"Тиск у впускному колекторі (абсолютний)";"98";"kPa";
"63744.411015";"[BMS] HV State of charge";"68";"%";
"63744.4740655";"[BMS] HV Battery voltage";"364.18";"V";
"63744.5378952";"[BMS] Max Cell Voltage";"3.776";"V";
"63744.5960521";"[BMS] Min Cell Voltage";"3.768";"V";
"63744.6666769";"[BMS] HV Battery Current";"-17";"A";
"63744.7165589";"[BMS] HV Battery Current (Low)";"-17.09999999999991";"A";
"63744.7840101";"[BMS] HV Battery Current (High)";"-16.25";"A";
"63744.8341828";"[BMS] HV Battery Temperature Sensor 1";"27";"℃";
"63744.8864731";"[BMS] HV Battery Temperature Sensor 2";"27";"℃";
"63744.9634955";"[BMS] HV Battery Temperature Sensor 3";"26";"℃";
"63745.0236031";"[BMS] HV Battery Temperature Sensor 4";"26";"℃";
"63745.0740128";"[BMS] HV Battery Intake Air Temperature";"23";"℃";
"63745.2320346";"[VCM] Traction motor temperature";"44";"℃";
"63745.2918855";"[VCM] HV Coolant Temperature";"25";"℃";
"63745.3429021";"[VCM] Target Motor Torque";"17.640625";"N⋅m";
"63745.3961756";"[VCM] Available Motor Maximum Output";"100";"%";
"63745.4862023";"[VCM] Motor RPM";"800";"rpm";
"63745.4862023";"[VCM] Motor Torque";"0.046875";"N⋅m";
"63745.5489519";"[VCM] Vehicle Speed";"11";"km/h";
"63745.6628452";"Розрахункове значення навантаження на двигун";"0";"%";
"63745.7300076";"Температура охолодної рідини";"80";"℃";
"63745.7986085";"Оберти двигуна";"0";"rpm";
"63745.7986085";"Оберти двигуна x1000";"0";"rpm";
"63745.8632728";"Температура олії у двигуні";"62";"℃";
"63745.9137241";"Прискорення";"0.012818747449527523";"g";
"63745.9137241";"Пройдений шлях";"4.539215027472224";"km";
"63745.9137241";"Пройдений шлях (Сьогодні)";"4.539214";"km";
"63745.9137241";"Пройдений шлях (Тиждень)";"4.539214";"km";
"63745.9137241";"Пройдений шлях(загальний)";"4.539214";"km";
"63745.9137241";"Середня швидкість";"27.6575244486573";"km/h";
"63745.9137241";"Швидкість автомобіля";"10";"km/h";
"63745.9714019";"Розрахунковий наддув";"-0.01";"bar";
"63745.9714019";"Тиск у впускному колекторі (абсолютний)";"98";"kPa";
"63746.120169";"[BMS] HV State of charge";"68";"%";
"63746.1836938";"[BMS] HV Battery voltage";"363.69";"V";
"63746.2347194";"[BMS] Max Cell Voltage";"3.788";"V";
"63746.323537";"[BMS] Min Cell Voltage";"3.781";"V";
"63746.3881493";"[BMS] HV Battery Current";"-2.2999999999999545";"A";
"63746.4562167";"[BMS] HV Battery Current (Low)";"-2.349999999999909";"A";
"63746.5158563";"[BMS] HV Battery Current (High)";"-2.599999999999909";"A";
"63746.5907279";"[BMS] HV Battery Temperature Sensor 1";"27";"℃";
"63746.650712";"[BMS] HV Battery Temperature Sensor 2";"27";"℃";
"63746.7099684";"[BMS] HV Battery Temperature Sensor 3";"26";"℃";
"63746.7593797";"[BMS] HV Battery Temperature Sensor 4";"26";"℃";
"63746.8276834";"[BMS] HV Battery Intake Air Temperature";"23";"℃";
"63746.9515953";"[VCM] Traction motor temperature";"44";"℃";
"63747.0110193";"[VCM] HV Coolant Temperature";"25";"℃";
"63747.0699838";"[VCM] Target Motor Torque";"-1.625";"N⋅m";
"63747.1438932";"[VCM] Available Motor Maximum Output";"100";"%";
"63747.1918015";"[VCM] Motor RPM";"-96";"rpm";
"63747.1918015";"[VCM] Motor Torque";"-0.015625";"N⋅m";
"63747.2562208";"[VCM] Vehicle Speed";"9";"km/h";
"63747.3647575";"Розрахункове значення навантаження на двигун";"0";"%";
"63747.439876";"Оберти двигуна";"0";"rpm";
"63747.439876";"Оберти двигуна x1000";"0";"rpm";
"63747.5059574";"Температура олії у двигуні";"62";"℃";
"63747.5604993";"Пройдений шлях";"4.543331806972224";"km";
"63747.5604993";"Пройдений шлях (Сьогодні)";"4.543331";"km";
"63747.5604993";"Пройдений шлях (Тиждень)";"4.543331";"km";
"63747.5604993";"Пройдений шлях(загальний)";"4.543331";"km";
"63747.5604993";"Середня швидкість";"27.605669173857684";"km/h";
"63747.5604993";"Швидкість автомобіля";"9";"km/h";
"63747.6150807";"Розрахунковий наддув";"-0.01";"bar";
"63747.6150807";"Тиск у впускному колекторі (абсолютний)";"98";"kPa";
"63747.7629829";"[BMS] HV State of charge";"68";"%";
"63747.8181499";"[BMS] HV Battery voltage";"364.82";"V";
"63747.8799886";"[BMS] Max Cell Voltage";"3.789";"V";
"63747.9788218";"[BMS] Min Cell Voltage";"3.78";"V";
"63748.0301685";"[BMS] HV Battery Current";"-3.25";"A";
"63748.0916277";"[BMS] HV Battery Current (Low)";"-3.5499999999999545";"A";
"63748.1427332";"[BMS] HV Battery Current (High)";"-3.449999999999818";"A";
"63748.1984374";"[BMS] HV Battery Temperature Sensor 1";"27";"℃";
"63748.2704717";"[BMS] HV Battery Temperature Sensor 2";"27";"℃";
"63748.3060273";"[BMS] HV Battery Temperature Sensor 3";"26";"℃";
"63748.3635069";"[BMS] HV Battery Temperature Sensor 4";"26";"℃";
"63748.4269627";"[BMS] HV Battery Intake Air Temperature";"23";"℃";
"63748.5539889";"[VCM] Traction motor temperature";"44";"℃";
"63748.610686";"[VCM] HV Coolant Temperature";"25";"℃";
"63748.6625835";"[VCM] Target Motor Torque";"6.796875";"N⋅m";
"63748.7230324";"[VCM] Available Motor Maximum Output";"100";"%";
"63748.7861377";"[VCM] Motor RPM";"576";"rpm";
"63748.7861377";"[VCM] Motor Torque";"0.03125";"N⋅m";
"63748.8519097";"[VCM] Vehicle Speed";"8";"km/h";
"63748.977488";"Розрахункове значення навантаження на двигун";"0";"%";
"63749.0661488";"Температура охолодної рідини";"80";"℃";
"63749.1306656";"Оберти двигуна";"0";"rpm";
"63749.1306656";"Оберти двигуна x1000";"0";"rpm";
"63749.1823829";"Температура олії у двигуні";"62";"℃";
"63749.2394566";"Пройдений шлях";"4.546596427888891";"km";
"63749.2394566";"Пройдений шлях (Сьогодні)";"4.546596";"km";
"63749.2394566";"Пройдений шлях (Тиждень)";"4.546596";"km";
"63749.2394566";"Пройдений шлях(загальний)";"4.546596";"km";
"63749.2394566";"Середня швидкість";"27.547443257452507";"km/h";
"63749.2394566";"Швидкість автомобіля";"7";"km/h";
"63749.2911973";"Розрахунковий наддув";"-0.01";"bar";
"63749.2911973";"Тиск у впускному колекторі (абсолютний)";"98";"kPa";
"63749.4228389";"[BMS] HV State of charge";"68";"%";
"63749.4756279";"[BMS] HV Battery voltage";"363.53000000000003";"V";
"63749.5422442";"[BMS] Max Cell Voltage";"3.787";"V";
"63749.6187409";"[BMS] Min Cell Voltage";"3.78";"V";
"63749.6812514";"[BMS] HV Battery Current";"-5.199999999999818";"A";
"63749.7325178";"[BMS] HV Battery Current (Low)";"-5.599999999999909";"A";
"63749.7961591";"[BMS] HV Battery Current (High)";"-5.599999999999909";"A";
"63749.8478522";"[BMS] HV Battery Temperature Sensor 1";"27";"℃";
"63749.9151046";"[BMS] HV Battery Temperature Sensor 2";"27";"℃";
"63749.9770441";"[BMS] HV Battery Temperature Sensor 3";"26";"℃";
"63750.0309212";"[BMS] HV Battery Temperature Sensor 4";"26";"℃";
"63750.080368";"[BMS] HV Battery Intake Air Temperature";"23";"℃";
"63750.231675";"[VCM] Traction motor temperature";"44";"℃";
"63750.3034889";"[VCM] HV Coolant Temperature";"25";"℃";
"63750.3541782";"[VCM] Target Motor Torque";"16.96875";"N⋅m";
"63750.4441508";"[VCM] Available Motor Maximum Output";"13";"%";
"63750.5259319";"[VCM] Motor RPM";"1088";"rpm";
"63750.5259319";"[VCM] Motor Torque";"0.0625";"N⋅m";
"63750.5787619";"[VCM] Vehicle Speed";"5";"km/h";
"63750.7126902";"Розрахункове значення навантаження на двигун";"0";"%";
"63750.768955";"Оберти двигуна";"0";"rpm";
"63750.768955";"Оберти двигуна x1000";"0";"rpm";
"63750.8355231";"Температура олії у двигуні";"62";"℃";
"63750.8909686";"Прискорення";"-0.02113973358948238";"g";
"63750.8909686";"Пройдений шлях";"4.548431435777779";"km";
"63750.8909686";"Пройдений шлях (Сьогодні)";"4.548431";"km";
"63750.8909686";"Пройдений шлях (Тиждень)";"4.548431";"km";
"63750.8909686";"Пройдений шлях(загальний)";"4.548431";"km";
"63750.8909686";"Середня швидкість";"27.482173630561846";"km/h";
"63750.8909686";"Швидкість автомобіля";"4";"km/h";
"63751.0181991";"Розрахунковий наддув";"-0.01";"bar";
"63751.0181991";"Тиск у впускному колекторі (абсолютний)";"98";"kPa";
"63751.1268268";"[BMS] HV State of charge";"68";"%";
"63751.1908259";"[BMS] HV Battery voltage";"365.3";"V";
"63751.2683213";"[BMS] Max Cell Voltage";"3.788";"V";
"63751.3229662";"[BMS] Min Cell Voltage";"3.779";"V";
"63751.3828558";"[BMS] HV Battery Current";"-4.25";"A";
"63751.4468047";"[BMS] HV Battery Current (Low)";"-4.25";"A";
"63751.5349376";"[BMS] HV Battery Current (High)";"-4.099999999999909";"A";
"63751.5823316";"[BMS] HV Battery Temperature Sensor 1";"27";"℃";
"63751.6351289";"[BMS] HV Battery Temperature Sensor 2";"27";"℃";
"63751.6976646";"[BMS] HV Battery Temperature Sensor 3";"26";"℃";
"63751.7486807";"[BMS] HV Battery Temperature Sensor 4";"26";"℃";
"63751.8433126";"[BMS] HV Battery Intake Air Temperature";"23";"℃";
"63751.9471462";"[VCM] Traction motor temperature";"44";"℃";
"63752.0047816";"[VCM] HV Coolant Temperature";"25";"℃";
"63752.1068777";"[VCM] Target Motor Torque";"17.09375";"N⋅m";
"63752.1597746";"[VCM] Available Motor Maximum Output";"100";"%";
"63752.2182878";"[VCM] Motor RPM";"1152";"rpm";
"63752.2182878";"[VCM] Motor Torque";"0.0625";"N⋅m";
"63752.268037";"[VCM] Vehicle Speed";"1";"km/h";
"63752.4235843";"Розрахункове значення навантаження на двигун";"0";"%";
"63752.4768335";"Температура охолодної рідини";"79";"℃";
"63752.5513314";"Оберти двигуна";"0";"rpm";
"63752.5513314";"Оберти двигуна x1000";"0";"rpm";
"63752.6440433";"Температура олії у двигуні";"62";"℃";
"63752.6995985";"Прискорення";"-0.041741784021964816";"g";
"63752.6995985";"Пройдений шлях";"4.548431435777779";"km";
"63752.6995985";"Пройдений шлях (Сьогодні)";"4.548431";"km";
"63752.6995985";"Пройдений шлях (Тиждень)";"4.548431";"km";
"63752.6995985";"Пройдений шлях(загальний)";"4.548431";"km";
"63752.6995985";"Середня швидкість";"27.39900236172818";"km/h";
"63752.6995985";"Швидкість автомобіля";"0";"km/h";
"63752.8032146";"Розрахунковий наддув";"-0.01";"bar";
"63752.8032146";"Тиск у впускному колекторі (абсолютний)";"98";"kPa";
"63752.9753988";"[BMS] HV State of charge";"68";"%";
"63753.0558833";"[BMS] HV Battery voltage";"366.43";"V";
"63753.1001784";"[BMS] Max Cell Voltage";"3.79";"V";
"63753.1917905";"[BMS] Min Cell Voltage";"3.781";"V";
"63753.2457035";"[BMS] HV Battery Current";"-3.099999999999909";"A";
"63753.306603";"[BMS] HV Battery Current (Low)";"-3";"A";
"63753.3596242";"[BMS] HV Battery Current (High)";"-3";"A";
"63753.4184602";"[BMS] HV Battery Temperature Sensor 1";"27";"℃";
"63753.4925151";"[BMS] HV Battery Temperature Sensor 2";"27";"℃";
"63753.5420028";"[BMS] HV Battery Temperature Sensor 3";"26";"℃";
"63753.5801063";"[BMS] HV Battery Temperature Sensor 4";"26";"℃";
"63753.6397331";"[BMS] HV Battery Intake Air Temperature";"23";"℃";
"63753.7711452";"[VCM] Traction motor temperature";"44";"℃";
"63753.8185855";"[VCM] HV Coolant Temperature";"25";"℃";
"63753.8576071";"[VCM] Target Motor Torque";"0";"N⋅m";
"63753.9090075";"[VCM] Available Motor Maximum Output";"100";"%";
"63754.0191075";"[VCM] Motor RPM";"64";"rpm";
"63754.0191075";"[VCM] Motor Torque";"0";"N⋅m";
"63754.071915";"[VCM] Vehicle Speed";"0";"km/h";
"63754.1926413";"Розрахункове значення навантаження на двигун";"0";"%";
"63754.2590815";"Оберти двигуна";"0";"rpm";
"63754.2590815";"Оберти двигуна x1000";"0";"rpm";
"63754.3256241";"Температура олії у двигуні";"62";"℃";
"63754.3909284";"Прискорення";"-0.03732255316792353";"g";
"63754.3909284";"Пройдений шлях";"4.548431435777779";"km";
"63754.3909284";"Пройдений шлях (Сьогодні)";"4.548431";"km";
"63754.3909284";"Пройдений шлях (Тиждень)";"4.548431";"km";
"63754.3909284";"Пройдений шлях(загальний)";"4.548431";"km";
"63754.3909284";"Середня швидкість";"27.321679775528565";"km/h";
"63754.3909284";"Швидкість автомобіля";"0";"km/h";
"63754.4459034";"Розрахунковий наддув";"-0.01";"bar";
"63754.4459034";"Тиск у впускному колекторі (абсолютний)";"98";"kPa";
"63754.5960167";"[BMS] HV State of charge";"68";"%";
"63754.6635249";"[BMS] HV Battery voltage";"364.34000000000003";"V";
"63754.7149835";"[BMS] Max Cell Voltage";"3.792";"V";
"63754.7765179";"[BMS] Min Cell Voltage";"3.782";"V";
"63754.840563";"[BMS] HV Battery Current";"-3";"A";
"63754.9052885";"[BMS] HV Battery Current (Low)";"-2.949999999999818";"A";
"63754.9632707";"[BMS] HV Battery Current (High)";"-3";"A";
"63755.0195416";"[BMS] HV Battery Temperature Sensor 1";"27";"℃";
"63755.0674837";"[BMS] HV Battery Temperature Sensor 2";"27";"℃";
"63755.1395646";"[BMS] HV Battery Temperature Sensor 3";"26";"℃";
"63755.2034539";"[BMS] HV Battery Temperature Sensor 4";"26";"℃";
"63755.2558668";"[BMS] HV Battery Intake Air Temperature";"23";"℃";
"63755.3872327";"[VCM] Traction motor temperature";"44";"℃";
"63755.4525444";"[VCM] HV Coolant Temperature";"25";"℃";
"63755.5034937";"[VCM] Target Motor Torque";"0";"N⋅m";
"63755.5637035";"[VCM] Available Motor Maximum Output";"100";"%";
"63755.619509";"[VCM] Motor RPM";"64";"rpm";
"63755.619509";"[VCM] Motor Torque";"0";"N⋅m";
"63755.6867041";"[VCM] Vehicle Speed";"0";"km/h";
"63755.8083427";"Розрахункове значення навантаження на двигун";"0";"%";
"63755.8631352";"Температура охолодної рідини";"79";"℃";
"63755.9488619";"Оберти двигуна";"0";"rpm";
"63755.9488619";"Оберти двигуна x1000";"0";"rpm";
"63755.9990867";"Температура олії у двигуні";"62";"℃";
"63756.0567372";"Прискорення";"-0.029084640072389867";"g";
"63756.0567372";"Пройдений шлях";"4.548431435777779";"km";
"63756.0567372";"Пройдений шлях (Сьогодні)";"4.548431";"km";
"63756.0567372";"Пройдений шлях (Тиждень)";"4.548431";"km";
"63756.0567372";"Пройдений шлях(загальний)";"4.548431";"km";
"63756.0567372";"Середня швидкість";"27.245949817716546";"km/h";
"63756.0567372";"Швидкість автомобіля";"0";"km/h";
"63756.1437466";"Розрахунковий наддув";"-0.01";"bar";
"63756.1437466";"Тиск у впускному колекторі (абсолютний)";"98";"kPa";
"63756.2762186";"[BMS] HV State of charge";"68";"%";
"63756.3273711";"[BMS] HV Battery voltage";"365.95";"V";
"63756.3796387";"[BMS] Max Cell Voltage";"3.791";"V";
"63756.4369324";"[BMS] Min Cell Voltage";"3.781";"V";
"63756.5257519";"[BMS] HV Battery Current";"-2.8999999999998636";"A";
"63756.5745577";"[BMS] HV Battery Current (Low)";"-2.8999999999998636";"A";
"63756.6400219";"[BMS] HV Battery Current (High)";"-3";"A";
"63756.7034956";"[BMS] HV Battery Temperature Sensor 1";"27";"℃";
"63756.7962161";"[BMS] HV Battery Temperature Sensor 2";"27";"℃";
"63756.858123";"[BMS] HV Battery Temperature Sensor 3";"26";"℃";
"63756.8997507";"[BMS] HV Battery Temperature Sensor 4";"26";"℃";
"63756.9674187";"[BMS] HV Battery Intake Air Temperature";"23";"℃";
"63757.0998578";"[VCM] Traction motor temperature";"43";"℃";
"63757.1631343";"[VCM] HV Coolant Temperature";"25";"℃";
"63757.2166355";"[VCM] Target Motor Torque";"0";"N⋅m";
"63757.2791175";"[VCM] Available Motor Maximum Output";"100";"%";
"63757.3425504";"[VCM] Motor RPM";"0";"rpm";
"63757.3425504";"[VCM] Motor Torque";"0";"N⋅m";
"63757.3958465";"[VCM] Vehicle Speed";"0";"km/h";
"63757.5105077";"Розрахункове значення навантаження на двигун";"0";"%";
"63757.5952873";"Оберти двигуна";"0";"rpm";
"63757.5952873";"Оберти двигуна x1000";"0";"rpm";
"63757.6463303";"Температура олії у двигуні";"62";"℃";
"63757.6993682";"Прискорення";"-0.016641473488423333";"g";
"63757.6993682";"Пройдений шлях";"4.548431435777779";"km";
"63757.6993682";"Пройдений шлях (Сьогодні)";"4.548431";"km";
"63757.6993682";"Пройдений шлях (Тиждень)";"4.548431";"km";
"63757.6993682";"Пройдений шлях(загальний)";"4.548431";"km";
"63757.6993682";"Середня швидкість";"27.17168258281572";"km/h";
"63757.6993682";"Швидкість автомобіля";"0";"km/h";
"63757.7921831";"Розрахунковий наддув";"-0.01";"bar";
"63757.7921831";"Тиск у впускному колекторі (абсолютний)";"98";"kPa";
"63757.9181486";"[BMS] HV State of charge";"68";"%";
"63757.9951856";"[BMS] HV Battery voltage";"365.95";"V";
"63758.0454167";"[BMS] Max Cell Voltage";"3.788";"V";
"63758.098796";"[BMS] Min Cell Voltage";"3.779";"V";
"63758.1587637";"[BMS] HV Battery Current";"-4.949999999999818";"A";
"63758.2224482";"[BMS] HV Battery Current (Low)";"-4.7999999999999545";"A";
"63758.2833772";"[BMS] HV Battery Current (High)";"-4.949999999999818";"A";
"63758.3359634";"[BMS] HV Battery Temperature Sensor 1";"27";"℃";
"63758.410909";"[BMS] HV Battery Temperature Sensor 2";"27";"℃";
"63758.475101";"[BMS] HV Battery Temperature Sensor 3";"26";"℃";
"63758.5282537";"[BMS] HV Battery Temperature Sensor 4";"26";"℃";
"63758.5805835";"[BMS] HV Battery Intake Air Temperature";"23";"℃";
"63758.7164249";"[VCM] Traction motor temperature";"44";"℃";
"63758.7670283";"[VCM] HV Coolant Temperature";"25";"℃";
"63758.8347417";"[VCM] Target Motor Torque";"37.921875";"N⋅m";
"63758.8865366";"[VCM] Available Motor Maximum Output";"100";"%";
"63758.958891";"[VCM] Motor RPM";"2272";"rpm";
"63758.958891";"[VCM] Motor Torque";"0.125";"N⋅m";
"63759.0234455";"[VCM] Vehicle Speed";"0";"km/h";
"63759.1091461";"Розрахункове значення навантаження на двигун";"0";"%";
"63759.1711527";"Температура охолодної рідини";"79";"℃";
"63759.2673212";"Оберти двигуна";"0";"rpm";
"63759.2673212";"Оберти двигуна x1000";"0";"rpm";
"63759.3206702";"Температура олії у двигуні";"62";"℃";
"63759.3719479";"Прискорення";"0";"g";
"63759.3719479";"Пройдений шлях";"4.548431435777779";"km";
"63759.3719479";"Пройдений шлях (Сьогодні)";"4.548431";"km";
"63759.3719479";"Пройдений шлях (Тиждень)";"4.548431";"km";
"63759.3719479";"Пройдений шлях(загальний)";"4.548431";"km";
"63759.3719479";"Середня швидкість";"27.096476762159135";"km/h";
"63759.3719479";"Швидкість автомобіля";"0";"km/h";
"63759.4564162";"Розрахунковий наддув";"-0.01";"bar";
"63759.4564162";"Тиск у впускному колекторі (абсолютний)";"98";"kPa";
"63759.6071279";"[BMS] HV State of charge";"67.5";"%";
"63759.6588924";"[BMS] HV Battery voltage";"362.41";"V";
"63759.7140639";"[BMS] Max Cell Voltage";"3.78";"V";
"63759.7923063";"[BMS] Min Cell Voltage";"3.771";"V";
"63759.8481431";"[BMS] HV Battery Current";"-12.049999999999955";"A";
"63759.9024037";"[BMS] HV Battery Current (Low)";"-10.549999999999955";"A";
"63759.9525434";"[BMS] HV Battery Current (High)";"-9.849999999999909";"A";
"63760.0146085";"[BMS] HV Battery Temperature Sensor 1";"27";"℃";
"63760.0949829";"[BMS] HV Battery Temperature Sensor 2";"27";"℃";
"63760.1482058";"[BMS] HV Battery Temperature Sensor 3";"26";"℃";
"63760.1993768";"[BMS] HV Battery Temperature Sensor 4";"26";"℃";
"63760.2636511";"[BMS] HV Battery Intake Air Temperature";"23";"℃";
"63760.3991257";"[VCM] Traction motor temperature";"43";"℃";
"63760.4500249";"[VCM] HV Coolant Temperature";"25";"℃";
"63760.5232536";"[VCM] Target Motor Torque";"43.1875";"N⋅m";
"63760.5837967";"[VCM] Available Motor Maximum Output";"13";"%";
"63760.6501579";"[VCM] Motor RPM";"3168";"rpm";
"63760.6501579";"[VCM] Motor Torque";"0.1875";"N⋅m";
"63760.6969244";"[VCM] Vehicle Speed";"4";"km/h";
"63760.8199193";"Розрахункове значення навантаження на двигун";"0";"%";
"63760.8954717";"Оберти двигуна";"0";"rpm";
"63760.8954717";"Оберти двигуна x1000";"0";"rpm";
"63760.9585702";"Температура олії у двигуні";"62";"℃";
"63761.0110632";"Прискорення";"0.012836045435433433";"g";
"63761.0110632";"Пройдений шлях";"4.5497973552777795";"km";
"63761.0110632";"Пройдений шлях (Сьогодні)";"4.549797";"km";
"63761.0110632";"Пройдений шлях (Тиждень)";"4.549797";"km";
"63761.0110632";"Пройдений шлях(загальний)";"4.549797";"km";
"63761.0110632";"Середня швидкість";"27.031294086860427";"km/h";
"63761.0110632";"Швидкість автомобіля";"3";"km/h";
"63761.0687471";"Розрахунковий наддув";"-0.01";"bar";
"63761.0687471";"Тиск у впускному колекторі (абсолютний)";"98";"kPa";
"63761.1989994";"[BMS] HV State of charge";"67.5";"%";
"63761.2531335";"[BMS] HV Battery voltage";"363.69";"V";
"63761.3160676";"[BMS] Max Cell Voltage";"3.777";"V";
"63761.3784178";"[BMS] Min Cell Voltage";"3.768";"V";
"63761.468235";"[BMS] HV Battery Current";"-8.799999999999955";"A";
"63761.531915";"[BMS] HV Battery Current (Low)";"-8.099999999999909";"A";
"63761.5904771";"[BMS] HV Battery Current (High)";"-7.5";"A";
"63761.6521546";"[BMS] HV Battery Temperature Sensor 1";"27";"℃";
"63761.7149917";"[BMS] HV Battery Temperature Sensor 2";"27";"℃";
"63761.7793203";"[BMS] HV Battery Temperature Sensor 3";"26";"℃";
"63761.8528166";"[BMS] HV Battery Temperature Sensor 4";"26";"℃";
"63761.9058041";"[BMS] HV Battery Intake Air Temperature";"23";"℃";
"63762.0524832";"[VCM] Traction motor temperature";"43";"℃";
"63762.1030222";"[VCM] HV Coolant Temperature";"25";"℃";
"63762.1649759";"[VCM] Target Motor Torque";"24.90625";"N⋅m";
"63762.2334684";"[VCM] Available Motor Maximum Output";"13";"%";
"63762.2942562";"[VCM] Motor RPM";"1536";"rpm";
"63762.2942562";"[VCM] Motor Torque";"0.09375";"N⋅m";
"63762.3549787";"[VCM] Vehicle Speed";"6";"km/h";
"63762.4673414";"Розрахункове значення навантаження на двигун";"0";"%";
"63762.5436156";"Температура охолодної рідини";"79";"℃";
"63762.5988059";"Оберти двигуна";"0";"rpm";
"63762.5988059";"Оберти двигуна x1000";"0";"rpm";
"63762.6586089";"Температура олії у двигуні";"62";"℃";
"63762.7180346";"Прискорення";"0.021261211337372514";"g";
"63762.7180346";"Пройдений шлях";"4.552168150138891";"km";
"63762.7180346";"Пройдений шлях (Сьогодні)";"4.552168";"km";
"63762.7180346";"Пройдений шлях (Тиждень)";"4.552168";"km";
"63762.7180346";"Пройдений шлях(загальний)";"4.552168";"km";
"63762.7180346";"Середня швидкість";"26.969404577028506";"km/h";
"63762.7180346";"Швидкість автомобіля";"5";"km/h";
"63762.8542463";"Розрахунковий наддув";"-0.01";"bar";
"63762.8542463";"Тиск у впускному колекторі (абсолютний)";"98";"kPa";
"63762.9634719";"[BMS] HV State of charge";"67.5";"%";
"63763.0331341";"[BMS] HV Battery voltage";"363.86";"V";
"63763.1174562";"[BMS] Max Cell Voltage";"3.781";"V";
"63763.1676655";"[BMS] Min Cell Voltage";"3.773";"V";
"63763.2235815";"[BMS] HV Battery Current";"-6.399999999999864";"A";
"63763.2594735";"[BMS] HV Battery Current (Low)";"-6.399999999999864";"A";
"63763.3190567";"[BMS] HV Battery Current (High)";"-6.199999999999818";"A";
"63763.399858";"[BMS] HV Battery Temperature Sensor 1";"27";"℃";
"63763.4522146";"[BMS] HV Battery Temperature Sensor 2";"27";"℃";
"63763.5031671";"[BMS] HV Battery Temperature Sensor 3";"26";"℃";
"63763.5591324";"[BMS] HV Battery Temperature Sensor 4";"26";"℃";
"63763.6441532";"[BMS] HV Battery Intake Air Temperature";"23";"℃";
"63763.7579184";"[VCM] Traction motor temperature";"43";"℃";
"63763.8113578";"[VCM] HV Coolant Temperature";"25";"℃";
"63763.8726901";"[VCM] Target Motor Torque";"22.671875";"N⋅m";
"63763.9465504";"[VCM] Available Motor Maximum Output";"13";"%";
"63763.9953113";"[VCM] Motor RPM";"1472";"rpm";
"63763.9953113";"[VCM] Motor Torque";"0.078125";"N⋅m";
"63764.0631011";"[VCM] Vehicle Speed";"6";"km/h";
"63764.1940105";"Розрахункове значення навантаження на двигун";"0";"%";
"63764.2424539";"Оберти двигуна";"0";"rpm";
"63764.2424539";"Оберти двигуна x1000";"0";"rpm";
"63764.2973076";"Температура олії у двигуні";"62";"℃";
"63764.3344691";"Прискорення";"0.02134515419388574";"g";
"63764.3344691";"Пройдений шлях";"4.554413193333335";"km";
"63764.3344691";"Пройдений шлях (Сьогодні)";"4.554413";"km";
"63764.3344691";"Пройдений шлях (Тиждень)";"4.554413";"km";
"63764.3344691";"Пройдений шлях(загальний)";"4.554413";"km";
"63764.3344691";"Середня швидкість";"26.91111749863354";"km/h";
"63764.3344691";"Швидкість автомобіля";"5";"km/h";
"63764.4041515";"Розрахунковий наддув";"-0.01";"bar";
"63764.4041515";"Тиск у впускному колекторі (абсолютний)";"98";"kPa";
"63764.5542126";"[BMS] HV State of charge";"67.5";"%";
"63764.6058444";"[BMS] HV Battery voltage";"364.18";"V";
"63764.6706158";"[BMS] Max Cell Voltage";"3.781";"V";
"63764.7442713";"[BMS] Min Cell Voltage";"3.772";"V";
"63764.799905";"[BMS] HV Battery Current";"-6.199999999999818";"A";
"63764.8474122";"[BMS] HV Battery Current (Low)";"-6.0499999999999545";"A";
"63764.9077786";"[BMS] HV Battery Current (High)";"-6.199999999999818";"A";
"63764.9645703";"[BMS] HV Battery Temperature Sensor 1";"27";"℃";
"63765.0397184";"[BMS] HV Battery Temperature Sensor 2";"27";"℃";
"63765.0925088";"[BMS] HV Battery Temperature Sensor 3";"26";"℃";
"63765.1545271";"[BMS] HV Battery Temperature Sensor 4";"26";"℃";
"63765.2170573";"[BMS] HV Battery Intake Air Temperature";"23";"℃";
"63765.3550333";"[VCM] Traction motor temperature";"43";"℃";
"63765.4050415";"[VCM] HV Coolant Temperature";"25";"℃";
"63765.462289";"[VCM] Target Motor Torque";"24.359375";"N⋅m";
"63765.52393";"[VCM] Available Motor Maximum Output";"100";"%";
"63765.6151317";"[VCM] Motor RPM";"1632";"rpm";
"63765.6151317";"[VCM] Motor Torque";"0.09375";"N⋅m";
"63765.6917316";"[VCM] Vehicle Speed";"1";"km/h";
"63765.8065545";"Розрахункове значення навантаження на двигун";"0";"%";
"63765.8667976";"Температура охолодної рідини";"78";"℃";
"63765.9182593";"Оберти двигуна";"0";"rpm";
"63765.9182593";"Оберти двигуна x1000";"0";"rpm";
"63765.9786795";"Температура олії у двигуні";"62";"℃";
"63766.0443127";"Пройдений шлях";"4.554413193333335";"km";
"63766.0443127";"Пройдений шлях (Сьогодні)";"4.554413";"km";
"63766.0443127";"Пройдений шлях (Тиждень)";"4.554413";"km";
"63766.0443127";"Пройдений шлях(загальний)";"4.554413";"km";
"63766.0443127";"Середня швидкість";"26.83577492596219";"km/h";
"63766.0443127";"Швидкість автомобіля";"0";"km/h";
"63766.1198774";"Розрахунковий наддув";"-0.01";"bar";
"63766.1198774";"Тиск у впускному колекторі (абсолютний)";"98";"kPa";
"63766.2318082";"[BMS] HV State of charge";"67.5";"%";
"63766.2843705";"[BMS] HV Battery voltage";"366.59000000000003";"V";
"63766.3398721";"[BMS] Max Cell Voltage";"3.784";"V";
"63766.415996";"[BMS] Min Cell Voltage";"3.776";"V";
"63766.4802367";"[BMS] HV Battery Current";"-3.199999999999818";"A";
"63766.5359364";"[BMS] HV Battery Current (Low)";"-3.8999999999998636";"A";
"63766.6042503";"[BMS] HV Battery Current (High)";"-4.2999999999999545";"A";
"63766.6659604";"[BMS] HV Battery Temperature Sensor 1";"27";"℃";
"63766.7221375";"[BMS] HV Battery Temperature Sensor 2";"27";"℃";
"63766.7797377";"[BMS] HV Battery Temperature Sensor 3";"26";"℃";
"63766.8379804";"[BMS] HV Battery Temperature Sensor 4";"26";"℃";
"63766.8920249";"[BMS] HV Battery Intake Air Temperature";"23";"℃";
"63767.0433097";"[VCM] Traction motor temperature";"43";"℃";
"63767.102145";"[VCM] HV Coolant Temperature";"25";"℃";
"63767.1553199";"[VCM] Target Motor Torque";"100.265625";"N⋅m";
"63767.2503012";"[VCM] Available Motor Maximum Output";"100";"%";
"63767.2996467";"[VCM] Motor RPM";"6976";"rpm";
"63767.2996467";"[VCM] Motor Torque";"0.421875";"N⋅m";
"63767.3589283";"[VCM] Vehicle Speed";"1";"km/h";
"63767.4865179";"Розрахункове значення навантаження на двигун";"0";"%";
"63767.5470156";"Оберти двигуна";"0";"rpm";
"63767.5470156";"Оберти двигуна x1000";"0";"rpm";
"63767.6038814";"Температура олії у двигуні";"62";"℃";
"63767.6637071";"Прискорення";"-0.012773320255649638";"g";
"63767.6637071";"Пройдений шлях";"4.554413193333335";"km";
"63767.6637071";"Пройдений шлях (Сьогодні)";"4.554413";"km";
"63767.6637071";"Пройдений шлях (Тиждень)";"4.554413";"km";
"63767.6637071";"Пройдений шлях(загальний)";"4.554413";"km";
"63767.6637071";"Середня швидкість";"26.76486333844955";"km/h";
"63767.6637071";"Швидкість автомобіля";"0";"km/h";
"63767.7720511";"Розрахунковий наддув";"-0.01";"bar";
"63767.7720511";"Тиск у впускному колекторі (абсолютний)";"98";"kPa";
"63767.8875424";"[BMS] HV State of charge";"67.5";"%";
"63767.939419";"[BMS] HV Battery voltage";"362.89";"V";
"63767.9915998";"[BMS] Max Cell Voltage";"3.775";"V";
"63768.0673733";"[BMS] Min Cell Voltage";"3.767";"V";
"63768.1194088";"[BMS] HV Battery Current";"-8.5";"A";
"63768.1839761";"[BMS] HV Battery Current (Low)";"-7.849999999999909";"A";
"63768.2378747";"[BMS] HV Battery Current (High)";"-7.699999999999818";"A";
"63768.3235024";"[BMS] HV Battery Temperature Sensor 1";"27";"℃";
"63768.3745655";"[BMS] HV Battery Temperature Sensor 2";"27";"℃";
"63768.4402762";"[BMS] HV Battery Temperature Sensor 3";"26";"℃";
"63768.4904529";"[BMS] HV Battery Temperature Sensor 4";"26";"℃";
"63768.5480067";"[BMS] HV Battery Intake Air Temperature";"23";"℃";
"63768.6787124";"[VCM] Traction motor temperature";"43";"℃";
"63768.7330634";"[VCM] HV Coolant Temperature";"25";"℃";
"63768.7786313";"[VCM] Target Motor Torque";"26.96875";"N⋅m";
"63768.8639891";"[VCM] Available Motor Maximum Output";"100";"%";
"63768.9158183";"[VCM] Motor RPM";"1760";"rpm";
"63768.9158183";"[VCM] Motor Torque";"0.09375";"N⋅m";
"63768.9765972";"[VCM] Vehicle Speed";"3";"km/h";
"63769.0962312";"Розрахункове значення навантаження на двигун";"0";"%";
"63769.1702828";"Температура охолодної рідини";"78";"℃";
"63769.2315697";"Оберти двигуна";"0";"rpm";
"63769.2315697";"Оберти двигуна x1000";"0";"rpm";
"63769.2808264";"Температура олії у двигуні";"62";"℃";
"63769.3428024";"Пройдений шлях";"4.555346030333335";"km";
"63769.3428024";"Пройдений шлях (Сьогодні)";"4.555346";"km";
"63769.3428024";"Пройдений шлях (Тиждень)";"4.555346";"km";
"63769.3428024";"Пройдений шлях(загальний)";"4.555346";"km";
"63769.3428024";"Середня швидкість";"26.697168503436448";"km/h";
"63769.3428024";"Швидкість автомобіля";"2";"km/h";
"63769.4198659";"Розрахунковий наддув";"-0.01";"bar";
"63769.4198659";"Тиск у впускному колекторі (абсолютний)";"98";"kPa";
"63769.5268357";"[BMS] HV State of charge";"67.5";"%";
"63769.5812621";"[BMS] HV Battery voltage";"364.18";"V";
"63769.6461262";"[BMS] Max Cell Voltage";"3.778";"V";
"63769.7188902";"[BMS] Min Cell Voltage";"3.771";"V";
"63769.7545819";"[BMS] HV Battery Current";"-6.349999999999909";"A";
"63769.796219";"[BMS] HV Battery Current (Low)";"-6.399999999999864";"A";
"63769.8472077";"[BMS] HV Battery Current (High)";"-6.199999999999818";"A";
"63769.9087342";"[BMS] HV Battery Temperature Sensor 1";"27";"℃";
"63769.9994334";"[BMS] HV Battery Temperature Sensor 2";"27";"℃";
"63770.0482914";"[BMS] HV Battery Temperature Sensor 3";"26";"℃";
"63770.1130115";"[BMS] HV Battery Temperature Sensor 4";"26";"℃";
"63770.1639662";"[BMS] HV Battery Intake Air Temperature";"23";"℃";
"63770.2892659";"[VCM] Traction motor temperature";"43";"℃";
"63770.3379516";"[VCM] HV Coolant Temperature";"25";"℃";
"63770.3876926";"[VCM] Target Motor Torque";"34.25";"N⋅m";
"63770.4427181";"[VCM] Available Motor Maximum Output";"100";"%";
"63770.518602";"[VCM] Motor RPM";"2240";"rpm";
"63770.518602";"[VCM] Motor Torque";"0.125";"N⋅m";
"63770.568037";"[VCM] Vehicle Speed";"1";"km/h";
"63770.6933672";"Розрахункове значення навантаження на двигун";"0";"%";
"63770.7438604";"Оберти двигуна";"0";"rpm";
"63770.7438604";"Оберти двигуна x1000";"0";"rpm";
"63770.835148";"Температура олії у двигуні";"62";"℃";
"63770.8917683";"Пройдений шлях";"4.555346030333335";"km";
"63770.8917683";"Пройдений шлях (Сьогодні)";"4.555346";"km";
"63770.8917683";"Пройдений шлях (Тиждень)";"4.555346";"km";
"63770.8917683";"Пройдений шлях(загальний)";"4.555346";"km";
"63770.8917683";"Середня швидкість";"26.630018256611912";"km/h";
"63770.8917683";"Швидкість автомобіля";"0";"km/h";
"63770.9512859";"Розрахунковий наддув";"-0.01";"bar";
"63770.9512859";"Тиск у впускному колекторі (абсолютний)";"98";"kPa";
"63771.0995802";"[BMS] HV State of charge";"67.5";"%";
"63771.14882";"[BMS] HV Battery voltage";"362.41";"V";
"63771.2025291";"[BMS] Max Cell Voltage";"3.781";"V";
"63771.2677525";"[BMS] Min Cell Voltage";"3.774";"V";
"63771.3390514";"[BMS] HV Battery Current";"-3.099999999999909";"A";
"63771.3981996";"[BMS] HV Battery Current (Low)";"-3.0499999999999545";"A";
"63771.4486728";"[BMS] HV Battery Current (High)";"-3";"A";
"63771.5128667";"[BMS] HV Battery Temperature Sensor 1";"27";"℃";
"63771.5636964";"[BMS] HV Battery Temperature Sensor 2";"27";"℃";
"63771.6480666";"[BMS] HV Battery Temperature Sensor 3";"26";"℃";
"63771.7025826";"[BMS] HV Battery Temperature Sensor 4";"26";"℃";
"63771.7624537";"[BMS] HV Battery Intake Air Temperature";"23";"℃";
"63771.8541599";"[VCM] Traction motor temperature";"43";"℃";
"63771.9281825";"[VCM] HV Coolant Temperature";"25";"℃";
"63771.9804647";"[VCM] Target Motor Torque";"0.046875";"N⋅m";
"63772.0666883";"[VCM] Available Motor Maximum Output";"100";"%";
"63772.1200747";"[VCM] Motor RPM";"-32";"rpm";
"63772.1200747";"[VCM] Motor Torque";"-0.015625";"N⋅m";
"63772.1870812";"[VCM] Vehicle Speed";"0";"km/h";
"63772.3193267";"Розрахункове значення навантаження на двигун";"0";"%";
"63772.3714474";"Температура охолодної рідини";"78";"℃";
"63772.4390588";"Оберти двигуна";"0";"rpm";
"63772.4390588";"Оберти двигуна x1000";"0";"rpm";
"63772.5032798";"Температура олії у двигуні";"62";"℃";
"63772.5567947";"Пройдений шлях";"4.555346030333335";"km";
"63772.5567947";"Пройдений шлях (Сьогодні)";"4.555346";"km";
"63772.5567947";"Пройдений шлях (Тиждень)";"4.555346";"km";
"63772.5567947";"Пройдений шлях(загальний)";"4.555346";"km";
"63772.5567947";"Середня швидкість";"26.55821108936229";"km/h";
"63772.5567947";"Швидкість автомобіля";"0";"km/h";
"63772.6123529";"Розрахунковий наддув";"-0.01";"bar";
"63772.6123529";"Тиск у впускному колекторі (абсолютний)";"98";"kPa";
"63772.7481205";"[BMS] HV State of charge";"67.5";"%";
"63772.799392";"[BMS] HV Battery voltage";"363.86";"V";
"63772.8520246";"[BMS] Max Cell Voltage";"3.784";"V";
"63772.9154515";"[BMS] Min Cell Voltage";"3.773";"V";
"63772.9999403";"[BMS] HV Battery Current";"-3";"A";
"63773.0547077";"[BMS] HV Battery Current (Low)";"-3";"A";
"63773.1102565";"[BMS] HV Battery Current (High)";"-2.7999999999999545";"A";
"63773.1633484";"[BMS] HV Battery Temperature Sensor 1";"27";"℃";
"63773.22456";"[BMS] HV Battery Temperature Sensor 2";"27";"℃";
"63773.286949";"[BMS] HV Battery Temperature Sensor 3";"26";"℃";
"63773.3643599";"[BMS] HV Battery Temperature Sensor 4";"26";"℃";
"63773.4285375";"[BMS] HV Battery Intake Air Temperature";"23";"℃";
"63773.574258";"[VCM] Traction motor temperature";"43";"℃";
"63773.6253222";"[VCM] HV Coolant Temperature";"25";"℃";
"63773.685018";"[VCM] Target Motor Torque";"0";"N⋅m";
"63773.7398346";"[VCM] Available Motor Maximum Output";"13";"%";
"63773.8147867";"[VCM] Motor RPM";"0";"rpm";
"63773.8147867";"[VCM] Motor Torque";"0";"N⋅m";
"63773.8790877";"[VCM] Vehicle Speed";"0";"km/h";
"63773.9785247";"Розрахункове значення навантаження на двигун";"0";"%";
"63774.0152578";"Оберти двигуна";"0";"rpm";
"63774.0152578";"Оберти двигуна x1000";"0";"rpm";
"63774.0876579";"Температура олії у двигуні";"62";"℃";
"63774.1507292";"Прискорення";"0";"g";
"63774.1507292";"Пройдений шлях";"4.555346030333335";"km";
"63774.1507292";"Пройдений шлях (Сьогодні)";"4.555346";"km";
"63774.1507292";"Пройдений шлях (Тиждень)";"4.555346";"km";
"63774.1507292";"Пройдений шлях(загальний)";"4.555346";"km";
"63774.1507292";"Середня швидкість";"26.489832047116465";"km/h";
"63774.1507292";"Швидкість автомобіля";"0";"km/h";
"63774.2319871";"Розрахунковий наддув";"-0.01";"bar";
"63774.2319871";"Тиск у впускному колекторі (абсолютний)";"98";"kPa";
"63774.367423";"[BMS] HV State of charge";"67.5";"%";
"63774.4149549";"[BMS] HV Battery voltage";"363.86";"V";
"63774.4502777";"[BMS] Max Cell Voltage";"3.782";"V";
"63774.5027948";"[BMS] Min Cell Voltage";"3.774";"V";
"63774.5413147";"[BMS] HV Battery Current";"-3.099999999999909";"A";
"63774.6397143";"[BMS] HV Battery Current (Low)";"-2.949999999999818";"A";
"63774.701986";"[BMS] HV Battery Current (High)";"-2.7999999999999545";"A";
"63774.7512852";"[BMS] HV Battery Temperature Sensor 1";"27";"℃";
"63774.8154317";"[BMS] HV Battery Temperature Sensor 2";"27";"℃";
"63774.8660782";"[BMS] HV Battery Temperature Sensor 3";"26";"℃";
"63774.9516245";"[BMS] HV Battery Temperature Sensor 4";"26";"℃";
"63775.0028304";"[BMS] HV Battery Intake Air Temperature";"23";"℃";
"63775.1237187";"[VCM] Traction motor temperature";"43";"℃";
"63775.1909058";"[VCM] HV Coolant Temperature";"25";"℃";
"63775.2557239";"[VCM] Target Motor Torque";"0";"N⋅m";
"63775.3069713";"[VCM] Available Motor Maximum Output";"13";"%";
"63775.358921";"[VCM] Motor RPM";"0";"rpm";
"63775.358921";"[VCM] Motor Torque";"0";"N⋅m";
"63775.4572806";"[VCM] Vehicle Speed";"0";"km/h";
"63775.5610451";"Розрахункове значення навантаження на двигун";"0";"%";
"63775.6366792";"Температура охолодної рідини";"78";"℃";
"63775.7506357";"Оберти двигуна";"0";"rpm";
"63775.7506357";"Оберти двигуна x1000";"0";"rpm";
"63775.8146677";"Температура олії у двигуні";"62";"℃";
"63775.8778529";"Прискорення";"-0.00866877767113173";"g";
"63775.8778529";"Пройдений шлях";"4.555346030333335";"km";
"63775.8778529";"Пройдений шлях (Сьогодні)";"4.555346";"km";
"63775.8778529";"Пройдений шлях (Тиждень)";"4.555346";"km";
"63775.8778529";"Пройдений шлях(загальний)";"4.555346";"km";
"63775.8778529";"Середня швидкість";"26.416135067954862";"km/h";
"63775.8778529";"Швидкість автомобіля";"0";"km/h";
"63775.9660549";"Розрахунковий наддув";"-0.01";"bar";
"63775.9660549";"Тиск у впускному колекторі (абсолютний)";"98";"kPa";
"63776.08997";"[BMS] HV State of charge";"67";"%";
"63776.1474637";"[BMS] HV Battery voltage";"365.63";"V";
"63776.20023";"[BMS] Max Cell Voltage";"3.783";"V";
"63776.2917576";"[BMS] Min Cell Voltage";"3.775";"V";
"63776.3426034";"[BMS] HV Battery Current";"-2.949999999999818";"A";
"63776.3874939";"[BMS] HV Battery Current (Low)";"-2.8999999999998636";"A";
"63776.4360089";"[BMS] HV Battery Current (High)";"-2.7999999999999545";"A";
"63776.4919827";"[BMS] HV Battery Temperature Sensor 1";"27";"℃";
"63776.5709553";"[BMS] HV Battery Temperature Sensor 2";"27";"℃";
"63776.6229138";"[BMS] HV Battery Temperature Sensor 3";"26";"℃";
"63776.6835108";"[BMS] HV Battery Temperature Sensor 4";"26";"℃";
"63776.7418438";"[BMS] HV Battery Intake Air Temperature";"23";"℃";
"63776.8651083";"[VCM] Traction motor temperature";"43";"℃";
"63776.9270775";"[VCM] HV Coolant Temperature";"25";"℃";
"63776.9878068";"[VCM] Target Motor Torque";"0";"N⋅m";
"63777.0386528";"[VCM] Available Motor Maximum Output";"100";"%";
"63777.1146275";"[VCM] Motor RPM";"0";"rpm";
"63777.1146275";"[VCM] Motor Torque";"0";"N⋅m";
"63777.1915285";"[VCM] Vehicle Speed";"0";"km/h";
"63777.3026941";"Розрахункове значення навантаження на двигун";"0";"%";
"63777.3393116";"Оберти двигуна";"0";"rpm";
"63777.3393116";"Оберти двигуна x1000";"0";"rpm";
"63777.4150585";"Температура олії у двигуні";"62";"℃";
"63777.4788978";"Прискорення";"0";"g";
"63777.4788978";"Пройдений шлях";"4.555346030333335";"km";
"63777.4788978";"Пройдений шлях (Сьогодні)";"4.555346";"km";
"63777.4788978";"Пройдений шлях (Тиждень)";"4.555346";"km";
"63777.4788978";"Пройдений шлях(загальний)";"4.555346";"km";
"63777.4788978";"Середня швидкість";"26.348181116093343";"km/h";
"63777.4788978";"Швидкість автомобіля";"0";"km/h";
"63777.5507862";"Розрахунковий наддув";"-0.01";"bar";
"63777.5507862";"Тиск у впускному колекторі (абсолютний)";"98";"kPa";
"63777.6885463";"[BMS] HV State of charge";"67";"%";
"63777.7410222";"[BMS] HV Battery voltage";"364.18";"V";
"63777.8071558";"[BMS] Max Cell Voltage";"3.783";"V";
"63777.8583559";"[BMS] Min Cell Voltage";"3.774";"V";
"63777.9478815";"[BMS] HV Battery Current";"-2.849999999999909";"A";
"63778.0037982";"[BMS] HV Battery Current (Low)";"-2.849999999999909";"A";
"63778.074827";"[BMS] HV Battery Current (High)";"-2.7999999999999545";"A";
"63778.123615";"[BMS] HV Battery Temperature Sensor 1";"27";"℃";
"63778.2225739";"[BMS] HV Battery Temperature Sensor 2";"27";"℃";
"63778.2743587";"[BMS] HV Battery Temperature Sensor 3";"26";"℃";
"63778.3404547";"[BMS] HV Battery Temperature Sensor 4";"26";"℃";
"63778.3909237";"[BMS] HV Battery Intake Air Temperature";"23";"℃";
"63778.5356568";"[VCM] Traction motor temperature";"43";"℃";
"63778.5890915";"[VCM] HV Coolant Temperature";"25";"℃";
"63778.6452938";"[VCM] Target Motor Torque";"0";"N⋅m";
"63778.7069337";"[VCM] Available Motor Maximum Output";"13";"%";
"63778.7983084";"[VCM] Motor RPM";"0";"rpm";
"63778.7983084";"[VCM] Motor Torque";"0";"N⋅m";
"63778.8432132";"[VCM] Vehicle Speed";"0";"km/h";
"63778.9676646";"Розрахункове значення навантаження на двигун";"0";"%";
"63779.0460342";"Температура охолодної рідини";"77";"℃";
"63779.1062643";"Оберти двигуна";"0";"rpm";
"63779.1062643";"Оберти двигуна x1000";"0";"rpm";
"63779.1593743";"Температура олії у двигуні";"62";"℃";
"63779.2223274";"Прискорення";"0";"g";
"63779.2223274";"Пройдений шлях";"4.555346030333335";"km";
"63779.2223274";"Пройдений шлях (Сьогодні)";"4.555346";"km";
"63779.2223274";"Пройдений шлях (Тиждень)";"4.555346";"km";
"63779.2223274";"Пройдений шлях(загальний)";"4.555346";"km";
"63779.2223274";"Середня швидкість";"26.27458536282566";"km/h";
"63779.2223274";"Швидкість автомобіля";"0";"km/h";
"63779.2760544";"Розрахунковий наддув";"-0.01";"bar";
"63779.2760544";"Тиск у впускному колекторі (абсолютний)";"98";"kPa";
"63779.4020484";"[BMS] HV State of charge";"67";"%";
"63779.4529969";"[BMS] HV Battery voltage";"363.21";"V";
"63779.5146191";"[BMS] Max Cell Voltage";"3.783";"V";
"63779.5873444";"[BMS] Min Cell Voltage";"3.775";"V";
"63779.6524217";"[BMS] HV Battery Current";"-3";"A";
"63779.706953";"[BMS] HV Battery Current (Low)";"-2.8999999999998636";"A";
"63779.77961";"[BMS] HV Battery Current (High)";"-2.7999999999999545";"A";
"63779.8681478";"[BMS] HV Battery Temperature Sensor 1";"27";"℃";
"63779.9061648";"[BMS] HV Battery Temperature Sensor 2";"28";"℃";
"63779.9726821";"[BMS] HV Battery Temperature Sensor 3";"26";"℃";
"63780.0230593";"[BMS] HV Battery Temperature Sensor 4";"26";"℃";
"63780.082987";"[BMS] HV Battery Intake Air Temperature";"23";"℃";
"63780.2267519";"[VCM] Traction motor temperature";"42";"℃";
"63780.2869093";"[VCM] HV Coolant Temperature";"25";"℃";
"63780.3384654";"[VCM] Target Motor Torque";"0";"N⋅m";
"63780.4144728";"[VCM] Available Motor Maximum Output";"100";"%";
"63780.4756692";"[VCM] Motor RPM";"0";"rpm";
"63780.4756692";"[VCM] Motor Torque";"0";"N⋅m";
"63780.5316067";"[VCM] Vehicle Speed";"0";"km/h";
"63780.6547784";"Розрахункове значення навантаження на двигун";"0";"%";
"63780.7282608";"Оберти двигуна";"0";"rpm";
"63780.7282608";"Оберти двигуна x1000";"0";"rpm";
"63780.8045919";"Температура олії у двигуні";"62";"℃";
"63780.8592447";"Прискорення";"0";"g";
"63780.8592447";"Пройдений шлях";"4.555346030333335";"km";
"63780.8592447";"Пройдений шлях (Сьогодні)";"4.555346";"km";
"63780.8592447";"Пройдений шлях (Тиждень)";"4.555346";"km";
"63780.8592447";"Пройдений шлях(загальний)";"4.555346";"km";
"63780.8592447";"Середня швидкість";"26.205856729272938";"km/h";
"63780.8592447";"Швидкість автомобіля";"0";"km/h";
"63780.9190674";"Розрахунковий наддув";"-0.01";"bar";
"63780.9190674";"Тиск у впускному колекторі (абсолютний)";"98";"kPa";
"63781.0681056";"[BMS] HV State of charge";"67";"%";
"63781.118478";"[BMS] HV Battery voltage";"363.37";"V";
"63781.1786852";"[BMS] Max Cell Voltage";"3.783";"V";
"63781.2672155";"[BMS] Min Cell Voltage";"3.774";"V";
"63781.318925";"[BMS] HV Battery Current";"-2.8999999999998636";"A";
"63781.3795563";"[BMS] HV Battery Current (Low)";"-2.949999999999818";"A";
"63781.439521";"[BMS] HV Battery Current (High)";"-3";"A";
"63781.518094";"[BMS] HV Battery Temperature Sensor 1";"27";"℃";
"63781.5824074";"[BMS] HV Battery Temperature Sensor 2";"28";"℃";
"63781.6359126";"[BMS] HV Battery Temperature Sensor 3";"26";"℃";
"63781.6830628";"[BMS] HV Battery Temperature Sensor 4";"26";"℃";
"63781.743138";"[BMS] HV Battery Intake Air Temperature";"23";"℃";
"63781.8782075";"[VCM] Traction motor temperature";"42";"℃";
"63781.9394783";"[VCM] HV Coolant Temperature";"25";"℃";
"63781.992161";"[VCM] Target Motor Torque";"0";"N⋅m";
"63782.068124";"[VCM] Available Motor Maximum Output";"100";"%";
"63782.1194195";"[VCM] Motor RPM";"0";"rpm";
"63782.1194195";"[VCM] Motor Torque";"0";"N⋅m";
"63782.1754428";"[VCM] Vehicle Speed";"0";"km/h";
"63782.2990965";"Розрахункове значення навантаження на двигун";"0";"%";
"63782.3755105";"Температура охолодної рідини";"77";"℃";
"63782.4475816";"Оберти двигуна";"0";"rpm";
"63782.4475816";"Оберти двигуна x1000";"0";"rpm";
"63782.5002158";"Температура олії у двигуні";"62";"℃";
"63782.551324";"Прискорення";"0";"g";
"63782.551324";"Пройдений шлях";"4.555346030333335";"km";
"63782.551324";"Пройдений шлях (Сьогодні)";"4.555346";"km";
"63782.551324";"Пройдений шлях (Тиждень)";"4.555346";"km";
"63782.551324";"Пройдений шлях(загальний)";"4.555346";"km";
"63782.551324";"Середня швидкість";"26.135189238576487";"km/h";
"63782.551324";"Швидкість автомобіля";"0";"km/h";
"63782.6433623";"Розрахунковий наддув";"-0.01";"bar";
"63782.6433623";"Тиск у впускному колекторі (абсолютний)";"98";"kPa";
"63782.7581548";"[BMS] HV State of charge";"67";"%";
"63782.808617";"[BMS] HV Battery voltage";"365.63";"V";
"63782.9048942";"[BMS] Max Cell Voltage";"3.782";"V";
"63782.9548973";"[BMS] Min Cell Voltage";"3.774";"V";
"63783.0233872";"[BMS] HV Battery Current";"-2.949999999999818";"A";
"63783.0833103";"[BMS] HV Battery Current (Low)";"-2.949999999999818";"A";
"63783.1718057";"[BMS] HV Battery Current (High)";"-3";"A";
"63783.2356932";"[BMS] HV Battery Temperature Sensor 1";"27";"℃";
"63783.2867677";"[BMS] HV Battery Temperature Sensor 2";"28";"℃";
"63783.3497833";"[BMS] HV Battery Temperature Sensor 3";"26";"℃";
"63783.4010224";"[BMS] HV Battery Temperature Sensor 4";"26";"℃";
"63783.4793853";"[BMS] HV Battery Intake Air Temperature";"23";"℃";
"63783.5947956";"[VCM] Traction motor temperature";"42";"℃";
"63783.6570168";"[VCM] HV Coolant Temperature";"25";"℃";
"63783.7420662";"[VCM] Target Motor Torque";"0";"N⋅m";
"63783.8038752";"[VCM] Available Motor Maximum Output";"100";"%";
"63783.8517645";"[VCM] Motor RPM";"0";"rpm";
"63783.8517645";"[VCM] Motor Torque";"0";"N⋅m";
"63783.9161747";"[VCM] Vehicle Speed";"0";"km/h";
"63784.0520957";"Розрахункове значення навантаження на двигун";"0";"%";
"63784.1190685";"Оберти двигуна";"0";"rpm";
"63784.1190685";"Оберти двигуна x1000";"0";"rpm";
"63784.166111";"Температура олії у двигуні";"62";"℃";
"63784.2273029";"Прискорення";"0";"g";
"63784.2273029";"Пройдений шлях";"4.555346030333335";"km";
"63784.2273029";"Пройдений шлях (Сьогодні)";"4.555346";"km";
"63784.2273029";"Пройдений шлях (Тиждень)";"4.555346";"km";
"63784.2273029";"Пройдений шлях(загальний)";"4.555346";"km";
"63784.2273029";"Середня швидкість";"26.06556880460059";"km/h";
"63784.2273029";"Швидкість автомобіля";"0";"km/h";
"63784.3061364";"Розрахунковий наддув";"-0.01";"bar";
"63784.3061364";"Тиск у впускному колекторі (абсолютний)";"98";"kPa";
"63784.416006";"[BMS] HV State of charge";"67";"%";
"63784.4684446";"[BMS] HV Battery voltage";"363.37";"V";
"63784.5481752";"[BMS] Max Cell Voltage";"3.782";"V";
"63784.599905";"[BMS] Min Cell Voltage";"3.775";"V";
"63784.6516514";"[BMS] HV Battery Current";"-3.099999999999909";"A";
"63784.7072543";"[BMS] HV Battery Current (Low)";"-3.099999999999909";"A";
"63784.77266";"[BMS] HV Battery Current (High)";"-3";"A";
"63784.8596399";"[BMS] HV Battery Temperature Sensor 1";"27";"℃";
"63784.919575";"[BMS] HV Battery Temperature Sensor 2";"28";"℃";
"63784.9602387";"[BMS] HV Battery Temperature Sensor 3";"26";"℃";
"63785.0232512";"[BMS] HV Battery Temperature Sensor 4";"26";"℃";
"63785.0951072";"[BMS] HV Battery Intake Air Temperature";"23";"℃";
"63785.2117508";"[VCM] Traction motor temperature";"42";"℃";
"63785.2639123";"[VCM] HV Coolant Temperature";"25";"℃";
"63785.3272664";"[VCM] Target Motor Torque";"0";"N⋅m";
"63785.3944933";"[VCM] Available Motor Maximum Output";"100";"%";
"63785.448165";"[VCM] Motor RPM";"0";"rpm";
"63785.448165";"[VCM] Motor Torque";"0";"N⋅m";
"63785.502734";"[VCM] Vehicle Speed";"0";"km/h";
"63785.6358693";"Розрахункове значення навантаження на двигун";"0";"%";
"63785.6997332";"Температура охолодної рідини";"77";"℃";
"63785.757339";"Оберти двигуна";"0";"rpm";
"63785.757339";"Оберти двигуна x1000";"0";"rpm";
"63785.8157975";"Температура олії у двигуні";"62";"℃";
"63785.8666035";"Прискорення";"0";"g";
"63785.8666035";"Пройдений шлях";"4.555346030333335";"km";
"63785.8666035";"Пройдений шлях (Сьогодні)";"4.555346";"km";
"63785.8666035";"Пройдений шлях (Тиждень)";"4.555346";"km";
"63785.8666035";"Пройдений шлях(загальний)";"4.555346";"km";
"63785.8666035";"Середня швидкість";"25.99782966318279";"km/h";
"63785.8666035";"Швидкість автомобіля";"0";"km/h";
"63785.9398055";"Розрахунковий наддув";"-0.01";"bar";
"63785.9398055";"Тиск у впускному колекторі (абсолютний)";"98";"kPa";
"63786.050713";"[BMS] HV State of charge";"67";"%";
"63786.1127189";"[BMS] HV Battery voltage";"363.21";"V";
"63786.1992331";"[BMS] Max Cell Voltage";"3.786";"V";
"63786.255157";"[BMS] Min Cell Voltage";"3.773";"V";
"63786.3180537";"[BMS] HV Battery Current";"-2.949999999999818";"A";
"63786.3689038";"[BMS] HV Battery Current (Low)";"-2.949999999999818";"A";
"63786.4372674";"[BMS] HV Battery Current (High)";"-3";"A";
"63786.4909655";"[BMS] HV Battery Temperature Sensor 1";"27";"℃";
"63786.5430595";"[BMS] HV Battery Temperature Sensor 2";"28";"℃";
"63786.6028748";"[BMS] HV Battery Temperature Sensor 3";"26";"℃";
"63786.6635533";"[BMS] HV Battery Temperature Sensor 4";"26";"℃";
"63786.7467722";"[BMS] HV Battery Intake Air Temperature";"23";"℃";
"63786.8509325";"[VCM] Traction motor temperature";"42";"℃";
"63786.908846";"[VCM] HV Coolant Temperature";"25";"℃";
"63786.9718388";"[VCM] Target Motor Torque";"0";"N⋅m";
"63787.0456414";"[VCM] Available Motor Maximum Output";"100";"%";
"63787.0922658";"[VCM] Motor RPM";"0";"rpm";
"63787.0922658";"[VCM] Motor Torque";"0";"N⋅m";
"63787.1486089";"[VCM] Vehicle Speed";"0";"km/h";
"63787.3138544";"Розрахункове значення навантаження на двигун";"0";"%";
"63787.3648815";"Оберти двигуна";"0";"rpm";
"63787.3648815";"Оберти двигуна x1000";"0";"rpm";
"63787.4196263";"Температура олії у двигуні";"62";"℃";
"63787.4794263";"Прискорення";"0";"g";
"63787.4794263";"Пройдений шлях";"4.555346030333335";"km";
"63787.4794263";"Пройдений шлях (Сьогодні)";"4.555346";"km";
"63787.4794263";"Пройдений шлях (Тиждень)";"4.555346";"km";
"63787.4794263";"Пройдений шлях(загальний)";"4.555346";"km";
"63787.4794263";"Середня швидкість";"25.931527408609682";"km/h";
"63787.4794263";"Швидкість автомобіля";"0";"km/h";
"63787.5601934";"Розрахунковий наддув";"-0.01";"bar";
"63787.5601934";"Тиск у впускному колекторі (абсолютний)";"98";"kPa";
"63787.6837633";"[BMS] HV State of charge";"67";"%";
"63787.734538";"[BMS] HV Battery voltage";"365.14";"V";
"63787.7908446";"[BMS] Max Cell Voltage";"3.783";"V";
"63787.8804423";"[BMS] Min Cell Voltage";"3.775";"V";
"63787.9192007";"[BMS] HV Battery Current";"-2.949999999999818";"A";
"63787.9797948";"[BMS] HV Battery Current (Low)";"-2.949999999999818";"A";
"63788.0352216";"[BMS] HV Battery Current (High)";"-3";"A";
"63788.1186413";"[BMS] HV Battery Temperature Sensor 1";"27";"℃";
"63788.1547482";"[BMS] HV Battery Temperature Sensor 2";"28";"℃";
"63788.2071578";"[BMS] HV Battery Temperature Sensor 3";"26";"℃";
"63788.2449578";"[BMS] HV Battery Temperature Sensor 4";"26";"℃";
"63788.3074734";"[BMS] HV Battery Intake Air Temperature";"23";"℃";
"63788.4233609";"[VCM] Traction motor temperature";"42";"℃";
"63788.483792";"[VCM] HV Coolant Temperature";"25";"℃";
"63788.5440602";"[VCM] Target Motor Torque";"0";"N⋅m";
"63788.5956395";"[VCM] Available Motor Maximum Output";"100";"%";
"63788.6712245";"[VCM] Motor RPM";"0";"rpm";
"63788.6712245";"[VCM] Motor Torque";"0";"N⋅m";
"63788.7263741";"[VCM] Vehicle Speed";"0";"km/h";
"63788.831378";"Розрахункове значення навантаження на двигун";"0";"%";
"63788.8756741";"Температура охолодної рідини";"77";"℃";
"63788.9809509";"Оберти двигуна";"0";"rpm";
"63788.9809509";"Оберти двигуна x1000";"0";"rpm";
"63789.0414767";"Температура олії у двигуні";"62";"℃";
"63789.0962061";"Прискорення";"0";"g";
"63789.0962061";"Пройдений шлях";"4.555346030333335";"km";
"63789.0962061";"Пройдений шлях (Сьогодні)";"4.555346";"km";
"63789.0962061";"Пройдений шлях (Тиждень)";"4.555346";"km";
"63789.0962061";"Пройдений шлях(загальний)";"4.555346";"km";
"63789.0962061";"Середня швидкість";"25.86540117588403";"km/h";
"63789.0962061";"Швидкість автомобіля";"0";"km/h";
"63789.147953";"Розрахунковий наддув";"-0.01";"bar";
"63789.147953";"Тиск у впускному колекторі (абсолютний)";"98";"kPa";
"63789.2752812";"[BMS] HV State of charge";"67";"%";
"63789.3381437";"[BMS] HV Battery voltage";"363.21";"V";
"63789.3906313";"[BMS] Max Cell Voltage";"3.781";"V";
"63789.4449138";"[BMS] Min Cell Voltage";"3.773";"V";
"63789.5153777";"[BMS] HV Battery Current";"-2.8999999999998636";"A";
"63789.5810658";"[BMS] HV Battery Current (Low)";"-2.8999999999998636";"A";
"63789.6346774";"[BMS] HV Battery Current (High)";"-3";"A";
"63789.6835089";"[BMS] HV Battery Temperature Sensor 1";"27";"℃";
"63789.770345";"[BMS] HV Battery Temperature Sensor 2";"28";"℃";
"63789.8315678";"[BMS] HV Battery Temperature Sensor 3";"26";"℃";
"63789.8782333";"[BMS] HV Battery Temperature Sensor 4";"26";"℃";
"63789.9413749";"[BMS] HV Battery Intake Air Temperature";"23";"℃";
"63790.0962844";"[VCM] Traction motor temperature";"42";"℃";
"63790.1509111";"[VCM] HV Coolant Temperature";"25";"℃";
"63790.2120192";"[VCM] Target Motor Torque";"0";"N⋅m";
"63790.2625717";"[VCM] Available Motor Maximum Output";"13";"%";
"63790.3418497";"[VCM] Motor RPM";"0";"rpm";
"63790.3418497";"[VCM] Motor Torque";"0";"N⋅m";
"63790.4000011";"[VCM] Vehicle Speed";"0";"km/h";
"63790.5154096";"Розрахункове значення навантаження на двигун";"0";"%";
"63790.5912597";"Оберти двигуна";"0";"rpm";
"63790.5912597";"Оберти двигуна x1000";"0";"rpm";
"63790.6467935";"Температура олії у двигуні";"62";"℃";
"63790.7030978";"Прискорення";"0";"g";
"63790.7030978";"Пройдений шлях";"4.555346030333335";"km";
"63790.7030978";"Пройдений шлях (Сьогодні)";"4.555346";"km";
"63790.7030978";"Пройдений шлях (Тиждень)";"4.555346";"km";
"63790.7030978";"Пройдений шлях(загальний)";"4.555346";"km";
"63790.7030978";"Середня швидкість";"25.80001209780454";"km/h";
"63790.7030978";"Швидкість автомобіля";"0";"km/h";
"63790.7624585";"Розрахунковий наддув";"-0.01";"bar";
"63790.7624585";"Тиск у впускному колекторі (абсолютний)";"98";"kPa";
"63790.863367";"[BMS] HV State of charge";"67";"%";
"63790.9246515";"[BMS] HV Battery voltage";"364.5";"V";
"63790.9760523";"[BMS] Max Cell Voltage";"3.781";"V";
"63791.0308817";"[BMS] Min Cell Voltage";"3.774";"V";
"63791.0916838";"[BMS] HV Battery Current";"-3";"A";
"63791.1643223";"[BMS] HV Battery Current (Low)";"-2.949999999999818";"A";
"63791.2270451";"[BMS] HV Battery Current (High)";"-2.7999999999999545";"A";
"63791.2987679";"[BMS] HV Battery Temperature Sensor 1";"27";"℃";
"63791.3517907";"[BMS] HV Battery Temperature Sensor 2";"28";"℃";
"63791.443652";"[BMS] HV Battery Temperature Sensor 3";"26";"℃";
"63791.5096776";"[BMS] HV Battery Temperature Sensor 4";"26";"℃";
"63791.5635979";"[BMS] HV Battery Intake Air Temperature";"23";"℃";
"63791.6996582";"[VCM] Traction motor temperature";"42";"℃";
"63791.7511936";"[VCM] HV Coolant Temperature";"24";"℃";
"63791.8093763";"[VCM] Target Motor Torque";"0";"N⋅m";
"63791.8593817";"[VCM] Available Motor Maximum Output";"13";"%";
"63791.9072188";"[VCM] Motor RPM";"0";"rpm";
"63791.9072188";"[VCM] Motor Torque";"0";"N⋅m";
"63791.9916826";"[VCM] Vehicle Speed";"0";"km/h";
"63792.1020108";"Розрахункове значення навантаження на двигун";"0";"%";
"63792.1575286";"Температура охолодної рідини";"77";"℃";
"63792.2418871";"Оберти двигуна";"0";"rpm";
"63792.2418871";"Оберти двигуна x1000";"0";"rpm";
"63792.3041369";"Температура олії у двигуні";"62";"℃";
"63792.3666179";"Прискорення";"0";"g";
"63792.3666179";"Пройдений шлях";"4.555346030333335";"km";
"63792.3666179";"Пройдений шлях (Сьогодні)";"4.555346";"km";
"63792.3666179";"Пройдений шлях (Тиждень)";"4.555346";"km";
"63792.3666179";"Пройдений шлях(загальний)";"4.555346";"km";
"63792.3666179";"Середня швидкість";"25.73266692677879";"km/h";
"63792.3666179";"Швидкість автомобіля";"0";"km/h";
"63792.4199423";"Розрахунковий наддув";"-0.01";"bar";
"63792.4199423";"Тиск у впускному колекторі (абсолютний)";"98";"kPa";
"63792.5759676";"[BMS] HV State of charge";"67";"%";
"63792.6345393";"[BMS] HV Battery voltage";"363.05";"V";
"63792.6829021";"[BMS] Max Cell Voltage";"3.78";"V";
"63792.7394568";"[BMS] Min Cell Voltage";"3.773";"V";
"63792.8144021";"[BMS] HV Battery Current";"-2.949999999999818";"A";
"63792.8740175";"[BMS] HV Battery Current (Low)";"-2.949999999999818";"A";
"63792.921899";"[BMS] HV Battery Current (High)";"-3";"A";
"63792.9953896";"[BMS] HV Battery Temperature Sensor 1";"27";"℃";
"63793.0665873";"[BMS] HV Battery Temperature Sensor 2";"28";"℃";
"63793.1309763";"[BMS] HV Battery Temperature Sensor 3";"26";"℃";
"63793.1957931";"[BMS] HV Battery Temperature Sensor 4";"26";"℃";
"63793.2472817";"[BMS] HV Battery Intake Air Temperature";"23";"℃";
"63793.3982846";"[VCM] Traction motor temperature";"41";"℃";
"63793.4573828";"[VCM] HV Coolant Temperature";"24";"℃";
"63793.5077476";"[VCM] Target Motor Torque";"0";"N⋅m";
"63793.5668417";"[VCM] Available Motor Maximum Output";"100";"%";
"63793.655854";"[VCM] Motor RPM";"0";"rpm";
"63793.655854";"[VCM] Motor Torque";"0";"N⋅m";
"63793.7103027";"[VCM] Vehicle Speed";"0";"km/h";
"63793.847713";"Розрахункове значення навантаження на двигун";"0";"%";
"63793.9112315";"Оберти двигуна";"0";"rpm";
"63793.9112315";"Оберти двигуна x1000";"0";"rpm";
"63793.9466598";"Температура олії у двигуні";"62";"℃";
"63794.0068529";"Прискорення";"0";"g";
"63794.0068529";"Пройдений шлях";"4.555346030333335";"km";
"63794.0068529";"Пройдений шлях (Сьогодні)";"4.555346";"km";
"63794.0068529";"Пройдений шлях (Тиждень)";"4.555346";"km";
"63794.0068529";"Пройдений шлях(загальний)";"4.555346";"km";
"63794.0068529";"Середня швидкість";"25.66660744669747";"km/h";
"63794.0068529";"Швидкість автомобіля";"0";"km/h";
"63794.0587769";"Розрахунковий наддув";"-0.01";"bar";
"63794.0587769";"Тиск у впускному колекторі (абсолютний)";"98";"kPa";
"63794.1904053";"[BMS] HV State of charge";"67";"%";
"63794.2506793";"[BMS] HV Battery voltage";"364.66";"V";
"63794.3027967";"[BMS] Max Cell Voltage";"3.781";"V";
"63794.3670174";"[BMS] Min Cell Voltage";"3.773";"V";
"63794.4446046";"[BMS] HV Battery Current";"-2.8999999999998636";"A";
"63794.49372";"[BMS] HV Battery Current (Low)";"-2.8999999999998636";"A";
"63794.5590926";"[BMS] HV Battery Current (High)";"-3";"A";
"63794.6067341";"[BMS] HV Battery Temperature Sensor 1";"27";"℃";
"63794.6420414";"[BMS] HV Battery Temperature Sensor 2";"28";"℃";
"63794.7240991";"[BMS] HV Battery Temperature Sensor 3";"26";"℃";
"63794.7765282";"[BMS] HV Battery Temperature Sensor 4";"26";"℃";
"63794.8289446";"[BMS] HV Battery Intake Air Temperature";"23";"℃";
"63794.9429816";"[VCM] Traction motor temperature";"41";"℃";
"63795.0204875";"[VCM] HV Coolant Temperature";"24";"℃";
"63795.095857";"[VCM] Target Motor Torque";"0";"N⋅m";
"63795.1347222";"[VCM] Available Motor Maximum Output";"13";"%";
"63795.1869304";"[VCM] Motor RPM";"0";"rpm";
"63795.1869304";"[VCM] Motor Torque";"0";"N⋅m";
"63795.263507";"[VCM] Vehicle Speed";"0";"km/h";
"63795.3793614";"Розрахункове значення навантаження на двигун";"0";"%";
"63795.439848";"Температура охолодної рідини";"76";"℃";
"63795.4938387";"Оберти двигуна";"0";"rpm";
"63795.4938387";"Оберти двигуна x1000";"0";"rpm";
"63795.571256";"Температура олії у двигуні";"62";"℃";
"63795.6310416";"Прискорення";"0";"g";
"63795.6310416";"Пройдений шлях";"4.555346030333335";"km";
"63795.6310416";"Пройдений шлях (Сьогодні)";"4.555346";"km";
"63795.6310416";"Пройдений шлях (Тиждень)";"4.555346";"km";
"63795.6310416";"Пройдений шлях(загальний)";"4.555346";"km";
"63795.6310416";"Середня швидкість";"25.60152760638513";"km/h";
"63795.6310416";"Швидкість автомобіля";"0";"km/h";
"63795.684972";"Розрахунковий наддув";"-0.01";"bar";
"63795.684972";"Тиск у впускному колекторі (абсолютний)";"98";"kPa";
"63795.8224476";"[BMS] HV State of charge";"67";"%";
"63795.8820243";"[BMS] HV Battery voltage";"365.47";"V";
"63795.9581867";"[BMS] Max Cell Voltage";"3.783";"V";
"63796.0184703";"[BMS] Min Cell Voltage";"3.773";"V";
"63796.0907759";"[BMS] HV Battery Current";"-2.8999999999998636";"A";
"63796.1544917";"[BMS] HV Battery Current (Low)";"-2.949999999999818";"A";
"63796.216706";"[BMS] HV Battery Current (High)";"-2.7999999999999545";"A";
"63796.2588136";"[BMS] HV Battery Temperature Sensor 1";"27";"℃";
"63796.3114738";"[BMS] HV Battery Temperature Sensor 2";"28";"℃";
"63796.4124468";"[BMS] HV Battery Temperature Sensor 3";"26";"℃";
"63796.4628524";"[BMS] HV Battery Temperature Sensor 4";"26";"℃";
"63796.5122552";"[BMS] HV Battery Intake Air Temperature";"23";"℃";
"63796.6434963";"[VCM] Traction motor temperature";"41";"℃";
"63796.7074386";"[VCM] HV Coolant Temperature";"24";"℃";
"63796.7630277";"[VCM] Target Motor Torque";"0";"N⋅m";
"63796.814616";"[VCM] Available Motor Maximum Output";"13";"%";
"63796.8755764";"[VCM] Motor RPM";"0";"rpm";
"63796.8755764";"[VCM] Motor Torque";"0";"N⋅m";
"63796.9594126";"[VCM] Vehicle Speed";"0";"km/h";
"63797.062125";"Розрахункове значення навантаження на двигун";"0";"%";
"63797.1187387";"Оберти двигуна";"0";"rpm";
"63797.1187387";"Оберти двигуна x1000";"0";"rpm";
"63797.2025466";"Температура олії у двигуні";"62";"℃";
"63797.2525819";"Прискорення";"0";"g";
"63797.2525819";"Пройдений шлях";"4.555346030333335";"km";
"63797.2525819";"Пройдений шлях (Сьогодні)";"4.555346";"km";
"63797.2525819";"Пройдений шлях (Тиждень)";"4.555346";"km";
"63797.2525819";"Пройдений шлях(загальний)";"4.555346";"km";
"63797.2525819";"Середня швидкість";"25.536880138599592";"km/h";
"63797.2525819";"Швидкість автомобіля";"0";"km/h";
"63797.3154605";"Розрахунковий наддув";"-0.01";"bar";
"63797.3154605";"Тиск у впускному колекторі (абсолютний)";"98";"kPa";
"63797.4311133";"[BMS] HV State of charge";"67";"%";
"63797.4910717";"[BMS] HV Battery voltage";"363.86";"V";
"63797.5447544";"[BMS] Max Cell Voltage";"3.785";"V";
"63797.5833218";"[BMS] Min Cell Voltage";"3.772";"V";
"63797.6597548";"[BMS] HV Battery Current";"-3.3999999999998636";"A";
"63797.7487741";"[BMS] HV Battery Current (Low)";"-3.349999999999909";"A";
"63797.8049521";"[BMS] HV Battery Current (High)";"-3.25";"A";
"63797.8543785";"[BMS] HV Battery Temperature Sensor 1";"27";"℃";
"63797.9142004";"[BMS] HV Battery Temperature Sensor 2";"28";"℃";
"63797.9746209";"[BMS] HV Battery Temperature Sensor 3";"26";"℃";
"63798.0465259";"[BMS] HV Battery Temperature Sensor 4";"26";"℃";
"63798.1067015";"[BMS] HV Battery Intake Air Temperature";"23";"℃";
"63798.2202152";"[VCM] Traction motor temperature";"41";"℃";
"63798.3194783";"[VCM] HV Coolant Temperature";"24";"℃";
"63798.3709576";"[VCM] Target Motor Torque";"-35.515625";"N⋅m";
"63798.4290366";"[VCM] Available Motor Maximum Output";"100";"%";
"63798.4921012";"[VCM] Motor RPM";"-2496";"rpm";
"63798.4921012";"[VCM] Motor Torque";"-0.15625";"N⋅m";
"63798.572756";"[VCM] Vehicle Speed";"0";"km/h";
"63798.6827438";"Розрахункове значення навантаження на двигун";"0";"%";
"63798.7708206";"Температура охолодної рідини";"76";"℃";
"63798.8431994";"Оберти двигуна";"0";"rpm";
"63798.8431994";"Оберти двигуна x1000";"0";"rpm";
"63798.9782267";"Температура олії у двигуні";"62";"℃";
"63799.0661737";"Прискорення";"0";"g";
"63799.0661737";"Пройдений шлях";"4.555346030333335";"km";
"63799.0661737";"Пройдений шлях (Сьогодні)";"4.555346";"km";
"63799.0661737";"Пройдений шлях (Тиждень)";"4.555346";"km";
"63799.0661737";"Пройдений шлях(загальний)";"4.555346";"km";
"63799.0661737";"Середня швидкість";"25.46496569259095";"km/h";
"63799.0661737";"Швидкість автомобіля";"0";"km/h";
"63799.1439958";"Розрахунковий наддув";"-0.01";"bar";
"63799.1439958";"Тиск у впускному колекторі (абсолютний)";"98";"kPa";
"63799.259104";"[BMS] HV State of charge";"67";"%";
"63799.3198112";"[BMS] HV Battery voltage";"362.89";"V";
"63799.3951542";"[BMS] Max Cell Voltage";"3.779";"V";
"63799.4496089";"[BMS] Min Cell Voltage";"3.77";"V";
"63799.5120436";"[BMS] HV Battery Current";"-3.25";"A";
"63799.5641698";"[BMS] HV Battery Current (Low)";"-3.199999999999818";"A";
"63799.6270984";"[BMS] HV Battery Current (High)";"-3";"A";
"63799.7004644";"[BMS] HV Battery Temperature Sensor 1";"27";"℃";
"63799.752652";"[BMS] HV Battery Temperature Sensor 2";"28";"℃";
"63799.808169";"[BMS] HV Battery Temperature Sensor 3";"26";"℃";
"63799.8645828";"[BMS] HV Battery Temperature Sensor 4";"26";"℃";
"63799.9434195";"[BMS] HV Battery Intake Air Temperature";"23";"℃";
"63800.0558777";"[VCM] Traction motor temperature";"41";"℃";
"63800.1197893";"[VCM] HV Coolant Temperature";"24";"℃";
"63800.1734457";"[VCM] Target Motor Torque";"-13.0625";"N⋅m";
"63800.2706196";"[VCM] Available Motor Maximum Output";"100";"%";
"63800.3242988";"[VCM] Motor RPM";"-2176";"rpm";
"63800.3242988";"[VCM] Motor Torque";"-0.140625";"N⋅m";
"63800.3837201";"[VCM] Vehicle Speed";"0";"km/h";
"63800.5222876";"Розрахункове значення навантаження на двигун";"0";"%";
"63800.5844254";"Оберти двигуна";"0";"rpm";
"63800.5844254";"Оберти двигуна x1000";"0";"rpm";
"63800.6362412";"Температура олії у двигуні";"62";"℃";
"63800.6993235";"Прискорення";"0";"g";
"63800.6993235";"Пройдений шлях";"4.555346030333335";"km";
"63800.6993235";"Пройдений шлях (Сьогодні)";"4.555346";"km";
"63800.6993235";"Пройдений шлях (Тиждень)";"4.555346";"km";
"63800.6993235";"Пройдений шлях(загальний)";"4.555346";"km";
"63800.6993235";"Середня швидкість";"25.400549408610246";"km/h";
"63800.6993235";"Швидкість автомобіля";"0";"km/h";
"63800.7658217";"Розрахунковий наддув";"-0.01";"bar";
"63800.7658217";"Тиск у впускному колекторі (абсолютний)";"98";"kPa";
"63800.8562083";"[BMS] HV State of charge";"66.5";"%";
"63800.9208154";"[BMS] HV Battery voltage";"364.5";"V";
"63800.9753135";"[BMS] Max Cell Voltage";"3.776";"V";
"63801.0398136";"[BMS] Min Cell Voltage";"3.768";"V";
"63801.1033935";"[BMS] HV Battery Current";"-6.649999999999864";"A";
"63801.1565938";"[BMS] HV Battery Current (Low)";"-6.899999999999864";"A";
"63801.2082415";"[BMS] HV Battery Current (High)";"-6.849999999999909";"A";
"63801.2701472";"[BMS] HV Battery Temperature Sensor 1";"27";"℃";
"63801.3471948";"[BMS] HV Battery Temperature Sensor 2";"28";"℃";
"63801.4158313";"[BMS] HV Battery Temperature Sensor 3";"26";"℃";
"63801.4684053";"[BMS] HV Battery Temperature Sensor 4";"26";"℃";
"63801.534607";"[BMS] HV Battery Intake Air Temperature";"23";"℃";
"63801.6469396";"[VCM] Traction motor temperature";"41";"℃";
"63801.7072573";"[VCM] HV Coolant Temperature";"24";"℃";
"63801.7593439";"[VCM] Target Motor Torque";"-30.09375";"N⋅m";
"63801.8242203";"[VCM] Available Motor Maximum Output";"13";"%";
"63801.8862627";"[VCM] Motor RPM";"-1920";"rpm";
"63801.8862627";"[VCM] Motor Torque";"-0.125";"N⋅m";
"63801.9467064";"[VCM] Vehicle Speed";"2";"km/h";
"63802.0549334";"Розрахункове значення навантаження на двигун";"0";"%";
"63802.1427792";"Температура охолодної рідини";"76";"℃";
"63802.1942821";"Оберти двигуна";"0";"rpm";
"63802.1942821";"Оберти двигуна x1000";"0";"rpm";
"63802.2555414";"Температура олії у двигуні";"62";"℃";
"63802.3118134";"Прискорення";"0";"g";
"63802.3118134";"Пройдений шлях";"4.555346030333335";"km";
"63802.3118134";"Пройдений шлях (Сьогодні)";"4.555346";"km";
"63802.3118134";"Пройдений шлях (Тиждень)";"4.555346";"km";
"63802.3118134";"Пройдений шлях(загальний)";"4.555346";"km";
"63802.3118134";"Середня швидкість";"25.337267593507466";"km/h";
"63802.3118134";"Швидкість автомобіля";"0";"km/h";
"63802.3643002";"Розрахунковий наддув";"-0.01";"bar";
"63802.3643002";"Тиск у впускному колекторі (абсолютний)";"98";"kPa";
"63802.4960168";"[BMS] HV State of charge";"66.5";"%";
"63802.5614846";"[BMS] HV Battery voltage";"362.73";"V";
"63802.6224873";"[BMS] Max Cell Voltage";"3.775";"V";
"63802.6959391";"[BMS] Min Cell Voltage";"3.768";"V";
"63802.7518036";"[BMS] HV Battery Current";"-5.149999999999864";"A";
"63802.8027121";"[BMS] HV Battery Current (Low)";"-5.0499999999999545";"A";
"63802.8642627";"[BMS] HV Battery Current (High)";"-4.949999999999818";"A";
"63802.9161023";"[BMS] HV Battery Temperature Sensor 1";"27";"℃";
"63802.9911982";"[BMS] HV Battery Temperature Sensor 2";"28";"℃";
"63803.0474845";"[BMS] HV Battery Temperature Sensor 3";"26";"℃";
"63803.1064765";"[BMS] HV Battery Temperature Sensor 4";"26";"℃";
"63803.1554246";"[BMS] HV Battery Intake Air Temperature";"23";"℃";
"63803.3036222";"[VCM] Traction motor temperature";"41";"℃";
"63803.3559441";"[VCM] HV Coolant Temperature";"24";"℃";
"63803.4116842";"[VCM] Target Motor Torque";"-9.953125";"N⋅m";
"63803.4660831";"[VCM] Available Motor Maximum Output";"100";"%";
"63803.5379503";"[VCM] Motor RPM";"-384";"rpm";
"63803.5379503";"[VCM] Motor Torque";"-0.03125";"N⋅m";
"63803.5982851";"[VCM] Vehicle Speed";"0";"km/h";
"63803.7085468";"Розрахункове значення навантаження на двигун";"0";"%";
"63803.8000357";"Оберти двигуна";"0";"rpm";
"63803.8000357";"Оберти двигуна x1000";"0";"rpm";
"63803.8555662";"Температура олії у двигуні";"62";"℃";
"63803.9201564";"Прискорення";"0";"g";
"63803.9201564";"Пройдений шлях";"4.555346030333335";"km";
"63803.9201564";"Пройдений шлях (Сьогодні)";"4.555346";"km";
"63803.9201564";"Пройдений шлях (Тиждень)";"4.555346";"km";
"63803.9201564";"Пройдений шлях(загальний)";"4.555346";"km";
"63803.9201564";"Середня швидкість";"25.274460339101566";"km/h";
"63803.9201564";"Швидкість автомобіля";"0";"km/h";
"63803.9707734";"Розрахунковий наддув";"-0.01";"bar";
"63803.9707734";"Тиск у впускному колекторі (абсолютний)";"98";"kPa";
"63804.1197702";"[BMS] HV State of charge";"66.5";"%";
"63804.1720848";"[BMS] HV Battery voltage";"362.41";"V";
"63804.2309583";"[BMS] Max Cell Voltage";"3.777";"V";
"63804.2835665";"[BMS] Min Cell Voltage";"3.767";"V";
"63804.366693";"[BMS] HV Battery Current";"-5.5499999999999545";"A";
"63804.4160467";"[BMS] HV Battery Current (Low)";"-5.5499999999999545";"A";
"63804.4783258";"[BMS] HV Battery Current (High)";"-5.349999999999909";"A";
"63804.5393355";"[BMS] HV Battery Temperature Sensor 1";"28";"℃";
"63804.6183693";"[BMS] HV Battery Temperature Sensor 2";"28";"℃";
"63804.6704141";"[BMS] HV Battery Temperature Sensor 3";"26";"℃";
"63804.7361479";"[BMS] HV Battery Temperature Sensor 4";"26";"℃";
"63804.7881461";"[BMS] HV Battery Intake Air Temperature";"23";"℃";
"63804.9117894";"[VCM] Traction motor temperature";"41";"℃";
"63804.9765734";"[VCM] HV Coolant Temperature";"24";"℃";
"63805.0285149";"[VCM] Target Motor Torque";"39.265625";"N⋅m";
"63805.0946121";"[VCM] Available Motor Maximum Output";"100";"%";
"63805.1639714";"[VCM] Motor RPM";"3648";"rpm";
"63805.1639714";"[VCM] Motor Torque";"0.21875";"N⋅m";
"63805.2163185";"[VCM] Vehicle Speed";"0";"km/h";
"63805.3375078";"Розрахункове значення навантаження на двигун";"0";"%";
"63805.3868773";"Температура охолодної рідини";"76";"℃";
"63805.4679354";"Оберти двигуна";"0";"rpm";
"63805.4679354";"Оберти двигуна x1000";"0";"rpm";
"63805.519177";"Температура олії у двигуні";"62";"℃";
"63805.5785144";"Прискорення";"0";"g";
"63805.5785144";"Пройдений шлях";"4.555346030333335";"km";
"63805.5785144";"Пройдений шлях (Сьогодні)";"4.555346";"km";
"63805.5785144";"Пройдений шлях (Тиждень)";"4.555346";"km";
"63805.5785144";"Пройдений шлях(загальний)";"4.555346";"km";
"63805.5785144";"Середня швидкість";"25.20996375623243";"km/h";
"63805.5785144";"Швидкість автомобіля";"0";"km/h";
"63805.6307494";"Розрахунковий наддув";"-0.01";"bar";
"63805.6307494";"Тиск у впускному колекторі (абсолютний)";"98";"kPa";
"63805.7833063";"[BMS] HV State of charge";"66.5";"%";
"63805.8516799";"[BMS] HV Battery voltage";"362.41";"V";
"63805.9073164";"[BMS] Max Cell Voltage";"3.761";"V";
"63805.9958444";"[BMS] Min Cell Voltage";"3.751";"V";
"63806.0471682";"[BMS] HV Battery Current";"-22.25";"A";
"63806.1080971";"[BMS] HV Battery Current (Low)";"-23.09999999999991";"A";
"63806.159451";"[BMS] HV Battery Current (High)";"-21.399999999999864";"A";
"63806.2186653";"[BMS] HV Battery Temperature Sensor 1";"28";"℃";
"63806.2906318";"[BMS] HV Battery Temperature Sensor 2";"28";"℃";
"63806.3551459";"[BMS] HV Battery Temperature Sensor 3";"26";"℃";
"63806.4052867";"[BMS] HV Battery Temperature Sensor 4";"26";"℃";
"63806.4710681";"[BMS] HV Battery Intake Air Temperature";"23";"℃";
"63806.5958999";"[VCM] Traction motor temperature";"41";"℃";
"63806.6626721";"[VCM] HV Coolant Temperature";"24";"℃";
"63806.7231195";"[VCM] Target Motor Torque";"27.59375";"N⋅m";
"63806.7839331";"[VCM] Available Motor Maximum Output";"13";"%";
"63806.8453277";"[VCM] Motor RPM";"1728";"rpm";
"63806.8453277";"[VCM] Motor Torque";"0.09375";"N⋅m";
"63806.8962629";"[VCM] Vehicle Speed";"5";"km/h";
"63807.0152805";"Розрахункове значення навантаження на двигун";"0";"%";
"63807.0995292";"Оберти двигуна";"0";"rpm";
"63807.0995292";"Оберти двигуна x1000";"0";"rpm";
"63807.1482984";"Температура олії у двигуні";"62";"℃";
"63807.2104909";"Прискорення";"0.021751437995225532";"g";
"63807.2104909";"Пройдений шлях";"4.557610343250002";"km";
"63807.2104909";"Пройдений шлях (Сьогодні)";"4.55761";"km";
"63807.2104909";"Пройдений шлях (Тиждень)";"4.55761";"km";
"63807.2104909";"Пройдений шлях(загальний)";"4.55761";"km";
"63807.2104909";"Середня швидкість";"25.159439985893034";"km/h";
"63807.2104909";"Швидкість автомобіля";"5";"km/h";
"63807.3102381";"Розрахунковий наддув";"-0.01";"bar";
"63807.3102381";"Тиск у впускному колекторі (абсолютний)";"98";"kPa";
"63807.4508611";"[BMS] HV State of charge";"66.5";"%";
"63807.5158319";"[BMS] HV Battery voltage";"364.02";"V";
"63807.56705";"[BMS] Max Cell Voltage";"3.77";"V";
"63807.6475867";"[BMS] Min Cell Voltage";"3.762";"V";
"63807.7107981";"[BMS] HV Battery Current";"-6.649999999999864";"A";
"63807.7603815";"[BMS] HV Battery Current (Low)";"-6.75";"A";
"63807.8229416";"[BMS] HV Battery Current (High)";"-6.649999999999864";"A";
"63807.9157704";"[BMS] HV Battery Temperature Sensor 1";"28";"℃";
"63807.9744619";"[BMS] HV Battery Temperature Sensor 2";"28";"℃";
"63808.0367811";"[BMS] HV Battery Temperature Sensor 3";"26";"℃";
"63808.0922333";"[BMS] HV Battery Temperature Sensor 4";"26";"℃";
"63808.1460797";"[BMS] HV Battery Intake Air Temperature";"23";"℃";
"63808.2684994";"[VCM] Traction motor temperature";"40";"℃";
"63808.3318286";"[VCM] HV Coolant Temperature";"24";"℃";
"63808.3802978";"[VCM] Target Motor Torque";"25.75";"N⋅m";
"63808.4722489";"[VCM] Available Motor Maximum Output";"100";"%";
"63808.5273364";"[VCM] Motor RPM";"1728";"rpm";
"63808.5273364";"[VCM] Motor Torque";"0.09375";"N⋅m";
"63808.5798084";"[VCM] Vehicle Speed";"3";"km/h";
"63808.6936939";"Розрахункове значення навантаження на двигун";"0";"%";
"63808.7722376";"Температура охолодної рідини";"75";"℃";
"63808.8195071";"Оберти двигуна";"0";"rpm";
"63808.8195071";"Оберти двигуна x1000";"0";"rpm";
"63808.8948666";"Температура олії у двигуні";"62";"℃";
"63808.9450504";"Пройдений шлях";"4.5585739473055575";"km";
"63808.9450504";"Пройдений шлях (Сьогодні)";"4.558574";"km";
"63808.9450504";"Пройдений шлях (Тиждень)";"4.558574";"km";
"63808.9450504";"Пройдений шлях(загальний)";"4.558574";"km";
"63808.9450504";"Середня швидкість";"25.098006254271368";"km/h";
"63808.9450504";"Швидкість автомобіля";"2";"km/h";
"63809.0200623";"Розрахунковий наддув";"-0.01";"bar";
"63809.0200623";"Тиск у впускному колекторі (абсолютний)";"98";"kPa";
"63809.1309691";"[BMS] HV State of charge";"66.5";"%";
"63809.2077169";"[BMS] HV Battery voltage";"361.76";"V";
"63809.2909902";"[BMS] Max Cell Voltage";"3.771";"V";
"63809.3502747";"[BMS] Min Cell Voltage";"3.764";"V";
"63809.4036909";"[BMS] HV Battery Current";"-4.0499999999999545";"A";
"63809.4675407";"[BMS] HV Battery Current (Low)";"-3.8999999999998636";"A";
"63809.5193677";"[BMS] HV Battery Current (High)";"-3.849999999999909";"A";
"63809.5990569";"[BMS] HV Battery Temperature Sensor 1";"28";"℃";
"63809.6507541";"[BMS] HV Battery Temperature Sensor 2";"28";"℃";
"63809.7116734";"[BMS] HV Battery Temperature Sensor 3";"26";"℃";
"63809.7633618";"[BMS] HV Battery Temperature Sensor 4";"26";"℃";
"63809.8394954";"[BMS] HV Battery Intake Air Temperature";"23";"℃";
"63809.9665172";"[VCM] Traction motor temperature";"40";"℃";
"63810.0149987";"[VCM] HV Coolant Temperature";"24";"℃";
"63810.0639092";"[VCM] Target Motor Torque";"2.703125";"N⋅m";
"63810.1410256";"[VCM] Available Motor Maximum Output";"13";"%";
"63810.1929103";"[VCM] Motor RPM";"64";"rpm";
"63810.1929103";"[VCM] Motor Torque";"0";"N⋅m";
"63810.2438312";"[VCM] Vehicle Speed";"0";"km/h";
"63810.3942254";"Розрахункове значення навантаження на двигун";"0";"%";
"63810.4593975";"Оберти двигуна";"0";"rpm";
"63810.4593975";"Оберти двигуна x1000";"0";"rpm";
"63810.519339";"Температура олії у двигуні";"62";"℃";
"63810.5720935";"Пройдений шлях";"4.5585739473055575";"km";
"63810.5720935";"Пройдений шлях (Сьогодні)";"4.558574";"km";
"63810.5720935";"Пройдений шлях (Тиждень)";"4.558574";"km";
"63810.5720935";"Пройдений шлях(загальний)";"4.558574";"km";
"63810.5720935";"Середня швидкість";"25.03570648203969";"km/h";
"63810.5720935";"Швидкість автомобіля";"0";"km/h";
"63810.6759822";"Розрахунковий наддув";"-0.01";"bar";
"63810.6759822";"Тиск у впускному колекторі (абсолютний)";"98";"kPa";
"63810.8032919";"[BMS] HV State of charge";"66.5";"%";
"63810.859142";"[BMS] HV Battery voltage";"364.02";"V";
"63810.9517682";"[BMS] Max Cell Voltage";"3.775";"V";
"63811.0156381";"[BMS] Min Cell Voltage";"3.766";"V";
"63811.0666469";"[BMS] HV Battery Current";"-3.0499999999999545";"A";
"63811.1156466";"[BMS] HV Battery Current (Low)";"-3.0499999999999545";"A";
"63811.1750704";"[BMS] HV Battery Current (High)";"-3";"A";
"63811.2423521";"[BMS] HV Battery Temperature Sensor 1";"28";"℃";
"63811.3020419";"[BMS] HV Battery Temperature Sensor 2";"28";"℃";
"63811.3630048";"[BMS] HV Battery Temperature Sensor 3";"26";"℃";
"63811.4226309";"[BMS] HV Battery Temperature Sensor 4";"26";"℃";
"63811.5185112";"[BMS] HV Battery Intake Air Temperature";"23";"℃";
"63811.6320243";"[VCM] Traction motor temperature";"40";"℃";
"63811.6851244";"[VCM] HV Coolant Temperature";"24";"℃";
"63811.7823061";"[VCM] Target Motor Torque";"0";"N⋅m";
"63811.8269037";"[VCM] Available Motor Maximum Output";"13";"%";
"63811.8833369";"[VCM] Motor RPM";"64";"rpm";
"63811.8833369";"[VCM] Motor Torque";"0";"N⋅m";
"63811.9596718";"[VCM] Vehicle Speed";"0";"km/h";
"63812.1055232";"Розрахункове значення навантаження на двигун";"0";"%";
"63812.1587597";"Температура охолодної рідини";"75";"℃";
"63812.2189209";"Оберти двигуна";"0";"rpm";
"63812.2189209";"Оберти двигуна x1000";"0";"rpm";
"63812.2714842";"Температура олії у двигуні";"62";"℃";
"63812.3436384";"Прискорення";"0";"g";
"63812.3436384";"Пройдений шлях";"4.5585739473055575";"km";
"63812.3436384";"Пройдений шлях (Сьогодні)";"4.558574";"km";
"63812.3436384";"Пройдений шлях (Тиждень)";"4.558574";"km";
"63812.3436384";"Пройдений шлях(загальний)";"4.558574";"km";
"63812.3436384";"Середня швидкість";"24.968230114336723";"km/h";
"63812.3436384";"Швидкість автомобіля";"0";"km/h";
"63812.4263306";"Розрахунковий наддув";"-0.01";"bar";
"63812.4263306";"Тиск у впускному колекторі (абсолютний)";"98";"kPa";
"63812.5389257";"[BMS] HV State of charge";"66.5";"%";
"63812.6157411";"[BMS] HV Battery voltage";"361.92";"V";
"63812.679161";"[BMS] Max Cell Voltage";"3.774";"V";
"63812.7310855";"[BMS] Min Cell Voltage";"3.765";"V";
"63812.7957844";"[BMS] HV Battery Current";"-3";"A";
"63812.8675313";"[BMS] HV Battery Current (Low)";"-3.0499999999999545";"A";
"63812.9198477";"[BMS] HV Battery Current (High)";"-3";"A";
"63812.9938622";"[BMS] HV Battery Temperature Sensor 1";"28";"℃";
"63813.04623";"[BMS] HV Battery Temperature Sensor 2";"28";"℃";
"63813.1078109";"[BMS] HV Battery Temperature Sensor 3";"26";"℃";
"63813.1708052";"[BMS] HV Battery Temperature Sensor 4";"26";"℃";
"63813.2358261";"[BMS] HV Battery Intake Air Temperature";"23";"℃";
"63813.3404151";"[VCM] Traction motor temperature";"40";"℃";
"63813.4211153";"[VCM] HV Coolant Temperature";"24";"℃";
"63813.475258";"[VCM] Target Motor Torque";"29.875";"N⋅m";
"63813.5241316";"[VCM] Available Motor Maximum Output";"100";"%";
"63813.5899046";"[VCM] Motor RPM";"2112";"rpm";
"63813.5899046";"[VCM] Motor Torque";"0.125";"N⋅m";
"63813.6409444";"[VCM] Vehicle Speed";"0";"km/h";
"63813.778821";"Розрахункове значення навантаження на двигун";"0";"%";
"63813.8392791";"Оберти двигуна";"0";"rpm";
"63813.8392791";"Оберти двигуна x1000";"0";"rpm";
"63813.8914018";"Температура олії у двигуні";"62";"℃";
"63813.9639827";"Прискорення";"-0.020970966723094273";"g";
"63813.9639827";"Пройдений шлях";"4.5585739473055575";"km";
"63813.9639827";"Пройдений шлях (Сьогодні)";"4.558574";"km";
"63813.9639827";"Пройдений шлях (Тиждень)";"4.558574";"km";
"63813.9639827";"Пройдений шлях(загальний)";"4.558574";"km";
"63813.9639827";"Середня швидкість";"24.906826288335957";"km/h";
"63813.9639827";"Швидкість автомобіля";"0";"km/h";
"63814.048178";"Розрахунковий наддув";"-0.01";"bar";
"63814.048178";"Тиск у впускному колекторі (абсолютний)";"98";"kPa";
"63814.1720481";"[BMS] HV State of charge";"66.5";"%";
"63814.2356379";"[BMS] HV Battery voltage";"363.53000000000003";"V";
"63814.306163";"[BMS] Max Cell Voltage";"3.771";"V";
"63814.3600922";"[BMS] Min Cell Voltage";"3.763";"V";
"63814.4108156";"[BMS] HV Battery Current";"-5.7999999999999545";"A";
"63814.4721985";"[BMS] HV Battery Current (Low)";"-5.899999999999864";"A";
"63814.5388757";"[BMS] HV Battery Current (High)";"-6";"A";
"63814.6047587";"[BMS] HV Battery Temperature Sensor 1";"28";"℃";
"63814.6478474";"[BMS] HV Battery Temperature Sensor 2";"28";"℃";
"63814.7080522";"[BMS] HV Battery Temperature Sensor 3";"26";"℃";
"63814.7980199";"[BMS] HV Battery Temperature Sensor 4";"26";"℃";
"63814.8534104";"[BMS] HV Battery Intake Air Temperature";"23";"℃";
"63814.9670551";"[VCM] Traction motor temperature";"40";"℃";
"63815.0200185";"[VCM] HV Coolant Temperature";"24";"℃";
"63815.0843403";"[VCM] Target Motor Torque";"33.8125";"N⋅m";
"63815.1478799";"[VCM] Available Motor Maximum Output";"13";"%";
"63815.198505";"[VCM] Motor RPM";"2272";"rpm";
"63815.198505";"[VCM] Motor Torque";"0.125";"N⋅m";
"63815.2593461";"[VCM] Vehicle Speed";"2";"km/h";
"63815.404202";"Розрахункове значення навантаження на двигун";"0";"%";
"63815.4551526";"Температура охолодної рідини";"75";"℃";
"63815.5108429";"Оберти двигуна";"0";"rpm";
"63815.5108429";"Оберти двигуна x1000";"0";"rpm";
"63815.6069942";"Температура олії у двигуні";"62";"℃";
"63815.6441622";"Прискорення";"-0.008456479368055332";"g";
"63815.6441622";"Пройдений шлях";"4.5585739473055575";"km";
"63815.6441622";"Пройдений шлях (Сьогодні)";"4.558574";"km";
"63815.6441622";"Пройдений шлях (Тиждень)";"4.558574";"km";
"63815.6441622";"Пройдений шлях(загальний)";"4.558574";"km";
"63815.6441622";"Середня швидкість";"24.84347552233279";"km/h";
"63815.6441622";"Швидкість автомобіля";"0";"km/h";
"63815.7553252";"Розрахунковий наддув";"-0.01";"bar";
"63815.7553252";"Тиск у впускному колекторі (абсолютний)";"98";"kPa";
"63815.8863674";"[BMS] HV State of charge";"66.5";"%";
"63815.9513538";"[BMS] HV Battery voltage";"363.37";"V";
"63816.0042649";"[BMS] Max Cell Voltage";"3.77";"V";
"63816.0592236";"[BMS] Min Cell Voltage";"3.763";"V";
"63816.1201756";"[BMS] HV Battery Current";"-6.2999999999999545";"A";
"63816.1882385";"[BMS] HV Battery Current (Low)";"-6.5";"A";
"63816.2461462";"[BMS] HV Battery Current (High)";"-6.449999999999818";"A";
"63816.3062048";"[BMS] HV Battery Temperature Sensor 1";"28";"℃";
"63816.3684753";"[BMS] HV Battery Temperature Sensor 2";"28";"℃";
"63816.4551869";"[BMS] HV Battery Temperature Sensor 3";"26";"℃";
"63816.5163308";"[BMS] HV Battery Temperature Sensor 4";"26";"℃";
"63816.5674506";"[BMS] HV Battery Intake Air Temperature";"23";"℃";
"63816.6754495";"[VCM] Traction motor temperature";"40";"℃";
"63816.7504836";"[VCM] HV Coolant Temperature";"24";"℃";
"63816.8024277";"[VCM] Target Motor Torque";"32.5";"N⋅m";
"63816.8634501";"[VCM] Available Motor Maximum Output";"13";"%";
"63816.9230688";"[VCM] Motor RPM";"2144";"rpm";
"63816.9230688";"[VCM] Motor Torque";"0.125";"N⋅m";
"63817.0000743";"[VCM] Vehicle Speed";"2";"km/h";
"63817.1044305";"Розрахункове значення навантаження на двигун";"0";"%";
"63817.1665106";"Оберти двигуна";"0";"rpm";
"63817.1665106";"Оберти двигуна x1000";"0";"rpm";
"63817.2251085";"Температура олії у двигуні";"62";"℃";
"63817.2865948";"Прискорення";"0.00843709728986068";"g";
"63817.2865948";"Пройдений шлях";"4.559486378250002";"km";
"63817.2865948";"Пройдений шлях (Сьогодні)";"4.559486";"km";
"63817.2865948";"Пройдений шлях (Тиждень)";"4.559486";"km";
"63817.2865948";"Пройдений шлях(загальний)";"4.559486";"km";
"63817.2865948";"Середня швидкість";"24.78682067252934";"km/h";
"63817.2865948";"Швидкість автомобіля";"2";"km/h";
"63817.3724358";"Розрахунковий наддув";"-0.01";"bar";
"63817.3724358";"Тиск у впускному колекторі (абсолютний)";"98";"kPa";
"63817.4600369";"[BMS] HV State of charge";"66";"%";
"63817.5441314";"[BMS] HV Battery voltage";"362.41";"V";
"63817.5916049";"[BMS] Max Cell Voltage";"3.772";"V";
"63817.6597067";"[BMS] Min Cell Voltage";"3.761";"V";
"63817.7237901";"[BMS] HV Battery Current";"-6.449999999999818";"A";
"63817.780177";"[BMS] HV Battery Current (Low)";"-6.599999999999909";"A";
"63817.8511175";"[BMS] HV Battery Current (High)";"-6.649999999999864";"A";
"63817.9022003";"[BMS] HV Battery Temperature Sensor 1";"28";"℃";
"63817.9620919";"[BMS] HV Battery Temperature Sensor 2";"28";"℃";
"63818.0114048";"[BMS] HV Battery Temperature Sensor 3";"26";"℃";
"63818.0959795";"[BMS] HV Battery Temperature Sensor 4";"26";"℃";
"63818.1716202";"[BMS] HV Battery Intake Air Temperature";"23";"℃";
"63818.2796819";"[VCM] Traction motor temperature";"40";"℃";
"63818.3665168";"[VCM] HV Coolant Temperature";"24";"℃";
"63818.4264692";"[VCM] Target Motor Torque";"32.171875";"N⋅m";
"63818.4887685";"[VCM] Available Motor Maximum Output";"100";"%";
"63818.5503712";"[VCM] Motor RPM";"1984";"rpm";
"63818.5503712";"[VCM] Motor Torque";"0.109375";"N⋅m";
"63818.6450127";"[VCM] Vehicle Speed";"3";"km/h";
"63818.7408708";"Розрахункове значення навантаження на двигун";"0";"%";
"63818.791828";"Температура охолодної рідини";"75";"℃";
"63818.8496559";"Оберти двигуна";"0";"rpm";
"63818.8496559";"Оберти двигуна x1000";"0";"rpm";
"63818.9236557";"Температура олії у двигуні";"62";"℃";
"63818.9842949";"Прискорення";"0.00853091870073328";"g";
"63818.9842949";"Пройдений шлях";"4.560429587361113";"km";
"63818.9842949";"Пройдений шлях (Сьогодні)";"4.560429";"km";
"63818.9842949";"Пройдений шлях (Тиждень)";"4.560429";"km";
"63818.9842949";"Пройдений шлях(загальний)";"4.560429";"km";
"63818.9842949";"Середня швидкість";"24.72854938525563";"km/h";
"63818.9842949";"Швидкість автомобіля";"2";"km/h";
"63819.0388581";"Розрахунковий наддув";"-0.01";"bar";
"63819.0388581";"Тиск у впускному колекторі (абсолютний)";"98";"kPa";
"63819.1915332";"[BMS] HV State of charge";"66";"%";
"63819.2509222";"[BMS] HV Battery voltage";"363.21";"V";
"63819.3044719";"[BMS] Max Cell Voltage";"3.768";"V";
"63819.3632199";"[BMS] Min Cell Voltage";"3.759";"V";
"63819.4197719";"[BMS] HV Battery Current";"-6.2999999999999545";"A";
"63819.4864487";"[BMS] HV Battery Current (Low)";"-6.2999999999999545";"A";
"63819.5522188";"[BMS] HV Battery Current (High)";"-6";"A";
"63819.6072712";"[BMS] HV Battery Temperature Sensor 1";"28";"℃";
"63819.6719348";"[BMS] HV Battery Temperature Sensor 2";"28";"℃";
"63819.7395529";"[BMS] HV Battery Temperature Sensor 3";"26";"℃";
"63819.7992922";"[BMS] HV Battery Temperature Sensor 4";"26";"℃";
"63819.8500772";"[BMS] HV Battery Intake Air Temperature";"23";"℃";
"63819.9621615";"[VCM] Traction motor temperature";"40";"℃";
"63820.0390332";"[VCM] HV Coolant Temperature";"24";"℃";
"63820.1025469";"[VCM] Target Motor Torque";"31.953125";"N⋅m";
"63820.1512295";"[VCM] Available Motor Maximum Output";"100";"%";
"63820.2199362";"[VCM] Motor RPM";"2048";"rpm";
"63820.2199362";"[VCM] Motor Torque";"0.125";"N⋅m";
"63820.2871543";"[VCM] Vehicle Speed";"2";"km/h";
"63820.4021525";"Розрахункове значення навантаження на двигун";"0";"%";
"63820.4624689";"Оберти двигуна";"0";"rpm";
"63820.4624689";"Оберти двигуна x1000";"0";"rpm";
"63820.5265422";"Температура олії у двигуні";"62";"℃";
"63820.5868185";"Прискорення";"0.008553873662547397";"g";
"63820.5868185";"Пройдений шлях";"4.561319862583335";"km";
"63820.5868185";"Пройдений шлях (Сьогодні)";"4.561319";"km";
"63820.5868185";"Пройдений шлях (Тиждень)";"4.561319";"km";
"63820.5868185";"Пройдений шлях(загальний)";"4.561319";"km";
"63820.5868185";"Середня швидкість";"24.6738210935311";"km/h";
"63820.5868185";"Швидкість автомобіля";"2";"km/h";
"63820.656739";"Розрахунковий наддув";"-0.01";"bar";
"63820.656739";"Тиск у впускному колекторі (абсолютний)";"98";"kPa";
"63820.795635";"[BMS] HV State of charge";"66";"%";
"63820.8707703";"[BMS] HV Battery voltage";"361.12";"V";
"63820.9308126";"[BMS] Max Cell Voltage";"3.767";"V";
"63820.9841606";"[BMS] Min Cell Voltage";"3.759";"V";
"63821.0386324";"[BMS] HV Battery Current";"-6.25";"A";
"63821.1238671";"[BMS] HV Battery Current (Low)";"-6.099999999999909";"A";
"63821.1750712";"[BMS] HV Battery Current (High)";"-6";"A";
"63821.2267627";"[BMS] HV Battery Temperature Sensor 1";"28";"℃";
"63821.2878877";"[BMS] HV Battery Temperature Sensor 2";"28";"℃";
"63821.3383089";"[BMS] HV Battery Temperature Sensor 3";"26";"℃";
"63821.4198965";"[BMS] HV Battery Temperature Sensor 4";"26";"℃";
"63821.4795036";"[BMS] HV Battery Intake Air Temperature";"23";"℃";
"63821.5919585";"[VCM] Traction motor temperature";"40";"℃";
"63821.6800133";"[VCM] HV Coolant Temperature";"24";"℃";
"63821.7544021";"[VCM] Target Motor Torque";"35.828125";"N⋅m";
"63821.8596399";"[VCM] Available Motor Maximum Output";"13";"%";
"63821.9578307";"[VCM] Motor RPM";"2368";"rpm";
"63821.9578307";"[VCM] Motor Torque";"0.140625";"N⋅m";
"63822.02333";"[VCM] Vehicle Speed";"1";"km/h";
"63822.145984";"Розрахункове значення навантаження на двигун";"0";"%";
"63822.2200691";"Температура охолодної рідини";"74";"℃";
"63822.2819308";"Оберти двигуна";"0";"rpm";
"63822.2819308";"Оберти двигуна x1000";"0";"rpm";
"63822.3357096";"Температура олії у двигуні";"62";"℃";
"63822.3871547";"Прискорення";"0";"g";
"63822.3871547";"Пройдений шлях";"4.561319862583335";"km";
"63822.3871547";"Пройдений шлях (Сьогодні)";"4.561319";"km";
"63822.3871547";"Пройдений шлях (Тиждень)";"4.561319";"km";
"63822.3871547";"Пройдений шлях(загальний)";"4.561319";"km";
"63822.3871547";"Середня швидкість";"24.60725539407447";"km/h";
"63822.3871547";"Швидкість автомобіля";"0";"km/h";
"63822.4845626";"Розрахунковий наддув";"-0.01";"bar";
"63822.4845626";"Тиск у впускному колекторі (абсолютний)";"98";"kPa";
"63822.607534";"[BMS] HV State of charge";"66";"%";
"63822.6577944";"[BMS] HV Battery voltage";"362.08";"V";
"63822.7189737";"[BMS] Max Cell Voltage";"3.758";"V";
"63822.8027475";"[BMS] Min Cell Voltage";"3.753";"V";
"63822.8583802";"[BMS] HV Battery Current";"-9.25";"A";
"63822.8952795";"[BMS] HV Battery Current (Low)";"-8.25";"A";
"63822.9558648";"[BMS] HV Battery Current (High)";"-7.699999999999818";"A";
"63823.0379824";"[BMS] HV Battery Temperature Sensor 1";"28";"℃";
"63823.1002885";"[BMS] HV Battery Temperature Sensor 2";"28";"℃";
"63823.1489901";"[BMS] HV Battery Temperature Sensor 3";"26";"℃";
"63823.2174149";"[BMS] HV Battery Temperature Sensor 4";"26";"℃";
"63823.3279175";"[BMS] HV Battery Intake Air Temperature";"23";"℃";
"63823.4229977";"[VCM] Traction motor temperature";"40";"℃";
"63823.4778703";"[VCM] HV Coolant Temperature";"24";"℃";
"63823.526481";"[VCM] Target Motor Torque";"36.328125";"N⋅m";
"63823.5915702";"[VCM] Available Motor Maximum Output";"100";"%";
"63823.6555555";"[VCM] Motor RPM";"2336";"rpm";
"63823.6555555";"[VCM] Motor Torque";"0.140625";"N⋅m";
"63823.7138515";"[VCM] Vehicle Speed";"1";"km/h";
"63823.8152892";"Розрахункове значення навантаження на двигун";"0";"%";
"63823.8912514";"Оберти двигуна";"0";"rpm";
"63823.8912514";"Оберти двигуна x1000";"0";"rpm";
"63823.9558762";"Температура олії у двигуні";"62";"℃";
"63824.0072592";"Прискорення";"-0.00842936015686128";"g";
"63824.0072592";"Пройдений шлях";"4.561319862583335";"km";
"63824.0072592";"Пройдений шлях (Сьогодні)";"4.561319";"km";
"63824.0072592";"Пройдений шлях (Тиждень)";"4.561319";"km";
"63824.0072592";"Пройдений шлях(загальний)";"4.561319";"km";
"63824.0072592";"Середня швидкість";"24.547656797627496";"km/h";
"63824.0072592";"Швидкість автомобіля";"0";"km/h";
"63824.0980539";"Розрахунковий наддув";"-0.01";"bar";
"63824.0980539";"Тиск у впускному колекторі (абсолютний)";"98";"kPa";
"63824.1987403";"[BMS] HV State of charge";"66";"%";
"63824.263285";"[BMS] HV Battery voltage";"361.12";"V";
"63824.3158327";"[BMS] Max Cell Voltage";"3.765";"V";
"63824.3710364";"[BMS] Min Cell Voltage";"3.757";"V";
"63824.4522368";"[BMS] HV Battery Current";"-6.399999999999864";"A";
"63824.5031755";"[BMS] HV Battery Current (Low)";"-6.099999999999909";"A";
"63824.5672064";"[BMS] HV Battery Current (High)";"-6";"A";
"63824.6268722";"[BMS] HV Battery Temperature Sensor 1";"28";"℃";
"63824.6934398";"[BMS] HV Battery Temperature Sensor 2";"28";"℃";
"63824.7546389";"[BMS] HV Battery Temperature Sensor 3";"26";"℃";
"63824.8066842";"[BMS] HV Battery Temperature Sensor 4";"26";"℃";
"63824.8597303";"[BMS] HV Battery Intake Air Temperature";"23";"℃";
"63824.9665509";"[VCM] Traction motor temperature";"40";"℃";
"63825.0313539";"[VCM] HV Coolant Temperature";"24";"℃";
"63825.0827382";"[VCM] Target Motor Torque";"33.5";"N⋅m";
"63825.1365254";"[VCM] Available Motor Maximum Output";"13";"%";
"63825.176292";"[VCM] Motor RPM";"2112";"rpm";
"63825.176292";"[VCM] Motor Torque";"0.125";"N⋅m";
"63825.2758165";"[VCM] Vehicle Speed";"1";"km/h";
"63825.3900751";"Розрахункове значення навантаження на двигун";"0";"%";
"63825.4406742";"Температура охолодної рідини";"74";"℃";
"63825.529267";"Оберти двигуна";"0";"rpm";
"63825.529267";"Оберти двигуна x1000";"0";"rpm";
"63825.580721";"Температура олії у двигуні";"62";"℃";
"63825.6380864";"Прискорення";"-0.008514078134398414";"g";
"63825.6380864";"Пройдений шлях";"4.561319862583335";"km";
"63825.6380864";"Пройдений шлях (Сьогодні)";"4.561319";"km";
"63825.6380864";"Пройдений шлях (Тиждень)";"4.561319";"km";
"63825.6380864";"Пройдений шлях(загальний)";"4.561319";"km";
"63825.6380864";"Середня швидкість";"24.487958074358847";"km/h";
"63825.6380864";"Швидкість автомобіля";"0";"km/h";
"63825.6904879";"Розрахунковий наддув";"-0.01";"bar";
"63825.6904879";"Тиск у впускному колекторі (абсолютний)";"98";"kPa";
"63825.8231693";"[BMS] HV State of charge";"66";"%";
"63825.8785244";"[BMS] HV Battery voltage";"363.05";"V";
"63825.9276763";"[BMS] Max Cell Voltage";"3.767";"V";
"63825.9915881";"[BMS] Min Cell Voltage";"3.757";"V";
"63826.0674838";"[BMS] HV Battery Current";"-5.399999999999864";"A";
"63826.1040054";"[BMS] HV Battery Current (Low)";"-5.2999999999999545";"A";
"63826.17247";"[BMS] HV Battery Current (High)";"-5.349999999999909";"A";
"63826.2236996";"[BMS] HV Battery Temperature Sensor 1";"28";"℃";
"63826.275518";"[BMS] HV Battery Temperature Sensor 2";"28";"℃";
"63826.3635369";"[BMS] HV Battery Temperature Sensor 3";"26";"℃";
"63826.422471";"[BMS] HV Battery Temperature Sensor 4";"26";"℃";
"63826.4873422";"[BMS] HV Battery Intake Air Temperature";"23";"℃";
"63826.6194243";"[VCM] Traction motor temperature";"40";"℃";
"63826.6692008";"[VCM] HV Coolant Temperature";"24";"℃";
"63826.73039";"[VCM] Target Motor Torque";"37.390625";"N⋅m";
"63826.7870061";"[VCM] Available Motor Maximum Output";"13";"%";
"63826.8949039";"[VCM] Motor RPM";"2432";"rpm";
"63826.8949039";"[VCM] Motor Torque";"0.140625";"N⋅m";
"63826.943219";"[VCM] Vehicle Speed";"1";"km/h";
"63827.0637297";"Розрахункове значення навантаження на двигун";"0";"%";
"63827.1227734";"Оберти двигуна";"0";"rpm";
"63827.1227734";"Оберти двигуна x1000";"0";"rpm";
"63827.1956007";"Температура олії у двигуні";"62";"℃";
"63827.2551261";"Прискорення";"-0.008495544014945565";"g";
"63827.2551261";"Пройдений шлях";"4.561319862583335";"km";
"63827.2551261";"Пройдений шлях (Сьогодні)";"4.561319";"km";
"63827.2551261";"Пройдений шлях (Тиждень)";"4.561319";"km";
"63827.2551261";"Пройдений шлях(загальний)";"4.561319";"km";
"63827.2551261";"Середня швидкість";"24.42904958206018";"km/h";
"63827.2551261";"Швидкість автомобіля";"0";"km/h";
"63827.3145306";"Розрахунковий наддув";"-0.01";"bar";
"63827.3145306";"Тиск у впускному колекторі (абсолютний)";"98";"kPa";
"63827.4338662";"[BMS] HV State of charge";"66";"%";
"63827.4716168";"[BMS] HV Battery voltage";"361.6";"V";
"63827.5220296";"[BMS] Max Cell Voltage";"3.767";"V";
"63827.5865998";"[BMS] Min Cell Voltage";"3.758";"V";
"63827.6360402";"[BMS] HV Battery Current";"-4.949999999999818";"A";
"63827.7232821";"[BMS] HV Battery Current (Low)";"-4.699999999999818";"A";
"63827.7808626";"[BMS] HV Battery Current (High)";"-4.949999999999818";"A";
"63827.8313868";"[BMS] HV Battery Temperature Sensor 1";"28";"℃";
"63827.8903107";"[BMS] HV Battery Temperature Sensor 2";"28";"℃";
"63827.9516254";"[BMS] HV Battery Temperature Sensor 3";"26";"℃";
"63828.0153676";"[BMS] HV Battery Temperature Sensor 4";"26";"℃";
"63828.0775189";"[BMS] HV Battery Intake Air Temperature";"23";"℃";
"63828.1923894";"[VCM] Traction motor temperature";"40";"℃";
"63828.2666179";"[VCM] HV Coolant Temperature";"24";"℃";
"63828.3277842";"[VCM] Target Motor Torque";"39.296875";"N⋅m";
"63828.3796478";"[VCM] Available Motor Maximum Output";"13";"%";
"63828.4438273";"[VCM] Motor RPM";"2560";"rpm";
"63828.4438273";"[VCM] Motor Torque";"0.15625";"N⋅m";
"63828.5075646";"[VCM] Vehicle Speed";"0";"km/h";
"63828.6263942";"Розрахункове значення навантаження на двигун";"0";"%";
"63828.691729";"Температура охолодної рідини";"74";"℃";
"63828.7459171";"Оберти двигуна";"0";"rpm";
"63828.7459171";"Оберти двигуна x1000";"0";"rpm";
"63828.8159455";"Температура олії у двигуні";"62";"℃";
"63828.8796408";"Прискорення";"0";"g";
"63828.8796408";"Пройдений шлях";"4.561319862583335";"km";
"63828.8796408";"Пройдений шлях (Сьогодні)";"4.561319";"km";
"63828.8796408";"Пройдений шлях (Тиждень)";"4.561319";"km";
"63828.8796408";"Пройдений шлях(загальний)";"4.561319";"km";
"63828.8796408";"Середня швидкість";"24.37015145503631";"km/h";
"63828.8796408";"Швидкість автомобіля";"0";"km/h";
"63828.9516314";"Розрахунковий наддув";"-0.01";"bar";
"63828.9516314";"Тиск у впускному колекторі (абсолютний)";"98";"kPa";
"63829.099381";"[BMS] HV State of charge";"66";"%";
"63829.1644929";"[BMS] HV Battery voltage";"362.08";"V";
"63829.2144852";"[BMS] Max Cell Voltage";"3.766";"V";
"63829.2707374";"[BMS] Min Cell Voltage";"3.758";"V";
"63829.3665949";"[BMS] HV Battery Current";"-4.899999999999864";"A";
"63829.4280846";"[BMS] HV Battery Current (Low)";"-5.0499999999999545";"A";
"63829.4906166";"[BMS] HV Battery Current (High)";"-5.149999999999864";"A";
"63829.5380977";"[BMS] HV Battery Temperature Sensor 1";"28";"℃";
"63829.5951806";"[BMS] HV Battery Temperature Sensor 2";"28";"℃";
"63829.6874118";"[BMS] HV Battery Temperature Sensor 3";"26";"℃";
"63829.736367";"[BMS] HV Battery Temperature Sensor 4";"26";"℃";
"63829.7894228";"[BMS] HV Battery Intake Air Temperature";"23";"℃";
"63829.9220421";"[VCM] Traction motor temperature";"40";"℃";
"63829.9759944";"[VCM] HV Coolant Temperature";"24";"℃";
"63830.0405781";"[VCM] Target Motor Torque";"39.21875";"N⋅m";
"63830.0945922";"[VCM] Available Motor Maximum Output";"13";"%";
"63830.1433171";"[VCM] Motor RPM";"2560";"rpm";
"63830.1433171";"[VCM] Motor Torque";"0.15625";"N⋅m";
"63830.2140693";"[VCM] Vehicle Speed";"0";"km/h";
"63830.3339782";"Розрахункове значення навантаження на двигун";"0";"%";
"63830.3956783";"Оберти двигуна";"0";"rpm";
"63830.3956783";"Оберти двигуна x1000";"0";"rpm";
"63830.4630011";"Температура олії у двигуні";"62";"℃";
"63830.5263186";"Прискорення";"0";"g";
"63830.5263186";"Пройдений шлях";"4.561319862583335";"km";
"63830.5263186";"Пройдений шлях (Сьогодні)";"4.561319";"km";
"63830.5263186";"Пройдений шлях (Тиждень)";"4.561319";"km";
"63830.5263186";"Пройдений шлях(загальний)";"4.561319";"km";
"63830.5263186";"Середня швидкість";"24.310739683292365";"km/h";
"63830.5263186";"Швидкість автомобіля";"0";"km/h";
"63830.5872203";"Розрахунковий наддув";"-0.01";"bar";
"63830.5872203";"Тиск у впускному колекторі (абсолютний)";"98";"kPa";
"63830.6983372";"[BMS] HV State of charge";"66";"%";
"63830.7724822";"[BMS] HV Battery voltage";"363.21";"V";
"63830.8263051";"[BMS] Max Cell Voltage";"3.757";"V";
"63830.8904622";"[BMS] Min Cell Voltage";"3.747";"V";
"63830.9422042";"[BMS] HV Battery Current";"-17.5";"A";
"63831.0162225";"[BMS] HV Battery Current (Low)";"-18.799999999999955";"A";
"63831.0667893";"[BMS] HV Battery Current (High)";"-19.449999999999818";"A";
"63831.1270458";"[BMS] HV Battery Temperature Sensor 1";"28";"℃";
"63831.1868018";"[BMS] HV Battery Temperature Sensor 2";"28";"℃";
"63831.2342642";"[BMS] HV Battery Temperature Sensor 3";"26";"℃";
"63831.2963102";"[BMS] HV Battery Temperature Sensor 4";"26";"℃";
"63831.3468698";"[BMS] HV Battery Intake Air Temperature";"23";"℃";
"63831.4585817";"[VCM] Traction motor temperature";"40";"℃";
"63831.5186837";"[VCM] HV Coolant Temperature";"24";"℃";
"63831.5979428";"[VCM] Target Motor Torque";"101.03125";"N⋅m";
"63831.6588107";"[VCM] Available Motor Maximum Output";"13";"%";
"63831.7085025";"[VCM] Motor RPM";"5248";"rpm";
"63831.7085025";"[VCM] Motor Torque";"0.3125";"N⋅m";
"63831.7622054";"[VCM] Vehicle Speed";"6";"km/h";
"63831.8756805";"Розрахункове значення навантаження на двигун";"0";"%";
"63831.9236035";"Температура охолодної рідини";"74";"℃";
"63831.987311";"Оберти двигуна";"0";"rpm";
"63831.987311";"Оберти двигуна x1000";"0";"rpm";
"63832.0402148";"Температура олії у двигуні";"62";"℃";
"63832.1204797";"Прискорення";"0.026217585743060056";"g";
"63832.1204797";"Пройдений шлях";"4.563976836083334";"km";
"63832.1204797";"Пройдений шлях (Сьогодні)";"4.563976";"km";
"63832.1204797";"Пройдений шлях (Тиждень)";"4.563976";"km";
"63832.1204797";"Пройдений шлях(загальний)";"4.563976";"km";
"63832.1204797";"Середня швидкість";"24.26762495000488";"km/h";
"63832.1204797";"Швидкість автомобіля";"6";"km/h";
"63832.2346034";"Розрахунковий наддув";"-0.01";"bar";
"63832.2346034";"Тиск у впускному колекторі (абсолютний)";"98";"kPa";
"63832.3470685";"[BMS] HV State of charge";"65.5";"%";
"63832.4161398";"[BMS] HV Battery voltage";"361.76";"V";
"63832.4719242";"[BMS] Max Cell Voltage";"3.754";"V";
"63832.5245263";"[BMS] Min Cell Voltage";"3.743";"V";
"63832.5925927";"[BMS] HV Battery Current";"-21.75";"A";
"63832.6709012";"[BMS] HV Battery Current (Low)";"-25.59999999999991";"A";
"63832.7311711";"[BMS] HV Battery Current (High)";"-29.5";"A";
"63832.79263";"[BMS] HV Battery Temperature Sensor 1";"28";"℃";
"63832.8514492";"[BMS] HV Battery Temperature Sensor 2";"28";"℃";
"63832.9038879";"[BMS] HV Battery Temperature Sensor 3";"26";"℃";
"63832.9787776";"[BMS] HV Battery Temperature Sensor 4";"26";"℃";
"63833.0261057";"[BMS] HV Battery Intake Air Temperature";"23";"℃";
"63833.1395437";"[VCM] Traction motor temperature";"40";"℃";
"63833.2117556";"[VCM] HV Coolant Temperature";"24";"℃";
"63833.2750612";"[VCM] Target Motor Torque";"86.15625";"N⋅m";
"63833.326092";"[VCM] Available Motor Maximum Output";"100";"%";
"63833.3898775";"[VCM] Motor RPM";"5216";"rpm";
"63833.3898775";"[VCM] Motor Torque";"0.3125";"N⋅m";
"63833.4375538";"[VCM] Vehicle Speed";"11";"km/h";
"63833.5906272";"Розрахункове значення навантаження на двигун";"0";"%";
"63833.6531942";"Оберти двигуна";"0";"rpm";
"63833.6531942";"Оберти двигуна x1000";"0";"rpm";
"63833.7187955";"Температура олії у двигуні";"62";"℃";
"63833.7901852";"Прискорення";"0.04767821517719374";"g";
"63833.7901852";"Пройдений шлях";"4.569078659305557";"km";
"63833.7901852";"Пройдений шлях (Сьогодні)";"4.569078";"km";
"63833.7901852";"Пройдений шлях (Тиждень)";"4.569078";"km";
"63833.7901852";"Пройдений шлях(загальний)";"4.569078";"km";
"63833.7901852";"Середня швидкість";"24.23498570978106";"km/h";
"63833.7901852";"Швидкість автомобіля";"11";"km/h";
"63833.8748613";"Розрахунковий наддув";"-0.01";"bar";
"63833.8748613";"Тиск у впускному колекторі (абсолютний)";"98";"kPa";
"63833.982309";"[BMS] HV State of charge";"65.5";"%";
"63834.0682685";"[BMS] HV Battery voltage";"359.67";"V";
"63834.1344033";"[BMS] Max Cell Voltage";"3.724";"V";
"63834.186949";"[BMS] Min Cell Voltage";"3.714";"V";
"63834.2470267";"[BMS] HV Battery Current";"-36.149999999999864";"A";
"63834.3217469";"[BMS] HV Battery Current (Low)";"-1600";"A";
"63834.3715909";"[BMS] HV Battery Current (High)";"-35.899999999999864";"A";
"63834.4303223";"[BMS] HV Battery Temperature Sensor 1";"28";"℃";
"63834.4902399";"[BMS] HV Battery Temperature Sensor 2";"28";"℃";
"63834.5400986";"[BMS] HV Battery Temperature Sensor 3";"26";"℃";
"63834.6164895";"[BMS] HV Battery Temperature Sensor 4";"26";"℃";
"63834.6813133";"[BMS] HV Battery Intake Air Temperature";"23";"℃";
"63834.8057897";"[VCM] Traction motor temperature";"40";"℃";
"63834.899207";"[VCM] HV Coolant Temperature";"24";"℃";
"63834.946336";"[VCM] Target Motor Torque";"65.9375";"N⋅m";
"63835.0076178";"[VCM] Available Motor Maximum Output";"100";"%";
"63835.0602404";"[VCM] Motor RPM";"4320";"rpm";
"63835.0602404";"[VCM] Motor Torque";"0.25";"N⋅m";
"63835.1436579";"[VCM] Vehicle Speed";"17";"km/h";
"63835.2619957";"Розрахункове значення навантаження на двигун";"0";"%";
"63835.3127151";"Температура охолодної рідини";"73";"℃";
"63835.4045008";"Оберти двигуна";"0";"rpm";
"63835.4045008";"Оберти двигуна x1000";"0";"rpm";
"63835.4587049";"Температура олії у двигуні";"62";"℃";
"63835.5080037";"Прискорення";"0.07264729819311283";"g";
"63835.5080037";"Пройдений шлях";"4.5771905743333345";"km";
"63835.5080037";"Пройдений шлях (Сьогодні)";"4.57719";"km";
"63835.5080037";"Пройдений шлях (Тиждень)";"4.57719";"km";
"63835.5080037";"Пройдений шлях(загальний)";"4.57719";"km";
"63835.5080037";"Середня швидкість";"24.216720339508278";"km/h";
"63835.5080037";"Швидкість автомобіля";"17";"km/h";
"63835.5950965";"Розрахунковий наддув";"-0.01";"bar";
"63835.5950965";"Тиск у впускному колекторі (абсолютний)";"98";"kPa";
"63835.7184912";"[BMS] HV State of charge";"65";"%";
"63835.776151";"[BMS] HV Battery voltage";"357.25";"V";
"63835.8265932";"[BMS] Max Cell Voltage";"3.712";"V";
"63835.8881024";"[BMS] Min Cell Voltage";"3.703";"V";
"63835.9622606";"[BMS] HV Battery Current";"-38.049999999999955";"A";
"63836.0351416";"[BMS] HV Battery Current (Low)";"-1600";"A";
"63836.1050421";"[BMS] HV Battery Current (High)";"-37";"A";
"63836.1669935";"[BMS] HV Battery Temperature Sensor 1";"28";"℃";
"63836.241119";"[BMS] HV Battery Temperature Sensor 2";"28";"℃";
"63836.3068921";"[BMS] HV Battery Temperature Sensor 3";"26";"℃";
"63836.3745257";"[BMS] HV Battery Temperature Sensor 4";"26";"℃";
"63836.4400255";"[BMS] HV Battery Intake Air Temperature";"23";"℃";
"63836.5832112";"[VCM] Traction motor temperature";"40";"℃";
"63836.6380093";"[VCM] HV Coolant Temperature";"24";"℃";
"63836.6908982";"[VCM] Target Motor Torque";"54.46875";"N⋅m";
"63836.7491597";"[VCM] Available Motor Maximum Output";"13";"%";
"63836.8159065";"[VCM] Motor RPM";"2848";"rpm";
"63836.8159065";"[VCM] Motor Torque";"0.171875";"N⋅m";
"63836.8791672";"[VCM] Vehicle Speed";"22";"km/h";
"63837.0057632";"Розрахункове значення навантаження на двигун";"0";"%";
"63837.0669566";"Оберти двигуна";"0";"rpm";
"63837.0669566";"Оберти двигуна x1000";"0";"rpm";
"63837.1316706";"Температура олії у двигуні";"62";"℃";
"63837.1913145";"Прискорення";"0.09349741804506678";"g";
"63837.1913145";"Пройдений шлях";"4.587477351444446";"km";
"63837.1913145";"Пройдений шлях (Сьогодні)";"4.587477";"km";
"63837.1913145";"Пройдений шлях (Тиждень)";"4.587477";"km";
"63837.1913145";"Пройдений шлях(загальний)";"4.587477";"km";
"63837.1913145";"Середня швидкість";"24.211250043405283";"km/h";
"63837.1913145";"Швидкість автомобіля";"22";"km/h";
"63837.263889";"Розрахунковий наддув";"-0.01";"bar";
"63837.263889";"Тиск у впускному колекторі (абсолютний)";"98";"kPa";
"63837.4011498";"[BMS] HV State of charge";"65";"%";
"63837.4503202";"[BMS] HV Battery voltage";"362.41";"V";
"63837.510425";"[BMS] Max Cell Voltage";"3.752";"V";
"63837.5744716";"[BMS] Min Cell Voltage";"3.744";"V";
"63837.6417198";"[BMS] HV Battery Current";"3.550000000000182";"A";
"63837.6800029";"[BMS] HV Battery Current (Low)";"4.050000000000182";"A";
"63837.7316465";"[BMS] HV Battery Current (High)";"4.4500000000000455";"A";
"63837.7905581";"[BMS] HV Battery Temperature Sensor 1";"28";"℃";
"63837.8471809";"[BMS] HV Battery Temperature Sensor 2";"28";"℃";
"63837.9345459";"[BMS] HV Battery Temperature Sensor 3";"26";"℃";
"63837.9874912";"[BMS] HV Battery Temperature Sensor 4";"26";"℃";
"63838.0469451";"[BMS] HV Battery Intake Air Temperature";"23";"℃";
"63838.168823";"[VCM] Traction motor temperature";"40";"℃";
"63838.2241802";"[VCM] HV Coolant Temperature";"24";"℃";
"63838.2842948";"[VCM] Target Motor Torque";"19.890625";"N⋅m";
"63838.3343083";"[VCM] Available Motor Maximum Output";"13";"%";
"63838.4006487";"[VCM] Motor RPM";"1664";"rpm";
"63838.4006487";"[VCM] Motor Torque";"0.09375";"N⋅m";
"63838.4677294";"[VCM] Vehicle Speed";"21";"km/h";
"63838.5840515";"Розрахункове значення навантаження на двигун";"0";"%";
"63838.6459351";"Температура охолодної рідини";"73";"℃";
"63838.7116122";"Оберти двигуна";"0";"rpm";
"63838.7116122";"Оберти двигуна x1000";"0";"rpm";
"63838.7967168";"Температура олії у двигуні";"62";"℃";
"63838.8592965";"Пройдений шлях";"4.597207171194446";"km";
"63838.8592965";"Пройдений шлях (Сьогодні)";"4.597207";"km";
"63838.8592965";"Пройдений шлях (Тиждень)";"4.597207";"km";
"63838.8592965";"Пройдений шлях(загальний)";"4.597207";"km";
"63838.8592965";"Середня швидкість";"24.203416789078467";"km/h";
"63838.8592965";"Швидкість автомобіля";"21";"km/h";
"63838.9075255";"Розрахунковий наддув";"-0.01";"bar";
"63838.9075255";"Тиск у впускному колекторі (абсолютний)";"98";"kPa";
"63839.0441369";"[BMS] HV State of charge";"64.5";"%";
"63839.099023";"[BMS] HV Battery voltage";"359.35";"V";
"63839.1591993";"[BMS] Max Cell Voltage";"3.729";"V";
"63839.2194264";"[BMS] Min Cell Voltage";"3.721";"V";
"63839.2953896";"[BMS] HV Battery Current";"-21.799999999999955";"A";
"63839.3558142";"[BMS] HV Battery Current (Low)";"-21.649999999999864";"A";
"63839.4152454";"[BMS] HV Battery Current (High)";"-21.399999999999864";"A";
"63839.467971";"[BMS] HV Battery Temperature Sensor 1";"28";"℃";
"63839.5436428";"[BMS] HV Battery Temperature Sensor 2";"28";"℃";
"63839.6076182";"[BMS] HV Battery Temperature Sensor 3";"26";"℃";
"63839.6566269";"[BMS] HV Battery Temperature Sensor 4";"26";"℃";
"63839.718223";"[BMS] HV Battery Intake Air Temperature";"23";"℃";
"63839.8634685";"[VCM] Traction motor temperature";"40";"℃";
"63839.9353842";"[VCM] HV Coolant Temperature";"24";"℃";
"63839.9824905";"[VCM] Target Motor Torque";"-10.65625";"N⋅m";
"63840.0433224";"[VCM] Available Motor Maximum Output";"100";"%";
"63840.1146015";"[VCM] Motor RPM";"-704";"rpm";
"63840.1146015";"[VCM] Motor Torque";"-0.046875";"N⋅m";
"63840.1741265";"[VCM] Vehicle Speed";"22";"km/h";
"63840.2630946";"Розрахункове значення навантаження на двигун";"0";"%";
"63840.3222732";"Оберти двигуна";"0";"rpm";
"63840.3222732";"Оберти двигуна x1000";"0";"rpm";
"63840.4057484";"Температура олії у двигуні";"62";"℃";
"63840.4666742";"Пройдений шлях";"4.606583547527779";"km";
"63840.4666742";"Пройдений шлях (Сьогодні)";"4.606583";"km";
"63840.4666742";"Пройдений шлях (Тиждень)";"4.606583";"km";
"63840.4666742";"Пройдений шлях(загальний)";"4.606583";"km";
"63840.4666742";"Середня швидкість";"24.195904157593436";"km/h";
"63840.4666742";"Швидкість автомобіля";"21";"km/h";
"63840.5188144";"Розрахунковий наддув";"-0.01";"bar";
"63840.5188144";"Тиск у впускному колекторі (абсолютний)";"98";"kPa";
"63840.6662156";"[BMS] HV State of charge";"64.5";"%";
"63840.7276291";"[BMS] HV Battery voltage";"361.76";"V";
"63840.7779668";"[BMS] Max Cell Voltage";"3.759";"V";
"63840.8319226";"[BMS] Min Cell Voltage";"3.751";"V";
"63840.9232438";"[BMS] HV Battery Current";"4.600000000000136";"A";
"63840.9784006";"[BMS] HV Battery Current (Low)";"4.75";"A";
"63841.0386449";"[BMS] HV Battery Current (High)";"4.7000000000000455";"A";
"63841.0992476";"[BMS] HV Battery Temperature Sensor 1";"28";"℃";
"63841.1512484";"[BMS] HV Battery Temperature Sensor 2";"28";"℃";
"63841.2471781";"[BMS] HV Battery Temperature Sensor 3";"26";"℃";
"63841.3060152";"[BMS] HV Battery Temperature Sensor 4";"26";"℃";
"63841.3546667";"[BMS] HV Battery Intake Air Temperature";"23";"℃";
"63841.4977103";"[VCM] Traction motor temperature";"40";"℃";
"63841.5577939";"[VCM] HV Coolant Temperature";"24";"℃";
"63841.6155457";"[VCM] Target Motor Torque";"-113.375";"N⋅m";
"63841.6751984";"[VCM] Available Motor Maximum Output";"100";"%";
"63841.7710293";"[VCM] Motor RPM";"-8192";"rpm";
"63841.7710293";"[VCM] Motor Torque";"-0.5";"N⋅m";
"63841.8323393";"[VCM] Vehicle Speed";"17";"km/h";
"63841.9470093";"Розрахункове значення навантаження на двигун";"0";"%";
"63842.0193822";"Температура охолодної рідини";"73";"℃";
"63842.0799207";"Оберти двигуна";"0";"rpm";
"63842.0799207";"Оберти двигуна x1000";"0";"rpm";
"63842.1324871";"Температура олії у двигуні";"62";"℃";
"63842.1951803";"Прискорення";"-0.004235786200187686";"g";
"63842.1951803";"Пройдений шлях";"4.614265794194446";"km";
"63842.1951803";"Пройдений шлях (Сьогодні)";"4.614265";"km";
"63842.1951803";"Пройдений шлях (Тиждень)";"4.614265";"km";
"63842.1951803";"Пройдений шлях(загальний)";"4.614265";"km";
"63842.1951803";"Середня швидкість";"24.175286744969924";"km/h";
"63842.1951803";"Швидкість автомобіля";"16";"km/h";
"63842.3193609";"Розрахунковий наддув";"-0.01";"bar";
"63842.3193609";"Тиск у впускному колекторі (абсолютний)";"98";"kPa";
"63842.4400495";"[BMS] HV State of charge";"65";"%";
"63842.4912311";"[BMS] HV Battery voltage";"364.98";"V";
"63842.574101";"[BMS] Max Cell Voltage";"3.79";"V";
"63842.6222291";"[BMS] Min Cell Voltage";"3.775";"V";
"63842.6825471";"[BMS] HV Battery Current";"9.550000000000182";"A";
"63842.7494493";"[BMS] HV Battery Current (Low)";"4.550000000000182";"A";
"63842.802841";"[BMS] HV Battery Current (High)";"0.6000000000001364";"A";
"63842.8750899";"[BMS] HV Battery Temperature Sensor 1";"28";"℃";
"63842.9229411";"[BMS] HV Battery Temperature Sensor 2";"28";"℃";
"63842.9711249";"[BMS] HV Battery Temperature Sensor 3";"26";"℃";
"63843.0307928";"[BMS] HV Battery Temperature Sensor 4";"26";"℃";
"63843.1224995";"[BMS] HV Battery Intake Air Temperature";"23";"℃";
"63843.2306486";"[VCM] Traction motor temperature";"40";"℃";
"63843.285034";"[VCM] HV Coolant Temperature";"24";"℃";
"63843.3398494";"[VCM] Target Motor Torque";"-1.875";"N⋅m";
"63843.4222878";"[VCM] Available Motor Maximum Output";"13";"%";
"63843.4738068";"[VCM] Motor RPM";"-128";"rpm";
"63843.4738068";"[VCM] Motor Torque";"-0.015625";"N⋅m";
"63843.5362235";"[VCM] Vehicle Speed";"10";"km/h";
"63843.6733176";"Розрахункове значення навантаження на двигун";"0";"%";
"63843.7389024";"Оберти двигуна";"0";"rpm";
"63843.7389024";"Оберти двигуна x1000";"0";"rpm";
"63843.8037155";"Температура олії у двигуні";"61";"℃";
"63843.8596805";"Прискорення";"-0.05522055248414291";"g";
"63843.8596805";"Пройдений шлях";"4.618427041944446";"km";
"63843.8596805";"Пройдений шлях (Сьогодні)";"4.618426";"km";
"63843.8596805";"Пройдений шлях (Тиждень)";"4.618426";"km";
"63843.8596805";"Пройдений шлях(загальний)";"4.618426";"km";
"63843.8596805";"Середня швидкість";"24.138614607540497";"km/h";
"63843.8596805";"Швидкість автомобіля";"9";"km/h";
"63843.9793113";"Розрахунковий наддув";"-0.01";"bar";
"63843.9793113";"Тиск у впускному колекторі (абсолютний)";"98";"kPa";
"63844.0868399";"[BMS] HV State of charge";"65";"%";
"63844.1425546";"[BMS] HV Battery voltage";"360.8";"V";
"63844.2225792";"[BMS] Max Cell Voltage";"3.733";"V";
"63844.2837548";"[BMS] Min Cell Voltage";"3.725";"V";
"63844.3354586";"[BMS] HV Battery Current";"-33.799999999999955";"A";
"63844.3955608";"[BMS] HV Battery Current (Low)";"-1600";"A";
"63844.4464076";"[BMS] HV Battery Current (High)";"-34.649999999999864";"A";
"63844.5325535";"[BMS] HV Battery Temperature Sensor 1";"28";"℃";
"63844.5880577";"[BMS] HV Battery Temperature Sensor 2";"28";"℃";
"63844.6398168";"[BMS] HV Battery Temperature Sensor 3";"26";"℃";
"63844.7033113";"[BMS] HV Battery Temperature Sensor 4";"26";"℃";
"63844.8055";"[BMS] HV Battery Intake Air Temperature";"23";"℃";
"63844.9114007";"[VCM] Traction motor temperature";"40";"℃";
"63845.079464";"[VCM] HV Coolant Temperature";"24";"℃";
"63845.144523";"[VCM] Target Motor Torque";"90.21875";"N⋅m";
"63845.2317951";"[VCM] Available Motor Maximum Output";"13";"%";
"63845.3291566";"[VCM] Motor RPM";"5824";"rpm";
"63845.3291566";"[VCM] Motor Torque";"0.34375";"N⋅m";
"63845.3806435";"[VCM] Vehicle Speed";"14";"km/h";
"63845.4818799";"Розрахункове значення навантаження на двигун";"0";"%";
"63845.5346474";"Температура охолодної рідини";"73";"℃";
"63845.6181994";"Оберти двигуна";"0";"rpm";
"63845.6181994";"Оберти двигуна x1000";"0";"rpm";
"63845.6908485";"Температура олії у двигуні";"61";"℃";
"63845.7529764";"Пройдений шлях";"4.626315783194446";"km";
"63845.7529764";"Пройдений шлях (Сьогодні)";"4.626315";"km";
"63845.7529764";"Пройдений шлях (Тиждень)";"4.626315";"km";
"63845.7529764";"Пройдений шлях(загальний)";"4.626315";"km";
"63845.7529764";"Середня швидкість";"24.113563730178694";"km/h";
"63845.7529764";"Швидкість автомобіля";"15";"km/h";
"63845.8037836";"Розрахунковий наддув";"-0.01";"bar";
"63845.8037836";"Тиск у впускному колекторі (абсолютний)";"98";"kPa";
"63845.950662";"[BMS] HV State of charge";"64.5";"%";
"63846.0241345";"[BMS] HV Battery voltage";"356.77";"V";
"63846.0831435";"[BMS] Max Cell Voltage";"3.705";"V";
"63846.1720726";"[BMS] Min Cell Voltage";"3.705";"V";
"63846.2284552";"[BMS] HV Battery Current";"-18.449999999999818";"A";
"63846.302942";"[BMS] HV Battery Current (Low)";"-12.699999999999818";"A";
"63846.3578836";"[BMS] HV Battery Current (High)";"-8.349999999999909";"A";
"63846.4437491";"[BMS] HV Battery Temperature Sensor 1";"28";"℃";
"63846.5084686";"[BMS] HV Battery Temperature Sensor 2";"28";"℃";
"63846.5582305";"[BMS] HV Battery Temperature Sensor 3";"26";"℃";
"63846.6156474";"[BMS] HV Battery Temperature Sensor 4";"26";"℃";
"63846.694979";"[BMS] HV Battery Intake Air Temperature";"23";"℃";
"63846.8081022";"[VCM] Traction motor temperature";"41";"℃";
"63846.8632442";"[VCM] HV Coolant Temperature";"24";"℃";
"63846.8987737";"[VCM] Target Motor Torque";"29.171875";"N⋅m";
"63846.9821116";"[VCM] Available Motor Maximum Output";"13";"%";
"63847.0436898";"[VCM] Motor RPM";"2528";"rpm";
"63847.0436898";"[VCM] Motor Torque";"0.140625";"N⋅m";
"63847.1027056";"[VCM] Vehicle Speed";"18";"km/h";
"63847.1992481";"Розрахункове значення навантаження на двигун";"0";"%";
"63847.2720336";"Оберти двигуна";"0";"rpm";
"63847.2720336";"Оберти двигуна x1000";"0";"rpm";
"63847.3387811";"Температура олії у двигуні";"61";"℃";
"63847.3990631";"Пройдений шлях";"4.634546246194446";"km";
"63847.3990631";"Пройдений шлях (Сьогодні)";"4.634545";"km";
"63847.3990631";"Пройдений шлях (Тиждень)";"4.634545";"km";
"63847.3990631";"Пройдений шлях(загальний)";"4.634545";"km";
"63847.3990631";"Середня швидкість";"24.099027944507178";"km/h";
"63847.3990631";"Швидкість автомобіля";"18";"km/h";
"63847.4595521";"Розрахунковий наддув";"-0.01";"bar";
"63847.4595521";"Тиск у впускному колекторі (абсолютний)";"98";"kPa";
"63847.5910929";"[BMS] HV State of charge";"64.5";"%";
"63847.6525319";"[BMS] HV Battery voltage";"358.22";"V";
"63847.7066981";"[BMS] Max Cell Voltage";"3.718";"V";
"63847.7957706";"[BMS] Min Cell Voltage";"3.708";"V";
"63847.8594983";"[BMS] HV Battery Current";"-30.34999999999991";"A";
"63847.9163651";"[BMS] HV Battery Current (Low)";"-1600";"A";
"63847.9784875";"[BMS] HV Battery Current (High)";"-30.34999999999991";"A";
"63848.0633643";"[BMS] HV Battery Temperature Sensor 1";"28";"℃";
"63848.1273195";"[BMS] HV Battery Temperature Sensor 2";"28";"℃";
"63848.179228";"[BMS] HV Battery Temperature Sensor 3";"26";"℃";
"63848.2293631";"[BMS] HV Battery Temperature Sensor 4";"26";"℃";
"63848.2807448";"[BMS] HV Battery Intake Air Temperature";"23";"℃";
"63848.4274326";"[VCM] Traction motor temperature";"41";"℃";
"63848.479372";"[VCM] HV Coolant Temperature";"24";"℃";
"63848.5406883";"[VCM] Target Motor Torque";"48.40625";"N⋅m";
"63848.6206419";"[VCM] Available Motor Maximum Output";"100";"%";
"63848.6825371";"[VCM] Motor RPM";"2880";"rpm";
"63848.6825371";"[VCM] Motor Torque";"0.171875";"N⋅m";
"63848.7328045";"[VCM] Vehicle Speed";"22";"km/h";
"63848.8339035";"Розрахункове значення навантаження на двигун";"0";"%";
"63848.9274629";"Температура охолодної рідини";"73";"℃";
"63848.9937841";"Оберти двигуна";"0";"rpm";
"63848.9937841";"Оберти двигуна x1000";"0";"rpm";
"63849.0424593";"Температура олії у двигуні";"61";"℃";
"63849.1034549";"Пройдений шлях";"4.644962419361113";"km";
"63849.1034549";"Пройдений шлях (Сьогодні)";"4.644961";"km";
"63849.1034549";"Пройдений шлях (Тиждень)";"4.644961";"km";
"63849.1034549";"Пройдений шлях(загальний)";"4.644961";"km";
"63849.1034549";"Середня швидкість";"24.09387295076714";"km/h";
"63849.1034549";"Швидкість автомобіля";"22";"km/h";
"63849.1918895";"Розрахунковий наддув";"-0.01";"bar";
"63849.1918895";"Тиск у впускному колекторі (абсолютний)";"98";"kPa";
"63849.2963303";"[BMS] HV State of charge";"64";"%";
"63849.3506787";"[BMS] HV Battery voltage";"359.99";"V";
"63849.4570945";"[BMS] Max Cell Voltage";"3.734";"V";
"63849.5095251";"[BMS] Min Cell Voltage";"3.731";"V";
"63849.564213";"[BMS] HV Battery Current";"-3.0499999999999545";"A";
"63849.6285648";"[BMS] HV Battery Current (Low)";"-1.699999999999818";"A";
"63849.7199217";"[BMS] HV Battery Current (High)";"0.8500000000001364";"A";
"63849.7788615";"[BMS] HV Battery Temperature Sensor 1";"28";"℃";
"63849.8392055";"[BMS] HV Battery Temperature Sensor 2";"28";"℃";
"63849.8875";"[BMS] HV Battery Temperature Sensor 3";"26";"℃";
"63849.9472313";"[BMS] HV Battery Temperature Sensor 4";"26";"℃";
"63850.0224747";"[BMS] HV Battery Intake Air Temperature";"23";"℃";
"63850.1502958";"[VCM] Traction motor temperature";"41";"℃";
"63850.2047095";"[VCM] HV Coolant Temperature";"24";"℃";
"63850.3026065";"[VCM] Target Motor Torque";"35.40625";"N⋅m";
"63850.3563557";"[VCM] Available Motor Maximum Output";"100";"%";
"63850.4136681";"[VCM] Motor RPM";"2112";"rpm";
"63850.4136681";"[VCM] Motor Torque";"0.125";"N⋅m";
"63850.4623705";"[VCM] Vehicle Speed";"23";"km/h";
"63850.5726666";"Розрахункове значення навантаження на двигун";"0";"%";
"63850.6344226";"Оберти двигуна";"0";"rpm";
"63850.6344226";"Оберти двигуна x1000";"0";"rpm";
"63850.6885187";"Температура олії у двигуні";"61";"℃";
"63850.7404727";"Прискорення";"0.053515764461899325";"g";
"63850.7404727";"Пройдений шлях";"4.6549663742500025";"km";
"63850.7404727";"Пройдений шлях (Сьогодні)";"4.654965";"km";
"63850.7404727";"Пройдений шлях (Тиждень)";"4.654965";"km";
"63850.7404727";"Пройдений шлях(загальний)";"4.654965";"km";
"63850.7404727";"Середня швидкість";"24.088945745948468";"km/h";
"63850.7404727";"Швидкість автомобіля";"22";"km/h";
"63850.8466859";"Розрахунковий наддув";"-0.01";"bar";
"63850.8466859";"Тиск у впускному колекторі (абсолютний)";"98";"kPa";
"63850.9550119";"[BMS] HV State of charge";"64";"%";
"63851.007713";"[BMS] HV Battery voltage";"358.7";"V";
"63851.0468419";"[BMS] Max Cell Voltage";"3.721";"V";
"63851.1239624";"[BMS] Min Cell Voltage";"3.712";"V";
"63851.1710041";"[BMS] HV Battery Current";"-21.199999999999818";"A";
"63851.234735";"[BMS] HV Battery Current (Low)";"-21.59999999999991";"A";
"63851.2872838";"[BMS] HV Battery Current (High)";"-21.59999999999991";"A";
"63851.3673689";"[BMS] HV Battery Temperature Sensor 1";"28";"℃";
"63851.4206645";"[BMS] HV Battery Temperature Sensor 2";"28";"℃";
"63851.4792339";"[BMS] HV Battery Temperature Sensor 3";"26";"℃";
"63851.5485505";"[BMS] HV Battery Temperature Sensor 4";"26";"℃";
"63851.5919608";"[BMS] HV Battery Intake Air Temperature";"23";"℃";
"63851.7396445";"[VCM] Traction motor temperature";"41";"℃";
"63851.7999875";"[VCM] HV Coolant Temperature";"24";"℃";
"63851.8562749";"[VCM] Target Motor Torque";"2.09375";"N⋅m";
"63851.945709";"[VCM] Available Motor Maximum Output";"13";"%";
"63852.0068908";"[VCM] Motor RPM";"64";"rpm";
"63852.0068908";"[VCM] Motor Torque";"0";"N⋅m";
"63852.059506";"[VCM] Vehicle Speed";"24";"km/h";
"63852.2039612";"Розрахункове значення навантаження на двигун";"0";"%";
"63852.2564582";"Температура охолодної рідини";"72";"℃";
"63852.3191355";"Оберти двигуна";"0";"rpm";
"63852.3191355";"Оберти двигуна x1000";"0";"rpm";
"63852.3830669";"Температура олії у двигуні";"61";"℃";
"63852.4705476";"Прискорення";"0.03794958708357004";"g";
"63852.4705476";"Пройдений шлях";"4.666500441583336";"km";
"63852.4705476";"Пройдений шлях (Сьогодні)";"4.666499";"km";
"63852.4705476";"Пройдений шлях (Тиждень)";"4.666499";"km";
"63852.4705476";"Пройдений шлях(загальний)";"4.666499";"km";
"63852.4705476";"Середня швидкість";"24.088725088330087";"km/h";
"63852.4705476";"Швидкість автомобіля";"24";"km/h";
"63852.5714286";"Розрахунковий наддув";"-0.01";"bar";
"63852.5714286";"Тиск у впускному колекторі (абсолютний)";"98";"kPa";
"63852.6706609";"[BMS] HV State of charge";"64";"%";
"63852.7724619";"[BMS] HV Battery voltage";"360.31";"V";
"63852.8234371";"[BMS] Max Cell Voltage";"3.736";"V";
"63852.8859872";"[BMS] Min Cell Voltage";"3.729";"V";
"63852.9363942";"[BMS] HV Battery Current";"-6.75";"A";
"63853.0279166";"[BMS] HV Battery Current (Low)";"-6.599999999999909";"A";
"63853.0904018";"[BMS] HV Battery Current (High)";"-7.0499999999999545";"A";
"63853.143685";"[BMS] HV Battery Temperature Sensor 1";"28";"℃";
"63853.2060494";"[BMS] HV Battery Temperature Sensor 2";"28";"℃";
"63853.3025177";"[BMS] HV Battery Temperature Sensor 3";"26";"℃";
"63853.3517586";"[BMS] HV Battery Temperature Sensor 4";"26";"℃";
"63853.4149584";"[BMS] HV Battery Intake Air Temperature";"23";"℃";
"63853.4995794";"[VCM] Traction motor temperature";"41";"℃";
"63853.5985681";"[VCM] HV Coolant Temperature";"24";"℃";
"63853.6750745";"[VCM] Target Motor Torque";"23.9375";"N⋅m";
"63853.7366937";"[VCM] Available Motor Maximum Output";"13";"%";
"63853.7873686";"[VCM] Motor RPM";"1152";"rpm";
"63853.7873686";"[VCM] Motor Torque";"0.0625";"N⋅m";
"63853.854386";"[VCM] Vehicle Speed";"24";"km/h";
"63853.9434036";"Розрахункове значення навантаження на двигун";"0";"%";
"63853.9797594";"Оберти двигуна";"0";"rpm";
"63853.9797594";"Оберти двигуна x1000";"0";"rpm";
"63854.0367641";"Температура олії у двигуні";"61";"℃";
"63854.1279654";"Прискорення";"0.02525712138263444";"g";
"63854.1279654";"Пройдений шлях";"4.677549303583336";"km";
"63854.1279654";"Пройдений шлях (Сьогодні)";"4.677548";"km";
"63854.1279654";"Пройдений шлях (Тиждень)";"4.677548";"km";
"63854.1279654";"Пройдений шлях(загальний)";"4.677548";"km";
"63854.1279654";"Середня швидкість";"24.08851473741922";"km/h";
"63854.1279654";"Швидкість автомобіля";"24";"km/h";
"63854.2406926";"Розрахунковий наддув";"-0.01";"bar";
"63854.2406926";"Тиск у впускному колекторі (абсолютний)";"98";"kPa";
"63854.3283171";"[BMS] HV State of charge";"64";"%";
"63854.4164462";"[BMS] HV Battery voltage";"359.51";"V";
"63854.4804941";"[BMS] Max Cell Voltage";"3.737";"V";
"63854.5369813";"[BMS] Min Cell Voltage";"3.731";"V";
"63854.6048712";"[BMS] HV Battery Current";"-0.34999999999990905";"A";
"63854.6689079";"[BMS] HV Battery Current (Low)";"2.6000000000001364";"A";
"63854.7275634";"[BMS] HV Battery Current (High)";"4.050000000000182";"A";
"63854.7878574";"[BMS] HV Battery Temperature Sensor 1";"28";"℃";
"63854.8401194";"[BMS] HV Battery Temperature Sensor 2";"28";"℃";
"63854.9516234";"[BMS] HV Battery Temperature Sensor 3";"26";"℃";
"63855.0079687";"[BMS] HV Battery Temperature Sensor 4";"26";"℃";
"63855.0632308";"[BMS] HV Battery Intake Air Temperature";"23";"℃";
"63855.219044";"[VCM] Traction motor temperature";"41";"℃";
"63855.2824444";"[VCM] HV Coolant Temperature";"24";"℃";
"63855.3228171";"[VCM] Target Motor Torque";"-1.796875";"N⋅m";
"63855.3838191";"[VCM] Available Motor Maximum Output";"13";"%";
"63855.4354038";"[VCM] Motor RPM";"-192";"rpm";
"63855.4354038";"[VCM] Motor Torque";"-0.015625";"N⋅m";
"63855.5121417";"[VCM] Vehicle Speed";"24";"km/h";
"63855.5911324";"Розрахункове значення навантаження на двигун";"0";"%";
"63855.6273851";"Температура охолодної рідини";"72";"℃";
"63855.6837259";"Оберти двигуна";"0";"rpm";
"63855.6837259";"Оберти двигуна x1000";"0";"rpm";
"63855.7742012";"Температура олії у двигуні";"61";"℃";
"63855.8227501";"Пройдений шлях";"4.688377021888892";"km";
"63855.8227501";"Пройдений шлях (Сьогодні)";"4.688376";"km";
"63855.8227501";"Пройдений шлях (Тиждень)";"4.688376";"km";
"63855.8227501";"Пройдений шлях(загальний)";"4.688376";"km";
"63855.8227501";"Середня швидкість";"24.085882146043907";"km/h";
"63855.8227501";"Швидкість автомобіля";"23";"km/h";
"63855.8878102";"Розрахунковий наддув";"-0.01";"bar";
"63855.8878102";"Тиск у впускному колекторі (абсолютний)";"98";"kPa";
"63856.0067699";"[BMS] HV State of charge";"64";"%";
"63856.0727086";"[BMS] HV Battery voltage";"360.47";"V";
"63856.128063";"[BMS] Max Cell Voltage";"3.757";"V";
"63856.1805651";"[BMS] Min Cell Voltage";"3.743";"V";
"63856.2270546";"[BMS] HV Battery Current";"5.75";"A";
"63856.3152583";"[BMS] HV Battery Current (Low)";"5.4500000000000455";"A";
"63856.3843943";"[BMS] HV Battery Current (High)";"6.150000000000091";"A";
"63856.4383058";"[BMS] HV Battery Temperature Sensor 1";"28";"℃";
"63856.4858937";"[BMS] HV Battery Temperature Sensor 2";"28";"℃";
"63856.6089439";"[BMS] HV Battery Temperature Sensor 3";"26";"℃";
"63856.6477329";"[BMS] HV Battery Temperature Sensor 4";"26";"℃";
"63856.6836717";"[BMS] HV Battery Intake Air Temperature";"23";"℃";
"63856.8101744";"[VCM] Traction motor temperature";"41";"℃";
"63856.8999086";"[VCM] HV Coolant Temperature";"24";"℃";
"63856.9519252";"[VCM] Target Motor Torque";"15.140625";"N⋅m";
"63856.9950649";"[VCM] Available Motor Maximum Output";"100";"%";
"63857.0542155";"[VCM] Motor RPM";"1024";"rpm";
"63857.0542155";"[VCM] Motor Torque";"0.0625";"N⋅m";
"63857.139632";"[VCM] Vehicle Speed";"22";"km/h";
"63857.2361812";"Розрахункове значення навантаження на двигун";"0";"%";
"63857.2914681";"Оберти двигуна";"0";"rpm";
"63857.2914681";"Оберти двигуна x1000";"0";"rpm";
"63857.3449564";"Температура олії у двигуні";"61";"℃";
"63857.4218661";"Прискорення";"-0.004239452560972986";"g";
"63857.4218661";"Пройдений шлях";"4.697705237638892";"km";
"63857.4218661";"Пройдений шлях (Сьогодні)";"4.697704";"km";
"63857.4218661";"Пройдений шлях (Тиждень)";"4.697704";"km";
"63857.4218661";"Пройдений шлях(загальний)";"4.697704";"km";
"63857.4218661";"Середня швидкість";"24.07885613687557";"km/h";
"63857.4218661";"Швидкість автомобіля";"21";"km/h";
"63857.5035819";"Розрахунковий наддув";"-0.01";"bar";
"63857.5035819";"Тиск у впускному колекторі (абсолютний)";"98";"kPa";
"63857.6238476";"[BMS] HV State of charge";"63.5";"%";
"63857.6990022";"[BMS] HV Battery voltage";"360.31";"V";
"63857.7554888";"[BMS] Max Cell Voltage";"3.741";"V";
"63857.8320853";"[BMS] Min Cell Voltage";"3.737";"V";
"63857.8826059";"[BMS] HV Battery Current";"-2.699999999999818";"A";
"63857.9619655";"[BMS] HV Battery Current (Low)";"1";"A";
"63858.0283331";"[BMS] HV Battery Current (High)";"3.6000000000001364";"A";
"63858.0931728";"[BMS] HV Battery Temperature Sensor 1";"28";"℃";
"63858.1455499";"[BMS] HV Battery Temperature Sensor 2";"28";"℃";
"63858.1953466";"[BMS] HV Battery Temperature Sensor 3";"26";"℃";
"63858.2728784";"[BMS] HV Battery Temperature Sensor 4";"26";"℃";
"63858.3673048";"[BMS] HV Battery Intake Air Temperature";"23";"℃";
"63858.4690702";"[VCM] Traction motor temperature";"41";"℃";
"63858.5428789";"[VCM] HV Coolant Temperature";"24";"℃";
"63858.597039";"[VCM] Target Motor Torque";"11.390625";"N⋅m";
"63858.6606389";"[VCM] Available Motor Maximum Output";"13";"%";
"63858.7199187";"[VCM] Motor RPM";"320";"rpm";
"63858.7199187";"[VCM] Motor Torque";"0.015625";"N⋅m";
"63858.7980867";"[VCM] Vehicle Speed";"22";"km/h";
"63858.9068694";"Розрахункове значення навантаження на двигун";"0";"%";
"63858.9675022";"Температура охолодної рідини";"72";"℃";
"63859.0267477";"Оберти двигуна";"0";"rpm";
"63859.0267477";"Оберти двигуна x1000";"0";"rpm";
"63859.1035548";"Температура олії у двигуні";"61";"℃";
"63859.1561814";"Пройдений шлях";"4.708303907527781";"km";
"63859.1561814";"Пройдений шлях (Сьогодні)";"4.708303";"km";
"63859.1561814";"Пройдений шлях (Тиждень)";"4.708303";"km";
"63859.1561814";"Пройдений шлях(загальний)";"4.708303";"km";
"63859.1561814";"Середня швидкість";"24.073735404062848";"km/h";
"63859.1561814";"Швидкість автомобіля";"22";"km/h";
"63859.2178892";"Розрахунковий наддув";"-0.01";"bar";
"63859.2178892";"Тиск у впускному колекторі (абсолютний)";"98";"kPa";
"63859.3880887";"[BMS] HV State of charge";"63.5";"%";
"63859.4405003";"[BMS] HV Battery voltage";"357.58";"V";
"63859.5028615";"[BMS] Max Cell Voltage";"3.723";"V";
"63859.5552583";"[BMS] Min Cell Voltage";"3.713";"V";
"63859.6194928";"[BMS] HV Battery Current";"-11.349999999999909";"A";
"63859.6796826";"[BMS] HV Battery Current (Low)";"-6.25";"A";
"63859.7305194";"[BMS] HV Battery Current (High)";"-4.099999999999909";"A";
"63859.7964087";"[BMS] HV Battery Temperature Sensor 1";"28";"℃";
"63859.847328";"[BMS] HV Battery Temperature Sensor 2";"28";"℃";
"63859.9230199";"[BMS] HV Battery Temperature Sensor 3";"26";"℃";
"63859.9882007";"[BMS] HV Battery Temperature Sensor 4";"26";"℃";
"63860.0387315";"[BMS] HV Battery Intake Air Temperature";"23";"℃";
"63860.1722165";"[VCM] Traction motor temperature";"41";"℃";
"63860.2361957";"[VCM] HV Coolant Temperature";"24";"℃";
"63860.2878264";"[VCM] Target Motor Torque";"27.9375";"N⋅m";
"63860.3513715";"[VCM] Available Motor Maximum Output";"13";"%";
"63860.4462686";"[VCM] Motor RPM";"1024";"rpm";
"63860.4462686";"[VCM] Motor Torque";"0.0625";"N⋅m";
"63860.4960234";"[VCM] Vehicle Speed";"24";"km/h";
"63860.6239675";"Розрахункове значення навантаження на двигун";"0";"%";
"63860.6763753";"Оберти двигуна";"0";"rpm";
"63860.6763753";"Оберти двигуна x1000";"0";"rpm";
"63860.7554021";"Температура олії у двигуні";"61";"℃";
"63860.8075028";"Пройдений шлях";"4.7188538835833365";"km";
"63860.8075028";"Пройдений шлях (Сьогодні)";"4.718853";"km";
"63860.8075028";"Пройдений шлях (Тиждень)";"4.718853";"km";
"63860.8075028";"Пройдений шлях(загальний)";"4.718853";"km";
"63860.8075028";"Середня швидкість";"24.071223040198305";"km/h";
"63860.8075028";"Швидкість автомобіля";"23";"km/h";
"63860.8651432";"Розрахунковий наддув";"-0.01";"bar";
"63860.8651432";"Тиск у впускному колекторі (абсолютний)";"98";"kPa";
"63860.9509673";"[BMS] HV State of charge";"63.5";"%";
"63861.0144948";"[BMS] HV Battery voltage";"360.96";"V";
"63861.0801201";"[BMS] Max Cell Voltage";"3.747";"V";
"63861.131646";"[BMS] Min Cell Voltage";"3.743";"V";
"63861.1823766";"[BMS] HV Battery Current";"8.150000000000091";"A";
"63861.2782243";"[BMS] HV Battery Current (Low)";"8";"A";
"63861.3310731";"[BMS] HV Battery Current (High)";"8.300000000000182";"A";
"63861.392045";"[BMS] HV Battery Temperature Sensor 1";"28";"℃";
"63861.4440228";"[BMS] HV Battery Temperature Sensor 2";"28";"℃";
"63861.4986121";"[BMS] HV Battery Temperature Sensor 3";"26";"℃";
"63861.5735671";"[BMS] HV Battery Temperature Sensor 4";"26";"℃";
"63861.6249476";"[BMS] HV Battery Intake Air Temperature";"23";"℃";
"63861.751265";"[VCM] Traction motor temperature";"41";"℃";
"63861.8222293";"[VCM] HV Coolant Temperature";"24";"℃";
"63861.8871898";"[VCM] Target Motor Torque";"-53.625";"N⋅m";
"63861.9353859";"[VCM] Available Motor Maximum Output";"13";"%";
"63861.9960273";"[VCM] Motor RPM";"-3392";"rpm";
"63861.9960273";"[VCM] Motor Torque";"-0.21875";"N⋅m";
"63862.0509757";"[VCM] Vehicle Speed";"22";"km/h";
"63862.1730361";"Розрахункове значення навантаження на двигун";"0";"%";
"63862.239964";"Температура охолодної рідини";"72";"℃";
"63862.2949138";"Оберти двигуна";"0";"rpm";
"63862.2949138";"Оберти двигуна x1000";"0";"rpm";
"63862.3739415";"Температура олії у двигуні";"61";"℃";
"63862.4248666";"Пройдений шлях";"4.727839664694447";"km";
"63862.4248666";"Пройдений шлях (Сьогодні)";"4.727839";"km";
"63862.4248666";"Пройдений шлях (Тиждень)";"4.727839";"km";
"63862.4248666";"Пройдений шлях(загальний)";"4.727839";"km";
"63862.4248666";"Середня швидкість";"24.061913715881907";"km/h";
"63862.4248666";"Швидкість автомобіля";"20";"km/h";
"63862.4866787";"Розрахунковий наддув";"-0.01";"bar";
"63862.4866787";"Тиск у впускному колекторі (абсолютний)";"98";"kPa";
"63862.5868804";"[BMS] HV State of charge";"63.5";"%";
"63862.681414";"[BMS] HV Battery voltage";"362.41";"V";
"63862.730006";"[BMS] Max Cell Voltage";"3.754";"V";
"63862.7829816";"[BMS] Min Cell Voltage";"3.746";"V";
"63862.8431237";"[BMS] HV Battery Current";"4.150000000000091";"A";
"63862.9192103";"[BMS] HV Battery Current (Low)";"3.75";"A";
"63862.9922522";"[BMS] HV Battery Current (High)";"3.800000000000182";"A";
"63863.0449422";"[BMS] HV Battery Temperature Sensor 1";"28";"℃";
"63863.1038537";"[BMS] HV Battery Temperature Sensor 2";"28";"℃";
"63863.1914036";"[BMS] HV Battery Temperature Sensor 3";"26";"℃";
"63863.2466584";"[BMS] HV Battery Temperature Sensor 4";"26";"℃";
"63863.3084407";"[BMS] HV Battery Intake Air Temperature";"23";"℃";
"63863.4185109";"[VCM] Traction motor temperature";"41";"℃";
"63863.4958587";"[VCM] HV Coolant Temperature";"24";"℃";
"63863.5498971";"[VCM] Target Motor Torque";"-29.640625";"N⋅m";
"63863.6106167";"[VCM] Available Motor Maximum Output";"13";"%";
"63863.6751779";"[VCM] Motor RPM";"-3136";"rpm";
"63863.6751779";"[VCM] Motor Torque";"-0.203125";"N⋅m";
"63863.759082";"[VCM] Vehicle Speed";"18";"km/h";
"63863.8664554";"Розрахункове значення навантаження на двигун";"0";"%";
"63863.9264309";"Оберти двигуна";"0";"rpm";
"63863.9264309";"Оберти двигуна x1000";"0";"rpm";
"63864.0257392";"Температура олії у двигуні";"61";"℃";
"63864.0818124";"Пройдений шлях";"4.735207198027781";"km";
"63864.0818124";"Пройдений шлях (Сьогодні)";"4.735207";"km";
"63864.0818124";"Пройдений шлях (Тиждень)";"4.735207";"km";
"63864.0818124";"Пройдений шлях(загальний)";"4.735207";"km";
"63864.0818124";"Середня швидкість";"24.043064594611778";"km/h";
"63864.0818124";"Швидкість автомобіля";"16";"km/h";
"63864.1382615";"Розрахунковий наддув";"-0.01";"bar";
"63864.1382615";"Тиск у впускному колекторі (абсолютний)";"98";"kPa";
"63864.2552882";"[BMS] HV State of charge";"63.5";"%";
"63864.3192155";"[BMS] HV Battery voltage";"365.3";"V";
"63864.3839969";"[BMS] Max Cell Voltage";"3.786";"V";
"63864.4377315";"[BMS] Min Cell Voltage";"3.774";"V";
"63864.5043538";"[BMS] HV Battery Current";"19.75";"A";
"63864.5768328";"[BMS] HV Battery Current (Low)";"16.800000000000182";"A";
"63864.6289693";"[BMS] HV Battery Current (High)";"14.950000000000045";"A";
"63864.6726744";"[BMS] HV Battery Temperature Sensor 1";"28";"℃";
"63864.731153";"[BMS] HV Battery Temperature Sensor 2";"28";"℃";
"63864.7960766";"[BMS] HV Battery Temperature Sensor 3";"26";"℃";
"63864.8881543";"[BMS] HV Battery Temperature Sensor 4";"26";"℃";
"63864.9543152";"[BMS] HV Battery Intake Air Temperature";"23";"℃";
"63865.0747682";"[VCM] Traction motor temperature";"41";"℃";
"63865.1392559";"[VCM] HV Coolant Temperature";"24";"℃";
"63865.1913978";"[VCM] Target Motor Torque";"-0.125";"N⋅m";
"63865.2597979";"[VCM] Available Motor Maximum Output";"13";"%";
"63865.3100618";"[VCM] Motor RPM";"0";"rpm";
"63865.3100618";"[VCM] Motor Torque";"0";"N⋅m";
"63865.388735";"[VCM] Vehicle Speed";"5";"km/h";
"63865.5078031";"Розрахункове значення навантаження на двигун";"0";"%";
"63865.5544621";"Температура охолодної рідини";"72";"℃";
"63865.6239462";"Оберти двигуна";"0";"rpm";
"63865.6239462";"Оберти двигуна x1000";"0";"rpm";
"63865.6994951";"Температура олії у двигуні";"61";"℃";
"63865.7576082";"Прискорення";"-0.0772345315544458";"g";
"63865.7576082";"Пройдений шлях";"4.737068272472225";"km";
"63865.7576082";"Пройдений шлях (Сьогодні)";"4.737068";"km";
"63865.7576082";"Пройдений шлях (Тиждень)";"4.737068";"km";
"63865.7576082";"Пройдений шлях(загальний)";"4.737068";"km";
"63865.7576082";"Середня швидкість";"23.995826328711836";"km/h";
"63865.7576082";"Швидкість автомобіля";"4";"km/h";
"63865.8403336";"Розрахунковий наддув";"-0.01";"bar";
"63865.8403336";"Тиск у впускному колекторі (абсолютний)";"98";"kPa";
"63865.9757656";"[BMS] HV State of charge";"64";"%";
"63866.0283955";"[BMS] HV Battery voltage";"359.51";"V";
"63866.087438";"[BMS] Max Cell Voltage";"3.753";"V";
"63866.1387615";"[BMS] Min Cell Voltage";"3.744";"V";
"63866.2218549";"[BMS] HV Battery Current";"-4.25";"A";
"63866.2879582";"[BMS] HV Battery Current (Low)";"-5.2999999999999545";"A";
"63866.3399611";"[BMS] HV Battery Current (High)";"-5.599999999999909";"A";
"63866.4030853";"[BMS] HV Battery Temperature Sensor 1";"28";"℃";
"63866.4869664";"[BMS] HV Battery Temperature Sensor 2";"28";"℃";
"63866.543642";"[BMS] HV Battery Temperature Sensor 3";"26";"℃";
"63866.5796461";"[BMS] HV Battery Temperature Sensor 4";"26";"℃";
"63866.6387595";"[BMS] HV Battery Intake Air Temperature";"23";"℃";
"63866.7966969";"[VCM] Traction motor temperature";"41";"℃";
"63866.8697444";"[VCM] HV Coolant Temperature";"24";"℃";
"63866.9225389";"[VCM] Target Motor Torque";"30.890625";"N⋅m";
"63866.9713387";"[VCM] Available Motor Maximum Output";"13";"%";
"63867.0474253";"[VCM] Motor RPM";"1984";"rpm";
"63867.0474253";"[VCM] Motor Torque";"0.109375";"N⋅m";
"63867.0984426";"[VCM] Vehicle Speed";"3";"km/h";
"63867.1880331";"Розрахункове значення навантаження на двигун";"0";"%";
"63867.2505436";"Оберти двигуна";"0";"rpm";
"63867.2505436";"Оберти двигуна x1000";"0";"rpm";
"63867.3165754";"Температура олії у двигуні";"61";"℃";
"63867.3734369";"Прискорення";"-0.0862800324496038";"g";
"63867.3734369";"Пройдений шлях";"4.738414833055558";"km";
"63867.3734369";"Пройдений шлях (Сьогодні)";"4.738415";"km";
"63867.3734369";"Пройдений шлях (Тиждень)";"4.738415";"km";
"63867.3734369";"Пройдений шлях(загальний)";"4.738415";"km";
"63867.3734369";"Середня швидкість";"23.948196682922234";"km/h";
"63867.3734369";"Швидкість автомобіля";"3";"km/h";
"63867.4588331";"Розрахунковий наддув";"-0.01";"bar";
"63867.4588331";"Тиск у впускному колекторі (абсолютний)";"98";"kPa";
"63867.5946216";"[BMS] HV State of charge";"63.5";"%";
"63867.6620612";"[BMS] HV Battery voltage";"359.67";"V";
"63867.7101575";"[BMS] Max Cell Voltage";"3.736";"V";
"63867.7735992";"[BMS] Min Cell Voltage";"3.728";"V";
"63867.8233839";"[BMS] HV Battery Current";"-22.949999999999818";"A";
"63867.9278059";"[BMS] HV Battery Current (Low)";"-25.75";"A";
"63867.9962775";"[BMS] HV Battery Current (High)";"-29.699999999999818";"A";
"63868.0827927";"[BMS] HV Battery Temperature Sensor 1";"28";"℃";
"63868.1639962";"[BMS] HV Battery Temperature Sensor 2";"28";"℃";
"63868.2147389";"[BMS] HV Battery Temperature Sensor 3";"26";"℃";
"63868.2619141";"[BMS] HV Battery Temperature Sensor 4";"26";"℃";
"63868.3247374";"[BMS] HV Battery Intake Air Temperature";"23";"℃";
"63868.4439515";"[VCM] Traction motor temperature";"41";"℃";
"63868.4960419";"[VCM] HV Coolant Temperature";"24";"℃";
"63868.562396";"[VCM] Target Motor Torque";"111.859375";"N⋅m";
"63868.6118553";"[VCM] Available Motor Maximum Output";"13";"%";
"63868.687249";"[VCM] Motor RPM";"6240";"rpm";
"63868.687249";"[VCM] Motor Torque";"0.375";"N⋅m";
"63868.7427974";"[VCM] Vehicle Speed";"10";"km/h";
"63868.8635609";"Розрахункове значення навантаження на двигун";"0";"%";
"63868.9274699";"Температура охолодної рідини";"72";"℃";
"63868.9988191";"Оберти двигуна";"0";"rpm";
"63868.9988191";"Оберти двигуна x1000";"0";"rpm";
"63869.0476462";"Температура олії у двигуні";"61";"℃";
"63869.0879606";"Пройдений шлях";"4.742701037805558";"km";
"63869.0879606";"Пройдений шлях (Сьогодні)";"4.742701";"km";
"63869.0879606";"Пройдений шлях (Тиждень)";"4.742701";"km";
"63869.0879606";"Пройдений шлях(загальний)";"4.742701";"km";
"63869.0879606";"Середня швидкість";"23.91230326067522";"km/h";
"63869.0879606";"Швидкість автомобіля";"9";"km/h";
"63869.1465475";"Розрахунковий наддув";"-0.01";"bar";
"63869.1465475";"Тиск у впускному колекторі (абсолютний)";"98";"kPa";
"63869.2720913";"[BMS] HV State of charge";"63.5";"%";
"63869.3509182";"[BMS] HV Battery voltage";"357.09000000000003";"V";
"63869.4107032";"[BMS] Max Cell Voltage";"3.717";"V";
"63869.5115403";"[BMS] Min Cell Voltage";"3.711";"V";
"63869.5753514";"[BMS] HV Battery Current";"-35.299999999999955";"A";
"63869.6344725";"[BMS] HV Battery Current (Low)";"-1600";"A";
"63869.6957099";"[BMS] HV Battery Current (High)";"-40.59999999999991";"A";
"63869.7467506";"[BMS] HV Battery Temperature Sensor 1";"28";"℃";
"63869.8310011";"[BMS] HV Battery Temperature Sensor 2";"28";"℃";
"63869.9026474";"[BMS] HV Battery Temperature Sensor 3";"26";"℃";
"63869.9558231";"[BMS] HV Battery Temperature Sensor 4";"26";"℃";
"63870.0147186";"[BMS] HV Battery Intake Air Temperature";"23";"℃";
"63870.1342643";"[VCM] Traction motor temperature";"41";"℃";
"63870.2006365";"[VCM] HV Coolant Temperature";"25";"℃";
"63870.2527006";"[VCM] Target Motor Torque";"90.765625";"N⋅m";
"63870.3349235";"[VCM] Available Motor Maximum Output";"13";"%";
"63870.3939384";"[VCM] Motor RPM";"4896";"rpm";
"63870.3939384";"[VCM] Motor Torque";"0.296875";"N⋅m";
"63870.4570331";"[VCM] Vehicle Speed";"15";"km/h";
"63870.5680867";"Розрахункове значення навантаження на двигун";"0";"%";
"63870.6612032";"Оберти двигуна";"0";"rpm";
"63870.6612032";"Оберти двигуна x1000";"0";"rpm";
"63870.738827";"Температура олії у двигуні";"61";"℃";
"63870.7902856";"Пройдений шлях";"4.749794062805558";"km";
"63870.7902856";"Пройдений шлях (Сьогодні)";"4.749794";"km";
"63870.7902856";"Пройдений шлях (Тиждень)";"4.749794";"km";
"63870.7902856";"Пройдений шлях(загальний)";"4.749794";"km";
"63870.7902856";"Середня швидкість";"23.891105418629156";"km/h";
"63870.7902856";"Швидкість автомобіля";"15";"km/h";
"63870.8436222";"Розрахунковий наддув";"-0.01";"bar";
"63870.8436222";"Тиск у впускному колекторі (абсолютний)";"98";"kPa";
"63870.9517343";"[BMS] HV State of charge";"63";"%";
"63871.0025718";"[BMS] HV Battery voltage";"359.99";"V";
"63871.0501924";"[BMS] Max Cell Voltage";"3.734";"V";
"63871.0958485";"[BMS] Min Cell Voltage";"3.729";"V";
"63871.1706352";"[BMS] HV Battery Current";"-0.14999999999986358";"A";
"63871.2210854";"[BMS] HV Battery Current (Low)";"-0.75";"A";
"63871.2761119";"[BMS] HV Battery Current (High)";"-0.25";"A";
"63871.3439512";"[BMS] HV Battery Temperature Sensor 1";"28";"℃";
"63871.4080305";"[BMS] HV Battery Temperature Sensor 2";"28";"℃";
"63871.4721634";"[BMS] HV Battery Temperature Sensor 3";"26";"℃";
"63871.5278289";"[BMS] HV Battery Temperature Sensor 4";"26";"℃";
"63871.5902297";"[BMS] HV Battery Intake Air Temperature";"23";"℃";
"63871.7206837";"[VCM] Traction motor temperature";"41";"℃";
"63871.7744123";"[VCM] HV Coolant Temperature";"25";"℃";
"63871.8349461";"[VCM] Target Motor Torque";"-9.84375";"N⋅m";
"63871.9075661";"[VCM] Available Motor Maximum Output";"13";"%";
"63872.0032007";"[VCM] Motor RPM";"-800";"rpm";
"63872.0032007";"[VCM] Motor Torque";"-0.0625";"N⋅m";
"63872.0594156";"[VCM] Vehicle Speed";"15";"km/h";
"63872.1701731";"Розрахункове значення навантаження на двигун";"0";"%";
"63872.2665105";"Температура охолодної рідини";"71";"℃";
"63872.3274542";"Оберти двигуна";"0";"rpm";
"63872.3274542";"Оберти двигуна x1000";"0";"rpm";
"63872.3840004";"Температура олії у двигуні";"61";"℃";
"63872.443087";"Пройдений шлях";"4.756221720250002";"km";
"63872.443087";"Пройдений шлях (Сьогодні)";"4.756222";"km";
"63872.443087";"Пройдений шлях (Тиждень)";"4.756222";"km";
"63872.443087";"Пройдений шлях(загальний)";"4.756222";"km";
"63872.443087";"Середня швидкість";"23.868316211837456";"km/h";
"63872.443087";"Швидкість автомобіля";"14";"km/h";
"63872.4934982";"Розрахунковий наддув";"-0.01";"bar";
"63872.4934982";"Тиск у впускному колекторі (абсолютний)";"98";"kPa";
"63872.6208121";"[BMS] HV State of charge";"63";"%";
"63872.684774";"[BMS] HV Battery voltage";"356.29";"V";
"63872.7370805";"[BMS] Max Cell Voltage";"3.705";"V";
"63872.8201885";"[BMS] Min Cell Voltage";"3.695";"V";
"63872.8714773";"[BMS] HV Battery Current";"-39.549999999999955";"A";
"63872.9343295";"[BMS] HV Battery Current (Low)";"-1600";"A";
"63872.9951034";"[BMS] HV Battery Current (High)";"-40.84999999999991";"A";
"63873.0419401";"[BMS] HV Battery Temperature Sensor 1";"28";"℃";
"63873.1266742";"[BMS] HV Battery Temperature Sensor 2";"28";"℃";
"63873.1869261";"[BMS] HV Battery Temperature Sensor 3";"26";"℃";
"63873.2493082";"[BMS] HV Battery Temperature Sensor 4";"26";"℃";
"63873.3153644";"[BMS] HV Battery Intake Air Temperature";"23";"℃";
"63873.4552985";"[VCM] Traction motor temperature";"41";"℃";
"63873.490956";"[VCM] HV Coolant Temperature";"25";"℃";
"63873.5472875";"[VCM] Target Motor Torque";"77.890625";"N⋅m";
"63873.6114775";"[VCM] Available Motor Maximum Output";"100";"%";
"63873.6757474";"[VCM] Motor RPM";"5120";"rpm";
"63873.6757474";"[VCM] Motor Torque";"0.3125";"N⋅m";
"63873.7269977";"[VCM] Vehicle Speed";"18";"km/h";
"63873.8503068";"Розрахункове значення навантаження на двигун";"0";"%";
"63873.9474067";"Оберти двигуна";"0";"rpm";
"63873.9474067";"Оберти двигуна x1000";"0";"rpm";
"63874.0075622";"Температура олії у двигуні";"61";"℃";
"63874.0630164";"Пройдений шлях";"4.764321247250002";"km";
"63874.0630164";"Пройдений шлях (Сьогодні)";"4.764322";"km";
"63874.0630164";"Пройдений шлях (Тиждень)";"4.764322";"km";
"63874.0630164";"Пройдений шлях(загальний)";"4.764322";"km";
"63874.0630164";"Середня швидкість";"23.855094710665227";"km/h";
"63874.0630164";"Швидкість автомобіля";"18";"km/h";
"63874.1961993";"Розрахунковий наддув";"-0.01";"bar";
"63874.1961993";"Тиск у впускному колекторі (абсолютний)";"98";"kPa";
"63874.3191365";"[BMS] HV State of charge";"62.5";"%";
"63874.370699";"[BMS] HV Battery voltage";"353.07";"V";
"63874.432484";"[BMS] Max Cell Voltage";"3.682";"V";
"63874.5196028";"[BMS] Min Cell Voltage";"3.673";"V";
"63874.5718009";"[BMS] HV Battery Current";"-40.59999999999991";"A";
"63874.6354318";"[BMS] HV Battery Current (Low)";"-1600";"A";
"63874.6891484";"[BMS] HV Battery Current (High)";"-39.75";"A";
"63874.7830211";"[BMS] HV Battery Temperature Sensor 1";"28";"℃";
"63874.8590914";"[BMS] HV Battery Temperature Sensor 2";"28";"℃";
"63874.8959782";"[BMS] HV Battery Temperature Sensor 3";"26";"℃";
"63874.956661";"[BMS] HV Battery Temperature Sensor 4";"26";"℃";
"63875.0521051";"[BMS] HV Battery Intake Air Temperature";"23";"℃";
"63875.1677833";"[VCM] Traction motor temperature";"42";"℃";
"63875.2315445";"[VCM] HV Coolant Temperature";"25";"℃";
"63875.3159786";"[VCM] Target Motor Torque";"37.234375";"N⋅m";
"63875.3713354";"[VCM] Available Motor Maximum Output";"100";"%";
"63875.4234779";"[VCM] Motor RPM";"2496";"rpm";
"63875.4234779";"[VCM] Motor Torque";"0.140625";"N⋅m";
"63875.4740822";"[VCM] Vehicle Speed";"24";"km/h";
"63875.6243199";"Розрахункове значення навантаження на двигун";"0";"%";
"63875.6747804";"Температура охолодної рідини";"71";"℃";
"63875.75676";"Оберти двигуна";"0";"rpm";
"63875.75676";"Оберти двигуна x1000";"0";"rpm";
"63875.8423216";"Температура олії у двигуні";"61";"℃";
"63875.8943907";"Пройдений шлях";"4.7760216162222235";"km";
"63875.8943907";"Пройдений шлях (Сьогодні)";"4.776022";"km";
"63875.8943907";"Пройдений шлях (Тиждень)";"4.776022";"km";
"63875.8943907";"Пройдений шлях(загальний)";"4.776022";"km";
"63875.8943907";"Середня швидкість";"23.85292220333993";"km/h";
"63875.8943907";"Швидкість автомобіля";"23";"km/h";
"63875.9561969";"Розрахунковий наддув";"-0.01";"bar";
"63875.9561969";"Тиск у впускному колекторі (абсолютний)";"98";"kPa";
"63876.0709667";"[BMS] HV State of charge";"62.5";"%";
"63876.1468337";"[BMS] HV Battery voltage";"354.36";"V";
"63876.1969664";"[BMS] Max Cell Voltage";"3.685";"V";
"63876.259671";"[BMS] Min Cell Voltage";"3.677";"V";
"63876.3147303";"[BMS] HV Battery Current";"-34.649999999999864";"A";
"63876.4028619";"[BMS] HV Battery Current (Low)";"-25.59999999999991";"A";
"63876.449878";"[BMS] HV Battery Current (High)";"-14.149999999999864";"A";
"63876.5082066";"[BMS] HV Battery Temperature Sensor 1";"28";"℃";
"63876.5835371";"[BMS] HV Battery Temperature Sensor 2";"28";"℃";
"63876.670732";"[BMS] HV Battery Temperature Sensor 3";"26";"℃";
"63876.7314367";"[BMS] HV Battery Temperature Sensor 4";"26";"℃";
"63876.790279";"[BMS] HV Battery Intake Air Temperature";"23";"℃";
"63876.880816";"[VCM] Traction motor temperature";"41";"℃";
"63876.9735802";"[VCM] HV Coolant Temperature";"25";"℃";
"63877.0246617";"[VCM] Target Motor Torque";"8.625";"N⋅m";
"63877.075363";"[VCM] Available Motor Maximum Output";"100";"%";
"63877.110636";"[VCM] Motor RPM";"1024";"rpm";
"63877.110636";"[VCM] Motor Torque";"0.0625";"N⋅m";
"63877.1833964";"[VCM] Vehicle Speed";"25";"km/h";
"63877.2949366";"Розрахункове значення навантаження на двигун";"0";"%";
"63877.3545557";"Оберти двигуна";"0";"rpm";
"63877.3545557";"Оберти двигуна x1000";"0";"rpm";
"63877.413861";"Температура олії у двигуні";"61";"℃";
"63877.4872245";"Пройдений шлях";"4.787082978722223";"km";
"63877.4872245";"Пройдений шлях (Сьогодні)";"4.787083";"km";
"63877.4872245";"Пройдений шлях (Тиждень)";"4.787083";"km";
"63877.4872245";"Пройдений шлях(загальний)";"4.787083";"km";
"63877.4872245";"Середня швидкість";"23.855451374219133";"km/h";
"63877.4872245";"Швидкість автомобіля";"25";"km/h";
"63877.5496987";"Розрахунковий наддув";"-0.01";"bar";
"63877.5496987";"Тиск у впускному колекторі (абсолютний)";"98";"kPa";
"63877.6509612";"[BMS] HV State of charge";"62.5";"%";
"63877.7028245";"[BMS] HV Battery voltage";"354.36";"V";
"63877.8136255";"[BMS] Max Cell Voltage";"3.681";"V";
"63877.8632253";"[BMS] Min Cell Voltage";"3.672";"V";
"63877.9269185";"[BMS] HV Battery Current";"-45.09999999999991";"A";
"63877.9805565";"[BMS] HV Battery Current (Low)";"-1600";"A";
"63878.0512515";"[BMS] HV Battery Current (High)";"-44.25";"A";
"63878.1051824";"[BMS] HV Battery Temperature Sensor 1";"28";"℃";
"63878.2190737";"[BMS] HV Battery Temperature Sensor 2";"28";"℃";
"63878.3036644";"[BMS] HV Battery Temperature Sensor 3";"26";"℃";
"63878.3552531";"[BMS] HV Battery Temperature Sensor 4";"26";"℃";
"63878.4071074";"[BMS] HV Battery Intake Air Temperature";"23";"℃";
"63878.5476221";"[VCM] Traction motor temperature";"42";"℃";
"63878.6127603";"[VCM] HV Coolant Temperature";"25";"℃";
"63878.662829";"[VCM] Target Motor Torque";"54.03125";"N⋅m";
"63878.7223918";"[VCM] Available Motor Maximum Output";"100";"%";
"63878.7964823";"[VCM] Motor RPM";"3520";"rpm";
"63878.7964823";"[VCM] Motor Torque";"0.203125";"N⋅m";
"63878.859866";"[VCM] Vehicle Speed";"28";"km/h";
"63878.9479652";"Розрахункове значення навантаження на двигун";"0";"%";
"63879.0138416";"Температура охолодної рідини";"71";"℃";
"63879.076956";"Оберти двигуна";"0";"rpm";
"63879.076956";"Оберти двигуна x1000";"0";"rpm";
"63879.1397211";"Температура олії у двигуні";"61";"℃";
"63879.1917863";"Прискорення";"0.05876040514162071";"g";
"63879.1917863";"Пройдений шлях";"4.800341175500001";"km";
"63879.1917863";"Пройдений шлях (Сьогодні)";"4.800341";"km";
"63879.1917863";"Пройдений шлях (Тиждень)";"4.800341";"km";
"63879.1917863";"Пройдений шлях(загальний)";"4.800341";"km";
"63879.1917863";"Середня швидкість";"23.86520793571025";"km/h";
"63879.1917863";"Швидкість автомобіля";"28";"km/h";
"63879.2707342";"Розрахунковий наддув";"-0.01";"bar";
"63879.2707342";"Тиск у впускному колекторі (абсолютний)";"98";"kPa";
"63879.4118604";"[BMS] HV State of charge";"62";"%";
"63879.4605455";"[BMS] HV Battery voltage";"353.07";"V";
"63879.5234244";"[BMS] Max Cell Voltage";"3.682";"V";
"63879.6210708";"[BMS] Min Cell Voltage";"3.673";"V";
"63879.677463";"[BMS] HV Battery Current";"-10.699999999999818";"A";
"63879.738017";"[BMS] HV Battery Current (Low)";"-6.949999999999818";"A";
"63879.7901173";"[BMS] HV Battery Current (High)";"-2.7999999999999545";"A";
"63879.8838157";"[BMS] HV Battery Temperature Sensor 1";"28";"℃";
"63879.9357952";"[BMS] HV Battery Temperature Sensor 2";"28";"℃";
"63879.9877995";"[BMS] HV Battery Temperature Sensor 3";"26";"℃";
"63880.0472235";"[BMS] HV Battery Temperature Sensor 4";"26";"℃";
"63880.0975789";"[BMS] HV Battery Intake Air Temperature";"23";"℃";
"63880.2550519";"[VCM] Traction motor temperature";"42";"℃";
"63880.3081415";"[VCM] HV Coolant Temperature";"25";"℃";
"63880.3670967";"[VCM] Target Motor Torque";"-15.765625";"N⋅m";
"63880.4503536";"[VCM] Available Motor Maximum Output";"13";"%";
"63880.5131814";"[VCM] Motor RPM";"-1024";"rpm";
"63880.5131814";"[VCM] Motor Torque";"-0.0625";"N⋅m";
"63880.5636433";"[VCM] Vehicle Speed";"29";"km/h";
"63880.6515176";"Розрахункове значення навантаження на двигун";"0";"%";
"63880.7237866";"Оберти двигуна";"0";"rpm";
"63880.7237866";"Оберти двигуна x1000";"0";"rpm";
"63880.794496";"Температура олії у двигуні";"61";"℃";
"63880.8630143";"Прискорення";"0.041655086923626856";"g";
"63880.8630143";"Пройдений шлях";"4.813339152722223";"km";
"63880.8630143";"Пройдений шлях (Сьогодні)";"4.813339";"km";
"63880.8630143";"Пройдений шлях (Тиждень)";"4.813339";"km";
"63880.8630143";"Пройдений шлях(загальний)";"4.813339";"km";
"63880.8630143";"Середня швидкість";"23.874728515400285";"km/h";
"63880.8630143";"Швидкість автомобіля";"28";"km/h";
"63880.9738671";"Розрахунковий наддув";"-0.01";"bar";
"63880.9738671";"Тиск у впускному колекторі (абсолютний)";"98";"kPa";
"63881.0845349";"[BMS] HV State of charge";"62";"%";
"63881.1398438";"[BMS] HV Battery voltage";"355.64";"V";
"63881.1970349";"[BMS] Max Cell Voltage";"3.684";"V";
"63881.2713523";"[BMS] Min Cell Voltage";"3.674";"V";
"63881.3404857";"[BMS] HV Battery Current";"-40.399999999999864";"A";
"63881.383147";"[BMS] HV Battery Current (Low)";"-1600";"A";
"63881.4384648";"[BMS] HV Battery Current (High)";"-37.399999999999864";"A";
"63881.5228322";"[BMS] HV Battery Temperature Sensor 1";"28";"℃";
"63881.5830812";"[BMS] HV Battery Temperature Sensor 2";"28";"℃";
"63881.6304338";"[BMS] HV Battery Temperature Sensor 3";"26";"℃";
"63881.6937777";"[BMS] HV Battery Temperature Sensor 4";"26";"℃";
"63881.7506458";"[BMS] HV Battery Intake Air Temperature";"23";"℃";
"63881.8809533";"[VCM] Traction motor temperature";"41";"℃";
"63881.9309166";"[VCM] HV Coolant Temperature";"25";"℃";
"63881.9980106";"[VCM] Target Motor Torque";"-8.8125";"N⋅m";
"63882.0864562";"[VCM] Available Motor Maximum Output";"100";"%";
"63882.1489633";"[VCM] Motor RPM";"-800";"rpm";
"63882.1489633";"[VCM] Motor Torque";"-0.0625";"N⋅m";
"63882.2105157";"[VCM] Vehicle Speed";"29";"km/h";
"63882.3440565";"Розрахункове значення навантаження на двигун";"0";"%";
"63882.384149";"Температура охолодної рідини";"71";"℃";
"63882.4511748";"Оберти двигуна";"0";"rpm";
"63882.4511748";"Оберти двигуна x1000";"0";"rpm";
"63882.5042131";"Температура олії у двигуні";"61";"℃";
"63882.5513608";"Прискорення";"0.02127503166568029";"g";
"63882.5513608";"Пройдений шлях";"4.826470712500001";"km";
"63882.5513608";"Пройдений шлях (Сьогодні)";"4.826471";"km";
"63882.5513608";"Пройдений шлях (Тиждень)";"4.826471";"km";
"63882.5513608";"Пройдений шлях(загальний)";"4.826471";"km";
"63882.5513608";"Середня швидкість";"23.88430252165026";"km/h";
"63882.5513608";"Швидкість автомобіля";"28";"km/h";
"63882.6518678";"Розрахунковий наддув";"-0.01";"bar";
"63882.6518678";"Тиск у впускному колекторі (абсолютний)";"98";"kPa";
"63882.7558284";"[BMS] HV State of charge";"62";"%";
"63882.8152969";"[BMS] HV Battery voltage";"357.90000000000003";"V";
"63882.9033722";"[BMS] Max Cell Voltage";"3.704";"V";
"63882.9566197";"[BMS] Min Cell Voltage";"3.697";"V";
"63883.0077881";"[BMS] HV Battery Current";"-17";"A";
"63883.0480096";"[BMS] HV Battery Current (Low)";"-17.199999999999818";"A";
"63883.0987034";"[BMS] HV Battery Current (High)";"-16.899999999999864";"A";
"63883.1677623";"[BMS] HV Battery Temperature Sensor 1";"28";"℃";
"63883.2244875";"[BMS] HV Battery Temperature Sensor 2";"28";"℃";
"63883.2868337";"[BMS] HV Battery Temperature Sensor 3";"26";"℃";
"63883.3431228";"[BMS] HV Battery Temperature Sensor 4";"26";"℃";
"63883.3905355";"[BMS] HV Battery Intake Air Temperature";"23";"℃";
"63883.5438236";"[VCM] Traction motor temperature";"41";"℃";
"63883.5940053";"[VCM] HV Coolant Temperature";"24";"℃";
"63883.6464263";"[VCM] Target Motor Torque";"20.109375";"N⋅m";
"63883.7202474";"[VCM] Available Motor Maximum Output";"13";"%";
"63883.7818686";"[VCM] Motor RPM";"1280";"rpm";
"63883.7818686";"[VCM] Motor Torque";"0.078125";"N⋅m";
"63883.8444019";"[VCM] Vehicle Speed";"29";"km/h";
"63883.9479267";"Розрахункове значення навантаження на двигун";"0";"%";
"63883.9998622";"Оберти двигуна";"0";"rpm";
"63883.9998622";"Оберти двигуна x1000";"0";"rpm";
"63884.0508079";"Температура олії у двигуні";"61";"℃";
"63884.0986291";"Прискорення";"0.012852995123229035";"g";
"63884.0986291";"Пройдений шлях";"4.8385051249444455";"km";
"63884.0986291";"Пройдений шлях (Сьогодні)";"4.838505";"km";
"63884.0986291";"Пройдений шлях (Тиждень)";"4.838505";"km";
"63884.0986291";"Пройдений шлях(загальний)";"4.838505";"km";
"63884.0986291";"Середня швидкість";"23.893037673669173";"km/h";
"63884.0986291";"Швидкість автомобіля";"28";"km/h";
"63884.1775792";"Розрахунковий наддув";"-0.01";"bar";
"63884.1775792";"Тиск у впускному колекторі (абсолютний)";"98";"kPa";
"63884.3117047";"[BMS] HV State of charge";"61.5";"%";
"63884.3642443";"[BMS] HV Battery voltage";"359.67";"V";
"63884.4301133";"[BMS] Max Cell Voltage";"3.741";"V";
"63884.4824587";"[BMS] Min Cell Voltage";"3.734";"V";
"63884.5736687";"[BMS] HV Battery Current";"29.90000000000009";"A";
"63884.6355441";"[BMS] HV Battery Current (Low)";"-1600";"A";
"63884.7002628";"[BMS] HV Battery Current (High)";"32.450000000000045";"A";
"63884.7410505";"[BMS] HV Battery Temperature Sensor 1";"28";"℃";
"63884.8313518";"[BMS] HV Battery Temperature Sensor 2";"28";"℃";
"63884.8910978";"[BMS] HV Battery Temperature Sensor 3";"26";"℃";
"63884.9422512";"[BMS] HV Battery Temperature Sensor 4";"26";"℃";
"63884.9996477";"[BMS] HV Battery Intake Air Temperature";"23";"℃";
"63885.1241542";"[VCM] Traction motor temperature";"42";"℃";
"63885.1954027";"[VCM] HV Coolant Temperature";"24";"℃";
"63885.2480312";"[VCM] Target Motor Torque";"-84.4375";"N⋅m";
"63885.3000816";"[VCM] Available Motor Maximum Output";"13";"%";
"63885.4000964";"[VCM] Motor RPM";"-5984";"rpm";
"63885.4000964";"[VCM] Motor Torque";"-0.375";"N⋅m";
"63885.4512875";"[VCM] Vehicle Speed";"24";"km/h";
"63885.5641779";"Розрахункове значення навантаження на двигун";"0";"%";
"63885.6026975";"Температура охолодної рідини";"71";"℃";
"63885.6795712";"Оберти двигуна";"0";"rpm";
"63885.6795712";"Оберти двигуна x1000";"0";"rpm";
"63885.7326548";"Температура олії у двигуні";"61";"℃";
"63885.790073";"Прискорення";"-0.025757096116890112";"g";
"63885.790073";"Пройдений шлях";"4.848842136000001";"km";
"63885.790073";"Пройдений шлях (Сьогодні)";"4.848842";"km";
"63885.790073";"Пройдений шлях (Тиждень)";"4.848842";"km";
"63885.790073";"Пройдений шлях(загальний)";"4.848842";"km";
"63885.790073";"Середня швидкість";"23.88865554404164";"km/h";
"63885.790073";"Швидкість автомобіля";"22";"km/h";
"63885.8733347";"Розрахунковий наддув";"-0.01";"bar";
"63885.8733347";"Тиск у впускному колекторі (абсолютний)";"98";"kPa";
"63886.0185609";"[BMS] HV State of charge";"62";"%";
"63886.0730476";"[BMS] HV Battery voltage";"364.18";"V";
"63886.1352979";"[BMS] Max Cell Voltage";"3.788";"V";
"63886.2270048";"[BMS] Min Cell Voltage";"3.779";"V";
"63886.2785013";"[BMS] HV Battery Current";"42.30000000000018";"A";
"63886.3301443";"[BMS] HV Battery Current (Low)";"-1600";"A";
"63886.3677613";"[BMS] HV Battery Current (High)";"40.15000000000009";"A";
"63886.4276936";"[BMS] HV Battery Temperature Sensor 1";"28";"℃";
"63886.5197647";"[BMS] HV Battery Temperature Sensor 2";"28";"℃";
"63886.5716939";"[BMS] HV Battery Temperature Sensor 3";"26";"℃";
"63886.6279318";"[BMS] HV Battery Temperature Sensor 4";"26";"℃";
"63886.6835447";"[BMS] HV Battery Intake Air Temperature";"23";"℃";
"63886.8291294";"[VCM] Traction motor temperature";"41";"℃";
"63886.8836364";"[VCM] HV Coolant Temperature";"24";"℃";
"63886.9470997";"[VCM] Target Motor Torque";"-139.203125";"N⋅m";
"63887.0423072";"[VCM] Available Motor Maximum Output";"100";"%";
"63887.1023733";"[VCM] Motor RPM";"-8192";"rpm";
"63887.1023733";"[VCM] Motor Torque";"-0.5";"N⋅m";
"63887.1586298";"[VCM] Vehicle Speed";"11";"km/h";
"63887.3179615";"Розрахункове значення навантаження на двигун";"0";"%";
"63887.3789087";"Оберти двигуна";"0";"rpm";
"63887.3789087";"Оберти двигуна x1000";"0";"rpm";
"63887.4272955";"Температура олії у двигуні";"61";"℃";
"63887.4831988";"Прискорення";"-0.0812943441152527";"g";
"63887.4831988";"Пройдений шлях";"4.853075396500001";"km";
"63887.4831988";"Пройдений шлях (Сьогодні)";"4.853075";"km";
"63887.4831988";"Пройдений шлях (Тиждень)";"4.853075";"km";
"63887.4831988";"Пройдений шлях(загальний)";"4.853075";"km";
"63887.4831988";"Середня швидкість";"23.85423352066415";"km/h";
"63887.4831988";"Швидкість автомобіля";"9";"km/h";
"63887.5990349";"Розрахунковий наддув";"-0.01";"bar";
"63887.5990349";"Тиск у впускному колекторі (абсолютний)";"98";"kPa";
"63887.718628";"[BMS] HV State of charge";"62.5";"%";
"63887.7723331";"[BMS] HV Battery voltage";"362.41";"V";
"63887.8490222";"[BMS] Max Cell Voltage";"3.745";"V";
"63887.9079836";"[BMS] Min Cell Voltage";"3.736";"V";
"63887.9584692";"[BMS] HV Battery Current";"-2.75";"A";
"63888.0183682";"[BMS] HV Battery Current (Low)";"-4.149999999999864";"A";
"63888.0707844";"[BMS] HV Battery Current (High)";"-4.949999999999818";"A";
"63888.152361";"[BMS] HV Battery Temperature Sensor 1";"28";"℃";
"63888.2149434";"[BMS] HV Battery Temperature Sensor 2";"28";"℃";
"63888.2673785";"[BMS] HV Battery Temperature Sensor 3";"26";"℃";
"63888.3201674";"[BMS] HV Battery Temperature Sensor 4";"26";"℃";
"63888.4046925";"[BMS] HV Battery Intake Air Temperature";"23";"℃";
"63888.5540196";"[VCM] Traction motor temperature";"42";"℃";
"63888.595225";"[VCM] HV Coolant Temperature";"24";"℃";
"63888.6309369";"[VCM] Target Motor Torque";"114.71875";"N⋅m";
"63888.7213825";"[VCM] Available Motor Maximum Output";"13";"%";
"63888.7763457";"[VCM] Motor RPM";"7264";"rpm";
"63888.7763457";"[VCM] Motor Torque";"0.4375";"N⋅m";
"63888.826463";"[VCM] Vehicle Speed";"7";"km/h";
"63888.9988817";"Розрахункове значення навантаження на двигун";"0";"%";
"63889.0524818";"Температура охолодної рідини";"70";"℃";
"63889.1075846";"Оберти двигуна";"0";"rpm";
"63889.1075846";"Оберти двигуна x1000";"0";"rpm";
"63889.1662358";"Температура олії у двигуні";"61";"℃";
"63889.2595371";"Прискорення";"-0.0844505257941734";"g";
"63889.2595371";"Пройдений шлях";"4.857022362500001";"km";
"63889.2595371";"Пройдений шлях (Сьогодні)";"4.857022";"km";
"63889.2595371";"Пройдений шлях (Тиждень)";"4.857022";"km";
"63889.2595371";"Пройдений шлях(загальний)";"4.857022";"km";
"63889.2595371";"Середня швидкість";"23.815879123297144";"km/h";
"63889.2595371";"Швидкість автомобіля";"8";"km/h";
"63889.338084";"Розрахунковий наддув";"-0.01";"bar";
"63889.338084";"Тиск у впускному колекторі (абсолютний)";"98";"kPa";
"63889.4431087";"[BMS] HV State of charge";"62";"%";
"63889.5361917";"[BMS] HV Battery voltage";"360.31";"V";
"63889.5868873";"[BMS] Max Cell Voltage";"3.726";"V";
"63889.6498937";"[BMS] Min Cell Voltage";"3.719";"V";
"63889.7040969";"[BMS] HV Battery Current";"-20.34999999999991";"A";
"63889.7916399";"[BMS] HV Battery Current (Low)";"-26.299999999999955";"A";
"63889.8464384";"[BMS] HV Battery Current (High)";"-33.799999999999955";"A";
"63889.9079259";"[BMS] HV Battery Temperature Sensor 1";"28";"℃";
"63889.9580562";"[BMS] HV Battery Temperature Sensor 2";"28";"℃";
"63890.0541093";"[BMS] HV Battery Temperature Sensor 3";"26";"℃";
"63890.1196668";"[BMS] HV Battery Temperature Sensor 4";"26";"℃";
"63890.1684901";"[BMS] HV Battery Intake Air Temperature";"23";"℃";
"63890.32714";"[VCM] Traction motor temperature";"42";"℃";
"63890.3868951";"[VCM] HV Coolant Temperature";"24";"℃";
"63890.4400567";"[VCM] Target Motor Torque";"84.28125";"N⋅m";
"63890.4945103";"[VCM] Available Motor Maximum Output";"13";"%";
"63890.5548288";"[VCM] Motor RPM";"5600";"rpm";
"63890.5548288";"[VCM] Motor Torque";"0.328125";"N⋅m";
"63890.6277336";"[VCM] Vehicle Speed";"14";"km/h";
"63890.7396316";"Розрахункове значення навантаження на двигун";"0";"%";
"63890.8002727";"Оберти двигуна";"0";"rpm";
"63890.8002727";"Оберти двигуна x1000";"0";"rpm";
"63890.896713";"Температура олії у двигуні";"61";"℃";
"63891.0160484";"Пройдений шлях";"4.863853013055557";"km";
"63891.0160484";"Пройдений шлях (Сьогодні)";"4.863853";"km";
"63891.0160484";"Пройдений шлях (Тиждень)";"4.863853";"km";
"63891.0160484";"Пройдений шлях(загальний)";"4.863853";"km";
"63891.0160484";"Середня швидкість";"23.792451836673504";"km/h";
"63891.0160484";"Швидкість автомобіля";"14";"km/h";
"63891.103731";"Розрахунковий наддув";"-0.01";"bar";
"63891.103731";"Тиск у впускному колекторі (абсолютний)";"98";"kPa";
"63891.3043295";"[BMS] HV State of charge";"61.5";"%";
"63891.3762342";"[BMS] HV Battery voltage";"353.87";"V";
"63891.4864467";"[BMS] Max Cell Voltage";"3.677";"V";
"63891.5518705";"[BMS] Min Cell Voltage";"3.675";"V";
"63891.6033405";"[BMS] HV Battery Current";"-23.5";"A";
"63891.7033655";"[BMS] HV Battery Current (Low)";"-16.34999999999991";"A";
"63891.7620822";"[BMS] HV Battery Current (High)";"-9.199999999999818";"A";
"63891.8230203";"[BMS] HV Battery Temperature Sensor 1";"28";"℃";
"63891.885787";"[BMS] HV Battery Temperature Sensor 2";"28";"℃";
"63891.93572";"[BMS] HV Battery Temperature Sensor 3";"26";"℃";
"63892.0056922";"[BMS] HV Battery Temperature Sensor 4";"26";"℃";
"63892.0551425";"[BMS] HV Battery Intake Air Temperature";"23";"℃";
"63892.1752196";"[VCM] Traction motor temperature";"42";"℃";
"63892.2510346";"[VCM] HV Coolant Temperature";"24";"℃";
"63892.3032579";"[VCM] Target Motor Torque";"43.203125";"N⋅m";
"63892.380844";"[VCM] Available Motor Maximum Output";"100";"%";
"63892.4381148";"[VCM] Motor RPM";"3104";"rpm";
"63892.4381148";"[VCM] Motor Torque";"0.1875";"N⋅m";
"63892.5275165";"[VCM] Vehicle Speed";"19";"km/h";
"63892.6394028";"Розрахункове значення навантаження на двигун";"0";"%";
"63892.6856693";"Температура охолодної рідини";"70";"℃";
"63892.7363627";"Оберти двигуна";"0";"rpm";
"63892.7363627";"Оберти двигуна x1000";"0";"rpm";
"63892.8408171";"Температура олії у двигуні";"61";"℃";
"63892.8958628";"Пройдений шлях";"4.873774257833335";"km";
"63892.8958628";"Пройдений шлях (Сьогодні)";"4.873774";"km";
"63892.8958628";"Пройдений шлях (Тиждень)";"4.873774";"km";
"63892.8958628";"Пройдений шлях(загальний)";"4.873774";"km";
"63892.8958628";"Середня швидкість";"23.780241681729745";"km/h";
"63892.8958628";"Швидкість автомобіля";"19";"km/h";
"63892.950342";"Розрахунковий наддув";"-0.01";"bar";
"63892.950342";"Тиск у впускному колекторі (абсолютний)";"98";"kPa";
"63893.077971";"[BMS] HV State of charge";"61.5";"%";
"63893.1380979";"[BMS] HV Battery voltage";"355.48";"V";
"63893.1877497";"[BMS] Max Cell Voltage";"3.679";"V";
"63893.2472142";"[BMS] Min Cell Voltage";"3.671";"V";
"63893.2993686";"[BMS] HV Battery Current";"-38.69999999999982";"A";
"63893.3864211";"[BMS] HV Battery Current (Low)";"-1600";"A";
"63893.442266";"[BMS] HV Battery Current (High)";"-38.899999999999864";"A";
"63893.5080282";"[BMS] HV Battery Temperature Sensor 1";"28";"℃";
"63893.5593346";"[BMS] HV Battery Temperature Sensor 2";"28";"℃";
"63893.6591441";"[BMS] HV Battery Temperature Sensor 3";"26";"℃";
"63893.7183801";"[BMS] HV Battery Temperature Sensor 4";"26";"℃";
"63893.7780086";"[BMS] HV Battery Intake Air Temperature";"23";"℃";
"63893.8996886";"[VCM] Traction motor temperature";"42";"℃";
"63893.9518238";"[VCM] HV Coolant Temperature";"24";"℃";
"63894.0206778";"[VCM] Target Motor Torque";"33.734375";"N⋅m";
"63894.0710539";"[VCM] Available Motor Maximum Output";"100";"%";
"63894.1272601";"[VCM] Motor RPM";"1888";"rpm";
"63894.1272601";"[VCM] Motor Torque";"0.109375";"N⋅m";
"63894.2039988";"[VCM] Vehicle Speed";"23";"km/h";
"63894.3198285";"Розрахункове значення навантаження на двигун";"0";"%";
"63894.3744109";"Оберти двигуна";"0";"rpm";
"63894.3744109";"Оберти двигуна x1000";"0";"rpm";
"63894.4631238";"Температура олії у двигуні";"61";"℃";
"63894.5210813";"Пройдений шлях";"4.884157651916668";"km";
"63894.5210813";"Пройдений шлях (Сьогодні)";"4.884157";"km";
"63894.5210813";"Пройдений шлях (Тиждень)";"4.884157";"km";
"63894.5210813";"Пройдений шлях(загальний)";"4.884157";"km";
"63894.5210813";"Середня швидкість";"23.778526793107407";"km/h";
"63894.5210813";"Швидкість автомобіля";"23";"km/h";
"63894.5746428";"Розрахунковий наддув";"-0.01";"bar";
"63894.5746428";"Тиск у впускному колекторі (абсолютний)";"98";"kPa";
"63894.7208781";"[BMS] HV State of charge";"61";"%";
"63894.7789127";"[BMS] HV Battery voltage";"357.74";"V";
"63894.8389946";"[BMS] Max Cell Voltage";"3.712";"V";
"63894.8910848";"[BMS] Min Cell Voltage";"3.706";"V";
"63895.0071518";"[BMS] HV Battery Current";"1.1000000000001364";"A";
"63895.0720541";"[BMS] HV Battery Current (Low)";"3.150000000000091";"A";
"63895.1273718";"[BMS] HV Battery Current (High)";"3.800000000000182";"A";
"63895.1785382";"[BMS] HV Battery Temperature Sensor 1";"28";"℃";
"63895.2325049";"[BMS] HV Battery Temperature Sensor 2";"28";"℃";
"63895.29695";"[BMS] HV Battery Temperature Sensor 3";"26";"℃";
"63895.359894";"[BMS] HV Battery Temperature Sensor 4";"26";"℃";
"63895.4110911";"[BMS] HV Battery Intake Air Temperature";"23";"℃";
"63895.5588673";"[VCM] Traction motor temperature";"42";"℃";
"63895.6074815";"[VCM] HV Coolant Temperature";"24";"℃";
"63895.6678851";"[VCM] Target Motor Torque";"-14.78125";"N⋅m";
"63895.7319164";"[VCM] Available Motor Maximum Output";"100";"%";
"63895.783076";"[VCM] Motor RPM";"-992";"rpm";
"63895.783076";"[VCM] Motor Torque";"-0.0625";"N⋅m";
"63895.8590907";"[VCM] Vehicle Speed";"22";"km/h";
"63895.9586033";"Розрахункове значення навантаження на двигун";"0";"%";
"63896.0193339";"Температура охолодної рідини";"70";"℃";
"63896.1060973";"Оберти двигуна";"0";"rpm";
"63896.1060973";"Оберти двигуна x1000";"0";"rpm";
"63896.1561895";"Температура олії у двигуні";"61";"℃";
"63896.220785";"Пройдений шлях";"4.894544784472224";"km";
"63896.220785";"Пройдений шлях (Сьогодні)";"4.894544";"km";
"63896.220785";"Пройдений шлях (Тиждень)";"4.894544";"km";
"63896.220785";"Пройдений шлях(загальний)";"4.894544";"km";
"63896.220785";"Середня швидкість";"23.774448001276475";"km/h";
"63896.220785";"Швидкість автомобіля";"22";"km/h";
"63896.283404";"Розрахунковий наддув";"-0.01";"bar";
"63896.283404";"Тиск у впускному колекторі (абсолютний)";"98";"kPa";
"63896.4382657";"[BMS] HV State of charge";"61";"%";
"63896.4878488";"[BMS] HV Battery voltage";"359.83";"V";
"63896.5632672";"[BMS] Max Cell Voltage";"3.732";"V";
"63896.6537535";"[BMS] Min Cell Voltage";"3.724";"V";
"63896.7068564";"[BMS] HV Battery Current";"14.850000000000136";"A";
"63896.7850786";"[BMS] HV Battery Current (Low)";"11.200000000000045";"A";
"63896.8340167";"[BMS] HV Battery Current (High)";"5.550000000000182";"A";
"63896.9241593";"[BMS] HV Battery Temperature Sensor 1";"28";"℃";
"63896.9802271";"[BMS] HV Battery Temperature Sensor 2";"28";"℃";
"63897.0356255";"[BMS] HV Battery Temperature Sensor 3";"26";"℃";
"63897.0949021";"[BMS] HV Battery Temperature Sensor 4";"26";"℃";
"63897.1571814";"[BMS] HV Battery Intake Air Temperature";"23";"℃";
"63897.2908611";"[VCM] Traction motor temperature";"43";"℃";
"63897.3505881";"[VCM] HV Coolant Temperature";"24";"℃";
"63897.4000495";"[VCM] Target Motor Torque";"45.625";"N⋅m";
"63897.4741131";"[VCM] Available Motor Maximum Output";"13";"%";
"63897.5398227";"[VCM] Motor RPM";"3040";"rpm";
"63897.5398227";"[VCM] Motor Torque";"0.171875";"N⋅m";
"63897.6027772";"[VCM] Vehicle Speed";"21";"km/h";
"63897.7458801";"Розрахункове значення навантаження на двигун";"0";"%";
"63897.798775";"Оберти двигуна";"0";"rpm";
"63897.798775";"Оберти двигуна x1000";"0";"rpm";
"63897.8669873";"Температура олії у двигуні";"61";"℃";
"63897.9188428";"Пройдений шлях";"4.904450076722224";"km";
"63897.9188428";"Пройдений шлях (Сьогодні)";"4.904449";"km";
"63897.9188428";"Пройдений шлях (Тиждень)";"4.904449";"km";
"63897.9188428";"Пройдений шлях(загальний)";"4.904449";"km";
"63897.9188428";"Середня швидкість";"23.7681059631951";"km/h";
"63897.9188428";"Швидкість автомобіля";"21";"km/h";
"63897.9787574";"Розрахунковий наддув";"-0.01";"bar";
"63897.9787574";"Тиск у впускному колекторі (абсолютний)";"98";"kPa";
"63898.1025592";"[BMS] HV State of charge";"61";"%";
"63898.1605535";"[BMS] HV Battery voltage";"359.03000000000003";"V";
"63898.221921";"[BMS] Max Cell Voltage";"3.725";"V";
"63898.2951401";"[BMS] Min Cell Voltage";"3.718";"V";
"63898.3564291";"[BMS] HV Battery Current";"3.150000000000091";"A";
"63898.4191813";"[BMS] HV Battery Current (Low)";"3.2000000000000455";"A";
"63898.4810319";"[BMS] HV Battery Current (High)";"3.800000000000182";"A";
"63898.5810073";"[BMS] HV Battery Temperature Sensor 1";"28";"℃";
"63898.6350807";"[BMS] HV Battery Temperature Sensor 2";"28";"℃";
"63898.6865597";"[BMS] HV Battery Temperature Sensor 3";"26";"℃";
"63898.7400604";"[BMS] HV Battery Temperature Sensor 4";"26";"℃";
"63898.8425068";"[BMS] HV Battery Intake Air Temperature";"23";"℃";
"63898.955635";"[VCM] Traction motor temperature";"42";"℃";
"63899.0212031";"[VCM] HV Coolant Temperature";"24";"℃";
"63899.0678121";"[VCM] Target Motor Torque";"-32.359375";"N⋅m";
"63899.1482743";"[VCM] Available Motor Maximum Output";"13";"%";
"63899.1983317";"[VCM] Motor RPM";"-2752";"rpm";
"63899.1983317";"[VCM] Motor Torque";"-0.171875";"N⋅m";
"63899.2607539";"[VCM] Vehicle Speed";"20";"km/h";
"63899.3533184";"Розрахункове значення навантаження на двигун";"0";"%";
"63899.4202926";"Температура охолодної рідини";"70";"℃";
"63899.4871881";"Оберти двигуна";"0";"rpm";
"63899.4871881";"Оберти двигуна x1000";"0";"rpm";
"63899.5394133";"Температура олії у двигуні";"61";"℃";
"63899.5980817";"Прискорення";"-0.0042262795028222685";"g";
"63899.5980817";"Пройдений шлях";"4.912846169722224";"km";
"63899.5980817";"Пройдений шлях (Сьогодні)";"4.912845";"km";
"63899.5980817";"Пройдений шлях (Тиждень)";"4.912845";"km";
"63899.5980817";"Пройдений шлях(загальний)";"4.912845";"km";
"63899.5980817";"Середня швидкість";"23.755096433482905";"km/h";
"63899.5980817";"Швидкість автомобіля";"18";"km/h";
"63899.7126785";"Розрахунковий наддув";"-0.01";"bar";
"63899.7126785";"Тиск у впускному колекторі (абсолютний)";"98";"kPa";
"63899.8161064";"[BMS] HV State of charge";"61.5";"%";
"63899.8789241";"[BMS] HV Battery voltage";"360.31";"V";
"63899.939752";"[BMS] Max Cell Voltage";"3.75";"V";
"63899.9959637";"[BMS] Min Cell Voltage";"3.74";"V";
"63900.0626584";"[BMS] HV Battery Current";"17.350000000000136";"A";
"63900.1235885";"[BMS] HV Battery Current (Low)";"8.950000000000045";"A";
"63900.1761933";"[BMS] HV Battery Current (High)";"2.550000000000182";"A";
"63900.2502435";"[BMS] HV Battery Temperature Sensor 1";"28";"℃";
"63900.315501";"[BMS] HV Battery Temperature Sensor 2";"28";"℃";
"63900.3775472";"[BMS] HV Battery Temperature Sensor 3";"26";"℃";
"63900.4261981";"[BMS] HV Battery Temperature Sensor 4";"26";"℃";
"63900.4942958";"[BMS] HV Battery Intake Air Temperature";"23";"℃";
"63900.6092826";"[VCM] Traction motor temperature";"42";"℃";
"63900.6709386";"[VCM] HV Coolant Temperature";"24";"℃";
"63900.7251943";"[VCM] Target Motor Torque";"26.75";"N⋅m";
"63900.8041843";"[VCM] Available Motor Maximum Output";"100";"%";
"63900.8673933";"[VCM] Motor RPM";"704";"rpm";
"63900.8673933";"[VCM] Motor Torque";"0.03125";"N⋅m";
"63900.9198846";"[VCM] Vehicle Speed";"15";"km/h";
"63901.0095296";"Розрахункове значення навантаження на двигун";"0";"%";
"63901.0836399";"Оберти двигуна";"0";"rpm";
"63901.0836399";"Оберти двигуна x1000";"0";"rpm";
"63901.1427755";"Температура олії у двигуні";"61";"℃";
"63901.1949641";"Прискорення";"-0.033953788681959314";"g";
"63901.1949641";"Пройдений шлях";"4.919499865555557";"km";
"63901.1949641";"Пройдений шлях (Сьогодні)";"4.919499";"km";
"63901.1949641";"Пройдений шлях (Тиждень)";"4.919499";"km";
"63901.1949641";"Пройдений шлях(загальний)";"4.919499";"km";
"63901.1949641";"Середня швидкість";"23.73635832473555";"km/h";
"63901.1949641";"Швидкість автомобіля";"15";"km/h";
"63901.2708514";"Розрахунковий наддув";"-0.01";"bar";
"63901.2708514";"Тиск у впускному колекторі (абсолютний)";"98";"kPa";
"63901.4110333";"[BMS] HV State of charge";"61";"%";
"63901.4643655";"[BMS] HV Battery voltage";"355.64";"V";
"63901.5236417";"[BMS] Max Cell Voltage";"3.706";"V";
"63901.6112363";"[BMS] Min Cell Voltage";"3.696";"V";
"63901.6668487";"[BMS] HV Battery Current";"-23.34999999999991";"A";
"63901.7156956";"[BMS] HV Battery Current (Low)";"-23.699999999999818";"A";
"63901.778129";"[BMS] HV Battery Current (High)";"-23.75";"A";
"63901.8832341";"[BMS] HV Battery Temperature Sensor 1";"28";"℃";
"63901.9441273";"[BMS] HV Battery Temperature Sensor 2";"28";"℃";
"63901.9949415";"[BMS] HV Battery Temperature Sensor 3";"26";"℃";
"63902.054954";"[BMS] HV Battery Temperature Sensor 4";"26";"℃";
"63902.1052432";"[BMS] HV Battery Intake Air Temperature";"23";"℃";
"63902.2217686";"[VCM] Traction motor temperature";"42";"℃";
"63902.2868022";"[VCM] HV Coolant Temperature";"24";"℃";
"63902.3384789";"[VCM] Target Motor Torque";"-0.953125";"N⋅m";
"63902.3831532";"[VCM] Available Motor Maximum Output";"13";"%";
"63902.4562921";"[VCM] Motor RPM";"-64";"rpm";
"63902.4562921";"[VCM] Motor Torque";"-0.015625";"N⋅m";
"63902.5075338";"[VCM] Vehicle Speed";"17";"km/h";
"63902.59578";"Розрахункове значення навантаження на двигун";"0";"%";
"63902.7069635";"Температура охолодної рідини";"70";"℃";
"63902.7565492";"Оберти двигуна";"0";"rpm";
"63902.7565492";"Оберти двигуна x1000";"0";"rpm";
"63902.8200323";"Температура олії у двигуні";"61";"℃";
"63902.8836537";"Пройдений шлях";"4.927474230277779";"km";
"63902.8836537";"Пройдений шлях (Сьогодні)";"4.927473";"km";
"63902.8836537";"Пройдений шлях (Тиждень)";"4.927473";"km";
"63902.8836537";"Пройдений шлях(загальний)";"4.927473";"km";
"63902.8836537";"Середня швидкість";"23.721146417563563";"km/h";
"63902.8836537";"Швидкість автомобіля";"17";"km/h";
"63902.9748275";"Розрахунковий наддув";"-0.01";"bar";
"63902.9748275";"Тиск у впускному колекторі (абсолютний)";"98";"kPa";
"63903.0671386";"[BMS] HV State of charge";"61";"%";
"63903.1268316";"[BMS] HV Battery voltage";"358.7";"V";
"63903.1918163";"[BMS] Max Cell Voltage";"3.729";"V";
"63903.2787914";"[BMS] Min Cell Voltage";"3.725";"V";
"63903.3296051";"[BMS] HV Battery Current";"9.450000000000045";"A";
"63903.3849169";"[BMS] HV Battery Current (Low)";"12.300000000000182";"A";
"63903.4514847";"[BMS] HV Battery Current (High)";"15.350000000000136";"A";
"63903.5330203";"[BMS] HV Battery Temperature Sensor 1";"28";"℃";
"63903.5845249";"[BMS] HV Battery Temperature Sensor 2";"28";"℃";
"63903.635591";"[BMS] HV Battery Temperature Sensor 3";"26";"℃";
"63903.688482";"[BMS] HV Battery Temperature Sensor 4";"26";"℃";
"63903.7510791";"[BMS] HV Battery Intake Air Temperature";"23";"℃";
"63903.8833975";"[VCM] Traction motor temperature";"42";"℃";
"63903.9429702";"[VCM] HV Coolant Temperature";"24";"℃";
"63904.0031748";"[VCM] Target Motor Torque";"-69.609375";"N⋅m";
"63904.1143501";"[VCM] Available Motor Maximum Output";"13";"%";
"63904.1754655";"[VCM] Motor RPM";"-2272";"rpm";
"63904.1754655";"[VCM] Motor Torque";"-0.140625";"N⋅m";
"63904.2345423";"[VCM] Vehicle Speed";"12";"km/h";
"63904.3469811";"Розрахункове значення навантаження на двигун";"0";"%";
"63904.4114069";"Оберти двигуна";"0";"rpm";
"63904.4114069";"Оберти двигуна x1000";"0";"rpm";
"63904.4627716";"Температура олії у двигуні";"61";"℃";
"63904.5255517";"Пройдений шлях";"4.932948576944446";"km";
"63904.5255517";"Пройдений шлях (Сьогодні)";"4.932947";"km";
"63904.5255517";"Пройдений шлях (Тиждень)";"4.932947";"km";
"63904.5255517";"Пройдений шлях(загальний)";"4.932947";"km";
"63904.5255517";"Середня швидкість";"23.69546140854039";"km/h";
"63904.5255517";"Швидкість автомобіля";"12";"km/h";
"63904.5784731";"Розрахунковий наддув";"-0.01";"bar";
"63904.5784731";"Тиск у впускному колекторі (абсолютний)";"98";"kPa";
"63904.7226663";"[BMS] HV State of charge";"61";"%";
"63904.7829003";"[BMS] HV Battery voltage";"358.06";"V";
"63904.8399523";"[BMS] Max Cell Voltage";"3.727";"V";
"63904.9272471";"[BMS] Min Cell Voltage";"3.72";"V";
"63904.972629";"[BMS] HV Battery Current";"-2.599999999999909";"A";
"63905.0358646";"[BMS] HV Battery Current (Low)";"-0.34999999999990905";"A";
"63905.0880723";"[BMS] HV Battery Current (High)";"4.900000000000091";"A";
"63905.1859389";"[BMS] HV Battery Temperature Sensor 1";"28";"℃";
"63905.2433625";"[BMS] HV Battery Temperature Sensor 2";"28";"℃";
"63905.2909191";"[BMS] HV Battery Temperature Sensor 3";"26";"℃";
"63905.3270175";"[BMS] HV Battery Temperature Sensor 4";"26";"℃";
"63905.4565262";"[BMS] HV Battery Intake Air Temperature";"23";"℃";
"63905.5552649";"[VCM] Traction motor temperature";"42";"℃";
"63905.6116423";"[VCM] HV Coolant Temperature";"24";"℃";
"63905.6740461";"[VCM] Target Motor Torque";"-34.953125";"N⋅m";
"63905.7529391";"[VCM] Available Motor Maximum Output";"100";"%";
"63905.807884";"[VCM] Motor RPM";"-352";"rpm";
"63905.807884";"[VCM] Motor Torque";"-0.03125";"N⋅m";
"63905.8708978";"[VCM] Vehicle Speed";"8";"km/h";
"63906.0094585";"Розрахункове значення навантаження на двигун";"0";"%";
"63906.0585333";"Температура охолодної рідини";"70";"℃";
"63906.1221749";"Оберти двигуна";"0";"rpm";
"63906.1221749";"Оберти двигуна x1000";"0";"rpm";
"63906.1720322";"Температура олії у двигуні";"61";"℃";
"63906.2385979";"Пройдений шлях";"4.936280237444445";"km";
"63906.2385979";"Пройдений шлях (Сьогодні)";"4.936279";"km";
"63906.2385979";"Пройдений шлях (Тиждень)";"4.936279";"km";
"63906.2385979";"Пройдений шлях(загальний)";"4.936279";"km";
"63906.2385979";"Середня швидкість";"23.65737869020288";"km/h";
"63906.2385979";"Швидкість автомобіля";"7";"km/h";
"63906.3026518";"Розрахунковий наддув";"-0.01";"bar";
"63906.3026518";"Тиск у впускному колекторі (абсолютний)";"98";"kPa";
"63906.4235311";"[BMS] HV State of charge";"61";"%";
"63906.4874783";"[BMS] HV Battery voltage";"356.61";"V";
"63906.5740938";"[BMS] Max Cell Voltage";"3.693";"V";
"63906.6275951";"[BMS] Min Cell Voltage";"3.681";"V";
"63906.6837932";"[BMS] HV Battery Current";"-39.149999999999864";"A";
"63906.7411586";"[BMS] HV Battery Current (Low)";"-1600";"A";
"63906.8438238";"[BMS] HV Battery Current (High)";"-40.84999999999991";"A";
"63906.8971642";"[BMS] HV Battery Temperature Sensor 1";"28";"℃";
"63906.9505831";"[BMS] HV Battery Temperature Sensor 2";"28";"℃";
"63907.0152933";"[BMS] HV Battery Temperature Sensor 3";"26";"℃";
"63907.1058183";"[BMS] HV Battery Temperature Sensor 4";"26";"℃";
"63907.1588558";"[BMS] HV Battery Intake Air Temperature";"23";"℃";
"63907.2673503";"[VCM] Traction motor temperature";"42";"℃";
"63907.3263269";"[VCM] HV Coolant Temperature";"24";"℃";
"63907.4050876";"[VCM] Target Motor Torque";"87.015625";"N⋅m";
"63907.4678621";"[VCM] Available Motor Maximum Output";"13";"%";
"63907.5211947";"[VCM] Motor RPM";"4192";"rpm";
"63907.5211947";"[VCM] Motor Torque";"0.25";"N⋅m";
"63907.5795261";"[VCM] Vehicle Speed";"14";"km/h";
"63907.7202011";"Розрахункове значення навантаження на двигун";"0";"%";
"63907.7723931";"Оберти двигуна";"0";"rpm";
"63907.7723931";"Оберти двигуна x1000";"0";"rpm";
"63907.8269435";"Температура олії у двигуні";"61";"℃";
"63907.8797461";"Пройдений шлях";"4.942659550166668";"km";
"63907.8797461";"Пройдений шлях (Сьогодні)";"4.942658";"km";
"63907.8797461";"Пройдений шлях (Тиждень)";"4.942658";"km";
"63907.8797461";"Пройдений шлях(загальний)";"4.942658";"km";
"63907.8797461";"Середня швидкість";"23.63633487132815";"km/h";
"63907.8797461";"Швидкість автомобіля";"14";"km/h";
"63907.9603203";"Розрахунковий наддув";"-0.01";"bar";
"63907.9603203";"Тиск у впускному колекторі (абсолютний)";"98";"kPa";
"63908.0727517";"[BMS] HV State of charge";"61";"%";
"63908.1379193";"[BMS] HV Battery voltage";"358.38";"V";
"63908.231839";"[BMS] Max Cell Voltage";"3.718";"V";
"63908.2874559";"[BMS] Min Cell Voltage";"3.712";"V";
"63908.3388808";"[BMS] HV Battery Current";"-1.099999999999909";"A";
"63908.3937853";"[BMS] HV Battery Current (Low)";"-0.849999999999909";"A";
"63908.4867433";"[BMS] HV Battery Current (High)";"-1.099999999999909";"A";
"63908.5339801";"[BMS] HV Battery Temperature Sensor 1";"28";"℃";
"63908.5865687";"[BMS] HV Battery Temperature Sensor 2";"28";"℃";
"63908.6245035";"[BMS] HV Battery Temperature Sensor 3";"26";"℃";
"63908.6759303";"[BMS] HV Battery Temperature Sensor 4";"26";"℃";
"63908.7777188";"[BMS] HV Battery Intake Air Temperature";"23";"℃";
"63908.9073102";"[VCM] Traction motor temperature";"42";"℃";
"63908.9536074";"[VCM] HV Coolant Temperature";"24";"℃";
"63909.0564163";"[VCM] Target Motor Torque";"-29.0625";"N⋅m";
"63909.1148932";"[VCM] Available Motor Maximum Output";"100";"%";
"63909.1672585";"[VCM] Motor RPM";"-1920";"rpm";
"63909.1672585";"[VCM] Motor Torque";"-0.125";"N⋅m";
"63909.232397";"[VCM] Vehicle Speed";"13";"km/h";
"63909.3754257";"Розрахункове значення навантаження на двигун";"0";"%";
"63909.4204648";"Температура охолодної рідини";"69";"℃";
"63909.4752061";"Оберти двигуна";"0";"rpm";
"63909.4752061";"Оберти двигуна x1000";"0";"rpm";
"63909.5744137";"Температура олії у двигуні";"61";"℃";
"63909.6253946";"Пройдений шлях";"4.948478250500001";"km";
"63909.6253946";"Пройдений шлях (Сьогодні)";"4.948477";"km";
"63909.6253946";"Пройдений шлях (Тиждень)";"4.948477";"km";
"63909.6253946";"Пройдений шлях(загальний)";"4.948477";"km";
"63909.6253946";"Середня швидкість";"23.609414904846506";"km/h";
"63909.6253946";"Швидкість автомобіля";"12";"km/h";
"63909.6873803";"Розрахунковий наддув";"-0.01";"bar";
"63909.6873803";"Тиск у впускному колекторі (абсолютний)";"98";"kPa";
"63909.8137808";"[BMS] HV State of charge";"61";"%";
"63909.8758177";"[BMS] HV Battery voltage";"359.67";"V";
"63909.9390347";"[BMS] Max Cell Voltage";"3.723";"V";
"63909.9913501";"[BMS] Min Cell Voltage";"3.715";"V";
"63910.0476969";"[BMS] HV Battery Current";"-0.1999999999998181";"A";
"63910.1394573";"[BMS] HV Battery Current (Low)";"3.4500000000000455";"A";
"63910.1950599";"[BMS] HV Battery Current (High)";"6.150000000000091";"A";
"63910.2463001";"[BMS] HV Battery Temperature Sensor 1";"28";"℃";
"63910.3071875";"[BMS] HV Battery Temperature Sensor 2";"28";"℃";
"63910.4066671";"[BMS] HV Battery Temperature Sensor 3";"26";"℃";
"63910.4662545";"[BMS] HV Battery Temperature Sensor 4";"26";"℃";
"63910.5168117";"[BMS] HV Battery Intake Air Temperature";"23";"℃";
"63910.6392811";"[VCM] Traction motor temperature";"42";"℃";
"63910.7119328";"[VCM] HV Coolant Temperature";"24";"℃";
"63910.7665057";"[VCM] Target Motor Torque";"-50.96875";"N⋅m";
"63910.8287838";"[VCM] Available Motor Maximum Output";"13";"%";
"63910.8779535";"[VCM] Motor RPM";"-3200";"rpm";
"63910.8779535";"[VCM] Motor Torque";"-0.203125";"N⋅m";
"63910.9593705";"[VCM] Vehicle Speed";"9";"km/h";
"63911.0792961";"Розрахункове значення навантаження на двигун";"0";"%";
"63911.1310323";"Оберти двигуна";"0";"rpm";
"63911.1310323";"Оберти двигуна x1000";"0";"rpm";
"63911.2306491";"Температура олії у двигуні";"61";"℃";
"63911.2875299";"Пройдений шлях";"4.952172004055557";"km";
"63911.2875299";"Пройдений шлях (Сьогодні)";"4.952171";"km";
"63911.2875299";"Пройдений шлях (Тиждень)";"4.952171";"km";
"63911.2875299";"Пройдений шлях(загальний)";"4.952171";"km";
"63911.2875299";"Середня швидкість";"23.575104766871544";"km/h";
"63911.2875299";"Швидкість автомобіля";"8";"km/h";
"63911.3403931";"Розрахунковий наддув";"-0.01";"bar";
"63911.3403931";"Тиск у впускному колекторі (абсолютний)";"98";"kPa";
"63911.4538473";"[BMS] HV State of charge";"61";"%";
"63911.525918";"[BMS] HV Battery voltage";"360.8";"V";
"63911.6226041";"[BMS] Max Cell Voltage";"3.725";"V";
"63911.6836065";"[BMS] Min Cell Voltage";"3.718";"V";
"63911.7402303";"[BMS] HV Battery Current";"-1.449999999999818";"A";
"63911.8106092";"[BMS] HV Battery Current (Low)";"-1.2999999999999545";"A";
"63911.859463";"[BMS] HV Battery Current (High)";"-1.2999999999999545";"A";
"63911.9249192";"[BMS] HV Battery Temperature Sensor 1";"28";"℃";
"63911.9758848";"[BMS] HV Battery Temperature Sensor 2";"28";"℃";
"63912.0531047";"[BMS] HV Battery Temperature Sensor 3";"26";"℃";
"63912.1112554";"[BMS] HV Battery Temperature Sensor 4";"26";"℃";
"63912.1723268";"[BMS] HV Battery Intake Air Temperature";"23";"℃";
"63912.319614";"[VCM] Traction motor temperature";"42";"℃";
"63912.3550691";"[VCM] HV Coolant Temperature";"25";"℃";
"63912.4122414";"[VCM] Target Motor Torque";"-15.71875";"N⋅m";
"63912.4799663";"[VCM] Available Motor Maximum Output";"100";"%";
"63912.5312525";"[VCM] Motor RPM";"-544";"rpm";
"63912.5312525";"[VCM] Motor Torque";"-0.046875";"N⋅m";
"63912.6198219";"[VCM] Vehicle Speed";"3";"km/h";
"63912.7415869";"Розрахункове значення навантаження на двигун";"0";"%";
"63912.7913229";"Температура охолодної рідини";"69";"℃";
"63912.8904588";"Оберти двигуна";"0";"rpm";
"63912.8904588";"Оберти двигуна x1000";"0";"rpm";
"63912.9404706";"Температура олії у двигуні";"60";"℃";
"63912.9951766";"Прискорення";"-0.020961385649587716";"g";
"63912.9951766";"Пройдений шлях";"4.95312066838889";"km";
"63912.9951766";"Пройдений шлях (Сьогодні)";"4.95312";"km";
"63912.9951766";"Пройдений шлях (Тиждень)";"4.95312";"km";
"63912.9951766";"Пройдений шлях(загальний)";"4.95312";"km";
"63912.9951766";"Середня швидкість";"23.526496086336632";"km/h";
"63912.9951766";"Швидкість автомобіля";"2";"km/h";
"63913.0746019";"Розрахунковий наддув";"-0.01";"bar";
"63913.0746019";"Тиск у впускному колекторі (абсолютний)";"98";"kPa";
"63913.1999379";"[BMS] HV State of charge";"61";"%";
"63913.2638499";"[BMS] HV Battery voltage";"356.29";"V";
"63913.3198505";"[BMS] Max Cell Voltage";"3.704";"V";
"63913.3711413";"[BMS] Min Cell Voltage";"3.695";"V";
"63913.4480541";"[BMS] HV Battery Current";"-32.299999999999955";"A";
"63913.5128048";"[BMS] HV Battery Current (Low)";"-1600";"A";
"63913.5633507";"[BMS] HV Battery Current (High)";"-37.19999999999982";"A";
"63913.6177074";"[BMS] HV Battery Temperature Sensor 1";"28";"℃";
"63913.7089595";"[BMS] HV Battery Temperature Sensor 2";"28";"℃";
"63913.755563";"[BMS] HV Battery Temperature Sensor 3";"26";"℃";
"63913.8145568";"[BMS] HV Battery Temperature Sensor 4";"26";"℃";
"63913.8682787";"[BMS] HV Battery Intake Air Temperature";"23";"℃";
"63913.9994587";"[VCM] Traction motor temperature";"42";"℃";
"63914.0754947";"[VCM] HV Coolant Temperature";"25";"℃";
"63914.1594394";"[VCM] Target Motor Torque";"71.6875";"N⋅m";
"63914.2580151";"[VCM] Available Motor Maximum Output";"100";"%";
"63914.3323327";"[VCM] Motor RPM";"2432";"rpm";
"63914.3323327";"[VCM] Motor Torque";"0.140625";"N⋅m";
"63914.4186479";"[VCM] Vehicle Speed";"11";"km/h";
"63914.5878546";"Розрахункове значення навантаження на двигун";"0";"%";
"63914.6403648";"Оберти двигуна";"0";"rpm";
"63914.6403648";"Оберти двигуна x1000";"0";"rpm";
"63914.6989148";"Температура олії у двигуні";"60";"℃";
"63914.759757";"Пройдений шлях";"4.958022267277779";"km";
"63914.759757";"Пройдений шлях (Сьогодні)";"4.958022";"km";
"63914.759757";"Пройдений шлях (Тиждень)";"4.958022";"km";
"63914.759757";"Пройдений шлях(загальний)";"4.958022";"km";
"63914.759757";"Середня швидкість";"23.495077149686644";"km/h";
"63914.759757";"Швидкість автомобіля";"10";"km/h";
"63914.8430547";"Розрахунковий наддув";"-0.01";"bar";
"63914.8430547";"Тиск у впускному колекторі (абсолютний)";"98";"kPa";
"63914.9552889";"[BMS] HV State of charge";"60.5";"%";
"63915.0114984";"[BMS] HV Battery voltage";"356.61";"V";
"63915.098082";"[BMS] Max Cell Voltage";"3.717";"V";
"63915.1603546";"[BMS] Min Cell Voltage";"3.709";"V";
"63915.2166772";"[BMS] HV Battery Current";"-2.949999999999818";"A";
"63915.272065";"[BMS] HV Battery Current (Low)";"-2.949999999999818";"A";
"63915.3462822";"[BMS] HV Battery Current (High)";"-3";"A";
"63915.4345237";"[BMS] HV Battery Temperature Sensor 1";"28";"℃";
"63915.4877295";"[BMS] HV Battery Temperature Sensor 2";"28";"℃";
"63915.5401237";"[BMS] HV Battery Temperature Sensor 3";"26";"℃";
"63915.5790251";"[BMS] HV Battery Temperature Sensor 4";"26";"℃";
"63915.6417281";"[BMS] HV Battery Intake Air Temperature";"23";"℃";
"63915.7549355";"[VCM] Traction motor temperature";"42";"℃";
"63915.8223371";"[VCM] HV Coolant Temperature";"25";"℃";
"63915.8948699";"[VCM] Target Motor Torque";"-0.125";"N⋅m";
"63915.9594591";"[VCM] Available Motor Maximum Output";"100";"%";
"63916.0154544";"[VCM] Motor RPM";"0";"rpm";
"63916.0154544";"[VCM] Motor Torque";"0";"N⋅m";
"63916.0806604";"[VCM] Vehicle Speed";"7";"km/h";
"63916.2395382";"Розрахункове значення навантаження на двигун";"0";"%";
"63916.2918491";"Температура охолодної рідини";"69";"℃";
"63916.3558927";"Оберти двигуна";"0";"rpm";
"63916.3558927";"Оберти двигуна x1000";"0";"rpm";
"63916.4444541";"Температура олії у двигуні";"60";"℃";
"63916.4885772";"Пройдений шлях";"4.960903668111112";"km";
"63916.4885772";"Пройдений шлях (Сьогодні)";"4.960903";"km";
"63916.4885772";"Пройдений шлях (Тиждень)";"4.960903";"km";
"63916.4885772";"Пройдений шлях(загальний)";"4.960903";"km";
"63916.4885772";"Середня швидкість";"23.4553534694558";"km/h";
"63916.4885772";"Швидкість автомобіля";"6";"km/h";
"63916.5396787";"Розрахунковий наддув";"-0.01";"bar";
"63916.5396787";"Тиск у впускному колекторі (абсолютний)";"98";"kPa";
"63916.6600326";"[BMS] HV State of charge";"60.5";"%";
"63916.76299";"[BMS] HV Battery voltage";"358.22";"V";
"63916.8166149";"[BMS] Max Cell Voltage";"3.712";"V";
"63916.8747888";"[BMS] Min Cell Voltage";"3.706";"V";
"63916.9274982";"[BMS] HV Battery Current";"-6.649999999999864";"A";
"63917.0058687";"[BMS] HV Battery Current (Low)";"-6.599999999999909";"A";
"63917.0556868";"[BMS] HV Battery Current (High)";"-6.649999999999864";"A";
"63917.1073111";"[BMS] HV Battery Temperature Sensor 1";"28";"℃";
"63917.1674282";"[BMS] HV Battery Temperature Sensor 2";"28";"℃";
"63917.2313588";"[BMS] HV Battery Temperature Sensor 3";"26";"℃";
"63917.3119322";"[BMS] HV Battery Temperature Sensor 4";"26";"℃";
"63917.3747507";"[BMS] HV Battery Intake Air Temperature";"23";"℃";
"63917.4594348";"[VCM] Traction motor temperature";"42";"℃";
"63917.5505635";"[VCM] HV Coolant Temperature";"25";"℃";
"63917.6000462";"[VCM] Target Motor Torque";"19.15625";"N⋅m";
"63917.6632598";"[VCM] Available Motor Maximum Output";"13";"%";
"63917.713006";"[VCM] Motor RPM";"1248";"rpm";
"63917.713006";"[VCM] Motor Torque";"0.0625";"N⋅m";
"63917.7730204";"[VCM] Vehicle Speed";"7";"km/h";
"63917.9063627";"Розрахункове значення навантаження на двигун";"0";"%";
"63917.9825386";"Оберти двигуна";"0";"rpm";
"63917.9825386";"Оберти двигуна x1000";"0";"rpm";
"63918.0352209";"Температура олії у двигуні";"60";"℃";
"63918.1311964";"Пройдений шлях";"4.963641322444445";"km";
"63918.1311964";"Пройдений шлях (Сьогодні)";"4.963641";"km";
"63918.1311964";"Пройдений шлях (Тиждень)";"4.963641";"km";
"63918.1311964";"Пройдений шлях(загальний)";"4.963641";"km";
"63918.1311964";"Середня швидкість";"23.4177782689236";"km/h";
"63918.1311964";"Швидкість автомобіля";"6";"km/h";
"63918.1958232";"Розрахунковий наддув";"-0.01";"bar";
"63918.1958232";"Тиск у впускному колекторі (абсолютний)";"98";"kPa";
"63918.3069593";"[BMS] HV State of charge";"60.5";"%";
"63918.4072508";"[BMS] HV Battery voltage";"356.29";"V";
"63918.4595064";"[BMS] Max Cell Voltage";"3.714";"V";
"63918.5116835";"[BMS] Min Cell Voltage";"3.706";"V";
"63918.579885";"[BMS] HV Battery Current";"-6.649999999999864";"A";
"63918.6421289";"[BMS] HV Battery Current (Low)";"-6.449999999999818";"A";
"63918.7031664";"[BMS] HV Battery Current (High)";"-6.649999999999864";"A";
"63918.7597644";"[BMS] HV Battery Temperature Sensor 1";"28";"℃";
"63918.8121412";"[BMS] HV Battery Temperature Sensor 2";"28";"℃";
"63918.8743516";"[BMS] HV Battery Temperature Sensor 3";"26";"℃";
"63918.9509614";"[BMS] HV Battery Temperature Sensor 4";"26";"℃";
"63918.999803";"[BMS] HV Battery Intake Air Temperature";"23";"℃";
"63919.0912776";"[VCM] Traction motor temperature";"42";"℃";
"63919.1549992";"[VCM] HV Coolant Temperature";"25";"℃";
"63919.2453344";"[VCM] Target Motor Torque";"25.4375";"N⋅m";
"63919.3139437";"[VCM] Available Motor Maximum Output";"13";"%";
"63919.3643131";"[VCM] Motor RPM";"1696";"rpm";
"63919.3643131";"[VCM] Motor Torque";"0.09375";"N⋅m";
"63919.4245287";"[VCM] Vehicle Speed";"4";"km/h";
"63919.5515014";"Розрахункове значення навантаження на двигун";"0";"%";
"63919.6159556";"Температура охолодної рідини";"69";"℃";
"63919.6791297";"Оберти двигуна";"0";"rpm";
"63919.6791297";"Оберти двигуна x1000";"0";"rpm";
"63919.7429369";"Температура олії у двигуні";"60";"℃";
"63919.8073319";"Прискорення";"0.004158074664049132";"g";
"63919.8073319";"Пройдений шлях";"4.965038113444446";"km";
"63919.8073319";"Пройдений шлях (Сьогодні)";"4.965038";"km";
"63919.8073319";"Пройдений шлях (Тиждень)";"4.965038";"km";
"63919.8073319";"Пройдений шлях(загальний)";"4.965038";"km";
"63919.8073319";"Середня швидкість";"23.373026416198552";"km/h";
"63919.8073319";"Швидкість автомобіля";"3";"km/h";
"63919.9027236";"Розрахунковий наддув";"-0.01";"bar";
"63919.9027236";"Тиск у впускному колекторі (абсолютний)";"98";"kPa";
"63920.0279711";"[BMS] HV State of charge";"60.5";"%";
"63920.083777";"[BMS] HV Battery voltage";"356.29";"V";
"63920.148464";"[BMS] Max Cell Voltage";"3.714";"V";
"63920.1993082";"[BMS] Min Cell Voltage";"3.706";"V";
"63920.2593101";"[BMS] HV Battery Current";"-6.25";"A";
"63920.3337309";"[BMS] HV Battery Current (Low)";"-6.25";"A";
"63920.3859424";"[BMS] HV Battery Current (High)";"-6.199999999999818";"A";
"63920.4358147";"[BMS] HV Battery Temperature Sensor 1";"28";"℃";
"63920.5023123";"[BMS] HV Battery Temperature Sensor 2";"28";"℃";
"63920.5906966";"[BMS] HV Battery Temperature Sensor 3";"26";"℃";
"63920.6399441";"[BMS] HV Battery Temperature Sensor 4";"26";"℃";
"63920.7065126";"[BMS] HV Battery Intake Air Temperature";"23";"℃";
"63920.8517765";"[VCM] Traction motor temperature";"42";"℃";
"63920.9070256";"[VCM] HV Coolant Temperature";"25";"℃";
"63920.9686159";"[VCM] Target Motor Torque";"34.359375";"N⋅m";
"63921.0198546";"[VCM] Available Motor Maximum Output";"13";"%";
"63921.0794511";"[VCM] Motor RPM";"2240";"rpm";
"63921.0794511";"[VCM] Motor Torque";"0.125";"N⋅m";
"63921.1514211";"[VCM] Vehicle Speed";"1";"km/h";
"63921.2764176";"Розрахункове значення навантаження на двигун";"0";"%";
"63921.4001732";"Оберти двигуна";"0";"rpm";
"63921.4001732";"Оберти двигуна x1000";"0";"rpm";
"63921.479203";"Температура олії у двигуні";"60";"℃";
"63921.5353313";"Прискорення";"-0.04180523909316146";"g";
"63921.5353313";"Пройдений шлях";"4.965038113444446";"km";
"63921.5353313";"Пройдений шлях (Сьогодні)";"4.965038";"km";
"63921.5353313";"Пройдений шлях (Тиждень)";"4.965038";"km";
"63921.5353313";"Пройдений шлях(загальний)";"4.965038";"km";
"63921.5353313";"Середня швидкість";"23.320331974132692";"km/h";
"63921.5353313";"Швидкість автомобіля";"0";"km/h";
"63921.5998335";"Розрахунковий наддув";"-0.01";"bar";
"63921.5998335";"Тиск у впускному колекторі (абсолютний)";"98";"kPa";
"63921.735882";"[BMS] HV State of charge";"60.5";"%";
"63921.7909764";"[BMS] HV Battery voltage";"357.74";"V";
"63921.8552986";"[BMS] Max Cell Voltage";"3.714";"V";
"63921.9099495";"[BMS] Min Cell Voltage";"3.706";"V";
"63921.9714482";"[BMS] HV Battery Current";"-5.099999999999909";"A";
"63922.0328927";"[BMS] HV Battery Current (Low)";"-5.149999999999864";"A";
"63922.0866535";"[BMS] HV Battery Current (High)";"-5.149999999999864";"A";
"63922.1480104";"[BMS] HV Battery Temperature Sensor 1";"28";"℃";
"63922.2240741";"[BMS] HV Battery Temperature Sensor 2";"28";"℃";
"63922.2760581";"[BMS] HV Battery Temperature Sensor 3";"26";"℃";
"63922.3407071";"[BMS] HV Battery Temperature Sensor 4";"26";"℃";
"63922.3912663";"[BMS] HV Battery Intake Air Temperature";"23";"℃";
"63922.4993897";"[VCM] Traction motor temperature";"42";"℃";
"63922.5549941";"[VCM] HV Coolant Temperature";"24";"℃";
"63922.6119839";"[VCM] Target Motor Torque";"4.140625";"N⋅m";
"63922.6636026";"[VCM] Available Motor Maximum Output";"13";"%";
"63922.727955";"[VCM] Motor RPM";"224";"rpm";
"63922.727955";"[VCM] Motor Torque";"0";"N⋅m";
"63922.7990153";"[VCM] Vehicle Speed";"0";"km/h";
"63922.8860142";"Розрахункове значення навантаження на двигун";"0";"%";
"63922.9466258";"Температура охолодної рідини";"69";"℃";
"63923.0374054";"Оберти двигуна";"0";"rpm";
"63923.0374054";"Оберти двигуна x1000";"0";"rpm";
"63923.0775756";"Температура олії у двигуні";"60";"℃";
"63923.1404319";"Прискорення";"-0.02554967145674244";"g";
"63923.1404319";"Пройдений шлях";"4.965038113444446";"km";
"63923.1404319";"Пройдений шлях (Сьогодні)";"4.965038";"km";
"63923.1404319";"Пройдений шлях (Тиждень)";"4.965038";"km";
"63923.1404319";"Пройдений шлях(загальний)";"4.965038";"km";
"63923.1404319";"Середня швидкість";"23.271595439898523";"km/h";
"63923.1404319";"Швидкість автомобіля";"0";"km/h";
"63923.2520156";"Розрахунковий наддув";"-0.01";"bar";
"63923.2520156";"Тиск у впускному колекторі (абсолютний)";"98";"kPa";
"63923.3838061";"[BMS] HV State of charge";"60.5";"%";
"63923.4470966";"[BMS] HV Battery voltage";"359.67";"V";
"63923.5002444";"[BMS] Max Cell Voltage";"3.717";"V";
"63923.5508337";"[BMS] Min Cell Voltage";"3.708";"V";
"63923.6352436";"[BMS] HV Battery Current";"-3.0499999999999545";"A";
"63923.695467";"[BMS] HV Battery Current (Low)";"-3.099999999999909";"A";
"63923.7462286";"[BMS] HV Battery Current (High)";"-2.7999999999999545";"A";
"63923.8068616";"[BMS] HV Battery Temperature Sensor 1";"28";"℃";
"63923.8986708";"[BMS] HV Battery Temperature Sensor 2";"28";"℃";
"63923.9581937";"[BMS] HV Battery Temperature Sensor 3";"26";"℃";
"63924.0160314";"[BMS] HV Battery Temperature Sensor 4";"26";"℃";
"63924.075006";"[BMS] HV Battery Intake Air Temperature";"23";"℃";
"63924.2190235";"[VCM] Traction motor temperature";"42";"℃";
"63924.2794093";"[VCM] HV Coolant Temperature";"24";"℃";
"63924.3269084";"[VCM] Target Motor Torque";"0";"N⋅m";
"63924.4185372";"[VCM] Available Motor Maximum Output";"100";"%";
"63924.479022";"[VCM] Motor RPM";"0";"rpm";
"63924.479022";"[VCM] Motor Torque";"0";"N⋅m";
"63924.5349675";"[VCM] Vehicle Speed";"0";"km/h";
"63924.6445319";"Розрахункове значення навантаження на двигун";"0";"%";
"63924.6957098";"Оберти двигуна";"0";"rpm";
"63924.6957098";"Оберти двигуна x1000";"0";"rpm";
"63924.7525097";"Температура олії у двигуні";"60";"℃";
"63924.8155322";"Прискорення";"-0.025425518293528585";"g";
"63924.8155322";"Пройдений шлях";"4.965038113444446";"km";
"63924.8155322";"Пройдений шлях (Сьогодні)";"4.965038";"km";
"63924.8155322";"Пройдений шлях (Тиждень)";"4.965038";"km";
"63924.8155322";"Пройдений шлях(загальний)";"4.965038";"km";
"63924.8155322";"Середня швидкість";"23.22095406558251";"km/h";
"63924.8155322";"Швидкість автомобіля";"0";"km/h";
"63924.8710559";"Розрахунковий наддув";"-0.01";"bar";
"63924.8710559";"Тиск у впускному колекторі (абсолютний)";"98";"kPa";
"63925.0025607";"[BMS] HV State of charge";"60";"%";
"63925.0584851";"[BMS] HV Battery voltage";"358.38";"V";
"63925.1228206";"[BMS] Max Cell Voltage";"3.717";"V";
"63925.1705607";"[BMS] Min Cell Voltage";"3.709";"V";
"63925.242529";"[BMS] HV Battery Current";"-3.25";"A";
"63925.2985857";"[BMS] HV Battery Current (Low)";"-3.199999999999818";"A";
"63925.3605991";"[BMS] HV Battery Current (High)";"-3.25";"A";
"63925.4141711";"[BMS] HV Battery Temperature Sensor 1";"28";"℃";
"63925.4794045";"[BMS] HV Battery Temperature Sensor 2";"28";"℃";
"63925.5636517";"[BMS] HV Battery Temperature Sensor 3";"26";"℃";
"63925.615575";"[BMS] HV Battery Temperature Sensor 4";"26";"℃";
"63925.7021114";"[BMS] HV Battery Intake Air Temperature";"23";"℃";
"63925.8252645";"[VCM] Traction motor temperature";"42";"℃";
"63925.8784297";"[VCM] HV Coolant Temperature";"24";"℃";
"63925.9408142";"[VCM] Target Motor Torque";"0";"N⋅m";
"63925.991029";"[VCM] Available Motor Maximum Output";"100";"%";
"63926.0715884";"[VCM] Motor RPM";"0";"rpm";
"63926.0715884";"[VCM] Motor Torque";"0";"N⋅m";
"63926.1479793";"[VCM] Vehicle Speed";"0";"km/h";
"63926.2598413";"Розрахункове значення навантаження на двигун";"0";"%";
"63926.3517737";"Температура охолодної рідини";"69";"℃";
"63926.4067311";"Оберти двигуна";"0";"rpm";
"63926.4067311";"Оберти двигуна x1000";"0";"rpm";
"63926.4711144";"Температура олії у двигуні";"60";"℃";
"63926.5185059";"Прискорення";"-0.012661920415339258";"g";
"63926.5185059";"Пройдений шлях";"4.965038113444446";"km";
"63926.5185059";"Пройдений шлях (Сьогодні)";"4.965038";"km";
"63926.5185059";"Пройдений шлях (Тиждень)";"4.965038";"km";
"63926.5185059";"Пройдений шлях(загальний)";"4.965038";"km";
"63926.5185059";"Середня швидкість";"23.16969325530519";"km/h";
"63926.5185059";"Швидкість автомобіля";"0";"km/h";
"63926.6510785";"Розрахунковий наддув";"-0.01";"bar";
"63926.6510785";"Тиск у впускному колекторі (абсолютний)";"98";"kPa";
"63926.7637899";"[BMS] HV State of charge";"60";"%";
"63926.826882";"[BMS] HV Battery voltage";"357.42";"V";
"63926.90554";"[BMS] Max Cell Voltage";"3.717";"V";
"63926.9669705";"[BMS] Min Cell Voltage";"3.71";"V";
"63927.0243354";"[BMS] HV Battery Current";"-3.2999999999999545";"A";
"63927.0873443";"[BMS] HV Battery Current (Low)";"-3.5499999999999545";"A";
"63927.1674027";"[BMS] HV Battery Current (High)";"-3.449999999999818";"A";
"63927.2355502";"[BMS] HV Battery Temperature Sensor 1";"28";"℃";
"63927.2862793";"[BMS] HV Battery Temperature Sensor 2";"28";"℃";
"63927.3474374";"[BMS] HV Battery Temperature Sensor 3";"26";"℃";
"63927.4077505";"[BMS] HV Battery Temperature Sensor 4";"26";"℃";
"63927.472831";"[BMS] HV Battery Intake Air Temperature";"23";"℃";
"63927.5873146";"[VCM] Traction motor temperature";"42";"℃";
"63927.6462818";"[VCM] HV Coolant Temperature";"24";"℃";
"63927.719358";"[VCM] Target Motor Torque";"-26.40625";"N⋅m";
"63927.7872662";"[VCM] Available Motor Maximum Output";"13";"%";
"63927.8351788";"[VCM] Motor RPM";"-2464";"rpm";
"63927.8351788";"[VCM] Motor Torque";"-0.15625";"N⋅m";
"63927.8871133";"[VCM] Vehicle Speed";"0";"km/h";
"63928.0343387";"Розрахункове значення навантаження на двигун";"0";"%";
"63928.0959891";"Оберти двигуна";"0";"rpm";
"63928.0959891";"Оберти двигуна x1000";"0";"rpm";
"63928.1651263";"Температура олії у двигуні";"60";"℃";
"63928.2225274";"Прискорення";"0";"g";
"63928.2225274";"Пройдений шлях";"4.965038113444446";"km";
"63928.2225274";"Пройдений шлях (Сьогодні)";"4.965038";"km";
"63928.2225274";"Пройдений шлях (Тиждень)";"4.965038";"km";
"63928.2225274";"Пройдений шлях(загальний)";"4.965038";"km";
"63928.2225274";"Середня швидкість";"23.118623743646413";"km/h";
"63928.2225274";"Швидкість автомобіля";"0";"km/h";
"63928.3107294";"Розрахунковий наддув";"-0.01";"bar";
"63928.3107294";"Тиск у впускному колекторі (абсолютний)";"98";"kPa";
"63928.4144807";"[BMS] HV State of charge";"60";"%";
"63928.4758667";"[BMS] HV Battery voltage";"358.22";"V";
"63928.5508482";"[BMS] Max Cell Voltage";"3.714";"V";
"63928.6028909";"[BMS] Min Cell Voltage";"3.707";"V";
"63928.6681799";"[BMS] HV Battery Current";"-5.699999999999818";"A";
"63928.7228234";"[BMS] HV Battery Current (Low)";"-5.75";"A";
"63928.7760178";"[BMS] HV Battery Current (High)";"-5.599999999999909";"A";
"63928.8526445";"[BMS] HV Battery Temperature Sensor 1";"28";"℃";
"63928.9020626";"[BMS] HV Battery Temperature Sensor 2";"28";"℃";
"63928.9637591";"[BMS] HV Battery Temperature Sensor 3";"26";"℃";
"63929.0228805";"[BMS] HV Battery Temperature Sensor 4";"26";"℃";
"63929.0950314";"[BMS] HV Battery Intake Air Temperature";"23";"℃";
"63929.2162861";"[VCM] Traction motor temperature";"42";"℃";
"63929.267527";"[VCM] HV Coolant Temperature";"24";"℃";
"63929.3242828";"[VCM] Target Motor Torque";"-28.921875";"N⋅m";
"63929.4001192";"[VCM] Available Motor Maximum Output";"100";"%";
"63929.4520956";"[VCM] Motor RPM";"-1888";"rpm";
"63929.4520956";"[VCM] Motor Torque";"-0.125";"N⋅m";
"63929.5283295";"[VCM] Vehicle Speed";"2";"km/h";
"63929.6762242";"Розрахункове значення навантаження на двигун";"0";"%";
"63929.7396339";"Температура охолодної рідини";"68";"℃";
"63929.8189711";"Оберти двигуна";"0";"rpm";
"63929.8189711";"Оберти двигуна x1000";"0";"rpm";
"63929.879355";"Температура олії у двигуні";"60";"℃";
"63929.9550894";"Прискорення";"0";"g";
"63929.9550894";"Пройдений шлях";"4.965038113444446";"km";
"63929.9550894";"Пройдений шлях (Сьогодні)";"4.965038";"km";
"63929.9550894";"Пройдений шлях (Тиждень)";"4.965038";"km";
"63929.9550894";"Пройдений шлях(загальний)";"4.965038";"km";
"63929.9550894";"Середня швидкість";"23.066935778455843";"km/h";
"63929.9550894";"Швидкість автомобіля";"0";"km/h";
"63930.0194211";"Розрахунковий наддув";"-0.01";"bar";
"63930.0194211";"Тиск у впускному колекторі (абсолютний)";"98";"kPa";
"63930.1223437";"[BMS] HV State of charge";"60";"%";
"63930.194885";"[BMS] HV Battery voltage";"358.86";"V";
"63930.2584176";"[BMS] Max Cell Voltage";"3.713";"V";
"63930.3076531";"[BMS] Min Cell Voltage";"3.704";"V";
"63930.3668353";"[BMS] HV Battery Current";"-5.599999999999909";"A";
"63930.4311585";"[BMS] HV Battery Current (Low)";"-5.599999999999909";"A";
"63930.507082";"[BMS] HV Battery Current (High)";"-5.349999999999909";"A";
"63930.5602917";"[BMS] HV Battery Temperature Sensor 1";"28";"℃";
"63930.6241237";"[BMS] HV Battery Temperature Sensor 2";"28";"℃";
"63930.6756917";"[BMS] HV Battery Temperature Sensor 3";"26";"℃";
"63930.751616";"[BMS] HV Battery Temperature Sensor 4";"26";"℃";
"63930.8037108";"[BMS] HV Battery Intake Air Temperature";"23";"℃";
"63930.9247546";"[VCM] Traction motor temperature";"42";"℃";
"63930.9749685";"[VCM] HV Coolant Temperature";"24";"℃";
"63931.0522221";"[VCM] Target Motor Torque";"-27.828125";"N⋅m";
"63931.1043178";"[VCM] Available Motor Maximum Output";"13";"%";
"63931.1546222";"[VCM] Motor RPM";"-1696";"rpm";
"63931.1546222";"[VCM] Motor Torque";"-0.109375";"N⋅m";
"63931.223429";"[VCM] Vehicle Speed";"2";"km/h";
"63931.3557835";"Розрахункове значення навантаження на двигун";"0";"%";
"63931.4439677";"Оберти двигуна";"0";"rpm";
"63931.4439677";"Оберти двигуна x1000";"0";"rpm";
"63931.4954772";"Температура олії у двигуні";"60";"℃";
"63931.578434";"Прискорення";"0.008376714965903545";"g";
"63931.578434";"Пройдений шлях";"4.965939974277779";"km";
"63931.578434";"Пройдений шлях (Сьогодні)";"4.96594";"km";
"63931.578434";"Пройдений шлях (Тиждень)";"4.96594";"km";
"63931.578434";"Пройдений шлях(загальний)";"4.96594";"km";
"63931.578434";"Середня швидкість";"23.022893544277252";"km/h";
"63931.578434";"Швидкість автомобіля";"2";"km/h";
"63931.6591398";"Розрахунковий наддув";"-0.01";"bar";
"63931.6591398";"Тиск у впускному колекторі (абсолютний)";"98";"kPa";
"63931.7640032";"[BMS] HV State of charge";"60";"%";
"63931.85581";"[BMS] HV Battery voltage";"359.19";"V";
"63931.9119835";"[BMS] Max Cell Voltage";"3.712";"V";
"63931.9677979";"[BMS] Min Cell Voltage";"3.705";"V";
"63932.0227746";"[BMS] HV Battery Current";"-6.099999999999909";"A";
"63932.1308044";"[BMS] HV Battery Current (Low)";"-6.0499999999999545";"A";
"63932.1872229";"[BMS] HV Battery Current (High)";"-5.7999999999999545";"A";
"63932.247983";"[BMS] HV Battery Temperature Sensor 1";"28";"℃";
"63932.2996683";"[BMS] HV Battery Temperature Sensor 2";"28";"℃";
"63932.3555267";"[BMS] HV Battery Temperature Sensor 3";"26";"℃";
"63932.4440373";"[BMS] HV Battery Temperature Sensor 4";"26";"℃";
"63932.4944374";"[BMS] HV Battery Intake Air Temperature";"23";"℃";
"63932.6032139";"[VCM] Traction motor temperature";"42";"℃";
"63932.6991271";"[VCM] HV Coolant Temperature";"24";"℃";
"63932.7603941";"[VCM] Target Motor Torque";"-28.390625";"N⋅m";
"63932.8157248";"[VCM] Available Motor Maximum Output";"13";"%";
"63932.8795053";"[VCM] Motor RPM";"-1952";"rpm";
"63932.8795053";"[VCM] Motor Torque";"-0.125";"N⋅m";
"63932.9557082";"[VCM] Vehicle Speed";"2";"km/h";
"63933.0799189";"Розрахункове значення навантаження на двигун";"0";"%";
"63933.1349789";"Температура охолодної рідини";"68";"℃";
"63933.2346169";"Оберти двигуна";"0";"rpm";
"63933.2346169";"Оберти двигуна x1000";"0";"rpm";
"63933.2839932";"Температура олії у двигуні";"60";"℃";
"63933.3564111";"Прискорення";"0.008284832717627618";"g";
"63933.3564111";"Пройдений шлях";"4.966927747611113";"km";
"63933.3564111";"Пройдений шлях (Сьогодні)";"4.966928";"km";
"63933.3564111";"Пройдений шлях (Тиждень)";"4.966928";"km";
"63933.3564111";"Пройдений шлях(загальний)";"4.966928";"km";
"63933.3564111";"Середня швидкість";"22.974866600731776";"km/h";
"63933.3564111";"Швидкість автомобіля";"2";"km/h";
"63933.4112017";"Розрахунковий наддув";"-0.01";"bar";
"63933.4112017";"Тиск у впускному колекторі (абсолютний)";"98";"kPa";
"63933.5479673";"[BMS] HV State of charge";"60";"%";
"63933.6117982";"[BMS] HV Battery voltage";"357.90000000000003";"V";
"63933.6631629";"[BMS] Max Cell Voltage";"3.711";"V";
"63933.7273042";"[BMS] Min Cell Voltage";"3.704";"V";
"63933.8077008";"[BMS] HV Battery Current";"-5.599999999999909";"A";
"63933.8598149";"[BMS] HV Battery Current (Low)";"-5.5499999999999545";"A";
"63933.9114002";"[BMS] HV Battery Current (High)";"-5.349999999999909";"A";
"63933.9760976";"[BMS] HV Battery Temperature Sensor 1";"28";"℃";
"63934.0470785";"[BMS] HV Battery Temperature Sensor 2";"28";"℃";
"63934.1106198";"[BMS] HV Battery Temperature Sensor 3";"26";"℃";
"63934.1638737";"[BMS] HV Battery Temperature Sensor 4";"26";"℃";
"63934.216082";"[BMS] HV Battery Intake Air Temperature";"23";"℃";
"63934.3503544";"[VCM] Traction motor temperature";"42";"℃";
"63934.4037267";"[VCM] HV Coolant Temperature";"25";"℃";
"63934.4668949";"[VCM] Target Motor Torque";"-24.25";"N⋅m";
"63934.5183192";"[VCM] Available Motor Maximum Output";"100";"%";
"63934.6049602";"[VCM] Motor RPM";"-1600";"rpm";
"63934.6049602";"[VCM] Motor Torque";"-0.109375";"N⋅m";
"63934.670358";"[VCM] Vehicle Speed";"3";"km/h";
"63934.7567138";"Розрахункове значення навантаження на двигун";"0";"%";
"63934.8200292";"Оберти двигуна";"0";"rpm";
"63934.8200292";"Оберти двигуна x1000";"0";"rpm";
"63934.8960985";"Температура олії у двигуні";"60";"℃";
"63934.9648048";"Прискорення";"0.008402339055494219";"g";
"63934.9648048";"Пройдений шлях";"4.967821340833335";"km";
"63934.9648048";"Пройдений шлях (Сьогодні)";"4.967822";"km";
"63934.9648048";"Пройдений шлях (Тиждень)";"4.967822";"km";
"63934.9648048";"Пройдений шлях(загальний)";"4.967822";"km";
"63934.9648048";"Середня швидкість";"22.931607487906053";"km/h";
"63934.9648048";"Швидкість автомобіля";"2";"km/h";
"63935.0200345";"Розрахунковий наддув";"-0.01";"bar";
"63935.0200345";"Тиск у впускному колекторі (абсолютний)";"98";"kPa";
"63935.1469077";"[BMS] HV State of charge";"60";"%";
"63935.2072882";"[BMS] HV Battery voltage";"359.03000000000003";"V";
"63935.2631776";"[BMS] Max Cell Voltage";"3.712";"V";
"63935.3173369";"[BMS] Min Cell Voltage";"3.704";"V";
"63935.3676783";"[BMS] HV Battery Current";"-5.449999999999818";"A";
"63935.4440515";"[BMS] HV Battery Current (Low)";"-5.399999999999864";"A";
"63935.5082469";"[BMS] HV Battery Current (High)";"-5.149999999999864";"A";
"63935.5639657";"[BMS] HV Battery Temperature Sensor 1";"28";"℃";
"63935.6202591";"[BMS] HV Battery Temperature Sensor 2";"28";"℃";
"63935.6941845";"[BMS] HV Battery Temperature Sensor 3";"26";"℃";
"63935.7559102";"[BMS] HV Battery Temperature Sensor 4";"26";"℃";
"63935.8109773";"[BMS] HV Battery Intake Air Temperature";"23";"℃";
"63935.930972";"[VCM] Traction motor temperature";"42";"℃";
"63935.9955655";"[VCM] HV Coolant Temperature";"25";"℃";
"63936.0581481";"[VCM] Target Motor Torque";"-35.453125";"N⋅m";
"63936.1198698";"[VCM] Available Motor Maximum Output";"100";"%";
"63936.1716304";"[VCM] Motor RPM";"-2368";"rpm";
"63936.1716304";"[VCM] Motor Torque";"-0.15625";"N⋅m";
"63936.259118";"[VCM] Vehicle Speed";"1";"km/h";
"63936.3678129";"Розрахункове значення навантаження на двигун";"0";"%";
"63936.4325077";"Температура охолодної рідини";"68";"℃";
"63936.5353212";"Оберти двигуна";"0";"rpm";
"63936.5353212";"Оберти двигуна x1000";"0";"rpm";
"63936.5877245";"Температура олії у двигуні";"60";"℃";
"63936.6426932";"Прискорення";"0";"g";
"63936.6426932";"Пройдений шлях";"4.967821340833335";"km";
"63936.6426932";"Пройдений шлях (Сьогодні)";"4.967822";"km";
"63936.6426932";"Пройдений шлях (Тиждень)";"4.967822";"km";
"63936.6426932";"Пройдений шлях(загальний)";"4.967822";"km";
"63936.6426932";"Середня швидкість";"22.882379745489068";"km/h";
"63936.6426932";"Швидкість автомобіля";"0";"km/h";
"63936.7317018";"Розрахунковий наддув";"-0.01";"bar";
"63936.7317018";"Тиск у впускному колекторі (абсолютний)";"98";"kPa";
"63936.8717455";"[BMS] HV State of charge";"60";"%";
"63936.9201665";"[BMS] HV Battery voltage";"357.58";"V";
"63936.9795989";"[BMS] Max Cell Voltage";"3.711";"V";
"63937.0801931";"[BMS] Min Cell Voltage";"3.705";"V";
"63937.1426506";"[BMS] HV Battery Current";"-5.5499999999999545";"A";
"63937.2519239";"[BMS] HV Battery Current (Low)";"-6.0499999999999545";"A";
"63937.3662975";"[BMS] HV Battery Current (High)";"-6.649999999999864";"A";
"63937.4703689";"[BMS] HV Battery Temperature Sensor 1";"28";"℃";
"63937.5330927";"[BMS] HV Battery Temperature Sensor 2";"28";"℃";
"63937.6346164";"[BMS] HV Battery Temperature Sensor 3";"26";"℃";
"63937.6920548";"[BMS] HV Battery Temperature Sensor 4";"26";"℃";
"63937.7442257";"[BMS] HV Battery Intake Air Temperature";"23";"℃";
"63937.8437888";"[VCM] Traction motor temperature";"42";"℃";
"63937.9229679";"[VCM] HV Coolant Temperature";"25";"℃";
"63937.984192";"[VCM] Target Motor Torque";"35.78125";"N⋅m";
"63938.0314994";"[VCM] Available Motor Maximum Output";"100";"%";
"63938.1089508";"[VCM] Motor RPM";"2208";"rpm";
"63938.1089508";"[VCM] Motor Torque";"0.125";"N⋅m";
"63938.1676385";"[VCM] Vehicle Speed";"1";"km/h";
"63938.2919704";"Розрахункове значення навантаження на двигун";"0";"%";
"63938.3461368";"Оберти двигуна";"0";"rpm";
"63938.3461368";"Оберти двигуна x1000";"0";"rpm";
"63938.4085361";"Температура олії у двигуні";"60";"℃";
"63938.4993005";"Прискорення";"-0.008185521382473715";"g";
"63938.4993005";"Пройдений шлях";"4.967821340833335";"km";
"63938.4993005";"Пройдений шлях (Сьогодні)";"4.967822";"km";
"63938.4993005";"Пройдений шлях (Тиждень)";"4.967822";"km";
"63938.4993005";"Пройдений шлях(загальний)";"4.967822";"km";
"63938.4993005";"Середня швидкість";"22.828152881107563";"km/h";
"63938.4993005";"Швидкість автомобіля";"0";"km/h";
"63938.5875325";"Розрахунковий наддув";"-0.01";"bar";
"63938.5875325";"Тиск у впускному колекторі (абсолютний)";"98";"kPa";
"63938.7202722";"[BMS] HV State of charge";"59.5";"%";
"63938.7845963";"[BMS] HV Battery voltage";"357.74";"V";
"63938.8395145";"[BMS] Max Cell Voltage";"3.709";"V";
"63938.8958278";"[BMS] Min Cell Voltage";"3.701";"V";
"63938.946228";"[BMS] HV Battery Current";"-7.649999999999864";"A";
"63939.0330502";"[BMS] HV Battery Current (Low)";"-10";"A";
"63939.0839573";"[BMS] HV Battery Current (High)";"-10.899999999999864";"A";
"63939.1401702";"[BMS] HV Battery Temperature Sensor 1";"28";"℃";
"63939.1924249";"[BMS] HV Battery Temperature Sensor 2";"28";"℃";
"63939.2829698";"[BMS] HV Battery Temperature Sensor 3";"26";"℃";
"63939.3377375";"[BMS] HV Battery Temperature Sensor 4";"26";"℃";
"63939.3902095";"[BMS] HV Battery Intake Air Temperature";"23";"℃";
"63939.4799568";"[VCM] Traction motor temperature";"41";"℃";
"63939.5712359";"[VCM] HV Coolant Temperature";"24";"℃";
"63939.635871";"[VCM] Target Motor Torque";"88.140625";"N⋅m";
"63939.6918479";"[VCM] Available Motor Maximum Output";"100";"%";
"63939.7434783";"[VCM] Motor RPM";"4896";"rpm";
"63939.7434783";"[VCM] Motor Torque";"0.296875";"N⋅m";
"63939.827842";"[VCM] Vehicle Speed";"6";"km/h";
"63939.9315791";"Розрахункове значення навантаження на двигун";"0";"%";
"63939.9674953";"Температура охолодної рідини";"68";"℃";
"63940.0338881";"Оберти двигуна";"0";"rpm";
"63940.0338881";"Оберти двигуна x1000";"0";"rpm";
"63940.1303206";"Температура олії у двигуні";"60";"℃";
"63940.1858036";"Пройдений шлях";"4.970632508833335";"km";
"63940.1858036";"Пройдений шлях (Сьогодні)";"4.970633";"km";
"63940.1858036";"Пройдений шлях (Тиждень)";"4.970633";"km";
"63940.1858036";"Пройдений шлях(загальний)";"4.970633";"km";
"63940.1858036";"Середня швидкість";"22.792000011101603";"km/h";
"63940.1858036";"Швидкість автомобіля";"6";"km/h";
"63940.2400414";"Розрахунковий наддув";"-0.01";"bar";
"63940.2400414";"Тиск у впускному колекторі (абсолютний)";"98";"kPa";
"63940.379031";"[BMS] HV State of charge";"59.5";"%";
"63940.4298165";"[BMS] HV Battery voltage";"357.09000000000003";"V";
"63940.4948418";"[BMS] Max Cell Voltage";"3.706";"V";
"63940.5546321";"[BMS] Min Cell Voltage";"3.698";"V";
"63940.611978";"[BMS] HV Battery Current";"-6.949999999999818";"A";
"63940.6756989";"[BMS] HV Battery Current (Low)";"-6.949999999999818";"A";
"63940.7315283";"[BMS] HV Battery Current (High)";"-6.649999999999864";"A";
"63940.7910697";"[BMS] HV Battery Temperature Sensor 1";"28";"℃";
"63940.8469098";"[BMS] HV Battery Temperature Sensor 2";"28";"℃";
"63940.920612";"[BMS] HV Battery Temperature Sensor 3";"26";"℃";
"63940.9581697";"[BMS] HV Battery Temperature Sensor 4";"26";"℃";
"63941.0229128";"[BMS] HV Battery Intake Air Temperature";"23";"℃";
"63941.1396581";"[VCM] Traction motor temperature";"41";"℃";
"63941.2220952";"[VCM] HV Coolant Temperature";"24";"℃";
"63941.2950732";"[VCM] Target Motor Torque";"15.984375";"N⋅m";
"63941.3478576";"[VCM] Available Motor Maximum Output";"13";"%";
"63941.403135";"[VCM] Motor RPM";"1056";"rpm";
"63941.403135";"[VCM] Motor Torque";"0.0625";"N⋅m";
"63941.4684088";"[VCM] Vehicle Speed";"7";"km/h";
"63941.6073995";"Розрахункове значення навантаження на двигун";"0";"%";
"63941.6690763";"Оберти двигуна";"0";"rpm";
"63941.6690763";"Оберти двигуна x1000";"0";"rpm";
"63941.7554649";"Температура олії у двигуні";"60";"℃";
"63941.8105535";"Пройдений шлях";"4.973791348472224";"km";
"63941.8105535";"Пройдений шлях (Сьогодні)";"4.973792";"km";
"63941.8105535";"Пройдений шлях (Тиждень)";"4.973792";"km";
"63941.8105535";"Пройдений шлях(загальний)";"4.973792";"km";
"63941.8105535";"Середня швидкість";"22.759390841009058";"km/h";
"63941.8105535";"Швидкість автомобіля";"7";"km/h";
"63941.8674919";"Розрахунковий наддув";"-0.01";"bar";
"63941.8674919";"Тиск у впускному колекторі (абсолютний)";"98";"kPa";
"63941.9857717";"[BMS] HV State of charge";"59.5";"%";
"63942.0519305";"[BMS] HV Battery voltage";"357.09000000000003";"V";
"63942.1159682";"[BMS] Max Cell Voltage";"3.71";"V";
"63942.1676204";"[BMS] Min Cell Voltage";"3.7";"V";
"63942.2189051";"[BMS] HV Battery Current";"-6.099999999999909";"A";
"63942.3158971";"[BMS] HV Battery Current (Low)";"-5.849999999999909";"A";
"63942.3543012";"[BMS] HV Battery Current (High)";"-8.549999999999955";"A";
"63942.4101055";"[BMS] HV Battery Temperature Sensor 1";"28";"℃";
"63942.4671828";"[BMS] HV Battery Temperature Sensor 2";"28";"℃";
"63942.5260343";"[BMS] HV Battery Temperature Sensor 3";"26";"℃";
"63942.610314";"[BMS] HV Battery Temperature Sensor 4";"26";"℃";
"63942.6718816";"[BMS] HV Battery Intake Air Temperature";"23";"℃";
"63942.7845505";"[VCM] Traction motor temperature";"41";"℃";
"63942.8513058";"[VCM] HV Coolant Temperature";"24";"℃";
"63942.9113844";"[VCM] Target Motor Torque";"35.546875";"N⋅m";
"63942.9602711";"[VCM] Available Motor Maximum Output";"100";"%";
"63943.0230865";"[VCM] Motor RPM";"1760";"rpm";
"63943.0230865";"[VCM] Motor Torque";"0.09375";"N⋅m";
"63943.0768852";"[VCM] Vehicle Speed";"10";"km/h";
"63943.2115328";"Розрахункове значення навантаження на двигун";"0";"%";
"63943.2631295";"Температура охолодної рідини";"68";"℃";
"63943.3522569";"Оберти двигуна";"0";"rpm";
"63943.3522569";"Оберти двигуна x1000";"0";"rpm";
"63943.4275817";"Температура олії у двигуні";"60";"℃";
"63943.4915755";"Прискорення";"0.03722199361558339";"g";
"63943.4915755";"Пройдений шлях";"4.9779938997222235";"km";
"63943.4915755";"Пройдений шлях (Сьогодні)";"4.977995";"km";
"63943.4915755";"Пройдений шлях (Тиждень)";"4.977995";"km";
"63943.4915755";"Пройдений шлях(загальний)";"4.977995";"km";
"63943.4915755";"Середня швидкість";"22.73005383294158";"km/h";
"63943.4915755";"Швидкість автомобіля";"9";"km/h";
"63943.5854345";"Розрахунковий наддув";"-0.01";"bar";
"63943.5854345";"Тиск у впускному колекторі (абсолютний)";"98";"kPa";
"63943.7078292";"[BMS] HV State of charge";"59.5";"%";
"63943.7657474";"[BMS] HV Battery voltage";"357.09000000000003";"V";
"63943.8241334";"[BMS] Max Cell Voltage";"3.694";"V";
"63943.875906";"[BMS] Min Cell Voltage";"3.686";"V";
"63943.9625671";"[BMS] HV Battery Current";"-16.84999999999991";"A";
"63944.0108602";"[BMS] HV Battery Current (Low)";"-13";"A";
"63944.0704309";"[BMS] HV Battery Current (High)";"-10.5";"A";
"63944.1319327";"[BMS] HV Battery Temperature Sensor 1";"28";"℃";
"63944.1874243";"[BMS] HV Battery Temperature Sensor 2";"28";"℃";
"63944.2471777";"[BMS] HV Battery Temperature Sensor 3";"26";"℃";
"63944.3180635";"[BMS] HV Battery Temperature Sensor 4";"26";"℃";
"63944.3683475";"[BMS] HV Battery Intake Air Temperature";"23";"℃";
"63944.5284329";"[VCM] Traction motor temperature";"41";"℃";
"63944.5824267";"[VCM] HV Coolant Temperature";"24";"℃";
"63944.6395738";"[VCM] Target Motor Torque";"-2.359375";"N⋅m";
"63944.6998138";"[VCM] Available Motor Maximum Output";"13";"%";
"63944.7759337";"[VCM] Motor RPM";"-192";"rpm";
"63944.7759337";"[VCM] Motor Torque";"-0.015625";"N⋅m";
"63944.839452";"[VCM] Vehicle Speed";"10";"km/h";
"63944.9714206";"Розрахункове значення навантаження на двигун";"0";"%";
"63945.0664282";"Оберти двигуна";"0";"rpm";
"63945.0664282";"Оберти двигуна x1000";"0";"rpm";
"63945.1308613";"Температура олії у двигуні";"60";"℃";
"63945.2185295";"Прискорення";"0.03794022398172202";"g";
"63945.2185295";"Пройдений шлях";"4.982311440472223";"km";
"63945.2185295";"Пройдений шлях (Сьогодні)";"4.982313";"km";
"63945.2185295";"Пройдений шлях (Тиждень)";"4.982313";"km";
"63945.2185295";"Пройдений шлях(загальний)";"4.982313";"km";
"63945.2185295";"Середня швидкість";"22.700044108651";"km/h";
"63945.2185295";"Швидкість автомобіля";"9";"km/h";
"63945.2718203";"Розрахунковий наддув";"-0.01";"bar";
"63945.2718203";"Тиск у впускному колекторі (абсолютний)";"98";"kPa";
"63945.4147577";"[BMS] HV State of charge";"59.5";"%";
"63945.4685751";"[BMS] HV Battery voltage";"356.93";"V";
"63945.5203767";"[BMS] Max Cell Voltage";"3.708";"V";
"63945.5961112";"[BMS] Min Cell Voltage";"3.701";"V";
"63945.6526361";"[BMS] HV Battery Current";"-3.199999999999818";"A";
"63945.716396";"[BMS] HV Battery Current (Low)";"-3.1499999999998636";"A";
"63945.7683975";"[BMS] HV Battery Current (High)";"-3.25";"A";
"63945.8221185";"[BMS] HV Battery Temperature Sensor 1";"28";"℃";
"63945.8985883";"[BMS] HV Battery Temperature Sensor 2";"28";"℃";
"63945.9601853";"[BMS] HV Battery Temperature Sensor 3";"26";"℃";
"63946.0163383";"[BMS] HV Battery Temperature Sensor 4";"26";"℃";
"63946.0667225";"[BMS] HV Battery Intake Air Temperature";"23";"℃";
"63946.2154228";"[VCM] Traction motor temperature";"41";"℃";
"63946.2677668";"[VCM] HV Coolant Temperature";"24";"℃";
"63946.3282305";"[VCM] Target Motor Torque";"0";"N⋅m";
"63946.4325892";"[VCM] Available Motor Maximum Output";"13";"%";
"63946.4844538";"[VCM] Motor RPM";"0";"rpm";
"63946.4844538";"[VCM] Motor Torque";"0";"N⋅m";
"63946.5360739";"[VCM] Vehicle Speed";"5";"km/h";
"63946.6637207";"Розрахункове значення навантаження на двигун";"0";"%";
"63946.7199321";"Температура охолодної рідини";"67";"℃";
"63946.8146874";"Оберти двигуна";"0";"rpm";
"63946.8146874";"Оберти двигуна x1000";"0";"rpm";
"63946.8666158";"Температура олії у двигуні";"60";"℃";
"63946.9310479";"Пройдений шлях";"4.9842141658055565";"km";
"63946.9310479";"Пройдений шлях (Сьогодні)";"4.984216";"km";
"63946.9310479";"Пройдений шлях (Тиждень)";"4.984216";"km";
"63946.9310479";"Пройдений шлях(загальний)";"4.984216";"km";
"63946.9310479";"Середня швидкість";"22.659603809724768";"km/h";
"63946.9310479";"Швидкість автомобіля";"4";"km/h";
"63947.006533";"Розрахунковий наддув";"-0.01";"bar";
"63947.006533";"Тиск у впускному колекторі (абсолютний)";"98";"kPa";
"63947.1235908";"[BMS] HV State of charge";"59.5";"%";
"63947.1752262";"[BMS] HV Battery voltage";"357.25";"V";
"63947.2570937";"[BMS] Max Cell Voltage";"3.709";"V";
"63947.3119867";"[BMS] Min Cell Voltage";"3.701";"V";
"63947.3666813";"[BMS] HV Battery Current";"-3.0499999999999545";"A";
"63947.4302836";"[BMS] HV Battery Current (Low)";"-2.949999999999818";"A";
"63947.5321241";"[BMS] HV Battery Current (High)";"-3";"A";
"63947.5849532";"[BMS] HV Battery Temperature Sensor 1";"28";"℃";
"63947.6437645";"[BMS] HV Battery Temperature Sensor 2";"28";"℃";
"63947.6949484";"[BMS] HV Battery Temperature Sensor 3";"26";"℃";
"63947.760117";"[BMS] HV Battery Temperature Sensor 4";"26";"℃";
"63947.8353862";"[BMS] HV Battery Intake Air Temperature";"23";"℃";
"63947.944187";"[VCM] Traction motor temperature";"41";"℃";
"63947.9986411";"[VCM] HV Coolant Temperature";"24";"℃";
"63948.0714193";"[VCM] Target Motor Torque";"32.765625";"N⋅m";
"63948.1268894";"[VCM] Available Motor Maximum Output";"13";"%";
"63948.1808342";"[VCM] Motor RPM";"1984";"rpm";
"63948.1808342";"[VCM] Motor Torque";"0.109375";"N⋅m";
"63948.2463691";"[VCM] Vehicle Speed";"2";"km/h";
"63948.3821053";"Розрахункове значення навантаження на двигун";"0";"%";
"63948.4601461";"Оберти двигуна";"0";"rpm";
"63948.4601461";"Оберти двигуна x1000";"0";"rpm";
"63948.5200384";"Температура олії у двигуні";"60";"℃";
"63948.5711301";"Прискорення";"-0.029328586044493017";"g";
"63948.5711301";"Пройдений шлях";"4.9842141658055565";"km";
"63948.5711301";"Пройдений шлях (Сьогодні)";"4.984216";"km";
"63948.5711301";"Пройдений шлях (Тиждень)";"4.984216";"km";
"63948.5711301";"Пройдений шлях(загальний)";"4.984216";"km";
"63948.5711301";"Середня швидкість";"22.612768625573153";"km/h";
"63948.5711301";"Швидкість автомобіля";"0";"km/h";
"63948.6705306";"Розрахунковий наддув";"-0.01";"bar";
"63948.6705306";"Тиск у впускному колекторі (абсолютний)";"98";"kPa";
"63948.7996081";"[BMS] HV State of charge";"59";"%";
"63948.8543582";"[BMS] HV Battery voltage";"357.58";"V";
"63948.9289374";"[BMS] Max Cell Voltage";"3.705";"V";
"63948.9790137";"[BMS] Min Cell Voltage";"3.698";"V";
"63949.031511";"[BMS] HV Battery Current";"-5.25";"A";
"63949.0994882";"[BMS] HV Battery Current (Low)";"-5.099999999999909";"A";
"63949.1742582";"[BMS] HV Battery Current (High)";"-4.699999999999818";"A";
"63949.2302526";"[BMS] HV Battery Temperature Sensor 1";"28";"℃";
"63949.2841995";"[BMS] HV Battery Temperature Sensor 2";"28";"℃";
"63949.3465215";"[BMS] HV Battery Temperature Sensor 3";"26";"℃";
"63949.401951";"[BMS] HV Battery Temperature Sensor 4";"26";"℃";
"63949.4806013";"[BMS] HV Battery Intake Air Temperature";"23";"℃";
"63949.6032891";"[VCM] Traction motor temperature";"41";"℃";
"63949.6517464";"[VCM] HV Coolant Temperature";"24";"℃";
"63949.7545037";"[VCM] Target Motor Torque";"3.46875";"N⋅m";
"63949.8040988";"[VCM] Available Motor Maximum Output";"100";"%";
"63949.8684436";"[VCM] Motor RPM";"160";"rpm";
"63949.8684436";"[VCM] Motor Torque";"0";"N⋅m";
"63949.9243659";"[VCM] Vehicle Speed";"0";"km/h";
"63950.0598634";"Розрахункове значення навантаження на двигун";"0";"%";
"63950.1290781";"Температура охолодної рідини";"67";"℃";
"63950.1833086";"Оберти двигуна";"0";"rpm";
"63950.1833086";"Оберти двигуна x1000";"0";"rpm";
"63950.2313792";"Температура олії у двигуні";"60";"℃";
"63950.3112663";"Прискорення";"-0.03738132134150159";"g";
"63950.3112663";"Пройдений шлях";"4.9842141658055565";"km";
"63950.3112663";"Пройдений шлях (Сьогодні)";"4.984216";"km";
"63950.3112663";"Пройдений шлях (Тиждень)";"4.984216";"km";
"63950.3112663";"Пройдений шлях(загальний)";"4.984216";"km";
"63950.3112663";"Середня швидкість";"22.56326241625485";"km/h";
"63950.3112663";"Швидкість автомобіля";"0";"km/h";
"63950.3903484";"Розрахунковий наддув";"-0.01";"bar";
"63950.3903484";"Тиск у впускному колекторі (абсолютний)";"98";"kPa";
"63950.4997694";"[BMS] HV State of charge";"59";"%";
"63950.5762221";"[BMS] HV Battery voltage";"359.03000000000003";"V";
"63950.6400988";"[BMS] Max Cell Voltage";"3.709";"V";
"63950.6938381";"[BMS] Min Cell Voltage";"3.702";"V";
"63950.7647557";"[BMS] HV Battery Current";"-4";"A";
"63950.8516969";"[BMS] HV Battery Current (Low)";"-3.099999999999909";"A";
"63950.9040466";"[BMS] HV Battery Current (High)";"-3";"A";
"63950.9569656";"[BMS] HV Battery Temperature Sensor 1";"28";"℃";
"63951.019809";"[BMS] HV Battery Temperature Sensor 2";"28";"℃";
"63951.1034138";"[BMS] HV Battery Temperature Sensor 3";"26";"℃";
"63951.1644129";"[BMS] HV Battery Temperature Sensor 4";"26";"℃";
"63951.2103919";"[BMS] HV Battery Intake Air Temperature";"23";"℃";
"63951.382295";"[VCM] Traction motor temperature";"41";"℃";
"63951.4501262";"[VCM] HV Coolant Temperature";"24";"℃";
"63951.5048523";"[VCM] Target Motor Torque";"0";"N⋅m";
"63951.55041";"[VCM] Available Motor Maximum Output";"100";"%";
"63951.6116715";"[VCM] Motor RPM";"0";"rpm";
"63951.6116715";"[VCM] Motor Torque";"0";"N⋅m";
"63951.6897807";"[VCM] Vehicle Speed";"0";"km/h";
"63951.7986756";"Розрахункове значення навантаження на двигун";"0";"%";
"63951.8605281";"Оберти двигуна";"0";"rpm";
"63951.8605281";"Оберти двигуна x1000";"0";"rpm";
"63951.9532515";"Температура олії у двигуні";"60";"℃";
"63952.0079621";"Прискорення";"-0.03754791722131273";"g";
"63952.0079621";"Пройдений шлях";"4.9842141658055565";"km";
"63952.0079621";"Пройдений шлях (Сьогодні)";"4.984216";"km";
"63952.0079621";"Пройдений шлях (Тиждень)";"4.984216";"km";
"63952.0079621";"Пройдений шлях(загальний)";"4.984216";"km";
"63952.0079621";"Середня швидкість";"22.515249451634837";"km/h";
"63952.0079621";"Швидкість автомобіля";"0";"km/h";
"63952.0744538";"Розрахунковий наддув";"-0.01";"bar";
"63952.0744538";"Тиск у впускному колекторі (абсолютний)";"98";"kPa";
"63952.1962645";"[BMS] HV State of charge";"59";"%";
"63952.2509805";"[BMS] HV Battery voltage";"358.22";"V";
"63952.3042013";"[BMS] Max Cell Voltage";"3.709";"V";
"63952.3677616";"[BMS] Min Cell Voltage";"3.702";"V";
"63952.4280601";"[BMS] HV Battery Current";"-2.7999999999999545";"A";
"63952.4961597";"[BMS] HV Battery Current (Low)";"-2.6499999999998636";"A";
"63952.571382";"[BMS] HV Battery Current (High)";"-2.599999999999909";"A";
"63952.627118";"[BMS] HV Battery Temperature Sensor 1";"28";"℃";
"63952.6768224";"[BMS] HV Battery Temperature Sensor 2";"28";"℃";
"63952.7449165";"[BMS] HV Battery Temperature Sensor 3";"26";"℃";
"63952.8060587";"[BMS] HV Battery Temperature Sensor 4";"26";"℃";
"63952.8684054";"[BMS] HV Battery Intake Air Temperature";"23";"℃";
"63952.9787351";"[VCM] Traction motor temperature";"41";"℃";
"63953.0426123";"[VCM] HV Coolant Temperature";"24";"℃";
"63953.1081798";"[VCM] Target Motor Torque";"0";"N⋅m";
"63953.1634006";"[VCM] Available Motor Maximum Output";"100";"%";
"63953.2162168";"[VCM] Motor RPM";"0";"rpm";
"63953.2162168";"[VCM] Motor Torque";"0";"N⋅m";
"63953.3020168";"[VCM] Vehicle Speed";"0";"km/h";
"63953.4226215";"Розрахункове значення навантаження на двигун";"0";"%";
"63953.4753591";"Температура охолодної рідини";"67";"℃";
"63953.5362083";"Оберти двигуна";"0";"rpm";
"63953.5362083";"Оберти двигуна x1000";"0";"rpm";
"63953.603715";"Температура олії у двигуні";"59";"℃";
"63953.6592051";"Прискорення";"-0.016839945630579504";"g";
"63953.6592051";"Пройдений шлях";"4.9842141658055565";"km";
"63953.6592051";"Пройдений шлях (Сьогодні)";"4.984216";"km";
"63953.6592051";"Пройдений шлях (Тиждень)";"4.984216";"km";
"63953.6592051";"Пройдений шлях(загальний)";"4.984216";"km";
"63953.6592051";"Середня швидкість";"22.46869480211316";"km/h";
"63953.6592051";"Швидкість автомобіля";"0";"km/h";
"63953.7434423";"Розрахунковий наддув";"-0.01";"bar";
"63953.7434423";"Тиск у впускному колекторі (абсолютний)";"98";"kPa";
"63953.894879";"[BMS] HV State of charge";"59";"%";
"63953.9439228";"[BMS] HV Battery voltage";"357.74";"V";
"63953.9995676";"[BMS] Max Cell Voltage";"3.714";"V";
"63954.0669382";"[BMS] Min Cell Voltage";"3.706";"V";
"63954.1255054";"[BMS] HV Battery Current";"0";"A";
"63954.17979";"[BMS] HV Battery Current (Low)";"0";"A";
"63954.235465";"[BMS] HV Battery Current (High)";"0";"A";
"63954.2947383";"[BMS] HV Battery Temperature Sensor 1";"28";"℃";
"63954.354193";"[BMS] HV Battery Temperature Sensor 2";"28";"℃";
"63954.4196321";"[BMS] HV Battery Temperature Sensor 3";"26";"℃";
"63954.4834833";"[BMS] HV Battery Temperature Sensor 4";"26";"℃";
"63954.5442422";"[BMS] HV Battery Intake Air Temperature";"23";"℃";
"63954.6722013";"[VCM] Traction motor temperature";"41";"℃";
"63954.7289108";"[VCM] HV Coolant Temperature";"24";"℃";
"63954.7907941";"[VCM] Target Motor Torque";"0";"N⋅m";
"63954.8438757";"[VCM] Available Motor Maximum Output";"100";"%";
"63954.9001921";"[VCM] Motor RPM";"0";"rpm";
"63954.9001921";"[VCM] Motor Torque";"0";"N⋅m";
"63954.9761643";"[VCM] Vehicle Speed";"0";"km/h";
"63955.1179655";"Розрахункове значення навантаження на двигун";"0";"%";
"63955.1796229";"Оберти двигуна";"0";"rpm";
"63955.1796229";"Оберти двигуна x1000";"0";"rpm";
"63955.2423611";"Температура олії у двигуні";"59";"℃";
"63955.3048578";"Прискорення";"0";"g";
"63955.3048578";"Пройдений шлях";"4.9842141658055565";"km";
"63955.3048578";"Пройдений шлях (Сьогодні)";"4.984216";"km";
"63955.3048578";"Пройдений шлях (Тиждень)";"4.984216";"km";
"63955.3048578";"Пройдений шлях(загальний)";"4.984216";"km";
"63955.3048578";"Середня швидкість";"22.42248789058046";"km/h";
"63955.3048578";"Швидкість автомобіля";"0";"km/h";
"63955.3866516";"Розрахунковий наддув";"-0.01";"bar";
"63955.3866516";"Тиск у впускному колекторі (абсолютний)";"98";"kPa";
"63955.5040276";"[BMS] HV State of charge";"59";"%";
"63955.5592908";"[BMS] HV Battery voltage";"357.74";"V";
"63955.6113621";"[BMS] Max Cell Voltage";"3.715";"V";
"63955.6714741";"[BMS] Min Cell Voltage";"3.707";"V";
"63955.7350346";"[BMS] HV Battery Current";"0";"A";
"63955.8074029";"[BMS] HV Battery Current (Low)";"0";"A";
"63955.8756485";"[BMS] HV Battery Current (High)";"0";"A";
"63955.9240143";"[BMS] HV Battery Temperature Sensor 1";"28";"℃";
"63955.9741814";"[BMS] HV Battery Temperature Sensor 2";"28";"℃";
"63956.0530893";"[BMS] HV Battery Temperature Sensor 3";"26";"℃";
"63956.1030723";"[BMS] HV Battery Temperature Sensor 4";"26";"℃";
"63956.1664021";"[BMS] HV Battery Intake Air Temperature";"23";"℃";
"63956.2758781";"[VCM] Traction motor temperature";"41";"℃";
"63956.3586176";"[VCM] HV Coolant Temperature";"24";"℃";
"63956.4185695";"[VCM] Target Motor Torque";"0";"N⋅m";
"63956.4663518";"[VCM] Available Motor Maximum Output";"13";"%";
"63956.5153163";"[VCM] Motor RPM";"0";"rpm";
"63956.5153163";"[VCM] Motor Torque";"0";"N⋅m";
"63956.6021421";"[VCM] Vehicle Speed";"0";"km/h";
